time,accel_x,accel_y,accel_z,gyro_x,gyro_y,gyro_z,mag_x,mag_y,mag_z,baro,gps_lat,gps_lon,gps_alt
0.780,-0.0018000,0.0042000,9.6792000,32.7988000,31.2958000,30.7083000,-35.1290000,-6.8510000,7.6760000,0.000000,0,0,0
0.790,-0.0018000,0.0042000,9.6792000,32.7988000,31.2958000,30.7083000,-35.1690000,-6.9490000,8.4790000,0.000000,0,0,0
0.800,-0.0006000,0.0018000,9.6804000,32.8140000,31.2958000,30.7312000,-35.2210000,-6.6850000,7.7660000,0.000000,0,0,0
0.810,0.0006000,0.0018000,9.6816000,32.8293000,31.2881000,30.7388000,-35.2330000,-7.0060000,7.6730000,0.000000,0,0,0
0.820,0.0018000,0.0006000,9.6804000,32.8369000,31.2958000,30.7465000,-35.2330000,-7.0060000,7.6730000,0.000000,0,0,0
0.830,0.0030000,0.0018000,9.6792000,32.8445000,31.3034000,30.7388000,-35.4030000,-7.1050000,8.2860000,0.000000,0,0,0
0.840,0.0018000,0.0018000,9.6792000,32.8522000,31.3034000,30.7388000,-34.5680000,-7.0850000,8.6850000,0.000000,0,0,0
0.850,0.0018000,0.0030000,9.6792000,32.8674000,31.2958000,30.7312000,-35.2190000,-6.8770000,8.2540000,0.000000,0,0,0
0.860,0.0006000,0.0018000,9.6804000,32.8903000,31.2881000,30.7312000,-35.4620000,-6.6270000,8.3090000,0.000000,0,0,0
0.870,0.0006000,0.0018000,9.6804000,32.9361000,31.2805000,30.7236000,-35.5340000,-6.8630000,8.5250000,0.000000,0,0,0
0.880,0.0006000,0.0006000,9.6804000,32.9819000,31.2729000,30.7312000,-35.1670000,-6.7970000,9.1380000,0.000000,0,0,0
0.890,-0.0006000,0.0030000,9.6792000,33.0200000,31.2653000,30.7312000,-35.5700000,-7.2010000,8.4110000,0.000000,0,0,0
0.900,-0.0018000,0.0054000,9.6768000,33.0429000,31.2424000,30.7312000,-35.4700000,-6.6420000,8.4870000,0.000000,0,0,0
0.910,-0.0018000,0.0054000,9.6756000,33.0505000,31.2576000,30.7388000,-35.3260000,-6.5250000,7.8950000,0.000000,0,0,0
0.920,-0.0006000,0.0066000,9.6744000,33.0200000,31.3110000,30.7388000,-35.6010000,-6.3920000,8.4840000,0.000000,0,0,0
0.930,0.0006000,0.0078000,9.6732000,32.9819000,31.3568000,30.7312000,-35.2770000,-7.0070000,9.0230000,0.000000,0,0,0
0.940,0.0018000,0.0078000,9.6720000,32.9590000,31.3797000,30.7312000,-35.5850000,-6.7340000,9.3400000,0.000000,0,0,0
0.950,0.0018000,0.0066000,9.6732000,32.9666000,31.3873000,30.7236000,-35.1650000,-6.8080000,8.7850000,0.000000,0,0,0
0.960,0.0030000,0.0054000,9.6744000,32.9895000,31.3950000,30.7159000,-35.4240000,-6.9100000,8.2310000,0.000000,0,0,0
0.970,0.0030000,0.0042000,9.6756000,33.0048000,31.4026000,30.7083000,-35.5960000,-6.9970000,8.2300000,0.000000,0,0,0
0.980,0.0030000,0.0042000,9.6756000,33.0200000,31.4026000,30.7159000,-35.1970000,-6.5830000,8.4260000,0.000000,0,0,0
0.990,0.0018000,0.0042000,9.6744000,33.0200000,31.3873000,30.7083000,-35.5220000,-6.7510000,8.6360000,0.000000,0,0,0
1.000,0.0006000,0.0042000,9.6744000,32.9971000,31.3797000,30.7159000,-35.4260000,-6.4960000,8.8020000,0.000000,0,0,0
1.010,0.0006000,0.0042000,9.6756000,32.9742000,31.3797000,30.7159000,-35.4340000,-6.8420000,8.2540000,0.000000,0,0,0
1.020,0.0006000,0.0030000,9.6768000,32.9514000,31.3797000,30.7236000,-35.5510000,-6.5580000,7.9120000,0.000000,0,0,0
1.030,0.0006000,0.0018000,9.6780000,32.9437000,31.3797000,30.7236000,-35.6580000,-6.9600000,7.6280000,0.000000,0,0,0
1.040,0.0018000,0.0006000,9.6780000,32.9361000,31.3950000,30.7312000,-35.5780000,-6.7640000,7.5470000,0.000000,0,0,0
1.050,0.0006000,0.0006000,9.6768000,32.9361000,31.4102000,30.7312000,-35.7860000,-6.8650000,7.4390000,0.000000,0,0,0
1.060,0.0006000,0.0018000,9.6744000,32.9437000,31.4178000,30.7236000,-35.5300000,-6.6500000,7.5500000,0.000000,0,0,0
1.070,-0.0006000,0.0030000,9.6744000,32.9514000,31.4102000,30.7312000,-35.5050000,-6.7060000,7.7930000,0.000000,0,0,0
1.080,-0.0018000,0.0030000,9.6768000,32.9590000,31.4026000,30.7312000,-35.3690000,-6.5970000,7.6250000,0.000000,0,0,0
1.090,-0.0006000,0.0042000,9.6780000,32.9742000,31.4026000,30.7388000,-35.7900000,-6.4730000,8.5210000,0.000000,0,0,0
1.100,-0.0006000,0.0066000,9.6780000,32.9819000,31.4102000,30.7312000,-35.2990000,-6.4620000,8.5250000,0.000000,0,0,0
1.110,-0.0006000,0.0102000,9.6768000,32.9742000,31.4102000,30.7312000,-35.5350000,-6.9370000,8.0600000,0.000000,0,0,0
1.120,-0.0018000,0.0126000,9.6744000,32.9437000,31.4102000,30.7236000,-35.2770000,-6.4680000,8.4420000,0.000000,0,0,0
1.130,-0.0042000,0.0138000,9.6732000,32.9056000,31.4026000,30.7236000,-35.3040000,-6.9620000,7.9460000,0.000000,0,0,0
1.140,-0.0042000,0.0126000,9.6720000,32.8674000,31.4026000,30.7236000,-35.2920000,-6.9150000,8.4580000,0.000000,0,0,0
1.150,-0.0042000,0.0102000,9.6732000,32.8369000,31.3950000,30.7236000,-35.4350000,-7.0290000,8.1330000,0.000000,0,0,0
1.160,-0.0018000,0.0078000,9.6744000,32.8293000,31.3873000,30.7236000,-35.4460000,-6.6730000,8.0810000,0.000000,0,0,0
1.170,-0.0006000,0.0054000,9.6756000,32.8445000,31.3950000,30.7236000,-35.4600000,-6.5230000,7.8520000,0.000000,0,0,0
1.180,-0.0006000,0.0042000,9.6768000,32.8751000,31.3950000,30.7159000,-35.5770000,-6.8490000,7.8060000,0.000000,0,0,0
1.190,-0.0018000,0.0066000,9.6780000,32.9285000,31.3797000,30.7159000,-35.4770000,-6.7500000,7.8940000,0.000000,0,0,0
1.200,-0.0006000,0.0090000,9.6792000,32.9590000,31.3644000,30.7236000,-35.3970000,-6.3590000,7.6400000,0.000000,0,0,0
1.210,-0.0006000,0.0114000,9.6792000,32.9742000,31.3492000,30.7236000,-35.3810000,-6.6520000,8.1420000,0.000000,0,0,0
1.220,0.0006000,0.0114000,9.6804000,32.9895000,31.3339000,30.7236000,-35.5350000,-6.4190000,7.8470000,0.000000,0,0,0
1.230,0.0006000,0.0102000,9.6816000,32.9971000,31.3263000,30.7236000,-35.4340000,-6.7200000,7.7540000,0.000000,0,0,0
1.240,-0.0006000,0.0090000,9.6828000,32.9819000,31.3110000,30.7236000,-35.6580000,-6.8440000,7.5470000,0.000000,0,0,0
1.250,-0.0018000,0.0078000,9.6816000,32.9514000,31.2958000,30.7236000,-35.5010000,-7.0250000,7.8130000,0.000000,0,0,0
1.260,-0.0018000,0.0078000,9.6804000,32.9285000,31.2958000,30.7159000,-35.7690000,-6.8260000,7.5470000,0.000000,0,0,0
1.270,-0.0018000,0.0066000,9.6804000,32.9056000,31.2881000,30.7159000,-35.7130000,-6.7130000,7.6390000,0.000000,0,0,0
1.280,-0.0030000,0.0066000,9.6816000,32.8903000,31.2881000,30.7312000,-35.5820000,-6.5380000,7.6700000,0.000000,0,0,0
1.290,-0.0030000,0.0078000,9.6816000,32.8903000,31.2805000,30.7312000,-35.7510000,-6.4490000,7.6940000,0.000000,0,0,0
1.300,-0.0030000,0.0090000,9.6792000,32.8979000,31.2805000,30.7312000,-35.8630000,-6.4470000,7.8620000,0.000000,0,0,0
1.310,-0.0018000,0.0090000,9.6768000,32.8979000,31.2881000,30.7312000,-35.8920000,-6.5260000,7.7410000,0.000000,0,0,0
1.320,-0.0018000,0.0102000,9.6768000,32.8979000,31.2958000,30.7236000,-35.8040000,-6.7470000,7.8310000,0.000000,0,0,0
1.330,-0.0018000,0.0102000,9.6780000,32.9056000,31.3034000,30.7236000,-35.9100000,-6.8890000,7.6130000,0.000000,0,0,0
1.340,-0.0018000,0.0102000,9.6780000,32.9056000,31.3110000,30.7236000,-35.5750000,-6.5370000,8.1820000,0.000000,0,0,0
1.350,-0.0018000,0.0090000,9.6780000,32.9056000,31.3034000,30.7236000,-35.5460000,-6.2430000,7.9310000,0.000000,0,0,0
1.360,-0.0006000,0.0078000,9.6780000,32.8979000,31.2958000,30.7312000,-35.7270000,-6.7830000,8.3630000,0.000000,0,0,0
1.370,-0.0006000,0.0090000,9.6792000,32.8903000,31.2805000,30.7312000,-35.6610000,-6.7250000,8.1820000,0.000000,0,0,0
1.380,-0.0006000,0.0090000,9.6792000,32.8827000,31.2805000,30.7236000,-35.7500000,-6.7140000,8.2470000,0.000000,0,0,0
1.390,-0.0006000,0.0090000,9.6780000,32.8903000,31.2958000,30.7312000,-35.7730000,-6.9160000,8.5270000,0.000000,0,0,0
1.400,-0.0018000,0.0102000,9.6780000,32.8979000,31.3339000,30.7312000,-35.6850000,-6.9210000,8.2630000,0.000000,0,0,0
1.410,-0.0030000,0.0114000,9.6768000,32.9132000,31.3568000,30.7236000,-35.6500000,-6.8080000,8.2330000,0.000000,0,0,0
1.420,-0.0042000,0.0126000,9.6780000,32.9285000,31.3797000,30.7312000,-35.5860000,-7.1020000,8.5580000,0.000000,0,0,0
1.430,-0.0030000,0.0126000,9.6768000,32.9514000,31.3873000,30.7312000,-35.5600000,-6.6380000,7.8230000,0.000000,0,0,0
1.440,-0.0018000,0.0138000,9.6744000,32.9437000,31.3873000,30.7388000,-35.5290000,-6.5410000,8.4600000,0.000000,0,0,0
1.450,-0.0006000,0.0114000,9.6744000,32.8979000,31.4026000,30.7312000,-35.8080000,-7.0090000,8.5490000,0.000000,0,0,0
1.460,0.0006000,0.0102000,9.6756000,32.8445000,31.4102000,30.7312000,-35.7820000,-6.7450000,8.4820000,0.000000,0,0,0
1.470,-0.0006000,0.0090000,9.6756000,32.7835000,31.4255000,30.7236000,-35.9540000,-6.7250000,7.6280000,0.000000,0,0,0
1.480,-0.0030000,0.0078000,9.6756000,32.7301000,31.4102000,30.7083000,-35.7550000,-6.7260000,8.4150000,0.000000,0,0,0
1.490,-0.0078000,0.0066000,9.6756000,32.6767000,31.3644000,30.6931000,-35.8180000,-6.7100000,7.7110000,0.000000,0,0,0
1.500,-0.0090000,0.0054000,9.6792000,32.6691000,31.3339000,30.6931000,-35.6020000,-6.3360000,8.4880000,0.000000,0,0,0
1.510,-0.0066000,0.0054000,9.6792000,32.6996000,31.3034000,30.6931000,-35.7910000,-6.5890000,8.2330000,0.000000,0,0,0
1.520,-0.0042000,0.0054000,9.6780000,32.7454000,31.2881000,30.7007000,-35.6970000,-6.7250000,8.2340000,0.000000,0,0,0
1.530,-0.0030000,0.0054000,9.6768000,32.7835000,31.2805000,30.7083000,-35.8450000,-6.5660000,8.3480000,0.000000,0,0,0
1.540,-0.0018000,0.0030000,9.6780000,32.8140000,31.2653000,30.7083000,-35.6580000,-6.6440000,8.4330000,0.000000,0,0,0
1.550,-0.0006000,0.0030000,9.6792000,32.8369000,31.2653000,30.7083000,-35.9870000,-6.9580000,8.0430000,0.000000,0,0,0
1.560,-0.0006000,0.0054000,9.6768000,32.8522000,31.2653000,30.7083000,-35.7470000,-6.6670000,7.8380000,0.000000,0,0,0
1.570,-0.0006000,0.0078000,9.6744000,32.8445000,31.2729000,30.7083000,-35.7320000,-6.6090000,8.4450000,0.000000,0,0,0
1.580,0.0006000,0.0090000,9.6756000,32.8293000,31.2881000,30.7083000,-35.7980000,-6.8110000,8.5930000,0.000000,0,0,0
1.590,0.0006000,0.0102000,9.6768000,32.8217000,31.3034000,30.7159000,-35.8400000,-6.7680000,9.2470000,0.000000,0,0,0
1.600,-0.0006000,0.0102000,9.6768000,32.8140000,31.3187000,30.7159000,-35.7850000,-6.8710000,8.1090000,0.000000,0,0,0
1.610,-0.0018000,0.0066000,9.6756000,32.8217000,31.3187000,30.7236000,-35.6750000,-7.2130000,8.1390000,0.000000,0,0,0
1.620,-0.0018000,0.0042000,9.6768000,32.8293000,31.3187000,30.7236000,-35.6490000,-6.6990000,8.5760000,0.000000,0,0,0
1.630,-0.0030000,0.0042000,9.6792000,32.8445000,31.3034000,30.7236000,-35.5890000,-6.9110000,8.3480000,0.000000,0,0,0
1.640,-0.0030000,0.0054000,9.6792000,32.8522000,31.3034000,30.7236000,-35.6460000,-6.9630000,8.1300000,0.000000,0,0,0
1.650,-0.0042000,0.0066000,9.6792000,32.8369000,31.3034000,30.7236000,-35.5470000,-6.5810000,8.5510000,0.000000,0,0,0
1.660,-0.0054000,0.0066000,9.6804000,32.8217000,31.3034000,30.7236000,-35.5620000,-6.5680000,7.8390000,0.000000,0,0,0
1.670,-0.0054000,0.0066000,9.6816000,32.8140000,31.3034000,30.7236000,-35.6030000,-6.8830000,8.5240000,0.000000,0,0,0
1.680,-0.0042000,0.0066000,9.6804000,32.8140000,31.3034000,30.7236000,-35.8580000,-7.1100000,7.9600000,0.000000,0,0,0
1.690,-0.0030000,0.0066000,9.6768000,32.8217000,31.3034000,30.7236000,-35.7230000,-6.6720000,8.3410000,0.000000,0,0,0
1.700,-0.0018000,0.0078000,9.6756000,32.8293000,31.3110000,30.7236000,-35.6990000,-6.8850000,8.4320000,0.000000,0,0,0
1.710,-0.0018000,0.0078000,9.6780000,32.8293000,31.3263000,30.7236000,-35.6410000,-7.0790000,8.2030000,0.000000,0,0,0
1.720,-0.0006000,0.0078000,9.6768000,32.8293000,31.3339000,30.7236000,-35.5180000,-6.8320000,7.9710000,0.000000,0,0,0
1.730,-0.0006000,0.0090000,9.6744000,32.8293000,31.3339000,30.7236000,-35.6650000,-7.0660000,8.8830000,0.000000,0,0,0
1.740,-0.0006000,0.0078000,9.6732000,32.8140000,31.3492000,30.7236000,-35.4870000,-6.8740000,8.6400000,0.000000,0,0,0
1.750,0.0006000,0.0054000,9.6744000,32.8064000,31.3644000,30.7159000,-35.7720000,-7.3190000,8.1830000,0.000000,0,0,0
1.760,0.0018000,0.0042000,9.6744000,32.8064000,31.3797000,30.7159000,-35.5820000,-6.9400000,8.0320000,0.000000,0,0,0
1.770,0.0018000,0.0018000,9.6756000,32.8064000,31.3797000,30.7159000,-35.9490000,-6.4900000,7.9990000,0.000000,0,0,0
1.780,0.0018000,0.0018000,9.6756000,32.8064000,31.3797000,30.7083000,-35.8760000,-6.8130000,7.9210000,0.000000,0,0,0
1.790,0.0018000,0.0030000,9.6780000,32.8064000,31.3568000,30.7083000,-35.5250000,-6.8540000,8.0110000,0.000000,0,0,0
1.800,0.0018000,0.0030000,9.6816000,32.8217000,31.3416000,30.7159000,-36.1290000,-6.6280000,8.1940000,0.000000,0,0,0
1.810,0.0006000,0.0030000,9.6804000,32.8369000,31.3339000,30.7236000,-35.7170000,-6.8390000,8.1470000,0.000000,0,0,0
1.820,-0.0018000,0.0018000,9.6792000,32.8445000,31.3263000,30.7236000,-35.6080000,-7.0170000,7.6300000,0.000000,0,0,0
1.830,-0.0030000,0.0006000,9.6792000,32.8522000,31.3110000,30.7312000,-35.4770000,-7.0430000,8.0990000,0.000000,0,0,0
1.840,-0.0030000,0.0018000,9.6780000,32.8522000,31.3034000,30.7312000,-35.7490000,-7.0070000,8.1440000,0.000000,0,0,0
1.850,-0.0018000,0.0042000,9.6756000,32.8522000,31.3034000,30.7312000,-35.7190000,-6.9200000,8.4130000,0.000000,0,0,0
1.860,-0.0006000,0.0066000,9.6744000,32.8445000,31.3187000,30.7312000,-35.6390000,-6.7180000,8.6080000,0.000000,0,0,0
1.870,0.0006000,0.0066000,9.6756000,32.8445000,31.3339000,30.7236000,-35.8420000,-6.7720000,8.7880000,0.000000,0,0,0
1.880,0.0006000,0.0054000,9.6780000,32.8445000,31.3416000,30.7236000,-35.7860000,-7.0960000,8.6820000,0.000000,0,0,0
1.890,0.0006000,0.0054000,9.6780000,32.8445000,31.3568000,30.7236000,-35.7040000,-7.0920000,8.1240000,0.000000,0,0,0
1.900,-0.0006000,0.0042000,9.6780000,32.8445000,31.3797000,30.7236000,-35.6240000,-6.9890000,7.8520000,0.000000,0,0,0
1.910,-0.0006000,0.0030000,9.6780000,32.8369000,31.4102000,30.7236000,-35.5480000,-6.9990000,8.3810000,0.000000,0,0,0
1.920,-0.0030000,0.0030000,9.6780000,32.8369000,31.4255000,30.7236000,-35.4380000,-6.8100000,7.6350000,0.000000,0,0,0
1.930,-0.0054000,0.0030000,9.6780000,32.8369000,31.4331000,30.7236000,-35.4650000,-6.7650000,7.9640000,0.000000,0,0,0
1.940,-0.0054000,0.0018000,9.6780000,32.8445000,31.4178000,30.7159000,-35.3210000,-6.6350000,8.5580000,0.000000,0,0,0
1.950,-0.0066000,0.0018000,9.6792000,32.8598000,31.4026000,30.7159000,-35.3840000,-6.9420000,8.0360000,0.000000,0,0,0
1.960,-0.0054000,0.0018000,9.6792000,32.8827000,31.3873000,30.7236000,-35.1260000,-6.5400000,8.3280000,0.000000,0,0,0
1.970,-0.0042000,0.0006000,9.6780000,32.9056000,31.3721000,30.7236000,-35.4650000,-6.8870000,7.6910000,0.000000,0,0,0
1.980,-0.0030000,0.0006000,9.6768000,32.9132000,31.3568000,30.7236000,-35.7590000,-6.8100000,7.9810000,0.000000,0,0,0
1.990,-0.0030000,0.0006000,9.6768000,32.9056000,31.3568000,30.7236000,-35.6920000,-6.7550000,8.4110000,0.000000,0,0,0
2.000,-0.0042000,0.0018000,9.6780000,32.8979000,31.3644000,30.7236000,-35.6980000,-6.9130000,8.2530000,0.000000,0,0,0
2.010,-0.0054000,0.0030000,9.6780000,32.8751000,31.3644000,30.7236000,-35.7700000,-6.9420000,8.0320000,0.000000,0,0,0
2.020,-0.0054000,0.0030000,9.6780000,32.8598000,31.3721000,30.7312000,-35.8570000,-7.2240000,7.9690000,0.000000,0,0,0
2.030,-0.0042000,0.0030000,9.6768000,32.8445000,31.3644000,30.7236000,-35.6450000,-6.8020000,7.1100000,0.000000,0,0,0
2.040,-0.0030000,0.0030000,9.6768000,32.8140000,31.3568000,30.7236000,-35.9400000,-7.2000000,7.0810000,0.000000,0,0,0
2.050,-0.0030000,0.0006000,9.6768000,32.7911000,31.3339000,30.7159000,-35.5630000,-6.8630000,8.1220000,0.000000,0,0,0
2.060,-0.0018000,-0.0018000,9.6744000,32.7911000,31.3187000,30.7083000,-35.7690000,-6.8190000,7.9870000,0.000000,0,0,0
2.070,-0.0006000,-0.0006000,9.6744000,32.7988000,31.3187000,30.7007000,-35.2840000,-6.8770000,7.9900000,0.000000,0,0,0
2.080,0.0006000,0.0018000,9.6768000,32.8064000,31.3263000,30.7083000,-35.4030000,-6.5940000,7.9400000,0.000000,0,0,0
2.090,-0.0006000,0.0066000,9.6768000,32.8217000,31.3339000,30.7083000,-36.0150000,-6.7420000,8.8650000,0.000000,0,0,0
2.100,-0.0018000,0.0090000,9.6768000,32.8369000,31.3492000,30.7083000,-35.7370000,-6.8590000,8.2810000,0.000000,0,0,0
2.110,-0.0030000,0.0090000,9.6768000,32.8522000,31.3492000,30.7159000,-35.7740000,-6.9900000,7.8340000,0.000000,0,0,0
2.120,-0.0018000,0.0066000,9.6756000,32.8979000,31.3873000,30.7312000,-35.8760000,-7.2140000,7.8570000,0.000000,0,0,0
2.130,-0.0018000,0.0054000,9.6756000,32.9285000,31.4102000,30.7465000,-35.9400000,-6.9690000,8.5570000,0.000000,0,0,0
2.140,-0.0030000,0.0030000,9.6756000,32.9514000,31.4178000,30.7465000,-35.8170000,-6.8330000,8.2860000,0.000000,0,0,0
2.150,-0.0042000,0.0018000,9.6756000,32.9514000,31.4102000,30.7465000,-35.7220000,-6.6930000,7.7520000,0.000000,0,0,0
2.160,-0.0054000,0.0018000,9.6756000,32.9437000,31.4026000,30.7465000,-35.7170000,-6.5730000,7.7920000,0.000000,0,0,0
2.170,-0.0066000,0.0030000,9.6756000,32.9132000,31.3873000,30.7388000,-35.6490000,-6.9440000,7.9680000,0.000000,0,0,0
2.180,-0.0066000,0.0042000,9.6768000,32.8751000,31.3644000,30.7312000,-35.8120000,-6.8620000,7.4110000,0.000000,0,0,0
2.190,-0.0066000,0.0054000,9.6792000,32.8445000,31.3492000,30.7236000,-35.7240000,-6.9240000,8.0920000,0.000000,0,0,0
2.200,-0.0066000,0.0042000,9.6792000,32.8293000,31.3416000,30.7159000,-35.6380000,-6.3560000,7.8340000,0.000000,0,0,0
2.210,-0.0078000,0.0042000,9.6768000,32.8445000,31.3339000,30.7159000,-36.1710000,-6.5610000,7.3330000,0.000000,0,0,0
2.220,-0.0078000,0.0030000,9.6768000,32.8751000,31.3187000,30.7083000,-35.8700000,-7.0430000,8.5390000,0.000000,0,0,0
2.230,-0.0066000,0.0030000,9.6780000,32.8903000,31.3034000,30.6931000,-36.0720000,-7.2240000,8.5480000,0.000000,0,0,0
2.240,-0.0054000,0.0006000,9.6780000,32.8979000,31.3110000,30.6854000,-35.9030000,-7.2130000,8.5170000,0.000000,0,0,0
2.250,-0.0042000,0.0006000,9.6732000,32.9056000,31.3263000,30.6931000,-35.8630000,-6.9490000,8.2980000,0.000000,0,0,0
2.260,-0.0054000,0.0018000,9.6696000,32.9208000,31.3492000,30.6931000,-35.4790000,-7.0090000,8.1640000,0.000000,0,0,0
2.270,-0.0054000,0.0054000,9.6708000,32.9285000,31.3721000,30.7007000,-35.6300000,-6.9100000,8.2680000,0.000000,0,0,0
2.280,-0.0066000,0.0078000,9.6732000,32.9285000,31.3873000,30.7007000,-35.8210000,-6.8560000,8.0600000,0.000000,0,0,0
2.290,-0.0066000,0.0090000,9.6744000,32.9285000,31.4026000,30.7007000,-35.7920000,-6.8000000,8.3720000,0.000000,0,0,0
2.300,-0.0066000,0.0078000,9.6744000,32.9285000,31.4178000,30.7007000,-35.5960000,-6.8460000,8.6040000,0.000000,0,0,0
2.310,-0.0066000,0.0054000,9.6768000,32.9285000,31.4102000,30.7083000,-35.9300000,-6.8940000,8.4990000,0.000000,0,0,0
2.320,-0.0054000,0.0030000,9.6804000,32.9208000,31.3950000,30.7083000,-35.7100000,-7.0760000,8.7210000,0.000000,0,0,0
2.330,-0.0054000,0.0018000,9.6816000,32.9208000,31.3873000,30.7083000,-35.7140000,-6.9500000,7.8150000,0.000000,0,0,0
2.340,-0.0042000,0.0006000,9.6792000,32.9285000,31.3797000,30.7083000,-35.6260000,-7.1210000,7.7580000,0.000000,0,0,0
2.350,-0.0042000,0.0006000,9.6768000,32.9437000,31.3644000,30.7159000,-35.8920000,-7.0370000,8.6010000,0.000000,0,0,0
2.360,-0.0054000,0.0018000,9.6768000,32.9514000,31.3568000,30.7159000,-35.8450000,-6.9020000,8.2990000,0.000000,0,0,0
2.370,-0.0054000,0.0030000,9.6780000,32.9590000,31.3644000,30.7159000,-35.8490000,-6.8710000,8.4020000,0.000000,0,0,0
2.380,-0.0054000,0.0042000,9.6780000,32.9666000,31.3797000,30.7236000,-35.7900000,-7.0330000,8.7190000,0.000000,0,0,0
2.390,-0.0042000,0.0054000,9.6780000,32.9666000,31.3950000,30.7236000,-35.6620000,-7.2360000,8.6730000,0.000000,0,0,0
2.400,-0.0054000,0.0054000,9.6792000,32.9666000,31.4026000,30.7236000,-35.5310000,-6.9750000,8.5060000,0.000000,0,0,0
2.410,-0.0066000,0.0042000,9.6804000,32.9742000,31.4026000,30.7236000,-36.1420000,-7.0070000,7.8360000,0.000000,0,0,0
2.420,-0.0054000,0.0042000,9.6780000,32.9819000,31.3950000,30.7312000,-35.8730000,-6.8380000,8.6700000,0.000000,0,0,0
2.430,-0.0054000,0.0042000,9.6768000,32.9819000,31.3950000,30.7388000,-36.1290000,-7.1380000,8.3110000,0.000000,0,0,0
2.440,-0.0054000,0.0054000,9.6780000,32.9819000,31.3950000,30.7388000,-35.8280000,-6.9070000,8.4170000,0.000000,0,0,0
2.450,-0.0042000,0.0066000,9.6792000,32.9819000,31.3950000,30.7388000,-35.7980000,-7.1790000,8.5600000,0.000000,0,0,0
2.460,-0.0042000,0.0078000,9.6780000,32.9819000,31.4026000,30.7312000,-35.7250000,-7.0410000,8.4060000,0.000000,0,0,0
2.470,-0.0030000,0.0090000,9.6768000,32.9819000,31.4178000,30.7312000,-35.8010000,-7.2320000,8.6140000,0.000000,0,0,0
2.480,-0.0030000,0.0090000,9.6756000,32.9895000,31.4255000,30.7312000,-35.6820000,-7.0420000,8.0200000,0.000000,0,0,0
2.490,-0.0030000,0.0090000,9.6768000,32.9971000,31.4407000,30.7236000,-35.7730000,-6.7800000,8.4440000,0.000000,0,0,0
2.500,-0.0042000,0.0090000,9.6780000,32.9971000,31.4407000,30.7236000,-35.6500000,-6.9140000,8.8080000,0.000000,0,0,0
2.510,-0.0054000,0.0078000,9.6780000,33.0048000,31.4407000,30.7236000,-35.6260000,-6.8040000,8.3770000,0.000000,0,0,0
2.520,-0.0066000,0.0090000,9.6780000,33.0048000,31.4331000,30.7236000,-35.4990000,-6.9210000,7.9300000,0.000000,0,0,0
2.530,-0.0078000,0.0102000,9.6792000,32.9971000,31.4331000,30.7236000,-35.8280000,-7.1160000,8.8780000,0.000000,0,0,0
2.540,-0.0090000,0.0114000,9.6792000,32.9971000,31.4407000,30.7236000,-35.6750000,-7.2060000,8.1110000,0.000000,0,0,0
2.550,-0.0102000,0.0138000,9.6780000,32.9895000,31.4484000,30.7312000,-35.7200000,-7.1070000,8.6550000,0.000000,0,0,0
2.560,-0.0102000,0.0150000,9.6768000,32.9819000,31.4484000,30.7312000,-36.0390000,-6.8100000,8.8610000,0.000000,0,0,0
2.570,-0.0102000,0.0150000,9.6768000,32.9666000,31.4407000,30.7312000,-35.9730000,-6.8800000,8.7950000,0.000000,0,0,0
2.580,-0.0102000,0.0150000,9.6780000,32.9514000,31.4255000,30.7312000,-35.8310000,-6.8170000,8.2000000,0.000000,0,0,0
2.590,-0.0114000,0.0161000,9.6792000,32.9514000,31.4102000,30.7312000,-36.1070000,-6.9500000,8.7670000,0.000000,0,0,0
2.600,-0.0114000,0.0150000,9.6804000,32.9437000,31.3797000,30.7312000,-35.8080000,-6.9370000,8.2800000,0.000000,0,0,0
2.610,-0.0102000,0.0126000,9.6816000,32.9208000,31.3568000,30.7312000,-35.8730000,-6.8730000,8.2370000,0.000000,0,0,0
2.620,-0.0102000,0.0114000,9.6816000,32.9132000,31.3492000,30.7312000,-35.8110000,-7.0780000,8.2490000,0.000000,0,0,0
2.630,-0.0102000,0.0102000,9.6792000,32.8903000,31.3644000,30.7236000,-35.9010000,-6.9800000,7.9690000,0.000000,0,0,0
2.640,-0.0102000,0.0102000,9.6780000,32.8751000,31.3721000,30.7312000,-35.9100000,-6.9970000,7.8610000,0.000000,0,0,0
2.650,-0.0102000,0.0114000,9.6768000,32.8522000,31.3797000,30.7312000,-35.9120000,-6.7980000,7.4740000,0.000000,0,0,0
2.660,-0.0090000,0.0126000,9.6780000,32.8293000,31.3721000,30.7236000,-35.8620000,-6.8270000,7.8280000,0.000000,0,0,0
2.670,-0.0090000,0.0150000,9.6756000,32.7835000,31.3492000,30.7236000,-35.7530000,-7.1400000,7.9410000,0.000000,0,0,0
2.680,-0.0102000,0.0161000,9.6744000,32.7225000,31.3263000,30.7159000,-35.6640000,-7.0010000,8.2670000,0.000000,0,0,0
2.690,-0.0102000,0.0138000,9.6756000,32.6920000,31.2881000,30.7083000,-35.9750000,-7.1620000,8.0850000,0.000000,0,0,0
2.700,-0.0102000,0.0114000,9.6804000,32.6996000,31.2424000,30.7159000,-35.6370000,-6.5860000,8.1430000,0.000000,0,0,0
2.710,-0.0102000,0.0078000,9.6816000,32.7377000,31.1966000,30.7159000,-35.8460000,-6.7600000,8.4710000,0.000000,0,0,0
2.720,-0.0090000,0.0042000,9.6804000,32.8064000,31.1584000,30.7312000,-35.5960000,-7.0190000,9.2820000,0.000000,0,0,0
2.730,-0.0090000,0.0018000,9.6816000,32.8979000,31.1279000,30.7388000,-35.7880000,-6.6730000,8.6900000,0.000000,0,0,0
2.740,-0.0078000,0.0006000,9.6840000,32.9971000,31.0974000,30.7388000,-35.7860000,-6.8720000,8.1250000,0.000000,0,0,0
2.750,-0.0054000,-0.0006000,9.6840000,33.0811000,31.0822000,30.7312000,-36.1500000,-6.9070000,8.3820000,0.000000,0,0,0
2.760,-0.0042000,0.0006000,9.6792000,33.1116000,31.0898000,30.7236000,-35.8450000,-6.8740000,8.1040000,0.000000,0,0,0
2.770,-0.0030000,0.0054000,9.6756000,33.1039000,31.1279000,30.7159000,-36.0120000,-6.9990000,7.6090000,0.000000,0,0,0
2.780,-0.0030000,0.0102000,9.6756000,33.0582000,31.1890000,30.7159000,-35.8980000,-6.8850000,8.2080000,0.000000,0,0,0
2.790,-0.0042000,0.0126000,9.6768000,33.0124000,31.2500000,30.7083000,-35.9230000,-6.8080000,7.5790000,0.000000,0,0,0
2.800,-0.0054000,0.0138000,9.6768000,32.9742000,31.2881000,30.7083000,-35.6850000,-6.9930000,7.6940000,0.000000,0,0,0
2.810,-0.0054000,0.0138000,9.6768000,32.9514000,31.3034000,30.7159000,-35.4660000,-7.0890000,8.4180000,0.000000,0,0,0
2.820,-0.0054000,0.0126000,9.6780000,32.9514000,31.3034000,30.7236000,-35.4850000,-6.9710000,8.2980000,0.000000,0,0,0
2.830,-0.0054000,0.0114000,9.6768000,32.9437000,31.3110000,30.7312000,-35.6190000,-7.1710000,8.2340000,0.000000,0,0,0
2.840,-0.0066000,0.0114000,9.6732000,32.9056000,31.3416000,30.7312000,-35.7860000,-6.7000000,8.3880000,0.000000,0,0,0
2.850,-0.0078000,0.0126000,9.6720000,32.8522000,31.3797000,30.7312000,-35.6450000,-6.4570000,8.1600000,0.000000,0,0,0
2.860,-0.0102000,0.0138000,9.6732000,32.8064000,31.4102000,30.7312000,-35.9170000,-6.7600000,7.9990000,0.000000,0,0,0
2.870,-0.0114000,0.0138000,9.6768000,32.7988000,31.3950000,30.7312000,-36.4290000,-6.6490000,8.3400000,0.000000,0,0,0
2.880,-0.0102000,0.0126000,9.6768000,32.8140000,31.2958000,30.7159000,-36.1120000,-6.6170000,8.1310000,0.000000,0,0,0
2.890,-0.0078000,0.0102000,9.6768000,32.8598000,31.1966000,30.7083000,-36.0010000,-7.1530000,8.1350000,0.000000,0,0,0
2.900,-0.0078000,0.0078000,9.6792000,32.9361000,31.1050000,30.7083000,-35.7310000,-6.9390000,8.4390000,0.000000,0,0,0
2.910,-0.0042000,0.0078000,9.6828000,33.0582000,31.0669000,30.7236000,-35.9370000,-6.9160000,8.6550000,0.000000,0,0,0
2.920,-0.0042000,0.0102000,9.6804000,33.1268000,31.0822000,30.7312000,-35.7890000,-6.9680000,7.8420000,0.000000,0,0,0
2.930,-0.0042000,0.0138000,9.6744000,33.1345000,31.0593000,30.7236000,-36.0350000,-6.9270000,7.8590000,0.000000,0,0,0
2.940,-0.0042000,0.0161000,9.6732000,33.1268000,31.0059000,30.7159000,-36.1090000,-6.8300000,7.9120000,0.000000,0,0,0
2.950,-0.0018000,0.0161000,9.6804000,33.1421000,31.0440000,30.7159000,-36.0780000,-6.8770000,8.0380000,0.000000,0,0,0
2.960,0.0006000,0.0138000,9.6852000,33.1726000,31.1356000,30.7236000,-35.7930000,-7.0300000,8.3320000,0.000000,0,0,0
2.970,0.0006000,0.0114000,9.6816000,33.2108000,31.2271000,30.7312000,-36.0850000,-6.9420000,7.9020000,0.000000,0,0,0
2.980,0.0006000,0.0114000,9.6768000,33.2489000,31.2805000,30.7388000,-35.7150000,-6.9940000,8.6640000,0.000000,0,0,0
2.990,-0.0006000,0.0114000,9.6780000,33.2718000,31.2958000,30.7388000,-35.9620000,-7.1270000,8.4440000,0.000000,0,0,0
3.000,-0.0006000,0.0138000,9.6792000,33.2870000,31.2958000,30.7312000,-35.7060000,-7.0490000,8.1480000,0.000000,0,0,0
3.010,-0.0006000,0.0161000,9.6744000,33.2565000,31.2805000,30.7236000,-36.1220000,-7.0660000,8.0650000,0.000000,0,0,0
3.020,0.0006000,0.0185000,9.6708000,33.1955000,31.2729000,30.7159000,-35.7010000,-7.0450000,8.1350000,0.000000,0,0,0
3.030,0.0006000,0.0209000,9.6720000,33.1192000,31.2729000,30.7007000,-35.7630000,-7.1720000,8.0770000,0.000000,0,0,0
3.040,0.0006000,0.0209000,9.6744000,33.0582000,31.2881000,30.6931000,-35.5230000,-6.7870000,7.8410000,0.000000,0,0,0
3.050,-0.0018000,0.0221000,9.6768000,33.0048000,31.2958000,30.6854000,-35.8430000,-6.5980000,7.9620000,0.000000,0,0,0
3.060,-0.0030000,0.0209000,9.6768000,32.9590000,31.2958000,30.6931000,-36.0510000,-6.8780000,7.8180000,0.000000,0,0,0
3.070,-0.0030000,0.0185000,9.6780000,32.9285000,31.2958000,30.7007000,-36.0250000,-7.0980000,7.8200000,0.000000,0,0,0
3.080,-0.0030000,0.0161000,9.6816000,32.9132000,31.2958000,30.7159000,-35.9860000,-6.9940000,7.7080000,0.000000,0,0,0
3.090,-0.0042000,0.0126000,9.6804000,32.9132000,31.3034000,30.7236000,-35.9700000,-7.1920000,7.7600000,0.000000,0,0,0
3.100,-0.0042000,0.0126000,9.6768000,32.9208000,31.3187000,30.7312000,-35.8850000,-6.7990000,7.8490000,0.000000,0,0,0
3.110,-0.0042000,0.0138000,9.6744000,32.9361000,31.3492000,30.7312000,-36.1870000,-6.7720000,8.3060000,0.000000,0,0,0
3.120,-0.0054000,0.0173000,9.6756000,32.9437000,31.3873000,30.7312000,-36.0210000,-6.7060000,7.4880000,0.000000,0,0,0
3.130,-0.0066000,0.0197000,9.6768000,32.9590000,31.4255000,30.7312000,-35.9180000,-6.9040000,7.9570000,0.000000,0,0,0
3.140,-0.0078000,0.0209000,9.6768000,32.9819000,31.4636000,30.7312000,-35.9100000,-7.0110000,7.9410000,0.000000,0,0,0
3.150,-0.0078000,0.0221000,9.6768000,32.9895000,31.4789000,30.7236000,-35.9800000,-6.7140000,7.7510000,0.000000,0,0,0
3.160,-0.0090000,0.0209000,9.6768000,32.9971000,31.4865000,30.7236000,-35.9450000,-7.1250000,7.9020000,0.000000,0,0,0
3.170,-0.0078000,0.0197000,9.6780000,32.9971000,31.4941000,30.7236000,-36.0180000,-6.8310000,8.1670000,0.000000,0,0,0
3.180,-0.0078000,0.0173000,9.6780000,32.9895000,31.4865000,30.7236000,-35.8850000,-6.8560000,8.3070000,0.000000,0,0,0
3.190,-0.0078000,0.0161000,9.6780000,32.9742000,31.4636000,30.7236000,-36.0030000,-6.8810000,8.3360000,0.000000,0,0,0
3.200,-0.0066000,0.0173000,9.6780000,32.9514000,31.4407000,30.7236000,-35.9150000,-6.7360000,8.4910000,0.000000,0,0,0
3.210,-0.0054000,0.0185000,9.6780000,32.9208000,31.4026000,30.7236000,-35.8270000,-6.5540000,8.1520000,0.000000,0,0,0
3.220,-0.0054000,0.0197000,9.6768000,32.9056000,31.3721000,30.7312000,-35.6850000,-6.5760000,8.1470000,0.000000,0,0,0
3.230,-0.0054000,0.0197000,9.6756000,32.8979000,31.3416000,30.7312000,-35.6910000,-6.9280000,8.2530000,0.000000,0,0,0
3.240,-0.0042000,0.0197000,9.6756000,32.8827000,31.3034000,30.7236000,-35.9660000,-6.7870000,8.6710000,0.000000,0,0,0
3.250,-0.0042000,0.0197000,9.6744000,32.8751000,31.2729000,30.7236000,-35.8540000,-6.8320000,8.0910000,0.000000,0,0,0
3.260,-0.0030000,0.0185000,9.6720000,32.8674000,31.2500000,30.7159000,-35.9240000,-6.7960000,8.3860000,0.000000,0,0,0
3.270,-0.0042000,0.0173000,9.6720000,32.8674000,31.2500000,30.7083000,-35.8070000,-6.8200000,8.7040000,0.000000,0,0,0
3.280,-0.0042000,0.0161000,9.6732000,32.8674000,31.2653000,30.7083000,-35.9690000,-6.9840000,8.4400000,0.000000,0,0,0
3.290,-0.0030000,0.0173000,9.6744000,32.8827000,31.2958000,30.7159000,-36.1220000,-6.9940000,8.0730000,0.000000,0,0,0
3.300,-0.0030000,0.0197000,9.6720000,32.8903000,31.3263000,30.7159000,-35.6720000,-6.8940000,8.5880000,0.000000,0,0,0
3.310,-0.0054000,0.0209000,9.6720000,32.9056000,31.3644000,30.7236000,-35.8980000,-7.2280000,8.7460000,0.000000,0,0,0
3.320,-0.0066000,0.0221000,9.6732000,32.9208000,31.3950000,30.7312000,-35.3560000,-7.0440000,8.4130000,0.000000,0,0,0
3.330,-0.0078000,0.0209000,9.6756000,32.9208000,31.4102000,30.7236000,-36.0060000,-7.0560000,7.6670000,0.000000,0,0,0
3.340,-0.0078000,0.0197000,9.6744000,32.9208000,31.4026000,30.7236000,-35.9770000,-7.1860000,7.8770000,0.000000,0,0,0
3.350,-0.0078000,0.0197000,9.6732000,32.9056000,31.3721000,30.7159000,-35.8820000,-7.2920000,8.1440000,0.000000,0,0,0
3.360,-0.0078000,0.0209000,9.6720000,32.8903000,31.3339000,30.7159000,-35.8670000,-6.8890000,8.3710000,0.000000,0,0,0
3.370,-0.0066000,0.0209000,9.6732000,32.8674000,31.2958000,30.7083000,-35.9740000,-6.9180000,7.6130000,0.000000,0,0,0
3.380,-0.0066000,0.0209000,9.6732000,32.8522000,31.2500000,30.7083000,-35.8380000,-6.9960000,7.6290000,0.000000,0,0,0
3.390,-0.0066000,0.0197000,9.6720000,32.8369000,31.2195000,30.7083000,-36.0340000,-7.0050000,7.9060000,0.000000,0,0,0
3.400,-0.0054000,0.0197000,9.6732000,32.8293000,31.1966000,30.7007000,-35.6780000,-6.5190000,8.1760000,0.000000,0,0,0
3.410,-0.0054000,0.0185000,9.6768000,32.8293000,31.1890000,30.7083000,-35.7030000,-6.8600000,7.9450000,0.000000,0,0,0
3.420,-0.0042000,0.0173000,9.6792000,32.8293000,31.1813000,30.7083000,-35.9850000,-6.8770000,8.5040000,0.000000,0,0,0
3.430,-0.0042000,0.0161000,9.6792000,32.8369000,31.1813000,30.7159000,-36.2310000,-6.9740000,8.6100000,0.000000,0,0,0
3.440,-0.0042000,0.0161000,9.6780000,32.8369000,31.1813000,30.7159000,-35.9300000,-6.7510000,9.4810000,0.000000,0,0,0
3.450,-0.0054000,0.0173000,9.6756000,32.8445000,31.1890000,30.7159000,-36.0050000,-6.9620000,9.0650000,0.000000,0,0,0
3.460,-0.0054000,0.0209000,9.6744000,32.8522000,31.1966000,30.7159000,-35.7290000,-6.9740000,8.8930000,0.000000,0,0,0
3.470,-0.0042000,0.0221000,9.6732000,32.8522000,31.2119000,30.7159000,-36.0170000,-6.5720000,8.8220000,0.000000,0,0,0
3.480,-0.0042000,0.0233000,9.6720000,32.8522000,31.2271000,30.7159000,-35.8700000,-6.9500000,8.1170000,0.000000,0,0,0
3.490,-0.0030000,0.0233000,9.6732000,32.8522000,31.2576000,30.7159000,-36.0010000,-6.7570000,8.7060000,0.000000,0,0,0
3.500,-0.0030000,0.0221000,9.6732000,32.8522000,31.2958000,30.7236000,-35.8310000,-6.8020000,8.1590000,0.000000,0,0,0
3.510,-0.0018000,0.0197000,9.6732000,32.8674000,31.3339000,30.7236000,-36.0250000,-7.0120000,8.1940000,0.000000,0,0,0
3.520,0.0006000,0.0197000,9.6732000,32.8827000,31.3721000,30.7312000,-36.2660000,-6.8300000,7.8910000,0.000000,0,0,0
3.530,0.0006000,0.0185000,9.6720000,32.9056000,31.4178000,30.7312000,-36.2050000,-6.9760000,8.0200000,0.000000,0,0,0
3.540,0.0006000,0.0185000,9.6732000,32.9208000,31.4484000,30.7312000,-36.0810000,-6.6790000,8.3410000,0.000000,0,0,0
3.550,-0.0006000,0.0197000,9.6744000,32.9208000,31.4789000,30.7388000,-35.9540000,-7.0620000,8.3020000,0.000000,0,0,0
3.560,-0.0018000,0.0197000,9.6744000,32.9285000,31.5018000,30.7388000,-35.8210000,-6.7850000,8.1540000,0.000000,0,0,0
3.570,-0.0030000,0.0209000,9.6732000,32.9361000,31.5170000,30.7388000,-35.8650000,-6.9310000,8.5810000,0.000000,0,0,0
3.580,-0.0042000,0.0209000,9.6708000,32.9285000,31.5247000,30.7388000,-36.0950000,-6.8800000,7.9650000,0.000000,0,0,0
3.590,-0.0030000,0.0209000,9.6708000,32.9285000,31.5170000,30.7312000,-36.0300000,-6.9310000,8.0790000,0.000000,0,0,0
3.600,-0.0042000,0.0209000,9.6708000,32.9208000,31.5094000,30.7312000,-35.8110000,-6.8460000,8.5150000,0.000000,0,0,0
3.610,-0.0054000,0.0209000,9.6708000,32.9132000,31.4941000,30.7236000,-36.0230000,-7.1020000,8.4060000,0.000000,0,0,0
3.620,-0.0054000,0.0221000,9.6708000,32.9056000,31.4713000,30.7236000,-36.1950000,-6.9800000,7.8060000,0.000000,0,0,0
3.630,-0.0054000,0.0233000,9.6708000,32.8979000,31.4484000,30.7236000,-35.8300000,-6.9450000,8.2110000,0.000000,0,0,0
3.640,-0.0054000,0.0245000,9.6708000,32.8903000,31.4102000,30.7312000,-35.9670000,-7.0820000,8.1360000,0.000000,0,0,0
3.650,-0.0066000,0.0257000,9.6720000,32.8827000,31.3721000,30.7312000,-36.1590000,-6.7730000,8.1240000,0.000000,0,0,0
3.660,-0.0078000,0.0257000,9.6720000,32.8751000,31.3339000,30.7312000,-35.7840000,-6.8120000,8.3190000,0.000000,0,0,0
3.670,-0.0078000,0.0257000,9.6720000,32.8674000,31.3034000,30.7236000,-36.0250000,-6.9240000,8.4010000,0.000000,0,0,0
3.680,-0.0090000,0.0233000,9.6720000,32.8598000,31.2805000,30.7159000,-35.8120000,-7.0280000,8.1690000,0.000000,0,0,0
3.690,-0.0102000,0.0209000,9.6720000,32.8598000,31.2653000,30.7083000,-36.1170000,-6.8670000,7.7910000,0.000000,0,0,0
3.700,-0.0102000,0.0173000,9.6720000,32.8598000,31.2576000,30.7083000,-36.4390000,-7.0750000,7.1380000,0.000000,0,0,0
3.710,-0.0090000,0.0161000,9.6720000,32.8598000,31.2653000,30.7083000,-36.0600000,-7.0890000,8.1510000,0.000000,0,0,0
3.720,-0.0102000,0.0161000,9.6744000,32.8674000,31.2805000,30.7159000,-35.9240000,-6.6010000,7.8120000,0.000000,0,0,0
3.730,-0.0102000,0.0185000,9.6732000,32.8751000,31.3034000,30.7159000,-36.1000000,-6.9570000,8.2720000,0.000000,0,0,0
3.740,-0.0078000,0.0197000,9.6732000,32.8827000,31.3110000,30.7236000,-36.1110000,-6.7020000,7.0050000,0.000000,0,0,0
3.750,-0.0066000,0.0221000,9.6744000,32.8903000,31.3187000,30.7236000,-36.1640000,-6.9510000,7.4640000,0.000000,0,0,0
3.760,-0.0066000,0.0233000,9.6732000,32.8979000,31.3263000,30.7236000,-36.1410000,-6.9630000,7.9700000,0.000000,0,0,0
3.770,-0.0078000,0.0233000,9.6708000,32.8903000,31.3263000,30.7159000,-36.1640000,-6.8200000,7.8450000,0.000000,0,0,0
3.780,-0.0078000,0.0221000,9.6708000,32.8827000,31.3339000,30.7083000,-36.0000000,-6.4840000,7.4800000,0.000000,0,0,0
3.790,-0.0078000,0.0221000,9.6744000,32.8827000,31.3416000,30.7083000,-36.0230000,-6.8160000,7.6260000,0.000000,0,0,0
3.800,-0.0066000,0.0209000,9.6768000,32.8903000,31.3568000,30.7083000,-35.8650000,-6.9930000,7.6580000,0.000000,0,0,0
3.810,-0.0066000,0.0209000,9.6732000,32.8979000,31.3721000,30.7159000,-36.0180000,-6.7820000,7.6490000,0.000000,0,0,0
3.820,-0.0066000,0.0209000,9.6708000,32.9056000,31.3873000,30.7236000,-35.9080000,-6.8650000,7.8400000,0.000000,0,0,0
3.830,-0.0066000,0.0197000,9.6708000,32.9056000,31.3950000,30.7236000,-35.9680000,-6.9190000,7.7630000,0.000000,0,0,0
3.840,-0.0078000,0.0185000,9.6720000,32.9056000,31.4026000,30.7159000,-35.9270000,-6.8050000,7.6650000,0.000000,0,0,0
3.850,-0.0090000,0.0185000,9.6708000,32.9132000,31.4026000,30.7159000,-36.4950000,-6.9730000,7.9140000,0.000000,0,0,0
3.860,-0.0102000,0.0185000,9.6720000,32.9056000,31.3950000,30.7083000,-36.1080000,-6.9590000,6.7870000,0.000000,0,0,0
3.870,-0.0102000,0.0185000,9.6744000,32.8979000,31.3873000,30.7083000,-35.8110000,-6.7820000,7.4870000,0.000000,0,0,0
3.880,-0.0090000,0.0173000,9.6744000,32.9056000,31.3797000,30.7083000,-35.7850000,-6.7980000,7.1580000,0.000000,0,0,0
3.890,-0.0078000,0.0185000,9.6720000,32.9056000,31.3721000,30.7083000,-36.0700000,-7.0130000,7.8410000,0.000000,0,0,0
3.900,-0.0078000,0.0197000,9.6696000,32.8979000,31.3644000,30.7159000,-36.0790000,-7.0510000,7.2990000,0.000000,0,0,0
3.910,-0.0066000,0.0197000,9.6732000,32.8979000,31.3568000,30.7159000,-36.0760000,-6.9260000,7.9790000,0.000000,0,0,0
3.920,-0.0054000,0.0197000,9.6744000,32.8979000,31.3416000,30.7236000,-36.1190000,-6.8980000,7.6830000,0.000000,0,0,0
3.930,-0.0054000,0.0209000,9.6720000,32.8979000,31.3263000,30.7236000,-36.4750000,-6.8660000,8.0250000,0.000000,0,0,0
3.940,-0.0066000,0.0221000,9.6684000,32.8903000,31.3187000,30.7312000,-35.9990000,-6.7270000,8.0070000,0.000000,0,0,0
3.950,-0.0078000,0.0233000,9.6684000,32.8827000,31.3110000,30.7312000,-35.7320000,-7.0470000,7.4680000,0.000000,0,0,0
3.960,-0.0078000,0.0233000,9.6708000,32.8751000,31.3034000,30.7312000,-36.2420000,-7.0420000,7.3860000,0.000000,0,0,0
3.970,-0.0078000,0.0245000,9.6708000,32.8751000,31.3110000,30.7236000,-36.0090000,-6.6210000,7.8950000,0.000000,0,0,0
3.980,-0.0066000,0.0245000,9.6708000,32.8751000,31.3187000,30.7236000,-35.9810000,-6.9320000,7.6690000,0.000000,0,0,0
3.990,-0.0078000,0.0257000,9.6708000,32.8674000,31.3263000,30.7236000,-35.9660000,-6.7720000,7.3920000,0.000000,0,0,0
4.000,-0.0078000,0.0257000,9.6744000,32.8674000,31.3263000,30.7159000,-35.9260000,-6.5300000,7.7260000,0.000000,0,0,0
4.010,-0.0090000,0.0257000,9.6768000,32.8751000,31.3187000,30.7159000,-36.0910000,-6.7690000,7.6400000,0.000000,0,0,0
4.020,-0.0102000,0.0233000,9.6768000,32.8827000,31.3034000,30.7159000,-36.0170000,-6.6940000,8.0930000,0.000000,0,0,0
4.030,-0.0090000,0.0209000,9.6768000,32.8903000,31.2958000,30.7159000,-36.0600000,-6.8810000,7.5650000,0.000000,0,0,0
4.040,-0.0078000,0.0209000,9.6756000,32.8827000,31.2729000,30.7159000,-35.9240000,-6.6220000,7.8140000,0.000000,0,0,0
4.050,-0.0078000,0.0233000,9.6756000,32.8827000,31.2500000,30.7159000,-36.0680000,-6.6880000,7.7600000,0.000000,0,0,0
4.060,-0.0066000,0.0269000,9.6744000,32.8827000,31.2347000,30.7159000,-36.0430000,-6.6560000,8.0120000,0.000000,0,0,0
4.070,-0.0066000,0.0305000,9.6732000,32.8827000,31.2271000,30.7083000,-36.0710000,-6.7200000,7.7460000,0.000000,0,0,0
4.080,-0.0054000,0.0317000,9.6720000,32.8827000,31.2271000,30.7007000,-36.1130000,-6.7400000,7.8970000,0.000000,0,0,0
4.090,-0.0042000,0.0293000,9.6720000,32.8827000,31.2347000,30.7007000,-36.2260000,-6.9690000,7.7630000,0.000000,0,0,0
4.100,-0.0018000,0.0269000,9.6720000,32.8827000,31.2576000,30.7007000,-35.9070000,-6.7560000,7.5810000,0.000000,0,0,0
4.110,-0.0006000,0.0233000,9.6708000,32.8903000,31.2805000,30.7083000,-36.0200000,-6.5030000,7.3980000,0.000000,0,0,0
4.120,-0.0018000,0.0209000,9.6684000,32.8979000,31.3187000,30.7083000,-36.1110000,-6.4300000,7.5020000,0.000000,0,0,0
4.130,-0.0018000,0.0197000,9.6696000,32.9056000,31.3492000,30.7159000,-35.9340000,-6.7400000,7.3630000,0.000000,0,0,0
4.140,-0.0030000,0.0197000,9.6708000,32.9132000,31.3873000,30.7159000,-35.8320000,-7.0770000,7.5770000,0.000000,0,0,0
4.150,-0.0042000,0.0209000,9.6708000,32.9132000,31.4178000,30.7159000,-35.9030000,-6.9100000,7.4090000,0.000000,0,0,0
4.160,-0.0054000,0.0221000,9.6708000,32.9132000,31.4255000,30.7236000,-35.8880000,-6.7940000,7.4120000,0.000000,0,0,0
4.170,-0.0078000,0.0245000,9.6708000,32.9132000,31.4255000,30.7236000,-36.0950000,-6.8080000,7.3440000,0.000000,0,0,0
4.180,-0.0078000,0.0245000,9.6720000,32.9056000,31.4102000,30.7312000,-36.0410000,-6.6680000,7.4510000,0.000000,0,0,0
4.190,-0.0090000,0.0245000,9.6708000,32.8979000,31.4026000,30.7312000,-36.1310000,-6.9880000,7.7020000,0.000000,0,0,0
4.200,-0.0090000,0.0221000,9.6720000,32.8979000,31.3950000,30.7312000,-36.0580000,-6.9080000,7.1570000,0.000000,0,0,0
4.210,-0.0078000,0.0209000,9.6732000,32.8979000,31.3950000,30.7236000,-36.1630000,-6.9270000,7.7630000,0.000000,0,0,0
4.220,-0.0078000,0.0209000,9.6744000,32.9056000,31.3950000,30.7236000,-35.8770000,-6.9630000,7.7840000,0.000000,0,0,0
4.230,-0.0078000,0.0221000,9.6732000,32.9132000,31.3950000,30.7236000,-36.0520000,-6.9230000,8.1970000,0.000000,0,0,0
4.240,-0.0078000,0.0233000,9.6720000,32.9132000,31.3873000,30.7236000,-36.1620000,-7.0480000,7.7350000,0.000000,0,0,0
4.250,-0.0078000,0.0245000,9.6708000,32.9056000,31.3644000,30.7159000,-36.1460000,-6.8950000,7.2590000,0.000000,0,0,0
4.260,-0.0090000,0.0245000,9.6696000,32.8979000,31.3339000,30.7159000,-36.3030000,-6.7880000,7.6570000,0.000000,0,0,0
4.270,-0.0078000,0.0245000,9.6684000,32.8827000,31.3034000,30.7083000,-36.1770000,-6.4730000,8.4090000,0.000000,0,0,0
4.280,-0.0078000,0.0245000,9.6684000,32.8674000,31.2805000,30.7083000,-36.0770000,-6.8910000,8.2010000,0.000000,0,0,0
4.290,-0.0090000,0.0233000,9.6732000,32.8598000,31.2653000,30.7083000,-35.7620000,-6.7100000,8.9240000,0.000000,0,0,0
4.300,-0.0102000,0.0233000,9.6756000,32.8522000,31.2653000,30.7083000,-35.6880000,-6.7230000,8.7330000,0.000000,0,0,0
4.310,-0.0126000,0.0245000,9.6732000,32.8522000,31.2576000,30.7083000,-35.8840000,-6.8910000,8.4290000,0.000000,0,0,0
4.320,-0.0126000,0.0233000,9.6708000,32.8522000,31.2653000,30.7159000,-35.5240000,-6.8810000,8.3860000,0.000000,0,0,0
4.330,-0.0078000,0.0138000,9.6720000,32.8674000,31.2729000,30.7159000,-36.1250000,-6.8960000,8.1890000,0.000000,0,0,0
4.340,-0.0042000,0.0030000,9.6684000,32.8674000,31.2881000,30.7236000,-35.8140000,-6.9140000,8.4490000,0.000000,0,0,0
4.350,-0.0042000,0.0006000,9.6672000,32.8293000,31.3110000,30.7388000,-35.6290000,-6.6490000,7.4390000,0.000000,0,0,0
4.360,-0.0078000,0.0066000,9.6768000,32.8140000,31.3416000,30.7465000,-36.0740000,-7.0240000,7.7400000,0.000000,0,0,0
4.370,-0.0114000,0.0161000,9.6804000,32.8522000,31.3797000,30.7465000,-36.1830000,-7.1330000,7.5480000,0.000000,0,0,0
4.380,-0.0138000,0.0269000,9.6732000,32.9132000,31.4026000,30.7465000,-35.7590000,-7.2110000,7.9270000,0.000000,0,0,0
4.390,-0.0114000,0.0353000,9.6672000,32.9590000,31.4255000,30.7388000,-35.9070000,-6.9940000,7.2860000,0.000000,0,0,0
4.400,-0.0078000,0.0401000,9.6720000,32.9819000,31.4484000,30.7388000,-36.0410000,-7.0420000,8.0870000,0.000000,0,0,0
4.410,-0.0054000,0.0389000,9.6804000,32.9895000,31.4713000,30.7312000,-36.2080000,-7.0160000,7.2190000,0.000000,0,0,0
4.420,-0.0066000,0.0353000,9.6768000,32.9819000,31.4713000,30.7312000,-36.3640000,-7.0010000,7.8430000,0.000000,0,0,0
4.430,-0.0078000,0.0293000,9.6684000,32.9590000,31.4560000,30.7312000,-35.7930000,-7.1870000,8.1390000,0.000000,0,0,0
4.440,-0.0102000,0.0233000,9.6660000,32.9361000,31.4331000,30.7312000,-35.8320000,-7.3270000,7.2320000,0.000000,0,0,0
4.450,-0.0102000,0.0185000,9.6708000,32.9132000,31.4026000,30.7236000,-36.0760000,-7.1420000,8.0750000,0.000000,0,0,0
4.460,-0.0102000,0.0138000,9.6696000,32.8903000,31.3339000,30.7312000,-35.7730000,-7.4420000,7.0450000,0.000000,0,0,0
4.470,-0.0090000,0.0150000,9.6648000,32.8751000,31.3034000,30.7312000,-35.7960000,-6.9960000,6.9850000,0.000000,0,0,0
4.480,-0.0090000,0.0185000,9.6660000,32.8674000,31.2805000,30.7312000,-36.0430000,-7.1940000,7.2670000,0.000000,0,0,0
4.490,-0.0102000,0.0245000,9.6720000,32.8598000,31.2805000,30.7312000,-36.1280000,-7.3800000,8.1440000,0.000000,0,0,0
4.500,-0.0114000,0.0293000,9.6756000,32.8674000,31.2805000,30.7312000,-36.0430000,-7.1580000,7.9060000,0.000000,0,0,0
4.510,-0.0114000,0.0341000,9.6732000,32.8674000,31.2881000,30.7236000,-35.8940000,-7.1100000,7.8900000,0.000000,0,0,0
4.520,-0.0102000,0.0329000,9.6732000,32.8827000,31.3110000,30.7236000,-35.9600000,-6.9880000,7.6250000,0.000000,0,0,0
4.530,-0.0090000,0.0269000,9.6756000,32.8903000,31.3339000,30.7159000,-36.2340000,-7.1350000,7.9770000,0.000000,0,0,0
4.540,-0.0078000,0.0185000,9.6768000,32.9132000,31.3721000,30.7159000,-35.9190000,-7.0920000,7.4760000,0.000000,0,0,0
4.550,-0.0078000,0.0102000,9.6732000,32.9437000,31.4102000,30.7236000,-36.0420000,-7.0790000,7.6280000,0.000000,0,0,0
4.560,-0.0078000,0.0066000,9.6684000,32.9590000,31.4407000,30.7236000,-36.1530000,-7.5640000,8.5970000,0.000000,0,0,0
4.570,-0.0078000,0.0102000,9.6696000,32.9742000,31.4636000,30.7312000,-35.9860000,-7.3960000,8.4040000,0.000000,0,0,0
4.580,-0.0078000,0.0185000,9.6732000,32.9819000,31.4941000,30.7388000,-35.9860000,-7.2680000,8.5180000,0.000000,0,0,0
4.590,-0.0090000,0.0257000,9.6744000,32.9895000,31.5094000,30.7388000,-35.7690000,-7.4000000,8.1420000,0.000000,0,0,0
4.600,-0.0114000,0.0305000,9.6708000,32.9895000,31.5094000,30.7388000,-36.2260000,-7.2770000,8.0220000,0.000000,0,0,0
4.610,-0.0114000,0.0317000,9.6696000,32.9742000,31.4789000,30.7236000,-35.6640000,-7.4680000,7.5310000,0.000000,0,0,0
4.620,-0.0114000,0.0305000,9.6696000,32.9590000,31.4331000,30.7236000,-36.1040000,-7.5860000,8.5110000,0.000000,0,0,0
4.630,-0.0114000,0.0281000,9.6696000,32.9285000,31.3721000,30.7159000,-36.1030000,-7.4050000,8.2710000,0.000000,0,0,0
4.640,-0.0102000,0.0257000,9.6672000,32.8827000,31.3110000,30.7159000,-36.0600000,-7.3840000,7.8980000,0.000000,0,0,0
4.650,-0.0114000,0.0245000,9.6660000,32.8369000,31.2424000,30.7159000,-36.2070000,-6.9580000,8.2560000,0.000000,0,0,0
4.660,-0.0126000,0.0245000,9.6684000,32.8064000,31.1890000,30.7083000,-35.9350000,-7.3070000,7.7050000,0.000000,0,0,0
4.670,-0.0102000,0.0245000,9.6708000,32.7911000,31.1508000,30.7083000,-36.2080000,-7.3890000,8.0340000,0.000000,0,0,0
4.680,-0.0090000,0.0233000,9.6720000,32.7911000,31.1508000,30.7083000,-36.2720000,-7.1590000,7.7160000,0.000000,0,0,0
4.690,-0.0078000,0.0221000,9.6720000,32.8140000,31.1737000,30.7159000,-36.2850000,-7.4590000,7.7430000,0.000000,0,0,0
4.700,-0.0078000,0.0221000,9.6744000,32.8445000,31.2119000,30.7236000,-36.1890000,-7.4490000,7.3780000,0.000000,0,0,0
4.710,-0.0078000,0.0221000,9.6756000,32.8751000,31.2653000,30.7236000,-36.0360000,-7.5100000,7.6900000,0.000000,0,0,0
4.720,-0.0090000,0.0221000,9.6744000,32.8979000,31.3110000,30.7312000,-36.2140000,-7.3730000,7.6900000,0.000000,0,0,0
4.730,-0.0102000,0.0233000,9.6720000,32.9132000,31.3416000,30.7312000,-36.0690000,-7.1630000,7.4280000,0.000000,0,0,0
4.740,-0.0090000,0.0245000,9.6708000,32.9208000,31.3568000,30.7236000,-36.0910000,-7.4010000,7.7700000,0.000000,0,0,0
4.750,-0.0090000,0.0257000,9.6708000,32.9208000,31.3644000,30.7236000,-36.6560000,-7.6450000,7.8780000,0.000000,0,0,0
4.760,-0.0090000,0.0257000,9.6696000,32.8979000,31.3492000,30.7236000,-35.9550000,-7.3000000,7.7120000,0.000000,0,0,0
4.770,-0.0090000,0.0269000,9.6684000,32.8827000,31.3263000,30.7159000,-35.9750000,-7.3920000,8.3140000,0.000000,0,0,0
4.780,-0.0090000,0.0269000,9.6696000,32.8674000,31.3034000,30.7159000,-35.9310000,-7.3690000,7.8160000,0.000000,0,0,0
4.790,-0.0114000,0.0269000,9.6708000,32.8598000,31.2805000,30.7083000,-36.2150000,-7.0440000,7.5970000,0.000000,0,0,0
4.800,-0.0126000,0.0269000,9.6720000,32.8522000,31.2729000,30.7083000,-35.9870000,-7.2750000,8.2190000,0.000000,0,0,0
4.810,-0.0126000,0.0257000,9.6732000,32.8522000,31.2729000,30.7159000,-36.2010000,-7.5330000,8.2910000,0.000000,0,0,0
4.820,-0.0102000,0.0245000,9.6720000,32.8522000,31.2805000,30.7159000,-36.0560000,-7.4950000,8.3690000,0.000000,0,0,0
4.830,-0.0078000,0.0209000,9.6708000,32.8598000,31.2881000,30.7159000,-36.2300000,-7.4620000,7.0560000,0.000000,0,0,0
4.840,-0.0066000,0.0173000,9.6708000,32.8674000,31.3034000,30.7159000,-36.4210000,-7.2940000,7.8060000,0.000000,0,0,0
4.850,-0.0066000,0.0138000,9.6708000,32.8751000,31.3110000,30.7159000,-35.7530000,-7.1760000,7.9510000,0.000000,0,0,0
4.860,-0.0066000,0.0138000,9.6696000,32.8674000,31.3187000,30.7159000,-36.0720000,-7.1730000,7.6930000,0.000000,0,0,0
4.870,-0.0078000,0.0173000,9.6684000,32.8674000,31.3263000,30.7159000,-36.0030000,-7.0900000,8.2200000,0.000000,0,0,0
4.880,-0.0078000,0.0233000,9.6696000,32.8674000,31.3339000,30.7236000,-35.8210000,-7.2300000,8.4640000,0.000000,0,0,0
4.890,-0.0078000,0.0305000,9.6720000,32.8751000,31.3492000,30.7236000,-35.8200000,-7.4020000,8.4480000,0.000000,0,0,0
4.900,-0.0078000,0.0353000,9.6732000,32.8827000,31.3644000,30.7236000,-36.2370000,-7.1020000,8.1160000,0.000000,0,0,0
4.910,-0.0078000,0.0377000,9.6720000,32.8979000,31.3721000,30.7236000,-36.1670000,-7.3560000,7.8720000,0.000000,0,0,0
4.920,-0.0078000,0.0365000,9.6720000,32.9056000,31.3721000,30.7236000,-35.9970000,-7.3490000,7.9440000,0.000000,0,0,0
4.930,-0.0078000,0.0329000,9.6720000,32.9208000,31.3721000,30.7159000,-36.0490000,-7.1720000,7.8500000,0.000000,0,0,0
4.940,-0.0078000,0.0269000,9.6696000,32.9361000,31.3721000,30.7159000,-35.8390000,-6.9960000,8.1450000,0.000000,0,0,0
4.950,-0.0078000,0.0245000,9.6672000,32.9285000,31.3721000,30.7159000,-35.8710000,-7.4600000,7.9420000,0.000000,0,0,0
4.960,-0.0090000,0.0221000,9.6672000,32.9132000,31.3644000,30.7236000,-36.0970000,-7.3430000,7.9700000,0.000000,0,0,0
4.970,-0.0090000,0.0221000,9.6696000,32.8903000,31.3492000,30.7312000,-35.9820000,-7.2620000,7.8990000,0.000000,0,0,0
4.980,-0.0102000,0.0221000,9.6708000,32.8827000,31.3416000,30.7312000,-35.9180000,-6.9110000,8.3090000,0.000000,0,0,0
4.990,-0.0114000,0.0221000,9.6708000,32.8827000,31.3492000,30.7312000,-36.2140000,-7.3300000,8.4190000,0.000000,0,0,0
5.000,-0.0126000,0.0233000,9.6696000,32.8827000,31.3644000,30.7312000,-35.8630000,-7.3650000,8.1100000,0.000000,0,0,0
5.010,-0.0138000,0.0257000,9.6708000,32.8979000,31.3797000,30.7388000,-36.1010000,-7.5760000,8.8040000,0.000000,0,0,0
5.020,-0.0138000,0.0269000,9.6708000,32.9056000,31.3950000,30.7465000,-36.2270000,-7.4010000,8.3230000,0.000000,0,0,0
5.030,-0.0126000,0.0281000,9.6684000,32.9132000,31.4102000,30.7388000,-35.8340000,-7.6610000,8.3680000,0.000000,0,0,0
5.040,-0.0126000,0.0257000,9.6672000,32.9132000,31.4026000,30.7312000,-36.1230000,-7.3040000,8.2980000,0.000000,0,0,0
5.050,-0.0126000,0.0233000,9.6672000,32.8979000,31.3797000,30.7312000,-35.7490000,-7.1500000,8.7540000,0.000000,0,0,0
5.060,-0.0114000,0.0209000,9.6684000,32.8903000,31.3492000,30.7236000,-36.0100000,-7.7510000,7.9950000,0.000000,0,0,0
5.070,-0.0102000,0.0197000,9.6684000,32.8827000,31.3110000,30.7159000,-36.0590000,-7.4900000,8.6060000,0.000000,0,0,0
5.080,-0.0090000,0.0197000,9.6696000,32.8674000,31.2729000,30.7159000,-35.8760000,-7.4720000,7.9080000,0.000000,0,0,0
5.090,-0.0090000,0.0221000,9.6696000,32.8674000,31.2424000,30.7083000,-36.1650000,-7.7270000,7.8990000,0.000000,0,0,0
5.100,-0.0102000,0.0245000,9.6708000,32.8674000,31.2119000,30.7083000,-36.0540000,-7.3130000,7.4820000,0.000000,0,0,0
5.110,-0.0114000,0.0281000,9.6708000,32.8674000,31.1966000,30.7083000,-36.0010000,-7.6340000,7.6570000,0.000000,0,0,0
5.120,-0.0126000,0.0293000,9.6708000,32.8522000,31.1661000,30.7083000,-36.3020000,-7.5480000,7.7490000,0.000000,0,0,0
5.130,-0.0126000,0.0269000,9.6708000,32.8445000,31.1508000,30.7083000,-36.0380000,-7.3120000,7.6780000,0.000000,0,0,0
5.140,-0.0114000,0.0233000,9.6708000,32.8293000,31.1356000,30.7083000,-35.9890000,-7.4780000,7.8190000,0.000000,0,0,0
5.150,-0.0102000,0.0221000,9.6696000,32.8217000,31.1356000,30.7083000,-36.2130000,-7.2070000,8.0930000,0.000000,0,0,0
5.160,-0.0090000,0.0233000,9.6684000,32.8217000,31.1356000,30.7083000,-36.0300000,-7.2750000,7.4330000,0.000000,0,0,0
5.170,-0.0090000,0.0245000,9.6696000,32.8217000,31.1432000,30.7083000,-36.2190000,-7.5230000,7.8490000,0.000000,0,0,0
5.180,-0.0090000,0.0245000,9.6708000,32.8293000,31.1584000,30.7083000,-35.9100000,-7.4560000,8.1440000,0.000000,0,0,0
5.190,-0.0078000,0.0245000,9.6720000,32.8369000,31.1813000,30.7083000,-35.9030000,-7.2330000,7.6040000,0.000000,0,0,0
5.200,-0.0066000,0.0233000,9.6720000,32.8522000,31.2042000,30.7083000,-35.9650000,-7.2010000,8.0680000,0.000000,0,0,0
5.210,-0.0054000,0.0221000,9.6720000,32.8674000,31.2271000,30.7083000,-36.0410000,-7.6460000,7.8700000,0.000000,0,0,0
5.220,-0.0054000,0.0221000,9.6720000,32.8751000,31.2424000,30.7083000,-35.9540000,-7.3060000,7.7370000,0.000000,0,0,0
5.230,-0.0054000,0.0221000,9.6708000,32.8674000,31.2500000,30.7083000,-36.0100000,-7.3550000,7.8810000,0.000000,0,0,0
5.240,-0.0042000,0.0281000,9.6529000,32.7606000,31.2500000,30.7159000,-35.9150000,-7.2390000,7.3400000,0.000000,0,0,0
5.250,-0.0054000,0.0233000,9.6612000,32.5623000,31.2424000,30.7083000,-36.0180000,-7.5220000,7.7100000,0.000000,0,0,0
5.260,-0.0066000,0.0221000,9.6660000,32.5546000,31.2271000,30.7159000,-36.0270000,-7.3870000,7.5990000,0.000000,0,0,0
5.270,-0.0054000,0.0221000,9.6672000,32.5241000,31.2195000,30.7159000,-35.9610000,-7.5940000,7.5120000,0.000000,0,0,0
5.280,-0.0042000,0.0209000,9.6684000,32.5241000,31.2195000,30.7083000,-35.7050000,-7.5230000,7.8690000,0.000000,0,0,0
5.290,-0.0030000,0.0197000,9.6684000,32.5699000,31.2271000,30.7083000,-35.7740000,-7.3700000,8.5310000,0.000000,0,0,0
5.300,-0.0042000,0.0221000,9.6660000,32.5470000,31.2729000,30.7083000,-35.8570000,-7.2950000,8.2970000,0.000000,0,0,0
5.310,-0.0066000,0.0197000,9.6684000,32.4936000,31.3416000,30.7083000,-35.9550000,-7.4940000,8.1390000,0.000000,0,0,0
5.320,-0.0090000,0.0173000,9.6732000,32.5165000,31.3797000,30.7159000,-35.7620000,-7.2640000,8.5800000,0.000000,0,0,0
5.330,-0.0090000,0.0161000,9.6744000,32.6004000,31.3873000,30.7236000,-36.0920000,-7.5450000,8.3270000,0.000000,0,0,0
5.340,-0.0078000,0.0161000,9.6744000,32.6767000,31.3950000,30.7312000,-36.3210000,-7.3080000,8.3200000,0.000000,0,0,0
5.350,-0.0066000,0.0150000,9.6732000,32.7377000,31.4178000,30.7465000,-36.4290000,-7.5970000,7.4400000,0.000000,0,0,0
5.360,-0.0054000,0.0150000,9.6732000,32.7759000,31.4484000,30.7541000,-36.0630000,-7.2940000,7.6050000,0.000000,0,0,0
5.370,-0.0054000,0.0150000,9.6720000,32.7988000,31.4865000,30.7541000,-36.1330000,-7.3640000,8.3000000,0.000000,0,0,0
5.380,-0.0066000,0.0150000,9.6720000,32.7988000,31.5323000,30.7465000,-36.0170000,-7.3690000,7.8200000,0.000000,0,0,0
5.390,-0.0066000,0.0138000,9.6696000,32.7835000,31.5704000,30.7388000,-36.1570000,-7.5170000,7.9300000,0.000000,0,0,0
5.400,-0.0078000,0.0138000,9.6696000,32.7530000,31.5857000,30.7312000,-36.1340000,-7.1430000,8.4480000,0.000000,0,0,0
5.410,-0.0090000,0.0138000,9.6696000,32.7530000,31.5704000,30.7159000,-36.0770000,-7.2070000,8.0350000,0.000000,0,0,0
5.420,-0.0090000,0.0150000,9.6720000,32.7759000,31.5170000,30.7159000,-36.2160000,-7.1670000,8.4690000,0.000000,0,0,0
5.430,-0.0102000,0.0173000,9.6720000,32.7988000,31.4484000,30.7083000,-35.9440000,-7.4180000,8.1080000,0.000000,0,0,0
5.440,-0.0102000,0.0185000,9.6708000,32.7988000,31.3797000,30.7159000,-36.2060000,-7.5160000,8.4310000,0.000000,0,0,0
5.450,-0.0114000,0.0197000,9.6708000,32.7835000,31.3263000,30.7159000,-35.9830000,-7.1620000,8.5270000,0.000000,0,0,0
5.460,-0.0114000,0.0197000,9.6720000,32.7682000,31.2881000,30.7159000,-35.7180000,-7.4640000,9.0950000,0.000000,0,0,0
5.470,-0.0102000,0.0185000,9.6732000,32.7530000,31.2729000,30.7236000,-35.7020000,-7.3490000,8.7220000,0.000000,0,0,0
5.480,-0.0090000,0.0161000,9.6732000,32.7454000,31.2576000,30.7236000,-35.8310000,-7.5860000,8.4050000,0.000000,0,0,0
5.490,-0.0066000,0.0150000,9.6720000,32.7377000,31.2576000,30.7236000,-35.8150000,-7.3890000,8.0260000,0.000000,0,0,0
5.500,-0.0066000,0.0150000,9.6708000,32.7225000,31.2576000,30.7236000,-35.9450000,-7.1380000,8.0590000,0.000000,0,0,0
5.510,-0.0078000,0.0150000,9.6708000,32.7072000,31.2576000,30.7236000,-35.9410000,-7.4740000,8.2270000,0.000000,0,0,0
5.520,-0.0090000,0.0150000,9.6708000,32.6920000,31.2500000,30.7236000,-35.8610000,-7.0970000,8.1320000,0.000000,0,0,0
5.530,-0.0102000,0.0161000,9.6696000,32.6767000,31.2500000,30.7159000,-35.8280000,-7.1660000,8.2160000,0.000000,0,0,0
5.540,-0.0102000,0.0150000,9.6684000,32.6462000,31.2576000,30.7159000,-35.9600000,-7.3340000,8.2540000,0.000000,0,0,0
5.550,-0.0090000,0.0138000,9.6684000,32.6080000,31.2729000,30.7083000,-36.0470000,-7.1130000,8.3370000,0.000000,0,0,0
5.560,-0.0090000,0.0114000,9.6696000,32.5851000,31.3034000,30.7083000,-36.1570000,-7.0070000,8.0830000,0.000000,0,0,0
5.570,-0.0090000,0.0090000,9.6708000,32.6080000,31.3263000,30.7083000,-36.0910000,-7.3220000,8.2660000,0.000000,0,0,0
5.580,-0.0090000,0.0078000,9.6732000,32.6462000,31.3263000,30.7083000,-35.9160000,-7.1750000,7.9690000,0.000000,0,0,0
5.590,-0.0090000,0.0090000,9.6732000,32.6920000,31.3339000,30.7159000,-35.9820000,-7.4570000,7.7800000,0.000000,0,0,0
5.600,-0.0102000,0.0114000,9.6720000,32.7454000,31.3339000,30.7236000,-35.9980000,-7.3010000,7.8000000,0.000000,0,0,0
5.610,-0.0102000,0.0126000,9.6696000,32.7835000,31.3187000,30.7236000,-36.1890000,-7.4710000,7.8430000,0.000000,0,0,0
5.620,-0.0102000,0.0126000,9.6672000,32.7988000,31.3110000,30.7236000,-35.9870000,-7.6630000,7.7960000,0.000000,0,0,0
5.630,-0.0090000,0.0126000,9.6672000,32.7835000,31.3034000,30.7159000,-36.2490000,-7.3670000,7.5520000,0.000000,0,0,0
5.640,-0.0090000,0.0126000,9.6672000,32.7377000,31.3034000,30.7159000,-36.2260000,-7.3480000,7.9180000,0.000000,0,0,0
5.650,-0.0090000,0.0114000,9.6672000,32.6920000,31.3110000,30.7083000,-36.1720000,-7.3310000,7.7070000,0.000000,0,0,0
5.660,-0.0078000,0.0102000,9.6684000,32.6538000,31.3110000,30.7083000,-36.3010000,-7.1810000,7.6090000,0.000000,0,0,0
5.670,-0.0066000,0.0102000,9.6696000,32.6309000,31.3187000,30.7007000,-36.1400000,-7.2560000,7.5330000,0.000000,0,0,0
5.680,-0.0078000,0.0090000,9.6696000,32.6157000,31.3187000,30.7007000,-36.2880000,-7.4340000,7.7660000,0.000000,0,0,0
5.690,-0.0090000,0.0090000,9.6708000,32.6157000,31.3263000,30.7007000,-35.9870000,-7.3680000,8.5910000,0.000000,0,0,0
5.700,-0.0090000,0.0078000,9.6720000,32.6538000,31.3263000,30.7007000,-36.3240000,-7.3900000,7.8960000,0.000000,0,0,0
5.710,-0.0102000,0.0078000,9.6720000,32.6996000,31.3187000,30.7083000,-36.2480000,-7.4070000,8.0080000,0.000000,0,0,0
5.720,-0.0102000,0.0090000,9.6720000,32.7530000,31.3187000,30.7159000,-36.4040000,-7.4430000,8.6180000,0.000000,0,0,0
5.730,-0.0090000,0.0102000,9.6708000,32.7835000,31.3492000,30.7159000,-36.0070000,-7.4160000,8.5050000,0.000000,0,0,0
5.740,-0.0090000,0.0102000,9.6684000,32.7759000,31.4102000,30.7159000,-36.0990000,-7.6240000,7.9810000,0.000000,0,0,0
5.750,-0.0078000,0.0090000,9.6648000,32.7148000,31.5094000,30.7083000,-36.3370000,-7.2600000,7.6530000,0.000000,0,0,0
5.760,-0.0066000,0.0078000,9.6648000,32.6080000,31.6315000,30.6854000,-36.2740000,-7.4190000,7.8590000,0.000000,0,0,0
5.770,-0.0066000,0.0066000,9.6672000,32.4402000,31.8146000,30.6549000,-36.4520000,-7.6260000,8.6220000,0.000000,0,0,0
5.780,-0.0090000,0.0054000,9.6696000,32.3792000,31.8756000,30.6396000,-35.8460000,-7.6000000,8.5990000,0.000000,0,0,0
5.790,-0.0126000,0.0042000,9.6720000,32.3944000,31.8756000,30.6244000,-36.0730000,-7.1670000,8.2960000,0.000000,0,0,0
5.800,-0.0150000,0.0054000,9.6732000,32.4554000,31.8375000,30.6168000,-36.0330000,-7.5860000,8.3210000,0.000000,0,0,0
5.810,-0.0078000,0.0114000,9.6720000,32.5089000,31.7841000,30.5939000,-36.0060000,-7.6180000,8.2310000,0.000000,0,0,0
5.820,0.0724000,0.0568000,9.6720000,32.5470000,31.7307000,30.1285000,-36.2030000,-7.0230000,8.2930000,0.000000,0,0,0
5.830,0.1800000,0.0951000,9.6708000,32.5775000,31.7230000,28.7476000,-35.8870000,-7.1310000,8.5530000,0.000000,0,0,0
5.840,0.2757000,0.1214000,9.6684000,32.6004000,31.7307000,26.6495000,-36.2350000,-7.3800000,8.1160000,0.000000,0,0,0
5.850,0.3212000,0.1214000,9.6660000,32.6004000,31.7535000,24.4904000,-36.1500000,-7.1520000,8.5030000,0.000000,0,0,0
5.860,0.3547000,0.1095000,9.6648000,32.5928000,31.7612000,22.7890000,-35.9430000,-7.3590000,9.3920000,0.000000,0,0,0
5.870,0.3786000,0.0951000,9.6648000,32.5851000,31.7459000,21.6370000,-36.2260000,-6.9830000,8.4790000,0.000000,0,0,0
5.880,0.3822000,0.0796000,9.6660000,32.5928000,31.7230000,20.8511000,-36.3070000,-7.0290000,8.4150000,0.000000,0,0,0
5.890,0.3679000,0.0616000,9.6660000,32.5928000,31.7001000,20.2942000,-36.4410000,-7.1850000,8.2250000,0.000000,0,0,0
5.900,0.3368000,0.0389000,9.6648000,32.5928000,31.6849000,20.0806000,-35.9560000,-7.0430000,8.8850000,0.000000,0,0,0
5.910,0.2949000,0.0126000,9.6648000,32.5851000,31.6772000,20.5002000,-35.8910000,-7.0130000,9.1280000,0.000000,0,0,0
5.920,0.2446000,-0.0042000,9.6660000,32.5851000,31.6849000,21.5302000,-35.8960000,-7.0040000,8.4930000,0.000000,0,0,0
5.930,0.2016000,-0.0138000,9.6672000,32.6157000,31.6772000,23.0713000,-36.0910000,-7.5010000,8.2060000,0.000000,0,0,0
5.940,0.1776000,-0.0173000,9.6672000,32.6462000,31.6544000,24.9176000,-35.8180000,-7.1340000,8.5390000,0.000000,0,0,0
5.950,0.1848000,-0.0150000,9.6672000,32.6996000,31.6086000,26.8250000,-35.9850000,-7.3520000,8.0860000,0.000000,0,0,0
5.960,0.2387000,-0.0042000,9.6660000,32.7530000,31.5475000,28.5950000,-35.7320000,-7.1040000,8.6180000,0.000000,0,0,0
5.970,0.3188000,0.0150000,9.6660000,32.8140000,31.4789000,30.0903000,-35.7420000,-7.4090000,8.8530000,0.000000,0,0,0
5.980,0.3918000,0.0413000,9.6648000,32.8674000,31.4178000,31.1279000,-35.6160000,-7.4690000,8.7130000,0.000000,0,0,0
5.990,0.4384000,0.0724000,9.6648000,32.8979000,31.3644000,31.6238000,-35.5180000,-7.4650000,8.6690000,0.000000,0,0,0
6.000,0.4672000,0.1047000,9.6660000,32.9208000,31.3339000,31.5552000,-35.6190000,-7.2500000,8.4750000,0.000000,0,0,0
6.010,0.4935000,0.1322000,9.6672000,32.9285000,31.3263000,30.9830000,-35.4350000,-7.3890000,8.4730000,0.000000,0,0,0
6.020,0.5198000,0.1597000,9.6672000,32.9208000,31.3416000,30.1361000,-35.2690000,-7.4230000,7.9530000,0.000000,0,0,0
6.030,0.5258000,0.1765000,9.6660000,32.9132000,31.3644000,29.3427000,-35.5010000,-7.4340000,8.0330000,0.000000,0,0,0
6.040,0.5066000,0.1776000,9.6660000,32.8979000,31.4026000,28.8467000,-35.5540000,-7.5160000,7.8850000,0.000000,0,0,0
6.050,0.4743000,0.1669000,9.6660000,32.9056000,31.4407000,28.6255000,-35.4030000,-7.6720000,7.9660000,0.000000,0,0,0
6.060,0.4420000,0.1442000,9.6684000,32.8903000,31.4713000,28.6179000,-35.5390000,-7.5870000,8.6670000,0.000000,0,0,0
6.070,0.4384000,0.1190000,9.6684000,32.8903000,31.4636000,28.6636000,-35.3060000,-7.7690000,8.6590000,0.000000,0,0,0
6.080,0.4743000,0.0927000,9.6672000,32.8827000,31.4407000,28.7399000,-35.1770000,-7.6820000,9.1750000,0.000000,0,0,0
6.090,0.5162000,0.0664000,9.6648000,32.8979000,31.4178000,28.9230000,-35.2600000,-8.1470000,9.6770000,0.000000,0,0,0
6.100,0.5676000,0.0520000,9.6636000,32.8979000,31.4178000,29.2435000,-35.1800000,-8.1950000,9.5900000,0.000000,0,0,0
6.110,0.6358000,0.0449000,9.6636000,32.8674000,31.4331000,29.6402000,-35.1070000,-8.1640000,9.0040000,0.000000,0,0,0
6.120,0.6968000,0.0377000,9.6636000,32.8445000,31.4636000,29.9606000,-35.1110000,-8.2040000,9.6000000,0.000000,0,0,0
6.130,0.7184000,0.0269000,9.6624000,32.8293000,31.5247000,30.1132000,-34.9690000,-8.5360000,9.5080000,0.000000,0,0,0
6.140,0.6956000,0.0197000,9.6636000,32.8140000,31.5857000,30.1132000,-34.9240000,-8.2620000,9.7880000,0.000000,0,0,0
6.150,0.6514000,0.0138000,9.6636000,32.8064000,31.6162000,30.1666000,-34.9340000,-8.3140000,9.7950000,0.000000,0,0,0
6.160,0.5904000,0.0102000,9.6648000,32.8064000,31.6162000,30.4489000,-35.0080000,-8.4980000,10.1810000,0.000000,0,0,0
6.170,0.5138000,0.0090000,9.6660000,32.8217000,31.6086000,30.9601000,-34.8470000,-8.9160000,10.3300000,0.000000,0,0,0
6.180,0.4420000,0.0030000,9.6636000,32.8369000,31.6086000,31.5247000,-34.8860000,-8.8490000,10.8600000,0.000000,0,0,0
6.190,0.4049000,-0.0173000,9.6624000,32.8827000,31.6010000,32.0511000,-34.7740000,-8.9590000,10.4260000,0.000000,0,0,0
6.200,0.4157000,-0.0353000,9.6636000,32.9208000,31.5781000,32.6157000,-35.0110000,-9.0820000,10.5880000,0.000000,0,0,0
6.210,0.4217000,-0.0401000,9.6660000,32.9361000,31.5475000,33.2489000,-34.8800000,-9.4030000,9.9640000,0.000000,0,0,0
6.220,0.3858000,-0.0341000,9.6648000,32.9514000,31.5170000,33.9966000,-34.6020000,-9.5050000,10.9170000,0.000000,0,0,0
6.230,0.3475000,-0.0293000,9.6636000,32.9590000,31.4865000,34.8663000,-34.4600000,-9.8500000,11.4040000,0.000000,0,0,0
6.240,0.3260000,-0.0365000,9.6660000,32.9819000,31.4560000,35.9573000,-34.4250000,-10.1600000,10.8490000,0.000000,0,0,0
6.250,0.2817000,-0.0293000,9.6684000,33.0200000,31.4331000,37.0712000,-34.4320000,-10.6620000,10.5260000,0.000000,0,0,0
6.260,0.2434000,-0.0353000,9.6684000,33.0429000,31.4255000,37.9105000,-34.3430000,-10.3000000,10.9940000,0.000000,0,0,0
6.270,0.2123000,-0.0664000,9.6672000,33.0276000,31.4484000,38.3072000,-34.5500000,-10.8820000,11.1070000,0.000000,0,0,0
6.280,0.2626000,-0.1035000,9.6672000,33.0353000,31.4789000,38.2843000,-34.7610000,-10.8840000,11.6200000,0.000000,0,0,0
6.290,0.3714000,-0.1346000,9.6672000,33.0582000,31.5018000,38.0096000,-34.4240000,-11.2290000,11.6640000,0.000000,0,0,0
6.300,0.4995000,-0.1394000,9.6660000,33.0734000,31.5094000,37.4680000,-34.3900000,-11.2800000,12.1010000,0.000000,0,0,0
6.310,0.6011000,-0.1226000,9.6636000,33.0811000,31.5247000,36.6974000,-34.3940000,-11.6730000,12.1770000,0.000000,0,0,0
6.320,0.6358000,-0.0927000,9.6588000,33.0811000,31.5323000,35.7742000,-35.0680000,-11.8400000,12.5460000,0.000000,0,0,0
6.330,0.6394000,-0.0712000,9.6588000,33.0582000,31.5170000,34.9579000,-35.0310000,-11.8250000,13.2470000,0.000000,0,0,0
6.340,0.5820000,-0.0437000,9.6624000,33.0429000,31.5170000,34.3552000,-34.9720000,-12.1320000,13.3780000,0.000000,0,0,0
6.350,0.4504000,-0.0126000,9.6660000,33.0429000,31.5399000,33.5999000,-35.1390000,-12.4290000,13.3930000,0.000000,0,0,0
6.360,0.2997000,-0.0090000,9.6672000,33.0124000,31.6010000,32.5775000,-35.2090000,-12.4120000,13.4130000,0.000000,0,0,0
6.370,0.1944000,-0.0437000,9.6684000,32.9666000,31.6620000,31.6620000,-35.2040000,-12.7950000,13.8740000,0.000000,0,0,0
6.380,0.1501000,-0.0939000,9.6696000,32.9666000,31.6696000,31.2576000,-35.1670000,-12.5570000,13.7090000,0.000000,0,0,0
6.390,0.1621000,-0.1334000,9.6672000,33.0353000,31.6238000,31.5170000,-35.4340000,-13.3000000,13.6050000,0.000000,0,0,0
6.400,0.2339000,-0.1585000,9.6636000,33.0353000,31.6238000,32.0358000,-35.8460000,-13.2390000,13.7830000,0.000000,0,0,0
6.410,0.3427000,-0.1812000,9.6636000,32.9819000,31.6391000,32.6767000,-35.7870000,-13.1520000,14.1420000,0.000000,0,0,0
6.420,0.4576000,-0.1944000,9.6648000,32.9361000,31.6238000,33.0582000,-35.8500000,-13.4890000,13.6360000,0.000000,0,0,0
6.430,0.5389000,-0.2028000,9.6648000,32.8751000,31.6086000,32.9514000,-36.0070000,-13.2370000,14.5000000,0.000000,0,0,0
6.440,0.5545000,-0.2016000,9.6648000,32.8445000,31.6162000,32.5089000,-36.1460000,-13.8350000,14.6740000,0.000000,0,0,0
6.450,0.4911000,-0.1741000,9.6636000,32.8369000,31.6238000,31.7383000,-37.1060000,-13.3990000,14.4030000,0.000000,0,0,0
6.460,0.3918000,-0.1310000,9.6648000,32.8293000,31.6238000,30.6473000,-37.1200000,-13.8650000,14.6970000,0.000000,0,0,0
6.470,0.3128000,-0.0819000,9.6684000,32.7988000,31.6010000,29.5029000,-37.3540000,-13.9430000,15.1090000,0.000000,0,0,0
6.480,0.2363000,-0.0401000,9.6696000,32.7682000,31.5857000,28.7094000,-37.3350000,-13.9450000,14.4440000,0.000000,0,0,0
6.490,0.1394000,-0.0138000,9.6672000,32.7606000,31.6162000,28.5034000,-37.6390000,-14.3290000,14.2860000,0.000000,0,0,0
6.500,0.0437000,0.0018000,9.6648000,32.8293000,31.6391000,28.6484000,-37.9850000,-14.2470000,15.2760000,0.000000,0,0,0
6.510,0.0161000,-0.0090000,9.6672000,32.9361000,31.6315000,28.8010000,-38.1330000,-14.0140000,14.6020000,0.000000,0,0,0
6.520,0.0831000,-0.0640000,9.6708000,32.9971000,31.6391000,29.2282000,-38.5300000,-14.2320000,14.7400000,0.000000,0,0,0
6.530,0.1812000,-0.1035000,9.6672000,33.0200000,31.6391000,30.1056000,-38.4720000,-14.2330000,15.0800000,0.000000,0,0,0
6.540,0.2745000,-0.0784000,9.6612000,32.9666000,31.6162000,30.8151000,-38.7450000,-14.4140000,14.9150000,0.000000,0,0,0
6.550,0.2949000,-0.0269000,9.6588000,32.9361000,31.6315000,30.6549000,-39.1080000,-14.3750000,14.4800000,0.000000,0,0,0
6.560,0.2375000,-0.0245000,9.6600000,32.8445000,31.6544000,29.9988000,-39.4140000,-14.5750000,14.4360000,0.000000,0,0,0
6.570,0.1430000,-0.0736000,9.6636000,32.6996000,31.6315000,29.6402000,-39.7090000,-14.1820000,14.9680000,0.000000,0,0,0
6.580,0.0353000,-0.1513000,9.6660000,32.6614000,31.5704000,30.1056000,-40.2670000,-14.5700000,14.8990000,0.000000,0,0,0
6.590,-0.0544000,-0.2171000,9.6672000,32.6691000,31.4560000,31.7917000,-40.5410000,-14.5790000,14.6870000,0.000000,0,0,0
6.600,-0.1059000,-0.2207000,9.6708000,32.7301000,31.2958000,34.3781000,-40.7200000,-14.7020000,14.7280000,0.000000,0,0,0
6.610,-0.1442000,-0.1705000,9.6708000,32.7759000,31.1737000,37.1933000,-40.6460000,-14.4480000,14.5530000,0.000000,0,0,0
6.620,-0.1645000,-0.0999000,9.6672000,32.7682000,31.0898000,39.6881000,-40.2660000,-14.8340000,14.6660000,0.000000,0,0,0
6.630,-0.1513000,-0.0413000,9.6660000,32.7835000,31.0440000,41.4200000,-40.8760000,-14.6930000,14.8380000,0.000000,0,0,0
6.640,-0.0843000,-0.0138000,9.6648000,32.8140000,31.0516000,42.3126000,-41.0000000,-15.1910000,13.9010000,0.000000,0,0,0
6.650,0.0496000,0.0042000,9.6672000,32.8598000,31.0669000,42.4881000,-41.3450000,-15.2860000,14.2380000,0.000000,0,0,0
6.660,0.1800000,0.0496000,9.6696000,32.8903000,31.0898000,41.9846000,-41.4880000,-15.0930000,13.7710000,0.000000,0,0,0
6.670,0.2590000,0.1202000,9.6672000,32.9361000,31.1661000,40.7639000,-41.5340000,-14.9010000,14.6020000,0.000000,0,0,0
6.680,0.3296000,0.1621000,9.6648000,32.9971000,31.3263000,39.1388000,-41.7390000,-15.1160000,13.8520000,0.000000,0,0,0
6.690,0.4037000,0.1657000,9.6660000,32.9971000,31.5094000,37.4832000,-42.1680000,-15.0140000,13.2550000,0.000000,0,0,0
6.700,0.4061000,0.1513000,9.6684000,32.9514000,31.7307000,35.7285000,-42.3370000,-14.7020000,13.6570000,0.000000,0,0,0
6.710,0.3523000,0.1286000,9.6684000,32.8979000,31.9443000,33.6990000,-42.5480000,-14.7770000,14.2860000,0.000000,0,0,0
6.720,0.2638000,0.0927000,9.6720000,32.8522000,32.1121000,31.6849000,-42.4580000,-14.5000000,13.5150000,0.000000,0,0,0
6.730,0.1047000,0.0748000,9.6744000,32.7911000,32.2418000,30.0751000,-42.6780000,-14.8160000,14.0470000,0.000000,0,0,0
6.740,-0.0700000,0.0508000,9.6672000,32.7835000,32.3410000,29.1367000,-42.7300000,-14.5590000,13.4420000,0.000000,0,0,0
6.750,-0.1633000,-0.0006000,9.6624000,32.8827000,32.3715000,29.2358000,-42.8650000,-14.7650000,13.5260000,0.000000,0,0,0
6.760,-0.1824000,-0.0317000,9.6612000,33.0276000,32.3715000,30.2658000,-43.2520000,-14.7300000,13.4120000,0.000000,0,0,0
6.770,-0.1406000,-0.0102000,9.6600000,33.1573000,32.3486000,31.3568000,-43.4290000,-14.6500000,13.4440000,0.000000,0,0,0
6.780,-0.0413000,0.0461000,9.6624000,33.1879000,32.2113000,31.7993000,-43.7940000,-14.6140000,13.2630000,0.000000,0,0,0
6.790,0.1107000,0.1011000,9.6672000,33.1802000,32.0206000,31.4102000,-44.1210000,-14.2100000,13.6550000,0.000000,0,0,0
6.800,0.2291000,0.1573000,9.6672000,33.1726000,31.8069000,30.7083000,-44.4280000,-14.3680000,13.7730000,0.000000,0,0,0
6.810,0.2554000,0.2351000,9.6636000,33.1039000,31.6086000,29.7852000,-44.4440000,-14.1030000,13.4210000,0.000000,0,0,0
6.820,0.1836000,0.2889000,9.6624000,32.9971000,31.4560000,28.7094000,-44.6800000,-14.0750000,13.1770000,0.000000,0,0,0
6.830,0.1274000,0.2530000,9.6648000,33.0429000,31.3263000,28.0991000,-44.8500000,-13.9590000,13.5660000,0.000000,0,0,0
6.840,0.0449000,0.1872000,9.6696000,33.0200000,31.2271000,28.4805000,-45.1850000,-13.6990000,13.5350000,0.000000,0,0,0
6.850,-0.1047000,0.1477000,9.6696000,32.9590000,31.1813000,29.2358000,-45.3850000,-13.6980000,13.8510000,0.000000,0,0,0
6.860,-0.1800000,0.0831000,9.6672000,32.9208000,31.1432000,29.9988000,-45.9150000,-13.8290000,13.0660000,0.000000,0,0,0
6.870,-0.1430000,0.0078000,9.6708000,32.8979000,31.1050000,30.9296000,-46.1080000,-13.4470000,13.0130000,0.000000,0,0,0
6.880,-0.1453000,-0.0173000,9.6732000,32.8903000,31.0822000,31.9595000,-46.0570000,-13.3240000,12.2260000,0.000000,0,0,0
6.890,-0.2219000,-0.0197000,9.6696000,32.9285000,31.0669000,32.7911000,-45.9940000,-12.9290000,12.2960000,0.000000,0,0,0
6.900,-0.3547000,-0.0592000,9.6684000,32.9437000,31.0669000,33.8440000,-46.5570000,-12.6690000,12.3210000,0.000000,0,0,0
6.910,-0.5629000,-0.0772000,9.6744000,32.9208000,31.0898000,35.1562000,-46.7300000,-13.0250000,12.1790000,0.000000,0,0,0
6.920,-0.7578000,-0.0568000,9.6816000,32.8827000,31.1661000,36.0031000,-46.7030000,-12.3920000,12.4910000,0.000000,0,0,0
6.930,-0.9134000,-0.0329000,9.6852000,32.8751000,31.2347000,36.3159000,-46.9440000,-12.5340000,11.7020000,0.000000,0,0,0
6.940,-0.9983000,0.0030000,9.6852000,32.7988000,31.3110000,36.3922000,-47.0770000,-12.4180000,11.6220000,0.000000,0,0,0
6.950,-0.9792000,0.0580000,9.6852000,32.7454000,31.3263000,36.2930000,-47.0170000,-12.0330000,11.8360000,0.000000,0,0,0
6.960,-0.8559000,0.1095000,9.6840000,32.8217000,31.2500000,35.9344000,-46.8680000,-11.8340000,11.7710000,0.000000,0,0,0
6.970,-0.7327000,0.1334000,9.6780000,32.9132000,31.1584000,35.4156000,-47.0600000,-11.5510000,12.1020000,0.000000,0,0,0
6.980,-0.6885000,0.1154000,9.6672000,32.9666000,31.0898000,33.9966000,-47.5670000,-11.5220000,11.3250000,0.000000,0,0,0
6.990,-0.7447000,0.0700000,9.6708000,32.9132000,31.0898000,32.2037000,-47.6400000,-11.3150000,10.8200000,0.000000,0,0,0
7.000,-0.8619000,0.0090000,9.6780000,32.8751000,31.1356000,30.1361000,-47.5480000,-11.3960000,10.2730000,0.000000,0,0,0
7.010,-1.0222000,-0.0425000,9.6792000,32.8598000,31.1737000,28.4958000,-47.5870000,-11.1170000,10.6300000,0.000000,0,0,0
7.020,-1.1562000,-0.0676000,9.6768000,32.8445000,31.2271000,27.7328000,-47.3920000,-10.6780000,10.7530000,0.000000,0,0,0
7.030,-1.2196000,-0.0484000,9.6780000,32.8827000,31.2805000,27.8320000,-47.6680000,-10.7180000,10.3940000,0.000000,0,0,0
7.040,-1.2160000,-0.0102000,9.6840000,32.9361000,31.3492000,28.4805000,-47.7710000,-10.4840000,10.6980000,0.000000,0,0,0
7.050,-1.1849000,0.0293000,9.6840000,32.9590000,31.3950000,29.1748000,-47.9850000,-10.7790000,10.7240000,0.000000,0,0,0
7.060,-1.1502000,0.0473000,9.6816000,32.9819000,31.4331000,29.6021000,-47.9140000,-10.4760000,10.1820000,0.000000,0,0,0
7.070,-1.1215000,0.0473000,9.6816000,32.9742000,31.4713000,29.7470000,-48.1260000,-10.2740000,10.2580000,0.000000,0,0,0
7.080,-1.0988000,0.0329000,9.6840000,32.9819000,31.4865000,29.7165000,-47.8370000,-10.3420000,10.3460000,0.000000,0,0,0
7.090,-1.0438000,0.0030000,9.6828000,32.9666000,31.4789000,29.8309000,-47.7040000,-10.1670000,9.4490000,0.000000,0,0,0
7.100,-0.9923000,-0.0317000,9.6804000,32.9437000,31.4865000,30.4337000,-47.8200000,-9.8590000,9.9150000,0.000000,0,0,0
7.110,-0.9337000,-0.0616000,9.6768000,32.9590000,31.4789000,31.6696000,-47.8080000,-9.7680000,10.1470000,0.000000,0,0,0
7.120,-0.8404000,-0.0724000,9.6756000,32.9590000,31.4865000,33.0429000,-47.9670000,-9.9710000,10.3800000,0.000000,0,0,0
7.130,-0.7160000,-0.0736000,9.6768000,32.9666000,31.4789000,34.2102000,-47.9340000,-9.8370000,10.4390000,0.000000,0,0,0
7.140,-0.5940000,-0.0640000,9.6756000,32.9819000,31.4713000,35.1486000,-47.9550000,-10.0080000,10.9590000,0.000000,0,0,0
7.150,-0.5126000,-0.0413000,9.6708000,32.9895000,31.4713000,35.6979000,-47.8580000,-9.9470000,10.5590000,0.000000,0,0,0
7.160,-0.4947000,-0.0185000,9.6696000,33.0048000,31.4713000,35.8810000,-47.6430000,-10.1190000,10.7530000,0.000000,0,0,0
7.170,-0.5497000,-0.0066000,9.6744000,33.0124000,31.4789000,36.0565000,-47.6860000,-9.6520000,10.3480000,0.000000,0,0,0
7.180,-0.6119000,-0.0018000,9.6792000,33.0276000,31.4865000,36.2854000,-47.7710000,-10.1110000,10.8790000,0.000000,0,0,0
7.190,-0.6310000,0.0018000,9.6804000,33.0276000,31.4865000,36.4532000,-47.4940000,-9.9760000,10.8170000,0.000000,0,0,0
7.200,-0.5796000,0.0126000,9.6780000,32.9895000,31.4865000,36.4075000,-47.6350000,-9.8090000,9.8490000,0.000000,0,0,0
7.210,-0.4935000,0.0341000,9.6756000,32.9590000,31.4713000,36.0260000,-47.7590000,-9.9130000,10.4450000,0.000000,0,0,0
7.220,-0.3906000,0.0568000,9.6756000,32.9514000,31.4560000,35.2707000,-47.4510000,-9.7110000,10.0670000,0.000000,0,0,0
7.230,-0.3116000,0.0664000,9.6744000,32.9437000,31.4407000,34.2636000,-47.5710000,-9.7740000,9.7200000,0.000000,0,0,0
7.240,-0.3068000,0.0568000,9.6732000,32.9437000,31.4407000,33.2642000,-47.7900000,-9.7990000,10.1820000,0.000000,0,0,0
7.250,-0.3679000,0.0365000,9.6720000,32.9514000,31.4560000,32.4097000,-47.4160000,-9.6530000,9.2730000,0.000000,0,0,0
7.260,-0.4396000,0.0102000,9.6744000,32.9361000,31.4636000,31.8222000,-47.6410000,-9.4990000,10.5440000,0.000000,0,0,0
7.270,-0.4779000,-0.0090000,9.6756000,32.9285000,31.4636000,31.5323000,-47.4470000,-9.6270000,9.8060000,0.000000,0,0,0
7.280,-0.4779000,-0.0138000,9.6744000,32.9132000,31.4713000,31.5094000,-47.8410000,-9.6860000,9.7630000,0.000000,0,0,0
7.290,-0.4468000,-0.0066000,9.6708000,32.9132000,31.4636000,31.6238000,-47.6330000,-9.3970000,9.7760000,0.000000,0,0,0
7.300,-0.4037000,0.0054000,9.6684000,32.9208000,31.4560000,31.7154000,-47.4040000,-9.5680000,9.5540000,0.000000,0,0,0
7.310,-0.3667000,0.0126000,9.6684000,32.9285000,31.4407000,31.6391000,-47.6720000,-9.5020000,10.2240000,0.000000,0,0,0
7.320,-0.3571000,0.0102000,9.6696000,32.9361000,31.4331000,31.4941000,-47.3770000,-9.5500000,9.4790000,0.000000,0,0,0
7.330,-0.3679000,0.0030000,9.6696000,32.9285000,31.4178000,31.2881000,-47.3400000,-9.5340000,9.6830000,0.000000,0,0,0
7.340,-0.3750000,-0.0066000,9.6708000,32.9208000,31.4026000,31.0669000,-47.7070000,-9.4570000,9.5710000,0.000000,0,0,0
7.350,-0.3619000,-0.0173000,9.6732000,32.9132000,31.3797000,30.9753000,-47.2980000,-9.4050000,9.3680000,0.000000,0,0,0
7.360,-0.3260000,-0.0245000,9.6732000,32.8979000,31.3721000,31.0822000,-47.4170000,-9.5960000,9.5990000,0.000000,0,0,0
7.370,-0.2805000,-0.0209000,9.6708000,32.8979000,31.3644000,31.3644000,-47.6400000,-9.5120000,9.4300000,0.000000,0,0,0
7.380,-0.2458000,-0.0102000,9.6684000,32.9132000,31.3644000,31.7154000,-47.5690000,-9.6490000,9.8050000,0.000000,0,0,0
7.390,-0.2363000,-0.0006000,9.6696000,32.9208000,31.3644000,32.0129000,-47.6610000,-9.6200000,10.3040000,0.000000,0,0,0
7.400,-0.2470000,0.0066000,9.6720000,32.9285000,31.3644000,32.1884000,-47.6980000,-9.5430000,9.7030000,0.000000,0,0,0
7.410,-0.2937000,0.0114000,9.6720000,32.9208000,31.3644000,32.2189000,-47.4790000,-9.4940000,9.7510000,0.000000,0,0,0
7.420,-0.3571000,0.0102000,9.6708000,32.9132000,31.3644000,32.1350000,-47.5550000,-9.6850000,9.9410000,0.000000,0,0,0
7.430,-0.3882000,0.0054000,9.6720000,32.9132000,31.3568000,31.9901000,-47.8060000,-9.5640000,9.7320000,0.000000,0,0,0
7.440,-0.3738000,-0.0006000,9.6756000,32.9132000,31.3568000,31.9214000,-47.9600000,-9.6840000,9.7700000,0.000000,0,0,0
7.450,-0.2913000,-0.0054000,9.6744000,32.9056000,31.3644000,31.9901000,-47.3020000,-9.3950000,9.6640000,0.000000,0,0,0
7.460,-0.1669000,-0.0102000,9.6720000,32.9132000,31.3644000,32.2571000,-47.3570000,-9.5430000,9.9790000,0.000000,0,0,0
7.470,-0.0640000,-0.0078000,9.6696000,32.9208000,31.3721000,32.6843000,-47.3770000,-9.5230000,10.5280000,0.000000,0,0,0
7.480,0.0054000,-0.0042000,9.6720000,32.9285000,31.3797000,33.0353000,-47.4710000,-9.4130000,10.2520000,0.000000,0,0,0
7.490,0.0078000,0.0018000,9.6756000,32.9285000,31.3797000,33.1650000,-47.4010000,-9.3930000,10.2780000,0.000000,0,0,0
7.500,-0.0305000,0.0042000,9.6744000,32.9285000,31.3644000,33.0887000,-47.2610000,-9.7710000,9.8610000,0.000000,0,0,0
7.510,-0.0855000,0.0054000,9.6732000,32.9361000,31.3416000,32.9514000,-47.5080000,-9.4960000,9.6180000,0.000000,0,0,0
7.520,-0.1442000,0.0054000,9.6720000,32.9437000,31.3187000,32.7835000,-47.1400000,-9.6280000,10.0750000,0.000000,0,0,0
7.530,-0.1741000,0.0066000,9.6720000,32.9361000,31.3034000,32.5623000,-47.3080000,-9.7900000,10.2760000,0.000000,0,0,0
7.540,-0.1621000,0.0042000,9.6684000,32.9285000,31.3034000,32.3105000,-47.4440000,-9.6100000,10.1220000,0.000000,0,0,0
7.550,-0.1178000,0.0042000,9.6636000,32.9208000,31.3110000,32.0663000,-47.3330000,-9.5060000,10.3880000,0.000000,0,0,0
7.560,-0.0532000,0.0054000,9.6648000,32.9132000,31.3263000,31.7612000,-47.1590000,-9.5400000,10.0820000,0.000000,0,0,0
7.570,-0.0150000,0.0078000,9.6684000,32.8979000,31.3492000,31.3644000,-46.9160000,-9.3320000,10.1790000,0.000000,0,0,0
7.580,-0.0173000,0.0090000,9.6684000,32.8827000,31.3644000,30.8838000,-47.3640000,-9.3200000,10.1850000,0.000000,0,0,0
7.590,-0.0556000,0.0066000,9.6684000,32.8751000,31.3797000,30.4031000,-47.3880000,-9.3960000,9.3100000,0.000000,0,0,0
7.600,-0.1430000,0.0042000,9.6684000,32.8598000,31.3950000,30.0903000,-47.1810000,-9.3610000,9.5510000,0.000000,0,0,0
7.610,-0.2267000,0.0006000,9.6696000,32.8522000,31.4102000,29.9911000,-47.3230000,-9.2940000,9.6120000,0.000000,0,0,0
7.620,-0.2745000,-0.0030000,9.6708000,32.8522000,31.4484000,30.2429000,-47.2610000,-9.4190000,9.7880000,0.000000,0,0,0
7.630,-0.2757000,-0.0018000,9.6684000,32.8598000,31.4636000,30.5405000,-47.0930000,-9.2140000,9.5030000,0.000000,0,0,0
7.640,-0.2530000,0.0018000,9.6696000,32.8598000,31.4789000,30.8228000,-47.0970000,-9.4690000,9.7380000,0.000000,0,0,0
7.650,-0.2267000,0.0030000,9.6732000,32.8598000,31.4789000,31.0440000,-47.3940000,-9.3870000,9.3650000,0.000000,0,0,0
7.660,-0.2099000,0.0066000,9.6744000,32.8598000,31.4865000,31.1584000,-47.1990000,-9.5150000,9.8170000,0.000000,0,0,0
7.670,-0.1920000,0.0078000,9.6744000,32.8598000,31.4865000,31.1584000,-47.3170000,-9.2960000,9.5600000,0.000000,0,0,0
7.680,-0.1657000,0.0078000,9.6756000,32.8598000,31.4865000,31.0822000,-47.1260000,-9.5630000,9.5520000,0.000000,0,0,0
7.690,-0.1334000,0.0042000,9.6756000,32.8598000,31.4865000,30.9753000,-47.0290000,-9.7620000,9.8390000,0.000000,0,0,0
7.700,-0.0855000,-0.0006000,9.6744000,32.8751000,31.4789000,30.8914000,-47.0090000,-9.7490000,9.7900000,0.000000,0,0,0
7.710,-0.0425000,-0.0030000,9.6708000,32.8827000,31.4789000,30.8533000,-47.2310000,-9.3960000,9.7860000,0.000000,0,0,0
7.720,-0.0233000,-0.0042000,9.6684000,32.8827000,31.4636000,30.8685000,-47.2290000,-9.8480000,9.8410000,0.000000,0,0,0
7.730,-0.0401000,-0.0018000,9.6684000,32.8827000,31.4484000,30.8685000,-47.1190000,-9.6640000,9.6220000,0.000000,0,0,0
7.740,-11.6106000,5.5251000,0.0000000,32.2037000,30.8151000,30.2963000,-47.1510000,-9.5890000,9.7130000,0.000000,0,0,0
7.750,-0.1130000,0.0030000,9.6696000,32.8751000,31.4102000,30.7922000,-47.5490000,-9.5860000,9.0590000,0.000000,0,0,0
7.760,-0.1310000,0.0042000,9.6696000,32.8674000,31.3873000,30.7388000,-47.1770000,-9.7580000,8.8800000,0.000000,0,0,0
7.770,-0.1298000,0.0018000,9.6696000,32.8674000,31.3721000,30.7007000,-47.1510000,-9.5300000,9.4630000,0.000000,0,0,0
7.780,-0.1202000,0.0018000,9.6684000,32.8674000,31.3644000,30.7007000,-47.0740000,-9.5330000,9.1640000,0.000000,0,0,0
7.790,-0.1130000,0.0030000,9.6684000,32.8751000,31.3568000,30.7083000,-47.1720000,-9.5800000,9.5110000,0.000000,0,0,0
7.800,-0.1059000,0.0018000,9.6696000,32.8751000,31.3568000,30.7236000,-47.3570000,-9.6670000,9.4190000,0.000000,0,0,0
7.810,-0.1011000,0.0018000,9.6732000,32.8751000,31.3492000,30.7312000,-46.9190000,-9.4510000,9.4200000,0.000000,0,0,0
7.820,-0.0963000,0.0030000,9.6756000,32.8827000,31.3416000,30.7312000,-47.4120000,-9.5630000,9.7480000,0.000000,0,0,0
7.830,-0.0903000,0.0042000,9.6756000,32.8827000,31.3416000,30.7236000,-47.4140000,-9.8240000,9.6770000,0.000000,0,0,0
7.840,-0.0831000,0.0030000,9.6732000,32.8827000,31.3339000,30.7159000,-47.3560000,-9.8020000,10.5580000,0.000000,0,0,0
7.850,-0.0784000,0.0042000,9.6708000,32.8751000,31.3339000,30.7159000,-47.1140000,-9.8820000,9.7420000,0.000000,0,0,0
7.860,-0.0748000,0.0042000,9.6720000,32.8751000,31.3339000,30.7083000,-46.9790000,-9.7180000,10.0320000,0.000000,0,0,0
7.870,-0.0736000,0.0042000,9.6732000,32.8751000,31.3339000,30.7007000,-47.0260000,-9.6860000,9.8680000,0.000000,0,0,0
7.880,-0.0724000,0.0042000,9.6732000,32.8751000,31.3416000,30.7007000,-47.2540000,-9.5700000,9.8930000,0.000000,0,0,0
7.890,-0.0724000,0.0042000,9.6732000,32.8751000,31.3416000,30.7007000,-47.1110000,-9.4770000,9.7400000,0.000000,0,0,0
7.900,-0.0736000,0.0030000,9.6744000,32.8751000,31.3492000,30.7083000,-47.1660000,-9.4900000,10.3000000,0.000000,0,0,0
7.910,-0.0736000,0.0030000,9.6756000,32.8751000,31.3416000,30.7083000,-47.0850000,-9.3200000,10.7150000,0.000000,0,0,0
7.920,-0.0748000,0.0018000,9.6744000,32.8827000,31.3339000,30.7083000,-47.1800000,-9.1630000,10.1770000,0.000000,0,0,0
7.930,-0.0748000,-0.0006000,9.6720000,32.8751000,31.3187000,30.7007000,-47.0020000,-9.3240000,9.8700000,0.000000,0,0,0
7.940,-0.0760000,-0.0006000,9.6696000,32.8751000,31.3110000,30.7007000,-47.3340000,-9.4220000,10.1710000,0.000000,0,0,0
7.950,-0.0772000,-0.0006000,9.6696000,32.8674000,31.3034000,30.7007000,-47.1520000,-9.5380000,9.8920000,0.000000,0,0,0
7.960,-0.0772000,-0.0006000,9.6708000,32.8598000,31.3034000,30.7007000,-47.4560000,-9.5650000,10.1070000,0.000000,0,0,0
7.970,-0.0772000,0.0006000,9.6720000,32.8522000,31.3110000,30.7007000,-46.8840000,-9.4510000,9.7850000,0.000000,0,0,0
7.980,-0.0772000,0.0018000,9.6720000,32.8522000,31.3187000,30.7007000,-47.0530000,-9.2530000,10.3780000,0.000000,0,0,0
7.990,-0.0760000,0.0018000,9.6720000,32.8598000,31.3187000,30.7083000,-46.8940000,-9.4320000,9.7660000,0.000000,0,0,0
8.000,-0.0772000,0.0018000,9.6720000,32.8598000,31.3110000,30.7159000,-47.1270000,-9.3200000,9.5470000,0.000000,0,0,0
8.010,-0.0784000,0.0018000,9.6708000,32.8674000,31.3034000,30.7159000,-47.1250000,-9.2610000,9.7010000,0.000000,0,0,0
8.020,-0.0784000,0.0018000,9.6708000,32.8751000,31.2881000,30.7236000,-47.2400000,-9.3030000,10.1230000,0.000000,0,0,0
8.030,-0.0796000,0.0018000,9.6708000,32.8751000,31.2729000,30.7236000,-47.2230000,-9.3160000,9.4210000,0.000000,0,0,0
8.040,-0.0796000,0.0006000,9.6708000,32.8751000,31.2653000,30.7236000,-47.3440000,-9.2350000,10.1400000,0.000000,0,0,0
8.050,-0.0784000,-0.0006000,9.6720000,32.8751000,31.2729000,30.7159000,-47.3190000,-9.3840000,10.0130000,0.000000,0,0,0
8.060,-0.0760000,-0.0006000,9.6708000,32.8751000,31.2805000,30.7236000,-46.9430000,-9.5090000,9.9340000,0.000000,0,0,0
8.070,-0.0736000,-0.0006000,9.6720000,32.8751000,31.2958000,30.7236000,-46.9470000,-9.3180000,9.7630000,0.000000,0,0,0
8.080,-0.0736000,0.0006000,9.6744000,32.8751000,31.3034000,30.7236000,-47.4270000,-9.4860000,10.4890000,0.000000,0,0,0
8.090,-0.0748000,0.0006000,9.6744000,32.8751000,31.3110000,30.7312000,-46.9630000,-9.5580000,10.1570000,0.000000,0,0,0
8.100,-0.0748000,0.0006000,9.6744000,32.8751000,31.3187000,30.7388000,-46.8240000,-9.2820000,10.1120000,0.000000,0,0,0
8.110,-0.0736000,-0.0006000,9.6732000,32.8827000,31.3339000,30.7388000,-47.1920000,-9.3790000,9.8910000,0.000000,0,0,0
8.120,-0.0724000,-0.0018000,9.6720000,32.8827000,31.3416000,30.7312000,-47.1170000,-9.4900000,10.4820000,0.000000,0,0,0
8.130,-0.0724000,-0.0018000,9.6708000,32.8751000,31.3568000,30.7236000,-47.1370000,-9.5320000,10.6080000,0.000000,0,0,0
8.140,-0.0736000,-0.0018000,9.6708000,32.8751000,31.3644000,30.7236000,-47.0610000,-9.4110000,10.2930000,0.000000,0,0,0
8.150,-0.0748000,0.0006000,9.6708000,32.8827000,31.3644000,30.7236000,-47.2120000,-9.5350000,9.2800000,0.000000,0,0,0
8.160,-0.0748000,0.0018000,9.6720000,32.8827000,31.3568000,30.7159000,-47.0580000,-9.1650000,9.5970000,0.000000,0,0,0
8.170,-0.0724000,0.0030000,9.6720000,32.8827000,31.3416000,30.7159000,-47.2720000,-9.2430000,9.2050000,0.000000,0,0,0
8.180,-0.0712000,0.0042000,9.6732000,32.8903000,31.3263000,30.7083000,-47.3000000,-9.3930000,9.7450000,0.000000,0,0,0
8.190,-0.0724000,0.0030000,9.6732000,32.8827000,31.3110000,30.7083000,-46.9530000,-9.3410000,9.8480000,0.000000,0,0,0
8.200,-0.0736000,0.0006000,9.6732000,32.8751000,31.2958000,30.7083000,-46.8980000,-9.5650000,9.3870000,0.000000,0,0,0
8.210,-0.0748000,-0.0006000,9.6720000,32.8674000,31.2805000,30.7083000,-46.9720000,-9.3870000,9.6540000,0.000000,0,0,0
8.220,-0.0748000,-0.0006000,9.6696000,32.8598000,31.2805000,30.7083000,-46.9550000,-9.3420000,10.0630000,0.000000,0,0,0
8.230,-0.0724000,-0.0006000,9.6696000,32.8522000,31.2805000,30.7083000,-47.3780000,-9.3140000,9.5450000,0.000000,0,0,0
8.240,-0.0724000,0.0006000,9.6708000,32.8598000,31.2805000,30.7159000,-47.3350000,-9.5430000,9.6920000,0.000000,0,0,0
8.250,-0.0724000,-0.0006000,9.6720000,32.8598000,31.2805000,30.7236000,-47.1190000,-9.2980000,9.4230000,0.000000,0,0,0
8.260,-0.0736000,-0.0006000,9.6720000,32.8674000,31.2729000,30.7236000,-47.3410000,-9.5510000,9.5980000,0.000000,0,0,0
8.270,-0.0748000,-0.0006000,9.6732000,32.8751000,31.2653000,30.7159000,-47.4670000,-9.2170000,10.0170000,0.000000,0,0,0
8.280,-0.0748000,0.0006000,9.6744000,32.8674000,31.2653000,30.7083000,-47.2540000,-9.4990000,9.7220000,0.000000,0,0,0
8.290,-0.0760000,0.0018000,9.6744000,32.8674000,31.2805000,30.7083000,-47.3130000,-9.2200000,9.3380000,0.000000,0,0,0
8.300,-0.0760000,0.0018000,9.6732000,32.8674000,31.2958000,30.7083000,-47.6220000,-9.3150000,9.8450000,0.000000,0,0,0
8.310,-0.0748000,0.0018000,9.6720000,32.8674000,31.3034000,30.7007000,-47.1610000,-9.2680000,9.9760000,0.000000,0,0,0
8.320,-0.0748000,0.0018000,9.6720000,32.8674000,31.3110000,30.7007000,-47.2890000,-9.2530000,9.8010000,0.000000,0,0,0
8.330,-0.0748000,0.0018000,9.6732000,32.8674000,31.3187000,30.7007000,-47.0710000,-9.2780000,10.3960000,0.000000,0,0,0
8.340,-0.0736000,0.0030000,9.6720000,32.8674000,31.3187000,30.7083000,-47.1460000,-9.3910000,10.5090000,0.000000,0,0,0
8.350,-0.0748000,0.0030000,9.6732000,32.8674000,31.3187000,30.7159000,-46.8800000,-9.5030000,9.7360000,0.000000,0,0,0
8.360,-0.0748000,0.0018000,9.6744000,32.8674000,31.3110000,30.7236000,-47.1730000,-9.4320000,9.9950000,0.000000,0,0,0
8.370,-0.0736000,0.0006000,9.6756000,32.8751000,31.3034000,30.7236000,-47.0500000,-9.1430000,9.3620000,0.000000,0,0,0
8.380,-0.0724000,-0.0006000,9.6756000,32.8751000,31.3034000,30.7236000,-47.3400000,-9.4340000,9.5190000,0.000000,0,0,0
8.390,-0.0724000,-0.0006000,9.6756000,32.8751000,31.3110000,30.7159000,-47.1790000,-9.2650000,9.6070000,0.000000,0,0,0
8.400,-0.0724000,-0.0006000,9.6768000,32.8827000,31.3263000,30.7159000,-47.2350000,-9.4160000,9.6120000,0.000000,0,0,0
8.410,-0.0748000,0.0006000,9.6768000,32.8903000,31.3416000,30.7083000,-47.0850000,-9.1130000,9.2530000,0.000000,0,0,0
8.420,-0.0760000,0.0018000,9.6768000,32.8903000,31.3568000,30.7083000,-47.5190000,-9.7360000,10.0450000,0.000000,0,0,0
8.430,-0.0772000,0.0030000,9.6756000,32.8979000,31.3644000,30.7159000,-47.2190000,-9.3340000,10.0390000,0.000000,0,0,0
8.440,-0.0772000,0.0018000,9.6744000,32.8979000,31.3644000,30.7159000,-47.1850000,-9.6940000,9.3440000,0.000000,0,0,0
8.450,-0.0772000,0.0006000,9.6744000,32.8979000,31.3568000,30.7159000,-47.2430000,-9.2140000,9.5000000,0.000000,0,0,0
8.460,-0.0772000,-0.0018000,9.6732000,32.8979000,31.3416000,30.7159000,-47.0730000,-9.6460000,10.3920000,0.000000,0,0,0
8.470,-0.0772000,-0.0030000,9.6732000,32.8979000,31.3263000,30.7159000,-46.8570000,-9.3870000,9.3230000,0.000000,0,0,0
8.480,-0.0760000,-0.0018000,9.6732000,32.8979000,31.3187000,30.7159000,-46.9630000,-9.2980000,9.3740000,0.000000,0,0,0
8.490,-0.0736000,-0.0018000,9.6744000,32.8979000,31.3187000,30.7159000,-47.0750000,-8.9740000,9.7940000,0.000000,0,0,0
8.500,-0.0748000,-0.0018000,9.6768000,32.8903000,31.3187000,30.7159000,-47.3150000,-9.4440000,9.8510000,0.000000,0,0,0
8.510,-0.0748000,-0.0006000,9.6780000,32.8903000,31.3339000,30.7236000,-46.8590000,-9.1800000,9.7320000,0.000000,0,0,0
8.520,-0.0736000,0.0006000,9.6756000,32.8903000,31.3416000,30.7312000,-47.1450000,-9.2240000,10.5460000,0.000000,0,0,0
8.530,-0.0724000,0.0018000,9.6756000,32.8979000,31.3492000,30.7388000,-47.2630000,-9.8300000,10.3050000,0.000000,0,0,0
8.540,-0.0724000,0.0030000,9.6756000,32.9056000,31.3568000,30.7465000,-47.2210000,-9.4720000,9.9730000,0.000000,0,0,0
8.550,-0.0736000,0.0018000,9.6744000,32.9056000,31.3721000,30.7541000,-47.1160000,-9.2510000,9.3600000,0.000000,0,0,0
8.560,-0.0736000,0.0006000,9.6732000,32.9056000,31.3721000,30.7541000,-47.1300000,-9.6390000,9.6650000,0.000000,0,0,0
8.570,-0.0736000,-0.0030000,9.6732000,32.8979000,31.3644000,30.7541000,-47.0810000,-9.6470000,9.9450000,0.000000,0,0,0
8.580,-0.0748000,-0.0042000,9.6744000,32.8903000,31.3568000,30.7465000,-47.3790000,-9.3740000,9.2890000,0.000000,0,0,0
8.590,-0.0772000,-0.0030000,9.6756000,32.8751000,31.3568000,30.7312000,-47.2230000,-9.1660000,9.3400000,0.000000,0,0,0
8.600,-0.0760000,-0.0018000,9.6756000,32.8751000,31.3492000,30.7236000,-47.2050000,-9.5420000,9.2870000,0.000000,0,0,0
8.610,-0.0748000,-0.0018000,9.6744000,32.8827000,31.3568000,30.7159000,-47.1770000,-9.2260000,9.0150000,0.000000,0,0,0
8.620,-0.0748000,-0.0006000,9.6768000,32.8827000,31.3644000,30.7159000,-47.3280000,-9.6090000,9.2210000,0.000000,0,0,0
8.630,-0.0736000,0.0006000,9.6792000,32.8827000,31.3721000,30.7159000,-47.3650000,-9.3800000,10.1220000,0.000000,0,0,0
8.640,-0.0736000,0.0018000,9.6792000,32.8827000,31.3721000,30.7159000,-47.6210000,-9.0780000,10.3350000,0.000000,0,0,0
8.650,-0.0736000,0.0006000,9.6756000,32.8827000,31.3644000,30.7159000,-47.3390000,-9.2530000,9.5290000,0.000000,0,0,0
8.660,-0.0736000,-0.0006000,9.6744000,32.8827000,31.3568000,30.7159000,-46.9990000,-9.6590000,9.8750000,0.000000,0,0,0
8.670,-0.0748000,0.0006000,9.6756000,32.8827000,31.3568000,30.7236000,-47.0900000,-9.6560000,9.2670000,0.000000,0,0,0
8.680,-0.0760000,0.0006000,9.6768000,32.8827000,31.3568000,30.7236000,-47.0880000,-9.5260000,9.5540000,0.000000,0,0,0
8.690,-0.0760000,0.0018000,9.6756000,32.8903000,31.3568000,30.7236000,-47.2980000,-9.3840000,9.5050000,0.000000,0,0,0
8.700,-0.0772000,0.0030000,9.6756000,32.8903000,31.3492000,30.7236000,-47.0510000,-9.3930000,8.9510000,0.000000,0,0,0
8.710,-0.0772000,0.0042000,9.6756000,32.8903000,31.3492000,30.7236000,-47.2180000,-9.6280000,8.7630000,0.000000,0,0,0
8.720,-0.0772000,0.0054000,9.6744000,32.8903000,31.3492000,30.7159000,-47.4430000,-9.3290000,9.2860000,0.000000,0,0,0
8.730,-0.0760000,0.0054000,9.6720000,32.8903000,31.3492000,30.7083000,-47.2290000,-9.2700000,9.1570000,0.000000,0,0,0
8.740,-0.0760000,0.0042000,9.6708000,32.8903000,31.3492000,30.7083000,-47.3010000,-9.4950000,9.5110000,0.000000,0,0,0
8.750,-0.0760000,0.0030000,9.6720000,32.8903000,31.3492000,30.7159000,-47.1160000,-9.4900000,9.2100000,0.000000,0,0,0
8.760,-0.0760000,0.0006000,9.6732000,32.8751000,31.3416000,30.7236000,-47.2510000,-9.5310000,9.6230000,0.000000,0,0,0
8.770,-0.0760000,-0.0006000,9.6732000,32.8751000,31.3339000,30.7236000,-47.2090000,-9.4740000,9.3190000,0.000000,0,0,0
8.780,-0.0772000,-0.0006000,9.6720000,32.8827000,31.3263000,30.7312000,-47.1050000,-9.5500000,9.7180000,0.000000,0,0,0
8.790,-0.0784000,-0.0006000,9.6720000,32.8827000,31.3187000,30.7312000,-47.0860000,-9.6090000,9.4330000,0.000000,0,0,0
8.800,-0.0784000,0.0006000,9.6720000,32.8903000,31.3110000,30.7312000,-47.1830000,-9.4180000,9.7750000,0.000000,0,0,0
8.810,-0.0784000,0.0006000,9.6720000,32.8979000,31.3034000,30.7312000,-47.2270000,-9.5720000,9.6070000,0.000000,0,0,0
8.820,-0.0796000,-0.0018000,9.6720000,32.8903000,31.3034000,30.7388000,-47.1610000,-9.7850000,9.3440000,0.000000,0,0,0
8.830,-0.0784000,-0.0042000,9.6732000,32.8903000,31.3110000,30.7388000,-47.1380000,-9.5390000,10.0210000,0.000000,0,0,0
8.840,-0.0784000,-0.0042000,9.6744000,32.8827000,31.3187000,30.7465000,-47.0450000,-9.8560000,9.5600000,0.000000,0,0,0
8.850,-0.0784000,-0.0054000,9.6744000,32.8827000,31.3339000,30.7465000,-46.9790000,-9.3800000,9.7450000,0.000000,0,0,0
8.860,-0.0784000,-0.0054000,9.6756000,32.8827000,31.3492000,30.7465000,-47.1840000,-9.5420000,9.6370000,0.000000,0,0,0
8.870,-0.0784000,-0.0042000,9.6756000,32.8979000,31.3568000,30.7465000,-47.1320000,-9.4820000,9.9530000,0.000000,0,0,0
8.880,-0.0784000,-0.0018000,9.6732000,32.8979000,31.3568000,30.7388000,-47.1670000,-9.5470000,10.1390000,0.000000,0,0,0
8.890,-0.0784000,-0.0006000,9.6720000,32.8979000,31.3644000,30.7312000,-47.0000000,-9.4720000,10.3150000,0.000000,0,0,0
8.900,-0.0784000,-0.0006000,9.6744000,32.8979000,31.3721000,30.7236000,-47.0540000,-9.4570000,10.0680000,0.000000,0,0,0
8.910,-0.0772000,-0.0006000,9.6756000,32.8979000,31.3721000,30.7236000,-46.8350000,-9.4370000,9.6150000,0.000000,0,0,0
8.920,-0.0772000,-0.0018000,9.6756000,32.8903000,31.3644000,30.7159000,-47.1800000,-9.3160000,10.1060000,0.000000,0,0,0
8.930,-0.0772000,-0.0018000,9.6744000,32.8827000,31.3492000,30.7159000,-46.9670000,-9.2660000,9.3390000,0.000000,0,0,0
8.940,-0.0772000,-0.0006000,9.6732000,32.8751000,31.3416000,30.7159000,-47.1160000,-9.4320000,9.9970000,0.000000,0,0,0
8.950,-0.0772000,-0.0006000,9.6720000,32.8674000,31.3416000,30.7236000,-47.3380000,-9.1220000,10.1360000,0.000000,0,0,0
8.960,-0.0784000,0.0006000,9.6720000,32.8751000,31.3416000,30.7236000,-47.1740000,-9.3600000,9.9200000,0.000000,0,0,0
8.970,-0.0772000,0.0018000,9.6708000,32.8751000,31.3416000,30.7236000,-46.9980000,-9.4130000,9.7340000,0.000000,0,0,0
8.980,-0.0760000,0.0018000,9.6708000,32.8674000,31.3492000,30.7312000,-46.9760000,-9.5560000,9.6740000,0.000000,0,0,0
8.990,-0.0760000,0.0018000,9.6720000,32.8674000,31.3492000,30.7236000,-47.2400000,-9.3040000,9.3390000,0.000000,0,0,0
9.000,-0.0760000,0.0006000,9.6732000,32.8674000,31.3568000,30.7236000,-47.4110000,-9.6990000,9.4870000,0.000000,0,0,0
9.010,-0.0760000,-0.0006000,9.6720000,32.8674000,31.3492000,30.7159000,-46.9910000,-9.3270000,9.3340000,0.000000,0,0,0
9.020,-0.0760000,-0.0018000,9.6720000,32.8674000,31.3416000,30.7159000,-47.1440000,-9.5390000,10.0730000,0.000000,0,0,0
9.030,-0.0760000,-0.0030000,9.6720000,32.8751000,31.3339000,30.7159000,-46.9960000,-9.3250000,9.5320000,0.000000,0,0,0
9.040,-0.0760000,-0.0030000,9.6732000,32.8827000,31.3339000,30.7159000,-47.1270000,-9.6150000,10.1130000,0.000000,0,0,0
9.050,-0.0772000,-0.0006000,9.6744000,32.8903000,31.3263000,30.7236000,-46.8640000,-9.6160000,10.2580000,0.000000,0,0,0
9.060,-0.0784000,0.0006000,9.6756000,32.8903000,31.3187000,30.7159000,-47.5640000,-9.6080000,9.9450000,0.000000,0,0,0
9.070,-0.0796000,0.0006000,9.6768000,32.8903000,31.3187000,30.7236000,-46.8430000,-9.4290000,10.3000000,0.000000,0,0,0
9.080,-0.0796000,0.0018000,9.6768000,32.8827000,31.3110000,30.7236000,-47.2640000,-9.4790000,10.5670000,0.000000,0,0,0
9.090,-0.0784000,0.0006000,9.6756000,32.8827000,31.3034000,30.7236000,-47.2130000,-9.5150000,10.3190000,0.000000,0,0,0
9.100,-0.0772000,-0.0006000,9.6744000,32.8827000,31.3034000,30.7236000,-47.1630000,-9.6010000,10.1930000,0.000000,0,0,0
9.110,-0.0772000,-0.0018000,9.6744000,32.8827000,31.3034000,30.7236000,-47.1620000,-9.2480000,10.0390000,0.000000,0,0,0
9.120,-0.0772000,-0.0042000,9.6744000,32.8751000,31.3034000,30.7236000,-47.1800000,-9.2580000,10.0290000,0.000000,0,0,0
9.130,-0.0772000,-0.0042000,9.6744000,32.8751000,31.3034000,30.7236000,-46.9620000,-9.4700000,10.2780000,0.000000,0,0,0
9.140,-0.0772000,-0.0042000,9.6732000,32.8751000,31.3034000,30.7236000,-47.0420000,-9.5070000,10.0600000,0.000000,0,0,0
9.150,-0.0772000,-0.0030000,9.6732000,32.8827000,31.3110000,30.7312000,-46.5280000,-9.5950000,9.4260000,0.000000,0,0,0
9.160,-0.0772000,-0.0006000,9.6732000,32.8827000,31.3187000,30.7312000,-46.9870000,-9.6680000,10.1750000,0.000000,0,0,0
9.170,-0.0748000,0.0006000,9.6720000,32.8903000,31.3187000,30.7312000,-46.8650000,-9.4810000,9.8150000,0.000000,0,0,0
9.180,-0.0736000,0.0030000,9.6720000,32.8903000,31.3110000,30.7312000,-47.2130000,-9.5360000,9.8680000,0.000000,0,0,0
9.190,-0.0724000,0.0030000,9.6708000,32.8903000,31.3110000,30.7312000,-46.8730000,-9.4600000,9.4620000,0.000000,0,0,0
9.200,-0.0736000,0.0030000,9.6708000,32.8903000,31.3110000,30.7312000,-47.1660000,-9.5100000,9.9220000,0.000000,0,0,0
9.210,-0.0748000,0.0030000,9.6720000,32.8827000,31.3110000,30.7312000,-47.1280000,-9.2650000,10.0950000,0.000000,0,0,0
9.220,-0.0772000,0.0018000,9.6720000,32.8827000,31.3187000,30.7312000,-47.1600000,-9.3670000,9.7300000,0.000000,0,0,0
9.230,-0.0784000,0.0018000,9.6720000,32.8827000,31.3187000,30.7312000,-47.2300000,-9.3210000,9.1000000,0.000000,0,0,0
9.240,-0.0784000,0.0006000,9.6708000,32.8903000,31.3187000,30.7312000,-46.9980000,-9.8870000,10.6610000,0.000000,0,0,0
9.250,-0.0784000,0.0006000,9.6708000,32.8903000,31.3263000,30.7312000,-47.0260000,-9.5420000,9.8120000,0.000000,0,0,0
9.260,-0.0784000,0.0018000,9.6696000,32.8827000,31.3263000,30.7312000,-47.2420000,-9.6290000,10.2930000,0.000000,0,0,0
9.270,-0.0772000,0.0018000,9.6708000,32.8827000,31.3263000,30.7236000,-47.1860000,-9.4360000,10.0960000,0.000000,0,0,0
9.280,-0.0772000,0.0018000,9.6720000,32.8903000,31.3187000,30.7159000,-47.4210000,-9.2700000,10.0700000,0.000000,0,0,0
9.290,-0.0784000,-0.0006000,9.6732000,32.8903000,31.3187000,30.7083000,-47.2370000,-9.2080000,9.8550000,0.000000,0,0,0
9.300,-0.0807000,-0.0018000,9.6732000,32.8827000,31.3110000,30.7083000,-47.1070000,-9.5800000,9.8330000,0.000000,0,0,0
9.310,-0.0819000,-0.0018000,9.6744000,32.8827000,31.3034000,30.7083000,-47.1920000,-9.0690000,9.5950000,0.000000,0,0,0
9.320,-0.0807000,-0.0006000,9.6744000,32.8827000,31.2958000,30.7083000,-47.1650000,-9.5510000,9.9340000,0.000000,0,0,0
9.330,-0.0784000,-0.0006000,9.6732000,32.8827000,31.2958000,30.7083000,-46.9150000,-9.4170000,9.7000000,0.000000,0,0,0
9.340,-0.0772000,0.0018000,9.6720000,32.8827000,31.2958000,30.7159000,-47.1590000,-9.4950000,9.8630000,0.000000,0,0,0
9.350,-0.0748000,0.0030000,9.6720000,32.8827000,31.3034000,30.7083000,-47.1520000,-9.3730000,9.8500000,0.000000,0,0,0
9.360,-0.0736000,0.0018000,9.6756000,32.8827000,31.3110000,30.7159000,-46.9630000,-9.5720000,10.3470000,0.000000,0,0,0
9.370,-0.0736000,0.0018000,9.6768000,32.8827000,31.3263000,30.7159000,-47.0070000,-9.0260000,9.5050000,0.000000,0,0,0
9.380,-0.0748000,0.0006000,9.6780000,32.8751000,31.3416000,30.7083000,-46.8320000,-9.7350000,10.0640000,0.000000,0,0,0
9.390,-0.0760000,0.0006000,9.6768000,32.8751000,31.3568000,30.7159000,-46.9630000,-9.5370000,10.6590000,0.000000,0,0,0
9.400,-0.0772000,0.0006000,9.6756000,32.8751000,31.3644000,30.7159000,-46.8690000,-9.5200000,9.8240000,0.000000,0,0,0
9.410,-0.0784000,0.0006000,9.6732000,32.8827000,31.3644000,30.7159000,-46.9390000,-9.3390000,9.4230000,0.000000,0,0,0
9.420,-0.0784000,0.0006000,9.6732000,32.8903000,31.3644000,30.7083000,-47.0640000,-9.3360000,9.8790000,0.000000,0,0,0
9.430,-0.0796000,0.0018000,9.6732000,32.8903000,31.3568000,30.7159000,-47.0960000,-9.3170000,9.3450000,0.000000,0,0,0
9.440,-0.0796000,0.0006000,9.6732000,32.8903000,31.3492000,30.7159000,-47.0300000,-9.4960000,9.6880000,0.000000,0,0,0
9.450,-0.0796000,-0.0006000,9.6732000,32.8903000,31.3416000,30.7236000,-46.9970000,-9.4700000,9.5040000,0.000000,0,0,0
9.460,-0.0796000,-0.0018000,9.6732000,32.8903000,31.3339000,30.7236000,-47.1860000,-9.4450000,10.2770000,0.000000,0,0,0
9.470,-0.0807000,-0.0018000,9.6732000,32.8827000,31.3263000,30.7236000,-47.0660000,-9.4380000,10.3490000,0.000000,0,0,0
9.480,-0.0796000,-0.0018000,9.6720000,32.8751000,31.3339000,30.7312000,-47.4570000,-9.5940000,10.4210000,0.000000,0,0,0
9.490,-0.0796000,0.0006000,9.6708000,32.8751000,31.3339000,30.7388000,-46.9040000,-9.2390000,9.6340000,0.000000,0,0,0
9.500,-0.0784000,0.0006000,9.6720000,32.8751000,31.3339000,30.7388000,-47.0830000,-9.3760000,10.1330000,0.000000,0,0,0
9.510,-0.0784000,0.0006000,9.6720000,32.8751000,31.3416000,30.7388000,-47.1110000,-9.3390000,9.9190000,0.000000,0,0,0
9.520,-0.0796000,-0.0006000,9.6720000,32.8751000,31.3492000,30.7388000,-47.0380000,-9.4680000,10.5860000,0.000000,0,0,0
9.530,-0.0807000,-0.0006000,9.6720000,32.8674000,31.3644000,30.7312000,-47.0610000,-9.2830000,9.9050000,0.000000,0,0,0
9.540,-0.0819000,0.0006000,9.6720000,32.8674000,31.3644000,30.7236000,-47.4090000,-9.5970000,10.2760000,0.000000,0,0,0
9.550,-0.0807000,0.0006000,9.6720000,32.8751000,31.3644000,30.7236000,-47.0600000,-9.3170000,9.9170000,0.000000,0,0,0
9.560,-0.0796000,0.0006000,9.6720000,32.8751000,31.3568000,30.7159000,-47.2060000,-9.7220000,9.8930000,0.000000,0,0,0
9.570,-0.0784000,-0.0006000,9.6732000,32.8751000,31.3492000,30.7159000,-47.3260000,-9.1760000,9.1100000,0.000000,0,0,0
9.580,-0.0796000,-0.0018000,9.6744000,32.8751000,31.3492000,30.7159000,-47.1040000,-9.4700000,9.6980000,0.000000,0,0,0
9.590,-0.0807000,-0.0018000,9.6744000,32.8827000,31.3492000,30.7159000,-46.8060000,-9.4200000,9.2580000,0.000000,0,0,0
9.600,-0.0796000,-0.0018000,9.6732000,32.8751000,31.3644000,30.7236000,-46.9600000,-9.4330000,9.9250000,0.000000,0,0,0
9.610,-0.0784000,-0.0006000,9.6732000,32.8751000,31.3721000,30.7236000,-46.8780000,-9.1920000,9.7650000,0.000000,0,0,0
9.620,-0.0784000,0.0006000,9.6744000,32.8674000,31.3721000,30.7236000,-47.1220000,-9.5240000,9.9080000,0.000000,0,0,0
9.630,-0.0784000,0.0018000,9.6756000,32.8751000,31.3644000,30.7236000,-47.1430000,-9.2210000,9.5880000,0.000000,0,0,0
9.640,-0.0784000,0.0030000,9.6744000,32.8751000,31.3568000,30.7236000,-47.2810000,-9.3950000,9.7880000,0.000000,0,0,0
9.650,-0.0784000,0.0030000,9.6732000,32.8751000,31.3568000,30.7236000,-47.2900000,-9.1180000,9.5910000,0.000000,0,0,0
9.660,-0.0784000,0.0018000,9.6732000,32.8751000,31.3492000,30.7159000,-47.1420000,-9.3650000,9.6950000,0.000000,0,0,0
9.670,-0.0796000,-0.0006000,9.6756000,32.8751000,31.3416000,30.7159000,-47.2100000,-9.2740000,9.3550000,0.000000,0,0,0
9.680,-0.0796000,-0.0018000,9.6756000,32.8751000,31.3416000,30.7159000,-47.1250000,-9.4830000,10.4060000,0.000000,0,0,0
9.690,-0.0796000,-0.0018000,9.6744000,32.8751000,31.3492000,30.7159000,-46.8690000,-9.2630000,9.3200000,0.000000,0,0,0
9.700,-0.0796000,-0.0018000,9.6744000,32.8751000,31.3492000,30.7083000,-47.3600000,-9.3310000,10.0160000,0.000000,0,0,0
9.710,-0.0796000,-0.0018000,9.6756000,32.8751000,31.3644000,30.7159000,-47.4570000,-9.3940000,9.6750000,0.000000,0,0,0
9.720,-0.0796000,-0.0006000,9.6756000,32.8751000,31.3644000,30.7159000,-47.5020000,-9.5610000,9.4390000,0.000000,0,0,0
9.730,-0.0796000,-0.0018000,9.6720000,32.8751000,31.3644000,30.7159000,-46.8900000,-9.5210000,10.0080000,0.000000,0,0,0
9.740,-0.0796000,-0.0018000,9.6708000,32.8751000,31.3644000,30.7159000,-47.1660000,-9.7090000,10.1490000,0.000000,0,0,0
9.750,-0.0807000,-0.0018000,9.6720000,32.8751000,31.3644000,30.7159000,-46.9410000,-9.4350000,9.7860000,0.000000,0,0,0
9.760,-0.0819000,-0.0006000,9.6744000,32.8827000,31.3721000,30.7236000,-47.1930000,-9.6590000,9.9070000,0.000000,0,0,0
9.770,-0.0819000,0.0006000,9.6744000,32.8827000,31.3797000,30.7236000,-47.5060000,-9.4140000,9.4950000,0.000000,0,0,0
9.780,-0.0807000,0.0006000,9.6732000,32.8903000,31.3797000,30.7236000,-47.2510000,-9.6890000,9.6240000,0.000000,0,0,0
9.790,-0.0819000,0.0018000,9.6732000,32.8903000,31.3797000,30.7236000,-47.3030000,-9.2310000,9.6220000,0.000000,0,0,0
9.800,-0.0831000,0.0018000,9.6744000,32.8903000,31.3721000,30.7236000,-47.2550000,-9.6510000,9.5020000,0.000000,0,0,0
9.810,-0.0831000,0.0006000,9.6744000,32.8903000,31.3644000,30.7236000,-47.0010000,-9.2950000,9.6550000,0.000000,0,0,0
9.820,-0.0819000,-0.0006000,9.6732000,32.8903000,31.3568000,30.7236000,-47.2410000,-9.8300000,9.8440000,0.000000,0,0,0
9.830,-0.0807000,-0.0018000,9.6720000,32.8903000,31.3568000,30.7159000,-46.8540000,-9.5060000,9.3550000,0.000000,0,0,0
9.840,-0.0807000,-0.0006000,9.6732000,32.8903000,31.3568000,30.7159000,-47.0070000,-9.3650000,10.0610000,0.000000,0,0,0
9.850,-0.0796000,-0.0006000,9.6732000,32.8903000,31.3644000,30.7236000,-47.0930000,-9.4310000,9.5410000,0.000000,0,0,0
9.860,-0.0796000,0.0006000,9.6720000,32.8827000,31.3644000,30.7236000,-47.1020000,-9.6690000,9.9050000,0.000000,0,0,0
9.870,-0.0796000,0.0006000,9.6720000,32.8751000,31.3568000,30.7236000,-47.0150000,-9.3360000,9.7490000,0.000000,0,0,0
9.880,-0.0796000,0.0006000,9.6708000,32.8751000,31.3568000,30.7236000,-47.1220000,-9.5310000,9.9590000,0.000000,0,0,0
9.890,-0.0796000,0.0018000,9.6708000,32.8674000,31.3492000,30.7312000,-47.1760000,-9.4560000,9.6240000,0.000000,0,0,0
9.900,-0.0819000,0.0018000,9.6708000,32.8674000,31.3492000,30.7312000,-46.9700000,-9.4070000,10.1550000,0.000000,0,0,0
9.910,-0.0819000,0.0018000,9.6708000,32.8598000,31.3492000,30.7236000,-47.0560000,-9.4280000,9.5530000,0.000000,0,0,0
9.920,-0.0831000,0.0018000,9.6720000,32.8598000,31.3568000,30.7236000,-47.0840000,-9.6220000,10.5980000,0.000000,0,0,0
9.930,-0.0843000,0.0018000,9.6732000,32.8674000,31.3644000,30.7312000,-46.9760000,-9.3420000,9.8510000,0.000000,0,0,0
9.940,-0.0843000,0.0006000,9.6744000,32.8674000,31.3721000,30.7312000,-47.2360000,-9.6170000,9.7170000,0.000000,0,0,0
9.950,-0.0831000,-0.0006000,9.6768000,32.8751000,31.3644000,30.7312000,-46.7720000,-9.6100000,9.7050000,0.000000,0,0,0
9.960,-0.0831000,-0.0006000,9.6768000,32.8751000,31.3492000,30.7312000,-47.1320000,-9.5620000,9.5880000,0.000000,0,0,0
9.970,-0.0819000,-0.0006000,9.6744000,32.8751000,31.3416000,30.7236000,-46.9500000,-9.3720000,9.5000000,0.000000,0,0,0
9.980,-0.0796000,-0.0018000,9.6732000,32.8751000,31.3263000,30.7236000,-47.3320000,-9.2030000,9.4370000,0.000000,0,0,0
9.990,-0.0796000,-0.0018000,9.6732000,32.8674000,31.3187000,30.7236000,-46.8480000,-9.1550000,9.3970000,0.000000,0,0,0
10.000,-0.0796000,-0.0018000,9.6732000,32.8751000,31.3187000,30.7159000,-46.9190000,-9.4210000,9.4790000,0.000000,0,0,0
10.010,-0.0807000,-0.0006000,9.6732000,32.8751000,31.3110000,30.7159000,-46.8360000,-9.1860000,9.5900000,0.000000,0,0,0
10.020,-0.0819000,-0.0006000,9.6744000,32.8751000,31.3034000,30.7159000,-47.1440000,-9.5080000,9.3600000,0.000000,0,0,0
10.030,-0.0819000,0.0006000,9.6756000,32.8751000,31.3034000,30.7159000,-47.1240000,-9.3960000,9.0930000,0.000000,0,0,0
10.040,-0.0819000,0.0006000,9.6756000,32.8751000,31.3034000,30.7236000,-47.1410000,-9.7000000,9.2380000,0.000000,0,0,0
10.050,-0.0796000,-0.0006000,9.6720000,32.8674000,31.3187000,30.7236000,-46.8620000,-9.2820000,9.9940000,0.000000,0,0,0
10.060,-0.0796000,-0.0006000,9.6708000,32.8751000,31.3263000,30.7236000,-47.3010000,-9.5880000,9.9590000,0.000000,0,0,0
10.070,-0.0796000,0.0006000,9.6708000,32.8751000,31.3263000,30.7236000,-47.0440000,-9.7030000,9.6510000,0.000000,0,0,0
10.080,-0.0796000,-0.0006000,9.6720000,32.8751000,31.3263000,30.7236000,-47.1190000,-9.5350000,10.4070000,0.000000,0,0,0
10.090,-0.0807000,-0.0006000,9.6720000,32.8751000,31.3263000,30.7236000,-46.8500000,-9.2140000,9.9070000,0.000000,0,0,0
10.100,-0.0807000,-0.0006000,9.6732000,32.8827000,31.3339000,30.7236000,-46.9720000,-9.4520000,9.9700000,0.000000,0,0,0
10.110,-0.0819000,0.0006000,9.6732000,32.8827000,31.3339000,30.7236000,-46.9330000,-9.1470000,9.2180000,0.000000,0,0,0
10.120,-0.0831000,0.0006000,9.6744000,32.8751000,31.3339000,30.7236000,-47.1380000,-9.5380000,9.8470000,0.000000,0,0,0
10.130,-0.0843000,0.0006000,9.6744000,32.8827000,31.3263000,30.7236000,-46.9020000,-9.1150000,9.6220000,0.000000,0,0,0
10.140,-0.0843000,-0.0006000,9.6732000,32.8827000,31.3263000,30.7159000,-47.0180000,-9.4540000,10.0160000,0.000000,0,0,0
10.150,-0.0843000,-0.0006000,9.6720000,32.8751000,31.3263000,30.7159000,-47.0110000,-9.2470000,9.1580000,0.000000,0,0,0
10.160,-0.0843000,-0.0018000,9.6708000,32.8751000,31.3187000,30.7159000,-47.3220000,-9.4510000,9.4310000,0.000000,0,0,0
10.170,-0.0819000,-0.0030000,9.6708000,32.8827000,31.3187000,30.7159000,-47.1800000,-9.3440000,9.3800000,0.000000,0,0,0
10.180,-0.0807000,-0.0030000,9.6708000,32.8827000,31.3263000,30.7159000,-47.1120000,-9.3840000,8.9550000,0.000000,0,0,0
10.190,-0.0807000,-0.0030000,9.6708000,32.8827000,31.3263000,30.7236000,-46.8970000,-8.9300000,9.0800000,0.000000,0,0,0
10.200,-0.0807000,-0.0030000,9.6708000,32.8827000,31.3187000,30.7236000,-47.0770000,-9.3060000,8.8160000,0.000000,0,0,0
10.210,-0.0819000,-0.0018000,9.6708000,32.8751000,31.3187000,30.7159000,-46.7800000,-9.2170000,8.9630000,0.000000,0,0,0
10.220,-0.0819000,-0.0006000,9.6708000,32.8751000,31.3187000,30.7159000,-47.0970000,-9.3170000,8.6500000,0.000000,0,0,0
10.230,-0.0807000,0.0006000,9.6708000,32.8751000,31.3110000,30.7083000,-46.9370000,-9.4540000,9.0740000,0.000000,0,0,0
10.240,-0.0796000,0.0006000,9.6708000,32.8827000,31.3110000,30.7083000,-46.7930000,-9.4580000,9.3300000,0.000000,0,0,0
10.250,-0.0796000,0.0018000,9.6708000,32.8827000,31.3110000,30.7083000,-46.9180000,-9.3540000,9.3440000,0.000000,0,0,0
10.260,-0.0796000,0.0018000,9.6708000,32.8751000,31.3187000,30.7083000,-47.0690000,-9.3060000,9.3260000,0.000000,0,0,0
10.270,-0.0796000,0.0006000,9.6696000,32.8827000,31.3187000,30.7159000,-47.0570000,-9.0780000,9.5570000,0.000000,0,0,0
10.280,-0.0796000,-0.0006000,9.6684000,32.8751000,31.3187000,30.7159000,-46.9900000,-9.7500000,9.5880000,0.000000,0,0,0
10.290,-0.0796000,-0.0006000,9.6672000,32.8751000,31.3263000,30.7236000,-47.1610000,-9.4830000,9.7710000,0.000000,0,0,0
10.300,-0.0807000,-0.0006000,9.6672000,32.8827000,31.3416000,30.7236000,-47.2980000,-9.5920000,10.0620000,0.000000,0,0,0
10.310,-0.0819000,0.0006000,9.6684000,32.8827000,31.3492000,30.7236000,-46.8430000,-9.4570000,8.9010000,0.000000,0,0,0
10.320,-0.0831000,0.0018000,9.6708000,32.8751000,31.3492000,30.7236000,-47.2330000,-9.6710000,9.4960000,0.000000,0,0,0
10.330,-0.0819000,0.0018000,9.6708000,32.8751000,31.3492000,30.7159000,-46.9340000,-9.6870000,8.8710000,0.000000,0,0,0
10.340,-0.0819000,0.0030000,9.6708000,32.8827000,31.3492000,30.7236000,-47.1460000,-9.9210000,9.5670000,0.000000,0,0,0
10.350,-0.0796000,0.0018000,9.6720000,32.8827000,31.3492000,30.7236000,-47.0220000,-9.5080000,9.4540000,0.000000,0,0,0
10.360,-0.0784000,0.0006000,9.6720000,32.8903000,31.3416000,30.7236000,-47.4420000,-9.5870000,8.8960000,0.000000,0,0,0
10.370,-0.0784000,-0.0018000,9.6708000,32.8903000,31.3416000,30.7236000,-46.9820000,-9.3400000,8.9710000,0.000000,0,0,0
10.380,-0.0784000,-0.0030000,9.6708000,32.8903000,31.3339000,30.7236000,-47.1390000,-9.6970000,9.3110000,0.000000,0,0,0
10.390,-0.0784000,-0.0030000,9.6720000,32.8903000,31.3339000,30.7159000,-46.9010000,-9.4660000,9.1890000,0.000000,0,0,0
10.400,-0.0784000,-0.0030000,9.6732000,32.8903000,31.3339000,30.7159000,-46.8130000,-9.4430000,9.9490000,0.000000,0,0,0
10.410,-0.0796000,-0.0018000,9.6744000,32.8827000,31.3416000,30.7159000,-46.7750000,-9.3680000,9.5940000,0.000000,0,0,0
10.420,-0.0807000,-0.0018000,9.6732000,32.8827000,31.3416000,30.7159000,-47.3120000,-9.3190000,10.3000000,0.000000,0,0,0
10.430,-0.0819000,-0.0006000,9.6744000,32.8827000,31.3416000,30.7236000,-47.2550000,-9.4980000,9.7950000,0.000000,0,0,0
10.440,-0.0819000,0.0018000,9.6744000,32.8827000,31.3492000,30.7236000,-47.4590000,-9.7630000,9.4980000,0.000000,0,0,0
10.450,-0.0831000,0.0018000,9.6768000,32.8827000,31.3492000,30.7236000,-47.2040000,-9.2470000,9.4180000,0.000000,0,0,0
10.460,-0.0831000,0.0006000,9.6768000,32.8751000,31.3416000,30.7236000,-47.3300000,-9.5740000,10.1620000,0.000000,0,0,0
10.470,-0.0819000,-0.0018000,9.6756000,32.8751000,31.3416000,30.7236000,-47.1310000,-9.1940000,9.6900000,0.000000,0,0,0
10.480,-0.0819000,-0.0030000,9.6744000,32.8674000,31.3492000,30.7236000,-47.1350000,-9.2050000,9.9640000,0.000000,0,0,0
10.490,-0.0819000,-0.0042000,9.6744000,32.8674000,31.3568000,30.7159000,-47.1940000,-9.0930000,9.3300000,0.000000,0,0,0
10.500,-0.0843000,-0.0030000,9.6732000,32.8598000,31.3721000,30.7083000,-47.1810000,-9.6260000,9.2370000,0.000000,0,0,0
10.510,-0.0843000,-0.0018000,9.6744000,32.8598000,31.3873000,30.7083000,-47.5460000,-9.1880000,9.8210000,0.000000,0,0,0
10.520,-0.0843000,-0.0006000,9.6756000,32.8598000,31.3950000,30.7083000,-47.6500000,-9.1910000,9.6250000,0.000000,0,0,0
10.530,-0.0843000,0.0006000,9.6756000,32.8674000,31.4026000,30.7083000,-47.1690000,-8.9320000,9.7050000,0.000000,0,0,0
10.540,-0.0843000,0.0006000,9.6744000,32.8751000,31.4102000,30.7159000,-47.2720000,-9.4230000,10.2670000,0.000000,0,0,0
10.550,-0.0843000,0.0006000,9.6708000,32.8827000,31.4102000,30.7159000,-47.0540000,-9.1170000,9.6570000,0.000000,0,0,0
10.560,-0.0855000,-0.0006000,9.6708000,32.8903000,31.3950000,30.7159000,-47.2060000,-9.5220000,9.0130000,0.000000,0,0,0
10.570,-0.0843000,-0.0018000,9.6708000,32.8979000,31.3797000,30.7083000,-47.1070000,-9.1640000,9.1460000,0.000000,0,0,0
10.580,-0.0843000,-0.0030000,9.6708000,32.8979000,31.3644000,30.7083000,-47.0650000,-9.5600000,9.0620000,0.000000,0,0,0
10.590,-0.0843000,-0.0030000,9.6708000,32.8979000,31.3416000,30.7159000,-47.0490000,-9.6290000,9.5330000,0.000000,0,0,0
10.600,-0.0831000,-0.0006000,9.6708000,32.8979000,31.3110000,30.7236000,-47.3010000,-9.7110000,9.6150000,0.000000,0,0,0
10.610,-0.0831000,0.0006000,9.6720000,32.9056000,31.2805000,30.7236000,-46.9680000,-9.3610000,9.3540000,0.000000,0,0,0
10.620,-0.0819000,0.0018000,9.6732000,32.8979000,31.2500000,30.7236000,-47.6420000,-9.3470000,9.7910000,0.000000,0,0,0
10.630,-0.0819000,0.0018000,9.6720000,32.8903000,31.2271000,30.7312000,-47.1410000,-8.9970000,9.3580000,0.000000,0,0,0
10.640,-0.0819000,0.0006000,9.6696000,32.8827000,31.2119000,30.7236000,-46.9270000,-9.5640000,9.5180000,0.000000,0,0,0
10.650,-0.0807000,-0.0018000,9.6696000,32.8751000,31.2042000,30.7159000,-47.2580000,-9.4300000,9.4100000,0.000000,0,0,0
10.660,-0.0819000,-0.0042000,9.6708000,32.8751000,31.2042000,30.7159000,-47.2200000,-9.1980000,9.4520000,0.000000,0,0,0
10.670,-0.0831000,-0.0042000,9.6732000,32.8751000,31.2042000,30.7083000,-47.0540000,-9.4260000,8.8080000,0.000000,0,0,0
10.680,-0.0831000,-0.0030000,9.6732000,32.8827000,31.2042000,30.7007000,-47.1580000,-10.1270000,9.4630000,0.000000,0,0,0
10.690,-0.0819000,-0.0006000,9.6744000,32.8903000,31.2119000,30.6931000,-47.3350000,-9.1190000,8.9690000,0.000000,0,0,0
10.700,-0.0819000,0.0006000,9.6756000,32.8979000,31.2195000,30.6931000,-47.2690000,-9.6060000,9.8540000,0.000000,0,0,0
10.710,-0.0819000,0.0018000,9.6768000,32.8979000,31.2347000,30.6931000,-46.9210000,-9.4130000,9.8940000,0.000000,0,0,0
10.720,-0.0831000,0.0030000,9.6732000,32.8903000,31.2424000,30.6854000,-47.4180000,-9.4890000,10.1250000,0.000000,0,0,0
10.730,-0.0831000,0.0018000,9.6684000,32.8903000,31.2424000,30.6854000,-47.3090000,-9.3150000,9.7680000,0.000000,0,0,0
10.740,-0.0855000,0.0030000,9.6684000,32.8979000,31.2195000,30.6854000,-47.4300000,-9.5610000,9.6040000,0.000000,0,0,0
10.750,-0.0843000,0.0030000,9.6720000,32.9056000,31.1737000,30.7083000,-46.9700000,-9.0480000,9.5400000,0.000000,0,0,0
10.760,-0.0831000,0.0030000,9.6732000,32.9056000,31.1279000,30.7236000,-47.2300000,-9.5820000,10.3560000,0.000000,0,0,0
10.770,-0.0807000,0.0018000,9.6708000,32.9056000,31.1127000,30.7312000,-47.1830000,-9.2180000,9.8630000,0.000000,0,0,0
10.780,-0.0784000,-0.0006000,9.6708000,32.8979000,31.1050000,30.7312000,-47.1940000,-9.5370000,10.6350000,0.000000,0,0,0
10.790,-0.0772000,-0.0030000,9.6744000,32.8979000,31.1050000,30.7236000,-47.0550000,-9.1540000,9.9820000,0.000000,0,0,0
10.800,-0.0772000,-0.0066000,9.6768000,32.8979000,31.1279000,30.7083000,-47.1430000,-9.6090000,10.0830000,0.000000,0,0,0
10.810,-0.0784000,-0.0078000,9.6756000,32.8903000,31.1432000,30.6854000,-46.8740000,-9.3760000,9.6120000,0.000000,0,0,0
10.820,-0.0807000,-0.0066000,9.6732000,32.8903000,31.1508000,30.6625000,-47.1080000,-9.6670000,9.6670000,0.000000,0,0,0
10.830,-0.0831000,-0.0042000,9.6732000,32.8979000,31.1584000,30.6320000,-47.1200000,-9.5130000,9.7570000,0.000000,0,0,0
10.840,-0.0879000,-0.0018000,9.6756000,32.9056000,31.1584000,30.6015000,-47.1800000,-9.5670000,9.7760000,0.000000,0,0,0
10.850,-0.0963000,0.0018000,9.6744000,32.9056000,31.1508000,30.5786000,-46.9560000,-9.1400000,9.3100000,0.000000,0,0,0
10.860,-0.1119000,0.0042000,9.6720000,32.9056000,31.1432000,30.5328000,-47.1030000,-9.6540000,10.1360000,0.000000,0,0,0
10.870,-0.1788000,0.0102000,9.6720000,32.8979000,31.1356000,30.3574000,-47.0590000,-9.4530000,9.7130000,0.000000,0,0,0
10.880,-0.3212000,0.0209000,9.6744000,32.8903000,31.1508000,29.7623000,-47.1410000,-9.6500000,9.2760000,0.000000,0,0,0
10.890,-0.4588000,0.0269000,9.6792000,32.8827000,31.1890000,28.7781000,-47.1770000,-9.5130000,9.7740000,0.000000,0,0,0
10.900,-0.5784000,0.0293000,9.6804000,32.8598000,31.2653000,27.5040000,-47.1530000,-9.5120000,9.3860000,0.000000,0,0,0
10.910,-0.6382000,0.0233000,9.6792000,32.8522000,31.3492000,26.1536000,-47.2110000,-9.1380000,9.9820000,0.000000,0,0,0
10.920,-0.6286000,0.0126000,9.6756000,32.8445000,31.4331000,25.0626000,-47.1540000,-9.5770000,9.3430000,0.000000,0,0,0
10.930,-0.5796000,-0.0030000,9.6744000,32.8445000,31.5094000,24.7498000,-47.0680000,-9.2820000,9.0430000,0.000000,0,0,0
10.940,-0.5365000,-0.0150000,9.6756000,32.8522000,31.5552000,25.2914000,-47.1110000,-9.5400000,9.5890000,0.000000,0,0,0
10.950,-0.5150000,-0.0209000,9.6768000,32.8522000,31.5781000,26.4435000,-47.1470000,-9.3910000,9.9970000,0.000000,0,0,0
10.960,-0.5006000,-0.0221000,9.6768000,32.8522000,31.5704000,27.9160000,-47.2070000,-9.3360000,9.6620000,0.000000,0,0,0
10.970,-0.4803000,-0.0150000,9.6768000,32.8674000,31.5399000,29.5105000,-47.3600000,-9.3240000,9.3140000,0.000000,0,0,0
10.980,-0.4564000,0.0006000,9.6756000,32.8751000,31.4713000,31.0669000,-47.4640000,-9.2790000,10.0380000,0.000000,0,0,0
10.990,-0.4420000,0.0185000,9.6756000,32.9132000,31.3950000,32.5394000,-47.0370000,-9.1220000,9.8170000,0.000000,0,0,0
11.000,-0.4707000,0.0365000,9.6768000,32.9437000,31.3263000,33.7982000,-47.1650000,-9.8400000,10.3800000,0.000000,0,0,0
11.010,-0.5186000,0.0473000,9.6780000,32.9666000,31.2729000,34.5306000,-47.1780000,-9.3510000,10.5460000,0.000000,0,0,0
11.020,-0.5473000,0.0508000,9.6792000,32.9590000,31.2500000,34.6298000,-47.2580000,-9.6960000,10.3920000,0.000000,0,0,0
11.030,-0.5329000,0.0520000,9.6792000,32.9361000,31.2347000,34.2026000,-47.0340000,-9.4200000,10.4980000,0.000000,0,0,0
11.040,-0.5066000,0.0520000,9.6756000,32.9132000,31.2347000,33.4167000,-47.1960000,-9.6770000,10.6790000,0.000000,0,0,0
11.050,-0.4935000,0.0484000,9.6732000,32.9208000,31.2500000,32.5241000,-47.1790000,-9.4090000,10.5140000,0.000000,0,0,0
11.060,-0.5114000,0.0413000,9.6720000,32.9132000,31.2500000,31.6696000,-47.4010000,-9.6390000,10.6190000,0.000000,0,0,0
11.070,-0.5497000,0.0257000,9.6732000,32.8827000,31.2347000,30.7922000,-47.4450000,-9.2790000,10.7390000,0.000000,0,0,0
11.080,-0.5904000,-0.0006000,9.6744000,32.8598000,31.2271000,29.8691000,-47.4280000,-9.6580000,10.1750000,0.000000,0,0,0
11.090,-0.6107000,-0.0293000,9.6720000,32.8445000,31.2347000,29.0070000,-47.5100000,-9.4820000,10.5410000,0.000000,0,0,0
11.100,-0.5904000,-0.0473000,9.6708000,32.8293000,31.2424000,28.3890000,-47.0880000,-9.8340000,10.8100000,0.000000,0,0,0
11.110,-0.5629000,-0.0473000,9.6708000,32.8140000,31.2347000,28.0762000,-47.4550000,-9.6340000,10.5320000,0.000000,0,0,0
11.120,-0.5341000,-0.0341000,9.6708000,32.7988000,31.2271000,27.9312000,-47.6690000,-9.6630000,11.0400000,0.000000,0,0,0
11.130,-0.5018000,-0.0269000,9.6696000,32.7835000,31.2195000,28.0838000,-47.4610000,-9.8260000,11.1840000,0.000000,0,0,0
11.140,-0.5066000,-0.0221000,9.6708000,32.7682000,31.2195000,28.3890000,-47.7180000,-10.0070000,11.4050000,0.000000,0,0,0
11.150,-0.5533000,-0.0305000,9.6732000,32.7759000,31.2119000,28.6484000,-47.5600000,-10.0780000,11.3410000,0.000000,0,0,0
11.160,-0.6239000,-0.0508000,9.6744000,32.7759000,31.2271000,28.7933000,-47.6990000,-10.1960000,11.3190000,0.000000,0,0,0
11.170,-0.6861000,-0.0772000,9.6732000,32.7835000,31.2424000,28.8391000,-47.5860000,-9.9900000,10.9620000,0.000000,0,0,0
11.180,-0.7064000,-0.0903000,9.6732000,32.8064000,31.2576000,28.8773000,-47.4730000,-10.2920000,11.5550000,0.000000,0,0,0
11.190,-0.6849000,-0.0748000,9.6720000,32.8293000,31.2805000,28.8696000,-47.4700000,-10.2250000,10.8230000,0.000000,0,0,0
11.200,-0.6227000,-0.0437000,9.6744000,32.8522000,31.2958000,28.7476000,-47.5650000,-10.3270000,11.6930000,0.000000,0,0,0
11.210,-0.5736000,-0.0126000,9.6768000,32.8598000,31.3263000,28.5339000,-47.8320000,-10.5610000,11.2890000,0.000000,0,0,0
11.220,-0.5892000,0.0042000,9.6768000,32.8751000,31.3644000,28.1067000,-47.9150000,-10.8310000,11.4500000,0.000000,0,0,0
11.230,-0.6729000,-0.0030000,9.6780000,32.8751000,31.4026000,27.3285000,-47.6430000,-10.7510000,10.8680000,0.000000,0,0,0
11.240,-0.8069000,-0.0293000,9.6792000,32.8751000,31.4560000,26.3290000,-47.9890000,-11.2580000,11.5440000,0.000000,0,0,0
11.250,-0.9457000,-0.0580000,9.6792000,32.8369000,31.5247000,25.4440000,-47.1620000,-10.8650000,12.1340000,0.000000,0,0,0
11.260,-1.0509000,-0.0736000,9.6780000,32.8217000,31.5933000,25.0702000,-47.5260000,-10.9710000,11.6710000,0.000000,0,0,0
11.270,-1.1179000,-0.0640000,9.6780000,32.8217000,31.6391000,25.4593000,-47.6490000,-11.1520000,12.4080000,0.000000,0,0,0
11.280,-1.1359000,-0.0329000,9.6792000,32.7759000,31.6849000,26.4511000,-47.4070000,-11.4340000,11.7090000,0.000000,0,0,0
11.290,-1.1251000,0.0042000,9.6780000,32.7301000,31.7230000,27.6718000,-47.4160000,-11.4050000,11.1210000,0.000000,0,0,0
11.300,-1.1036000,0.0281000,9.6780000,32.7148000,31.7307000,28.8239000,-47.4680000,-11.8670000,12.1660000,0.000000,0,0,0
11.310,-1.0856000,0.0377000,9.6804000,32.7225000,31.7307000,29.8157000,-47.2510000,-11.6640000,12.5460000,0.000000,0,0,0
11.320,-1.0737000,0.0389000,9.6828000,32.7301000,31.7383000,30.6015000,-47.1390000,-12.2120000,12.1870000,0.000000,0,0,0
11.330,-1.0665000,0.0413000,9.6828000,32.7759000,31.7307000,31.1584000,-46.6240000,-12.2050000,12.2780000,0.000000,0,0,0
11.340,-1.0174000,0.0556000,9.6804000,32.8598000,31.7307000,31.4636000,-46.8610000,-12.3640000,12.8670000,0.000000,0,0,0
11.350,-0.9433000,0.0831000,9.6780000,32.9361000,31.6772000,31.6620000,-46.6560000,-12.4390000,12.2820000,0.000000,0,0,0
11.360,-0.8512000,0.1202000,9.6768000,32.9285000,31.6010000,31.8909000,-46.5170000,-13.0970000,12.7940000,0.000000,0,0,0
11.370,-0.7698000,0.1465000,9.6744000,32.9895000,31.5018000,32.1274000,-45.9940000,-12.9080000,12.8760000,0.000000,0,0,0
11.380,-0.7339000,0.1130000,9.6744000,33.0124000,31.4407000,32.3715000,-45.8960000,-13.5060000,13.0320000,0.000000,0,0,0
11.390,-0.7267000,0.0652000,9.6732000,32.9285000,31.4026000,32.7759000,-45.2320000,-13.4010000,14.1030000,0.000000,0,0,0
11.400,-0.7483000,0.0173000,9.6732000,32.8522000,31.3797000,33.3252000,-45.3940000,-13.6000000,13.3640000,0.000000,0,0,0
11.410,-0.8021000,-0.0161000,9.6756000,32.7606000,31.3797000,33.8745000,-45.1250000,-13.7590000,13.9660000,0.000000,0,0,0
11.420,-0.8655000,-0.0580000,9.6792000,32.7301000,31.4026000,34.4238000,-45.2020000,-13.8590000,13.1810000,0.000000,0,0,0
11.430,-0.9074000,-0.0915000,9.6816000,32.7606000,31.4407000,35.1334000,-44.5980000,-14.3660000,12.8100000,0.000000,0,0,0
11.440,-0.9624000,-0.0891000,9.6816000,32.8293000,31.5170000,35.8276000,-45.0250000,-14.4210000,13.9070000,0.000000,0,0,0
11.450,-0.9899000,-0.0819000,9.6792000,32.8674000,31.5704000,36.3464000,-44.2200000,-14.3810000,13.6130000,0.000000,0,0,0
11.460,-0.9540000,-0.0748000,9.6792000,32.8979000,31.5857000,36.7126000,-43.9960000,-15.1200000,14.3690000,0.000000,0,0,0
11.470,-0.8559000,-0.0233000,9.6804000,32.8751000,31.5781000,36.8958000,-43.8820000,-14.7820000,14.4440000,0.000000,0,0,0
11.480,-0.7495000,0.0544000,9.6780000,32.8751000,31.5247000,36.6058000,-43.5320000,-14.6520000,14.5150000,0.000000,0,0,0
11.490,-0.6609000,0.0987000,9.6732000,32.8445000,31.4178000,36.2091000,-43.2950000,-14.7010000,14.2900000,0.000000,0,0,0
11.500,-0.5784000,0.1202000,9.6684000,32.8979000,31.2805000,36.0031000,-43.1470000,-14.9190000,14.6920000,0.000000,0,0,0
11.510,-0.5987000,0.1346000,9.6672000,32.9285000,31.0211000,35.6903000,-42.7600000,-14.7470000,14.4700000,0.000000,0,0,0
11.520,-0.6514000,0.0951000,9.6672000,32.9361000,30.7617000,35.3470000,-42.5440000,-15.2760000,14.8070000,0.000000,0,0,0
11.530,-0.7507000,0.0150000,9.6600000,32.8598000,30.5176000,35.2173000,-41.9620000,-15.4100000,14.3640000,0.000000,0,0,0
11.540,-0.8500000,-0.0484000,9.6624000,32.6691000,30.3802000,35.0952000,-41.9660000,-15.3920000,15.2210000,0.000000,0,0,0
11.550,-0.8464000,-0.0796000,9.6696000,32.4936000,30.3574000,34.6603000,-41.6630000,-15.2810000,15.2820000,0.000000,0,0,0
11.560,-0.7279000,-0.0819000,9.6756000,32.3868000,30.4108000,34.0195000,-41.1710000,-15.3060000,14.3000000,0.000000,0,0,0
11.570,-0.5509000,-0.0520000,9.6780000,32.3868000,30.5099000,33.0582000,-40.8380000,-15.1870000,14.7580000,0.000000,0,0,0
11.580,-0.3571000,-0.0329000,9.6768000,32.5470000,30.6091000,31.8069000,-40.6010000,-15.1710000,14.4210000,0.000000,0,0,0
11.590,-0.1693000,-0.0257000,9.6816000,32.6538000,30.7465000,30.4565000,-40.4040000,-15.0810000,14.5820000,0.000000,0,0,0
11.600,-0.0233000,-0.0197000,9.6816000,32.6538000,30.8914000,28.9688000,-40.1360000,-15.1290000,15.3200000,0.000000,0,0,0
11.610,0.0317000,-0.0257000,9.6768000,32.7606000,31.0364000,27.5345000,-39.7160000,-15.2590000,14.5600000,0.000000,0,0,0
11.620,0.0185000,-0.0305000,9.6696000,32.8979000,31.1966000,26.4587000,-39.5100000,-15.1100000,14.4110000,0.000000,0,0,0
11.630,0.0126000,-0.0341000,9.6708000,32.9132000,31.3797000,26.0086000,-38.9410000,-15.1270000,15.5180000,0.000000,0,0,0
11.640,0.0377000,-0.0341000,9.6768000,32.9285000,31.5170000,26.1841000,-38.9120000,-14.7960000,14.4510000,0.000000,0,0,0
11.650,0.0616000,-0.0401000,9.6768000,32.9666000,31.5628000,27.0767000,-38.5140000,-15.1940000,14.6030000,0.000000,0,0,0
11.660,0.0054000,-0.0628000,9.6696000,33.0276000,31.5323000,28.4195000,-38.2200000,-14.7480000,15.0700000,0.000000,0,0,0
11.670,-0.0556000,-0.0987000,9.6672000,33.0734000,31.4560000,29.9225000,-37.6120000,-14.6980000,14.5660000,0.000000,0,0,0
11.680,-0.0126000,-0.1178000,9.6696000,33.0124000,31.3339000,31.4026000,-37.4780000,-15.0150000,14.2350000,0.000000,0,0,0
11.690,0.1908000,-0.1011000,9.6732000,32.8903000,31.1966000,32.9590000,-37.1430000,-14.6500000,14.4930000,0.000000,0,0,0
11.700,0.4480000,0.0138000,9.6720000,32.7377000,31.1050000,33.9966000,-37.1780000,-14.5490000,14.0190000,0.000000,0,0,0
11.710,0.5916000,0.1765000,9.6624000,32.5928000,31.0974000,33.5846000,-36.9610000,-13.7710000,14.6630000,0.000000,0,0,0
11.720,0.6633000,0.2745000,9.6612000,32.6080000,31.1050000,31.8832000,-36.7240000,-13.8560000,13.7620000,0.000000,0,0,0
11.730,0.6944000,0.2949000,9.6720000,32.7072000,31.0974000,29.8843000,-36.1480000,-13.7860000,13.5610000,0.000000,0,0,0
11.740,0.6526000,0.2817000,9.6756000,32.8598000,31.0745000,28.3051000,-35.8670000,-13.5470000,13.2760000,0.000000,0,0,0
11.750,0.5329000,0.2494000,9.6732000,32.9971000,31.0364000,27.4124000,-35.4250000,-13.3270000,12.9000000,0.000000,0,0,0
11.760,0.3834000,0.1788000,9.6720000,33.0734000,31.0135000,27.2293000,-35.5110000,-13.1840000,12.7730000,0.000000,0,0,0
11.770,0.2698000,0.0939000,9.6780000,33.0276000,31.0440000,27.6947000,-35.3840000,-12.8620000,12.8280000,0.000000,0,0,0
11.780,0.2387000,0.0329000,9.6816000,33.0048000,31.1203000,28.3585000,-35.2440000,-12.5550000,12.6300000,0.000000,0,0,0
11.790,0.2889000,0.0126000,9.6756000,32.9666000,31.2271000,28.9230000,-35.2310000,-12.1120000,12.4810000,0.000000,0,0,0
11.800,0.3906000,0.0305000,9.6672000,32.9056000,31.3187000,29.1443000,-35.0360000,-12.2380000,11.7690000,0.000000,0,0,0
11.810,0.5306000,0.0867000,9.6684000,32.8522000,31.3644000,28.5110000,-34.7390000,-11.8690000,11.7880000,0.000000,0,0,0
11.820,0.7136000,0.1358000,9.6732000,32.7988000,31.4178000,26.7868000,-34.6640000,-11.5700000,12.2650000,0.000000,0,0,0
11.830,0.8727000,0.1645000,9.6708000,32.7911000,31.4255000,24.4293000,-34.4250000,-11.1300000,12.1830000,0.000000,0,0,0
11.840,0.9038000,0.1717000,9.6648000,32.7759000,31.3721000,22.3541000,-34.5040000,-10.8280000,11.6890000,0.000000,0,0,0
11.850,0.8021000,0.1418000,9.6648000,32.7454000,31.3568000,21.0953000,-34.4230000,-10.2280000,10.9720000,0.000000,0,0,0
11.860,0.6071000,0.0544000,9.6696000,32.7377000,31.3644000,20.9198000,-34.7030000,-10.5170000,11.5380000,0.000000,0,0,0
11.870,0.4229000,-0.0556000,9.6732000,32.7530000,31.4178000,21.4844000,-34.3400000,-10.0540000,10.4250000,0.000000,0,0,0
11.880,0.3583000,-0.1573000,9.6732000,32.7530000,31.5018000,22.4380000,-34.4300000,-9.9130000,10.1800000,0.000000,0,0,0
11.890,0.3906000,-0.2052000,9.6720000,32.7530000,31.5781000,23.5519000,-34.7200000,-9.2850000,9.3820000,0.000000,0,0,0
11.900,0.4755000,-0.1968000,9.6720000,32.7301000,31.6010000,24.5743000,-34.8010000,-9.1360000,9.3330000,0.000000,0,0,0
11.910,0.5736000,-0.1693000,9.6684000,32.7454000,31.5552000,25.6195000,-35.0930000,-8.8270000,8.8450000,0.000000,0,0,0
11.920,0.6011000,-0.1453000,9.6636000,32.7835000,31.4865000,26.6571000,-34.9770000,-8.4080000,9.3840000,0.000000,0,0,0
11.930,0.5760000,-0.1250000,9.6612000,32.8445000,31.4255000,27.4658000,-34.9320000,-8.5430000,9.1970000,0.000000,0,0,0
11.940,0.5712000,-0.0927000,9.6660000,32.8903000,31.3873000,27.6413000,-35.3350000,-8.1500000,9.5010000,0.000000,0,0,0
11.950,0.6526000,-0.0473000,9.6720000,32.8903000,31.3492000,27.0538000,-35.4730000,-7.8790000,9.1970000,0.000000,0,0,0
11.960,0.7519000,0.0173000,9.6720000,32.8598000,31.3263000,25.8942000,-35.5330000,-7.7160000,8.7720000,0.000000,0,0,0
11.970,0.7925000,0.0903000,9.6660000,32.8445000,31.3263000,24.2233000,-35.5440000,-7.7140000,7.9770000,0.000000,0,0,0
11.980,0.7866000,0.1250000,9.6636000,32.8369000,31.3263000,22.3999000,-35.6920000,-7.2590000,8.1150000,0.000000,0,0,0
11.990,0.7244000,0.1011000,9.6756000,32.7988000,31.3416000,20.5383000,-35.8420000,-7.2220000,7.3510000,0.000000,0,0,0
12.000,0.6813000,0.0556000,9.6780000,32.8064000,31.3339000,20.4163000,-35.9520000,-7.3330000,8.0010000,0.000000,0,0,0
12.010,0.6466000,0.0090000,9.6720000,32.8445000,31.3110000,21.2784000,-36.0020000,-6.9380000,7.3370000,0.000000,0,0,0
12.020,0.6454000,-0.0197000,9.6672000,32.8903000,31.2576000,22.7890000,-36.1410000,-6.7690000,7.6760000,0.000000,0,0,0
12.030,0.6861000,-0.0317000,9.6672000,32.9285000,31.2195000,24.6048000,-36.3080000,-6.6350000,7.5460000,0.000000,0,0,0
12.040,0.7303000,-0.0305000,9.6696000,32.9285000,31.1966000,26.3519000,-36.4360000,-6.8000000,7.3600000,0.000000,0,0,0
12.050,0.7602000,-0.0293000,9.6720000,32.9132000,31.2042000,27.7176000,-36.7380000,-6.3340000,7.3710000,0.000000,0,0,0
12.060,0.7578000,-0.0449000,9.6720000,32.8827000,31.1966000,28.6026000,-36.9760000,-6.4660000,6.6530000,0.000000,0,0,0
12.070,0.7662000,-0.0951000,9.6708000,32.8674000,31.2119000,29.2892000,-36.8270000,-6.3010000,7.4010000,0.000000,0,0,0
12.080,0.8081000,-0.1370000,9.6696000,32.8598000,31.2347000,29.9606000,-37.1350000,-6.3940000,6.8970000,0.000000,0,0,0
12.090,0.8607000,-0.1489000,9.6696000,32.8445000,31.2805000,30.5634000,-37.2350000,-6.3160000,6.4030000,0.000000,0,0,0
12.100,0.8811000,-0.1274000,9.6684000,32.8293000,31.3339000,30.9601000,-37.1040000,-6.6940000,7.2260000,0.000000,0,0,0
12.110,0.8894000,-0.0915000,9.6672000,32.8217000,31.3721000,31.0516000,-37.2210000,-6.2870000,7.3430000,0.000000,0,0,0
12.120,0.8870000,-0.0616000,9.6672000,32.8369000,31.3950000,31.1203000,-37.8050000,-6.1480000,6.6150000,0.000000,0,0,0
12.130,0.8488000,-0.0353000,9.6672000,32.8598000,31.3873000,31.4789000,-37.2200000,-6.1560000,5.8910000,0.000000,0,0,0
12.140,0.7650000,-0.0185000,9.6648000,32.9056000,31.3644000,32.4020000,-37.8620000,-5.8100000,6.3180000,0.000000,0,0,0
12.150,0.6430000,-0.0138000,9.6624000,32.9285000,31.3263000,33.9050000,-37.5000000,-6.1720000,6.4550000,0.000000,0,0,0
12.160,0.5593000,-0.0389000,9.6624000,32.9285000,31.2805000,35.7056000,-37.7290000,-6.1080000,7.1780000,0.000000,0,0,0
12.170,0.5306000,-0.0652000,9.6648000,32.9056000,31.2424000,37.3993000,-37.7270000,-6.0990000,6.7050000,0.000000,0,0,0
12.180,0.5006000,-0.0772000,9.6684000,32.8827000,31.2195000,38.7039000,-37.7960000,-6.0520000,6.8030000,0.000000,0,0,0
12.190,0.4396000,-0.0664000,9.6684000,32.8598000,31.2195000,39.6423000,-37.6760000,-6.3130000,7.0180000,0.000000,0,0,0
12.200,0.3930000,-0.0365000,9.6684000,32.8522000,31.2347000,40.3976000,-37.9360000,-6.1080000,7.0570000,0.000000,0,0,0
12.210,0.3846000,0.0138000,9.6720000,32.8598000,31.2576000,41.1377000,-37.5970000,-6.2560000,6.4120000,0.000000,0,0,0
12.220,0.4085000,0.0760000,9.6756000,32.8674000,31.2729000,41.5573000,-37.8260000,-6.2990000,7.1700000,0.000000,0,0,0
12.230,0.4624000,0.1202000,9.6756000,32.8751000,31.2881000,41.2979000,-37.9510000,-6.3100000,6.2790000,0.000000,0,0,0
12.240,0.5318000,0.1298000,9.6720000,32.8827000,31.3110000,40.1917000,-38.0470000,-6.5290000,6.3550000,0.000000,0,0,0
12.250,0.5904000,0.1083000,9.6696000,32.8903000,31.3339000,38.3530000,-38.1070000,-6.3730000,6.3760000,0.000000,0,0,0
12.260,0.6107000,0.0640000,9.6684000,32.8979000,31.3492000,36.0718000,-38.2190000,-6.3630000,6.6400000,0.000000,0,0,0
12.270,0.5832000,0.0161000,9.6672000,32.8979000,31.3492000,33.6990000,-38.0180000,-6.1180000,5.8290000,0.000000,0,0,0
12.280,0.5258000,-0.0245000,9.6660000,32.8903000,31.3339000,31.4941000,-38.1340000,-6.3130000,5.8850000,0.000000,0,0,0
12.290,0.4731000,-0.0628000,9.6672000,32.8827000,31.3110000,29.6173000,-38.3200000,-6.1120000,6.2010000,0.000000,0,0,0
12.300,0.4360000,-0.0903000,9.6672000,32.8674000,31.2958000,28.1219000,-38.0860000,-6.2020000,6.4640000,0.000000,0,0,0
12.310,0.3978000,-0.1059000,9.6660000,32.8674000,31.2729000,27.0615000,-37.9240000,-6.2540000,6.2970000,0.000000,0,0,0
12.320,0.3511000,-0.1130000,9.6660000,32.8598000,31.2576000,26.5045000,-38.1720000,-6.1720000,6.5880000,0.000000,0,0,0
12.330,0.2829000,-0.1071000,9.6684000,32.8598000,31.2424000,26.4435000,-37.8350000,-6.2290000,6.1300000,0.000000,0,0,0
12.340,0.1968000,-0.0915000,9.6708000,32.8598000,31.2424000,26.7334000,-38.3160000,-6.1960000,6.1510000,0.000000,0,0,0
12.350,0.1298000,-0.0772000,9.6744000,32.8598000,31.2576000,27.2598000,-37.7470000,-6.1990000,6.6620000,0.000000,0,0,0
12.360,0.0855000,-0.0628000,9.6744000,32.8598000,31.2805000,28.0075000,-38.1290000,-6.1010000,6.4610000,0.000000,0,0,0
12.370,0.0425000,-0.0473000,9.6732000,32.8598000,31.3110000,28.8620000,-38.2210000,-6.1430000,6.3940000,0.000000,0,0,0
12.380,0.0006000,-0.0329000,9.6720000,32.8598000,31.3339000,29.6326000,-38.1170000,-5.8810000,6.7990000,0.000000,0,0,0
12.390,-0.0353000,-0.0209000,9.6720000,32.8751000,31.3644000,30.2124000,-38.1430000,-6.1380000,6.6690000,0.000000,0,0,0
12.400,-0.0604000,-0.0114000,9.6732000,32.8827000,31.3873000,30.5862000,-38.2470000,-6.0900000,6.0880000,0.000000,0,0,0
12.410,-0.0760000,-0.0066000,9.6720000,32.8827000,31.4026000,30.7922000,-37.8010000,-6.2150000,5.6720000,0.000000,0,0,0
12.420,-0.0819000,-0.0042000,9.6732000,32.8827000,31.4102000,30.8762000,-38.1130000,-6.3350000,5.4890000,0.000000,0,0,0
12.430,-0.0831000,-0.0042000,9.6744000,32.8827000,31.4102000,30.8838000,-37.8710000,-6.2950000,5.5220000,0.000000,0,0,0
12.440,-0.0807000,-0.0054000,9.6744000,32.8751000,31.4102000,30.8609000,-38.0250000,-6.2830000,6.0010000,0.000000,0,0,0
12.450,-0.0784000,-0.0078000,9.6744000,32.8751000,31.4102000,30.8151000,-37.8430000,-6.2000000,6.1800000,0.000000,0,0,0
12.460,-0.0760000,-0.0090000,9.6732000,32.8751000,31.3950000,30.7770000,-38.2170000,-5.9300000,6.8700000,0.000000,0,0,0
12.470,-0.0736000,-0.0102000,9.6732000,32.8751000,31.3873000,30.7465000,-37.6020000,-6.2240000,6.7350000,0.000000,0,0,0
12.480,-0.0724000,-0.0114000,9.6732000,32.8674000,31.3797000,30.7159000,-37.7200000,-6.0350000,6.0720000,0.000000,0,0,0
12.490,-0.0712000,-0.0114000,9.6720000,32.8598000,31.3797000,30.7007000,-38.0830000,-6.1330000,6.6260000,0.000000,0,0,0
12.500,-0.0712000,-0.0114000,9.6708000,32.8598000,31.3721000,30.6931000,-38.1670000,-6.1170000,6.6550000,0.000000,0,0,0
12.510,-0.0712000,-0.0114000,9.6732000,32.8674000,31.3644000,30.6931000,-38.1940000,-6.2870000,6.1230000,0.000000,0,0,0
12.520,-0.0712000,-0.0114000,9.6756000,32.8751000,31.3644000,30.6931000,-38.0390000,-6.0020000,6.5050000,0.000000,0,0,0
12.530,-0.0724000,-0.0102000,9.6780000,32.8751000,31.3568000,30.7007000,-37.7060000,-5.8980000,6.3740000,0.000000,0,0,0
12.540,-0.0724000,-0.0102000,9.6792000,32.8751000,31.3568000,30.7083000,-38.0660000,-5.8200000,6.0340000,0.000000,0,0,0
12.550,-0.0724000,-0.0102000,9.6792000,32.8751000,31.3492000,30.7083000,-37.9000000,-6.0920000,6.6060000,0.000000,0,0,0
12.560,-0.0712000,-0.0102000,9.6780000,32.8751000,31.3492000,30.7159000,-38.0110000,-6.0390000,6.3490000,0.000000,0,0,0
12.570,-0.0724000,-0.0090000,9.6744000,32.8827000,31.3416000,30.7159000,-38.1070000,-5.8990000,6.6110000,0.000000,0,0,0
12.580,-0.0724000,-0.0078000,9.6732000,32.8827000,31.3416000,30.7159000,-37.8010000,-6.0520000,6.4340000,0.000000,0,0,0
12.590,-0.0736000,-0.0066000,9.6708000,32.8827000,31.3416000,30.7159000,-38.0800000,-5.9510000,5.8780000,0.000000,0,0,0
12.600,-0.0736000,-0.0066000,9.6696000,32.8751000,31.3492000,30.7159000,-37.9130000,-6.0850000,5.8830000,0.000000,0,0,0
12.610,-0.0736000,-0.0066000,9.6708000,32.8751000,31.3568000,30.7159000,-37.7800000,-6.1090000,6.0090000,0.000000,0,0,0
12.620,-0.0736000,-0.0078000,9.6720000,32.8674000,31.3644000,30.7083000,-37.9740000,-6.0530000,6.0620000,0.000000,0,0,0
12.630,-0.0748000,-0.0102000,9.6732000,32.8674000,31.3721000,30.7083000,-38.0040000,-5.9600000,6.1590000,0.000000,0,0,0
12.640,-0.0748000,-0.0114000,9.6744000,32.8674000,31.3721000,30.7083000,-38.0380000,-6.2530000,6.5060000,0.000000,0,0,0
12.650,-0.0760000,-0.0138000,9.6744000,32.8674000,31.3721000,30.7083000,-37.7560000,-6.2730000,6.3440000,0.000000,0,0,0
12.660,-0.0760000,-0.0138000,9.6732000,32.8674000,31.3644000,30.7159000,-37.8790000,-6.2090000,5.9910000,0.000000,0,0,0
12.670,-0.0748000,-0.0138000,9.6744000,32.8674000,31.3568000,30.7159000,-37.4400000,-5.9760000,5.9320000,0.000000,0,0,0
12.680,-0.0736000,-0.0126000,9.6732000,32.8674000,31.3492000,30.7159000,-37.9010000,-6.2020000,5.9690000,0.000000,0,0,0
12.690,-0.0724000,-0.0114000,9.6720000,32.8751000,31.3416000,30.7159000,-37.8780000,-6.1290000,5.5030000,0.000000,0,0,0
12.700,-0.0712000,-0.0114000,9.6708000,32.8751000,31.3416000,30.7159000,-37.6830000,-5.9680000,6.6330000,0.000000,0,0,0
12.710,-0.0712000,-0.0114000,9.6708000,32.8751000,31.3416000,30.7236000,-38.1770000,-5.7900000,6.4760000,0.000000,0,0,0
12.720,-0.0712000,-0.0114000,9.6720000,32.8751000,31.3339000,30.7236000,-37.6400000,-6.1480000,6.3790000,0.000000,0,0,0
12.730,-0.0712000,-0.0114000,9.6720000,32.8751000,31.3339000,30.7236000,-37.8700000,-6.0260000,6.4000000,0.000000,0,0,0
12.740,-0.0724000,-0.0090000,9.6732000,32.8674000,31.3339000,30.7312000,-37.6370000,-6.1800000,6.8330000,0.000000,0,0,0
12.750,-0.0724000,-0.0078000,9.6732000,32.8674000,31.3416000,30.7236000,-37.5560000,-6.3730000,5.8200000,0.000000,0,0,0
12.760,-0.0748000,-0.0054000,9.6720000,32.8674000,31.3416000,30.7236000,-37.7510000,-6.2880000,6.3680000,0.000000,0,0,0
12.770,-0.0760000,-0.0042000,9.6708000,32.8674000,31.3492000,30.7236000,-37.6810000,-5.9880000,6.5910000,0.000000,0,0,0
12.780,-0.0772000,-0.0054000,9.6696000,32.8674000,31.3492000,30.7159000,-37.6750000,-6.0030000,6.6440000,0.000000,0,0,0
12.790,-0.0760000,-0.0066000,9.6696000,32.8751000,31.3492000,30.7159000,-37.7140000,-6.0860000,6.3220000,0.000000,0,0,0
12.800,-0.0748000,-0.0090000,9.6720000,32.8751000,31.3416000,30.7159000,-37.9700000,-6.0780000,6.3690000,0.000000,0,0,0
12.810,-0.0748000,-0.0102000,9.6720000,32.8751000,31.3339000,30.7083000,-37.6770000,-5.9980000,6.3890000,0.000000,0,0,0
12.820,-0.0748000,-0.0114000,9.6708000,32.8751000,31.3263000,30.7083000,-37.8820000,-6.2700000,6.2700000,0.000000,0,0,0
12.830,-0.0736000,-0.0114000,9.6720000,32.8751000,31.3187000,30.7083000,-37.5690000,-5.9980000,6.2130000,0.000000,0,0,0
12.840,-0.0736000,-0.0126000,9.6732000,32.8674000,31.3263000,30.7083000,-37.7990000,-6.1510000,6.2370000,0.000000,0,0,0
12.850,-0.0748000,-0.0126000,9.6744000,32.8751000,31.3339000,30.7083000,-37.5920000,-6.0500000,6.7080000,0.000000,0,0,0
12.860,-0.0760000,-0.0126000,9.6732000,32.8751000,31.3416000,30.7083000,-37.6310000,-6.1970000,6.3720000,0.000000,0,0,0
12.870,-0.0772000,-0.0126000,9.6720000,32.8674000,31.3416000,30.7159000,-37.7710000,-6.4450000,6.6040000,0.000000,0,0,0
12.880,-0.0784000,-0.0114000,9.6732000,32.8674000,31.3492000,30.7159000,-37.7340000,-6.2640000,6.2910000,0.000000,0,0,0
12.890,-0.0784000,-0.0114000,9.6744000,32.8674000,31.3492000,30.7236000,-37.8680000,-6.0670000,6.0320000,0.000000,0,0,0
12.900,-0.0772000,-0.0102000,9.6744000,32.8674000,31.3416000,30.7236000,-37.8110000,-6.1980000,6.1650000,0.000000,0,0,0
12.910,-0.0772000,-0.0114000,9.6720000,32.8674000,31.3187000,30.7159000,-37.6250000,-6.3500000,6.5210000,0.000000,0,0,0
12.920,-0.0760000,-0.0114000,9.6708000,32.8751000,31.3110000,30.7159000,-37.6120000,-6.2990000,6.3800000,0.000000,0,0,0
12.930,-0.0760000,-0.0126000,9.6720000,32.8827000,31.3034000,30.7159000,-37.5780000,-5.9060000,6.4080000,0.000000,0,0,0
12.940,-0.0760000,-0.0126000,9.6720000,32.8827000,31.2958000,30.7159000,-37.3650000,-6.0650000,6.4620000,0.000000,0,0,0
12.950,-0.0760000,-0.0114000,9.6708000,32.8827000,31.3034000,30.7083000,-37.3870000,-6.0520000,6.0810000,0.000000,0,0,0
12.960,-0.0748000,-0.0102000,9.6696000,32.8751000,31.3110000,30.7083000,-37.8650000,-6.1150000,6.2970000,0.000000,0,0,0
12.970,-0.0748000,-0.0102000,9.6732000,32.8751000,31.3187000,30.7007000,-37.6880000,-6.2020000,6.4050000,0.000000,0,0,0
12.980,-0.0736000,-0.0102000,9.6744000,32.8751000,31.3339000,30.7083000,-37.7380000,-5.9870000,6.4380000,0.000000,0,0,0
12.990,-0.0724000,-0.0090000,9.6720000,32.8751000,31.3416000,30.7083000,-37.7670000,-6.1750000,6.1040000,0.000000,0,0,0
13.000,-0.0736000,-0.0090000,9.6720000,32.8751000,31.3492000,30.7159000,-37.9470000,-6.2700000,6.3120000,0.000000,0,0,0
13.010,-0.0736000,-0.0090000,9.6720000,32.8674000,31.3416000,30.7159000,-37.7270000,-5.9850000,6.4780000,0.000000,0,0,0
13.020,-0.0748000,-0.0102000,9.6720000,32.8674000,31.3339000,30.7236000,-37.5970000,-6.4270000,6.8360000,0.000000,0,0,0
13.030,-0.0760000,-0.0114000,9.6696000,32.8674000,31.3263000,30.7312000,-37.4060000,-6.3650000,6.4570000,0.000000,0,0,0
13.040,-0.0760000,-0.0102000,9.6672000,32.8674000,31.3187000,30.7388000,-37.6170000,-6.2330000,6.7110000,0.000000,0,0,0
13.050,-0.0760000,-0.0090000,9.6684000,32.8674000,31.3110000,30.7388000,-37.6730000,-6.5980000,7.0800000,0.000000,0,0,0
13.060,-0.0760000,-0.0090000,9.6708000,32.8674000,31.3034000,30.7312000,-37.7460000,-6.5560000,6.1470000,0.000000,0,0,0
13.070,-0.0760000,-0.0090000,9.6720000,32.8674000,31.3034000,30.7312000,-37.6790000,-6.2160000,6.2450000,0.000000,0,0,0
13.080,-0.0748000,-0.0090000,9.6720000,32.8751000,31.3110000,30.7236000,-37.6740000,-6.2830000,6.5110000,0.000000,0,0,0
13.090,-0.0736000,-0.0102000,9.6744000,32.8751000,31.3187000,30.7236000,-37.6000000,-6.2790000,6.9990000,0.000000,0,0,0
13.100,-0.0724000,-0.0114000,9.6744000,32.8751000,31.3263000,30.7236000,-37.8450000,-6.2030000,6.9230000,0.000000,0,0,0
13.110,-0.0712000,-0.0126000,9.6756000,32.8751000,31.3339000,30.7236000,-37.6020000,-6.0670000,6.9540000,0.000000,0,0,0
13.120,-0.0712000,-0.0114000,9.6756000,32.8751000,31.3263000,30.7236000,-37.7480000,-6.3640000,6.9360000,0.000000,0,0,0
13.130,-0.0700000,-0.0114000,9.6768000,32.8751000,31.3263000,30.7236000,-37.7080000,-5.9350000,7.1250000,0.000000,0,0,0
13.140,-0.0700000,-0.0126000,9.6768000,32.8751000,31.3263000,30.7236000,-37.5310000,-6.1240000,7.0060000,0.000000,0,0,0
13.150,-0.0700000,-0.0114000,9.6756000,32.8751000,31.3263000,30.7236000,-37.3320000,-6.4860000,6.6560000,0.000000,0,0,0
13.160,-0.0712000,-0.0114000,9.6744000,32.8751000,31.3187000,30.7236000,-37.4490000,-6.3230000,6.4490000,0.000000,0,0,0
13.170,-0.0724000,-0.0102000,9.6744000,32.8751000,31.3110000,30.7236000,-37.4320000,-6.0620000,6.0680000,0.000000,0,0,0
13.180,-0.0736000,-0.0090000,9.6744000,32.8751000,31.3034000,30.7159000,-37.7140000,-6.5240000,6.3220000,0.000000,0,0,0
13.190,-0.0748000,-0.0090000,9.6720000,32.8751000,31.2958000,30.7159000,-37.4050000,-5.9620000,6.1010000,0.000000,0,0,0
13.200,-0.0748000,-0.0090000,9.6708000,32.8751000,31.2958000,30.7083000,-37.2890000,-6.4560000,6.8320000,0.000000,0,0,0
13.210,-0.0736000,-0.0102000,9.6720000,32.8751000,31.2958000,30.7083000,-37.4860000,-6.2880000,6.3720000,0.000000,0,0,0
13.220,-0.0724000,-0.0102000,9.6732000,32.8827000,31.2958000,30.7083000,-37.4000000,-6.2880000,6.3500000,0.000000,0,0,0
13.230,-0.0724000,-0.0102000,9.6744000,32.8903000,31.2958000,30.7159000,-37.2320000,-6.0400000,6.9630000,0.000000,0,0,0
13.240,-0.0724000,-0.0102000,9.6756000,32.8827000,31.2881000,30.7159000,-37.1290000,-6.0660000,6.9370000,0.000000,0,0,0
13.250,-0.0736000,-0.0114000,9.6780000,32.8751000,31.2881000,30.7236000,-37.3420000,-5.9990000,7.3820000,0.000000,0,0,0
13.260,-0.0736000,-0.0114000,9.6768000,32.8674000,31.2958000,30.7236000,-37.5140000,-6.2020000,6.8110000,0.000000,0,0,0
13.270,-0.0736000,-0.0102000,9.6732000,32.8674000,31.2958000,30.7236000,-37.4940000,-6.1740000,6.8440000,0.000000,0,0,0
13.280,-0.0736000,-0.0090000,9.6708000,32.8751000,31.2958000,30.7236000,-37.3720000,-6.1230000,6.4380000,0.000000,0,0,0
13.290,-0.0748000,-0.0090000,9.6708000,32.8751000,31.2958000,30.7159000,-37.7230000,-6.0740000,6.6240000,0.000000,0,0,0
13.300,-0.0760000,-0.0090000,9.6732000,32.8827000,31.2958000,30.7159000,-37.6720000,-6.1000000,6.5230000,0.000000,0,0,0
13.310,-0.0760000,-0.0090000,9.6732000,32.8903000,31.2881000,30.7159000,-37.5820000,-6.3760000,6.6360000,0.000000,0,0,0
13.320,-0.0760000,-0.0090000,9.6732000,32.8903000,31.2881000,30.7159000,-37.5240000,-6.2690000,6.6300000,0.000000,0,0,0
13.330,-0.0760000,-0.0090000,9.6732000,32.8903000,31.2881000,30.7159000,-37.7310000,-6.4480000,6.5880000,0.000000,0,0,0
13.340,-0.0760000,-0.0102000,9.6744000,32.8903000,31.2958000,30.7159000,-37.5350000,-5.8200000,6.8290000,0.000000,0,0,0
13.350,-0.0760000,-0.0102000,9.6744000,32.8827000,31.3034000,30.7159000,-37.7110000,-6.0100000,6.3580000,0.000000,0,0,0
13.360,-0.0748000,-0.0090000,9.6732000,32.8827000,31.2958000,30.7159000,-37.4790000,-6.2950000,6.2710000,0.000000,0,0,0
13.370,-0.0760000,-0.0102000,9.6720000,32.8827000,31.2958000,30.7159000,-37.2180000,-6.2780000,7.5490000,0.000000,0,0,0
13.380,-0.0760000,-0.0114000,9.6732000,32.8751000,31.3034000,30.7159000,-37.3070000,-6.1150000,6.6390000,0.000000,0,0,0
13.390,-0.0772000,-0.0114000,9.6732000,32.8751000,31.2958000,30.7159000,-37.4890000,-5.9880000,7.1390000,0.000000,0,0,0
13.400,-0.0772000,-0.0114000,9.6720000,32.8751000,31.2958000,30.7159000,-37.4740000,-6.3610000,6.3580000,0.000000,0,0,0
13.410,-0.0772000,-0.0114000,9.6720000,32.8827000,31.2881000,30.7236000,-37.2510000,-6.4390000,6.2290000,0.000000,0,0,0
13.420,-0.0772000,-0.0114000,9.6732000,32.8903000,31.2881000,30.7236000,-37.4180000,-6.3260000,7.1350000,0.000000,0,0,0
13.430,-0.0760000,-0.0114000,9.6744000,32.8903000,31.2881000,30.7236000,-37.7090000,-6.2180000,6.6020000,0.000000,0,0,0
13.440,-0.0736000,-0.0114000,9.6732000,32.8903000,31.2881000,30.7236000,-37.6100000,-6.3910000,6.9610000,0.000000,0,0,0
13.450,-0.0736000,-0.0102000,9.6720000,32.8979000,31.2958000,30.7159000,-37.3510000,-6.4040000,6.6510000,0.000000,0,0,0
13.460,-0.0724000,-0.0102000,9.6720000,32.8979000,31.2958000,30.7236000,-37.6340000,-6.1200000,6.9080000,0.000000,0,0,0
13.470,-0.0724000,-0.0102000,9.6720000,32.8979000,31.3034000,30.7159000,-37.1860000,-6.3310000,7.2610000,0.000000,0,0,0
13.480,-0.0724000,-0.0090000,9.6696000,32.8979000,31.2958000,30.7236000,-37.4640000,-6.3240000,6.9390000,0.000000,0,0,0
13.490,-0.0724000,-0.0090000,9.6684000,32.8903000,31.2958000,30.7312000,-37.3130000,-6.1930000,6.9860000,0.000000,0,0,0
13.500,-0.0724000,-0.0090000,9.6696000,32.8903000,31.2881000,30.7312000,-37.4250000,-6.1050000,6.9550000,0.000000,0,0,0
13.510,-0.0712000,-0.0090000,9.6696000,32.8903000,31.2881000,30.7236000,-37.0400000,-6.3070000,6.8390000,0.000000,0,0,0
13.520,-0.0712000,-0.0090000,9.6708000,32.8903000,31.2805000,30.7236000,-37.3350000,-6.3160000,7.0400000,0.000000,0,0,0
13.530,-0.0712000,-0.0078000,9.6720000,32.8903000,31.2805000,30.7236000,-37.0630000,-6.2090000,7.3950000,0.000000,0,0,0
13.540,-0.0712000,-0.0078000,9.6744000,32.8903000,31.2881000,30.7236000,-37.5080000,-6.3530000,7.6100000,0.000000,0,0,0
13.550,-0.0712000,-0.0078000,9.6768000,32.8979000,31.2958000,30.7236000,-37.2030000,-6.7510000,6.7350000,0.000000,0,0,0
13.560,-0.0712000,-0.0090000,9.6756000,32.8903000,31.3110000,30.7236000,-37.1230000,-6.5990000,6.7630000,0.000000,0,0,0
13.570,-0.0712000,-0.0090000,9.6732000,32.8903000,31.3263000,30.7236000,-37.4200000,-6.2210000,7.5140000,0.000000,0,0,0
13.580,-0.0724000,-0.0114000,9.6720000,32.8827000,31.3416000,30.7312000,-37.4750000,-6.3760000,7.3930000,0.000000,0,0,0
13.590,-0.0724000,-0.0126000,9.6720000,32.8827000,31.3492000,30.7312000,-37.4340000,-6.5510000,6.5780000,0.000000,0,0,0
13.600,-0.0748000,-0.0114000,9.6720000,32.8827000,31.3568000,30.7312000,-37.3930000,-6.1080000,7.3040000,0.000000,0,0,0
13.610,-0.0760000,-0.0114000,9.6708000,32.8751000,31.3644000,30.7236000,-37.1820000,-6.0970000,7.3680000,0.000000,0,0,0
13.620,-0.0748000,-0.0114000,9.6708000,32.8751000,31.3721000,30.7236000,-37.5810000,-6.3410000,7.1220000,0.000000,0,0,0
13.630,-0.0748000,-0.0114000,9.6720000,32.8751000,31.3721000,30.7236000,-37.4890000,-6.0320000,6.2510000,0.000000,0,0,0
13.640,-0.0736000,-0.0102000,9.6708000,32.8674000,31.3721000,30.7236000,-37.4030000,-6.5410000,7.2080000,0.000000,0,0,0
13.650,-0.0736000,-0.0114000,9.6708000,32.8598000,31.3721000,30.7236000,-37.3520000,-6.1310000,6.7950000,0.000000,0,0,0
13.660,-0.0736000,-0.0102000,9.6708000,32.8598000,31.3644000,30.7236000,-37.4920000,-6.2510000,6.6830000,0.000000,0,0,0
13.670,-0.0736000,-0.0102000,9.6720000,32.8674000,31.3568000,30.7236000,-37.4190000,-6.1700000,6.8680000,0.000000,0,0,0
13.680,-0.0748000,-0.0102000,9.6732000,32.8674000,31.3492000,30.7236000,-37.5420000,-6.5380000,6.9530000,0.000000,0,0,0
13.690,-0.0748000,-0.0102000,9.6744000,32.8674000,31.3492000,30.7236000,-37.4010000,-6.2680000,6.8700000,0.000000,0,0,0
13.700,-0.0736000,-0.0114000,9.6744000,32.8751000,31.3492000,30.7159000,-37.4700000,-6.2650000,6.6910000,0.000000,0,0,0
13.710,-0.0736000,-0.0114000,9.6756000,32.8751000,31.3492000,30.7159000,-37.0940000,-5.9520000,6.5530000,0.000000,0,0,0
13.720,-0.0724000,-0.0114000,9.6768000,32.8674000,31.3492000,30.7159000,-37.4770000,-6.1910000,6.7210000,0.000000,0,0,0
13.730,-0.0724000,-0.0114000,9.6756000,32.8674000,31.3492000,30.7159000,-37.5600000,-6.2760000,6.3760000,0.000000,0,0,0
13.740,-0.0724000,-0.0102000,9.6744000,32.8674000,31.3492000,30.7159000,-37.4700000,-6.1990000,6.4140000,0.000000,0,0,0
13.750,-0.0724000,-0.0114000,9.6744000,32.8674000,31.3416000,30.7159000,-37.5060000,-6.3520000,7.0500000,0.000000,0,0,0
13.760,-0.0736000,-0.0114000,9.6756000,32.8751000,31.3339000,30.7159000,-37.7440000,-6.3030000,6.4600000,0.000000,0,0,0
13.770,-0.0736000,-0.0102000,9.6756000,32.8751000,31.3263000,30.7159000,-37.5190000,-6.3280000,6.3270000,0.000000,0,0,0
13.780,-0.0748000,-0.0102000,9.6744000,32.8751000,31.3263000,30.7159000,-37.6710000,-6.4940000,6.5940000,0.000000,0,0,0
13.790,-0.0748000,-0.0102000,9.6732000,32.8827000,31.3263000,30.7159000,-37.6900000,-6.2410000,6.6340000,0.000000,0,0,0
13.800,-0.0748000,-0.0102000,9.6732000,32.8827000,31.3263000,30.7159000,-37.8070000,-6.0350000,6.8920000,0.000000,0,0,0
13.810,-0.0736000,-0.0102000,9.6732000,32.8827000,31.3339000,30.7159000,-37.4350000,-5.8050000,6.4690000,0.000000,0,0,0
13.820,-0.0736000,-0.0114000,9.6720000,32.8827000,31.3339000,30.7236000,-37.7240000,-6.2820000,7.0180000,0.000000,0,0,0
13.830,-0.0748000,-0.0114000,9.6708000,32.8751000,31.3339000,30.7236000,-37.5460000,-6.3480000,6.3930000,0.000000,0,0,0
13.840,-0.0748000,-0.0114000,9.6708000,32.8751000,31.3263000,30.7236000,-37.2900000,-6.3060000,6.3650000,0.000000,0,0,0
13.850,-0.0748000,-0.0102000,9.6708000,32.8674000,31.3187000,30.7159000,-37.3340000,-6.0200000,7.0380000,0.000000,0,0,0
13.860,-0.0760000,-0.0090000,9.6696000,32.8674000,31.3110000,30.7159000,-37.4430000,-6.1800000,6.6020000,0.000000,0,0,0
13.870,-0.0760000,-0.0090000,9.6696000,32.8674000,31.3034000,30.7083000,-37.5120000,-6.0400000,6.7570000,0.000000,0,0,0
13.880,-0.0748000,-0.0066000,9.6708000,32.8751000,31.2805000,30.7083000,-37.3850000,-6.1360000,7.1950000,0.000000,0,0,0
13.890,-0.0748000,-0.0054000,9.6708000,32.8827000,31.2729000,30.7159000,-37.4780000,-5.7990000,6.4910000,0.000000,0,0,0
13.900,-0.0748000,-0.0054000,9.6696000,32.8827000,31.2729000,30.7236000,-37.3010000,-6.5120000,6.4430000,0.000000,0,0,0
13.910,-0.0748000,-0.0066000,9.6708000,32.8903000,31.2729000,30.7236000,-37.6280000,-6.0200000,6.7160000,0.000000,0,0,0
13.920,-0.0736000,-0.0078000,9.6720000,32.8827000,31.2729000,30.7312000,-37.3850000,-6.0360000,7.0940000,0.000000,0,0,0
13.930,-0.0736000,-0.0090000,9.6720000,32.8827000,31.2729000,30.7312000,-37.4570000,-6.2580000,6.7420000,0.000000,0,0,0
13.940,-0.0736000,-0.0078000,9.6732000,32.8903000,31.2729000,30.7312000,-37.6760000,-6.4120000,6.5480000,0.000000,0,0,0
13.950,-0.0736000,-0.0066000,9.6732000,32.8903000,31.2805000,30.7312000,-37.5310000,-6.1610000,7.1810000,0.000000,0,0,0
13.960,-0.0736000,-0.0054000,9.6732000,32.8827000,31.2958000,30.7236000,-37.6080000,-6.0080000,7.3730000,0.000000,0,0,0
13.970,-0.0736000,-0.0054000,9.6720000,32.8827000,31.3034000,30.7236000,-37.5750000,-6.1750000,7.2050000,0.000000,0,0,0
13.980,-0.0736000,-0.0066000,9.6720000,32.8827000,31.3110000,30.7236000,-37.5550000,-5.9620000,6.7010000,0.000000,0,0,0
13.990,-0.0736000,-0.0078000,9.6720000,32.8751000,31.3110000,30.7159000,-37.4740000,-6.0030000,7.1780000,0.000000,0,0,0
14.000,-0.0736000,-0.0102000,9.6708000,32.8751000,31.3034000,30.7159000,-37.5600000,-5.9670000,7.1960000,0.000000,0,0,0
14.010,-0.0748000,-0.0114000,9.6696000,32.8751000,31.3034000,30.7159000,-37.3740000,-5.9010000,7.1000000,0.000000,0,0,0
14.020,-0.0748000,-0.0138000,9.6708000,32.8751000,31.3110000,30.7236000,-37.5790000,-6.2880000,6.7020000,0.000000,0,0,0
14.030,-0.0736000,-0.0138000,9.6732000,32.8674000,31.3110000,30.7236000,-37.3590000,-5.9950000,6.7300000,0.000000,0,0,0
14.040,-0.0736000,-0.0126000,9.6756000,32.8751000,31.3110000,30.7236000,-37.4820000,-6.1900000,6.5370000,0.000000,0,0,0
14.050,-0.0736000,-0.0102000,9.6768000,32.8751000,31.3110000,30.7236000,-37.5310000,-6.3840000,7.1520000,0.000000,0,0,0
14.060,-0.0748000,-0.0090000,9.6756000,32.8903000,31.3034000,30.7236000,-37.4870000,-6.0590000,6.9120000,0.000000,0,0,0
14.070,-0.0748000,-0.0102000,9.6756000,32.8903000,31.3034000,30.7236000,-37.5800000,-6.0290000,7.0100000,0.000000,0,0,0
14.080,-0.0760000,-0.0102000,9.6768000,32.8903000,31.2958000,30.7236000,-37.4210000,-6.0780000,6.7230000,0.000000,0,0,0
14.090,-0.0760000,-0.0102000,9.6768000,32.8903000,31.3034000,30.7159000,-37.3360000,-6.2660000,6.5940000,0.000000,0,0,0
14.100,-0.0760000,-0.0102000,9.6756000,32.8903000,31.3034000,30.7159000,-37.3600000,-6.1470000,6.7890000,0.000000,0,0,0
14.110,-0.0748000,-0.0090000,9.6744000,32.8903000,31.2958000,30.7083000,-37.4600000,-6.3340000,6.4880000,0.000000,0,0,0
14.120,-0.0748000,-0.0090000,9.6744000,32.8903000,31.2958000,30.7083000,-37.6750000,-6.1400000,6.9380000,0.000000,0,0,0
14.130,-0.0748000,-0.0090000,9.6744000,32.8827000,31.2958000,30.7083000,-37.3260000,-6.2490000,7.0210000,0.000000,0,0,0
14.140,-0.0760000,-0.0090000,9.6732000,32.8827000,31.3034000,30.7083000,-37.6870000,-6.1450000,6.8830000,0.000000,0,0,0
14.150,-0.0748000,-0.0090000,9.6720000,32.8827000,31.3034000,30.7083000,-37.6200000,-6.1140000,7.7910000,0.000000,0,0,0
14.160,-0.0724000,-0.0102000,9.6720000,32.8751000,31.3110000,30.7159000,-37.3710000,-6.3450000,6.8770000,0.000000,0,0,0
14.170,-0.0712000,-0.0114000,9.6720000,32.8674000,31.3187000,30.7236000,-37.5890000,-6.1030000,6.6420000,0.000000,0,0,0
14.180,-0.0700000,-0.0114000,9.6732000,32.8598000,31.3187000,30.7236000,-37.2860000,-6.3240000,6.8560000,0.000000,0,0,0
14.190,-0.0700000,-0.0126000,9.6732000,32.8598000,31.3187000,30.7236000,-37.2400000,-6.1980000,6.6180000,0.000000,0,0,0
14.200,-0.0700000,-0.0126000,9.6732000,32.8674000,31.3110000,30.7159000,-37.4030000,-6.3140000,6.9670000,0.000000,0,0,0
14.210,-0.0688000,-0.0126000,9.6732000,32.8751000,31.3110000,30.7159000,-37.3010000,-6.3750000,6.8220000,0.000000,0,0,0
14.220,-0.0688000,-0.0114000,9.6732000,32.8827000,31.3110000,30.7159000,-37.4460000,-6.5920000,6.6110000,0.000000,0,0,0
14.230,-0.0676000,-0.0102000,9.6744000,32.8827000,31.3187000,30.7159000,-37.3900000,-6.3500000,6.6690000,0.000000,0,0,0
14.240,-0.0688000,-0.0090000,9.6756000,32.8751000,31.3187000,30.7159000,-37.5710000,-6.5090000,6.8650000,0.000000,0,0,0
14.250,-0.0688000,-0.0090000,9.6744000,32.8674000,31.3263000,30.7236000,-37.4050000,-6.1930000,7.2110000,0.000000,0,0,0
14.260,-0.0712000,-0.0090000,9.6732000,32.8674000,31.3263000,30.7236000,-37.4990000,-6.0050000,6.8550000,0.000000,0,0,0
14.270,-0.0712000,-0.0090000,9.6732000,32.8751000,31.3187000,30.7236000,-37.5370000,-6.2320000,6.3950000,0.000000,0,0,0
14.280,-0.0712000,-0.0090000,9.6732000,32.8827000,31.3187000,30.7159000,-37.4140000,-6.2160000,6.6710000,0.000000,0,0,0
14.290,-0.0712000,-0.0102000,9.6732000,32.8827000,31.3263000,30.7159000,-37.2820000,-6.3210000,6.5960000,0.000000,0,0,0
14.300,-0.0712000,-0.0114000,9.6732000,32.8827000,31.3263000,30.7159000,-37.2900000,-6.5440000,7.0000000,0.000000,0,0,0
14.310,-0.0724000,-0.0114000,9.6744000,32.8827000,31.3339000,30.7236000,-37.5360000,-6.1520000,6.7130000,0.000000,0,0,0
14.320,-0.0736000,-0.0114000,9.6744000,32.8827000,31.3339000,30.7312000,-37.6580000,-6.2520000,6.5600000,0.000000,0,0,0
14.330,-0.0736000,-0.0114000,9.6756000,32.8827000,31.3339000,30.7312000,-37.4740000,-6.1320000,6.8770000,0.000000,0,0,0
14.340,-0.0748000,-0.0102000,9.6756000,32.8903000,31.3416000,30.7388000,-37.4680000,-6.2620000,6.3820000,0.000000,0,0,0
14.350,-0.0736000,-0.0102000,9.6756000,32.8827000,31.3416000,30.7388000,-37.4680000,-6.2050000,6.1570000,0.000000,0,0,0
14.360,-0.0736000,-0.0090000,9.6744000,32.8827000,31.3339000,30.7388000,-37.4990000,-6.1360000,7.3970000,0.000000,0,0,0
14.370,-0.0748000,-0.0090000,9.6720000,32.8827000,31.3263000,30.7312000,-37.6480000,-6.1120000,6.7510000,0.000000,0,0,0
14.380,-0.0748000,-0.0090000,9.6696000,32.8827000,31.3187000,30.7312000,-37.8060000,-6.1560000,7.1340000,0.000000,0,0,0
14.390,-0.0736000,-0.0090000,9.6696000,32.8827000,31.3263000,30.7236000,-37.5320000,-6.2200000,6.8780000,0.000000,0,0,0
14.400,-0.0736000,-0.0090000,9.6708000,32.8751000,31.3339000,30.7236000,-37.4810000,-6.3190000,6.8260000,0.000000,0,0,0
14.410,-0.0724000,-0.0090000,9.6720000,32.8751000,31.3416000,30.7236000,-37.5830000,-6.3490000,6.5320000,0.000000,0,0,0
14.420,-0.0724000,-0.0102000,9.6720000,32.8674000,31.3416000,30.7236000,-37.6340000,-6.4290000,7.2180000,0.000000,0,0,0
14.430,-0.0736000,-0.0090000,9.6720000,32.8674000,31.3339000,30.7236000,-37.3980000,-6.4290000,6.9860000,0.000000,0,0,0
14.440,-0.0748000,-0.0090000,9.6708000,32.8598000,31.3263000,30.7236000,-37.5340000,-6.2420000,7.1560000,0.000000,0,0,0
14.450,-0.0736000,-0.0090000,9.6708000,32.8674000,31.3263000,30.7236000,-37.2000000,-6.1080000,6.7880000,0.000000,0,0,0
14.460,-0.0736000,-0.0078000,9.6708000,32.8751000,31.3263000,30.7159000,-37.4350000,-6.2300000,6.6990000,0.000000,0,0,0
14.470,-0.0736000,-0.0066000,9.6708000,32.8751000,31.3263000,30.7159000,-37.3050000,-6.4570000,7.0010000,0.000000,0,0,0
14.480,-0.0736000,-0.0054000,9.6720000,32.8827000,31.3263000,30.7159000,-37.6280000,-6.6040000,6.3180000,0.000000,0,0,0
14.490,-0.0736000,-0.0066000,9.6720000,32.8751000,31.3263000,30.7159000,-37.3390000,-6.3910000,6.8630000,0.000000,0,0,0
14.500,-0.0736000,-0.0090000,9.6720000,32.8674000,31.3187000,30.7159000,-37.4260000,-6.1340000,6.5760000,0.000000,0,0,0
14.510,-0.0736000,-0.0102000,9.6720000,32.8598000,31.3187000,30.7236000,-37.4050000,-6.3090000,6.8390000,0.000000,0,0,0
14.520,-0.0748000,-0.0102000,9.6732000,32.8598000,31.3187000,30.7236000,-37.2460000,-6.3700000,6.9050000,0.000000,0,0,0
14.530,-0.0760000,-0.0090000,9.6732000,32.8674000,31.3187000,30.7236000,-37.4600000,-6.1180000,6.6420000,0.000000,0,0,0
14.540,-0.0772000,-0.0078000,9.6732000,32.8674000,31.3187000,30.7236000,-36.9830000,-6.0260000,6.4000000,0.000000,0,0,0
14.550,-0.0784000,-0.0066000,9.6720000,32.8674000,31.3263000,30.7236000,-37.2460000,-6.1910000,7.3400000,0.000000,0,0,0
14.560,-0.0784000,-0.0078000,9.6720000,32.8674000,31.3263000,30.7159000,-37.4170000,-6.4420000,6.6440000,0.000000,0,0,0
14.570,-0.0772000,-0.0102000,9.6720000,32.8751000,31.3339000,30.7236000,-37.3880000,-6.2320000,6.6470000,0.000000,0,0,0
14.580,-0.0748000,-0.0102000,9.6720000,32.8751000,31.3339000,30.7159000,-37.1850000,-6.2010000,6.7060000,0.000000,0,0,0
14.590,-0.0736000,-0.0102000,9.6720000,32.8751000,31.3416000,30.7236000,-37.2890000,-6.5210000,6.7000000,0.000000,0,0,0
14.600,-0.0712000,-0.0102000,9.6720000,32.8751000,31.3416000,30.7236000,-37.1400000,-6.3280000,7.1170000,0.000000,0,0,0
14.610,-0.0724000,-0.0090000,9.6720000,32.8751000,31.3416000,30.7159000,-37.4030000,-6.4270000,6.4820000,0.000000,0,0,0
14.620,-0.0736000,-0.0078000,9.6708000,32.8674000,31.3416000,30.7159000,-37.0240000,-6.3330000,6.3060000,0.000000,0,0,0
14.630,-0.0748000,-0.0066000,9.6696000,32.8674000,31.3339000,30.7236000,-37.1600000,-6.1910000,6.4300000,0.000000,0,0,0
14.640,-0.0760000,-0.0078000,9.6696000,32.8674000,31.3263000,30.7236000,-37.0660000,-6.2330000,6.8460000,0.000000,0,0,0
14.650,-0.0760000,-0.0066000,9.6708000,32.8674000,31.3263000,30.7236000,-37.3190000,-6.4640000,6.6510000,0.000000,0,0,0
14.660,-0.0772000,-0.0066000,9.6696000,32.8751000,31.3187000,30.7236000,-37.0330000,-6.3640000,7.1330000,0.000000,0,0,0
14.670,-0.0784000,-0.0066000,9.6696000,32.8827000,31.3110000,30.7236000,-37.1550000,-6.3720000,7.2240000,0.000000,0,0,0
14.680,-0.0796000,-0.0078000,9.6708000,32.8903000,31.3034000,30.7159000,-37.1880000,-6.5480000,6.4880000,0.000000,0,0,0
14.690,-0.0784000,-0.0090000,9.6732000,32.8903000,31.2958000,30.7159000,-37.1740000,-6.1900000,6.8640000,0.000000,0,0,0
14.700,-0.0772000,-0.0102000,9.6744000,32.8903000,31.2958000,30.7159000,-37.2600000,-6.4270000,6.3290000,0.000000,0,0,0
14.710,-0.0772000,-0.0114000,9.6744000,32.8827000,31.3034000,30.7159000,-37.1040000,-6.1980000,6.7110000,0.000000,0,0,0
14.720,-0.0760000,-0.0114000,9.6732000,32.8751000,31.3110000,30.7159000,-37.0430000,-6.2390000,6.9460000,0.000000,0,0,0
14.730,-0.0748000,-0.0114000,9.6744000,32.8674000,31.3187000,30.7236000,-37.2530000,-6.3700000,7.4040000,0.000000,0,0,0
14.740,-0.0736000,-0.0114000,9.6744000,32.8674000,31.3263000,30.7236000,-37.2480000,-6.1210000,6.7780000,0.000000,0,0,0
14.750,-0.0724000,-0.0102000,9.6744000,32.8598000,31.3263000,30.7236000,-37.2270000,-6.3150000,6.4230000,0.000000,0,0,0
14.760,-0.0724000,-0.0090000,9.6732000,32.8598000,31.3187000,30.7236000,-37.3590000,-6.4850000,6.6940000,0.000000,0,0,0
14.770,-0.0712000,-0.0090000,9.6720000,32.8674000,31.3034000,30.7236000,-37.2820000,-6.3710000,6.0180000,0.000000,0,0,0
14.780,-0.0712000,-0.0102000,9.6732000,32.8674000,31.2958000,30.7159000,-37.1430000,-5.9350000,6.8800000,0.000000,0,0,0
14.790,-0.0712000,-0.0126000,9.6732000,32.8674000,31.3034000,30.7159000,-37.2930000,-6.1660000,6.7850000,0.000000,0,0,0
14.800,-0.0700000,-0.0138000,9.6732000,32.8751000,31.3034000,30.7159000,-37.2720000,-6.4320000,6.7950000,0.000000,0,0,0
14.810,-0.0700000,-0.0138000,9.6732000,32.8751000,31.3034000,30.7236000,-37.2390000,-6.4490000,6.5480000,0.000000,0,0,0
14.820,-0.0700000,-0.0126000,9.6732000,32.8751000,31.3110000,30.7236000,-36.9770000,-6.2010000,7.0270000,0.000000,0,0,0
14.830,-0.0712000,-0.0102000,9.6732000,32.8751000,31.3110000,30.7236000,-37.1290000,-6.3960000,7.2420000,0.000000,0,0,0
14.840,-0.0724000,-0.0090000,9.6720000,32.8751000,31.3110000,30.7159000,-36.9870000,-6.5060000,7.2900000,0.000000,0,0,0
14.850,-0.0736000,-0.0090000,9.6732000,32.8751000,31.3034000,30.7159000,-37.0670000,-6.0960000,7.9960000,0.000000,0,0,0
14.860,-0.0736000,-0.0090000,9.6744000,32.8827000,31.3034000,30.7083000,-37.1610000,-6.0270000,7.2190000,0.000000,0,0,0
14.870,-0.0736000,-0.0102000,9.6732000,32.8827000,31.3034000,30.7159000,-36.9180000,-6.1270000,7.0920000,0.000000,0,0,0
14.880,-0.0748000,-0.0114000,9.6708000,32.8903000,31.3034000,30.7159000,-37.3270000,-5.9420000,6.8510000,0.000000,0,0,0
14.890,-0.0748000,-0.0126000,9.6696000,32.8827000,31.3034000,30.7159000,-37.2450000,-6.3340000,6.6050000,0.000000,0,0,0
14.900,-0.0736000,-0.0114000,9.6708000,32.8827000,31.3110000,30.7159000,-37.3130000,-6.1930000,7.1970000,0.000000,0,0,0
14.910,-0.0724000,-0.0114000,9.6708000,32.8827000,31.3110000,30.7159000,-37.4730000,-6.1030000,6.7880000,0.000000,0,0,0
14.920,-0.0712000,-0.0126000,9.6696000,32.8827000,31.3187000,30.7159000,-37.3600000,-6.2110000,6.9340000,0.000000,0,0,0
14.930,-0.0712000,-0.0126000,9.6684000,32.8751000,31.3263000,30.7236000,-37.0240000,-6.5130000,6.6480000,0.000000,0,0,0
14.940,-0.0712000,-0.0114000,9.6696000,32.8751000,31.3263000,30.7159000,-37.2950000,-6.1890000,6.8620000,0.000000,0,0,0
14.950,-0.0712000,-0.0114000,9.6732000,32.8674000,31.3263000,30.7159000,-37.0340000,-6.3940000,6.5780000,0.000000,0,0,0
14.960,-0.0724000,-0.0114000,9.6756000,32.8674000,31.3187000,30.7159000,-37.3280000,-6.3090000,6.7840000,0.000000,0,0,0
14.970,-0.0736000,-0.0114000,9.6744000,32.8751000,31.3110000,30.7159000,-37.0920000,-6.3240000,7.1550000,0.000000,0,0,0
14.980,-0.0748000,-0.0126000,9.6744000,32.8751000,31.3034000,30.7159000,-37.3750000,-6.3050000,6.7660000,0.000000,0,0,0
14.990,-0.0748000,-0.0126000,9.6744000,32.8751000,31.3110000,30.7159000,-37.3140000,-6.2870000,6.8340000,0.000000,0,0,0
15.000,-0.0760000,-0.0126000,9.6744000,32.8751000,31.3263000,30.7159000,-37.2840000,-5.9770000,7.5640000,0.000000,0,0,0
15.010,-0.0760000,-0.0126000,9.6732000,32.8751000,31.3339000,30.7159000,-36.8900000,-5.9550000,7.5940000,0.000000,0,0,0
15.020,-0.0748000,-0.0102000,9.6720000,32.8751000,31.3339000,30.7159000,-37.3880000,-6.2170000,7.1630000,0.000000,0,0,0
15.030,-0.0748000,-0.0078000,9.6720000,32.8674000,31.3339000,30.7159000,-37.1820000,-6.2550000,7.0250000,0.000000,0,0,0
15.040,-0.0760000,-0.0078000,9.6732000,32.8598000,31.3339000,30.7236000,-36.8660000,-6.2970000,7.6480000,0.000000,0,0,0
15.050,-0.0760000,-0.0090000,9.6720000,32.8598000,31.3339000,30.7236000,-36.8660000,-6.2690000,6.8650000,0.000000,0,0,0
15.060,-0.0748000,-0.0102000,9.6708000,32.8674000,31.3339000,30.7236000,-37.2510000,-6.1810000,7.1840000,0.000000,0,0,0
15.070,-0.0724000,-0.0102000,9.6720000,32.8827000,31.3339000,30.7236000,-37.1480000,-6.1210000,7.0990000,0.000000,0,0,0
15.080,-0.0724000,-0.0114000,9.6732000,32.8903000,31.3263000,30.7236000,-37.4500000,-6.2090000,7.6670000,0.000000,0,0,0
15.090,-0.0736000,-0.0102000,9.6732000,32.8903000,31.3263000,30.7236000,-37.4150000,-6.3100000,6.9940000,0.000000,0,0,0
15.100,-0.0760000,-0.0102000,9.6720000,32.8903000,31.3263000,30.7236000,-37.5230000,-6.0100000,7.1700000,0.000000,0,0,0
15.110,-0.0796000,-0.0078000,9.6720000,32.8827000,31.3263000,30.7236000,-37.3320000,-6.2850000,7.0380000,0.000000,0,0,0
15.120,-0.0796000,-0.0078000,9.6708000,32.8827000,31.3263000,30.7236000,-37.2850000,-6.5030000,6.7850000,0.000000,0,0,0
15.130,-0.0772000,-0.0066000,9.6696000,32.8827000,31.3263000,30.7236000,-37.3530000,-6.2980000,7.0870000,0.000000,0,0,0
15.140,-0.0760000,-0.0078000,9.6696000,32.8751000,31.3263000,30.7159000,-37.3630000,-6.4880000,7.0030000,0.000000,0,0,0
15.150,-0.0748000,-0.0090000,9.6696000,32.8751000,31.3339000,30.7083000,-37.0940000,-6.0810000,6.9020000,0.000000,0,0,0
15.160,-0.0736000,-0.0102000,9.6720000,32.8674000,31.3339000,30.7083000,-37.4860000,-6.3020000,6.7800000,0.000000,0,0,0
15.170,-0.0724000,-0.0102000,9.6732000,32.8674000,31.3339000,30.7083000,-37.4310000,-6.5560000,7.1240000,0.000000,0,0,0
15.180,-0.0712000,-0.0114000,9.6744000,32.8674000,31.3339000,30.7159000,-37.1220000,-6.0790000,6.3770000,0.000000,0,0,0
15.190,-0.0712000,-0.0102000,9.6744000,32.8598000,31.3263000,30.7159000,-37.2650000,-6.4040000,6.6820000,0.000000,0,0,0
15.200,-0.0724000,-0.0078000,9.6732000,32.8598000,31.3187000,30.7159000,-37.2320000,-6.2840000,6.4480000,0.000000,0,0,0
15.210,-0.0736000,-0.0078000,9.6732000,32.8674000,31.3187000,30.7159000,-37.3300000,-5.8950000,5.6690000,0.000000,0,0,0
15.220,-0.0748000,-0.0090000,9.6744000,32.8751000,31.3187000,30.7159000,-37.0390000,-6.2120000,6.7070000,0.000000,0,0,0
15.230,-0.0748000,-0.0090000,9.6744000,32.8751000,31.3187000,30.7159000,-37.4740000,-6.2110000,6.4510000,0.000000,0,0,0
15.240,-0.0748000,-0.0078000,9.6732000,32.8751000,31.3187000,30.7159000,-37.3490000,-6.0640000,6.0460000,0.000000,0,0,0
15.250,-0.0736000,-0.0078000,9.6744000,32.8827000,31.3187000,30.7083000,-37.7070000,-5.9500000,6.5420000,0.000000,0,0,0
15.260,-0.0736000,-0.0090000,9.6744000,32.8827000,31.3187000,30.7083000,-37.2740000,-6.1540000,6.9030000,0.000000,0,0,0
15.270,-0.0736000,-0.0102000,9.6744000,32.8751000,31.3263000,30.7083000,-37.5950000,-6.3970000,6.5580000,0.000000,0,0,0
15.280,-0.0736000,-0.0102000,9.6744000,32.8751000,31.3263000,30.7083000,-37.3640000,-6.4030000,6.7540000,0.000000,0,0,0
15.290,-0.0736000,-0.0090000,9.6744000,32.8674000,31.3263000,30.7159000,-37.3430000,-6.0500000,7.1230000,0.000000,0,0,0
15.300,-0.0736000,-0.0078000,9.6732000,32.8674000,31.3263000,30.7083000,-37.3990000,-6.2010000,7.1520000,0.000000,0,0,0
15.310,-0.0748000,-0.0078000,9.6708000,32.8598000,31.3263000,30.7159000,-37.5550000,-6.1710000,6.6250000,0.000000,0,0,0
15.320,-0.0736000,-0.0078000,9.6696000,32.8522000,31.3263000,30.7159000,-37.3800000,-6.1600000,7.4770000,0.000000,0,0,0
15.330,-0.0748000,-0.0066000,9.6696000,32.8598000,31.3187000,30.7159000,-37.3620000,-6.2210000,6.6720000,0.000000,0,0,0
15.340,-0.0748000,-0.0066000,9.6720000,32.8598000,31.3034000,30.7312000,-37.2340000,-6.2500000,6.6060000,0.000000,0,0,0
15.350,-0.0736000,-0.0066000,9.6720000,32.8751000,31.3110000,30.7236000,-37.2260000,-6.3290000,6.5360000,0.000000,0,0,0
15.360,-0.0712000,-0.0090000,9.6708000,32.8751000,31.3263000,30.7236000,-37.2860000,-6.3540000,7.0270000,0.000000,0,0,0
15.370,-0.0724000,-0.0102000,9.6708000,32.8751000,31.3263000,30.7236000,-37.3380000,-6.1100000,6.8730000,0.000000,0,0,0
15.380,-0.0724000,-0.0102000,9.6720000,32.8827000,31.3339000,30.7236000,-37.3160000,-5.9510000,7.1990000,0.000000,0,0,0
15.390,-0.0724000,-0.0102000,9.6708000,32.8827000,31.3416000,30.7159000,-37.3080000,-6.1300000,7.1320000,0.000000,0,0,0
15.400,-0.0736000,-0.0090000,9.6696000,32.8827000,31.3416000,30.7159000,-37.1330000,-6.0980000,6.9680000,0.000000,0,0,0
15.410,-0.0736000,-0.0078000,9.6708000,32.8903000,31.3416000,30.7236000,-37.1580000,-6.1240000,6.7400000,0.000000,0,0,0
15.420,-0.0736000,-0.0078000,9.6732000,32.8903000,31.3416000,30.7236000,-37.3810000,-5.8810000,6.5370000,0.000000,0,0,0
15.430,-0.0724000,-0.0090000,9.6732000,32.8979000,31.3416000,30.7236000,-37.2870000,-5.7650000,6.4970000,0.000000,0,0,0
15.440,-0.0724000,-0.0102000,9.6732000,32.8979000,31.3416000,30.7312000,-37.1510000,-6.0390000,7.5620000,0.000000,0,0,0
15.450,-0.0748000,-0.0114000,9.6720000,32.8979000,31.3416000,30.7312000,-37.3090000,-6.1680000,7.0380000,0.000000,0,0,0
15.460,-0.0760000,-0.0114000,9.6720000,32.8979000,31.3416000,30.7312000,-37.5130000,-6.0350000,6.6480000,0.000000,0,0,0
15.470,-0.0772000,-0.0102000,9.6720000,32.8979000,31.3339000,30.7312000,-37.3180000,-6.3280000,6.8200000,0.000000,0,0,0
15.480,-0.0772000,-0.0078000,9.6696000,32.8903000,31.3339000,30.7312000,-37.6770000,-6.3370000,6.5220000,0.000000,0,0,0
15.490,-0.0760000,-0.0078000,9.6696000,32.8903000,31.3339000,30.7236000,-37.4110000,-5.8460000,6.9900000,0.000000,0,0,0
15.500,-0.0748000,-0.0090000,9.6708000,32.8827000,31.3263000,30.7236000,-37.5320000,-6.0820000,7.2030000,0.000000,0,0,0
15.510,-0.0748000,-0.0090000,9.6720000,32.8751000,31.3187000,30.7159000,-37.2930000,-6.3750000,6.7900000,0.000000,0,0,0
15.520,-0.0748000,-0.0102000,9.6720000,32.8827000,31.3110000,30.7236000,-37.3230000,-6.3830000,6.6190000,0.000000,0,0,0
15.530,-0.0748000,-0.0114000,9.6720000,32.8903000,31.3034000,30.7236000,-37.2100000,-6.1840000,7.0340000,0.000000,0,0,0
15.540,-0.0748000,-0.0126000,9.6720000,32.8903000,31.3034000,30.7236000,-37.1180000,-5.9410000,7.6540000,0.000000,0,0,0
15.550,-0.0748000,-0.0126000,9.6732000,32.8903000,31.3034000,30.7236000,-37.3000000,-6.1650000,7.6600000,0.000000,0,0,0
15.560,-0.0748000,-0.0126000,9.6720000,32.8903000,31.3110000,30.7236000,-37.3670000,-6.2030000,7.2490000,0.000000,0,0,0
15.570,-0.0760000,-0.0114000,9.6708000,32.8903000,31.3187000,30.7236000,-37.0830000,-5.7830000,6.5410000,0.000000,0,0,0
15.580,-0.0760000,-0.0102000,9.6708000,32.8827000,31.3187000,30.7312000,-37.1060000,-6.0850000,6.6330000,0.000000,0,0,0
15.590,-0.0748000,-0.0090000,9.6720000,32.8751000,31.3187000,30.7312000,-36.9450000,-6.1330000,6.9560000,0.000000,0,0,0
15.600,-0.0736000,-0.0078000,9.6732000,32.8827000,31.3187000,30.7312000,-37.1570000,-6.1670000,6.2830000,0.000000,0,0,0
15.610,-0.0736000,-0.0066000,9.6732000,32.8827000,31.3187000,30.7236000,-36.9450000,-6.2410000,6.8010000,0.000000,0,0,0
15.620,-0.0748000,-0.0066000,9.6708000,32.8903000,31.3263000,30.7236000,-37.0710000,-6.2010000,6.9920000,0.000000,0,0,0
15.630,-0.0748000,-0.0078000,9.6696000,32.8903000,31.3339000,30.7236000,-37.0920000,-5.8780000,6.5500000,0.000000,0,0,0
15.640,-0.0748000,-0.0078000,9.6708000,32.8827000,31.3339000,30.7236000,-37.2540000,-6.2420000,7.0390000,0.000000,0,0,0
15.650,-0.0748000,-0.0090000,9.6720000,32.8827000,31.3339000,30.7236000,-37.1180000,-6.2060000,7.0930000,0.000000,0,0,0
15.660,-0.0748000,-0.0102000,9.6732000,32.8827000,31.3339000,30.7236000,-37.1700000,-6.0070000,7.0530000,0.000000,0,0,0
15.670,-0.0748000,-0.0114000,9.6744000,32.8903000,31.3339000,30.7236000,-37.2610000,-6.2490000,6.6300000,0.000000,0,0,0
15.680,-0.0748000,-0.0102000,9.6744000,32.8827000,31.3339000,30.7312000,-37.1350000,-6.3590000,7.0940000,0.000000,0,0,0
15.690,-0.0748000,-0.0102000,9.6744000,32.8827000,31.3263000,30.7236000,-37.2530000,-6.1620000,6.9620000,0.000000,0,0,0
15.700,-0.0748000,-0.0090000,9.6756000,32.8827000,31.3110000,30.7236000,-37.3040000,-6.5790000,7.0340000,0.000000,0,0,0
15.710,-0.0760000,-0.0090000,9.6756000,32.8827000,31.3110000,30.7236000,-37.2060000,-6.3370000,7.5310000,0.000000,0,0,0
15.720,-0.0772000,-0.0102000,9.6744000,32.8827000,31.3110000,30.7159000,-37.0910000,-6.1070000,6.8550000,0.000000,0,0,0
15.730,-0.0760000,-0.0102000,9.6732000,32.8751000,31.3110000,30.7159000,-37.1180000,-6.4270000,6.9040000,0.000000,0,0,0
15.740,-0.0736000,-0.0102000,9.6732000,32.8827000,31.3187000,30.7236000,-37.3120000,-6.2070000,6.3620000,0.000000,0,0,0
15.750,-0.0736000,-0.0102000,9.6732000,32.8903000,31.3187000,30.7312000,-36.9480000,-6.1860000,6.8710000,0.000000,0,0,0
15.760,-0.0772000,-0.0102000,9.6696000,32.8827000,31.3263000,30.7312000,-37.0560000,-6.2440000,6.8780000,0.000000,0,0,0
15.770,-0.0796000,-0.0102000,9.6684000,32.8827000,31.3339000,30.7312000,-37.0160000,-6.3270000,6.2200000,0.000000,0,0,0
15.780,-0.0796000,-0.0102000,9.6708000,32.8751000,31.3263000,30.7236000,-36.7400000,-5.9990000,7.4430000,0.000000,0,0,0
15.790,-0.0784000,-0.0114000,9.6756000,32.8751000,31.3187000,30.7236000,-37.0240000,-6.0890000,7.4690000,0.000000,0,0,0
15.800,-0.0772000,-0.0114000,9.6768000,32.8751000,31.3110000,30.7236000,-36.9850000,-6.2080000,7.0290000,0.000000,0,0,0
15.810,-0.0772000,-0.0114000,9.6756000,32.8827000,31.3110000,30.7159000,-37.1910000,-6.2650000,7.3400000,0.000000,0,0,0
15.820,-0.0772000,-0.0114000,9.6732000,32.8827000,31.3110000,30.7083000,-37.0130000,-6.1070000,7.3200000,0.000000,0,0,0
15.830,-0.0772000,-0.0126000,9.6732000,32.8751000,31.3034000,30.7083000,-36.8450000,-6.2050000,6.6960000,0.000000,0,0,0
15.840,-0.0784000,-0.0114000,9.6732000,32.8751000,31.3034000,30.7159000,-37.4670000,-6.3330000,7.1150000,0.000000,0,0,0
15.850,-0.0784000,-0.0102000,9.6720000,32.8674000,31.3034000,30.7159000,-37.0330000,-6.2340000,7.1200000,0.000000,0,0,0
15.860,-0.0772000,-0.0102000,9.6708000,32.8674000,31.3034000,30.7159000,-36.8500000,-6.5190000,6.8320000,0.000000,0,0,0
15.870,-0.0772000,-0.0102000,9.6708000,32.8751000,31.3034000,30.7159000,-37.0040000,-6.0470000,6.9250000,0.000000,0,0,0
15.880,-0.0772000,-0.0102000,9.6720000,32.8751000,31.2958000,30.7083000,-36.9860000,-6.3320000,7.4470000,0.000000,0,0,0
15.890,-0.0748000,-0.0114000,9.6720000,32.8751000,31.2958000,30.7083000,-37.0080000,-6.3760000,6.5610000,0.000000,0,0,0
15.900,-0.0700000,-0.0102000,9.6732000,32.8751000,31.2881000,30.7159000,-36.7600000,-6.0620000,7.2640000,0.000000,0,0,0
15.910,-0.0688000,-0.0102000,9.6756000,32.8751000,31.2958000,30.7236000,-36.8120000,-6.0920000,7.3070000,0.000000,0,0,0
15.920,-0.0712000,-0.0102000,9.6768000,32.8827000,31.3034000,30.7236000,-37.0290000,-6.3890000,7.3400000,0.000000,0,0,0
15.930,-0.0712000,-0.0114000,9.6756000,32.8827000,31.3187000,30.7312000,-37.1490000,-6.2950000,6.7560000,0.000000,0,0,0
15.940,-0.0700000,-0.0114000,9.6720000,32.8827000,31.3187000,30.7312000,-37.0060000,-6.1060000,7.0970000,0.000000,0,0,0
15.950,-0.0688000,-0.0126000,9.6720000,32.8903000,31.3263000,30.7236000,-37.0260000,-5.9560000,7.3520000,0.000000,0,0,0
15.960,-0.0688000,-0.0126000,9.6732000,32.8827000,31.3187000,30.7159000,-36.8280000,-5.9360000,7.1560000,0.000000,0,0,0
15.970,-0.0700000,-0.0126000,9.6744000,32.8827000,31.3187000,30.7159000,-37.0860000,-6.0300000,7.6660000,0.000000,0,0,0
15.980,-0.0712000,-0.0126000,9.6744000,32.8751000,31.3187000,30.7236000,-37.0030000,-6.1760000,7.3350000,0.000000,0,0,0
15.990,-0.0724000,-0.0126000,9.6744000,32.8751000,31.3110000,30.7236000,-37.1010000,-6.3250000,6.9430000,0.000000,0,0,0
16.000,-0.0736000,-0.0126000,9.6744000,32.8674000,31.3110000,30.7236000,-36.8080000,-6.0310000,6.9250000,0.000000,0,0,0
16.010,-0.0760000,-0.0114000,9.6744000,32.8598000,31.3110000,30.7236000,-37.0230000,-5.8290000,7.2510000,0.000000,0,0,0
16.020,-0.0772000,-0.0114000,9.6720000,32.8598000,31.3110000,30.7159000,-37.0370000,-6.3760000,7.4140000,0.000000,0,0,0
16.030,-0.0772000,-0.0102000,9.6720000,32.8598000,31.3110000,30.7159000,-37.0670000,-6.3840000,7.7080000,0.000000,0,0,0
16.040,-0.0748000,-0.0090000,9.6720000,32.8598000,31.3110000,30.7159000,-36.9270000,-6.0140000,7.2070000,0.000000,0,0,0
16.050,-0.0760000,-0.0078000,9.6732000,32.8674000,31.3110000,30.7159000,-37.0730000,-6.1170000,6.8790000,0.000000,0,0,0
16.060,-0.0760000,-0.0078000,9.6720000,32.8751000,31.3110000,30.7236000,-37.1370000,-6.0880000,6.8700000,0.000000,0,0,0
16.070,-0.0760000,-0.0090000,9.6720000,32.8751000,31.3110000,30.7236000,-37.4800000,-6.0230000,6.8570000,0.000000,0,0,0
16.080,-0.0748000,-0.0102000,9.6708000,32.8751000,31.3110000,30.7236000,-37.1840000,-6.1350000,7.4000000,0.000000,0,0,0
16.090,-0.0748000,-0.0126000,9.6720000,32.8751000,31.3187000,30.7312000,-37.3030000,-6.3050000,7.0300000,0.000000,0,0,0
16.100,-0.0748000,-0.0138000,9.6708000,32.8751000,31.3187000,30.7236000,-37.0920000,-6.1660000,7.2130000,0.000000,0,0,0
16.110,-0.0760000,-0.0138000,9.6720000,32.8674000,31.3187000,30.7312000,-37.1380000,-6.2620000,7.1420000,0.000000,0,0,0
16.120,-0.0784000,-0.0126000,9.6720000,32.8674000,31.3263000,30.7236000,-37.0890000,-6.3710000,7.2560000,0.000000,0,0,0
16.130,-0.0784000,-0.0126000,9.6720000,32.8751000,31.3263000,30.7159000,-37.3240000,-6.0030000,6.9050000,0.000000,0,0,0
16.140,-0.0772000,-0.0126000,9.6720000,32.8827000,31.3263000,30.7083000,-37.0510000,-6.2890000,7.2480000,0.000000,0,0,0
16.150,-0.0760000,-0.0126000,9.6720000,32.8827000,31.3187000,30.7159000,-37.1210000,-5.9060000,7.4480000,0.000000,0,0,0
16.160,-0.0772000,-0.0138000,9.6708000,32.8827000,31.3187000,30.7159000,-37.1210000,-6.2600000,7.2880000,0.000000,0,0,0
16.170,-0.0784000,-0.0150000,9.6696000,32.8827000,31.3187000,30.7236000,-37.1230000,-6.1970000,7.3830000,0.000000,0,0,0
16.180,-0.0784000,-0.0138000,9.6708000,32.8827000,31.3110000,30.7236000,-36.9880000,-6.2400000,7.3430000,0.000000,0,0,0
16.190,-0.0760000,-0.0126000,9.6708000,32.8903000,31.3034000,30.7236000,-36.7920000,-6.1380000,7.4740000,0.000000,0,0,0
16.200,-0.0748000,-0.0102000,9.6720000,32.8903000,31.3110000,30.7236000,-37.1540000,-6.5210000,7.1110000,0.000000,0,0,0
16.210,-0.0748000,-0.0102000,9.6732000,32.8903000,31.3110000,30.7312000,-36.7090000,-6.3470000,7.4000000,0.000000,0,0,0
16.220,-0.0736000,-0.0102000,9.6744000,32.8903000,31.3187000,30.7312000,-36.8490000,-6.2790000,7.4680000,0.000000,0,0,0
16.230,-0.0724000,-0.0102000,9.6744000,32.8903000,31.3263000,30.7312000,-36.9040000,-6.3360000,6.8680000,0.000000,0,0,0
16.240,-0.0724000,-0.0114000,9.6756000,32.8827000,31.3187000,30.7312000,-36.9670000,-6.1770000,7.6170000,0.000000,0,0,0
16.250,-0.0736000,-0.0114000,9.6744000,32.8827000,31.3263000,30.7312000,-37.0690000,-6.0140000,6.8850000,0.000000,0,0,0
16.260,-0.0748000,-0.0114000,9.6720000,32.8751000,31.3263000,30.7312000,-36.8210000,-6.0720000,6.7350000,0.000000,0,0,0
16.270,-0.0748000,-0.0114000,9.6708000,32.8674000,31.3187000,30.7388000,-37.0420000,-6.2940000,7.2750000,0.000000,0,0,0
16.280,-0.0748000,-0.0114000,9.6708000,32.8674000,31.3110000,30.7312000,-36.7450000,-6.1250000,7.2380000,0.000000,0,0,0
16.290,-0.0748000,-0.0102000,9.6720000,32.8674000,31.3110000,30.7312000,-36.9460000,-6.1610000,6.9130000,0.000000,0,0,0
16.300,-0.0736000,-0.0090000,9.6720000,32.8674000,31.3034000,30.7236000,-37.2090000,-6.2110000,6.6400000,0.000000,0,0,0
16.310,-0.0724000,-0.0078000,9.6720000,32.8751000,31.3110000,30.7159000,-36.4870000,-6.1900000,6.6190000,0.000000,0,0,0
16.320,-0.0724000,-0.0066000,9.6720000,32.8751000,31.3187000,30.7159000,-36.7150000,-5.9360000,6.7210000,0.000000,0,0,0
16.330,-0.0712000,-0.0078000,9.6744000,32.8751000,31.3187000,30.7159000,-37.0540000,-6.2350000,6.7410000,0.000000,0,0,0
16.340,-0.0700000,-0.0066000,9.6756000,32.8751000,31.3263000,30.7159000,-37.0080000,-6.1380000,6.6920000,0.000000,0,0,0
16.350,-0.0700000,-0.0054000,9.6744000,32.8751000,31.3263000,30.7236000,-37.1500000,-6.2590000,6.3050000,0.000000,0,0,0
16.360,-0.0724000,-0.0066000,9.6732000,32.8751000,31.3263000,30.7236000,-37.4440000,-5.8650000,6.8850000,0.000000,0,0,0
16.370,-0.0736000,-0.0090000,9.6732000,32.8751000,31.3263000,30.7236000,-36.9330000,-6.1060000,6.7280000,0.000000,0,0,0
16.380,-0.0736000,-0.0090000,9.6732000,32.8751000,31.3263000,30.7312000,-37.0490000,-5.9990000,6.7250000,0.000000,0,0,0
16.390,-0.0736000,-0.0090000,9.6732000,32.8827000,31.3187000,30.7388000,-37.3240000,-6.3490000,7.0060000,0.000000,0,0,0
16.400,-0.0748000,-0.0078000,9.6732000,32.8827000,31.3110000,30.7388000,-36.7580000,-6.0670000,7.0250000,0.000000,0,0,0
16.410,-0.0772000,-0.0066000,9.6732000,32.8827000,31.3187000,30.7388000,-37.1650000,-6.2610000,7.1590000,0.000000,0,0,0
16.420,-0.0760000,-0.0066000,9.6720000,32.8827000,31.3187000,30.7388000,-37.3790000,-6.3380000,7.3120000,0.000000,0,0,0
16.430,-0.0760000,-0.0090000,9.6720000,32.8827000,31.3187000,30.7312000,-37.2440000,-5.8940000,7.0950000,0.000000,0,0,0
16.440,-0.0760000,-0.0102000,9.6720000,32.8827000,31.3263000,30.7236000,-37.0080000,-6.1960000,6.7740000,0.000000,0,0,0
16.450,-0.0748000,-0.0114000,9.6732000,32.8827000,31.3263000,30.7236000,-36.9500000,-6.5900000,7.1450000,0.000000,0,0,0
16.460,-0.0748000,-0.0126000,9.6744000,32.8827000,31.3263000,30.7159000,-36.8210000,-6.3890000,7.8060000,0.000000,0,0,0
16.470,-0.0736000,-0.0114000,9.6732000,32.8827000,31.3263000,30.7159000,-36.9210000,-6.1090000,6.9450000,0.000000,0,0,0
16.480,-0.0724000,-0.0114000,9.6732000,32.8827000,31.3263000,30.7083000,-36.9820000,-6.4210000,7.6400000,0.000000,0,0,0
16.490,-0.0736000,-0.0102000,9.6720000,32.8827000,31.3263000,30.7083000,-37.2710000,-6.2300000,7.0010000,0.000000,0,0,0
16.500,-0.0748000,-0.0090000,9.6708000,32.8827000,31.3263000,30.7159000,-37.1710000,-6.1070000,6.7310000,0.000000,0,0,0
16.510,-0.0748000,-0.0066000,9.6708000,32.8827000,31.3263000,30.7236000,-36.9100000,-6.2930000,7.5850000,0.000000,0,0,0
16.520,-0.0760000,-0.0066000,9.6696000,32.8827000,31.3187000,30.7236000,-37.0380000,-6.2840000,7.2680000,0.000000,0,0,0
16.530,-0.0760000,-0.0078000,9.6684000,32.8827000,31.3187000,30.7236000,-37.0580000,-6.3470000,7.5740000,0.000000,0,0,0
16.540,-0.0772000,-0.0102000,9.6684000,32.8751000,31.3187000,30.7236000,-37.0930000,-6.1890000,7.1190000,0.000000,0,0,0
16.550,-0.0760000,-0.0114000,9.6696000,32.8674000,31.3110000,30.7236000,-36.9870000,-6.4700000,7.1900000,0.000000,0,0,0
16.560,-0.0760000,-0.0126000,9.6708000,32.8751000,31.3110000,30.7312000,-36.7210000,-6.3330000,6.5870000,0.000000,0,0,0
16.570,-0.0760000,-0.0138000,9.6708000,32.8827000,31.3187000,30.7312000,-36.5000000,-6.1450000,7.3810000,0.000000,0,0,0
16.580,-0.0772000,-0.0138000,9.6720000,32.8827000,31.3187000,30.7312000,-36.7800000,-6.3480000,7.1750000,0.000000,0,0,0
16.590,-0.0772000,-0.0114000,9.6732000,32.8903000,31.3263000,30.7236000,-36.4810000,-6.1830000,7.4970000,0.000000,0,0,0
16.600,-0.0760000,-0.0102000,9.6744000,32.8903000,31.3263000,30.7236000,-36.9620000,-6.2140000,7.3750000,0.000000,0,0,0
16.610,-0.0748000,-0.0090000,9.6744000,32.8903000,31.3187000,30.7236000,-36.7440000,-6.1610000,7.5540000,0.000000,0,0,0
16.620,-0.0748000,-0.0090000,9.6732000,32.8827000,31.3110000,30.7159000,-36.8360000,-6.3390000,7.4930000,0.000000,0,0,0
16.630,-0.0760000,-0.0090000,9.6720000,32.8751000,31.2958000,30.7159000,-36.7650000,-6.4400000,7.0930000,0.000000,0,0,0
16.640,-0.0760000,-0.0102000,9.6720000,32.8674000,31.2881000,30.7159000,-36.8620000,-6.3440000,6.7730000,0.000000,0,0,0
16.650,-0.0772000,-0.0102000,9.6708000,32.8674000,31.2958000,30.7159000,-36.8810000,-6.2270000,6.9820000,0.000000,0,0,0
16.660,-0.0760000,-0.0090000,9.6696000,32.8751000,31.2958000,30.7159000,-36.8030000,-6.2990000,7.3450000,0.000000,0,0,0
16.670,-0.0760000,-0.0090000,9.6696000,32.8827000,31.3034000,30.7159000,-37.0200000,-6.1000000,6.7070000,0.000000,0,0,0
16.680,-0.0748000,-0.0090000,9.6708000,32.8903000,31.3110000,30.7159000,-36.9270000,-6.1590000,7.0460000,0.000000,0,0,0
16.690,-0.0736000,-0.0078000,9.6708000,32.8979000,31.3110000,30.7159000,-36.6880000,-6.0910000,6.9240000,0.000000,0,0,0
16.700,-0.0736000,-0.0078000,9.6708000,32.9056000,31.3110000,30.7159000,-36.7300000,-6.1330000,7.0220000,0.000000,0,0,0
16.710,-0.0748000,-0.0066000,9.6708000,32.9056000,31.3110000,30.7159000,-36.8350000,-6.2520000,6.6520000,0.000000,0,0,0
16.720,-0.0748000,-0.0090000,9.6720000,32.9056000,31.3187000,30.7083000,-36.7040000,-6.3800000,6.8710000,0.000000,0,0,0
16.730,-0.0748000,-0.0102000,9.6720000,32.8979000,31.3187000,30.7159000,-36.6310000,-6.1110000,7.2660000,0.000000,0,0,0
16.740,-0.0736000,-0.0114000,9.6696000,32.8979000,31.3187000,30.7236000,-36.9450000,-6.2980000,5.9920000,0.000000,0,0,0
16.750,-0.0736000,-0.0114000,9.6684000,32.8903000,31.3187000,30.7312000,-36.6230000,-6.1250000,6.3510000,0.000000,0,0,0
16.760,-0.0736000,-0.0114000,9.6684000,32.8827000,31.3187000,30.7312000,-36.7130000,-6.0150000,6.5570000,0.000000,0,0,0
16.770,-0.0736000,-0.0114000,9.6696000,32.8903000,31.3187000,30.7312000,-36.8560000,-6.3940000,6.9510000,0.000000,0,0,0
16.780,-0.0736000,-0.0102000,9.6708000,32.8903000,31.3187000,30.7312000,-36.9360000,-6.2890000,7.0550000,0.000000,0,0,0
16.790,-0.0736000,-0.0090000,9.6708000,32.8903000,31.3187000,30.7312000,-36.8700000,-6.2080000,7.4800000,0.000000,0,0,0
16.800,-0.0724000,-0.0078000,9.6708000,32.8979000,31.3110000,30.7312000,-36.9600000,-6.3210000,7.6790000,0.000000,0,0,0
16.810,-0.0724000,-0.0078000,9.6708000,32.8903000,31.3110000,30.7312000,-36.9820000,-6.4440000,7.2360000,0.000000,0,0,0
16.820,-0.0724000,-0.0102000,9.6720000,32.8903000,31.3110000,30.7312000,-36.9490000,-6.3080000,7.2340000,0.000000,0,0,0
16.830,-0.0724000,-0.0114000,9.6708000,32.8903000,31.3110000,30.7312000,-36.8140000,-6.4180000,6.7500000,0.000000,0,0,0
16.840,-0.0736000,-0.0126000,9.6708000,32.8903000,31.3034000,30.7236000,-36.8240000,-6.3990000,6.9030000,0.000000,0,0,0
16.850,-0.0724000,-0.0114000,9.6708000,32.8903000,31.2958000,30.7312000,-36.8120000,-6.1350000,7.2760000,0.000000,0,0,0
16.860,-0.0724000,-0.0102000,9.6720000,32.8903000,31.2958000,30.7312000,-36.8280000,-6.3750000,7.8620000,0.000000,0,0,0
16.870,-0.0724000,-0.0102000,9.6732000,32.8903000,31.3034000,30.7236000,-36.9440000,-5.9580000,7.5520000,0.000000,0,0,0
16.880,-0.0736000,-0.0090000,9.6720000,32.8903000,31.3187000,30.7159000,-36.7090000,-6.2110000,6.4810000,0.000000,0,0,0
16.890,-0.0736000,-0.0090000,9.6708000,32.8979000,31.3263000,30.7083000,-36.7720000,-6.1170000,7.1140000,0.000000,0,0,0
16.900,-0.0736000,-0.0102000,9.6708000,32.8903000,31.3263000,30.7083000,-36.7340000,-5.9700000,6.9420000,0.000000,0,0,0
16.910,-0.0748000,-0.0102000,9.6696000,32.8751000,31.3339000,30.7083000,-36.6720000,-6.2180000,7.2520000,0.000000,0,0,0
16.920,-0.0760000,-0.0102000,9.6696000,32.8674000,31.3263000,30.7083000,-36.2130000,-6.0150000,6.5220000,0.000000,0,0,0
16.930,-0.0772000,-0.0114000,9.6708000,32.8674000,31.3187000,30.7159000,-37.0310000,-5.9020000,6.9330000,0.000000,0,0,0
16.940,-0.0772000,-0.0126000,9.6696000,32.8598000,31.3110000,30.7159000,-36.8440000,-6.0020000,7.0440000,0.000000,0,0,0
16.950,-0.0760000,-0.0126000,9.6696000,32.8674000,31.3034000,30.7159000,-36.6860000,-5.8710000,7.3210000,0.000000,0,0,0
16.960,-0.0748000,-0.0114000,9.6708000,32.8674000,31.2958000,30.7159000,-36.6080000,-6.0600000,7.2680000,0.000000,0,0,0
16.970,-0.0736000,-0.0114000,9.6720000,32.8751000,31.3034000,30.7159000,-37.0530000,-6.5210000,7.2870000,0.000000,0,0,0
16.980,-0.0712000,-0.0126000,9.6732000,32.8674000,31.3034000,30.7159000,-36.8950000,-5.8310000,7.5350000,0.000000,0,0,0
16.990,-0.0724000,-0.0126000,9.6720000,32.8751000,31.3034000,30.7159000,-36.7940000,-6.3330000,7.2380000,0.000000,0,0,0
17.000,-0.0724000,-0.0126000,9.6720000,32.8827000,31.2958000,30.7083000,-36.9450000,-6.0390000,7.0010000,0.000000,0,0,0
17.010,-0.0748000,-0.0138000,9.6732000,32.8827000,31.2958000,30.7159000,-36.6090000,-6.2050000,6.0860000,0.000000,0,0,0
17.020,-0.0760000,-0.0126000,9.6720000,32.8827000,31.2958000,30.7159000,-36.8110000,-5.9980000,7.0150000,0.000000,0,0,0
17.030,-0.0748000,-0.0114000,9.6708000,32.8751000,31.3034000,30.7236000,-36.5380000,-6.0040000,7.2730000,0.000000,0,0,0
17.040,-0.0748000,-0.0102000,9.6708000,32.8751000,31.2958000,30.7312000,-36.5900000,-5.9280000,7.5190000,0.000000,0,0,0
17.050,-0.0748000,-0.0090000,9.6720000,32.8827000,31.3034000,30.7312000,-36.8240000,-6.1110000,7.1180000,0.000000,0,0,0
17.060,-0.0760000,-0.0078000,9.6720000,32.8751000,31.3110000,30.7159000,-36.8270000,-6.5020000,7.1940000,0.000000,0,0,0
17.070,-0.0760000,-0.0090000,9.6708000,32.8827000,31.3187000,30.7159000,-36.8070000,-6.3240000,6.8940000,0.000000,0,0,0
17.080,-0.0760000,-0.0090000,9.6696000,32.8827000,31.3263000,30.7159000,-36.5500000,-5.9010000,7.2090000,0.000000,0,0,0
17.090,-0.0760000,-0.0102000,9.6708000,32.8827000,31.3263000,30.7159000,-36.9330000,-6.0920000,7.1080000,0.000000,0,0,0
17.100,-0.0760000,-0.0114000,9.6720000,32.8751000,31.3263000,30.7159000,-37.0460000,-5.8530000,6.5330000,0.000000,0,0,0
17.110,-0.0748000,-0.0114000,9.6708000,32.8751000,31.3263000,30.7159000,-36.8970000,-5.9480000,7.6760000,0.000000,0,0,0
17.120,-0.0736000,-0.0102000,9.6708000,32.8751000,31.3187000,30.7159000,-36.9160000,-6.1980000,7.4100000,0.000000,0,0,0
17.130,-0.0736000,-0.0090000,9.6720000,32.8751000,31.3110000,30.7159000,-36.8590000,-6.3040000,7.2710000,0.000000,0,0,0
17.140,-0.0748000,-0.0078000,9.6732000,32.8827000,31.3110000,30.7236000,-36.7770000,-5.8770000,6.9550000,0.000000,0,0,0
17.150,-0.0748000,-0.0078000,9.6720000,32.8827000,31.3110000,30.7236000,-37.2380000,-6.1110000,7.0620000,0.000000,0,0,0
17.160,-0.0748000,-0.0078000,9.6708000,32.8827000,31.3034000,30.7236000,-36.4280000,-6.2240000,6.7190000,0.000000,0,0,0
17.170,-0.0748000,-0.0102000,9.6684000,32.8903000,31.3034000,30.7236000,-36.9080000,-6.2180000,6.7330000,0.000000,0,0,0
17.180,-0.0748000,-0.0126000,9.6684000,32.8827000,31.3034000,30.7236000,-36.6380000,-6.1470000,7.2690000,0.000000,0,0,0
17.190,-0.0760000,-0.0138000,9.6696000,32.8751000,31.3034000,30.7236000,-36.7650000,-5.9090000,6.9420000,0.000000,0,0,0
17.200,-0.0760000,-0.0138000,9.6708000,32.8751000,31.3034000,30.7236000,-36.6020000,-6.0970000,6.8340000,0.000000,0,0,0
17.210,-0.0748000,-0.0138000,9.6720000,32.8751000,31.3110000,30.7159000,-36.8280000,-6.2090000,6.7840000,0.000000,0,0,0
17.220,-0.0736000,-0.0126000,9.6732000,32.8674000,31.3110000,30.7159000,-36.6340000,-6.1510000,6.5880000,0.000000,0,0,0
17.230,-0.0724000,-0.0126000,9.6720000,32.8674000,31.3110000,30.7083000,-36.6080000,-5.9660000,6.8490000,0.000000,0,0,0
17.240,-0.0712000,-0.0114000,9.6732000,32.8674000,31.3034000,30.7083000,-36.6020000,-5.9670000,6.3790000,0.000000,0,0,0
17.250,-0.0712000,-0.0102000,9.6720000,32.8751000,31.3034000,30.7083000,-36.2240000,-5.6020000,7.0960000,0.000000,0,0,0
17.260,-0.0724000,-0.0102000,9.6708000,32.8751000,31.3034000,30.7159000,-36.4460000,-5.8250000,7.1710000,0.000000,0,0,0
17.270,-0.0724000,-0.0102000,9.6684000,32.8751000,31.3034000,30.7236000,-36.4910000,-6.2730000,6.9730000,0.000000,0,0,0
17.280,-0.0724000,-0.0102000,9.6672000,32.8827000,31.3110000,30.7236000,-36.7050000,-5.8850000,7.0050000,0.000000,0,0,0
17.290,-0.0712000,-0.0102000,9.6672000,32.8827000,31.3187000,30.7159000,-36.7160000,-5.7810000,7.5500000,0.000000,0,0,0
17.300,-0.0712000,-0.0102000,9.6684000,32.8827000,31.3110000,30.7159000,-36.4990000,-6.4750000,7.0620000,0.000000,0,0,0
17.310,-0.0724000,-0.0114000,9.6684000,32.8827000,31.3110000,30.7159000,-36.7050000,-6.0720000,7.1870000,0.000000,0,0,0
17.320,-0.0712000,-0.0114000,9.6684000,32.8827000,31.3034000,30.7236000,-36.8590000,-6.1110000,6.9440000,0.000000,0,0,0
17.330,-0.0724000,-0.0114000,9.6696000,32.8827000,31.3034000,30.7236000,-36.8810000,-6.4060000,7.3130000,0.000000,0,0,0
17.340,-0.0724000,-0.0114000,9.6708000,32.8827000,31.3034000,30.7236000,-36.9460000,-6.4210000,7.2920000,0.000000,0,0,0
17.350,-0.0736000,-0.0102000,9.6720000,32.8827000,31.3034000,30.7236000,-36.8700000,-6.3080000,6.8170000,0.000000,0,0,0
17.360,-0.0736000,-0.0114000,9.6720000,32.8827000,31.3034000,30.7236000,-36.9560000,-6.2300000,7.0840000,0.000000,0,0,0
17.370,-0.0736000,-0.0126000,9.6732000,32.8903000,31.3034000,30.7236000,-36.6900000,-6.2650000,7.1820000,0.000000,0,0,0
17.380,-0.0724000,-0.0126000,9.6744000,32.8827000,31.3110000,30.7159000,-36.6520000,-6.2840000,7.4260000,0.000000,0,0,0
17.390,-0.0712000,-0.0126000,9.6744000,32.8827000,31.3110000,30.7159000,-36.8990000,-6.0720000,7.4440000,0.000000,0,0,0
17.400,-0.0712000,-0.0102000,9.6732000,32.8827000,31.3110000,30.7159000,-36.5970000,-6.1130000,7.4750000,0.000000,0,0,0
17.410,-0.0724000,-0.0078000,9.6732000,32.8827000,31.3110000,30.7159000,-37.0490000,-6.2730000,7.7770000,0.000000,0,0,0
17.420,-0.0724000,-0.0078000,9.6720000,32.8827000,31.3110000,30.7083000,-37.0020000,-6.2410000,7.5560000,0.000000,0,0,0
17.430,-0.0724000,-0.0102000,9.6720000,32.8827000,31.3034000,30.7083000,-36.8610000,-6.2550000,7.9930000,0.000000,0,0,0
17.440,-0.0712000,-0.0114000,9.6696000,32.8827000,31.3034000,30.7159000,-36.8170000,-5.9190000,7.7130000,0.000000,0,0,0
17.450,-0.0700000,-0.0138000,9.6672000,32.8751000,31.2958000,30.7159000,-36.8210000,-6.2230000,7.5490000,0.000000,0,0,0
17.460,-0.0700000,-0.0138000,9.6660000,32.8827000,31.2958000,30.7236000,-36.7660000,-6.0030000,6.8920000,0.000000,0,0,0
17.470,-0.0700000,-0.0126000,9.6672000,32.8903000,31.3034000,30.7312000,-36.6010000,-6.4480000,7.5250000,0.000000,0,0,0
17.480,-0.0712000,-0.0114000,9.6696000,32.8903000,31.3110000,30.7312000,-36.7340000,-5.8980000,7.4640000,0.000000,0,0,0
17.490,-0.0724000,-0.0090000,9.6708000,32.8979000,31.3187000,30.7312000,-36.7630000,-6.1420000,7.8670000,0.000000,0,0,0
17.500,-0.0724000,-0.0078000,9.6720000,32.8903000,31.3263000,30.7312000,-36.9070000,-5.9580000,7.6130000,0.000000,0,0,0
17.510,-0.0724000,-0.0090000,9.6732000,32.8903000,31.3263000,30.7236000,-36.6040000,-6.2790000,7.4890000,0.000000,0,0,0
17.520,-0.0724000,-0.0102000,9.6720000,32.8903000,31.3339000,30.7236000,-36.7720000,-6.0090000,6.6240000,0.000000,0,0,0
17.530,-0.0736000,-0.0126000,9.6708000,32.8903000,31.3339000,30.7236000,-36.7150000,-5.9300000,6.8780000,0.000000,0,0,0
17.540,-0.0736000,-0.0126000,9.6696000,32.8903000,31.3339000,30.7312000,-36.7730000,-6.0750000,6.5490000,0.000000,0,0,0
17.550,-0.0748000,-0.0126000,9.6684000,32.8903000,31.3263000,30.7388000,-36.5320000,-6.2280000,6.7120000,0.000000,0,0,0
17.560,-0.0748000,-0.0126000,9.6696000,32.8827000,31.3263000,30.7388000,-36.3320000,-6.2290000,6.0560000,0.000000,0,0,0
17.570,-0.0736000,-0.0114000,9.6708000,32.8827000,31.3263000,30.7388000,-36.5540000,-6.3220000,7.2060000,0.000000,0,0,0
17.580,-0.0736000,-0.0114000,9.6696000,32.8827000,31.3263000,30.7388000,-36.6120000,-6.3440000,6.9610000,0.000000,0,0,0
17.590,-0.0736000,-0.0090000,9.6696000,32.8827000,31.3187000,30.7388000,-36.8290000,-6.0950000,7.0910000,0.000000,0,0,0
17.600,-0.0748000,-0.0090000,9.6696000,32.8751000,31.3187000,30.7312000,-36.9540000,-6.2990000,7.4090000,0.000000,0,0,0
17.610,-0.0736000,-0.0090000,9.6684000,32.8827000,31.3187000,30.7312000,-36.7690000,-6.0350000,7.2440000,0.000000,0,0,0
17.620,-0.0736000,-0.0102000,9.6684000,32.8827000,31.3187000,30.7312000,-36.4800000,-6.1680000,7.4110000,0.000000,0,0,0
17.630,-0.0736000,-0.0102000,9.6684000,32.8751000,31.3110000,30.7236000,-36.5430000,-6.5480000,6.8930000,0.000000,0,0,0
17.640,-0.0736000,-0.0090000,9.6708000,32.8827000,31.3034000,30.7236000,-36.4830000,-6.5090000,6.6790000,0.000000,0,0,0
17.650,-0.0748000,-0.0078000,9.6720000,32.8827000,31.3034000,30.7236000,-36.7890000,-6.2200000,6.7020000,0.000000,0,0,0
17.660,-0.0748000,-0.0078000,9.6720000,32.8751000,31.2958000,30.7236000,-36.7620000,-5.9920000,7.2810000,0.000000,0,0,0
17.670,-0.0736000,-0.0078000,9.6720000,32.8751000,31.2881000,30.7236000,-36.4490000,-6.1790000,7.2330000,0.000000,0,0,0
17.680,-0.0724000,-0.0078000,9.6732000,32.8751000,31.2958000,30.7312000,-36.7160000,-6.0830000,7.1630000,0.000000,0,0,0
17.690,-0.0712000,-0.0102000,9.6732000,32.8751000,31.3034000,30.7312000,-36.6400000,-5.8400000,6.5700000,0.000000,0,0,0
17.700,-0.0712000,-0.0114000,9.6720000,32.8751000,31.3110000,30.7312000,-36.4650000,-6.4330000,6.3310000,0.000000,0,0,0
17.710,-0.0724000,-0.0126000,9.6708000,32.8827000,31.3187000,30.7312000,-36.4870000,-6.5210000,6.4230000,0.000000,0,0,0
17.720,-0.0724000,-0.0138000,9.6708000,32.8903000,31.3339000,30.7236000,-36.8200000,-6.2660000,6.3900000,0.000000,0,0,0
17.730,-0.0724000,-0.0126000,9.6696000,32.8903000,31.3416000,30.7312000,-36.7310000,-6.2700000,6.4990000,0.000000,0,0,0
17.740,-0.0712000,-0.0114000,9.6684000,32.8903000,31.3492000,30.7236000,-36.9090000,-6.2840000,6.9780000,0.000000,0,0,0
17.750,-0.0712000,-0.0102000,9.6672000,32.8827000,31.3492000,30.7236000,-36.7270000,-6.1220000,6.8380000,0.000000,0,0,0
17.760,-0.0700000,-0.0102000,9.6672000,32.8827000,31.3416000,30.7159000,-36.8140000,-6.1800000,7.2490000,0.000000,0,0,0
17.770,-0.0700000,-0.0090000,9.6684000,32.8751000,31.3263000,30.7159000,-36.9900000,-6.3850000,6.9260000,0.000000,0,0,0
17.780,-0.0712000,-0.0102000,9.6684000,32.8751000,31.3187000,30.7159000,-37.0940000,-6.3190000,6.6050000,0.000000,0,0,0
17.790,-0.0724000,-0.0102000,9.6696000,32.8751000,31.3110000,30.7159000,-37.0930000,-6.1740000,7.4120000,0.000000,0,0,0
17.800,-0.0724000,-0.0114000,9.6696000,32.8751000,31.3034000,30.7159000,-37.0320000,-5.9620000,6.7670000,0.000000,0,0,0
17.810,-0.0724000,-0.0114000,9.6696000,32.8827000,31.3034000,30.7159000,-36.7470000,-6.4300000,7.7800000,0.000000,0,0,0
17.820,-0.0724000,-0.0126000,9.6684000,32.8827000,31.3110000,30.7236000,-36.7150000,-6.1680000,7.0460000,0.000000,0,0,0
17.830,-0.0724000,-0.0114000,9.6672000,32.8827000,31.3110000,30.7236000,-36.5030000,-6.0920000,7.3580000,0.000000,0,0,0
17.840,-0.0724000,-0.0102000,9.6660000,32.8827000,31.3187000,30.7312000,-36.5010000,-5.9370000,7.2150000,0.000000,0,0,0
17.850,-0.0724000,-0.0090000,9.6660000,32.8903000,31.3263000,30.7312000,-36.8340000,-6.2870000,6.9760000,0.000000,0,0,0
17.860,-0.0712000,-0.0078000,9.6672000,32.8903000,31.3416000,30.7312000,-36.8730000,-6.2400000,7.4490000,0.000000,0,0,0
17.870,-0.0712000,-0.0078000,9.6684000,32.8827000,31.3492000,30.7236000,-36.9350000,-6.1730000,6.6910000,0.000000,0,0,0
17.880,-0.0724000,-0.0090000,9.6708000,32.8751000,31.3568000,30.7159000,-36.9390000,-6.5440000,7.0730000,0.000000,0,0,0
17.890,-0.0736000,-0.0114000,9.6696000,32.8674000,31.3644000,30.7159000,-36.8350000,-6.3670000,6.3410000,0.000000,0,0,0
17.900,-0.0736000,-0.0150000,9.6696000,32.8674000,31.3568000,30.7159000,-36.9510000,-6.4770000,6.9760000,0.000000,0,0,0
17.910,-0.0736000,-0.0161000,9.6696000,32.8598000,31.3416000,30.7236000,-36.9450000,-6.2620000,7.3120000,0.000000,0,0,0
17.920,-0.0748000,-0.0150000,9.6708000,32.8598000,31.3263000,30.7236000,-36.8070000,-6.4190000,7.4070000,0.000000,0,0,0
17.930,-0.0748000,-0.0126000,9.6708000,32.8598000,31.3187000,30.7236000,-36.9290000,-6.2830000,6.3990000,0.000000,0,0,0
17.940,-0.0748000,-0.0114000,9.6708000,32.8598000,31.3034000,30.7236000,-36.9520000,-6.2690000,7.0260000,0.000000,0,0,0
17.950,-0.0736000,-0.0102000,9.6720000,32.8674000,31.3034000,30.7236000,-36.6550000,-6.4730000,6.5880000,0.000000,0,0,0
17.960,-0.0724000,-0.0090000,9.6720000,32.8674000,31.3110000,30.7312000,-36.9220000,-6.0670000,7.4160000,0.000000,0,0,0
17.970,-0.0700000,-0.0090000,9.6720000,32.8674000,31.3187000,30.7388000,-37.0160000,-6.2180000,7.5450000,0.000000,0,0,0
17.980,-0.0700000,-0.0102000,9.6708000,32.8674000,31.3263000,30.7388000,-36.9720000,-5.9800000,7.0530000,0.000000,0,0,0
17.990,-0.0712000,-0.0102000,9.6708000,32.8751000,31.3263000,30.7388000,-37.1530000,-6.3850000,6.6430000,0.000000,0,0,0
18.000,-0.0736000,-0.0114000,9.6720000,32.8827000,31.3263000,30.7388000,-36.6850000,-6.5050000,7.0600000,0.000000,0,0,0
18.010,-0.0736000,-0.0114000,9.6720000,32.8827000,31.3187000,30.7312000,-36.6720000,-6.5620000,6.5850000,0.000000,0,0,0
18.020,-0.0736000,-0.0114000,9.6732000,32.8903000,31.3110000,30.7236000,-36.8800000,-6.1900000,6.5230000,0.000000,0,0,0
18.030,-0.0724000,-0.0126000,9.6732000,32.8979000,31.3034000,30.7159000,-36.7510000,-6.3340000,5.9370000,0.000000,0,0,0
18.040,-0.0724000,-0.0114000,9.6720000,32.8979000,31.3034000,30.7083000,-36.4690000,-6.3140000,6.3450000,0.000000,0,0,0
18.050,-0.0724000,-0.0114000,9.6708000,32.8827000,31.3110000,30.7159000,-36.5400000,-6.4080000,6.6960000,0.000000,0,0,0
18.060,-0.0736000,-0.0102000,9.6696000,32.8751000,31.3110000,30.7159000,-37.0770000,-6.6180000,7.1590000,0.000000,0,0,0
18.070,-0.0760000,-0.0102000,9.6672000,32.8674000,31.3110000,30.7159000,-36.9900000,-6.0630000,7.0080000,0.000000,0,0,0
18.080,-0.0760000,-0.0090000,9.6684000,32.8674000,31.3110000,30.7159000,-36.8860000,-6.1170000,6.8160000,0.000000,0,0,0
18.090,-0.0760000,-0.0102000,9.6696000,32.8674000,31.2958000,30.7083000,-36.7490000,-6.4310000,6.4480000,0.000000,0,0,0
18.100,-0.0748000,-0.0102000,9.6696000,32.8674000,31.2958000,30.7083000,-36.6940000,-6.2750000,6.4260000,0.000000,0,0,0
18.110,-0.0736000,-0.0102000,9.6708000,32.8674000,31.3034000,30.7083000,-36.5720000,-6.2890000,6.9590000,0.000000,0,0,0
18.120,-0.0736000,-0.0102000,9.6696000,32.8674000,31.3034000,30.7159000,-36.6400000,-6.4430000,6.7980000,0.000000,0,0,0
18.130,-0.0736000,-0.0090000,9.6696000,32.8674000,31.3110000,30.7159000,-37.0150000,-6.5100000,6.7640000,0.000000,0,0,0
18.140,-0.0748000,-0.0078000,9.6696000,32.8674000,31.3263000,30.7159000,-36.8270000,-6.5520000,6.5330000,0.000000,0,0,0
18.150,-0.0736000,-0.0090000,9.6696000,32.8751000,31.3263000,30.7159000,-36.7510000,-6.3620000,6.5380000,0.000000,0,0,0
18.160,-0.0736000,-0.0114000,9.6696000,32.8751000,31.3263000,30.7159000,-36.8220000,-6.2750000,5.8950000,0.000000,0,0,0
18.170,-0.0736000,-0.0138000,9.6696000,32.8751000,31.3263000,30.7159000,-36.9610000,-6.4930000,6.5040000,0.000000,0,0,0
18.180,-0.0736000,-0.0138000,9.6696000,32.8751000,31.3187000,30.7083000,-36.8020000,-6.3260000,6.8920000,0.000000,0,0,0
18.190,-0.0748000,-0.0114000,9.6696000,32.8751000,31.3110000,30.7159000,-37.0500000,-6.4900000,7.1860000,0.000000,0,0,0
18.200,-0.0760000,-0.0102000,9.6696000,32.8751000,31.3034000,30.7159000,-36.8270000,-6.7320000,6.5650000,0.000000,0,0,0
18.210,-0.0760000,-0.0102000,9.6696000,32.8827000,31.2958000,30.7159000,-36.9100000,-6.9230000,6.2800000,0.000000,0,0,0
18.220,-0.0760000,-0.0102000,9.6696000,32.8903000,31.2958000,30.7236000,-36.7500000,-6.5110000,6.7380000,0.000000,0,0,0
18.230,-0.0760000,-0.0102000,9.6708000,32.8903000,31.3110000,30.7236000,-36.9280000,-6.4250000,6.5410000,0.000000,0,0,0
18.240,-0.0772000,-0.0114000,9.6708000,32.8903000,31.3187000,30.7312000,-36.6960000,-6.4790000,6.1180000,0.000000,0,0,0
18.250,-0.0772000,-0.0114000,9.6708000,32.8827000,31.3263000,30.7312000,-36.9770000,-6.4160000,6.9840000,0.000000,0,0,0
18.260,-0.0772000,-0.0102000,9.6696000,32.8827000,31.3339000,30.7312000,-37.0870000,-6.2240000,6.3330000,0.000000,0,0,0
18.270,-0.0748000,-0.0090000,9.6684000,32.8751000,31.3339000,30.7312000,-37.0050000,-6.3080000,6.3080000,0.000000,0,0,0
18.280,-0.0736000,-0.0078000,9.6672000,32.8751000,31.3339000,30.7236000,-37.0310000,-6.3330000,6.5270000,0.000000,0,0,0
18.290,-0.0736000,-0.0066000,9.6684000,32.8827000,31.3263000,30.7236000,-36.6950000,-6.1770000,6.6420000,0.000000,0,0,0
18.300,-0.0736000,-0.0090000,9.6696000,32.8827000,31.3263000,30.7236000,-36.9000000,-6.1010000,6.9080000,0.000000,0,0,0
18.310,-0.0760000,-0.0102000,9.6720000,32.8903000,31.3187000,30.7159000,-36.8740000,-6.3490000,7.0910000,0.000000,0,0,0
18.320,-0.0772000,-0.0114000,9.6720000,32.8903000,31.3187000,30.7159000,-36.6160000,-6.2760000,6.6280000,0.000000,0,0,0
18.330,-0.0760000,-0.0126000,9.6720000,32.8903000,31.3110000,30.7236000,-36.7780000,-6.2600000,6.3090000,0.000000,0,0,0
18.340,-0.0736000,-0.0114000,9.6720000,32.8903000,31.3110000,30.7236000,-36.6660000,-6.2260000,6.7740000,0.000000,0,0,0
18.350,-0.0712000,-0.0102000,9.6720000,32.8903000,31.3110000,30.7236000,-36.7610000,-6.4150000,7.0150000,0.000000,0,0,0
18.360,-0.0700000,-0.0078000,9.6708000,32.8903000,31.3187000,30.7159000,-36.6470000,-6.0990000,6.3770000,0.000000,0,0,0
18.370,-0.0688000,-0.0066000,9.6696000,32.8903000,31.3187000,30.7159000,-36.9000000,-6.2380000,6.5830000,0.000000,0,0,0
18.380,-0.0688000,-0.0066000,9.6696000,32.8903000,31.3187000,30.7236000,-36.8210000,-6.4250000,6.8410000,0.000000,0,0,0
18.390,-0.0700000,-0.0078000,9.6696000,32.8903000,31.3110000,30.7236000,-36.7340000,-6.5240000,6.6590000,0.000000,0,0,0
18.400,-0.0712000,-0.0090000,9.6696000,32.8827000,31.3110000,30.7236000,-36.9000000,-6.3960000,7.5390000,0.000000,0,0,0
18.410,-0.0724000,-0.0090000,9.6708000,32.8827000,31.3187000,30.7236000,-37.0620000,-6.1290000,7.1090000,0.000000,0,0,0
18.420,-0.0736000,-0.0102000,9.6720000,32.8827000,31.3187000,30.7236000,-36.8340000,-6.4670000,7.4990000,0.000000,0,0,0
18.430,-0.0736000,-0.0102000,9.6708000,32.8827000,31.3187000,30.7312000,-37.1710000,-6.6750000,6.8330000,0.000000,0,0,0
18.440,-0.0736000,-0.0102000,9.6696000,32.8827000,31.3187000,30.7312000,-36.8610000,-6.3930000,6.8270000,0.000000,0,0,0
18.450,-0.0760000,-0.0078000,9.6696000,32.8827000,31.3187000,30.7312000,-36.8050000,-6.3440000,7.5260000,0.000000,0,0,0
18.460,-0.0772000,-0.0078000,9.6708000,32.8827000,31.3187000,30.7312000,-36.9350000,-6.6830000,7.2130000,0.000000,0,0,0
18.470,-0.0772000,-0.0066000,9.6720000,32.8827000,31.3187000,30.7312000,-36.7300000,-6.5350000,6.6380000,0.000000,0,0,0
18.480,-0.0772000,-0.0054000,9.6720000,32.8903000,31.3263000,30.7236000,-36.5550000,-6.4090000,6.2190000,0.000000,0,0,0
18.490,-0.0760000,-0.0054000,9.6720000,32.8827000,31.3263000,30.7159000,-36.7850000,-6.4470000,6.6380000,0.000000,0,0,0
18.500,-0.0736000,-0.0066000,9.6732000,32.8827000,31.3263000,30.7159000,-36.7210000,-6.3730000,6.5730000,0.000000,0,0,0
18.510,-0.0736000,-0.0078000,9.6744000,32.8751000,31.3263000,30.7083000,-36.5490000,-6.1520000,6.3330000,0.000000,0,0,0
18.520,-0.0736000,-0.0114000,9.6744000,32.8751000,31.3263000,30.7159000,-36.5140000,-6.3380000,5.7080000,0.000000,0,0,0
18.530,-0.0748000,-0.0126000,9.6744000,32.8751000,31.3263000,30.7159000,-36.7260000,-6.1780000,6.8100000,0.000000,0,0,0
18.540,-0.0760000,-0.0138000,9.6744000,32.8827000,31.3187000,30.7159000,-37.1300000,-6.3980000,6.8660000,0.000000,0,0,0
18.550,-0.0748000,-0.0126000,9.6732000,32.8903000,31.3187000,30.7159000,-36.9000000,-5.9870000,6.9790000,0.000000,0,0,0
18.560,-0.0748000,-0.0102000,9.6708000,32.8903000,31.3110000,30.7159000,-36.8360000,-6.1800000,6.1790000,0.000000,0,0,0
18.570,-0.0736000,-0.0066000,9.6684000,32.8979000,31.3110000,30.7159000,-36.5210000,-6.5250000,6.2440000,0.000000,0,0,0
18.580,-0.0724000,-0.0054000,9.6684000,32.8979000,31.3110000,30.7236000,-36.6500000,-6.1940000,6.2850000,0.000000,0,0,0
18.590,-0.0736000,-0.0054000,9.6696000,32.8979000,31.3187000,30.7236000,-36.7720000,-6.1240000,6.3000000,0.000000,0,0,0
18.600,-0.0736000,-0.0054000,9.6708000,32.8979000,31.3187000,30.7236000,-36.5170000,-6.3130000,6.5960000,0.000000,0,0,0
18.610,-0.0736000,-0.0090000,9.6720000,32.8979000,31.3187000,30.7159000,-36.7570000,-6.2460000,6.6380000,0.000000,0,0,0
18.620,-0.0760000,-0.0126000,9.6708000,32.8979000,31.3263000,30.7159000,-36.5500000,-6.4900000,6.3770000,0.000000,0,0,0
18.630,-0.0760000,-0.0138000,9.6708000,32.8979000,31.3263000,30.7159000,-36.5090000,-6.1340000,6.9200000,0.000000,0,0,0
18.640,-0.0760000,-0.0138000,9.6720000,32.8903000,31.3187000,30.7083000,-36.7780000,-6.3820000,6.6180000,0.000000,0,0,0
18.650,-0.0760000,-0.0126000,9.6744000,32.8903000,31.3187000,30.7083000,-36.5730000,-6.3700000,6.5800000,0.000000,0,0,0
18.660,-0.0760000,-0.0102000,9.6744000,32.8827000,31.3187000,30.7083000,-36.7320000,-6.0550000,6.5330000,0.000000,0,0,0
18.670,-0.0748000,-0.0090000,9.6744000,32.8751000,31.3110000,30.7083000,-36.7840000,-5.9140000,6.0900000,0.000000,0,0,0
18.680,-0.0724000,-0.0078000,9.6744000,32.8751000,31.3187000,30.7083000,-37.0570000,-6.2600000,6.4970000,0.000000,0,0,0
18.690,-0.0712000,-0.0078000,9.6744000,32.8751000,31.3187000,30.7007000,-36.9460000,-6.2920000,6.6020000,0.000000,0,0,0
18.700,-0.0700000,-0.0090000,9.6744000,32.8751000,31.3339000,30.7083000,-36.8120000,-5.9550000,6.2980000,0.000000,0,0,0
18.710,-0.0700000,-0.0102000,9.6744000,32.8751000,31.3339000,30.7159000,-37.2050000,-6.1140000,6.3500000,0.000000,0,0,0
18.720,-0.0700000,-0.0102000,9.6720000,32.8827000,31.3339000,30.7159000,-36.8390000,-6.1120000,6.2930000,0.000000,0,0,0
18.730,-0.0712000,-0.0102000,9.6720000,32.8827000,31.3339000,30.7159000,-36.9640000,-6.1300000,5.6990000,0.000000,0,0,0
18.740,-0.0712000,-0.0102000,9.6708000,32.8903000,31.3339000,30.7159000,-37.0370000,-6.0950000,6.0960000,0.000000,0,0,0
18.750,-0.0724000,-0.0090000,9.6708000,32.8827000,31.3263000,30.7159000,-36.7490000,-6.3020000,6.3990000,0.000000,0,0,0
18.760,-0.0736000,-0.0090000,9.6696000,32.8827000,31.3263000,30.7159000,-36.8920000,-6.3160000,6.9870000,0.000000,0,0,0
18.770,-0.0748000,-0.0090000,9.6696000,32.8751000,31.3339000,30.7159000,-36.8010000,-6.4260000,6.8220000,0.000000,0,0,0
18.780,-0.0748000,-0.0090000,9.6696000,32.8751000,31.3339000,30.7236000,-36.7860000,-6.4970000,6.2500000,0.000000,0,0,0
18.790,-0.0748000,-0.0114000,9.6696000,32.8674000,31.3416000,30.7312000,-36.7280000,-6.4680000,5.6660000,0.000000,0,0,0
18.800,-0.0760000,-0.0126000,9.6696000,32.8674000,31.3492000,30.7312000,-36.7190000,-6.2000000,6.2640000,0.000000,0,0,0
18.810,-0.0760000,-0.0126000,9.6696000,32.8674000,31.3492000,30.7312000,-36.5770000,-5.8130000,6.9770000,0.000000,0,0,0
18.820,-0.0748000,-0.0126000,9.6720000,32.8751000,31.3416000,30.7236000,-36.8660000,-6.0320000,6.9470000,0.000000,0,0,0
18.830,-0.0736000,-0.0114000,9.6708000,32.8751000,31.3339000,30.7236000,-36.7760000,-6.2790000,5.9650000,0.000000,0,0,0
18.840,-0.0736000,-0.0090000,9.6708000,32.8751000,31.3263000,30.7236000,-36.7150000,-5.8870000,6.2240000,0.000000,0,0,0
18.850,-0.0736000,-0.0066000,9.6708000,32.8827000,31.3187000,30.7312000,-36.7710000,-6.3810000,5.2400000,0.000000,0,0,0
18.860,-0.0736000,-0.0054000,9.6720000,32.8827000,31.3263000,30.7312000,-36.6280000,-6.1160000,5.9000000,0.000000,0,0,0
18.870,-0.0724000,-0.0066000,9.6720000,32.8903000,31.3187000,30.7312000,-36.6830000,-5.9710000,6.4700000,0.000000,0,0,0
18.880,-0.0724000,-0.0090000,9.6708000,32.8903000,31.3110000,30.7312000,-36.6850000,-6.2020000,5.8130000,0.000000,0,0,0
18.890,-0.0736000,-0.0114000,9.6720000,32.8903000,31.3110000,30.7312000,-36.9380000,-5.9030000,5.9210000,0.000000,0,0,0
18.900,-0.0736000,-0.0126000,9.6708000,32.8903000,31.3034000,30.7236000,-36.9090000,-5.9740000,6.5830000,0.000000,0,0,0
18.910,-0.0736000,-0.0126000,9.6720000,32.8903000,31.3110000,30.7236000,-37.0080000,-6.0160000,5.7980000,0.000000,0,0,0
18.920,-0.0736000,-0.0114000,9.6732000,32.8979000,31.3110000,30.7236000,-36.5480000,-6.1360000,6.4690000,0.000000,0,0,0
18.930,-0.0736000,-0.0102000,9.6732000,32.8979000,31.3110000,30.7236000,-37.0580000,-6.5560000,6.2970000,0.000000,0,0,0
18.940,-0.0748000,-0.0090000,9.6720000,32.8979000,31.3110000,30.7312000,-36.8730000,-6.1470000,6.8470000,0.000000,0,0,0
18.950,-0.0748000,-0.0090000,9.6708000,32.8903000,31.3110000,30.7236000,-37.0030000,-6.1980000,6.9440000,0.000000,0,0,0
18.960,-0.0760000,-0.0090000,9.6720000,32.8827000,31.3110000,30.7236000,-36.8480000,-6.0560000,6.5050000,0.000000,0,0,0
18.970,-0.0748000,-0.0102000,9.6720000,32.8827000,31.3110000,30.7159000,-36.9310000,-6.2470000,6.6230000,0.000000,0,0,0
18.980,-0.0748000,-0.0102000,9.6720000,32.8751000,31.3187000,30.7159000,-36.5890000,-6.1780000,6.5090000,0.000000,0,0,0
18.990,-0.0748000,-0.0114000,9.6732000,32.8827000,31.3187000,30.7159000,-36.6610000,-6.1200000,6.2360000,0.000000,0,0,0
19.000,-0.0760000,-0.0114000,9.6744000,32.8751000,31.3187000,30.7159000,-36.9530000,-6.2410000,6.2380000,0.000000,0,0,0
19.010,-0.0760000,-0.0102000,9.6744000,32.8751000,31.3187000,30.7236000,-36.6050000,-6.0720000,6.7960000,0.000000,0,0,0
19.020,-0.0772000,-0.0090000,9.6732000,32.8674000,31.3110000,30.7312000,-36.7800000,-6.0740000,6.7780000,0.000000,0,0,0
19.030,-0.0772000,-0.0078000,9.6696000,32.8674000,31.3110000,30.7312000,-36.5630000,-6.4170000,6.6120000,0.000000,0,0,0
19.040,-0.0760000,-0.0078000,9.6684000,32.8751000,31.3110000,30.7236000,-36.6990000,-6.3810000,6.5550000,0.000000,0,0,0
19.050,-0.0748000,-0.0090000,9.6684000,32.8827000,31.3187000,30.7236000,-36.7210000,-6.1100000,6.6430000,0.000000,0,0,0
19.060,-0.0748000,-0.0114000,9.6696000,32.8751000,31.3187000,30.7159000,-36.9020000,-6.3400000,6.4800000,0.000000,0,0,0
19.070,-0.0736000,-0.0138000,9.6708000,32.8751000,31.3263000,30.7159000,-36.9720000,-6.1020000,6.5740000,0.000000,0,0,0
19.080,-0.0736000,-0.0150000,9.6708000,32.8674000,31.3339000,30.7083000,-37.1220000,-6.4340000,6.3410000,0.000000,0,0,0
19.090,-0.0736000,-0.0161000,9.6720000,32.8598000,31.3416000,30.7083000,-36.9300000,-6.3330000,6.4990000,0.000000,0,0,0
19.100,-0.0736000,-0.0150000,9.6732000,32.8598000,31.3416000,30.7083000,-36.8240000,-6.3060000,6.8650000,0.000000,0,0,0
19.110,-0.0748000,-0.0126000,9.6732000,32.8674000,31.3339000,30.7083000,-37.2690000,-6.2850000,6.9500000,0.000000,0,0,0
19.120,-0.0736000,-0.0102000,9.6720000,32.8598000,31.3339000,30.7007000,-36.8380000,-6.3060000,6.2970000,0.000000,0,0,0
19.130,-0.0736000,-0.0090000,9.6720000,32.8674000,31.3339000,30.7007000,-36.7100000,-6.3710000,6.8910000,0.000000,0,0,0
19.140,-0.0748000,-0.0090000,9.6720000,32.8751000,31.3339000,30.7083000,-36.7350000,-6.2080000,6.5600000,0.000000,0,0,0
19.150,-0.0748000,-0.0090000,9.6720000,32.8827000,31.3339000,30.7083000,-36.4250000,-6.2860000,6.5400000,0.000000,0,0,0
19.160,-0.0748000,-0.0102000,9.6720000,32.8903000,31.3263000,30.7159000,-36.5510000,-6.3760000,6.3370000,0.000000,0,0,0
19.170,-0.0748000,-0.0102000,9.6732000,32.8903000,31.3263000,30.7159000,-36.7980000,-6.4660000,5.5470000,0.000000,0,0,0
19.180,-0.0748000,-0.0114000,9.6708000,32.8903000,31.3263000,30.7159000,-36.5450000,-6.2110000,5.7200000,0.000000,0,0,0
19.190,-0.0748000,-0.0102000,9.6708000,32.8827000,31.3187000,30.7159000,-36.6980000,-6.3210000,5.6080000,0.000000,0,0,0
19.200,-0.0760000,-0.0090000,9.6708000,32.8827000,31.3187000,30.7159000,-36.7870000,-6.5050000,6.0780000,0.000000,0,0,0
19.210,-0.0772000,-0.0090000,9.6708000,32.8751000,31.3187000,30.7159000,-36.9080000,-6.2610000,5.5840000,0.000000,0,0,0
19.220,-0.0784000,-0.0090000,9.6708000,32.8827000,31.3187000,30.7236000,-36.8620000,-6.5240000,5.3400000,0.000000,0,0,0
19.230,-0.0784000,-0.0102000,9.6720000,32.8827000,31.3187000,30.7236000,-37.1810000,-6.4780000,5.3390000,0.000000,0,0,0
19.240,-0.0772000,-0.0102000,9.6708000,32.8751000,31.3263000,30.7236000,-36.2800000,-6.4050000,6.3960000,0.000000,0,0,0
19.250,-0.0772000,-0.0114000,9.6708000,32.8827000,31.3187000,30.7312000,-36.7250000,-6.2420000,6.0170000,0.000000,0,0,0
19.260,-0.0760000,-0.0114000,9.6708000,32.8827000,31.3187000,30.7236000,-36.8290000,-6.5050000,5.8680000,0.000000,0,0,0
19.270,-0.0736000,-0.0114000,9.6708000,32.8827000,31.3187000,30.7312000,-36.7590000,-6.0030000,6.7410000,0.000000,0,0,0
19.280,-0.0736000,-0.0114000,9.6708000,32.8751000,31.3187000,30.7312000,-36.4860000,-6.6780000,6.0730000,0.000000,0,0,0
19.290,-0.0736000,-0.0114000,9.6708000,32.8751000,31.3263000,30.7312000,-36.6680000,-6.2570000,6.0850000,0.000000,0,0,0
19.300,-0.0736000,-0.0102000,9.6696000,32.8674000,31.3263000,30.7312000,-37.0020000,-6.3330000,6.6360000,0.000000,0,0,0
19.310,-0.0748000,-0.0102000,9.6696000,32.8674000,31.3187000,30.7312000,-36.8010000,-6.2470000,7.0110000,0.000000,0,0,0
19.320,-0.0748000,-0.0102000,9.6708000,32.8674000,31.3187000,30.7236000,-36.9680000,-6.3780000,5.9060000,0.000000,0,0,0
19.330,-0.0760000,-0.0114000,9.6696000,32.8674000,31.3187000,30.7236000,-36.9730000,-6.4260000,6.1700000,0.000000,0,0,0
19.340,-0.0772000,-0.0102000,9.6696000,32.8674000,31.3110000,30.7236000,-36.7790000,-6.2820000,6.3570000,0.000000,0,0,0
19.350,-0.0760000,-0.0090000,9.6708000,32.8827000,31.3034000,30.7236000,-36.8720000,-6.3050000,6.2920000,0.000000,0,0,0
19.360,-0.0760000,-0.0090000,9.6744000,32.8903000,31.2958000,30.7236000,-37.1400000,-6.3440000,6.1640000,0.000000,0,0,0
19.370,-0.0760000,-0.0090000,9.6744000,32.8903000,31.2958000,30.7159000,-36.8280000,-6.2670000,6.1170000,0.000000,0,0,0
19.380,-0.0748000,-0.0066000,9.6744000,32.8827000,31.2958000,30.7159000,-36.8560000,-6.2740000,6.8200000,0.000000,0,0,0
19.390,-0.0760000,-0.0054000,9.6732000,32.8751000,31.2958000,30.7159000,-36.8600000,-6.2480000,7.1890000,0.000000,0,0,0
19.400,-0.0760000,-0.0054000,9.6732000,32.8751000,31.2881000,30.7159000,-36.7500000,-6.2890000,6.6410000,0.000000,0,0,0
19.410,-0.0760000,-0.0066000,9.6720000,32.8751000,31.2881000,30.7236000,-36.8700000,-6.0360000,6.5540000,0.000000,0,0,0
19.420,-0.0748000,-0.0078000,9.6720000,32.8751000,31.2881000,30.7236000,-36.9870000,-6.2970000,6.5880000,0.000000,0,0,0
19.430,-0.0748000,-0.0090000,9.6720000,32.8751000,31.2958000,30.7159000,-36.8780000,-6.5470000,5.9900000,0.000000,0,0,0
19.440,-0.0760000,-0.0114000,9.6720000,32.8827000,31.3034000,30.7236000,-36.9460000,-6.0920000,6.6670000,0.000000,0,0,0
19.450,-0.0760000,-0.0126000,9.6720000,32.8827000,31.3110000,30.7236000,-37.0860000,-6.0730000,6.0410000,0.000000,0,0,0
19.460,-0.0760000,-0.0126000,9.6708000,32.8751000,31.3263000,30.7312000,-36.8100000,-6.2990000,6.0660000,0.000000,0,0,0
19.470,-0.0772000,-0.0102000,9.6696000,32.8751000,31.3339000,30.7312000,-37.0700000,-6.0430000,5.9190000,0.000000,0,0,0
19.480,-0.0760000,-0.0078000,9.6708000,32.8751000,31.3492000,30.7236000,-36.9990000,-6.2230000,6.1840000,0.000000,0,0,0
19.490,-0.0760000,-0.0078000,9.6708000,32.8751000,31.3492000,30.7236000,-37.1130000,-6.0710000,6.3260000,0.000000,0,0,0
19.500,-0.0760000,-0.0078000,9.6696000,32.8827000,31.3492000,30.7236000,-36.6840000,-6.4160000,6.3120000,0.000000,0,0,0
19.510,-0.0736000,-0.0102000,9.6708000,32.8827000,31.3492000,30.7236000,-36.7950000,-6.0310000,6.2930000,0.000000,0,0,0
19.520,-0.0724000,-0.0114000,9.6720000,32.8751000,31.3492000,30.7159000,-36.8750000,-6.1840000,6.2630000,0.000000,0,0,0
19.530,-0.0724000,-0.0126000,9.6720000,32.8751000,31.3492000,30.7236000,-36.9850000,-6.3230000,6.0520000,0.000000,0,0,0
19.540,-0.0736000,-0.0126000,9.6696000,32.8751000,31.3568000,30.7236000,-36.5920000,-6.1590000,5.8850000,0.000000,0,0,0
19.550,-0.0748000,-0.0114000,9.6684000,32.8674000,31.3797000,30.7236000,-37.0160000,-6.2110000,6.8340000,0.000000,0,0,0
19.560,-0.0760000,-0.0090000,9.6708000,32.8598000,31.4026000,30.7312000,-36.8890000,-6.1840000,6.0720000,0.000000,0,0,0
19.570,-0.0760000,-0.0066000,9.6732000,32.8598000,31.4255000,30.7312000,-36.8970000,-6.4220000,6.5890000,0.000000,0,0,0
19.580,-0.0772000,-0.0078000,9.6732000,32.8598000,31.4484000,30.7388000,-37.0860000,-6.3670000,6.3210000,0.000000,0,0,0
19.590,-0.0772000,-0.0090000,9.6708000,32.8598000,31.4713000,30.7388000,-36.8350000,-6.1860000,6.2010000,0.000000,0,0,0
19.600,-0.0760000,-0.0126000,9.6708000,32.8522000,31.4941000,30.7465000,-36.8180000,-6.3360000,6.4310000,0.000000,0,0,0
19.610,-0.0760000,-0.0138000,9.6732000,32.8522000,31.5094000,30.7465000,-36.8620000,-6.1070000,6.9770000,0.000000,0,0,0
19.620,-0.0760000,-0.0138000,9.6720000,32.8598000,31.5094000,30.7388000,-36.8820000,-6.1270000,7.0190000,0.000000,0,0,0
19.630,-0.0772000,-0.0126000,9.6696000,32.8522000,31.5018000,30.7312000,-36.9890000,-6.1190000,7.5400000,0.000000,0,0,0
19.640,-0.0772000,-0.0114000,9.6684000,32.8598000,31.4865000,30.7312000,-36.9390000,-6.0980000,6.8170000,0.000000,0,0,0
19.650,-0.0772000,-0.0102000,9.6684000,32.8674000,31.4636000,30.7312000,-37.0000000,-6.1890000,6.1380000,0.000000,0,0,0
19.660,-0.0760000,-0.0102000,9.6696000,32.8751000,31.4407000,30.7312000,-36.7420000,-6.0430000,6.1900000,0.000000,0,0,0
19.670,-0.0760000,-0.0102000,9.6708000,32.8827000,31.4102000,30.7312000,-36.9630000,-5.9710000,6.3020000,0.000000,0,0,0
19.680,-0.0748000,-0.0102000,9.6708000,32.8827000,31.3797000,30.7388000,-37.0210000,-5.6770000,6.8480000,0.000000,0,0,0
19.690,-0.0760000,-0.0102000,9.6708000,32.8827000,31.3492000,30.7465000,-36.9560000,-6.1440000,6.8520000,0.000000,0,0,0
19.700,-0.0784000,-0.0114000,9.6720000,32.8903000,31.3110000,30.7465000,-36.9800000,-5.9950000,6.3500000,0.000000,0,0,0
19.710,-0.0796000,-0.0114000,9.6720000,32.8903000,31.2576000,30.7465000,-37.0270000,-6.0930000,6.4180000,0.000000,0,0,0
19.720,-0.0796000,-0.0126000,9.6720000,32.8979000,31.2042000,30.7465000,-36.9090000,-6.1890000,6.5160000,0.000000,0,0,0
19.730,-0.0796000,-0.0138000,9.6720000,32.8979000,31.1584000,30.7388000,-36.8390000,-5.9830000,7.0330000,0.000000,0,0,0
19.740,-0.0784000,-0.0126000,9.6732000,32.8979000,31.1203000,30.7388000,-36.8560000,-6.1300000,7.0320000,0.000000,0,0,0
19.750,-0.0784000,-0.0126000,9.6720000,32.9056000,31.1050000,30.7465000,-37.1790000,-5.9070000,6.8350000,0.000000,0,0,0
19.760,-0.0772000,-0.0114000,9.6720000,32.9056000,31.1127000,30.7541000,-36.6850000,-5.9870000,7.0370000,0.000000,0,0,0
19.770,-0.0748000,-0.0114000,9.6708000,32.9056000,31.1356000,30.7541000,-36.8260000,-6.0340000,6.2620000,0.000000,0,0,0
19.780,-0.0748000,-0.0114000,9.6696000,32.9056000,31.1813000,30.7541000,-36.7510000,-6.2180000,5.9640000,0.000000,0,0,0
19.790,-0.0748000,-0.0114000,9.6696000,32.9056000,31.2271000,30.7465000,-36.8780000,-6.3530000,6.0430000,0.000000,0,0,0
19.800,-0.0760000,-0.0114000,9.6696000,32.8979000,31.2500000,30.7388000,-36.7170000,-6.1900000,6.4010000,0.000000,0,0,0
19.810,-0.0760000,-0.0102000,9.6672000,32.8903000,31.2729000,30.7312000,-36.8120000,-6.4800000,6.8420000,0.000000,0,0,0
19.820,-0.0772000,-0.0090000,9.6660000,32.8903000,31.2881000,30.7236000,-37.0220000,-6.1460000,7.5320000,0.000000,0,0,0
19.830,-0.0760000,-0.0078000,9.6672000,32.8979000,31.2958000,30.7236000,-37.0430000,-5.9650000,6.7730000,0.000000,0,0,0
19.840,-0.0760000,-0.0078000,9.6684000,32.8979000,31.2881000,30.7312000,-36.7000000,-6.2810000,6.7460000,0.000000,0,0,0
19.850,-0.0760000,-0.0090000,9.6696000,32.8979000,31.2805000,30.7236000,-37.1910000,-6.4440000,6.6090000,0.000000,0,0,0
19.860,-0.0772000,-0.0102000,9.6708000,32.8979000,31.2881000,30.7236000,-36.9390000,-6.1910000,6.8380000,0.000000,0,0,0
19.870,-0.0760000,-0.0126000,9.6708000,32.8979000,31.2958000,30.7236000,-36.7310000,-6.0690000,7.1310000,0.000000,0,0,0
19.880,-0.0748000,-0.0161000,9.6720000,32.8979000,31.3110000,30.7236000,-36.8300000,-6.0960000,6.3040000,0.000000,0,0,0
19.890,-0.0736000,-0.0185000,9.6708000,32.8903000,31.3263000,30.7236000,-37.3120000,-6.1330000,6.0640000,0.000000,0,0,0
19.900,-0.0736000,-0.0185000,9.6708000,32.8827000,31.3416000,30.7312000,-36.9540000,-5.9470000,7.0500000,0.000000,0,0,0
19.910,-0.0748000,-0.0150000,9.6708000,32.8751000,31.3644000,30.7236000,-37.1900000,-6.0850000,6.5840000,0.000000,0,0,0
19.920,-0.0748000,-0.0126000,9.6708000,32.8674000,31.3797000,30.7159000,-37.1800000,-6.0100000,7.2560000,0.000000,0,0,0
19.930,-0.0748000,-0.0114000,9.6708000,32.8751000,31.4026000,30.7083000,-36.9080000,-6.3180000,6.3110000,0.000000,0,0,0
19.940,-0.0736000,-0.0102000,9.6708000,32.8827000,31.4255000,30.7159000,-36.4670000,-5.9400000,7.3860000,0.000000,0,0,0
19.950,-0.0736000,-0.0102000,9.6684000,32.8827000,31.4560000,30.7159000,-36.8280000,-6.1810000,6.7650000,0.000000,0,0,0
19.960,-0.0736000,-0.0102000,9.6696000,32.8827000,31.4865000,30.7236000,-36.9720000,-6.2820000,6.0540000,0.000000,0,0,0
19.970,-0.0760000,-0.0114000,9.6708000,32.8827000,31.5399000,30.7388000,-36.9580000,-6.2910000,6.0630000,0.000000,0,0,0
19.980,-0.0760000,-0.0126000,9.6720000,32.8827000,31.6010000,30.7617000,-36.8960000,-6.3720000,6.4230000,0.000000,0,0,0
19.990,-0.0760000,-0.0126000,9.6732000,32.8827000,31.6467000,30.7846000,-36.6460000,-6.2490000,6.3210000,0.000000,0,0,0
20.000,-0.0760000,-0.0138000,9.6732000,32.8751000,31.6696000,30.8151000,-36.9840000,-6.1150000,7.0580000,0.000000,0,0,0
20.010,-0.0760000,-0.0138000,9.6708000,32.8751000,31.6696000,30.8380000,-36.9900000,-6.1280000,6.5000000,0.000000,0,0,0
20.020,-0.0748000,-0.0150000,9.6672000,32.8598000,31.6467000,30.8609000,-37.0080000,-6.1030000,6.7460000,0.000000,0,0,0
20.030,-0.0712000,-0.0161000,9.6684000,32.8598000,31.6010000,30.8914000,-36.8050000,-6.3590000,7.1730000,0.000000,0,0,0
20.040,-0.0628000,-0.0185000,9.6720000,32.8674000,31.5628000,30.9219000,-36.9090000,-6.0470000,6.5830000,0.000000,0,0,0
20.050,0.1800000,-0.0461000,9.6732000,32.8827000,31.4636000,31.2653000,-36.7580000,-6.4050000,6.3710000,0.000000,0,0,0
20.060,0.7543000,-0.0748000,9.6756000,32.9132000,31.2729000,32.8445000,-36.5240000,-6.1910000,6.4200000,0.000000,0,0,0
20.070,1.0007000,-0.0126000,9.6684000,32.9437000,31.0898000,34.2255000,-36.6640000,-6.0580000,6.4290000,0.000000,0,0,0
20.080,0.9421000,0.0484000,9.6517000,32.9590000,30.9906000,33.7448000,-36.5140000,-6.1960000,6.3590000,0.000000,0,0,0
20.090,0.8619000,0.0233000,9.6529000,32.9437000,30.9753000,31.9443000,-36.4520000,-6.4930000,6.4780000,0.000000,0,0,0
20.100,0.8296000,-0.0425000,9.6744000,32.9361000,30.9982000,30.1514000,-36.4130000,-6.0150000,6.4710000,0.000000,0,0,0
20.110,0.7734000,-0.0855000,9.6864000,32.9437000,31.0440000,28.9307000,-36.4120000,-6.2160000,5.9180000,0.000000,0,0,0
20.120,0.6657000,-0.0975000,9.6708000,32.9437000,31.1127000,28.2593000,-36.5030000,-6.0920000,5.7310000,0.000000,0,0,0
20.130,0.4971000,-0.0760000,9.6576000,32.9285000,31.2119000,28.3356000,-35.9410000,-6.2510000,6.5140000,0.000000,0,0,0
20.140,0.4253000,-0.0389000,9.6744000,32.9285000,31.2653000,29.0833000,-36.2080000,-6.3900000,6.1670000,0.000000,0,0,0
20.150,0.4145000,-0.0114000,9.6816000,32.9437000,31.2958000,30.2963000,-36.3740000,-6.4070000,6.7980000,0.000000,0,0,0
20.160,0.4767000,0.0114000,9.6696000,32.9666000,31.2958000,31.6849000,-35.9380000,-6.2780000,6.2320000,0.000000,0,0,0
20.170,0.5413000,0.0377000,9.6612000,32.9819000,31.2805000,32.7530000,-35.8670000,-6.3350000,6.5550000,0.000000,0,0,0
20.180,0.5760000,0.0532000,9.6672000,32.9819000,31.2653000,33.1497000,-35.8390000,-6.3070000,6.6270000,0.000000,0,0,0
20.190,0.6023000,0.0437000,9.6756000,32.9819000,31.2500000,32.9666000,-35.8370000,-6.3770000,7.5520000,0.000000,0,0,0
20.200,0.6394000,0.0269000,9.6720000,32.9895000,31.2347000,32.4173000,-35.5920000,-5.7650000,6.7380000,0.000000,0,0,0
20.210,0.6897000,0.0245000,9.6648000,32.9895000,31.2119000,31.6772000,-35.4360000,-6.5060000,7.2620000,0.000000,0,0,0
20.220,0.7303000,0.0341000,9.6648000,32.9742000,31.1813000,30.7922000,-35.6730000,-6.5720000,7.7660000,0.000000,0,0,0
20.230,0.7387000,0.0341000,9.6696000,32.9742000,31.1661000,29.8462000,-34.9250000,-6.2790000,6.9670000,0.000000,0,0,0
20.240,0.6873000,0.0102000,9.6684000,32.9895000,31.1661000,29.0222000,-35.2640000,-6.1460000,7.9290000,0.000000,0,0,0
20.250,0.5760000,-0.0341000,9.6624000,33.0048000,31.2042000,28.6713000,-35.0580000,-6.4780000,7.2370000,0.000000,0,0,0
20.260,0.4564000,-0.0604000,9.6624000,32.9971000,31.2653000,28.8467000,-34.9860000,-6.5790000,7.8850000,0.000000,0,0,0
20.270,0.4002000,-0.0616000,9.6708000,32.9742000,31.3187000,29.1519000,-35.0330000,-6.3810000,7.7810000,0.000000,0,0,0
20.280,0.4049000,-0.0317000,9.6768000,32.9666000,31.3492000,29.0756000,-34.5040000,-7.0430000,7.1310000,0.000000,0,0,0
20.290,0.3978000,-0.0197000,9.6708000,32.9819000,31.3950000,28.4500000,-34.7660000,-6.8170000,7.0960000,0.000000,0,0,0
20.300,0.3427000,-0.0437000,9.6624000,32.9819000,31.4636000,27.8702000,-34.3160000,-7.1770000,8.2240000,0.000000,0,0,0
20.310,0.2494000,-0.0592000,9.6636000,32.9666000,31.5094000,27.5497000,-34.3160000,-7.2130000,8.0440000,0.000000,0,0,0
20.320,0.2159000,-0.0796000,9.6708000,32.9590000,31.5399000,27.6260000,-33.8820000,-7.3010000,8.5990000,0.000000,0,0,0
20.330,0.2327000,-0.0939000,9.6732000,32.9514000,31.5475000,28.3051000,-34.0080000,-7.3780000,8.1810000,0.000000,0,0,0
20.340,0.2662000,-0.0843000,9.6660000,32.9361000,31.5475000,29.3274000,-33.6290000,-7.3630000,8.1020000,0.000000,0,0,0
20.350,0.2913000,-0.0676000,9.6624000,32.8979000,31.5475000,30.3040000,-33.6540000,-7.5460000,8.3130000,0.000000,0,0,0
20.360,0.3200000,-0.0616000,9.6684000,32.8827000,31.5628000,31.0440000,-33.6610000,-7.9700000,8.5450000,0.000000,0,0,0
20.370,0.3176000,-0.0592000,9.6756000,32.8674000,31.5781000,31.5399000,-33.3930000,-7.9320000,8.5910000,0.000000,0,0,0
20.380,0.3128000,-0.0580000,9.6708000,32.8674000,31.6162000,31.6238000,-33.2700000,-8.3540000,7.6820000,0.000000,0,0,0
20.390,0.3691000,-0.0592000,9.6660000,32.9056000,31.6467000,31.3339000,-33.1420000,-8.4760000,8.8450000,0.000000,0,0,0
20.400,0.4612000,-0.0377000,9.6684000,32.9437000,31.6544000,30.7465000,-33.1960000,-8.5170000,8.9500000,0.000000,0,0,0
20.410,0.4624000,0.0066000,9.6720000,32.9132000,31.6467000,29.7394000,-33.0940000,-8.6790000,9.7330000,0.000000,0,0,0
20.420,0.3403000,0.0173000,9.6672000,32.8445000,31.6391000,28.4729000,-33.0880000,-9.1040000,9.3620000,0.000000,0,0,0
20.430,0.1705000,-0.0126000,9.6636000,32.7606000,31.6391000,27.6489000,-33.2810000,-9.0690000,9.0960000,0.000000,0,0,0
20.440,0.0484000,-0.0413000,9.6684000,32.7225000,31.6315000,27.6566000,-33.1200000,-9.4090000,9.7320000,0.000000,0,0,0
20.450,0.0245000,-0.0496000,9.6744000,32.7530000,31.6010000,28.2822000,-33.4700000,-9.9410000,9.3280000,0.000000,0,0,0
20.460,0.0807000,-0.0413000,9.6732000,32.8369000,31.5628000,29.0985000,-33.1910000,-10.0710000,9.7480000,0.000000,0,0,0
20.470,0.1477000,-0.0257000,9.6672000,32.9056000,31.4865000,29.5639000,-33.0940000,-9.9800000,10.3190000,0.000000,0,0,0
20.480,0.2243000,-0.0281000,9.6684000,32.9666000,31.3950000,29.4342000,-32.9220000,-9.9790000,10.3350000,0.000000,0,0,0
20.490,0.2602000,-0.0401000,9.6732000,32.9971000,31.3339000,28.7933000,-32.9830000,-10.4930000,10.0150000,0.000000,0,0,0
20.500,0.2375000,-0.0544000,9.6720000,32.9819000,31.3187000,27.6871000,-33.5150000,-10.3590000,10.7820000,0.000000,0,0,0
20.510,0.1741000,-0.0640000,9.6660000,32.9666000,31.3416000,26.3138000,-33.3440000,-10.8350000,11.2500000,0.000000,0,0,0
20.520,0.1238000,-0.0772000,9.6648000,32.9514000,31.3950000,25.2228000,-33.0560000,-10.5380000,10.6040000,0.000000,0,0,0
20.530,0.0915000,-0.0784000,9.6708000,32.9514000,31.4560000,24.9557000,-33.4780000,-11.1920000,11.0340000,0.000000,0,0,0
20.540,0.0807000,-0.0556000,9.6756000,32.9819000,31.5170000,25.2838000,-33.5700000,-11.2850000,12.1320000,0.000000,0,0,0
20.550,0.1023000,-0.0377000,9.6720000,32.9819000,31.5552000,25.8560000,-33.6240000,-11.6610000,12.2230000,0.000000,0,0,0
20.560,0.1322000,-0.0401000,9.6660000,32.9361000,31.5323000,26.6800000,-33.7990000,-11.7150000,12.0310000,0.000000,0,0,0
20.570,0.1633000,-0.0389000,9.6672000,32.8674000,31.5094000,27.4658000,-34.0390000,-11.9770000,12.5470000,0.000000,0,0,0
20.580,0.1477000,-0.0377000,9.6684000,32.7911000,31.4941000,27.9617000,-34.1510000,-12.0400000,12.7700000,0.000000,0,0,0
20.590,0.0951000,-0.0652000,9.6672000,32.7606000,31.5018000,28.4653000,-34.0400000,-12.3950000,12.8800000,0.000000,0,0,0
20.600,0.0401000,-0.0939000,9.6660000,32.7225000,31.4865000,29.5563000,-34.2200000,-12.5980000,13.0580000,0.000000,0,0,0
20.610,-0.0090000,-0.0951000,9.6684000,32.7377000,31.4560000,31.3339000,-34.1330000,-12.5390000,13.1740000,0.000000,0,0,0
20.620,-0.0353000,-0.0664000,9.6744000,32.7606000,31.4636000,33.4549000,-34.2700000,-12.8350000,13.8880000,0.000000,0,0,0
20.630,-0.0496000,-0.0257000,9.6744000,32.7606000,31.4941000,35.5377000,-34.2850000,-13.2310000,13.6660000,0.000000,0,0,0
20.640,-0.0616000,0.0138000,9.6708000,32.8064000,31.5323000,37.4298000,-34.8080000,-12.9380000,13.3090000,0.000000,0,0,0
20.650,-0.0652000,0.0520000,9.6708000,32.8751000,31.5857000,39.1464000,-34.8950000,-13.3410000,13.4090000,0.000000,0,0,0
20.660,-0.0365000,0.1011000,9.6768000,32.9514000,31.6315000,40.6036000,-35.1640000,-13.3230000,13.3260000,0.000000,0,0,0
20.670,0.0126000,0.1585000,9.6804000,33.0048000,31.7001000,41.6412000,-35.2280000,-13.3650000,13.8540000,0.000000,0,0,0
20.680,0.0688000,0.1992000,9.6768000,33.0353000,31.7307000,42.3508000,-35.2220000,-13.7190000,13.9870000,0.000000,0,0,0
20.690,0.1406000,0.2315000,9.6732000,33.0353000,31.7230000,42.6483000,-35.4300000,-13.9000000,13.9960000,0.000000,0,0,0
20.700,0.2159000,0.2351000,9.6732000,32.9971000,31.6772000,42.4194000,-35.4970000,-14.0450000,13.9040000,0.000000,0,0,0
20.710,0.2793000,0.2111000,9.6708000,32.9285000,31.6315000,41.7023000,-35.8950000,-14.3450000,13.9890000,0.000000,0,0,0
20.720,0.3188000,0.1788000,9.6684000,32.9132000,31.6086000,40.6036000,-35.9260000,-14.1100000,14.1940000,0.000000,0,0,0
20.730,0.3906000,0.1501000,9.6684000,32.9285000,31.5933000,39.0930000,-36.5700000,-14.1890000,14.3040000,0.000000,0,0,0
20.740,0.5796000,0.1310000,9.6684000,33.0048000,31.5781000,37.1628000,-36.5150000,-14.3720000,14.1300000,0.000000,0,0,0
20.750,0.8129000,0.1358000,9.6684000,33.0505000,31.5475000,35.0876000,-36.8870000,-14.0920000,14.7010000,0.000000,0,0,0
20.760,0.9241000,0.1932000,9.6612000,33.0124000,31.4407000,31.7612000,-37.1150000,-14.3700000,14.2170000,0.000000,0,0,0
20.770,0.7220000,0.2028000,9.6612000,32.9437000,31.3721000,29.5944000,-37.4760000,-14.6480000,14.5570000,0.000000,0,0,0
20.780,0.4456000,0.1537000,9.6684000,32.8827000,31.3110000,28.0991000,-37.2670000,-14.3940000,13.7400000,0.000000,0,0,0
20.790,0.1812000,0.0879000,9.6756000,32.9056000,31.2347000,27.8931000,-37.6810000,-14.8310000,14.3710000,0.000000,0,0,0
20.800,-0.0018000,0.0449000,9.6744000,32.9285000,31.1508000,28.9078000,-38.0020000,-14.7440000,14.7210000,0.000000,0,0,0
20.810,-0.0413000,0.0221000,9.6696000,32.9361000,31.0516000,30.8685000,-38.0150000,-15.0530000,14.7080000,0.000000,0,0,0
20.820,-0.0150000,0.0317000,9.6684000,32.9132000,30.9830000,33.0887000,-38.0980000,-14.5320000,14.1560000,0.000000,0,0,0
20.830,0.0150000,0.0281000,9.6684000,32.9514000,30.9601000,34.9731000,-38.6780000,-14.8280000,14.5950000,0.000000,0,0,0
20.840,0.0760000,0.0281000,9.6720000,32.9742000,30.9219000,36.1938000,-38.8260000,-15.0190000,14.8380000,0.000000,0,0,0
20.850,0.1753000,0.0449000,9.6768000,32.8751000,30.8914000,36.0794000,-39.2880000,-14.9890000,14.7280000,0.000000,0,0,0
20.860,0.3128000,0.0425000,9.6768000,32.7682000,30.8838000,35.1257000,-39.4880000,-15.0240000,15.3720000,0.000000,0,0,0
20.870,0.3870000,0.0628000,9.6768000,32.7148000,30.9448000,34.0347000,-39.5590000,-14.8940000,14.9270000,0.000000,0,0,0
20.880,0.3272000,0.0867000,9.6732000,32.7835000,31.0669000,32.9208000,-39.6860000,-14.7630000,14.3110000,0.000000,0,0,0
20.890,0.2111000,0.0664000,9.6720000,32.9056000,31.2271000,32.1579000,-39.9340000,-15.0040000,14.0980000,0.000000,0,0,0
20.900,0.0963000,0.0233000,9.6732000,32.9895000,31.4102000,32.0358000,-40.2990000,-15.1270000,14.3120000,0.000000,0,0,0
20.910,-0.0054000,-0.0126000,9.6756000,33.0124000,31.5857000,32.4860000,-40.4070000,-15.1130000,14.5750000,0.000000,0,0,0
20.920,-0.1107000,-0.0305000,9.6792000,33.0582000,31.7688000,33.3023000,-40.6360000,-14.8480000,14.1000000,0.000000,0,0,0
20.930,-0.2638000,-0.0389000,9.6780000,33.2031000,31.9366000,34.2560000,-40.9240000,-15.1950000,13.9260000,0.000000,0,0,0
20.940,-0.3918000,-0.0473000,9.6732000,33.3176000,32.0740000,35.0800000,-41.2330000,-14.8590000,14.4850000,0.000000,0,0,0
20.950,-0.3344000,-0.0580000,9.6720000,33.2565000,32.1808000,35.9039000,-41.6050000,-14.9010000,14.6900000,0.000000,0,0,0
20.960,-0.2159000,-0.0305000,9.6708000,33.1726000,32.2571000,36.7203000,-41.8190000,-14.9590000,14.2850000,0.000000,0,0,0
20.970,-0.1310000,0.0161000,9.6612000,33.0658000,32.2647000,37.2696000,-42.0220000,-15.0970000,14.8780000,0.000000,0,0,0
20.980,-0.0855000,0.0592000,9.6552000,33.0429000,32.1121000,37.6740000,-41.9430000,-14.6660000,14.5530000,0.000000,0,0,0
20.990,-0.0879000,0.0831000,9.6612000,33.0963000,31.8756000,38.3301000,-42.4540000,-14.6700000,14.5090000,0.000000,0,0,0
21.000,-0.1693000,0.0760000,9.6660000,33.1421000,31.6010000,39.5737000,-42.0180000,-14.7340000,14.4910000,0.000000,0,0,0
21.010,-0.2602000,0.0508000,9.6684000,33.1192000,31.3492000,41.0843000,-42.9960000,-14.9760000,14.3350000,0.000000,0,0,0
21.020,-0.3116000,-0.0114000,9.6708000,33.0811000,31.1508000,42.6941000,-42.9490000,-14.4910000,14.2060000,0.000000,0,0,0
21.030,-0.3104000,-0.0939000,9.6744000,32.9819000,31.0211000,44.7922000,-43.0970000,-14.8620000,14.1780000,0.000000,0,0,0
21.040,-0.2554000,-0.1430000,9.6768000,32.9285000,30.9296000,47.2946000,-43.2370000,-14.5510000,14.1670000,0.000000,0,0,0
21.050,-0.1633000,-0.1286000,9.6768000,32.9971000,30.8228000,49.7208000,-43.4870000,-14.4420000,14.0050000,0.000000,0,0,0
21.060,-0.0389000,-0.0520000,9.6768000,33.0887000,30.7465000,51.3611000,-43.4850000,-14.7140000,13.5750000,0.000000,0,0,0
21.070,-0.0138000,0.0197000,9.6744000,33.2413000,30.7617000,52.3300000,-43.9050000,-14.5750000,13.8080000,0.000000,0,0,0
21.080,-0.1585000,0.1035000,9.6708000,33.3176000,30.7770000,52.2690000,-43.8170000,-14.3720000,13.4550000,0.000000,0,0,0
21.090,-0.4133000,0.1130000,9.6732000,33.3786000,30.7388000,51.7502000,-44.1170000,-14.6030000,13.0440000,0.000000,0,0,0
21.100,-0.7435000,0.1370000,9.6780000,33.3862000,30.6396000,50.7812000,-44.3120000,-14.2950000,12.6310000,0.000000,0,0,0
21.110,-1.0677000,0.1322000,9.6804000,33.4167000,30.5862000,48.8052000,-44.3640000,-14.0440000,12.9090000,0.000000,0,0,0
21.120,-1.2675000,0.0831000,9.6792000,33.4015000,30.6015000,46.6690000,-44.4280000,-14.1240000,12.6460000,0.000000,0,0,0
21.130,-1.2639000,0.0461000,9.6816000,33.3099000,30.6931000,44.6548000,-44.8890000,-14.1480000,11.7450000,0.000000,0,0,0
21.140,-1.1419000,0.0341000,9.6816000,33.1268000,30.8151000,42.8543000,-44.7330000,-13.9130000,12.4070000,0.000000,0,0,0
21.150,-0.9935000,0.0484000,9.6792000,33.1573000,30.9067000,40.9470000,-44.7130000,-13.9710000,12.8940000,0.000000,0,0,0
21.160,-0.8667000,0.0736000,9.6744000,33.2718000,30.9677000,38.6734000,-44.9740000,-13.7460000,12.2110000,0.000000,0,0,0
21.170,-0.8847000,0.0748000,9.6732000,33.3176000,31.0440000,36.2396000,-45.1970000,-13.6460000,12.1300000,0.000000,0,0,0
21.180,-1.0761000,0.0150000,9.6756000,33.3176000,31.1661000,34.1568000,-44.9200000,-13.5900000,11.9450000,0.000000,0,0,0
21.190,-1.3225000,-0.1011000,9.6792000,33.2413000,31.3187000,33.0734000,-45.3500000,-13.6780000,10.7770000,0.000000,0,0,0
21.200,-1.4828000,-0.2291000,9.6804000,33.1039000,31.4789000,33.0353000,-45.0660000,-13.0980000,11.0740000,0.000000,0,0,0
21.210,-1.4541000,-0.2937000,9.6792000,32.9666000,31.5399000,33.6304000,-45.4260000,-12.6910000,10.9320000,0.000000,0,0,0
21.220,-1.2423000,-0.2817000,9.6780000,32.8903000,31.5781000,34.1949000,-45.4640000,-12.7860000,10.9800000,0.000000,0,0,0
21.230,-0.9457000,-0.2171000,9.6768000,32.8751000,31.6162000,34.9274000,-45.5590000,-12.6600000,10.7060000,0.000000,0,0,0
21.240,-0.7363000,-0.0796000,9.6744000,32.8903000,31.6544000,35.7590000,-45.9770000,-12.4540000,10.7240000,0.000000,0,0,0
21.250,-0.6430000,0.0772000,9.6744000,32.9208000,31.6620000,36.1481000,-45.5860000,-12.8160000,10.4040000,0.000000,0,0,0
21.260,-0.6035000,0.2099000,9.6792000,32.9666000,31.6315000,35.7666000,-45.4850000,-12.3050000,10.9620000,0.000000,0,0,0
21.270,-0.5928000,0.3104000,9.6816000,32.9895000,31.5704000,34.3781000,-45.7330000,-12.4030000,11.1730000,0.000000,0,0,0
21.280,-0.6382000,0.3571000,9.6768000,32.9285000,31.5018000,32.3486000,-45.9450000,-11.8110000,10.7500000,0.000000,0,0,0
21.290,-0.7303000,0.3667000,9.6672000,32.8674000,31.4331000,30.3650000,-45.8390000,-12.0790000,10.5690000,0.000000,0,0,0
21.300,-0.8320000,0.3511000,9.6636000,32.8369000,31.3568000,28.7552000,-45.6670000,-11.6750000,9.6400000,0.000000,0,0,0
21.310,-0.8859000,0.2913000,9.6684000,32.8522000,31.2881000,27.7252000,-45.9490000,-12.2540000,10.0360000,0.000000,0,0,0
21.320,-0.8918000,0.1908000,9.6744000,32.8522000,31.2195000,27.3972000,-45.7730000,-11.7960000,10.3470000,0.000000,0,0,0
21.330,-0.8918000,0.0616000,9.6768000,32.8293000,31.1737000,27.7557000,-45.5220000,-11.7960000,10.0280000,0.000000,0,0,0
21.340,-0.9062000,-0.0867000,9.6780000,32.8293000,31.1737000,28.6102000,-45.6780000,-11.5860000,10.2470000,0.000000,0,0,0
21.350,-0.9074000,-0.2111000,9.6816000,32.8445000,31.2119000,29.7318000,-45.9180000,-11.6630000,10.2720000,0.000000,0,0,0
21.360,-0.8643000,-0.2793000,9.6840000,32.8522000,31.2424000,30.7999000,-45.6010000,-11.7750000,10.0630000,0.000000,0,0,0
21.370,-0.7746000,-0.2710000,9.6768000,32.8827000,31.2653000,31.5247000,-45.9270000,-11.4990000,10.5180000,0.000000,0,0,0
21.380,-0.6310000,-0.1848000,9.6648000,32.9132000,31.2881000,31.5857000,-45.7520000,-11.4380000,9.9880000,0.000000,0,0,0
21.390,-0.5138000,-0.0772000,9.6636000,32.9285000,31.3187000,30.7693000,-46.2900000,-11.4760000,9.7700000,0.000000,0,0,0
21.400,-0.4564000,-0.0006000,9.6732000,32.9285000,31.3644000,29.4495000,-45.7140000,-11.4280000,10.1930000,0.000000,0,0,0
21.410,-0.4911000,0.0365000,9.6792000,32.9208000,31.4331000,28.1372000,-45.3150000,-11.3020000,9.1310000,0.000000,0,0,0
21.420,-0.5700000,0.0401000,9.6780000,32.9056000,31.4941000,27.2141000,-45.8070000,-11.4210000,9.6510000,0.000000,0,0,0
21.430,-0.6406000,0.0233000,9.6744000,32.8751000,31.5170000,26.9012000,-45.7350000,-11.4420000,9.4640000,0.000000,0,0,0
21.440,-0.6645000,0.0066000,9.6744000,32.8598000,31.5094000,27.1072000,-45.5510000,-11.1420000,9.9090000,0.000000,0,0,0
21.450,-0.6191000,-0.0006000,9.6672000,32.8751000,31.4713000,28.0685000,-45.5240000,-11.1800000,10.0500000,0.000000,0,0,0
21.460,-0.5688000,0.0042000,9.6612000,32.8903000,31.4331000,29.0298000,-45.7730000,-11.3220000,9.9060000,0.000000,0,0,0
21.470,-0.5102000,0.0090000,9.6660000,32.9056000,31.3873000,30.1056000,-45.6510000,-11.1280000,9.9270000,0.000000,0,0,0
21.480,-0.4504000,0.0054000,9.6768000,32.9132000,31.3644000,31.2347000,-45.6200000,-10.6230000,9.7910000,0.000000,0,0,0
21.490,-0.4265000,-0.0006000,9.6780000,32.9285000,31.3568000,32.4020000,-46.0210000,-11.1910000,10.1190000,0.000000,0,0,0
21.500,-0.4313000,-0.0042000,9.6732000,32.9361000,31.3492000,33.5312000,-45.5310000,-10.7850000,10.0620000,0.000000,0,0,0
21.510,-0.4552000,-0.0054000,9.6720000,32.9285000,31.3492000,34.5154000,-45.5150000,-11.1500000,9.3710000,0.000000,0,0,0
21.520,-0.4707000,-0.0042000,9.6744000,32.9208000,31.3492000,35.2631000,-45.4090000,-10.9720000,10.1120000,0.000000,0,0,0
21.530,-0.4827000,-0.0006000,9.6756000,32.9208000,31.3416000,35.7819000,-45.0890000,-10.9660000,9.5300000,0.000000,0,0,0
21.540,-0.4660000,0.0114000,9.6720000,32.9132000,31.3110000,35.9268000,-45.0220000,-10.9480000,9.8350000,0.000000,0,0,0
21.550,-0.4325000,0.0269000,9.6684000,32.9056000,31.2805000,35.5759000,-45.3690000,-10.9750000,9.8510000,0.000000,0,0,0
21.560,-0.3942000,0.0377000,9.6720000,32.8903000,31.2576000,34.8434000,-45.2920000,-10.9260000,8.9950000,0.000000,0,0,0
21.570,-0.3631000,0.0449000,9.6756000,32.8827000,31.2424000,33.9279000,-45.0930000,-10.9060000,9.8090000,0.000000,0,0,0
21.580,-0.3380000,0.0473000,9.6744000,32.8827000,31.2424000,33.0124000,-45.0360000,-11.0370000,9.6530000,0.000000,0,0,0
21.590,-0.3140000,0.0449000,9.6732000,32.8751000,31.2576000,32.1884000,-45.0230000,-11.1080000,9.7530000,0.000000,0,0,0
21.600,-0.2913000,0.0401000,9.6720000,32.8674000,31.2881000,31.4636000,-45.1580000,-10.7630000,9.8140000,0.000000,0,0,0
21.610,-0.2662000,0.0329000,9.6732000,32.8598000,31.3187000,30.8228000,-44.9010000,-11.2080000,9.7490000,0.000000,0,0,0
21.620,-0.2363000,0.0245000,9.6732000,32.8598000,31.3416000,30.2887000,-45.2080000,-10.9990000,9.9870000,0.000000,0,0,0
21.630,-0.1968000,0.0161000,9.6696000,32.8598000,31.3644000,29.8233000,-45.2470000,-11.1740000,9.6070000,0.000000,0,0,0
21.640,-0.1573000,0.0114000,9.6672000,32.8522000,31.3797000,29.4571000,-44.9860000,-11.0350000,10.6500000,0.000000,0,0,0
21.650,-0.1358000,0.0078000,9.6708000,32.8445000,31.3950000,29.2130000,-45.2120000,-10.9320000,9.9910000,0.000000,0,0,0
21.660,-0.1154000,0.0042000,9.6732000,32.8445000,31.3950000,29.0604000,-45.0070000,-10.7330000,10.0300000,0.000000,0,0,0
21.670,-0.1071000,0.0030000,9.6720000,32.8445000,31.3797000,28.9917000,-45.3870000,-11.0720000,9.4930000,0.000000,0,0,0
21.680,-0.1011000,0.0054000,9.6684000,32.8445000,31.3644000,28.9459000,-45.3290000,-10.9490000,9.6700000,0.000000,0,0,0
21.690,-0.0987000,0.0054000,9.6684000,32.8522000,31.3492000,28.8620000,-45.0910000,-11.2550000,10.1510000,0.000000,0,0,0
21.700,-0.1166000,0.0054000,9.6708000,32.8598000,31.3187000,28.7399000,-45.3780000,-10.4450000,9.4420000,0.000000,0,0,0
21.710,-0.1489000,0.0030000,9.6708000,32.8674000,31.3110000,28.6255000,-45.5100000,-10.4040000,9.7760000,0.000000,0,0,0
21.720,-0.1932000,-0.0006000,9.6708000,32.8751000,31.3110000,28.6179000,-45.2010000,-10.9000000,10.2580000,0.000000,0,0,0
21.730,-0.2458000,-0.0006000,9.6720000,32.8751000,31.3187000,28.7704000,-45.1280000,-10.6960000,10.3820000,0.000000,0,0,0
21.740,-0.2734000,0.0006000,9.6744000,32.8674000,31.3263000,29.0680000,-45.1660000,-10.7840000,9.6140000,0.000000,0,0,0
21.750,-0.2638000,0.0030000,9.6768000,32.8598000,31.3263000,29.4571000,-45.4110000,-11.0590000,10.0990000,0.000000,0,0,0
21.760,-0.2291000,0.0030000,9.6744000,32.8598000,31.3492000,29.8386000,-45.1380000,-10.8510000,10.0030000,0.000000,0,0,0
21.770,-0.1896000,0.0042000,9.6708000,32.8674000,31.3721000,30.1819000,-45.1520000,-11.0360000,9.8560000,0.000000,0,0,0
21.780,-0.1585000,0.0042000,9.6708000,32.8674000,31.3873000,30.4489000,-45.1870000,-10.6980000,10.2290000,0.000000,0,0,0
21.790,-0.1358000,0.0042000,9.6744000,32.8751000,31.3950000,30.6320000,-45.3880000,-11.0210000,10.1360000,0.000000,0,0,0
21.800,-0.1250000,0.0030000,9.6756000,32.8751000,31.3873000,30.7388000,-45.3720000,-10.5530000,9.6640000,0.000000,0,0,0
21.810,-0.1262000,0.0030000,9.6720000,32.8674000,31.3721000,30.7922000,-45.4660000,-11.0290000,10.1030000,0.000000,0,0,0
21.820,-0.1286000,0.0030000,9.6720000,32.8674000,31.3644000,30.7999000,-45.5360000,-11.1770000,9.6820000,0.000000,0,0,0
21.830,-0.1274000,0.0042000,9.6744000,32.8674000,31.3568000,30.7922000,-45.3060000,-10.9540000,9.8900000,0.000000,0,0,0
21.840,-0.1214000,0.0042000,9.6744000,32.8598000,31.3568000,30.7617000,-45.3800000,-11.2080000,9.6410000,0.000000,0,0,0
21.850,-0.1166000,0.0030000,9.6708000,32.8522000,31.3492000,30.7388000,-45.3820000,-11.1460000,9.6040000,0.000000,0,0,0
21.860,-0.1107000,0.0006000,9.6684000,32.8598000,31.3416000,30.7312000,-45.3280000,-10.7380000,9.2340000,0.000000,0,0,0
21.870,-0.1071000,0.0006000,9.6696000,32.8598000,31.3263000,30.7236000,-45.5700000,-10.8380000,9.6300000,0.000000,0,0,0
21.880,-0.1047000,-0.0006000,9.6732000,32.8522000,31.3110000,30.7159000,-45.7590000,-11.0270000,9.5470000,0.000000,0,0,0
21.890,-0.1023000,-0.0018000,9.6732000,32.8522000,31.2958000,30.7159000,-45.3410000,-11.1040000,9.7640000,0.000000,0,0,0
21.900,-0.1011000,-0.0006000,9.6708000,32.8522000,31.2805000,30.7159000,-45.2070000,-10.8410000,10.2250000,0.000000,0,0,0
21.910,-0.1011000,-0.0006000,9.6696000,32.8598000,31.2805000,30.7236000,-45.4980000,-10.7520000,9.6310000,0.000000,0,0,0
21.920,-0.0999000,-0.0006000,9.6684000,32.8674000,31.2881000,30.7312000,-45.3060000,-11.1200000,10.0610000,0.000000,0,0,0
21.930,-0.0987000,-0.0006000,9.6684000,32.8751000,31.3110000,30.7388000,-45.6020000,-10.4470000,10.3970000,0.000000,0,0,0
21.940,-0.0975000,-0.0018000,9.6696000,32.8827000,31.3187000,30.7388000,-45.6430000,-10.8680000,9.8210000,0.000000,0,0,0
21.950,-0.0999000,-0.0018000,9.6720000,32.8827000,31.3263000,30.7388000,-45.8030000,-10.9000000,9.6720000,0.000000,0,0,0
21.960,-0.1011000,-0.0018000,9.6732000,32.8751000,31.3339000,30.7312000,-45.7440000,-10.8120000,9.1430000,0.000000,0,0,0
21.970,-0.1011000,-0.0030000,9.6732000,32.8598000,31.3339000,30.7312000,-45.5440000,-10.7400000,9.6490000,0.000000,0,0,0
21.980,-0.0999000,-0.0018000,9.6708000,32.8598000,31.3339000,30.7236000,-45.4220000,-10.8200000,9.8810000,0.000000,0,0,0
21.990,-0.0987000,-0.0006000,9.6684000,32.8598000,31.3339000,30.7159000,-45.6890000,-10.5700000,9.9180000,0.000000,0,0,0
22.000,-0.0987000,0.0018000,9.6684000,32.8598000,31.3339000,30.7083000,-45.6200000,-10.6510000,9.5640000,0.000000,0,0,0
22.010,-0.0999000,0.0030000,9.6732000,32.8674000,31.3263000,30.7083000,-45.7500000,-11.0050000,10.1350000,0.000000,0,0,0
22.020,-0.1011000,0.0030000,9.6756000,32.8674000,31.3339000,30.7083000,-45.5520000,-10.8850000,10.1470000,0.000000,0,0,0
22.030,-0.1023000,0.0018000,9.6732000,32.8598000,31.3339000,30.7083000,-45.6210000,-11.0340000,9.8940000,0.000000,0,0,0
22.040,-0.1023000,0.0006000,9.6720000,32.8522000,31.3339000,30.7159000,-45.5170000,-10.8360000,9.7610000,0.000000,0,0,0
22.050,-0.1023000,-0.0018000,9.6720000,32.8522000,31.3339000,30.7159000,-45.4410000,-10.8380000,10.3190000,0.000000,0,0,0
22.060,-0.1023000,-0.0018000,9.6720000,32.8522000,31.3416000,30.7159000,-45.4680000,-10.8800000,10.0290000,0.000000,0,0,0
22.070,-0.1011000,-0.0018000,9.6708000,32.8522000,31.3492000,30.7159000,-45.6740000,-10.8490000,10.0270000,0.000000,0,0,0
22.080,-0.1011000,0.0006000,9.6708000,32.8598000,31.3644000,30.7083000,-45.8130000,-10.6230000,9.5140000,0.000000,0,0,0
22.090,-0.1011000,0.0006000,9.6732000,32.8674000,31.3721000,30.7083000,-45.5620000,-11.1680000,9.6600000,0.000000,0,0,0
22.100,-0.1011000,0.0006000,9.6756000,32.8674000,31.3721000,30.7159000,-45.5410000,-10.5790000,9.2720000,0.000000,0,0,0
22.110,-0.1011000,0.0018000,9.6744000,32.8674000,31.3721000,30.7083000,-45.5190000,-10.8380000,9.7570000,0.000000,0,0,0
22.120,-0.1035000,0.0018000,9.6732000,32.8674000,31.3644000,30.7159000,-45.6420000,-11.0040000,9.2100000,0.000000,0,0,0
22.130,-0.1047000,0.0018000,9.6744000,32.8598000,31.3339000,30.7159000,-45.5090000,-11.0350000,9.5470000,0.000000,0,0,0
22.140,-0.1035000,0.0018000,9.6732000,32.8522000,31.3187000,30.7236000,-45.4120000,-10.8580000,10.1250000,0.000000,0,0,0
22.150,-0.1023000,0.0030000,9.6684000,32.8598000,31.3187000,30.7236000,-45.3230000,-11.0930000,10.6220000,0.000000,0,0,0
22.160,-0.1023000,0.0042000,9.6660000,32.8674000,31.3110000,30.7236000,-45.6010000,-11.0120000,10.4200000,0.000000,0,0,0
22.170,-0.1011000,0.0042000,9.6708000,32.8751000,31.3110000,30.7236000,-45.6660000,-11.2160000,10.5960000,0.000000,0,0,0
22.180,-0.1011000,0.0042000,9.6756000,32.8827000,31.3263000,30.7312000,-45.2820000,-10.9580000,10.1720000,0.000000,0,0,0
22.190,-0.1011000,0.0042000,9.6744000,32.8827000,31.3339000,30.7312000,-45.6300000,-10.9130000,10.7920000,0.000000,0,0,0
22.200,-0.1011000,0.0030000,9.6720000,32.8751000,31.3263000,30.7312000,-45.6330000,-11.0530000,10.0800000,0.000000,0,0,0
22.210,-0.1011000,0.0018000,9.6732000,32.8674000,31.3263000,30.7312000,-45.6160000,-11.3510000,10.7120000,0.000000,0,0,0
22.220,-0.1023000,0.0006000,9.6756000,32.8674000,31.3187000,30.7312000,-45.6640000,-10.9900000,11.1810000,0.000000,0,0,0
22.230,-0.1023000,0.0006000,9.6744000,32.8674000,31.3187000,30.7312000,-45.5970000,-10.8520000,11.0760000,0.000000,0,0,0
22.240,-0.1023000,0.0006000,9.6720000,32.8674000,31.3187000,30.7312000,-45.6070000,-10.9760000,10.3360000,0.000000,0,0,0
22.250,-0.1011000,-0.0006000,9.6744000,32.8674000,31.3187000,30.7312000,-45.5410000,-11.2480000,10.4060000,0.000000,0,0,0
22.260,-0.1011000,-0.0006000,9.6780000,32.8751000,31.3263000,30.7236000,-45.5560000,-10.9600000,10.4730000,0.000000,0,0,0
22.270,-0.1023000,-0.0006000,9.6792000,32.8751000,31.3339000,30.7159000,-45.4440000,-11.0280000,10.2240000,0.000000,0,0,0
22.280,-0.1023000,0.0006000,9.6756000,32.8751000,31.3339000,30.7159000,-45.3510000,-11.1710000,9.5690000,0.000000,0,0,0
22.290,-0.1023000,0.0006000,9.6744000,32.8751000,31.3263000,30.7159000,-45.5350000,-10.9330000,9.9590000,0.000000,0,0,0
22.300,-0.1011000,0.0006000,9.6756000,32.8751000,31.3187000,30.7159000,-45.6960000,-10.9070000,9.9860000,0.000000,0,0,0
22.310,-0.1011000,0.0006000,9.6744000,32.8751000,31.3263000,30.7159000,-45.5080000,-10.8990000,10.6260000,0.000000,0,0,0
22.320,-0.0999000,0.0018000,9.6732000,32.8827000,31.3339000,30.7236000,-45.5440000,-10.7850000,9.9890000,0.000000,0,0,0
22.330,-0.0999000,0.0018000,9.6720000,32.8903000,31.3416000,30.7236000,-45.8570000,-10.6890000,9.8370000,0.000000,0,0,0
22.340,-0.0999000,0.0030000,9.6744000,32.8903000,31.3416000,30.7159000,-45.5710000,-10.5730000,10.0910000,0.000000,0,0,0
22.350,-0.0987000,0.0042000,9.6744000,32.8827000,31.3416000,30.7159000,-45.3380000,-10.7560000,9.7970000,0.000000,0,0,0
22.360,-0.0975000,0.0030000,9.6720000,32.8674000,31.3416000,30.7236000,-45.3900000,-11.0100000,9.6440000,0.000000,0,0,0
22.370,-0.0987000,0.0018000,9.6696000,32.8598000,31.3339000,30.7236000,-45.4490000,-10.9970000,9.8770000,0.000000,0,0,0
22.380,-0.0987000,0.0006000,9.6696000,32.8522000,31.3187000,30.7236000,-45.4040000,-10.9800000,9.5500000,0.000000,0,0,0
22.390,-0.1011000,-0.0018000,9.6696000,32.8522000,31.3187000,30.7312000,-45.5210000,-10.8240000,9.9010000,0.000000,0,0,0
22.400,-0.1023000,-0.0030000,9.6720000,32.8598000,31.3187000,30.7312000,-45.5040000,-10.7860000,9.9420000,0.000000,0,0,0
22.410,-0.1011000,-0.0018000,9.6744000,32.8598000,31.3187000,30.7312000,-45.6960000,-11.3100000,10.3330000,0.000000,0,0,0
22.420,-0.1011000,-0.0018000,9.6768000,32.8598000,31.3263000,30.7312000,-45.5790000,-10.9120000,10.2870000,0.000000,0,0,0
22.430,-0.1011000,-0.0006000,9.6792000,32.8598000,31.3263000,30.7312000,-45.4500000,-11.0990000,10.1390000,0.000000,0,0,0
22.440,-0.1011000,-0.0018000,9.6792000,32.8598000,31.3263000,30.7312000,-45.3570000,-11.3140000,9.9160000,0.000000,0,0,0
22.450,-0.0999000,-0.0018000,9.6756000,32.8598000,31.3339000,30.7312000,-45.5130000,-11.0830000,10.0490000,0.000000,0,0,0
22.460,-0.0999000,-0.0030000,9.6732000,32.8598000,31.3339000,30.7159000,-45.4330000,-11.0390000,9.3320000,0.000000,0,0,0
22.470,-0.0999000,-0.0018000,9.6720000,32.8674000,31.3339000,30.7083000,-45.4750000,-11.2030000,9.1920000,0.000000,0,0,0
22.480,-0.0999000,-0.0006000,9.6708000,32.8674000,31.3339000,30.7083000,-45.4330000,-10.7150000,10.0830000,0.000000,0,0,0
22.490,-0.0999000,0.0006000,9.6708000,32.8751000,31.3339000,30.7083000,-45.8550000,-10.8950000,9.8110000,0.000000,0,0,0
22.500,-0.1011000,0.0006000,9.6720000,32.8751000,31.3339000,30.7159000,-45.5950000,-10.7920000,9.8290000,0.000000,0,0,0
22.510,-0.1035000,0.0018000,9.6744000,32.8751000,31.3416000,30.7236000,-45.5220000,-10.9550000,10.2220000,0.000000,0,0,0
22.520,-0.1047000,0.0030000,9.6768000,32.8674000,31.3416000,30.7236000,-45.5140000,-10.7180000,11.0380000,0.000000,0,0,0
22.530,-0.1059000,0.0030000,9.6756000,32.8674000,31.3492000,30.7236000,-45.6550000,-10.8590000,10.1910000,0.000000,0,0,0
22.540,-0.1059000,0.0018000,9.6720000,32.8674000,31.3568000,30.7159000,-45.5940000,-11.0140000,9.6190000,0.000000,0,0,0
22.550,-0.1059000,0.0006000,9.6708000,32.8751000,31.3644000,30.7083000,-45.5000000,-10.8840000,9.6380000,0.000000,0,0,0
22.560,-0.1059000,-0.0006000,9.6732000,32.8751000,31.3721000,30.7083000,-45.7350000,-10.9390000,10.4490000,0.000000,0,0,0
22.570,-0.1059000,-0.0018000,9.6756000,32.8751000,31.3797000,30.7159000,-45.5770000,-10.8380000,10.2120000,0.000000,0,0,0
22.580,-0.1047000,-0.0030000,9.6744000,32.8751000,31.3797000,30.7159000,-45.6000000,-10.9340000,10.2350000,0.000000,0,0,0
22.590,-0.1047000,-0.0030000,9.6732000,32.8674000,31.3721000,30.7236000,-45.4720000,-10.9550000,9.7680000,0.000000,0,0,0
22.600,-0.1047000,-0.0018000,9.6720000,32.8598000,31.3644000,30.7312000,-45.8160000,-10.9990000,9.8990000,0.000000,0,0,0
22.610,-0.1035000,-0.0006000,9.6720000,32.8674000,31.3568000,30.7312000,-45.8970000,-10.9730000,10.0050000,0.000000,0,0,0
22.620,-0.1011000,0.0006000,9.6708000,32.8751000,31.3568000,30.7312000,-45.9740000,-11.1870000,9.0250000,0.000000,0,0,0
22.630,-0.1011000,0.0018000,9.6708000,32.8751000,31.3568000,30.7312000,-45.7480000,-11.0750000,9.5470000,0.000000,0,0,0
22.640,-0.1023000,0.0018000,9.6744000,32.8827000,31.3644000,30.7236000,-45.8180000,-11.0090000,10.1680000,0.000000,0,0,0
22.650,-0.1035000,0.0030000,9.6756000,32.8827000,31.3644000,30.7236000,-45.7370000,-11.1720000,9.7980000,0.000000,0,0,0
22.660,-0.1047000,0.0030000,9.6768000,32.8827000,31.3721000,30.7236000,-45.6410000,-10.9810000,10.1310000,0.000000,0,0,0
22.670,-0.1047000,0.0018000,9.6768000,32.8751000,31.3721000,30.7159000,-45.1440000,-10.6270000,10.6390000,0.000000,0,0,0
22.680,-0.1047000,0.0006000,9.6768000,32.8598000,31.3721000,30.7159000,-45.7650000,-10.8620000,9.8750000,0.000000,0,0,0
22.690,-0.1035000,-0.0030000,9.6744000,32.8522000,31.3721000,30.7236000,-45.6170000,-11.0730000,10.5140000,0.000000,0,0,0
22.700,-0.1023000,-0.0054000,9.6696000,32.8522000,31.3644000,30.7236000,-45.9840000,-11.1020000,9.6100000,0.000000,0,0,0
22.710,-0.0999000,-0.0066000,9.6672000,32.8598000,31.3568000,30.7236000,-46.0290000,-10.8910000,10.2540000,0.000000,0,0,0
22.720,-0.0987000,-0.0054000,9.6708000,32.8598000,31.3568000,30.7236000,-45.5500000,-10.7540000,9.9120000,0.000000,0,0,0
22.730,-0.0987000,-0.0030000,9.6756000,32.8751000,31.3568000,30.7312000,-45.7890000,-11.0380000,10.1050000,0.000000,0,0,0
22.740,-0.0999000,-0.0006000,9.6756000,32.8827000,31.3644000,30.7388000,-45.6430000,-11.0190000,9.9140000,0.000000,0,0,0
22.750,-0.1011000,0.0030000,9.6768000,32.8827000,31.3721000,30.7465000,-45.7850000,-11.0830000,10.6550000,0.000000,0,0,0
22.760,-0.1035000,0.0042000,9.6792000,32.8827000,31.3644000,30.7312000,-45.4390000,-11.0730000,9.9100000,0.000000,0,0,0
22.770,-0.1047000,0.0054000,9.6768000,32.8751000,31.3492000,30.7312000,-45.8380000,-10.7140000,9.9250000,0.000000,0,0,0
22.780,-0.1035000,0.0054000,9.6720000,32.8674000,31.3416000,30.7236000,-45.6460000,-10.8860000,9.8350000,0.000000,0,0,0
22.790,-0.1035000,0.0042000,9.6696000,32.8598000,31.3187000,30.7236000,-45.9450000,-10.8120000,9.8580000,0.000000,0,0,0
22.800,-0.1023000,0.0030000,9.6708000,32.8598000,31.3034000,30.7159000,-45.7520000,-10.7920000,10.0390000,0.000000,0,0,0
22.810,-0.1023000,0.0006000,9.6732000,32.8598000,31.3034000,30.7236000,-45.8730000,-10.5830000,10.5340000,0.000000,0,0,0
22.820,-0.1035000,0.0006000,9.6720000,32.8674000,31.3034000,30.7236000,-45.8270000,-10.9440000,9.9860000,0.000000,0,0,0
22.830,-0.1047000,-0.0006000,9.6720000,32.8674000,31.3034000,30.7312000,-45.7850000,-10.8680000,9.7550000,0.000000,0,0,0
22.840,-0.1047000,-0.0018000,9.6732000,32.8674000,31.3034000,30.7312000,-45.5960000,-10.8420000,10.1450000,0.000000,0,0,0
22.850,-0.1047000,-0.0018000,9.6744000,32.8674000,31.3110000,30.7312000,-45.7440000,-10.8050000,8.9250000,0.000000,0,0,0
22.860,-0.1047000,-0.0030000,9.6708000,32.8751000,31.3110000,30.7312000,-45.5970000,-10.8590000,9.7280000,0.000000,0,0,0
22.870,-0.1047000,-0.0018000,9.6684000,32.8751000,31.3187000,30.7312000,-45.7570000,-10.8540000,9.2910000,0.000000,0,0,0
22.880,-0.1059000,-0.0006000,9.6720000,32.8751000,31.3110000,30.7388000,-45.4010000,-10.8910000,9.2260000,0.000000,0,0,0
22.890,-0.1071000,0.0006000,9.6768000,32.8674000,31.3110000,30.7388000,-45.8230000,-10.7400000,9.7930000,0.000000,0,0,0
22.900,-0.1071000,0.0006000,9.6744000,32.8674000,31.3110000,30.7388000,-45.7490000,-10.4860000,9.4020000,0.000000,0,0,0
22.910,-0.1071000,0.0006000,9.6708000,32.8598000,31.3110000,30.7388000,-45.7230000,-10.9850000,8.8580000,0.000000,0,0,0
22.920,-0.1059000,0.0018000,9.6708000,32.8598000,31.3110000,30.7312000,-45.8860000,-10.7470000,9.8350000,0.000000,0,0,0
22.930,-0.1059000,0.0018000,9.6732000,32.8674000,31.3187000,30.7312000,-45.5030000,-10.8210000,10.2730000,0.000000,0,0,0
22.940,-0.1047000,0.0018000,9.6732000,32.8674000,31.3263000,30.7236000,-45.6790000,-11.0790000,9.3460000,0.000000,0,0,0
22.950,-0.1047000,0.0018000,9.6708000,32.8598000,31.3339000,30.7236000,-45.3100000,-10.8080000,9.5530000,0.000000,0,0,0
22.960,-0.1059000,0.0030000,9.6720000,32.8598000,31.3416000,30.7312000,-45.7320000,-11.0660000,9.5700000,0.000000,0,0,0
22.970,-0.1071000,0.0018000,9.6768000,32.8674000,31.3416000,30.7388000,-45.6960000,-10.9360000,10.1330000,0.000000,0,0,0
22.980,-0.1071000,0.0018000,9.6792000,32.8751000,31.3416000,30.7388000,-45.6820000,-10.5140000,9.5540000,0.000000,0,0,0
22.990,-0.1059000,0.0006000,9.6744000,32.8751000,31.3339000,30.7388000,-45.4470000,-10.9520000,9.6280000,0.000000,0,0,0
23.000,-0.1047000,-0.0006000,9.6720000,32.8827000,31.3263000,30.7312000,-45.6640000,-10.9410000,9.8030000,0.000000,0,0,0
23.010,-0.1035000,-0.0006000,9.6744000,32.8827000,31.3187000,30.7236000,-45.5210000,-10.9470000,9.5130000,0.000000,0,0,0
23.020,-0.1023000,0.0018000,9.6744000,32.8827000,31.3110000,30.7236000,-45.9280000,-10.6020000,9.6360000,0.000000,0,0,0
23.030,-0.1011000,0.0030000,9.6696000,32.8827000,31.3034000,30.7159000,-45.4510000,-10.9570000,9.7330000,0.000000,0,0,0
23.040,-0.1023000,0.0042000,9.6684000,32.8827000,31.3110000,30.7236000,-45.6250000,-10.6930000,9.6750000,0.000000,0,0,0
23.050,-0.1023000,0.0042000,9.6744000,32.8751000,31.3187000,30.7236000,-45.2900000,-10.8880000,9.3230000,0.000000,0,0,0
23.060,-0.1023000,0.0006000,9.6780000,32.8751000,31.3263000,30.7236000,-45.8220000,-11.0620000,9.3640000,0.000000,0,0,0
23.070,-0.1023000,-0.0018000,9.6756000,32.8674000,31.3339000,30.7236000,-45.7470000,-10.8790000,9.7160000,0.000000,0,0,0
23.080,-0.1035000,-0.0030000,9.6720000,32.8674000,31.3339000,30.7236000,-45.4000000,-11.1570000,9.9250000,0.000000,0,0,0
23.090,-0.1035000,-0.0018000,9.6720000,32.8598000,31.3263000,30.7236000,-45.3960000,-10.8000000,9.6950000,0.000000,0,0,0
23.100,-0.1035000,-0.0006000,9.6744000,32.8598000,31.3110000,30.7236000,-45.7370000,-11.0140000,9.9730000,0.000000,0,0,0
23.110,-0.1047000,0.0006000,9.6744000,32.8674000,31.3034000,30.7236000,-45.5270000,-10.7670000,9.4400000,0.000000,0,0,0
23.120,-0.1047000,0.0030000,9.6708000,32.8751000,31.3034000,30.7159000,-45.8600000,-10.9430000,10.2390000,0.000000,0,0,0
23.130,-0.1035000,0.0042000,9.6708000,32.8751000,31.3110000,30.7159000,-45.8300000,-10.9910000,10.1390000,0.000000,0,0,0
23.140,-0.1047000,0.0054000,9.6756000,32.8751000,31.3263000,30.7159000,-45.4480000,-10.7300000,9.8830000,0.000000,0,0,0
23.150,-0.1047000,0.0054000,9.6804000,32.8751000,31.3339000,30.7159000,-45.6090000,-11.0290000,9.9750000,0.000000,0,0,0
23.160,-0.1047000,0.0042000,9.6780000,32.8674000,31.3416000,30.7159000,-45.8900000,-10.8160000,10.3740000,0.000000,0,0,0
23.170,-0.1047000,0.0042000,9.6756000,32.8598000,31.3263000,30.7159000,-45.6340000,-10.6870000,9.9180000,0.000000,0,0,0
23.180,-0.1059000,0.0030000,9.6744000,32.8598000,31.3110000,30.7159000,-45.9750000,-10.9720000,10.2320000,0.000000,0,0,0
23.190,-0.1047000,0.0030000,9.6732000,32.8598000,31.2958000,30.7159000,-46.0880000,-10.5610000,10.4100000,0.000000,0,0,0
23.200,-0.1023000,0.0030000,9.6732000,32.8598000,31.2881000,30.7236000,-45.5650000,-10.7390000,9.8650000,0.000000,0,0,0
23.210,-0.1011000,0.0030000,9.6720000,32.8674000,31.2958000,30.7236000,-46.0740000,-10.7920000,10.0090000,0.000000,0,0,0
23.220,-0.1011000,0.0030000,9.6732000,32.8674000,31.3110000,30.7236000,-45.7020000,-10.8870000,9.7470000,0.000000,0,0,0
23.230,-0.1023000,0.0030000,9.6756000,32.8674000,31.3339000,30.7312000,-45.5790000,-11.0130000,9.9230000,0.000000,0,0,0
23.240,-0.1047000,0.0030000,9.6756000,32.8674000,31.3492000,30.7312000,-45.5130000,-11.0620000,9.9690000,0.000000,0,0,0
23.250,-0.1047000,0.0018000,9.6720000,32.8674000,31.3492000,30.7388000,-45.6350000,-10.8330000,10.8660000,0.000000,0,0,0
23.260,-0.1047000,-0.0006000,9.6696000,32.8674000,31.3492000,30.7388000,-45.8030000,-10.7000000,9.9570000,0.000000,0,0,0
23.270,-0.1035000,-0.0018000,9.6684000,32.8674000,31.3492000,30.7465000,-45.5340000,-10.6510000,9.6190000,0.000000,0,0,0
23.280,-0.1035000,-0.0018000,9.6684000,32.8674000,31.3568000,30.7465000,-45.7860000,-10.4590000,9.7610000,0.000000,0,0,0
23.290,-0.1035000,-0.0006000,9.6696000,32.8674000,31.3644000,30.7465000,-45.6490000,-10.7510000,10.5360000,0.000000,0,0,0
23.300,-0.1047000,-0.0006000,9.6720000,32.8674000,31.3797000,30.7388000,-45.5580000,-10.6470000,10.8420000,0.000000,0,0,0
23.310,-0.1047000,0.0006000,9.6732000,32.8598000,31.3797000,30.7312000,-45.5660000,-10.8550000,10.1590000,0.000000,0,0,0
23.320,-0.1047000,-0.0006000,9.6732000,32.8598000,31.3721000,30.7312000,-45.6460000,-10.6640000,9.8780000,0.000000,0,0,0
23.330,-0.1047000,0.0006000,9.6720000,32.8674000,31.3568000,30.7312000,-45.4970000,-10.7510000,9.0360000,0.000000,0,0,0
23.340,-0.1047000,0.0006000,9.6708000,32.8674000,31.3416000,30.7236000,-45.3590000,-10.7700000,9.2140000,0.000000,0,0,0
23.350,-0.1059000,0.0006000,9.6672000,32.8751000,31.3187000,30.7236000,-45.5950000,-10.7060000,9.9560000,0.000000,0,0,0
23.360,-0.1059000,0.0006000,9.6660000,32.8827000,31.3110000,30.7236000,-45.6080000,-11.0200000,9.8910000,0.000000,0,0,0
23.370,-0.1071000,0.0006000,9.6672000,32.8903000,31.3034000,30.7236000,-45.6530000,-10.5130000,9.5490000,0.000000,0,0,0
23.380,-0.1059000,-0.0006000,9.6696000,32.8903000,31.2958000,30.7159000,-45.3980000,-10.5800000,9.4420000,0.000000,0,0,0
23.390,-0.1047000,-0.0006000,9.6696000,32.8903000,31.3034000,30.7083000,-45.6690000,-10.7450000,9.6340000,0.000000,0,0,0
23.400,-0.1035000,-0.0006000,9.6696000,32.8751000,31.3187000,30.7083000,-45.8650000,-10.6820000,9.9890000,0.000000,0,0,0
23.410,-0.1047000,0.0006000,9.6720000,32.8598000,31.3416000,30.7083000,-45.7760000,-10.9020000,9.3050000,0.000000,0,0,0
23.420,-0.1047000,0.0006000,9.6732000,32.8598000,31.3416000,30.7083000,-45.6850000,-10.6230000,9.9580000,0.000000,0,0,0
23.430,-0.1035000,-0.0006000,9.6708000,32.8674000,31.3339000,30.7159000,-45.4460000,-10.8210000,10.4260000,0.000000,0,0,0
23.440,-0.1035000,-0.0006000,9.6672000,32.8827000,31.3263000,30.7236000,-45.2680000,-11.0100000,10.4090000,0.000000,0,0,0
23.450,-0.1023000,0.0006000,9.6672000,32.8903000,31.3110000,30.7236000,-45.6250000,-10.6920000,10.0600000,0.000000,0,0,0
23.460,-0.1023000,0.0018000,9.6708000,32.8827000,31.3110000,30.7312000,-45.5770000,-10.7740000,10.1370000,0.000000,0,0,0
23.470,-0.1023000,0.0018000,9.6720000,32.8827000,31.3110000,30.7236000,-45.3090000,-10.8070000,10.6430000,0.000000,0,0,0
23.480,-0.1023000,0.0030000,9.6732000,32.8751000,31.3110000,30.7236000,-45.5280000,-10.6970000,10.0290000,0.000000,0,0,0
23.490,-0.1011000,0.0030000,9.6744000,32.8674000,31.3034000,30.7159000,-45.7560000,-10.7240000,10.2880000,0.000000,0,0,0
23.500,-0.0999000,0.0018000,9.6768000,32.8598000,31.2881000,30.7159000,-45.4660000,-10.6840000,9.9220000,0.000000,0,0,0
23.510,-0.0987000,0.0006000,9.6744000,32.8598000,31.2805000,30.7159000,-45.4000000,-10.8620000,9.3750000,0.000000,0,0,0
23.520,-0.0975000,0.0006000,9.6720000,32.8598000,31.2729000,30.7159000,-45.2710000,-10.6170000,8.9920000,0.000000,0,0,0
23.530,-0.0987000,0.0006000,9.6720000,32.8674000,31.2805000,30.7159000,-45.6010000,-10.6690000,9.2130000,0.000000,0,0,0
23.540,-0.0999000,0.0006000,9.6720000,32.8827000,31.2881000,30.7159000,-45.5160000,-10.8430000,9.9980000,0.000000,0,0,0
23.550,-0.1023000,0.0018000,9.6720000,32.8827000,31.3034000,30.7159000,-45.6440000,-10.7330000,9.1410000,0.000000,0,0,0
23.560,-0.1035000,0.0006000,9.6696000,32.8751000,31.3263000,30.7236000,-45.4310000,-11.0290000,9.8900000,0.000000,0,0,0
23.570,-0.1035000,-0.0006000,9.6684000,32.8751000,31.3339000,30.7312000,-45.4230000,-11.2080000,9.9930000,0.000000,0,0,0
23.580,-0.1047000,-0.0018000,9.6672000,32.8674000,31.3339000,30.7312000,-45.6440000,-10.9140000,10.3620000,0.000000,0,0,0
23.590,-0.1047000,-0.0006000,9.6672000,32.8674000,31.3416000,30.7388000,-45.6450000,-10.7640000,9.8740000,0.000000,0,0,0
23.600,-0.1047000,0.0006000,9.6684000,32.8598000,31.3339000,30.7312000,-45.6340000,-10.9020000,10.3810000,0.000000,0,0,0
23.610,-0.1035000,0.0018000,9.6696000,32.8598000,31.3263000,30.7312000,-45.4390000,-11.0870000,9.6000000,0.000000,0,0,0
23.620,-0.1023000,0.0018000,9.6720000,32.8598000,31.3110000,30.7312000,-45.5570000,-10.7760000,9.7450000,0.000000,0,0,0
23.630,-0.1011000,0.0018000,9.6720000,32.8598000,31.3034000,30.7236000,-45.4130000,-10.8540000,9.8190000,0.000000,0,0,0
23.640,-0.1011000,0.0006000,9.6708000,32.8674000,31.3034000,30.7236000,-45.5890000,-10.7350000,9.8010000,0.000000,0,0,0
23.650,-0.1011000,-0.0018000,9.6720000,32.8674000,31.3187000,30.7159000,-45.5280000,-10.5450000,9.9570000,0.000000,0,0,0
23.660,-0.1035000,-0.0054000,9.6732000,32.8674000,31.3339000,30.7312000,-45.6150000,-10.7330000,8.7660000,0.000000,0,0,0
23.670,-0.1047000,-0.0066000,9.6732000,32.8674000,31.3492000,30.7465000,-45.9200000,-10.9310000,9.5600000,0.000000,0,0,0
23.680,-0.1047000,-0.0066000,9.6720000,32.8598000,31.3721000,30.7541000,-46.0520000,-10.8270000,9.5080000,0.000000,0,0,0
23.690,-0.1059000,-0.0054000,9.6720000,32.8674000,31.3950000,30.7541000,-46.0630000,-11.1260000,9.0790000,0.000000,0,0,0
23.700,-0.1059000,-0.0030000,9.6720000,32.8751000,31.4102000,30.7541000,-45.9670000,-10.8420000,9.2030000,0.000000,0,0,0
23.710,-0.1071000,0.0006000,9.6720000,32.8827000,31.4026000,30.7465000,-45.4840000,-10.7320000,9.0870000,0.000000,0,0,0
23.720,-0.1083000,0.0030000,9.6732000,32.8827000,31.3873000,30.7388000,-45.8870000,-10.7910000,9.3340000,0.000000,0,0,0
23.730,-0.1083000,0.0030000,9.6720000,32.8827000,31.3721000,30.7312000,-45.8970000,-10.8870000,8.6910000,0.000000,0,0,0
23.740,-0.1071000,0.0018000,9.6708000,32.8827000,31.3721000,30.7236000,-45.7960000,-10.7420000,9.4010000,0.000000,0,0,0
23.750,-0.1059000,0.0006000,9.6708000,32.8751000,31.3797000,30.7236000,-46.0230000,-10.5250000,9.0840000,0.000000,0,0,0
23.760,-0.1059000,-0.0018000,9.6720000,32.8751000,31.3797000,30.7236000,-45.8920000,-10.7660000,9.5590000,0.000000,0,0,0
23.770,-0.1059000,-0.0030000,9.6732000,32.8751000,31.3873000,30.7236000,-45.7930000,-10.8460000,9.0190000,0.000000,0,0,0
23.780,-0.1059000,-0.0030000,9.6732000,32.8751000,31.4026000,30.7312000,-46.0770000,-10.6230000,9.6450000,0.000000,0,0,0
23.790,-0.1059000,-0.0018000,9.6732000,32.8751000,31.4102000,30.7388000,-45.3120000,-10.7020000,9.6860000,0.000000,0,0,0
23.800,-0.1059000,-0.0006000,9.6732000,32.8751000,31.4102000,30.7388000,-45.6390000,-10.9150000,9.2620000,0.000000,0,0,0
23.810,-0.1071000,-0.0006000,9.6732000,32.8827000,31.4026000,30.7312000,-45.9000000,-10.5890000,9.2820000,0.000000,0,0,0
23.820,-0.1083000,0.0006000,9.6720000,32.8903000,31.3873000,30.7312000,-45.9280000,-10.7950000,8.8250000,0.000000,0,0,0
23.830,-0.1083000,0.0006000,9.6720000,32.8979000,31.3721000,30.7236000,-45.8960000,-10.7990000,8.6900000,0.000000,0,0,0
23.840,-0.1083000,0.0006000,9.6708000,32.8903000,31.3568000,30.7236000,-45.5710000,-10.7620000,9.2020000,0.000000,0,0,0
23.850,-0.1083000,0.0006000,9.6732000,32.8827000,31.3339000,30.7236000,-45.7110000,-10.5790000,9.2780000,0.000000,0,0,0
23.860,-0.1083000,0.0006000,9.6756000,32.8827000,31.3110000,30.7236000,-45.5730000,-11.1220000,9.6850000,0.000000,0,0,0
23.870,-0.1071000,0.0018000,9.6744000,32.8903000,31.2958000,30.7236000,-45.3960000,-10.8650000,9.4790000,0.000000,0,0,0
23.880,-0.1059000,0.0030000,9.6708000,32.8979000,31.2805000,30.7159000,-45.4810000,-11.0930000,9.4580000,0.000000,0,0,0
23.890,-0.1047000,0.0030000,9.6684000,32.8979000,31.2805000,30.7159000,-45.6000000,-10.6390000,9.4530000,0.000000,0,0,0
23.900,-0.1047000,0.0018000,9.6708000,32.8903000,31.2881000,30.7159000,-45.6740000,-10.9280000,9.7960000,0.000000,0,0,0
23.910,-0.1047000,0.0018000,9.6732000,32.8827000,31.2881000,30.7159000,-45.5190000,-10.6070000,10.6150000,0.000000,0,0,0
23.920,-0.1059000,0.0006000,9.6744000,32.8827000,31.2958000,30.7159000,-45.6430000,-10.7620000,10.0020000,0.000000,0,0,0
23.930,-0.1047000,-0.0018000,9.6744000,32.8827000,31.3034000,30.7159000,-45.5560000,-10.6160000,9.5260000,0.000000,0,0,0
23.940,-0.1047000,-0.0030000,9.6756000,32.8751000,31.3110000,30.7159000,-45.9120000,-10.7660000,9.7680000,0.000000,0,0,0
23.950,-0.1047000,-0.0030000,9.6780000,32.8751000,31.3263000,30.7159000,-46.0330000,-10.8800000,8.8050000,0.000000,0,0,0
23.960,-0.1047000,-0.0018000,9.6768000,32.8751000,31.3339000,30.7159000,-45.6880000,-10.9420000,9.3130000,0.000000,0,0,0
23.970,-0.1047000,-0.0006000,9.6732000,32.8827000,31.3492000,30.7083000,-45.3870000,-10.3970000,8.7960000,0.000000,0,0,0
23.980,-0.1035000,0.0006000,9.6708000,32.8827000,31.3568000,30.7083000,-45.4530000,-10.7500000,8.3930000,0.000000,0,0,0
23.990,-0.1035000,0.0018000,9.6720000,32.8827000,31.3568000,30.7007000,-45.5340000,-10.8310000,8.9070000,0.000000,0,0,0
24.000,-0.1047000,0.0018000,9.6756000,32.8751000,31.3568000,30.7007000,-45.7980000,-10.7150000,9.6090000,0.000000,0,0,0
24.010,-0.1059000,0.0018000,9.6756000,32.8751000,31.3492000,30.7083000,-45.9140000,-10.5880000,9.1640000,0.000000,0,0,0
24.020,-0.1071000,0.0006000,9.6720000,32.8751000,31.3339000,30.7159000,-45.7470000,-10.7230000,9.7840000,0.000000,0,0,0
24.030,-0.1071000,-0.0006000,9.6732000,32.8751000,31.3110000,30.7159000,-45.5890000,-10.8290000,9.0870000,0.000000,0,0,0
24.040,-0.1083000,-0.0018000,9.6744000,32.8751000,31.3034000,30.7159000,-45.5840000,-10.9750000,9.8920000,0.000000,0,0,0
24.050,-0.1071000,-0.0018000,9.6708000,32.8751000,31.2958000,30.7083000,-45.4830000,-11.1320000,9.5480000,0.000000,0,0,0
24.060,-0.1059000,-0.0006000,9.6684000,32.8751000,31.3110000,30.7083000,-45.7940000,-11.0440000,9.6750000,0.000000,0,0,0
24.070,-0.1047000,0.0006000,9.6708000,32.8751000,31.3263000,30.7007000,-45.6350000,-10.6390000,9.8560000,0.000000,0,0,0
24.080,-0.1035000,0.0006000,9.6768000,32.8674000,31.3568000,30.7007000,-45.6460000,-10.7490000,9.2140000,0.000000,0,0,0
24.090,-0.1035000,-0.0006000,9.6780000,32.8598000,31.3797000,30.7007000,-45.8930000,-10.4220000,9.7230000,0.000000,0,0,0
24.100,-0.1035000,-0.0030000,9.6756000,32.8598000,31.4026000,30.7007000,-45.5410000,-10.8960000,9.1900000,0.000000,0,0,0
24.110,-0.1047000,-0.0030000,9.6732000,32.8522000,31.4026000,30.7007000,-45.5600000,-10.9160000,9.4630000,0.000000,0,0,0
24.120,-0.1047000,-0.0018000,9.6744000,32.8598000,31.3873000,30.7007000,-45.4560000,-10.5810000,9.6780000,0.000000,0,0,0
24.130,-0.1059000,-0.0006000,9.6732000,32.8674000,31.3568000,30.7007000,-45.6010000,-10.7610000,8.8910000,0.000000,0,0,0
24.140,-0.1059000,0.0018000,9.6708000,32.8674000,31.3339000,30.7007000,-45.5890000,-10.6060000,9.7780000,0.000000,0,0,0
24.150,-0.1071000,0.0042000,9.6684000,32.8674000,31.3187000,30.7083000,-45.8640000,-10.5880000,8.8850000,0.000000,0,0,0
24.160,-0.1071000,0.0042000,9.6696000,32.8751000,31.3263000,30.7159000,-45.4690000,-10.8960000,9.3270000,0.000000,0,0,0
24.170,-0.1071000,0.0030000,9.6720000,32.8903000,31.3416000,30.7236000,-45.8460000,-10.7070000,9.4100000,0.000000,0,0,0
24.180,-0.1083000,0.0030000,9.6732000,32.8979000,31.3568000,30.7312000,-45.7770000,-10.9160000,9.2460000,0.000000,0,0,0
24.190,-0.1095000,0.0018000,9.6744000,32.8979000,31.3644000,30.7388000,-45.7810000,-11.0010000,9.5550000,0.000000,0,0,0
24.200,-0.1083000,0.0006000,9.6744000,32.8903000,31.3568000,30.7465000,-45.6540000,-10.9800000,9.4790000,0.000000,0,0,0
24.210,-0.1071000,-0.0006000,9.6768000,32.8827000,31.3492000,30.7465000,-45.6050000,-10.5450000,9.4010000,0.000000,0,0,0
24.220,-0.1083000,0.0006000,9.6768000,32.8751000,31.3492000,30.7388000,-45.8240000,-11.0430000,10.4120000,0.000000,0,0,0
24.230,-0.1083000,0.0018000,9.6744000,32.8751000,31.3416000,30.7312000,-45.6660000,-11.0710000,9.7610000,0.000000,0,0,0
24.240,-0.1071000,0.0042000,9.6732000,32.8827000,31.3492000,30.7236000,-45.7310000,-10.6350000,10.1150000,0.000000,0,0,0
24.250,-0.1071000,0.0042000,9.6756000,32.8751000,31.3568000,30.7236000,-45.7930000,-10.8260000,9.4230000,0.000000,0,0,0
24.260,-0.1059000,0.0042000,9.6768000,32.8751000,31.3644000,30.7159000,-45.8510000,-10.7980000,9.7020000,0.000000,0,0,0
24.270,-0.1035000,0.0030000,9.6756000,32.8674000,31.3721000,30.7083000,-45.8770000,-11.1190000,9.7720000,0.000000,0,0,0
24.280,-0.1035000,0.0006000,9.6732000,32.8598000,31.3797000,30.7083000,-45.7400000,-11.2030000,10.0890000,0.000000,0,0,0
24.290,-0.1047000,-0.0018000,9.6732000,32.8522000,31.3950000,30.7083000,-45.8070000,-10.9760000,9.8090000,0.000000,0,0,0
24.300,-0.1047000,-0.0030000,9.6744000,32.8445000,31.4026000,30.7083000,-45.6020000,-11.1290000,10.3050000,0.000000,0,0,0
24.310,-0.1059000,-0.0030000,9.6744000,32.8445000,31.3950000,30.7159000,-45.6560000,-10.8450000,10.1430000,0.000000,0,0,0
24.320,-0.1047000,-0.0018000,9.6720000,32.8445000,31.3873000,30.7159000,-45.4840000,-11.1830000,10.1200000,0.000000,0,0,0
24.330,-0.1035000,-0.0006000,9.6720000,32.8445000,31.3797000,30.7236000,-45.4570000,-10.7180000,10.1150000,0.000000,0,0,0
24.340,-0.1059000,0.0006000,9.6744000,32.8522000,31.3797000,30.7236000,-45.9630000,-10.8810000,10.1750000,0.000000,0,0,0
24.350,-0.1083000,0.0018000,9.6756000,32.8674000,31.3721000,30.7236000,-45.7380000,-10.9000000,10.0150000,0.000000,0,0,0
24.360,-0.1095000,0.0030000,9.6732000,32.8674000,31.3721000,30.7236000,-45.5000000,-10.8830000,10.3830000,0.000000,0,0,0
24.370,-0.1107000,0.0018000,9.6732000,32.8674000,31.3721000,30.7236000,-45.5000000,-10.8180000,10.6300000,0.000000,0,0,0
24.380,-0.1107000,-0.0006000,9.6744000,32.8674000,31.3721000,30.7236000,-45.5470000,-10.8160000,10.0470000,0.000000,0,0,0
24.390,-0.1083000,-0.0006000,9.6756000,32.8674000,31.3873000,30.7236000,-45.6380000,-10.7480000,9.3070000,0.000000,0,0,0
24.400,-0.1083000,-0.0006000,9.6756000,32.8674000,31.3950000,30.7236000,-45.6910000,-10.8600000,9.5290000,0.000000,0,0,0
24.410,-0.1083000,0.0006000,9.6744000,32.8598000,31.3873000,30.7312000,-45.8070000,-10.8900000,9.4550000,0.000000,0,0,0
24.420,-0.1083000,0.0018000,9.6744000,32.8674000,31.3873000,30.7312000,-45.6390000,-10.7780000,10.2280000,0.000000,0,0,0
24.430,-0.1083000,0.0018000,9.6744000,32.8674000,31.3873000,30.7236000,-45.8140000,-10.7390000,10.1480000,0.000000,0,0,0
24.440,-0.1095000,0.0018000,9.6744000,32.8751000,31.3873000,30.7236000,-45.9420000,-10.7950000,9.8740000,0.000000,0,0,0
24.450,-0.1107000,0.0018000,9.6732000,32.8827000,31.4026000,30.7159000,-45.8920000,-10.8030000,9.8140000,0.000000,0,0,0
24.460,-0.1119000,0.0006000,9.6732000,32.8827000,31.4102000,30.7083000,-45.8900000,-10.5420000,9.5850000,0.000000,0,0,0
24.470,-0.1119000,-0.0006000,9.6744000,32.8827000,31.4255000,30.7083000,-45.9350000,-10.5730000,9.4760000,0.000000,0,0,0
24.480,-0.1119000,-0.0018000,9.6732000,32.8827000,31.4255000,30.7159000,-45.8030000,-10.9500000,9.4950000,0.000000,0,0,0
24.490,-0.1130000,-0.0030000,9.6744000,32.8903000,31.3721000,30.7236000,-45.5680000,-10.6990000,9.5030000,0.000000,0,0,0
24.500,-0.1119000,-0.0006000,9.6756000,32.8903000,31.3339000,30.7312000,-46.0200000,-10.5370000,9.8610000,0.000000,0,0,0
24.510,-0.1107000,0.0018000,9.6720000,32.8903000,31.3339000,30.7236000,-45.6290000,-10.6670000,9.3620000,0.000000,0,0,0
24.520,-0.1095000,0.0006000,9.6732000,32.8827000,31.3187000,30.7159000,-45.8800000,-10.8120000,10.1000000,0.000000,0,0,0
24.530,-0.1095000,0.0006000,9.6768000,32.8751000,31.3034000,30.7159000,-45.7090000,-10.7770000,9.4820000,0.000000,0,0,0
24.540,-0.1095000,-0.0018000,9.6768000,32.8751000,31.2881000,30.7159000,-45.7600000,-10.8290000,9.5770000,0.000000,0,0,0
24.550,-0.1095000,-0.0030000,9.6732000,32.8827000,31.2729000,30.7236000,-45.2830000,-10.7590000,9.9900000,0.000000,0,0,0
24.560,-0.1095000,-0.0018000,9.6720000,32.8827000,31.2347000,30.7312000,-45.6960000,-10.9930000,9.7390000,0.000000,0,0,0
24.570,-0.1083000,-0.0006000,9.6720000,32.8827000,31.1813000,30.7388000,-45.5170000,-10.8800000,9.7300000,0.000000,0,0,0
24.580,-0.1083000,0.0006000,9.6720000,32.8827000,31.1432000,30.7465000,-45.9210000,-11.2420000,10.4000000,0.000000,0,0,0
24.590,-0.1083000,0.0006000,9.6720000,32.8827000,31.1203000,30.7541000,-45.9640000,-10.7460000,9.8540000,0.000000,0,0,0
24.600,-0.1059000,0.0006000,9.6744000,32.8827000,31.1127000,30.7541000,-45.8020000,-10.8060000,10.0280000,0.000000,0,0,0
24.610,-0.1047000,0.0006000,9.6744000,32.8903000,31.1203000,30.7465000,-45.6660000,-10.7120000,9.6160000,0.000000,0,0,0
24.620,-0.1035000,-0.0006000,9.6744000,32.8903000,31.1508000,30.7465000,-45.7880000,-10.8780000,10.0700000,0.000000,0,0,0
24.630,-0.1047000,-0.0006000,9.6732000,32.8827000,31.1890000,30.7465000,-45.5020000,-10.4760000,9.7920000,0.000000,0,0,0
24.640,-0.1047000,-0.0006000,9.6732000,32.8827000,31.2271000,30.7388000,-45.6480000,-10.9450000,9.7510000,0.000000,0,0,0
24.650,-0.1059000,0.0006000,9.6732000,32.8751000,31.2881000,30.7388000,-45.5790000,-10.7320000,9.7160000,0.000000,0,0,0
24.660,-0.1071000,0.0006000,9.6744000,32.8674000,31.3187000,30.7388000,-45.4020000,-10.9000000,10.2370000,0.000000,0,0,0
24.670,-0.1059000,-0.0006000,9.6768000,32.8674000,31.3416000,30.7312000,-45.6600000,-10.7130000,9.6500000,0.000000,0,0,0
24.680,-0.1047000,-0.0018000,9.6768000,32.8598000,31.3568000,30.7312000,-45.8440000,-10.7700000,10.0500000,0.000000,0,0,0
24.690,-0.1047000,-0.0006000,9.6744000,32.8598000,31.3721000,30.7236000,-45.6450000,-10.5540000,9.7560000,0.000000,0,0,0
24.700,-0.1059000,-0.0006000,9.6732000,32.8598000,31.3797000,30.7312000,-45.4530000,-11.1460000,9.9420000,0.000000,0,0,0
24.710,-0.1059000,-0.0006000,9.6744000,32.8598000,31.3721000,30.7236000,-45.4860000,-10.7690000,9.7170000,0.000000,0,0,0
24.720,-0.1071000,-0.0018000,9.6768000,32.8674000,31.3644000,30.7236000,-45.5420000,-11.0410000,10.1460000,0.000000,0,0,0
24.730,-0.1071000,-0.0042000,9.6780000,32.8751000,31.3492000,30.7236000,-45.5350000,-10.7890000,10.0770000,0.000000,0,0,0
24.740,-0.1083000,-0.0042000,9.6768000,32.8751000,31.3416000,30.7312000,-45.8390000,-11.1150000,9.2250000,0.000000,0,0,0
24.750,-0.1071000,-0.0042000,9.6768000,32.8751000,31.3339000,30.7312000,-45.7030000,-10.6770000,9.5340000,0.000000,0,0,0
24.760,-0.1071000,-0.0042000,9.6792000,32.8751000,31.3187000,30.7312000,-45.7860000,-10.6320000,9.3830000,0.000000,0,0,0
24.770,-0.1095000,-0.0018000,9.6792000,32.8674000,31.3110000,30.7312000,-45.6770000,-10.7510000,9.8680000,0.000000,0,0,0
24.780,-0.1095000,-0.0006000,9.6744000,32.8674000,31.2958000,30.7312000,-45.4380000,-10.8650000,9.9350000,0.000000,0,0,0
24.790,-0.1071000,0.0018000,9.6708000,32.8751000,31.2958000,30.7312000,-45.5780000,-10.3510000,9.8370000,0.000000,0,0,0
24.800,-0.1059000,0.0030000,9.6720000,32.8751000,31.3034000,30.7312000,-45.6130000,-10.4000000,9.4950000,0.000000,0,0,0
24.810,-0.1059000,0.0042000,9.6744000,32.8827000,31.3110000,30.7388000,-45.5920000,-10.5230000,10.0160000,0.000000,0,0,0
24.820,-0.1059000,0.0042000,9.6744000,32.8827000,31.3263000,30.7388000,-45.3490000,-10.6530000,9.7150000,0.000000,0,0,0
24.830,-0.1059000,0.0030000,9.6732000,32.8827000,31.3416000,30.7312000,-45.4870000,-10.7040000,9.7480000,0.000000,0,0,0
24.840,-0.1059000,0.0018000,9.6744000,32.8751000,31.3492000,30.7312000,-45.9190000,-10.7000000,9.9400000,0.000000,0,0,0
24.850,-0.1059000,-0.0006000,9.6744000,32.8674000,31.3416000,30.7236000,-45.9310000,-10.6460000,9.3760000,0.000000,0,0,0
24.860,-0.1059000,-0.0006000,9.6744000,32.8674000,31.3339000,30.7236000,-45.6890000,-10.8730000,9.5870000,0.000000,0,0,0
24.870,-0.1059000,-0.0018000,9.6720000,32.8751000,31.3187000,30.7236000,-45.5850000,-10.6600000,9.7000000,0.000000,0,0,0
24.880,-0.1047000,-0.0006000,9.6708000,32.8751000,31.3110000,30.7312000,-45.7180000,-10.9230000,9.5850000,0.000000,0,0,0
24.890,-0.1047000,0.0006000,9.6720000,32.8827000,31.3110000,30.7312000,-45.8680000,-10.7860000,9.6580000,0.000000,0,0,0
24.900,-0.1047000,0.0006000,9.6744000,32.8827000,31.3187000,30.7388000,-45.7740000,-11.0580000,9.9660000,0.000000,0,0,0
24.910,-0.1047000,0.0006000,9.6768000,32.8827000,31.3339000,30.7388000,-45.6880000,-10.9860000,9.2020000,0.000000,0,0,0
24.920,-0.1047000,0.0006000,9.6780000,32.8827000,31.3416000,30.7312000,-45.8640000,-10.7320000,9.4210000,0.000000,0,0,0
24.930,-0.1059000,0.0006000,9.6756000,32.8827000,31.3339000,30.7236000,-45.6680000,-10.6420000,9.1030000,0.000000,0,0,0
24.940,-0.1059000,0.0018000,9.6732000,32.8751000,31.3187000,30.7236000,-45.8450000,-10.8630000,9.1740000,0.000000,0,0,0
24.950,-0.1071000,0.0018000,9.6708000,32.8598000,31.2881000,30.7236000,-45.5530000,-10.7710000,9.9570000,0.000000,0,0,0
24.960,-0.1071000,0.0018000,9.6696000,32.8598000,31.2729000,30.7236000,-45.6370000,-10.4470000,9.6490000,0.000000,0,0,0
24.970,-0.1059000,0.0018000,9.6696000,32.8674000,31.2653000,30.7236000,-45.4470000,-10.5210000,9.7550000,0.000000,0,0,0
24.980,-0.1047000,0.0006000,9.6720000,32.8751000,31.2729000,30.7236000,-45.8110000,-10.8080000,9.8500000,0.000000,0,0,0
24.990,-0.1035000,-0.0018000,9.6720000,32.8827000,31.2805000,30.7312000,-45.5550000,-10.9960000,9.7220000,0.000000,0,0,0
25.000,-0.1035000,-0.0030000,9.6720000,32.8827000,31.2881000,30.7312000,-45.5960000,-11.1020000,9.6600000,0.000000,0,0,0
25.010,-0.1023000,-0.0042000,9.6732000,32.8827000,31.3034000,30.7312000,-45.5590000,-10.4410000,9.8370000,0.000000,0,0,0
25.020,-0.1035000,-0.0042000,9.6744000,32.8751000,31.3110000,30.7236000,-45.5880000,-10.6790000,10.0670000,0.000000,0,0,0
25.030,-0.1047000,-0.0054000,9.6756000,32.8751000,31.3034000,30.7236000,-45.3700000,-10.2930000,9.3150000,0.000000,0,0,0
25.040,-0.1071000,-0.0054000,9.6732000,32.8751000,31.2881000,30.7159000,-45.2260000,-10.6440000,9.7720000,0.000000,0,0,0
25.050,-0.1071000,-0.0042000,9.6732000,32.8751000,31.2729000,30.7236000,-45.4510000,-10.5890000,9.3720000,0.000000,0,0,0
25.060,-0.1071000,-0.0018000,9.6732000,32.8751000,31.2653000,30.7236000,-45.6470000,-10.8940000,9.5500000,0.000000,0,0,0
25.070,-0.1071000,-0.0006000,9.6732000,32.8751000,31.2653000,30.7159000,-45.3470000,-10.7720000,9.4970000,0.000000,0,0,0
25.080,-0.1059000,0.0006000,9.6720000,32.8751000,31.2805000,30.7159000,-45.6390000,-10.8350000,9.2140000,0.000000,0,0,0
25.090,-0.1059000,0.0006000,9.6720000,32.8751000,31.2881000,30.7083000,-45.6560000,-10.7590000,9.5690000,0.000000,0,0,0
25.100,-0.1059000,-0.0006000,9.6720000,32.8751000,31.3034000,30.7083000,-45.8300000,-10.7190000,10.0110000,0.000000,0,0,0
25.110,-0.1047000,-0.0018000,9.6732000,32.8674000,31.3187000,30.7083000,-45.6330000,-10.8080000,9.1920000,0.000000,0,0,0
25.120,-0.1047000,-0.0018000,9.6720000,32.8598000,31.3339000,30.7083000,-45.6840000,-10.5870000,9.5850000,0.000000,0,0,0
25.130,-0.1071000,-0.0018000,9.6696000,32.8598000,31.3568000,30.7159000,-45.6510000,-10.7560000,9.2690000,0.000000,0,0,0
25.140,-0.1083000,-0.0018000,9.6696000,32.8674000,31.3644000,30.7236000,-45.6970000,-10.4710000,8.4830000,0.000000,0,0,0
25.150,-0.1095000,-0.0018000,9.6708000,32.8751000,31.3644000,30.7236000,-45.4330000,-10.6070000,9.4030000,0.000000,0,0,0
25.160,-0.1095000,-0.0018000,9.6720000,32.8674000,31.3644000,30.7312000,-45.6530000,-10.7060000,10.2980000,0.000000,0,0,0
25.170,-0.1095000,-0.0030000,9.6720000,32.8674000,31.3568000,30.7312000,-45.4710000,-10.5880000,10.4170000,0.000000,0,0,0
25.180,-0.1095000,-0.0030000,9.6720000,32.8674000,31.3416000,30.7312000,-45.4810000,-10.6060000,9.7500000,0.000000,0,0,0
25.190,-0.1107000,-0.0042000,9.6720000,32.8674000,31.3187000,30.7312000,-45.8600000,-10.6410000,9.4290000,0.000000,0,0,0
25.200,-0.1095000,-0.0030000,9.6708000,32.8751000,31.2958000,30.7312000,-45.6510000,-10.9060000,9.7680000,0.000000,0,0,0
25.210,-0.1083000,-0.0018000,9.6696000,32.8751000,31.2958000,30.7312000,-45.3600000,-10.5840000,9.7870000,0.000000,0,0,0
25.220,-0.1071000,-0.0006000,9.6720000,32.8751000,31.3034000,30.7312000,-45.5560000,-10.5950000,9.6110000,0.000000,0,0,0
25.230,-0.1071000,-0.0006000,9.6780000,32.8674000,31.3187000,30.7312000,-45.6360000,-10.7100000,9.4980000,0.000000,0,0,0
25.240,-0.1071000,0.0006000,9.6768000,32.8674000,31.3339000,30.7312000,-45.5540000,-10.6570000,9.4970000,0.000000,0,0,0
25.250,-0.1071000,0.0018000,9.6744000,32.8674000,31.3339000,30.7236000,-45.5420000,-10.7600000,9.5140000,0.000000,0,0,0
25.260,-0.1071000,0.0018000,9.6756000,32.8674000,31.3263000,30.7236000,-46.0620000,-10.4710000,9.5880000,0.000000,0,0,0
25.270,-0.1059000,0.0030000,9.6756000,32.8751000,31.3110000,30.7159000,-45.9620000,-10.7080000,9.5810000,0.000000,0,0,0
25.280,-0.1035000,0.0030000,9.6720000,32.8827000,31.3034000,30.7159000,-45.6060000,-10.8540000,9.8040000,0.000000,0,0,0
25.290,-0.1023000,0.0018000,9.6684000,32.8827000,31.3110000,30.7159000,-45.5540000,-10.6150000,10.1150000,0.000000,0,0,0
25.300,-0.1011000,0.0006000,9.6696000,32.8751000,31.3263000,30.7159000,-45.7820000,-10.9510000,9.9110000,0.000000,0,0,0
25.310,-0.1023000,0.0006000,9.6732000,32.8751000,31.3416000,30.7159000,-45.6880000,-10.5560000,9.9580000,0.000000,0,0,0
25.320,-0.1035000,-0.0006000,9.6744000,32.8674000,31.3644000,30.7236000,-45.7050000,-10.5870000,10.1340000,0.000000,0,0,0
25.330,-0.1059000,-0.0006000,9.6732000,32.8598000,31.3873000,30.7236000,-45.7670000,-10.3320000,10.1840000,0.000000,0,0,0
25.340,-0.1059000,0.0006000,9.6720000,32.8598000,31.4026000,30.7159000,-45.6190000,-10.7870000,10.3830000,0.000000,0,0,0
25.350,-0.1071000,0.0030000,9.6720000,32.8674000,31.4026000,30.7007000,-45.3480000,-10.7300000,10.0530000,0.000000,0,0,0
25.360,-0.1059000,0.0054000,9.6708000,32.8674000,31.4102000,30.6854000,-45.6330000,-10.8010000,10.2390000,0.000000,0,0,0
25.370,-0.1059000,0.0054000,9.6732000,32.8674000,31.4178000,30.6702000,-45.5370000,-10.4320000,9.6720000,0.000000,0,0,0
25.380,-0.1059000,0.0054000,9.6768000,32.8674000,31.4331000,30.6625000,-45.6050000,-10.4280000,10.3260000,0.000000,0,0,0
25.390,-0.1071000,0.0042000,9.6792000,32.8674000,31.4484000,30.6549000,-45.7210000,-10.6180000,10.5280000,0.000000,0,0,0
25.400,-0.1071000,0.0030000,9.6780000,32.8751000,31.4484000,30.6168000,-45.7610000,-10.6210000,10.3510000,0.000000,0,0,0
25.410,-0.1047000,0.0066000,9.6744000,32.8751000,31.4178000,30.4947000,-46.0930000,-10.4370000,10.5380000,0.000000,0,0,0
25.420,-0.1047000,0.0054000,9.6708000,32.8751000,31.3873000,30.3116000,-46.1780000,-10.7960000,10.2280000,0.000000,0,0,0
25.430,-0.0999000,0.0030000,9.6696000,32.8674000,31.3644000,30.1437000,-45.7010000,-10.5610000,9.0710000,0.000000,0,0,0
25.440,-0.0975000,0.0018000,9.6696000,32.8674000,31.3492000,29.9377000,-46.1950000,-10.5840000,10.4310000,0.000000,0,0,0
25.450,-0.1023000,0.0006000,9.6708000,32.8674000,31.3263000,29.8004000,-45.8140000,-10.6890000,9.9590000,0.000000,0,0,0
25.460,-0.1083000,-0.0006000,9.6720000,32.8598000,31.3110000,29.7470000,-46.1340000,-10.4420000,9.3930000,0.000000,0,0,0
25.470,-0.1130000,-0.0006000,9.6744000,32.8598000,31.3034000,29.7928000,-46.0640000,-10.6170000,9.5860000,0.000000,0,0,0
25.480,-0.1166000,-0.0018000,9.6744000,32.8598000,31.3034000,29.9225000,-46.3080000,-10.6230000,10.6060000,0.000000,0,0,0
25.490,-0.1190000,-0.0018000,9.6732000,32.8674000,31.3034000,30.0903000,-45.8870000,-10.6120000,9.8780000,0.000000,0,0,0
25.500,-0.1178000,-0.0018000,9.6732000,32.8751000,31.2958000,30.2734000,-45.6060000,-10.7650000,10.0190000,0.000000,0,0,0
25.510,-0.1154000,-0.0006000,9.6744000,32.8751000,31.2958000,30.4337000,-45.5970000,-10.5060000,9.7000000,0.000000,0,0,0
25.520,-0.1119000,-0.0006000,9.6768000,32.8674000,31.3034000,30.5634000,-45.9990000,-10.7380000,9.9660000,0.000000,0,0,0
25.530,-0.1083000,-0.0018000,9.6756000,32.8674000,31.3110000,30.6473000,-46.0190000,-10.6940000,9.6590000,0.000000,0,0,0
25.540,-0.1083000,-0.0018000,9.6744000,32.8674000,31.2958000,30.7083000,-45.8970000,-10.5360000,10.1860000,0.000000,0,0,0
25.550,-0.1083000,-0.0006000,9.6744000,32.8598000,31.2881000,30.7465000,-45.8470000,-10.5350000,10.2210000,0.000000,0,0,0
25.560,-0.1095000,-0.0006000,9.6744000,32.8674000,31.2653000,30.7617000,-45.9330000,-10.8080000,10.1480000,0.000000,0,0,0
25.570,-0.1107000,-0.0006000,9.6708000,32.8751000,31.2576000,30.7617000,-45.9370000,-10.3810000,9.0930000,0.000000,0,0,0
25.580,-0.1107000,-0.0018000,9.6696000,32.8827000,31.2729000,30.7541000,-46.2940000,-10.4730000,9.3890000,0.000000,0,0,0
25.590,-0.1107000,-0.0018000,9.6696000,32.8903000,31.3034000,30.7388000,-45.8480000,-10.4720000,9.7410000,0.000000,0,0,0
25.600,-0.1095000,-0.0030000,9.6708000,32.8903000,31.3263000,30.7236000,-45.8500000,-10.6090000,9.9480000,0.000000,0,0,0
25.610,-0.1095000,-0.0030000,9.6708000,32.8827000,31.3416000,30.7159000,-45.7210000,-10.3930000,9.3000000,0.000000,0,0,0
25.620,-0.1083000,-0.0006000,9.6708000,32.8751000,31.3492000,30.7159000,-45.6050000,-10.8020000,9.6510000,0.000000,0,0,0
25.630,-0.1083000,0.0006000,9.6708000,32.8674000,31.3416000,30.7159000,-45.5510000,-10.4530000,9.6930000,0.000000,0,0,0
25.640,-0.1107000,0.0030000,9.6756000,32.8674000,31.2958000,30.7159000,-45.6270000,-10.8240000,9.2730000,0.000000,0,0,0
25.650,-0.1107000,0.0030000,9.6768000,32.8751000,31.2500000,30.7159000,-45.3620000,-10.4720000,8.7190000,0.000000,0,0,0
25.660,-0.1083000,0.0018000,9.6708000,32.8827000,31.2271000,30.7159000,-45.7820000,-10.8080000,9.6120000,0.000000,0,0,0
25.670,-0.1035000,0.0006000,9.6660000,32.8827000,31.2424000,30.7236000,-45.5820000,-10.6280000,10.1840000,0.000000,0,0,0
25.680,-0.1023000,-0.0030000,9.6660000,32.8751000,31.2881000,30.7465000,-45.7440000,-10.7690000,9.6620000,0.000000,0,0,0
25.690,-0.1047000,-0.0042000,9.6708000,32.8751000,31.3110000,30.7617000,-45.8040000,-10.3490000,9.7450000,0.000000,0,0,0
25.700,-0.1083000,-0.0042000,9.6708000,32.8751000,31.3034000,30.7693000,-45.8340000,-10.7730000,9.7500000,0.000000,0,0,0
25.710,-0.1107000,-0.0042000,9.6684000,32.8751000,31.2958000,30.7617000,-45.8790000,-10.4880000,9.6830000,0.000000,0,0,0
25.720,-0.1142000,-0.0042000,9.6696000,32.8751000,31.3110000,30.7693000,-45.6130000,-10.5800000,10.1700000,0.000000,0,0,0
25.730,-0.1250000,-0.0054000,9.6744000,32.8903000,31.3416000,30.8533000,-45.6470000,-10.4990000,9.0230000,0.000000,0,0,0
25.740,-0.1418000,-0.0054000,9.6804000,32.9056000,31.3339000,30.9906000,-45.9660000,-10.7040000,10.0760000,0.000000,0,0,0
25.750,-0.1860000,-0.0018000,9.6756000,32.9208000,31.2729000,31.0287000,-45.9780000,-10.5020000,10.6300000,0.000000,0,0,0
25.760,-0.2626000,0.0030000,9.6612000,32.9285000,31.2195000,30.8380000,-45.9730000,-10.5030000,10.0940000,0.000000,0,0,0
25.770,-0.3738000,0.0090000,9.6600000,32.9285000,31.1813000,30.3955000,-45.8500000,-10.5960000,9.7490000,0.000000,0,0,0
25.780,-0.4923000,0.0078000,9.6756000,32.9208000,31.1661000,29.7012000,-45.6920000,-10.7680000,10.2540000,0.000000,0,0,0
25.790,-0.5952000,-0.0054000,9.6828000,32.9208000,31.1890000,29.0985000,-45.6360000,-10.4100000,10.1360000,0.000000,0,0,0
25.800,-0.6789000,-0.0281000,9.6744000,32.9056000,31.2119000,28.8773000,-45.8980000,-10.8960000,10.2670000,0.000000,0,0,0
25.810,-0.7315000,-0.0544000,9.6684000,32.9056000,31.2347000,29.1901000,-46.1810000,-10.7200000,10.2060000,0.000000,0,0,0
25.820,-0.7208000,-0.0748000,9.6780000,32.8979000,31.2500000,30.5176000,-45.8940000,-10.5830000,9.9550000,0.000000,0,0,0
25.830,-0.6837000,-0.0688000,9.6780000,32.9056000,31.2500000,31.5933000,-45.7590000,-10.6410000,10.0960000,0.000000,0,0,0
25.840,-0.6203000,-0.0496000,9.6708000,32.8979000,31.2500000,32.5317000,-45.9630000,-10.9250000,10.3740000,0.000000,0,0,0
25.850,-0.5437000,-0.0257000,9.6684000,32.8979000,31.2347000,33.2794000,-45.8840000,-10.7950000,10.0190000,0.000000,0,0,0
25.860,-0.4683000,-0.0054000,9.6744000,32.9056000,31.2195000,33.7601000,-45.8530000,-10.9360000,10.6230000,0.000000,0,0,0
25.870,-0.4229000,0.0054000,9.6780000,32.9056000,31.2119000,33.9355000,-45.8700000,-10.8020000,10.2810000,0.000000,0,0,0
25.880,-0.4193000,0.0102000,9.6732000,32.8827000,31.1966000,33.8211000,-45.8620000,-11.1890000,10.4900000,0.000000,0,0,0
25.890,-0.4325000,0.0090000,9.6696000,32.8751000,31.1661000,33.3939000,-45.7690000,-11.0530000,10.5680000,0.000000,0,0,0
25.900,-0.4396000,0.0030000,9.6708000,32.8751000,31.1432000,32.8140000,-46.0730000,-10.8480000,10.3760000,0.000000,0,0,0
25.910,-0.4217000,-0.0030000,9.6720000,32.8751000,31.1203000,32.2495000,-46.0240000,-11.0010000,10.3640000,0.000000,0,0,0
25.920,-0.4265000,-0.0054000,9.6684000,32.8674000,31.0822000,31.9366000,-46.0570000,-11.2640000,10.7950000,0.000000,0,0,0
25.930,-0.4636000,-0.0078000,9.6660000,32.8674000,31.0364000,31.8680000,-45.7790000,-11.1420000,9.7380000,0.000000,0,0,0
25.940,-0.5114000,-0.0102000,9.6708000,32.8674000,31.0059000,31.8756000,-45.9900000,-11.1680000,10.2580000,0.000000,0,0,0
25.950,-0.5509000,-0.0185000,9.6780000,32.8674000,31.0059000,31.7001000,-45.8750000,-11.3820000,10.4380000,0.000000,0,0,0
25.960,-0.5724000,-0.0245000,9.6780000,32.8598000,31.0364000,31.1050000,-46.0770000,-11.5850000,11.1060000,0.000000,0,0,0
25.970,-0.5964000,-0.0269000,9.6732000,32.8293000,31.0745000,30.0064000,-45.9750000,-11.0950000,10.5130000,0.000000,0,0,0
25.980,-0.6155000,-0.0329000,9.6732000,32.8064000,31.1279000,28.4348000,-46.0940000,-11.5800000,10.3050000,0.000000,0,0,0
25.990,-0.6322000,-0.0437000,9.6744000,32.7759000,31.1737000,26.8021000,-46.1150000,-11.1000000,10.2020000,0.000000,0,0,0
26.000,-0.6538000,-0.0580000,9.6720000,32.7530000,31.1966000,25.4822000,-46.4600000,-11.5830000,10.5310000,0.000000,0,0,0
26.010,-0.6526000,-0.0676000,9.6672000,32.7454000,31.2042000,24.6124000,-46.1030000,-11.3020000,10.6670000,0.000000,0,0,0
26.020,-0.6167000,-0.0736000,9.6684000,32.7377000,31.1966000,24.2462000,-46.0480000,-11.6700000,10.6930000,0.000000,0,0,0
26.030,-0.5593000,-0.0748000,9.6732000,32.7759000,31.1966000,24.1547000,-46.0700000,-11.6780000,9.8900000,0.000000,0,0,0
26.040,-0.5042000,-0.0724000,9.6732000,32.8140000,31.2042000,24.1394000,-46.4760000,-11.8350000,10.3210000,0.000000,0,0,0
26.050,-0.4612000,-0.0628000,9.6708000,32.8445000,31.2347000,24.1089000,-46.0600000,-11.8550000,10.7240000,0.000000,0,0,0
26.060,-0.4073000,-0.0508000,9.6696000,32.8827000,31.2500000,24.0936000,-46.2820000,-11.7630000,11.6850000,0.000000,0,0,0
26.070,-0.3703000,-0.0425000,9.6708000,32.8598000,31.2729000,24.1547000,-46.2040000,-12.0150000,11.0730000,0.000000,0,0,0
26.080,-0.3798000,-0.0389000,9.6720000,32.8140000,31.2958000,24.2767000,-46.1100000,-12.0850000,11.1550000,0.000000,0,0,0
26.090,-0.4624000,-0.0401000,9.6732000,32.8140000,31.3110000,24.3835000,-46.0310000,-12.2290000,10.6000000,0.000000,0,0,0
26.100,-0.5748000,-0.0449000,9.6744000,32.8140000,31.3263000,24.3378000,-46.1560000,-12.4040000,12.0310000,0.000000,0,0,0
26.110,-0.6885000,-0.0556000,9.6756000,32.7988000,31.3721000,24.1013000,-46.1460000,-11.8700000,11.4410000,0.000000,0,0,0
26.120,-0.7626000,-0.0556000,9.6744000,32.8217000,31.4255000,23.8113000,-46.1500000,-12.3480000,12.2490000,0.000000,0,0,0
26.130,-0.7602000,-0.0473000,9.6732000,32.8598000,31.4484000,23.8647000,-46.1350000,-12.2250000,11.7330000,0.000000,0,0,0
26.140,-0.6813000,-0.0305000,9.6708000,32.8369000,31.4713000,24.5667000,-46.1260000,-12.8120000,11.5850000,0.000000,0,0,0
26.150,-0.5808000,0.0006000,9.6720000,32.8140000,31.4941000,25.6577000,-46.1110000,-12.4670000,11.3580000,0.000000,0,0,0
26.160,-0.5018000,0.0233000,9.6744000,32.7911000,31.5170000,26.5579000,-45.6690000,-12.7710000,11.5580000,0.000000,0,0,0
26.170,-0.4827000,0.0245000,9.6744000,32.7759000,31.5247000,26.8478000,-45.7180000,-12.6690000,12.1230000,0.000000,0,0,0
26.180,-0.5090000,0.0078000,9.6756000,32.7759000,31.5323000,26.4435000,-45.9200000,-12.8640000,11.8710000,0.000000,0,0,0
26.190,-0.5664000,-0.0078000,9.6768000,32.7835000,31.5399000,25.4974000,-45.4020000,-12.6810000,11.8010000,0.000000,0,0,0
26.200,-0.6251000,-0.0150000,9.6768000,32.7759000,31.5399000,24.1089000,-45.5420000,-13.3680000,11.6170000,0.000000,0,0,0
26.210,-0.6298000,-0.0054000,9.6744000,32.7301000,31.5323000,22.4533000,-45.2100000,-13.0780000,12.0070000,0.000000,0,0,0
26.220,-0.5856000,0.0173000,9.6696000,32.6462000,31.5247000,20.8588000,-45.3780000,-13.2690000,12.2810000,0.000000,0,0,0
26.230,-0.5078000,0.0353000,9.6684000,32.6080000,31.5018000,19.6228000,-44.7890000,-13.0140000,11.9620000,0.000000,0,0,0
26.240,-0.4480000,0.0496000,9.6696000,32.6080000,31.4636000,18.7454000,-45.0350000,-13.2680000,12.6820000,0.000000,0,0,0
26.250,-0.4492000,0.0568000,9.6708000,32.6309000,31.4407000,18.1046000,-44.7440000,-13.4280000,12.6840000,0.000000,0,0,0
26.260,-0.5210000,0.0484000,9.6708000,32.6996000,31.4407000,17.7231000,-45.0870000,-13.3480000,12.6080000,0.000000,0,0,0
26.270,-0.6251000,0.0365000,9.6744000,32.7530000,31.4178000,17.3798000,-44.4420000,-13.2690000,13.0900000,0.000000,0,0,0
26.280,-0.7459000,-0.0018000,9.6792000,32.8140000,31.4178000,17.1280000,-44.4550000,-13.7060000,13.1130000,0.000000,0,0,0
26.290,-0.8512000,-0.0508000,9.6804000,32.8140000,31.4331000,17.0898000,-44.5870000,-13.6660000,13.0380000,0.000000,0,0,0
26.300,-0.9205000,-0.0915000,9.6792000,32.8217000,31.4636000,17.2806000,-44.5290000,-13.7730000,13.4910000,0.000000,0,0,0
26.310,-0.9385000,-0.1130000,9.6780000,32.8064000,31.5094000,17.9214000,-44.0930000,-13.6650000,13.0020000,0.000000,0,0,0
26.320,-0.9014000,-0.0939000,9.6768000,32.8369000,31.5399000,19.1498000,-44.0590000,-14.1270000,13.0320000,0.000000,0,0,0
26.330,-0.8404000,-0.0544000,9.6768000,32.9056000,31.5628000,20.9732000,-43.5560000,-13.7360000,13.4080000,0.000000,0,0,0
26.340,-0.7650000,-0.0114000,9.6792000,32.9132000,31.5781000,22.9950000,-43.3580000,-14.1700000,13.3620000,0.000000,0,0,0
26.350,-0.7028000,0.0173000,9.6792000,32.9208000,31.6010000,24.5895000,-43.3890000,-13.9430000,13.3460000,0.000000,0,0,0
26.360,-0.6645000,0.0245000,9.6780000,32.8979000,31.6238000,25.5661000,-43.0700000,-14.2190000,13.6230000,0.000000,0,0,0
26.370,-0.6801000,0.0030000,9.6780000,32.8369000,31.6696000,25.9323000,-42.7890000,-14.1370000,13.0330000,0.000000,0,0,0
26.380,-0.7088000,-0.0257000,9.6792000,32.7682000,31.7383000,25.9171000,-42.7100000,-14.4310000,13.0270000,0.000000,0,0,0
26.390,-0.7172000,-0.0317000,9.6792000,32.7148000,31.7764000,25.7492000,-42.4000000,-14.5580000,13.4850000,0.000000,0,0,0
26.400,-0.6729000,0.0209000,9.6756000,32.6996000,31.7383000,25.4364000,-42.6820000,-14.7480000,13.3880000,0.000000,0,0,0
26.410,-0.5724000,0.0939000,9.6696000,32.6767000,31.6467000,25.1007000,-41.9340000,-14.7510000,13.0280000,0.000000,0,0,0
26.420,-0.4384000,0.1717000,9.6684000,32.6309000,31.5399000,25.0320000,-42.0060000,-14.5940000,13.7560000,0.000000,0,0,0
26.430,-0.2638000,0.2745000,9.6672000,32.6920000,31.3034000,25.3143000,-41.9130000,-14.1970000,13.7320000,0.000000,0,0,0
26.440,-0.2327000,0.3068000,9.6696000,32.7454000,31.0516000,25.5966000,-41.6810000,-14.6760000,13.3080000,0.000000,0,0,0
26.450,-0.2638000,0.2949000,9.6696000,32.7911000,30.8075000,25.8408000,-41.5290000,-14.5730000,13.4800000,0.000000,0,0,0
26.460,-0.3475000,0.2387000,9.6648000,32.7377000,30.5786000,26.3519000,-41.5570000,-14.7530000,13.2540000,0.000000,0,0,0
26.470,-0.4695000,0.1896000,9.6648000,32.6767000,30.4184000,27.0920000,-40.9170000,-14.3980000,13.5650000,0.000000,0,0,0
26.480,-0.5952000,0.1489000,9.6696000,32.6462000,30.3345000,27.8244000,-40.7400000,-14.2780000,13.1110000,0.000000,0,0,0
26.490,-0.6286000,0.1095000,9.6744000,32.6691000,30.3116000,28.4805000,-40.3480000,-14.3500000,14.3390000,0.000000,0,0,0
26.500,-0.5844000,0.0999000,9.6768000,32.6614000,30.3574000,29.0756000,-40.7760000,-14.7020000,13.5530000,0.000000,0,0,0
26.510,-0.4803000,0.1262000,9.6756000,32.6309000,30.4108000,29.6173000,-39.8430000,-14.5320000,13.1550000,0.000000,0,0,0
26.520,-0.3475000,0.1717000,9.6756000,32.6233000,30.4871000,30.1743000,-39.9260000,-14.6380000,13.5960000,0.000000,0,0,0
26.530,-0.2243000,0.2255000,9.6804000,32.6920000,30.5786000,30.7770000,-39.6330000,-14.5230000,13.5710000,0.000000,0,0,0
26.540,-0.1585000,0.2769000,9.6852000,32.7530000,30.6625000,31.2119000,-39.6930000,-14.5970000,13.7160000,0.000000,0,0,0
26.550,-0.1836000,0.2793000,9.6864000,32.8140000,30.7999000,31.3644000,-39.2870000,-14.3840000,14.0660000,0.000000,0,0,0
26.560,-0.2602000,0.2339000,9.6852000,32.9132000,30.9448000,31.3644000,-39.2980000,-14.4740000,14.1050000,0.000000,0,0,0
26.570,-0.2937000,0.1705000,9.6828000,32.9742000,31.0898000,31.3110000,-38.7580000,-14.2540000,14.1260000,0.000000,0,0,0
26.580,-0.2470000,0.1250000,9.6828000,33.0048000,31.2195000,31.2347000,-38.4930000,-14.3610000,14.1800000,0.000000,0,0,0
26.590,-0.1370000,0.1262000,9.6804000,32.9819000,31.3492000,31.1356000,-38.2320000,-14.2570000,13.7620000,0.000000,0,0,0
26.600,-0.0185000,0.1765000,9.6732000,32.9361000,31.4178000,30.9982000,-38.1100000,-14.6670000,14.3830000,0.000000,0,0,0
26.610,0.0592000,0.2494000,9.6696000,32.8827000,31.4026000,30.8304000,-37.6450000,-14.1140000,14.4640000,0.000000,0,0,0
26.620,0.0449000,0.2949000,9.6720000,32.7606000,31.3568000,30.6091000,-37.4320000,-14.3950000,13.9910000,0.000000,0,0,0
26.630,-0.0532000,0.2734000,9.6780000,32.7148000,31.3110000,30.1819000,-37.1740000,-14.1510000,13.8580000,0.000000,0,0,0
26.640,-0.1477000,0.1848000,9.6768000,32.7072000,31.2653000,29.7165000,-37.0360000,-14.5290000,13.4350000,0.000000,0,0,0
26.650,-0.1501000,0.0879000,9.6768000,32.6691000,31.1890000,29.6783000,-36.5880000,-13.8200000,13.6130000,0.000000,0,0,0
26.660,-0.0592000,0.0544000,9.6768000,32.6309000,31.1127000,29.8767000,-36.7270000,-13.8880000,13.4590000,0.000000,0,0,0
26.670,0.0461000,0.0831000,9.6744000,32.6462000,31.0516000,29.8767000,-36.1630000,-13.8250000,12.9560000,0.000000,0,0,0
26.680,0.1358000,0.1286000,9.6660000,32.6920000,31.0135000,29.4189000,-35.9810000,-13.6780000,13.1490000,0.000000,0,0,0
26.690,0.2375000,0.1513000,9.6624000,32.7454000,31.0287000,28.6865000,-35.6700000,-13.3580000,13.3580000,0.000000,0,0,0
26.700,0.3164000,0.1597000,9.6672000,32.8827000,31.0364000,27.8091000,-35.4660000,-13.2750000,12.8810000,0.000000,0,0,0
26.710,0.3523000,0.1537000,9.6708000,32.9361000,31.0364000,26.8784000,-34.9090000,-13.1250000,13.2270000,0.000000,0,0,0
26.720,0.3080000,0.1394000,9.6720000,32.9208000,31.0516000,25.9476000,-35.2340000,-12.9770000,13.3270000,0.000000,0,0,0
26.730,0.2422000,0.1130000,9.6732000,32.8140000,31.0669000,25.0397000,-34.7220000,-12.7000000,12.8230000,0.000000,0,0,0
26.740,0.1800000,0.0807000,9.6768000,32.7759000,31.0898000,24.3988000,-34.7260000,-12.3160000,12.9290000,0.000000,0,0,0
26.750,0.1202000,0.0532000,9.6792000,32.7606000,31.1508000,24.0707000,-34.3510000,-12.6150000,12.2110000,0.000000,0,0,0
26.760,0.1442000,0.0150000,9.6756000,32.7530000,31.2195000,24.0555000,-34.5000000,-12.2120000,12.2790000,0.000000,0,0,0
26.770,0.2243000,-0.0006000,9.6708000,32.7835000,31.2500000,24.2691000,-34.2700000,-12.0010000,11.6780000,0.000000,0,0,0
26.780,0.3296000,0.0054000,9.6696000,32.8217000,31.2576000,24.2996000,-34.2140000,-11.8010000,11.5420000,0.000000,0,0,0
26.790,0.4145000,-0.0030000,9.6708000,32.8217000,31.2576000,24.0936000,-33.9510000,-11.5160000,11.5650000,0.000000,0,0,0
26.800,0.4456000,-0.0293000,9.6708000,32.8522000,31.2653000,23.8113000,-34.2020000,-11.3020000,11.1610000,0.000000,0,0,0
26.810,0.4121000,-0.0736000,9.6708000,32.8751000,31.2424000,23.9792000,-33.9310000,-10.9930000,10.4200000,0.000000,0,0,0
26.820,0.3236000,-0.0987000,9.6720000,32.9056000,31.2271000,24.6735000,-33.9210000,-10.5380000,10.5170000,0.000000,0,0,0
26.830,0.2422000,-0.1130000,9.6756000,32.8903000,31.2347000,25.4898000,-33.5550000,-10.2280000,10.5290000,0.000000,0,0,0
26.840,0.1896000,-0.1262000,9.6756000,32.8293000,31.2729000,26.3443000,-33.8270000,-10.2210000,11.0420000,0.000000,0,0,0
26.850,0.1597000,-0.1226000,9.6732000,32.7606000,31.3416000,27.1454000,-33.2450000,-9.7500000,10.4250000,0.000000,0,0,0
26.860,0.1549000,-0.1142000,9.6732000,32.7606000,31.4102000,27.9160000,-33.8090000,-9.8140000,10.5890000,0.000000,0,0,0
26.870,0.1956000,-0.1083000,9.6756000,32.8140000,31.4484000,28.6865000,-33.6700000,-9.3720000,10.2230000,0.000000,0,0,0
26.880,0.2494000,-0.0963000,9.6756000,32.8293000,31.4407000,29.3503000,-33.7890000,-9.1980000,10.0660000,0.000000,0,0,0
26.890,0.3116000,-0.0879000,9.6744000,32.8445000,31.3950000,29.7852000,-33.8700000,-8.9350000,9.6120000,0.000000,0,0,0
26.900,0.3463000,-0.0736000,9.6708000,32.8827000,31.3187000,29.9149000,-33.9470000,-8.5020000,9.3810000,0.000000,0,0,0
26.910,0.3667000,-0.0473000,9.6684000,32.8751000,31.2653000,29.6783000,-33.8590000,-7.8610000,9.2980000,0.000000,0,0,0
26.920,0.4037000,-0.0138000,9.6684000,32.8598000,31.2195000,29.2435000,-34.2190000,-8.1000000,8.9820000,0.000000,0,0,0
26.930,0.4719000,0.0221000,9.6684000,32.8445000,31.1737000,28.8010000,-33.9030000,-8.0200000,9.1510000,0.000000,0,0,0
26.940,0.5736000,0.0401000,9.6708000,32.8140000,31.1203000,28.4348000,-34.3940000,-7.6010000,9.2230000,0.000000,0,0,0
26.950,0.6263000,0.0425000,9.6696000,32.8140000,31.0974000,28.1219000,-34.5230000,-7.4500000,8.6390000,0.000000,0,0,0
26.960,0.6358000,0.0257000,9.6672000,32.8140000,31.1127000,27.6489000,-34.4730000,-7.2920000,8.9470000,0.000000,0,0,0
26.970,0.6490000,0.0018000,9.6672000,32.7911000,31.1661000,26.9928000,-34.5790000,-7.3770000,8.6470000,0.000000,0,0,0
26.980,0.7196000,-0.0221000,9.6732000,32.7835000,31.2271000,26.0162000,-35.0770000,-6.9580000,8.3080000,0.000000,0,0,0
26.990,0.8320000,-0.0353000,9.6756000,32.7988000,31.2958000,24.7345000,-34.8340000,-6.7710000,7.7980000,0.000000,0,0,0
27.000,0.9301000,-0.0245000,9.6720000,32.8140000,31.3721000,23.3994000,-35.4240000,-6.9900000,7.5140000,0.000000,0,0,0
27.010,0.9875000,-0.0006000,9.6660000,32.8140000,31.4102000,22.3160000,-35.1320000,-6.3940000,7.0600000,0.000000,0,0,0
27.020,1.0079000,0.0209000,9.6660000,32.7988000,31.4255000,21.5530000,-35.3110000,-5.9930000,7.9800000,0.000000,0,0,0
27.030,0.9875000,0.0353000,9.6684000,32.7911000,31.4255000,21.1792000,-35.1820000,-6.1650000,7.5750000,0.000000,0,0,0
27.040,0.9253000,0.0353000,9.6684000,32.7835000,31.4407000,21.3013000,-35.6870000,-6.0400000,7.1590000,0.000000,0,0,0
27.050,0.8715000,0.0269000,9.6660000,32.7835000,31.4484000,21.8506000,-35.6470000,-5.6980000,7.8040000,0.000000,0,0,0
27.060,0.8595000,0.0114000,9.6660000,32.7835000,31.4407000,22.6669000,-35.7290000,-5.7030000,7.2540000,0.000000,0,0,0
27.070,0.8213000,-0.0173000,9.6672000,32.7911000,31.4331000,23.6206000,-35.8250000,-5.5330000,7.2870000,0.000000,0,0,0
27.080,0.7375000,-0.0556000,9.6672000,32.7911000,31.4255000,24.7421000,-36.1860000,-5.7660000,6.7410000,0.000000,0,0,0
27.090,0.5569000,-0.0951000,9.6672000,32.7835000,31.4484000,27.1072000,-36.3300000,-5.6510000,6.2120000,0.000000,0,0,0
27.100,0.4600000,-0.1035000,9.6720000,32.7911000,31.4636000,29.1443000,-36.2050000,-5.5480000,6.6510000,0.000000,0,0,0
27.110,0.4037000,-0.1083000,9.6756000,32.8064000,31.4865000,31.2347000,-36.1340000,-5.6130000,6.9730000,0.000000,0,0,0
27.120,0.3703000,-0.1107000,9.6720000,32.8140000,31.4941000,33.0811000,-36.3660000,-5.6390000,6.4330000,0.000000,0,0,0
27.130,0.3631000,-0.1095000,9.6684000,32.8217000,31.4941000,34.4238000,-36.2220000,-5.1990000,6.8270000,0.000000,0,0,0
27.140,0.3978000,-0.0963000,9.6672000,32.8217000,31.5018000,34.9579000,-36.2060000,-5.6350000,6.6780000,0.000000,0,0,0
27.150,0.4624000,-0.0772000,9.6696000,32.8293000,31.5018000,34.4391000,-36.6090000,-5.4940000,6.1200000,0.000000,0,0,0
27.160,0.5126000,-0.0580000,9.6708000,32.8293000,31.5018000,33.1879000,-36.6660000,-5.5520000,6.8330000,0.000000,0,0,0
27.170,0.5018000,-0.0353000,9.6708000,32.8140000,31.4865000,31.7993000,-36.3260000,-5.3460000,6.1980000,0.000000,0,0,0
27.180,0.4349000,0.0018000,9.6732000,32.8140000,31.4789000,30.5252000,-36.6010000,-5.4570000,6.1530000,0.000000,0,0,0
27.190,0.3774000,0.0317000,9.6756000,32.8217000,31.4713000,29.4876000,-36.9050000,-5.4020000,6.8760000,0.000000,0,0,0
27.200,0.3703000,0.0484000,9.6756000,32.8445000,31.4713000,28.7018000,-36.8340000,-5.4180000,6.7570000,0.000000,0,0,0
27.210,0.3703000,0.0520000,9.6720000,32.8674000,31.4713000,28.0991000,-37.1480000,-5.3530000,6.4490000,0.000000,0,0,0
27.220,0.3499000,0.0425000,9.6684000,32.8674000,31.4636000,27.5497000,-37.1880000,-5.3280000,6.3650000,0.000000,0,0,0
27.230,0.2997000,0.0209000,9.6684000,32.8598000,31.4484000,27.0538000,-36.8950000,-5.0770000,6.2820000,0.000000,0,0,0
27.240,0.2183000,-0.0138000,9.6720000,32.8598000,31.4255000,26.7792000,-37.3790000,-5.0540000,6.8350000,0.000000,0,0,0
27.250,0.1059000,-0.0473000,9.6732000,32.8598000,31.4026000,26.8555000,-36.9690000,-5.3030000,5.8610000,0.000000,0,0,0
27.260,-0.0042000,-0.0796000,9.6732000,32.8522000,31.3797000,27.2675000,-37.2500000,-5.0450000,5.8650000,0.000000,0,0,0
27.270,-0.0748000,-0.1035000,9.6732000,32.8445000,31.3644000,27.9694000,-37.3330000,-5.2220000,6.2080000,0.000000,0,0,0
27.280,-0.0915000,-0.1130000,9.6732000,32.8445000,31.3568000,28.7933000,-37.3380000,-5.3930000,5.3020000,0.000000,0,0,0
27.290,-0.0544000,-0.1130000,9.6720000,32.8522000,31.3416000,29.5029000,-37.2570000,-5.0950000,5.1800000,0.000000,0,0,0
27.300,0.0054000,-0.1083000,9.6684000,32.8598000,31.3110000,29.9149000,-37.5850000,-4.5560000,5.4920000,0.000000,0,0,0
27.310,0.0437000,-0.0963000,9.6672000,32.8522000,31.2729000,30.0522000,-37.6730000,-5.1700000,5.1110000,0.000000,0,0,0
27.320,0.0508000,-0.0879000,9.6696000,32.8522000,31.2424000,30.1361000,-37.5760000,-5.2220000,5.3540000,0.000000,0,0,0
27.330,0.0257000,-0.0772000,9.6708000,32.8522000,31.2271000,30.4413000,-37.6930000,-5.0320000,5.5510000,0.000000,0,0,0
27.340,-0.0030000,-0.0616000,9.6696000,32.8598000,31.2271000,31.0974000,-38.1390000,-5.0920000,5.8410000,0.000000,0,0,0
27.350,-0.0066000,-0.0449000,9.6696000,32.8674000,31.2500000,31.9443000,-37.8470000,-5.1140000,5.7240000,0.000000,0,0,0
27.360,0.0185000,-0.0305000,9.6732000,32.8751000,31.2653000,32.7911000,-37.8870000,-5.1540000,5.5720000,0.000000,0,0,0
27.370,0.0652000,-0.0197000,9.6768000,32.8827000,31.2958000,33.4167000,-38.0280000,-5.1460000,5.4490000,0.000000,0,0,0
27.380,0.1214000,-0.0138000,9.6768000,32.8827000,31.3263000,33.6685000,-38.2310000,-4.9690000,5.0150000,0.000000,0,0,0
27.390,0.1729000,-0.0150000,9.6780000,32.8903000,31.3492000,33.6075000,-38.0090000,-5.0540000,4.9200000,0.000000,0,0,0
27.400,0.2111000,-0.0209000,9.6780000,32.8903000,31.3568000,33.3405000,-38.0680000,-5.0410000,5.7470000,0.000000,0,0,0
27.410,0.2375000,-0.0257000,9.6780000,32.8827000,31.3644000,32.9590000,-37.6240000,-5.1710000,5.0480000,0.000000,0,0,0
27.420,0.2482000,-0.0233000,9.6756000,32.8751000,31.3568000,32.4631000,-38.1620000,-5.0420000,5.5980000,0.000000,0,0,0
27.430,0.2590000,-0.0185000,9.6732000,32.8751000,31.3568000,31.9519000,-38.3500000,-5.0800000,4.9630000,0.000000,0,0,0
27.440,0.2626000,-0.0114000,9.6708000,32.8827000,31.3568000,31.4178000,-38.4270000,-4.8920000,5.4060000,0.000000,0,0,0
27.450,0.2542000,-0.0090000,9.6708000,32.8751000,31.3568000,30.8380000,-38.0130000,-4.8690000,6.0070000,0.000000,0,0,0
27.460,0.2291000,-0.0126000,9.6708000,32.8674000,31.3568000,30.3116000,-38.2330000,-5.1420000,4.8130000,0.000000,0,0,0
27.470,0.2004000,-0.0173000,9.6708000,32.8598000,31.3568000,29.9835000,-38.3890000,-5.0260000,5.8130000,0.000000,0,0,0
27.480,0.1729000,-0.0245000,9.6720000,32.8598000,31.3416000,29.8615000,-38.4090000,-5.0100000,5.4700000,0.000000,0,0,0
27.490,0.1693000,-0.0353000,9.6744000,32.8598000,31.3263000,29.8996000,-38.5290000,-5.6550000,5.6900000,0.000000,0,0,0
27.500,0.1884000,-0.0449000,9.6732000,32.8674000,31.3110000,30.0140000,-38.4000000,-5.2320000,5.3740000,0.000000,0,0,0
27.510,0.2052000,-0.0520000,9.6696000,32.8751000,31.3034000,30.1666000,-38.5190000,-5.0990000,4.5620000,0.000000,0,0,0
27.520,0.2088000,-0.0532000,9.6684000,32.8751000,31.2958000,30.3345000,-38.3720000,-4.9810000,4.7010000,0.000000,0,0,0
27.530,0.1944000,-0.0496000,9.6708000,32.8827000,31.2958000,30.5023000,-38.5720000,-5.0100000,4.7060000,0.000000,0,0,0
27.540,0.1430000,-0.0401000,9.6708000,32.8827000,31.3110000,30.6244000,-38.4000000,-5.1310000,4.8860000,0.000000,0,0,0
27.550,0.0772000,-0.0293000,9.6696000,32.8751000,31.3339000,30.7083000,-38.4370000,-5.1820000,5.4470000,0.000000,0,0,0
27.560,0.0150000,-0.0209000,9.6708000,32.8674000,31.3568000,30.7541000,-38.4890000,-5.2570000,5.2720000,0.000000,0,0,0
27.570,-0.0329000,-0.0138000,9.6768000,32.8598000,31.3721000,30.7770000,-38.3830000,-5.0280000,5.1410000,0.000000,0,0,0
27.580,-0.0652000,-0.0090000,9.6792000,32.8598000,31.3873000,30.7770000,-38.4290000,-5.0750000,5.1330000,0.000000,0,0,0
27.590,-0.0855000,-0.0054000,9.6756000,32.8598000,31.3950000,30.7693000,-38.5170000,-5.0610000,5.2300000,0.000000,0,0,0
27.600,-0.0939000,-0.0042000,9.6720000,32.8598000,31.3873000,30.7541000,-38.2390000,-4.9480000,4.5820000,0.000000,0,0,0
27.610,-0.0951000,-0.0030000,9.6744000,32.8674000,31.3568000,30.7465000,-38.0030000,-5.0910000,5.0620000,0.000000,0,0,0
27.620,-0.0939000,-0.0030000,9.6768000,32.8751000,31.3339000,30.7388000,-38.5090000,-5.0400000,4.7710000,0.000000,0,0,0
27.630,-0.0903000,-0.0030000,9.6744000,32.8827000,31.3187000,30.7388000,-37.9810000,-4.9400000,5.1180000,0.000000,0,0,0
27.640,-0.0867000,-0.0042000,9.6720000,32.8827000,31.3034000,30.7465000,-38.3890000,-5.3500000,5.1820000,0.000000,0,0,0
27.650,-0.0831000,-0.0054000,9.6732000,32.8903000,31.2958000,30.7388000,-38.3680000,-5.0910000,5.1040000,0.000000,0,0,0
27.660,-0.0796000,-0.0066000,9.6756000,32.8827000,31.3034000,30.7312000,-38.3340000,-5.2580000,4.7160000,0.000000,0,0,0
27.670,-0.0784000,-0.0090000,9.6744000,32.8827000,31.3187000,30.7236000,-37.9260000,-5.1720000,4.4630000,0.000000,0,0,0
27.680,-0.0772000,-0.0102000,9.6696000,32.8751000,31.3416000,30.7159000,-38.1030000,-5.1200000,4.8400000,0.000000,0,0,0
27.690,-0.0796000,-0.0102000,9.6672000,32.8751000,31.3568000,30.7236000,-38.2430000,-5.2520000,4.8650000,0.000000,0,0,0
27.700,-0.0819000,-0.0102000,9.6708000,32.8751000,31.3797000,30.7159000,-38.3540000,-5.0920000,4.9960000,0.000000,0,0,0
27.710,-0.0831000,-0.0090000,9.6732000,32.8751000,31.3950000,30.7159000,-38.0120000,-5.5040000,5.4010000,0.000000,0,0,0
27.720,-0.0843000,-0.0078000,9.6732000,32.8751000,31.3950000,30.7236000,-38.3370000,-5.3980000,5.9430000,0.000000,0,0,0
27.730,-0.0831000,-0.0078000,9.6708000,32.8751000,31.3873000,30.7236000,-38.3190000,-5.1790000,5.4820000,0.000000,0,0,0
27.740,-0.0831000,-0.0078000,9.6720000,32.8751000,31.3797000,30.7236000,-38.2370000,-5.2760000,5.7740000,0.000000,0,0,0
27.750,-0.0831000,-0.0066000,9.6756000,32.8751000,31.3797000,30.7312000,-38.1800000,-5.1030000,5.0780000,0.000000,0,0,0
27.760,-0.0831000,-0.0090000,9.6768000,32.8751000,31.3797000,30.7312000,-38.3850000,-5.4540000,5.2660000,0.000000,0,0,0
27.770,-0.0819000,-0.0102000,9.6744000,32.8751000,31.3721000,30.7312000,-38.4160000,-5.0040000,4.8320000,0.000000,0,0,0
27.780,-0.0819000,-0.0114000,9.6744000,32.8751000,31.3721000,30.7388000,-38.2840000,-5.1380000,5.0240000,0.000000,0,0,0
27.790,-0.0807000,-0.0102000,9.6768000,32.8751000,31.3721000,30.7465000,-38.2500000,-5.2320000,4.7150000,0.000000,0,0,0
27.800,-0.0807000,-0.0090000,9.6780000,32.8674000,31.3721000,30.7388000,-38.4510000,-5.1100000,5.0080000,0.000000,0,0,0
27.810,-0.0819000,-0.0078000,9.6756000,32.8598000,31.3721000,30.7388000,-38.4180000,-5.3560000,5.0600000,0.000000,0,0,0
27.820,-0.0819000,-0.0078000,9.6720000,32.8674000,31.3644000,30.7388000,-38.2240000,-5.2050000,4.9970000,0.000000,0,0,0
27.830,-0.0831000,-0.0078000,9.6708000,32.8674000,31.3492000,30.7388000,-38.0980000,-5.2230000,4.5700000,0.000000,0,0,0
27.840,-0.0843000,-0.0078000,9.6732000,32.8751000,31.3339000,30.7388000,-38.3850000,-5.0790000,4.8670000,0.000000,0,0,0
27.850,-0.0855000,-0.0090000,9.6744000,32.8751000,31.3339000,30.7388000,-38.2690000,-5.0930000,5.0580000,0.000000,0,0,0
27.860,-0.0855000,-0.0090000,9.6732000,32.8827000,31.3263000,30.7312000,-38.2640000,-4.9800000,5.0220000,0.000000,0,0,0
27.870,-0.0855000,-0.0102000,9.6732000,32.8827000,31.3187000,30.7312000,-38.2980000,-4.6690000,4.8030000,0.000000,0,0,0
27.880,-0.0867000,-0.0102000,9.6732000,32.8827000,31.3187000,30.7312000,-38.1900000,-4.5950000,4.9800000,0.000000,0,0,0
27.890,-0.0867000,-0.0090000,9.6732000,32.8827000,31.3263000,30.7312000,-38.2040000,-5.0490000,5.2940000,0.000000,0,0,0
27.900,-0.0879000,-0.0078000,9.6732000,32.8827000,31.3263000,30.7236000,-38.0100000,-5.2490000,5.4880000,0.000000,0,0,0
27.910,-0.0855000,-0.0066000,9.6732000,32.8827000,31.3110000,30.7236000,-38.1570000,-5.3110000,5.4890000,0.000000,0,0,0
27.920,-0.0843000,-0.0066000,9.6744000,32.8751000,31.3110000,30.7159000,-38.5360000,-5.3460000,5.6540000,0.000000,0,0,0
27.930,-0.0831000,-0.0078000,9.6744000,32.8751000,31.3110000,30.7159000,-38.1740000,-5.1610000,5.4190000,0.000000,0,0,0
27.940,-0.0831000,-0.0078000,9.6732000,32.8827000,31.3187000,30.7159000,-38.6330000,-5.3510000,5.5120000,0.000000,0,0,0
27.950,-0.0831000,-0.0102000,9.6732000,32.8751000,31.3263000,30.7159000,-37.8720000,-5.2020000,5.2890000,0.000000,0,0,0
27.960,-0.0831000,-0.0114000,9.6744000,32.8827000,31.3263000,30.7236000,-38.2480000,-5.0270000,5.4270000,0.000000,0,0,0
27.970,-0.0819000,-0.0114000,9.6732000,32.8827000,31.3263000,30.7312000,-38.2830000,-5.1200000,4.9720000,0.000000,0,0,0
27.980,-0.0807000,-0.0126000,9.6732000,32.8827000,31.3263000,30.7312000,-38.3470000,-5.3070000,4.8820000,0.000000,0,0,0
27.990,-0.0807000,-0.0114000,9.6732000,32.8751000,31.3263000,30.7312000,-37.9740000,-5.0120000,5.4090000,0.000000,0,0,0
28.000,-0.0807000,-0.0102000,9.6744000,32.8751000,31.3263000,30.7312000,-38.1080000,-5.0310000,5.0250000,0.000000,0,0,0
28.010,-0.0819000,-0.0102000,9.6756000,32.8827000,31.3263000,30.7312000,-38.0680000,-4.9910000,4.5710000,0.000000,0,0,0
28.020,-0.0831000,-0.0090000,9.6756000,32.8827000,31.3263000,30.7312000,-38.1890000,-5.1490000,5.1530000,0.000000,0,0,0
28.030,-0.0843000,-0.0090000,9.6744000,32.8903000,31.3187000,30.7312000,-38.1030000,-5.0710000,5.0960000,0.000000,0,0,0
28.040,-0.0843000,-0.0078000,9.6756000,32.8979000,31.3187000,30.7236000,-38.1680000,-5.1120000,5.4450000,0.000000,0,0,0
28.050,-0.0831000,-0.0078000,9.6768000,32.8979000,31.3187000,30.7236000,-38.1680000,-5.0840000,5.4220000,0.000000,0,0,0
28.060,-0.0819000,-0.0066000,9.6756000,32.8979000,31.3187000,30.7236000,-38.2600000,-5.0910000,5.8130000,0.000000,0,0,0
28.070,-0.0819000,-0.0066000,9.6732000,32.8979000,31.3110000,30.7236000,-38.1830000,-5.1860000,5.5260000,0.000000,0,0,0
28.080,-0.0819000,-0.0078000,9.6744000,32.8979000,31.3187000,30.7312000,-38.0090000,-5.1320000,5.2690000,0.000000,0,0,0
28.090,-0.0819000,-0.0078000,9.6756000,32.8903000,31.3187000,30.7312000,-38.3330000,-4.9850000,5.6080000,0.000000,0,0,0
28.100,-0.0831000,-0.0090000,9.6768000,32.8827000,31.3187000,30.7312000,-37.9990000,-5.3470000,5.5940000,0.000000,0,0,0
28.110,-0.0831000,-0.0090000,9.6756000,32.8751000,31.3187000,30.7312000,-38.0810000,-4.9400000,4.3770000,0.000000,0,0,0
28.120,-0.0831000,-0.0078000,9.6756000,32.8674000,31.3110000,30.7236000,-38.1980000,-5.3010000,5.0030000,0.000000,0,0,0
28.130,-0.0819000,-0.0078000,9.6756000,32.8674000,31.3034000,30.7236000,-38.1910000,-5.2510000,5.2820000,0.000000,0,0,0
28.140,-0.0807000,-0.0078000,9.6744000,32.8674000,31.2958000,30.7236000,-38.3310000,-5.3780000,5.0130000,0.000000,0,0,0
28.150,-0.0796000,-0.0078000,9.6732000,32.8827000,31.2881000,30.7236000,-38.1660000,-5.3130000,5.1990000,0.000000,0,0,0
28.160,-0.0807000,-0.0066000,9.6732000,32.8903000,31.2805000,30.7312000,-38.2600000,-5.1780000,4.9720000,0.000000,0,0,0
28.170,-0.0807000,-0.0066000,9.6756000,32.8979000,31.2805000,30.7312000,-38.0510000,-5.0670000,5.1440000,0.000000,0,0,0
28.180,-0.0819000,-0.0090000,9.6744000,32.8979000,31.2881000,30.7312000,-38.0340000,-5.3450000,5.7450000,0.000000,0,0,0
28.190,-0.0807000,-0.0102000,9.6732000,32.8979000,31.3034000,30.7236000,-37.8120000,-5.1150000,5.1250000,0.000000,0,0,0
28.200,-0.0796000,-0.0114000,9.6720000,32.8979000,31.3110000,30.7312000,-38.2650000,-5.1670000,5.7360000,0.000000,0,0,0
28.210,-0.0796000,-0.0114000,9.6732000,32.8979000,31.3187000,30.7312000,-38.2460000,-5.4070000,5.7050000,0.000000,0,0,0
28.220,-0.0796000,-0.0102000,9.6756000,32.9056000,31.3187000,30.7236000,-38.4210000,-5.4040000,5.0830000,0.000000,0,0,0
28.230,-0.0807000,-0.0066000,9.6744000,32.9056000,31.3034000,30.7159000,-38.0970000,-5.1270000,5.0200000,0.000000,0,0,0
28.240,-0.0819000,-0.0054000,9.6744000,32.9056000,31.2958000,30.7083000,-38.0960000,-5.2070000,5.8840000,0.000000,0,0,0
28.250,-0.0819000,-0.0066000,9.6744000,32.8979000,31.2958000,30.7083000,-38.2000000,-5.1960000,5.2180000,0.000000,0,0,0
28.260,-0.0807000,-0.0078000,9.6756000,32.8903000,31.2958000,30.7083000,-38.0210000,-5.4680000,5.3170000,0.000000,0,0,0
28.270,-0.0807000,-0.0090000,9.6756000,32.8903000,31.3034000,30.7159000,-38.0440000,-5.1110000,5.4040000,0.000000,0,0,0
28.280,-0.0819000,-0.0102000,9.6744000,32.8979000,31.3034000,30.7159000,-38.2000000,-5.4820000,5.7910000,0.000000,0,0,0
28.290,-0.0831000,-0.0102000,9.6720000,32.8979000,31.3110000,30.7159000,-38.5370000,-5.4260000,4.7050000,0.000000,0,0,0
28.300,-0.0843000,-0.0102000,9.6708000,32.8979000,31.3110000,30.7159000,-38.4560000,-5.1220000,5.6480000,0.000000,0,0,0
28.310,-0.0843000,-0.0090000,9.6732000,32.8979000,31.3034000,30.7236000,-37.9950000,-5.0400000,5.6240000,0.000000,0,0,0
28.320,-0.0855000,-0.0090000,9.6756000,32.8979000,31.2958000,30.7236000,-38.3440000,-5.5630000,5.1020000,0.000000,0,0,0
28.330,-0.0855000,-0.0078000,9.6768000,32.8903000,31.2881000,30.7236000,-38.1670000,-5.1920000,5.6710000,0.000000,0,0,0
28.340,-0.0843000,-0.0078000,9.6756000,32.8827000,31.2805000,30.7236000,-38.3130000,-5.3660000,6.0510000,0.000000,0,0,0
28.350,-0.0819000,-0.0066000,9.6732000,32.8751000,31.2805000,30.7236000,-38.2420000,-5.2310000,5.6580000,0.000000,0,0,0
28.360,-0.0796000,-0.0066000,9.6732000,32.8674000,31.2958000,30.7236000,-38.1250000,-5.5290000,5.8990000,0.000000,0,0,0
28.370,-0.0784000,-0.0090000,9.6732000,32.8751000,31.3110000,30.7159000,-38.0670000,-5.1130000,5.3200000,0.000000,0,0,0
28.380,-0.0784000,-0.0102000,9.6732000,32.8751000,31.3339000,30.7159000,-38.2390000,-5.4220000,5.8840000,0.000000,0,0,0
28.390,-0.0796000,-0.0114000,9.6732000,32.8751000,31.3416000,30.7083000,-38.0690000,-5.5530000,4.9660000,0.000000,0,0,0
28.400,-0.0796000,-0.0126000,9.6744000,32.8827000,31.3492000,30.7159000,-38.0090000,-5.5070000,5.1920000,0.000000,0,0,0
28.410,-0.0807000,-0.0138000,9.6744000,32.8827000,31.3492000,30.7159000,-38.3210000,-5.1740000,5.7650000,0.000000,0,0,0
28.420,-0.0819000,-0.0126000,9.6744000,32.8827000,31.3416000,30.7159000,-38.1390000,-5.3580000,5.8880000,0.000000,0,0,0
28.430,-0.0831000,-0.0102000,9.6732000,32.8827000,31.3416000,30.7236000,-37.8360000,-5.4200000,5.6720000,0.000000,0,0,0
28.440,-0.0843000,-0.0078000,9.6720000,32.8827000,31.3339000,30.7236000,-38.1020000,-5.2060000,5.9410000,0.000000,0,0,0
28.450,-0.0843000,-0.0066000,9.6708000,32.8827000,31.3339000,30.7236000,-37.9960000,-5.2930000,5.8690000,0.000000,0,0,0
28.460,-0.0843000,-0.0066000,9.6696000,32.8827000,31.3339000,30.7159000,-38.2110000,-5.2290000,5.7570000,0.000000,0,0,0
28.470,-0.0843000,-0.0066000,9.6684000,32.8827000,31.3263000,30.7083000,-38.1780000,-5.4240000,5.1120000,0.000000,0,0,0
28.480,-0.0855000,-0.0066000,9.6684000,32.8827000,31.3187000,30.7083000,-38.2320000,-5.2440000,5.1910000,0.000000,0,0,0
28.490,-0.0867000,-0.0078000,9.6696000,32.8903000,31.3110000,30.7083000,-38.1240000,-5.1270000,5.5360000,0.000000,0,0,0
28.500,-0.0855000,-0.0078000,9.6708000,32.8903000,31.3034000,30.7083000,-38.1730000,-5.0830000,5.3760000,0.000000,0,0,0
28.510,-0.0843000,-0.0054000,9.6720000,32.8979000,31.2958000,30.7083000,-38.2080000,-5.2330000,5.6860000,0.000000,0,0,0
28.520,-0.0831000,-0.0054000,9.6732000,32.8979000,31.2958000,30.7083000,-38.0230000,-4.7530000,5.6770000,0.000000,0,0,0
28.530,-0.0819000,-0.0054000,9.6744000,32.8979000,31.2958000,30.7083000,-37.9450000,-5.1620000,5.9660000,0.000000,0,0,0
28.540,-0.0807000,-0.0066000,9.6756000,32.8979000,31.3034000,30.7083000,-38.2040000,-5.1570000,5.7930000,0.000000,0,0,0
28.550,-0.0807000,-0.0066000,9.6744000,32.8903000,31.3187000,30.7083000,-38.4680000,-4.8530000,5.7020000,0.000000,0,0,0
28.560,-0.0807000,-0.0066000,9.6720000,32.8827000,31.3263000,30.7083000,-38.3150000,-5.2760000,5.7240000,0.000000,0,0,0
28.570,-0.0819000,-0.0054000,9.6720000,32.8827000,31.3263000,30.7159000,-38.0010000,-5.1110000,5.9110000,0.000000,0,0,0
28.580,-0.0831000,-0.0054000,9.6744000,32.8827000,31.3263000,30.7159000,-38.2920000,-5.1590000,5.7810000,0.000000,0,0,0
28.590,-0.0819000,-0.0066000,9.6756000,32.8751000,31.3263000,30.7236000,-38.2710000,-5.2100000,5.8800000,0.000000,0,0,0
28.600,-0.0819000,-0.0078000,9.6756000,32.8751000,31.3263000,30.7159000,-38.2490000,-5.1380000,5.6910000,0.000000,0,0,0
28.610,-0.0807000,-0.0090000,9.6756000,32.8827000,31.3263000,30.7236000,-38.3940000,-5.1610000,5.7620000,0.000000,0,0,0
28.620,-0.0796000,-0.0078000,9.6780000,32.8903000,31.3339000,30.7312000,-38.3940000,-5.5270000,6.2450000,0.000000,0,0,0
28.630,-0.0796000,-0.0054000,9.6780000,32.8903000,31.3416000,30.7388000,-38.0500000,-5.3690000,6.4120000,0.000000,0,0,0
28.640,-0.0796000,-0.0042000,9.6756000,32.8903000,31.3416000,30.7388000,-38.2450000,-5.0900000,6.6310000,0.000000,0,0,0
28.650,-0.0807000,-0.0054000,9.6720000,32.8827000,31.3416000,30.7312000,-38.4560000,-5.1590000,5.6430000,0.000000,0,0,0
28.660,-0.0807000,-0.0066000,9.6708000,32.8751000,31.3416000,30.7312000,-38.4830000,-5.2430000,6.0270000,0.000000,0,0,0
28.670,-0.0807000,-0.0066000,9.6708000,32.8751000,31.3416000,30.7236000,-38.3070000,-5.0360000,5.8600000,0.000000,0,0,0
28.680,-0.0784000,-0.0066000,9.6708000,32.8674000,31.3416000,30.7159000,-38.4770000,-5.3950000,5.3640000,0.000000,0,0,0
28.690,-0.0784000,-0.0078000,9.6720000,32.8674000,31.3339000,30.7159000,-38.2260000,-5.2080000,6.1530000,0.000000,0,0,0
28.700,-0.0796000,-0.0078000,9.6732000,32.8674000,31.3263000,30.7159000,-38.3700000,-5.2880000,5.5800000,0.000000,0,0,0
28.710,-0.0819000,-0.0078000,9.6744000,32.8674000,31.3263000,30.7236000,-38.1420000,-5.3750000,6.2590000,0.000000,0,0,0
28.720,-0.0843000,-0.0078000,9.6768000,32.8674000,31.3187000,30.7236000,-38.5060000,-5.5170000,5.7890000,0.000000,0,0,0
28.730,-0.0831000,-0.0078000,9.6756000,32.8674000,31.3187000,30.7236000,-38.3520000,-5.1390000,5.6520000,0.000000,0,0,0
28.740,-0.0819000,-0.0090000,9.6732000,32.8674000,31.3187000,30.7236000,-38.4470000,-5.3720000,5.8800000,0.000000,0,0,0
28.750,-0.0819000,-0.0090000,9.6720000,32.8674000,31.3110000,30.7236000,-37.9790000,-5.5140000,5.8940000,0.000000,0,0,0
28.760,-0.0807000,-0.0090000,9.6732000,32.8674000,31.3034000,30.7236000,-38.1380000,-5.4360000,5.8960000,0.000000,0,0,0
28.770,-0.0807000,-0.0090000,9.6744000,32.8751000,31.3034000,30.7159000,-38.3370000,-5.5280000,5.7030000,0.000000,0,0,0
28.780,-0.0831000,-0.0102000,9.6744000,32.8751000,31.3034000,30.7159000,-38.0780000,-5.6620000,5.9900000,0.000000,0,0,0
28.790,-0.0843000,-0.0102000,9.6732000,32.8751000,31.3034000,30.7236000,-38.1260000,-5.5960000,6.0550000,0.000000,0,0,0
28.800,-0.0831000,-0.0090000,9.6708000,32.8751000,31.2958000,30.7236000,-38.1360000,-5.2400000,6.3940000,0.000000,0,0,0
28.810,-0.0819000,-0.0078000,9.6720000,32.8751000,31.2958000,30.7312000,-38.0590000,-5.0910000,5.5140000,0.000000,0,0,0
28.820,-0.0819000,-0.0066000,9.6720000,32.8751000,31.2958000,30.7312000,-38.1710000,-5.4340000,6.0980000,0.000000,0,0,0
28.830,-0.0819000,-0.0066000,9.6708000,32.8751000,31.2958000,30.7236000,-38.0200000,-5.4240000,5.5340000,0.000000,0,0,0
28.840,-0.0819000,-0.0066000,9.6708000,32.8827000,31.3034000,30.7159000,-38.0060000,-5.3470000,5.9510000,0.000000,0,0,0
28.850,-0.0843000,-0.0066000,9.6720000,32.8751000,31.3110000,30.7159000,-38.0560000,-5.4960000,5.8090000,0.000000,0,0,0
28.860,-0.0843000,-0.0066000,9.6732000,32.8751000,31.3187000,30.7236000,-37.8390000,-5.6300000,5.6770000,0.000000,0,0,0
28.870,-0.0831000,-0.0066000,9.6732000,32.8751000,31.3110000,30.7236000,-38.2380000,-5.4500000,6.2180000,0.000000,0,0,0
28.880,-0.0819000,-0.0066000,9.6732000,32.8751000,31.3110000,30.7236000,-38.1520000,-5.2560000,5.9880000,0.000000,0,0,0
28.890,-0.0819000,-0.0078000,9.6732000,32.8751000,31.3110000,30.7159000,-37.9470000,-5.3510000,5.3460000,0.000000,0,0,0
28.900,-0.0819000,-0.0090000,9.6732000,32.8903000,31.3110000,30.7159000,-38.2490000,-5.3310000,5.5870000,0.000000,0,0,0
28.910,-0.0819000,-0.0102000,9.6732000,32.8903000,31.3187000,30.7236000,-38.2320000,-5.2570000,5.5710000,0.000000,0,0,0
28.920,-0.0831000,-0.0090000,9.6732000,32.8903000,31.3187000,30.7236000,-38.3490000,-5.6340000,5.1980000,0.000000,0,0,0
28.930,-0.0831000,-0.0090000,9.6720000,32.8827000,31.3187000,30.7159000,-38.2560000,-5.2230000,6.2260000,0.000000,0,0,0
28.940,-0.0831000,-0.0078000,9.6720000,32.8903000,31.3263000,30.7159000,-38.1600000,-5.4070000,5.3340000,0.000000,0,0,0
28.950,-0.0843000,-0.0078000,9.6732000,32.8903000,31.3187000,30.7236000,-38.0700000,-5.5750000,5.6040000,0.000000,0,0,0
28.960,-0.0855000,-0.0078000,9.6756000,32.8827000,31.3110000,30.7236000,-38.5150000,-5.0610000,4.9030000,0.000000,0,0,0
28.970,-0.0867000,-0.0078000,9.6756000,32.8751000,31.3034000,30.7159000,-38.2530000,-4.9040000,5.2900000,0.000000,0,0,0
28.980,-0.0843000,-0.0078000,9.6744000,32.8674000,31.3034000,30.7159000,-38.2570000,-5.1600000,5.7590000,0.000000,0,0,0
28.990,-0.0843000,-0.0066000,9.6732000,32.8751000,31.3110000,30.7159000,-38.3990000,-5.1440000,5.5870000,0.000000,0,0,0
29.000,-0.0831000,-0.0054000,9.6732000,32.8827000,31.3263000,30.7159000,-38.3630000,-5.2950000,6.4560000,0.000000,0,0,0
29.010,-0.0819000,-0.0042000,9.6744000,32.8827000,31.3416000,30.7083000,-38.4240000,-5.0980000,6.1020000,0.000000,0,0,0
29.020,-0.0807000,-0.0054000,9.6744000,32.8827000,31.3644000,30.7083000,-38.6180000,-5.1860000,5.9530000,0.000000,0,0,0
29.030,-0.0807000,-0.0054000,9.6732000,32.8827000,31.3721000,30.7159000,-38.3920000,-5.1520000,5.8800000,0.000000,0,0,0
29.040,-0.0819000,-0.0066000,9.6720000,32.8751000,31.3797000,30.7159000,-38.2800000,-5.3850000,5.7220000,0.000000,0,0,0
29.050,-0.0831000,-0.0066000,9.6732000,32.8751000,31.3721000,30.7159000,-38.4080000,-5.4330000,4.4710000,0.000000,0,0,0
29.060,-0.0831000,-0.0066000,9.6756000,32.8751000,31.3644000,30.7236000,-38.4510000,-5.1900000,5.8180000,0.000000,0,0,0
29.070,-0.0843000,-0.0054000,9.6744000,32.8751000,31.3492000,30.7312000,-38.2750000,-5.3580000,6.4350000,0.000000,0,0,0
29.080,-0.0843000,-0.0066000,9.6708000,32.8751000,31.3339000,30.7312000,-38.1950000,-5.2470000,6.1150000,0.000000,0,0,0
29.090,-0.0843000,-0.0066000,9.6696000,32.8827000,31.3263000,30.7388000,-38.2440000,-5.1970000,5.8000000,0.000000,0,0,0
29.100,-0.0819000,-0.0078000,9.6708000,32.8751000,31.3263000,30.7312000,-38.0330000,-5.2290000,6.0280000,0.000000,0,0,0
29.110,-0.0807000,-0.0090000,9.6708000,32.8751000,31.3263000,30.7236000,-37.9780000,-5.2170000,5.8910000,0.000000,0,0,0
29.120,-0.0796000,-0.0102000,9.6708000,32.8674000,31.3187000,30.7159000,-38.6670000,-5.3640000,5.6710000,0.000000,0,0,0
29.130,-0.0807000,-0.0114000,9.6720000,32.8674000,31.3110000,30.7159000,-38.1980000,-5.3450000,5.6780000,0.000000,0,0,0
29.140,-0.0807000,-0.0114000,9.6732000,32.8674000,31.3110000,30.7159000,-38.2470000,-5.4810000,5.7240000,0.000000,0,0,0
29.150,-0.0819000,-0.0102000,9.6744000,32.8751000,31.3110000,30.7236000,-38.1540000,-5.2870000,5.0750000,0.000000,0,0,0
29.160,-0.0819000,-0.0078000,9.6732000,32.8751000,31.3034000,30.7236000,-38.2560000,-5.1160000,5.0920000,0.000000,0,0,0
29.170,-0.0819000,-0.0066000,9.6720000,32.8751000,31.3034000,30.7236000,-37.5670000,-5.1990000,5.6710000,0.000000,0,0,0
29.180,-0.0831000,-0.0066000,9.6732000,32.8827000,31.3034000,30.7236000,-38.0740000,-5.3360000,5.8300000,0.000000,0,0,0
29.190,-0.0831000,-0.0078000,9.6744000,32.8903000,31.3034000,30.7236000,-38.0010000,-5.5350000,5.9460000,0.000000,0,0,0
29.200,-0.0843000,-0.0090000,9.6732000,32.8979000,31.3110000,30.7312000,-37.9800000,-5.4220000,5.8020000,0.000000,0,0,0
29.210,-0.0843000,-0.0102000,9.6720000,32.8979000,31.3187000,30.7312000,-37.9610000,-5.5310000,5.7110000,0.000000,0,0,0
29.220,-0.0855000,-0.0102000,9.6732000,32.8979000,31.3263000,30.7312000,-37.9670000,-5.5080000,5.2280000,0.000000,0,0,0
29.230,-0.0855000,-0.0102000,9.6744000,32.8903000,31.3263000,30.7312000,-37.8700000,-5.1880000,5.0440000,0.000000,0,0,0
29.240,-0.0843000,-0.0090000,9.6732000,32.8903000,31.3263000,30.7312000,-37.8840000,-5.4320000,5.2630000,0.000000,0,0,0
29.250,-0.0843000,-0.0066000,9.6708000,32.8827000,31.3263000,30.7312000,-37.9800000,-5.0610000,5.2010000,0.000000,0,0,0
29.260,-0.0843000,-0.0054000,9.6708000,32.8751000,31.3263000,30.7312000,-38.2090000,-5.5850000,5.7300000,0.000000,0,0,0
29.270,-0.0831000,-0.0042000,9.6708000,32.8751000,31.3187000,30.7236000,-37.6840000,-4.8860000,5.3330000,0.000000,0,0,0
29.280,-0.0831000,-0.0018000,9.6708000,32.8827000,31.3110000,30.7236000,-38.1650000,-5.0600000,5.0880000,0.000000,0,0,0
29.290,-0.0843000,-0.0018000,9.6696000,32.8903000,31.3034000,30.7159000,-38.1270000,-5.2890000,5.0780000,0.000000,0,0,0
29.300,-0.0843000,-0.0030000,9.6708000,32.8903000,31.3034000,30.7159000,-38.1520000,-4.9110000,5.3260000,0.000000,0,0,0
29.310,-0.0843000,-0.0054000,9.6744000,32.8903000,31.3110000,30.7159000,-37.7720000,-5.1400000,5.5330000,0.000000,0,0,0
29.320,-0.0831000,-0.0090000,9.6756000,32.8827000,31.3187000,30.7159000,-38.2510000,-5.1610000,5.0040000,0.000000,0,0,0
29.330,-0.0831000,-0.0102000,9.6756000,32.8827000,31.3263000,30.7236000,-37.9490000,-4.8860000,5.0440000,0.000000,0,0,0
29.340,-0.0819000,-0.0090000,9.6744000,32.8827000,31.3339000,30.7312000,-37.8860000,-5.0820000,5.5320000,0.000000,0,0,0
29.350,-0.0819000,-0.0066000,9.6720000,32.8827000,31.3416000,30.7236000,-38.2900000,-5.2430000,5.1200000,0.000000,0,0,0
29.360,-0.0807000,-0.0054000,9.6720000,32.8903000,31.3492000,30.7236000,-38.2180000,-5.2210000,5.1860000,0.000000,0,0,0
29.370,-0.0819000,-0.0042000,9.6708000,32.8903000,31.3492000,30.7236000,-38.1320000,-4.9980000,5.1110000,0.000000,0,0,0
29.380,-0.0819000,-0.0042000,9.6708000,32.8903000,31.3416000,30.7236000,-37.9470000,-5.0430000,5.0950000,0.000000,0,0,0
29.390,-0.0819000,-0.0054000,9.6708000,32.8827000,31.3339000,30.7236000,-38.1110000,-5.0000000,5.7600000,0.000000,0,0,0
29.400,-0.0807000,-0.0078000,9.6720000,32.8827000,31.3263000,30.7236000,-38.3440000,-5.2260000,5.8120000,0.000000,0,0,0
29.410,-0.0819000,-0.0102000,9.6732000,32.8827000,31.3187000,30.7236000,-38.1750000,-5.3580000,5.4570000,0.000000,0,0,0
29.420,-0.0819000,-0.0114000,9.6744000,32.8827000,31.3110000,30.7236000,-37.9410000,-5.3810000,5.5190000,0.000000,0,0,0
29.430,-0.0819000,-0.0114000,9.6756000,32.8903000,31.3110000,30.7236000,-37.9640000,-5.3610000,5.8160000,0.000000,0,0,0
29.440,-0.0807000,-0.0090000,9.6744000,32.8903000,31.3110000,30.7236000,-38.0710000,-5.3030000,5.6190000,0.000000,0,0,0
29.450,-0.0807000,-0.0066000,9.6732000,32.8903000,31.3187000,30.7159000,-38.1390000,-5.1340000,5.9720000,0.000000,0,0,0
29.460,-0.0807000,-0.0054000,9.6732000,32.8827000,31.3187000,30.7083000,-38.0550000,-4.9570000,5.8460000,0.000000,0,0,0
29.470,-0.0819000,-0.0054000,9.6732000,32.8827000,31.3187000,30.7083000,-38.1970000,-5.3660000,5.8530000,0.000000,0,0,0
29.480,-0.0819000,-0.0078000,9.6720000,32.8827000,31.3187000,30.7159000,-38.0470000,-5.3080000,5.9480000,0.000000,0,0,0
29.490,-0.0819000,-0.0090000,9.6708000,32.8827000,31.3263000,30.7159000,-38.1500000,-4.9800000,5.6200000,0.000000,0,0,0
29.500,-0.0819000,-0.0114000,9.6720000,32.8827000,31.3187000,30.7159000,-38.2200000,-5.2230000,5.6610000,0.000000,0,0,0
29.510,-0.0807000,-0.0126000,9.6732000,32.8827000,31.3187000,30.7159000,-38.0210000,-5.0380000,5.0920000,0.000000,0,0,0
29.520,-0.0807000,-0.0126000,9.6732000,32.8827000,31.3187000,30.7159000,-38.2180000,-5.1220000,5.5650000,0.000000,0,0,0
29.530,-0.0807000,-0.0090000,9.6744000,32.8827000,31.3187000,30.7159000,-37.9470000,-5.3010000,6.0690000,0.000000,0,0,0
29.540,-0.0807000,-0.0042000,9.6744000,32.8827000,31.3187000,30.7159000,-38.2130000,-5.2300000,6.0910000,0.000000,0,0,0
29.550,-0.0819000,-0.0030000,9.6756000,32.8827000,31.3263000,30.7159000,-38.0000000,-5.3540000,6.0790000,0.000000,0,0,0
29.560,-0.0831000,-0.0042000,9.6756000,32.8827000,31.3263000,30.7159000,-37.9420000,-5.2240000,5.8250000,0.000000,0,0,0
29.570,-0.0831000,-0.0054000,9.6756000,32.8827000,31.3263000,30.7083000,-38.0470000,-5.4880000,6.4750000,0.000000,0,0,0
29.580,-0.0831000,-0.0078000,9.6744000,32.8827000,31.3110000,30.7083000,-38.3200000,-5.6180000,6.4060000,0.000000,0,0,0
29.590,-0.0831000,-0.0102000,9.6732000,32.8827000,31.3034000,30.7083000,-38.1410000,-5.1510000,5.5900000,0.000000,0,0,0
29.600,-0.0831000,-0.0102000,9.6720000,32.8827000,31.2958000,30.7159000,-38.3900000,-5.2140000,6.2220000,0.000000,0,0,0
29.610,-0.0831000,-0.0102000,9.6732000,32.8827000,31.3034000,30.7159000,-38.2430000,-5.0740000,5.3880000,0.000000,0,0,0
29.620,-0.0831000,-0.0090000,9.6732000,32.8827000,31.3110000,30.7236000,-38.4750000,-4.9630000,5.7960000,0.000000,0,0,0
29.630,-0.0819000,-0.0066000,9.6732000,32.8827000,31.3187000,30.7236000,-38.4320000,-4.9770000,5.4500000,0.000000,0,0,0
29.640,-0.0831000,-0.0054000,9.6732000,32.8827000,31.3263000,30.7312000,-38.2370000,-5.3260000,5.5620000,0.000000,0,0,0
29.650,-0.0831000,-0.0054000,9.6732000,32.8827000,31.3187000,30.7312000,-38.4680000,-5.0550000,5.7880000,0.000000,0,0,0
29.660,-0.0831000,-0.0066000,9.6732000,32.8827000,31.3110000,30.7312000,-38.0760000,-5.2730000,5.9890000,0.000000,0,0,0
29.670,-0.0831000,-0.0090000,9.6732000,32.8827000,31.3034000,30.7236000,-38.3450000,-5.1970000,5.9760000,0.000000,0,0,0
29.680,-0.0831000,-0.0102000,9.6720000,32.8827000,31.2958000,30.7236000,-38.4820000,-5.4940000,5.6770000,0.000000,0,0,0
29.690,-0.0843000,-0.0114000,9.6708000,32.8751000,31.2958000,30.7236000,-38.3460000,-4.8390000,5.8510000,0.000000,0,0,0
29.700,-0.0843000,-0.0102000,9.6720000,32.8751000,31.2958000,30.7236000,-38.3020000,-5.4340000,5.8690000,0.000000,0,0,0
29.710,-0.0843000,-0.0078000,9.6732000,32.8674000,31.3034000,30.7236000,-37.8990000,-5.2170000,5.9180000,0.000000,0,0,0
29.720,-0.0855000,-0.0066000,9.6720000,32.8674000,31.3110000,30.7236000,-38.3950000,-5.4060000,6.2990000,0.000000,0,0,0
29.730,-0.0843000,-0.0054000,9.6708000,32.8751000,31.3187000,30.7236000,-38.1480000,-5.2660000,6.1510000,0.000000,0,0,0
29.740,-0.0843000,-0.0054000,9.6708000,32.8751000,31.3263000,30.7159000,-38.2050000,-5.3590000,5.5930000,0.000000,0,0,0
29.750,-0.0843000,-0.0066000,9.6720000,32.8751000,31.3263000,30.7159000,-38.4420000,-5.4100000,5.7810000,0.000000,0,0,0
29.760,-0.0855000,-0.0090000,9.6720000,32.8751000,31.3263000,30.7083000,-38.3890000,-5.4800000,5.2930000,0.000000,0,0,0
29.770,-0.0843000,-0.0102000,9.6708000,32.8751000,31.3187000,30.7083000,-38.5690000,-5.3220000,4.8920000,0.000000,0,0,0
29.780,-0.0843000,-0.0102000,9.6708000,32.8751000,31.3110000,30.7159000,-38.3090000,-5.1400000,5.1070000,0.000000,0,0,0
29.790,-0.0843000,-0.0114000,9.6732000,32.8751000,31.3034000,30.7159000,-38.8680000,-5.4360000,5.7770000,0.000000,0,0,0
29.800,-0.0855000,-0.0114000,9.6732000,32.8751000,31.3034000,30.7159000,-38.8300000,-5.3480000,5.6700000,0.000000,0,0,0
29.810,-0.0855000,-0.0102000,9.6732000,32.8827000,31.3110000,30.7159000,-38.5200000,-5.1080000,5.2360000,0.000000,0,0,0
29.820,-0.0855000,-0.0090000,9.6732000,32.8827000,31.3110000,30.7236000,-38.4340000,-5.0500000,5.9480000,0.000000,0,0,0
29.830,-0.0843000,-0.0090000,9.6744000,32.8903000,31.3187000,30.7236000,-38.5020000,-5.0610000,5.8280000,0.000000,0,0,0
29.840,-0.0843000,-0.0090000,9.6744000,32.8903000,31.3110000,30.7312000,-38.6480000,-5.2010000,5.9600000,0.000000,0,0,0
29.850,-0.0843000,-0.0090000,9.6732000,32.8903000,31.3110000,30.7312000,-38.4340000,-5.0220000,5.5720000,0.000000,0,0,0
29.860,-0.0843000,-0.0102000,9.6696000,32.8979000,31.3034000,30.7312000,-38.4010000,-5.4480000,6.0450000,0.000000,0,0,0
29.870,-0.0819000,-0.0114000,9.6684000,32.8979000,31.3034000,30.7312000,-38.4350000,-5.2800000,5.4310000,0.000000,0,0,0
29.880,-0.0807000,-0.0114000,9.6708000,32.8979000,31.2958000,30.7236000,-38.3370000,-5.2460000,5.6240000,0.000000,0,0,0
29.890,-0.0807000,-0.0102000,9.6720000,32.8903000,31.3034000,30.7236000,-38.4950000,-4.9760000,6.4620000,0.000000,0,0,0
29.900,-0.0807000,-0.0078000,9.6720000,32.8827000,31.3034000,30.7159000,-38.3660000,-5.2620000,5.9730000,0.000000,0,0,0
29.910,-0.0819000,-0.0042000,9.6720000,32.8827000,31.3034000,30.7083000,-38.4860000,-5.0450000,6.1930000,0.000000,0,0,0
29.920,-0.0831000,-0.0030000,9.6720000,32.8903000,31.3034000,30.7083000,-38.4320000,-5.1190000,5.9890000,0.000000,0,0,0
29.930,-0.0819000,-0.0054000,9.6720000,32.8903000,31.3034000,30.7083000,-38.4780000,-5.2440000,6.0850000,0.000000,0,0,0
29.940,-0.0807000,-0.0078000,9.6720000,32.8979000,31.2958000,30.7159000,-38.3750000,-5.2640000,6.3020000,0.000000,0,0,0
29.950,-0.0796000,-0.0102000,9.6720000,32.8979000,31.2958000,30.7159000,-38.6000000,-5.0020000,5.7340000,0.000000,0,0,0
29.960,-0.0796000,-0.0114000,9.6720000,32.8979000,31.2958000,30.7159000,-38.5930000,-5.1450000,6.4980000,0.000000,0,0,0
29.970,-0.0784000,-0.0114000,9.6732000,32.8903000,31.2958000,30.7159000,-38.5590000,-5.2170000,6.1440000,0.000000,0,0,0
29.980,-0.0784000,-0.0114000,9.6720000,32.8827000,31.3034000,30.7236000,-38.4780000,-5.1960000,6.3420000,0.000000,0,0,0
29.990,-0.0784000,-0.0078000,9.6696000,32.8827000,31.3034000,30.7312000,-38.4560000,-4.9500000,6.3650000,0.000000,0,0,0
30.000,-0.0807000,-0.0054000,9.6696000,32.8827000,31.3110000,30.7312000,-38.6940000,-4.9720000,6.5980000,0.000000,0,0,0
30.010,-0.0819000,-0.0030000,9.6696000,32.8827000,31.3187000,30.7236000,-38.4540000,-5.2420000,6.1910000,0.000000,0,0,0
30.020,-0.0831000,-0.0042000,9.6696000,32.8827000,31.3263000,30.7312000,-38.7450000,-5.0040000,6.3300000,0.000000,0,0,0
30.030,-0.0831000,-0.0054000,9.6696000,32.8751000,31.3263000,30.7312000,-38.2040000,-5.0640000,5.9760000,0.000000,0,0,0
30.040,-0.0843000,-0.0090000,9.6696000,32.8751000,31.3263000,30.7312000,-38.5000000,-5.0590000,6.1950000,0.000000,0,0,0
30.050,-0.0831000,-0.0126000,9.6720000,32.8751000,31.3263000,30.7312000,-38.3870000,-5.0680000,5.6820000,0.000000,0,0,0
30.060,-0.0831000,-0.0138000,9.6732000,32.8751000,31.3339000,30.7236000,-38.4100000,-5.0760000,6.4380000,0.000000,0,0,0
30.070,-0.0831000,-0.0126000,9.6744000,32.8751000,31.3339000,30.7236000,-38.2410000,-5.2300000,5.4030000,0.000000,0,0,0
30.080,-0.0819000,-0.0114000,9.6744000,32.8827000,31.3263000,30.7236000,-38.6820000,-5.2430000,5.4970000,0.000000,0,0,0
30.090,-0.0831000,-0.0090000,9.6744000,32.8903000,31.3187000,30.7312000,-38.3020000,-5.0760000,5.7410000,0.000000,0,0,0
30.100,-0.0831000,-0.0066000,9.6756000,32.8979000,31.3187000,30.7388000,-38.5680000,-4.9190000,5.4490000,0.000000,0,0,0
30.110,-0.0831000,-0.0054000,9.6744000,32.9056000,31.3110000,30.7388000,-38.2850000,-5.0810000,6.1470000,0.000000,0,0,0
30.120,-0.0819000,-0.0054000,9.6732000,32.8979000,31.3110000,30.7388000,-38.4770000,-5.0860000,6.2960000,0.000000,0,0,0
30.130,-0.0807000,-0.0078000,9.6744000,32.8903000,31.2958000,30.7388000,-38.3820000,-4.9050000,6.4390000,0.000000,0,0,0
30.140,-0.0819000,-0.0090000,9.6756000,32.8903000,31.2958000,30.7388000,-38.3430000,-4.9290000,5.6900000,0.000000,0,0,0
30.150,-0.0831000,-0.0078000,9.6756000,32.8903000,31.3034000,30.7312000,-38.1550000,-4.8770000,5.8470000,0.000000,0,0,0
30.160,-0.0819000,-0.0078000,9.6744000,32.8827000,31.3110000,30.7312000,-38.4080000,-5.1460000,5.4370000,0.000000,0,0,0
30.170,-0.0807000,-0.0078000,9.6744000,32.8827000,31.3110000,30.7312000,-38.3540000,-4.8190000,5.9510000,0.000000,0,0,0
30.180,-0.0796000,-0.0042000,9.6732000,32.8827000,31.3034000,30.7312000,-38.5870000,-5.0030000,6.5860000,0.000000,0,0,0
30.190,-0.0784000,-0.0030000,9.6720000,32.8827000,31.3034000,30.7236000,-38.2320000,-5.2420000,5.4040000,0.000000,0,0,0
30.200,-0.0784000,-0.0030000,9.6720000,32.8827000,31.3034000,30.7159000,-38.3780000,-5.2380000,5.0000000,0.000000,0,0,0
30.210,-0.0796000,-0.0042000,9.6720000,32.8827000,31.3034000,30.7159000,-38.5330000,-5.2510000,5.3090000,0.000000,0,0,0
30.220,-0.0807000,-0.0066000,9.6708000,32.8827000,31.3034000,30.7159000,-38.3970000,-5.1710000,5.4820000,0.000000,0,0,0
30.230,-0.0807000,-0.0090000,9.6720000,32.8827000,31.3034000,30.7159000,-38.4980000,-5.0720000,5.8960000,0.000000,0,0,0
30.240,-0.0819000,-0.0102000,9.6732000,32.8903000,31.3034000,30.7159000,-38.4290000,-5.3760000,5.7790000,0.000000,0,0,0
30.250,-0.0819000,-0.0090000,9.6720000,32.8903000,31.2958000,30.7236000,-38.4940000,-5.4690000,5.7740000,0.000000,0,0,0
30.260,-0.0819000,-0.0078000,9.6720000,32.8903000,31.2958000,30.7236000,-38.2760000,-5.2720000,5.7820000,0.000000,0,0,0
30.270,-0.0819000,-0.0054000,9.6732000,32.8903000,31.2958000,30.7312000,-38.0900000,-5.6750000,5.6440000,0.000000,0,0,0
30.280,-0.0819000,-0.0042000,9.6732000,32.8979000,31.2881000,30.7236000,-38.3030000,-5.0770000,5.9940000,0.000000,0,0,0
30.290,-0.0819000,-0.0042000,9.6720000,32.8979000,31.2881000,30.7236000,-38.4700000,-5.0000000,5.6740000,0.000000,0,0,0
30.300,-0.0807000,-0.0042000,9.6696000,32.8903000,31.2881000,30.7236000,-38.5430000,-5.0860000,5.5030000,0.000000,0,0,0
30.310,-0.0807000,-0.0054000,9.6684000,32.8827000,31.2881000,30.7159000,-38.1920000,-5.2100000,5.6320000,0.000000,0,0,0
30.320,-0.0819000,-0.0078000,9.6684000,32.8827000,31.2958000,30.7159000,-38.2790000,-5.1380000,6.3560000,0.000000,0,0,0
30.330,-0.0831000,-0.0090000,9.6684000,32.8674000,31.3034000,30.7236000,-38.4570000,-5.4040000,6.8100000,0.000000,0,0,0
30.340,-0.0831000,-0.0090000,9.6684000,32.8674000,31.3034000,30.7312000,-38.4740000,-5.3770000,5.8030000,0.000000,0,0,0
30.350,-0.0831000,-0.0090000,9.6696000,32.8751000,31.3110000,30.7312000,-38.2360000,-5.3320000,5.0110000,0.000000,0,0,0
30.360,-0.0831000,-0.0078000,9.6708000,32.8751000,31.3034000,30.7388000,-38.4770000,-5.3950000,5.2050000,0.000000,0,0,0
30.370,-0.0819000,-0.0054000,9.6732000,32.8751000,31.3034000,30.7388000,-38.2820000,-5.1470000,5.7430000,0.000000,0,0,0
30.380,-0.0831000,-0.0042000,9.6720000,32.8827000,31.3110000,30.7312000,-38.4790000,-5.2320000,5.5680000,0.000000,0,0,0
30.390,-0.0819000,-0.0030000,9.6720000,32.8827000,31.3110000,30.7312000,-38.4370000,-5.2980000,5.4590000,0.000000,0,0,0
30.400,-0.0819000,-0.0042000,9.6708000,32.8903000,31.3110000,30.7236000,-38.4910000,-5.2660000,5.7330000,0.000000,0,0,0
30.410,-0.0831000,-0.0042000,9.6684000,32.8903000,31.3187000,30.7236000,-38.4000000,-5.3250000,5.2610000,0.000000,0,0,0
30.420,-0.0831000,-0.0054000,9.6684000,32.8903000,31.3187000,30.7236000,-38.4890000,-5.5380000,4.5470000,0.000000,0,0,0
30.430,-0.0819000,-0.0054000,9.6696000,32.8979000,31.3263000,30.7312000,-38.3040000,-5.0990000,5.3340000,0.000000,0,0,0
30.440,-0.0819000,-0.0054000,9.6696000,32.8903000,31.3339000,30.7312000,-38.5380000,-5.3210000,5.7140000,0.000000,0,0,0
30.450,-0.0819000,-0.0078000,9.6708000,32.8827000,31.3339000,30.7312000,-38.5180000,-5.4290000,5.7430000,0.000000,0,0,0
30.460,-0.0819000,-0.0090000,9.6708000,32.8827000,31.3339000,30.7312000,-38.1740000,-5.2200000,5.9350000,0.000000,0,0,0
30.470,-0.0819000,-0.0102000,9.6696000,32.8903000,31.3187000,30.7312000,-38.4180000,-5.1420000,6.1830000,0.000000,0,0,0
30.480,-0.0819000,-0.0102000,9.6684000,32.8979000,31.3110000,30.7236000,-38.5980000,-5.0500000,5.8690000,0.000000,0,0,0
30.490,-0.0819000,-0.0102000,9.6684000,32.8979000,31.3110000,30.7236000,-38.4540000,-5.1500000,5.9540000,0.000000,0,0,0
30.500,-0.0807000,-0.0102000,9.6684000,32.9056000,31.3187000,30.7312000,-38.5820000,-5.0620000,6.0320000,0.000000,0,0,0
30.510,-0.0819000,-0.0102000,9.6696000,32.8979000,31.3263000,30.7312000,-37.9970000,-5.2850000,6.3680000,0.000000,0,0,0
30.520,-0.0819000,-0.0102000,9.6708000,32.8979000,31.3339000,30.7312000,-38.4540000,-5.3150000,6.6340000,0.000000,0,0,0
30.530,-0.0807000,-0.0090000,9.6720000,32.8903000,31.3339000,30.7312000,-38.3080000,-5.2900000,5.4850000,0.000000,0,0,0
30.540,-0.0807000,-0.0090000,9.6732000,32.8827000,31.3339000,30.7236000,-38.4440000,-5.2320000,5.2660000,0.000000,0,0,0
30.550,-0.0807000,-0.0102000,9.6732000,32.8827000,31.3187000,30.7236000,-38.3230000,-5.4700000,5.3330000,0.000000,0,0,0
30.560,-0.0819000,-0.0114000,9.6732000,32.8827000,31.3110000,30.7312000,-38.4750000,-5.3850000,5.5810000,0.000000,0,0,0
30.570,-0.0819000,-0.0102000,9.6744000,32.8827000,31.3034000,30.7312000,-38.2370000,-5.3180000,5.0920000,0.000000,0,0,0
30.580,-0.0819000,-0.0102000,9.6744000,32.8827000,31.2958000,30.7312000,-38.1240000,-5.3790000,5.6950000,0.000000,0,0,0
30.590,-0.0807000,-0.0090000,9.6732000,32.8751000,31.2958000,30.7312000,-38.1420000,-5.2310000,5.7840000,0.000000,0,0,0
30.600,-0.0796000,-0.0090000,9.6720000,32.8751000,31.2958000,30.7312000,-38.4830000,-4.7830000,6.2600000,0.000000,0,0,0
30.610,-0.0784000,-0.0078000,9.6708000,32.8751000,31.3034000,30.7312000,-38.2240000,-4.7740000,5.7200000,0.000000,0,0,0
30.620,-0.0796000,-0.0066000,9.6696000,32.8751000,31.3187000,30.7312000,-38.1590000,-5.0120000,5.9570000,0.000000,0,0,0
30.630,-0.0807000,-0.0066000,9.6696000,32.8751000,31.3263000,30.7236000,-37.8380000,-5.0260000,6.0430000,0.000000,0,0,0
30.640,-0.0819000,-0.0078000,9.6708000,32.8827000,31.3263000,30.7236000,-38.2130000,-5.1240000,5.8850000,0.000000,0,0,0
30.650,-0.0831000,-0.0090000,9.6720000,32.8827000,31.3263000,30.7236000,-38.5800000,-4.8450000,5.9750000,0.000000,0,0,0
30.660,-0.0843000,-0.0102000,9.6744000,32.8827000,31.3263000,30.7236000,-38.3680000,-4.7890000,5.9670000,0.000000,0,0,0
30.670,-0.0843000,-0.0114000,9.6744000,32.8751000,31.3187000,30.7159000,-38.1890000,-5.0700000,6.1460000,0.000000,0,0,0
30.680,-0.0843000,-0.0114000,9.6732000,32.8751000,31.3263000,30.7083000,-38.4140000,-4.8290000,6.3360000,0.000000,0,0,0
30.690,-0.0831000,-0.0114000,9.6720000,32.8827000,31.3263000,30.7083000,-38.0890000,-5.0770000,6.0770000,0.000000,0,0,0
30.700,-0.0819000,-0.0102000,9.6732000,32.8827000,31.3263000,30.7083000,-38.2200000,-4.9580000,6.1120000,0.000000,0,0,0
30.710,-0.0819000,-0.0090000,9.6732000,32.8827000,31.3263000,30.7159000,-37.8900000,-4.9930000,6.1460000,0.000000,0,0,0
30.720,-0.0807000,-0.0078000,9.6720000,32.8827000,31.3187000,30.7236000,-38.4930000,-4.9010000,6.1500000,0.000000,0,0,0
30.730,-0.0784000,-0.0066000,9.6720000,32.8903000,31.3187000,30.7236000,-38.0290000,-4.9880000,6.2820000,0.000000,0,0,0
30.740,-0.0784000,-0.0078000,9.6720000,32.8979000,31.3110000,30.7236000,-38.0640000,-5.3120000,6.0960000,0.000000,0,0,0
30.750,-0.0796000,-0.0090000,9.6732000,32.8903000,31.3034000,30.7236000,-38.1740000,-4.7450000,6.1050000,0.000000,0,0,0
30.760,-0.0796000,-0.0102000,9.6744000,32.8903000,31.3034000,30.7236000,-38.4810000,-5.1330000,6.4660000,0.000000,0,0,0
30.770,-0.0807000,-0.0102000,9.6732000,32.8903000,31.2958000,30.7159000,-38.3730000,-4.9460000,6.0520000,0.000000,0,0,0
30.780,-0.0807000,-0.0102000,9.6732000,32.8903000,31.2958000,30.7159000,-38.2450000,-5.0530000,6.2620000,0.000000,0,0,0
30.790,-0.0796000,-0.0090000,9.6720000,32.8903000,31.3034000,30.7159000,-38.3100000,-4.7600000,6.1340000,0.000000,0,0,0
30.800,-0.0807000,-0.0078000,9.6720000,32.8903000,31.3034000,30.7159000,-38.3330000,-4.7470000,5.8350000,0.000000,0,0,0
30.810,-0.0807000,-0.0066000,9.6732000,32.8827000,31.3110000,30.7159000,-38.1660000,-4.6300000,5.9230000,0.000000,0,0,0
30.820,-0.0807000,-0.0066000,9.6732000,32.8751000,31.3187000,30.7236000,-38.1120000,-4.6760000,6.3010000,0.000000,0,0,0
30.830,-0.0796000,-0.0066000,9.6732000,32.8751000,31.3187000,30.7236000,-38.2920000,-5.2810000,6.2590000,0.000000,0,0,0
30.840,-0.0796000,-0.0078000,9.6708000,32.8751000,31.3187000,30.7312000,-38.2820000,-4.9470000,5.7470000,0.000000,0,0,0
30.850,-0.0807000,-0.0066000,9.6708000,32.8827000,31.3187000,30.7312000,-38.1190000,-5.1450000,6.0570000,0.000000,0,0,0
30.860,-0.0819000,-0.0054000,9.6708000,32.8827000,31.3263000,30.7388000,-38.2070000,-5.2240000,5.8440000,0.000000,0,0,0
30.870,-0.0843000,-0.0054000,9.6708000,32.8827000,31.3263000,30.7312000,-38.2830000,-5.2210000,6.1060000,0.000000,0,0,0
30.880,-0.0843000,-0.0066000,9.6696000,32.8903000,31.3263000,30.7236000,-38.3290000,-5.2110000,6.3860000,0.000000,0,0,0
30.890,-0.0843000,-0.0078000,9.6708000,32.8903000,31.3263000,30.7236000,-38.0200000,-4.7350000,6.4890000,0.000000,0,0,0
30.900,-0.0843000,-0.0090000,9.6720000,32.8827000,31.3187000,30.7159000,-38.2310000,-4.8120000,6.3180000,0.000000,0,0,0
30.910,-0.0831000,-0.0114000,9.6732000,32.8903000,31.3187000,30.7159000,-37.9600000,-4.9980000,6.4420000,0.000000,0,0,0
30.920,-0.0831000,-0.0138000,9.6732000,32.8903000,31.3110000,30.7159000,-38.0610000,-4.9410000,6.2270000,0.000000,0,0,0
30.930,-0.0819000,-0.0138000,9.6732000,32.8979000,31.3110000,30.7159000,-38.0200000,-4.9860000,6.3370000,0.000000,0,0,0
30.940,-0.0796000,-0.0126000,9.6732000,32.8979000,31.3110000,30.7083000,-38.0930000,-5.0820000,6.2880000,0.000000,0,0,0
30.950,-0.0784000,-0.0126000,9.6732000,32.8979000,31.3110000,30.7083000,-38.0650000,-4.9600000,6.3860000,0.000000,0,0,0
30.960,-0.0784000,-0.0114000,9.6708000,32.8903000,31.3110000,30.7159000,-37.9950000,-4.9670000,6.3050000,0.000000,0,0,0
30.970,-0.0784000,-0.0114000,9.6708000,32.8827000,31.3110000,30.7159000,-38.1860000,-4.6870000,6.6160000,0.000000,0,0,0
30.980,-0.0784000,-0.0114000,9.6708000,32.8827000,31.3110000,30.7159000,-38.4820000,-4.7610000,6.2350000,0.000000,0,0,0
30.990,-0.0784000,-0.0114000,9.6708000,32.8903000,31.3110000,30.7159000,-38.0890000,-5.1910000,6.6900000,0.000000,0,0,0
31.000,-0.0784000,-0.0114000,9.6708000,32.8903000,31.3110000,30.7159000,-37.9860000,-5.0460000,5.8820000,0.000000,0,0,0
31.010,-0.0784000,-0.0102000,9.6696000,32.8903000,31.3110000,30.7159000,-38.0880000,-5.1920000,6.6950000,0.000000,0,0,0
31.020,-0.0784000,-0.0090000,9.6696000,32.8979000,31.3110000,30.7236000,-38.0020000,-5.1260000,6.4150000,0.000000,0,0,0
31.030,-0.0796000,-0.0090000,9.6720000,32.8979000,31.3187000,30.7236000,-38.0920000,-4.9510000,5.8440000,0.000000,0,0,0
31.040,-0.0807000,-0.0078000,9.6720000,32.8903000,31.3187000,30.7236000,-38.0090000,-5.3060000,6.0660000,0.000000,0,0,0
31.050,-0.0807000,-0.0066000,9.6720000,32.8903000,31.3263000,30.7159000,-38.0200000,-5.1520000,6.7400000,0.000000,0,0,0
31.060,-0.0819000,-0.0066000,9.6732000,32.8979000,31.3263000,30.7159000,-38.1840000,-5.0640000,6.4950000,0.000000,0,0,0
31.070,-0.0831000,-0.0078000,9.6756000,32.9056000,31.3110000,30.7159000,-37.9490000,-5.3040000,6.5770000,0.000000,0,0,0
31.080,-0.0831000,-0.0078000,9.6756000,32.9056000,31.2958000,30.7159000,-38.1030000,-4.9190000,6.1680000,0.000000,0,0,0
31.090,-0.0831000,-0.0090000,9.6768000,32.9056000,31.2881000,30.7159000,-37.9640000,-5.2100000,6.3460000,0.000000,0,0,0
31.100,-0.0831000,-0.0090000,9.6768000,32.9056000,31.2805000,30.7236000,-37.8950000,-5.2630000,6.1010000,0.000000,0,0,0
31.110,-0.0831000,-0.0090000,9.6768000,32.8979000,31.2805000,30.7236000,-37.8120000,-5.3100000,5.8480000,0.000000,0,0,0
31.120,-0.0831000,-0.0090000,9.6756000,32.8979000,31.2881000,30.7236000,-38.2120000,-5.2860000,6.7280000,0.000000,0,0,0
31.130,-0.0831000,-0.0078000,9.6744000,32.8903000,31.2958000,30.7236000,-38.1330000,-5.3080000,6.4700000,0.000000,0,0,0
31.140,-0.0831000,-0.0078000,9.6732000,32.8903000,31.3034000,30.7236000,-38.1330000,-5.1140000,6.2930000,0.000000,0,0,0
31.150,-0.0843000,-0.0078000,9.6732000,32.8903000,31.3110000,30.7236000,-37.8770000,-5.0870000,6.1470000,0.000000,0,0,0
31.160,-0.0843000,-0.0078000,9.6732000,32.8903000,31.3110000,30.7312000,-37.9900000,-5.2930000,6.3360000,0.000000,0,0,0
31.170,-0.0819000,-0.0078000,9.6732000,32.8903000,31.3187000,30.7312000,-38.1500000,-5.1970000,6.6960000,0.000000,0,0,0
31.180,-0.0807000,-0.0078000,9.6720000,32.8903000,31.3187000,30.7312000,-38.1690000,-5.4240000,6.4590000,0.000000,0,0,0
31.190,-0.0796000,-0.0090000,9.6708000,32.8903000,31.3263000,30.7312000,-38.1960000,-5.3720000,6.4100000,0.000000,0,0,0
31.200,-0.0796000,-0.0102000,9.6720000,32.8903000,31.3263000,30.7312000,-38.0690000,-4.9930000,6.2850000,0.000000,0,0,0
31.210,-0.0796000,-0.0114000,9.6720000,32.8827000,31.3263000,30.7236000,-38.1490000,-5.1370000,6.2870000,0.000000,0,0,0
31.220,-0.0796000,-0.0114000,9.6720000,32.8903000,31.3187000,30.7236000,-38.0800000,-5.0980000,6.2950000,0.000000,0,0,0
31.230,-0.0807000,-0.0102000,9.6732000,32.8903000,31.3034000,30.7312000,-38.2270000,-5.2090000,6.1240000,0.000000,0,0,0
31.240,-0.0807000,-0.0102000,9.6732000,32.8827000,31.2881000,30.7388000,-38.0750000,-5.3430000,6.1140000,0.000000,0,0,0
31.250,-0.0807000,-0.0090000,9.6720000,32.8903000,31.2881000,30.7388000,-38.1110000,-4.9470000,6.2060000,0.000000,0,0,0
31.260,-0.0819000,-0.0090000,9.6720000,32.8903000,31.2958000,30.7312000,-38.1160000,-5.1620000,6.4340000,0.000000,0,0,0
31.270,-0.0807000,-0.0090000,9.6708000,32.8903000,31.3034000,30.7312000,-38.1410000,-5.0800000,6.3390000,0.000000,0,0,0
31.280,-0.0807000,-0.0090000,9.6720000,32.8903000,31.3034000,30.7236000,-38.1790000,-5.0090000,6.1700000,0.000000,0,0,0
31.290,-0.0784000,-0.0102000,9.6732000,32.8903000,31.3110000,30.7236000,-38.3240000,-5.0910000,6.3130000,0.000000,0,0,0
31.300,-0.0748000,-0.0126000,9.6696000,32.8827000,31.3339000,30.7312000,-38.1960000,-5.2840000,6.0650000,0.000000,0,0,0
31.310,-0.0736000,-0.0126000,9.6672000,32.8827000,31.3644000,30.7312000,-38.3710000,-5.0870000,6.0290000,0.000000,0,0,0
31.320,-0.0772000,-0.0114000,9.6684000,32.8827000,31.3797000,30.7312000,-38.5110000,-4.8910000,5.6420000,0.000000,0,0,0
31.330,-0.0807000,-0.0102000,9.6732000,32.8903000,31.3873000,30.7312000,-38.2680000,-4.9550000,5.9610000,0.000000,0,0,0
31.340,-0.0831000,-0.0102000,9.6732000,32.9056000,31.3721000,30.7312000,-38.1680000,-5.3790000,6.0320000,0.000000,0,0,0
31.350,-0.0831000,-0.0102000,9.6696000,32.9132000,31.3492000,30.7312000,-38.3200000,-5.2310000,6.2400000,0.000000,0,0,0
31.360,-0.0819000,-0.0090000,9.6708000,32.9056000,31.3416000,30.7312000,-38.3910000,-4.9120000,6.1190000,0.000000,0,0,0
31.370,-0.0807000,-0.0078000,9.6744000,32.8903000,31.3339000,30.7312000,-38.1350000,-5.4260000,6.1930000,0.000000,0,0,0
31.380,-0.0796000,-0.0078000,9.6756000,32.8903000,31.3339000,30.7465000,-38.0170000,-5.4220000,5.8470000,0.000000,0,0,0
31.390,-0.0784000,-0.0066000,9.6720000,32.8827000,31.3187000,30.7541000,-38.1610000,-5.0340000,6.0250000,0.000000,0,0,0
31.400,-0.0784000,-0.0078000,9.6708000,32.8827000,31.3034000,30.7541000,-38.1480000,-5.1440000,6.5720000,0.000000,0,0,0
31.410,-0.0712000,-0.0066000,9.6732000,32.8903000,31.2881000,30.7388000,-38.1050000,-4.9070000,6.3070000,0.000000,0,0,0
31.420,0.0544000,0.0389000,9.6780000,32.8827000,31.1584000,30.2353000,-37.9470000,-4.9910000,6.3160000,0.000000,0,0,0
31.430,0.3595000,0.1202000,9.6780000,32.8979000,30.9525000,27.9465000,-38.0720000,-5.0320000,5.8920000,0.000000,0,0,0
31.440,0.5772000,0.1824000,9.6708000,32.8979000,30.7922000,23.3688000,-38.1700000,-5.1510000,5.9660000,0.000000,0,0,0
31.450,0.6191000,0.1489000,9.6552000,32.9056000,30.7236000,18.2190000,-37.9920000,-5.1880000,6.1090000,0.000000,0,0,0
31.460,0.5916000,0.0664000,9.6552000,32.9056000,30.7617000,14.3204000,-38.1620000,-4.9850000,5.8370000,0.000000,0,0,0
31.470,0.5724000,-0.0413000,9.6732000,32.9208000,30.8914000,13.1683000,-38.0910000,-4.8490000,6.3520000,0.000000,0,0,0
31.480,0.5389000,-0.1023000,9.6852000,32.9285000,31.0364000,14.9384000,-37.8970000,-5.0430000,6.2630000,0.000000,0,0,0
31.490,0.4217000,-0.1059000,9.6732000,32.9361000,31.1432000,18.3029000,-38.0850000,-4.6420000,6.2470000,0.000000,0,0,0
31.500,0.1477000,-0.0712000,9.6564000,32.9361000,31.2729000,23.5672000,-37.9660000,-4.8250000,6.4740000,0.000000,0,0,0
31.510,0.0281000,-0.0508000,9.6708000,32.9285000,31.3568000,26.1383000,-38.0410000,-4.8290000,6.2300000,0.000000,0,0,0
31.520,0.0042000,-0.0437000,9.6840000,32.9285000,31.3950000,27.8931000,-38.0910000,-4.8790000,6.1670000,0.000000,0,0,0
31.530,0.0365000,-0.0353000,9.6780000,32.9285000,31.4102000,29.0146000,-37.8850000,-4.6930000,6.2130000,0.000000,0,0,0
31.540,0.0927000,-0.0221000,9.6660000,32.9208000,31.4102000,29.6173000,-37.6880000,-5.0190000,6.0230000,0.000000,0,0,0
31.550,0.1501000,-0.0138000,9.6672000,32.8979000,31.4026000,29.9301000,-38.0030000,-4.8830000,6.7570000,0.000000,0,0,0
31.560,0.1848000,-0.0126000,9.6744000,32.8903000,31.3873000,30.1819000,-37.8490000,-4.8720000,6.5720000,0.000000,0,0,0
31.570,0.2040000,-0.0114000,9.6744000,32.8903000,31.3644000,30.5023000,-37.5360000,-5.0320000,6.5470000,0.000000,0,0,0
31.580,0.2327000,-0.0030000,9.6660000,32.8903000,31.3263000,30.7999000,-37.4990000,-5.0380000,6.2000000,0.000000,0,0,0
31.590,0.2781000,0.0078000,9.6624000,32.8903000,31.2729000,30.8838000,-37.2860000,-4.7950000,7.0910000,0.000000,0,0,0
31.600,0.3140000,0.0126000,9.6672000,32.8903000,31.2347000,30.7770000,-37.4540000,-5.2160000,6.9080000,0.000000,0,0,0
31.610,0.3009000,0.0102000,9.6696000,32.8903000,31.1966000,30.7083000,-37.5140000,-4.9460000,6.3190000,0.000000,0,0,0
31.620,0.2482000,0.0054000,9.6660000,32.8903000,31.1813000,30.7388000,-37.1240000,-4.9980000,6.4660000,0.000000,0,0,0
31.630,0.2064000,-0.0114000,9.6648000,32.9056000,31.1813000,30.9296000,-36.8920000,-5.0030000,6.6410000,0.000000,0,0,0
31.640,0.2028000,-0.0293000,9.6696000,32.9285000,31.1966000,31.3034000,-37.1700000,-4.8870000,6.4930000,0.000000,0,0,0
31.650,0.2315000,-0.0377000,9.6744000,32.9285000,31.2195000,31.7154000,-36.8600000,-5.1060000,6.4890000,0.000000,0,0,0
31.660,0.2734000,-0.0377000,9.6732000,32.9361000,31.2424000,31.9290000,-36.7470000,-4.9070000,6.4560000,0.000000,0,0,0
31.670,0.3332000,-0.0437000,9.6684000,32.9208000,31.2576000,31.8680000,-36.6810000,-4.8690000,6.8500000,0.000000,0,0,0
31.680,0.3870000,-0.0461000,9.6672000,32.9132000,31.2576000,31.6391000,-36.5840000,-4.9810000,6.0490000,0.000000,0,0,0
31.690,0.4085000,-0.0293000,9.6708000,32.9056000,31.2500000,31.3110000,-36.5090000,-5.1920000,6.4990000,0.000000,0,0,0
31.700,0.4097000,-0.0185000,9.6708000,32.9056000,31.2271000,30.7465000,-36.4660000,-4.9270000,6.6360000,0.000000,0,0,0
31.710,0.3870000,-0.0185000,9.6672000,32.8979000,31.2119000,30.1285000,-36.5010000,-4.8610000,6.8650000,0.000000,0,0,0
31.720,0.3451000,-0.0389000,9.6660000,32.8979000,31.1890000,29.7775000,-36.5820000,-5.2230000,6.2480000,0.000000,0,0,0
31.730,0.2937000,-0.0592000,9.6696000,32.9056000,31.1813000,29.8767000,-36.2810000,-5.1650000,6.9550000,0.000000,0,0,0
31.740,0.2446000,-0.0855000,9.6720000,32.9132000,31.1890000,30.4871000,-36.0250000,-5.0730000,6.5500000,0.000000,0,0,0
31.750,0.1992000,-0.1047000,9.6732000,32.9285000,31.2195000,31.5857000,-36.1990000,-5.3770000,6.7770000,0.000000,0,0,0
31.760,0.1585000,-0.1166000,9.6732000,32.9361000,31.2653000,33.0353000,-35.8800000,-4.9480000,6.9280000,0.000000,0,0,0
31.770,0.1226000,-0.1202000,9.6744000,32.9437000,31.3187000,34.8053000,-35.7950000,-5.3880000,7.2010000,0.000000,0,0,0
31.780,0.1202000,-0.1047000,9.6756000,32.9437000,31.3644000,36.6135000,-35.4830000,-5.8780000,6.8050000,0.000000,0,0,0
31.790,0.2076000,-0.0616000,9.6756000,32.9514000,31.3721000,37.8647000,-35.3550000,-5.8010000,7.2350000,0.000000,0,0,0
31.800,0.3750000,-0.0138000,9.6732000,32.9819000,31.3416000,38.1775000,-35.2590000,-5.6770000,6.9480000,0.000000,0,0,0
31.810,0.4863000,0.0209000,9.6672000,33.0048000,31.3187000,37.7426000,-35.1750000,-5.8990000,6.9440000,0.000000,0,0,0
31.820,0.5006000,0.0305000,9.6612000,33.0048000,31.3339000,37.1094000,-35.1750000,-6.1510000,7.1630000,0.000000,0,0,0
31.830,0.4552000,0.0353000,9.6636000,32.9895000,31.3721000,36.4685000,-35.0310000,-6.2720000,7.6300000,0.000000,0,0,0
31.840,0.4097000,0.0413000,9.6708000,32.9437000,31.4026000,35.9192000,-34.9710000,-6.4140000,7.7090000,0.000000,0,0,0
31.850,0.3571000,0.0508000,9.6744000,32.9208000,31.4255000,35.2631000,-35.0560000,-6.6200000,8.2170000,0.000000,0,0,0
31.860,0.3176000,0.0413000,9.6732000,32.8979000,31.4560000,34.5840000,-34.5480000,-6.6140000,8.3210000,0.000000,0,0,0
31.870,0.3535000,0.0150000,9.6720000,32.8979000,31.4713000,34.3018000,-34.6560000,-6.6710000,8.5300000,0.000000,0,0,0
31.880,0.4265000,0.0054000,9.6744000,32.9208000,31.4789000,34.4467000,-34.4300000,-7.0770000,8.2630000,0.000000,0,0,0
31.890,0.5138000,0.0042000,9.6756000,32.9514000,31.4713000,34.8434000,-34.5200000,-7.0090000,8.7560000,0.000000,0,0,0
31.900,0.6071000,0.0054000,9.6708000,32.9819000,31.4560000,35.3088000,-34.3930000,-7.5210000,9.2450000,0.000000,0,0,0
31.910,0.6825000,0.0066000,9.6660000,33.0124000,31.4484000,35.7361000,-34.1630000,-7.6140000,9.3320000,0.000000,0,0,0
31.920,0.7244000,0.0126000,9.6648000,33.0200000,31.4407000,35.9650000,-33.9730000,-7.8170000,9.3780000,0.000000,0,0,0
31.930,0.7638000,0.0114000,9.6672000,33.0124000,31.4407000,35.9116000,-33.6920000,-7.9660000,9.7380000,0.000000,0,0,0
31.940,0.8165000,0.0018000,9.6696000,32.9895000,31.4713000,35.6979000,-33.6860000,-8.4630000,9.8370000,0.000000,0,0,0
31.950,0.8224000,-0.0090000,9.6672000,32.9361000,31.5018000,35.4614000,-33.6780000,-8.1600000,9.7090000,0.000000,0,0,0
31.960,0.7411000,-0.0054000,9.6636000,32.9056000,31.5170000,35.0800000,-33.8300000,-8.4560000,9.9710000,0.000000,0,0,0
31.970,0.6155000,0.0090000,9.6612000,32.8979000,31.5247000,34.3399000,-33.7390000,-8.6740000,10.4020000,0.000000,0,0,0
31.980,0.5473000,0.0221000,9.6636000,32.8979000,31.5323000,33.3099000,-33.8360000,-8.9300000,10.5770000,0.000000,0,0,0
31.990,0.5557000,0.0066000,9.6684000,32.8522000,31.5475000,32.4326000,-33.8360000,-9.4540000,10.6910000,0.000000,0,0,0
32.000,0.6191000,-0.0413000,9.6708000,32.8751000,31.5399000,32.2647000,-33.5380000,-9.8870000,10.7650000,0.000000,0,0,0
32.010,0.6717000,-0.0903000,9.6684000,32.8598000,31.5094000,32.9666000,-33.5030000,-9.9750000,10.9790000,0.000000,0,0,0
32.020,0.6729000,-0.0927000,9.6648000,32.9208000,31.4713000,34.2407000,-33.5990000,-10.3080000,12.1840000,0.000000,0,0,0
32.030,0.6167000,-0.0281000,9.6660000,32.9590000,31.4407000,35.1791000,-33.8270000,-10.4150000,12.1770000,0.000000,0,0,0
32.040,0.5329000,0.0413000,9.6708000,32.9590000,31.4178000,35.0418000,-33.9380000,-10.5830000,12.4840000,0.000000,0,0,0
32.050,0.4588000,0.0580000,9.6732000,32.9285000,31.4102000,33.9890000,-33.5660000,-10.8280000,12.0930000,0.000000,0,0,0
32.060,0.4444000,0.0221000,9.6732000,32.9285000,31.4102000,32.8445000,-34.2340000,-11.0250000,12.5230000,0.000000,0,0,0
32.070,0.4743000,-0.0389000,9.6720000,32.9666000,31.4331000,32.1884000,-34.2790000,-11.5230000,12.4960000,0.000000,0,0,0
32.080,0.5318000,-0.0951000,9.6708000,32.9742000,31.4178000,32.3029000,-34.2020000,-11.7110000,12.5200000,0.000000,0,0,0
32.090,0.5605000,-0.1346000,9.6684000,32.9437000,31.4102000,33.0887000,-34.3680000,-12.0650000,12.7800000,0.000000,0,0,0
32.100,0.5198000,-0.1657000,9.6648000,32.8598000,31.4255000,34.3857000,-34.4200000,-12.2680000,13.5900000,0.000000,0,0,0
32.110,0.5114000,-0.2004000,9.6672000,32.7606000,31.4407000,36.2625000,-34.7270000,-12.5120000,13.2010000,0.000000,0,0,0
32.120,0.5449000,-0.2387000,9.6744000,32.7377000,31.4331000,39.0930000,-34.8110000,-12.7310000,13.7280000,0.000000,0,0,0
32.130,0.5533000,-0.2793000,9.6780000,32.7759000,31.4484000,43.3960000,-35.0430000,-13.1880000,13.8660000,0.000000,0,0,0
32.140,0.4384000,-0.2171000,9.6696000,32.8217000,31.5247000,51.2314000,-35.0920000,-12.9500000,14.6010000,0.000000,0,0,0
32.150,0.3607000,-0.1035000,9.6708000,32.8293000,31.5704000,54.9850000,-35.1520000,-13.6280000,14.9100000,0.000000,0,0,0
32.160,0.3092000,0.0592000,9.6744000,32.8522000,31.6238000,56.0837000,-35.8060000,-13.9400000,14.0950000,0.000000,0,0,0
32.170,0.3583000,0.1681000,9.6744000,32.9361000,31.6238000,54.5731000,-36.0620000,-14.3120000,14.2740000,0.000000,0,0,0
32.180,0.4899000,0.2088000,9.6708000,32.9285000,31.5781000,51.4526000,-36.3110000,-14.2170000,14.6910000,0.000000,0,0,0
32.190,0.6358000,0.2291000,9.6672000,33.0048000,31.5247000,47.7066000,-36.5320000,-14.5690000,14.8700000,0.000000,0,0,0
32.200,0.7267000,0.2745000,9.6696000,33.1421000,31.5170000,43.8080000,-36.8630000,-14.8870000,14.2980000,0.000000,0,0,0
32.210,0.8775000,0.3260000,9.6744000,33.2489000,31.5247000,39.8636000,-37.0410000,-14.5850000,13.9290000,0.000000,0,0,0
32.220,0.9672000,0.3308000,9.6732000,33.2870000,31.5552000,36.8805000,-37.2980000,-14.6560000,14.3900000,0.000000,0,0,0
32.230,0.8153000,0.3308000,9.6660000,33.2718000,31.5781000,35.3928000,-37.4330000,-14.5760000,14.3370000,0.000000,0,0,0
32.240,0.4660000,0.3164000,9.6624000,33.1879000,31.6086000,34.5001000,-37.5980000,-14.8350000,14.4150000,0.000000,0,0,0
32.250,0.1334000,0.2267000,9.6720000,33.0276000,31.6162000,33.7219000,-37.9000000,-15.0600000,14.3580000,0.000000,0,0,0
32.260,-0.0700000,0.0927000,9.6828000,32.8827000,31.5857000,33.4702000,-38.5640000,-15.0510000,14.8560000,0.000000,0,0,0
32.270,-0.1418000,-0.0257000,9.6792000,32.8217000,31.4560000,34.0652000,-38.9430000,-15.1870000,14.7320000,0.000000,0,0,0
32.280,-0.1549000,-0.0963000,9.6660000,32.8522000,31.2958000,35.0266000,-39.1400000,-15.1560000,14.1960000,0.000000,0,0,0
32.290,-0.1107000,-0.1430000,9.6612000,32.8827000,31.1661000,35.8276000,-39.5990000,-14.9710000,14.6220000,0.000000,0,0,0
32.300,0.0209000,-0.1465000,9.6696000,32.9742000,31.0516000,36.1176000,-39.9120000,-15.0130000,14.1600000,0.000000,0,0,0
32.310,0.2734000,-0.1119000,9.6768000,33.0658000,30.9601000,35.9573000,-40.2890000,-14.9670000,14.9230000,0.000000,0,0,0
32.320,0.4899000,-0.0317000,9.6756000,33.1192000,30.9677000,35.4309000,-40.0250000,-15.0330000,14.5640000,0.000000,0,0,0
32.330,0.5509000,0.0389000,9.6672000,33.2184000,31.0745000,34.9045000,-40.3970000,-15.4050000,14.4770000,0.000000,0,0,0
32.340,0.4576000,0.1047000,9.6696000,33.1650000,31.2653000,34.7977000,-40.7620000,-15.2690000,14.0780000,0.000000,0,0,0
32.350,0.2554000,0.1609000,9.6804000,33.0276000,31.5170000,35.1028000,-41.1620000,-14.9240000,13.5250000,0.000000,0,0,0
32.360,0.0102000,0.2064000,9.6864000,32.9514000,31.7688000,35.6979000,-41.4610000,-14.9010000,14.0470000,0.000000,0,0,0
32.370,-0.2088000,0.2315000,9.6756000,33.0658000,31.9977000,36.3388000,-41.6960000,-15.0930000,13.4760000,0.000000,0,0,0
32.380,-0.2494000,0.2387000,9.6660000,33.0429000,32.1350000,37.0331000,-41.9790000,-14.8680000,13.8440000,0.000000,0,0,0
32.390,-0.2076000,0.2506000,9.6720000,33.0734000,32.1808000,37.6358000,-42.2110000,-15.0360000,13.8290000,0.000000,0,0,0
32.400,-0.1992000,0.2506000,9.6672000,33.0811000,32.0816000,38.1775000,-42.4850000,-14.7730000,13.5970000,0.000000,0,0,0
32.410,-0.2111000,0.2411000,9.6588000,33.0887000,31.8222000,38.6429000,-42.7530000,-15.0800000,14.0030000,0.000000,0,0,0
32.420,-0.3092000,0.2123000,9.6576000,33.1421000,31.5323000,39.4592000,-43.0490000,-15.2260000,13.9300000,0.000000,0,0,0
32.430,-0.4193000,0.2052000,9.6660000,33.2565000,31.2424000,40.2832000,-43.6090000,-15.2340000,13.7250000,0.000000,0,0,0
32.440,-0.4815000,0.2135000,9.6732000,33.3252000,31.0211000,40.6799000,-43.6510000,-15.0110000,13.4890000,0.000000,0,0,0
32.450,-0.5234000,0.2375000,9.6720000,33.2947000,30.8914000,40.6799000,-44.1810000,-14.4660000,13.4980000,0.000000,0,0,0
32.460,-0.5545000,0.2757000,9.6684000,33.2947000,30.8075000,39.9323000,-43.7970000,-14.6910000,12.6190000,0.000000,0,0,0
32.470,-0.5186000,0.2829000,9.6768000,33.3176000,30.7465000,38.5056000,-44.2270000,-14.3170000,13.1690000,0.000000,0,0,0
32.480,-0.5054000,0.2518000,9.6864000,33.2184000,30.7693000,36.9263000,-44.5690000,-14.1510000,12.8500000,0.000000,0,0,0
32.490,-0.5629000,0.1872000,9.6875000,33.0276000,30.8151000,35.4538000,-44.5760000,-14.2380000,13.0230000,0.000000,0,0,0
32.500,-0.6717000,0.0963000,9.6816000,32.8827000,30.8838000,34.4696000,-44.9120000,-13.6830000,13.2390000,0.000000,0,0,0
32.510,-0.8201000,0.0209000,9.6792000,32.8293000,30.9753000,34.4238000,-45.1380000,-13.5390000,12.7000000,0.000000,0,0,0
32.520,-0.9193000,0.0197000,9.6828000,32.9437000,30.9677000,34.9503000,-45.3840000,-13.4620000,12.3570000,0.000000,0,0,0
32.530,-0.9170000,0.0580000,9.6840000,33.0811000,30.9601000,35.3394000,-45.1470000,-13.3680000,12.2300000,0.000000,0,0,0
32.540,-0.8631000,0.1023000,9.6780000,33.0887000,30.9525000,35.3317000,-45.9310000,-12.8040000,11.8030000,0.000000,0,0,0
32.550,-0.7985000,0.1130000,9.6744000,33.1726000,30.9296000,34.4925000,-45.7630000,-12.9650000,12.3580000,0.000000,0,0,0
32.560,-0.7602000,0.0700000,9.6792000,33.2870000,30.8990000,33.0811000,-45.9560000,-12.3400000,11.7040000,0.000000,0,0,0
32.570,-0.7602000,0.0161000,9.6852000,33.3481000,30.8609000,31.4713000,-46.1960000,-12.4520000,10.9610000,0.000000,0,0,0
32.580,-0.8201000,-0.0377000,9.6804000,33.2794000,30.8380000,30.0751000,-46.3820000,-12.2580000,11.2450000,0.000000,0,0,0
32.590,-0.9433000,-0.0736000,9.6720000,33.1192000,30.8380000,29.2892000,-46.4050000,-12.0870000,10.9540000,0.000000,0,0,0
32.600,-1.0797000,-0.0640000,9.6708000,33.0505000,30.8685000,29.1061000,-46.4160000,-11.8830000,10.6820000,0.000000,0,0,0
32.610,-1.2089000,-0.0365000,9.6744000,32.9742000,30.9372000,29.3198000,-46.4990000,-11.7450000,10.7360000,0.000000,0,0,0
32.620,-1.3201000,-0.0269000,9.6768000,32.8445000,31.0516000,29.8004000,-46.4660000,-10.9330000,9.6210000,0.000000,0,0,0
32.630,-1.3739000,-0.0568000,9.6768000,32.7301000,31.1813000,30.3268000,-46.7110000,-11.1900000,10.8850000,0.000000,0,0,0
32.640,-1.3727000,-0.1119000,9.6804000,32.7072000,31.3339000,30.7465000,-46.7030000,-11.3100000,10.4250000,0.000000,0,0,0
32.650,-1.3249000,-0.1729000,9.6852000,32.7454000,31.5018000,31.0287000,-46.5380000,-11.1300000,10.1370000,0.000000,0,0,0
32.660,-1.2639000,-0.2052000,9.6864000,32.8064000,31.6544000,31.3187000,-46.4620000,-10.8300000,10.4500000,0.000000,0,0,0
32.670,-1.2280000,-0.1872000,9.6804000,32.8217000,31.7841000,31.5475000,-46.0550000,-10.8510000,10.1120000,0.000000,0,0,0
32.680,-1.1945000,-0.1202000,9.6744000,32.8064000,31.8680000,31.5781000,-46.4550000,-10.5290000,9.7010000,0.000000,0,0,0
32.690,-1.1622000,-0.0293000,9.6744000,32.7606000,31.8832000,31.4941000,-46.2960000,-10.4120000,9.2520000,0.000000,0,0,0
32.700,-1.1610000,0.0401000,9.6780000,32.7454000,31.8832000,31.2653000,-46.4790000,-10.3870000,9.0120000,0.000000,0,0,0
32.710,-1.2041000,0.0592000,9.6780000,32.7911000,31.8604000,31.1584000,-46.4890000,-10.4910000,9.2230000,0.000000,0,0,0
32.720,-1.2711000,0.0317000,9.6780000,32.8522000,31.8146000,31.4713000,-46.1860000,-9.9780000,8.7870000,0.000000,0,0,0
32.730,-1.3357000,-0.0173000,9.6804000,32.8903000,31.7688000,32.2342000,-46.3650000,-10.2520000,9.3180000,0.000000,0,0,0
32.740,-1.3967000,-0.0640000,9.6840000,32.9361000,31.7383000,33.3023000,-46.1750000,-9.9740000,9.5480000,0.000000,0,0,0
32.750,-1.4182000,-0.0927000,9.6816000,32.9514000,31.6925000,34.4620000,-46.0510000,-10.1800000,9.1700000,0.000000,0,0,0
32.760,-1.3799000,-0.0927000,9.6768000,32.9514000,31.6391000,35.5377000,-46.2840000,-9.9120000,8.8950000,0.000000,0,0,0
32.770,-1.2842000,-0.0568000,9.6720000,32.9514000,31.5628000,36.1938000,-46.0800000,-10.0600000,8.7100000,0.000000,0,0,0
32.780,-1.1610000,-0.0006000,9.6720000,32.9437000,31.4865000,36.2778000,-46.1370000,-9.8270000,8.5140000,0.000000,0,0,0
32.790,-1.0414000,0.0389000,9.6744000,32.9437000,31.4255000,35.7361000,-46.0230000,-10.2450000,8.9600000,0.000000,0,0,0
32.800,-0.9289000,0.0508000,9.6756000,32.9437000,31.3950000,34.8740000,-46.0460000,-10.0520000,8.6400000,0.000000,0,0,0
32.810,-0.8392000,0.0425000,9.6744000,32.9437000,31.3797000,33.9661000,-45.9860000,-9.9220000,9.1070000,0.000000,0,0,0
32.820,-0.7878000,0.0221000,9.6780000,32.9361000,31.3797000,33.0963000,-45.8730000,-9.8220000,9.2280000,0.000000,0,0,0
32.830,-0.7590000,-0.0006000,9.6780000,32.9208000,31.3950000,32.3792000,-46.0530000,-10.0450000,8.5060000,0.000000,0,0,0
32.840,-0.7184000,0.0006000,9.6732000,32.8751000,31.3950000,31.6772000,-45.6960000,-10.0460000,8.6510000,0.000000,0,0,0
32.850,-0.7112000,0.0138000,9.6732000,32.8751000,31.3950000,31.3950000,-45.7590000,-9.9740000,8.5270000,0.000000,0,0,0
32.860,-0.6849000,0.0245000,9.6756000,32.8903000,31.3797000,31.3187000,-45.9790000,-9.9290000,8.6120000,0.000000,0,0,0
32.870,-0.6741000,0.0353000,9.6756000,32.9056000,31.3721000,31.4255000,-46.0190000,-10.0120000,8.6910000,0.000000,0,0,0
32.880,-0.6849000,0.0341000,9.6744000,32.9132000,31.3721000,31.5704000,-45.9260000,-9.9020000,8.6180000,0.000000,0,0,0
32.890,-0.7076000,0.0257000,9.6768000,32.9132000,31.3873000,31.6849000,-45.8970000,-10.0240000,7.9520000,0.000000,0,0,0
32.900,-0.7327000,0.0161000,9.6792000,32.9056000,31.3950000,31.6772000,-45.7740000,-10.1820000,7.9620000,0.000000,0,0,0
32.910,-0.7339000,0.0078000,9.6792000,32.8827000,31.4026000,31.5933000,-45.7950000,-10.0530000,8.6100000,0.000000,0,0,0
32.920,-0.7208000,0.0042000,9.6768000,32.8751000,31.4026000,31.5323000,-45.9690000,-9.8680000,8.5390000,0.000000,0,0,0
32.930,-0.6932000,0.0054000,9.6744000,32.8751000,31.4026000,31.5323000,-45.8920000,-9.9270000,8.3130000,0.000000,0,0,0
32.940,-0.6538000,0.0126000,9.6756000,32.8827000,31.3950000,31.5170000,-45.5650000,-9.8780000,8.7740000,0.000000,0,0,0
32.950,-0.5748000,0.0173000,9.6792000,32.8827000,31.3721000,31.4331000,-45.9080000,-10.0230000,8.8950000,0.000000,0,0,0
32.960,-0.4600000,0.0209000,9.6792000,32.8827000,31.3263000,31.2653000,-45.7800000,-10.0520000,9.3110000,0.000000,0,0,0
32.970,-0.3368000,0.0209000,9.6780000,32.8751000,31.2881000,31.0745000,-45.9320000,-10.2270000,8.8510000,0.000000,0,0,0
32.980,-0.2315000,0.0173000,9.6756000,32.8674000,31.2576000,30.9067000,-45.7380000,-10.0320000,9.0020000,0.000000,0,0,0
32.990,-0.1549000,0.0114000,9.6744000,32.8522000,31.2347000,30.7922000,-45.7110000,-9.8890000,9.0270000,0.000000,0,0,0
33.000,-0.1071000,0.0066000,9.6744000,32.8445000,31.2271000,30.7159000,-45.7390000,-9.8240000,8.9440000,0.000000,0,0,0
33.010,-0.0819000,0.0030000,9.6732000,32.8445000,31.2271000,30.6778000,-45.7770000,-9.5400000,9.3020000,0.000000,0,0,0
33.020,-0.0724000,0.0006000,9.6720000,32.8522000,31.2424000,30.6625000,-45.7710000,-9.6470000,9.4720000,0.000000,0,0,0
33.030,-0.0724000,-0.0006000,9.6732000,32.8598000,31.2653000,30.6778000,-45.9520000,-9.7650000,9.0570000,0.000000,0,0,0
33.040,-0.0784000,0.0018000,9.6744000,32.8674000,31.2958000,30.6931000,-45.7340000,-9.9480000,9.0100000,0.000000,0,0,0
33.050,-0.0879000,0.0042000,9.6732000,32.8751000,31.3263000,30.7159000,-45.7830000,-9.9830000,9.0180000,0.000000,0,0,0
33.060,-0.0963000,0.0066000,9.6744000,32.8674000,31.3339000,30.7236000,-45.3720000,-10.3460000,9.2660000,0.000000,0,0,0
33.070,-0.1023000,0.0078000,9.6756000,32.8674000,31.3187000,30.7312000,-45.8540000,-10.2200000,9.1430000,0.000000,0,0,0
33.080,-0.1035000,0.0078000,9.6756000,32.8674000,31.3110000,30.7312000,-45.7410000,-9.8760000,8.6960000,0.000000,0,0,0
33.090,-0.1035000,0.0066000,9.6744000,32.8674000,31.3034000,30.7236000,-45.6710000,-9.8840000,9.1160000,0.000000,0,0,0
33.100,-0.1035000,0.0030000,9.6744000,32.8598000,31.3034000,30.7083000,-45.8220000,-10.0800000,8.6520000,0.000000,0,0,0
33.110,-0.1023000,0.0018000,9.6756000,32.8522000,31.3034000,30.7007000,-45.5280000,-9.9710000,9.0240000,0.000000,0,0,0
33.120,-0.1023000,0.0018000,9.6744000,32.8522000,31.3110000,30.7007000,-45.5910000,-9.8840000,9.5930000,0.000000,0,0,0
33.130,-0.1011000,0.0018000,9.6720000,32.8598000,31.3339000,30.7083000,-45.6460000,-10.1980000,8.7690000,0.000000,0,0,0
33.140,-0.0999000,0.0030000,9.6708000,32.8674000,31.3568000,30.7159000,-45.4300000,-9.9580000,8.5880000,0.000000,0,0,0
33.150,-0.0999000,0.0030000,9.6732000,32.8674000,31.3721000,30.7236000,-45.5070000,-10.0630000,9.3220000,0.000000,0,0,0
33.160,-0.0987000,0.0030000,9.6744000,32.8674000,31.3950000,30.7312000,-45.3460000,-9.6460000,9.5050000,0.000000,0,0,0
33.170,-0.0987000,0.0030000,9.6732000,32.8674000,31.4178000,30.7312000,-45.3980000,-10.0920000,9.5430000,0.000000,0,0,0
33.180,-0.0987000,0.0030000,9.6732000,32.8674000,31.4331000,30.7388000,-45.3520000,-9.7580000,8.6480000,0.000000,0,0,0
33.190,-0.0987000,0.0030000,9.6756000,32.8674000,31.4331000,30.7388000,-45.4430000,-9.8640000,9.7010000,0.000000,0,0,0
33.200,-0.0987000,0.0030000,9.6780000,32.8598000,31.4407000,30.7388000,-45.6330000,-9.6020000,9.3520000,0.000000,0,0,0
33.210,-0.0999000,0.0030000,9.6756000,32.8598000,31.4484000,30.7388000,-45.7640000,-9.6990000,9.3220000,0.000000,0,0,0
33.220,-0.1011000,0.0042000,9.6720000,32.8522000,31.4407000,30.7388000,-46.0810000,-9.5280000,8.8320000,0.000000,0,0,0
33.230,-0.1023000,0.0030000,9.6708000,32.8598000,31.4331000,30.7388000,-45.7660000,-10.0450000,9.7310000,0.000000,0,0,0
33.240,-0.1023000,0.0030000,9.6708000,32.8751000,31.4178000,30.7388000,-45.6160000,-9.7140000,10.0440000,0.000000,0,0,0
33.250,-0.1023000,0.0018000,9.6696000,32.8827000,31.4026000,30.7388000,-45.8250000,-9.9030000,9.6350000,0.000000,0,0,0
33.260,-0.1023000,0.0006000,9.6696000,32.8903000,31.3721000,30.7388000,-45.7950000,-9.9950000,9.1670000,0.000000,0,0,0
33.270,-0.1035000,-0.0006000,9.6708000,32.8827000,31.3568000,30.7312000,-45.7630000,-9.6090000,9.9120000,0.000000,0,0,0
33.280,-0.1047000,-0.0006000,9.6732000,32.8674000,31.3416000,30.7312000,-45.5830000,-9.8960000,9.0190000,0.000000,0,0,0
33.290,-0.1047000,0.0006000,9.6744000,32.8598000,31.3339000,30.7388000,-45.6790000,-9.5990000,9.3160000,0.000000,0,0,0
33.300,-0.1035000,0.0018000,9.6708000,32.8598000,31.3263000,30.7388000,-45.6190000,-9.8900000,9.1280000,0.000000,0,0,0
33.310,-0.1023000,0.0018000,9.6696000,32.8598000,31.3187000,30.7312000,-45.6670000,-9.4140000,9.3110000,0.000000,0,0,0
33.320,-0.1023000,0.0018000,9.6708000,32.8598000,31.3187000,30.7312000,-45.5870000,-9.6920000,9.3930000,0.000000,0,0,0
33.330,-0.1035000,0.0018000,9.6720000,32.8598000,31.3263000,30.7312000,-45.6800000,-9.9070000,9.2690000,0.000000,0,0,0
33.340,-0.1035000,0.0030000,9.6708000,32.8598000,31.3339000,30.7388000,-45.4650000,-9.5050000,9.9460000,0.000000,0,0,0
33.350,-0.1035000,0.0042000,9.6708000,32.8598000,31.3339000,30.7388000,-45.5400000,-9.7040000,8.9630000,0.000000,0,0,0
33.360,-0.1023000,0.0042000,9.6744000,32.8598000,31.3339000,30.7388000,-45.3460000,-9.6590000,9.3690000,0.000000,0,0,0
33.370,-0.1011000,0.0042000,9.6768000,32.8674000,31.3263000,30.7388000,-45.7650000,-9.9150000,9.2560000,0.000000,0,0,0
33.380,-0.1023000,0.0042000,9.6768000,32.8674000,31.3187000,30.7312000,-45.6290000,-9.6840000,8.6250000,0.000000,0,0,0
33.390,-0.1023000,0.0042000,9.6756000,32.8674000,31.3110000,30.7312000,-45.8470000,-10.0250000,8.4290000,0.000000,0,0,0
33.400,-0.1023000,0.0042000,9.6732000,32.8751000,31.3034000,30.7312000,-45.7360000,-10.0870000,8.6910000,0.000000,0,0,0
33.410,-0.1035000,0.0042000,9.6720000,32.8827000,31.3110000,30.7312000,-45.7460000,-10.1040000,8.6320000,0.000000,0,0,0
33.420,-0.1047000,0.0042000,9.6732000,32.8751000,31.3110000,30.7236000,-45.5830000,-9.8470000,8.8710000,0.000000,0,0,0
33.430,-0.1047000,0.0054000,9.6732000,32.8751000,31.3263000,30.7236000,-45.7090000,-9.9300000,8.8510000,0.000000,0,0,0
33.440,-0.1035000,0.0042000,9.6720000,32.8751000,31.3568000,30.7159000,-45.5610000,-9.4510000,8.9650000,0.000000,0,0,0
33.450,-0.1023000,0.0042000,9.6732000,32.8751000,31.3950000,30.7159000,-45.4320000,-10.1910000,8.9390000,0.000000,0,0,0
33.460,-0.1023000,0.0018000,9.6780000,32.8674000,31.4178000,30.7083000,-45.2930000,-9.8500000,8.7910000,0.000000,0,0,0
33.470,-0.1035000,0.0006000,9.6804000,32.8674000,31.4331000,30.7083000,-45.4430000,-9.9150000,9.3930000,0.000000,0,0,0
33.480,-0.1047000,-0.0006000,9.6804000,32.8598000,31.4331000,30.7083000,-45.5450000,-9.6580000,9.3480000,0.000000,0,0,0
33.490,-0.1035000,-0.0006000,9.6780000,32.8598000,31.4178000,30.7159000,-45.3450000,-9.8800000,10.1900000,0.000000,0,0,0
33.500,-0.1035000,0.0030000,9.6780000,32.8674000,31.4102000,30.7236000,-45.3470000,-9.4020000,9.4240000,0.000000,0,0,0
33.510,-0.1035000,0.0042000,9.6756000,32.8751000,31.3950000,30.7236000,-45.5630000,-10.0570000,9.7050000,0.000000,0,0,0
33.520,-0.1035000,0.0054000,9.6744000,32.8903000,31.3873000,30.7236000,-45.5390000,-9.8100000,9.4140000,0.000000,0,0,0
33.530,-0.1047000,0.0042000,9.6756000,32.8903000,31.3797000,30.7236000,-45.7340000,-10.0490000,9.2840000,0.000000,0,0,0
33.540,-0.1047000,0.0030000,9.6780000,32.8827000,31.3721000,30.7159000,-45.4780000,-9.7130000,9.1030000,0.000000,0,0,0
33.550,-0.1047000,0.0018000,9.6804000,32.8827000,31.3568000,30.7236000,-45.8650000,-9.7420000,9.3260000,0.000000,0,0,0
33.560,-0.1047000,0.0006000,9.6816000,32.8751000,31.3416000,30.7236000,-45.6550000,-9.9990000,8.7620000,0.000000,0,0,0
33.570,-0.1059000,0.0006000,9.6792000,32.8751000,31.3416000,30.7236000,-45.6690000,-9.9120000,9.2740000,0.000000,0,0,0
33.580,-0.1059000,0.0018000,9.6768000,32.8751000,31.3263000,30.7236000,-45.5800000,-9.8850000,9.2190000,0.000000,0,0,0
33.590,-0.1059000,0.0018000,9.6756000,32.8674000,31.3187000,30.7236000,-45.8350000,-10.1440000,9.1280000,0.000000,0,0,0
33.600,-0.1059000,0.0030000,9.6732000,32.8674000,31.3110000,30.7236000,-45.5140000,-9.9080000,9.4560000,0.000000,0,0,0
33.610,-0.1059000,0.0030000,9.6720000,32.8751000,31.3110000,30.7236000,-45.3820000,-10.0530000,8.5930000,0.000000,0,0,0
33.620,-0.1047000,0.0030000,9.6744000,32.8751000,31.3110000,30.7312000,-45.2280000,-9.9070000,8.6490000,0.000000,0,0,0
33.630,-0.1047000,0.0018000,9.6756000,32.8674000,31.3187000,30.7312000,-45.9560000,-9.6600000,9.3920000,0.000000,0,0,0
33.640,-0.1047000,0.0018000,9.6768000,32.8674000,31.3187000,30.7236000,-45.4120000,-9.8620000,9.6500000,0.000000,0,0,0
33.650,-0.1023000,0.0006000,9.6768000,32.8674000,31.3110000,30.7236000,-45.6510000,-9.9070000,9.2280000,0.000000,0,0,0
33.660,-0.0999000,0.0006000,9.6756000,32.8674000,31.3034000,30.7236000,-45.5140000,-9.5980000,8.7780000,0.000000,0,0,0
33.670,-0.0999000,0.0018000,9.6744000,32.8674000,31.2958000,30.7236000,-45.7580000,-9.9000000,8.7760000,0.000000,0,0,0
33.680,-0.1011000,0.0030000,9.6744000,32.8751000,31.2958000,30.7236000,-45.8110000,-9.9960000,8.8880000,0.000000,0,0,0
33.690,-0.1023000,0.0042000,9.6720000,32.8751000,31.2881000,30.7312000,-45.7140000,-9.9120000,9.5760000,0.000000,0,0,0
33.700,-0.1047000,0.0054000,9.6708000,32.8674000,31.2805000,30.7312000,-45.5790000,-9.7560000,9.0910000,0.000000,0,0,0
33.710,-0.1047000,0.0054000,9.6708000,32.8674000,31.2805000,30.7312000,-45.4870000,-9.7650000,9.2270000,0.000000,0,0,0
33.720,-0.1047000,0.0042000,9.6732000,32.8674000,31.2805000,30.7236000,-45.7750000,-9.6870000,9.5230000,0.000000,0,0,0
33.730,-0.1047000,0.0018000,9.6744000,32.8751000,31.2805000,30.7236000,-45.9580000,-9.8870000,9.2090000,0.000000,0,0,0
33.740,-0.1035000,0.0006000,9.6756000,32.8751000,31.2805000,30.7159000,-45.2390000,-9.5440000,9.1340000,0.000000,0,0,0
33.750,-0.1035000,0.0006000,9.6768000,32.8751000,31.2805000,30.7159000,-45.3410000,-9.6100000,8.9660000,0.000000,0,0,0
33.760,-0.1023000,0.0018000,9.6780000,32.8751000,31.2805000,30.7159000,-45.3040000,-9.6670000,9.0270000,0.000000,0,0,0
33.770,-0.1023000,0.0030000,9.6768000,32.8751000,31.2881000,30.7083000,-45.7670000,-9.4570000,9.0840000,0.000000,0,0,0
33.780,-0.1023000,0.0042000,9.6756000,32.8751000,31.2881000,30.7083000,-45.3480000,-9.5160000,9.1620000,0.000000,0,0,0
33.790,-0.1023000,0.0054000,9.6756000,32.8751000,31.2881000,30.7083000,-45.7450000,-9.6440000,9.5650000,0.000000,0,0,0
33.800,-0.1023000,0.0054000,9.6732000,32.8751000,31.2958000,30.7083000,-45.5530000,-10.0170000,9.5180000,0.000000,0,0,0
33.810,-0.1023000,0.0054000,9.6708000,32.8827000,31.3034000,30.7083000,-45.5740000,-9.8730000,9.3260000,0.000000,0,0,0
33.820,-0.1023000,0.0042000,9.6720000,32.8827000,31.3110000,30.7083000,-45.3780000,-9.5830000,9.0160000,0.000000,0,0,0
33.830,-0.1023000,0.0030000,9.6732000,32.8827000,31.3187000,30.7159000,-45.5340000,-9.7400000,9.4560000,0.000000,0,0,0
33.840,-0.1011000,0.0006000,9.6744000,32.8827000,31.3187000,30.7236000,-45.3250000,-9.7310000,9.3450000,0.000000,0,0,0
33.850,-0.0999000,0.0006000,9.6732000,32.8751000,31.3187000,30.7236000,-45.5640000,-9.9070000,9.4550000,0.000000,0,0,0
33.860,-0.1011000,-0.0006000,9.6732000,32.8751000,31.3187000,30.7312000,-45.2500000,-9.8210000,9.5540000,0.000000,0,0,0
33.870,-0.1011000,0.0006000,9.6732000,32.8674000,31.3187000,30.7236000,-45.2960000,-9.7750000,9.9360000,0.000000,0,0,0
33.880,-0.0999000,0.0018000,9.6720000,32.8674000,31.3263000,30.7236000,-45.4690000,-9.7890000,10.1040000,0.000000,0,0,0
33.890,-0.0999000,0.0018000,9.6708000,32.8674000,31.3339000,30.7312000,-45.5230000,-9.9090000,9.5610000,0.000000,0,0,0
33.900,-0.1011000,0.0006000,9.6708000,32.8674000,31.3416000,30.7236000,-45.4750000,-9.9980000,9.4340000,0.000000,0,0,0
33.910,-0.1023000,0.0006000,9.6720000,32.8751000,31.3568000,30.7236000,-45.7780000,-9.9710000,9.9440000,0.000000,0,0,0
33.920,-0.1035000,-0.0006000,9.6744000,32.8751000,31.3644000,30.7312000,-45.3760000,-9.6600000,9.7450000,0.000000,0,0,0
33.930,-0.1047000,-0.0018000,9.6756000,32.8751000,31.3721000,30.7388000,-45.3770000,-10.1870000,10.1020000,0.000000,0,0,0
33.940,-0.1059000,-0.0006000,9.6756000,32.8751000,31.3721000,30.7388000,-45.6980000,-9.7330000,9.0500000,0.000000,0,0,0
33.950,-0.1059000,0.0006000,9.6732000,32.8751000,31.3644000,30.7312000,-45.4840000,-9.7260000,9.3240000,0.000000,0,0,0
33.960,-0.1059000,0.0018000,9.6720000,32.8827000,31.3492000,30.7236000,-45.3350000,-9.6480000,9.8130000,0.000000,0,0,0
33.970,-0.1059000,0.0018000,9.6720000,32.8827000,31.3339000,30.7236000,-45.4640000,-9.7070000,9.7270000,0.000000,0,0,0
33.980,-0.1035000,0.0030000,9.6732000,32.8751000,31.3187000,30.7236000,-45.4190000,-9.6830000,9.4750000,0.000000,0,0,0
33.990,-0.1035000,0.0018000,9.6744000,32.8751000,31.3110000,30.7236000,-45.3860000,-9.8280000,10.3980000,0.000000,0,0,0
34.000,-0.1035000,0.0018000,9.6756000,32.8751000,31.3110000,30.7159000,-45.3330000,-9.8170000,9.2360000,0.000000,0,0,0
34.010,-0.1035000,0.0018000,9.6744000,32.8751000,31.3110000,30.7159000,-45.3860000,-10.0510000,9.7820000,0.000000,0,0,0
34.020,-0.1035000,0.0018000,9.6744000,32.8674000,31.3034000,30.7236000,-45.3960000,-9.7320000,9.5240000,0.000000,0,0,0
34.030,-0.1035000,0.0018000,9.6732000,32.8674000,31.3034000,30.7159000,-45.3240000,-10.1180000,9.6770000,0.000000,0,0,0
34.040,-0.1023000,0.0018000,9.6708000,32.8674000,31.2958000,30.7159000,-45.2170000,-9.9020000,9.6210000,0.000000,0,0,0
34.050,-0.1023000,0.0030000,9.6720000,32.8674000,31.2958000,30.7159000,-45.3720000,-10.1380000,10.2040000,0.000000,0,0,0
34.060,-0.1011000,0.0042000,9.6744000,32.8751000,31.3034000,30.7159000,-45.4880000,-9.8860000,9.3410000,0.000000,0,0,0
34.070,-0.1011000,0.0042000,9.6756000,32.8751000,31.3110000,30.7236000,-45.2360000,-10.1520000,9.1860000,0.000000,0,0,0
34.080,-0.1023000,0.0042000,9.6744000,32.8827000,31.3263000,30.7236000,-45.4430000,-10.1360000,8.9960000,0.000000,0,0,0
34.090,-0.1035000,0.0042000,9.6744000,32.8827000,31.3416000,30.7236000,-45.5400000,-10.1270000,9.0190000,0.000000,0,0,0
34.100,-0.1059000,0.0042000,9.6744000,32.8827000,31.3416000,30.7159000,-45.6220000,-9.9800000,9.2830000,0.000000,0,0,0
34.110,-0.1059000,0.0030000,9.6732000,32.8827000,31.3416000,30.7159000,-45.3880000,-10.2610000,9.4880000,0.000000,0,0,0
34.120,-0.1071000,0.0030000,9.6708000,32.8827000,31.3416000,30.7159000,-45.2920000,-9.9280000,9.4610000,0.000000,0,0,0
34.130,-0.1059000,0.0030000,9.6696000,32.8751000,31.3416000,30.7083000,-45.3550000,-9.9330000,9.5370000,0.000000,0,0,0
34.140,-0.1047000,0.0030000,9.6708000,32.8674000,31.3416000,30.7007000,-45.5940000,-9.7360000,8.5190000,0.000000,0,0,0
34.150,-0.1047000,0.0042000,9.6732000,32.8674000,31.3339000,30.7007000,-45.7120000,-9.8400000,9.1690000,0.000000,0,0,0
34.160,-0.1047000,0.0054000,9.6744000,32.8751000,31.3339000,30.7083000,-45.4290000,-9.8920000,8.9460000,0.000000,0,0,0
34.170,-0.1059000,0.0054000,9.6732000,32.8751000,31.3263000,30.7236000,-45.6490000,-9.9490000,9.2740000,0.000000,0,0,0
34.180,-0.1047000,0.0042000,9.6720000,32.8827000,31.3187000,30.7312000,-45.7170000,-9.9620000,9.1810000,0.000000,0,0,0
34.190,-0.1047000,0.0018000,9.6732000,32.8827000,31.3187000,30.7312000,-45.5500000,-9.8140000,9.2800000,0.000000,0,0,0
34.200,-0.1035000,0.0018000,9.6708000,32.8827000,31.3187000,30.7312000,-45.2140000,-9.7800000,9.5140000,0.000000,0,0,0
34.210,-0.1023000,0.0006000,9.6684000,32.8827000,31.3187000,30.7312000,-45.5260000,-9.8970000,9.4410000,0.000000,0,0,0
34.220,-0.1023000,0.0006000,9.6684000,32.8827000,31.3110000,30.7312000,-45.3790000,-9.7710000,8.9900000,0.000000,0,0,0
34.230,-0.1023000,0.0018000,9.6732000,32.8751000,31.3110000,30.7312000,-45.4140000,-9.9640000,9.0370000,0.000000,0,0,0
34.240,-0.1035000,0.0030000,9.6744000,32.8674000,31.3187000,30.7312000,-45.2580000,-9.4860000,9.0930000,0.000000,0,0,0
34.250,-0.1035000,0.0030000,9.6720000,32.8598000,31.3187000,30.7312000,-45.3340000,-10.0280000,9.9400000,0.000000,0,0,0
34.260,-0.1035000,0.0030000,9.6708000,32.8598000,31.3187000,30.7236000,-45.4940000,-9.6800000,9.2250000,0.000000,0,0,0
34.270,-0.1035000,0.0030000,9.6708000,32.8674000,31.3263000,30.7236000,-45.6810000,-9.6220000,8.9810000,0.000000,0,0,0
34.280,-0.1047000,0.0042000,9.6720000,32.8674000,31.3263000,30.7159000,-45.2400000,-9.6690000,9.1680000,0.000000,0,0,0
34.290,-0.1047000,0.0042000,9.6720000,32.8751000,31.3339000,30.7159000,-45.4430000,-10.0720000,9.3620000,0.000000,0,0,0
34.300,-0.1047000,0.0042000,9.6708000,32.8751000,31.3416000,30.7083000,-45.8200000,-9.8620000,9.0240000,0.000000,0,0,0
34.310,-0.1035000,0.0030000,9.6708000,32.8751000,31.3492000,30.7159000,-45.4640000,-9.7990000,9.3300000,0.000000,0,0,0
34.320,-0.1023000,0.0030000,9.6732000,32.8827000,31.3644000,30.7236000,-45.5190000,-9.9420000,9.0490000,0.000000,0,0,0
34.330,-0.0999000,0.0030000,9.6756000,32.8903000,31.3797000,30.7312000,-45.5550000,-9.5510000,9.1250000,0.000000,0,0,0
34.340,-0.0999000,0.0030000,9.6768000,32.8903000,31.3721000,30.7312000,-45.6150000,-9.8000000,9.0070000,0.000000,0,0,0
34.350,-0.1011000,0.0030000,9.6744000,32.8827000,31.3644000,30.7312000,-45.5970000,-9.9970000,9.0860000,0.000000,0,0,0
34.360,-0.1023000,0.0030000,9.6732000,32.8827000,31.3568000,30.7312000,-45.0980000,-9.5880000,8.8300000,0.000000,0,0,0
34.370,-0.1035000,0.0042000,9.6720000,32.8827000,31.3568000,30.7236000,-45.6400000,-9.9050000,9.8120000,0.000000,0,0,0
34.380,-0.1047000,0.0054000,9.6684000,32.8827000,31.3568000,30.7236000,-45.1920000,-9.7040000,9.5600000,0.000000,0,0,0
34.390,-0.1047000,0.0066000,9.6660000,32.8903000,31.3644000,30.7312000,-45.5950000,-9.6660000,9.3690000,0.000000,0,0,0
34.400,-0.1047000,0.0066000,9.6660000,32.8903000,31.3721000,30.7388000,-45.2420000,-9.6620000,9.4220000,0.000000,0,0,0
34.410,-0.1047000,0.0054000,9.6684000,32.8903000,31.3797000,30.7388000,-45.5200000,-9.8620000,9.3660000,0.000000,0,0,0
34.420,-0.1059000,0.0042000,9.6708000,32.8827000,31.3797000,30.7388000,-45.3410000,-9.5400000,9.0450000,0.000000,0,0,0
34.430,-0.1083000,0.0042000,9.6720000,32.8827000,31.3644000,30.7388000,-45.2510000,-9.4270000,8.8310000,0.000000,0,0,0
34.440,-0.1095000,0.0030000,9.6720000,32.8903000,31.3416000,30.7312000,-45.0620000,-9.5820000,9.0860000,0.000000,0,0,0
34.450,-0.1071000,0.0018000,9.6732000,32.8903000,31.3187000,30.7236000,-45.3140000,-9.9070000,9.7410000,0.000000,0,0,0
34.460,-0.1047000,0.0018000,9.6744000,32.8903000,31.2881000,30.7236000,-45.5500000,-9.7210000,9.8860000,0.000000,0,0,0
34.470,-0.1035000,0.0006000,9.6732000,32.8979000,31.2653000,30.7159000,-45.6190000,-9.6950000,10.5750000,0.000000,0,0,0
34.480,-0.1035000,0.0030000,9.6732000,32.9056000,31.2500000,30.7159000,-45.3400000,-9.8390000,9.5740000,0.000000,0,0,0
34.490,-0.1023000,0.0030000,9.6732000,32.9056000,31.2500000,30.7083000,-45.5390000,-9.6010000,9.6480000,0.000000,0,0,0
34.500,-0.1035000,0.0006000,9.6768000,32.8979000,31.2576000,30.7083000,-45.2300000,-9.5200000,9.0510000,0.000000,0,0,0
34.510,-0.1035000,-0.0030000,9.6792000,32.8903000,31.2653000,30.7159000,-45.4050000,-9.6750000,9.1350000,0.000000,0,0,0
34.520,-0.1035000,-0.0042000,9.6780000,32.8751000,31.2653000,30.7159000,-45.2080000,-9.7070000,8.6620000,0.000000,0,0,0
34.530,-0.1035000,-0.0054000,9.6756000,32.8598000,31.2729000,30.7159000,-45.2940000,-10.1020000,9.7290000,0.000000,0,0,0
34.540,-0.1047000,-0.0042000,9.6732000,32.8522000,31.2805000,30.7159000,-45.3770000,-9.7760000,9.8320000,0.000000,0,0,0
34.550,-0.1035000,-0.0018000,9.6720000,32.8598000,31.2958000,30.7159000,-45.4480000,-9.9990000,9.3170000,0.000000,0,0,0
34.560,-0.1023000,0.0018000,9.6708000,32.8674000,31.3034000,30.7236000,-45.3630000,-9.7540000,9.4600000,0.000000,0,0,0
34.570,-0.1023000,0.0030000,9.6732000,32.8674000,31.3187000,30.7236000,-45.5690000,-9.8750000,9.2830000,0.000000,0,0,0
34.580,-0.1011000,0.0030000,9.6744000,32.8751000,31.3339000,30.7236000,-45.3920000,-9.9500000,8.9400000,0.000000,0,0,0
34.590,-0.1011000,0.0006000,9.6768000,32.8751000,31.3416000,30.7312000,-45.8940000,-10.1160000,9.2170000,0.000000,0,0,0
34.600,-0.1023000,-0.0006000,9.6768000,32.8751000,31.3492000,30.7312000,-45.4230000,-9.7070000,8.8900000,0.000000,0,0,0
34.610,-0.1023000,-0.0018000,9.6768000,32.8751000,31.3492000,30.7388000,-45.8610000,-10.2550000,8.7840000,0.000000,0,0,0
34.620,-0.1035000,-0.0018000,9.6732000,32.8827000,31.3492000,30.7388000,-45.3800000,-10.0660000,8.9440000,0.000000,0,0,0
34.630,-0.1023000,-0.0018000,9.6708000,32.8751000,31.3492000,30.7388000,-45.6700000,-9.7900000,9.4570000,0.000000,0,0,0
34.640,-0.1023000,0.0006000,9.6684000,32.8827000,31.3492000,30.7312000,-45.5910000,-9.9330000,9.1540000,0.000000,0,0,0
34.650,-0.1023000,0.0018000,9.6696000,32.8827000,31.3492000,30.7312000,-45.4520000,-9.8940000,9.9180000,0.000000,0,0,0
34.660,-0.1035000,0.0030000,9.6708000,32.8827000,31.3492000,30.7312000,-45.4150000,-9.7920000,8.8370000,0.000000,0,0,0
34.670,-0.1035000,0.0042000,9.6720000,32.8903000,31.3492000,30.7312000,-45.7850000,-10.1370000,9.8670000,0.000000,0,0,0
34.680,-0.1035000,0.0042000,9.6708000,32.8903000,31.3416000,30.7312000,-45.7180000,-9.7450000,9.3300000,0.000000,0,0,0
34.690,-0.1047000,0.0042000,9.6708000,32.8903000,31.3416000,30.7236000,-45.7390000,-10.1110000,9.1910000,0.000000,0,0,0
34.700,-0.1047000,0.0018000,9.6720000,32.8903000,31.3339000,30.7159000,-45.6510000,-10.0950000,9.4070000,0.000000,0,0,0
34.710,-0.1047000,0.0006000,9.6720000,32.8827000,31.3187000,30.7236000,-45.6470000,-9.7240000,9.6840000,0.000000,0,0,0
34.720,-0.1047000,0.0006000,9.6708000,32.8827000,31.3187000,30.7236000,-45.2220000,-10.0670000,9.6080000,0.000000,0,0,0
34.730,-0.1035000,0.0018000,9.6696000,32.8827000,31.3110000,30.7312000,-45.3730000,-10.1380000,10.0040000,0.000000,0,0,0
34.740,-0.1023000,0.0030000,9.6720000,32.8903000,31.3110000,30.7388000,-45.5540000,-9.9690000,10.1400000,0.000000,0,0,0
34.750,-0.1035000,0.0030000,9.6744000,32.8979000,31.3110000,30.7388000,-45.6540000,-9.9610000,9.3870000,0.000000,0,0,0
34.760,-0.1035000,0.0018000,9.6732000,32.8979000,31.3110000,30.7388000,-45.4320000,-9.5650000,8.8520000,0.000000,0,0,0
34.770,-0.1047000,0.0006000,9.6720000,32.8903000,31.3110000,30.7312000,-45.7250000,-9.8020000,9.0380000,0.000000,0,0,0
34.780,-0.1035000,-0.0006000,9.6732000,32.8827000,31.3110000,30.7312000,-45.7590000,-9.6190000,9.3020000,0.000000,0,0,0
34.790,-0.1035000,-0.0006000,9.6732000,32.8827000,31.3034000,30.7236000,-45.4450000,-9.9670000,9.2370000,0.000000,0,0,0
34.800,-0.1023000,0.0006000,9.6720000,32.8903000,31.2958000,30.7236000,-45.4430000,-9.8050000,9.3260000,0.000000,0,0,0
34.810,-0.1011000,0.0018000,9.6684000,32.8979000,31.3034000,30.7236000,-45.5320000,-10.0390000,9.2230000,0.000000,0,0,0
34.820,-0.0999000,0.0018000,9.6696000,32.8979000,31.3110000,30.7236000,-45.2600000,-9.9470000,9.6170000,0.000000,0,0,0
34.830,-0.1011000,0.0042000,9.6708000,32.8979000,31.3263000,30.7312000,-45.4400000,-10.1200000,9.5230000,0.000000,0,0,0
34.840,-0.1023000,0.0042000,9.6708000,32.8979000,31.3416000,30.7312000,-45.3820000,-9.7530000,9.9860000,0.000000,0,0,0
34.850,-0.1047000,0.0018000,9.6732000,32.8827000,31.3568000,30.7312000,-45.6980000,-10.0050000,10.0110000,0.000000,0,0,0
34.860,-0.1047000,0.0006000,9.6756000,32.8751000,31.3568000,30.7236000,-45.5000000,-9.6410000,9.2290000,0.000000,0,0,0
34.870,-0.1035000,0.0006000,9.6756000,32.8751000,31.3568000,30.7159000,-45.6470000,-10.0690000,9.5060000,0.000000,0,0,0
34.880,-0.1035000,-0.0006000,9.6744000,32.8751000,31.3492000,30.7083000,-45.3180000,-9.7810000,9.7840000,0.000000,0,0,0
34.890,-0.1047000,-0.0006000,9.6720000,32.8751000,31.3416000,30.7159000,-45.4090000,-10.0240000,9.7120000,0.000000,0,0,0
34.900,-0.1047000,-0.0006000,9.6708000,32.8751000,31.3339000,30.7159000,-45.5840000,-9.4740000,9.1990000,0.000000,0,0,0
34.910,-0.1047000,-0.0006000,9.6732000,32.8827000,31.3339000,30.7236000,-45.4660000,-9.7210000,10.1460000,0.000000,0,0,0
34.920,-0.1047000,-0.0006000,9.6732000,32.8751000,31.3339000,30.7236000,-45.2990000,-9.5890000,9.1580000,0.000000,0,0,0
34.930,-0.1059000,-0.0018000,9.6732000,32.8751000,31.3339000,30.7312000,-45.4220000,-9.9130000,9.3170000,0.000000,0,0,0
34.940,-0.1083000,-0.0030000,9.6732000,32.8751000,31.3339000,30.7312000,-45.1670000,-9.5860000,10.1580000,0.000000,0,0,0
34.950,-0.1095000,-0.0042000,9.6744000,32.8751000,31.3187000,30.7312000,-45.3990000,-9.8630000,9.7770000,0.000000,0,0,0
34.960,-0.1095000,-0.0042000,9.6744000,32.8827000,31.3110000,30.7236000,-45.4170000,-9.9530000,8.9770000,0.000000,0,0,0
34.970,-0.1083000,-0.0042000,9.6744000,32.8827000,31.3110000,30.7159000,-45.4080000,-10.0880000,10.3110000,0.000000,0,0,0
34.980,-0.1071000,-0.0030000,9.6732000,32.8903000,31.3110000,30.7159000,-45.7310000,-9.8160000,9.6960000,0.000000,0,0,0
34.990,-0.1059000,-0.0006000,9.6744000,32.8903000,31.3110000,30.7159000,-45.4470000,-10.4560000,9.5870000,0.000000,0,0,0
35.000,-0.1047000,0.0018000,9.6780000,32.8903000,31.3110000,30.7159000,-45.7280000,-9.9420000,9.1930000,0.000000,0,0,0
35.010,-0.1035000,0.0030000,9.6780000,32.8903000,31.3110000,30.7159000,-45.6110000,-10.1820000,9.4060000,0.000000,0,0,0
35.020,-0.1035000,0.0030000,9.6768000,32.8903000,31.3110000,30.7236000,-45.4820000,-9.7380000,9.0670000,0.000000,0,0,0
35.030,-0.1023000,0.0018000,9.6744000,32.8903000,31.3110000,30.7236000,-45.4980000,-10.1790000,9.5300000,0.000000,0,0,0
35.040,-0.1011000,0.0018000,9.6744000,32.8979000,31.3187000,30.7236000,-45.4350000,-9.9000000,8.8730000,0.000000,0,0,0
35.050,-0.1011000,0.0018000,9.6768000,32.8979000,31.3263000,30.7236000,-45.3860000,-10.2450000,9.4780000,0.000000,0,0,0
35.060,-0.1011000,0.0018000,9.6768000,32.8979000,31.3263000,30.7159000,-45.4910000,-9.6830000,9.2300000,0.000000,0,0,0
35.070,-0.1035000,0.0030000,9.6756000,32.8903000,31.3263000,30.7159000,-45.7210000,-9.7760000,8.7690000,0.000000,0,0,0
35.080,-0.1047000,0.0042000,9.6744000,32.8751000,31.3187000,30.7159000,-45.1560000,-9.7420000,9.0470000,0.000000,0,0,0
35.090,-0.1059000,0.0018000,9.6744000,32.8674000,31.3187000,30.7159000,-45.6930000,-10.0070000,9.3740000,0.000000,0,0,0
35.100,-0.1059000,0.0006000,9.6756000,32.8674000,31.3110000,30.7236000,-45.6040000,-9.9970000,8.9480000,0.000000,0,0,0
35.110,-0.1047000,-0.0018000,9.6744000,32.8674000,31.3110000,30.7236000,-45.4710000,-10.5390000,9.2970000,0.000000,0,0,0
35.120,-0.1023000,-0.0030000,9.6720000,32.8751000,31.3187000,30.7236000,-45.4530000,-9.8300000,8.5780000,0.000000,0,0,0
35.130,-0.1023000,-0.0042000,9.6708000,32.8751000,31.3263000,30.7236000,-45.6110000,-9.9100000,8.2280000,0.000000,0,0,0
35.140,-0.1035000,-0.0042000,9.6720000,32.8751000,31.3339000,30.7236000,-45.5470000,-9.8890000,8.5800000,0.000000,0,0,0
35.150,-0.1059000,-0.0030000,9.6732000,32.8751000,31.3416000,30.7159000,-45.5030000,-10.2900000,8.4060000,0.000000,0,0,0
35.160,-0.1071000,0.0006000,9.6744000,32.8827000,31.3416000,30.7159000,-45.4860000,-9.5980000,8.2860000,0.000000,0,0,0
35.170,-0.1083000,0.0042000,9.6732000,32.8827000,31.3339000,30.7159000,-45.6130000,-10.0350000,8.6830000,0.000000,0,0,0
35.180,-0.1083000,0.0054000,9.6732000,32.8827000,31.3339000,30.7159000,-45.6390000,-9.4640000,8.9640000,0.000000,0,0,0
35.190,-0.1083000,0.0054000,9.6732000,32.8903000,31.3263000,30.7159000,-45.6170000,-10.1970000,8.7350000,0.000000,0,0,0
35.200,-0.1071000,0.0030000,9.6732000,32.8903000,31.3187000,30.7236000,-45.4780000,-10.0930000,8.9480000,0.000000,0,0,0
35.210,-0.1059000,0.0030000,9.6744000,32.8903000,31.3187000,30.7236000,-45.8800000,-10.1100000,8.7600000,0.000000,0,0,0
35.220,-0.1059000,0.0018000,9.6744000,32.8903000,31.3187000,30.7236000,-45.5520000,-9.4990000,8.7340000,0.000000,0,0,0
35.230,-0.1059000,0.0018000,9.6744000,32.8903000,31.3110000,30.7236000,-45.7630000,-9.7970000,9.1410000,0.000000,0,0,0
35.240,-0.1047000,0.0006000,9.6756000,32.8751000,31.3187000,30.7312000,-45.6030000,-9.6580000,8.6430000,0.000000,0,0,0
35.250,-0.1035000,0.0006000,9.6768000,32.8674000,31.3110000,30.7312000,-45.6840000,-9.9120000,9.0050000,0.000000,0,0,0
35.260,-0.1011000,0.0006000,9.6768000,32.8598000,31.3110000,30.7312000,-45.6420000,-9.5970000,9.1490000,0.000000,0,0,0
35.270,-0.1011000,0.0006000,9.6756000,32.8674000,31.3110000,30.7236000,-45.5460000,-9.9170000,8.8760000,0.000000,0,0,0
35.280,-0.1011000,0.0018000,9.6744000,32.8674000,31.3110000,30.7236000,-45.4850000,-9.8780000,8.7840000,0.000000,0,0,0
35.290,-0.1023000,0.0030000,9.6720000,32.8751000,31.3187000,30.7312000,-45.8060000,-9.8060000,9.0450000,0.000000,0,0,0
35.300,-0.1023000,0.0030000,9.6720000,32.8751000,31.3263000,30.7312000,-45.8520000,-10.1180000,8.8420000,0.000000,0,0,0
35.310,-0.1047000,0.0042000,9.6720000,32.8827000,31.3339000,30.7236000,-45.7830000,-9.7600000,8.9390000,0.000000,0,0,0
35.320,-0.1059000,0.0030000,9.6744000,32.8751000,31.3416000,30.7236000,-45.5520000,-9.4570000,9.2340000,0.000000,0,0,0
35.330,-0.1071000,0.0018000,9.6744000,32.8751000,31.3416000,30.7236000,-45.7230000,-9.8220000,8.8300000,0.000000,0,0,0
35.340,-0.1083000,0.0006000,9.6744000,32.8827000,31.3416000,30.7312000,-45.7870000,-9.6060000,9.3440000,0.000000,0,0,0
35.350,-0.1083000,0.0006000,9.6744000,32.8827000,31.3339000,30.7388000,-45.7220000,-9.7850000,9.5220000,0.000000,0,0,0
35.360,-0.1071000,0.0018000,9.6744000,32.8827000,31.3263000,30.7388000,-45.6690000,-9.6610000,9.3900000,0.000000,0,0,0
35.370,-0.1047000,0.0030000,9.6732000,32.8751000,31.3187000,30.7312000,-45.6770000,-9.8830000,9.5590000,0.000000,0,0,0
35.380,-0.1035000,0.0030000,9.6708000,32.8751000,31.3187000,30.7236000,-45.2760000,-9.6960000,9.3160000,0.000000,0,0,0
35.390,-0.1035000,0.0030000,9.6708000,32.8751000,31.3263000,30.7236000,-45.6550000,-10.1560000,9.2180000,0.000000,0,0,0
35.400,-0.1047000,0.0018000,9.6732000,32.8827000,31.3416000,30.7159000,-45.8570000,-9.8060000,8.9980000,0.000000,0,0,0
35.410,-0.1047000,0.0018000,9.6732000,32.8827000,31.3492000,30.7159000,-45.9380000,-9.8370000,9.1410000,0.000000,0,0,0
35.420,-0.1047000,0.0006000,9.6708000,32.8903000,31.3568000,30.7236000,-45.6880000,-9.5510000,8.5110000,0.000000,0,0,0
35.430,-0.1059000,0.0006000,9.6696000,32.8903000,31.3568000,30.7236000,-45.9940000,-9.9730000,8.8340000,0.000000,0,0,0
35.440,-0.1071000,0.0006000,9.6720000,32.8979000,31.3492000,30.7159000,-45.3950000,-9.6220000,9.2010000,0.000000,0,0,0
35.450,-0.1083000,0.0006000,9.6744000,32.8903000,31.3416000,30.7083000,-45.5340000,-9.9850000,9.5830000,0.000000,0,0,0
35.460,-0.1071000,0.0018000,9.6732000,32.8903000,31.3263000,30.7083000,-45.5900000,-9.6400000,8.7130000,0.000000,0,0,0
35.470,-0.1071000,0.0030000,9.6720000,32.8979000,31.3187000,30.7083000,-45.8680000,-9.9820000,9.3510000,0.000000,0,0,0
35.480,-0.1071000,0.0018000,9.6732000,32.8979000,31.3034000,30.7083000,-45.4720000,-9.7640000,8.8760000,0.000000,0,0,0
35.490,-0.1071000,0.0006000,9.6768000,32.9056000,31.3034000,30.7083000,-45.4020000,-9.6510000,9.1750000,0.000000,0,0,0
35.500,-0.1083000,0.0018000,9.6768000,32.8979000,31.3110000,30.7236000,-45.3970000,-9.8110000,9.5530000,0.000000,0,0,0
35.510,-0.1083000,0.0018000,9.6768000,32.8903000,31.3110000,30.7236000,-45.7430000,-10.0730000,9.8400000,0.000000,0,0,0
35.520,-0.1083000,0.0018000,9.6768000,32.8903000,31.3110000,30.7236000,-45.6620000,-9.7900000,8.9390000,0.000000,0,0,0
35.530,-0.1071000,0.0018000,9.6756000,32.8827000,31.3110000,30.7236000,-45.4830000,-9.8180000,9.8340000,0.000000,0,0,0
35.540,-0.1059000,0.0030000,9.6720000,32.8827000,31.3110000,30.7236000,-45.5090000,-9.8160000,9.6090000,0.000000,0,0,0
35.550,-0.1047000,0.0042000,9.6720000,32.8827000,31.3110000,30.7312000,-45.6350000,-10.1450000,9.5520000,0.000000,0,0,0
35.560,-0.1047000,0.0042000,9.6744000,32.8827000,31.3187000,30.7312000,-45.7200000,-9.8350000,9.0580000,0.000000,0,0,0
35.570,-0.1059000,0.0042000,9.6756000,32.8827000,31.3187000,30.7236000,-45.5210000,-10.1430000,9.4430000,0.000000,0,0,0
35.580,-0.1059000,0.0042000,9.6756000,32.8903000,31.3187000,30.7312000,-45.5720000,-9.4750000,9.4680000,0.000000,0,0,0
35.590,-0.1059000,0.0042000,9.6732000,32.8903000,31.3263000,30.7312000,-45.9580000,-9.7290000,9.6720000,0.000000,0,0,0
35.600,-0.1059000,0.0006000,9.6744000,32.8827000,31.3263000,30.7312000,-45.5370000,-9.8720000,9.0440000,0.000000,0,0,0
35.610,-0.1059000,-0.0018000,9.6744000,32.8827000,31.3339000,30.7312000,-45.5980000,-9.7960000,10.0960000,0.000000,0,0,0
35.620,-0.1059000,-0.0018000,9.6720000,32.8827000,31.3416000,30.7312000,-45.6250000,-9.6960000,8.8390000,0.000000,0,0,0
35.630,-0.1047000,-0.0018000,9.6708000,32.8751000,31.3416000,30.7312000,-45.4700000,-9.9420000,8.9350000,0.000000,0,0,0
35.640,-0.1035000,-0.0006000,9.6708000,32.8674000,31.3416000,30.7312000,-45.5430000,-9.7420000,9.2430000,0.000000,0,0,0
35.650,-0.1023000,0.0006000,9.6708000,32.8751000,31.3492000,30.7312000,-45.3760000,-10.1350000,10.2910000,0.000000,0,0,0
35.660,-0.1023000,0.0030000,9.6708000,32.8751000,31.3568000,30.7312000,-45.6290000,-9.7360000,8.8360000,0.000000,0,0,0
35.670,-0.1035000,0.0042000,9.6732000,32.8827000,31.3568000,30.7312000,-45.6330000,-9.7900000,9.5340000,0.000000,0,0,0
35.680,-0.1059000,0.0042000,9.6756000,32.8903000,31.3568000,30.7312000,-45.5780000,-9.7920000,9.2440000,0.000000,0,0,0
35.690,-0.1083000,0.0030000,9.6768000,32.8979000,31.3568000,30.7236000,-45.6710000,-9.9870000,9.3540000,0.000000,0,0,0
35.700,-0.1095000,0.0018000,9.6744000,32.8903000,31.3492000,30.7159000,-45.9230000,-9.9080000,9.0640000,0.000000,0,0,0
35.710,-0.1095000,0.0006000,9.6732000,32.8903000,31.3416000,30.7159000,-45.6360000,-10.0940000,9.3500000,0.000000,0,0,0
35.720,-0.1083000,0.0006000,9.6720000,32.8827000,31.3416000,30.7159000,-45.2200000,-9.7050000,8.9750000,0.000000,0,0,0
35.730,-0.1059000,0.0018000,9.6696000,32.8903000,31.3492000,30.7236000,-45.4400000,-9.9770000,9.4400000,0.000000,0,0,0
35.740,-0.1035000,0.0018000,9.6672000,32.8903000,31.3492000,30.7312000,-45.5640000,-9.8430000,8.8990000,0.000000,0,0,0
35.750,-0.1047000,0.0018000,9.6684000,32.8903000,31.3568000,30.7388000,-45.2860000,-9.9280000,8.7000000,0.000000,0,0,0
35.760,-0.1047000,0.0018000,9.6732000,32.8979000,31.3568000,30.7388000,-45.5000000,-9.5700000,8.8370000,0.000000,0,0,0
35.770,-0.1059000,0.0018000,9.6768000,32.8979000,31.3644000,30.7312000,-45.6130000,-9.7340000,9.0740000,0.000000,0,0,0
35.780,-0.1059000,0.0018000,9.6780000,32.9056000,31.3644000,30.7388000,-45.2730000,-9.6350000,8.1570000,0.000000,0,0,0
35.790,-0.1059000,0.0006000,9.6780000,32.9056000,31.3644000,30.7388000,-45.4670000,-10.0540000,9.2090000,0.000000,0,0,0
35.800,-0.1059000,-0.0006000,9.6780000,32.9056000,31.3568000,30.7388000,-45.2790000,-10.0160000,8.7510000,0.000000,0,0,0
35.810,-0.1071000,-0.0018000,9.6756000,32.8979000,31.3568000,30.7312000,-45.5900000,-10.3290000,9.4900000,0.000000,0,0,0
35.820,-0.1071000,-0.0006000,9.6732000,32.8979000,31.3568000,30.7236000,-45.4280000,-9.7780000,8.2400000,0.000000,0,0,0
35.830,-0.1071000,0.0018000,9.6720000,32.8903000,31.3568000,30.7236000,-45.6540000,-10.1490000,9.0710000,0.000000,0,0,0
35.840,-0.1083000,0.0042000,9.6744000,32.8903000,31.3644000,30.7236000,-45.5490000,-9.4750000,8.9280000,0.000000,0,0,0
35.850,-0.1095000,0.0054000,9.6768000,32.8903000,31.3797000,30.7312000,-45.4380000,-10.0250000,8.7720000,0.000000,0,0,0
35.860,-0.1095000,0.0054000,9.6756000,32.8903000,31.3797000,30.7312000,-45.4190000,-9.6250000,9.1160000,0.000000,0,0,0
35.870,-0.1095000,0.0054000,9.6732000,32.8979000,31.3721000,30.7312000,-45.5880000,-9.9150000,9.6610000,0.000000,0,0,0
35.880,-0.1083000,0.0042000,9.6744000,32.8979000,31.3721000,30.7388000,-45.5640000,-9.6550000,8.6940000,0.000000,0,0,0
35.890,-0.1071000,0.0030000,9.6768000,32.9056000,31.3721000,30.7388000,-45.8190000,-10.0260000,9.4640000,0.000000,0,0,0
35.900,-0.1059000,0.0018000,9.6756000,32.9056000,31.3721000,30.7465000,-45.4060000,-9.9200000,9.6820000,0.000000,0,0,0
35.910,-0.1059000,0.0018000,9.6732000,32.9056000,31.3568000,30.7465000,-45.4980000,-10.0770000,9.5370000,0.000000,0,0,0
35.920,-0.1059000,0.0018000,9.6732000,32.8979000,31.3416000,30.7388000,-45.3390000,-9.9600000,9.3060000,0.000000,0,0,0
35.930,-0.1059000,0.0018000,9.6732000,32.8979000,31.3263000,30.7388000,-45.6570000,-10.0870000,8.8540000,0.000000,0,0,0
35.940,-0.1071000,0.0018000,9.6744000,32.8903000,31.3034000,30.7312000,-45.5170000,-9.8820000,8.8330000,0.000000,0,0,0
35.950,-0.1071000,0.0018000,9.6744000,32.8903000,31.2729000,30.7159000,-45.5460000,-10.0320000,9.0960000,0.000000,0,0,0
35.960,-0.1083000,0.0018000,9.6756000,32.8903000,31.2424000,30.7159000,-45.4150000,-9.9960000,8.9120000,0.000000,0,0,0
35.970,-0.1083000,0.0018000,9.6768000,32.8903000,31.2195000,30.7159000,-45.6290000,-9.8510000,8.9950000,0.000000,0,0,0
35.980,-0.1095000,0.0018000,9.6768000,32.9056000,31.1890000,30.7236000,-45.3500000,-9.9650000,9.1080000,0.000000,0,0,0
35.990,-0.1083000,0.0018000,9.6768000,32.9132000,31.1737000,30.7312000,-45.8210000,-10.0510000,9.4540000,0.000000,0,0,0
36.000,-0.1083000,0.0018000,9.6756000,32.9056000,31.1737000,30.7236000,-45.4900000,-9.4510000,8.6380000,0.000000,0,0,0
36.010,-0.1071000,0.0018000,9.6744000,32.8979000,31.2119000,30.7159000,-45.6160000,-9.9510000,9.2540000,0.000000,0,0,0
36.020,-0.1071000,0.0006000,9.6744000,32.8903000,31.2653000,30.7083000,-45.6600000,-9.6310000,8.8210000,0.000000,0,0,0
36.030,-0.1083000,-0.0006000,9.6744000,32.8827000,31.3187000,30.6931000,-45.6060000,-9.9200000,9.9090000,0.000000,0,0,0
36.040,-0.1095000,-0.0018000,9.6756000,32.8827000,31.3492000,30.6854000,-45.3740000,-9.8470000,9.6930000,0.000000,0,0,0
36.050,-0.1107000,-0.0018000,9.6768000,32.8979000,31.3721000,30.6778000,-45.3870000,-9.9590000,9.6700000,0.000000,0,0,0
36.060,-0.1358000,-0.0126000,9.6744000,32.9132000,31.4102000,30.7617000,-45.4110000,-9.6820000,9.1970000,0.000000,0,0,0
36.070,-0.1621000,-0.0281000,9.6732000,32.9285000,31.4865000,31.2119000,-45.2360000,-10.0870000,9.4570000,0.000000,0,0,0
36.080,-0.2052000,-0.0544000,9.6756000,32.9437000,31.5094000,32.0282000,-45.2140000,-9.6480000,9.1770000,0.000000,0,0,0
36.090,-0.2937000,-0.0987000,9.6756000,32.9437000,31.4865000,33.6151000,-45.2490000,-10.1280000,9.1780000,0.000000,0,0,0
36.100,-0.3762000,-0.1250000,9.6732000,32.9437000,31.4255000,36.0870000,-45.1900000,-9.9910000,9.1180000,0.000000,0,0,0
36.110,-0.4217000,-0.1370000,9.6732000,32.9514000,31.3568000,39.0930000,-45.0360000,-10.5600000,8.9960000,0.000000,0,0,0
36.120,-0.4349000,-0.1382000,9.6744000,32.9590000,31.3034000,42.2821000,-45.2920000,-10.0720000,8.9900000,0.000000,0,0,0
36.130,-0.4277000,-0.0688000,9.6768000,32.9666000,31.1508000,46.2723000,-45.3490000,-10.5240000,9.6470000,0.000000,0,0,0
36.140,-0.3966000,-0.0018000,9.6732000,32.9742000,31.0135000,47.3480000,-45.2300000,-10.2110000,8.7610000,0.000000,0,0,0
36.150,-0.4097000,0.0461000,9.6684000,32.9742000,30.9219000,47.0276000,-45.3880000,-10.6920000,9.1330000,0.000000,0,0,0
36.160,-0.4624000,0.0640000,9.6720000,32.9514000,30.9067000,45.4636000,-45.1720000,-10.3830000,8.6490000,0.000000,0,0,0
36.170,-0.4827000,0.0568000,9.6780000,32.9361000,30.9525000,43.0832000,-45.3750000,-10.4500000,9.4840000,0.000000,0,0,0
36.180,-0.4767000,0.0425000,9.6780000,32.9208000,31.0364000,40.5045000,-45.2030000,-10.2480000,9.5680000,0.000000,0,0,0
36.190,-0.4755000,0.0305000,9.6720000,32.9056000,31.1279000,38.1622000,-45.2680000,-10.8950000,9.3630000,0.000000,0,0,0
36.200,-0.4887000,0.0221000,9.6708000,32.9056000,31.1890000,36.2854000,-45.3280000,-10.4600000,8.9440000,0.000000,0,0,0
36.210,-0.5102000,0.0197000,9.6744000,32.9132000,31.1966000,35.0113000,-45.3210000,-11.0060000,9.6760000,0.000000,0,0,0
36.220,-0.4899000,0.0257000,9.6756000,32.9208000,31.1661000,34.2484000,-45.1050000,-10.6460000,8.8910000,0.000000,0,0,0
36.230,-0.4301000,0.0389000,9.6708000,32.9208000,31.1356000,33.7143000,-45.6600000,-10.7140000,10.3780000,0.000000,0,0,0
36.240,-0.3655000,0.0496000,9.6696000,32.9132000,31.1203000,33.0124000,-45.3730000,-10.4260000,10.2440000,0.000000,0,0,0
36.250,-0.3260000,0.0473000,9.6744000,32.8979000,31.1356000,31.9748000,-45.3640000,-10.8410000,10.2030000,0.000000,0,0,0
36.260,-0.3320000,0.0329000,9.6768000,32.8751000,31.1584000,30.6549000,-45.4380000,-10.2700000,9.2330000,0.000000,0,0,0
36.270,-0.3667000,0.0185000,9.6744000,32.8598000,31.1890000,29.1748000,-45.5780000,-10.7550000,9.6460000,0.000000,0,0,0
36.280,-0.3906000,0.0078000,9.6708000,32.8445000,31.2195000,27.7252000,-45.4530000,-10.7790000,9.1770000,0.000000,0,0,0
36.290,-0.3942000,0.0042000,9.6696000,32.8369000,31.2576000,26.5350000,-45.8050000,-10.8020000,9.7650000,0.000000,0,0,0
36.300,-0.3846000,0.0150000,9.6708000,32.8369000,31.2805000,25.7950000,-45.3410000,-10.7600000,9.6260000,0.000000,0,0,0
36.310,-0.3906000,0.0257000,9.6708000,32.8293000,31.2805000,25.4517000,-45.6670000,-10.9950000,10.0360000,0.000000,0,0,0
36.320,-0.4265000,0.0293000,9.6708000,32.8140000,31.2805000,25.4364000,-45.5740000,-10.4480000,9.6090000,0.000000,0,0,0
36.330,-0.4576000,0.0197000,9.6720000,32.8140000,31.2729000,25.6042000,-45.9050000,-10.9020000,9.7530000,0.000000,0,0,0
36.340,-0.4672000,0.0054000,9.6756000,32.8217000,31.2576000,25.8713000,-45.7260000,-10.5080000,9.8120000,0.000000,0,0,0
36.350,-0.4564000,-0.0114000,9.6756000,32.8445000,31.2347000,26.2146000,-45.6030000,-11.0160000,9.6060000,0.000000,0,0,0
36.360,-0.4564000,-0.0197000,9.6720000,32.8522000,31.2042000,26.6266000,-45.7060000,-10.6090000,9.9360000,0.000000,0,0,0
36.370,-0.4839000,-0.0257000,9.6720000,32.8522000,31.1813000,27.0920000,-45.6600000,-10.6640000,10.0570000,0.000000,0,0,0
36.380,-0.5246000,-0.0281000,9.6732000,32.8522000,31.1661000,27.4963000,-45.7180000,-10.6590000,10.3100000,0.000000,0,0,0
36.390,-0.5700000,-0.0377000,9.6744000,32.8445000,31.1584000,27.8015000,-45.7240000,-10.7800000,9.6780000,0.000000,0,0,0
36.400,-0.5928000,-0.0484000,9.6708000,32.8369000,31.1584000,27.9846000,-45.8470000,-10.6010000,10.1410000,0.000000,0,0,0
36.410,-0.5652000,-0.0568000,9.6696000,32.8293000,31.1432000,28.0304000,-45.8620000,-11.0900000,10.5870000,0.000000,0,0,0
36.420,-0.5198000,-0.0532000,9.6708000,32.8217000,31.1432000,27.9617000,-45.9990000,-10.7250000,10.4280000,0.000000,0,0,0
36.430,-0.4695000,-0.0413000,9.6708000,32.8369000,31.1432000,27.8091000,-46.0160000,-11.1080000,10.1810000,0.000000,0,0,0
36.440,-0.4313000,-0.0329000,9.6708000,32.8293000,31.1508000,27.6031000,-45.5680000,-10.8800000,9.8870000,0.000000,0,0,0
36.450,-0.4169000,-0.0377000,9.6720000,32.8217000,31.1737000,27.4658000,-46.0070000,-11.1860000,11.1760000,0.000000,0,0,0
36.460,-0.4576000,-0.0473000,9.6732000,32.8293000,31.1966000,27.4506000,-45.8400000,-11.4550000,10.0890000,0.000000,0,0,0
36.470,-0.5234000,-0.0676000,9.6756000,32.8140000,31.2195000,27.4506000,-45.8800000,-11.5670000,10.5740000,0.000000,0,0,0
36.480,-0.6095000,-0.0903000,9.6768000,32.7759000,31.2576000,27.5116000,-45.7140000,-11.2570000,10.7170000,0.000000,0,0,0
36.490,-0.6717000,-0.1011000,9.6756000,32.7377000,31.3110000,27.6031000,-45.7550000,-11.6740000,11.2440000,0.000000,0,0,0
36.500,-0.6921000,-0.0963000,9.6732000,32.7072000,31.3644000,27.5574000,-45.4370000,-11.2100000,10.7950000,0.000000,0,0,0
36.510,-0.6873000,-0.0796000,9.6720000,32.7301000,31.4255000,27.5116000,-45.4730000,-11.7620000,11.0740000,0.000000,0,0,0
36.520,-0.6777000,-0.0520000,9.6708000,32.7606000,31.4713000,27.8778000,-45.5200000,-11.6950000,10.5350000,0.000000,0,0,0
36.530,-0.6550000,-0.0150000,9.6720000,32.7606000,31.4865000,28.8086000,-45.7730000,-11.8850000,11.2710000,0.000000,0,0,0
36.540,-0.6239000,0.0150000,9.6732000,32.7454000,31.4941000,30.1285000,-45.7760000,-11.7940000,10.7670000,0.000000,0,0,0
36.550,-0.6095000,0.0293000,9.6756000,32.7606000,31.4789000,31.5628000,-45.5050000,-12.2320000,11.0840000,0.000000,0,0,0
36.560,-0.6179000,0.0221000,9.6768000,32.7835000,31.4636000,32.9590000,-45.2630000,-11.9900000,11.3100000,0.000000,0,0,0
36.570,-0.6621000,0.0066000,9.6756000,32.8293000,31.4636000,34.2636000,-45.5260000,-12.8920000,11.3610000,0.000000,0,0,0
36.580,-0.7327000,-0.0173000,9.6744000,32.8827000,31.4560000,35.4385000,-45.2950000,-12.4460000,11.8270000,0.000000,0,0,0
36.590,-0.7686000,-0.0341000,9.6768000,32.8903000,31.4484000,36.4456000,-45.1890000,-13.0290000,12.0550000,0.000000,0,0,0
36.600,-0.7626000,-0.0341000,9.6768000,32.8217000,31.4865000,36.8576000,-45.0030000,-12.9130000,11.0730000,0.000000,0,0,0
36.610,-0.6825000,-0.0150000,9.6744000,32.7988000,31.5247000,36.4609000,-45.0530000,-13.6530000,11.7390000,0.000000,0,0,0
36.620,-0.5832000,0.0269000,9.6720000,32.7988000,31.5552000,35.3622000,-44.8100000,-13.2720000,11.2490000,0.000000,0,0,0
36.630,-0.5497000,0.0772000,9.6744000,32.7835000,31.5781000,33.6609000,-44.6580000,-13.4650000,11.9310000,0.000000,0,0,0
36.640,-0.5952000,0.0879000,9.6780000,32.7682000,31.5857000,31.7383000,-44.7540000,-13.5550000,11.4300000,0.000000,0,0,0
36.650,-0.6765000,0.0784000,9.6804000,32.7148000,31.5933000,29.8920000,-44.4590000,-13.5380000,12.3580000,0.000000,0,0,0
36.660,-0.7363000,0.0484000,9.6792000,32.6767000,31.6162000,28.2822000,-44.4130000,-13.5430000,12.6480000,0.000000,0,0,0
36.670,-0.7650000,0.0126000,9.6768000,32.7072000,31.6315000,27.0081000,-44.4400000,-13.7190000,12.5140000,0.000000,0,0,0
36.680,-0.7351000,-0.0197000,9.6744000,32.7454000,31.6467000,26.2604000,-44.1460000,-14.0000000,12.5630000,0.000000,0,0,0
36.690,-0.6885000,-0.0365000,9.6720000,32.7530000,31.6315000,26.2299000,-44.1820000,-14.3510000,12.9400000,0.000000,0,0,0
36.700,-0.6550000,-0.0233000,9.6720000,32.7988000,31.6086000,26.4969000,-43.9740000,-14.2480000,12.8960000,0.000000,0,0,0
36.710,-0.6550000,-0.0221000,9.6732000,32.8369000,31.5933000,26.7639000,-43.7390000,-14.2510000,13.1620000,0.000000,0,0,0
36.720,-0.6490000,-0.0269000,9.6732000,32.8674000,31.5628000,26.9928000,-43.5670000,-14.2440000,12.5890000,0.000000,0,0,0
36.730,-0.6490000,-0.0221000,9.6756000,32.8903000,31.5399000,26.9165000,-43.5770000,-14.6840000,13.4060000,0.000000,0,0,0
36.740,-0.7255000,-0.0150000,9.6792000,32.8293000,31.5781000,25.8026000,-43.0630000,-14.8450000,12.9130000,0.000000,0,0,0
36.750,-0.8272000,-0.0233000,9.6816000,32.7988000,31.6162000,24.7803000,-43.3190000,-14.7910000,12.8690000,0.000000,0,0,0
36.760,-0.8954000,-0.0102000,9.6816000,32.7759000,31.6238000,23.7808000,-42.6520000,-14.5510000,13.2600000,0.000000,0,0,0
36.770,-0.8811000,0.0329000,9.6804000,32.7911000,31.6010000,22.6059000,-43.0690000,-14.8060000,13.0880000,0.000000,0,0,0
36.780,-0.7842000,0.0987000,9.6768000,32.8064000,31.6010000,21.1487000,-42.4090000,-14.7320000,12.7050000,0.000000,0,0,0
36.790,-0.6466000,0.1214000,9.6720000,32.7988000,31.6162000,19.7296000,-42.0540000,-14.5130000,13.8940000,0.000000,0,0,0
36.800,-0.5234000,0.1023000,9.6732000,32.8140000,31.6010000,18.6081000,-42.2990000,-14.5950000,13.2940000,0.000000,0,0,0
36.810,-0.4205000,0.0461000,9.6780000,32.8217000,31.5857000,17.9901000,-41.8240000,-14.5330000,13.5290000,0.000000,0,0,0
36.820,-0.3834000,0.0066000,9.6792000,32.7835000,31.5399000,17.7231000,-41.8940000,-14.3080000,13.1950000,0.000000,0,0,0
36.830,-0.4157000,-0.0233000,9.6780000,32.6996000,31.4713000,17.6773000,-41.6890000,-14.5340000,13.9300000,0.000000,0,0,0
36.840,-0.4767000,-0.0197000,9.6792000,32.6920000,31.4407000,17.8452000,-41.4600000,-14.7350000,13.5840000,0.000000,0,0,0
36.850,-0.5078000,0.0173000,9.6780000,32.6996000,31.3950000,18.3716000,-41.4450000,-14.7770000,13.8210000,0.000000,0,0,0
36.860,-0.4349000,0.0736000,9.6768000,32.7072000,31.2729000,19.5084000,-40.9280000,-14.7400000,14.0550000,0.000000,0,0,0
36.870,-0.3260000,0.1453000,9.6708000,32.6920000,31.0745000,21.2021000,-40.7490000,-14.7530000,13.9730000,0.000000,0,0,0
36.880,-0.2399000,0.2159000,9.6612000,32.6691000,30.8304000,22.9111000,-40.5000000,-14.8760000,14.2400000,0.000000,0,0,0
36.890,-0.2004000,0.2506000,9.6612000,32.6080000,30.5939000,24.2538000,-40.6030000,-14.8930000,14.5720000,0.000000,0,0,0
36.900,-0.2076000,0.2542000,9.6672000,32.5012000,30.4642000,25.0931000,-40.5110000,-14.6590000,13.9890000,0.000000,0,0,0
36.910,-0.2231000,0.2530000,9.6732000,32.5165000,30.4031000,25.3143000,-40.2430000,-14.9340000,14.0970000,0.000000,0,0,0
36.920,-0.2243000,0.2470000,9.6756000,32.6233000,30.4108000,24.9252000,-39.6870000,-14.7150000,13.7220000,0.000000,0,0,0
36.930,-0.1908000,0.2482000,9.6780000,32.7454000,30.4489000,24.0479000,-39.6510000,-15.0940000,14.0210000,0.000000,0,0,0
36.940,-0.1298000,0.2578000,9.6816000,32.8598000,30.5176000,22.9492000,-39.3330000,-14.7250000,14.1630000,0.000000,0,0,0
36.950,-0.0520000,0.2901000,9.6816000,32.9285000,30.5862000,21.9498000,-39.6910000,-14.6310000,13.8610000,0.000000,0,0,0
36.960,0.0233000,0.3380000,9.6804000,32.9895000,30.6396000,21.3852000,-39.2540000,-14.6240000,13.9280000,0.000000,0,0,0
36.970,0.0903000,0.3607000,9.6792000,32.9742000,30.7236000,21.2173000,-39.1460000,-14.8530000,13.7900000,0.000000,0,0,0
36.980,0.1418000,0.3332000,9.6792000,32.8522000,30.8609000,21.4539000,-38.5430000,-14.4830000,13.8960000,0.000000,0,0,0
36.990,0.1250000,0.2793000,9.6780000,32.7682000,30.9906000,21.4462000,-38.2920000,-14.4550000,13.3190000,0.000000,0,0,0
37.000,0.1788000,0.1489000,9.6732000,32.7377000,31.1279000,21.6141000,-37.9690000,-14.3960000,13.8240000,0.000000,0,0,0
37.010,0.2088000,0.0150000,9.6732000,32.7911000,31.2881000,22.4075000,-37.8470000,-14.5680000,13.9710000,0.000000,0,0,0
37.020,0.2387000,-0.0592000,9.6756000,32.8369000,31.4178000,23.4756000,-37.9820000,-14.1940000,14.0670000,0.000000,0,0,0
37.030,0.2351000,-0.0784000,9.6720000,32.8369000,31.4713000,24.6811000,-37.7140000,-14.4140000,14.1610000,0.000000,0,0,0
37.040,0.2327000,-0.0592000,9.6684000,32.8369000,31.4484000,26.0086000,-37.1860000,-14.1700000,14.5370000,0.000000,0,0,0
37.050,0.2028000,-0.0185000,9.6672000,32.8293000,31.3721000,27.2827000,-37.5030000,-14.2150000,13.4900000,0.000000,0,0,0
37.060,0.1226000,0.0150000,9.6708000,32.8217000,31.2729000,28.3356000,-36.9470000,-14.0800000,14.1430000,0.000000,0,0,0
37.070,0.0161000,0.0197000,9.6732000,32.8293000,31.1966000,29.1595000,-37.0970000,-14.1810000,13.7370000,0.000000,0,0,0
37.080,-0.0580000,0.0054000,9.6744000,32.8293000,31.1203000,29.8615000,-36.3980000,-13.6590000,13.2650000,0.000000,0,0,0
37.090,-0.0532000,0.0197000,9.6756000,32.7682000,31.0745000,30.4108000,-36.1650000,-13.9490000,13.4820000,0.000000,0,0,0
37.100,0.0054000,0.0819000,9.6768000,32.6996000,31.0364000,30.6091000,-35.7980000,-13.7680000,13.1400000,0.000000,0,0,0
37.110,0.0796000,0.1657000,9.6756000,32.6996000,31.0211000,30.4642000,-36.0750000,-13.6930000,13.4870000,0.000000,0,0,0
37.120,0.1178000,0.2422000,9.6732000,32.7301000,31.0211000,29.7928000,-35.5210000,-13.3090000,13.4930000,0.000000,0,0,0
37.130,0.1753000,0.2566000,9.6720000,32.8140000,31.0364000,28.6942000,-35.3860000,-13.4980000,13.0290000,0.000000,0,0,0
37.140,0.2399000,0.2291000,9.6732000,32.8445000,31.0364000,27.5040000,-35.3270000,-13.3940000,13.3950000,0.000000,0,0,0
37.150,0.2829000,0.1896000,9.6720000,32.8827000,31.0211000,26.2909000,-35.2480000,-13.3010000,13.7300000,0.000000,0,0,0
37.160,0.2961000,0.1346000,9.6720000,32.9285000,31.0059000,25.2609000,-35.0550000,-12.8840000,13.3080000,0.000000,0,0,0
37.170,0.2626000,0.0807000,9.6744000,32.9590000,30.9830000,24.5514000,-34.5060000,-12.6920000,13.3870000,0.000000,0,0,0
37.180,0.2183000,0.0257000,9.6768000,32.9895000,30.9830000,24.1547000,-34.4460000,-12.6530000,13.3210000,0.000000,0,0,0
37.190,0.1597000,-0.0341000,9.6780000,32.9666000,30.9982000,24.1547000,-34.3360000,-12.2990000,13.0970000,0.000000,0,0,0
37.200,0.1023000,-0.0855000,9.6768000,32.9742000,31.0287000,24.6277000,-34.4130000,-12.5990000,12.7360000,0.000000,0,0,0
37.210,0.0831000,-0.1178000,9.6768000,32.9971000,31.0745000,25.5661000,-34.2200000,-12.3330000,12.6730000,0.000000,0,0,0
37.220,0.0724000,-0.1119000,9.6768000,32.9742000,31.1203000,26.7639000,-34.4070000,-11.8670000,12.1490000,0.000000,0,0,0
37.230,0.0449000,-0.0867000,9.6756000,32.9514000,31.1584000,28.0380000,-33.8970000,-11.8640000,12.7390000,0.000000,0,0,0
37.240,0.0066000,-0.0831000,9.6732000,32.9361000,31.1890000,29.3655000,-34.0320000,-11.5970000,11.9640000,0.000000,0,0,0
37.250,0.0102000,-0.1083000,9.6744000,32.8979000,31.2195000,30.6320000,-33.9880000,-11.3950000,11.7530000,0.000000,0,0,0
37.260,0.0652000,-0.1501000,9.6756000,32.8445000,31.2195000,31.7001000,-33.8190000,-11.4620000,11.8970000,0.000000,0,0,0
37.270,0.1561000,-0.1776000,9.6744000,32.7911000,31.2042000,32.5241000,-33.6380000,-11.0080000,11.3080000,0.000000,0,0,0
37.280,0.2315000,-0.1561000,9.6720000,32.7530000,31.1966000,33.0048000,-33.7720000,-10.8850000,10.8810000,0.000000,0,0,0
37.290,0.3057000,-0.1059000,9.6720000,32.6996000,31.1966000,33.1268000,-33.5710000,-10.6970000,11.0500000,0.000000,0,0,0
37.300,0.3212000,-0.0401000,9.6732000,32.6996000,31.2119000,33.0734000,-33.2640000,-10.2950000,10.1400000,0.000000,0,0,0
37.310,0.2901000,0.0173000,9.6756000,32.7225000,31.2500000,33.0582000,-33.7780000,-9.8700000,10.0980000,0.000000,0,0,0
37.320,0.2458000,0.0544000,9.6756000,32.7606000,31.3187000,33.2184000,-33.6330000,-9.9250000,10.3390000,0.000000,0,0,0
37.330,0.2518000,0.0580000,9.6768000,32.7682000,31.4026000,33.6914000,-33.7420000,-10.0710000,10.1970000,0.000000,0,0,0
37.340,0.2769000,0.0293000,9.6768000,32.8140000,31.4331000,33.8516000,-33.5450000,-9.6650000,9.7730000,0.000000,0,0,0
37.350,0.3140000,-0.0042000,9.6744000,32.8369000,31.4102000,33.7524000,-33.8860000,-10.0140000,9.4840000,0.000000,0,0,0
37.360,0.3188000,-0.0209000,9.6720000,32.8217000,31.3721000,33.3099000,-33.7890000,-9.1790000,9.5210000,0.000000,0,0,0
37.370,0.3009000,-0.0329000,9.6732000,32.7911000,31.3187000,32.5623000,-33.7250000,-8.9410000,9.8840000,0.000000,0,0,0
37.380,0.3080000,-0.0461000,9.6756000,32.7988000,31.2881000,31.6620000,-33.9000000,-8.9220000,9.0730000,0.000000,0,0,0
37.390,0.3535000,-0.0604000,9.6768000,32.8217000,31.2729000,30.6091000,-34.2510000,-8.6210000,9.3950000,0.000000,0,0,0
37.400,0.4456000,-0.0760000,9.6744000,32.8217000,31.2576000,29.4418000,-34.0310000,-8.5790000,9.4970000,0.000000,0,0,0
37.410,0.5581000,-0.0915000,9.6720000,32.8293000,31.2424000,28.1830000,-34.3660000,-8.2990000,9.8200000,0.000000,0,0,0
37.420,0.6526000,-0.1035000,9.6696000,32.8217000,31.2271000,26.8555000,-34.2280000,-8.1250000,9.2670000,0.000000,0,0,0
37.430,0.7232000,-0.1107000,9.6684000,32.7911000,31.2271000,25.5280000,-34.3400000,-8.0060000,10.0960000,0.000000,0,0,0
37.440,0.7674000,-0.1107000,9.6696000,32.7606000,31.2347000,24.2920000,-34.2460000,-8.0050000,8.9250000,0.000000,0,0,0
37.450,0.7878000,-0.1083000,9.6696000,32.7606000,31.2424000,23.2315000,-34.8320000,-8.0270000,8.2370000,0.000000,0,0,0
37.460,0.7890000,-0.1154000,9.6696000,32.7606000,31.2576000,22.5143000,-34.8020000,-7.5220000,8.3040000,0.000000,0,0,0
37.470,0.7710000,-0.1214000,9.6708000,32.7682000,31.2653000,22.3160000,-34.8210000,-7.3540000,8.0710000,0.000000,0,0,0
37.480,0.7232000,-0.1142000,9.6708000,32.7835000,31.2805000,22.7051000,-34.7070000,-7.2190000,7.5900000,0.000000,0,0,0
37.490,0.6406000,-0.1023000,9.6708000,32.8064000,31.2805000,23.6053000,-35.0930000,-7.5980000,8.1610000,0.000000,0,0,0
37.500,0.5306000,-0.0843000,9.6720000,32.8293000,31.2805000,24.7879000,-35.3760000,-6.9850000,7.6580000,0.000000,0,0,0
37.510,0.4468000,-0.0676000,9.6744000,32.8445000,31.2958000,25.9399000,-35.5140000,-7.3760000,7.7030000,0.000000,0,0,0
37.520,0.4372000,-0.0389000,9.6780000,32.8522000,31.3110000,26.6724000,-35.2150000,-6.9390000,7.3180000,0.000000,0,0,0
37.530,0.4504000,-0.0209000,9.6756000,32.8522000,31.3416000,26.7258000,-35.4790000,-7.1530000,7.9350000,0.000000,0,0,0
37.540,0.4540000,-0.0317000,9.6696000,32.8445000,31.3492000,26.4053000,-35.5640000,-6.8300000,7.3180000,0.000000,0,0,0
37.550,0.4049000,-0.0556000,9.6672000,32.8369000,31.3492000,26.1841000,-35.5600000,-6.7320000,7.4280000,0.000000,0,0,0
37.560,0.3272000,-0.0807000,9.6720000,32.8293000,31.3644000,26.4511000,-35.4070000,-6.8660000,6.9870000,0.000000,0,0,0
37.570,0.2590000,-0.0891000,9.6768000,32.8369000,31.3873000,27.2675000,-35.5990000,-6.6920000,6.9090000,0.000000,0,0,0
37.580,0.2195000,-0.0831000,9.6768000,32.8369000,31.4178000,28.4348000,-35.4790000,-6.5070000,7.5760000,0.000000,0,0,0
37.590,0.1896000,-0.0688000,9.6732000,32.8445000,31.4484000,29.7012000,-35.4290000,-6.3920000,7.6980000,0.000000,0,0,0
37.600,0.1908000,-0.0580000,9.6732000,32.8445000,31.4560000,30.8075000,-35.8440000,-6.3710000,7.4140000,0.000000,0,0,0
37.610,0.2099000,-0.0425000,9.6780000,32.8445000,31.4636000,31.6086000,-35.8270000,-6.2750000,7.3630000,0.000000,0,0,0
37.620,0.2339000,-0.0233000,9.6804000,32.8445000,31.4865000,32.0206000,-35.9430000,-6.4920000,6.9130000,0.000000,0,0,0
37.630,0.2662000,-0.0042000,9.6768000,32.8293000,31.5018000,32.0892000,-36.3450000,-6.3280000,7.7210000,0.000000,0,0,0
37.640,0.3320000,0.0138000,9.6720000,32.8217000,31.5170000,31.8451000,-36.5150000,-6.5200000,7.1810000,0.000000,0,0,0
37.650,0.4325000,0.0305000,9.6720000,32.8140000,31.5247000,31.3263000,-36.3980000,-6.3530000,7.5240000,0.000000,0,0,0
37.660,0.5353000,0.0473000,9.6720000,32.8064000,31.5247000,30.5862000,-36.2360000,-6.3050000,7.3850000,0.000000,0,0,0
37.670,0.6119000,0.0556000,9.6684000,32.7988000,31.5170000,29.7623000,-36.3350000,-6.5480000,7.6530000,0.000000,0,0,0
37.680,0.6370000,0.0520000,9.6648000,32.8064000,31.4941000,29.0222000,-36.3060000,-6.1740000,7.3420000,0.000000,0,0,0
37.690,0.6215000,0.0389000,9.6684000,32.8217000,31.4713000,28.4653000,-36.5760000,-6.1000000,7.3240000,0.000000,0,0,0
37.700,0.5868000,0.0161000,9.6732000,32.8369000,31.4407000,28.1372000,-36.9130000,-6.2950000,6.9710000,0.000000,0,0,0
37.710,0.5437000,-0.0018000,9.6744000,32.8445000,31.4178000,27.9770000,-36.6260000,-6.3010000,7.1490000,0.000000,0,0,0
37.720,0.4983000,-0.0102000,9.6720000,32.8445000,31.3950000,27.8473000,-36.6460000,-6.1140000,6.6340000,0.000000,0,0,0
37.730,0.4480000,-0.0161000,9.6720000,32.8369000,31.3797000,27.6566000,-36.8990000,-6.1440000,7.6810000,0.000000,0,0,0
37.740,0.4157000,-0.0221000,9.6732000,32.8293000,31.3644000,27.4277000,-36.6600000,-5.9770000,7.2560000,0.000000,0,0,0
37.750,0.3810000,-0.0233000,9.6744000,32.8217000,31.3492000,27.2903000,-36.7000000,-6.0740000,7.0200000,0.000000,0,0,0
37.760,0.3631000,-0.0221000,9.6708000,32.8217000,31.3263000,27.3514000,-36.8590000,-6.1830000,7.5370000,0.000000,0,0,0
37.770,0.3380000,-0.0173000,9.6684000,32.8369000,31.2958000,27.6794000,-36.8870000,-6.3340000,6.9460000,0.000000,0,0,0
37.780,0.3021000,-0.0138000,9.6696000,32.8522000,31.2729000,28.2822000,-36.6060000,-6.1520000,7.2770000,0.000000,0,0,0
37.790,0.2578000,-0.0126000,9.6720000,32.8674000,31.2576000,29.0680000,-36.8780000,-6.2960000,7.5390000,0.000000,0,0,0
37.800,0.2219000,-0.0138000,9.6720000,32.8674000,31.2424000,29.9683000,-37.0000000,-6.3180000,7.1350000,0.000000,0,0,0
37.810,0.1908000,-0.0138000,9.6684000,32.8751000,31.2424000,30.8228000,-36.8790000,-6.2040000,6.7160000,0.000000,0,0,0
37.820,0.1753000,-0.0126000,9.6696000,32.8751000,31.2424000,31.4713000,-36.8920000,-6.3380000,6.6590000,0.000000,0,0,0
37.830,0.1585000,-0.0138000,9.6732000,32.8751000,31.2576000,31.8069000,-36.8750000,-6.4290000,6.7310000,0.000000,0,0,0
37.840,0.1394000,-0.0138000,9.6756000,32.8674000,31.2729000,31.8298000,-36.7540000,-6.6380000,6.4270000,0.000000,0,0,0
37.850,0.1119000,-0.0114000,9.6744000,32.8598000,31.2958000,31.6315000,-37.0500000,-6.5260000,6.7840000,0.000000,0,0,0
37.860,0.0927000,-0.0078000,9.6720000,32.8598000,31.3187000,31.3492000,-36.9010000,-6.2620000,6.6420000,0.000000,0,0,0
37.870,0.0831000,-0.0030000,9.6720000,32.8522000,31.3416000,31.0669000,-36.6560000,-6.3470000,6.6800000,0.000000,0,0,0
37.880,0.0867000,0.0006000,9.6720000,32.8598000,31.3416000,30.8456000,-36.8600000,-6.4010000,6.5430000,0.000000,0,0,0
37.890,0.0831000,0.0006000,9.6684000,32.8598000,31.3416000,30.7083000,-36.8090000,-6.2990000,7.4980000,0.000000,0,0,0
37.900,0.0532000,-0.0006000,9.6648000,32.8598000,31.3416000,30.6396000,-36.9730000,-6.3700000,7.4840000,0.000000,0,0,0
37.910,0.0138000,-0.0042000,9.6660000,32.8598000,31.3492000,30.6168000,-36.9620000,-6.2020000,7.6550000,0.000000,0,0,0
37.920,-0.0221000,-0.0090000,9.6720000,32.8674000,31.3492000,30.6244000,-37.1060000,-6.6760000,7.0690000,0.000000,0,0,0
37.930,-0.0616000,-0.0138000,9.6744000,32.8598000,31.3492000,30.6625000,-36.7330000,-6.4160000,7.5100000,0.000000,0,0,0
37.940,-0.0772000,-0.0138000,9.6708000,32.8598000,31.3568000,30.6854000,-36.6740000,-6.4790000,7.2610000,0.000000,0,0,0
37.950,-0.0855000,-0.0126000,9.6696000,32.8598000,31.3644000,30.7083000,-36.8730000,-5.9390000,7.2120000,0.000000,0,0,0
37.960,-0.0879000,-0.0114000,9.6732000,32.8674000,31.3873000,30.7236000,-36.9790000,-6.1470000,7.4610000,0.000000,0,0,0
37.970,-0.0879000,-0.0102000,9.6768000,32.8751000,31.4026000,30.7312000,-37.1190000,-6.2450000,7.6210000,0.000000,0,0,0
37.980,-0.0867000,-0.0066000,9.6768000,32.8751000,31.4102000,30.7312000,-37.0240000,-6.1550000,7.4170000,0.000000,0,0,0
37.990,-0.0879000,-0.0042000,9.6732000,32.8827000,31.4178000,30.7236000,-36.9170000,-6.1130000,6.8400000,0.000000,0,0,0
38.000,-0.0879000,-0.0054000,9.6708000,32.8827000,31.4026000,30.7159000,-36.7800000,-5.6520000,6.8420000,0.000000,0,0,0
38.010,-0.0867000,-0.0066000,9.6696000,32.8827000,31.3873000,30.7083000,-36.9440000,-6.2260000,7.1750000,0.000000,0,0,0
38.020,-0.0855000,-0.0114000,9.6696000,32.8751000,31.3568000,30.7159000,-36.9260000,-6.2360000,6.5250000,0.000000,0,0,0
38.030,-0.0843000,-0.0138000,9.6696000,32.8827000,31.3263000,30.7159000,-36.8640000,-6.0300000,7.8940000,0.000000,0,0,0
38.040,-0.0819000,-0.0138000,9.6708000,32.8827000,31.3110000,30.7236000,-37.0360000,-6.0110000,7.4200000,0.000000,0,0,0
38.050,-0.0807000,-0.0114000,9.6732000,32.8827000,31.3263000,30.7388000,-37.1210000,-6.3110000,7.8420000,0.000000,0,0,0
38.060,-0.0796000,-0.0066000,9.6756000,32.8827000,31.3492000,30.7388000,-37.2170000,-6.4360000,7.7540000,0.000000,0,0,0
38.070,-0.0796000,-0.0030000,9.6756000,32.8827000,31.3797000,30.7388000,-37.0980000,-6.1590000,7.2070000,0.000000,0,0,0
38.080,-0.0807000,-0.0030000,9.6744000,32.8751000,31.4102000,30.7312000,-37.0420000,-5.9360000,7.0500000,0.000000,0,0,0
38.090,-0.0807000,-0.0054000,9.6744000,32.8674000,31.4407000,30.7312000,-36.9920000,-6.3460000,7.1040000,0.000000,0,0,0
38.100,-0.0819000,-0.0078000,9.6732000,32.8598000,31.4560000,30.7236000,-37.0010000,-5.9450000,7.1040000,0.000000,0,0,0
38.110,-0.0843000,-0.0114000,9.6720000,32.8598000,31.4560000,30.7236000,-37.3150000,-6.2030000,6.9330000,0.000000,0,0,0
38.120,-0.0855000,-0.0126000,9.6708000,32.8674000,31.4331000,30.7159000,-36.9670000,-6.1850000,6.8360000,0.000000,0,0,0
38.130,-0.0867000,-0.0138000,9.6708000,32.8598000,31.4102000,30.7159000,-36.9160000,-6.3120000,7.1570000,0.000000,0,0,0
38.140,-0.0867000,-0.0126000,9.6708000,32.8598000,31.3721000,30.7236000,-36.7890000,-6.2710000,7.1370000,0.000000,0,0,0
38.150,-0.0867000,-0.0102000,9.6720000,32.8674000,31.3492000,30.7236000,-37.0340000,-6.4470000,7.3510000,0.000000,0,0,0
38.160,-0.0855000,-0.0078000,9.6720000,32.8674000,31.3339000,30.7236000,-36.8060000,-6.3450000,7.4340000,0.000000,0,0,0
38.170,-0.0843000,-0.0066000,9.6732000,32.8674000,31.3263000,30.7236000,-37.1870000,-6.1910000,7.1660000,0.000000,0,0,0
38.180,-0.0831000,-0.0054000,9.6732000,32.8674000,31.3263000,30.7236000,-36.9640000,-6.0170000,7.1670000,0.000000,0,0,0
38.190,-0.0843000,-0.0054000,9.6732000,32.8598000,31.3416000,30.7236000,-37.2800000,-6.1120000,7.2820000,0.000000,0,0,0
38.200,-0.0855000,-0.0078000,9.6744000,32.8522000,31.3568000,30.7312000,-37.2130000,-6.2670000,6.9170000,0.000000,0,0,0
38.210,-0.0867000,-0.0102000,9.6744000,32.8598000,31.3644000,30.7388000,-37.2170000,-6.1280000,7.1780000,0.000000,0,0,0
38.220,-0.0867000,-0.0126000,9.6744000,32.8674000,31.3644000,30.7388000,-37.0020000,-5.9680000,6.9150000,0.000000,0,0,0
38.230,-0.0867000,-0.0138000,9.6732000,32.8751000,31.3721000,30.7388000,-36.9870000,-6.4200000,7.1460000,0.000000,0,0,0
38.240,-0.0855000,-0.0150000,9.6744000,32.8751000,31.3721000,30.7388000,-37.1200000,-6.0800000,6.4500000,0.000000,0,0,0
38.250,-0.0843000,-0.0138000,9.6756000,32.8827000,31.3797000,30.7388000,-37.2550000,-6.1940000,6.9680000,0.000000,0,0,0
38.260,-0.0843000,-0.0114000,9.6768000,32.8827000,31.3721000,30.7388000,-36.9340000,-6.3310000,6.7470000,0.000000,0,0,0
38.270,-0.0843000,-0.0090000,9.6768000,32.8751000,31.3644000,30.7388000,-36.9090000,-6.2550000,6.7840000,0.000000,0,0,0
38.280,-0.0855000,-0.0090000,9.6756000,32.8674000,31.3568000,30.7312000,-36.7300000,-6.3840000,6.8010000,0.000000,0,0,0
38.290,-0.0867000,-0.0090000,9.6744000,32.8674000,31.3492000,30.7312000,-36.5980000,-6.0650000,6.6730000,0.000000,0,0,0
38.300,-0.0867000,-0.0126000,9.6756000,32.8674000,31.3339000,30.7312000,-36.9390000,-6.2060000,7.2130000,0.000000,0,0,0
38.310,-0.0867000,-0.0161000,9.6744000,32.8674000,31.3263000,30.7312000,-36.9320000,-6.2710000,7.1080000,0.000000,0,0,0
38.320,-0.0867000,-0.0185000,9.6720000,32.8674000,31.3263000,30.7312000,-36.7610000,-6.1290000,7.0380000,0.000000,0,0,0
38.330,-0.0867000,-0.0161000,9.6708000,32.8751000,31.3263000,30.7312000,-37.1270000,-6.1160000,7.4900000,0.000000,0,0,0
38.340,-0.0867000,-0.0126000,9.6720000,32.8751000,31.3263000,30.7236000,-36.9090000,-6.3340000,7.2760000,0.000000,0,0,0
38.350,-0.0867000,-0.0078000,9.6744000,32.8751000,31.3339000,30.7159000,-36.8300000,-6.4980000,7.0580000,0.000000,0,0,0
38.360,-0.0855000,-0.0054000,9.6756000,32.8827000,31.3339000,30.7159000,-36.7570000,-6.4920000,7.6560000,0.000000,0,0,0
38.370,-0.0855000,-0.0066000,9.6756000,32.8827000,31.3416000,30.7083000,-36.8210000,-6.6060000,7.1110000,0.000000,0,0,0
38.380,-0.0867000,-0.0090000,9.6768000,32.8751000,31.3339000,30.7159000,-36.8130000,-6.3890000,7.1880000,0.000000,0,0,0
38.390,-0.0867000,-0.0114000,9.6768000,32.8674000,31.3263000,30.7159000,-37.0200000,-6.0800000,6.6890000,0.000000,0,0,0
38.400,-0.0867000,-0.0138000,9.6756000,32.8598000,31.3187000,30.7236000,-36.7570000,-6.2970000,7.0140000,0.000000,0,0,0
38.410,-0.0867000,-0.0138000,9.6720000,32.8598000,31.3034000,30.7312000,-36.7360000,-6.4480000,6.8530000,0.000000,0,0,0
38.420,-0.0867000,-0.0114000,9.6696000,32.8598000,31.2881000,30.7312000,-36.8850000,-6.3890000,6.6050000,0.000000,0,0,0
38.430,-0.0867000,-0.0102000,9.6708000,32.8598000,31.2805000,30.7312000,-36.8110000,-6.2500000,6.8220000,0.000000,0,0,0
38.440,-0.0867000,-0.0090000,9.6732000,32.8674000,31.2729000,30.7236000,-36.8150000,-6.1900000,6.3910000,0.000000,0,0,0
38.450,-0.0831000,-0.0078000,9.6744000,32.8674000,31.2729000,30.7236000,-36.8600000,-6.4080000,6.9650000,0.000000,0,0,0
38.460,-0.0819000,-0.0078000,9.6732000,32.8751000,31.2729000,30.7236000,-36.6460000,-6.3000000,7.2230000,0.000000,0,0,0
38.470,-0.0807000,-0.0090000,9.6732000,32.8751000,31.2729000,30.7236000,-37.0110000,-6.1860000,7.1520000,0.000000,0,0,0
38.480,-0.0819000,-0.0102000,9.6744000,32.8827000,31.2729000,30.7236000,-36.6990000,-6.3250000,6.9440000,0.000000,0,0,0
38.490,-0.0831000,-0.0114000,9.6744000,32.8827000,31.2729000,30.7236000,-36.9430000,-6.1760000,7.0310000,0.000000,0,0,0
38.500,-0.0855000,-0.0126000,9.6720000,32.8751000,31.2881000,30.7159000,-36.8560000,-6.3540000,7.1130000,0.000000,0,0,0
38.510,-0.0855000,-0.0126000,9.6720000,32.8751000,31.2958000,30.7159000,-36.8420000,-6.4550000,6.5380000,0.000000,0,0,0
38.520,-0.0867000,-0.0126000,9.6732000,32.8751000,31.3034000,30.7236000,-36.7750000,-6.3650000,6.8150000,0.000000,0,0,0
38.530,-0.0879000,-0.0102000,9.6720000,32.8751000,31.3034000,30.7236000,-36.7650000,-6.4200000,7.4600000,0.000000,0,0,0
38.540,-0.0879000,-0.0078000,9.6708000,32.8827000,31.2958000,30.7312000,-36.8050000,-6.6410000,7.3890000,0.000000,0,0,0
38.550,-0.0879000,-0.0054000,9.6708000,32.8903000,31.2881000,30.7236000,-36.7480000,-6.6480000,6.8020000,0.000000,0,0,0
38.560,-0.0891000,-0.0066000,9.6720000,32.8827000,31.2881000,30.7236000,-36.9430000,-6.6130000,7.2830000,0.000000,0,0,0
38.570,-0.0879000,-0.0078000,9.6732000,32.8827000,31.2881000,30.7236000,-37.0090000,-6.7080000,7.7980000,0.000000,0,0,0
38.580,-0.0879000,-0.0102000,9.6720000,32.8751000,31.2805000,30.7236000,-36.7620000,-6.1580000,7.3280000,0.000000,0,0,0
38.590,-0.0867000,-0.0126000,9.6720000,32.8751000,31.2805000,30.7236000,-36.5960000,-6.3440000,7.0200000,0.000000,0,0,0
38.600,-0.0855000,-0.0138000,9.6732000,32.8827000,31.2881000,30.7312000,-36.6380000,-6.5790000,7.1930000,0.000000,0,0,0
38.610,-0.0843000,-0.0138000,9.6744000,32.8751000,31.2881000,30.7236000,-36.6220000,-6.1760000,7.2470000,0.000000,0,0,0
38.620,-0.0831000,-0.0114000,9.6756000,32.8674000,31.2958000,30.7159000,-36.7100000,-6.5670000,7.3520000,0.000000,0,0,0
38.630,-0.0831000,-0.0090000,9.6768000,32.8751000,31.2958000,30.7159000,-36.5060000,-6.1390000,7.1140000,0.000000,0,0,0
38.640,-0.0843000,-0.0066000,9.6780000,32.8751000,31.2958000,30.7159000,-36.7890000,-6.4510000,6.6380000,0.000000,0,0,0
38.650,-0.0855000,-0.0066000,9.6780000,32.8751000,31.2958000,30.7083000,-36.8240000,-6.2500000,6.6240000,0.000000,0,0,0
38.660,-0.0855000,-0.0066000,9.6768000,32.8751000,31.2881000,30.7083000,-36.7000000,-6.1100000,7.1740000,0.000000,0,0,0
38.670,-0.0855000,-0.0066000,9.6756000,32.8751000,31.2881000,30.7159000,-36.5510000,-6.2990000,7.6430000,0.000000,0,0,0
38.680,-0.0855000,-0.0090000,9.6756000,32.8751000,31.2958000,30.7236000,-36.7130000,-6.1740000,7.4020000,0.000000,0,0,0
38.690,-0.0831000,-0.0114000,9.6744000,32.8827000,31.3034000,30.7236000,-36.7830000,-6.5750000,7.4490000,0.000000,0,0,0
38.700,-0.0843000,-0.0138000,9.6732000,32.8827000,31.3110000,30.7312000,-36.4610000,-6.1430000,7.3670000,0.000000,0,0,0
38.710,-0.0855000,-0.0126000,9.6732000,32.8827000,31.3263000,30.7236000,-36.9590000,-6.2480000,6.6240000,0.000000,0,0,0
38.720,-0.0867000,-0.0114000,9.6744000,32.8903000,31.3263000,30.7236000,-36.6690000,-6.2530000,6.4910000,0.000000,0,0,0
38.730,-0.0879000,-0.0102000,9.6756000,32.8903000,31.3263000,30.7236000,-36.7740000,-5.9050000,7.1280000,0.000000,0,0,0
38.740,-0.0879000,-0.0102000,9.6756000,32.8903000,31.3263000,30.7236000,-36.6120000,-6.5190000,6.8200000,0.000000,0,0,0
38.750,-0.0867000,-0.0102000,9.6744000,32.8903000,31.3187000,30.7236000,-36.4410000,-5.9430000,7.0810000,0.000000,0,0,0
38.760,-0.0855000,-0.0114000,9.6744000,32.8903000,31.3110000,30.7236000,-36.9770000,-6.1960000,7.1360000,0.000000,0,0,0
38.770,-0.0855000,-0.0114000,9.6756000,32.8903000,31.2958000,30.7236000,-37.0890000,-6.1990000,6.6590000,0.000000,0,0,0
38.780,-0.0855000,-0.0114000,9.6744000,32.8903000,31.2958000,30.7236000,-36.7340000,-6.2170000,6.5770000,0.000000,0,0,0
38.790,-0.0855000,-0.0090000,9.6708000,32.8903000,31.2958000,30.7236000,-36.7800000,-6.2770000,6.8060000,0.000000,0,0,0
38.800,-0.0867000,-0.0078000,9.6696000,32.8903000,31.2958000,30.7236000,-36.8350000,-6.3180000,6.8890000,0.000000,0,0,0
38.810,-0.0867000,-0.0078000,9.6708000,32.8903000,31.3034000,30.7236000,-36.9430000,-6.2830000,6.8880000,0.000000,0,0,0
38.820,-0.0867000,-0.0090000,9.6720000,32.8827000,31.3187000,30.7236000,-36.7200000,-6.0660000,6.8320000,0.000000,0,0,0
38.830,-0.0855000,-0.0090000,9.6720000,32.8827000,31.3263000,30.7236000,-36.9460000,-6.4590000,7.0200000,0.000000,0,0,0
38.840,-0.0855000,-0.0114000,9.6708000,32.8827000,31.3263000,30.7236000,-36.5960000,-6.0920000,6.8000000,0.000000,0,0,0
38.850,-0.0855000,-0.0126000,9.6720000,32.8827000,31.3339000,30.7236000,-36.6490000,-5.9940000,6.4170000,0.000000,0,0,0
38.860,-0.0843000,-0.0138000,9.6732000,32.8827000,31.3263000,30.7236000,-37.2300000,-6.4060000,7.0640000,0.000000,0,0,0
38.870,-0.0831000,-0.0138000,9.6720000,32.8751000,31.3339000,30.7312000,-36.5310000,-5.9480000,6.7480000,0.000000,0,0,0
38.880,-0.0831000,-0.0126000,9.6696000,32.8674000,31.3339000,30.7312000,-36.4610000,-6.2590000,6.9850000,0.000000,0,0,0
38.890,-0.0843000,-0.0126000,9.6684000,32.8598000,31.3416000,30.7388000,-36.9390000,-6.2640000,6.6830000,0.000000,0,0,0
38.900,-0.0855000,-0.0114000,9.6720000,32.8598000,31.3492000,30.7388000,-37.0060000,-6.4320000,7.0790000,0.000000,0,0,0
38.910,-0.0855000,-0.0114000,9.6732000,32.8598000,31.3492000,30.7312000,-36.9880000,-6.0560000,6.8680000,0.000000,0,0,0
38.920,-0.0855000,-0.0114000,9.6732000,32.8598000,31.3492000,30.7312000,-37.1690000,-6.3450000,6.7310000,0.000000,0,0,0
38.930,-0.0855000,-0.0102000,9.6732000,32.8674000,31.3339000,30.7236000,-37.0050000,-6.0800000,6.5140000,0.000000,0,0,0
38.940,-0.0855000,-0.0102000,9.6732000,32.8751000,31.3263000,30.7236000,-37.0400000,-6.2720000,7.0440000,0.000000,0,0,0
38.950,-0.0855000,-0.0114000,9.6720000,32.8827000,31.3110000,30.7236000,-37.1440000,-6.1040000,7.3280000,0.000000,0,0,0
38.960,-0.0843000,-0.0114000,9.6720000,32.8827000,31.3110000,30.7236000,-36.4960000,-6.2860000,6.6330000,0.000000,0,0,0
38.970,-0.0843000,-0.0126000,9.6732000,32.8827000,31.3110000,30.7312000,-36.6610000,-6.3160000,7.9110000,0.000000,0,0,0
38.980,-0.0855000,-0.0114000,9.6744000,32.8751000,31.3110000,30.7312000,-36.6450000,-6.0980000,7.6330000,0.000000,0,0,0
38.990,-0.0843000,-0.0114000,9.6744000,32.8751000,31.3110000,30.7236000,-36.7300000,-6.5580000,7.5970000,0.000000,0,0,0
39.000,-0.0855000,-0.0102000,9.6732000,32.8674000,31.3110000,30.7236000,-36.7910000,-6.1660000,6.6930000,0.000000,0,0,0
39.010,-0.0879000,-0.0090000,9.6732000,32.8674000,31.3110000,30.7236000,-36.7180000,-5.9990000,6.8380000,0.000000,0,0,0
39.020,-0.0879000,-0.0078000,9.6720000,32.8674000,31.3110000,30.7236000,-36.8240000,-5.9330000,7.5890000,0.000000,0,0,0
39.030,-0.0867000,-0.0102000,9.6732000,32.8751000,31.3110000,30.7159000,-36.7390000,-6.2580000,7.0270000,0.000000,0,0,0
39.040,-0.0831000,-0.0114000,9.6732000,32.8751000,31.3187000,30.7236000,-36.5550000,-6.2720000,6.9740000,0.000000,0,0,0
39.050,-0.0807000,-0.0114000,9.6744000,32.8674000,31.3263000,30.7236000,-36.5920000,-6.2450000,6.9690000,0.000000,0,0,0
39.060,-0.0807000,-0.0114000,9.6744000,32.8751000,31.3416000,30.7312000,-36.6810000,-6.3560000,6.7050000,0.000000,0,0,0
39.070,-0.0831000,-0.0114000,9.6744000,32.8751000,31.3492000,30.7388000,-36.5100000,-6.4370000,6.5290000,0.000000,0,0,0
39.080,-0.0831000,-0.0126000,9.6744000,32.8751000,31.3492000,30.7312000,-36.3230000,-6.2340000,6.2380000,0.000000,0,0,0
39.090,-0.0843000,-0.0114000,9.6744000,32.8751000,31.3416000,30.7312000,-36.6940000,-6.1620000,6.9170000,0.000000,0,0,0
39.100,-0.0843000,-0.0102000,9.6732000,32.8751000,31.3416000,30.7236000,-36.4320000,-6.0140000,6.8590000,0.000000,0,0,0
39.110,-0.0843000,-0.0102000,9.6732000,32.8751000,31.3339000,30.7159000,-36.4870000,-6.2700000,7.1810000,0.000000,0,0,0
39.120,-0.0855000,-0.0114000,9.6732000,32.8827000,31.3187000,30.7159000,-36.4410000,-6.1590000,7.5440000,0.000000,0,0,0
39.130,-0.0855000,-0.0126000,9.6732000,32.8827000,31.3034000,30.7236000,-36.7400000,-6.3580000,6.9970000,0.000000,0,0,0
39.140,-0.0855000,-0.0138000,9.6732000,32.8827000,31.3034000,30.7236000,-36.7140000,-6.2750000,7.0150000,0.000000,0,0,0
39.150,-0.0855000,-0.0126000,9.6744000,32.8827000,31.3034000,30.7236000,-36.7920000,-6.1240000,6.8710000,0.000000,0,0,0
39.160,-0.0843000,-0.0114000,9.6768000,32.8751000,31.3110000,30.7236000,-36.5460000,-6.1490000,7.1220000,0.000000,0,0,0
39.170,-0.0843000,-0.0102000,9.6780000,32.8751000,31.3187000,30.7312000,-36.6500000,-6.0180000,7.2800000,0.000000,0,0,0
39.180,-0.0831000,-0.0078000,9.6768000,32.8827000,31.3187000,30.7312000,-36.6450000,-6.1480000,7.6840000,0.000000,0,0,0
39.190,-0.0831000,-0.0066000,9.6756000,32.8827000,31.3187000,30.7312000,-36.7800000,-6.0690000,7.5800000,0.000000,0,0,0
39.200,-0.0831000,-0.0066000,9.6732000,32.8751000,31.3110000,30.7312000,-36.2240000,-6.3510000,7.3820000,0.000000,0,0,0
39.210,-0.0831000,-0.0078000,9.6732000,32.8751000,31.3034000,30.7236000,-36.6670000,-6.2070000,7.1100000,0.000000,0,0,0
39.220,-0.0819000,-0.0090000,9.6732000,32.8827000,31.3034000,30.7236000,-36.4470000,-5.8920000,7.6340000,0.000000,0,0,0
39.230,-0.0831000,-0.0102000,9.6732000,32.8903000,31.3034000,30.7159000,-36.8100000,-5.8990000,7.2700000,0.000000,0,0,0
39.240,-0.0843000,-0.0114000,9.6720000,32.8903000,31.3034000,30.7159000,-36.6710000,-5.9880000,6.7820000,0.000000,0,0,0
39.250,-0.0855000,-0.0126000,9.6708000,32.8903000,31.2958000,30.7159000,-36.7020000,-6.1840000,7.0500000,0.000000,0,0,0
39.260,-0.0867000,-0.0138000,9.6708000,32.8827000,31.2958000,30.7159000,-36.6540000,-6.3730000,6.9610000,0.000000,0,0,0
39.270,-0.0879000,-0.0126000,9.6720000,32.8827000,31.2958000,30.7236000,-36.7630000,-6.2100000,6.8290000,0.000000,0,0,0
39.280,-0.0867000,-0.0114000,9.6720000,32.8751000,31.2958000,30.7236000,-36.4740000,-5.9910000,6.9140000,0.000000,0,0,0
39.290,-0.0855000,-0.0102000,9.6720000,32.8751000,31.2958000,30.7236000,-36.7990000,-6.0820000,7.2070000,0.000000,0,0,0
39.300,-0.0855000,-0.0102000,9.6708000,32.8751000,31.3034000,30.7159000,-36.4180000,-6.1730000,7.2090000,0.000000,0,0,0
39.310,-0.0843000,-0.0090000,9.6720000,32.8674000,31.3110000,30.7159000,-36.6650000,-6.0900000,7.1260000,0.000000,0,0,0
39.320,-0.0843000,-0.0090000,9.6720000,32.8598000,31.3187000,30.7159000,-36.7350000,-6.2460000,7.1090000,0.000000,0,0,0
39.330,-0.0843000,-0.0090000,9.6720000,32.8598000,31.3187000,30.7159000,-36.5230000,-6.0980000,6.6590000,0.000000,0,0,0
39.340,-0.0843000,-0.0102000,9.6732000,32.8674000,31.3263000,30.7236000,-36.5840000,-6.3600000,6.5500000,0.000000,0,0,0
39.350,-0.0855000,-0.0114000,9.6744000,32.8674000,31.3263000,30.7236000,-36.6210000,-5.8650000,6.7050000,0.000000,0,0,0
39.360,-0.0867000,-0.0114000,9.6732000,32.8751000,31.3263000,30.7159000,-36.6550000,-6.2530000,6.9440000,0.000000,0,0,0
39.370,-0.0867000,-0.0102000,9.6732000,32.8751000,31.3263000,30.7159000,-36.5890000,-6.2640000,6.7640000,0.000000,0,0,0
39.380,-0.0867000,-0.0090000,9.6732000,32.8751000,31.3187000,30.7159000,-36.5570000,-5.9520000,7.1060000,0.000000,0,0,0
39.390,-0.0879000,-0.0078000,9.6744000,32.8751000,31.3187000,30.7159000,-37.0320000,-6.4440000,6.7890000,0.000000,0,0,0
39.400,-0.0879000,-0.0066000,9.6756000,32.8751000,31.3187000,30.7159000,-36.5940000,-6.3270000,7.0070000,0.000000,0,0,0
39.410,-0.0879000,-0.0066000,9.6756000,32.8674000,31.3187000,30.7236000,-37.1300000,-6.4200000,6.1360000,0.000000,0,0,0
39.420,-0.0855000,-0.0078000,9.6744000,32.8674000,31.3263000,30.7159000,-36.6640000,-6.6000000,6.4620000,0.000000,0,0,0
39.430,-0.0855000,-0.0078000,9.6732000,32.8751000,31.3339000,30.7159000,-36.7140000,-6.1380000,7.0230000,0.000000,0,0,0
39.440,-0.0855000,-0.0090000,9.6744000,32.8751000,31.3339000,30.7159000,-36.9500000,-6.3250000,7.2990000,0.000000,0,0,0
39.450,-0.0855000,-0.0090000,9.6744000,32.8827000,31.3339000,30.7159000,-36.7000000,-6.0960000,7.2770000,0.000000,0,0,0
39.460,-0.0855000,-0.0090000,9.6732000,32.8903000,31.3339000,30.7236000,-36.5590000,-6.4210000,6.8660000,0.000000,0,0,0
39.470,-0.0843000,-0.0102000,9.6732000,32.8903000,31.3416000,30.7236000,-36.7920000,-6.4470000,7.2280000,0.000000,0,0,0
39.480,-0.0831000,-0.0114000,9.6756000,32.8827000,31.3416000,30.7159000,-36.5040000,-6.0210000,5.9850000,0.000000,0,0,0
39.490,-0.0831000,-0.0114000,9.6768000,32.8751000,31.3416000,30.7159000,-36.5740000,-6.2350000,6.2890000,0.000000,0,0,0
39.500,-0.0831000,-0.0126000,9.6768000,32.8751000,31.3416000,30.7159000,-36.4070000,-5.9230000,6.1140000,0.000000,0,0,0
39.510,-0.0831000,-0.0126000,9.6768000,32.8827000,31.3263000,30.7159000,-36.6900000,-6.3240000,6.3090000,0.000000,0,0,0
39.520,-0.0831000,-0.0126000,9.6756000,32.8827000,31.3187000,30.7236000,-36.6570000,-6.1670000,6.7370000,0.000000,0,0,0
39.530,-0.0843000,-0.0126000,9.6744000,32.8827000,31.3187000,30.7236000,-36.5050000,-6.1370000,6.7000000,0.000000,0,0,0
39.540,-0.0855000,-0.0114000,9.6732000,32.8827000,31.3187000,30.7236000,-36.3460000,-6.2650000,7.6140000,0.000000,0,0,0
39.550,-0.0855000,-0.0102000,9.6732000,32.8827000,31.3187000,30.7312000,-36.5640000,-6.3900000,6.7010000,0.000000,0,0,0
39.560,-0.0855000,-0.0090000,9.6720000,32.8827000,31.3187000,30.7312000,-36.3610000,-6.3660000,6.2820000,0.000000,0,0,0
39.570,-0.0855000,-0.0102000,9.6732000,32.8827000,31.3187000,30.7312000,-36.7630000,-6.1240000,6.1660000,0.000000,0,0,0
39.580,-0.0843000,-0.0102000,9.6732000,32.8751000,31.3187000,30.7236000,-36.5410000,-6.1670000,6.9440000,0.000000,0,0,0
39.590,-0.0831000,-0.0102000,9.6744000,32.8751000,31.3110000,30.7236000,-36.4390000,-6.3080000,6.3360000,0.000000,0,0,0
39.600,-0.0843000,-0.0114000,9.6756000,32.8827000,31.3034000,30.7236000,-36.4930000,-6.1970000,6.7940000,0.000000,0,0,0
39.610,-0.0843000,-0.0102000,9.6756000,32.8827000,31.3034000,30.7236000,-36.5020000,-6.1980000,6.9900000,0.000000,0,0,0
39.620,-0.0843000,-0.0114000,9.6744000,32.8751000,31.3034000,30.7236000,-36.5870000,-6.2560000,6.4610000,0.000000,0,0,0
39.630,-0.0831000,-0.0126000,9.6732000,32.8751000,31.3034000,30.7236000,-36.7790000,-6.4920000,6.2720000,0.000000,0,0,0
39.640,-0.0843000,-0.0138000,9.6732000,32.8751000,31.3110000,30.7159000,-36.7160000,-6.1050000,6.7990000,0.000000,0,0,0
39.650,-0.0843000,-0.0150000,9.6732000,32.8751000,31.3110000,30.7236000,-36.7310000,-6.1420000,7.0680000,0.000000,0,0,0
39.660,-0.0831000,-0.0150000,9.6744000,32.8751000,31.3110000,30.7236000,-36.4840000,-6.2670000,6.4530000,0.000000,0,0,0
39.670,-0.0831000,-0.0138000,9.6744000,32.8751000,31.3110000,30.7236000,-36.7700000,-6.2170000,6.3430000,0.000000,0,0,0
39.680,-0.0831000,-0.0138000,9.6756000,32.8751000,31.3110000,30.7236000,-36.6810000,-6.0420000,6.7960000,0.000000,0,0,0
39.690,-0.0831000,-0.0114000,9.6756000,32.8751000,31.3110000,30.7236000,-36.5140000,-6.3330000,7.1870000,0.000000,0,0,0
39.700,-0.0843000,-0.0090000,9.6756000,32.8674000,31.3110000,30.7236000,-36.5130000,-6.4250000,7.0230000,0.000000,0,0,0
39.710,-0.0843000,-0.0066000,9.6744000,32.8674000,31.3110000,30.7236000,-36.5200000,-6.2670000,6.5540000,0.000000,0,0,0
39.720,-0.0843000,-0.0078000,9.6744000,32.8674000,31.3187000,30.7236000,-36.3090000,-6.5150000,6.8190000,0.000000,0,0,0
39.730,-0.0843000,-0.0102000,9.6744000,32.8674000,31.3187000,30.7159000,-36.7920000,-6.3190000,6.7870000,0.000000,0,0,0
39.740,-0.0831000,-0.0114000,9.6732000,32.8674000,31.3263000,30.7159000,-36.7200000,-6.1810000,6.7610000,0.000000,0,0,0
39.750,-0.0831000,-0.0126000,9.6732000,32.8674000,31.3263000,30.7236000,-36.8260000,-6.5170000,6.5580000,0.000000,0,0,0
39.760,-0.0831000,-0.0126000,9.6732000,32.8674000,31.3187000,30.7236000,-36.7540000,-6.5110000,6.8710000,0.000000,0,0,0
39.770,-0.0843000,-0.0126000,9.6744000,32.8751000,31.3187000,30.7312000,-36.7390000,-6.5650000,7.6260000,0.000000,0,0,0
39.780,-0.0855000,-0.0114000,9.6744000,32.8751000,31.3110000,30.7312000,-36.7580000,-6.2260000,6.5750000,0.000000,0,0,0
39.790,-0.0855000,-0.0114000,9.6756000,32.8751000,31.3034000,30.7236000,-36.8860000,-6.7000000,7.3110000,0.000000,0,0,0
39.800,-0.0855000,-0.0114000,9.6756000,32.8751000,31.3034000,30.7236000,-36.5610000,-6.3800000,7.3120000,0.000000,0,0,0
39.810,-0.0855000,-0.0114000,9.6756000,32.8751000,31.3034000,30.7236000,-36.6940000,-6.1480000,6.7180000,0.000000,0,0,0
39.820,-0.0843000,-0.0102000,9.6744000,32.8827000,31.3034000,30.7236000,-36.5610000,-6.0930000,6.9960000,0.000000,0,0,0
39.830,-0.0843000,-0.0114000,9.6744000,32.8827000,31.3110000,30.7159000,-36.5480000,-6.1950000,6.9690000,0.000000,0,0,0
39.840,-0.0843000,-0.0114000,9.6732000,32.8827000,31.3110000,30.7159000,-36.6390000,-6.5520000,6.6030000,0.000000,0,0,0
39.850,-0.0843000,-0.0102000,9.6732000,32.8827000,31.3110000,30.7159000,-36.8210000,-6.0600000,7.0710000,0.000000,0,0,0
39.860,-0.0843000,-0.0114000,9.6720000,32.8827000,31.3110000,30.7159000,-36.7500000,-6.0810000,6.8670000,0.000000,0,0,0
39.870,-0.0843000,-0.0126000,9.6720000,32.8827000,31.3034000,30.7236000,-36.6080000,-6.3420000,6.6380000,0.000000,0,0,0
39.880,-0.0843000,-0.0138000,9.6732000,32.8827000,31.3110000,30.7236000,-36.4790000,-6.5840000,6.7780000,0.000000,0,0,0
39.890,-0.0855000,-0.0138000,9.6732000,32.8903000,31.3110000,30.7236000,-36.9560000,-6.3240000,6.8000000,0.000000,0,0,0
39.900,-0.0867000,-0.0114000,9.6732000,32.8979000,31.3034000,30.7236000,-36.8470000,-6.5670000,7.5010000,0.000000,0,0,0
39.910,-0.0855000,-0.0102000,9.6732000,32.8903000,31.2958000,30.7312000,-36.3540000,-6.5460000,7.1020000,0.000000,0,0,0
39.920,-0.0855000,-0.0078000,9.6744000,32.8903000,31.2958000,30.7312000,-36.8770000,-6.4460000,7.0800000,0.000000,0,0,0
39.930,-0.0855000,-0.0078000,9.6744000,32.8903000,31.2958000,30.7236000,-36.6970000,-6.3800000,6.6890000,0.000000,0,0,0
39.940,-0.0855000,-0.0090000,9.6732000,32.8903000,31.2881000,30.7159000,-36.6460000,-6.2220000,7.8090000,0.000000,0,0,0
39.950,-0.0855000,-0.0102000,9.6732000,32.8903000,31.2805000,30.7159000,-37.0340000,-6.2670000,7.4780000,0.000000,0,0,0
39.960,-0.0867000,-0.0102000,9.6744000,32.8979000,31.2805000,30.7159000,-36.7650000,-6.1400000,7.3780000,0.000000,0,0,0
39.970,-0.0879000,-0.0102000,9.6756000,32.9056000,31.2805000,30.7159000,-37.1320000,-5.7180000,7.1060000,0.000000,0,0,0
39.980,-0.0879000,-0.0102000,9.6744000,32.9056000,31.2805000,30.7159000,-36.9250000,-6.0210000,7.2620000,0.000000,0,0,0
39.990,-0.0867000,-0.0078000,9.6720000,32.9056000,31.2881000,30.7159000,-36.7670000,-6.4210000,6.4290000,0.000000,0,0,0
40.000,-0.0867000,-0.0078000,9.6708000,32.9132000,31.2805000,30.7159000,-36.6630000,-6.3820000,6.7900000,0.000000,0,0,0
40.010,-0.0843000,-0.0102000,9.6720000,32.9132000,31.2576000,30.7236000,-36.6080000,-6.5280000,6.7540000,0.000000,0,0,0
40.020,-0.0843000,-0.0102000,9.6732000,32.9208000,31.2424000,30.7236000,-36.8360000,-6.1400000,6.6220000,0.000000,0,0,0
40.030,-0.0843000,-0.0102000,9.6720000,32.9208000,31.2271000,30.7312000,-36.7570000,-6.1390000,6.4250000,0.000000,0,0,0
40.040,-0.0855000,-0.0102000,9.6708000,32.9208000,31.2195000,30.7388000,-36.6690000,-6.1300000,6.7350000,0.000000,0,0,0
40.050,-0.0855000,-0.0102000,9.6720000,32.9208000,31.2042000,30.7465000,-36.8850000,-6.3180000,6.5250000,0.000000,0,0,0
40.060,-0.0843000,-0.0114000,9.6732000,32.9208000,31.1813000,30.7465000,-36.7060000,-6.4330000,6.5110000,0.000000,0,0,0
40.070,-0.0831000,-0.0126000,9.6732000,32.9208000,31.1661000,30.7541000,-36.6110000,-6.3870000,6.6520000,0.000000,0,0,0
40.080,-0.0807000,-0.0126000,9.6732000,32.9132000,31.1508000,30.7465000,-36.6610000,-6.3160000,6.8460000,0.000000,0,0,0
40.090,-0.0807000,-0.0138000,9.6732000,32.9132000,31.1508000,30.7388000,-36.8330000,-6.4750000,6.9920000,0.000000,0,0,0
40.100,-0.0819000,-0.0126000,9.6720000,32.9056000,31.1508000,30.7312000,-36.5120000,-6.3890000,6.5730000,0.000000,0,0,0
40.110,-0.0819000,-0.0102000,9.6708000,32.9056000,31.1508000,30.7236000,-36.9220000,-6.3690000,6.9150000,0.000000,0,0,0
40.120,-0.0807000,-0.0066000,9.6708000,32.9056000,31.1432000,30.7236000,-36.5310000,-6.3650000,7.0770000,0.000000,0,0,0
40.130,-0.0807000,-0.0066000,9.6708000,32.9132000,31.1356000,30.7236000,-36.7730000,-6.4570000,6.7520000,0.000000,0,0,0
40.140,-0.0796000,-0.0078000,9.6708000,32.9132000,31.1432000,30.7236000,-36.5140000,-6.7790000,6.3270000,0.000000,0,0,0
40.150,-0.0796000,-0.0090000,9.6708000,32.9132000,31.1584000,30.7236000,-37.1070000,-6.3120000,6.6270000,0.000000,0,0,0
40.160,-0.0784000,-0.0114000,9.6708000,32.9056000,31.1661000,30.7236000,-36.9580000,-6.5280000,7.1730000,0.000000,0,0,0
40.170,-0.0772000,-0.0138000,9.6720000,32.9056000,31.1661000,30.7236000,-36.6260000,-6.5600000,6.9110000,0.000000,0,0,0
40.180,-0.0772000,-0.0126000,9.6732000,32.9056000,31.1584000,30.7312000,-36.9310000,-6.2570000,7.0940000,0.000000,0,0,0
40.190,-0.0784000,-0.0114000,9.6720000,32.8979000,31.1508000,30.7388000,-36.8540000,-6.7540000,6.8640000,0.000000,0,0,0
40.200,-0.0784000,-0.0102000,9.6708000,32.9056000,31.1279000,30.7465000,-36.9440000,-6.4490000,5.9720000,0.000000,0,0,0
40.210,-0.0784000,-0.0090000,9.6720000,32.9208000,31.1050000,30.7465000,-36.8240000,-6.4010000,6.3960000,0.000000,0,0,0
40.220,-0.0772000,-0.0090000,9.6744000,32.9361000,31.0822000,30.7388000,-36.6350000,-6.4910000,5.7320000,0.000000,0,0,0
40.230,-0.0784000,-0.0090000,9.6744000,32.9437000,31.0364000,30.7236000,-36.6150000,-6.6720000,6.2670000,0.000000,0,0,0
40.240,-0.0796000,-0.0090000,9.6732000,32.9514000,30.9906000,30.7007000,-36.5250000,-6.4370000,6.4910000,0.000000,0,0,0
40.250,-0.0807000,-0.0102000,9.6732000,32.9514000,30.9525000,30.6854000,-36.8010000,-6.8440000,6.4370000,0.000000,0,0,0
40.260,-0.0796000,-0.0102000,9.6744000,32.9514000,30.9143000,30.6854000,-36.5590000,-6.3420000,5.8250000,0.000000,0,0,0
40.270,-0.0772000,-0.0102000,9.6732000,32.9514000,30.8914000,30.6931000,-36.8800000,-6.4790000,6.2070000,0.000000,0,0,0
40.280,-0.0760000,-0.0078000,9.6696000,32.9514000,30.8838000,30.7083000,-36.7640000,-6.6790000,5.7720000,0.000000,0,0,0
40.290,-0.0736000,-0.0078000,9.6696000,32.9437000,30.9143000,30.7159000,-36.5310000,-6.2780000,6.0300000,0.000000,0,0,0
40.300,-0.0724000,-0.0090000,9.6744000,32.9514000,30.9219000,30.7083000,-36.7230000,-6.3500000,5.7500000,0.000000,0,0,0
40.310,-0.0712000,-0.0090000,9.6756000,32.9514000,30.9372000,30.6702000,-37.0970000,-6.3230000,6.5720000,0.000000,0,0,0
40.320,-0.0712000,-0.0090000,9.6732000,32.9742000,30.9067000,30.6396000,-37.1200000,-6.2740000,6.6980000,0.000000,0,0,0
40.330,-0.0712000,-0.0090000,9.6696000,33.0124000,30.8380000,30.6015000,-37.1470000,-6.4020000,6.3830000,0.000000,0,0,0
40.340,-0.0712000,-0.0102000,9.6696000,33.0734000,30.7617000,30.5634000,-36.8510000,-6.2910000,7.0990000,0.000000,0,0,0
40.350,-0.0736000,-0.0102000,9.6696000,33.1421000,30.6320000,30.5481000,-36.9280000,-6.6480000,6.5590000,0.000000,0,0,0
40.360,-0.0724000,-0.0078000,9.6684000,33.1497000,30.5710000,30.5481000,-36.7000000,-6.1530000,6.5750000,0.000000,0,0,0
40.370,-0.0712000,-0.0066000,9.6696000,33.1573000,30.5023000,30.5481000,-37.0570000,-6.4620000,5.9490000,0.000000,0,0,0
40.380,-0.0700000,-0.0066000,9.6732000,33.1650000,30.4260000,30.5634000,-36.5030000,-6.3000000,6.0780000,0.000000,0,0,0
40.390,-0.0628000,-0.0054000,9.6768000,33.1726000,30.3421000,30.5634000,-36.9510000,-6.6850000,7.0430000,0.000000,0,0,0
40.400,-0.0532000,-0.0006000,9.6792000,33.2413000,30.2582000,30.4947000,-37.1390000,-6.4360000,6.7510000,0.000000,0,0,0
40.410,-0.0496000,0.0006000,9.6780000,33.3786000,30.1819000,30.3726000,-36.9490000,-6.7910000,6.3600000,0.000000,0,0,0
40.420,-0.0496000,0.0006000,9.6780000,33.5388000,30.1361000,30.2734000,-36.9030000,-6.3570000,6.8320000,0.000000,0,0,0
40.430,-0.0520000,-0.0018000,9.6756000,33.6685000,30.1514000,30.2200000,-36.6600000,-6.3870000,6.3070000,0.000000,0,0,0
40.440,-0.0580000,-0.0054000,9.6720000,33.7448000,30.1895000,30.2505000,-37.0020000,-6.2630000,6.8460000,0.000000,0,0,0
40.450,-0.0628000,-0.0054000,9.6684000,33.7448000,30.2124000,30.3574000,-36.6030000,-6.4580000,6.4110000,0.000000,0,0,0
40.460,-0.0604000,-0.0030000,9.6648000,33.6685000,30.2124000,30.4871000,-36.6750000,-6.6880000,6.4370000,0.000000,0,0,0
40.470,-0.0568000,0.0018000,9.6612000,33.5388000,30.1971000,30.6015000,-36.7270000,-6.2170000,6.6780000,0.000000,0,0,0
40.480,-0.0496000,0.0066000,9.6576000,33.3633000,30.1590000,30.6854000,-37.0120000,-6.4090000,6.2690000,0.000000,0,0,0
40.490,-0.0317000,0.0269000,9.6505000,33.0811000,30.1666000,30.5939000,-36.5530000,-6.7030000,7.0430000,0.000000,0,0,0
40.500,-0.0365000,0.0197000,9.6564000,32.7759000,30.1819000,30.4184000,-36.8590000,-6.4710000,6.6600000,0.000000,0,0,0
40.510,-0.0377000,0.0161000,9.6612000,32.5928000,30.2200000,30.3497000,-36.7700000,-6.0090000,6.8230000,0.000000,0,0,0
40.520,-0.0401000,0.0090000,9.6636000,32.4554000,30.2811000,30.3040000,-36.8940000,-6.1700000,6.7410000,0.000000,0,0,0
40.530,-0.0413000,0.0018000,9.6648000,32.4020000,30.3497000,30.3650000,-37.0070000,-5.9230000,6.3750000,0.000000,0,0,0
40.540,-0.0401000,-0.0006000,9.6648000,32.3868000,30.4337000,30.4642000,-36.9720000,-6.3040000,6.4650000,0.000000,0,0,0
40.550,-0.0365000,-0.0054000,9.6672000,32.3410000,30.4871000,30.5557000,-36.7000000,-6.4620000,6.3580000,0.000000,0,0,0
40.560,-0.0341000,-0.0090000,9.6708000,32.3944000,30.5634000,30.6396000,-36.6360000,-6.4050000,6.1980000,0.000000,0,0,0
40.570,-0.0305000,-0.0102000,9.6708000,32.5165000,30.6549000,30.6854000,-37.0020000,-6.1560000,6.2410000,0.000000,0,0,0
40.580,-0.0269000,-0.0078000,9.6696000,32.6385000,30.7465000,30.7159000,-36.7670000,-6.2500000,6.1080000,0.000000,0,0,0
40.590,-0.0257000,-0.0042000,9.6684000,32.7301000,30.8304000,30.7312000,-36.8000000,-6.2900000,6.3590000,0.000000,0,0,0
40.600,-0.0245000,-0.0018000,9.6672000,32.7682000,30.9067000,30.7388000,-36.5660000,-6.4150000,7.1290000,0.000000,0,0,0
40.610,-0.0245000,-0.0018000,9.6660000,32.7759000,30.9906000,30.7465000,-36.7820000,-6.5310000,7.5410000,0.000000,0,0,0
40.620,-0.0257000,-0.0030000,9.6648000,32.7606000,31.0516000,30.7465000,-36.7820000,-6.5960000,6.5530000,0.000000,0,0,0
40.630,-0.0293000,-0.0018000,9.6648000,32.7225000,31.0364000,30.7312000,-36.8600000,-6.6380000,6.8720000,0.000000,0,0,0
40.640,-0.0305000,-0.0006000,9.6672000,32.6767000,30.9677000,30.7236000,-36.5630000,-6.3020000,6.6770000,0.000000,0,0,0
40.650,-0.0281000,-0.0006000,9.6684000,32.6767000,30.8914000,30.7159000,-36.9670000,-6.3570000,6.3390000,0.000000,0,0,0
40.660,-0.0257000,-0.0006000,9.6684000,32.7148000,30.8380000,30.7083000,-36.8200000,-6.4760000,6.2570000,0.000000,0,0,0
40.670,-0.0233000,-0.0006000,9.6708000,32.7377000,30.8228000,30.7083000,-37.1600000,-6.6090000,6.0900000,0.000000,0,0,0
40.680,-0.0197000,-0.0018000,9.6732000,32.7301000,30.8609000,30.7159000,-36.7590000,-6.6790000,6.0400000,0.000000,0,0,0
40.690,-0.0173000,-0.0006000,9.6720000,32.6385000,30.9830000,30.7236000,-36.8540000,-6.8040000,6.9590000,0.000000,0,0,0
40.700,-0.0173000,-0.0018000,9.6672000,32.5546000,31.0974000,30.7312000,-36.8500000,-6.3900000,7.2540000,0.000000,0,0,0
40.710,-0.0185000,-0.0030000,9.6648000,32.5394000,31.1508000,30.7312000,-36.5150000,-6.3350000,6.4870000,0.000000,0,0,0
40.720,-0.0209000,-0.0042000,9.6672000,32.5851000,31.1661000,30.7312000,-36.5900000,-6.4600000,6.4150000,0.000000,0,0,0
40.730,-0.0221000,-0.0054000,9.6684000,32.6538000,31.1508000,30.7312000,-36.9350000,-6.6900000,7.2530000,0.000000,0,0,0
40.740,-0.0221000,-0.0066000,9.6684000,32.7301000,31.1279000,30.7312000,-36.5220000,-6.4700000,7.3340000,0.000000,0,0,0
40.750,-0.0209000,-0.0078000,9.6684000,32.7835000,31.1127000,30.7312000,-37.2640000,-6.4390000,6.4150000,0.000000,0,0,0
40.760,-0.0197000,-0.0078000,9.6696000,32.8140000,31.1127000,30.7312000,-37.0520000,-6.6000000,6.8560000,0.000000,0,0,0
40.770,-0.0197000,-0.0078000,9.6708000,32.8369000,31.1203000,30.7236000,-37.0130000,-6.5980000,7.2510000,0.000000,0,0,0
40.780,-0.0197000,-0.0078000,9.6696000,32.8598000,31.1356000,30.7236000,-37.1270000,-6.3740000,7.1760000,0.000000,0,0,0
40.790,-0.0197000,-0.0078000,9.6684000,32.8598000,31.1508000,30.7236000,-37.2040000,-6.5310000,7.2430000,0.000000,0,0,0
40.800,-0.0185000,-0.0066000,9.6708000,32.8598000,31.1584000,30.7159000,-37.2620000,-6.3380000,7.2650000,0.000000,0,0,0
40.810,-0.0173000,-0.0066000,9.6720000,32.8598000,31.1661000,30.7159000,-37.0540000,-6.3590000,7.2920000,0.000000,0,0,0
40.820,-0.0161000,-0.0066000,9.6708000,32.8522000,31.1737000,30.7159000,-36.9110000,-6.4090000,7.5510000,0.000000,0,0,0
40.830,-0.0161000,-0.0066000,9.6684000,32.8445000,31.1813000,30.7159000,-37.2840000,-6.4020000,6.6950000,0.000000,0,0,0
40.840,-0.0150000,-0.0066000,9.6684000,32.8445000,31.1813000,30.7159000,-37.2540000,-6.4230000,6.7250000,0.000000,0,0,0
40.850,-0.0150000,-0.0042000,9.6696000,32.8369000,31.1890000,30.7236000,-36.8340000,-6.4460000,6.7860000,0.000000,0,0,0
40.860,-0.0161000,-0.0030000,9.6696000,32.8369000,31.1890000,30.7236000,-37.0300000,-6.1180000,7.0270000,0.000000,0,0,0
40.870,-0.0173000,-0.0042000,9.6696000,32.8445000,31.1890000,30.7236000,-36.6810000,-6.3150000,6.6040000,0.000000,0,0,0
40.880,-0.0161000,-0.0042000,9.6696000,32.8522000,31.1890000,30.7236000,-36.8410000,-6.1880000,6.9660000,0.000000,0,0,0
40.890,-0.0150000,-0.0054000,9.6708000,32.8522000,31.1890000,30.7236000,-36.8130000,-6.7060000,6.8710000,0.000000,0,0,0
40.900,-0.0150000,-0.0078000,9.6696000,32.8674000,31.1966000,30.7236000,-36.8050000,-6.3670000,6.7140000,0.000000,0,0,0
40.910,-0.0161000,-0.0090000,9.6684000,32.8674000,31.2042000,30.7236000,-36.8230000,-6.5280000,6.6820000,0.000000,0,0,0
40.920,-0.0161000,-0.0078000,9.6684000,32.8751000,31.2042000,30.7236000,-36.8710000,-6.2620000,6.4390000,0.000000,0,0,0
40.930,-0.0161000,-0.0078000,9.6684000,32.8751000,31.2042000,30.7159000,-36.7010000,-6.2470000,6.8460000,0.000000,0,0,0
40.940,-0.0150000,-0.0078000,9.6684000,32.8751000,31.2042000,30.7159000,-36.8320000,-6.1850000,7.0780000,0.000000,0,0,0
40.950,-0.0138000,-0.0078000,9.6684000,32.8674000,31.2042000,30.7236000,-36.8600000,-6.4660000,7.0280000,0.000000,0,0,0
40.960,-0.0138000,-0.0078000,9.6708000,32.8598000,31.2119000,30.7236000,-37.0670000,-6.6150000,6.5250000,0.000000,0,0,0
40.970,-0.0138000,-0.0090000,9.6720000,32.8598000,31.2195000,30.7312000,-36.8910000,-6.4960000,6.9000000,0.000000,0,0,0
40.980,-0.0138000,-0.0090000,9.6732000,32.8522000,31.2271000,30.7312000,-36.8020000,-6.6150000,7.5530000,0.000000,0,0,0
40.990,-0.0138000,-0.0090000,9.6732000,32.8751000,31.2271000,30.7312000,-36.7400000,-6.4390000,6.9230000,0.000000,0,0,0
41.000,-0.0138000,-0.0090000,9.6720000,32.8979000,31.2119000,30.7312000,-36.6350000,-6.2180000,6.6720000,0.000000,0,0,0
41.010,-0.0138000,-0.0090000,9.6732000,32.9132000,31.2042000,30.7312000,-36.6660000,-6.3990000,7.0310000,0.000000,0,0,0
41.020,-0.0126000,-0.0090000,9.6720000,32.9285000,31.1890000,30.7312000,-37.1800000,-6.4700000,7.2000000,0.000000,0,0,0
41.030,-0.0126000,-0.0102000,9.6708000,32.9361000,31.1890000,30.7236000,-37.1410000,-6.5320000,7.7520000,0.000000,0,0,0
41.040,-0.0114000,-0.0078000,9.6708000,32.9285000,31.1890000,30.7236000,-36.7970000,-6.3240000,7.1780000,0.000000,0,0,0
41.050,-0.0114000,-0.0066000,9.6720000,32.9285000,31.1966000,30.7159000,-37.1730000,-6.3420000,7.0620000,0.000000,0,0,0
41.060,-0.0114000,-0.0054000,9.6720000,32.9208000,31.2042000,30.7159000,-36.8600000,-6.3640000,7.1510000,0.000000,0,0,0
41.070,-0.0126000,-0.0042000,9.6720000,32.9132000,31.2042000,30.7159000,-37.1750000,-6.4730000,7.3040000,0.000000,0,0,0
41.080,-0.0114000,-0.0030000,9.6708000,32.8979000,31.2119000,30.7159000,-36.9360000,-6.4270000,7.6110000,0.000000,0,0,0
41.090,-0.0126000,-0.0030000,9.6696000,32.8827000,31.2195000,30.7159000,-36.7410000,-6.4460000,6.8200000,0.000000,0,0,0
41.100,-0.0126000,-0.0030000,9.6696000,32.8751000,31.2271000,30.7083000,-36.8100000,-6.3490000,7.0020000,0.000000,0,0,0
41.110,-0.0114000,-0.0054000,9.6696000,32.8751000,31.2271000,30.7159000,-36.9990000,-6.4980000,6.9240000,0.000000,0,0,0
41.120,-0.0102000,-0.0066000,9.6696000,32.8751000,31.2347000,30.7159000,-36.9090000,-6.5870000,7.2320000,0.000000,0,0,0
41.130,-0.0114000,-0.0066000,9.6696000,32.8751000,31.2347000,30.7236000,-36.6650000,-6.3910000,7.0350000,0.000000,0,0,0
41.140,-0.0126000,-0.0066000,9.6696000,32.8827000,31.2271000,30.7236000,-36.6960000,-6.4160000,7.1120000,0.000000,0,0,0
41.150,-0.0126000,-0.0054000,9.6684000,32.8979000,31.2195000,30.7236000,-36.9530000,-6.4860000,6.9630000,0.000000,0,0,0
41.160,-0.0114000,-0.0054000,9.6684000,32.9132000,31.2042000,30.7236000,-36.4760000,-6.2800000,6.6340000,0.000000,0,0,0
41.170,-0.0114000,-0.0054000,9.6696000,32.9285000,31.2119000,30.7236000,-36.7060000,-6.5760000,7.1250000,0.000000,0,0,0
41.180,-0.0114000,-0.0042000,9.6696000,32.9437000,31.2119000,30.7236000,-36.6720000,-6.5490000,6.8410000,0.000000,0,0,0
41.190,-0.0126000,-0.0066000,9.6696000,32.9514000,31.1966000,30.7236000,-36.4850000,-6.7630000,7.1110000,0.000000,0,0,0
41.200,-0.0114000,-0.0066000,9.6696000,32.9590000,31.1813000,30.7159000,-36.4110000,-6.4020000,7.5890000,0.000000,0,0,0
41.210,-0.0102000,-0.0066000,9.6684000,32.9437000,31.1813000,30.7159000,-36.3860000,-6.6350000,7.2700000,0.000000,0,0,0
41.220,-0.0090000,-0.0066000,9.6672000,32.9208000,31.1966000,30.7236000,-36.5140000,-6.6630000,7.3380000,0.000000,0,0,0
41.230,-0.0078000,-0.0066000,9.6672000,32.8979000,31.2195000,30.7236000,-36.8100000,-6.3440000,6.5230000,0.000000,0,0,0
41.240,-0.0066000,-0.0066000,9.6684000,32.8674000,31.2500000,30.7312000,-36.6370000,-6.4720000,6.7270000,0.000000,0,0,0
41.250,-0.0066000,-0.0066000,9.6684000,32.8522000,31.2576000,30.7312000,-36.5790000,-6.5570000,7.0180000,0.000000,0,0,0
41.260,-0.0090000,-0.0066000,9.6696000,32.8522000,31.2653000,30.7312000,-36.7230000,-6.0620000,6.7920000,0.000000,0,0,0
41.270,-0.0102000,-0.0078000,9.6696000,32.8522000,31.2653000,30.7236000,-36.6960000,-6.4300000,7.4470000,0.000000,0,0,0
41.280,-0.0090000,-0.0090000,9.6720000,32.8598000,31.2653000,30.7236000,-36.7320000,-6.7880000,7.6170000,0.000000,0,0,0
41.290,-0.0090000,-0.0090000,9.6720000,32.8598000,31.2576000,30.7312000,-36.6810000,-6.4370000,7.1930000,0.000000,0,0,0
41.300,-0.0102000,-0.0090000,9.6732000,32.8598000,31.2576000,30.7312000,-36.5720000,-6.5000000,7.0430000,0.000000,0,0,0
41.310,-0.0102000,-0.0078000,9.6720000,32.8674000,31.2500000,30.7388000,-36.7620000,-6.7490000,7.5030000,0.000000,0,0,0
41.320,-0.0102000,-0.0066000,9.6720000,32.8674000,31.2500000,30.7388000,-36.7100000,-6.3220000,7.7710000,0.000000,0,0,0
41.330,-0.0102000,-0.0054000,9.6732000,32.8674000,31.2424000,30.7388000,-37.0410000,-6.3240000,7.7050000,0.000000,0,0,0
41.340,-0.0114000,-0.0054000,9.6732000,32.8751000,31.2424000,30.7312000,-36.8300000,-6.3630000,7.2820000,0.000000,0,0,0
41.350,-0.0114000,-0.0042000,9.6732000,32.8751000,31.2424000,30.7236000,-36.8480000,-6.3680000,7.3300000,0.000000,0,0,0
41.360,-0.0114000,-0.0042000,9.6720000,32.8827000,31.2424000,30.7159000,-36.5710000,-6.5260000,6.8910000,0.000000,0,0,0
41.370,-0.0102000,-0.0042000,9.6720000,32.8751000,31.2424000,30.7159000,-36.9270000,-6.4030000,7.2260000,0.000000,0,0,0
41.380,-0.0078000,-0.0030000,9.6720000,32.8827000,31.2500000,30.7159000,-36.7370000,-6.5500000,6.8430000,0.000000,0,0,0
41.390,-0.0066000,-0.0030000,9.6708000,32.8827000,31.2576000,30.7159000,-36.5940000,-5.9830000,6.6080000,0.000000,0,0,0
41.400,-0.0054000,-0.0030000,9.6696000,32.8903000,31.2576000,30.7236000,-36.5910000,-5.8500000,7.5480000,0.000000,0,0,0
41.410,-0.0042000,-0.0030000,9.6696000,32.8903000,31.2653000,30.7236000,-36.6410000,-6.2660000,7.6020000,0.000000,0,0,0
41.420,-0.0042000,-0.0042000,9.6708000,32.8903000,31.2653000,30.7236000,-36.5550000,-6.3820000,6.7720000,0.000000,0,0,0
41.430,-0.0054000,-0.0054000,9.6720000,32.8903000,31.2653000,30.7236000,-36.7820000,-6.4440000,6.6620000,0.000000,0,0,0
41.440,-0.0078000,-0.0054000,9.6720000,32.8827000,31.2653000,30.7236000,-36.6760000,-6.2020000,7.6150000,0.000000,0,0,0
41.450,-0.0090000,-0.0054000,9.6720000,32.8827000,31.2653000,30.7236000,-36.5850000,-6.2980000,7.1430000,0.000000,0,0,0
41.460,-0.0102000,-0.0066000,9.6708000,32.8751000,31.2653000,30.7236000,-36.4840000,-6.3900000,7.7320000,0.000000,0,0,0
41.470,-0.0090000,-0.0078000,9.6708000,32.8751000,31.2729000,30.7236000,-36.4300000,-6.2130000,7.4740000,0.000000,0,0,0
41.480,-0.0090000,-0.0078000,9.6708000,32.8751000,31.2729000,30.7312000,-36.4580000,-6.4140000,7.8060000,0.000000,0,0,0
41.490,-0.0090000,-0.0066000,9.6708000,32.8827000,31.2729000,30.7312000,-36.4820000,-6.3960000,7.0420000,0.000000,0,0,0
41.500,-0.0066000,-0.0054000,9.6708000,32.8827000,31.2653000,30.7312000,-36.3690000,-6.3240000,7.2670000,0.000000,0,0,0
41.510,-0.0054000,-0.0042000,9.6720000,32.8751000,31.2729000,30.7312000,-36.6120000,-6.4170000,7.0920000,0.000000,0,0,0
41.520,-0.0054000,-0.0042000,9.6720000,32.8751000,31.2729000,30.7312000,-36.5830000,-6.3960000,6.8650000,0.000000,0,0,0
41.530,-0.0042000,-0.0042000,9.6720000,32.8751000,31.2805000,30.7236000,-36.7450000,-6.5510000,7.2810000,0.000000,0,0,0
41.540,-0.0030000,-0.0042000,9.6696000,32.8674000,31.2805000,30.7159000,-36.4630000,-6.3040000,7.4340000,0.000000,0,0,0
41.550,-3.7258000,4.6063000,0.0000000,32.2037000,30.8151000,30.2963000,-36.6390000,-6.1570000,7.1270000,0.000000,0,0,0
41.560,-0.0030000,-0.0066000,9.6672000,32.8751000,31.2653000,30.7159000,-36.5860000,-6.2260000,6.9290000,0.000000,0,0,0
41.570,-0.0030000,-0.0054000,9.6672000,32.8751000,31.2653000,30.7159000,-36.7240000,-5.8840000,7.3230000,0.000000,0,0,0
41.580,-0.0030000,-0.0042000,9.6660000,32.8674000,31.2729000,30.7236000,-36.6400000,-6.0720000,6.9230000,0.000000,0,0,0
41.590,-0.0042000,-0.0054000,9.6660000,32.8598000,31.2729000,30.7236000,-36.5790000,-6.2200000,6.8750000,0.000000,0,0,0
41.600,-0.0042000,-0.0054000,9.6672000,32.8674000,31.2729000,30.7312000,-36.9060000,-6.0170000,6.6370000,0.000000,0,0,0
41.610,-0.0054000,-0.0054000,9.6672000,32.8751000,31.2729000,30.7388000,-36.7240000,-5.9630000,7.0830000,0.000000,0,0,0
41.620,-0.0042000,-0.0054000,9.6684000,32.8827000,31.2729000,30.7388000,-36.5640000,-6.4620000,7.2290000,0.000000,0,0,0
41.630,-0.0042000,-0.0042000,9.6696000,32.8903000,31.2729000,30.7388000,-36.9060000,-6.4260000,7.0170000,0.000000,0,0,0
41.640,-0.0054000,-0.0042000,9.6696000,32.8979000,31.2805000,30.7312000,-36.7440000,-6.4350000,6.9890000,0.000000,0,0,0
41.650,-0.0054000,-0.0042000,9.6708000,32.8979000,31.2805000,30.7236000,-36.7130000,-6.6050000,7.5280000,0.000000,0,0,0
41.660,-0.0066000,-0.0042000,9.6720000,32.8979000,31.2881000,30.7236000,-36.7510000,-6.5350000,7.2840000,0.000000,0,0,0
41.670,-0.0078000,-0.0030000,9.6708000,32.8903000,31.2881000,30.7236000,-36.8390000,-6.4590000,6.8430000,0.000000,0,0,0
41.680,-0.0078000,-0.0030000,9.6708000,32.8827000,31.2805000,30.7159000,-36.8790000,-6.3480000,7.0500000,0.000000,0,0,0
41.690,-0.0066000,-0.0042000,9.6708000,32.8827000,31.2805000,30.7159000,-36.6290000,-6.3780000,6.8230000,0.000000,0,0,0
41.700,-0.0054000,-0.0054000,9.6708000,32.8751000,31.2729000,30.7083000,-36.5850000,-6.6060000,6.8100000,0.000000,0,0,0
41.710,-0.0054000,-0.0066000,9.6696000,32.8674000,31.2653000,30.7083000,-36.8200000,-6.3750000,6.6830000,0.000000,0,0,0
41.720,-0.0054000,-0.0066000,9.6696000,32.8674000,31.2653000,30.7159000,-37.0400000,-6.6820000,6.7230000,0.000000,0,0,0
41.730,-0.0054000,-0.0078000,9.6684000,32.8674000,31.2729000,30.7159000,-36.7270000,-6.3890000,7.3810000,0.000000,0,0,0
41.740,-0.0054000,-0.0078000,9.6708000,32.8827000,31.2729000,30.7236000,-36.8920000,-6.3470000,7.0670000,0.000000,0,0,0
41.750,-0.0054000,-0.0078000,9.6696000,32.8903000,31.2805000,30.7236000,-36.7470000,-6.4250000,7.6790000,0.000000,0,0,0
41.760,-0.0042000,-0.0078000,9.6684000,32.8979000,31.2729000,30.7236000,-36.5970000,-6.0790000,7.1240000,0.000000,0,0,0
41.770,-0.0042000,-0.0078000,9.6684000,32.8903000,31.2805000,30.7236000,-36.8070000,-6.2480000,6.5500000,0.000000,0,0,0
41.780,-0.0054000,-0.0078000,9.6708000,32.8903000,31.2805000,30.7159000,-36.8710000,-6.3040000,7.2960000,0.000000,0,0,0
41.790,-0.0054000,-0.0078000,9.6720000,32.8827000,31.2805000,30.7159000,-36.8490000,-6.2600000,7.4200000,0.000000,0,0,0
41.800,-0.0054000,-0.0054000,9.6708000,32.8827000,31.2805000,30.7083000,-36.5270000,-6.4410000,7.3910000,0.000000,0,0,0
41.810,-0.0042000,-0.0042000,9.6708000,32.8827000,31.2805000,30.7083000,-36.5610000,-6.3740000,7.4340000,0.000000,0,0,0
41.820,-0.0030000,-0.0030000,9.6708000,32.8827000,31.2805000,30.7083000,-36.5510000,-6.4350000,7.6400000,0.000000,0,0,0
41.830,-0.0018000,-0.0030000,9.6696000,32.8751000,31.2805000,30.7083000,-36.6130000,-6.3250000,6.9590000,0.000000,0,0,0
41.840,-0.0030000,-0.0042000,9.6672000,32.8827000,31.2729000,30.7083000,-36.6530000,-6.1710000,6.7420000,0.000000,0,0,0
41.850,-0.0042000,-0.0054000,9.6672000,32.8903000,31.2653000,30.7159000,-36.4610000,-6.3450000,6.8620000,0.000000,0,0,0
41.860,-0.0042000,-0.0054000,9.6672000,32.8903000,31.2653000,30.7159000,-36.5960000,-6.2720000,7.5030000,0.000000,0,0,0
41.870,-0.0030000,-0.0054000,9.6672000,32.8827000,31.2729000,30.7236000,-36.4130000,-6.6410000,7.0120000,0.000000,0,0,0
41.880,-0.0018000,-0.0042000,9.6684000,32.8827000,31.2805000,30.7236000,-36.5390000,-6.7680000,7.3950000,0.000000,0,0,0
41.890,-0.0018000,-0.0042000,9.6684000,32.8751000,31.2805000,30.7159000,-36.4810000,-6.7030000,7.1260000,0.000000,0,0,0
41.900,-0.0018000,-0.0054000,9.6708000,32.8751000,31.2881000,30.7083000,-36.6230000,-6.7520000,7.1700000,0.000000,0,0,0
41.910,-0.0030000,-0.0078000,9.6720000,32.8827000,31.2881000,30.7159000,-36.4950000,-6.6730000,7.3320000,0.000000,0,0,0
41.920,-0.0042000,-0.0090000,9.6708000,32.8903000,31.2881000,30.7159000,-36.8690000,-6.2880000,7.7250000,0.000000,0,0,0
41.930,-0.0042000,-0.0090000,9.6684000,32.8903000,31.2805000,30.7159000,-36.6520000,-6.2650000,7.2090000,0.000000,0,0,0
41.940,-0.0030000,-0.0078000,9.6684000,32.8903000,31.2805000,30.7159000,-36.5100000,-6.4870000,6.7290000,0.000000,0,0,0
41.950,-0.0018000,-0.0078000,9.6684000,32.8903000,31.2805000,30.7236000,-36.3880000,-6.0920000,7.3110000,0.000000,0,0,0
41.960,-0.0018000,-0.0078000,9.6672000,32.8979000,31.2805000,30.7236000,-36.7880000,-6.3570000,7.5110000,0.000000,0,0,0
41.970,-0.0018000,-0.0066000,9.6660000,32.8979000,31.2805000,30.7312000,-36.5560000,-6.3040000,6.6350000,0.000000,0,0,0
41.980,-0.0030000,-0.0078000,9.6660000,32.8903000,31.2805000,30.7312000,-36.7000000,-6.1970000,6.8630000,0.000000,0,0,0
41.990,-0.0030000,-0.0102000,9.6672000,32.8903000,31.2805000,30.7312000,-37.0450000,-6.3580000,7.2070000,0.000000,0,0,0
42.000,-0.0018000,-0.0102000,9.6684000,32.8903000,31.2805000,30.7312000,-36.7490000,-6.3770000,6.8530000,0.000000,0,0,0
42.010,-0.0018000,-0.0090000,9.6684000,32.8979000,31.2805000,30.7236000,-36.8230000,-6.7660000,7.0240000,0.000000,0,0,0
42.020,-0.0018000,-0.0078000,9.6672000,32.8903000,31.2805000,30.7236000,-36.7340000,-6.9500000,6.9770000,0.000000,0,0,0
42.030,-0.0018000,-0.0066000,9.6684000,32.8903000,31.2881000,30.7236000,-36.5800000,-6.3280000,7.4040000,0.000000,0,0,0
42.040,-0.0006000,-0.0054000,9.6660000,32.8903000,31.2805000,30.7159000,-36.4210000,-6.3260000,7.2780000,0.000000,0,0,0
42.050,-0.0006000,-0.0030000,9.6636000,32.8903000,31.2805000,30.7159000,-36.6080000,-6.0980000,7.3750000,0.000000,0,0,0
42.060,-0.0018000,-0.0018000,9.6624000,32.8903000,31.2805000,30.7159000,-36.8720000,-6.3690000,6.7810000,0.000000,0,0,0
42.070,-0.0030000,-0.0018000,9.6660000,32.8827000,31.2805000,30.7159000,-36.7310000,-6.4160000,6.8910000,0.000000,0,0,0
42.080,-0.0042000,-0.0018000,9.6696000,32.8827000,31.2881000,30.7159000,-36.9790000,-6.5490000,7.1330000,0.000000,0,0,0
42.090,-0.0042000,-0.0042000,9.6708000,32.8827000,31.2881000,30.7159000,-36.8230000,-6.4790000,6.5710000,0.000000,0,0,0
42.100,-0.0042000,-0.0054000,9.6708000,32.8827000,31.2881000,30.7236000,-36.8140000,-6.4410000,6.6980000,0.000000,0,0,0
42.110,-0.0042000,-0.0066000,9.6720000,32.8827000,31.2881000,30.7236000,-36.6300000,-6.3560000,7.0970000,0.000000,0,0,0
42.120,-0.0042000,-0.0066000,9.6744000,32.8903000,31.2881000,30.7236000,-37.0660000,-6.3990000,6.9370000,0.000000,0,0,0
42.130,-0.0042000,-0.0066000,9.6744000,32.8903000,31.2881000,30.7236000,-37.0410000,-6.3090000,6.5220000,0.000000,0,0,0
42.140,-0.0042000,-0.0066000,9.6708000,32.8903000,31.2881000,30.7312000,-36.6630000,-6.6850000,6.3910000,0.000000,0,0,0
42.150,-0.0030000,-0.0054000,9.6684000,32.8903000,31.2881000,30.7236000,-36.7260000,-6.3530000,6.5680000,0.000000,0,0,0
42.160,-0.0018000,-0.0066000,9.6648000,32.8979000,31.2881000,30.7236000,-36.8250000,-6.6960000,5.8440000,0.000000,0,0,0
42.170,-0.0018000,-0.0078000,9.6612000,32.8979000,31.2881000,30.7159000,-36.7710000,-6.3410000,6.8750000,0.000000,0,0,0
42.180,-0.0018000,-0.0066000,9.6624000,32.8827000,31.2881000,30.7236000,-36.6030000,-6.0640000,7.1270000,0.000000,0,0,0
42.190,-0.0018000,-0.0066000,9.6648000,32.8751000,31.2881000,30.7236000,-36.9200000,-6.1590000,6.6760000,0.000000,0,0,0
42.200,-0.0018000,-0.0054000,9.6648000,32.8751000,31.2958000,30.7236000,-37.0510000,-6.6140000,6.8660000,0.000000,0,0,0
42.210,-0.0018000,-0.0030000,9.6636000,32.8827000,31.2958000,30.7236000,-36.9500000,-6.4050000,7.2690000,0.000000,0,0,0
42.220,-0.0018000,-0.0030000,9.6636000,32.8827000,31.2958000,30.7236000,-37.0070000,-6.1330000,6.4650000,0.000000,0,0,0
42.230,-0.0018000,-0.0030000,9.6660000,32.8827000,31.2881000,30.7236000,-36.8500000,-5.9880000,6.2960000,0.000000,0,0,0
42.240,-0.0030000,-0.0030000,9.6660000,32.8903000,31.2805000,30.7159000,-37.1890000,-6.1580000,7.2190000,0.000000,0,0,0
42.250,-0.0030000,-0.0042000,9.6636000,32.8903000,31.2729000,30.7236000,-37.0250000,-6.6600000,6.9700000,0.000000,0,0,0
42.260,-0.0030000,-0.0042000,9.6636000,32.8827000,31.2729000,30.7236000,-37.1700000,-6.0010000,6.8410000,0.000000,0,0,0
42.270,-0.0030000,-0.0042000,9.6636000,32.8827000,31.2805000,30.7236000,-37.0170000,-6.1210000,6.9420000,0.000000,0,0,0
42.280,-0.0030000,-0.0030000,9.6648000,32.8827000,31.2805000,30.7159000,-36.8160000,-5.9180000,7.6790000,0.000000,0,0,0
42.290,-0.0018000,-0.0042000,9.6660000,32.8903000,31.2805000,30.7159000,-36.9310000,-6.0560000,7.1860000,0.000000,0,0,0
42.300,-0.0006000,-0.0042000,9.6660000,32.8903000,31.2805000,30.7083000,-36.7590000,-6.4790000,7.2160000,0.000000,0,0,0
42.310,-0.0018000,-0.0054000,9.6672000,32.8827000,31.2805000,30.7083000,-36.8180000,-5.9780000,6.7090000,0.000000,0,0,0
42.320,-0.0018000,-0.0066000,9.6684000,32.8827000,31.2805000,30.7159000,-37.1660000,-6.1970000,6.9530000,0.000000,0,0,0
42.330,-0.0018000,-0.0090000,9.6684000,32.8827000,31.2881000,30.7159000,-36.9390000,-6.1270000,7.0830000,0.000000,0,0,0
42.340,-0.0018000,-0.0102000,9.6672000,32.8903000,31.2881000,30.7159000,-36.6580000,-5.8820000,7.2120000,0.000000,0,0,0
42.350,-0.0018000,-0.0078000,9.6672000,32.8903000,31.2958000,30.7236000,-37.1450000,-6.2150000,6.9350000,0.000000,0,0,0
42.360,-0.0006000,-0.0054000,9.6684000,32.8903000,31.3034000,30.7236000,-36.9370000,-6.3440000,6.8580000,0.000000,0,0,0
42.370,-0.0006000,-0.0042000,9.6696000,32.8827000,31.3034000,30.7236000,-36.6390000,-6.0860000,7.0110000,0.000000,0,0,0
42.380,0.0006000,-0.0042000,9.6684000,32.8827000,31.3034000,30.7312000,-37.1180000,-6.3870000,6.3910000,0.000000,0,0,0
42.390,0.0006000,-0.0042000,9.6684000,32.8827000,31.3034000,30.7312000,-36.9880000,-6.5160000,6.7750000,0.000000,0,0,0
42.400,0.0006000,-0.0042000,9.6684000,32.8827000,31.2958000,30.7312000,-37.0580000,-6.3630000,7.3880000,0.000000,0,0,0
42.410,-0.0006000,-0.0042000,9.6672000,32.8827000,31.2958000,30.7236000,-36.9550000,-6.1450000,6.8230000,0.000000,0,0,0
42.420,-0.0006000,-0.0054000,9.6660000,32.8751000,31.2958000,30.7236000,-37.0300000,-6.5140000,7.1840000,0.000000,0,0,0
42.430,-0.0006000,-0.0054000,9.6660000,32.8751000,31.2958000,30.7236000,-37.0110000,-6.6680000,7.3090000,0.000000,0,0,0
42.440,-0.0006000,-0.0054000,9.6672000,32.8827000,31.2958000,30.7236000,-36.8210000,-6.4630000,7.2140000,0.000000,0,0,0
42.450,-0.0006000,-0.0054000,9.6672000,32.8827000,31.3034000,30.7236000,-37.0010000,-6.4990000,7.7910000,0.000000,0,0,0
42.460,0.0006000,-0.0054000,9.6672000,32.8827000,31.2958000,30.7236000,-36.9850000,-6.2670000,7.8720000,0.000000,0,0,0
42.470,0.0006000,-0.0054000,9.6672000,32.8827000,31.2881000,30.7236000,-37.2250000,-6.5590000,7.5050000,0.000000,0,0,0
42.480,0.0006000,-0.0054000,9.6672000,32.8903000,31.2805000,30.7312000,-37.2140000,-6.6140000,7.4000000,0.000000,0,0,0
42.490,-0.0006000,-0.0054000,9.6684000,32.8979000,31.2805000,30.7312000,-36.9710000,-6.2610000,6.6510000,0.000000,0,0,0
42.500,-0.0006000,-0.0042000,9.6672000,32.8979000,31.2805000,30.7312000,-36.8240000,-6.4730000,6.9970000,0.000000,0,0,0
42.510,-0.0018000,-0.0054000,9.6660000,32.8903000,31.2881000,30.7312000,-36.8560000,-6.3970000,6.6390000,0.000000,0,0,0
