time,accel_x,accel_y,accel_z,gyro_x,gyro_y,gyro_z,mag_x,mag_y,mag_z,baro,gps_lat,gps_lon,gps_alt
0.780,-0.1065000,-0.3033000,9.6529000,56.2744000,65.9180000,69.5267000,-39.9300000,-12.8060000,5.3300000,0.000000,0,0,0
0.790,-0.0909000,-0.2339000,9.6505000,57.0374000,65.6662000,71.0526000,-39.7980000,-13.2200000,5.5690000,0.000000,0,0,0
0.800,-0.0909000,-0.2339000,9.6505000,57.0374000,65.6662000,71.0526000,-39.7980000,-13.2200000,5.5690000,0.000000,0,0,0
0.810,-0.0873000,-0.1669000,9.6469000,57.5180000,65.2847000,72.0062000,-39.6030000,-13.1100000,5.4240000,0.000000,0,0,0
0.820,-0.0945000,-0.0975000,9.6397000,58.0215000,64.6820000,72.6776000,-39.5520000,-13.1670000,5.1300000,0.000000,0,0,0
0.830,-0.1125000,-0.0365000,9.6277000,58.7082000,63.7665000,72.8683000,-40.1290000,-13.2720000,5.2240000,0.000000,0,0,0
0.840,-0.1340000,0.0138000,9.6134000,59.6390000,62.5534000,72.5327000,-39.9060000,-13.1420000,5.0460000,0.000000,0,0,0
0.850,-0.1507000,0.0592000,9.6038000,60.7452000,61.2793000,71.8155000,-39.9470000,-13.2700000,5.0000000,0.000000,0,0,0
0.860,-0.1567000,0.0963000,9.6014000,61.7523000,60.2646000,70.9000000,-39.7210000,-12.8540000,4.8780000,0.000000,0,0,0
0.870,-0.1448000,0.1214000,9.6098000,62.2559000,59.8373000,70.0073000,-39.6700000,-13.3650000,4.8110000,0.000000,0,0,0
0.880,-0.1089000,0.1370000,9.6218000,61.9354000,60.1044000,69.1605000,-39.6780000,-13.3300000,4.4090000,0.000000,0,0,0
0.890,-0.0610000,0.1513000,9.6337000,60.7986000,61.0275000,68.3289000,-39.5960000,-13.0170000,4.6670000,0.000000,0,0,0
0.900,-0.0191000,0.1453000,9.6433000,59.1354000,62.2559000,67.5201000,-39.4840000,-12.9840000,4.6920000,0.000000,0,0,0
0.910,0.0024000,0.1107000,9.6505000,57.5485000,63.3774000,66.9098000,-39.7700000,-13.2130000,4.9020000,0.000000,0,0,0
0.920,0.0048000,0.0580000,9.6529000,56.5796000,64.1098000,66.6199000,-39.9620000,-13.1750000,4.3320000,0.000000,0,0,0
0.930,-0.0120000,-0.0006000,9.6505000,56.4499000,64.3311000,66.6199000,-39.8570000,-13.4740000,4.7490000,0.000000,0,0,0
0.940,-0.0347000,-0.0580000,9.6457000,57.1289000,64.1174000,66.7038000,-40.0160000,-13.3380000,4.9250000,0.000000,0,0,0
0.950,-0.0550000,-0.1095000,9.6421000,58.3038000,63.7131000,66.6351000,-39.7710000,-13.5380000,5.4590000,0.000000,0,0,0
0.960,-0.0730000,-0.1430000,9.6445000,59.5016000,63.4689000,66.3528000,-39.8040000,-13.1250000,5.0250000,0.000000,0,0,0
0.970,-0.0802000,-0.1489000,9.6469000,60.1807000,63.5910000,65.8493000,-40.0480000,-13.1120000,5.4860000,0.000000,0,0,0
0.980,-0.0825000,-0.1370000,9.6469000,60.1273000,64.0030000,65.2618000,-39.4810000,-13.1030000,5.0910000,0.000000,0,0,0
0.990,-0.0921000,-0.1166000,9.6433000,59.5627000,64.5142000,64.7812000,-39.8960000,-12.9300000,5.0920000,0.000000,0,0,0
1.000,-0.1041000,-0.0987000,9.6385000,58.9828000,64.8804000,64.5676000,-39.9010000,-13.0780000,5.7220000,0.000000,0,0,0
1.010,-0.1160000,-0.0807000,9.6325000,58.8303000,64.8575000,64.5752000,-40.0060000,-13.1050000,5.3110000,0.000000,0,0,0
1.020,-0.1220000,-0.0604000,9.6265000,59.2651000,64.3387000,64.6515000,-40.0570000,-13.1340000,4.8660000,0.000000,0,0,0
1.030,-0.1244000,-0.0473000,9.6229000,60.1349000,63.4460000,64.7278000,-39.9260000,-13.1470000,5.4710000,0.000000,0,0,0
1.040,-0.1184000,-0.0413000,9.6241000,61.1038000,62.5610000,64.7736000,-40.0740000,-12.9290000,5.1070000,0.000000,0,0,0
1.050,-0.1017000,-0.0425000,9.6301000,61.7752000,61.9583000,64.7964000,-39.9510000,-13.0640000,5.1130000,0.000000,0,0,0
1.060,-0.0837000,-0.0568000,9.6385000,61.9888000,61.7905000,64.8727000,-39.6750000,-13.1100000,5.4780000,0.000000,0,0,0
1.070,-0.0694000,-0.0784000,9.6469000,61.6989000,62.0880000,65.0787000,-40.0800000,-13.0000000,5.0250000,0.000000,0,0,0
1.080,-0.0622000,-0.0999000,9.6505000,60.9741000,62.6907000,65.4984000,-40.1320000,-13.0090000,5.1810000,0.000000,0,0,0
1.090,-0.0730000,-0.1214000,9.6517000,60.0433000,63.3469000,66.1774000,-39.9320000,-13.0240000,4.9370000,0.000000,0,0,0
1.100,-0.0933000,-0.1430000,9.6481000,59.2957000,63.7741000,66.9937000,-39.9980000,-13.0180000,4.5900000,0.000000,0,0,0
1.110,-0.1244000,-0.1549000,9.6349000,59.2270000,63.6597000,67.8864000,-40.1100000,-13.0860000,4.7330000,0.000000,0,0,0
1.120,-0.1388000,-0.1442000,9.6253000,59.8907000,63.1485000,67.9474000,-40.1230000,-13.0150000,5.0410000,0.000000,0,0,0
1.130,-0.1495000,-0.1178000,9.6218000,60.7147000,62.5610000,67.6498000,-39.9110000,-13.2100000,4.9120000,0.000000,0,0,0
1.140,-0.1543000,-0.0843000,9.6206000,61.1267000,62.1490000,67.2913000,-39.9440000,-12.9860000,5.0180000,0.000000,0,0,0
1.150,-0.1400000,-0.0592000,9.6229000,60.9207000,62.0499000,67.0624000,-39.8180000,-13.0670000,5.1620000,0.000000,0,0,0
1.160,-0.1148000,-0.0473000,9.6265000,60.3638000,62.1948000,66.9785000,-39.9670000,-12.8860000,4.6430000,0.000000,0,0,0
1.170,-0.0813000,-0.0508000,9.6361000,59.9518000,62.4619000,66.9479000,-40.1660000,-12.9780000,4.7860000,0.000000,0,0,0
1.180,-0.0526000,-0.0604000,9.6457000,59.9747000,62.6831000,66.9785000,-39.8820000,-12.9590000,4.6870000,0.000000,0,0,0
1.190,-0.0347000,-0.0592000,9.6517000,60.3104000,62.8357000,67.1463000,-40.1030000,-13.1310000,4.7020000,0.000000,0,0,0
1.200,-0.0371000,-0.0496000,9.6517000,60.6918000,62.9196000,67.4438000,-39.8640000,-13.0130000,4.7070000,0.000000,0,0,0
1.210,-0.0514000,-0.0305000,9.6481000,60.8978000,63.0417000,67.7490000,-39.7160000,-12.9210000,4.7000000,0.000000,0,0,0
1.220,-0.0730000,-0.0114000,9.6445000,60.7910000,63.1943000,67.8864000,-39.8700000,-12.9040000,4.6210000,0.000000,0,0,0
1.230,-0.0945000,-0.0090000,9.6373000,60.4095000,63.2935000,67.7643000,-39.9810000,-13.1300000,4.6130000,0.000000,0,0,0
1.240,-0.1101000,-0.0245000,9.6301000,59.9899000,63.3698000,67.4210000,-40.1790000,-12.9200000,4.5210000,0.000000,0,0,0
1.250,-0.1220000,-0.0496000,9.6277000,59.7534000,63.4232000,66.9708000,-39.7020000,-12.8430000,4.7990000,0.000000,0,0,0
1.260,-0.1280000,-0.0784000,9.6301000,59.8068000,63.4232000,66.5436000,-40.1620000,-13.0960000,5.1030000,0.000000,0,0,0
1.270,-0.1316000,-0.1035000,9.6325000,60.0662000,63.3011000,66.2155000,-39.9190000,-13.0600000,5.5970000,0.000000,0,0,0
1.280,-0.1280000,-0.1142000,9.6349000,60.4858000,63.1180000,66.0019000,-40.0610000,-13.1250000,5.1610000,0.000000,0,0,0
1.290,-0.1172000,-0.1059000,9.6361000,60.9894000,62.8967000,65.8035000,-39.9590000,-13.2240000,4.9590000,0.000000,0,0,0
1.300,-0.1017000,-0.0807000,9.6373000,61.4014000,62.7060000,65.6204000,-39.9370000,-13.3370000,5.7300000,0.000000,0,0,0
1.310,-0.0909000,-0.0532000,9.6373000,61.5692000,62.5916000,65.5212000,-40.3850000,-12.9740000,5.0100000,0.000000,0,0,0
1.320,-0.0909000,-0.0353000,9.6373000,61.5158000,62.6221000,65.6128000,-40.1800000,-12.9770000,5.0730000,0.000000,0,0,0
1.330,-0.0945000,-0.0317000,9.6361000,61.3174000,62.7975000,65.8798000,-39.9560000,-12.9260000,5.0150000,0.000000,0,0,0
1.340,-0.0993000,-0.0413000,9.6361000,61.0352000,63.0264000,66.2308000,-39.9450000,-13.0000000,4.9890000,0.000000,0,0,0
1.350,-0.1077000,-0.0580000,9.6361000,60.7452000,63.2019000,66.5283000,-39.8510000,-12.8420000,5.1420000,0.000000,0,0,0
1.360,-0.1160000,-0.0784000,9.6349000,60.5469000,63.2553000,66.6580000,-40.1230000,-12.9640000,5.2890000,0.000000,0,0,0
1.370,-0.1196000,-0.0915000,9.6349000,60.4935000,63.1714000,66.5970000,-39.7740000,-13.0600000,4.6700000,0.000000,0,0,0
1.380,-0.1196000,-0.0987000,9.6361000,60.6155000,62.9959000,66.3834000,-40.1660000,-13.2440000,5.0220000,0.000000,0,0,0
1.390,-0.1125000,-0.0975000,9.6409000,60.8673000,62.8281000,66.1011000,-40.2490000,-13.2780000,5.2430000,0.000000,0,0,0
1.400,-0.1005000,-0.0819000,9.6433000,61.0886000,62.7441000,65.8798000,-39.9210000,-12.9260000,4.9950000,0.000000,0,0,0
1.410,-0.0897000,-0.0592000,9.6433000,61.1191000,62.7747000,65.8264000,-39.9240000,-12.9510000,5.3240000,0.000000,0,0,0
1.420,-0.0873000,-0.0437000,9.6433000,60.9360000,62.9120000,65.9866000,-39.7300000,-13.1150000,5.3400000,0.000000,0,0,0
1.430,-0.0825000,-0.0413000,9.6421000,60.6689000,63.1104000,66.3071000,-40.1410000,-13.1030000,4.9480000,0.000000,0,0,0
1.440,-0.0849000,-0.0461000,9.6409000,60.4858000,63.2324000,66.6351000,-39.7520000,-12.9210000,4.7380000,0.000000,0,0,0
1.450,-0.0897000,-0.0544000,9.6373000,60.4782000,63.2782000,66.8488000,-40.1760000,-13.4840000,4.5500000,0.000000,0,0,0
1.460,-0.0945000,-0.0604000,9.6361000,60.6155000,63.2248000,66.8869000,-39.9000000,-13.1920000,5.0800000,0.000000,0,0,0
1.470,-0.1029000,-0.0616000,9.6361000,60.7681000,63.1409000,66.8030000,-39.8850000,-13.0200000,5.2030000,0.000000,0,0,0
1.480,-0.1101000,-0.0568000,9.6373000,60.8902000,63.1104000,66.6885000,-40.1570000,-12.8600000,4.9480000,0.000000,0,0,0
1.490,-0.1196000,-0.0532000,9.6397000,60.8978000,63.1790000,66.6809000,-39.7600000,-12.9580000,5.4800000,0.000000,0,0,0
1.500,-0.1244000,-0.0532000,9.6397000,60.6995000,63.3392000,66.7648000,-39.9840000,-13.0600000,5.0440000,0.000000,0,0,0
1.510,-0.1220000,-0.0496000,9.6385000,60.4019000,63.5223000,66.7725000,-39.9940000,-12.8410000,4.9630000,0.000000,0,0,0
1.520,-0.1160000,-0.0437000,9.6349000,60.2188000,63.6063000,66.6122000,-40.0280000,-12.5150000,4.6120000,0.000000,0,0,0
1.530,-0.1113000,-0.0353000,9.6337000,60.2264000,63.5910000,66.3986000,-40.0660000,-12.6470000,4.6530000,0.000000,0,0,0
1.540,-0.1029000,-0.0245000,9.6349000,60.4401000,63.5452000,66.2613000,-39.9380000,-12.9280000,5.2770000,0.000000,0,0,0
1.550,-0.0921000,-0.0150000,9.6373000,60.7758000,63.4460000,66.3300000,-39.8470000,-12.9650000,5.1770000,0.000000,0,0,0
1.560,-0.0885000,-0.0197000,9.6421000,61.0046000,63.3850000,66.6275000,-40.1190000,-12.7220000,5.1820000,0.000000,0,0,0
1.570,-0.0778000,-0.0317000,9.6481000,61.0428000,63.4613000,67.0090000,-40.2570000,-13.1050000,4.9190000,0.000000,0,0,0
1.580,-0.0706000,-0.0473000,9.6517000,60.9131000,63.6444000,67.2455000,-39.7450000,-13.0520000,5.0570000,0.000000,0,0,0
1.590,-0.0766000,-0.0640000,9.6481000,60.6232000,63.8504000,67.2989000,-39.7860000,-12.9850000,5.1160000,0.000000,0,0,0
1.600,-0.0933000,-0.0652000,9.6409000,60.2112000,64.0793000,67.2379000,-39.9230000,-12.8570000,5.4920000,0.000000,0,0,0
1.610,-0.1220000,-0.0568000,9.6349000,59.7076000,64.2166000,67.2684000,-40.2230000,-13.1630000,5.1540000,0.000000,0,0,0
1.620,-0.1531000,-0.0592000,9.6313000,59.2499000,64.2548000,67.5201000,-39.7360000,-13.1070000,5.2300000,0.000000,0,0,0
1.630,-0.1675000,-0.0676000,9.6301000,59.0897000,64.1937000,67.8406000,-39.8630000,-12.8250000,5.5880000,0.000000,0,0,0
1.640,-0.1663000,-0.0712000,9.6277000,59.2499000,63.9801000,67.9855000,-39.9820000,-12.8360000,4.9390000,0.000000,0,0,0
1.650,-0.1615000,-0.0676000,9.6265000,59.5016000,63.6902000,67.9092000,-39.9830000,-13.0740000,5.2280000,0.000000,0,0,0
1.660,-0.1627000,-0.0604000,9.6241000,59.6313000,63.3774000,67.7414000,-39.8660000,-13.0800000,5.2600000,0.000000,0,0,0
1.670,-0.1663000,-0.0568000,9.6241000,59.6848000,63.0569000,67.5964000,-40.1440000,-12.9640000,5.1040000,0.000000,0,0,0
1.680,-0.1759000,-0.0628000,9.6253000,59.7458000,62.6907000,67.5812000,-40.1300000,-12.9770000,5.0650000,0.000000,0,0,0
1.690,-0.1794000,-0.0724000,9.6277000,59.8755000,62.3703000,67.6422000,-39.8240000,-13.2670000,5.3530000,0.000000,0,0,0
1.700,-0.1543000,-0.0712000,9.6325000,60.1120000,61.8973000,67.4362000,-40.0120000,-12.8510000,4.7900000,0.000000,0,0,0
1.710,-0.1292000,-0.0616000,9.6361000,60.2264000,61.6608000,66.9861000,-40.0620000,-13.2910000,4.5370000,0.000000,0,0,0
1.720,-0.1065000,-0.0473000,9.6409000,60.2722000,61.5540000,66.4597000,-40.1410000,-12.9380000,4.7680000,0.000000,0,0,0
1.730,-0.0825000,-0.0293000,9.6457000,60.1883000,61.6379000,66.0782000,-39.8110000,-13.0090000,4.9040000,0.000000,0,0,0
1.740,-0.0646000,-0.0138000,9.6505000,59.9899000,61.8973000,66.0248000,-39.9920000,-12.9170000,4.9750000,0.000000,0,0,0
1.750,-0.0574000,-0.0018000,9.6529000,59.7458000,62.3093000,66.3223000,-40.1020000,-13.0930000,5.5580000,0.000000,0,0,0
1.760,-0.0634000,0.0030000,9.6517000,59.5474000,62.7213000,66.8411000,-40.0210000,-12.9680000,5.6630000,0.000000,0,0,0
1.770,-0.0802000,-0.0018000,9.6469000,59.5627000,63.0264000,67.3218000,-40.1880000,-13.0130000,5.6310000,0.000000,0,0,0
1.780,-0.0981000,-0.0209000,9.6385000,59.9060000,63.1027000,67.5278000,-39.8670000,-13.0280000,5.6310000,0.000000,0,0,0
1.790,-0.1136000,-0.0532000,9.6337000,60.4401000,62.9501000,67.4057000,-40.0910000,-13.0680000,4.4850000,0.000000,0,0,0
1.800,-0.1232000,-0.0879000,9.6325000,60.9207000,62.7060000,67.0624000,-40.1740000,-12.9850000,5.2270000,0.000000,0,0,0
1.810,-0.1268000,-0.1130000,9.6361000,61.1267000,62.5458000,66.6733000,-39.9270000,-12.9670000,5.1570000,0.000000,0,0,0
1.820,-0.1220000,-0.1238000,9.6409000,60.9665000,62.5763000,66.3834000,-39.6910000,-12.9170000,5.0220000,0.000000,0,0,0
1.830,-0.1160000,-0.1250000,9.6433000,60.5392000,62.7899000,66.2918000,-39.8180000,-13.3260000,5.5240000,0.000000,0,0,0
1.840,-0.1053000,-0.1262000,9.6457000,60.0662000,63.1256000,66.4597000,-39.7760000,-13.1180000,5.8060000,0.000000,0,0,0
1.850,-0.0969000,-0.1226000,9.6469000,59.7305000,63.4995000,66.7801000,-39.8270000,-12.9460000,5.5650000,0.000000,0,0,0
1.860,-0.0861000,-0.1107000,9.6481000,59.6771000,63.7970000,67.0547000,-40.1080000,-12.9910000,5.0800000,0.000000,0,0,0
1.870,-0.0754000,-0.0951000,9.6493000,59.9823000,63.9114000,67.1234000,-40.2570000,-13.0260000,5.3240000,0.000000,0,0,0
1.880,-0.0742000,-0.0748000,9.6457000,60.5164000,63.8275000,67.0395000,-39.9480000,-13.1460000,6.0960000,0.000000,0,0,0
1.890,-0.0885000,-0.0520000,9.6409000,61.0046000,63.6597000,66.9785000,-39.9720000,-13.5740000,5.4010000,0.000000,0,0,0
1.900,-0.1160000,-0.0317000,9.6349000,61.1877000,63.4842000,67.0776000,-39.7630000,-13.2920000,5.0590000,0.000000,0,0,0
1.910,-0.1436000,-0.0245000,9.6313000,61.0275000,63.3621000,67.2989000,-40.1300000,-13.1430000,5.2540000,0.000000,0,0,0
1.920,-0.1615000,-0.0305000,9.6277000,60.6384000,63.2324000,67.5125000,-39.9840000,-13.2120000,5.5810000,0.000000,0,0,0
1.930,-0.1675000,-0.0437000,9.6265000,60.2112000,63.0951000,67.5888000,-39.9730000,-13.0280000,5.4910000,0.000000,0,0,0
1.940,-0.1639000,-0.0616000,9.6277000,59.9060000,62.9730000,67.5125000,-39.8960000,-13.0440000,5.6690000,0.000000,0,0,0
1.950,-0.1603000,-0.0843000,9.6325000,59.7839000,62.8738000,67.3599000,-39.9620000,-13.0810000,5.2890000,0.000000,0,0,0
1.960,-0.1567000,-0.1047000,9.6373000,59.8145000,62.8204000,67.1921000,-40.0360000,-12.9970000,5.5250000,0.000000,0,0,0
1.970,-0.1555000,-0.1190000,9.6397000,59.9594000,62.7670000,67.0319000,-40.2820000,-12.9930000,6.0520000,0.000000,0,0,0
1.980,-0.1507000,-0.1226000,9.6373000,60.1349000,62.6526000,66.8716000,-39.9690000,-13.0600000,5.4530000,0.000000,0,0,0
1.990,-0.1507000,-0.1083000,9.6337000,60.2646000,62.4695000,66.6809000,-40.2820000,-13.1440000,5.5690000,0.000000,0,0,0
2.000,-0.1471000,-0.0807000,9.6277000,60.3180000,62.2940000,66.4673000,-40.2210000,-13.0040000,5.1330000,0.000000,0,0,0
2.010,-0.1388000,-0.0461000,9.6206000,60.2112000,62.2330000,66.2231000,-39.8480000,-13.2990000,5.9170000,0.000000,0,0,0
2.020,-0.1256000,-0.0138000,9.6170000,59.6313000,62.5076000,66.0095000,-39.9040000,-12.9740000,5.6640000,0.000000,0,0,0
2.030,-0.1089000,0.0042000,9.6146000,58.2275000,63.2324000,65.8875000,-40.2160000,-12.8470000,6.3460000,0.000000,0,0,0
2.040,-0.0885000,0.0150000,9.6218000,55.6793000,64.6210000,65.8035000,-40.0460000,-12.9860000,5.8710000,0.000000,0,0,0
2.050,-0.0646000,0.0353000,9.6349000,52.0706000,66.7114000,65.5823000,-39.9880000,-13.1580000,6.1120000,0.000000,0,0,0
2.060,-0.0419000,0.0592000,9.6493000,47.9126000,69.0231000,65.0787000,-40.0900000,-12.8220000,5.6760000,0.000000,0,0,0
2.070,-0.0323000,0.0568000,9.6612000,43.9758000,71.1441000,64.4913000,-39.7560000,-13.1620000,5.4760000,0.000000,0,0,0
2.080,-0.0526000,0.0102000,9.6684000,41.0156000,72.6852000,64.1937000,-39.9090000,-13.0210000,5.1690000,0.000000,0,0,0
2.090,-0.0969000,-0.0772000,9.6696000,39.7415000,73.3795000,64.4073000,-39.9640000,-13.1480000,5.1740000,0.000000,0,0,0
2.100,-0.1555000,-0.1932000,9.6672000,40.5807000,73.1125000,65.0864000,-40.0540000,-13.0450000,5.1500000,0.000000,0,0,0
2.110,-0.2213000,-0.3236000,9.6612000,43.6630000,71.8918000,65.9866000,-39.8750000,-13.2610000,5.2260000,0.000000,0,0,0
2.120,-0.2835000,-0.4468000,9.6505000,48.5382000,69.8242000,66.8564000,-39.9340000,-13.4850000,5.2640000,0.000000,0,0,0
2.130,-0.3254000,-0.5282000,9.6361000,54.3137000,67.2913000,67.5354000,-40.0350000,-13.1770000,5.3210000,0.000000,0,0,0
2.140,-0.3469000,-0.5473000,9.6289000,59.9365000,64.7049000,67.9169000,-39.8530000,-12.7710000,5.1860000,0.000000,0,0,0
2.150,-0.3493000,-0.5174000,9.6313000,64.5370000,62.4390000,68.0237000,-39.6100000,-13.1890000,5.2910000,0.000000,0,0,0
2.160,-0.3350000,-0.4660000,9.6349000,67.6727000,60.6995000,67.9855000,-40.0040000,-13.2820000,5.4160000,0.000000,0,0,0
2.170,-0.3063000,-0.4121000,9.6301000,69.2596000,59.5779000,67.9321000,-39.6050000,-13.0830000,5.5070000,0.000000,0,0,0
2.180,-0.2728000,-0.3499000,9.6337000,69.2902000,59.2346000,67.8635000,-40.0440000,-13.0050000,6.0530000,0.000000,0,0,0
2.190,-0.2369000,-0.2769000,9.6409000,68.1458000,59.4711000,67.6346000,-39.7610000,-13.1530000,6.1930000,0.000000,0,0,0
2.200,-0.2034000,-0.2147000,9.6457000,66.4825000,59.9899000,67.2455000,-39.7900000,-13.1820000,6.1680000,0.000000,0,0,0
2.210,-0.1782000,-0.1705000,9.6505000,64.8422000,60.6995000,66.9174000,-39.9730000,-13.2790000,6.0650000,0.000000,0,0,0
2.220,-0.1567000,-0.1346000,9.6517000,63.4155000,61.5463000,66.7801000,-39.7470000,-13.1240000,6.1820000,0.000000,0,0,0
2.230,-0.1412000,-0.1095000,9.6541000,62.2253000,62.3703000,66.8106000,-39.6820000,-13.3690000,5.6400000,0.000000,0,0,0
2.240,-0.1388000,-0.1023000,9.6588000,61.3708000,63.0569000,66.9785000,-39.7780000,-13.1260000,5.5860000,0.000000,0,0,0
2.250,-0.1603000,-0.1298000,9.6600000,60.8368000,63.6215000,67.3828000,-39.9530000,-13.3030000,5.6890000,0.000000,0,0,0
2.260,-0.1914000,-0.1741000,9.6564000,61.0428000,63.6139000,67.7414000,-39.8480000,-13.1050000,5.3610000,0.000000,0,0,0
2.270,-0.2273000,-0.2183000,9.6469000,61.6379000,63.2401000,68.0313000,-40.0490000,-13.2200000,4.7700000,0.000000,0,0,0
2.280,-0.2584000,-0.2554000,9.6397000,62.4771000,62.5763000,68.1076000,-39.9440000,-13.0850000,5.5930000,0.000000,0,0,0
2.290,-0.2787000,-0.2722000,9.6313000,63.3163000,61.8515000,67.8406000,-39.8860000,-13.1350000,5.8360000,0.000000,0,0,0
2.300,-0.2751000,-0.2626000,9.6265000,63.9572000,61.1954000,67.2150000,-40.0140000,-13.1480000,5.9480000,0.000000,0,0,0
2.310,-0.2548000,-0.2387000,9.6265000,64.3005000,60.7224000,66.4825000,-39.9780000,-13.1340000,5.4680000,0.000000,0,0,0
2.320,-0.2285000,-0.2076000,9.6337000,64.2929000,60.5774000,66.0248000,-39.9080000,-12.9620000,5.5690000,0.000000,0,0,0
2.330,-0.1986000,-0.1800000,9.6445000,63.8962000,60.8139000,66.0934000,-39.8260000,-13.3410000,6.0570000,0.000000,0,0,0
2.340,-0.1699000,-0.1597000,9.6517000,63.1866000,61.3861000,66.6504000,-39.9080000,-12.9770000,6.1690000,0.000000,0,0,0
2.350,-0.1495000,-0.1525000,9.6576000,62.2711000,62.1109000,67.4438000,-39.9930000,-13.0190000,5.9360000,0.000000,0,0,0
2.360,-0.1424000,-0.1561000,9.6588000,61.3632000,62.7823000,68.1686000,-39.9020000,-13.3520000,5.6400000,0.000000,0,0,0
2.370,-0.1507000,-0.1621000,9.6576000,60.7071000,63.2248000,68.6188000,-39.9080000,-13.3160000,5.8120000,0.000000,0,0,0
2.380,-0.1699000,-0.1693000,9.6541000,60.4935000,63.2782000,68.7790000,-39.8470000,-13.1240000,6.2320000,0.000000,0,0,0
2.390,-0.1974000,-0.1765000,9.6445000,60.7071000,62.9654000,68.7180000,-39.9540000,-13.2820000,6.3160000,0.000000,0,0,0
2.400,-0.2213000,-0.1753000,9.6361000,61.1572000,62.5458000,68.4891000,-40.2220000,-13.0700000,6.1120000,0.000000,0,0,0
2.410,-0.2321000,-0.1573000,9.6325000,61.5158000,62.2025000,68.0313000,-39.9910000,-13.1460000,5.9930000,0.000000,0,0,0
2.420,-0.2237000,-0.1370000,9.6313000,61.5692000,62.0270000,67.3676000,-39.9040000,-13.0380000,5.9370000,0.000000,0,0,0
2.430,-0.2094000,-0.1250000,9.6361000,61.3632000,62.0651000,66.6351000,-39.9210000,-13.1630000,5.9170000,0.000000,0,0,0
2.440,-0.1914000,-0.1178000,9.6433000,61.0580000,62.2711000,66.0477000,-39.8840000,-13.1910000,6.1000000,0.000000,0,0,0
2.450,-0.1782000,-0.1190000,9.6457000,60.7986000,62.4542000,65.7196000,-39.8420000,-13.0110000,6.8090000,0.000000,0,0,0
2.460,-0.1735000,-0.1214000,9.6445000,60.6079000,62.5839000,65.6662000,-39.6280000,-12.7820000,6.3160000,0.000000,0,0,0
2.470,-0.1723000,-0.1166000,9.6421000,60.5164000,62.5992000,65.7806000,-39.8570000,-12.8890000,5.5070000,0.000000,0,0,0
2.480,-0.1782000,-0.1142000,9.6433000,60.5850000,62.4771000,65.9714000,-40.1040000,-12.6780000,5.9450000,0.000000,0,0,0
2.490,-0.1890000,-0.1226000,9.6457000,60.7605000,62.2940000,66.2918000,-39.8460000,-12.8640000,5.7520000,0.000000,0,0,0
2.500,-0.1902000,-0.1382000,9.6493000,60.9436000,62.1490000,66.7267000,-39.8610000,-13.1390000,6.4450000,0.000000,0,0,0
2.510,-0.1854000,-0.1597000,9.6505000,61.1343000,62.0804000,67.1387000,-39.8500000,-12.8680000,6.5600000,0.000000,0,0,0
2.520,-0.1806000,-0.1836000,9.6493000,61.2717000,62.0880000,67.3904000,-39.6250000,-12.9590000,6.4950000,0.000000,0,0,0
2.530,-0.1806000,-0.2004000,9.6469000,61.2640000,62.1948000,67.4133000,-39.7920000,-12.9890000,6.4810000,0.000000,0,0,0
2.540,-0.1854000,-0.2052000,9.6433000,61.1572000,62.3169000,67.2073000,-39.9650000,-13.1560000,6.0630000,0.000000,0,0,0
2.550,-0.1902000,-0.1980000,9.6409000,60.9741000,62.3856000,66.8793000,-40.0660000,-13.1060000,5.8300000,0.000000,0,0,0
2.560,-0.1890000,-0.1776000,9.6373000,60.7529000,62.3856000,66.6046000,-39.9200000,-12.9750000,6.0130000,0.000000,0,0,0
2.570,-0.1842000,-0.1549000,9.6373000,60.5698000,62.3322000,66.5207000,-39.8540000,-13.2100000,5.7870000,0.000000,0,0,0
2.580,-0.1794000,-0.1418000,9.6409000,60.5545000,62.2787000,66.6885000,-39.6590000,-12.9780000,5.3670000,0.000000,0,0,0
2.590,-0.1759000,-0.1418000,9.6445000,60.6537000,62.2711000,67.1234000,-39.9450000,-13.0860000,5.6250000,0.000000,0,0,0
2.600,-0.1759000,-0.1453000,9.6457000,60.7147000,62.3627000,67.6804000,-39.9620000,-13.0610000,5.4940000,0.000000,0,0,0
2.610,-0.1806000,-0.1501000,9.6445000,60.6918000,62.4847000,68.1686000,-40.0360000,-13.0260000,6.5050000,0.000000,0,0,0
2.620,-0.1830000,-0.1525000,9.6445000,60.5927000,62.6831000,68.4052000,-40.1040000,-13.0080000,6.0400000,0.000000,0,0,0
2.630,-0.1830000,-0.1465000,9.6433000,60.3790000,62.8967000,68.3060000,-40.1560000,-13.1110000,5.9460000,0.000000,0,0,0
2.640,-0.1723000,-0.1334000,9.6445000,60.0433000,63.0875000,67.8558000,-40.1860000,-13.1280000,5.5870000,0.000000,0,0,0
2.650,-0.1603000,-0.1238000,9.6457000,59.7687000,63.1714000,67.1616000,-39.7700000,-13.0600000,5.3850000,0.000000,0,0,0
2.660,-0.1436000,-0.1178000,9.6505000,59.6924000,63.1714000,66.4520000,-40.0140000,-13.0040000,5.3710000,0.000000,0,0,0
2.670,-0.1268000,-0.1047000,9.6552000,59.8221000,63.1180000,65.8493000,-39.9910000,-13.0240000,6.2120000,0.000000,0,0,0
2.680,-0.1136000,-0.0819000,9.6552000,60.0052000,63.0188000,65.4526000,-40.0590000,-13.0130000,5.3720000,0.000000,0,0,0
2.690,-0.1160000,-0.0664000,9.6552000,60.1349000,62.9349000,65.3458000,-40.1680000,-13.1230000,5.8060000,0.000000,0,0,0
2.700,-0.1280000,-0.0712000,9.6541000,60.1959000,62.8815000,65.5289000,-39.8870000,-12.9910000,5.9300000,0.000000,0,0,0
2.710,-0.1352000,-0.0927000,9.6529000,60.3180000,62.9654000,65.8417000,-39.8220000,-13.3150000,5.8550000,0.000000,0,0,0
2.720,-0.1400000,-0.1286000,9.6517000,60.5698000,63.0875000,66.1163000,-39.7520000,-12.9270000,6.2680000,0.000000,0,0,0
2.730,-0.1495000,-0.1729000,9.6505000,60.8215000,63.1638000,66.3681000,-40.0930000,-13.0690000,5.6120000,0.000000,0,0,0
2.740,-0.1663000,-0.2171000,9.6493000,60.9283000,63.2401000,66.6809000,-40.0490000,-13.0750000,5.8020000,0.000000,0,0,0
2.750,-0.1890000,-0.2554000,9.6481000,60.8597000,63.3469000,67.1158000,-39.6780000,-13.1200000,5.8340000,0.000000,0,0,0
2.760,-0.2117000,-0.2745000,9.6421000,60.6537000,63.4460000,67.5812000,-39.9860000,-12.9610000,5.2050000,0.000000,0,0,0
2.770,-0.2297000,-0.2722000,9.6325000,60.3790000,63.4232000,67.9245000,-39.7900000,-13.1750000,5.6660000,0.000000,0,0,0
2.780,-0.2440000,-0.2506000,9.6241000,60.1425000,63.3316000,68.0847000,-39.7900000,-13.0950000,5.8320000,0.000000,0,0,0
2.790,-0.2512000,-0.2183000,9.6206000,60.0510000,63.2095000,68.1000000,-39.9990000,-12.8660000,5.4620000,0.000000,0,0,0
2.800,-0.2464000,-0.1848000,9.6206000,60.1349000,63.0875000,68.0618000,-39.8380000,-13.0860000,4.9000000,0.000000,0,0,0
2.810,-0.2393000,-0.1597000,9.6253000,60.3104000,62.9883000,68.0542000,-39.9290000,-13.0620000,5.5160000,0.000000,0,0,0
2.820,-0.2237000,-0.1442000,9.6313000,60.4324000,62.9425000,68.1000000,-39.9690000,-12.8290000,6.1130000,0.000000,0,0,0
2.830,-0.2046000,-0.1286000,9.6385000,60.3561000,62.9883000,68.1152000,-39.6790000,-13.1200000,6.2950000,0.000000,0,0,0
2.840,-0.1914000,-0.1107000,9.6433000,59.8297000,63.0417000,67.9855000,-40.0500000,-13.1900000,6.1280000,0.000000,0,0,0
2.850,-0.1962000,-0.1119000,9.6421000,59.4177000,63.0264000,67.8406000,-40.0090000,-13.0860000,6.0390000,0.000000,0,0,0
2.860,-0.1998000,-0.1142000,9.6397000,59.2270000,62.9349000,67.6727000,-40.1060000,-13.4060000,5.9700000,0.000000,0,0,0
2.870,-0.2010000,-0.1190000,9.6373000,59.4482000,62.6831000,67.4515000,-40.0550000,-13.2250000,5.9190000,0.000000,0,0,0
2.880,-0.1986000,-0.1226000,9.6373000,60.0281000,62.3016000,67.1768000,-39.9060000,-13.1040000,5.8170000,0.000000,0,0,0
2.890,-0.1914000,-0.1154000,9.6373000,60.7224000,61.9278000,66.8259000,-40.2790000,-13.1400000,6.5630000,0.000000,0,0,0
2.900,-0.1782000,-0.1011000,9.6397000,61.2030000,61.7599000,66.3834000,-39.9740000,-13.2150000,5.7740000,0.000000,0,0,0
2.910,-0.1567000,-0.0867000,9.6433000,61.2793000,61.8286000,65.8340000,-39.8290000,-13.2700000,6.1820000,0.000000,0,0,0
2.920,-0.1424000,-0.0784000,9.6469000,61.0504000,62.0728000,65.2618000,-39.9520000,-13.9130000,5.5350000,0.000000,0,0,0
2.930,-0.1412000,-0.0784000,9.6481000,60.7300000,62.3779000,64.8346000,-40.1060000,-13.0250000,5.8710000,0.000000,0,0,0
2.940,-0.1483000,-0.0855000,9.6445000,60.4477000,62.6373000,64.7049000,-39.7860000,-13.3560000,5.9730000,0.000000,0,0,0
2.950,-0.1615000,-0.1047000,9.6409000,60.2798000,62.7213000,64.9033000,-39.8760000,-13.2900000,5.7710000,0.000000,0,0,0
2.960,-0.1747000,-0.1346000,9.6385000,60.3333000,62.5992000,65.3381000,-40.0320000,-13.3810000,5.6240000,0.000000,0,0,0
2.970,-0.1806000,-0.1669000,9.6409000,60.6537000,62.3169000,65.8264000,-39.8550000,-13.3120000,5.9050000,0.000000,0,0,0
2.980,-0.1723000,-0.1944000,9.6433000,61.1115000,62.0193000,66.1774000,-40.1600000,-13.1360000,6.1390000,0.000000,0,0,0
2.990,-0.1531000,-0.2111000,9.6481000,61.5234000,61.8515000,66.3071000,-39.9590000,-13.1440000,6.3960000,0.000000,0,0,0
3.000,-0.1328000,-0.2207000,9.6529000,61.7142000,61.9049000,66.2460000,-40.0050000,-13.2170000,5.8970000,0.000000,0,0,0
3.010,-0.1160000,-0.2231000,9.6576000,61.7065000,62.2177000,66.0782000,-40.0330000,-13.3540000,6.3210000,0.000000,0,0,0
3.020,-0.1125000,-0.2123000,9.6600000,61.5234000,62.6831000,66.0019000,-39.8420000,-12.9900000,6.3090000,0.000000,0,0,0
3.030,-0.1220000,-0.1836000,9.6564000,61.1801000,63.2248000,66.1392000,-39.9150000,-13.1490000,7.0590000,0.000000,0,0,0
3.040,-0.1424000,-0.1573000,9.6505000,60.7300000,63.6368000,66.5741000,-40.1980000,-12.9930000,6.7780000,0.000000,0,0,0
3.050,-0.1663000,-0.1406000,9.6433000,60.3256000,63.8046000,67.2455000,-40.1080000,-13.1350000,6.9090000,0.000000,0,0,0
3.060,-0.1866000,-0.1286000,9.6361000,60.1044000,63.6826000,67.9474000,-40.0420000,-12.7440000,6.0440000,0.000000,0,0,0
3.070,-0.2022000,-0.1190000,9.6325000,60.1273000,63.3621000,68.4891000,-39.7820000,-12.8790000,5.5430000,0.000000,0,0,0
3.080,-0.2105000,-0.1107000,9.6313000,60.2951000,62.9730000,68.7408000,-39.9480000,-12.9660000,5.5940000,0.000000,0,0,0
3.090,-0.2082000,-0.1107000,9.6325000,60.4782000,62.6144000,68.7256000,-39.9840000,-13.1030000,6.1460000,0.000000,0,0,0
3.100,-0.1974000,-0.1190000,9.6373000,60.5850000,62.4313000,68.5043000,-40.1460000,-13.0430000,6.0520000,0.000000,0,0,0
3.110,-0.1818000,-0.1250000,9.6421000,60.5164000,62.4237000,68.1686000,-40.2480000,-13.1160000,5.8680000,0.000000,0,0,0
3.120,-0.1687000,-0.1262000,9.6445000,60.3027000,62.5229000,67.8024000,-40.2240000,-12.8190000,5.6610000,0.000000,0,0,0
3.130,-0.1651000,-0.1286000,9.6445000,60.0967000,62.5916000,67.5201000,-40.2110000,-13.0720000,5.6300000,0.000000,0,0,0
3.140,-0.1627000,-0.1298000,9.6421000,60.1196000,62.5687000,67.3676000,-40.2690000,-12.7710000,5.7380000,0.000000,0,0,0
3.150,-0.1591000,-0.1274000,9.6409000,60.4782000,62.4237000,67.3065000,-40.0790000,-13.2930000,6.5820000,0.000000,0,0,0
3.160,-0.1567000,-0.1214000,9.6421000,61.0046000,62.2101000,67.3370000,-39.9470000,-12.8570000,5.8180000,0.000000,0,0,0
3.170,-0.1531000,-0.1130000,9.6445000,61.4166000,62.0880000,67.4133000,-40.1670000,-13.0140000,5.4550000,0.000000,0,0,0
3.180,-0.1459000,-0.1083000,9.6469000,61.5387000,62.1185000,67.4210000,-40.2560000,-12.9370000,5.3770000,0.000000,0,0,0
3.190,-0.1376000,-0.1154000,9.6481000,61.3480000,62.3245000,67.2836000,-40.1910000,-13.2110000,5.1550000,0.000000,0,0,0
3.200,-0.1304000,-0.1298000,9.6505000,60.8978000,62.6984000,67.0319000,-40.1550000,-12.9000000,5.2660000,0.000000,0,0,0
3.210,-0.1352000,-0.1430000,9.6493000,60.4019000,63.0722000,66.7572000,-40.3600000,-13.1360000,5.1500000,0.000000,0,0,0
3.220,-0.1471000,-0.1537000,9.6457000,60.0510000,63.3240000,66.5817000,-40.3960000,-13.1500000,5.0610000,0.000000,0,0,0
3.230,-0.1591000,-0.1597000,9.6409000,60.0052000,63.3850000,66.5588000,-40.1620000,-13.2240000,5.3060000,0.000000,0,0,0
3.240,-0.1675000,-0.1621000,9.6385000,60.2951000,63.2324000,66.6275000,-40.0810000,-13.1800000,5.8690000,0.000000,0,0,0
3.250,-0.1699000,-0.1561000,9.6385000,60.7986000,62.9272000,66.7419000,-40.2600000,-13.2860000,5.3910000,0.000000,0,0,0
3.260,-0.1651000,-0.1382000,9.6385000,61.2869000,62.5992000,66.7725000,-40.2240000,-12.9550000,4.3310000,0.000000,0,0,0
3.270,-0.1567000,-0.1214000,9.6409000,61.6074000,62.3550000,66.6580000,-40.2610000,-13.0720000,5.1020000,0.000000,0,0,0
3.280,-0.1459000,-0.1130000,9.6433000,61.7676000,62.3016000,66.4673000,-40.1870000,-13.1850000,5.2070000,0.000000,0,0,0
3.290,-0.1388000,-0.1178000,9.6469000,61.7371000,62.4161000,66.2918000,-40.1770000,-13.1670000,5.4470000,0.000000,0,0,0
3.300,-0.1376000,-0.1274000,9.6493000,61.5463000,62.6450000,66.2231000,-40.4270000,-13.3100000,5.1040000,0.000000,0,0,0
3.310,-0.1483000,-0.1370000,9.6481000,61.2335000,62.8967000,66.2994000,-40.2390000,-13.3160000,4.9910000,0.000000,0,0,0
3.320,-0.1651000,-0.1442000,9.6433000,60.8521000,63.1027000,66.4749000,-40.0910000,-13.1660000,5.7480000,0.000000,0,0,0
3.330,-0.1830000,-0.1501000,9.6385000,60.4935000,63.1561000,66.6885000,-40.1730000,-13.1490000,4.8590000,0.000000,0,0,0
3.340,-0.1974000,-0.1489000,9.6313000,60.2798000,63.0417000,66.8564000,-40.3300000,-13.2710000,5.3250000,0.000000,0,0,0
3.350,-0.2046000,-0.1418000,9.6277000,60.2722000,62.7975000,66.9022000,-40.2960000,-13.0570000,5.7850000,0.000000,0,0,0
3.360,-0.2046000,-0.1286000,9.6277000,60.4706000,62.4847000,66.8411000,-40.2530000,-13.0780000,5.4200000,0.000000,0,0,0
3.370,-0.1974000,-0.1107000,9.6289000,60.7224000,62.1796000,66.7572000,-40.2520000,-12.9120000,4.7300000,0.000000,0,0,0
3.380,-0.1890000,-0.0939000,9.6301000,60.9207000,61.9354000,66.7038000,-40.6120000,-13.1000000,5.0460000,0.000000,0,0,0
3.390,-0.1771000,-0.0784000,9.6313000,61.0046000,61.7828000,66.6656000,-40.3460000,-13.3300000,4.8250000,0.000000,0,0,0
3.400,-0.1663000,-0.0664000,9.6349000,60.9283000,61.7218000,66.6199000,-40.3100000,-13.1940000,5.0580000,0.000000,0,0,0
3.410,-0.1579000,-0.0640000,9.6385000,60.7224000,61.7371000,66.5359000,-40.4070000,-12.9030000,4.7480000,0.000000,0,0,0
3.420,-0.1483000,-0.0688000,9.6397000,60.4553000,61.7981000,66.3910000,-40.4300000,-13.1340000,5.6780000,0.000000,0,0,0
3.430,-0.1424000,-0.0819000,9.6409000,60.1883000,61.8134000,66.2689000,-39.9250000,-13.0080000,5.2870000,0.000000,0,0,0
3.440,-0.1364000,-0.0963000,9.6421000,59.9747000,61.8057000,66.2308000,-40.3130000,-12.9150000,5.9010000,0.000000,0,0,0
3.450,-0.1244000,-0.1047000,9.6421000,59.8984000,61.6837000,66.3681000,-40.1060000,-13.0740000,6.0610000,0.000000,0,0,0
3.460,-0.1172000,-0.1130000,9.6433000,60.0510000,61.5692000,66.5588000,-39.9450000,-13.2230000,6.1950000,0.000000,0,0,0
3.470,-0.1125000,-0.1226000,9.6469000,60.2798000,61.5616000,66.8488000,-40.3260000,-13.2380000,6.0120000,0.000000,0,0,0
3.480,-0.1125000,-0.1322000,9.6481000,60.3714000,61.7218000,67.1692000,-40.0960000,-13.1000000,6.1310000,0.000000,0,0,0
3.490,-0.1148000,-0.1406000,9.6493000,60.2570000,62.0422000,67.4210000,-40.2210000,-12.7740000,5.6180000,0.000000,0,0,0
3.500,-0.1172000,-0.1501000,9.6493000,59.9823000,62.4237000,67.5583000,-40.1450000,-13.4030000,5.6130000,0.000000,0,0,0
3.510,-0.1196000,-0.1537000,9.6481000,59.7229000,62.7670000,67.6041000,-40.5490000,-12.8930000,6.0310000,0.000000,0,0,0
3.520,-0.1256000,-0.1489000,9.6457000,59.5779000,62.9578000,67.6498000,-40.6440000,-13.1190000,6.1700000,0.000000,0,0,0
3.530,-0.1316000,-0.1418000,9.6421000,59.6466000,62.9578000,67.8177000,-40.3650000,-13.3060000,6.0110000,0.000000,0,0,0
3.540,-0.1352000,-0.1394000,9.6421000,60.0433000,62.7747000,68.0695000,-40.3010000,-13.3210000,6.8520000,0.000000,0,0,0
3.550,-0.1316000,-0.1406000,9.6445000,60.8215000,62.4771000,68.2755000,-40.5020000,-13.2850000,5.9490000,0.000000,0,0,0
3.560,-0.1244000,-0.1406000,9.6457000,61.7676000,62.1796000,68.3136000,-40.3290000,-13.3050000,6.7580000,0.000000,0,0,0
3.570,-0.1184000,-0.1274000,9.6469000,62.4390000,62.0499000,68.1152000,-40.3270000,-13.0240000,5.8700000,0.000000,0,0,0
3.580,-0.1160000,-0.0939000,9.6457000,62.4847000,62.1872000,67.6956000,-40.3510000,-13.2410000,6.5620000,0.000000,0,0,0
3.590,-0.1136000,-0.0580000,9.6433000,61.9049000,62.4847000,67.1310000,-40.3400000,-13.4390000,5.8680000,0.000000,0,0,0
3.600,-0.1148000,-0.0353000,9.6385000,61.0352000,62.8128000,66.6351000,-40.1080000,-13.3870000,6.1960000,0.000000,0,0,0
3.610,-0.1196000,-0.0317000,9.6373000,60.3333000,63.0112000,66.3300000,-40.2810000,-13.3650000,6.3600000,0.000000,0,0,0
3.620,-0.1196000,-0.0461000,9.6373000,60.1196000,62.9730000,66.2155000,-40.5570000,-13.3260000,6.0250000,0.000000,0,0,0
3.630,-0.1196000,-0.0736000,9.6409000,60.3561000,62.7747000,66.2231000,-40.3580000,-13.1630000,6.3350000,0.000000,0,0,0
3.640,-0.1136000,-0.0999000,9.6457000,60.7452000,62.5916000,66.2460000,-40.1160000,-13.2580000,5.6910000,0.000000,0,0,0
3.650,-0.0981000,-0.1190000,9.6493000,61.0275000,62.5534000,66.1774000,-40.2750000,-13.3450000,5.8270000,0.000000,0,0,0
3.660,-0.0897000,-0.1370000,9.6529000,61.0733000,62.6831000,66.0858000,-40.4760000,-13.3090000,5.5760000,0.000000,0,0,0
3.670,-0.0921000,-0.1525000,9.6541000,60.9207000,62.9883000,66.1316000,-40.2520000,-13.1500000,5.7730000,0.000000,0,0,0
3.680,-0.1041000,-0.1585000,9.6505000,60.6613000,63.3240000,66.4139000,-40.3670000,-13.2000000,6.1510000,0.000000,0,0,0
3.690,-0.1220000,-0.1573000,9.6457000,60.4248000,63.5452000,66.8869000,-40.4090000,-13.4220000,6.0190000,0.000000,0,0,0
3.700,-0.1436000,-0.1477000,9.6385000,60.2875000,63.5910000,67.4362000,-40.3920000,-13.2820000,6.2460000,0.000000,0,0,0
3.710,-0.1663000,-0.1370000,9.6325000,60.2798000,63.4766000,67.8635000,-40.2990000,-13.0890000,6.1220000,0.000000,0,0,0
3.720,-0.1794000,-0.1238000,9.6301000,60.3561000,63.2477000,68.0237000,-40.4400000,-13.2370000,6.0580000,0.000000,0,0,0
3.730,-0.1782000,-0.1107000,9.6289000,60.4630000,62.9959000,67.8406000,-40.5510000,-13.1680000,5.7530000,0.000000,0,0,0
3.740,-0.1675000,-0.1035000,9.6325000,60.5469000,62.7823000,67.3981000,-40.5240000,-13.0910000,5.8570000,0.000000,0,0,0
3.750,-0.1531000,-0.1023000,9.6349000,60.5927000,62.6602000,66.8793000,-40.5560000,-13.3620000,5.0970000,0.000000,0,0,0
3.760,-0.1388000,-0.0975000,9.6397000,60.6232000,62.6144000,66.4673000,-40.1440000,-13.2700000,5.6050000,0.000000,0,0,0
3.770,-0.1280000,-0.0867000,9.6397000,60.6766000,62.5992000,66.2460000,-40.3420000,-13.2620000,5.3220000,0.000000,0,0,0
3.780,-0.1244000,-0.0736000,9.6397000,60.7834000,62.5916000,66.2079000,-40.5840000,-13.3610000,6.0090000,0.000000,0,0,0
3.790,-0.1304000,-0.0700000,9.6385000,60.9665000,62.5687000,66.3223000,-40.4700000,-13.4040000,6.0380000,0.000000,0,0,0
3.800,-0.1328000,-0.0772000,9.6385000,61.2488000,62.5610000,66.4673000,-40.2900000,-13.0720000,5.9280000,0.000000,0,0,0
3.810,-0.1244000,-0.0867000,9.6409000,61.5768000,62.6221000,66.4597000,-40.2350000,-13.0820000,5.5130000,0.000000,0,0,0
3.820,-0.1101000,-0.0867000,9.6409000,61.7905000,62.7594000,66.2079000,-40.2460000,-13.2230000,5.1070000,0.000000,0,0,0
3.830,-0.0969000,-0.0736000,9.6409000,61.6608000,62.9959000,65.7959000,-40.3980000,-13.4040000,5.1710000,0.000000,0,0,0
3.840,-0.0909000,-0.0676000,9.6433000,61.1572000,63.2858000,65.4907000,-40.4930000,-13.3110000,5.1080000,0.000000,0,0,0
3.850,-0.0981000,-0.0843000,9.6469000,60.4553000,63.5529000,65.5746000,-40.1080000,-13.2990000,5.9380000,0.000000,0,0,0
3.860,-0.1184000,-0.1154000,9.6481000,59.8755000,63.7360000,66.0782000,-40.3680000,-13.5330000,6.0420000,0.000000,0,0,0
3.870,-0.1364000,-0.1513000,9.6469000,59.7534000,63.6826000,66.7725000,-40.2040000,-13.2880000,5.6760000,0.000000,0,0,0
3.880,-0.1448000,-0.1717000,9.6445000,60.1425000,63.4308000,67.3447000,-40.1760000,-13.4260000,5.7120000,0.000000,0,0,0
3.890,-0.1436000,-0.1621000,9.6421000,60.7605000,63.1256000,67.5583000,-40.2680000,-13.1940000,5.4510000,0.000000,0,0,0
3.900,-0.1352000,-0.1262000,9.6421000,61.2030000,62.9730000,67.3904000,-40.4260000,-13.3160000,5.6720000,0.000000,0,0,0
3.910,-0.1244000,-0.0831000,9.6433000,61.2106000,63.0875000,67.0090000,-40.2140000,-13.1100000,5.0020000,0.000000,0,0,0
3.920,-0.1125000,-0.0496000,9.6457000,60.7681000,63.4766000,66.5817000,-40.8330000,-12.9910000,5.6310000,0.000000,0,0,0
3.930,-0.1077000,-0.0317000,9.6457000,60.0967000,63.9648000,66.2689000,-40.2160000,-13.2200000,5.4080000,0.000000,0,0,0
3.940,-0.1160000,-0.0365000,9.6433000,59.5627000,64.3692000,66.1316000,-40.2240000,-13.0920000,5.4680000,0.000000,0,0,0
3.950,-0.1316000,-0.0532000,9.6421000,59.4406000,64.5218000,66.2231000,-40.2780000,-13.1390000,5.1950000,0.000000,0,0,0
3.960,-0.1519000,-0.0772000,9.6409000,59.7534000,64.3768000,66.4978000,-40.5030000,-13.4370000,5.5920000,0.000000,0,0,0
3.970,-0.1711000,-0.0987000,9.6385000,60.3409000,63.9954000,66.8259000,-40.3090000,-13.3800000,5.3230000,0.000000,0,0,0
3.980,-0.1782000,-0.1107000,9.6373000,60.9055000,63.5529000,67.0471000,-40.3160000,-13.2070000,5.6830000,0.000000,0,0,0
3.990,-0.1747000,-0.1130000,9.6373000,61.2488000,63.1561000,67.0166000,-40.5640000,-13.2980000,5.5760000,0.000000,0,0,0
4.000,-0.1663000,-0.1095000,9.6397000,61.3251000,62.8586000,66.7648000,-40.5790000,-13.0690000,5.8800000,0.000000,0,0,0
4.010,-0.1531000,-0.1035000,9.6421000,61.2717000,62.6526000,66.4749000,-40.3200000,-13.3970000,5.6920000,0.000000,0,0,0
4.020,-0.1436000,-0.0999000,9.6457000,61.2335000,62.5534000,66.3376000,-40.3810000,-13.3450000,5.0830000,0.000000,0,0,0
4.030,-0.1352000,-0.0999000,9.6469000,61.2259000,62.5381000,66.5054000,-40.4950000,-13.3000000,5.8450000,0.000000,0,0,0
4.040,-0.1316000,-0.1011000,9.6469000,61.2106000,62.5839000,66.9556000,-40.2680000,-13.2580000,5.1710000,0.000000,0,0,0
4.050,-0.1316000,-0.1035000,9.6457000,61.1725000,62.6373000,67.4973000,-40.5150000,-13.4340000,5.0310000,0.000000,0,0,0
4.060,-0.1364000,-0.1059000,9.6445000,61.1038000,62.7060000,67.9092000,-40.5520000,-13.2420000,5.5560000,0.000000,0,0,0
4.070,-0.1436000,-0.0975000,9.6421000,60.9436000,62.7518000,67.9398000,-40.5860000,-13.2330000,4.6770000,0.000000,0,0,0
4.080,-0.1483000,-0.0879000,9.6421000,60.8826000,62.7441000,67.6193000,-40.6640000,-13.3400000,5.0480000,0.000000,0,0,0
4.090,-0.1471000,-0.0772000,9.6421000,60.9589000,62.7213000,67.2379000,-40.5510000,-13.1470000,5.0920000,0.000000,0,0,0
4.100,-0.1448000,-0.0640000,9.6409000,61.1191000,62.7060000,67.0166000,-40.8110000,-13.6030000,4.7750000,0.000000,0,0,0
4.110,-0.1412000,-0.0508000,9.6409000,61.2259000,62.7213000,67.0624000,-40.6070000,-13.2320000,5.1000000,0.000000,0,0,0
4.120,-0.1364000,-0.0449000,9.6433000,61.2030000,62.8128000,67.3141000,-40.3260000,-13.5900000,5.5120000,0.000000,0,0,0
4.130,-0.1316000,-0.0461000,9.6433000,61.0275000,62.9349000,67.6117000,-40.3840000,-13.2810000,5.0880000,0.000000,0,0,0
4.140,-0.1292000,-0.0556000,9.6433000,60.7376000,63.0646000,67.8024000,-40.3730000,-13.3150000,5.1020000,0.000000,0,0,0
4.150,-0.1304000,-0.0664000,9.6433000,60.4706000,63.1790000,67.8329000,-40.7230000,-13.1190000,4.8550000,0.000000,0,0,0
4.160,-0.1352000,-0.0760000,9.6421000,60.2951000,63.2401000,67.7490000,-40.4760000,-12.9790000,5.4070000,0.000000,0,0,0
4.170,-0.1424000,-0.0819000,9.6409000,60.2264000,63.2706000,67.6498000,-40.4290000,-13.2200000,5.0030000,0.000000,0,0,0
4.180,-0.1651000,-0.0843000,9.6397000,60.2798000,63.1866000,67.6346000,-40.7090000,-12.9890000,4.4350000,0.000000,0,0,0
4.190,-0.1747000,-0.0867000,9.6385000,60.4324000,63.0264000,67.7032000,-40.2910000,-13.0310000,5.4550000,0.000000,0,0,0
4.200,-0.1759000,-0.0867000,9.6385000,60.5316000,62.8357000,67.8101000,-40.6280000,-13.1820000,5.3800000,0.000000,0,0,0
4.210,-0.1639000,-0.0843000,9.6397000,60.5392000,62.7747000,67.8558000,-40.2550000,-13.0720000,4.9930000,0.000000,0,0,0
4.220,-0.1483000,-0.0796000,9.6433000,60.4553000,62.8128000,67.8329000,-40.4940000,-12.9030000,5.1520000,0.000000,0,0,0
4.230,-0.1388000,-0.0736000,9.6457000,60.2951000,62.9272000,67.8482000,-40.3830000,-12.8910000,5.0790000,0.000000,0,0,0
4.240,-0.1376000,-0.0676000,9.6457000,60.1273000,63.0493000,67.9245000,-40.9520000,-13.2990000,5.0470000,0.000000,0,0,0
4.250,-0.1388000,-0.0652000,9.6445000,60.0281000,63.1180000,68.0542000,-40.5160000,-13.0550000,5.5030000,0.000000,0,0,0
4.260,-0.1388000,-0.0604000,9.6433000,60.0510000,63.1256000,68.1381000,-40.5260000,-13.0290000,5.7220000,0.000000,0,0,0
4.270,-0.1388000,-0.0520000,9.6421000,60.1578000,63.0417000,68.0618000,-40.5680000,-13.2070000,5.1360000,0.000000,0,0,0
4.280,-0.1364000,-0.0496000,9.6409000,60.3104000,62.8891000,67.8177000,-40.3110000,-12.7620000,5.2660000,0.000000,0,0,0
4.290,-0.1340000,-0.0520000,9.6409000,60.4935000,62.7060000,67.5201000,-40.0940000,-13.2710000,5.6120000,0.000000,0,0,0
4.300,-0.1376000,-0.0616000,9.6445000,60.6308000,62.6068000,67.3447000,-40.5670000,-13.2430000,5.6610000,0.000000,0,0,0
4.310,-0.1436000,-0.0772000,9.6469000,60.6689000,62.6526000,67.3218000,-40.4150000,-13.4060000,5.0680000,0.000000,0,0,0
4.320,-0.1495000,-0.0927000,9.6469000,60.6613000,62.7823000,67.3981000,-40.2960000,-13.1220000,4.6700000,0.000000,0,0,0
4.330,-0.1531000,-0.1047000,9.6457000,60.6766000,62.9120000,67.4896000,-40.3010000,-13.3630000,5.3760000,0.000000,0,0,0
4.340,-0.1531000,-0.1095000,9.6421000,60.7071000,62.9501000,67.5735000,-40.4440000,-13.1410000,5.2070000,0.000000,0,0,0
4.350,-0.1555000,-0.1047000,9.6397000,60.8292000,62.8586000,67.6422000,-40.3530000,-13.2860000,5.6130000,0.000000,0,0,0
4.360,-0.1543000,-0.0939000,9.6385000,61.0352000,62.6907000,67.6880000,-40.5050000,-13.2740000,5.2770000,0.000000,0,0,0
4.370,-0.1495000,-0.0831000,9.6397000,61.2793000,62.5458000,67.6651000,-40.3800000,-13.2200000,5.0060000,0.000000,0,0,0
4.380,-0.1400000,-0.0724000,9.6421000,61.3861000,62.5076000,67.5735000,-40.4630000,-13.1670000,5.4100000,0.000000,0,0,0
4.390,-0.1316000,-0.0664000,9.6457000,61.2259000,62.6297000,67.4591000,-40.3120000,-13.0800000,5.1740000,0.000000,0,0,0
4.400,-0.1244000,-0.0664000,9.6469000,60.8444000,62.8967000,67.3981000,-40.5430000,-13.2190000,5.4340000,0.000000,0,0,0
4.410,-0.1208000,-0.0760000,9.6481000,60.4782000,63.2019000,67.4362000,-39.9880000,-13.2220000,5.7940000,0.000000,0,0,0
4.420,-0.1196000,-0.0879000,9.6493000,60.2875000,63.4384000,67.5812000,-40.1310000,-13.3510000,5.6630000,0.000000,0,0,0
4.430,-0.1280000,-0.0963000,9.6469000,60.3333000,63.4918000,67.7719000,-40.3940000,-13.3480000,5.4330000,0.000000,0,0,0
4.440,-0.1424000,-0.1011000,9.6457000,60.6003000,63.3469000,67.8787000,-40.4480000,-13.3970000,5.9310000,0.000000,0,0,0
4.450,-0.1543000,-0.0891000,9.6409000,60.9665000,63.1027000,67.7795000,-40.3220000,-13.3990000,5.0570000,0.000000,0,0,0
4.460,-0.1627000,-0.0664000,9.6361000,61.2183000,62.8357000,67.4973000,-40.4250000,-13.2720000,5.8540000,0.000000,0,0,0
4.470,-0.1723000,-0.0449000,9.6325000,61.2183000,62.6068000,67.2073000,-40.4320000,-13.0270000,5.9370000,0.000000,0,0,0
4.480,-0.1818000,-0.0353000,9.6301000,61.0809000,62.4695000,67.0853000,-40.2500000,-13.0680000,5.2950000,0.000000,0,0,0
4.490,-0.1866000,-0.0353000,9.6301000,60.9283000,62.3856000,67.1844000,-40.5290000,-13.3340000,5.7200000,0.000000,0,0,0
4.500,-0.1914000,-0.0413000,9.6301000,60.7605000,62.3093000,67.4362000,-40.2520000,-13.3440000,5.0620000,0.000000,0,0,0
4.510,-0.1890000,-0.0437000,9.6301000,60.5621000,62.2406000,67.7032000,-40.4460000,-13.2210000,5.1030000,0.000000,0,0,0
4.520,-0.1818000,-0.0473000,9.6313000,60.3867000,62.1490000,67.8558000,-40.2120000,-13.1670000,6.2420000,0.000000,0,0,0
4.530,-0.1651000,-0.0473000,9.6325000,60.3256000,62.0651000,67.8177000,-40.4290000,-12.9390000,5.4330000,0.000000,0,0,0
4.540,-0.1448000,-0.0449000,9.6373000,60.4019000,62.0041000,67.6422000,-40.4420000,-13.1890000,5.7700000,0.000000,0,0,0
4.550,-0.1256000,-0.0401000,9.6433000,60.4858000,62.0499000,67.4210000,-40.3400000,-13.2450000,5.9150000,0.000000,0,0,0
4.560,-0.1065000,-0.0365000,9.6493000,60.3867000,62.2253000,67.2684000,-40.6270000,-13.1370000,5.7260000,0.000000,0,0,0
4.570,-0.0885000,-0.0389000,9.6529000,60.1425000,62.5000000,67.1997000,-40.5160000,-13.1250000,5.7940000,0.000000,0,0,0
4.580,-0.0778000,-0.0496000,9.6564000,59.9518000,62.7975000,67.1997000,-40.4620000,-13.1220000,6.0150000,0.000000,0,0,0
4.590,-0.0813000,-0.0652000,9.6576000,59.9747000,62.9883000,67.2760000,-40.3310000,-13.2140000,5.8940000,0.000000,0,0,0
4.600,-0.0969000,-0.0724000,9.6541000,60.1883000,63.0417000,67.4210000,-40.4220000,-13.2060000,5.8660000,0.000000,0,0,0
4.610,-0.1196000,-0.0736000,9.6469000,60.4401000,62.9501000,67.5659000,-40.5150000,-13.1460000,5.5610000,0.000000,0,0,0
4.620,-0.1400000,-0.0604000,9.6373000,60.6003000,62.7823000,67.6117000,-40.3010000,-12.9320000,5.8440000,0.000000,0,0,0
4.630,-0.1543000,-0.0496000,9.6301000,60.6003000,62.5534000,67.5354000,-40.5000000,-13.2900000,6.1120000,0.000000,0,0,0
4.640,-0.1639000,-0.0568000,9.6277000,60.4935000,62.2940000,67.4744000,-40.3430000,-13.2040000,6.0920000,0.000000,0,0,0
4.650,-0.1639000,-0.0843000,9.6289000,60.4630000,62.0804000,67.5049000,-40.3650000,-13.3700000,5.4620000,0.000000,0,0,0
4.660,-0.1579000,-0.1142000,9.6349000,60.6461000,61.9354000,67.5964000,-40.4390000,-12.8690000,5.2590000,0.000000,0,0,0
4.670,-0.1448000,-0.1262000,9.6397000,60.9741000,61.8973000,67.6117000,-40.5000000,-12.6860000,6.2590000,0.000000,0,0,0
4.680,-0.1352000,-0.1130000,9.6421000,61.1954000,61.9888000,67.5125000,-40.4960000,-13.1930000,6.0260000,0.000000,0,0,0
4.690,-0.1304000,-0.0772000,9.6397000,61.0199000,62.2940000,67.2989000,-40.4030000,-13.0490000,5.7740000,0.000000,0,0,0
4.700,-0.1328000,-0.0532000,9.6361000,60.7529000,62.4771000,67.2226000,-40.3630000,-12.8440000,5.8250000,0.000000,0,0,0
4.710,-0.1280000,-0.0353000,9.6361000,60.5850000,62.5763000,67.2150000,-40.6950000,-12.9760000,5.8580000,0.000000,0,0,0
4.720,-0.1184000,-0.0257000,9.6385000,60.6003000,62.5687000,67.2455000,-40.3910000,-13.2660000,5.9500000,0.000000,0,0,0
4.730,-0.1041000,-0.0233000,9.6421000,60.7452000,62.5381000,67.2684000,-40.3870000,-13.2270000,5.4220000,0.000000,0,0,0
4.740,-0.0897000,-0.0257000,9.6457000,60.9055000,62.5534000,67.2760000,-40.5830000,-12.9130000,5.4410000,0.000000,0,0,0
4.750,-0.0790000,-0.0353000,9.6493000,61.0352000,62.6526000,67.2760000,-40.5630000,-12.9230000,5.2940000,0.000000,0,0,0
4.760,-0.0790000,-0.0461000,9.6505000,61.1115000,62.8052000,67.2531000,-40.5830000,-13.1300000,5.7540000,0.000000,0,0,0
4.770,-0.0885000,-0.0520000,9.6493000,61.1572000,62.9501000,67.1539000,-40.4570000,-13.0170000,5.7300000,0.000000,0,0,0
4.780,-0.1065000,-0.0496000,9.6433000,61.1725000,63.0264000,66.9632000,-40.4980000,-13.1520000,6.0900000,0.000000,0,0,0
4.790,-0.1304000,-0.0341000,9.6361000,61.1496000,62.9730000,66.7038000,-40.0860000,-13.0470000,5.9390000,0.000000,0,0,0
4.800,-0.1531000,-0.0197000,9.6277000,61.0962000,62.7670000,66.4749000,-40.6420000,-12.8280000,5.5830000,0.000000,0,0,0
4.810,-0.1651000,-0.0138000,9.6218000,61.1038000,62.4771000,66.3071000,-40.3690000,-12.8060000,5.6300000,0.000000,0,0,0
4.820,-0.1627000,-0.0197000,9.6229000,61.1877000,62.1948000,66.2613000,-40.3440000,-12.8370000,5.5440000,0.000000,0,0,0
4.830,-0.1507000,-0.0401000,9.6289000,61.2106000,62.0651000,66.3681000,-40.5960000,-13.0480000,5.8560000,0.000000,0,0,0
4.840,-0.1352000,-0.0628000,9.6373000,61.0733000,62.2330000,66.6275000,-40.6310000,-13.0180000,5.3940000,0.000000,0,0,0
4.850,-0.1172000,-0.0879000,9.6457000,60.7910000,62.6144000,66.9937000,-40.5300000,-13.0260000,5.5730000,0.000000,0,0,0
4.860,-0.1077000,-0.1059000,9.6493000,60.4935000,63.0646000,67.4057000,-40.2640000,-12.9950000,5.6710000,0.000000,0,0,0
4.870,-0.1041000,-0.1107000,9.6493000,60.3333000,63.4232000,67.7795000,-40.3410000,-13.1020000,6.0010000,0.000000,0,0,0
4.880,-0.1029000,-0.0975000,9.6469000,60.4019000,63.5376000,67.9703000,-40.7440000,-13.1530000,5.6790000,0.000000,0,0,0
4.890,-0.1017000,-0.0712000,9.6433000,60.6766000,63.4384000,67.9321000,-40.6050000,-12.8990000,5.5570000,0.000000,0,0,0
4.900,-0.1101000,-0.0377000,9.6397000,60.9970000,63.2095000,67.7643000,-40.2880000,-12.9270000,5.6640000,0.000000,0,0,0
4.910,-0.1208000,-0.0090000,9.6361000,61.1877000,62.9807000,67.5659000,-40.4210000,-12.9670000,5.4450000,0.000000,0,0,0
4.920,-0.1292000,0.0138000,9.6325000,61.1572000,62.8052000,67.3599000,-40.5200000,-12.9500000,5.9890000,0.000000,0,0,0
4.930,-0.1352000,0.0257000,9.6301000,60.9360000,62.6602000,67.1082000,-40.6780000,-13.2310000,5.2710000,0.000000,0,0,0
4.940,-0.1376000,0.0245000,9.6277000,60.6003000,62.4695000,66.7648000,-40.4870000,-12.9820000,5.9090000,0.000000,0,0,0
4.950,-0.1352000,0.0102000,9.6289000,60.3104000,62.2406000,66.3605000,-40.5600000,-12.9040000,5.1910000,0.000000,0,0,0
4.960,-0.1316000,-0.0138000,9.6325000,60.2188000,61.9736000,65.9561000,-40.3460000,-12.7540000,5.3100000,0.000000,0,0,0
4.970,-0.1280000,-0.0353000,9.6349000,60.3180000,61.7523000,65.7043000,-40.4610000,-12.8130000,5.6600000,0.000000,0,0,0
4.980,-0.1208000,-0.0496000,9.6385000,60.5164000,61.6379000,65.7501000,-40.7600000,-12.9030000,4.9910000,0.000000,0,0,0
4.990,-0.1160000,-0.0592000,9.6421000,60.6918000,61.7065000,66.1469000,-40.3100000,-12.9550000,5.0190000,0.000000,0,0,0
5.000,-0.1077000,-0.0628000,9.6445000,60.7605000,61.9659000,66.7801000,-40.6460000,-12.9550000,5.9630000,0.000000,0,0,0
5.010,-0.0969000,-0.0568000,9.6469000,60.7071000,62.3322000,67.4515000,-40.5410000,-12.9570000,5.3850000,0.000000,0,0,0
5.020,-0.0849000,-0.0473000,9.6469000,60.5850000,62.6984000,67.9703000,-40.6040000,-12.9200000,5.8280000,0.000000,0,0,0
5.030,-0.0813000,-0.0437000,9.6457000,60.5087000,62.9883000,68.2755000,-40.4920000,-13.0810000,5.1380000,0.000000,0,0,0
5.040,-0.0897000,-0.0520000,9.6433000,60.5316000,63.1561000,68.3899000,-40.6470000,-13.0420000,4.9630000,0.000000,0,0,0
5.050,-0.1005000,-0.0616000,9.6421000,60.6232000,63.1943000,68.3212000,-40.5200000,-13.2020000,5.3840000,0.000000,0,0,0
5.060,-0.1041000,-0.0628000,9.6385000,60.7986000,63.1027000,68.0008000,-40.4500000,-13.2110000,5.2770000,0.000000,0,0,0
5.070,-0.1065000,-0.0520000,9.6361000,60.9818000,62.9196000,67.4591000,-40.4320000,-13.0850000,5.6430000,0.000000,0,0,0
5.080,-0.1041000,-0.0365000,9.6361000,61.0886000,62.7823000,66.8640000,-40.6300000,-12.7880000,5.7820000,0.000000,0,0,0
5.090,-0.0993000,-0.0197000,9.6385000,61.1038000,62.7518000,66.4139000,-40.7560000,-12.9860000,5.5570000,0.000000,0,0,0
5.100,-0.0993000,-0.0066000,9.6421000,60.9665000,62.8891000,66.2460000,-40.4070000,-12.8440000,6.1980000,0.000000,0,0,0
5.110,-0.0993000,-0.0054000,9.6445000,60.6384000,63.2019000,66.3605000,-40.5150000,-12.7800000,5.4250000,0.000000,0,0,0
5.120,-0.0993000,-0.0066000,9.6445000,60.2417000,63.5223000,66.5817000,-40.4340000,-12.7420000,6.0540000,0.000000,0,0,0
5.130,-0.1053000,-0.0126000,9.6409000,59.9365000,63.6978000,66.7496000,-40.3800000,-12.8680000,5.8450000,0.000000,0,0,0
5.140,-0.1160000,-0.0245000,9.6373000,59.8831000,63.6292000,66.8106000,-40.4360000,-13.0170000,4.8890000,0.000000,0,0,0
5.150,-0.1256000,-0.0401000,9.6349000,60.1578000,63.3392000,66.8030000,-40.1770000,-12.9800000,5.0810000,0.000000,0,0,0
5.160,-0.1280000,-0.0473000,9.6349000,60.5927000,62.9959000,66.7419000,-40.4320000,-13.0780000,5.7140000,0.000000,0,0,0
5.170,-0.1220000,-0.0449000,9.6349000,60.9131000,62.7747000,66.6275000,-40.2740000,-13.0700000,5.2620000,0.000000,0,0,0
5.180,-0.1101000,-0.0377000,9.6373000,60.9741000,62.7670000,66.5207000,-40.3910000,-12.8060000,5.0440000,0.000000,0,0,0
5.190,-0.1005000,-0.0293000,9.6397000,60.7910000,62.9807000,66.5207000,-40.2930000,-13.0820000,5.2770000,0.000000,0,0,0
5.200,-0.0957000,-0.0257000,9.6421000,60.4477000,63.3621000,66.6962000,-40.3170000,-12.7900000,5.0810000,0.000000,0,0,0
5.210,-0.0969000,-0.0245000,9.6433000,60.0967000,63.7207000,67.0090000,-40.3780000,-13.2030000,4.6980000,0.000000,0,0,0
5.220,-0.1029000,-0.0257000,9.6421000,59.8907000,63.9343000,67.3065000,-40.2330000,-13.3250000,4.9480000,0.000000,0,0,0
5.230,-0.1113000,-0.0257000,9.6385000,59.8984000,63.8962000,67.4591000,-40.4700000,-13.0360000,4.4740000,0.000000,0,0,0
5.240,-0.1232000,-0.0185000,9.6349000,60.0739000,63.6673000,67.4133000,-40.3400000,-13.1720000,5.6150000,0.000000,0,0,0
5.250,-0.1352000,-0.0102000,9.6313000,60.3027000,63.3316000,67.2531000,-40.6050000,-13.0800000,5.2990000,0.000000,0,0,0
5.260,-0.1471000,-0.0102000,9.6289000,60.4858000,62.9730000,67.0853000,-40.2770000,-12.8080000,4.3440000,0.000000,0,0,0
5.270,-0.1519000,-0.0197000,9.6301000,60.6003000,62.7060000,66.9861000,-40.2390000,-12.8980000,4.3000000,0.000000,0,0,0
5.280,-0.1495000,-0.0317000,9.6325000,60.6308000,62.6068000,66.9556000,-40.4300000,-12.7950000,4.3840000,0.000000,0,0,0
5.290,-0.1400000,-0.0401000,9.6361000,60.4858000,62.7136000,66.9403000,-40.3020000,-13.0270000,5.0030000,0.000000,0,0,0
5.300,-0.1304000,-0.0401000,9.6385000,60.2112000,62.9272000,66.9098000,-40.6720000,-12.8160000,4.4930000,0.000000,0,0,0
5.310,-0.1232000,-0.0365000,9.6409000,59.9442000,63.1104000,66.9098000,-40.8520000,-12.9170000,4.8110000,0.000000,0,0,0
5.320,-0.1244000,-0.0317000,9.6397000,59.7687000,63.2019000,67.0471000,-40.4570000,-12.8950000,4.3560000,0.000000,0,0,0
5.330,-0.1208000,-0.0293000,9.6385000,59.8526000,63.1104000,67.1463000,-40.6610000,-12.7040000,5.1520000,0.000000,0,0,0
5.340,-0.1125000,-0.0257000,9.6373000,60.0510000,62.9501000,67.1463000,-40.3320000,-12.7180000,4.8080000,0.000000,0,0,0
5.350,-0.1125000,-0.0185000,9.6361000,60.2188000,62.8433000,67.0547000,-40.5490000,-12.9290000,5.0850000,0.000000,0,0,0
5.360,-0.1184000,-0.0185000,9.6361000,60.2112000,62.8967000,67.0166000,-40.4630000,-13.1240000,5.0690000,0.000000,0,0,0
5.370,-0.1280000,-0.0281000,9.6361000,60.0204000,63.1027000,67.0929000,-40.7970000,-13.1350000,4.9510000,0.000000,0,0,0
5.380,-0.1364000,-0.0461000,9.6373000,59.7534000,63.3316000,67.2379000,-40.6970000,-12.9700000,5.3060000,0.000000,0,0,0
5.390,-0.1388000,-0.0652000,9.6373000,59.5856000,63.4766000,67.3676000,-40.3570000,-13.0460000,5.4960000,0.000000,0,0,0
5.400,-0.1340000,-0.0736000,9.6361000,59.5932000,63.4689000,67.3904000,-40.7230000,-12.9040000,4.9580000,0.000000,0,0,0
5.410,-0.1292000,-0.0652000,9.6349000,59.7839000,63.2706000,67.2836000,-40.7830000,-12.9340000,5.2070000,0.000000,0,0,0
5.420,-0.1268000,-0.0473000,9.6337000,60.0739000,62.9578000,67.1158000,-40.3710000,-13.0080000,5.2090000,0.000000,0,0,0
5.430,-0.1232000,-0.0281000,9.6325000,60.3180000,62.6602000,66.9937000,-40.2690000,-12.9140000,5.2100000,0.000000,0,0,0
5.440,-0.1208000,-0.0173000,9.6337000,60.4324000,62.4619000,66.9556000,-40.2210000,-13.0180000,4.9070000,0.000000,0,0,0
5.450,-0.1172000,-0.0185000,9.6385000,60.4401000,62.4390000,66.9632000,-40.5450000,-12.7740000,5.5790000,0.000000,0,0,0
5.460,-0.1148000,-0.0257000,9.6433000,60.3409000,62.6068000,67.0090000,-40.5590000,-13.0040000,5.1130000,0.000000,0,0,0
5.470,-0.1148000,-0.0353000,9.6433000,60.1196000,62.8967000,67.0776000,-40.6690000,-12.8120000,4.9870000,0.000000,0,0,0
5.480,-0.1184000,-0.0449000,9.6421000,59.8373000,63.1714000,67.1844000,-40.6690000,-13.1220000,5.2100000,0.000000,0,0,0
5.490,-0.1268000,-0.0496000,9.6385000,59.6237000,63.3392000,67.2913000,-40.6560000,-12.8350000,4.3760000,0.000000,0,0,0
5.500,-0.1376000,-0.0449000,9.6349000,59.5779000,63.3316000,67.3599000,-40.7070000,-12.5910000,5.3000000,0.000000,0,0,0
5.510,-0.1436000,-0.0377000,9.6325000,59.7076000,63.1409000,67.3447000,-40.9400000,-12.9410000,5.9060000,0.000000,0,0,0
5.520,-0.1412000,-0.0329000,9.6313000,59.9442000,62.8815000,67.2302000,-40.5200000,-13.0230000,5.9660000,0.000000,0,0,0
5.530,-0.1280000,-0.0293000,9.6361000,60.1578000,62.6678000,67.0013000,-40.5850000,-12.8490000,6.1690000,0.000000,0,0,0
5.540,-0.1077000,-0.0293000,9.6421000,60.2798000,62.6221000,66.6580000,-40.6480000,-12.8430000,5.2360000,0.000000,0,0,0
5.550,-0.0921000,-0.0401000,9.6469000,60.3180000,62.7289000,66.3681000,-40.5410000,-12.8920000,5.1920000,0.000000,0,0,0
5.560,-0.0897000,-0.0568000,9.6517000,60.2722000,62.9730000,66.2689000,-40.5470000,-12.9630000,5.7590000,0.000000,0,0,0
5.570,-0.0909000,-0.0700000,9.6541000,60.1807000,63.2858000,66.3452000,-40.5770000,-12.8000000,5.5600000,0.000000,0,0,0
5.580,-0.1029000,-0.0688000,9.6505000,60.0739000,63.5681000,66.4978000,-40.4530000,-13.1050000,5.2850000,0.000000,0,0,0
5.590,-0.1220000,-0.0520000,9.6397000,59.9060000,63.7283000,66.6199000,-40.5510000,-12.8160000,5.4800000,0.000000,0,0,0
5.600,-0.1471000,-0.0365000,9.6301000,59.7382000,63.6826000,66.7419000,-40.6590000,-12.8810000,4.9010000,0.000000,0,0,0
5.610,-0.1723000,-0.0317000,9.6229000,59.7153000,63.4079000,66.8945000,-40.5300000,-13.1260000,5.2580000,0.000000,0,0,0
5.620,-0.1878000,-0.0341000,9.6218000,59.8373000,62.9654000,67.0853000,-40.5820000,-13.2430000,5.1100000,0.000000,0,0,0
5.630,-0.1890000,-0.0425000,9.6229000,59.9823000,62.4847000,67.2607000,-40.7940000,-12.9810000,5.4440000,0.000000,0,0,0
5.640,-0.1735000,-0.0592000,9.6265000,60.0510000,62.1185000,67.3523000,-40.6960000,-13.1920000,5.4380000,0.000000,0,0,0
5.650,-0.1495000,-0.0784000,9.6349000,60.0815000,61.9125000,67.3523000,-40.3450000,-13.4080000,5.1870000,0.000000,0,0,0
5.660,-0.1268000,-0.0867000,9.6409000,60.1044000,61.9736000,67.2913000,-40.5080000,-13.1690000,4.9690000,0.000000,0,0,0
5.670,-0.1053000,-0.0772000,9.6445000,60.1044000,62.1948000,67.1997000,-40.2980000,-13.1160000,5.1070000,0.000000,0,0,0
5.680,-0.0933000,-0.0628000,9.6457000,60.0586000,62.4847000,67.1005000,-40.6230000,-13.3340000,5.6070000,0.000000,0,0,0
5.690,-0.0909000,-0.0496000,9.6445000,59.9823000,62.7975000,67.0242000,-40.7020000,-13.2550000,5.3650000,0.000000,0,0,0
5.700,-0.0993000,-0.0389000,9.6421000,59.9213000,63.0035000,66.9479000,-40.4580000,-13.0960000,5.5950000,0.000000,0,0,0
5.710,-0.1089000,-0.0317000,9.6421000,59.9136000,63.0417000,66.7953000,-40.4330000,-13.2730000,5.2150000,0.000000,0,0,0
5.720,-0.1136000,-0.0341000,9.6397000,60.0357000,62.9807000,66.5359000,-40.4160000,-13.2350000,5.3470000,0.000000,0,0,0
5.730,-0.1196000,-0.0389000,9.6397000,60.2875000,62.8052000,66.1850000,-40.4910000,-13.1660000,5.1810000,0.000000,0,0,0
5.740,-0.1232000,-0.0413000,9.6421000,60.4858000,62.7289000,65.8722000,-40.7330000,-13.3090000,5.2890000,0.000000,0,0,0
5.750,-0.1292000,-0.0461000,9.6433000,60.5316000,62.8204000,65.7349000,-40.4950000,-12.9110000,5.4240000,0.000000,0,0,0
5.760,-0.1280000,-0.0520000,9.6433000,60.3714000,62.9654000,65.7730000,-40.5140000,-13.0020000,5.2550000,0.000000,0,0,0
5.770,-0.1280000,-0.0580000,9.6433000,60.1120000,63.2019000,65.9103000,-40.3330000,-12.9430000,4.9740000,0.000000,0,0,0
5.780,-0.1196000,-0.0616000,9.6445000,59.9213000,63.3774000,66.0095000,-40.4380000,-13.1340000,5.4430000,0.000000,0,0,0
5.790,-0.1101000,-0.0568000,9.6445000,59.9136000,63.4613000,65.9637000,-40.5220000,-13.1100000,5.9970000,0.000000,0,0,0
5.800,-0.1053000,-0.0508000,9.6457000,60.0433000,63.4537000,65.7959000,-40.6960000,-13.1560000,6.1550000,0.000000,0,0,0
5.810,-0.1029000,-0.0461000,9.6433000,60.1730000,63.4537000,65.5746000,-40.2550000,-13.0150000,5.6020000,0.000000,0,0,0
5.820,-0.1053000,-0.0353000,9.6433000,60.2264000,63.6597000,65.4144000,-40.3270000,-12.8420000,5.5080000,0.000000,0,0,0
5.830,-0.1077000,-0.0317000,9.6457000,60.1959000,63.8580000,65.3687000,-40.5750000,-12.8980000,5.1830000,0.000000,0,0,0
5.840,-0.0993000,-0.0425000,9.6493000,60.1807000,64.0945000,65.2847000,-40.7140000,-13.1380000,5.7380000,0.000000,0,0,0
5.850,-0.0933000,-0.0592000,9.6541000,60.2417000,64.3921000,65.0253000,-40.4900000,-13.0140000,5.6690000,0.000000,0,0,0
5.860,-0.0909000,-0.0676000,9.6588000,60.3638000,64.7354000,64.5523000,-40.5530000,-12.9830000,5.3810000,0.000000,0,0,0
5.870,-0.1041000,-0.0616000,9.6564000,60.5011000,65.0253000,63.8428000,-40.7180000,-12.8250000,5.3100000,0.000000,0,0,0
5.880,-0.0957000,-0.0425000,9.6529000,60.6384000,65.2390000,62.9883000,-40.8180000,-12.9690000,5.6480000,0.000000,0,0,0
5.890,-0.0981000,-0.0233000,9.6469000,60.7758000,65.1703000,62.1643000,-40.7060000,-12.9720000,5.6150000,0.000000,0,0,0
5.900,-0.1125000,-0.0090000,9.6445000,60.8978000,64.9796000,61.5387000,-40.8210000,-12.8920000,5.6860000,0.000000,0,0,0
5.910,-0.1184000,-0.0030000,9.6505000,60.9894000,64.8193000,61.1191000,-40.4810000,-13.0120000,5.7760000,0.000000,0,0,0
5.920,-0.1160000,-0.0042000,9.6541000,60.9741000,64.8117000,60.7452000,-40.8110000,-12.9190000,5.8880000,0.000000,0,0,0
5.930,-0.0981000,-0.0066000,9.6576000,60.7452000,65.1245000,60.2646000,-40.6550000,-12.7480000,5.7460000,0.000000,0,0,0
5.940,-0.0766000,-0.0233000,9.6576000,60.2417000,65.6509000,59.3033000,-40.8780000,-12.7200000,5.9730000,0.000000,0,0,0
5.950,-0.0981000,-0.0329000,9.6600000,60.0128000,65.9103000,58.8303000,-40.5110000,-12.7040000,5.8140000,0.000000,0,0,0
5.960,-0.1244000,-0.0245000,9.6612000,59.9899000,65.9409000,58.6548000,-40.7040000,-12.5440000,5.9420000,0.000000,0,0,0
5.970,-0.1495000,-0.0078000,9.6564000,60.2036000,65.6433000,58.6319000,-41.1010000,-12.5770000,5.6340000,0.000000,0,0,0
5.980,-0.1747000,-0.0042000,9.6469000,60.5927000,65.1093000,58.5480000,-41.0890000,-12.5790000,5.4150000,0.000000,0,0,0
5.990,-0.1902000,-0.0173000,9.6385000,61.1343000,64.6667000,58.1818000,-41.0170000,-12.5010000,5.4730000,0.000000,0,0,0
6.000,-0.1938000,-0.0401000,9.6361000,61.8134000,64.3463000,57.5104000,-40.9420000,-12.0060000,5.8970000,0.000000,0,0,0
6.010,-0.1926000,-0.0544000,9.6373000,62.6068000,64.0106000,56.6788000,-40.7140000,-12.1740000,5.7680000,0.000000,0,0,0
6.020,-0.1866000,-0.0568000,9.6349000,63.3469000,63.6902000,55.8624000,-40.9370000,-12.1530000,6.2030000,0.000000,0,0,0
6.030,-0.1842000,-0.0449000,9.6337000,63.6673000,63.7054000,55.2826000,-40.8290000,-12.0730000,5.9490000,0.000000,0,0,0
6.040,-0.1842000,-0.0257000,9.4932000,59.5551000,62.4161000,66.5512000,-40.8710000,-12.2390000,6.5960000,0.000000,0,0,0
6.050,-0.1878000,-0.0114000,9.6397000,62.8662000,64.5828000,54.8706000,-40.9770000,-12.1640000,5.8760000,0.000000,0,0,0
6.060,-0.1890000,0.0126000,9.6433000,62.3779000,64.8651000,54.8096000,-40.9920000,-12.2440000,5.8840000,0.000000,0,0,0
6.070,-0.1950000,0.0353000,9.6421000,62.1109000,64.8270000,54.7485000,-40.9510000,-12.2460000,6.0000000,0.000000,0,0,0
6.080,-0.2129000,0.0413000,9.6409000,61.9507000,64.5294000,54.7638000,-40.9130000,-12.0070000,6.0270000,0.000000,0,0,0
6.090,-0.2309000,0.0353000,9.6385000,61.8134000,64.1098000,54.8630000,-40.9890000,-11.8750000,6.4460000,0.000000,0,0,0
6.100,-0.2417000,0.0245000,9.6361000,61.7294000,64.0335000,54.8859000,-40.9950000,-12.0960000,6.3320000,0.000000,0,0,0
6.110,-0.2488000,0.0257000,9.6361000,61.7065000,64.2166000,54.7714000,-40.9490000,-11.8850000,6.2360000,0.000000,0,0,0
6.120,-0.2417000,0.0437000,9.6361000,61.6150000,64.4150000,54.4739000,-41.1550000,-11.9040000,6.9440000,0.000000,0,0,0
6.130,-0.2333000,0.0664000,9.6361000,61.3403000,64.7125000,53.9474000,-41.1260000,-11.6670000,6.6320000,0.000000,0,0,0
6.140,-0.2261000,0.0819000,9.6349000,60.9665000,64.9719000,53.2684000,-40.9520000,-11.6860000,6.7760000,0.000000,0,0,0
6.150,-0.2249000,0.0796000,9.6349000,60.7071000,65.0635000,52.5665000,-40.8080000,-11.5980000,6.4580000,0.000000,0,0,0
6.160,-0.2393000,0.0556000,9.6385000,60.7147000,64.8727000,51.9104000,-41.1420000,-11.9120000,5.8480000,0.000000,0,0,0
6.170,-0.2428000,0.0353000,9.6421000,61.0428000,64.6362000,51.2924000,-41.2310000,-11.5700000,5.3450000,0.000000,0,0,0
6.180,-0.2428000,0.0317000,9.6481000,61.5082000,64.5370000,50.6668000,-41.4500000,-11.4380000,6.2310000,0.000000,0,0,0
6.190,-0.2464000,0.0293000,9.6529000,61.8668000,64.5523000,50.0183000,-41.4520000,-11.2390000,5.8810000,0.000000,0,0,0
6.200,-0.2500000,0.0269000,9.6505000,61.9736000,64.7354000,49.3164000,-41.2420000,-11.6890000,6.0240000,0.000000,0,0,0
6.210,-0.2596000,0.0317000,9.6421000,61.8820000,65.0711000,48.6221000,-41.3910000,-11.4790000,6.0110000,0.000000,0,0,0
6.220,-0.2823000,0.0305000,9.6349000,61.6760000,65.1855000,48.1949000,-41.3410000,-11.3070000,5.8960000,0.000000,0,0,0
6.230,-0.3003000,0.0161000,9.6325000,61.5082000,65.0482000,48.0881000,-41.1600000,-10.8080000,5.5950000,0.000000,0,0,0
6.240,-0.2991000,-0.0006000,9.6361000,61.5082000,64.8270000,48.0652000,-41.5970000,-10.8870000,5.8080000,0.000000,0,0,0
6.250,-0.2823000,-0.0161000,9.6409000,61.7142000,64.5981000,47.8210000,-41.3190000,-10.9400000,5.2910000,0.000000,0,0,0
6.260,-0.2644000,-0.0173000,9.6433000,62.1185000,64.3768000,47.2794000,-41.5070000,-10.5030000,5.6660000,0.000000,0,0,0
6.270,-0.2548000,0.0161000,9.6433000,62.4771000,64.3845000,46.6309000,-41.3900000,-10.6070000,5.9370000,0.000000,0,0,0
6.280,-0.2536000,0.0676000,9.6457000,62.5763000,64.3768000,46.1349000,-41.5210000,-10.7600000,5.6900000,0.000000,0,0,0
6.290,-0.2512000,0.1011000,9.6457000,62.3245000,64.2014000,45.7153000,-41.5310000,-10.6780000,6.1390000,0.000000,0,0,0
6.300,-0.2584000,0.1119000,9.6433000,61.8210000,64.1556000,45.1736000,-41.6850000,-10.7310000,6.8340000,0.000000,0,0,0
6.310,-0.2680000,0.1202000,9.6397000,61.2946000,64.3158000,44.4794000,-41.5510000,-10.0220000,6.8210000,0.000000,0,0,0
6.320,-0.2740000,0.1310000,9.6385000,60.9207000,64.3768000,43.6859000,-41.9610000,-10.1310000,6.7680000,0.000000,0,0,0
6.330,-0.2847000,0.1358000,9.6361000,60.7071000,64.4608000,42.9688000,-41.8180000,-9.9810000,6.7670000,0.000000,0,0,0
6.340,-0.3015000,0.1274000,9.6397000,60.4477000,64.7049000,42.5720000,-42.1520000,-9.9780000,6.7630000,0.000000,0,0,0
6.350,-0.3039000,0.1119000,9.6409000,60.0357000,65.1016000,42.4652000,-41.6780000,-9.5450000,6.5050000,0.000000,0,0,0
6.360,-0.3003000,0.1011000,9.6469000,59.6237000,65.6433000,42.3584000,-41.7730000,-10.0300000,6.3840000,0.000000,0,0,0
6.370,-0.3063000,0.1047000,9.6529000,59.3643000,66.1774000,42.1219000,-41.9420000,-9.6380000,6.2670000,0.000000,0,0,0
6.380,-0.3122000,0.1154000,9.6552000,59.2499000,66.5817000,41.7862000,-41.9120000,-9.1960000,6.8010000,0.000000,0,0,0
6.390,-0.3278000,0.1130000,9.6541000,59.3338000,66.6046000,41.5115000,-42.0100000,-9.1730000,6.6980000,0.000000,0,0,0
6.400,-0.3338000,0.0843000,9.6469000,59.6237000,66.1774000,41.3055000,-42.0250000,-9.1660000,6.9620000,0.000000,0,0,0
6.410,-0.3266000,0.0604000,9.6457000,60.0891000,65.6052000,41.0156000,-42.0250000,-9.0450000,6.7560000,0.000000,0,0,0
6.420,-0.3134000,0.0796000,9.6469000,60.6308000,65.0330000,40.5197000,-42.0390000,-8.9520000,6.6740000,0.000000,0,0,0
6.430,-0.3074000,0.1286000,9.6517000,61.1038000,64.5981000,39.9094000,-42.1910000,-8.7660000,6.1900000,0.000000,0,0,0
6.440,-0.3182000,0.1800000,9.6576000,61.4166000,64.3997000,39.4211000,-41.8920000,-8.4780000,6.7180000,0.000000,0,0,0
6.450,-0.3314000,0.2135000,9.6660000,61.5463000,64.4531000,39.1693000,-41.9670000,-8.4750000,7.0960000,0.000000,0,0,0
6.460,-0.3338000,0.2279000,9.6732000,61.5387000,64.6896000,39.0091000,-42.0460000,-8.4760000,6.1500000,0.000000,0,0,0
6.470,-0.3230000,0.2315000,9.6780000,61.4471000,64.9796000,38.6963000,-42.0830000,-8.4840000,6.9310000,0.000000,0,0,0
6.480,-0.3015000,0.2399000,9.6744000,61.3480000,65.1627000,38.1088000,-42.2740000,-8.5750000,6.7030000,0.000000,0,0,0
6.490,-0.2895000,0.2518000,9.6660000,61.3251000,65.1932000,37.2925000,-42.4830000,-8.0580000,6.5420000,0.000000,0,0,0
6.500,-0.3003000,0.2482000,9.6648000,61.4243000,65.0864000,36.4761000,-42.5590000,-8.2580000,6.2740000,0.000000,0,0,0
6.510,-0.3338000,0.2291000,9.6684000,61.6302000,64.9490000,35.9650000,-42.3890000,-7.9570000,6.2980000,0.000000,0,0,0
6.520,-0.3732000,0.2111000,9.6708000,62.0422000,64.7736000,35.9116000,-42.6510000,-7.6730000,5.9340000,0.000000,0,0,0
6.530,-0.4127000,0.2267000,9.6648000,62.6373000,64.4608000,36.3922000,-42.4500000,-7.6360000,6.3960000,0.000000,0,0,0
6.540,-0.4378000,0.2530000,9.6445000,63.1561000,64.1022000,37.4603000,-42.2890000,-7.6540000,6.3960000,0.000000,0,0,0
6.550,-0.4498000,0.2590000,9.6277000,63.4460000,63.8733000,38.9938000,-42.3900000,-7.3970000,6.2120000,0.000000,0,0,0
6.560,-0.4402000,0.2494000,9.6206000,63.5147000,63.8123000,40.6036000,-42.3860000,-7.2700000,6.8590000,0.000000,0,0,0
6.570,-0.4163000,0.2327000,9.6229000,63.4003000,63.8580000,41.9769000,-42.1990000,-7.4490000,6.2520000,0.000000,0,0,0
6.580,-0.3924000,0.2028000,9.6265000,62.9807000,64.0564000,42.9916000,-42.3150000,-7.0620000,6.3590000,0.000000,0,0,0
6.590,-0.3924000,0.1573000,9.6337000,61.7981000,64.6896000,43.8004000,-42.3950000,-7.0350000,5.9420000,0.000000,0,0,0
6.600,-0.4163000,0.1477000,9.6505000,60.9131000,65.3458000,43.9682000,-42.5880000,-6.8550000,6.9800000,0.000000,0,0,0
6.610,-0.4450000,0.1788000,9.6684000,60.2036000,66.0248000,43.9987000,-42.7370000,-6.7950000,5.7270000,0.000000,0,0,0
6.620,-0.4630000,0.2375000,9.6708000,59.8145000,66.3757000,44.1437000,-42.5180000,-6.5530000,5.9660000,0.000000,0,0,0
6.630,-0.4510000,0.2710000,9.6588000,59.7458000,66.2842000,44.6472000,-42.8750000,-6.6310000,5.6450000,0.000000,0,0,0
6.640,-0.4163000,0.2494000,9.6433000,59.8526000,65.9409000,45.6085000,-42.9330000,-6.6040000,6.0640000,0.000000,0,0,0
6.650,-0.3900000,0.1753000,9.6337000,59.9136000,65.6891000,46.9589000,-42.8050000,-6.8280000,5.8480000,0.000000,0,0,0
6.660,-0.3756000,0.0867000,9.6313000,59.7382000,65.7806000,48.4848000,-42.6290000,-6.5570000,6.6190000,0.000000,0,0,0
6.670,-0.3936000,0.0185000,9.6409000,59.3033000,66.2460000,49.9115000,-42.5670000,-6.3510000,6.2270000,0.000000,0,0,0
6.680,-0.4438000,-0.0138000,9.6648000,58.8684000,66.7877000,51.0025000,-42.6220000,-6.1820000,7.0010000,0.000000,0,0,0
6.690,-0.5036000,-0.0066000,9.6864000,58.7616000,66.9250000,51.6281000,-42.5100000,-6.2570000,7.4050000,0.000000,0,0,0
6.700,-0.5527000,0.0353000,9.6887000,59.1278000,66.4368000,51.7731000,-42.5200000,-6.3910000,6.4440000,0.000000,0,0,0
6.710,-0.5838000,0.1178000,9.6672000,59.8450000,65.3305000,51.4526000,-42.7170000,-6.1490000,6.1560000,0.000000,0,0,0
6.720,-0.5850000,0.2255000,9.6301000,60.4477000,64.1327000,50.8194000,-42.5860000,-6.0830000,6.4010000,0.000000,0,0,0
6.730,-0.5670000,0.3212000,9.6062000,60.4477000,63.3850000,50.0031000,-42.6410000,-5.9080000,7.0570000,0.000000,0,0,0
6.740,-0.5479000,0.3762000,9.6038000,59.8068000,63.1561000,49.0646000,-42.8380000,-5.9190000,6.6280000,0.000000,0,0,0
6.750,-0.5312000,0.3786000,9.6229000,58.8455000,63.3698000,47.9813000,-42.8600000,-5.5940000,6.2290000,0.000000,0,0,0
6.760,-0.5228000,0.3344000,9.6517000,57.9987000,63.8504000,46.7758000,-42.8530000,-5.6230000,6.4630000,0.000000,0,0,0
6.770,-0.5323000,0.2650000,9.6852000,57.6324000,64.3311000,45.6085000,-43.0080000,-5.3850000,6.2950000,0.000000,0,0,0
6.780,-0.5491000,0.2135000,9.7163000,57.8918000,64.4913000,44.6091000,-42.8590000,-5.1840000,6.6870000,0.000000,0,0,0
6.790,-0.5670000,0.2028000,9.7318000,58.6472000,64.3005000,43.7775000,-42.6390000,-5.4010000,6.1120000,0.000000,0,0,0
6.800,-0.5646000,0.2207000,9.7139000,59.5627000,63.8504000,43.1061000,-42.4540000,-5.0200000,6.7440000,0.000000,0,0,0
6.810,-0.5431000,0.2422000,9.6588000,60.2951000,63.3087000,42.5034000,-42.9500000,-5.1760000,6.4000000,0.000000,0,0,0
6.820,-0.5144000,0.2422000,9.5823000,60.5774000,62.9959000,41.9083000,-42.6510000,-4.5140000,6.1610000,0.000000,0,0,0
6.830,-0.4857000,0.2195000,9.5344000,60.3714000,63.2858000,41.2750000,-43.0590000,-4.7810000,5.4260000,0.000000,0,0,0
6.840,-0.4773000,0.1729000,9.5488000,59.9747000,64.1479000,40.6189000,-43.1320000,-4.7160000,7.0780000,0.000000,0,0,0
6.850,-0.4845000,0.1358000,9.6146000,59.8373000,65.0406000,39.9323000,-43.3250000,-4.4370000,6.7080000,0.000000,0,0,0
6.860,-0.5024000,0.1442000,9.6887000,60.1120000,65.4755000,39.1922000,-43.2490000,-4.6330000,7.2160000,0.000000,0,0,0
6.870,-0.5168000,0.1800000,9.7354000,60.6461000,65.2618000,38.4445000,-43.0410000,-4.4300000,6.9270000,0.000000,0,0,0
6.880,-0.5192000,0.2040000,9.7366000,61.2106000,64.4455000,37.8036000,-43.3270000,-4.2340000,7.0300000,0.000000,0,0,0
6.890,-0.5048000,0.2004000,9.7019000,61.5997000,63.3926000,37.3459000,-43.1510000,-3.8090000,6.6900000,0.000000,0,0,0
6.900,-0.4797000,0.1956000,9.6541000,61.6989000,62.5153000,36.9415000,-42.9490000,-3.4530000,6.8980000,0.000000,0,0,0
6.910,-0.4606000,0.2243000,9.6301000,61.5768000,62.1719000,36.3693000,-43.1990000,-3.6250000,6.5260000,0.000000,0,0,0
6.920,-0.4618000,0.2817000,9.6529000,61.4700000,62.4008000,35.5835000,-43.1920000,-3.2880000,7.1630000,0.000000,0,0,0
6.930,-0.4797000,0.3523000,9.7127000,61.6455000,62.9349000,34.8663000,-42.9970000,-3.1490000,7.0080000,0.000000,0,0,0
6.940,-0.5132000,0.4049000,9.7761000,62.2101000,63.3163000,34.5688000,-43.0450000,-3.4350000,7.2080000,0.000000,0,0,0
6.950,-0.5515000,0.4109000,9.8215000,62.9959000,63.2477000,34.9274000,-43.0070000,-3.0730000,7.1870000,0.000000,0,0,0
6.960,-0.5706000,0.3810000,9.8299000,63.7512000,62.9120000,35.8124000,-43.0980000,-3.1290000,6.8060000,0.000000,0,0,0
6.970,-0.5599000,0.3439000,9.7928000,64.3616000,62.5305000,36.8195000,-43.0200000,-3.2450000,6.7470000,0.000000,0,0,0
6.980,-0.5300000,0.3188000,9.7414000,64.7736000,62.3169000,37.5366000,-43.5280000,-2.9700000,6.6490000,0.000000,0,0,0
6.990,-0.5096000,0.3296000,9.7067000,65.0024000,62.5076000,37.9257000,-43.1760000,-2.7680000,6.4860000,0.000000,0,0,0
7.000,-0.5156000,0.3571000,9.7007000,65.1779000,62.9349000,38.2996000,-43.5950000,-2.3330000,6.6670000,0.000000,0,0,0
7.010,-0.5419000,0.3607000,9.7043000,65.4755000,63.1561000,39.1006000,-43.3300000,-2.3330000,6.0050000,0.000000,0,0,0
7.020,-0.5718000,0.3152000,9.6995000,66.0019000,62.9120000,40.5579000,-43.2420000,-2.0840000,6.3170000,0.000000,0,0,0
7.030,-0.5838000,0.2458000,9.6768000,66.5817000,62.3169000,42.5034000,-43.3700000,-2.0070000,5.5940000,0.000000,0,0,0
7.040,-0.5718000,0.1992000,9.6397000,66.9556000,61.7371000,44.4183000,-43.6880000,-1.9370000,6.2480000,0.000000,0,0,0
7.050,-0.5467000,0.2076000,9.5859000,66.9403000,61.5005000,45.8221000,-43.4470000,-2.1850000,6.0660000,0.000000,0,0,0
7.060,-0.5120000,0.2698000,9.5392000,66.4825000,61.6455000,46.3486000,-43.1680000,-1.7370000,6.4400000,0.000000,0,0,0
7.070,-0.4845000,0.3595000,9.5380000,65.7120000,62.2482000,45.8527000,-43.4000000,-1.3810000,6.4170000,0.000000,0,0,0
7.080,-0.4833000,0.4396000,9.5667000,64.8499000,63.1104000,44.7083000,-43.3740000,-1.4210000,6.2510000,0.000000,0,0,0
7.090,-0.5036000,0.4935000,9.6038000,64.0411000,63.9191000,43.4189000,-43.3790000,-1.3810000,6.2100000,0.000000,0,0,0
7.100,-0.5252000,0.5150000,9.6385000,63.3926000,64.4608000,42.3737000,-43.3590000,-1.3110000,5.8880000,0.000000,0,0,0
7.110,-0.5455000,0.4959000,9.6588000,62.9501000,64.7049000,41.6946000,-43.2240000,-1.1700000,5.2970000,0.000000,0,0,0
7.120,-0.5623000,0.4468000,9.6696000,62.7899000,64.7049000,41.4047000,-43.5000000,-0.9220000,6.6110000,0.000000,0,0,0
7.130,-0.5694000,0.3990000,9.6732000,62.9349000,64.5065000,41.3437000,-43.1530000,-0.7080000,6.1480000,0.000000,0,0,0
7.140,-0.5670000,0.3655000,9.6672000,63.2324000,64.1479000,41.2750000,-43.5470000,-0.7390000,6.0830000,0.000000,0,0,0
7.150,-0.5682000,0.3463000,9.6600000,63.4995000,63.6749000,40.9927000,-43.1080000,-0.7060000,5.7560000,0.000000,0,0,0
7.160,-0.5694000,0.3368000,9.6660000,63.6444000,63.3545000,40.3976000,-43.3560000,-0.4720000,6.3400000,0.000000,0,0,0
7.170,-0.5706000,0.3356000,9.6780000,63.6749000,63.1332000,39.4821000,-43.1540000,-0.4580000,6.3540000,0.000000,0,0,0
7.180,-0.5814000,0.3451000,9.6804000,63.6215000,62.7670000,38.3453000,-43.4590000,-0.3970000,7.3060000,0.000000,0,0,0
7.190,-0.5874000,0.4133000,9.6612000,63.1714000,62.1567000,36.5448000,-43.3170000,-0.0530000,6.3660000,0.000000,0,0,0
7.200,-0.5754000,0.4624000,9.6373000,62.4542000,61.9507000,35.4462000,-43.2410000,0.0740000,7.2230000,0.000000,0,0,0
7.210,-0.5730000,0.4755000,9.6062000,61.5158000,61.7676000,34.5612000,-43.4490000,0.1030000,5.8420000,0.000000,0,0,0
7.220,-0.5850000,0.4492000,9.5895000,60.5392000,61.6608000,33.8974000,-43.4410000,0.4700000,6.2050000,0.000000,0,0,0
7.230,-0.5993000,0.4097000,9.5906000,59.6390000,61.7294000,33.3710000,-43.3020000,0.4440000,6.0850000,0.000000,0,0,0
7.240,-0.6113000,0.3882000,9.6026000,58.9600000,61.8286000,32.9208000,-43.4140000,0.5620000,6.2100000,0.000000,0,0,0
7.250,-0.6137000,0.4037000,9.6194000,58.6090000,61.6531000,32.6385000,-43.2370000,0.8030000,6.1040000,0.000000,0,0,0
7.260,-0.6065000,0.4396000,9.6253000,58.5709000,61.0962000,32.7225000,-43.4620000,1.0320000,6.4010000,0.000000,0,0,0
7.270,-0.6209000,0.4600000,9.5835000,58.6319000,60.1196000,33.3633000,-43.5020000,1.1210000,5.9100000,0.000000,0,0,0
7.280,-0.7082000,0.4109000,9.4854000,58.1436000,59.0057000,34.7977000,-43.2560000,1.3180000,6.5860000,0.000000,0,0,0
7.290,-0.8278000,0.2817000,9.4256000,56.5186000,59.1507000,37.0789000,-43.3500000,1.1300000,5.7530000,0.000000,0,0,0
7.300,-0.9044000,0.1453000,9.4351000,54.3289000,61.3174000,39.3906000,-43.5120000,1.3620000,6.1420000,0.000000,0,0,0
7.310,-0.9367000,0.0987000,9.4890000,52.9099000,63.7512000,40.7257000,-43.1620000,1.5830000,5.6350000,0.000000,0,0,0
7.320,-0.9463000,0.1585000,9.5548000,53.0930000,64.5752000,40.7639000,-43.2470000,1.3840000,5.7200000,0.000000,0,0,0
7.330,-0.9415000,0.2781000,9.5966000,54.5883000,63.7589000,40.0620000,-43.0970000,1.7580000,5.8040000,0.000000,0,0,0
7.340,-0.9104000,0.3822000,9.6229000,56.5491000,62.3169000,39.4745000,-43.2430000,1.5460000,5.5970000,0.000000,0,0,0
7.350,-0.8625000,0.4241000,9.6349000,58.2428000,61.1496000,39.4974000,-43.4450000,1.6890000,5.7860000,0.000000,0,0,0
7.360,-0.7860000,0.4157000,9.6182000,59.2041000,60.7529000,40.1077000,-43.5580000,1.9500000,5.9020000,0.000000,0,0,0
7.370,-0.6723000,0.3846000,9.5871000,59.3948000,61.0733000,40.8020000,-43.5050000,2.0820000,5.4750000,0.000000,0,0,0
7.380,-0.5551000,0.3523000,9.5572000,59.0134000,61.7676000,40.9698000,-43.6280000,2.2890000,6.6110000,0.000000,0,0,0
7.390,-0.4402000,0.3380000,9.5607000,58.4488000,62.6373000,40.2756000,-43.3710000,2.2450000,6.4480000,0.000000,0,0,0
7.400,-0.3362000,0.3667000,9.6050000,58.1589000,63.5910000,38.6734000,-43.6300000,2.5550000,6.3880000,0.000000,0,0,0
7.410,-0.2751000,0.4384000,9.6899000,58.5327000,64.3387000,36.4151000,-43.3870000,2.7270000,6.7160000,0.000000,0,0,0
7.420,-0.2751000,0.5329000,9.7785000,59.4559000,64.6744000,34.1568000,-43.3750000,2.7670000,6.5850000,0.000000,0,0,0
7.430,-0.3326000,0.6071000,9.8395000,60.2036000,64.6973000,32.5928000,-43.1580000,3.0850000,6.5220000,0.000000,0,0,0
7.440,-0.4534000,0.6131000,9.8778000,59.9747000,64.7278000,32.2189000,-43.3340000,3.0020000,6.7030000,0.000000,0,0,0
7.450,-0.6173000,0.5473000,9.8981000,58.7082000,64.6667000,33.2642000,-43.3010000,3.4530000,6.6790000,0.000000,0,0,0
7.460,-0.7668000,0.4576000,9.9089000,57.1747000,63.7589000,35.3165000,-43.4590000,3.2290000,6.1020000,0.000000,0,0,0
7.470,-0.8661000,0.3858000,9.9136000,56.3889000,61.2106000,37.5977000,-43.2610000,3.3700000,6.1160000,0.000000,0,0,0
7.480,-0.9092000,0.3403000,9.8921000,56.5567000,57.7621000,39.3372000,-43.5160000,3.5250000,6.0570000,0.000000,0,0,0
7.490,-0.8972000,0.3427000,9.8311000,57.1976000,54.6265000,40.0085000,-43.3970000,4.1190000,5.8850000,0.000000,0,0,0
7.500,-0.8422000,0.3882000,9.7725000,57.8156000,52.7954000,39.6118000,-43.5570000,3.4540000,6.3480000,0.000000,0,0,0
7.510,-0.7596000,0.4456000,9.7426000,58.3267000,52.5360000,38.6200000,-43.5150000,3.9210000,6.0040000,0.000000,0,0,0
7.520,-0.6735000,0.4887000,9.7330000,58.8684000,53.3218000,37.6511000,-43.4050000,3.9380000,6.3630000,0.000000,0,0,0
7.530,-0.6017000,0.5150000,9.7270000,59.5093000,54.6265000,37.2391000,-43.6870000,4.2520000,5.8550000,0.000000,0,0,0
7.540,-0.5419000,0.5306000,9.7127000,59.9442000,55.8548000,37.3077000,-43.5360000,4.4390000,6.2720000,0.000000,0,0,0
7.550,-0.4893000,0.5318000,9.6995000,59.8297000,56.9611000,37.3993000,-43.1810000,4.3850000,5.8040000,0.000000,0,0,0
7.560,-0.4594000,0.5066000,9.6756000,59.0439000,58.3038000,37.2925000,-43.0210000,4.5540000,6.3500000,0.000000,0,0,0
7.570,-0.4594000,0.4672000,9.6600000,57.8232000,59.6771000,37.0636000,-43.3140000,4.7060000,6.5830000,0.000000,0,0,0
7.580,-0.4809000,0.4337000,9.6552000,56.6864000,60.5011000,36.9873000,-43.4770000,5.0670000,6.5310000,0.000000,0,0,0
7.590,-0.5072000,0.4169000,9.6481000,55.9540000,60.6003000,37.3154000,-43.3980000,4.9740000,6.0540000,0.000000,0,0,0
7.600,-0.5288000,0.4217000,9.6265000,55.6259000,60.3333000,38.0783000,-43.2530000,5.2700000,6.3190000,0.000000,0,0,0
7.610,-0.5431000,0.4253000,9.6122000,55.5267000,60.2188000,39.1235000,-43.2700000,5.3980000,6.4000000,0.000000,0,0,0
7.620,-0.5587000,0.3954000,9.6170000,55.6335000,60.4553000,40.1764000,-43.1450000,5.2580000,6.0580000,0.000000,0,0,0
7.630,-0.5742000,0.3260000,9.6349000,56.1829000,60.4553000,41.0385000,-43.3070000,5.5620000,6.0060000,0.000000,0,0,0
7.640,-0.5826000,0.2422000,9.6588000,57.4112000,59.8450000,41.5497000,-43.2190000,5.7220000,6.1160000,0.000000,0,0,0
7.650,-0.5694000,0.1848000,9.6887000,59.0973000,59.0210000,41.5802000,-43.2260000,5.7100000,5.2760000,0.000000,0,0,0
7.660,-0.5359000,0.2016000,9.7151000,60.7834000,58.2504000,41.0995000,-43.4190000,5.6790000,6.1780000,0.000000,0,0,0
7.670,-0.4797000,0.3009000,9.7306000,61.9659000,57.7316000,40.2527000,-43.3100000,5.8170000,5.5740000,0.000000,0,0,0
7.680,-0.4187000,0.4432000,9.7294000,62.2253000,57.7316000,39.4287000,-43.2530000,6.1490000,5.5840000,0.000000,0,0,0
7.690,-0.3828000,0.5581000,9.7103000,61.4319000,58.3572000,39.1312000,-43.3810000,6.3140000,5.4310000,0.000000,0,0,0
7.700,-0.3768000,0.6059000,9.6911000,59.8297000,59.2804000,39.5813000,-43.4030000,6.6230000,5.8130000,0.000000,0,0,0
7.710,-0.3744000,0.5712000,9.6864000,57.9224000,60.3943000,40.4129000,-43.1070000,6.4890000,5.0770000,0.000000,0,0,0
7.720,-0.3960000,0.4791000,9.6947000,56.2286000,61.5234000,41.2598000,-42.9310000,6.6580000,5.8360000,0.000000,0,0,0
7.730,-0.4187000,0.3906000,9.7127000,55.1529000,62.3016000,41.9998000,-43.1920000,6.6840000,6.4320000,0.000000,0,0,0
7.740,-0.4426000,0.3272000,9.7342000,54.7791000,62.4466000,42.6102000,-42.8680000,6.8370000,5.3390000,0.000000,0,0,0
7.750,-0.4725000,0.2781000,9.7462000,54.9545000,61.7752000,43.1976000,-42.9550000,7.1520000,6.3180000,0.000000,0,0,0
7.760,-0.4893000,0.2458000,9.7438000,55.4123000,60.3943000,43.7164000,-42.7740000,7.1260000,6.3050000,0.000000,0,0,0
7.770,-0.4905000,0.2470000,9.7258000,55.8472000,58.8989000,44.0445000,-42.7570000,7.1510000,5.8140000,0.000000,0,0,0
7.780,-0.4701000,0.2734000,9.6971000,55.9464000,57.8461000,44.1895000,-43.0310000,7.4500000,5.8530000,0.000000,0,0,0
7.790,-0.4486000,0.3009000,9.6732000,55.6488000,57.2968000,44.2123000,-42.8210000,7.4530000,6.1350000,0.000000,0,0,0
7.800,-0.4163000,0.3104000,9.6612000,54.6646000,57.3959000,44.0445000,-42.8490000,7.4330000,6.1070000,0.000000,0,0,0
7.810,-0.4079000,0.2865000,9.6636000,53.9551000,57.6782000,43.8080000,-43.1760000,7.5360000,6.2440000,0.000000,0,0,0
7.820,-0.4031000,0.2327000,9.6732000,53.3752000,57.7850000,43.1671000,-43.0090000,7.7120000,5.7070000,0.000000,0,0,0
7.830,-0.3984000,0.1669000,9.6744000,52.8336000,57.9071000,41.8625000,-42.9870000,7.9200000,5.2540000,0.000000,0,0,0
7.840,-0.3852000,0.1453000,9.6648000,52.2919000,58.1894000,39.9170000,-42.8900000,8.1390000,5.7930000,0.000000,0,0,0
7.850,-0.3625000,0.1896000,9.6612000,51.7044000,58.6548000,37.5824000,-42.5050000,8.0450000,5.2190000,0.000000,0,0,0
7.860,-0.3481000,0.2614000,9.6600000,50.9262000,59.3948000,35.4767000,-42.3990000,8.1290000,5.8720000,0.000000,0,0,0
7.870,-0.3517000,0.3116000,9.6612000,50.0259000,60.2417000,34.1492000,-42.9090000,8.4660000,5.8010000,0.000000,0,0,0
7.880,-0.3637000,0.3224000,9.6744000,49.2935000,61.1801000,33.7372000,-42.5400000,8.3320000,4.8810000,0.000000,0,0,0
7.890,-0.3888000,0.2913000,9.6840000,49.0112000,62.0422000,34.1034000,-42.7290000,8.4890000,5.3930000,0.000000,0,0,0
7.900,-0.4115000,0.2303000,9.6959000,49.2859000,62.5305000,34.9350000,-42.6250000,8.4270000,5.2670000,0.000000,0,0,0
7.910,-0.4247000,0.1621000,9.7043000,50.0259000,62.5916000,35.7971000,-42.5100000,8.7870000,5.1120000,0.000000,0,0,0
7.920,-0.4271000,0.1107000,9.7031000,50.9262000,62.1109000,36.3541000,-42.8220000,8.8120000,5.3910000,0.000000,0,0,0
7.930,-0.4163000,0.0915000,9.6995000,51.5671000,61.1954000,36.4761000,-42.6080000,9.0130000,5.4850000,0.000000,0,0,0
7.940,-0.3984000,0.1083000,9.6864000,51.5213000,60.3943000,36.1786000,-42.7000000,9.3810000,5.2500000,0.000000,0,0,0
7.950,-0.3816000,0.1453000,9.6684000,50.6592000,60.0967000,35.6293000,-42.2860000,9.6090000,5.2030000,0.000000,0,0,0
7.960,-0.3732000,0.1812000,9.6576000,49.3011000,60.3256000,35.0342000,-42.3300000,9.6950000,5.6010000,0.000000,0,0,0
7.970,-0.3768000,0.1944000,9.6600000,48.0118000,60.7834000,34.5078000,-42.1580000,9.7460000,5.4930000,0.000000,0,0,0
7.980,-0.3888000,0.1741000,9.6840000,47.3328000,61.1649000,34.2255000,-42.3470000,10.1040000,5.7840000,0.000000,0,0,0
7.990,-0.4091000,0.1154000,9.7175000,47.5159000,61.3022000,34.3552000,-42.1690000,9.9720000,5.1530000,0.000000,0,0,0
8.000,-0.4091000,0.0209000,9.7318000,48.5077000,61.1649000,34.8816000,-42.2520000,10.1050000,5.9930000,0.000000,0,0,0
8.010,-0.3876000,-0.0724000,9.7163000,49.9649000,60.9741000,35.3928000,-41.9180000,10.0750000,6.0310000,0.000000,0,0,0
8.020,-0.3529000,-0.1394000,9.6911000,51.5060000,60.6766000,35.4767000,-42.3040000,10.5260000,6.1670000,0.000000,0,0,0
8.030,-0.3194000,-0.1848000,9.6696000,52.9022000,60.2264000,35.1410000,-41.8460000,10.2740000,6.2260000,0.000000,0,0,0
8.040,-0.2955000,-0.2159000,9.6672000,54.1077000,59.8373000,34.5688000,-42.1550000,10.4600000,5.7880000,0.000000,0,0,0
8.050,-0.2656000,-0.2147000,9.6899000,55.1376000,59.8526000,33.8211000,-41.7480000,10.8550000,5.8330000,0.000000,0,0,0
8.060,-0.2440000,-0.1872000,9.7258000,55.9769000,60.3180000,32.6996000,-42.0100000,10.6420000,6.1630000,0.000000,0,0,0
8.070,-0.2285000,-0.1453000,9.7653000,56.7703000,61.0580000,31.0364000,-41.6220000,11.2700000,5.4730000,0.000000,0,0,0
8.080,-0.2141000,-0.0807000,9.8096000,57.7164000,61.8820000,28.9612000,-41.5440000,11.0180000,5.5730000,0.000000,0,0,0
8.090,-0.1926000,0.0030000,9.8538000,58.9294000,62.6373000,26.8631000,-41.6420000,11.7590000,6.3960000,0.000000,0,0,0
8.100,-0.1639000,0.0915000,9.8861000,60.4019000,63.2477000,25.1007000,-41.5560000,11.9540000,5.1740000,0.000000,0,0,0
8.110,-0.1495000,0.1681000,9.8885000,62.0880000,63.4155000,24.0173000,-41.2880000,12.0660000,5.9510000,0.000000,0,0,0
8.120,-0.1436000,0.2255000,9.8610000,63.7207000,63.1790000,23.8037000,-41.0620000,11.9680000,5.6810000,0.000000,0,0,0
8.130,-0.1352000,0.2590000,9.8096000,65.0558000,62.7823000,24.3683000,-40.8560000,12.1540000,6.0480000,0.000000,0,0,0
8.140,-0.1340000,0.2566000,9.7462000,65.9866000,62.4237000,25.5585000,-40.7510000,12.2190000,5.4930000,0.000000,0,0,0
8.150,-0.1436000,0.2291000,9.6756000,66.6962000,62.1338000,27.2751000,-40.7880000,12.3300000,5.7250000,0.000000,0,0,0
8.160,-0.1495000,0.1968000,9.6038000,67.4744000,61.7599000,29.2587000,-40.9750000,12.4290000,5.8970000,0.000000,0,0,0
8.170,-0.1507000,0.1645000,9.5284000,68.3136000,61.5921000,31.0287000,-40.5020000,12.8530000,5.5840000,0.000000,0,0,0
8.180,-0.1507000,0.1453000,9.4591000,68.8629000,62.1338000,32.0892000,-40.6510000,12.4460000,5.2830000,0.000000,0,0,0
8.190,-0.1436000,0.1501000,9.4184000,68.7561000,63.6444000,32.1960000,-40.6340000,12.8300000,5.6940000,0.000000,0,0,0
8.200,-0.1567000,0.1645000,9.4124000,67.9779000,65.9561000,31.4865000,-40.7660000,12.7040000,5.7710000,0.000000,0,0,0
8.210,-0.1938000,0.1717000,9.4124000,66.7267000,68.4814000,30.1514000,-40.0830000,13.5440000,5.2240000,0.000000,0,0,0
8.220,-0.2584000,0.1621000,9.4196000,65.2008000,70.6253000,28.5568000,-40.0060000,13.5550000,5.5180000,0.000000,0,0,0
8.230,-0.3493000,0.1609000,9.4447000,63.6368000,71.9299000,27.2217000,-40.0380000,13.7160000,5.7480000,0.000000,0,0,0
8.240,-0.4414000,0.1860000,9.4782000,62.0728000,72.1970000,26.3824000,-40.1450000,14.1120000,5.9930000,0.000000,0,0,0
8.250,-0.5120000,0.2231000,9.5009000,60.3943000,71.3120000,26.1078000,-39.7320000,14.1230000,5.5290000,0.000000,0,0,0
8.260,-0.5658000,0.2470000,9.5009000,58.4869000,69.3893000,26.4282000,-40.0580000,14.5910000,6.0820000,0.000000,0,0,0
8.270,-0.6065000,0.2530000,9.4938000,56.3736000,67.1844000,27.2064000,-39.6540000,14.5990000,6.0420000,0.000000,0,0,0
8.280,-0.6137000,0.2458000,9.4734000,54.2145000,65.2237000,27.9007000,-39.5790000,14.3730000,5.6180000,0.000000,0,0,0
8.290,-0.6041000,0.2088000,9.4435000,52.2079000,63.8504000,28.0151000,-39.2710000,14.6020000,5.8360000,0.000000,0,0,0
8.300,-0.5969000,0.1561000,9.4124000,50.7584000,63.2935000,27.4124000,-39.3310000,14.8300000,6.0850000,0.000000,0,0,0
8.310,-0.5718000,0.1394000,9.4148000,50.1785000,63.3774000,26.1765000,-38.9460000,14.8720000,6.3020000,0.000000,0,0,0
8.320,-0.5431000,0.1705000,9.4626000,50.1328000,64.3539000,24.4904000,-38.8750000,14.9920000,6.2370000,0.000000,0,0,0
8.330,-0.5407000,0.2099000,9.5272000,50.2472000,65.9103000,22.9034000,-38.6100000,14.9710000,6.3150000,0.000000,0,0,0
8.340,-0.5694000,0.2147000,9.6002000,50.4074000,67.2684000,22.1558000,-38.5280000,15.2690000,6.0900000,0.000000,0,0,0
8.350,-0.6065000,0.1753000,9.6696000,50.7584000,68.1534000,22.5449000,-38.5970000,15.2730000,6.5190000,0.000000,0,0,0
8.360,-0.6400000,0.1095000,9.7222000,51.5976000,68.1229000,23.7656000,-38.4480000,15.5300000,6.0320000,0.000000,0,0,0
8.370,-0.6735000,0.0449000,9.7545000,52.9709000,67.1616000,25.1846000,-38.3190000,15.7090000,6.0640000,0.000000,0,0,0
8.380,-0.6927000,0.0233000,9.7653000,54.7180000,65.5136000,26.1612000,-38.3510000,16.0880000,6.5550000,0.000000,0,0,0
8.390,-0.6831000,0.0592000,9.7581000,56.4957000,63.5223000,26.4511000,-38.1830000,16.2860000,6.2310000,0.000000,0,0,0
8.400,-0.6580000,0.1250000,9.7270000,57.7469000,61.7065000,26.1536000,-38.0300000,16.1360000,6.3090000,0.000000,0,0,0
8.410,-0.6424000,0.1669000,9.6792000,58.0139000,60.5774000,25.6805000,-38.0290000,16.4330000,5.6010000,0.000000,0,0,0
8.420,-0.6436000,0.1465000,9.6277000,56.7398000,60.2188000,25.6042000,-37.8770000,16.2180000,5.9680000,0.000000,0,0,0
8.430,-0.6269000,0.1358000,9.6301000,55.2902000,60.4782000,25.9094000,-37.4540000,16.3990000,6.2590000,0.000000,0,0,0
8.440,-0.5886000,0.1645000,9.6421000,53.8025000,60.6537000,26.1917000,-37.5690000,16.5280000,6.2980000,0.000000,0,0,0
8.450,-0.5467000,0.2076000,9.6313000,52.5894000,60.3867000,26.5808000,-37.4170000,16.6940000,5.4880000,0.000000,0,0,0
8.460,-0.4977000,0.2411000,9.6158000,51.6586000,60.4401000,27.3743000,-37.2880000,16.6370000,5.6500000,0.000000,0,0,0
8.470,-0.4510000,0.2446000,9.6014000,51.1322000,61.3632000,28.6102000,-36.9150000,17.1130000,5.6210000,0.000000,0,0,0
8.480,-0.4402000,0.1776000,9.5906000,51.2466000,62.5763000,30.1743000,-37.0960000,16.8450000,5.9500000,0.000000,0,0,0
8.490,-0.4450000,0.0604000,9.6002000,52.0477000,63.8733000,31.8222000,-37.0200000,17.1880000,6.2440000,0.000000,0,0,0
8.500,-0.4522000,-0.0568000,9.6253000,53.4058000,65.0406000,33.2108000,-36.7990000,16.9560000,5.8310000,0.000000,0,0,0
8.510,-0.4689000,-0.1394000,9.6624000,55.0995000,65.5441000,34.1263000,-37.0900000,17.2760000,5.6610000,0.000000,0,0,0
8.520,-0.4953000,-0.1788000,9.6959000,56.8085000,65.2771000,34.6298000,-37.2270000,17.3750000,6.8470000,0.000000,0,0,0
8.530,-0.5395000,-0.2327000,9.7234000,57.9605000,64.4608000,34.9731000,-36.9690000,17.2300000,6.9510000,0.000000,0,0,0
8.540,-0.6065000,-0.4217000,9.8120000,57.4417000,63.6444000,35.8963000,-36.8220000,17.4080000,7.2190000,0.000000,0,0,0
8.550,-0.6639000,-0.5712000,9.9663000,55.4276000,63.9420000,37.3077000,-36.5320000,17.6270000,7.0080000,0.000000,0,0,0
8.560,-0.6532000,-0.5318000,10.0931000,54.0466000,64.3387000,37.7350000,-36.5700000,17.8270000,6.9620000,0.000000,0,0,0
8.570,-0.6245000,-0.3906000,10.1062000,54.6875000,63.5529000,36.4761000,-36.3460000,17.4750000,6.6650000,0.000000,0,0,0
8.580,-0.6316000,-0.2434000,9.9842000,56.8619000,62.2101000,34.4315000,-36.3410000,17.8630000,6.4250000,0.000000,0,0,0
8.590,-0.6352000,-0.0879000,9.7809000,59.3719000,61.4243000,32.7835000,-36.0790000,17.6790000,6.9080000,0.000000,0,0,0
8.600,-0.6257000,0.0640000,9.5739000,61.2640000,61.3937000,32.0282000,-36.2660000,17.8790000,6.6470000,0.000000,0,0,0
8.610,-0.6137000,0.1812000,9.4196000,61.9583000,62.0728000,32.3181000,-35.9490000,17.8320000,6.3620000,0.000000,0,0,0
8.620,-0.6041000,0.2375000,9.3454000,61.4014000,63.0646000,33.7296000,-35.8610000,18.1650000,5.7970000,0.000000,0,0,0
8.630,-0.6041000,0.2399000,9.3526000,60.0967000,63.8123000,36.2396000,-35.6160000,18.0930000,6.6590000,0.000000,0,0,0
8.640,-0.5934000,0.2064000,9.4172000,58.8684000,63.9648000,39.3295000,-35.7450000,18.3530000,6.4040000,0.000000,0,0,0
8.650,-0.5742000,0.1238000,9.5021000,57.9681000,63.4232000,42.2821000,-35.8400000,17.8550000,6.8050000,0.000000,0,0,0
8.660,-0.5563000,0.0209000,9.5930000,57.3959000,62.6678000,44.5099000,-35.6020000,18.0790000,6.2410000,0.000000,0,0,0
8.670,-0.5312000,-0.0461000,9.6648000,57.4112000,61.6913000,45.7077000,-35.3540000,18.3940000,6.1300000,0.000000,0,0,0
8.680,-0.5024000,-0.0843000,9.6828000,58.1207000,60.3409000,45.9366000,-35.3330000,18.4650000,6.2970000,0.000000,0,0,0
8.690,-0.4725000,-0.1059000,9.6337000,59.1583000,59.1812000,45.5704000,-35.3140000,18.6770000,6.3350000,0.000000,0,0,0
8.700,-0.4390000,-0.1083000,9.5488000,59.9670000,59.0973000,45.0134000,-35.0680000,18.9040000,6.6500000,0.000000,0,0,0
8.710,-0.4115000,-0.0999000,9.4686000,60.4248000,60.1196000,44.5404000,-34.8860000,18.8430000,5.7590000,0.000000,0,0,0
8.720,-0.3936000,-0.0987000,9.4280000,60.6689000,61.6989000,44.3420000,-35.1450000,18.9270000,5.8850000,0.000000,0,0,0
8.730,-0.3852000,-0.0999000,9.4292000,60.8063000,63.3087000,44.3497000,-34.7850000,18.7930000,6.4330000,0.000000,0,0,0
8.740,-0.3840000,-0.0939000,9.4567000,60.8444000,64.5065000,44.3878000,-34.7190000,18.6770000,6.1660000,0.000000,0,0,0
8.750,-0.3948000,-0.0927000,9.4926000,60.7300000,65.0787000,44.3802000,-34.7050000,18.6640000,5.5970000,0.000000,0,0,0
8.760,-0.4199000,-0.1178000,9.5213000,60.5087000,64.9796000,44.4031000,-34.7510000,19.1080000,5.7210000,0.000000,0,0,0
8.770,-0.4438000,-0.1645000,9.5440000,60.4019000,64.3692000,44.5251000,-34.5350000,18.9770000,5.8680000,0.000000,0,0,0
8.780,-0.4546000,-0.2016000,9.5619000,60.5698000,63.4918000,44.6548000,-34.4010000,19.0260000,5.6330000,0.000000,0,0,0
8.790,-0.4522000,-0.2099000,9.5775000,60.9055000,62.5076000,44.5633000,-34.4660000,19.2780000,5.6260000,0.000000,0,0,0
8.800,-0.4498000,-0.1884000,9.5978000,61.2259000,61.6989000,44.2123000,-34.4350000,19.2680000,5.9770000,0.000000,0,0,0
8.810,-0.4689000,-0.1681000,9.6301000,61.4624000,61.0504000,43.8309000,-34.3640000,19.3450000,5.7450000,0.000000,0,0,0
8.820,-0.4941000,-0.1585000,9.6732000,61.7142000,60.4706000,43.6783000,-34.3160000,19.1620000,5.1090000,0.000000,0,0,0
8.830,-0.5060000,-0.1477000,9.7067000,62.0880000,59.8450000,43.6859000,-34.0700000,19.3730000,5.4280000,0.000000,0,0,0
8.840,-0.5036000,-0.1430000,9.7246000,62.6068000,58.9752000,43.6554000,-34.3130000,19.5250000,5.7410000,0.000000,0,0,0
8.850,-0.4893000,-0.1406000,9.7414000,63.1866000,57.7850000,43.5257000,-33.7880000,19.5480000,4.9480000,0.000000,0,0,0
8.860,-0.4642000,-0.1310000,9.7593000,63.7512000,56.2744000,43.3578000,-33.9680000,19.6050000,5.7030000,0.000000,0,0,0
8.870,-0.4450000,-0.1178000,9.7617000,64.3158000,54.4815000,43.2434000,-33.9190000,19.7280000,5.6830000,0.000000,0,0,0
8.880,-0.4354000,-0.1071000,9.7414000,64.8651000,52.6352000,43.2281000,-33.9300000,19.8520000,5.0490000,0.000000,0,0,0
8.890,-0.4259000,-0.0700000,9.7007000,65.3381000,50.8194000,43.2587000,-33.8850000,19.9410000,5.8070000,0.000000,0,0,0
8.900,-0.4079000,0.0006000,9.6541000,65.4984000,49.2554000,43.3121000,-34.0400000,19.6760000,5.4180000,0.000000,0,0,0
8.910,-0.3804000,0.0736000,9.6206000,65.0482000,48.7061000,43.5333000,-34.1100000,20.0880000,5.5430000,0.000000,0,0,0
8.920,-0.3517000,0.0975000,9.6002000,64.0030000,49.4232000,44.0674000,-33.8540000,20.2160000,5.7760000,0.000000,0,0,0
8.930,-0.3182000,0.0700000,9.5930000,62.7594000,51.1780000,44.7769000,-33.8490000,19.5900000,4.8160000,0.000000,0,0,0
8.940,-0.2775000,0.0353000,9.5906000,61.7218000,53.4592000,45.3033000,-33.7810000,20.1300000,5.2740000,0.000000,0,0,0
8.950,-0.2381000,0.0102000,9.5847000,61.1801000,55.8472000,45.3720000,-34.0520000,20.1540000,5.0040000,0.000000,0,0,0
8.960,-0.2117000,0.0030000,9.5751000,61.2411000,58.0215000,44.9982000,-33.5290000,20.2690000,4.9690000,0.000000,0,0,0
8.970,-0.1926000,0.0221000,9.5643000,61.8668000,59.5474000,44.4412000,-33.4870000,20.4260000,5.3350000,0.000000,0,0,0
8.980,-0.1998000,0.0437000,9.5524000,62.8128000,60.1425000,44.0750000,-33.4430000,20.4210000,5.5140000,0.000000,0,0,0
8.990,-0.2261000,0.0556000,9.5344000,63.4689000,60.3485000,44.0063000,-33.5550000,20.6470000,4.9880000,0.000000,0,0,0
9.000,-0.2369000,0.0867000,9.5225000,63.4003000,60.7452000,44.0750000,-33.3510000,20.5330000,5.1220000,0.000000,0,0,0
9.010,-0.2428000,0.1310000,9.5428000,62.6297000,61.6226000,44.3192000,-33.1310000,20.6330000,4.7750000,0.000000,0,0,0
9.020,-0.2584000,0.1633000,9.5918000,61.5234000,63.0112000,44.8685000,-33.2170000,20.8260000,4.6950000,0.000000,0,0,0
9.030,-0.2728000,0.1884000,9.6552000,60.4553000,64.6210000,45.6009000,-32.7110000,20.7820000,4.7890000,0.000000,0,0,0
9.040,-0.2955000,0.2028000,9.7198000,59.4025000,66.2155000,46.7072000,-33.1750000,20.7180000,4.9920000,0.000000,0,0,0
9.050,-0.3290000,0.1549000,9.7234000,59.0820000,66.0095000,47.5769000,-32.9940000,20.8640000,5.0830000,0.000000,0,0,0
9.060,-0.3649000,0.0592000,9.6983000,58.7006000,65.0406000,48.7213000,-32.6710000,20.6070000,4.9470000,0.000000,0,0,0
9.070,-0.3804000,-0.0532000,9.6768000,57.8766000,64.1327000,49.8886000,-32.8240000,20.7990000,5.5380000,0.000000,0,0,0
9.080,-0.3768000,-0.1430000,9.6828000,56.6177000,63.6826000,50.5829000,-32.8290000,20.7660000,5.8990000,0.000000,0,0,0
9.090,-0.3661000,-0.1824000,9.7151000,55.2292000,63.4613000,50.4913000,-32.8470000,20.6200000,5.6860000,0.000000,0,0,0
9.100,-0.3685000,-0.1753000,9.7450000,53.9932000,63.1714000,49.8199000,-32.5610000,20.9910000,6.4230000,0.000000,0,0,0
9.110,-0.3804000,-0.1334000,9.7533000,53.1006000,62.6144000,49.0723000,-32.6720000,20.9200000,6.4600000,0.000000,0,0,0
9.120,-0.4008000,-0.0807000,9.7306000,52.7420000,61.5921000,48.8129000,-32.7810000,21.0370000,6.0180000,0.000000,0,0,0
9.130,-0.5168000,-0.0939000,9.5093000,52.4750000,59.0744000,49.3851000,-32.5460000,21.4390000,5.6390000,0.000000,0,0,0
9.140,-0.4630000,-0.0496000,9.4112000,51.1169000,58.0139000,50.2625000,-32.4050000,21.3770000,6.1670000,0.000000,0,0,0
9.150,-0.3613000,0.0437000,9.4878000,49.9878000,61.6531000,50.0946000,-32.4640000,21.0590000,6.1640000,0.000000,0,0,0
9.160,-0.2967000,0.0604000,9.5978000,49.9344000,64.6133000,49.0265000,-32.3340000,21.1170000,6.1850000,0.000000,0,0,0
9.170,-0.2488000,0.0102000,9.6684000,50.5981000,66.9479000,47.9355000,-32.1170000,21.2550000,6.1040000,0.000000,0,0,0
9.180,-0.2141000,-0.0173000,9.6708000,51.3458000,68.2831000,47.2565000,-32.1010000,21.3950000,5.4410000,0.000000,0,0,0
9.190,-0.1902000,-0.0257000,9.6493000,52.1088000,68.3746000,47.0047000,-32.1120000,21.3410000,5.5830000,0.000000,0,0,0
9.200,-0.2046000,-0.0604000,9.6361000,52.7649000,67.6727000,47.2260000,-31.8870000,21.2570000,5.8990000,0.000000,0,0,0
9.210,-0.2572000,-0.1238000,9.6433000,53.2150000,66.6809000,47.9507000,-31.9790000,21.2510000,5.9340000,0.000000,0,0,0
9.220,-0.3242000,-0.1860000,9.6624000,53.5889000,65.5518000,48.8586000,-31.7940000,21.1770000,6.3990000,0.000000,0,0,0
9.230,-0.3864000,-0.2291000,9.6816000,54.1458000,64.3997000,49.5224000,-32.0020000,21.4000000,7.0660000,0.000000,0,0,0
9.240,-0.4115000,-0.2327000,9.6971000,55.0156000,63.6597000,49.7818000,-32.0990000,21.4100000,7.0110000,0.000000,0,0,0
9.250,-0.4031000,-0.1992000,9.6983000,56.0455000,63.3087000,49.8581000,-31.6680000,21.6640000,6.3300000,0.000000,0,0,0
9.260,-0.3601000,-0.1370000,9.6875000,57.0679000,63.2553000,50.1022000,-31.7020000,21.5370000,6.1630000,0.000000,0,0,0
9.270,-0.2991000,-0.0807000,9.6636000,57.9071000,63.2553000,50.7507000,-31.5750000,21.3700000,6.2260000,0.000000,0,0,0
9.280,-0.2393000,-0.0544000,9.6313000,58.5098000,63.0341000,51.8112000,-31.5110000,21.5420000,6.7480000,0.000000,0,0,0
9.290,-0.1962000,-0.0664000,9.5918000,58.7921000,62.7060000,52.9785000,-31.5450000,21.4790000,6.6910000,0.000000,0,0,0
9.300,-0.1830000,-0.1035000,9.5560000,58.7158000,62.6373000,53.8025000,-31.1990000,21.7680000,6.7040000,0.000000,0,0,0
9.310,-0.1998000,-0.1442000,9.5488000,58.4488000,63.0646000,53.9398000,-31.4280000,21.6980000,6.7770000,0.000000,0,0,0
9.320,-0.2417000,-0.1848000,9.5823000,58.2886000,63.7665000,53.4363000,-30.9490000,21.8330000,6.5000000,0.000000,0,0,0
9.330,-0.2787000,-0.2052000,9.6361000,58.3801000,64.4913000,52.4597000,-31.0100000,21.6570000,6.1030000,0.000000,0,0,0
9.340,-0.2979000,-0.2064000,9.6780000,58.6548000,65.0253000,51.1551000,-31.0930000,21.6300000,4.6960000,0.000000,0,0,0
9.350,-0.2991000,-0.2052000,9.6864000,58.9676000,65.1321000,49.7589000,-31.0870000,21.7670000,5.5660000,0.000000,0,0,0
9.360,-0.3003000,-0.2111000,9.6648000,59.2575000,64.7888000,48.5306000,-30.9400000,21.9850000,6.1520000,0.000000,0,0,0
9.370,-0.3098000,-0.2135000,9.6421000,59.5627000,64.0945000,47.7142000,-30.6520000,22.0240000,6.1170000,0.000000,0,0,0
9.380,-0.3266000,-0.1980000,9.6385000,59.9136000,63.2782000,47.3557000,-30.7580000,21.8820000,5.7700000,0.000000,0,0,0
9.390,-0.3529000,-0.1729000,9.6588000,60.1730000,62.5381000,47.3022000,-30.5210000,21.8670000,6.1600000,0.000000,0,0,0
9.400,-0.3828000,-0.1442000,9.7007000,60.3027000,62.0422000,47.4091000,-30.8140000,22.1130000,6.7370000,0.000000,0,0,0
9.410,-0.4139000,-0.1226000,9.7390000,60.4858000,61.4243000,47.6990000,-30.4400000,22.4310000,5.9900000,0.000000,0,0,0
9.420,-0.4366000,-0.0987000,9.7498000,60.8215000,60.3714000,48.2635000,-30.6010000,22.2740000,6.0630000,0.000000,0,0,0
9.430,-0.4307000,-0.0580000,9.7342000,61.2183000,59.1049000,49.0646000,-30.6100000,22.3180000,6.4490000,0.000000,0,0,0
9.440,-0.4055000,-0.0161000,9.7007000,61.4700000,57.8690000,50.1328000,-30.2160000,22.2370000,5.9200000,0.000000,0,0,0
9.450,-0.3685000,0.0066000,9.6624000,61.4166000,57.0145000,51.3687000,-30.3770000,22.0900000,5.9310000,0.000000,0,0,0
9.460,-0.3409000,-0.0114000,9.6206000,60.9818000,56.8924000,52.5818000,-30.4680000,22.2380000,5.9250000,0.000000,0,0,0
9.470,-0.3242000,-0.0508000,9.5918000,60.3180000,57.4875000,53.4744000,-30.2640000,22.4690000,7.2750000,0.000000,0,0,0
9.480,-0.3146000,-0.0855000,9.5835000,59.7992000,58.5098000,53.9017000,-30.5000000,22.6590000,6.5350000,0.000000,0,0,0
9.490,-0.3122000,-0.0999000,9.5847000,59.6466000,59.5703000,54.0009000,-30.3530000,22.1630000,6.4510000,0.000000,0,0,0
9.500,-0.3027000,-0.0796000,9.5990000,59.7305000,60.5011000,54.0314000,-30.3150000,22.4560000,5.9330000,0.000000,0,0,0
9.510,-0.2931000,-0.0341000,9.6206000,59.7153000,61.2488000,54.1763000,-30.0190000,22.6530000,6.0300000,0.000000,0,0,0
9.520,-0.2859000,-0.0030000,9.6385000,59.4330000,61.7065000,54.6112000,-30.1710000,22.4410000,5.9950000,0.000000,0,0,0
9.530,-0.2751000,0.0042000,9.6445000,59.0210000,61.9431000,55.3436000,-29.7110000,22.2850000,6.2430000,0.000000,0,0,0
9.540,-0.2692000,-0.0209000,9.6349000,58.6166000,62.1719000,56.1905000,-29.7060000,22.7710000,6.4210000,0.000000,0,0,0
9.550,-0.2632000,-0.0640000,9.6241000,58.2733000,62.6450000,56.9077000,-30.0420000,22.5750000,6.4220000,0.000000,0,0,0
9.560,-0.2464000,-0.0915000,9.6194000,58.0826000,63.4613000,57.3425000,-29.9130000,23.0330000,6.8160000,0.000000,0,0,0
9.570,-0.2153000,-0.0975000,9.6170000,57.9910000,64.5447000,57.4036000,-30.0570000,22.9370000,5.9970000,0.000000,0,0,0
9.580,-0.1902000,-0.0951000,9.6038000,57.8995000,65.6891000,57.2510000,-29.8070000,22.6490000,6.8020000,0.000000,0,0,0
9.590,-0.1782000,-0.0939000,9.5942000,57.7698000,66.6122000,57.1594000,-29.4980000,22.4280000,6.4720000,0.000000,0,0,0
9.600,-0.1699000,-0.0939000,9.6002000,57.7545000,67.1768000,57.3196000,-29.6010000,22.7270000,6.3410000,0.000000,0,0,0
9.610,-0.1675000,-0.1047000,9.6170000,57.9529000,67.2913000,57.7545000,-29.4710000,22.4750000,7.1020000,0.000000,0,0,0
9.620,-0.1747000,-0.1238000,9.6361000,58.2962000,67.0166000,58.3725000,-29.7510000,22.5830000,6.6120000,0.000000,0,0,0
9.630,-0.1986000,-0.1489000,9.6457000,58.7158000,66.4597000,59.0439000,-29.7320000,22.3430000,6.1860000,0.000000,0,0,0
9.640,-0.2440000,-0.1788000,9.6445000,59.2880000,65.7730000,59.7076000,-29.5410000,22.4620000,6.8920000,0.000000,0,0,0
9.650,-0.2991000,-0.1788000,9.6421000,60.5240000,64.9948000,60.4858000,-29.6140000,22.3240000,6.5060000,0.000000,0,0,0
9.660,-0.3158000,-0.1501000,9.6445000,61.3251000,64.8041000,60.7376000,-29.7570000,22.7340000,6.5520000,0.000000,0,0,0
9.670,-0.3206000,-0.1130000,9.6552000,61.8820000,64.7964000,60.9665000,-29.5650000,22.6680000,6.3660000,0.000000,0,0,0
9.680,-0.3182000,-0.0736000,9.6636000,62.1796000,64.7583000,61.3708000,-29.5880000,22.6670000,6.9500000,0.000000,0,0,0
9.690,-0.3158000,-0.0461000,9.6624000,62.3245000,64.5599000,62.1109000,-29.3940000,22.3940000,6.2670000,0.000000,0,0,0
9.700,-0.3158000,-0.0401000,9.6517000,62.4695000,64.1785000,63.2248000,-29.4430000,22.6200000,6.9750000,0.000000,0,0,0
9.710,-0.3182000,-0.0449000,9.6349000,62.6297000,63.8275000,64.5523000,-29.1140000,22.6330000,7.3050000,0.000000,0,0,0
9.720,-0.3218000,-0.0568000,9.6206000,62.6831000,63.8199000,65.8035000,-29.1990000,22.4980000,7.1360000,0.000000,0,0,0
9.730,-0.3242000,-0.0664000,9.6182000,62.4619000,64.3768000,66.6809000,-29.4920000,22.7780000,6.6430000,0.000000,0,0,0
9.740,-0.3242000,-0.0772000,9.6277000,61.9583000,65.3687000,67.0776000,-29.7620000,22.5010000,6.7190000,0.000000,0,0,0
9.750,-0.3206000,-0.0819000,9.6505000,61.3556000,66.4825000,67.0395000,-29.4270000,22.9010000,6.3530000,0.000000,0,0,0
9.760,-0.3194000,-0.0784000,9.6768000,60.8444000,67.2302000,66.7572000,-29.5170000,22.5880000,6.4270000,0.000000,0,0,0
9.770,-0.3194000,-0.0652000,9.6971000,60.5927000,67.3218000,66.5512000,-29.4770000,22.7070000,7.1750000,0.000000,0,0,0
9.780,-0.3254000,-0.0473000,9.6995000,60.5927000,66.7648000,66.6199000,-29.4530000,22.8770000,6.6630000,0.000000,0,0,0
9.790,-0.3445000,-0.0484000,9.6864000,60.7605000,65.7578000,67.0853000,-29.4090000,22.8210000,6.5340000,0.000000,0,0,0
9.800,-0.3756000,-0.0772000,9.6708000,60.9818000,64.6362000,67.8253000,-29.5920000,22.8600000,6.6510000,0.000000,0,0,0
9.810,-0.4020000,-0.1071000,9.6600000,61.1343000,63.8275000,68.5043000,-29.3740000,22.8040000,6.6710000,0.000000,0,0,0
9.820,-0.4187000,-0.1190000,9.6493000,61.1115000,63.5757000,68.8553000,-29.7270000,22.5560000,6.8780000,0.000000,0,0,0
9.830,-0.4175000,-0.1119000,9.6361000,60.8902000,63.9725000,68.8324000,-29.4040000,22.6500000,6.2120000,0.000000,0,0,0
9.840,-0.3984000,-0.0891000,9.6301000,60.5240000,64.9109000,68.5577000,-29.5150000,22.5260000,6.0960000,0.000000,0,0,0
9.850,-0.3732000,-0.0652000,9.6301000,60.1501000,65.9943000,68.2526000,-29.3970000,22.4550000,5.9270000,0.000000,0,0,0
9.860,-0.3553000,-0.0568000,9.6361000,59.9136000,66.7801000,68.1229000,-29.5690000,22.6580000,6.1250000,0.000000,0,0,0
9.870,-0.3577000,-0.0712000,9.6385000,59.8602000,67.0013000,68.2907000,-29.5560000,22.5760000,6.6300000,0.000000,0,0,0
9.880,-0.3708000,-0.1023000,9.6421000,59.9899000,66.7267000,68.6569000,-29.9190000,22.7660000,6.2380000,0.000000,0,0,0
9.890,-0.3876000,-0.1274000,9.6469000,60.2951000,66.2384000,68.9926000,-29.5190000,22.6500000,6.3300000,0.000000,0,0,0
9.900,-0.4079000,-0.1406000,9.6481000,60.6842000,65.7120000,69.1223000,-29.5970000,22.6020000,5.7150000,0.000000,0,0,0
9.910,-0.4283000,-0.1442000,9.6481000,61.0504000,65.3076000,69.0308000,-29.6260000,22.7500000,5.6770000,0.000000,0,0,0
9.920,-0.4378000,-0.1370000,9.6517000,61.2869000,65.1779000,68.7408000,-29.4760000,22.5140000,5.4560000,0.000000,0,0,0
9.930,-0.4331000,-0.1166000,9.6600000,61.3937000,65.2313000,68.3136000,-29.5200000,22.5260000,5.5590000,0.000000,0,0,0
9.940,-0.4163000,-0.0855000,9.6684000,61.4395000,65.3229000,67.8329000,-29.7640000,22.7070000,6.0250000,0.000000,0,0,0
9.950,-0.3972000,-0.0568000,9.6696000,61.4471000,65.3458000,67.4438000,-29.6480000,22.7010000,6.1960000,0.000000,0,0,0
9.960,-0.3864000,-0.0401000,9.6624000,61.3937000,65.2466000,67.2607000,-29.4550000,22.4120000,6.1610000,0.000000,0,0,0
9.970,-0.3960000,-0.0568000,9.6529000,61.2946000,64.9796000,67.2836000,-29.5180000,22.8310000,5.7930000,0.000000,0,0,0
9.980,-0.4211000,-0.0975000,9.6588000,61.2106000,64.5752000,67.3904000,-29.5380000,22.6240000,6.0100000,0.000000,0,0,0
9.990,-0.4534000,-0.1274000,9.6768000,61.2335000,64.1327000,67.4057000,-29.4550000,22.6940000,5.7060000,0.000000,0,0,0
10.000,-0.4821000,-0.1358000,9.6852000,61.2869000,63.8275000,67.1921000,-29.4240000,22.7840000,6.0360000,0.000000,0,0,0
10.010,-0.4989000,-0.1238000,9.6744000,61.2183000,63.8809000,66.8106000,-29.7060000,22.8860000,6.4290000,0.000000,0,0,0
10.020,-0.4941000,-0.0975000,9.6541000,61.0504000,64.3005000,66.3605000,-29.8880000,22.7330000,6.0710000,0.000000,0,0,0
10.030,-0.4725000,-0.0700000,9.6385000,60.8444000,64.9948000,65.9409000,-28.9430000,22.7250000,6.4510000,0.000000,0,0,0
10.040,-0.4450000,-0.0604000,9.6253000,60.6461000,65.7578000,65.6204000,-29.2190000,22.6440000,5.7970000,0.000000,0,0,0
10.050,-0.4259000,-0.0760000,9.6158000,60.5545000,66.3147000,65.4602000,-29.6370000,22.8560000,5.8890000,0.000000,0,0,0
10.060,-0.4187000,-0.1035000,9.6158000,60.7224000,66.5054000,65.4526000,-29.4350000,22.6910000,5.6100000,0.000000,0,0,0
10.070,-0.4199000,-0.1154000,9.6253000,61.1343000,66.3986000,65.4907000,-29.0730000,22.5520000,6.0070000,0.000000,0,0,0
10.080,-0.4223000,-0.1023000,9.6385000,61.6074000,66.2460000,65.5060000,-29.4760000,22.9100000,5.7920000,0.000000,0,0,0
10.090,-0.4295000,-0.0724000,9.6445000,61.9431000,66.2308000,65.4678000,-29.3530000,22.5800000,5.6990000,0.000000,0,0,0
10.100,-0.4426000,-0.0520000,9.6409000,62.0956000,66.3910000,65.4373000,-29.3210000,22.8650000,6.0170000,0.000000,0,0,0
10.110,-0.4606000,-0.0508000,9.6313000,62.2101000,66.6885000,65.5136000,-29.1590000,22.6220000,5.2590000,0.000000,0,0,0
10.120,-0.4821000,-0.0652000,9.6206000,62.4161000,67.0090000,65.7120000,-29.2450000,22.9180000,5.6570000,0.000000,0,0,0
10.130,-0.5072000,-0.0891000,9.6134000,62.7213000,67.2607000,66.0019000,-29.4410000,22.7580000,5.9500000,0.000000,0,0,0
10.140,-0.5359000,-0.1130000,9.6182000,63.0417000,67.4362000,66.2460000,-29.6040000,22.7000000,5.4200000,0.000000,0,0,0
10.150,-0.5539000,-0.1107000,9.6421000,63.3011000,67.5659000,66.2537000,-29.2620000,22.7580000,5.8620000,0.000000,0,0,0
10.160,-0.5575000,-0.0760000,9.6744000,63.3926000,67.5812000,65.9485000,-29.3540000,22.9670000,5.6070000,0.000000,0,0,0
10.170,-0.5515000,-0.0245000,9.7007000,63.1866000,67.4820000,65.4831000,-29.3400000,22.9170000,5.6560000,0.000000,0,0,0
10.180,-0.5395000,0.0365000,9.7163000,62.6984000,67.2302000,65.0711000,-29.1020000,22.8460000,5.9650000,0.000000,0,0,0
10.190,-0.5300000,0.0831000,9.7187000,62.0728000,66.7648000,64.8346000,-29.1520000,23.0910000,5.3480000,0.000000,0,0,0
10.200,-0.5347000,0.0963000,9.7127000,61.4700000,66.1011000,64.8422000,-29.2800000,23.1220000,5.6830000,0.000000,0,0,0
10.210,-0.5563000,0.0796000,9.7079000,61.0275000,65.2466000,65.0787000,-29.0180000,22.6770000,5.8130000,0.000000,0,0,0
10.220,-0.5922000,0.0508000,9.7055000,60.7834000,64.3005000,65.4831000,-29.2710000,22.6530000,5.9000000,0.000000,0,0,0
10.230,-0.6281000,0.0257000,9.7067000,60.5927000,63.4155000,65.9180000,-29.1850000,22.5900000,5.7560000,0.000000,0,0,0
10.240,-0.6556000,0.0161000,9.7103000,60.3333000,62.7823000,66.2918000,-29.0090000,23.1400000,6.2880000,0.000000,0,0,0
10.250,-0.6675000,0.0161000,9.7139000,59.9976000,62.4161000,66.5741000,-28.8880000,23.0830000,6.0320000,0.000000,0,0,0
10.260,-0.6651000,0.0126000,9.7067000,59.6313000,62.1872000,66.8411000,-29.1870000,22.8260000,5.5820000,0.000000,0,0,0
10.270,-0.6388000,0.0018000,9.6852000,59.2346000,62.0041000,67.2455000,-29.2410000,22.7630000,5.7830000,0.000000,0,0,0
10.280,-0.6173000,-0.0066000,9.6732000,59.1736000,61.8515000,67.4820000,-29.3710000,23.0230000,5.6870000,0.000000,0,0,0
10.290,-0.6029000,-0.0197000,9.6648000,59.2117000,61.6837000,67.6956000,-29.2250000,22.9520000,5.7490000,0.000000,0,0,0
10.300,-0.5981000,-0.0317000,9.6648000,59.2575000,61.5540000,67.8940000,-29.0690000,23.1240000,5.9500000,0.000000,0,0,0
10.310,-0.5898000,-0.0401000,9.6696000,59.2499000,61.5387000,67.9779000,-28.9990000,23.0140000,6.4090000,0.000000,0,0,0
10.320,-0.5742000,-0.0473000,9.6720000,59.1431000,61.6608000,67.8635000,-29.2920000,22.8850000,6.5550000,0.000000,0,0,0
10.330,-0.5527000,-0.0580000,9.6696000,58.9905000,61.8591000,67.5507000,-29.3600000,22.8670000,6.8150000,0.000000,0,0,0
10.340,-0.5252000,-0.0664000,9.6624000,58.8760000,62.0422000,67.1082000,-29.1460000,22.9020000,6.2690000,0.000000,0,0,0
10.350,-0.5024000,-0.0736000,9.6493000,58.8608000,62.0956000,66.6351000,-29.3550000,22.7650000,6.1650000,0.000000,0,0,0
10.360,-0.4881000,-0.0712000,9.6325000,58.9981000,62.0728000,66.2918000,-29.1410000,22.6490000,6.4680000,0.000000,0,0,0
10.370,-0.4905000,-0.0676000,9.6158000,59.3185000,62.0575000,66.1926000,-29.0680000,22.6730000,6.7520000,0.000000,0,0,0
10.380,-0.4977000,-0.0604000,9.6050000,59.7763000,62.2177000,66.3223000,-29.3270000,22.5620000,6.1080000,0.000000,0,0,0
10.390,-0.5024000,-0.0520000,9.5990000,60.2951000,62.6602000,66.5207000,-29.2200000,22.6920000,6.0460000,0.000000,0,0,0
10.400,-0.5048000,-0.0568000,9.5942000,60.6766000,63.4613000,66.6504000,-29.3290000,22.7130000,5.9610000,0.000000,0,0,0
10.410,-0.5120000,-0.0736000,9.5990000,60.8215000,64.4989000,66.6199000,-29.1210000,22.7260000,5.7890000,0.000000,0,0,0
10.420,-0.5228000,-0.0891000,9.6253000,60.8826000,65.4907000,66.4139000,-29.4590000,23.0700000,6.0870000,0.000000,0,0,0
10.430,-0.5371000,-0.0975000,9.6624000,61.0275000,66.0400000,66.1163000,-29.2420000,22.8640000,6.1740000,0.000000,0,0,0
10.440,-0.5503000,-0.0891000,9.6899000,61.3022000,65.9485000,65.9332000,-29.1980000,22.8660000,6.2330000,0.000000,0,0,0
10.450,-0.5623000,-0.0700000,9.6971000,61.6074000,65.3076000,65.9790000,-29.1600000,22.6870000,5.8800000,0.000000,0,0,0
10.460,-0.5706000,-0.0449000,9.6947000,61.8820000,64.4302000,66.2613000,-29.1900000,23.0470000,6.0880000,0.000000,0,0,0
10.470,-0.5730000,-0.0209000,9.6852000,62.0651000,63.6444000,66.6504000,-29.0200000,22.6480000,6.0750000,0.000000,0,0,0
10.480,-0.5706000,-0.0054000,9.6684000,62.0270000,63.2172000,66.9785000,-29.2770000,22.4840000,5.8810000,0.000000,0,0,0
10.490,-0.5670000,-0.0006000,9.6493000,61.7142000,63.2858000,67.1082000,-29.1260000,22.8660000,5.6780000,0.000000,0,0,0
10.500,-0.5623000,0.0054000,9.6457000,61.2564000,63.7207000,66.9708000,-29.1310000,22.6290000,6.1370000,0.000000,0,0,0
10.510,-0.5611000,0.0126000,9.6552000,60.7910000,64.1937000,66.6504000,-29.3090000,22.8310000,5.6850000,0.000000,0,0,0
10.520,-0.5646000,0.0221000,9.6696000,60.3790000,64.4531000,66.3223000,-29.2880000,23.3010000,6.0900000,0.000000,0,0,0
10.530,-0.5754000,0.0365000,9.6828000,59.9518000,64.4150000,66.1011000,-29.4890000,22.6600000,6.7850000,0.000000,0,0,0
10.540,-0.5946000,0.0484000,9.6983000,59.4788000,64.0564000,66.0324000,-29.5910000,22.5490000,6.8410000,0.000000,0,0,0
10.550,-0.6221000,0.0473000,9.7151000,58.9218000,63.4689000,66.0858000,-29.5740000,22.6010000,6.5460000,0.000000,0,0,0
10.560,-0.6556000,0.0281000,9.7294000,58.3344000,62.7213000,66.2231000,-29.6650000,22.7270000,6.2430000,0.000000,0,0,0
10.570,-0.6795000,0.0018000,9.7438000,57.8308000,61.8744000,66.3376000,-29.5270000,22.7500000,6.4640000,0.000000,0,0,0
10.580,-0.6867000,-0.0233000,9.7521000,57.5485000,60.9207000,66.3452000,-29.8000000,22.6410000,6.6530000,0.000000,0,0,0
10.590,-0.6771000,-0.0449000,9.7426000,57.4417000,59.9823000,66.2689000,-29.2630000,22.5970000,6.2260000,0.000000,0,0,0
10.600,-0.6520000,-0.0652000,9.7163000,57.4265000,59.2194000,66.1392000,-29.3100000,22.6510000,6.1200000,0.000000,0,0,0
10.610,-0.6185000,-0.0760000,9.6828000,57.4646000,58.7692000,66.0172000,-29.3700000,22.9350000,5.9660000,0.000000,0,0,0
10.620,-0.5874000,-0.0748000,9.6493000,57.5867000,58.6166000,66.0095000,-29.1030000,22.7440000,6.1750000,0.000000,0,0,0
10.630,-0.5623000,-0.0712000,9.6253000,57.7774000,58.7387000,66.2231000,-28.9380000,22.8140000,6.9240000,0.000000,0,0,0
10.640,-0.5431000,-0.0712000,9.6110000,58.0215000,59.0668000,66.6656000,-29.1510000,22.8410000,6.3770000,0.000000,0,0,0
10.650,-0.5300000,-0.0772000,9.6062000,58.2886000,59.5398000,67.2455000,-29.1230000,22.6670000,6.4500000,0.000000,0,0,0
10.660,-0.5240000,-0.0879000,9.6014000,58.5632000,60.0891000,67.8177000,-29.2120000,22.3270000,6.8420000,0.000000,0,0,0
10.670,-0.5192000,-0.1047000,9.5966000,58.8379000,60.6918000,68.2831000,-28.9660000,22.6020000,6.6010000,0.000000,0,0,0
10.680,-0.5132000,-0.1190000,9.5990000,59.1354000,61.3098000,68.5577000,-29.1960000,22.5510000,6.4240000,0.000000,0,0,0
10.690,-0.5060000,-0.1274000,9.6062000,59.4711000,61.8515000,68.6722000,-29.5390000,22.8090000,6.3170000,0.000000,0,0,0
10.700,-0.4929000,-0.1214000,9.6182000,59.7687000,62.3016000,68.6264000,-29.3610000,22.9010000,6.3030000,0.000000,0,0,0
10.710,-0.4677000,-0.1035000,9.6361000,59.9823000,62.6450000,68.4814000,-29.1800000,22.9410000,6.3730000,0.000000,0,0,0
10.720,-0.4486000,-0.0855000,9.6517000,60.0967000,62.8128000,68.2907000,-29.3860000,22.9630000,6.0500000,0.000000,0,0,0
10.730,-0.4426000,-0.0807000,9.6600000,60.1044000,62.8204000,68.1763000,-29.1790000,22.8700000,5.6390000,0.000000,0,0,0
10.740,-0.4426000,-0.0867000,9.6624000,60.0357000,62.7365000,68.1076000,-29.2450000,23.0060000,6.0050000,0.000000,0,0,0
10.750,-0.4414000,-0.0891000,9.6660000,60.0128000,62.6221000,67.9855000,-29.2970000,22.6710000,5.9090000,0.000000,0,0,0
10.760,-0.4402000,-0.0879000,9.6660000,60.0357000,62.5076000,67.7872000,-29.2840000,22.8740000,5.9020000,0.000000,0,0,0
10.770,-0.4438000,-0.0867000,9.6612000,60.0357000,62.4466000,67.5735000,-29.2550000,22.4610000,6.2990000,0.000000,0,0,0
10.780,-0.4510000,-0.0855000,9.6576000,60.0052000,62.4542000,67.3752000,-29.2280000,22.8430000,5.9660000,0.000000,0,0,0
10.790,-0.4642000,-0.0891000,9.6552000,60.0204000,62.4390000,67.2150000,-29.3590000,22.6090000,6.1050000,0.000000,0,0,0
10.800,-0.4821000,-0.0999000,9.6552000,60.0891000,62.3703000,67.1387000,-29.2290000,22.4740000,6.5230000,0.000000,0,0,0
10.810,-0.4953000,-0.1130000,9.6517000,60.2341000,62.3322000,67.1387000,-29.1930000,22.4870000,6.4410000,0.000000,0,0,0
10.820,-0.5000000,-0.1238000,9.6445000,60.4172000,62.3703000,67.1310000,-29.1480000,22.5420000,6.8240000,0.000000,0,0,0
10.830,-0.5024000,-0.1310000,9.6397000,60.6003000,62.5000000,67.0319000,-29.2770000,22.2590000,6.6770000,0.000000,0,0,0
10.840,-0.5060000,-0.1250000,9.6457000,60.7681000,62.6678000,66.8564000,-29.3480000,22.5550000,6.3140000,0.000000,0,0,0
10.850,-0.5132000,-0.1107000,9.6564000,60.8826000,62.7670000,66.6733000,-29.4750000,22.6800000,6.8050000,0.000000,0,0,0
10.860,-0.5252000,-0.0987000,9.6672000,60.9207000,62.7518000,66.5665000,-29.5400000,22.5280000,6.4130000,0.000000,0,0,0
10.870,-0.5395000,-0.0987000,9.6720000,60.9436000,62.5458000,66.5970000,-29.4540000,22.7800000,6.8250000,0.000000,0,0,0
10.880,-0.5491000,-0.1035000,9.6684000,61.0580000,62.1948000,66.7496000,-29.7670000,22.8110000,6.1180000,0.000000,0,0,0
10.890,-0.5371000,-0.0939000,9.6552000,61.4548000,61.7142000,67.1005000,-29.4770000,22.8800000,6.5910000,0.000000,0,0,0
10.900,-0.5204000,-0.0819000,9.6409000,61.6608000,61.6684000,67.3523000,-29.6770000,22.8130000,6.3130000,0.000000,0,0,0
10.910,-0.5084000,-0.0784000,9.6289000,61.6913000,61.9049000,67.5964000,-29.5250000,22.7090000,6.1830000,0.000000,0,0,0
10.920,-0.5084000,-0.0784000,9.6253000,61.6226000,62.3245000,67.7338000,-29.5700000,22.7360000,5.8880000,0.000000,0,0,0
10.930,-0.5156000,-0.0807000,9.6325000,61.5387000,62.7747000,67.7109000,-29.4460000,22.9460000,6.6320000,0.000000,0,0,0
10.940,-0.5276000,-0.0807000,9.6457000,61.4777000,63.2324000,67.5430000,-29.5280000,22.4090000,6.5340000,0.000000,0,0,0
10.950,-0.5335000,-0.0796000,9.6588000,61.4014000,63.6368000,67.2684000,-29.5120000,22.3480000,6.8290000,0.000000,0,0,0
10.960,-0.5359000,-0.0784000,9.6612000,61.3327000,63.9496000,66.9479000,-29.3430000,22.5820000,6.6660000,0.000000,0,0,0
10.970,-0.5347000,-0.0784000,9.6541000,61.2717000,64.2014000,66.6580000,-29.2260000,22.9230000,6.6340000,0.000000,0,0,0
10.980,-0.5240000,-0.0748000,9.6433000,61.2030000,64.4913000,66.3986000,-29.3480000,22.7720000,5.8050000,0.000000,0,0,0
10.990,-0.5096000,-0.0724000,9.6349000,61.1343000,64.8346000,66.0706000,-29.4730000,22.9040000,6.1090000,0.000000,0,0,0
11.000,-0.4989000,-0.0772000,9.6337000,61.0657000,65.2008000,65.6815000,-29.1630000,22.9780000,5.3260000,0.000000,0,0,0
11.010,-0.4977000,-0.0819000,9.6421000,61.0428000,65.4755000,65.2618000,-29.1880000,22.8100000,5.8660000,0.000000,0,0,0
11.020,-0.5072000,-0.0819000,9.6564000,61.1191000,65.4831000,64.8651000,-29.2730000,22.5800000,6.1500000,0.000000,0,0,0
11.030,-0.5216000,-0.0688000,9.6708000,61.2488000,65.2466000,64.6057000,-29.1140000,22.6840000,6.0290000,0.000000,0,0,0
11.040,-0.5347000,-0.0437000,9.6804000,61.3098000,64.9109000,64.5523000,-29.3240000,22.9970000,6.4870000,0.000000,0,0,0
11.050,-0.5467000,-0.0245000,9.6840000,61.2335000,64.5752000,64.7278000,-29.2440000,22.6100000,6.7300000,0.000000,0,0,0
11.060,-0.5563000,-0.0150000,9.6828000,61.0809000,64.2853000,65.1398000,-29.0060000,22.6770000,5.7370000,0.000000,0,0,0
11.070,-0.5587000,-0.0102000,9.6768000,60.8826000,64.0793000,65.6738000,-29.3290000,22.7850000,5.5170000,0.000000,0,0,0
11.080,-0.5479000,-0.0054000,9.6720000,60.6079000,64.0488000,66.2231000,-29.1190000,22.6210000,6.2790000,0.000000,0,0,0
11.090,-0.5323000,-0.0006000,9.6708000,60.2493000,64.1861000,66.6962000,-29.3170000,22.9610000,5.9470000,0.000000,0,0,0
11.100,-0.5228000,-0.0030000,9.6744000,59.8984000,64.3234000,67.1158000,-29.3480000,22.9860000,6.5780000,0.000000,0,0,0
11.110,-0.5180000,-0.0102000,9.6840000,59.6161000,64.3311000,67.5049000,-29.3700000,23.0290000,6.5700000,0.000000,0,0,0
11.120,-0.5204000,-0.0209000,9.6887000,59.4406000,64.0869000,67.8635000,-29.0600000,22.7860000,7.0550000,0.000000,0,0,0
11.130,-0.5300000,-0.0365000,9.6864000,59.3491000,63.6368000,68.1839000,-28.9670000,22.9250000,6.6280000,0.000000,0,0,0
11.140,-0.5431000,-0.0520000,9.6804000,59.3491000,63.1104000,68.4662000,-29.2340000,22.9290000,6.7910000,0.000000,0,0,0
11.150,-0.5503000,-0.0640000,9.6720000,59.4177000,62.6297000,68.6493000,-28.9720000,22.6750000,6.3440000,0.000000,0,0,0
11.160,-0.5503000,-0.0712000,9.6648000,59.4940000,62.3703000,68.6874000,-29.3850000,22.8360000,6.5350000,0.000000,0,0,0
11.170,-0.5491000,-0.0784000,9.6564000,59.5169000,62.3703000,68.5730000,-29.4760000,22.7740000,6.7120000,0.000000,0,0,0
11.180,-0.5479000,-0.0831000,9.6505000,59.5245000,62.5229000,68.3594000,-29.2900000,23.1040000,6.3300000,0.000000,0,0,0
11.190,-0.5467000,-0.0843000,9.6505000,59.5703000,62.6984000,68.1152000,-29.5220000,22.7270000,6.2600000,0.000000,0,0,0
11.200,-0.5443000,-0.0819000,9.6541000,59.6619000,62.8052000,67.9016000,-29.5250000,22.9550000,6.6450000,0.000000,0,0,0
11.210,-0.5407000,-0.0772000,9.6564000,59.7229000,62.8510000,67.7567000,-29.4210000,22.7860000,6.7580000,0.000000,0,0,0
11.220,-0.5383000,-0.0796000,9.6517000,59.7305000,62.8967000,67.6880000,-29.5680000,22.7680000,6.2610000,0.000000,0,0,0
11.230,-0.5371000,-0.0927000,9.6433000,59.7534000,62.9807000,67.6575000,-29.3630000,23.0080000,6.2930000,0.000000,0,0,0
11.240,-0.5359000,-0.1083000,9.6409000,59.8755000,63.0417000,67.6041000,-29.6010000,22.8770000,6.4300000,0.000000,0,0,0
11.250,-0.5335000,-0.1119000,9.6517000,60.0967000,63.0417000,67.5125000,-29.5920000,22.8580000,6.6070000,0.000000,0,0,0
11.260,-0.5288000,-0.0987000,9.6672000,60.3333000,62.9578000,67.4286000,-29.6580000,22.7270000,6.3600000,0.000000,0,0,0
11.270,-0.5228000,-0.0819000,9.6660000,60.4782000,62.8586000,67.3904000,-29.5320000,22.6090000,7.0540000,0.000000,0,0,0
11.280,-0.5264000,-0.0784000,9.6505000,60.5621000,62.8433000,67.4133000,-29.6980000,22.7860000,6.8700000,0.000000,0,0,0
11.290,-0.5395000,-0.0867000,9.6349000,60.6766000,62.9196000,67.4896000,-29.6620000,22.7660000,6.3200000,0.000000,0,0,0
11.300,-0.5563000,-0.1011000,9.6265000,60.8673000,63.1104000,67.5735000,-29.5500000,22.7330000,6.3340000,0.000000,0,0,0
11.310,-0.5635000,-0.1107000,9.6289000,61.0962000,63.4460000,67.5964000,-29.3420000,22.4910000,6.2450000,0.000000,0,0,0
11.320,-0.5539000,-0.1119000,9.6373000,61.3327000,63.8962000,67.5201000,-29.5880000,22.8130000,6.7200000,0.000000,0,0,0
11.330,-0.5359000,-0.1035000,9.6421000,61.5158000,64.3082000,67.3599000,-29.6720000,22.6900000,6.2620000,0.000000,0,0,0
11.340,-0.5192000,-0.0927000,9.6433000,61.6379000,64.5599000,67.1921000,-29.9230000,23.0010000,6.6690000,0.000000,0,0,0
11.350,-0.5096000,-0.0772000,9.6481000,61.6760000,64.6896000,67.0624000,-29.3430000,22.8990000,6.3170000,0.000000,0,0,0
11.360,-0.5096000,-0.0568000,9.6588000,61.6913000,64.6744000,66.9632000,-29.3730000,22.9980000,6.2690000,0.000000,0,0,0
11.370,-0.5228000,-0.0425000,9.6684000,61.6760000,64.5294000,66.9250000,-29.5070000,22.8270000,5.6390000,0.000000,0,0,0
11.380,-0.5395000,-0.0281000,9.6720000,61.6074000,64.3311000,66.9785000,-29.7880000,23.0350000,5.6130000,0.000000,0,0,0
11.390,-0.5551000,-0.0185000,9.6696000,61.4853000,64.1632000,67.0929000,-29.6080000,22.7690000,6.0570000,0.000000,0,0,0
11.400,-0.5682000,-0.0197000,9.6624000,61.2488000,64.1098000,67.2073000,-29.5790000,23.1150000,6.3090000,0.000000,0,0,0
11.410,-0.5754000,-0.0281000,9.6624000,60.9436000,64.2014000,67.2684000,-29.6920000,23.0010000,6.2090000,0.000000,0,0,0
11.420,-0.5802000,-0.0353000,9.6660000,60.6613000,64.3387000,67.2302000,-29.6540000,23.1050000,5.4510000,0.000000,0,0,0
11.430,-0.5898000,-0.0484000,9.6624000,60.4477000,64.3921000,67.1387000,-29.3440000,23.0570000,5.9230000,0.000000,0,0,0
11.440,-0.6029000,-0.0628000,9.6564000,60.3027000,64.3997000,67.0395000,-29.4350000,22.9160000,6.2060000,0.000000,0,0,0
11.450,-0.6113000,-0.0652000,9.6600000,60.2951000,64.3845000,66.9174000,-29.5020000,22.9850000,6.2550000,0.000000,0,0,0
11.460,-0.6161000,-0.0556000,9.6732000,60.3790000,64.3387000,66.7877000,-29.4320000,22.3330000,5.6710000,0.000000,0,0,0
11.470,-0.6149000,-0.0437000,9.6828000,60.4401000,64.2471000,66.7267000,-29.2570000,22.4730000,5.8390000,0.000000,0,0,0
11.480,-0.6149000,-0.0401000,9.6828000,60.4095000,64.0945000,66.8106000,-29.5740000,22.5450000,6.2060000,0.000000,0,0,0
11.490,-0.6197000,-0.0532000,9.6756000,60.3256000,63.8733000,66.9861000,-29.4660000,22.7900000,6.5680000,0.000000,0,0,0
11.500,-0.6245000,-0.0736000,9.6684000,60.3180000,63.6749000,67.1539000,-29.3210000,22.6050000,6.4500000,0.000000,0,0,0
11.510,-0.6245000,-0.0831000,9.6684000,60.4477000,63.4918000,67.2073000,-29.5530000,22.4450000,6.4600000,0.000000,0,0,0
11.520,-0.6233000,-0.0772000,9.6720000,60.5316000,63.4232000,67.1310000,-29.4410000,22.7510000,6.6800000,0.000000,0,0,0
11.530,-0.6149000,-0.0592000,9.6768000,60.5774000,63.3774000,67.0166000,-29.1690000,22.6660000,6.5260000,0.000000,0,0,0
11.540,-0.6017000,-0.0341000,9.6756000,60.5469000,63.3469000,66.8640000,-29.1890000,22.8820000,6.6720000,0.000000,0,0,0
11.550,-0.5910000,-0.0197000,9.6708000,60.4172000,63.3469000,66.7343000,-29.4950000,22.8550000,6.3740000,0.000000,0,0,0
11.560,-0.5874000,-0.0161000,9.6684000,60.2264000,63.4079000,66.6885000,-29.5870000,22.6040000,6.6180000,0.000000,0,0,0
11.570,-0.5969000,-0.0233000,9.6672000,60.0586000,63.4232000,66.7114000,-29.4710000,22.7060000,6.4690000,0.000000,0,0,0
11.580,-0.6113000,-0.0449000,9.6624000,59.9823000,63.3698000,66.8182000,-29.4660000,22.9140000,6.6270000,0.000000,0,0,0
11.590,-0.6245000,-0.0652000,9.6624000,59.9976000,63.3163000,66.9327000,-29.3520000,22.6740000,6.8930000,0.000000,0,0,0
11.600,-0.6316000,-0.0748000,9.6648000,60.0433000,63.2401000,66.9937000,-29.4600000,22.6520000,6.6230000,0.000000,0,0,0
11.610,-0.6316000,-0.0760000,9.6612000,60.0815000,63.2019000,67.0090000,-29.6830000,22.5420000,5.7960000,0.000000,0,0,0
11.620,-0.6245000,-0.0676000,9.6552000,60.1196000,63.2401000,66.9937000,-29.2650000,22.7760000,6.7490000,0.000000,0,0,0
11.630,-0.6149000,-0.0568000,9.6564000,60.1730000,63.3011000,66.9632000,-29.4760000,22.5430000,6.5330000,0.000000,0,0,0
11.640,-0.6077000,-0.0508000,9.6636000,60.2493000,63.3240000,66.9250000,-29.5360000,22.6190000,5.8940000,0.000000,0,0,0
11.650,-0.6017000,-0.0473000,9.6708000,60.3485000,63.3087000,66.9098000,-29.6190000,22.7090000,5.5200000,0.000000,0,0,0
11.660,-0.5934000,-0.0437000,9.6708000,60.4324000,63.2858000,66.9403000,-29.4070000,22.7120000,5.8540000,0.000000,0,0,0
11.670,-0.5838000,-0.0401000,9.6648000,60.5087000,63.2782000,67.0395000,-29.5030000,22.7240000,5.6590000,0.000000,0,0,0
11.680,-0.5802000,-0.0449000,9.6564000,60.5545000,63.2401000,67.2379000,-29.4450000,22.8190000,6.0930000,0.000000,0,0,0
11.690,-0.5838000,-0.0580000,9.6505000,60.5774000,63.1943000,67.4744000,-29.3190000,22.8800000,6.2210000,0.000000,0,0,0
11.700,-0.5934000,-0.0664000,9.6517000,60.5774000,63.1866000,67.6422000,-29.0720000,22.6320000,6.2100000,0.000000,0,0,0
11.710,-0.6065000,-0.0628000,9.6612000,60.5392000,63.2401000,67.6880000,-29.2180000,22.4840000,6.4110000,0.000000,0,0,0
11.720,-0.6173000,-0.0496000,9.6708000,60.4401000,63.3163000,67.6346000,-29.4210000,22.5550000,6.4910000,0.000000,0,0,0
11.730,-0.6245000,-0.0425000,9.6720000,60.3104000,63.3011000,67.5735000,-29.2120000,22.3110000,5.9730000,0.000000,0,0,0
11.740,-0.6292000,-0.0461000,9.6696000,60.2188000,63.1790000,67.5507000,-29.5370000,22.5480000,6.2760000,0.000000,0,0,0
11.750,-0.6281000,-0.0508000,9.6696000,60.2417000,62.9730000,67.5430000,-29.3070000,22.6620000,6.5920000,0.000000,0,0,0
11.760,-0.6185000,-0.0532000,9.6720000,60.3409000,62.7289000,67.5430000,-29.4030000,22.7590000,6.8160000,0.000000,0,0,0
11.770,-0.6125000,-0.0604000,9.6696000,60.4172000,62.4924000,67.5735000,-29.3570000,22.4970000,6.2650000,0.000000,0,0,0
11.780,-0.6149000,-0.0700000,9.6672000,60.4782000,62.2787000,67.6422000,-29.4740000,22.5880000,6.8380000,0.000000,0,0,0
11.790,-0.6233000,-0.0819000,9.6684000,60.5621000,62.0193000,67.7032000,-28.9980000,22.6490000,6.2310000,0.000000,0,0,0
11.800,-0.6340000,-0.0915000,9.6708000,60.6766000,61.7676000,67.7185000,-29.1810000,22.7390000,5.9940000,0.000000,0,0,0
11.810,-0.6424000,-0.0927000,9.6732000,60.7986000,61.6150000,67.6956000,-29.2410000,22.4390000,5.9150000,0.000000,0,0,0
11.820,-0.6412000,-0.0831000,9.6696000,60.8902000,61.6074000,67.6041000,-29.4430000,22.7620000,6.2090000,0.000000,0,0,0
11.830,-0.6185000,-0.0676000,9.6517000,60.9512000,61.7905000,67.4515000,-29.0310000,22.9530000,5.9900000,0.000000,0,0,0
11.840,-0.5898000,-0.0592000,9.6194000,60.9818000,62.2864000,67.2684000,-29.2370000,22.6980000,5.5970000,0.000000,0,0,0
11.850,-0.5670000,-0.0604000,9.6038000,61.0123000,63.0875000,67.0929000,-29.1060000,22.6830000,5.5830000,0.000000,0,0,0
11.860,-0.5551000,-0.0616000,9.6170000,61.0580000,63.9725000,66.9174000,-29.2330000,22.6640000,5.7740000,0.000000,0,0,0
11.870,-0.5551000,-0.0592000,9.6433000,61.0580000,64.6439000,66.7877000,-29.4180000,22.7600000,6.1700000,0.000000,0,0,0
11.880,-0.5658000,-0.0520000,9.6636000,60.9818000,64.9872000,66.7953000,-29.3310000,22.6300000,5.8490000,0.000000,0,0,0
11.890,-0.5778000,-0.0401000,9.6696000,60.8521000,65.0940000,66.9174000,-29.2020000,22.6170000,6.2770000,0.000000,0,0,0
11.900,-0.5862000,-0.0341000,9.6624000,60.7376000,65.1093000,67.0471000,-29.3570000,22.5540000,5.6050000,0.000000,0,0,0
11.910,-0.5910000,-0.0257000,9.6564000,60.6613000,65.1016000,67.0776000,-29.3490000,22.6410000,6.3400000,0.000000,0,0,0
11.920,-0.5898000,-0.0161000,9.6576000,60.6308000,65.0635000,67.0395000,-29.4550000,22.8010000,5.8220000,0.000000,0,0,0
11.930,-0.5874000,-0.0054000,9.6660000,60.6308000,64.9414000,66.9708000,-29.4780000,22.7870000,5.8090000,0.000000,0,0,0
11.940,-0.5874000,-0.0066000,9.6720000,60.6537000,64.6744000,66.9098000,-29.2490000,22.9510000,6.2940000,0.000000,0,0,0
11.950,-0.5934000,-0.0161000,9.6756000,60.6766000,64.3158000,66.8564000,-29.4390000,22.8980000,6.4410000,0.000000,0,0,0
11.960,-0.6053000,-0.0317000,9.6768000,60.7071000,63.9343000,66.7801000,-29.5490000,22.5780000,6.3220000,0.000000,0,0,0
11.970,-0.6292000,-0.0496000,9.6792000,60.7300000,63.6368000,66.6656000,-29.3190000,22.5000000,6.2330000,0.000000,0,0,0
11.980,-0.6556000,-0.0616000,9.6828000,60.7300000,63.4689000,66.5588000,-29.2390000,22.7240000,6.8020000,0.000000,0,0,0
11.990,-0.6771000,-0.0628000,9.6864000,60.7147000,63.3240000,66.4597000,-29.3570000,22.9290000,6.6910000,0.000000,0,0,0
12.000,-0.6867000,-0.0508000,9.6875000,60.7071000,63.1790000,66.4291000,-29.2830000,22.6570000,6.2240000,0.000000,0,0,0
12.010,-0.6831000,-0.0281000,9.6816000,60.6689000,63.0646000,66.4673000,-29.3990000,22.7350000,6.4840000,0.000000,0,0,0
12.020,-0.6711000,-0.0102000,9.6636000,60.5698000,63.0264000,66.5588000,-29.3970000,22.8230000,6.1000000,0.000000,0,0,0
12.030,-0.6627000,-0.0042000,9.6409000,60.4477000,63.0722000,66.6885000,-29.0110000,22.6360000,6.2670000,0.000000,0,0,0
12.040,-0.6639000,-0.0173000,9.6241000,60.3714000,63.1790000,66.8488000,-29.1350000,22.8200000,6.0360000,0.000000,0,0,0
12.050,-0.6723000,-0.0377000,9.6289000,60.4477000,63.2706000,66.9861000,-29.4510000,22.3730000,5.7400000,0.000000,0,0,0
12.060,-0.6831000,-0.0568000,9.6517000,60.6766000,63.2935000,67.0166000,-29.5410000,22.8360000,6.3130000,0.000000,0,0,0
12.070,-0.6831000,-0.0700000,9.6756000,60.9665000,63.2248000,66.9556000,-29.1920000,22.9160000,6.1870000,0.000000,0,0,0
12.080,-0.6699000,-0.0712000,9.6864000,61.1877000,63.1256000,66.8335000,-29.0040000,22.6370000,6.4270000,0.000000,0,0,0
12.090,-0.6448000,-0.0700000,9.6804000,61.3098000,62.9959000,66.7267000,-28.9560000,22.8490000,5.7400000,0.000000,0,0,0
12.100,-0.6173000,-0.0676000,9.6624000,61.4166000,62.8891000,66.7038000,-29.1680000,22.9910000,6.1170000,0.000000,0,0,0
12.110,-0.5958000,-0.0628000,9.6469000,61.6302000,62.8738000,66.7572000,-29.3170000,22.6810000,6.3220000,0.000000,0,0,0
12.120,-0.5814000,-0.0508000,9.6469000,61.9659000,62.9959000,66.8488000,-29.2490000,22.9650000,6.3690000,0.000000,0,0,0
12.130,-0.5826000,-0.0317000,9.6600000,62.2787000,63.1638000,66.9708000,-29.4960000,22.6020000,6.4840000,0.000000,0,0,0
12.140,-0.5993000,-0.0102000,9.6780000,62.3932000,63.2553000,67.1310000,-29.7030000,22.8330000,6.4890000,0.000000,0,0,0
12.150,-0.6328000,0.0233000,9.6995000,62.1948000,63.0875000,67.4820000,-29.4920000,22.8080000,6.2340000,0.000000,0,0,0
12.160,-0.6484000,0.0305000,9.7031000,61.9278000,62.7289000,67.8024000,-29.3860000,23.1080000,6.3070000,0.000000,0,0,0
12.170,-0.6520000,0.0221000,9.7031000,61.6684000,62.2635000,68.1381000,-29.4280000,22.8650000,6.3710000,0.000000,0,0,0
12.180,-0.6412000,0.0161000,9.7007000,61.4319000,61.7828000,68.3746000,-29.3390000,22.7030000,6.9680000,0.000000,0,0,0
12.190,-0.6233000,0.0185000,9.6947000,61.1725000,61.4243000,68.4052000,-29.6770000,22.6300000,6.8890000,0.000000,0,0,0
12.200,-0.6125000,0.0245000,9.6840000,60.8292000,61.2411000,68.2602000,-29.5540000,22.5860000,5.9830000,0.000000,0,0,0
12.210,-0.6149000,0.0245000,9.6744000,60.4095000,61.2106000,68.0084000,-29.5020000,22.9660000,6.0000000,0.000000,0,0,0
12.220,-0.6281000,0.0209000,9.6708000,59.9899000,61.2869000,67.7338000,-29.7770000,22.4350000,6.9290000,0.000000,0,0,0
12.230,-0.6484000,0.0209000,9.6696000,59.6237000,61.4853000,67.4667000,-29.4740000,22.5310000,6.5200000,0.000000,0,0,0
12.240,-0.6615000,0.0173000,9.6672000,59.3491000,61.7752000,67.2531000,-29.3010000,22.8710000,5.9880000,0.000000,0,0,0
12.250,-0.6687000,0.0042000,9.6600000,59.1888000,62.0575000,67.1692000,-29.3210000,22.6210000,6.2580000,0.000000,0,0,0
12.260,-0.6699000,-0.0161000,9.6517000,59.2194000,62.2482000,67.2455000,-29.1870000,22.6330000,5.9020000,0.000000,0,0,0
12.270,-0.6699000,-0.0389000,9.6457000,59.4254000,62.2559000,67.4210000,-29.3230000,22.9120000,5.9220000,0.000000,0,0,0
12.280,-0.6747000,-0.0640000,9.6469000,59.7153000,62.1109000,67.6117000,-29.3460000,22.5230000,6.0700000,0.000000,0,0,0
12.290,-0.6831000,-0.0807000,9.6564000,60.0052000,61.9431000,67.7338000,-29.4310000,22.3940000,5.2440000,0.000000,0,0,0
12.300,-0.6843000,-0.0819000,9.6672000,60.2493000,61.8515000,67.7185000,-29.5080000,22.5760000,5.7650000,0.000000,0,0,0
12.310,-0.6711000,-0.0688000,9.6756000,60.4019000,61.8820000,67.5278000,-29.4500000,22.5110000,5.6360000,0.000000,0,0,0
12.320,-0.6436000,-0.0461000,9.6780000,60.4324000,62.0270000,67.2379000,-29.4260000,22.4710000,5.9350000,0.000000,0,0,0
12.330,-0.6089000,-0.0197000,9.6672000,60.3561000,62.2406000,66.9250000,-29.2030000,22.6810000,5.7670000,0.000000,0,0,0
12.340,-0.5742000,0.0054000,9.6517000,60.1959000,62.4847000,66.6580000,-29.5190000,22.5930000,5.4030000,0.000000,0,0,0
12.350,-0.5491000,0.0269000,9.6421000,59.9823000,62.7747000,66.4825000,-29.5220000,22.4690000,6.0820000,0.000000,0,0,0
12.360,-0.5431000,0.0377000,9.6433000,59.7153000,63.0188000,66.4139000,-29.3960000,22.5660000,5.9230000,0.000000,0,0,0
12.370,-0.5623000,0.0329000,9.6529000,59.4177000,63.1485000,66.5207000,-29.3180000,22.9110000,5.5230000,0.000000,0,0,0
12.380,-0.5946000,0.0138000,9.6672000,59.1812000,63.1104000,66.7953000,-29.4560000,22.6860000,5.4310000,0.000000,0,0,0
12.390,-0.6245000,-0.0126000,9.6780000,59.1049000,62.8738000,67.1692000,-29.6560000,22.9380000,6.1890000,0.000000,0,0,0
12.400,-0.6388000,-0.0353000,9.6840000,59.1507000,62.5534000,67.5354000,-29.6150000,22.6040000,5.7150000,0.000000,0,0,0
12.410,-0.6245000,-0.0484000,9.6804000,59.2270000,62.3474000,67.7795000,-29.5830000,22.6420000,5.8790000,0.000000,0,0,0
12.420,-0.5969000,-0.0556000,9.6684000,59.3033000,62.2787000,67.8482000,-29.5770000,22.5210000,5.9920000,0.000000,0,0,0
12.430,-0.5682000,-0.0604000,9.6552000,59.3948000,62.3093000,67.7567000,-29.5390000,22.5450000,6.3730000,0.000000,0,0,0
12.440,-0.5563000,-0.0688000,9.6397000,59.5474000,62.3474000,67.5735000,-29.3530000,22.4430000,5.6230000,0.000000,0,0,0
12.450,-0.5646000,-0.0807000,9.6337000,59.7610000,62.4237000,67.3294000,-29.5550000,22.7930000,5.6240000,0.000000,0,0,0
12.460,-0.5874000,-0.0843000,9.6397000,60.0510000,62.5687000,67.0395000,-29.2980000,22.5990000,5.2300000,0.000000,0,0,0
12.470,-0.6113000,-0.0772000,9.6529000,60.3943000,62.7289000,66.7419000,-29.6180000,22.5150000,5.8950000,0.000000,0,0,0
12.480,-0.6257000,-0.0628000,9.6612000,60.7071000,62.8433000,66.5588000,-29.6670000,22.2870000,5.5230000,0.000000,0,0,0
12.490,-0.6304000,-0.0473000,9.6636000,60.9512000,62.8967000,66.5588000,-29.5770000,22.5710000,5.4770000,0.000000,0,0,0
12.500,-0.6257000,-0.0329000,9.6612000,61.0962000,62.8967000,66.7038000,-29.8020000,22.2530000,5.8000000,0.000000,0,0,0
12.510,-0.6161000,-0.0257000,9.6552000,61.1267000,62.8815000,66.9479000,-29.4210000,22.5830000,5.6030000,0.000000,0,0,0
12.520,-0.6053000,-0.0257000,9.6517000,61.0580000,62.8891000,67.1997000,-29.0980000,22.4620000,4.9310000,0.000000,0,0,0
12.530,-0.5946000,-0.0269000,9.6552000,60.9055000,62.9349000,67.3370000,-29.6600000,22.5010000,5.6010000,0.000000,0,0,0
12.540,-0.5898000,-0.0233000,9.6660000,60.7071000,62.9883000,67.2989000,-29.6700000,22.7290000,5.6730000,0.000000,0,0,0
12.550,-0.5910000,-0.0126000,9.6756000,60.4782000,62.9959000,67.1310000,-29.5810000,22.5660000,6.0910000,0.000000,0,0,0
12.560,-0.5934000,-0.0054000,9.6792000,60.2570000,62.9730000,66.9327000,-29.5450000,22.4390000,5.5620000,0.000000,0,0,0
12.570,-0.5981000,-0.0054000,9.6732000,60.0739000,62.9272000,66.7648000,-29.5090000,22.4820000,6.0670000,0.000000,0,0,0
12.580,-0.6053000,-0.0173000,9.6600000,59.9594000,62.8891000,66.6962000,-29.7580000,22.5180000,5.8920000,0.000000,0,0,0
12.590,-0.6185000,-0.0365000,9.6481000,59.9289000,62.8891000,66.7496000,-29.3790000,22.9920000,5.8180000,0.000000,0,0,0
12.600,-0.6281000,-0.0556000,9.6445000,59.9823000,62.9501000,66.8640000,-29.3070000,22.3960000,6.0470000,0.000000,0,0,0
12.610,-0.6304000,-0.0628000,9.6481000,60.0510000,63.0722000,66.9250000,-29.6040000,22.6390000,6.2420000,0.000000,0,0,0
12.620,-0.6352000,-0.0640000,9.6588000,60.0739000,63.3316000,66.9098000,-29.2940000,22.7050000,6.0210000,0.000000,0,0,0
12.630,-0.6233000,-0.0556000,9.6660000,60.0052000,63.6597000,66.8564000,-29.4870000,22.8770000,5.8240000,0.000000,0,0,0
12.640,-0.6161000,-0.0425000,9.6756000,60.0052000,63.7131000,66.7419000,-29.5870000,22.5980000,5.9670000,0.000000,0,0,0
12.650,-0.6173000,-0.0377000,9.6816000,60.1730000,63.3774000,66.7343000,-29.5030000,22.5950000,5.4470000,0.000000,0,0,0
12.660,-0.6185000,-0.0365000,9.6804000,60.4401000,62.8204000,66.9632000,-29.5230000,22.4170000,6.1580000,0.000000,0,0,0
12.670,-0.6053000,-0.0257000,9.6756000,60.6842000,62.3016000,67.2989000,-29.5510000,22.8190000,6.0250000,0.000000,0,0,0
12.680,-0.5838000,-0.0138000,9.6672000,60.7834000,62.0499000,67.5812000,-29.5560000,22.7860000,6.7630000,0.000000,0,0,0
12.690,-0.5587000,-0.0090000,9.6529000,60.6461000,62.1872000,67.7185000,-29.4450000,22.5100000,6.5850000,0.000000,0,0,0
12.700,-0.5455000,-0.0138000,9.6385000,60.3333000,62.6297000,67.6804000,-29.4730000,22.2080000,6.4080000,0.000000,0,0,0
12.710,-0.5491000,-0.0257000,9.6337000,60.0128000,63.2248000,67.4744000,-29.3920000,22.5470000,5.9070000,0.000000,0,0,0
12.720,-0.5718000,-0.0389000,9.6373000,59.8373000,63.8275000,67.1310000,-29.4430000,22.6130000,5.8740000,0.000000,0,0,0
12.730,-0.5981000,-0.0484000,9.6445000,59.8068000,64.3005000,66.7725000,-29.6920000,22.5060000,6.3540000,0.000000,0,0,0
12.740,-0.6185000,-0.0520000,9.6541000,59.8907000,64.5905000,66.5436000,-29.4540000,22.4650000,6.3640000,0.000000,0,0,0
12.750,-0.6304000,-0.0473000,9.6600000,60.0586000,64.6896000,66.5054000,-29.2180000,22.6160000,6.2800000,0.000000,0,0,0
12.760,-0.6328000,-0.0389000,9.6636000,60.2798000,64.6362000,66.6656000,-29.3940000,22.6740000,5.7790000,0.000000,0,0,0
12.770,-0.6328000,-0.0353000,9.6636000,60.4935000,64.4608000,66.9556000,-29.6900000,22.7740000,5.6020000,0.000000,0,0,0
12.780,-0.6292000,-0.0389000,9.6660000,60.6613000,64.2471000,67.2455000,-29.5590000,22.3890000,5.5970000,0.000000,0,0,0
12.790,-0.6269000,-0.0389000,9.6744000,60.7758000,64.0259000,67.3828000,-29.2890000,22.5370000,5.7860000,0.000000,0,0,0
12.800,-0.6257000,-0.0365000,9.6828000,60.8063000,63.8046000,67.3141000,-29.5050000,22.5490000,5.7650000,0.000000,0,0,0
12.810,-0.6257000,-0.0365000,9.6840000,60.6918000,63.6063000,67.0853000,-29.7840000,22.5210000,5.1380000,0.000000,0,0,0
12.820,-0.6257000,-0.0389000,9.6756000,60.3943000,63.4232000,66.6428000,-29.4980000,22.3770000,6.0440000,0.000000,0,0,0
12.830,-0.6292000,-0.0365000,9.6696000,60.2417000,63.3316000,66.4139000,-29.3050000,22.5060000,6.9270000,0.000000,0,0,0
12.840,-0.6328000,-0.0317000,9.6636000,60.1730000,63.3011000,66.3071000,-29.3690000,22.7310000,6.1590000,0.000000,0,0,0
12.850,-0.6376000,-0.0305000,9.6552000,60.1501000,63.3316000,66.3223000,-29.4020000,22.4940000,5.8270000,0.000000,0,0,0
12.860,-0.6400000,-0.0293000,9.6505000,60.1730000,63.4689000,66.4139000,-29.0520000,22.8690000,5.6900000,0.000000,0,0,0
12.870,-0.6376000,-0.0281000,9.6493000,60.2493000,63.6902000,66.4978000,-29.3530000,22.6960000,5.0700000,0.000000,0,0,0
12.880,-0.6388000,-0.0365000,9.6505000,60.3333000,63.8962000,66.5588000,-28.9410000,22.8800000,6.4480000,0.000000,0,0,0
12.890,-0.6448000,-0.0520000,9.6552000,60.4477000,63.9877000,66.5970000,-29.4550000,22.8440000,6.0480000,0.000000,0,0,0
12.900,-0.6556000,-0.0640000,9.6636000,60.6613000,63.8962000,66.6199000,-29.3120000,23.0250000,6.1420000,0.000000,0,0,0
12.910,-0.6675000,-0.0676000,9.6720000,60.9589000,63.6139000,66.6504000,-29.2490000,22.8880000,5.6360000,0.000000,0,0,0
12.920,-0.6663000,-0.0556000,9.6816000,61.2411000,63.1943000,66.7343000,-29.5670000,22.6830000,5.7250000,0.000000,0,0,0
12.930,-0.6496000,-0.0293000,9.6792000,61.3708000,62.8510000,66.8259000,-29.3480000,23.1040000,5.4920000,0.000000,0,0,0
12.940,-0.6257000,-0.0090000,9.6636000,61.2564000,62.7289000,66.8945000,-29.3500000,22.8580000,5.7990000,0.000000,0,0,0
12.950,-0.6065000,-0.0018000,9.6469000,60.9512000,62.8891000,66.8945000,-29.6510000,22.8780000,5.8180000,0.000000,0,0,0
12.960,-0.6017000,-0.0018000,9.6457000,60.6461000,63.2095000,66.8182000,-29.2800000,22.9910000,5.8190000,0.000000,0,0,0
12.970,-0.6065000,-0.0006000,9.6588000,60.4630000,63.4842000,66.6809000,-29.4410000,22.8090000,6.2370000,0.000000,0,0,0
12.980,-0.6245000,-0.0054000,9.6684000,60.3638000,63.5910000,66.5970000,-29.8340000,22.6010000,5.9230000,0.000000,0,0,0
12.990,-0.6508000,-0.0233000,9.6720000,60.3333000,63.5529000,66.6428000,-29.6290000,22.5110000,6.0810000,0.000000,0,0,0
13.000,-0.6735000,-0.0425000,9.6768000,60.4172000,63.3850000,66.7877000,-29.5700000,22.7210000,6.0850000,0.000000,0,0,0
13.010,-0.6879000,-0.0556000,9.6792000,60.5621000,63.1332000,66.9556000,-29.4930000,23.0310000,6.3070000,0.000000,0,0,0
13.020,-0.6867000,-0.0580000,9.6768000,60.6461000,62.9425000,67.0776000,-29.2840000,22.8150000,6.3200000,0.000000,0,0,0
13.030,-0.6699000,-0.0461000,9.6756000,60.6461000,62.9044000,67.0853000,-29.6960000,23.0130000,6.4440000,0.000000,0,0,0
13.040,-0.6496000,-0.0305000,9.6732000,60.5927000,62.9425000,66.9785000,-29.2160000,22.8270000,6.2100000,0.000000,0,0,0
13.050,-0.6352000,-0.0245000,9.6648000,60.5469000,62.9730000,66.8335000,-29.2990000,22.9080000,5.8400000,0.000000,0,0,0
13.060,-0.6316000,-0.0173000,9.6588000,60.5850000,62.9807000,66.6962000,-29.4770000,22.7360000,5.8040000,0.000000,0,0,0
13.070,-0.6388000,-0.0173000,9.6552000,60.6766000,62.9578000,66.5817000,-29.4950000,22.6770000,6.5150000,0.000000,0,0,0
13.080,-0.6568000,-0.0257000,9.6529000,60.7605000,62.9578000,66.5512000,-29.2760000,22.7590000,6.0220000,0.000000,0,0,0
13.090,-0.6735000,-0.0317000,9.6600000,60.8521000,63.0112000,66.5588000,-29.5060000,23.0090000,6.1220000,0.000000,0,0,0
13.100,-0.6807000,-0.0281000,9.6708000,60.9512000,63.0035000,66.6046000,-29.3580000,22.8630000,5.8720000,0.000000,0,0,0
13.110,-0.6831000,-0.0317000,9.6744000,60.9818000,62.8738000,66.7191000,-29.5480000,23.1120000,5.6220000,0.000000,0,0,0
13.120,-0.6783000,-0.0377000,9.6780000,60.9512000,62.6984000,66.8640000,-29.3260000,22.8700000,5.6320000,0.000000,0,0,0
13.130,-0.6627000,-0.0269000,9.6840000,60.9589000,62.5076000,66.9174000,-29.3910000,22.7720000,6.2270000,0.000000,0,0,0
13.140,-0.6436000,-0.0102000,9.6804000,60.9512000,62.3627000,66.8640000,-29.3170000,22.9640000,5.9430000,0.000000,0,0,0
13.150,-0.6281000,0.0042000,9.6696000,60.8292000,62.3703000,66.7953000,-29.7320000,22.6020000,5.9670000,0.000000,0,0,0
13.160,-0.6197000,0.0126000,9.6636000,60.6689000,62.5229000,66.7801000,-29.6030000,22.6380000,6.3320000,0.000000,0,0,0
13.170,-0.6185000,0.0102000,9.6600000,60.5392000,62.7060000,66.7877000,-29.3260000,22.6880000,6.1680000,0.000000,0,0,0
13.180,-0.6292000,0.0006000,9.6588000,60.4630000,62.8357000,66.8335000,-29.6750000,22.7180000,5.8720000,0.000000,0,0,0
13.190,-0.6412000,-0.0126000,9.6648000,60.4477000,62.8433000,66.9403000,-29.6050000,22.9610000,5.1210000,0.000000,0,0,0
13.200,-0.6508000,-0.0221000,9.6744000,60.5087000,62.6907000,67.0929000,-29.4510000,22.6340000,6.1320000,0.000000,0,0,0
13.210,-0.6496000,-0.0197000,9.6792000,60.6079000,62.4695000,67.2379000,-29.2310000,22.7670000,5.8320000,0.000000,0,0,0
13.220,-0.6412000,-0.0090000,9.6756000,60.6308000,62.3322000,67.3370000,-29.3870000,22.5170000,5.5710000,0.000000,0,0,0
13.230,-0.6352000,0.0006000,9.6672000,60.5011000,62.3550000,67.3523000,-29.4930000,22.9360000,5.7480000,0.000000,0,0,0
13.240,-0.6364000,0.0066000,9.6648000,60.2951000,62.4847000,67.2836000,-29.4860000,22.6690000,5.2830000,0.000000,0,0,0
13.250,-0.6424000,0.0066000,9.6660000,60.1273000,62.6221000,67.1616000,-29.4370000,22.6690000,5.3630000,0.000000,0,0,0
13.260,-0.6544000,-0.0006000,9.6732000,60.0052000,62.6755000,67.0547000,-29.3940000,23.1570000,5.3290000,0.000000,0,0,0
13.270,-0.6615000,-0.0066000,9.6804000,59.9289000,62.6450000,67.0090000,-29.6270000,22.4930000,5.2040000,0.000000,0,0,0
13.280,-0.6615000,-0.0126000,9.6804000,59.8831000,62.5381000,67.0319000,-29.2500000,22.5100000,5.3760000,0.000000,0,0,0
13.290,-0.6556000,-0.0185000,9.6720000,59.8373000,62.4008000,67.1387000,-29.4390000,22.8460000,5.3380000,0.000000,0,0,0
13.300,-0.6448000,-0.0233000,9.6624000,59.7839000,62.2864000,67.2989000,-29.3380000,22.8180000,5.1590000,0.000000,0,0,0
13.310,-0.6328000,-0.0269000,9.6529000,59.7458000,62.2711000,67.4515000,-29.4870000,23.0940000,5.5380000,0.000000,0,0,0
13.320,-0.6233000,-0.0329000,9.6469000,59.7534000,62.3550000,67.5278000,-29.1010000,22.7830000,5.6310000,0.000000,0,0,0
13.330,-0.6209000,-0.0365000,9.6421000,59.8145000,62.5153000,67.4973000,-29.3840000,22.6800000,5.7700000,0.000000,0,0,0
13.340,-0.6257000,-0.0425000,9.6469000,59.8984000,62.7289000,67.3904000,-29.5280000,22.6330000,5.6150000,0.000000,0,0,0
13.350,-0.6352000,-0.0484000,9.6600000,60.0052000,62.8891000,67.1997000,-29.2920000,22.7430000,5.7660000,0.000000,0,0,0
13.360,-0.6424000,-0.0496000,9.6744000,60.1273000,62.9349000,66.9708000,-29.2910000,22.8560000,5.2880000,0.000000,0,0,0
13.370,-0.6424000,-0.0461000,9.6816000,60.2646000,62.8357000,66.7725000,-29.3360000,22.7840000,6.1550000,0.000000,0,0,0
13.380,-0.6328000,-0.0365000,9.6792000,60.4019000,62.6373000,66.6885000,-29.3480000,22.8660000,5.5640000,0.000000,0,0,0
13.390,-0.6185000,-0.0257000,9.6660000,60.5087000,62.4390000,66.7191000,-29.2340000,22.7350000,5.6090000,0.000000,0,0,0
13.400,-0.6041000,-0.0161000,9.6517000,60.5621000,62.3703000,66.8488000,-29.1420000,22.7710000,6.3640000,0.000000,0,0,0
13.410,-0.5958000,-0.0126000,9.6469000,60.5927000,62.4237000,67.0242000,-29.2530000,22.6580000,6.2700000,0.000000,0,0,0
13.420,-0.5993000,-0.0150000,9.6517000,60.5850000,62.5534000,67.1768000,-29.2710000,22.8350000,5.5650000,0.000000,0,0,0
13.430,-0.6065000,-0.0257000,9.6612000,60.5545000,62.7060000,67.2684000,-29.4570000,22.7260000,6.3480000,0.000000,0,0,0
13.440,-0.6185000,-0.0377000,9.6708000,60.5164000,62.7975000,67.2379000,-29.2680000,22.4430000,5.6770000,0.000000,0,0,0
13.450,-0.6316000,-0.0413000,9.6768000,60.5087000,62.7975000,67.1005000,-29.2730000,22.8840000,5.9100000,0.000000,0,0,0
13.460,-0.6460000,-0.0413000,9.6756000,60.5240000,62.7213000,66.9479000,-29.5110000,22.7220000,5.5760000,0.000000,0,0,0
13.470,-0.6544000,-0.0305000,9.6648000,60.5621000,62.6068000,66.7877000,-29.0750000,22.6750000,5.9070000,0.000000,0,0,0
13.480,-0.6508000,-0.0209000,9.6612000,60.6079000,62.5992000,66.7648000,-29.2560000,22.9100000,6.3160000,0.000000,0,0,0
13.490,-0.6424000,-0.0126000,9.6576000,60.6384000,62.6602000,66.8030000,-29.3080000,22.6700000,6.0960000,0.000000,0,0,0
13.500,-0.6352000,-0.0090000,9.6576000,60.6461000,62.7441000,66.9022000,-29.0470000,22.7430000,6.4870000,0.000000,0,0,0
13.510,-0.6292000,-0.0102000,9.6600000,60.6308000,62.7899000,67.0242000,-29.2970000,22.7810000,6.2750000,0.000000,0,0,0
13.520,-0.6257000,-0.0138000,9.6636000,60.6079000,62.7518000,67.1463000,-29.4950000,22.5220000,6.1430000,0.000000,0,0,0
13.530,-0.6269000,-0.0209000,9.6672000,60.5850000,62.6297000,67.2760000,-29.4080000,22.7700000,6.0780000,0.000000,0,0,0
13.540,-0.6292000,-0.0257000,9.6696000,60.5469000,62.4542000,67.3904000,-29.4660000,22.9570000,5.5940000,0.000000,0,0,0
13.550,-0.6281000,-0.0257000,9.6696000,60.5011000,62.3016000,67.4515000,-29.2740000,22.9420000,5.5560000,0.000000,0,0,0
13.560,-0.6221000,-0.0185000,9.6648000,60.4553000,62.2253000,67.4438000,-29.5990000,22.5550000,5.9300000,0.000000,0,0,0
13.570,-0.6149000,-0.0114000,9.6588000,60.4095000,62.2711000,67.4133000,-29.6020000,22.5950000,5.2940000,0.000000,0,0,0
13.580,-0.6029000,-0.0078000,9.6564000,60.3714000,62.3779000,67.3447000,-29.3810000,22.3210000,5.4950000,0.000000,0,0,0
13.590,-0.5969000,-0.0090000,9.6541000,60.3104000,62.5687000,67.1997000,-29.3160000,22.8120000,5.6610000,0.000000,0,0,0
13.600,-0.6005000,-0.0150000,9.6552000,60.2570000,62.7823000,67.0319000,-29.2560000,22.8870000,5.9520000,0.000000,0,0,0
13.610,-0.6113000,-0.0257000,9.6588000,60.2570000,62.9044000,66.9250000,-29.3740000,22.9620000,5.8470000,0.000000,0,0,0
13.620,-0.6209000,-0.0341000,9.6636000,60.3256000,62.9120000,66.8793000,-29.3850000,22.7410000,5.0410000,0.000000,0,0,0
13.630,-0.6233000,-0.0341000,9.6648000,60.4324000,62.8510000,66.8640000,-29.1650000,22.8410000,5.8690000,0.000000,0,0,0
13.640,-0.6209000,-0.0305000,9.6624000,60.5240000,62.7975000,66.8716000,-29.1840000,22.7500000,6.3190000,0.000000,0,0,0
13.650,-0.6149000,-0.0305000,9.6541000,60.6003000,62.8204000,66.9098000,-29.2920000,22.7140000,6.3960000,0.000000,0,0,0
13.660,-0.6125000,-0.0293000,9.6433000,60.6766000,62.9349000,66.9632000,-29.1870000,22.9770000,6.1090000,0.000000,0,0,0
13.670,-0.6149000,-0.0257000,9.6373000,60.7224000,63.1866000,66.9785000,-29.2360000,22.8770000,6.0740000,0.000000,0,0,0
13.680,-0.6245000,-0.0245000,9.6385000,60.6995000,63.5376000,66.9479000,-29.3180000,22.6580000,6.4910000,0.000000,0,0,0
13.690,-0.6412000,-0.0257000,9.6505000,60.6461000,63.9114000,66.8869000,-29.4080000,22.6470000,6.7220000,0.000000,0,0,0
13.700,-0.6556000,-0.0257000,9.6612000,60.5698000,64.2548000,66.7953000,-29.4630000,22.9010000,5.9470000,0.000000,0,0,0
13.710,-0.6627000,-0.0221000,9.6672000,60.4706000,64.5142000,66.6962000,-29.5090000,22.9990000,5.8730000,0.000000,0,0,0
13.720,-0.6651000,-0.0173000,9.6696000,60.3867000,64.6362000,66.6428000,-29.3960000,22.7030000,5.6110000,0.000000,0,0,0
13.730,-0.6592000,-0.0054000,9.6696000,60.3790000,64.6057000,66.6504000,-29.4470000,22.7870000,6.3380000,0.000000,0,0,0
13.740,-0.6484000,0.0078000,9.6672000,60.4019000,64.4455000,66.7191000,-29.2840000,22.6340000,6.0000000,0.000000,0,0,0
13.750,-0.6376000,0.0173000,9.6660000,60.3943000,64.2319000,66.8335000,-29.6850000,22.7290000,6.3600000,0.000000,0,0,0
13.760,-0.6340000,0.0197000,9.6696000,60.3256000,63.9725000,66.9785000,-29.2140000,22.6700000,6.6950000,0.000000,0,0,0
13.770,-0.6436000,0.0114000,9.6756000,60.2570000,63.6749000,67.1387000,-29.4780000,22.7570000,6.0930000,0.000000,0,0,0
13.780,-0.6627000,-0.0042000,9.6840000,60.2341000,63.2858000,67.3294000,-29.4220000,22.6310000,5.9430000,0.000000,0,0,0
13.790,-0.6795000,-0.0138000,9.6887000,60.2798000,62.8433000,67.5583000,-29.3170000,22.8540000,6.1940000,0.000000,0,0,0
13.800,-0.6879000,-0.0138000,9.6852000,60.3485000,62.4390000,67.7872000,-29.1500000,22.8490000,6.2960000,0.000000,0,0,0
13.810,-0.6819000,-0.0150000,9.6756000,60.3638000,62.1872000,67.9932000,-29.1780000,22.9290000,5.9870000,0.000000,0,0,0
13.820,-0.6580000,-0.0161000,9.6672000,60.2875000,62.1567000,68.1000000,-29.1600000,22.5300000,6.0710000,0.000000,0,0,0
13.830,-0.6257000,-0.0161000,9.6600000,60.1273000,62.3245000,68.0237000,-29.5330000,22.6020000,5.8160000,0.000000,0,0,0
13.840,-0.5993000,-0.0185000,9.6552000,59.9136000,62.5534000,67.7872000,-29.1700000,22.8710000,6.3390000,0.000000,0,0,0
13.850,-0.5802000,-0.0197000,9.6552000,59.7458000,62.7441000,67.4515000,-29.5830000,22.4920000,5.1580000,0.000000,0,0,0
13.860,-0.5730000,-0.0233000,9.6588000,59.6619000,62.7899000,67.1005000,-29.4110000,22.6520000,6.1040000,0.000000,0,0,0
13.870,-0.5778000,-0.0257000,9.6588000,59.6924000,62.6831000,66.8488000,-29.3730000,22.7460000,5.7210000,0.000000,0,0,0
13.880,-0.5934000,-0.0293000,9.6576000,59.8145000,62.5000000,66.7801000,-29.4400000,22.6930000,6.3800000,0.000000,0,0,0
13.890,-0.6077000,-0.0353000,9.6552000,59.9594000,62.3779000,66.9174000,-29.2160000,22.7900000,6.0710000,0.000000,0,0,0
13.900,-0.6173000,-0.0425000,9.6541000,60.0662000,62.4084000,67.1463000,-29.2210000,22.7990000,5.9830000,0.000000,0,0,0
13.910,-0.6221000,-0.0496000,9.6517000,60.1425000,62.5534000,67.3370000,-29.2510000,22.5590000,5.8900000,0.000000,0,0,0
13.920,-0.6233000,-0.0592000,9.6481000,60.2646000,62.7365000,67.4133000,-29.0860000,22.4890000,5.5770000,0.000000,0,0,0
13.930,-0.6185000,-0.0604000,9.6445000,60.4782000,62.9349000,67.3447000,-29.1070000,22.5750000,5.0260000,0.000000,0,0,0
13.940,-0.6101000,-0.0532000,9.6421000,60.7529000,63.1409000,67.1158000,-29.2120000,22.7150000,4.8270000,0.000000,0,0,0
13.950,-0.6065000,-0.0461000,9.6385000,61.0046000,63.3698000,66.8106000,-29.2030000,22.6100000,5.5520000,0.000000,0,0,0
13.960,-0.6077000,-0.0353000,9.6397000,61.2106000,63.6597000,66.5207000,-29.3420000,22.5850000,5.4700000,0.000000,0,0,0
13.970,-0.6113000,-0.0185000,9.6445000,61.3251000,63.9801000,66.2766000,-29.1510000,22.6520000,5.6270000,0.000000,0,0,0
13.980,-0.6185000,0.0018000,9.6541000,61.3098000,64.2776000,66.1240000,-29.2490000,22.5630000,5.7240000,0.000000,0,0,0
13.990,-0.6304000,0.0161000,9.6660000,61.1572000,64.4608000,66.1011000,-29.3640000,22.7410000,5.7890000,0.000000,0,0,0
14.000,-0.6472000,0.0185000,9.6768000,60.9283000,64.4379000,66.2079000,-29.0890000,22.6300000,5.5800000,0.000000,0,0,0
14.010,-0.6663000,0.0173000,9.6875000,60.7071000,64.2014000,66.4062000,-28.8970000,22.8580000,5.9200000,0.000000,0,0,0
14.020,-0.6867000,0.0197000,9.6971000,60.4935000,63.7741000,66.6275000,-29.1170000,22.7590000,5.3850000,0.000000,0,0,0
14.030,-0.7034000,0.0233000,9.7019000,60.2341000,63.2553000,66.8488000,-29.3210000,22.7200000,5.7180000,0.000000,0,0,0
14.040,-0.7166000,0.0221000,9.7043000,59.9365000,62.7823000,67.0471000,-29.3740000,22.7960000,5.9920000,0.000000,0,0,0
14.050,-0.7273000,0.0150000,9.7043000,59.6848000,62.3398000,67.2302000,-29.2850000,22.5540000,6.0030000,0.000000,0,0,0
14.060,-0.7309000,0.0066000,9.6983000,59.5398000,61.9125000,67.4286000,-29.4250000,22.7440000,6.4590000,0.000000,0,0,0
14.070,-0.7250000,-0.0006000,9.6875000,59.4711000,61.5692000,67.6346000,-29.4660000,22.7260000,5.6620000,0.000000,0,0,0
14.080,-0.7082000,-0.0150000,9.6708000,59.4330000,61.3632000,67.8329000,-29.5420000,22.8720000,5.8580000,0.000000,0,0,0
14.090,-0.6771000,-0.0473000,9.6469000,59.4406000,61.3708000,68.0084000,-29.1400000,22.7210000,6.6810000,0.000000,0,0,0
14.100,-0.6580000,-0.0676000,9.6409000,59.5779000,61.5234000,68.0084000,-29.2810000,22.7530000,6.8810000,0.000000,0,0,0
14.110,-0.6388000,-0.0724000,9.6445000,59.8221000,61.7294000,67.9016000,-29.1010000,22.7180000,6.3930000,0.000000,0,0,0
14.120,-0.6197000,-0.0628000,9.6517000,60.1120000,61.9202000,67.7414000,-28.9860000,22.5240000,6.0040000,0.000000,0,0,0
14.130,-0.6017000,-0.0520000,9.6576000,60.3714000,62.0728000,67.5812000,-29.3860000,22.4810000,6.2400000,0.000000,0,0,0
14.140,-0.5850000,-0.0377000,9.6588000,60.5392000,62.1872000,67.4744000,-29.0520000,22.7960000,5.5900000,0.000000,0,0,0
14.150,-0.5706000,-0.0257000,9.6564000,60.5927000,62.2711000,67.3904000,-29.3400000,22.7390000,5.5150000,0.000000,0,0,0
14.160,-0.5658000,-0.0245000,9.6505000,60.5316000,62.3245000,67.3294000,-29.3490000,22.4690000,5.8280000,0.000000,0,0,0
14.170,-0.5706000,-0.0281000,9.6457000,60.4324000,62.3627000,67.2989000,-29.1850000,22.6990000,5.9910000,0.000000,0,0,0
14.180,-0.5802000,-0.0341000,9.6493000,60.4019000,62.4466000,67.2455000,-29.4360000,22.6330000,6.6220000,0.000000,0,0,0
14.190,-0.5898000,-0.0377000,9.6564000,60.4553000,62.5610000,67.1158000,-29.4860000,22.6560000,6.1310000,0.000000,0,0,0
14.200,-0.5958000,-0.0389000,9.6600000,60.5011000,62.7289000,66.9250000,-29.2800000,22.8380000,6.0270000,0.000000,0,0,0
14.210,-0.5910000,-0.0329000,9.6624000,60.5164000,62.9501000,66.6809000,-29.5660000,22.6110000,6.7640000,0.000000,0,0,0
14.220,-0.5802000,-0.0257000,9.6600000,60.5164000,63.1638000,66.4215000,-29.4640000,22.4600000,5.9910000,0.000000,0,0,0
14.230,-0.5742000,-0.0161000,9.6576000,60.4858000,63.3163000,66.2079000,-29.2950000,22.6460000,6.3520000,0.000000,0,0,0
14.240,-0.5814000,-0.0090000,9.6576000,60.4553000,63.3850000,66.1316000,-29.3420000,22.3890000,6.3660000,0.000000,0,0,0
14.250,-0.6041000,-0.0102000,9.6588000,60.4706000,63.3240000,66.2308000,-29.2920000,22.6630000,6.0080000,0.000000,0,0,0
14.260,-0.6352000,-0.0150000,9.6600000,60.5698000,63.1866000,66.4902000,-29.4310000,22.4940000,5.9780000,0.000000,0,0,0
14.270,-0.6615000,-0.0150000,9.6648000,60.7071000,63.0722000,66.7953000,-29.3580000,22.2660000,6.3500000,0.000000,0,0,0
14.280,-0.6771000,-0.0150000,9.6672000,60.7834000,63.0493000,67.0547000,-29.3900000,22.8160000,6.2630000,0.000000,0,0,0
14.290,-0.6807000,-0.0185000,9.6648000,60.7529000,63.1180000,67.2150000,-29.3750000,22.8610000,6.3250000,0.000000,0,0,0
14.300,-0.6747000,-0.0233000,9.6612000,60.6461000,63.2553000,67.2379000,-29.4350000,22.6280000,6.6860000,0.000000,0,0,0
14.310,-0.6663000,-0.0257000,9.6588000,60.5240000,63.4232000,67.1387000,-29.5610000,22.5010000,5.5320000,0.000000,0,0,0
14.320,-0.6604000,-0.0245000,9.6636000,60.4095000,63.5605000,66.9556000,-29.4580000,22.7400000,6.2050000,0.000000,0,0,0
14.330,-0.6568000,-0.0138000,9.6756000,60.3027000,63.5910000,66.7725000,-29.3440000,22.6050000,6.2460000,0.000000,0,0,0
14.340,-0.6615000,-0.0054000,9.6852000,60.2112000,63.4460000,66.6580000,-29.3810000,22.5660000,6.2700000,0.000000,0,0,0
14.350,-0.6711000,-0.0054000,9.6887000,60.1578000,63.1638000,66.6580000,-29.2590000,22.7560000,7.0370000,0.000000,0,0,0
14.360,-0.6771000,-0.0102000,9.6875000,60.1654000,62.8204000,66.7648000,-28.9540000,22.6080000,6.6330000,0.000000,0,0,0
14.370,-0.6711000,-0.0114000,9.6828000,60.2036000,62.5000000,66.9098000,-29.3290000,22.7410000,6.9200000,0.000000,0,0,0
14.380,-0.6532000,-0.0150000,9.6708000,60.2341000,62.2864000,67.0624000,-29.0610000,22.5280000,6.6240000,0.000000,0,0,0
14.390,-0.6340000,-0.0233000,9.6529000,60.2264000,62.2177000,67.2150000,-29.0330000,22.7010000,6.8770000,0.000000,0,0,0
14.400,-0.6113000,-0.0257000,9.6421000,60.2188000,62.3627000,67.3141000,-29.0800000,22.7950000,6.8640000,0.000000,0,0,0
14.410,-0.5934000,-0.0197000,9.6445000,60.2188000,62.6450000,67.3141000,-29.1050000,22.8280000,6.3540000,0.000000,0,0,0
14.420,-0.5850000,-0.0126000,9.6505000,60.2036000,62.9425000,67.2607000,-29.1090000,22.8400000,6.4140000,0.000000,0,0,0
14.430,-0.5886000,-0.0090000,9.6588000,60.1425000,63.1256000,67.2226000,-29.3480000,22.6300000,6.4380000,0.000000,0,0,0
14.440,-0.6017000,-0.0102000,9.6696000,60.1044000,63.1332000,67.2379000,-29.1390000,22.5160000,5.9910000,0.000000,0,0,0
14.450,-0.6185000,-0.0197000,9.6756000,60.1196000,62.9654000,67.2913000,-29.4170000,22.4860000,6.6190000,0.000000,0,0,0
14.460,-0.6292000,-0.0269000,9.6756000,60.1654000,62.7136000,67.4133000,-29.0910000,22.8580000,6.9140000,0.000000,0,0,0
14.470,-0.6292000,-0.0305000,9.6696000,60.2188000,62.4924000,67.5583000,-29.2630000,22.9440000,6.0080000,0.000000,0,0,0
14.480,-0.6257000,-0.0365000,9.6588000,60.2875000,62.3627000,67.6727000,-29.2220000,22.6860000,5.8050000,0.000000,0,0,0
14.490,-0.6221000,-0.0437000,9.6493000,60.3943000,62.3550000,67.7109000,-29.0210000,22.7470000,6.3990000,0.000000,0,0,0
14.500,-0.6161000,-0.0461000,9.6481000,60.5164000,62.4695000,67.6117000,-29.2710000,22.4780000,6.3550000,0.000000,0,0,0
14.510,-0.6149000,-0.0461000,9.6541000,60.6003000,62.6831000,67.3676000,-29.6800000,22.6110000,6.2900000,0.000000,0,0,0
14.520,-0.6197000,-0.0484000,9.6612000,60.6537000,62.8586000,67.0624000,-29.1380000,22.6670000,6.1600000,0.000000,0,0,0
14.530,-0.6281000,-0.0496000,9.6660000,60.7071000,62.9196000,66.7801000,-29.3410000,22.6710000,6.8280000,0.000000,0,0,0
14.540,-0.6328000,-0.0437000,9.6696000,60.7834000,62.8510000,66.5817000,-29.4480000,22.6500000,6.7250000,0.000000,0,0,0
14.550,-0.6304000,-0.0305000,9.6672000,60.8597000,62.7136000,66.4978000,-29.5690000,22.6020000,6.1220000,0.000000,0,0,0
14.560,-0.6233000,-0.0173000,9.6588000,60.8902000,62.6221000,66.5283000,-29.6050000,22.4640000,6.2590000,0.000000,0,0,0
14.570,-0.6113000,-0.0042000,9.6469000,60.8063000,62.7441000,66.6046000,-29.2850000,22.8710000,6.6730000,0.000000,0,0,0
14.580,-0.6041000,0.0018000,9.6433000,60.6613000,63.0646000,66.6428000,-29.4620000,22.4990000,6.7800000,0.000000,0,0,0
14.590,-0.6029000,0.0006000,9.6469000,60.5316000,63.4003000,66.6275000,-29.1380000,22.8100000,6.5320000,0.000000,0,0,0
14.600,-0.6113000,-0.0066000,9.6564000,60.4630000,63.6063000,66.6046000,-29.3090000,22.7400000,6.8390000,0.000000,0,0,0
14.610,-0.6316000,-0.0197000,9.6660000,60.4477000,63.5834000,66.6046000,-29.4080000,22.5660000,6.0660000,0.000000,0,0,0
14.620,-0.6568000,-0.0329000,9.6792000,60.5240000,63.3011000,66.6351000,-29.2470000,22.8150000,6.7060000,0.000000,0,0,0
14.630,-0.6783000,-0.0353000,9.6899000,60.6842000,62.8510000,66.6962000,-29.5120000,22.4990000,6.3900000,0.000000,0,0,0
14.640,-0.6867000,-0.0233000,9.6923000,60.8063000,62.4084000,66.7801000,-29.2530000,22.4880000,6.4620000,0.000000,0,0,0
14.650,-0.6783000,-0.0054000,9.6864000,60.8063000,62.1033000,66.9174000,-29.4830000,22.5350000,6.4150000,0.000000,0,0,0
14.660,-0.6568000,0.0054000,9.6756000,60.6689000,61.9965000,67.0547000,-29.2910000,22.7590000,6.0280000,0.000000,0,0,0
14.670,-0.6340000,0.0030000,9.6648000,60.4477000,62.0346000,67.1387000,-29.3070000,22.6120000,5.9920000,0.000000,0,0,0
14.680,-0.6173000,-0.0042000,9.6612000,60.2570000,62.1033000,67.1463000,-29.3480000,22.5710000,5.9560000,0.000000,0,0,0
14.690,-0.6065000,-0.0090000,9.6636000,60.1273000,62.1490000,67.0700000,-29.3510000,22.6330000,6.1310000,0.000000,0,0,0
14.700,-0.6053000,-0.0126000,9.6648000,60.0510000,62.1796000,66.9403000,-29.2300000,22.5190000,5.8760000,0.000000,0,0,0
14.710,-0.6113000,-0.0197000,9.6600000,60.0281000,62.2482000,66.8488000,-29.3140000,22.7860000,5.8750000,0.000000,0,0,0
14.720,-0.6185000,-0.0257000,9.6505000,60.0510000,62.3779000,66.8030000,-29.2450000,22.5450000,6.0400000,0.000000,0,0,0
14.730,-0.6257000,-0.0257000,9.6457000,60.1654000,62.6907000,66.7648000,-29.3460000,22.5370000,6.2540000,0.000000,0,0,0
14.740,-0.6292000,-0.0281000,9.6469000,60.2417000,62.9501000,66.7877000,-29.0890000,22.7250000,6.4010000,0.000000,0,0,0
14.750,-0.6328000,-0.0389000,9.6493000,60.3409000,63.1332000,66.8564000,-29.1560000,22.4270000,6.0590000,0.000000,0,0,0
14.760,-0.6316000,-0.0461000,9.6541000,60.5011000,63.2095000,66.9098000,-29.6090000,22.9260000,6.8450000,0.000000,0,0,0
14.770,-0.6257000,-0.0413000,9.6636000,60.6689000,63.2248000,66.8869000,-29.3010000,22.5740000,6.2970000,0.000000,0,0,0
14.780,-0.6185000,-0.0233000,9.6744000,60.7605000,63.2172000,66.8182000,-29.1450000,22.9640000,6.4930000,0.000000,0,0,0
14.790,-0.6149000,-0.0042000,9.6792000,60.7452000,63.1638000,66.8030000,-29.1510000,22.9490000,6.6390000,0.000000,0,0,0
14.800,-0.6137000,0.0090000,9.6756000,60.6613000,63.0722000,66.8640000,-29.3120000,22.9660000,6.1300000,0.000000,0,0,0
14.810,-0.6137000,0.0114000,9.6696000,60.5392000,62.9425000,66.9632000,-29.0910000,22.7050000,5.5990000,0.000000,0,0,0
14.820,-0.6185000,0.0042000,9.6708000,60.4248000,62.8433000,67.0700000,-29.1810000,22.7390000,6.5190000,0.000000,0,0,0
14.830,-0.6209000,-0.0054000,9.6780000,60.3485000,62.7518000,67.1539000,-29.1360000,22.6390000,6.3300000,0.000000,0,0,0
14.840,-0.6209000,-0.0126000,9.6804000,60.2798000,62.6144000,67.1844000,-28.9390000,22.6440000,6.4680000,0.000000,0,0,0
14.850,-0.6197000,-0.0173000,9.6756000,60.2036000,62.4390000,67.1768000,-28.9120000,22.9000000,6.2150000,0.000000,0,0,0
14.860,-0.6197000,-0.0221000,9.6720000,60.1425000,62.2711000,67.1463000,-29.3730000,22.6410000,6.0540000,0.000000,0,0,0
14.870,-0.6209000,-0.0245000,9.6696000,60.1273000,62.1185000,67.1082000,-29.2140000,22.6050000,6.2260000,0.000000,0,0,0
14.880,-0.6233000,-0.0257000,9.6624000,60.1501000,62.0117000,67.1005000,-29.1870000,22.6400000,5.8920000,0.000000,0,0,0
14.890,-0.6209000,-0.0281000,9.6529000,60.1959000,62.0270000,67.1310000,-29.3800000,22.6120000,6.3150000,0.000000,0,0,0
14.900,-0.6149000,-0.0257000,9.6493000,60.3027000,62.1490000,67.1844000,-28.9660000,22.5880000,6.4320000,0.000000,0,0,0
14.910,-0.6053000,-0.0245000,9.6481000,60.4858000,62.3169000,67.2531000,-29.1930000,22.4900000,5.9930000,0.000000,0,0,0
14.920,-0.5958000,-0.0209000,9.6469000,60.6613000,62.5000000,67.3447000,-29.0250000,22.8900000,6.2840000,0.000000,0,0,0
14.930,-0.5886000,-0.0233000,9.6493000,60.8139000,62.6373000,67.4133000,-29.0540000,22.5280000,6.0030000,0.000000,0,0,0
14.940,-0.5886000,-0.0257000,9.6541000,60.9283000,62.6984000,67.4210000,-29.4770000,22.4850000,5.5700000,0.000000,0,0,0
14.950,-0.5969000,-0.0245000,9.6636000,60.9970000,62.6831000,67.3447000,-29.0110000,22.5710000,5.9240000,0.000000,0,0,0
14.960,-0.6101000,-0.0221000,9.6696000,60.9283000,62.6526000,67.2150000,-29.3860000,22.6990000,6.3820000,0.000000,0,0,0
14.970,-0.6221000,-0.0173000,9.6744000,60.7529000,62.6831000,67.0471000,-29.2090000,22.4800000,5.8740000,0.000000,0,0,0
14.980,-0.6257000,-0.0126000,9.6780000,60.5621000,62.7518000,66.8488000,-29.0750000,22.5720000,6.3000000,0.000000,0,0,0
14.990,-0.6185000,-0.0090000,9.6756000,60.4401000,62.8204000,66.6656000,-29.2610000,22.8180000,5.4240000,0.000000,0,0,0
15.000,-0.6089000,-0.0090000,9.6672000,60.3790000,62.8433000,66.5588000,-29.1480000,22.5130000,6.0550000,0.000000,0,0,0
15.010,-0.6005000,-0.0102000,9.6564000,60.4172000,62.7899000,66.5741000,-29.2250000,22.4570000,5.7710000,0.000000,0,0,0
15.020,-0.6005000,-0.0185000,9.6481000,60.5621000,62.6450000,66.7114000,-29.2530000,22.7180000,5.5860000,0.000000,0,0,0
15.030,-0.6113000,-0.0281000,9.6481000,60.7529000,62.5076000,66.8716000,-29.2030000,22.8040000,5.3060000,0.000000,0,0,0
15.040,-0.6304000,-0.0305000,9.6564000,60.9360000,62.4161000,66.9937000,-29.1860000,22.7410000,5.7790000,0.000000,0,0,0
15.050,-0.6472000,-0.0281000,9.6684000,61.0733000,62.3779000,67.1005000,-29.0540000,23.0660000,5.4880000,0.000000,0,0,0
15.060,-0.6472000,-0.0233000,9.6768000,61.1572000,62.4008000,67.1844000,-29.0200000,22.7650000,6.0350000,0.000000,0,0,0
15.070,-0.6281000,-0.0150000,9.6804000,61.1954000,62.4237000,67.2226000,-29.1540000,22.7300000,5.3380000,0.000000,0,0,0
15.080,-0.6029000,-0.0042000,9.6720000,61.2183000,62.3932000,67.2073000,-29.5250000,22.7090000,5.2490000,0.000000,0,0,0
15.090,-0.5790000,0.0030000,9.6588000,61.2259000,62.3474000,67.2073000,-29.2790000,22.5470000,5.6300000,0.000000,0,0,0
15.100,-0.5646000,0.0054000,9.6445000,61.2488000,62.3856000,67.2302000,-29.1950000,22.5100000,5.4530000,0.000000,0,0,0
15.110,-0.5682000,0.0030000,9.6349000,61.2869000,62.5153000,67.2760000,-29.2260000,22.8390000,5.4010000,0.000000,0,0,0
15.120,-0.5862000,-0.0006000,9.6361000,61.3098000,62.7518000,67.2989000,-28.9780000,22.6920000,5.6130000,0.000000,0,0,0
15.130,-0.6065000,-0.0006000,9.6505000,61.2183000,63.1790000,67.2455000,-29.4590000,22.5530000,4.9970000,0.000000,0,0,0
15.140,-0.6269000,0.0042000,9.6672000,61.0504000,63.7665000,67.1158000,-29.1690000,22.2980000,5.3480000,0.000000,0,0,0
15.150,-0.6520000,0.0042000,9.6792000,60.9283000,64.1785000,67.0013000,-29.3740000,22.7400000,4.8510000,0.000000,0,0,0
15.160,-0.6675000,0.0006000,9.6875000,60.9665000,64.2395000,66.9937000,-29.2410000,22.5360000,5.2170000,0.000000,0,0,0
15.170,-0.6639000,0.0042000,9.6923000,61.1038000,63.9343000,67.0624000,-29.2620000,22.5570000,4.9860000,0.000000,0,0,0
15.180,-0.6484000,0.0150000,9.6911000,61.2259000,63.4079000,67.1463000,-29.2140000,22.7130000,5.3730000,0.000000,0,0,0
15.190,-0.6269000,0.0269000,9.6887000,61.2564000,62.8586000,67.2607000,-29.1120000,22.8180000,5.0960000,0.000000,0,0,0
15.200,-0.6041000,0.0365000,9.6792000,61.1801000,62.4542000,67.4362000,-29.3070000,22.6340000,5.5310000,0.000000,0,0,0
15.210,-0.5874000,0.0401000,9.6672000,60.9970000,62.1719000,67.6422000,-29.5420000,22.6710000,5.4060000,0.000000,0,0,0
15.220,-0.5814000,0.0461000,9.6732000,60.7452000,61.8362000,67.7948000,-29.2250000,22.6580000,5.0560000,0.000000,0,0,0
15.230,-0.5886000,0.0580000,9.6875000,60.4935000,61.3480000,67.8940000,-29.4520000,22.5680000,5.1080000,0.000000,0,0,0
15.240,-0.6053000,0.0688000,9.6995000,60.2417000,60.6384000,68.0084000,-29.3600000,22.7620000,5.6670000,0.000000,0,0,0
15.250,-0.6173000,0.0712000,9.7031000,59.9747000,59.8602000,68.1610000,-29.2890000,22.3430000,5.2200000,0.000000,0,0,0
15.260,-0.6137000,0.0616000,9.6995000,59.7229000,59.1354000,68.2678000,-29.2870000,22.5890000,5.3150000,0.000000,0,0,0
15.270,-0.5993000,0.0401000,9.6828000,59.5627000,58.5785000,68.3289000,-29.4600000,22.8970000,5.9730000,0.000000,0,0,0
15.280,-0.5730000,0.0090000,9.6672000,59.5779000,58.1436000,68.4052000,-29.4070000,22.6350000,5.7460000,0.000000,0,0,0
15.290,-0.5443000,-0.0185000,9.6529000,59.8450000,57.9529000,68.5654000,-29.2880000,22.7100000,5.7240000,0.000000,0,0,0
15.300,-0.5168000,-0.0233000,9.6361000,60.3104000,57.9147000,68.7943000,-29.2080000,22.6330000,5.3300000,0.000000,0,0,0
15.310,-0.4965000,-0.0138000,9.6301000,60.7300000,58.1131000,69.0460000,-29.2430000,22.5990000,5.6290000,0.000000,0,0,0
15.320,-0.4893000,0.0018000,9.6277000,60.9055000,58.6166000,69.3054000,-29.5560000,22.7660000,5.3580000,0.000000,0,0,0
15.330,-0.4917000,0.0173000,9.6301000,60.7910000,59.3491000,69.5343000,-29.3780000,22.7860000,5.4760000,0.000000,0,0,0
15.340,-0.5012000,0.0209000,9.6277000,60.5316000,60.1807000,69.6945000,-29.6770000,22.9530000,5.4100000,0.000000,0,0,0
15.350,-0.5108000,0.0161000,9.6277000,60.2798000,60.9360000,69.7327000,-29.7660000,22.5120000,5.6600000,0.000000,0,0,0
15.360,-0.5228000,-0.0018000,9.6397000,60.1196000,61.5005000,69.6640000,-29.4850000,22.6350000,5.0130000,0.000000,0,0,0
15.370,-0.5395000,-0.0209000,9.6529000,60.0586000,61.8515000,69.4351000,-29.5180000,22.6900000,5.2300000,0.000000,0,0,0
15.380,-0.5623000,-0.0401000,9.6732000,60.1425000,62.0575000,68.6951000,-29.1830000,22.6440000,4.9100000,0.000000,0,0,0
15.390,-0.5826000,-0.0508000,9.6816000,60.2417000,61.9965000,68.1000000,-29.3150000,22.6180000,5.0070000,0.000000,0,0,0
15.400,-0.5981000,-0.0532000,9.6768000,60.3638000,61.7981000,67.5735000,-29.1510000,22.6540000,5.5580000,0.000000,0,0,0
15.410,-0.5993000,-0.0437000,9.6636000,60.5927000,61.6226000,67.1539000,-29.3450000,22.5520000,5.5450000,0.000000,0,0,0
15.420,-0.5802000,-0.0305000,9.6505000,60.9283000,61.5997000,66.8259000,-29.4520000,22.6120000,5.8040000,0.000000,0,0,0
15.430,-0.5467000,-0.0197000,9.6409000,61.2869000,61.7905000,66.6199000,-29.6950000,22.6990000,5.5480000,0.000000,0,0,0
15.440,-0.5036000,-0.0054000,9.6337000,61.5768000,62.1262000,66.5741000,-29.8470000,22.8390000,5.6030000,0.000000,0,0,0
15.450,-0.4594000,0.0126000,9.6265000,61.7828000,62.4466000,66.6656000,-29.4910000,22.4790000,6.6600000,0.000000,0,0,0
15.460,-0.4295000,0.0257000,9.6194000,61.8515000,62.7060000,66.8259000,-29.8910000,22.4640000,5.9870000,0.000000,0,0,0
15.470,-0.4163000,0.0329000,9.6158000,61.7905000,62.9959000,66.9556000,-29.6330000,22.8340000,5.5020000,0.000000,0,0,0
15.480,-0.4235000,0.0317000,9.6241000,61.7142000,63.2935000,66.9785000,-29.8380000,22.5550000,5.7700000,0.000000,0,0,0
15.490,-0.4426000,0.0293000,9.6445000,61.6760000,63.5757000,66.9022000,-29.4830000,22.7750000,5.4640000,0.000000,0,0,0
15.500,-0.4606000,0.0401000,9.6636000,61.6455000,63.8046000,66.7725000,-29.3990000,22.4700000,5.3470000,0.000000,0,0,0
15.510,-0.4749000,0.0652000,9.6708000,61.5234000,63.9114000,66.6885000,-29.7220000,22.4400000,5.8370000,0.000000,0,0,0
15.520,-0.4965000,0.0796000,9.6720000,61.2488000,63.8962000,66.7801000,-29.4120000,22.3630000,5.1410000,0.000000,0,0,0
15.530,-0.5252000,0.0724000,9.6732000,60.8826000,63.8580000,67.0319000,-29.6950000,22.6970000,5.7440000,0.000000,0,0,0
15.540,-0.5539000,0.0508000,9.6744000,60.5545000,63.7436000,67.3141000,-29.6720000,22.3270000,5.3530000,0.000000,0,0,0
15.550,-0.5742000,0.0245000,9.6744000,60.3943000,63.4537000,67.3981000,-29.3410000,22.4630000,5.8990000,0.000000,0,0,0
15.560,-0.5838000,0.0042000,9.6744000,60.4172000,63.0188000,67.2150000,-29.4100000,22.4730000,5.6870000,0.000000,0,0,0
15.570,-0.5778000,-0.0006000,9.6756000,60.5545000,62.5534000,66.8869000,-29.7020000,22.4510000,5.8670000,0.000000,0,0,0
15.580,-0.5623000,0.0102000,9.6732000,60.6918000,62.0956000,66.5817000,-29.4080000,22.5030000,6.1840000,0.000000,0,0,0
15.590,-0.5479000,0.0233000,9.6648000,60.7224000,61.7676000,66.4368000,-29.6370000,22.3670000,5.9800000,0.000000,0,0,0
15.600,-0.5395000,0.0341000,9.6576000,60.6308000,61.7447000,66.4062000,-29.5500000,22.3480000,5.4140000,0.000000,0,0,0
15.610,-0.5395000,0.0437000,9.6612000,60.4248000,61.9812000,66.4139000,-29.4590000,22.6540000,5.6730000,0.000000,0,0,0
15.620,-0.5467000,0.0508000,9.6744000,60.1578000,62.2787000,66.3757000,-29.3290000,22.5600000,4.7730000,0.000000,0,0,0
15.630,-0.5539000,0.0520000,9.6828000,59.8602000,62.5305000,66.3071000,-29.4180000,22.6860000,4.9380000,0.000000,0,0,0
15.640,-0.5599000,0.0473000,9.6780000,59.5398000,62.7060000,66.2003000,-29.3760000,22.2630000,5.5400000,0.000000,0,0,0
15.650,-0.5623000,0.0353000,9.6720000,59.1888000,62.6907000,66.0400000,-29.4130000,22.2960000,5.6040000,0.000000,0,0,0
15.660,-0.5599000,0.0221000,9.6684000,58.9676000,62.4771000,65.8875000,-29.4100000,22.4730000,5.5410000,0.000000,0,0,0
15.670,-0.5515000,0.0102000,9.6612000,58.9828000,62.1414000,65.8569000,-29.4410000,22.6220000,4.8600000,0.000000,0,0,0
15.680,-0.5347000,0.0006000,9.6564000,59.2117000,61.7752000,65.9714000,-29.6570000,22.6850000,5.9650000,0.000000,0,0,0
15.690,-0.5108000,-0.0018000,9.6576000,59.5551000,61.5082000,66.1163000,-29.3740000,22.6820000,5.7250000,0.000000,0,0,0
15.700,-0.4845000,0.0114000,9.6552000,59.8297000,61.4319000,66.1774000,-29.2520000,22.3080000,5.1660000,0.000000,0,0,0
15.710,-0.4654000,0.0293000,9.6517000,59.9213000,61.4929000,66.2460000,-29.5360000,22.6690000,5.6270000,0.000000,0,0,0
15.720,-0.4510000,0.0377000,9.6469000,59.8679000,61.6074000,66.4215000,-29.5070000,22.8420000,5.0510000,0.000000,0,0,0
15.730,-0.4414000,0.0281000,9.6421000,59.7687000,61.8057000,66.6122000,-29.6570000,22.5720000,5.3340000,0.000000,0,0,0
15.740,-0.4354000,0.0102000,9.6349000,59.6924000,62.1338000,66.6504000,-29.5630000,22.7660000,4.9030000,0.000000,0,0,0
15.750,-0.4354000,-0.0054000,9.6349000,59.6695000,62.5763000,66.4444000,-29.5760000,22.4160000,5.8030000,0.000000,0,0,0
15.760,-0.4378000,-0.0066000,9.6397000,59.6848000,63.0188000,66.1011000,-29.4790000,22.5760000,5.8130000,0.000000,0,0,0
15.770,-0.4486000,0.0042000,9.6445000,59.7382000,63.3163000,65.8569000,-29.5860000,22.6480000,4.9330000,0.000000,0,0,0
15.780,-0.4594000,0.0173000,9.6493000,59.8221000,63.4003000,65.8417000,-29.6200000,22.4480000,5.5450000,0.000000,0,0,0
15.790,-0.4701000,0.0269000,9.6612000,59.8984000,63.2095000,65.9561000,-29.8220000,22.4020000,5.8160000,0.000000,0,0,0
15.800,-0.4785000,0.0221000,9.6828000,59.9365000,62.6907000,66.0095000,-29.3290000,22.4090000,6.2110000,0.000000,0,0,0
15.810,-0.4821000,0.0042000,9.6983000,59.9594000,61.9202000,65.8646000,-29.7000000,22.3320000,5.8040000,0.000000,0,0,0
15.820,-0.4821000,-0.0114000,9.7007000,60.0433000,61.0809000,65.5212000,-29.1860000,22.2170000,5.6390000,0.000000,0,0,0
15.830,-0.4809000,-0.0114000,9.6828000,60.2188000,60.3485000,65.0864000,-29.6020000,22.4380000,5.7950000,0.000000,0,0,0
15.840,-0.4785000,-0.0018000,9.6576000,60.4477000,59.8373000,64.8270000,-29.4340000,22.5480000,5.3560000,0.000000,0,0,0
15.850,-0.4701000,0.0090000,9.6385000,60.6537000,59.7763000,64.9796000,-29.5070000,22.6130000,5.2580000,0.000000,0,0,0
15.860,-0.4570000,0.0185000,9.6289000,60.8215000,60.1044000,65.4755000,-29.6600000,22.7610000,5.9240000,0.000000,0,0,0
15.870,-0.4402000,0.0209000,9.6325000,60.9741000,60.5011000,66.1240000,-29.3600000,22.8610000,5.4190000,0.000000,0,0,0
15.880,-0.4450000,0.0030000,9.6301000,61.1572000,60.8063000,66.7343000,-29.4980000,22.7230000,5.3380000,0.000000,0,0,0
15.890,-0.4558000,-0.0317000,9.6265000,61.4395000,60.9360000,67.1921000,-29.4690000,22.8180000,5.5250000,0.000000,0,0,0
15.900,-0.4582000,-0.0664000,9.6349000,61.9354000,60.9360000,67.3218000,-29.5200000,22.7140000,5.4800000,0.000000,0,0,0
15.910,-0.4462000,-0.0796000,9.6564000,62.5610000,60.8673000,66.8640000,-29.4400000,22.6080000,5.7380000,0.000000,0,0,0
15.920,-0.4319000,-0.0664000,9.6840000,63.0951000,60.7376000,65.8646000,-29.4810000,22.7980000,5.6230000,0.000000,0,0,0
15.930,-0.4319000,-0.0293000,9.6911000,63.3392000,60.5621000,64.6896000,-29.4250000,22.6810000,6.2370000,0.000000,0,0,0
15.940,-0.4426000,0.0197000,9.6744000,63.1943000,60.5698000,63.7894000,-29.4560000,22.9600000,5.5960000,0.000000,0,0,0
15.950,-0.4558000,0.0556000,9.6541000,62.7747000,60.7452000,63.4003000,-29.8940000,22.9940000,5.5350000,0.000000,0,0,0
15.960,-0.4654000,0.0688000,9.6409000,62.3016000,61.2030000,63.4842000,-29.6560000,22.6220000,6.2830000,0.000000,0,0,0
15.970,-0.4606000,0.0700000,9.6301000,62.0041000,62.0270000,63.7894000,-29.6220000,22.7980000,5.7020000,0.000000,0,0,0
15.980,-0.4462000,0.0616000,9.6265000,61.8973000,63.1866000,64.0182000,-29.7490000,22.8940000,5.6320000,0.000000,0,0,0
15.990,-0.4378000,0.0484000,9.6457000,61.8668000,64.3005000,64.0335000,-29.6230000,22.5680000,5.3860000,0.000000,0,0,0
16.000,-0.4462000,0.0305000,9.6899000,61.8973000,64.8880000,63.8657000,-29.5530000,22.5090000,5.5780000,0.000000,0,0,0
16.010,-0.4761000,0.0221000,9.7486000,61.9965000,64.4226000,63.5605000,-29.5590000,23.1300000,5.5360000,0.000000,0,0,0
16.020,-0.5575000,0.0413000,9.8203000,62.1185000,61.5158000,62.9578000,-29.2540000,22.9760000,5.5140000,0.000000,0,0,0
16.030,-0.6113000,0.0760000,9.8275000,61.9431000,58.5251000,62.6144000,-29.4300000,22.7420000,5.0930000,0.000000,0,0,0
16.040,-0.6340000,0.1190000,9.7988000,61.4853000,55.5649000,62.4542000,-29.1920000,22.8500000,5.2160000,0.000000,0,0,0
16.050,-0.6113000,0.1549000,9.7581000,60.7452000,53.3676000,62.5381000,-29.3740000,22.8340000,5.5330000,0.000000,0,0,0
16.060,-0.5431000,0.1800000,9.7127000,59.7992000,52.2537000,62.7441000,-29.4400000,22.8960000,5.5820000,0.000000,0,0,0
16.070,-0.4331000,0.1920000,9.6612000,58.7387000,52.1317000,62.8967000,-29.5940000,22.9730000,5.5520000,0.000000,0,0,0
16.080,-0.3146000,0.1741000,9.5954000,57.7621000,52.8183000,63.0035000,-29.3030000,22.6090000,5.8330000,0.000000,0,0,0
16.090,-0.2105000,0.1178000,9.5272000,57.1594000,54.2374000,63.1866000,-29.2430000,22.7390000,5.2150000,0.000000,0,0,0
16.100,-0.1172000,0.0473000,9.4686000,57.1518000,56.2592000,63.4537000,-29.3130000,22.9470000,4.9790000,0.000000,0,0,0
16.110,-0.0431000,-0.0245000,9.4315000,57.7087000,58.7387000,63.5834000,-29.4550000,22.9460000,4.7810000,0.000000,0,0,0
16.120,0.0036000,-0.0867000,9.4208000,58.6548000,61.5387000,63.3621000,-29.3420000,22.8580000,5.0550000,0.000000,0,0,0
16.130,0.0156000,-0.1286000,9.4459000,59.8221000,64.3921000,62.7060000,-29.5650000,23.2240000,4.7040000,0.000000,0,0,0
16.140,-0.0144000,-0.1418000,9.4938000,61.1725000,66.8411000,61.7676000,-29.3030000,22.9200000,5.6630000,0.000000,0,0,0
16.150,-0.0802000,-0.1238000,9.5536000,62.5916000,68.5425000,60.8139000,-29.4690000,23.1910000,5.2240000,0.000000,0,0,0
16.160,-0.1627000,-0.0891000,9.6062000,63.9343000,69.4199000,60.1807000,-29.2000000,23.3900000,4.7240000,0.000000,0,0,0
16.170,-0.2381000,-0.0544000,9.6409000,65.0787000,69.5724000,59.9136000,-29.3740000,23.1200000,4.2250000,0.000000,0,0,0
16.180,-0.2847000,-0.0245000,9.6552000,65.8951000,69.2596000,59.7610000,-29.1740000,23.1210000,4.4630000,0.000000,0,0,0
16.190,-0.2967000,0.0150000,9.6588000,66.2994000,68.8095000,59.2957000,-28.9880000,23.1760000,5.1040000,0.000000,0,0,0
16.200,-0.2883000,0.0712000,9.6624000,66.2689000,68.5730000,58.3572000,-28.7780000,23.0860000,5.1810000,0.000000,0,0,0
16.210,-0.2847000,0.1418000,9.6648000,65.8875000,68.6951000,57.2510000,-29.0440000,23.2660000,5.1240000,0.000000,0,0,0
16.220,-0.3074000,0.2040000,9.6600000,65.3610000,69.1910000,56.5567000,-29.0230000,23.2360000,5.3520000,0.000000,0,0,0
16.230,-0.3637000,0.2351000,9.6600000,64.8651000,70.0226000,56.6406000,-29.1330000,23.4110000,5.7520000,0.000000,0,0,0
16.240,-0.4295000,0.2363000,9.6696000,64.5752000,70.9610000,57.3425000,-28.7610000,23.5940000,5.0830000,0.000000,0,0,0
16.250,-0.4953000,0.2052000,9.6983000,64.4836000,71.7010000,58.1360000,-28.7540000,23.4710000,4.8210000,0.000000,0,0,0
16.260,-0.5587000,0.1442000,9.7462000,64.4913000,72.0596000,58.4793000,-28.6830000,23.2470000,4.7800000,0.000000,0,0,0
16.270,-0.6053000,0.0831000,9.7988000,64.6133000,71.7621000,58.0521000,-28.7640000,23.1650000,5.1090000,0.000000,0,0,0
16.280,-0.6400000,0.0508000,9.8431000,65.0787000,70.6406000,56.9229000,-28.4770000,23.3960000,5.1190000,0.000000,0,0,0
16.290,-0.6723000,0.0628000,9.8598000,65.8798000,68.6722000,55.6488000,-28.5180000,23.5210000,5.7620000,0.000000,0,0,0
16.300,-0.6915000,0.1214000,9.8395000,66.7496000,66.4139000,54.8401000,-28.6310000,23.5140000,5.0720000,0.000000,0,0,0
16.310,-0.6962000,0.2076000,9.7833000,67.3447000,64.5370000,54.8248000,-28.6230000,23.4010000,4.6390000,0.000000,0,0,0
16.320,-0.6807000,0.2889000,9.7210000,67.5125000,63.3698000,55.5115000,-28.4840000,23.6410000,4.5750000,0.000000,0,0,0
16.330,-0.6508000,0.3463000,9.6804000,67.1539000,62.9883000,56.5567000,-28.3640000,23.8340000,5.0640000,0.000000,0,0,0
16.340,-0.6281000,0.3774000,9.6708000,66.2460000,63.1180000,57.4875000,-28.2070000,23.5170000,4.4470000,0.000000,0,0,0
16.350,-0.6029000,0.3882000,9.6804000,64.9948000,63.4308000,58.0292000,-28.5040000,23.8510000,4.1210000,0.000000,0,0,0
16.360,-0.5934000,0.4002000,9.6875000,63.9038000,63.7970000,58.0597000,-28.0770000,23.9450000,4.5920000,0.000000,0,0,0
16.370,-0.6005000,0.3846000,9.6720000,63.5605000,63.8046000,57.8384000,-28.2870000,23.6880000,4.7220000,0.000000,0,0,0
16.380,-0.6053000,0.3296000,9.6672000,63.5986000,63.4079000,57.9834000,-28.1980000,24.0860000,4.7440000,0.000000,0,0,0
16.390,-0.5802000,0.2769000,9.6792000,63.4766000,63.4460000,58.3267000,-28.3590000,24.0470000,4.7290000,0.000000,0,0,0
16.400,-0.5300000,0.2291000,9.6971000,63.0798000,63.8123000,57.9758000,-28.2780000,24.1280000,4.7060000,0.000000,0,0,0
16.410,-0.5084000,0.1561000,9.7198000,62.9425000,64.1632000,56.7245000,-28.1180000,24.0510000,4.5040000,0.000000,0,0,0
16.420,-0.5168000,0.0879000,9.7450000,63.5300000,64.1861000,55.0995000,-28.1770000,24.4010000,4.5850000,0.000000,0,0,0
16.430,-0.5264000,0.0700000,9.7641000,64.8422000,63.6444000,53.5583000,-27.9500000,24.1640000,4.9030000,0.000000,0,0,0
16.440,-0.5276000,0.0963000,9.7833000,66.4978000,62.5076000,52.1927000,-27.9810000,23.8070000,5.3830000,0.000000,0,0,0
16.450,-0.5240000,0.1465000,9.8060000,68.3060000,60.8826000,51.0254000,-27.7360000,23.9900000,4.9100000,0.000000,0,0,0
16.460,-0.5395000,0.2099000,9.8191000,70.0989000,58.9905000,50.0565000,-27.8540000,24.1010000,5.0940000,0.000000,0,0,0
16.470,-0.5264000,0.3068000,9.8000000,71.3959000,56.8466000,49.1943000,-27.8400000,24.3580000,5.0100000,0.000000,0,0,0
16.480,-0.4785000,0.4432000,9.7486000,71.8765000,55.0919000,48.5535000,-27.6540000,24.3530000,5.0170000,0.000000,0,0,0
16.490,-0.4402000,0.5856000,9.6744000,71.4035000,54.6341000,48.4238000,-27.3950000,24.4470000,4.5940000,0.000000,0,0,0
16.500,-0.3852000,0.7136000,9.6122000,70.1141000,55.7327000,49.0723000,-27.2760000,24.3790000,4.8360000,0.000000,0,0,0
16.510,-0.3326000,0.8057000,9.5799000,68.5120000,57.8537000,50.4761000,-27.5720000,24.1470000,4.9380000,0.000000,0,0,0
16.520,-0.2991000,0.8416000,9.5823000,67.0395000,60.1501000,52.3987000,-27.2090000,24.3110000,5.0210000,0.000000,0,0,0
16.530,-0.2859000,0.8213000,9.6086000,65.8569000,62.0193000,54.4510000,-27.4570000,24.2200000,5.2120000,0.000000,0,0,0
16.540,-0.2859000,0.7734000,9.6409000,64.9872000,63.3774000,56.2210000,-27.0800000,24.5110000,5.0300000,0.000000,0,0,0
16.550,-0.2979000,0.7303000,9.6445000,64.3997000,64.3997000,57.2891000,-27.1340000,24.4360000,4.6130000,0.000000,0,0,0
16.560,-0.3218000,0.6669000,9.6265000,64.0259000,65.0177000,57.7469000,-27.2130000,24.3630000,5.2790000,0.000000,0,0,0
16.570,-0.3553000,0.5688000,9.6373000,63.7589000,65.6357000,57.9376000,-27.3200000,24.4490000,4.5240000,0.000000,0,0,0
16.580,-0.3924000,0.4576000,9.6696000,64.0182000,65.8112000,57.9071000,-27.2770000,24.3780000,4.5250000,0.000000,0,0,0
16.590,-0.4127000,0.3559000,9.7139000,65.1474000,64.7583000,57.3959000,-27.2120000,24.5590000,4.4560000,0.000000,0,0,0
16.600,-0.4151000,0.2781000,9.7486000,67.0319000,62.8815000,56.3202000,-27.0230000,24.6850000,4.3710000,0.000000,0,0,0
16.610,-0.4283000,0.2446000,9.7258000,69.1071000,61.2335000,54.9545000,-27.0040000,24.4440000,4.9050000,0.000000,0,0,0
16.620,-0.4283000,0.2829000,9.6433000,70.5566000,60.7071000,53.6728000,-26.7450000,24.6820000,4.7580000,0.000000,0,0,0
16.630,-0.4043000,0.4014000,9.5129000,70.9686000,61.6837000,52.5513000,-26.7810000,24.7900000,4.7650000,0.000000,0,0,0
16.640,-0.3732000,0.5449000,9.3693000,70.3430000,63.6597000,51.7578000,-26.6910000,24.9090000,4.9580000,0.000000,0,0,0
16.650,-0.3625000,0.7016000,9.2258000,68.0389000,67.6193000,51.7197000,-26.7870000,24.7000000,4.5940000,0.000000,0,0,0
16.660,-0.3984000,0.7447000,9.1959000,66.4291000,69.8013000,52.4673000,-26.8280000,25.0020000,4.2940000,0.000000,0,0,0
16.670,-0.4390000,0.7519000,9.2318000,65.3687000,70.6100000,53.4210000,-26.5440000,24.9220000,4.0860000,0.000000,0,0,0
16.680,-0.4845000,0.7351000,9.3131000,64.8270000,70.2667000,54.1992000,-26.4080000,24.9280000,4.0200000,0.000000,0,0,0
16.690,-0.5108000,0.7100000,9.4184000,64.5065000,68.9926000,54.5807000,-26.4360000,24.8710000,3.8640000,0.000000,0,0,0
16.700,-0.5204000,0.6789000,9.5153000,64.0945000,67.4210000,54.5654000,-26.3890000,24.8890000,4.1280000,0.000000,0,0,0
16.710,-0.5323000,0.6203000,9.6086000,63.4842000,66.3452000,54.2984000,-26.3780000,24.8640000,3.8450000,0.000000,0,0,0
16.720,-0.5407000,0.5329000,9.7007000,62.9349000,66.0400000,53.8712000,-26.1470000,24.7430000,4.7080000,0.000000,0,0,0
16.730,-0.5479000,0.4217000,9.8132000,62.8967000,65.7959000,53.2455000,-26.0550000,24.9000000,4.2570000,0.000000,0,0,0
16.740,-0.5694000,0.3092000,9.9388000,63.7970000,65.0711000,52.2919000,-25.8600000,25.1620000,3.9730000,0.000000,0,0,0
16.750,-0.6101000,0.2195000,10.0476000,65.4984000,63.5681000,50.9491000,-26.0060000,25.3820000,4.0160000,0.000000,0,0,0
16.760,-0.6544000,0.1812000,10.1385000,67.5278000,61.1496000,49.2554000,-26.1790000,25.2800000,4.0290000,0.000000,0,0,0
16.770,-0.6687000,0.2339000,10.1697000,69.3054000,58.5632000,47.3785000,-25.7000000,25.3090000,4.3660000,0.000000,0,0,0
16.780,-0.6556000,0.3858000,10.1182000,70.4422000,56.4957000,45.6696000,-25.2860000,25.5520000,3.4890000,0.000000,0,0,0
16.790,-0.6269000,0.6131000,9.9926000,70.7474000,55.6641000,44.6701000,-25.7690000,25.6640000,3.1930000,0.000000,0,0,0
16.800,-0.6089000,0.8631000,9.8490000,70.3964000,56.5109000,44.8761000,-25.4090000,25.6710000,3.4080000,0.000000,0,0,0
16.810,-0.6316000,1.0665000,9.7222000,69.7403000,59.0591000,46.4401000,-25.6330000,25.5760000,3.2460000,0.000000,0,0,0
16.820,-0.7034000,1.1861000,9.6397000,69.2902000,62.2864000,49.0570000,-25.2860000,25.7450000,3.3270000,0.000000,0,0,0
16.830,-0.7943000,1.2148000,9.5978000,69.2215000,65.0635000,51.8494000,-25.1150000,25.6230000,2.9170000,0.000000,0,0,0
16.840,-0.8865000,1.1777000,9.5775000,69.5038000,67.0624000,53.9322000,-25.3160000,25.3280000,3.5280000,0.000000,0,0,0
16.850,-0.9499000,1.1323000,9.5380000,69.8013000,68.4814000,54.8325000,-25.0570000,25.3930000,2.9210000,0.000000,0,0,0
16.860,-0.9451000,1.1407000,9.4914000,69.6869000,69.5724000,54.5273000,-24.8530000,25.2450000,3.2430000,0.000000,0,0,0
16.870,-0.8984000,1.1981000,9.4351000,68.8019000,70.7245000,53.6423000,-24.7960000,25.2220000,2.9660000,0.000000,0,0,0
16.880,-0.8207000,1.2770000,9.3681000,66.9403000,72.4411000,53.0701000,-24.7530000,25.5980000,3.0640000,0.000000,0,0,0
16.890,-0.7453000,1.3333000,9.2677000,64.1708000,74.6918000,53.2303000,-24.7910000,25.8320000,2.7870000,0.000000,0,0,0
16.900,-0.6771000,1.3309000,9.1684000,60.8139000,76.5915000,53.9551000,-24.6450000,25.6770000,2.8780000,0.000000,0,0,0
16.910,-0.6269000,1.2711000,9.1014000,57.3425000,77.5223000,54.6646000,-24.5900000,25.5740000,3.0550000,0.000000,0,0,0
16.920,-0.5993000,1.1754000,9.0978000,54.1763000,77.2247000,54.8019000,-24.4560000,25.4710000,2.9950000,0.000000,0,0,0
16.930,-0.6041000,1.0856000,9.1396000,51.3458000,76.3474000,54.0466000,-24.4800000,25.6550000,3.2830000,0.000000,0,0,0
16.940,-0.6496000,1.0139000,9.2246000,48.6145000,75.1648000,52.4979000,-24.5590000,25.6050000,2.8040000,0.000000,0,0,0
16.950,-0.7537000,0.9493000,9.3992000,46.1960000,72.5479000,50.7126000,-24.3210000,25.6500000,3.5840000,0.000000,0,0,0
16.960,-0.8721000,0.8583000,9.7187000,45.0745000,66.0553000,49.2096000,-24.5400000,25.6960000,3.7250000,0.000000,0,0,0
16.970,-0.9582000,0.7279000,10.0572000,45.8679000,56.0913000,48.2635000,-24.6160000,25.4390000,4.0310000,0.000000,0,0,0
16.980,-1.0252000,0.5784000,10.2558000,47.9126000,45.6924000,48.2025000,-24.2770000,25.6810000,3.9790000,0.000000,0,0,0
16.990,-1.0336000,0.4576000,10.2737000,50.1251000,37.4451000,49.0799000,-24.3920000,25.6520000,3.4650000,0.000000,0,0,0
17.000,-0.9439000,0.3858000,10.1577000,51.6281000,32.9437000,50.2014000,-24.4640000,25.7080000,3.8850000,0.000000,0,0,0
17.010,-0.7716000,0.3667000,9.9771000,52.3758000,32.7148000,50.6058000,-24.0690000,25.4220000,4.1290000,0.000000,0,0,0
17.020,-0.5694000,0.3714000,9.7821000,52.9099000,35.7590000,49.8428000,-24.2500000,25.4680000,4.0270000,0.000000,0,0,0
17.030,-0.3936000,0.3786000,9.5942000,53.7262000,40.4663000,48.2635000,-24.0180000,25.3560000,3.9460000,0.000000,0,0,0
17.040,-0.2811000,0.4002000,9.4100000,54.8325000,45.4254000,46.5088000,-23.9900000,25.6310000,4.6250000,0.000000,0,0,0
17.050,-0.2249000,0.4528000,9.2569000,55.7938000,50.0488000,45.0134000,-23.6190000,25.7430000,4.4870000,0.000000,0,0,0
17.060,-0.2105000,0.5294000,9.1755000,56.2820000,54.2984000,43.9224000,-23.7490000,25.7430000,4.0650000,0.000000,0,0,0
17.070,-0.2237000,0.6119000,9.1887000,56.0837000,58.3878000,43.2358000,-23.3280000,25.6120000,4.3170000,0.000000,0,0,0
17.080,-0.2500000,0.6885000,9.2796000,55.1453000,62.3016000,42.8467000,-23.0150000,25.7600000,4.1040000,0.000000,0,0,0
17.090,-0.3039000,0.7375000,9.3909000,53.6804000,65.2237000,42.6407000,-23.3090000,25.7040000,4.5300000,0.000000,0,0,0
17.100,-0.3816000,0.7590000,9.4866000,52.2079000,66.3223000,42.7170000,-23.3250000,25.4860000,4.7560000,0.000000,0,0,0
17.110,-0.4677000,0.7782000,9.5332000,51.0864000,65.5136000,43.2434000,-23.3290000,25.7550000,3.8840000,0.000000,0,0,0
17.120,-0.5383000,0.8213000,9.5368000,50.1785000,63.4232000,44.0826000,-23.1160000,25.4230000,4.5360000,0.000000,0,0,0
17.130,-0.5934000,0.8966000,9.5177000,49.3164000,60.8444000,44.9066000,-22.7710000,25.3300000,4.2490000,0.000000,0,0,0
17.140,-0.6376000,0.9911000,9.4854000,48.4695000,58.0826000,45.6238000,-23.0610000,25.3900000,4.5630000,0.000000,0,0,0
17.150,-0.6604000,1.0629000,9.4519000,47.7066000,55.1758000,46.3409000,-22.9320000,25.3610000,4.6310000,0.000000,0,0,0
17.160,-0.6304000,1.0605000,9.4327000,46.9894000,51.9409000,46.9513000,-22.6740000,25.4190000,4.6560000,0.000000,0,0,0
17.170,-0.5527000,0.9505000,9.4435000,46.3562000,47.7753000,47.0581000,-22.7740000,25.3910000,4.3810000,0.000000,0,0,0
17.180,-0.4510000,0.7590000,9.4638000,45.7840000,43.2434000,46.4172000,-22.9920000,25.5400000,4.0870000,0.000000,0,0,0
17.190,-0.3589000,0.5545000,9.4878000,45.1889000,39.5355000,45.3873000,-22.8240000,25.1810000,3.6640000,0.000000,0,0,0
17.200,-0.2931000,0.3918000,9.5069000,44.5023000,36.7050000,44.6014000,-22.6540000,25.3670000,5.0410000,0.000000,0,0,0
17.210,-0.1938000,0.3009000,9.4603000,43.6859000,33.1650000,44.3192000,-22.7420000,25.3510000,5.2060000,0.000000,0,0,0
17.220,-0.1926000,0.4432000,9.5260000,42.8772000,28.2516000,43.9377000,-22.3240000,25.4630000,5.3600000,0.000000,0,0,0
17.230,-0.1364000,0.5437000,9.6002000,42.2974000,25.2228000,43.1290000,-22.6130000,25.2790000,4.3710000,0.000000,0,0,0
17.240,-0.0371000,0.5712000,9.6612000,41.6031000,25.6882000,42.1753000,-22.4070000,25.3780000,4.6510000,0.000000,0,0,0
17.250,0.0778000,0.4911000,9.6493000,40.7715000,30.7007000,41.3284000,-22.4300000,25.3040000,4.5170000,0.000000,0,0,0
17.260,0.1675000,0.3176000,9.5560000,39.8331000,38.3148000,40.6418000,-22.0690000,25.4880000,5.1360000,0.000000,0,0,0
17.270,0.1878000,0.1071000,9.4435000,39.1464000,45.8755000,39.9246000,-22.2360000,25.1910000,5.5350000,0.000000,0,0,0
17.280,0.1531000,-0.0712000,9.3897000,39.2151000,51.8341000,39.2380000,-22.0980000,25.1120000,4.8300000,0.000000,0,0,0
17.290,0.1101000,-0.2028000,9.4196000,40.3214000,56.0226000,38.8641000,-21.9830000,25.1060000,5.3120000,0.000000,0,0,0
17.300,0.1029000,-0.2805000,9.5500000,42.4423000,59.4788000,39.0472000,-21.8880000,25.3100000,4.9070000,0.000000,0,0,0
17.310,0.1256000,-0.3009000,9.7043000,45.3644000,64.2548000,39.9399000,-21.7640000,25.3340000,5.2510000,0.000000,0,0,0
17.320,0.1256000,-0.2710000,9.7892000,48.3856000,69.5419000,41.3742000,-21.6660000,24.7850000,5.0340000,0.000000,0,0,0
17.330,0.0993000,-0.1597000,9.8179000,51.9485000,75.5920000,43.4723000,-21.3320000,24.9980000,5.2000000,0.000000,0,0,0
17.340,0.0586000,-0.0807000,9.8263000,53.6880000,77.6901000,44.1055000,-21.0830000,25.2040000,4.9390000,0.000000,0,0,0
17.350,0.0060000,-0.0329000,9.8132000,55.2063000,78.3844000,43.9453000,-21.4210000,25.2310000,5.0830000,0.000000,0,0,0
17.360,-0.0514000,-0.0066000,9.7617000,56.6101000,77.8961000,43.1595000,-21.1560000,25.2160000,5.0820000,0.000000,0,0,0
17.370,-0.1077000,0.0054000,9.6852000,57.9376000,76.6678000,42.0685000,-20.7430000,25.0720000,5.1130000,0.000000,0,0,0
17.380,-0.1388000,0.0018000,9.5859000,59.2270000,75.0809000,41.1072000,-20.6900000,25.2740000,5.0560000,0.000000,0,0,0
17.390,-0.0502000,-0.0018000,9.3861000,60.5850000,70.9457000,40.7104000,-20.5760000,25.5200000,5.1030000,0.000000,0,0,0
17.400,-0.1603000,0.0018000,9.4088000,62.1948000,62.8204000,40.4816000,-20.5560000,25.8640000,5.0850000,0.000000,0,0,0
17.410,-0.1747000,-0.0126000,9.5368000,63.8504000,58.4717000,39.9857000,-20.0480000,25.5040000,4.5310000,0.000000,0,0,0
17.420,-0.1806000,-0.0413000,9.6277000,65.0406000,58.0063000,40.1611000,-20.0670000,25.7140000,4.4160000,0.000000,0,0,0
17.430,-0.2058000,-0.0389000,9.6660000,65.6128000,58.0139000,41.2445000,-19.7830000,25.5770000,4.3390000,0.000000,0,0,0
17.440,-0.0921000,-0.0066000,9.5703000,65.5823000,55.4199000,43.0298000,-19.8660000,25.7660000,4.4430000,0.000000,0,0,0
17.450,-0.1771000,0.1047000,9.6170000,65.4144000,49.1486000,44.3802000,-19.8710000,25.4350000,4.7430000,0.000000,0,0,0
17.460,-0.1148000,0.1920000,9.7103000,65.5212000,46.3257000,44.0445000,-19.8730000,25.4620000,5.0570000,0.000000,0,0,0
17.470,0.0694000,0.1908000,9.7031000,65.8569000,47.8973000,42.8085000,-20.1460000,25.7930000,4.6960000,0.000000,0,0,0
17.480,0.1603000,0.1908000,9.6684000,66.4215000,48.5764000,41.4581000,-19.9900000,25.9780000,5.0800000,0.000000,0,0,0
17.490,0.1412000,0.2339000,9.7629000,67.1158000,49.6521000,39.5737000,-19.8010000,25.7010000,4.5510000,0.000000,0,0,0
17.500,0.1890000,0.2231000,9.8263000,67.3904000,54.0543000,37.6358000,-19.8120000,25.7260000,4.7550000,0.000000,0,0,0
17.510,0.1687000,0.2494000,9.8371000,67.2226000,57.9910000,36.6974000,-19.2590000,25.6840000,4.6950000,0.000000,0,0,0
17.520,0.1089000,0.3260000,9.8909000,66.9861000,61.4319000,36.4685000,-19.1470000,25.6800000,4.6870000,0.000000,0,0,0
17.530,0.1388000,0.3714000,9.9113000,66.6733000,66.6046000,36.5906000,-18.9720000,25.5410000,4.5720000,0.000000,0,0,0
17.540,0.1579000,0.4037000,9.8227000,66.4368000,70.6406000,36.8805000,-18.7650000,25.9000000,4.1210000,0.000000,0,0,0
17.550,0.0526000,0.4875000,9.7988000,66.6428000,71.4111000,36.7813000,-18.1870000,25.8830000,4.7850000,0.000000,0,0,0
17.560,0.0000000,0.5353000,9.8048000,67.3447000,72.4258000,35.9039000,-18.2880000,25.9400000,4.7710000,0.000000,0,0,0
17.570,0.0084000,0.5162000,9.7378000,68.4204000,73.4253000,34.6832000,-18.1590000,25.9260000,4.7620000,0.000000,0,0,0
17.580,-0.0431000,0.4875000,9.7127000,69.8318000,71.3425000,33.2184000,-18.0840000,25.9930000,4.7950000,0.000000,0,0,0
17.590,-0.0311000,0.4779000,9.7019000,71.4493000,69.4275000,31.0211000,-17.7420000,25.9210000,4.4430000,0.000000,0,0,0
17.600,-0.0167000,0.4624000,9.6899000,72.9446000,68.2144000,28.6102000,-17.5280000,25.6380000,4.3190000,0.000000,0,0,0
17.610,-0.0335000,0.4899000,9.6923000,74.3790000,67.0700000,26.3138000,-17.2000000,25.8540000,4.9590000,0.000000,0,0,0
17.620,-0.0311000,0.5533000,9.7043000,75.5692000,66.5817000,24.3835000,-16.9990000,25.8470000,3.9590000,0.000000,0,0,0
17.630,-0.0634000,0.6035000,9.6911000,76.1414000,66.9937000,23.0255000,-16.5580000,25.9010000,4.1310000,0.000000,0,0,0
17.640,-0.1113000,0.6466000,9.6457000,75.9506000,67.9321000,22.3007000,-16.6390000,25.8700000,4.7290000,0.000000,0,0,0
17.650,-0.1531000,0.6789000,9.5727000,75.1648000,68.9545000,22.2015000,-16.3510000,25.6710000,4.4910000,0.000000,0,0,0
17.660,-0.2022000,0.6849000,9.4973000,74.1959000,69.6106000,22.5372000,-16.2240000,25.8690000,4.2380000,0.000000,0,0,0
17.670,-0.2357000,0.6514000,9.4770000,73.4100000,69.1452000,23.0789000,-15.9610000,25.9820000,4.2410000,0.000000,0,0,0
17.680,-0.2692000,0.5856000,9.5177000,72.8455000,67.8253000,23.6511000,-15.6350000,25.8000000,3.6500000,0.000000,0,0,0
17.690,-0.3015000,0.5138000,9.5811000,72.0062000,66.6275000,24.4293000,-15.1940000,26.1780000,4.4090000,0.000000,0,0,0
17.700,-0.3350000,0.4576000,9.6541000,70.4117000,66.1087000,25.7874000,-15.4630000,25.8560000,4.2220000,0.000000,0,0,0
17.710,-0.3673000,0.4468000,9.7210000,68.0161000,66.4444000,27.8473000,-14.9580000,25.8380000,4.0680000,0.000000,0,0,0
17.720,-0.3673000,0.4971000,9.7378000,65.1169000,67.3370000,30.4642000,-14.9780000,25.8270000,4.4580000,0.000000,0,0,0
17.730,-0.3553000,0.6011000,9.6911000,62.0804000,67.7948000,33.2718000,-14.8410000,26.0720000,3.8550000,0.000000,0,0,0
17.740,-0.3720000,0.7387000,9.6301000,59.3185000,67.3141000,35.6979000,-14.7270000,25.7900000,3.3420000,0.000000,0,0,0
17.750,-0.3840000,0.8500000,9.5811000,57.1671000,66.4139000,37.3154000,-14.5520000,25.9660000,3.2610000,0.000000,0,0,0
17.760,-0.3732000,0.8823000,9.5631000,55.8624000,65.5060000,38.1241000,-14.5670000,25.7500000,4.2530000,0.000000,0,0,0
17.770,-0.3445000,0.8392000,9.5906000,55.3360000,64.9719000,38.5284000,-13.9070000,25.5490000,3.8590000,0.000000,0,0,0
17.780,-0.2907000,0.7423000,9.6433000,55.2902000,65.2084000,38.8260000,-14.2300000,25.6860000,3.6100000,0.000000,0,0,0
17.790,-0.2488000,0.6203000,9.6840000,55.4504000,65.8646000,39.0015000,-14.0780000,25.4490000,4.2250000,0.000000,0,0,0
17.800,-0.2644000,0.5102000,9.7091000,55.6259000,66.2003000,39.0701000,-13.8330000,25.6460000,4.2060000,0.000000,0,0,0
17.810,-0.3278000,0.4372000,9.7175000,55.7785000,65.9409000,39.2685000,-13.5670000,25.6900000,3.6470000,0.000000,0,0,0
17.820,-0.4175000,0.4157000,9.6899000,55.8853000,65.1093000,39.9017000,-13.6920000,25.6650000,4.3340000,0.000000,0,0,0
17.830,-0.5132000,0.4516000,9.6361000,55.9692000,63.6749000,41.0233000,-13.7510000,25.5770000,3.8930000,0.000000,0,0,0
17.840,-0.5443000,0.5282000,9.5739000,56.1676000,61.6074000,42.2745000,-13.8990000,25.7160000,4.6120000,0.000000,0,0,0
17.850,-0.5012000,0.5832000,9.5081000,56.4804000,58.1970000,43.2205000,-13.5070000,25.7430000,4.9980000,0.000000,0,0,0
17.860,-0.4869000,0.6502000,9.4507000,56.8619000,54.2908000,43.4189000,-13.3080000,25.8060000,4.5580000,0.000000,0,0,0
17.870,-0.4594000,0.7208000,9.4256000,57.3578000,51.3840000,42.6559000,-13.3380000,25.5670000,3.4260000,0.000000,0,0,0
17.880,-0.4079000,0.7531000,9.4435000,58.1589000,49.8734000,41.1224000,-13.0190000,25.5850000,3.8240000,0.000000,0,0,0
17.890,-0.3541000,0.7339000,9.5033000,59.3491000,49.5758000,39.3906000,-13.2550000,25.4560000,4.3110000,0.000000,0,0,0
17.900,-0.3027000,0.6753000,9.5823000,60.6079000,50.5676000,38.0859000,-12.9700000,25.3390000,3.6760000,0.000000,0,0,0
17.910,-0.2512000,0.6298000,9.6373000,61.5463000,52.7039000,37.4069000,-12.6520000,25.3640000,4.0960000,0.000000,0,0,0
17.920,-0.2201000,0.6442000,9.6505000,61.9278000,55.1682000,37.2086000,-12.6790000,25.4440000,3.4890000,0.000000,0,0,0
17.930,-0.2141000,0.7124000,9.6349000,61.6837000,57.5104000,37.1170000,-12.3430000,25.2710000,3.2780000,0.000000,0,0,0
17.940,-0.2129000,0.8009000,9.6098000,60.8673000,59.7153000,36.8195000,-12.3010000,25.1990000,3.9550000,0.000000,0,0,0
17.950,-0.1962000,0.8823000,9.5942000,59.7229000,61.4929000,36.1557000,-12.2300000,25.2060000,3.9750000,0.000000,0,0,0
17.960,-0.1771000,0.9361000,9.5883000,58.6395000,62.7823000,35.1562000,-11.9630000,25.1840000,4.4330000,0.000000,0,0,0
17.970,-0.1818000,0.9516000,9.5619000,57.8918000,63.6063000,33.9508000,-11.7200000,24.8610000,3.4740000,0.000000,0,0,0
17.980,-0.2022000,0.9409000,9.5249000,57.5638000,63.8504000,32.7454000,-11.4640000,25.0040000,3.8990000,0.000000,0,0,0
17.990,-0.2213000,0.9253000,9.4961000,57.5714000,63.5910000,31.6544000,-11.4360000,24.9300000,4.2990000,0.000000,0,0,0
18.000,-0.2381000,0.9576000,9.5009000,57.7164000,63.4003000,30.6015000,-11.1670000,24.8760000,3.3060000,0.000000,0,0,0
18.010,-0.2022000,0.9624000,9.5057000,57.4265000,64.3768000,28.7704000,-10.9860000,24.8210000,3.8040000,0.000000,0,0,0
18.020,-0.2046000,0.9241000,9.4890000,56.5643000,65.2084000,27.9312000,-10.6460000,25.0400000,3.9990000,0.000000,0,0,0
18.030,-0.2249000,0.8811000,9.4806000,55.4352000,65.9332000,27.8320000,-10.5210000,24.8420000,3.7420000,0.000000,0,0,0
18.040,-0.2381000,0.8416000,9.4902000,54.2679000,66.4902000,28.4576000,-10.3770000,24.3390000,3.4910000,0.000000,0,0,0
18.050,-0.2464000,0.8272000,9.5201000,53.2990000,66.7191000,29.5105000,-10.3040000,24.4910000,4.0740000,0.000000,0,0,0
18.060,-0.2500000,0.8236000,9.5428000,52.5665000,66.7419000,30.5405000,-10.0460000,24.1900000,4.2950000,0.000000,0,0,0
18.070,-0.2285000,0.8069000,9.5392000,51.9028000,66.6428000,31.1661000,-9.7740000,24.5290000,4.2850000,0.000000,0,0,0
18.080,-0.2141000,0.7626000,9.5165000,51.1551000,66.4978000,31.1432000,-9.6580000,24.1400000,4.7150000,0.000000,0,0,0
18.090,-0.2345000,0.6921000,9.4949000,50.3845000,66.3376000,30.5634000,-9.4750000,24.2090000,4.2980000,0.000000,0,0,0
18.100,-0.2787000,0.6083000,9.4914000,49.8352000,66.2994000,29.7852000,-9.6940000,24.0620000,3.6280000,0.000000,0,0,0
18.110,-0.3290000,0.5270000,9.5009000,49.7131000,66.2766000,29.2587000,-9.3430000,24.0900000,4.0300000,0.000000,0,0,0
18.120,-0.3744000,0.4707000,9.5308000,50.0641000,66.1163000,29.2358000,-9.2720000,23.8950000,4.5070000,0.000000,0,0,0
18.130,-0.3972000,0.4480000,9.5787000,50.8194000,66.0095000,29.7394000,-9.2510000,23.8010000,3.8850000,0.000000,0,0,0
18.140,-0.3924000,0.4360000,9.6170000,51.6586000,66.1163000,30.5099000,-8.7530000,23.8480000,3.7850000,0.000000,0,0,0
18.150,-0.3637000,0.4289000,9.6385000,52.2385000,66.3071000,31.2805000,-8.4710000,23.6630000,4.1200000,0.000000,0,0,0
18.160,-0.3397000,0.4241000,9.6552000,52.3071000,66.4215000,31.9977000,-8.5550000,23.4570000,4.6770000,0.000000,0,0,0
18.170,-0.3254000,0.4349000,9.6852000,51.7807000,66.3757000,32.7835000,-8.3490000,23.1660000,5.0130000,0.000000,0,0,0
18.180,-0.3206000,0.4648000,9.7222000,50.7812000,66.3986000,33.6838000,-8.1570000,23.3310000,4.8520000,0.000000,0,0,0
18.190,-0.3158000,0.5078000,9.7426000,49.4461000,66.6733000,34.5840000,-7.9950000,23.3800000,5.3920000,0.000000,0,0,0
18.200,-0.2919000,0.5437000,9.7366000,47.9431000,67.1921000,35.1791000,-7.7320000,23.4920000,4.9960000,0.000000,0,0,0
18.210,-0.2632000,0.5545000,9.7139000,46.5164000,67.7490000,35.2173000,-7.7210000,22.8110000,5.5070000,0.000000,0,0,0
18.220,-0.2417000,0.5485000,9.7043000,45.4865000,68.0923000,34.6756000,-7.1440000,22.9890000,5.3200000,0.000000,0,0,0
18.230,-0.2345000,0.5365000,9.7175000,45.0974000,68.3823000,33.6914000,-7.0440000,22.9170000,5.2520000,0.000000,0,0,0
18.240,-0.2153000,0.5162000,9.7426000,45.2805000,69.0002000,32.3944000,-6.8030000,22.8420000,5.6520000,0.000000,0,0,0
18.250,-0.2010000,0.4863000,9.7629000,45.7993000,70.0226000,30.8990000,-6.8430000,22.7590000,5.7820000,0.000000,0,0,0
18.260,-0.2249000,0.4564000,9.7713000,46.4554000,71.1594000,29.5181000,-6.5860000,22.7300000,5.9330000,0.000000,0,0,0
18.270,-0.2680000,0.4289000,9.7629000,47.1191000,72.3038000,28.5263000,-6.1920000,22.3980000,5.6420000,0.000000,0,0,0
18.280,-0.3218000,0.4073000,9.7354000,47.6151000,73.1659000,28.0151000,-6.1630000,22.2700000,5.6300000,0.000000,0,0,0
18.290,-0.3864000,0.3942000,9.7019000,47.8897000,73.4940000,27.8473000,-5.9970000,22.1630000,4.8640000,0.000000,0,0,0
18.300,-0.4354000,0.3870000,9.6875000,48.0042000,73.3337000,27.8549000,-5.7390000,22.1550000,5.2390000,0.000000,0,0,0
18.310,-0.4510000,0.3679000,9.7031000,48.0499000,72.8149000,27.8015000,-5.4750000,21.7080000,6.0720000,0.000000,0,0,0
18.320,-0.4510000,0.3391000,9.7533000,48.0728000,72.1893000,27.5879000,-5.0250000,21.4770000,6.1120000,0.000000,0,0,0
18.330,-0.4438000,0.3104000,9.8203000,48.1720000,71.9452000,27.2064000,-5.0800000,21.4150000,5.6080000,0.000000,0,0,0
18.340,-0.4462000,0.2698000,9.8586000,48.3780000,72.5632000,26.7181000,-4.9880000,21.4860000,6.3130000,0.000000,0,0,0
18.350,-0.4845000,0.2171000,9.8383000,48.7366000,73.6847000,26.2833000,-4.6490000,21.1640000,5.5280000,0.000000,0,0,0
18.360,-0.5431000,0.1645000,9.7761000,49.3469000,74.6841000,26.0849000,-4.8820000,21.0880000,5.8220000,0.000000,0,0,0
18.370,-0.6233000,0.1238000,9.6923000,50.1785000,75.1953000,26.2604000,-4.7140000,21.0120000,5.6290000,0.000000,0,0,0
18.380,-0.7178000,0.0975000,9.6086000,51.1627000,74.9817000,26.8326000,-4.2190000,20.7760000,5.8100000,0.000000,0,0,0
18.390,-0.8003000,0.0748000,9.5440000,52.1545000,74.2111000,27.6337000,-4.2400000,21.0280000,5.8370000,0.000000,0,0,0
18.400,-0.8589000,0.0592000,9.5081000,53.1006000,73.0972000,28.4424000,-3.9780000,20.9390000,5.8720000,0.000000,0,0,0
18.410,-0.8888000,0.0568000,9.5057000,53.9932000,71.8155000,29.0375000,-3.8080000,20.5560000,5.5170000,0.000000,0,0,0
18.420,-0.8972000,0.0604000,9.5344000,54.7485000,70.7245000,29.1901000,-3.6390000,20.5450000,5.6400000,0.000000,0,0,0
18.430,-0.8900000,0.0532000,9.5691000,55.2979000,70.2515000,28.8239000,-3.5750000,20.4580000,5.7420000,0.000000,0,0,0
18.440,-0.8853000,0.0245000,9.5847000,55.6183000,70.2591000,28.0914000,-3.1160000,20.0200000,5.6720000,0.000000,0,0,0
18.450,-0.8900000,-0.0185000,9.5823000,55.7404000,70.3354000,27.3590000,-3.0090000,20.0990000,6.5380000,0.000000,0,0,0
18.460,-0.9092000,-0.0688000,9.5823000,55.7632000,70.3278000,26.9699000,-3.3220000,20.2090000,6.2630000,0.000000,0,0,0
18.470,-0.9367000,-0.1107000,9.5990000,55.8548000,70.1981000,27.1225000,-2.7540000,19.9520000,6.0800000,0.000000,0,0,0
18.480,-0.9606000,-0.1322000,9.6349000,56.1981000,69.9768000,27.7939000,-2.6100000,19.9100000,6.4600000,0.000000,0,0,0
18.490,-0.9822000,-0.1262000,9.6732000,56.8619000,69.8242000,28.8162000,-2.6460000,20.0740000,6.5010000,0.000000,0,0,0
18.500,-0.9929000,-0.0891000,9.7031000,57.7698000,69.5496000,29.8843000,-2.6950000,19.6150000,6.9750000,0.000000,0,0,0
18.510,-0.9917000,-0.0353000,9.7210000,58.7311000,69.1376000,30.7083000,-2.3620000,19.3600000,6.7500000,0.000000,0,0,0
18.520,-0.9869000,0.0161000,9.7246000,59.4635000,68.7256000,31.0516000,-1.8260000,19.4390000,6.6770000,0.000000,0,0,0
18.530,-0.9881000,0.0520000,9.7127000,59.6695000,68.4738000,30.8914000,-1.7810000,19.4190000,6.7470000,0.000000,0,0,0
18.540,-1.0073000,0.0628000,9.6899000,59.1812000,68.4280000,30.4108000,-1.5550000,19.2150000,6.5000000,0.000000,0,0,0
18.550,-1.0372000,0.0329000,9.6493000,58.0521000,68.6722000,29.7928000,-1.8370000,18.9380000,6.4480000,0.000000,0,0,0
18.560,-1.0898000,-0.0389000,9.5823000,56.6406000,69.0460000,29.2358000,-1.7770000,18.9410000,6.9100000,0.000000,0,0,0
18.570,-1.1568000,-0.1477000,9.4973000,55.4657000,69.1757000,28.9307000,-1.3560000,18.6940000,6.9290000,0.000000,0,0,0
18.580,-1.2190000,-0.2745000,9.4232000,54.9850000,68.9240000,29.0756000,-1.1310000,18.6620000,6.8260000,0.000000,0,0,0
18.590,-1.2729000,-0.3834000,9.3825000,55.5038000,68.1152000,29.8080000,-1.0310000,18.2070000,6.8500000,0.000000,0,0,0
18.600,-1.3063000,-0.4552000,9.3681000,56.9305000,67.1387000,31.1508000,-0.9680000,18.1120000,6.7020000,0.000000,0,0,0
18.610,-1.3255000,-0.4743000,9.3574000,58.9294000,66.2842000,32.8751000,-1.0300000,18.3100000,6.5100000,0.000000,0,0,0
18.620,-1.3159000,-0.4468000,9.3562000,61.0657000,65.2237000,34.5612000,-0.5880000,18.2710000,6.5800000,0.000000,0,0,0
18.630,-1.2812000,-0.3882000,9.3813000,62.9807000,64.0030000,35.8429000,-0.5930000,17.9860000,7.4090000,0.000000,0,0,0
18.640,-1.2453000,-0.3057000,9.4411000,64.4379000,62.7060000,36.5982000,-0.6970000,18.2130000,7.2390000,0.000000,0,0,0
18.650,-1.2238000,-0.2207000,9.5081000,65.2542000,61.6379000,36.9186000,-0.2610000,17.6640000,6.6160000,0.000000,0,0,0
18.660,-1.2011000,-0.1776000,9.5488000,65.1779000,61.3022000,36.9034000,-0.6480000,17.9960000,6.9910000,0.000000,0,0,0
18.670,-1.1951000,-0.1980000,9.5428000,64.3005000,61.7447000,36.7050000,-0.3760000,17.6850000,6.3410000,0.000000,0,0,0
18.680,-1.2262000,-0.2626000,9.5213000,63.0951000,61.9888000,36.6516000,-0.1920000,17.6840000,6.8490000,0.000000,0,0,0
18.690,-1.2824000,-0.3918000,9.5284000,61.6455000,61.7905000,37.5443000,0.1770000,17.6010000,6.5230000,0.000000,0,0,0
18.700,-1.3063000,-0.4588000,9.5536000,61.2869000,61.3785000,39.0625000,0.1740000,17.7490000,6.9180000,0.000000,0,0,0
18.710,-1.3052000,-0.4851000,9.5942000,61.4090000,60.8368000,41.2140000,0.1480000,17.4070000,6.7700000,0.000000,0,0,0
18.720,-1.2752000,-0.4636000,9.6529000,61.8057000,60.3561000,43.6630000,0.1410000,17.6800000,7.1330000,0.000000,0,0,0
18.730,-1.2274000,-0.4026000,9.7234000,62.2101000,60.0357000,46.0129000,0.1310000,17.1950000,6.6710000,0.000000,0,0,0
18.740,-1.1724000,-0.3152000,9.7892000,62.4542000,60.0815000,47.9202000,-0.0480000,17.1150000,6.9480000,0.000000,0,0,0
18.750,-1.0958000,-0.2147000,9.8431000,62.4771000,60.6842000,49.1943000,0.3800000,17.2940000,7.0870000,0.000000,0,0,0
18.760,-1.0456000,-0.1238000,9.8622000,62.2864000,61.8057000,49.7513000,0.3760000,16.9950000,6.8670000,0.000000,0,0,0
18.770,-1.0312000,-0.0484000,9.8562000,62.0193000,62.9272000,49.6597000,0.5990000,17.3200000,6.5200000,0.000000,0,0,0
18.780,-1.0288000,-0.0090000,9.8287000,61.8744000,63.7665000,49.0494000,0.6010000,17.0130000,6.2620000,0.000000,0,0,0
18.790,-1.0372000,-0.0054000,9.7928000,62.0270000,64.0106000,48.1339000,0.7790000,16.7660000,6.1630000,0.000000,0,0,0
18.800,-1.0396000,-0.0197000,9.7833000,62.6907000,63.5300000,47.3099000,0.8130000,16.7150000,7.2390000,0.000000,0,0,0
18.810,-1.0204000,-0.0365000,9.8084000,63.8733000,62.7136000,46.8216000,0.7540000,16.7990000,6.7910000,0.000000,0,0,0
18.820,-0.9618000,-0.0425000,9.8670000,65.2771000,61.9278000,46.6385000,0.8400000,17.0070000,6.6350000,0.000000,0,0,0
18.830,-0.8888000,-0.0377000,9.9651000,66.5054000,61.3251000,46.5012000,0.8990000,16.6860000,6.5520000,0.000000,0,0,0
18.840,-0.8362000,-0.0138000,10.0811000,67.4133000,61.3403000,46.2112000,0.8830000,16.6980000,5.8900000,0.000000,0,0,0
18.850,-0.8458000,0.0425000,10.1756000,68.1763000,62.1643000,45.7916000,1.1030000,16.5880000,6.9130000,0.000000,0,0,0
18.860,-0.9092000,0.1298000,10.1840000,68.9926000,63.6368000,45.3262000,1.0490000,16.7500000,6.1730000,0.000000,0,0,0
18.870,-1.0001000,0.2566000,10.0572000,69.8624000,65.2542000,44.8761000,1.0290000,16.4560000,6.1980000,0.000000,0,0,0
18.880,-1.0575000,0.3822000,9.8251000,70.6329000,65.9943000,44.2200000,1.3230000,16.6370000,6.6710000,0.000000,0,0,0
18.890,-1.0216000,0.4396000,9.6325000,70.8466000,65.6967000,43.2663000,1.0970000,16.1510000,6.6240000,0.000000,0,0,0
18.900,-0.9558000,0.3810000,9.5906000,69.7327000,65.5823000,42.8696000,1.3010000,16.5210000,6.8830000,0.000000,0,0,0
18.910,-0.9510000,0.2662000,9.6170000,67.0929000,65.6967000,43.8080000,1.2100000,16.4720000,6.5020000,0.000000,0,0,0
18.920,-0.9570000,0.1776000,9.6325000,63.5376000,65.7806000,45.5399000,1.4060000,16.3090000,6.8960000,0.000000,0,0,0
18.930,-0.9833000,0.1453000,9.6218000,59.5779000,65.8493000,47.3099000,1.3630000,16.0790000,6.4480000,0.000000,0,0,0
18.940,-1.0324000,0.1537000,9.6110000,55.4810000,65.5441000,48.9655000,1.9330000,15.9320000,5.7590000,0.000000,0,0,0
18.950,-1.0623000,0.1705000,9.6182000,51.7578000,65.0940000,50.3922000,1.8960000,15.7730000,5.9850000,0.000000,0,0,0
18.960,-1.0515000,0.1753000,9.6325000,49.1028000,65.1474000,51.2848000,1.5430000,15.7280000,6.6960000,0.000000,0,0,0
18.970,-1.0432000,0.1776000,9.6361000,47.9355000,65.5899000,51.3916000,1.7320000,15.9610000,6.2490000,0.000000,0,0,0
18.980,-1.0348000,0.2111000,9.6409000,48.3322000,65.9027000,50.7126000,1.9930000,15.9640000,6.6340000,0.000000,0,0,0
18.990,-1.0168000,0.2745000,9.6600000,49.9039000,66.1774000,49.3088000,1.9340000,15.5520000,6.4380000,0.000000,0,0,0
19.000,-1.0073000,0.3224000,9.6887000,52.0248000,66.6733000,47.3175000,1.9430000,15.6560000,7.6620000,0.000000,0,0,0
19.010,-1.0109000,0.3368000,9.7079000,54.2297000,67.5812000,44.9600000,1.8920000,15.3520000,6.7950000,0.000000,0,0,0
19.020,-1.0372000,0.3200000,9.7127000,56.2134000,68.7180000,42.4728000,2.3340000,15.2560000,6.3060000,0.000000,0,0,0
19.030,-1.0791000,0.2769000,9.7055000,57.7545000,69.8624000,40.2145000,2.2640000,15.0710000,6.1160000,0.000000,0,0,0
19.040,-1.1460000,0.1800000,9.6481000,59.1278000,70.6635000,38.6887000,2.4720000,15.2580000,6.4930000,0.000000,0,0,0
19.050,-1.2202000,0.0568000,9.5548000,61.3632000,70.4117000,38.2767000,2.3380000,15.1460000,6.5940000,0.000000,0,0,0
19.060,-1.2705000,-0.0257000,9.5093000,64.1251000,69.5648000,39.0778000,2.4020000,15.3250000,6.3720000,0.000000,0,0,0
19.070,-1.2992000,-0.0544000,9.5081000,66.2689000,68.6798000,40.8783000,2.3710000,15.2140000,7.2280000,0.000000,0,0,0
19.080,-1.2884000,-0.0508000,9.5045000,67.4362000,67.4744000,43.0756000,2.7760000,14.8870000,7.4100000,0.000000,0,0,0
19.090,-1.2465000,-0.0401000,9.4985000,68.0542000,65.7883000,45.0287000,2.7360000,14.9550000,6.6830000,0.000000,0,0,0
19.100,-1.1927000,-0.0353000,9.5165000,68.3899000,63.9420000,46.7300000,2.6520000,14.9710000,7.1360000,0.000000,0,0,0
19.110,-1.1293000,-0.0484000,9.5595000,68.2449000,62.6373000,48.6145000,2.6640000,14.8540000,7.0290000,0.000000,0,0,0
19.120,-1.0886000,-0.0891000,9.6002000,67.2607000,62.1796000,50.9262000,2.5290000,14.7390000,6.5670000,0.000000,0,0,0
19.130,-1.0791000,-0.1298000,9.6074000,65.7578000,61.8515000,53.3600000,2.7570000,14.8970000,6.7580000,0.000000,0,0,0
19.140,-1.0647000,-0.1226000,9.6050000,64.2776000,61.1954000,55.3894000,3.0460000,14.9140000,6.8660000,0.000000,0,0,0
19.150,-1.0515000,-0.0592000,9.6086000,62.9044000,60.3027000,56.6635000,3.0460000,14.5900000,6.8070000,0.000000,0,0,0
19.160,-1.0396000,0.0245000,9.6229000,61.5082000,59.2728000,57.0908000,3.0090000,14.5390000,6.9780000,0.000000,0,0,0
19.170,-1.0073000,0.1166000,9.6552000,60.0815000,58.4259000,56.8390000,3.1290000,14.5370000,6.8300000,0.000000,0,0,0
19.180,-0.9714000,0.2028000,9.7031000,58.7692000,58.0597000,56.0379000,3.1150000,14.2350000,6.5450000,0.000000,0,0,0
19.190,-0.9558000,0.2530000,9.7438000,57.7545000,58.1512000,54.8019000,3.1690000,14.1890000,6.7360000,0.000000,0,0,0
19.200,-0.9499000,0.2638000,9.7521000,57.2662000,58.7006000,53.3218000,3.1670000,14.4100000,6.7860000,0.000000,0,0,0
19.210,-0.9630000,0.2518000,9.7198000,57.3349000,59.6237000,51.7578000,3.3980000,14.3030000,6.7530000,0.000000,0,0,0
19.220,-0.9977000,0.2434000,9.6696000,57.9376000,60.3485000,50.2090000,3.1760000,14.2170000,7.3070000,0.000000,0,0,0
19.230,-1.0420000,0.2387000,9.6241000,58.9752000,60.6155000,48.7442000,3.3480000,14.0440000,7.6830000,0.000000,0,0,0
19.240,-1.0850000,0.2327000,9.6122000,60.0891000,60.5545000,47.5082000,3.1830000,13.9800000,7.4620000,0.000000,0,0,0
19.250,-1.1245000,0.2339000,9.6325000,60.7452000,60.3027000,46.6995000,3.2190000,13.8280000,7.2770000,0.000000,0,0,0
19.260,-1.1628000,0.2351000,9.6696000,60.5164000,59.9823000,46.5317000,3.5360000,13.8160000,7.0720000,0.000000,0,0,0
19.270,-1.1807000,0.2315000,9.7067000,59.5551000,59.7534000,47.0963000,3.7310000,13.6740000,7.4440000,0.000000,0,0,0
19.280,-1.1760000,0.2243000,9.7414000,58.4030000,59.7458000,47.9813000,3.3920000,13.6280000,6.9530000,0.000000,0,0,0
19.290,-1.1640000,0.2123000,9.7545000,57.7698000,59.9899000,48.5764000,3.4140000,13.4270000,6.3760000,0.000000,0,0,0
19.300,-1.1580000,0.2123000,9.7569000,57.9758000,60.3867000,48.5535000,3.5500000,13.6790000,6.8860000,0.000000,0,0,0
19.310,-1.1700000,0.2279000,9.7605000,58.8531000,61.0275000,48.0423000,3.5650000,13.5940000,7.3050000,0.000000,0,0,0
19.320,-1.1939000,0.2494000,9.7593000,59.9518000,61.8591000,47.4243000,3.5560000,13.4410000,7.0780000,0.000000,0,0,0
19.330,-1.2238000,0.2650000,9.7438000,60.6842000,62.5381000,47.1420000,3.5030000,13.3290000,6.9560000,0.000000,0,0,0
19.340,-1.2645000,0.2722000,9.7091000,60.6689000,62.7441000,47.4930000,3.6530000,13.2430000,6.6910000,0.000000,0,0,0
19.350,-1.2980000,0.2722000,9.6576000,59.8984000,62.4008000,48.4619000,3.8460000,13.0910000,7.5070000,0.000000,0,0,0
19.360,-1.3147000,0.2518000,9.6002000,58.5327000,61.6913000,49.7131000,4.0370000,13.3480000,7.0440000,0.000000,0,0,0
19.370,-1.3052000,0.2052000,9.5476000,56.8924000,60.6613000,50.8423000,3.8140000,13.1530000,7.2040000,0.000000,0,0,0
19.380,-1.2645000,0.1382000,9.5117000,55.3513000,59.3109000,51.5137000,3.6090000,13.1050000,7.3320000,0.000000,0,0,0
19.390,-1.1508000,0.0329000,9.4591000,53.0319000,56.6559000,51.4297000,3.9360000,13.2110000,7.7580000,0.000000,0,0,0
19.400,-1.0779000,-0.0245000,9.4076000,50.9949000,54.1611000,50.7812000,3.8500000,12.6930000,7.8950000,0.000000,0,0,0
19.410,-1.0408000,-0.0664000,9.3598000,48.5764000,51.2009000,50.0946000,3.9320000,12.6810000,7.6820000,0.000000,0,0,0
19.420,-1.0300000,-0.1107000,9.3430000,46.3104000,47.9889000,49.7208000,3.7880000,12.5800000,7.1760000,0.000000,0,0,0
19.430,-0.9965000,-0.1753000,9.3729000,44.9600000,44.5099000,49.6368000,3.5760000,12.6040000,8.4020000,0.000000,0,0,0
19.440,-0.9092000,-0.2638000,9.4567000,44.9066000,41.3361000,49.6292000,3.7040000,12.1220000,8.3980000,0.000000,0,0,0
19.450,-0.8123000,-0.3368000,9.5811000,46.1121000,39.3982000,49.5682000,3.8960000,12.5940000,8.2680000,0.000000,0,0,0
19.460,-0.7405000,-0.3607000,9.7103000,48.3170000,39.3906000,49.4766000,3.7140000,12.3830000,8.1710000,0.000000,0,0,0
19.470,-0.7238000,-0.3571000,9.7904000,51.1475000,41.1758000,49.4614000,3.5880000,12.2490000,8.7420000,0.000000,0,0,0
19.480,-0.7441000,-0.3547000,9.8060000,54.1229000,43.5333000,49.6521000,3.5120000,12.1300000,8.8060000,0.000000,0,0,0
19.490,-0.7596000,-0.3583000,9.7749000,56.7856000,45.2118000,50.0641000,3.5260000,11.9850000,8.6360000,0.000000,0,0,0
19.500,-0.7489000,-0.3511000,9.7306000,58.7006000,45.7077000,50.5676000,3.5660000,12.0110000,9.3210000,0.000000,0,0,0
19.510,-0.7202000,-0.3176000,9.6959000,59.7992000,44.8685000,50.9109000,3.4900000,11.8560000,8.7320000,0.000000,0,0,0
19.520,-0.6891000,-0.2566000,9.6792000,60.2417000,43.1137000,50.8957000,3.2830000,11.8360000,9.1830000,0.000000,0,0,0
19.530,-0.6723000,-0.1932000,9.6732000,60.2646000,41.2674000,50.5753000,3.1890000,11.5320000,9.0410000,0.000000,0,0,0
19.540,-0.6771000,-0.1645000,9.6744000,60.1501000,39.8026000,50.2930000,3.2780000,11.3690000,9.3480000,0.000000,0,0,0
19.550,-0.6927000,-0.1729000,9.6947000,60.1349000,39.0091000,50.5219000,3.3340000,11.4620000,8.8290000,0.000000,0,0,0
19.560,-0.7118000,-0.1932000,9.7366000,60.3333000,39.2456000,51.6281000,3.3680000,11.4160000,8.9780000,0.000000,0,0,0
19.570,-0.7309000,-0.2004000,9.7797000,60.7452000,40.5426000,53.5583000,3.4320000,11.2510000,8.4850000,0.000000,0,0,0
19.580,-0.7417000,-0.1788000,9.8060000,61.2793000,42.4347000,55.9082000,3.7620000,11.1650000,9.4820000,0.000000,0,0,0
19.590,-0.7393000,-0.1334000,9.8060000,61.7599000,44.3573000,58.1589000,2.8450000,11.5390000,9.7230000,0.000000,0,0,0
19.600,-0.7082000,-0.0760000,9.7916000,62.0422000,45.8832000,59.8526000,3.2120000,11.5260000,9.5690000,0.000000,0,0,0
19.610,-0.6388000,-0.0221000,9.7797000,62.0117000,46.8369000,60.7910000,3.0930000,11.1190000,10.4290000,0.000000,0,0,0
19.620,-0.5479000,-0.0066000,9.7689000,61.7981000,47.3251000,61.0809000,3.1180000,11.2810000,10.1370000,0.000000,0,0,0
19.630,-0.4666000,-0.0473000,9.7486000,61.6531000,47.5159000,60.9970000,3.1070000,11.2050000,10.8370000,0.000000,0,0,0
19.640,-0.4127000,-0.1166000,9.7342000,61.7905000,47.6227000,60.9741000,3.1940000,11.2420000,9.8860000,0.000000,0,0,0
19.650,-0.3876000,-0.1860000,9.7282000,62.3779000,48.0499000,61.2335000,3.3890000,11.4660000,9.4330000,0.000000,0,0,0
19.660,-0.3697000,-0.2291000,9.7306000,63.3926000,48.8510000,61.7142000,2.9440000,11.0490000,10.0050000,0.000000,0,0,0
19.670,-0.3278000,-0.2327000,9.7498000,64.6439000,49.8581000,62.1109000,3.0770000,11.5630000,10.0330000,0.000000,0,0,0
19.680,-0.2560000,-0.2147000,9.7653000,65.8264000,50.9949000,62.0422000,3.2130000,11.2610000,10.1390000,0.000000,0,0,0
19.690,-0.1651000,-0.1944000,9.7629000,66.6351000,52.2385000,61.3632000,3.0640000,11.4000000,10.3920000,0.000000,0,0,0
19.700,-0.0837000,-0.1693000,9.7581000,66.9022000,53.4897000,60.2112000,3.1700000,11.5060000,10.1900000,0.000000,0,0,0
19.710,-0.0287000,-0.1489000,9.7605000,66.7343000,54.5731000,58.8303000,3.4740000,11.5160000,9.9520000,0.000000,0,0,0
19.720,0.0048000,-0.1465000,9.7653000,66.4062000,55.4123000,57.4722000,3.0150000,11.4440000,9.5450000,0.000000,0,0,0
19.730,0.0144000,-0.1489000,9.7701000,66.1774000,55.9998000,56.2515000,2.9850000,11.1550000,9.4250000,0.000000,0,0,0
19.740,0.0179000,-0.1513000,9.7689000,66.1621000,56.4041000,55.1987000,3.1630000,11.2970000,10.2430000,0.000000,0,0,0
19.750,0.0287000,-0.1585000,9.7354000,66.3223000,56.8466000,54.3289000,3.3740000,11.2930000,10.1260000,0.000000,0,0,0
19.760,0.0347000,-0.1537000,9.6720000,66.3452000,57.4341000,53.6423000,3.0430000,11.2410000,10.5360000,0.000000,0,0,0
19.770,0.0347000,-0.1322000,9.6229000,66.0019000,58.1131000,53.0930000,3.1620000,11.0800000,10.1340000,0.000000,0,0,0
19.780,0.0287000,-0.1035000,9.6050000,65.3152000,59.1583000,52.6505000,3.3020000,11.3510000,10.2340000,0.000000,0,0,0
19.790,0.0036000,-0.0508000,9.5978000,64.5523000,60.4477000,52.2308000,3.1650000,10.9900000,10.3510000,0.000000,0,0,0
19.800,-0.0144000,0.0054000,9.6134000,64.0335000,61.6684000,51.8112000,3.4110000,11.2080000,10.7240000,0.000000,0,0,0
19.810,-0.0407000,0.0580000,9.6433000,63.9648000,62.7670000,51.4755000,3.7860000,10.9730000,10.7000000,0.000000,0,0,0
19.820,-0.0730000,0.1047000,9.6768000,64.3463000,63.5452000,51.2161000,3.5860000,11.0530000,10.8690000,0.000000,0,0,0
19.830,-0.1041000,0.1430000,9.6947000,65.0024000,64.0335000,51.0101000,3.2770000,10.7350000,10.2750000,0.000000,0,0,0
19.840,-0.1316000,0.1693000,9.6744000,65.6891000,64.3921000,50.8041000,3.1510000,10.8540000,10.5290000,0.000000,0,0,0
19.850,-0.1675000,0.1896000,9.6122000,66.1316000,64.7125000,50.5981000,3.4300000,10.6520000,9.9770000,0.000000,0,0,0
19.860,-0.2117000,0.2147000,9.5356000,66.0706000,64.8804000,50.4990000,3.5200000,10.9360000,10.1760000,0.000000,0,0,0
19.870,-0.2476000,0.2446000,9.4854000,65.4373000,64.8575000,50.6134000,3.5470000,10.8560000,9.5870000,0.000000,0,0,0
19.880,-0.2584000,0.2590000,9.4758000,64.4226000,64.7812000,50.9338000,3.6030000,10.7390000,10.0240000,0.000000,0,0,0
19.890,-0.2452000,0.2411000,9.5021000,63.4384000,64.9567000,51.4526000,3.9070000,10.4900000,9.9290000,0.000000,0,0,0
19.900,-0.2273000,0.2004000,9.5368000,62.7213000,65.5365000,52.2614000,3.8070000,10.4110000,10.1200000,0.000000,0,0,0
19.910,-0.2225000,0.1585000,9.5392000,62.2482000,66.3223000,53.3295000,3.5340000,10.5840000,10.6010000,0.000000,0,0,0
19.920,-0.2321000,0.1274000,9.4938000,61.8210000,66.8793000,54.5654000,3.7150000,10.6570000,10.0420000,0.000000,0,0,0
19.930,-0.2476000,0.1190000,9.4268000,61.2793000,66.6428000,55.7861000,3.8150000,10.2540000,9.8480000,0.000000,0,0,0
19.940,-0.2476000,0.1310000,9.3897000,60.5469000,65.6052000,56.7703000,3.7760000,10.2440000,9.6260000,0.000000,0,0,0
19.950,-0.2297000,0.1585000,9.4112000,59.7610000,64.5065000,57.3502000,3.5370000,10.3710000,9.8150000,0.000000,0,0,0
19.960,-0.2153000,0.1908000,9.4686000,59.1507000,64.1251000,57.5256000,3.7230000,10.3990000,10.3820000,0.000000,0,0,0
19.970,-0.2117000,0.2135000,9.5296000,58.7845000,64.5065000,57.5333000,3.5830000,9.9420000,10.7500000,0.000000,0,0,0
19.980,-0.2129000,0.2088000,9.5643000,58.5632000,65.1245000,57.6630000,3.7610000,10.1780000,10.5730000,0.000000,0,0,0
19.990,-0.2082000,0.1872000,9.5691000,58.4641000,65.2542000,58.0139000,3.8900000,10.2080000,10.7250000,0.000000,0,0,0
20.000,-0.1998000,0.1681000,9.5715000,58.4564000,64.6667000,58.5785000,3.8120000,10.0000000,10.6490000,0.000000,0,0,0
20.010,-0.1998000,0.1633000,9.5835000,58.4564000,63.6749000,59.2499000,3.9390000,10.2560000,10.3060000,0.000000,0,0,0
20.020,-0.1974000,0.1788000,9.6325000,58.4717000,62.4084000,60.3027000,3.9340000,10.1800000,10.5170000,0.000000,0,0,0
20.030,-0.1735000,0.1788000,9.6864000,58.6472000,62.4237000,60.9512000,3.6890000,10.2790000,10.3590000,0.000000,0,0,0
20.040,-0.1531000,0.1681000,9.7438000,59.1125000,63.3698000,61.5540000,3.8320000,10.1630000,10.7630000,0.000000,0,0,0
20.050,-0.1483000,0.1573000,9.7809000,59.8907000,64.9872000,62.1185000,3.8640000,10.3470000,10.6480000,0.000000,0,0,0
20.060,-0.1471000,0.1501000,9.7904000,60.8444000,66.6733000,62.5076000,3.8580000,10.1170000,10.1330000,0.000000,0,0,0
20.070,-0.1316000,0.1418000,9.7737000,61.6684000,67.6422000,62.6144000,4.1450000,10.1250000,10.2170000,0.000000,0,0,0
20.080,-0.1101000,0.1334000,9.7450000,62.2330000,67.3981000,62.4542000,3.7150000,9.8660000,10.1550000,0.000000,0,0,0
20.090,-0.1005000,0.1274000,9.7187000,62.5305000,66.0324000,62.1872000,4.0860000,9.8500000,10.0990000,0.000000,0,0,0
20.100,-0.1101000,0.1142000,9.7043000,62.5687000,63.9038000,62.0499000,3.6580000,9.9740000,9.8990000,0.000000,0,0,0
20.110,-0.1208000,0.0951000,9.6971000,62.3779000,61.5997000,62.1185000,3.5840000,9.7850000,9.8660000,0.000000,0,0,0
20.120,-0.1304000,0.0843000,9.6983000,62.0193000,59.7534000,62.3474000,3.9090000,9.8670000,9.8920000,0.000000,0,0,0
20.130,-0.1412000,0.0903000,9.7103000,61.6302000,58.7921000,62.6450000,3.5130000,10.0590000,10.5500000,0.000000,0,0,0
20.140,-0.1471000,0.1178000,9.7246000,61.3022000,58.8531000,62.9196000,3.4260000,10.2300000,10.2050000,0.000000,0,0,0
20.150,-0.1483000,0.1573000,9.7210000,61.0275000,59.6695000,63.1256000,3.9750000,9.9180000,10.6120000,0.000000,0,0,0
20.160,-0.1495000,0.1908000,9.6899000,60.8521000,60.5850000,63.2477000,4.0090000,9.9100000,9.8970000,0.000000,0,0,0
20.170,-0.1519000,0.2052000,9.6505000,60.8902000,61.0809000,63.3698000,3.9380000,10.0970000,10.2120000,0.000000,0,0,0
20.180,-0.1591000,0.1944000,9.6218000,61.2259000,61.1038000,63.6597000,3.9550000,9.9920000,10.4040000,0.000000,0,0,0
20.190,-0.1711000,0.1765000,9.6074000,61.8210000,60.9894000,64.2242000,3.7770000,10.0940000,9.9670000,0.000000,0,0,0
20.200,-0.1759000,0.1669000,9.5918000,62.5458000,61.0809000,64.9185000,4.0380000,9.8090000,10.0650000,0.000000,0,0,0
20.210,-0.1747000,0.1753000,9.5631000,63.1485000,61.2793000,65.5365000,4.1180000,10.0330000,10.1170000,0.000000,0,0,0
20.220,-0.1579000,0.2004000,9.5284000,63.3469000,61.3327000,65.8875000,3.7110000,9.8400000,10.1170000,0.000000,0,0,0
20.230,-0.1340000,0.2363000,9.5129000,62.9807000,61.0809000,65.9561000,3.8360000,10.0880000,10.7380000,0.000000,0,0,0
20.240,-0.1160000,0.2662000,9.5308000,62.0651000,60.6766000,65.8340000,3.8170000,10.1630000,10.6860000,0.000000,0,0,0
20.250,-0.1089000,0.2710000,9.5667000,60.8902000,60.2570000,65.7654000,3.7850000,10.2750000,10.7360000,0.000000,0,0,0
20.260,-0.1089000,0.2470000,9.6122000,59.8679000,59.9060000,65.9714000,3.9230000,9.9310000,10.9400000,0.000000,0,0,0
20.270,-0.1089000,0.2183000,9.6636000,59.2651000,59.9060000,66.4902000,3.8550000,10.2080000,10.8860000,0.000000,0,0,0
20.280,-0.1136000,0.2004000,9.7139000,59.0744000,60.5011000,67.1844000,4.0310000,9.9240000,10.7440000,0.000000,0,0,0
20.290,-0.1196000,0.1980000,9.7533000,59.2346000,61.5540000,67.7795000,3.8940000,10.0170000,10.8190000,0.000000,0,0,0
20.300,-0.1196000,0.2028000,9.7701000,59.6542000,62.7441000,68.0237000,3.7640000,10.0590000,10.7360000,0.000000,0,0,0
20.310,-0.1101000,0.2052000,9.7629000,60.2493000,63.7512000,67.8558000,3.8720000,10.1460000,10.8120000,0.000000,0,0,0
20.320,-0.1005000,0.2052000,9.7402000,60.9512000,64.2624000,67.4133000,3.8160000,9.9240000,10.9600000,0.000000,0,0,0
20.330,-0.0873000,0.2064000,9.7175000,61.7371000,64.3234000,66.8793000,3.7900000,10.0130000,10.8610000,0.000000,0,0,0
20.340,-0.0778000,0.2171000,9.7007000,62.5687000,64.2929000,66.3834000,3.8550000,9.6900000,10.9410000,0.000000,0,0,0
20.350,-0.0718000,0.2291000,9.6899000,63.3392000,64.4073000,65.9637000,4.0130000,9.8340000,10.7110000,0.000000,0,0,0
20.360,-0.0718000,0.2375000,9.6696000,63.8733000,64.7812000,65.6204000,3.9660000,9.8870000,11.1180000,0.000000,0,0,0
20.370,-0.0778000,0.2411000,9.6277000,64.0335000,65.2924000,65.3534000,3.7900000,10.1720000,10.5860000,0.000000,0,0,0
20.380,-0.0873000,0.2363000,9.5607000,63.6444000,65.7120000,65.1550000,3.8610000,9.9550000,10.5980000,0.000000,0,0,0
20.390,-0.1113000,0.2255000,9.4926000,62.6602000,65.7806000,65.0711000,3.9800000,9.8300000,10.6340000,0.000000,0,0,0
20.400,-0.1459000,0.2159000,9.4519000,61.2640000,65.2771000,65.1550000,4.1020000,9.8440000,10.5930000,0.000000,0,0,0
20.410,-0.1723000,0.2064000,9.4483000,59.7458000,64.4684000,65.4297000,3.9390000,9.7240000,10.7630000,0.000000,0,0,0
20.420,-0.1902000,0.2016000,9.4674000,58.3878000,63.6902000,65.8951000,4.0970000,10.1270000,10.3940000,0.000000,0,0,0
20.430,-0.2034000,0.2052000,9.5033000,57.4265000,63.0493000,66.4291000,4.1390000,9.9390000,10.7020000,0.000000,0,0,0
20.440,-0.2022000,0.2099000,9.5512000,56.9687000,62.6984000,66.8869000,4.3150000,9.8360000,10.1610000,0.000000,0,0,0
20.450,-0.1890000,0.2147000,9.6038000,56.9763000,62.6602000,67.2073000,3.8670000,9.7740000,10.5000000,0.000000,0,0,0
20.460,-0.1675000,0.2183000,9.6541000,57.3578000,62.8204000,67.3447000,3.9910000,10.3590000,10.4510000,0.000000,0,0,0
20.470,-0.1471000,0.2219000,9.6887000,57.9910000,63.1866000,67.3370000,3.8230000,9.7590000,10.7260000,0.000000,0,0,0
20.480,-0.1412000,0.2231000,9.6983000,58.7540000,63.7665000,67.2760000,4.1130000,10.2230000,10.9040000,0.000000,0,0,0
20.490,-0.1483000,0.2159000,9.6816000,59.5398000,64.3311000,67.2836000,4.0270000,10.1790000,10.7760000,0.000000,0,0,0
20.500,-0.1603000,0.2088000,9.6541000,60.2570000,64.6744000,67.3752000,3.7230000,10.1330000,10.8660000,0.000000,0,0,0
20.510,-0.1735000,0.2088000,9.6301000,60.8521000,64.8270000,67.5278000,3.8730000,10.0970000,10.7140000,0.000000,0,0,0
20.520,-0.1866000,0.2099000,9.6074000,61.2335000,64.9338000,67.7109000,3.9810000,10.2410000,10.3060000,0.000000,0,0,0
20.530,-0.2010000,0.2111000,9.5811000,61.4014000,64.9261000,67.9321000,3.9780000,9.9350000,9.9800000,0.000000,0,0,0
20.540,-0.2105000,0.2147000,9.5619000,61.4395000,64.7125000,68.2373000,3.9700000,10.2300000,10.5420000,0.000000,0,0,0
20.550,-0.2082000,0.2159000,9.5607000,61.3937000,64.3845000,68.6264000,4.0240000,10.2050000,9.9660000,0.000000,0,0,0
20.560,-0.1914000,0.2159000,9.5727000,61.2335000,64.0259000,69.0536000,4.0030000,10.0330000,10.1240000,0.000000,0,0,0
20.570,-0.1627000,0.2171000,9.5847000,60.9512000,63.6826000,69.3817000,3.8680000,9.8540000,10.4550000,0.000000,0,0,0
20.580,-0.1280000,0.2183000,9.5859000,60.5621000,63.4003000,69.4885000,3.6460000,9.7250000,10.1560000,0.000000,0,0,0
20.590,-0.1053000,0.2183000,9.5775000,60.1044000,63.1332000,69.3130000,3.8050000,9.8200000,10.3200000,0.000000,0,0,0
20.600,-0.1017000,0.2123000,9.5775000,59.6542000,62.8586000,68.9087000,3.6080000,10.4210000,10.1840000,0.000000,0,0,0
20.610,-0.1113000,0.1992000,9.5906000,59.2728000,62.7441000,68.4586000,3.7470000,10.1350000,9.8220000,0.000000,0,0,0
20.620,-0.1220000,0.1812000,9.6074000,59.0057000,62.8510000,68.0389000,3.8100000,9.8460000,10.3930000,0.000000,0,0,0
20.630,-0.1256000,0.1645000,9.6218000,58.8684000,63.0875000,67.7261000,3.6270000,9.8140000,10.3860000,0.000000,0,0,0
20.640,-0.1208000,0.1525000,9.6361000,58.7997000,63.3011000,67.5201000,3.7330000,9.9480000,10.7330000,0.000000,0,0,0
20.650,-0.1148000,0.1477000,9.6481000,58.7692000,63.4232000,67.3904000,3.7000000,10.1100000,10.9190000,0.000000,0,0,0
20.660,-0.1101000,0.1585000,9.6505000,58.7997000,63.6063000,67.2531000,3.6670000,9.9190000,10.2460000,0.000000,0,0,0
20.670,-0.1125000,0.1836000,9.6529000,58.9218000,63.7360000,67.1616000,3.8130000,9.8560000,9.9430000,0.000000,0,0,0
20.680,-0.1160000,0.2111000,9.6684000,59.1507000,63.9343000,67.0166000,3.9760000,9.9550000,9.5430000,0.000000,0,0,0
20.690,-0.1172000,0.2279000,9.6864000,59.4711000,64.2624000,66.7648000,3.9100000,9.7090000,9.6980000,0.000000,0,0,0
20.700,-0.1196000,0.2351000,9.6923000,59.7839000,64.6057000,66.4597000,3.9280000,10.0220000,10.6770000,0.000000,0,0,0
20.710,-0.1304000,0.2339000,9.6756000,60.0281000,64.8575000,66.1621000,3.9830000,9.8900000,10.0800000,0.000000,0,0,0
20.720,-0.1507000,0.2291000,9.6517000,60.1044000,64.7812000,65.9714000,3.7740000,9.9320000,10.8930000,0.000000,0,0,0
20.730,-0.1759000,0.2207000,9.6421000,59.9899000,64.3539000,65.9180000,3.9590000,9.8600000,10.1430000,0.000000,0,0,0
20.740,-0.2022000,0.2147000,9.6481000,59.8068000,63.8046000,66.0248000,3.7580000,10.1390000,10.4990000,0.000000,0,0,0
20.750,-0.2285000,0.2064000,9.6576000,59.6695000,63.3316000,66.2766000,4.0110000,10.0480000,9.9930000,0.000000,0,0,0
20.760,-0.2488000,0.1932000,9.6588000,59.6008000,63.0035000,66.6199000,4.2450000,10.2970000,10.1980000,0.000000,0,0,0
20.770,-0.2632000,0.1824000,9.6505000,59.5322000,62.8662000,66.9708000,3.7980000,10.4600000,9.8540000,0.000000,0,0,0
20.780,-0.2704000,0.1824000,9.6397000,59.4482000,62.8586000,67.1921000,3.9870000,9.9740000,10.2280000,0.000000,0,0,0
20.790,-0.2632000,0.1800000,9.6349000,59.3567000,62.9959000,67.2226000,3.8540000,9.8970000,10.0000000,0.000000,0,0,0
20.800,-0.2476000,0.1693000,9.6361000,59.3109000,63.3392000,67.1158000,3.9280000,9.9210000,10.0010000,0.000000,0,0,0
20.810,-0.2333000,0.1537000,9.6373000,59.2957000,63.7207000,67.0090000,3.9860000,10.0880000,10.2850000,0.000000,0,0,0
20.820,-0.2237000,0.1346000,9.6421000,59.2651000,63.9801000,67.0319000,3.6640000,10.1960000,9.9120000,0.000000,0,0,0
20.830,-0.2165000,0.1107000,9.6457000,59.2346000,64.1098000,67.2150000,3.5130000,9.9790000,9.9140000,0.000000,0,0,0
20.840,-0.2177000,0.0903000,9.6457000,59.2499000,64.0640000,67.5430000,3.3980000,10.1880000,10.5450000,0.000000,0,0,0
20.850,-0.2213000,0.0819000,9.6409000,59.3567000,63.8733000,67.9169000,3.9350000,10.0580000,10.3380000,0.000000,0,0,0
20.860,-0.2189000,0.0843000,9.6361000,59.5627000,63.5681000,68.2297000,3.8580000,10.1390000,10.1880000,0.000000,0,0,0
20.870,-0.2094000,0.0903000,9.6385000,59.8297000,63.2172000,68.3823000,3.7800000,9.8740000,10.6830000,0.000000,0,0,0
20.880,-0.1890000,0.0975000,9.6469000,60.0967000,63.0112000,68.3594000,3.8930000,9.9080000,10.3700000,0.000000,0,0,0
20.890,-0.1723000,0.1059000,9.6576000,60.3485000,63.0722000,68.1839000,3.9360000,10.0160000,11.0830000,0.000000,0,0,0
20.900,-0.1759000,0.1178000,9.6624000,60.6308000,63.3163000,67.9626000,3.8540000,9.7970000,10.4510000,0.000000,0,0,0
20.910,-0.1986000,0.1298000,9.6505000,60.9131000,63.6597000,67.8329000,3.9120000,9.9270000,10.5400000,0.000000,0,0,0
20.920,-0.2321000,0.1394000,9.6206000,61.1496000,63.8351000,67.8940000,3.8090000,9.9810000,10.3360000,0.000000,0,0,0
20.930,-0.2692000,0.1501000,9.5978000,61.3098000,63.5147000,68.1534000,3.8490000,9.9860000,10.2760000,0.000000,0,0,0
20.940,-0.2907000,0.1609000,9.6038000,61.4243000,62.7365000,68.5043000,3.9140000,9.7130000,10.6550000,0.000000,0,0,0
20.950,-0.2883000,0.1609000,9.6289000,61.5311000,61.8515000,68.8248000,3.9430000,10.0520000,10.1480000,0.000000,0,0,0
20.960,-0.2632000,0.1561000,9.6600000,61.6531000,61.1649000,69.0079000,3.7600000,10.0480000,10.3920000,0.000000,0,0,0
20.970,-0.2225000,0.1609000,9.6828000,61.7371000,60.7910000,68.9392000,3.9090000,9.6720000,10.2490000,0.000000,0,0,0
20.980,-0.1806000,0.1705000,9.6935000,61.7752000,60.7147000,68.6035000,3.6920000,9.9150000,9.5580000,0.000000,0,0,0
20.990,-0.1507000,0.1836000,9.7007000,61.8210000,60.8063000,68.1534000,3.6530000,9.9970000,10.6830000,0.000000,0,0,0
21.000,-0.1352000,0.1968000,9.7091000,61.8896000,61.0580000,67.7490000,3.7060000,9.9940000,11.1010000,0.000000,0,0,0
21.010,-0.1340000,0.2064000,9.7031000,61.9736000,61.4319000,67.4820000,3.8710000,9.9580000,11.0360000,0.000000,0,0,0
21.020,-0.1328000,0.2052000,9.6768000,62.0193000,61.7905000,67.3676000,3.8510000,10.0600000,10.0110000,0.000000,0,0,0
21.030,-0.1256000,0.1980000,9.6349000,61.9812000,62.1033000,67.3981000,4.0750000,10.0410000,10.7030000,0.000000,0,0,0
21.040,-0.1196000,0.1932000,9.5895000,61.7981000,62.4313000,67.5125000,4.0030000,9.7810000,11.3060000,0.000000,0,0,0
21.050,-0.1256000,0.1968000,9.5536000,61.5082000,62.6755000,67.6575000,3.6060000,10.0950000,10.3180000,0.000000,0,0,0
21.060,-0.1352000,0.2076000,9.5344000,61.1496000,62.8128000,67.7643000,3.8440000,10.1110000,9.8690000,0.000000,0,0,0
21.070,-0.1448000,0.2207000,9.5237000,60.7910000,62.8891000,67.7872000,3.5870000,10.0540000,10.2330000,0.000000,0,0,0
21.080,-0.1531000,0.2303000,9.5225000,60.4401000,62.7518000,67.7261000,4.0690000,9.7750000,10.7220000,0.000000,0,0,0
21.090,-0.1591000,0.2339000,9.5380000,60.1120000,62.4161000,67.6041000,3.9460000,9.9680000,10.4310000,0.000000,0,0,0
21.100,-0.1579000,0.2303000,9.5667000,59.8755000,62.0728000,67.4591000,3.6670000,10.2280000,10.5450000,0.000000,0,0,0
21.110,-0.1507000,0.2171000,9.6002000,59.7916000,61.8744000,67.2913000,4.2070000,10.2950000,10.7690000,0.000000,0,0,0
21.120,-0.1424000,0.2028000,9.6337000,59.7992000,61.9431000,67.0929000,4.1550000,9.9840000,10.1260000,0.000000,0,0,0
21.130,-0.1364000,0.1980000,9.6517000,59.7229000,62.2940000,66.8945000,3.7770000,10.2660000,10.2370000,0.000000,0,0,0
21.140,-0.1256000,0.1980000,9.6433000,59.4711000,62.8281000,66.6962000,3.8660000,9.9380000,9.9320000,0.000000,0,0,0
21.150,-0.1196000,0.2052000,9.6134000,58.9981000,63.4537000,66.5207000,3.6530000,10.3140000,10.4220000,0.000000,0,0,0
21.160,-0.1388000,0.2231000,9.5895000,58.4259000,63.7894000,66.3986000,3.8250000,9.7890000,10.4210000,0.000000,0,0,0
21.170,-0.1675000,0.2375000,9.5918000,57.9376000,63.7054000,66.4062000,3.9510000,10.0460000,10.4100000,0.000000,0,0,0
21.180,-0.1914000,0.2434000,9.6206000,57.7164000,63.4689000,66.5665000,3.8790000,9.7280000,10.2430000,0.000000,0,0,0
21.190,-0.2046000,0.2375000,9.6576000,57.8308000,63.2477000,66.8716000,4.1570000,10.1800000,10.3570000,0.000000,0,0,0
21.200,-0.2046000,0.2183000,9.6923000,58.2733000,63.0798000,67.2607000,3.8580000,10.0020000,10.5290000,0.000000,0,0,0
21.210,-0.1938000,0.1980000,9.7175000,58.9294000,62.9349000,67.6422000,3.9690000,10.0850000,10.3030000,0.000000,0,0,0
21.220,-0.1771000,0.1884000,9.7318000,59.6542000,62.7594000,67.8711000,4.0170000,10.2420000,10.3870000,0.000000,0,0,0
21.230,-0.1591000,0.1836000,9.7318000,60.3561000,62.6526000,67.8940000,3.8070000,10.0010000,10.0520000,0.000000,0,0,0
21.240,-0.1495000,0.1860000,9.7115000,60.8978000,62.7060000,67.7643000,3.8610000,9.5880000,9.8250000,0.000000,0,0,0
21.250,-0.1531000,0.1944000,9.6732000,61.1801000,62.7136000,67.5659000,3.8910000,9.6970000,10.4260000,0.000000,0,0,0
21.260,-0.1603000,0.1980000,9.6409000,61.1572000,62.4695000,67.3523000,4.1260000,9.5950000,10.0960000,0.000000,0,0,0
21.270,-0.1699000,0.1932000,9.6301000,60.8597000,62.0804000,67.2379000,3.6770000,9.9930000,10.7670000,0.000000,0,0,0
21.280,-0.1806000,0.1788000,9.6349000,60.4706000,61.6684000,67.2836000,3.7480000,10.0570000,10.0420000,0.000000,0,0,0
21.290,-0.1806000,0.1573000,9.6457000,60.2036000,61.3861000,67.4973000,3.6520000,9.8170000,10.5510000,0.000000,0,0,0
21.300,-0.1723000,0.1406000,9.6493000,60.1273000,61.5082000,67.7948000,3.8100000,10.0410000,10.3560000,0.000000,0,0,0
21.310,-0.1735000,0.1418000,9.6409000,60.1807000,61.8210000,68.0389000,3.9510000,10.1820000,10.0680000,0.000000,0,0,0
21.320,-0.1735000,0.1513000,9.6265000,60.3256000,62.0804000,68.1458000,4.1230000,10.0380000,10.2080000,0.000000,0,0,0
21.330,-0.1615000,0.1717000,9.5883000,60.5774000,62.3550000,68.0695000,4.0000000,10.0150000,10.9990000,0.000000,0,0,0
21.340,-0.1483000,0.1812000,9.5643000,60.6384000,62.2025000,67.9092000,4.0000000,10.1230000,9.9920000,0.000000,0,0,0
21.350,-0.1340000,0.1812000,9.5560000,60.6003000,61.8820000,67.7032000,4.0490000,9.9860000,9.9890000,0.000000,0,0,0
21.360,-0.1256000,0.1717000,9.5643000,60.5087000,61.6150000,67.4896000,3.8680000,10.0410000,10.1250000,0.000000,0,0,0
21.370,-0.1220000,0.1573000,9.5847000,60.4095000,61.4929000,67.3370000,4.0660000,10.1970000,9.8870000,0.000000,0,0,0
21.380,-0.1136000,0.1334000,9.6050000,60.2570000,61.5768000,67.2760000,3.7900000,10.0420000,10.1160000,0.000000,0,0,0
21.390,-0.1041000,0.1119000,9.6146000,60.0510000,61.7981000,67.3218000,3.6980000,9.9710000,10.4640000,0.000000,0,0,0
21.400,-0.0981000,0.1023000,9.6170000,59.8221000,62.0041000,67.4286000,3.7020000,9.9970000,10.4320000,0.000000,0,0,0
21.410,-0.0957000,0.1095000,9.6206000,59.6161000,62.1414000,67.5354000,3.5950000,10.2130000,10.1210000,0.000000,0,0,0
21.420,-0.0993000,0.1262000,9.6253000,59.4711000,62.2635000,67.5659000,4.0510000,10.1670000,10.0790000,0.000000,0,0,0
21.430,-0.1101000,0.1406000,9.6289000,59.3796000,62.3322000,67.4896000,3.6100000,10.0270000,10.4570000,0.000000,0,0,0
21.440,-0.1268000,0.1501000,9.6349000,59.3643000,62.3703000,67.3141000,3.7920000,10.1660000,9.9560000,0.000000,0,0,0
21.450,-0.1471000,0.1513000,9.6469000,59.4101000,62.4695000,67.0471000,3.7880000,9.8310000,10.0420000,0.000000,0,0,0
21.460,-0.1675000,0.1442000,9.6624000,59.4711000,62.6678000,66.7648000,3.8410000,9.9990000,9.6940000,0.000000,0,0,0
21.470,-0.1854000,0.1334000,9.6684000,59.5169000,62.9501000,66.5588000,3.5150000,9.5640000,9.9370000,0.000000,0,0,0
21.480,-0.1878000,0.1238000,9.6636000,59.5093000,63.1561000,66.4597000,3.7000000,10.0530000,9.6090000,0.000000,0,0,0
21.490,-0.1771000,0.1214000,9.6612000,59.3719000,63.1790000,66.4215000,3.7710000,9.9580000,10.0410000,0.000000,0,0,0
21.500,-0.1615000,0.1274000,9.6684000,59.1660000,63.0493000,66.4291000,3.7790000,9.8940000,9.7060000,0.000000,0,0,0
21.510,-0.1448000,0.1370000,9.6840000,59.0134000,62.8738000,66.4597000,3.6680000,10.2000000,9.6960000,0.000000,0,0,0
21.520,-0.1292000,0.1442000,9.7031000,59.0515000,62.7441000,66.5359000,3.8990000,10.0510000,9.5840000,0.000000,0,0,0
21.530,-0.1220000,0.1477000,9.7175000,59.2728000,62.7213000,66.6504000,3.7640000,9.8070000,9.5420000,0.000000,0,0,0
21.540,-0.1256000,0.1489000,9.7210000,59.6237000,62.7518000,66.8182000,3.7430000,10.0520000,9.9480000,0.000000,0,0,0
21.550,-0.1304000,0.1430000,9.7127000,60.0510000,62.8967000,66.9937000,3.6780000,10.1020000,9.7990000,0.000000,0,0,0
21.560,-0.1352000,0.1358000,9.6959000,60.4630000,63.2248000,67.1005000,3.6380000,10.0260000,9.1160000,0.000000,0,0,0
21.570,-0.1424000,0.1274000,9.6744000,60.7834000,63.5834000,67.1158000,3.9060000,9.9210000,9.2350000,0.000000,0,0,0
21.580,-0.1507000,0.1202000,9.6493000,60.9512000,63.8809000,67.0929000,3.8980000,9.8270000,9.6350000,0.000000,0,0,0
21.590,-0.1543000,0.1166000,9.6265000,60.9894000,64.0106000,67.1158000,3.7940000,10.0680000,9.3520000,0.000000,0,0,0
21.600,-0.1507000,0.1142000,9.6110000,60.9436000,63.9343000,67.1768000,3.9440000,9.9800000,9.1880000,0.000000,0,0,0
21.610,-0.1436000,0.1142000,9.6050000,60.9055000,63.7283000,67.2607000,3.8640000,9.9650000,9.5550000,0.000000,0,0,0
21.620,-0.1436000,0.1214000,9.6050000,60.9436000,63.5147000,67.3294000,3.8060000,10.0940000,9.2710000,0.000000,0,0,0
21.630,-0.1459000,0.1334000,9.6074000,61.0733000,63.3850000,67.3523000,3.7110000,10.2150000,9.1180000,0.000000,0,0,0
21.640,-0.1483000,0.1442000,9.6074000,61.2564000,63.4079000,67.2836000,3.7620000,9.9710000,9.8360000,0.000000,0,0,0
21.650,-0.1543000,0.1513000,9.6026000,61.3861000,63.4842000,67.1539000,3.8470000,9.9340000,9.3260000,0.000000,0,0,0
21.660,-0.1651000,0.1585000,9.5942000,61.3327000,63.4537000,67.0547000,3.6110000,9.7040000,9.5020000,0.000000,0,0,0
21.670,-0.1771000,0.1597000,9.5859000,61.0886000,63.2324000,67.1158000,3.8880000,9.7300000,9.8820000,0.000000,0,0,0
21.680,-0.1818000,0.1609000,9.5847000,60.7224000,62.8815000,67.3676000,3.7940000,9.9880000,9.7970000,0.000000,0,0,0
21.690,-0.1747000,0.1669000,9.5966000,60.3561000,62.5458000,67.7109000,3.8110000,9.9760000,9.5870000,0.000000,0,0,0
21.700,-0.1615000,0.1705000,9.6194000,60.0662000,62.3398000,68.0237000,3.9970000,10.2430000,10.0330000,0.000000,0,0,0
21.710,-0.1519000,0.1717000,9.6421000,59.9518000,62.2787000,68.2449000,3.3100000,9.9770000,10.1800000,0.000000,0,0,0
21.720,-0.1471000,0.1741000,9.6505000,59.9899000,62.4390000,68.3670000,3.6910000,9.6900000,9.6990000,0.000000,0,0,0
21.730,-0.1471000,0.1753000,9.6409000,60.0739000,62.6755000,68.4357000,3.6090000,9.8600000,9.6880000,0.000000,0,0,0
21.740,-0.1495000,0.1776000,9.6241000,60.0052000,62.8204000,68.4967000,3.4890000,10.0270000,9.4510000,0.000000,0,0,0
21.750,-0.1495000,0.1753000,9.6086000,59.7534000,62.8281000,68.5425000,3.3740000,10.0990000,9.7240000,0.000000,0,0,0
21.760,-0.1424000,0.1657000,9.6074000,59.4635000,62.7594000,68.5501000,3.3410000,9.9000000,10.0830000,0.000000,0,0,0
21.770,-0.1328000,0.1549000,9.6218000,59.2728000,62.7594000,68.5120000,3.5400000,9.9350000,9.8490000,0.000000,0,0,0
21.780,-0.1268000,0.1489000,9.6481000,59.2422000,62.8967000,68.4280000,3.7260000,10.0210000,10.1660000,0.000000,0,0,0
21.790,-0.1232000,0.1442000,9.6708000,59.3872000,63.0798000,68.2907000,3.8270000,9.9710000,10.4690000,0.000000,0,0,0
21.800,-0.1208000,0.1430000,9.6852000,59.6771000,63.2019000,68.1458000,3.6230000,10.1190000,9.6110000,0.000000,0,0,0
21.810,-0.1232000,0.1453000,9.6899000,60.0891000,63.2477000,68.0313000,3.8490000,9.9140000,10.2630000,0.000000,0,0,0
21.820,-0.1292000,0.1453000,9.6840000,60.5392000,63.2095000,67.9703000,3.9380000,10.0970000,10.1210000,0.000000,0,0,0
21.830,-0.1328000,0.1477000,9.6708000,61.0123000,63.0264000,67.9855000,3.7150000,10.2250000,9.6780000,0.000000,0,0,0
21.840,-0.1304000,0.1453000,9.6541000,61.4243000,62.7975000,68.0313000,3.7100000,10.3210000,10.3820000,0.000000,0,0,0
21.850,-0.1268000,0.1477000,9.6409000,61.7142000,62.6068000,68.0313000,3.6910000,10.2010000,9.9480000,0.000000,0,0,0
21.860,-0.1328000,0.1549000,9.6385000,61.9049000,62.5381000,67.9474000,3.7210000,10.0660000,10.2030000,0.000000,0,0,0
21.870,-0.1388000,0.1597000,9.6433000,62.0575000,62.7136000,67.7719000,3.6370000,9.9390000,9.4730000,0.000000,0,0,0
21.880,-0.1459000,0.1633000,9.6469000,62.2253000,63.0417000,67.5507000,3.6770000,9.9500000,10.0330000,0.000000,0,0,0
21.890,-0.1555000,0.1729000,9.6409000,62.3703000,63.4308000,67.3828000,3.5940000,10.1260000,9.8830000,0.000000,0,0,0
21.900,-0.1603000,0.1788000,9.6253000,62.4390000,63.8809000,67.3370000,3.4150000,10.1550000,10.0860000,0.000000,0,0,0
21.910,-0.1603000,0.1776000,9.6086000,62.3856000,64.1098000,67.4210000,3.7560000,10.0580000,9.7830000,0.000000,0,0,0
21.920,-0.1603000,0.1741000,9.6050000,62.2635000,63.9725000,67.5812000,3.6630000,10.0580000,9.3620000,0.000000,0,0,0
21.930,-0.1567000,0.1741000,9.6182000,62.1719000,63.7283000,67.8024000,3.5700000,10.1090000,9.3960000,0.000000,0,0,0
21.940,-0.1555000,0.1765000,9.6325000,62.2101000,63.5681000,67.9932000,3.3030000,9.9840000,9.3750000,0.000000,0,0,0
21.950,-0.1687000,0.1776000,9.6373000,62.3932000,63.3163000,68.1229000,3.6650000,10.2970000,10.2620000,0.000000,0,0,0
21.960,-0.1723000,0.1812000,9.6361000,62.6373000,63.0646000,68.2373000,3.6190000,10.1940000,9.8590000,0.000000,0,0,0
21.970,-0.1507000,0.1776000,9.6265000,62.8738000,63.3240000,68.3212000,3.5220000,10.1760000,9.7970000,0.000000,0,0,0
21.980,-0.1340000,0.1681000,9.6026000,63.1638000,64.4608000,68.3441000,3.3850000,10.2250000,9.9990000,0.000000,0,0,0
21.990,-0.1471000,0.1753000,9.6014000,63.2172000,65.0940000,68.3289000,3.4880000,10.3210000,10.0100000,0.000000,0,0,0
22.000,-0.1615000,0.1896000,9.6074000,63.0875000,65.5212000,68.3212000,3.7610000,10.4880000,9.4960000,0.000000,0,0,0
22.010,-0.1699000,0.2040000,9.6074000,62.7747000,65.6967000,68.2907000,3.7700000,10.3670000,9.7010000,0.000000,0,0,0
22.020,-0.1747000,0.2195000,9.6026000,62.3093000,65.5746000,68.1839000,3.4880000,10.3360000,9.5470000,0.000000,0,0,0
22.030,-0.1759000,0.2375000,9.5966000,61.6913000,65.2542000,67.9779000,3.4250000,10.3950000,10.0300000,0.000000,0,0,0
22.040,-0.1794000,0.2411000,9.5906000,60.9818000,64.8270000,67.7414000,3.4580000,10.5650000,9.4930000,0.000000,0,0,0
22.050,-0.1878000,0.2255000,9.5835000,60.2112000,64.2853000,67.5430000,3.4680000,10.2290000,10.1600000,0.000000,0,0,0
22.060,-0.1950000,0.2076000,9.5811000,59.5551000,63.6292000,67.4362000,3.4650000,10.5350000,9.6890000,0.000000,0,0,0
22.070,-0.2022000,0.1980000,9.5871000,59.0897000,63.1027000,67.4133000,3.7130000,10.1450000,10.0360000,0.000000,0,0,0
22.080,-0.2094000,0.1992000,9.5954000,58.8837000,62.8052000,67.3981000,3.8770000,10.2730000,9.3130000,0.000000,0,0,0
22.090,-0.2153000,0.2064000,9.6050000,58.8837000,62.7136000,67.3141000,3.7510000,10.4130000,9.7040000,0.000000,0,0,0
22.100,-0.2165000,0.2123000,9.6110000,58.9905000,62.7441000,67.1616000,3.8250000,10.5590000,10.0840000,0.000000,0,0,0
22.110,-0.2165000,0.2123000,9.6134000,59.1507000,62.7747000,66.9785000,3.4900000,10.1150000,9.6310000,0.000000,0,0,0
22.120,-0.2177000,0.2099000,9.6182000,59.3033000,62.7823000,66.8411000,3.8130000,10.1870000,9.5690000,0.000000,0,0,0
22.130,-0.2165000,0.2064000,9.6265000,59.4788000,62.7441000,66.7877000,3.8050000,10.6180000,9.8340000,0.000000,0,0,0
22.140,-0.2129000,0.2052000,9.6397000,59.6924000,62.6450000,66.8030000,3.5900000,10.4090000,9.9590000,0.000000,0,0,0
22.150,-0.2070000,0.2099000,9.6517000,59.9365000,62.5076000,66.8259000,3.5200000,10.1590000,9.7520000,0.000000,0,0,0
22.160,-0.1998000,0.2195000,9.6564000,60.1349000,62.3550000,66.8564000,3.6800000,10.3200000,9.7170000,0.000000,0,0,0
22.170,-0.1926000,0.2231000,9.6529000,60.2417000,62.2101000,66.9250000,3.6290000,10.3400000,9.1070000,0.000000,0,0,0
22.180,-0.1854000,0.2231000,9.6457000,60.2264000,62.2177000,67.0471000,3.8460000,10.2130000,9.5310000,0.000000,0,0,0
22.190,-0.1854000,0.2183000,9.6373000,60.1044000,62.4008000,67.2226000,3.6530000,10.1420000,9.7120000,0.000000,0,0,0
22.200,-0.1938000,0.2064000,9.6265000,59.9213000,62.6984000,67.4973000,3.6040000,10.3080000,9.4930000,0.000000,0,0,0
22.210,-0.2010000,0.1956000,9.6110000,59.7000000,63.1027000,67.8329000,3.6850000,10.1240000,9.4150000,0.000000,0,0,0
22.220,-0.2034000,0.1932000,9.5906000,59.4330000,63.4766000,68.1076000,3.7960000,10.3070000,9.9090000,0.000000,0,0,0
22.230,-0.1938000,0.1956000,9.5727000,59.0820000,63.6368000,68.1992000,3.4670000,10.6170000,9.9380000,0.000000,0,0,0
22.240,-0.1747000,0.1932000,9.5679000,58.6777000,63.5071000,68.0542000,3.9380000,10.5860000,9.6490000,0.000000,0,0,0
22.250,-0.1543000,0.1872000,9.5847000,58.3191000,63.1180000,67.7643000,3.7230000,10.2840000,9.3420000,0.000000,0,0,0
22.260,-0.1376000,0.1812000,9.6182000,58.0902000,62.7365000,67.4133000,3.6670000,10.0340000,9.5460000,0.000000,0,0,0
22.270,-0.1292000,0.1681000,9.6564000,58.0368000,62.5381000,67.0853000,3.6470000,10.2370000,9.6200000,0.000000,0,0,0
22.280,-0.1304000,0.1537000,9.6864000,58.1894000,62.5229000,66.8259000,3.4950000,10.4430000,9.0510000,0.000000,0,0,0
22.290,-0.1424000,0.1453000,9.7055000,58.4946000,62.6755000,66.6733000,3.7670000,10.0830000,9.4050000,0.000000,0,0,0
22.300,-0.1579000,0.1477000,9.7115000,58.8531000,63.0035000,66.5970000,3.6580000,10.3200000,9.9770000,0.000000,0,0,0
22.310,-0.1711000,0.1537000,9.7043000,59.1431000,63.3926000,66.5512000,3.6900000,10.1430000,10.4970000,0.000000,0,0,0
22.320,-0.1866000,0.1645000,9.6875000,59.3262000,63.6597000,66.5054000,3.7240000,10.3280000,10.4960000,0.000000,0,0,0
22.330,-0.2010000,0.1741000,9.6744000,59.4635000,63.6597000,66.5207000,3.4160000,10.1410000,10.3060000,0.000000,0,0,0
22.340,-0.2117000,0.1836000,9.6660000,59.6085000,63.5071000,66.5894000,3.8010000,10.0820000,9.8140000,0.000000,0,0,0
22.350,-0.2153000,0.1896000,9.6588000,59.7687000,63.2248000,66.7038000,3.6990000,10.2450000,10.5650000,0.000000,0,0,0
22.360,-0.2165000,0.1884000,9.6529000,59.9670000,62.8891000,66.7953000,3.8940000,10.2110000,10.1720000,0.000000,0,0,0
22.370,-0.2117000,0.1836000,9.6469000,60.1196000,62.6373000,66.8335000,3.7610000,10.2720000,9.8390000,0.000000,0,0,0
22.380,-0.2010000,0.1717000,9.6373000,60.1807000,62.5076000,66.8259000,3.7510000,10.0890000,10.0170000,0.000000,0,0,0
22.390,-0.1890000,0.1609000,9.6277000,60.2646000,62.5381000,66.7953000,3.5100000,10.0120000,10.8590000,0.000000,0,0,0
22.400,-0.1818000,0.1549000,9.6182000,60.3867000,62.6373000,66.7877000,3.6630000,10.1090000,9.8220000,0.000000,0,0,0
22.410,-0.1759000,0.1561000,9.6110000,60.4858000,62.7060000,66.8411000,3.7390000,10.1560000,10.0680000,0.000000,0,0,0
22.420,-0.1675000,0.1633000,9.6062000,60.5164000,62.6678000,66.8945000,3.9240000,10.1110000,9.9900000,0.000000,0,0,0
22.430,-0.1567000,0.1681000,9.6074000,60.4858000,62.4237000,66.9098000,3.7620000,10.2150000,9.7870000,0.000000,0,0,0
22.440,-0.1483000,0.1645000,9.6182000,60.4935000,62.0956000,66.9098000,3.7880000,10.2490000,9.9360000,0.000000,0,0,0
22.450,-0.1495000,0.1597000,9.6361000,60.6003000,61.8973000,66.9479000,3.8520000,10.0100000,10.0910000,0.000000,0,0,0
22.460,-0.1555000,0.1573000,9.6469000,60.7224000,61.9812000,67.0090000,3.7990000,10.0730000,9.6190000,0.000000,0,0,0
22.470,-0.1651000,0.1585000,9.6409000,60.7224000,62.2940000,67.0700000,4.0590000,10.0890000,9.7800000,0.000000,0,0,0
22.480,-0.1794000,0.1573000,9.6218000,60.5774000,62.5992000,67.1005000,3.8570000,10.1300000,10.1620000,0.000000,0,0,0
22.490,-0.1974000,0.1525000,9.6050000,60.3333000,62.7594000,67.1387000,4.1850000,10.4390000,9.9740000,0.000000,0,0,0
22.500,-0.2129000,0.1453000,9.6038000,60.0891000,62.7823000,67.2073000,4.0670000,10.3420000,10.5120000,0.000000,0,0,0
22.510,-0.2141000,0.1382000,9.6158000,59.9289000,62.7441000,67.3065000,3.6020000,10.4070000,9.7670000,0.000000,0,0,0
22.520,-0.2034000,0.1346000,9.6325000,59.8907000,62.6602000,67.3676000,3.7840000,10.0650000,9.5440000,0.000000,0,0,0
22.530,-0.1842000,0.1346000,9.6481000,59.9518000,62.6678000,67.3294000,3.8790000,10.2750000,9.4450000,0.000000,0,0,0
22.540,-0.1675000,0.1310000,9.6588000,60.0510000,62.8357000,67.2150000,3.7400000,10.3080000,9.2090000,0.000000,0,0,0
22.550,-0.1531000,0.1250000,9.6588000,60.1120000,63.0493000,67.0471000,3.7120000,10.4380000,9.6570000,0.000000,0,0,0
22.560,-0.1400000,0.1166000,9.6529000,60.1349000,63.1943000,66.8640000,3.6960000,10.2140000,9.3260000,0.000000,0,0,0
22.570,-0.1328000,0.1071000,9.6445000,60.1578000,63.3240000,66.6428000,4.0020000,10.3840000,9.7510000,0.000000,0,0,0
22.580,-0.1388000,0.1023000,9.6301000,60.1654000,63.3850000,66.4215000,3.7180000,10.3720000,9.7500000,0.000000,0,0,0
22.590,-0.1627000,0.1035000,9.6110000,60.1196000,63.2401000,66.2231000,3.7270000,10.2010000,9.5090000,0.000000,0,0,0
22.600,-0.1806000,0.1119000,9.6038000,60.0662000,63.0188000,66.2613000,3.6990000,10.4030000,9.7450000,0.000000,0,0,0
22.610,-0.1998000,0.1202000,9.6050000,60.0052000,62.7747000,66.3757000,3.6840000,10.5760000,9.5510000,0.000000,0,0,0
22.620,-0.2117000,0.1238000,9.6134000,59.8984000,62.6984000,66.5054000,3.7720000,10.2540000,9.8070000,0.000000,0,0,0
22.630,-0.2153000,0.1286000,9.6206000,59.7229000,62.8204000,66.6046000,3.9550000,10.8120000,9.5500000,0.000000,0,0,0
22.640,-0.2129000,0.1394000,9.6229000,59.5169000,62.9807000,66.6351000,3.6520000,10.2700000,8.9000000,0.000000,0,0,0
22.650,-0.2105000,0.1489000,9.6253000,59.2804000,63.0569000,66.5741000,3.7280000,10.3250000,9.6970000,0.000000,0,0,0
22.660,-0.2141000,0.1477000,9.6361000,59.1507000,63.0417000,66.4978000,3.6370000,10.2760000,9.6610000,0.000000,0,0,0
22.670,-0.2213000,0.1442000,9.6552000,59.2117000,62.9959000,66.4749000,3.4840000,10.2520000,9.8130000,0.000000,0,0,0
22.680,-0.2261000,0.1477000,9.6780000,59.4406000,62.9807000,66.5588000,3.6650000,10.2180000,9.2530000,0.000000,0,0,0
22.690,-0.2273000,0.1597000,9.6887000,59.7229000,63.0112000,66.7038000,3.7590000,10.1330000,9.2210000,0.000000,0,0,0
22.700,-0.2249000,0.1741000,9.6864000,59.9518000,63.0188000,66.8411000,3.7140000,10.2390000,9.0500000,0.000000,0,0,0
22.710,-0.2189000,0.1920000,9.6768000,60.0739000,62.9578000,66.9250000,3.8330000,10.5600000,9.7650000,0.000000,0,0,0
22.720,-0.2082000,0.1980000,9.6708000,60.0815000,62.8281000,66.9479000,3.6470000,10.3730000,9.3890000,0.000000,0,0,0
22.730,-0.1950000,0.1884000,9.6696000,60.0433000,62.7365000,66.9632000,4.0110000,10.1920000,10.1960000,0.000000,0,0,0
22.740,-0.1842000,0.1717000,9.6744000,60.0357000,62.7289000,67.0395000,3.8510000,10.3840000,10.0700000,0.000000,0,0,0
22.750,-0.1735000,0.1501000,9.6804000,60.0510000,62.8510000,67.1921000,3.6290000,10.2110000,9.9990000,0.000000,0,0,0
22.760,-0.1627000,0.1334000,9.6816000,60.1196000,62.9883000,67.3981000,3.5880000,10.1410000,10.0430000,0.000000,0,0,0
22.770,-0.1519000,0.1286000,9.6804000,60.2188000,63.0951000,67.5583000,3.8540000,10.4230000,10.6000000,0.000000,0,0,0
22.780,-0.1412000,0.1298000,9.6816000,60.3333000,63.1638000,67.6041000,4.0420000,10.2740000,9.3450000,0.000000,0,0,0
22.790,-0.1280000,0.1334000,9.6816000,60.4553000,63.2401000,67.5125000,3.8050000,10.4310000,9.5310000,0.000000,0,0,0
22.800,-0.1160000,0.1358000,9.6744000,60.6003000,63.3087000,67.3141000,3.7960000,10.4070000,9.7220000,0.000000,0,0,0
22.810,-0.1148000,0.1382000,9.6612000,60.7758000,63.3469000,67.0242000,3.5950000,10.3710000,9.3140000,0.000000,0,0,0
22.820,-0.1304000,0.1382000,9.6457000,60.9589000,63.3850000,66.7572000,4.0410000,10.1640000,9.4030000,0.000000,0,0,0
22.830,-0.1579000,0.1394000,9.6301000,61.0962000,63.4384000,66.5894000,3.7310000,10.2770000,9.7100000,0.000000,0,0,0
22.840,-0.1878000,0.1406000,9.6158000,61.1115000,63.4384000,66.5588000,4.1260000,10.3650000,9.6970000,0.000000,0,0,0
22.850,-0.2094000,0.1418000,9.6050000,61.0046000,63.3163000,66.6275000,3.8560000,10.3740000,9.4170000,0.000000,0,0,0
22.860,-0.2177000,0.1442000,9.6002000,60.7910000,63.1638000,66.7343000,3.6770000,10.2810000,9.0930000,0.000000,0,0,0
22.870,-0.2153000,0.1489000,9.5990000,60.5164000,63.0798000,66.8182000,3.8720000,10.2110000,9.4900000,0.000000,0,0,0
22.880,-0.2105000,0.1537000,9.5990000,60.2722000,63.0722000,66.8335000,3.7780000,10.1670000,9.6570000,0.000000,0,0,0
22.890,-0.2046000,0.1525000,9.5954000,60.1349000,63.1561000,66.7877000,3.7270000,10.3600000,9.6220000,0.000000,0,0,0
22.900,-0.2046000,0.1489000,9.5847000,60.1120000,63.2782000,66.7648000,3.5770000,10.2740000,10.0000000,0.000000,0,0,0
22.910,-0.2105000,0.1442000,9.5655000,60.1044000,63.3545000,66.8030000,3.7120000,10.1510000,9.5490000,0.000000,0,0,0
22.920,-0.2141000,0.1370000,9.5476000,60.0128000,63.3011000,66.9327000,3.5930000,10.2260000,10.3660000,0.000000,0,0,0
22.930,-0.2117000,0.1226000,9.5440000,59.7992000,63.0569000,67.1082000,3.9060000,10.3600000,10.2070000,0.000000,0,0,0
22.940,-0.2046000,0.1107000,9.5560000,59.4940000,62.7365000,67.2913000,3.5890000,9.9630000,9.9370000,0.000000,0,0,0
22.950,-0.1974000,0.1023000,9.5775000,59.1888000,62.4619000,67.4286000,3.8550000,10.1650000,10.0440000,0.000000,0,0,0
22.960,-0.1926000,0.0975000,9.6002000,58.9828000,62.3169000,67.5125000,3.6740000,10.2560000,10.4740000,0.000000,0,0,0
22.970,-0.1878000,0.0927000,9.6218000,58.9218000,62.3093000,67.5583000,3.5220000,10.2980000,10.1400000,0.000000,0,0,0
22.980,-0.1842000,0.0831000,9.6301000,58.9523000,62.2864000,67.6422000,3.9160000,10.5140000,9.9070000,0.000000,0,0,0
22.990,-0.1830000,0.0712000,9.6277000,58.9905000,62.0117000,67.8177000,3.5120000,10.1660000,10.0870000,0.000000,0,0,0
23.000,-0.1842000,0.0640000,9.6289000,58.9600000,61.5311000,68.1076000,3.5270000,10.3250000,10.6270000,0.000000,0,0,0
23.010,-0.1914000,0.0640000,9.6301000,58.7997000,61.0657000,68.4738000,3.3180000,10.0350000,9.8550000,0.000000,0,0,0
23.020,-0.1974000,0.0664000,9.6289000,58.5480000,60.7071000,68.8782000,3.6940000,10.2840000,9.5680000,0.000000,0,0,0
23.030,-0.2022000,0.0724000,9.6277000,58.2657000,60.5240000,69.3054000,3.7970000,10.3940000,10.2020000,0.000000,0,0,0
23.040,-0.2105000,0.0772000,9.6337000,58.0292000,60.5774000,69.6869000,3.5940000,10.1180000,10.1600000,0.000000,0,0,0
23.050,-0.2201000,0.0784000,9.6445000,57.9300000,60.8673000,69.9615000,3.9570000,10.1380000,9.5790000,0.000000,0,0,0
23.060,-0.2237000,0.0712000,9.6541000,58.0215000,61.3937000,70.1447000,3.4110000,10.2000000,10.0790000,0.000000,0,0,0
23.070,-0.2225000,0.0604000,9.6612000,58.2428000,62.0346000,70.2896000,3.9260000,10.4020000,9.6630000,0.000000,0,0,0
23.080,-0.2105000,0.0556000,9.6648000,58.4259000,62.5458000,70.3278000,3.4650000,10.2910000,9.8850000,0.000000,0,0,0
23.090,-0.1854000,0.0532000,9.6684000,58.4412000,62.8586000,70.1904000,3.7710000,10.4410000,9.4630000,0.000000,0,0,0
23.100,-0.1591000,0.0473000,9.6744000,58.2962000,62.9501000,69.9081000,3.6710000,10.2970000,9.9940000,0.000000,0,0,0
23.110,-0.1340000,0.0413000,9.6864000,58.1894000,62.9044000,69.5343000,3.9430000,10.6630000,9.8840000,0.000000,0,0,0
23.120,-0.1160000,0.0401000,9.7019000,58.2886000,62.9349000,69.1376000,3.5450000,10.4650000,10.2580000,0.000000,0,0,0
23.130,-0.1077000,0.0508000,9.7067000,58.5861000,63.0646000,68.7408000,3.5950000,10.4930000,10.1830000,0.000000,0,0,0
23.140,-0.1077000,0.0676000,9.6971000,58.9981000,63.1714000,68.3289000,3.6980000,10.2880000,9.5450000,0.000000,0,0,0
23.150,-0.1077000,0.0867000,9.6828000,59.4254000,63.1638000,67.8864000,3.5670000,10.4730000,9.9940000,0.000000,0,0,0
23.160,-0.1113000,0.1011000,9.6720000,59.8145000,63.1561000,67.4820000,3.6280000,10.4980000,9.7070000,0.000000,0,0,0
23.170,-0.1196000,0.1107000,9.6600000,60.1501000,63.2858000,67.1768000,3.7100000,10.3070000,9.8270000,0.000000,0,0,0
23.180,-0.1340000,0.1238000,9.6409000,60.3867000,63.5529000,67.0319000,3.6170000,10.1780000,10.1830000,0.000000,0,0,0
23.190,-0.1507000,0.1418000,9.6134000,60.4706000,63.8580000,67.0395000,3.7130000,10.6840000,10.5450000,0.000000,0,0,0
23.200,-0.1663000,0.1585000,9.5883000,60.4095000,64.1022000,67.1692000,3.7600000,10.8460000,10.0480000,0.000000,0,0,0
23.210,-0.1842000,0.1693000,9.5727000,60.2036000,64.2776000,67.3752000,3.3800000,10.5510000,10.4280000,0.000000,0,0,0
23.220,-0.1962000,0.1729000,9.5691000,59.9442000,64.3539000,67.6498000,3.5120000,10.3670000,10.2180000,0.000000,0,0,0
23.230,-0.1950000,0.1681000,9.5691000,59.6848000,64.3158000,67.9245000,3.6320000,10.8690000,9.8960000,0.000000,0,0,0
23.240,-0.1842000,0.1537000,9.5727000,59.5245000,64.1174000,68.1381000,3.8630000,10.5470000,9.6990000,0.000000,0,0,0
23.250,-0.1699000,0.1370000,9.5823000,59.5016000,63.7970000,68.2373000,3.6190000,10.5540000,9.7810000,0.000000,0,0,0
23.260,-0.1579000,0.1250000,9.6038000,59.6313000,63.4918000,68.2068000,3.6190000,10.2580000,9.9410000,0.000000,0,0,0
23.270,-0.1495000,0.1202000,9.6301000,59.8679000,63.2858000,68.0618000,3.4870000,10.4060000,10.3470000,0.000000,0,0,0
23.280,-0.1280000,0.1214000,9.6541000,60.2417000,63.0417000,67.6651000,3.6140000,10.2250000,9.1320000,0.000000,0,0,0
23.290,-0.1268000,0.1250000,9.6576000,60.4782000,62.8891000,67.3599000,3.9210000,10.3240000,9.9070000,0.000000,0,0,0
23.300,-0.1388000,0.1298000,9.6552000,60.7529000,62.7899000,67.1082000,3.6540000,10.1140000,10.3160000,0.000000,0,0,0
23.310,-0.1543000,0.1346000,9.6481000,61.0504000,62.7975000,66.9250000,3.5720000,10.3910000,10.0350000,0.000000,0,0,0
23.320,-0.1687000,0.1394000,9.6325000,61.2946000,62.8586000,66.7725000,3.3740000,10.1570000,10.0460000,0.000000,0,0,0
23.330,-0.1794000,0.1406000,9.6158000,61.4014000,62.9272000,66.6428000,3.4440000,10.4210000,10.2120000,0.000000,0,0,0
23.340,-0.1854000,0.1358000,9.6050000,61.2793000,62.9959000,66.5512000,3.6430000,10.4410000,10.2340000,0.000000,0,0,0
23.350,-0.1866000,0.1238000,9.6014000,60.9207000,63.0112000,66.5436000,3.5160000,10.2480000,10.2140000,0.000000,0,0,0
23.360,-0.1806000,0.1083000,9.6074000,60.4477000,62.9349000,66.6199000,3.4770000,10.3610000,10.2190000,0.000000,0,0,0
23.370,-0.1735000,0.0963000,9.6218000,60.0128000,62.8586000,66.7648000,3.6650000,10.2970000,10.0640000,0.000000,0,0,0
23.380,-0.1687000,0.0903000,9.6385000,59.6695000,62.8204000,66.9098000,3.4900000,10.2080000,9.9240000,0.000000,0,0,0
23.390,-0.1615000,0.0951000,9.6588000,59.4330000,62.8052000,67.0013000,3.6690000,10.2730000,10.2020000,0.000000,0,0,0
23.400,-0.1519000,0.0939000,9.6768000,59.3185000,62.8357000,66.9937000,3.9160000,10.4060000,10.0330000,0.000000,0,0,0
23.410,-0.1436000,0.0855000,9.6887000,59.3796000,62.8967000,66.9327000,3.7130000,10.5400000,10.3150000,0.000000,0,0,0
23.420,-0.1459000,0.0748000,9.6971000,59.6161000,62.9883000,66.8716000,3.4600000,10.7030000,9.8460000,0.000000,0,0,0
23.430,-0.1579000,0.0640000,9.6983000,59.9442000,63.1638000,66.8335000,3.6090000,10.5000000,9.5330000,0.000000,0,0,0
23.440,-0.1759000,0.0532000,9.6840000,60.2417000,63.3545000,66.8259000,3.6280000,10.3040000,9.7560000,0.000000,0,0,0
23.450,-0.1926000,0.0449000,9.6564000,60.3790000,63.4995000,66.8182000,3.4520000,10.7020000,10.0740000,0.000000,0,0,0
23.460,-0.2117000,0.0401000,9.6229000,60.2951000,63.5529000,66.8182000,3.4390000,10.3010000,10.6490000,0.000000,0,0,0
23.470,-0.2273000,0.0353000,9.6002000,60.0052000,63.4842000,66.8106000,3.6270000,10.4750000,10.1690000,0.000000,0,0,0
23.480,-0.2345000,0.0329000,9.5966000,59.6085000,63.3087000,66.7953000,3.7110000,10.3360000,10.5110000,0.000000,0,0,0
23.490,-0.2357000,0.0305000,9.6098000,59.2728000,63.1104000,66.7801000,3.6010000,10.5210000,10.0510000,0.000000,0,0,0
23.500,-0.2321000,0.0257000,9.6289000,59.0897000,63.0341000,66.7725000,3.4620000,10.2380000,10.0440000,0.000000,0,0,0
23.510,-0.2273000,0.0173000,9.6445000,59.0973000,63.1332000,66.8335000,3.6540000,10.3080000,9.9880000,0.000000,0,0,0
23.520,-0.2189000,0.0090000,9.6493000,59.2346000,63.2324000,67.0090000,3.5140000,10.2530000,10.1810000,0.000000,0,0,0
23.530,-0.2105000,0.0066000,9.6481000,59.4406000,63.2095000,67.2989000,3.7560000,10.5690000,10.4540000,0.000000,0,0,0
23.540,-0.2022000,0.0090000,9.6457000,59.6161000,63.1332000,67.6117000,4.0470000,10.2280000,9.7590000,0.000000,0,0,0
23.550,-0.1914000,0.0161000,9.6397000,59.7000000,63.0493000,67.8329000,3.6430000,10.3690000,10.4800000,0.000000,0,0,0
23.560,-0.1806000,0.0233000,9.6301000,59.6466000,62.9730000,67.8787000,3.6290000,10.6930000,10.0990000,0.000000,0,0,0
23.570,-0.1771000,0.0269000,9.6218000,59.5627000,62.9272000,67.7719000,3.3810000,10.6960000,10.3640000,0.000000,0,0,0
23.580,-0.1794000,0.0257000,9.6182000,59.5474000,62.9425000,67.5964000,3.5420000,10.2890000,10.2680000,0.000000,0,0,0
23.590,-0.1818000,0.0197000,9.6158000,59.6008000,63.0188000,67.4362000,3.4010000,10.5220000,10.0900000,0.000000,0,0,0
23.600,-0.1842000,0.0126000,9.6146000,59.6848000,63.0875000,67.3294000,3.2790000,10.7010000,10.7080000,0.000000,0,0,0
23.610,-0.1866000,0.0114000,9.6110000,59.7229000,63.0646000,67.2836000,3.4760000,10.5970000,10.3160000,0.000000,0,0,0
23.620,-0.1902000,0.0138000,9.6074000,59.7076000,62.9349000,67.2684000,3.5190000,10.3380000,10.8760000,0.000000,0,0,0
23.630,-0.1914000,0.0173000,9.6098000,59.7000000,62.7365000,67.2760000,3.5940000,10.5140000,9.5950000,0.000000,0,0,0
23.640,-0.1938000,0.0221000,9.6158000,59.7458000,62.6144000,67.2836000,3.5770000,10.5690000,9.8190000,0.000000,0,0,0
23.650,-0.1962000,0.0329000,9.6170000,59.8221000,62.6678000,67.2684000,3.4640000,10.2250000,10.3070000,0.000000,0,0,0
23.660,-0.1950000,0.0437000,9.6074000,59.8602000,62.7670000,67.2226000,3.5660000,10.3130000,10.2450000,0.000000,0,0,0
23.670,-0.1914000,0.0484000,9.5954000,59.7992000,62.6831000,67.1616000,3.4880000,10.3280000,9.7740000,0.000000,0,0,0
23.680,-0.1854000,0.0425000,9.5918000,59.7000000,62.4237000,67.1310000,3.6600000,10.5230000,9.9900000,0.000000,0,0,0
23.690,-0.1806000,0.0317000,9.6026000,59.6771000,62.1414000,67.1997000,3.7020000,10.5290000,9.9610000,0.000000,0,0,0
23.700,-0.1675000,0.0185000,9.6218000,59.8068000,61.9125000,67.3370000,3.5930000,10.2030000,9.6440000,0.000000,0,0,0
23.710,-0.1471000,0.0114000,9.6445000,60.0815000,61.8286000,67.4591000,3.3870000,10.5940000,9.6760000,0.000000,0,0,0
23.720,-0.1268000,0.0138000,9.6636000,60.4172000,61.8744000,67.4744000,3.8130000,10.3960000,9.9500000,0.000000,0,0,0
23.730,-0.1136000,0.0197000,9.6756000,60.7529000,61.9812000,67.3828000,3.2790000,10.5500000,9.8430000,0.000000,0,0,0
23.740,-0.1041000,0.0293000,9.6780000,61.0657000,62.1262000,67.2150000,3.5590000,10.6080000,9.5270000,0.000000,0,0,0
23.750,-0.0993000,0.0353000,9.6720000,61.3632000,62.3245000,66.9632000,3.6550000,10.4530000,9.3930000,0.000000,0,0,0
23.760,-0.1065000,0.0389000,9.6600000,61.6074000,62.5229000,66.6885000,3.2550000,10.6420000,9.2180000,0.000000,0,0,0
23.770,-0.1220000,0.0413000,9.6445000,61.7599000,62.7441000,66.4749000,3.3940000,10.3710000,9.2150000,0.000000,0,0,0
23.780,-0.1412000,0.0425000,9.6301000,61.7599000,62.9883000,66.3681000,3.5810000,10.7600000,9.5000000,0.000000,0,0,0
23.790,-0.1531000,0.0437000,9.6229000,61.5082000,63.1714000,66.4139000,3.5430000,10.5850000,9.8280000,0.000000,0,0,0
23.800,-0.1555000,0.0425000,9.6241000,61.0428000,63.2095000,66.5131000,3.7870000,10.3840000,10.0520000,0.000000,0,0,0
23.810,-0.1531000,0.0425000,9.6349000,60.5240000,63.1638000,66.5665000,3.6140000,10.2750000,10.1110000,0.000000,0,0,0
23.820,-0.1519000,0.0508000,9.6457000,60.1578000,63.1866000,66.5359000,3.3940000,10.2710000,9.7790000,0.000000,0,0,0
23.830,-0.1567000,0.0652000,9.6469000,59.9899000,63.2706000,66.3528000,3.8040000,10.7030000,10.0890000,0.000000,0,0,0
23.840,-0.1675000,0.0784000,9.6361000,59.9823000,63.3163000,66.0706000,3.5640000,10.6280000,9.8970000,0.000000,0,0,0
23.850,-0.1866000,0.0855000,9.6182000,60.0510000,63.2477000,65.7883000,3.4330000,10.5530000,9.8340000,0.000000,0,0,0
23.860,-0.2094000,0.0879000,9.5990000,60.1425000,62.9883000,65.6662000,3.2580000,10.5720000,9.6260000,0.000000,0,0,0
23.870,-0.2297000,0.0819000,9.5859000,60.2341000,62.6526000,65.7883000,3.6640000,10.6130000,10.1650000,0.000000,0,0,0
23.880,-0.2381000,0.0736000,9.5847000,60.3333000,62.3169000,66.1087000,3.7160000,10.6300000,9.6540000,0.000000,0,0,0
23.890,-0.2333000,0.0712000,9.5978000,60.4477000,62.0117000,66.4902000,3.5990000,10.7210000,10.3930000,0.000000,0,0,0
23.900,-0.2237000,0.0724000,9.6158000,60.5392000,61.8439000,66.8106000,3.5680000,10.5810000,10.5260000,0.000000,0,0,0
23.910,-0.2082000,0.0688000,9.6313000,60.6232000,61.7294000,67.1387000,3.6090000,10.5220000,9.8570000,0.000000,0,0,0
23.920,-0.1950000,0.0604000,9.6385000,60.6995000,61.6760000,67.2913000,3.3630000,10.4190000,9.9630000,0.000000,0,0,0
23.930,-0.1830000,0.0520000,9.6457000,60.8139000,61.6531000,67.4133000,3.5680000,11.0780000,10.1930000,0.000000,0,0,0
23.940,-0.1735000,0.0413000,9.6481000,60.9589000,61.7523000,67.4896000,3.6330000,10.4810000,10.2500000,0.000000,0,0,0
23.950,-0.1663000,0.0365000,9.6421000,61.0199000,61.9965000,67.5125000,3.4750000,10.6460000,10.0220000,0.000000,0,0,0
23.960,-0.1627000,0.0365000,9.6325000,60.8978000,62.2635000,67.4438000,3.5040000,10.6830000,10.3510000,0.000000,0,0,0
23.970,-0.1615000,0.0353000,9.6229000,60.5469000,62.4695000,67.3218000,3.7850000,10.5040000,10.0800000,0.000000,0,0,0
23.980,-0.1615000,0.0353000,9.6170000,60.0586000,62.5992000,67.1921000,3.5740000,10.3940000,10.7760000,0.000000,0,0,0
23.990,-0.1591000,0.0353000,9.6194000,59.6008000,62.5916000,67.0547000,4.0090000,10.5860000,10.4120000,0.000000,0,0,0
24.000,-0.1555000,0.0329000,9.6325000,59.3491000,62.5076000,66.9479000,3.7440000,10.4340000,10.3220000,0.000000,0,0,0
24.010,-0.1519000,0.0281000,9.6457000,59.3567000,62.4924000,66.8945000,3.6790000,10.3690000,10.1720000,0.000000,0,0,0
24.020,-0.1471000,0.0257000,9.6517000,59.5551000,62.5610000,66.8716000,3.5260000,10.3460000,9.6210000,0.000000,0,0,0
24.030,-0.1388000,0.0269000,9.6481000,59.7458000,62.6755000,66.8488000,3.5230000,10.6370000,9.9280000,0.000000,0,0,0
24.040,-0.1340000,0.0305000,9.6349000,59.7687000,62.7670000,66.8106000,3.2660000,10.5440000,9.8400000,0.000000,0,0,0
24.050,-0.1328000,0.0305000,9.6194000,59.6008000,62.7213000,66.7877000,3.4140000,10.4490000,10.2210000,0.000000,0,0,0
24.060,-0.1316000,0.0281000,9.6158000,59.3491000,62.5076000,66.8030000,3.6350000,10.4190000,8.7770000,0.000000,0,0,0
24.070,-0.1280000,0.0209000,9.6301000,59.1507000,62.2711000,66.8488000,3.8620000,10.7330000,9.1880000,0.000000,0,0,0
24.080,-0.1280000,0.0161000,9.6541000,59.1583000,62.1643000,66.9022000,3.5060000,10.5700000,9.2100000,0.000000,0,0,0
24.090,-0.1304000,0.0138000,9.6768000,59.3796000,62.2559000,66.9403000,3.5950000,10.4650000,9.3190000,0.000000,0,0,0
24.100,-0.1352000,0.0173000,9.6887000,59.7153000,62.5000000,66.9403000,3.3170000,10.5740000,9.6420000,0.000000,0,0,0
24.110,-0.1388000,0.0233000,9.6875000,60.0128000,62.8052000,66.8945000,3.3380000,10.7680000,9.6120000,0.000000,0,0,0
24.120,-0.1459000,0.0305000,9.6744000,60.1578000,63.0188000,66.8259000,3.4010000,10.5500000,9.5630000,0.000000,0,0,0
24.130,-0.1591000,0.0377000,9.6541000,60.1349000,63.0875000,66.8335000,3.5890000,10.8040000,10.0810000,0.000000,0,0,0
24.140,-0.1711000,0.0401000,9.6373000,60.0128000,63.0417000,67.0013000,3.4860000,10.5780000,9.5120000,0.000000,0,0,0
24.150,-0.1759000,0.0389000,9.6337000,59.8907000,62.9730000,67.3447000,3.6560000,10.5040000,9.3450000,0.000000,0,0,0
24.160,-0.1759000,0.0341000,9.6361000,59.8068000,62.8891000,67.7643000,3.7000000,10.5990000,9.3270000,0.000000,0,0,0
24.170,-0.1675000,0.0293000,9.6385000,59.7992000,62.7365000,68.1305000,3.7400000,10.5670000,9.4710000,0.000000,0,0,0
24.180,-0.1555000,0.0245000,9.6409000,59.8526000,62.5687000,68.3212000,3.4880000,10.6740000,9.8250000,0.000000,0,0,0
24.190,-0.1448000,0.0161000,9.6445000,59.9976000,62.5153000,68.2831000,3.4500000,10.5350000,9.7900000,0.000000,0,0,0
24.200,-0.1376000,0.0090000,9.6409000,60.2188000,62.6907000,68.0237000,3.7140000,10.5480000,9.8520000,0.000000,0,0,0
24.210,-0.1364000,0.0090000,9.6253000,60.4401000,63.0798000,67.6193000,3.3440000,10.8460000,9.4320000,0.000000,0,0,0
24.220,-0.1436000,0.0126000,9.5990000,60.4935000,63.5071000,67.1768000,3.3610000,10.6970000,9.9650000,0.000000,0,0,0
24.230,-0.1567000,0.0257000,9.5775000,60.2646000,63.8046000,66.8411000,3.6850000,10.3750000,9.7220000,0.000000,0,0,0
24.240,-0.1663000,0.0257000,9.5715000,59.8221000,63.9801000,66.6809000,3.5310000,10.1480000,10.4350000,0.000000,0,0,0
24.250,-0.1663000,0.0293000,9.5667000,59.3414000,63.9954000,66.6580000,3.3900000,10.3670000,10.2810000,0.000000,0,0,0
24.260,-0.1675000,0.0281000,9.5727000,58.9523000,63.7817000,66.7267000,3.6890000,10.2640000,10.0440000,0.000000,0,0,0
24.270,-0.1699000,0.0245000,9.5978000,58.7997000,63.4842000,66.9174000,3.6410000,10.1880000,10.1920000,0.000000,0,0,0
24.280,-0.1711000,0.0221000,9.6265000,58.8760000,63.3469000,67.1310000,3.2860000,10.4490000,9.8640000,0.000000,0,0,0
24.290,-0.1663000,0.0305000,9.6457000,59.0820000,63.3240000,67.2455000,3.3770000,10.2460000,9.0990000,0.000000,0,0,0
24.300,-0.1615000,0.0401000,9.6541000,59.2728000,63.3698000,67.2302000,3.5800000,10.3560000,9.6210000,0.000000,0,0,0
24.310,-0.1579000,0.0425000,9.6576000,59.3109000,63.3392000,67.1158000,3.5320000,10.1720000,9.4350000,0.000000,0,0,0
24.320,-0.1471000,0.0377000,9.6720000,59.2575000,63.1485000,66.9556000,3.4790000,10.2830000,9.9440000,0.000000,0,0,0
24.330,-0.1352000,0.0245000,9.6971000,59.2651000,62.9578000,66.8030000,3.7300000,10.1830000,9.3010000,0.000000,0,0,0
24.340,-0.1280000,0.0078000,9.7187000,59.3948000,62.9425000,66.6733000,3.4800000,9.9170000,9.2000000,0.000000,0,0,0
24.350,-0.1256000,-0.0066000,9.7198000,59.6008000,63.0417000,66.5741000,3.7820000,10.6960000,9.1530000,0.000000,0,0,0
24.360,-0.1280000,-0.0161000,9.7103000,59.7992000,63.0798000,66.5436000,3.5300000,10.3060000,9.2700000,0.000000,0,0,0
24.370,-0.1340000,-0.0173000,9.6983000,59.9060000,63.0493000,66.5588000,3.5650000,9.9880000,9.0680000,0.000000,0,0,0
24.380,-0.1483000,-0.0078000,9.6864000,59.9289000,63.1104000,66.6199000,3.4850000,10.5190000,9.8530000,0.000000,0,0,0
24.390,-0.1687000,0.0102000,9.6720000,59.8984000,63.2401000,66.7038000,3.8880000,10.4070000,10.1810000,0.000000,0,0,0
24.400,-0.1830000,0.0293000,9.6564000,59.8755000,63.3240000,66.7343000,3.5120000,10.2450000,9.2670000,0.000000,0,0,0
24.410,-0.1878000,0.0389000,9.6421000,59.8755000,63.3240000,66.6885000,3.6890000,10.3280000,9.4340000,0.000000,0,0,0
24.420,-0.1854000,0.0377000,9.6337000,59.8602000,63.2019000,66.6351000,3.8250000,10.1630000,9.2800000,0.000000,0,0,0
24.430,-0.1830000,0.0269000,9.6337000,59.7916000,62.9654000,66.6199000,3.8090000,10.3410000,9.0080000,0.000000,0,0,0
24.440,-0.1782000,0.0138000,9.6385000,59.7000000,62.7136000,66.6656000,3.6280000,9.9660000,9.3750000,0.000000,0,0,0
24.450,-0.1747000,-0.0078000,9.6421000,59.6466000,62.5153000,66.7572000,3.3840000,10.2740000,9.7030000,0.000000,0,0,0
24.460,-0.1747000,-0.0257000,9.6349000,59.6695000,62.4161000,66.9022000,3.5940000,10.0110000,9.9480000,0.000000,0,0,0
24.470,-0.1878000,-0.0114000,9.6146000,59.7076000,62.4313000,67.0929000,3.5720000,10.0970000,9.7370000,0.000000,0,0,0
24.480,-0.2022000,0.0042000,9.6134000,59.7916000,62.5610000,67.2684000,3.6050000,10.1440000,10.3430000,0.000000,0,0,0
24.490,-0.1998000,0.0114000,9.6229000,60.0052000,62.8204000,67.4286000,3.6980000,10.2880000,9.9680000,0.000000,0,0,0
24.500,-0.1830000,0.0126000,9.6158000,60.2951000,63.1104000,67.5354000,3.8390000,10.4720000,9.8580000,0.000000,0,0,0
24.510,-0.1651000,0.0030000,9.6002000,60.5011000,63.1485000,67.5430000,3.5280000,10.3320000,9.9360000,0.000000,0,0,0
24.520,-0.1495000,-0.0054000,9.5966000,60.5087000,62.9349000,67.4515000,3.4000000,10.0810000,9.6210000,0.000000,0,0,0
24.530,-0.1388000,-0.0114000,9.6062000,60.2951000,62.7136000,67.2760000,3.3770000,10.1730000,10.0510000,0.000000,0,0,0
24.540,-0.1352000,-0.0161000,9.6265000,59.8373000,62.5229000,66.9098000,3.5110000,10.2870000,9.6390000,0.000000,0,0,0
24.550,-0.1448000,-0.0173000,9.6337000,59.6619000,62.4771000,66.7496000,3.7000000,10.3400000,9.4130000,0.000000,0,0,0
24.560,-0.1639000,-0.0150000,9.6325000,59.6695000,62.5229000,66.7725000,3.4290000,10.0680000,9.8980000,0.000000,0,0,0
24.570,-0.1806000,-0.0138000,9.6241000,59.8221000,62.5992000,66.9632000,3.4250000,10.1290000,9.5580000,0.000000,0,0,0
24.580,-0.1890000,-0.0114000,9.6134000,60.0433000,62.5839000,67.2302000,3.3680000,10.1430000,9.3290000,0.000000,0,0,0
24.590,-0.1878000,-0.0054000,9.6086000,60.2646000,62.4847000,67.4286000,3.7070000,10.6130000,9.9080000,0.000000,0,0,0
24.600,-0.1806000,0.0018000,9.6098000,60.4019000,62.4084000,67.4820000,3.6830000,10.2510000,9.1150000,0.000000,0,0,0
24.610,-0.1699000,0.0054000,9.6098000,60.4095000,62.4161000,67.4210000,3.6460000,10.2140000,9.3760000,0.000000,0,0,0
24.620,-0.1555000,0.0018000,9.6050000,60.3027000,62.4619000,67.3218000,3.5180000,10.1930000,9.1630000,0.000000,0,0,0
24.630,-0.1388000,-0.0066000,9.6002000,60.1654000,62.5381000,67.2379000,3.4750000,10.2290000,9.1830000,0.000000,0,0,0
24.640,-0.1244000,-0.0173000,9.5978000,60.0433000,62.6526000,67.2379000,3.4320000,10.2940000,9.4390000,0.000000,0,0,0
24.650,-0.1160000,-0.0257000,9.5978000,59.9365000,62.7747000,67.3218000,3.4910000,10.1150000,8.8760000,0.000000,0,0,0
24.660,-0.1077000,-0.0317000,9.6014000,59.8526000,62.8586000,67.4210000,3.3890000,10.1280000,8.9670000,0.000000,0,0,0
24.670,-0.1041000,-0.0329000,9.6098000,59.8145000,62.8433000,67.4591000,3.4610000,10.1720000,9.2410000,0.000000,0,0,0
24.680,-0.1136000,-0.0305000,9.6182000,59.8755000,62.7441000,67.3904000,3.5340000,10.2020000,9.2100000,0.000000,0,0,0
24.690,-0.1328000,-0.0281000,9.6218000,60.0357000,62.6144000,67.2760000,3.5880000,10.4070000,8.8460000,0.000000,0,0,0
24.700,-0.1543000,-0.0233000,9.6241000,60.2112000,62.4466000,67.1387000,3.5540000,10.0060000,9.3960000,0.000000,0,0,0
24.710,-0.1699000,-0.0197000,9.6301000,60.3638000,62.2406000,66.9708000,3.6380000,10.2780000,9.8800000,0.000000,0,0,0
24.720,-0.1771000,-0.0209000,9.6385000,60.5469000,61.9965000,66.7419000,3.7170000,10.3850000,8.8960000,0.000000,0,0,0
24.730,-0.1747000,-0.0281000,9.6445000,60.7910000,61.8515000,66.4749000,3.7840000,9.9700000,8.8560000,0.000000,0,0,0
24.740,-0.1675000,-0.0353000,9.6409000,61.0809000,61.8515000,66.2079000,3.4900000,10.3880000,9.8490000,0.000000,0,0,0
24.750,-0.1603000,-0.0341000,9.6277000,61.3480000,61.9507000,66.0019000,3.7130000,10.2670000,9.7860000,0.000000,0,0,0
24.760,-0.1579000,-0.0221000,9.6122000,61.4548000,62.1185000,65.8646000,3.8950000,10.2330000,10.1430000,0.000000,0,0,0
24.770,-0.1639000,-0.0042000,9.5942000,61.2946000,62.2559000,65.7883000,3.6160000,10.1980000,9.6280000,0.000000,0,0,0
24.780,-0.1711000,0.0054000,9.5739000,60.8521000,62.2482000,65.7959000,3.6240000,10.3570000,9.7220000,0.000000,0,0,0
24.790,-0.1759000,0.0018000,9.5655000,60.1654000,62.1262000,65.9485000,4.0740000,10.0530000,9.7890000,0.000000,0,0,0
24.800,-0.1794000,-0.0090000,9.5763000,59.3872000,61.9812000,66.2613000,3.7270000,10.1660000,9.7790000,0.000000,0,0,0
24.810,-0.1747000,-0.0257000,9.6050000,58.6929000,61.9125000,66.6885000,3.6580000,10.2900000,10.1430000,0.000000,0,0,0
24.820,-0.1639000,-0.0425000,9.6373000,58.2962000,61.9736000,67.1616000,3.6420000,10.2600000,9.6420000,0.000000,0,0,0
24.830,-0.1507000,-0.0568000,9.6648000,58.3038000,62.1185000,67.5659000,3.7850000,10.4250000,9.3010000,0.000000,0,0,0
24.840,-0.1388000,-0.0628000,9.6840000,58.6548000,62.3093000,67.8406000,3.6860000,10.4200000,9.3650000,0.000000,0,0,0
24.850,-0.1340000,-0.0568000,9.6935000,59.1431000,62.5076000,67.9245000,3.8930000,10.0670000,9.5170000,0.000000,0,0,0
24.860,-0.1316000,-0.0413000,9.6959000,59.5551000,62.6373000,67.7795000,3.2470000,10.4320000,9.1220000,0.000000,0,0,0
24.870,-0.1352000,-0.0257000,9.6923000,59.7687000,62.6984000,67.4438000,3.7640000,10.3180000,9.1680000,0.000000,0,0,0
24.880,-0.1436000,-0.0066000,9.6864000,59.7610000,62.7747000,67.0471000,3.5500000,10.1960000,9.8190000,0.000000,0,0,0
24.890,-0.1567000,0.0161000,9.6780000,59.5398000,62.8891000,66.7038000,3.6130000,10.4180000,10.8410000,0.000000,0,0,0
24.900,-0.1663000,0.0305000,9.6696000,59.1812000,63.0264000,66.5436000,3.9350000,10.0000000,10.3780000,0.000000,0,0,0
24.910,-0.1675000,0.0317000,9.6672000,58.8074000,63.1409000,66.6199000,3.3490000,10.0590000,10.6790000,0.000000,0,0,0
24.920,-0.1627000,0.0233000,9.6684000,58.5175000,63.1561000,66.9556000,3.8240000,10.2850000,9.6860000,0.000000,0,0,0
24.930,-0.1495000,0.0054000,9.6708000,58.3725000,63.0264000,67.4591000,3.5930000,10.2680000,10.0250000,0.000000,0,0,0
24.940,-0.1328000,-0.0078000,9.6744000,58.4259000,62.8586000,67.9703000,3.3690000,9.9500000,9.6480000,0.000000,0,0,0
24.950,-0.1136000,-0.0150000,9.6816000,58.6548000,62.6297000,68.3136000,3.7590000,9.9890000,9.9690000,0.000000,0,0,0
24.960,-0.0921000,-0.0209000,9.6947000,59.0363000,62.4313000,68.3441000,3.2030000,10.2150000,9.4820000,0.000000,0,0,0
24.970,-0.0742000,-0.0281000,9.7031000,59.5474000,62.4008000,68.0847000,3.8050000,10.4310000,9.8040000,0.000000,0,0,0
24.980,-0.0682000,-0.0365000,9.6995000,60.1196000,62.5458000,67.6651000,3.4690000,10.1070000,10.1570000,0.000000,0,0,0
24.990,-0.0706000,-0.0461000,9.6792000,60.6842000,62.7975000,67.2455000,3.7960000,10.3280000,10.7650000,0.000000,0,0,0
25.000,-0.0802000,-0.0520000,9.6517000,61.1496000,62.9807000,66.9479000,3.4830000,10.0790000,10.0200000,0.000000,0,0,0
25.010,-0.0885000,-0.0532000,9.6277000,61.4471000,63.0264000,66.7801000,3.5860000,10.2330000,9.7130000,0.000000,0,0,0
25.020,-0.0933000,-0.0484000,9.6146000,61.5082000,62.9807000,66.7191000,3.5770000,10.1370000,9.5640000,0.000000,0,0,0
25.030,-0.0969000,-0.0377000,9.6098000,61.3632000,62.9196000,66.7038000,3.3620000,9.9280000,9.5110000,0.000000,0,0,0
25.040,-0.0993000,-0.0269000,9.6146000,61.0733000,62.9196000,66.7114000,3.3590000,10.1490000,10.1910000,0.000000,0,0,0
25.050,-0.1065000,-0.0173000,9.6241000,60.7605000,62.9959000,66.7038000,3.8700000,10.2800000,10.2160000,0.000000,0,0,0
25.060,-0.1172000,-0.0102000,9.6337000,60.5087000,63.1561000,66.6962000,3.4600000,9.9260000,10.5560000,0.000000,0,0,0
25.070,-0.1304000,-0.0102000,9.6325000,60.3638000,63.4384000,66.6962000,3.4930000,9.7360000,10.2950000,0.000000,0,0,0
25.080,-0.1436000,-0.0173000,9.6206000,60.2875000,63.6826000,66.7191000,3.7620000,9.9270000,9.7520000,0.000000,0,0,0
25.090,-0.1531000,-0.0245000,9.6026000,60.2112000,63.7283000,66.7343000,3.7330000,10.1790000,10.1350000,0.000000,0,0,0
25.100,-0.1555000,-0.0317000,9.5871000,60.1120000,63.5300000,66.7343000,3.4410000,10.1150000,9.9010000,0.000000,0,0,0
25.110,-0.1519000,-0.0377000,9.5811000,60.0586000,63.1561000,66.7114000,3.3680000,10.0930000,10.0780000,0.000000,0,0,0
25.120,-0.1436000,-0.0389000,9.5859000,60.0967000,62.7670000,66.6962000,3.3050000,10.1230000,9.8350000,0.000000,0,0,0
25.130,-0.1340000,-0.0365000,9.5990000,60.2417000,62.5153000,66.6809000,3.2860000,10.0610000,10.3860000,0.000000,0,0,0
25.140,-0.1256000,-0.0365000,9.6086000,60.4172000,62.4084000,66.6504000,3.5910000,9.6760000,9.7440000,0.000000,0,0,0
25.150,-0.1184000,-0.0425000,9.6098000,60.6079000,62.4313000,66.6122000,3.4940000,10.0530000,9.3640000,0.000000,0,0,0
25.160,-0.1172000,-0.0556000,9.6002000,60.7758000,62.6678000,66.6046000,3.2730000,9.8600000,9.6320000,0.000000,0,0,0
25.170,-0.1160000,-0.0628000,9.5978000,60.7529000,62.8204000,66.6122000,3.4190000,9.8200000,9.5290000,0.000000,0,0,0
25.180,-0.1136000,-0.0712000,9.6002000,60.6232000,62.9425000,66.5894000,3.2530000,10.0420000,9.9450000,0.000000,0,0,0
25.190,-0.1160000,-0.0807000,9.5930000,60.3180000,62.9578000,66.5512000,3.2580000,10.1830000,10.1660000,0.000000,0,0,0
25.200,-0.1316000,-0.0927000,9.5775000,59.7382000,62.8052000,66.5512000,3.3140000,10.2620000,9.7280000,0.000000,0,0,0
25.210,-0.1543000,-0.1047000,9.5775000,58.9828000,62.5610000,66.6580000,3.1050000,10.2310000,10.3890000,0.000000,0,0,0
25.220,-0.1699000,-0.1166000,9.5966000,58.2962000,62.4008000,66.8640000,3.2130000,10.0660000,10.2010000,0.000000,0,0,0
25.230,-0.1711000,-0.1310000,9.6241000,57.9605000,62.3398000,67.0929000,3.5490000,10.1300000,9.7680000,0.000000,0,0,0
25.240,-0.1603000,-0.1453000,9.6481000,58.0063000,62.3856000,67.2531000,3.5340000,10.0150000,10.1790000,0.000000,0,0,0
25.250,-0.1459000,-0.1465000,9.6588000,58.2657000,62.5153000,67.2684000,3.5080000,10.1980000,9.7040000,0.000000,0,0,0
25.260,-0.1316000,-0.1358000,9.6529000,58.5327000,62.6221000,67.1387000,3.8840000,9.8560000,9.5070000,0.000000,0,0,0
25.270,-0.1208000,-0.1166000,9.6349000,58.6929000,62.6221000,66.8793000,3.5670000,10.0690000,10.2950000,0.000000,0,0,0
25.280,-0.1196000,-0.1059000,9.6206000,58.7845000,62.5381000,66.6122000,3.5790000,10.3700000,9.7300000,0.000000,0,0,0
25.290,-0.1268000,-0.1059000,9.6146000,58.9066000,62.3856000,66.5207000,3.5260000,10.0360000,9.5410000,0.000000,0,0,0
25.300,-0.1388000,-0.1071000,9.6206000,59.1049000,62.2482000,66.6046000,3.6040000,10.2580000,9.2660000,0.000000,0,0,0
25.310,-0.1519000,-0.1023000,9.6373000,59.3109000,62.1109000,66.7877000,3.7580000,10.1680000,9.3710000,0.000000,0,0,0
25.320,-0.1639000,-0.1035000,9.6541000,59.4711000,62.0041000,66.9861000,3.5730000,10.2990000,9.3720000,0.000000,0,0,0
25.330,-0.1675000,-0.1083000,9.6636000,59.6085000,61.9583000,67.1844000,3.6010000,10.4200000,9.8260000,0.000000,0,0,0
25.340,-0.1591000,-0.1142000,9.6636000,59.7763000,61.8744000,67.3752000,3.7280000,10.0940000,9.1190000,0.000000,0,0,0
25.350,-0.1436000,-0.1130000,9.6600000,60.0052000,61.7294000,67.4973000,3.5560000,10.1160000,9.2090000,0.000000,0,0,0
25.360,-0.1340000,-0.1011000,9.6541000,60.3409000,61.6302000,67.4896000,3.6330000,10.1140000,9.4520000,0.000000,0,0,0
25.370,-0.1280000,-0.0915000,9.6481000,60.7452000,61.6379000,67.4210000,3.4300000,10.0750000,9.3600000,0.000000,0,0,0
25.380,-0.1232000,-0.0831000,9.6349000,61.1420000,61.7676000,67.3828000,3.3850000,9.9730000,9.8230000,0.000000,0,0,0
25.390,-0.1232000,-0.0784000,9.6146000,61.3861000,61.9583000,67.4515000,3.5400000,9.9710000,9.6550000,0.000000,0,0,0
25.400,-0.1232000,-0.0724000,9.5978000,61.3785000,62.0880000,67.5964000,3.3320000,10.0140000,9.6580000,0.000000,0,0,0
25.410,-0.1160000,-0.0676000,9.5954000,61.1191000,62.0880000,67.7414000,3.4370000,10.1770000,9.4260000,0.000000,0,0,0
25.420,-0.1041000,-0.0652000,9.6086000,60.7147000,62.1185000,67.8101000,3.4960000,10.1850000,9.2210000,0.000000,0,0,0
25.430,-0.0981000,-0.0628000,9.6218000,60.3180000,62.3169000,67.7795000,3.4530000,10.3070000,10.0380000,0.000000,0,0,0
25.440,-0.1017000,-0.0556000,9.6241000,59.9976000,62.6297000,67.6880000,3.5230000,10.3270000,9.8740000,0.000000,0,0,0
25.450,-0.1113000,-0.0473000,9.6122000,59.7610000,62.9196000,67.5735000,3.5190000,10.4030000,10.5790000,0.000000,0,0,0
25.460,-0.1184000,-0.0449000,9.5942000,59.6008000,63.0493000,67.4515000,3.2560000,10.3330000,9.5620000,0.000000,0,0,0
25.470,-0.1208000,-0.0449000,9.5799000,59.5245000,62.9196000,67.3599000,3.2530000,10.2870000,9.4480000,0.000000,0,0,0
25.480,-0.1172000,-0.0449000,9.5763000,59.5169000,62.6221000,67.2836000,3.2770000,10.1450000,9.8890000,0.000000,0,0,0
25.490,-0.1089000,-0.0508000,9.5823000,59.5779000,62.4084000,67.2379000,3.1620000,10.0940000,9.4230000,0.000000,0,0,0
25.500,-0.1029000,-0.0580000,9.5906000,59.6848000,62.3627000,67.2684000,3.2770000,10.1600000,10.0290000,0.000000,0,0,0
25.510,-0.0933000,-0.0616000,9.5966000,59.7382000,62.4237000,67.2913000,3.4460000,10.3660000,9.3900000,0.000000,0,0,0
25.520,-0.0849000,-0.0616000,9.5918000,59.6542000,62.4924000,67.2531000,3.5070000,10.0240000,9.4360000,0.000000,0,0,0
25.530,-0.0825000,-0.0652000,9.5823000,59.3872000,62.4924000,67.1234000,3.8070000,10.3330000,9.7940000,0.000000,0,0,0
25.540,-0.0849000,-0.0712000,9.5799000,58.9828000,62.3856000,66.9937000,3.5300000,9.8880000,9.7570000,0.000000,0,0,0
25.550,-0.0897000,-0.0748000,9.5918000,58.5709000,62.2635000,66.9174000,3.5700000,9.9940000,9.1290000,0.000000,0,0,0
25.560,-0.0921000,-0.0772000,9.6098000,58.2962000,62.1719000,66.9250000,3.4700000,10.1090000,10.1020000,0.000000,0,0,0
25.570,-0.0921000,-0.0736000,9.6289000,58.2504000,62.1109000,67.0090000,3.8400000,10.1710000,10.3630000,0.000000,0,0,0
25.580,-0.0861000,-0.0640000,9.6517000,58.4946000,62.1033000,67.0776000,3.6180000,10.0850000,9.4740000,0.000000,0,0,0
25.590,-0.0802000,-0.0568000,9.6660000,58.9676000,62.1948000,67.0700000,3.7320000,10.1130000,9.5120000,0.000000,0,0,0
25.600,-0.0837000,-0.0544000,9.6696000,59.5322000,62.4084000,66.9556000,3.4540000,10.0130000,9.7970000,0.000000,0,0,0
25.610,-0.0945000,-0.0628000,9.6600000,59.9899000,62.6297000,66.7953000,3.4500000,10.2040000,9.8070000,0.000000,0,0,0
25.620,-0.1017000,-0.0784000,9.6493000,60.2341000,62.7594000,66.6656000,3.7840000,10.2080000,10.1780000,0.000000,0,0,0
25.630,-0.0993000,-0.1023000,9.6421000,60.3104000,62.8052000,66.5741000,3.5400000,10.0430000,9.7120000,0.000000,0,0,0
25.640,-0.0933000,-0.1262000,9.6385000,60.2951000,62.8052000,66.5207000,3.4030000,10.3940000,10.2490000,0.000000,0,0,0
25.650,-0.0837000,-0.1394000,9.6313000,60.2188000,62.7975000,66.4749000,3.2580000,10.0110000,10.0610000,0.000000,0,0,0
25.660,-0.0742000,-0.1394000,9.6241000,60.0586000,62.7747000,66.4291000,3.2280000,10.0670000,9.8170000,0.000000,0,0,0
25.670,-0.0670000,-0.1298000,9.6253000,59.8755000,62.7441000,66.3834000,3.3820000,10.2800000,10.2690000,0.000000,0,0,0
25.680,-0.0694000,-0.1107000,9.6253000,59.7382000,62.8433000,66.3376000,3.4160000,9.8530000,9.5670000,0.000000,0,0,0
25.690,-0.0802000,-0.0903000,9.6182000,59.6542000,63.1561000,66.2994000,3.0980000,10.1170000,10.2030000,0.000000,0,0,0
25.700,-0.0957000,-0.0736000,9.6038000,59.5703000,63.5147000,66.2994000,3.4440000,10.0820000,10.2610000,0.000000,0,0,0
25.710,-0.1113000,-0.0688000,9.5918000,59.4482000,63.7360000,66.3376000,3.3930000,10.0890000,9.8650000,0.000000,0,0,0
25.720,-0.1256000,-0.0748000,9.5859000,59.2499000,63.7512000,66.4291000,3.3570000,10.0170000,9.6810000,0.000000,0,0,0
25.730,-0.1352000,-0.0903000,9.5930000,59.0363000,63.6444000,66.5588000,3.3600000,10.0200000,9.1320000,0.000000,0,0,0
25.740,-0.1352000,-0.1107000,9.6086000,58.8989000,63.5452000,66.7114000,3.3160000,10.0690000,9.2050000,0.000000,0,0,0
25.750,-0.1280000,-0.1298000,9.6313000,59.0134000,63.5681000,66.8945000,3.1840000,10.3760000,9.2150000,0.000000,0,0,0
25.760,-0.1280000,-0.1274000,9.6349000,59.3338000,63.7131000,66.9556000,3.5900000,10.0570000,9.3610000,0.000000,0,0,0
25.770,-0.1220000,-0.1274000,9.6337000,59.7534000,63.7970000,67.0013000,3.7380000,9.9390000,9.4390000,0.000000,0,0,0
25.780,-0.1077000,-0.1286000,9.6313000,60.2112000,63.7970000,67.0471000,3.7780000,10.0220000,9.3420000,0.000000,0,0,0
25.790,-0.0945000,-0.1310000,9.6301000,60.6155000,63.6902000,67.1234000,3.7690000,10.1140000,9.7190000,0.000000,0,0,0
25.800,-0.0897000,-0.1358000,9.6277000,60.8063000,63.4918000,67.2302000,3.7270000,9.6400000,9.7950000,0.000000,0,0,0
25.810,-0.0933000,-0.1525000,9.6277000,60.8292000,63.1561000,67.3752000,4.0180000,9.7890000,9.5490000,0.000000,0,0,0
25.820,-0.1005000,-0.1729000,9.6433000,60.8673000,62.9044000,67.6041000,3.6340000,9.6980000,9.3900000,0.000000,0,0,0
25.830,-0.1077000,-0.1860000,9.6696000,61.0580000,62.8891000,67.8940000,3.7620000,10.0360000,9.5020000,0.000000,0,0,0
25.840,-0.1113000,-0.1836000,9.6935000,61.4853000,63.0722000,68.1458000,3.5410000,10.5190000,9.1670000,0.000000,0,0,0
25.850,-0.1101000,-0.1800000,9.7079000,62.1414000,63.4232000,68.2755000,3.2570000,10.4060000,9.7510000,0.000000,0,0,0
25.860,-0.1065000,-0.1621000,9.7139000,62.9578000,63.9191000,68.2373000,3.3910000,10.2380000,10.0550000,0.000000,0,0,0
25.870,-0.1041000,-0.1418000,9.7055000,63.7817000,64.5523000,68.0695000,3.7830000,10.1220000,9.5080000,0.000000,0,0,0
25.880,-0.1005000,-0.1310000,9.6744000,64.4379000,64.9567000,67.9398000,3.7310000,10.2990000,9.8450000,0.000000,0,0,0
25.890,-0.0933000,-0.1238000,9.6445000,64.9338000,65.2237000,67.9092000,3.5070000,10.1820000,9.7900000,0.000000,0,0,0
25.900,-0.0945000,-0.1286000,9.6194000,65.3381000,65.5289000,68.0313000,3.5830000,10.4170000,9.5820000,0.000000,0,0,0
25.910,-0.1005000,-0.1621000,9.6062000,65.6433000,65.8722000,68.4967000,3.8540000,10.6380000,10.0110000,0.000000,0,0,0
25.920,-0.1089000,-0.1968000,9.6110000,65.9332000,66.3681000,69.3130000,3.3990000,10.1170000,9.3090000,0.000000,0,0,0
25.930,-0.1136000,-0.2028000,9.6206000,66.2460000,67.0929000,70.1752000,3.7800000,10.2760000,9.0870000,0.000000,0,0,0
25.940,-0.1160000,-0.1753000,9.6146000,66.4139000,68.0161000,70.6711000,4.0410000,10.2510000,9.4060000,0.000000,0,0,0
25.950,-0.1208000,-0.1322000,9.5895000,66.2842000,69.0002000,70.6253000,3.8490000,10.3170000,9.1810000,0.000000,0,0,0
25.960,-0.1400000,-0.0688000,9.5488000,65.7578000,69.6716000,70.0989000,3.7640000,10.3320000,9.2290000,0.000000,0,0,0
25.970,-0.1639000,-0.0090000,9.5153000,64.8727000,69.7327000,69.3054000,3.8960000,10.2060000,9.8900000,0.000000,0,0,0
25.980,-0.1830000,0.0341000,9.5045000,63.6444000,69.5267000,68.5501000,3.8940000,10.1460000,9.4700000,0.000000,0,0,0
25.990,-0.2058000,0.0796000,9.5057000,62.0575000,69.2596000,67.9550000,4.1930000,10.5760000,9.9010000,0.000000,0,0,0
26.000,-0.2345000,0.1322000,9.5201000,60.2646000,68.8858000,67.4133000,3.7560000,10.6190000,9.5710000,0.000000,0,0,0
26.010,-0.2572000,0.1765000,9.5392000,58.4869000,68.0542000,66.8869000,3.6910000,10.2730000,9.2610000,0.000000,0,0,0
26.020,-0.2644000,0.1860000,9.5643000,56.8466000,66.4444000,66.3757000,3.6610000,9.9550000,9.2330000,0.000000,0,0,0
26.030,-0.2644000,0.1585000,9.5918000,55.4123000,64.1785000,65.8646000,3.8190000,10.4960000,9.4530000,0.000000,0,0,0
26.040,-0.2668000,0.1107000,9.6194000,54.2679000,61.7142000,65.4373000,4.0590000,10.2550000,9.5950000,0.000000,0,0,0
26.050,-0.2680000,0.0664000,9.6505000,53.6118000,59.5856000,65.1169000,4.0770000,10.3520000,9.2450000,0.000000,0,0,0
26.060,-0.2644000,0.0305000,9.6804000,53.5583000,58.1741000,64.9109000,3.8970000,10.4300000,9.0630000,0.000000,0,0,0
26.070,-0.2560000,0.0006000,9.7067000,54.1611000,57.6706000,64.7278000,3.9270000,10.4250000,9.7220000,0.000000,0,0,0
26.080,-0.2428000,-0.0233000,9.7115000,55.3894000,58.1284000,64.4684000,3.7490000,10.3240000,8.8810000,0.000000,0,0,0
26.090,-0.2321000,-0.0317000,9.6804000,57.0450000,59.3643000,64.0259000,3.9680000,10.2780000,9.0220000,0.000000,0,0,0
26.100,-0.2285000,-0.0305000,9.6277000,58.8531000,60.9207000,63.3774000,4.0960000,9.8100000,9.0440000,0.000000,0,0,0
26.110,-0.2201000,-0.0353000,9.5918000,60.5392000,62.3779000,62.5687000,3.9430000,9.9440000,9.6120000,0.000000,0,0,0
26.120,-0.1974000,-0.0532000,9.5942000,61.9659000,63.7131000,61.6455000,3.6830000,9.9780000,9.2120000,0.000000,0,0,0
26.130,-0.1675000,-0.0867000,9.6194000,63.0112000,65.0864000,60.6842000,4.1140000,10.0720000,9.1220000,0.000000,0,0,0
26.140,-0.1448000,-0.1178000,9.6493000,63.5376000,66.3910000,59.7305000,3.9970000,9.7310000,9.0580000,0.000000,0,0,0
26.150,-0.1328000,-0.1142000,9.6708000,63.5071000,67.3904000,58.8455000,3.8120000,10.1790000,9.9820000,0.000000,0,0,0
26.160,-0.1232000,-0.0760000,9.6804000,63.0569000,67.7643000,58.1970000,4.0270000,9.8840000,9.1760000,0.000000,0,0,0
26.170,-0.1220000,-0.0114000,9.7019000,62.2787000,68.0161000,57.6401000,4.3480000,9.7970000,9.7420000,0.000000,0,0,0
26.180,-0.1256000,0.0544000,9.7234000,61.3861000,68.8248000,56.9000000,4.1950000,9.9600000,9.4190000,0.000000,0,0,0
26.190,-0.1400000,0.0819000,9.7210000,60.7452000,69.9310000,55.8624000,4.1040000,10.1410000,9.2610000,0.000000,0,0,0
26.200,-0.1603000,0.0652000,9.7067000,60.5927000,70.8313000,54.6494000,4.1070000,9.9140000,9.2030000,0.000000,0,0,0
26.210,-0.1818000,0.0233000,9.6947000,60.7986000,71.4798000,53.6346000,4.2990000,9.6680000,9.8990000,0.000000,0,0,0
26.220,-0.2070000,-0.0173000,9.6911000,61.1191000,71.7087000,53.2074000,4.0070000,9.8500000,8.5310000,0.000000,0,0,0
26.230,-0.2417000,-0.0377000,9.6899000,61.3632000,71.5866000,53.5202000,4.4010000,9.8930000,8.9940000,0.000000,0,0,0
26.240,-0.2835000,-0.0353000,9.6780000,61.3403000,71.2662000,54.5425000,3.9790000,9.6560000,8.7200000,0.000000,0,0,0
26.250,-0.3266000,0.0006000,9.6421000,60.9131000,70.1828000,56.4575000,4.2400000,9.5940000,9.2040000,0.000000,0,0,0
26.260,-0.3852000,0.0257000,9.6038000,60.0891000,67.5812000,59.6008000,4.2130000,9.8330000,9.0360000,0.000000,0,0,0
26.270,-0.4247000,0.0281000,9.5918000,59.0973000,64.1327000,63.3545000,4.0490000,9.5610000,8.9350000,0.000000,0,0,0
26.280,-0.4020000,0.0245000,9.6122000,58.1741000,60.9894000,66.7801000,4.1250000,9.5940000,9.0510000,0.000000,0,0,0
26.290,-0.3314000,0.0293000,9.6457000,57.4722000,58.8608000,69.2139000,4.3250000,9.9320000,9.1980000,0.000000,0,0,0
26.300,-0.2393000,0.0437000,9.6887000,57.0145000,57.5409000,70.3964000,4.1690000,9.4440000,9.4290000,0.000000,0,0,0
26.310,-0.1519000,0.0592000,9.7426000,56.6254000,56.7245000,70.3201000,4.3930000,9.4600000,8.9730000,0.000000,0,0,0
26.320,-0.1101000,0.0508000,9.7940000,56.1295000,56.5262000,69.2673000,3.9760000,9.5090000,9.0480000,0.000000,0,0,0
26.330,-0.1280000,0.0197000,9.8323000,55.4962000,57.2357000,67.7795000,4.0960000,9.3210000,9.1350000,0.000000,0,0,0
26.340,-0.1794000,-0.0245000,9.8467000,54.7256000,58.9218000,66.3986000,4.3480000,9.6530000,9.7170000,0.000000,0,0,0
26.350,-0.2369000,-0.0580000,9.8287000,53.8101000,61.2717000,65.4373000,4.3270000,9.5380000,9.5980000,0.000000,0,0,0
26.360,-0.2931000,-0.0616000,9.7797000,52.8107000,63.7741000,64.8575000,4.1980000,9.6240000,9.2480000,0.000000,0,0,0
26.370,-0.3493000,-0.0413000,9.7115000,51.9638000,65.7501000,64.5218000,4.1250000,9.3210000,9.4880000,0.000000,0,0,0
26.380,-0.4067000,-0.0138000,9.6457000,51.5366000,66.6733000,64.3005000,4.1970000,9.4570000,9.5070000,0.000000,0,0,0
26.390,-0.4594000,0.0042000,9.6038000,51.6586000,66.5970000,64.1327000,3.9420000,9.2730000,8.7950000,0.000000,0,0,0
26.400,-0.5132000,-0.0138000,9.5847000,52.7878000,65.5289000,63.6673000,4.3720000,9.5540000,9.4670000,0.000000,0,0,0
26.410,-0.5216000,-0.0556000,9.5715000,54.0237000,64.6133000,63.0646000,4.3550000,9.2570000,9.2400000,0.000000,0,0,0
26.420,-0.5108000,-0.1083000,9.5452000,55.5344000,63.7207000,62.2787000,4.2340000,9.2140000,9.8060000,0.000000,0,0,0
26.430,-0.4869000,-0.1513000,9.5141000,57.1365000,62.8510000,61.4624000,4.2890000,9.0960000,9.7880000,0.000000,0,0,0
26.440,-0.4570000,-0.1633000,9.4890000,58.6777000,62.0575000,60.7376000,4.1370000,9.3400000,9.6750000,0.000000,0,0,0
26.450,-0.4199000,-0.1549000,9.4842000,59.9976000,61.4471000,60.1425000,3.8580000,9.3260000,9.1450000,0.000000,0,0,0
26.460,-0.3673000,-0.1358000,9.5021000,60.9970000,61.2335000,59.5779000,4.1970000,9.2780000,10.0490000,0.000000,0,0,0
26.470,-0.3051000,-0.1190000,9.5332000,61.6302000,61.6150000,59.0057000,4.1640000,8.9710000,9.6340000,0.000000,0,0,0
26.480,-0.2560000,-0.1130000,9.5583000,61.9507000,62.5687000,58.4259000,4.3230000,9.2750000,9.5870000,0.000000,0,0,0
26.490,-0.2321000,-0.1190000,9.5595000,62.0270000,63.7817000,57.9453000,3.9220000,9.0020000,9.7760000,0.000000,0,0,0
26.500,-0.2381000,-0.1298000,9.5380000,61.9354000,64.7888000,57.7240000,4.1170000,9.1690000,10.0690000,0.000000,0,0,0
26.510,-0.2644000,-0.1418000,9.5105000,61.7752000,65.2847000,57.8384000,4.3800000,9.2240000,10.0680000,0.000000,0,0,0
26.520,-0.2967000,-0.1489000,9.4914000,61.5540000,65.0787000,58.1970000,4.1690000,9.0850000,10.1450000,0.000000,0,0,0
26.530,-0.3170000,-0.1525000,9.4926000,61.1572000,64.1327000,58.6014000,4.3730000,8.7850000,10.7620000,0.000000,0,0,0
26.540,-0.3098000,-0.1537000,9.5249000,60.4095000,62.6755000,58.8074000,4.3550000,8.7750000,10.5390000,0.000000,0,0,0
26.550,-0.2787000,-0.1633000,9.5775000,59.2575000,61.4243000,58.7311000,4.3680000,9.0760000,10.4200000,0.000000,0,0,0
26.560,-0.2464000,-0.1848000,9.6337000,57.7927000,60.9894000,58.4335000,4.3050000,8.7820000,9.9860000,0.000000,0,0,0
26.570,-0.2393000,-0.2088000,9.6816000,56.2820000,61.3708000,58.1512000,4.3340000,8.4950000,9.8650000,0.000000,0,0,0
26.580,-0.2440000,-0.2363000,9.7127000,54.9927000,62.2711000,58.0444000,4.5730000,8.6700000,9.3920000,0.000000,0,0,0
26.590,-0.2536000,-0.2650000,9.7210000,54.1306000,63.4079000,58.1436000,4.6650000,8.6830000,9.4960000,0.000000,0,0,0
26.600,-0.2584000,-0.2949000,9.7067000,53.7720000,64.5065000,58.2504000,4.4660000,8.3610000,9.9810000,0.000000,0,0,0
26.610,-0.2500000,-0.3368000,9.6816000,53.9246000,65.4755000,58.2047000,4.5130000,8.5600000,9.5540000,0.000000,0,0,0
26.620,-0.2500000,-0.3846000,9.6708000,54.5197000,66.2308000,57.9529000,4.3580000,8.4320000,9.3910000,0.000000,0,0,0
26.630,-0.2716000,-0.4193000,9.6816000,55.4810000,66.7572000,57.6401000,4.6710000,8.2360000,8.6320000,0.000000,0,0,0
26.640,-0.2979000,-0.4360000,9.6971000,56.6940000,67.2379000,57.5027000,4.4910000,8.3430000,9.5350000,0.000000,0,0,0
26.650,-0.3206000,-0.4301000,9.6983000,58.0215000,67.6498000,57.7164000,4.3070000,8.5750000,8.6700000,0.000000,0,0,0
26.660,-0.3433000,-0.4026000,9.6756000,59.2804000,67.8024000,58.2809000,4.5100000,8.2400000,9.2940000,0.000000,0,0,0
26.670,-0.3637000,-0.3691000,9.6409000,60.2493000,67.4362000,59.0439000,4.2380000,8.4190000,9.1640000,0.000000,0,0,0
26.680,-0.3673000,-0.3415000,9.6074000,60.7681000,66.5131000,59.7992000,4.7010000,8.0290000,9.4950000,0.000000,0,0,0
26.690,-0.3541000,-0.3284000,9.5847000,60.7605000,65.3305000,60.3409000,4.4980000,8.1260000,8.7110000,0.000000,0,0,0
26.700,-0.3350000,-0.3368000,9.5703000,60.3027000,64.1861000,60.6155000,4.4380000,7.9010000,8.6100000,0.000000,0,0,0
26.710,-0.3194000,-0.3619000,9.5679000,59.5779000,63.1790000,60.6918000,4.5620000,8.0400000,8.4130000,0.000000,0,0,0
26.720,-0.3194000,-0.3954000,9.5775000,58.9142000,62.5381000,60.7071000,4.7460000,7.8430000,9.1510000,0.000000,0,0,0
26.730,-0.3445000,-0.4241000,9.5918000,58.6014000,62.3932000,60.8063000,4.7640000,8.1210000,9.0750000,0.000000,0,0,0
26.740,-0.3864000,-0.4325000,9.6098000,58.8455000,62.6068000,61.0657000,4.8290000,8.0850000,9.4340000,0.000000,0,0,0
26.750,-0.4163000,-0.4265000,9.6337000,59.6313000,63.0264000,61.3556000,4.7010000,8.0350000,9.6160000,0.000000,0,0,0
26.760,-0.4163000,-0.4121000,9.6576000,60.7605000,63.5147000,61.5158000,4.8420000,8.0050000,9.7690000,0.000000,0,0,0
26.770,-0.3924000,-0.3978000,9.6780000,61.8362000,63.8351000,61.4548000,4.7560000,8.0910000,9.7290000,0.000000,0,0,0
26.780,-0.3457000,-0.3798000,9.6971000,62.4390000,63.7589000,61.1954000,4.9430000,8.1200000,9.6510000,0.000000,0,0,0
26.790,-0.2871000,-0.3583000,9.7151000,62.3169000,63.4308000,60.8521000,4.8270000,8.0040000,9.4220000,0.000000,0,0,0
26.800,-0.2405000,-0.3308000,9.7282000,61.4777000,63.2324000,60.6079000,4.6960000,7.9950000,9.3930000,0.000000,0,0,0
26.810,-0.2225000,-0.3021000,9.7282000,60.1425000,63.3240000,60.6003000,4.5690000,8.0470000,10.0110000,0.000000,0,0,0
26.820,-0.2189000,-0.2734000,9.7210000,58.7082000,63.6520000,60.8597000,4.8100000,7.3250000,9.5730000,0.000000,0,0,0
26.830,-0.2189000,-0.2566000,9.7103000,57.5638000,64.1785000,61.2869000,4.7990000,7.8390000,9.7720000,0.000000,0,0,0
26.840,-0.2129000,-0.2530000,9.6899000,56.9916000,64.6744000,61.6608000,4.7390000,7.5920000,9.7620000,0.000000,0,0,0
26.850,-0.1926000,-0.2542000,9.6660000,57.1747000,65.0177000,61.8286000,4.8270000,7.7450000,9.5050000,0.000000,0,0,0
26.860,-0.1699000,-0.2542000,9.6481000,58.0750000,65.2237000,61.7523000,4.5280000,7.7830000,9.9170000,0.000000,0,0,0
26.870,-0.1591000,-0.2458000,9.6397000,59.5169000,65.3000000,61.4853000,4.6180000,8.0750000,9.3190000,0.000000,0,0,0
26.880,-0.1747000,-0.2183000,9.6361000,61.1649000,65.2847000,61.1725000,4.4500000,7.6400000,9.5720000,0.000000,0,0,0
26.890,-0.1950000,-0.1633000,9.6277000,62.7289000,65.2161000,60.9207000,4.8150000,7.7550000,9.4340000,0.000000,0,0,0
26.900,-0.2141000,-0.0975000,9.6086000,63.9572000,65.2466000,60.7834000,4.8760000,7.8740000,9.9330000,0.000000,0,0,0
26.910,-0.2584000,-0.0353000,9.5799000,64.6744000,65.2924000,60.7071000,5.1600000,7.9430000,9.2110000,0.000000,0,0,0
26.920,-0.3254000,0.0173000,9.5536000,64.8270000,65.1321000,60.5698000,4.8860000,7.6890000,9.6610000,0.000000,0,0,0
26.930,-0.3792000,0.0628000,9.5464000,64.5142000,64.7736000,60.2264000,4.8730000,7.4240000,8.6730000,0.000000,0,0,0
26.940,-0.4091000,0.0951000,9.5643000,63.8657000,64.5370000,59.6237000,4.6460000,7.4560000,8.9260000,0.000000,0,0,0
26.950,-0.4402000,0.1107000,9.5918000,62.9578000,64.5828000,58.7769000,4.7910000,7.5510000,8.8640000,0.000000,0,0,0
26.960,-0.4785000,0.1011000,9.6194000,61.8896000,64.8880000,57.7240000,4.7760000,7.2340000,9.0080000,0.000000,0,0,0
26.970,-0.5120000,0.0688000,9.6493000,60.7834000,65.3534000,56.5872000,4.8620000,7.4350000,9.5590000,0.000000,0,0,0
26.980,-0.5335000,0.0269000,9.6792000,59.6924000,65.8188000,55.5038000,4.8990000,7.0050000,9.2560000,0.000000,0,0,0
26.990,-0.5491000,-0.0185000,9.7115000,58.6929000,66.0782000,54.6188000,4.9490000,7.2920000,9.2830000,0.000000,0,0,0
27.000,-0.5599000,-0.0580000,9.7354000,57.8308000,66.1087000,53.9856000,5.1850000,7.0970000,9.4750000,0.000000,0,0,0
27.010,-0.5611000,-0.0999000,9.7498000,57.1594000,66.0248000,53.6041000,4.8580000,7.2720000,9.1540000,0.000000,0,0,0
27.020,-0.5323000,-0.1884000,9.7474000,56.5033000,65.7349000,53.2990000,5.0770000,7.2410000,9.4530000,0.000000,0,0,0
27.030,-0.5036000,-0.2638000,9.7438000,56.3507000,65.5594000,53.1616000,5.1120000,7.1100000,8.9660000,0.000000,0,0,0
27.040,-0.4821000,-0.3344000,9.7486000,56.5033000,65.6891000,53.0319000,5.1400000,7.1810000,9.8080000,0.000000,0,0,0
27.050,-0.4773000,-0.3882000,9.7533000,56.9687000,66.4139000,52.9861000,5.2190000,7.0240000,9.8770000,0.000000,0,0,0
27.060,-0.4929000,-0.4253000,9.7438000,57.6859000,67.7567000,53.1616000,5.1100000,6.7350000,9.6380000,0.000000,0,0,0
27.070,-0.5228000,-0.4492000,9.7067000,58.5251000,69.3130000,53.6346000,5.3380000,6.7480000,9.6720000,0.000000,0,0,0
27.080,-0.5599000,-0.4636000,9.6445000,59.3414000,70.4956000,54.4434000,5.2970000,6.7710000,9.4850000,0.000000,0,0,0
27.090,-0.6005000,-0.4683000,9.5679000,60.0662000,70.9534000,55.5038000,5.1590000,6.5890000,9.5310000,0.000000,0,0,0
27.100,-0.6233000,-0.4648000,9.4926000,60.6766000,70.4651000,56.6635000,5.2890000,6.6980000,9.4920000,0.000000,0,0,0
27.110,-0.6269000,-0.4540000,9.4435000,61.1649000,69.1833000,57.7087000,5.5810000,6.8690000,9.7370000,0.000000,0,0,0
27.120,-0.6053000,-0.4337000,9.4339000,61.5692000,67.5278000,58.4946000,5.4500000,6.7310000,10.4660000,0.000000,0,0,0
27.130,-0.5682000,-0.4014000,9.4603000,61.9812000,65.8569000,58.9523000,5.2970000,6.7630000,10.0680000,0.000000,0,0,0
27.140,-0.5276000,-0.3714000,9.5057000,62.3703000,64.3616000,59.1507000,5.7310000,6.7610000,9.8340000,0.000000,0,0,0
27.150,-0.4977000,-0.3499000,9.5500000,62.6831000,63.2401000,59.1888000,5.4520000,6.9340000,9.9400000,0.000000,0,0,0
27.160,-0.4965000,-0.3344000,9.5763000,62.8357000,62.6907000,59.2041000,5.7560000,6.3840000,9.8710000,0.000000,0,0,0
27.170,-0.5108000,-0.3104000,9.5847000,62.7594000,62.6297000,59.3491000,5.3910000,6.6920000,9.8810000,0.000000,0,0,0
27.180,-0.5264000,-0.2781000,9.5799000,62.4084000,62.8433000,59.6313000,5.5150000,6.7600000,9.6170000,0.000000,0,0,0
27.190,-0.5383000,-0.2530000,9.5691000,61.8820000,63.2553000,59.9670000,5.6930000,6.6650000,10.8670000,0.000000,0,0,0
27.200,-0.5455000,-0.2422000,9.5500000,61.3098000,63.6139000,60.2036000,5.7530000,6.1500000,10.4260000,0.000000,0,0,0
27.210,-0.5539000,-0.2422000,9.5308000,60.8139000,63.7054000,60.2722000,5.5940000,6.6380000,10.1960000,0.000000,0,0,0
27.220,-0.5646000,-0.2446000,9.5284000,60.5011000,63.4918000,60.1959000,5.7230000,6.4510000,9.3650000,0.000000,0,0,0
27.230,-0.5670000,-0.2375000,9.5476000,60.4324000,63.0264000,60.0510000,5.6140000,6.3840000,9.5290000,0.000000,0,0,0
27.240,-0.5611000,-0.2291000,9.5787000,60.5850000,62.6602000,59.8450000,5.4690000,6.0380000,9.2390000,0.000000,0,0,0
27.250,-0.5515000,-0.2171000,9.6026000,60.8444000,62.6221000,59.6161000,5.4860000,6.3420000,9.2770000,0.000000,0,0,0
27.260,-0.5431000,-0.2028000,9.6122000,61.0962000,62.8510000,59.3872000,5.4330000,6.1020000,9.3720000,0.000000,0,0,0
27.270,-0.5323000,-0.1920000,9.6062000,61.2183000,62.9730000,59.1583000,5.6620000,6.1380000,8.2670000,0.000000,0,0,0
27.280,-0.5276000,-0.1788000,9.5990000,61.1877000,62.7060000,58.9905000,5.3610000,6.3820000,9.2450000,0.000000,0,0,0
27.290,-0.5024000,-0.1370000,9.6229000,61.0199000,62.2635000,58.9142000,5.4550000,6.2460000,8.7580000,0.000000,0,0,0
27.300,-0.4618000,-0.0269000,9.7127000,60.3561000,62.7975000,58.8684000,5.3250000,6.2170000,8.9250000,0.000000,0,0,0
27.310,-0.4474000,0.0927000,9.7761000,58.9142000,64.6973000,58.6319000,5.5060000,6.2330000,9.7940000,0.000000,0,0,0
27.320,-0.4689000,0.1896000,9.7821000,57.1060000,66.1469000,58.1818000,5.7040000,6.0790000,9.1460000,0.000000,0,0,0
27.330,-0.5060000,0.2554000,9.7892000,55.6412000,66.1240000,57.6782000,5.9920000,6.0950000,9.3790000,0.000000,0,0,0
27.340,-0.5479000,0.2817000,9.8191000,54.9545000,65.3839000,57.1976000,5.6740000,5.9490000,9.5460000,0.000000,0,0,0
27.350,-0.5850000,0.2698000,9.8490000,55.2139000,65.1093000,56.5948000,5.7260000,5.9000000,9.9330000,0.000000,0,0,0
27.360,-0.6197000,0.2076000,9.8359000,56.2820000,65.4297000,55.6030000,5.8110000,5.4320000,9.4140000,0.000000,0,0,0
27.370,-0.6245000,0.0879000,9.7737000,57.8613000,65.8340000,54.3289000,5.9190000,5.6330000,9.3360000,0.000000,0,0,0
27.380,-0.6089000,-0.0796000,9.6995000,59.8297000,66.2384000,53.3066000,5.9690000,5.7840000,9.4060000,0.000000,0,0,0
27.390,-0.5993000,-0.2470000,9.6469000,61.8515000,66.4597000,52.9556000,5.9990000,5.8510000,9.1590000,0.000000,0,0,0
27.400,-0.5826000,-0.3463000,9.6158000,63.2172000,66.3147000,53.3142000,5.7090000,5.5870000,8.7050000,0.000000,0,0,0
27.410,-0.5503000,-0.3691000,9.5990000,63.6826000,66.3147000,53.8254000,5.9800000,5.6010000,9.4390000,0.000000,0,0,0
27.420,-0.5168000,-0.3571000,9.5811000,63.3392000,66.6199000,53.8940000,5.8700000,5.3250000,9.4850000,0.000000,0,0,0
27.430,-0.4869000,-0.3332000,9.5619000,62.2635000,66.7038000,53.3600000,5.7740000,5.1500000,8.9720000,0.000000,0,0,0
27.440,-0.4689000,-0.3104000,9.5583000,60.3943000,66.2231000,52.3758000,6.0490000,5.2540000,9.2100000,0.000000,0,0,0
27.450,-0.4654000,-0.2961000,9.5835000,57.8842000,65.8035000,51.1475000,5.9520000,5.3640000,9.0480000,0.000000,0,0,0
27.460,-0.4941000,-0.2901000,9.6265000,55.3665000,65.8798000,49.9573000,6.1830000,4.8690000,9.0280000,0.000000,0,0,0
27.470,-0.5395000,-0.2997000,9.6840000,53.4515000,66.2766000,49.1028000,5.8850000,5.0810000,8.9460000,0.000000,0,0,0
27.480,-0.5838000,-0.3332000,9.7402000,52.6276000,66.8411000,48.8281000,5.8770000,4.9510000,9.2350000,0.000000,0,0,0
27.490,-0.6233000,-0.3738000,9.7785000,52.9099000,67.3752000,49.2325000,5.9480000,4.8570000,8.7520000,0.000000,0,0,0
27.500,-0.6484000,-0.4145000,9.8156000,53.8788000,67.9550000,50.1404000,6.2000000,5.0090000,8.3650000,0.000000,0,0,0
27.510,-0.6328000,-0.4600000,9.8562000,55.4733000,69.2291000,51.1551000,5.9640000,4.7720000,8.6710000,0.000000,0,0,0
27.520,-0.6077000,-0.5066000,9.8873000,57.8079000,71.3959000,51.9943000,6.2740000,4.8810000,8.7350000,0.000000,0,0,0
27.530,-0.5874000,-0.5377000,9.9160000,60.6308000,74.4171000,52.3987000,6.4630000,4.8560000,8.6330000,0.000000,0,0,0
27.540,-0.5934000,-0.5341000,9.9232000,63.5605000,78.1860000,52.2003000,6.5550000,4.8110000,8.7710000,0.000000,0,0,0
27.550,-0.6340000,-0.4995000,9.8730000,66.1240000,81.8329000,51.3535000,6.5420000,4.7130000,9.2520000,0.000000,0,0,0
27.560,-0.6974000,-0.4432000,9.7641000,67.8406000,84.1446000,50.0107000,6.3890000,4.7890000,8.9460000,0.000000,0,0,0
27.570,-0.7680000,-0.3714000,9.6313000,68.4662000,84.3582000,48.5077000,6.7580000,4.3540000,8.8390000,0.000000,0,0,0
27.580,-0.8398000,-0.2961000,9.5117000,68.0542000,82.3822000,47.2336000,6.6840000,4.4310000,8.5960000,0.000000,0,0,0
27.590,-0.8805000,-0.2339000,9.4555000,67.0547000,79.0253000,46.5088000,6.7670000,4.5850000,8.4940000,0.000000,0,0,0
27.600,-0.8757000,-0.1944000,9.4902000,65.8264000,76.0727000,46.6309000,6.4150000,4.2680000,8.9880000,0.000000,0,0,0
27.610,-0.8613000,-0.1669000,9.5787000,64.3845000,74.6765000,47.5311000,6.6280000,4.2810000,8.6680000,0.000000,0,0,0
27.620,-0.8530000,-0.1645000,9.6792000,61.7371000,74.5697000,49.2477000,6.5530000,4.3710000,8.7470000,0.000000,0,0,0
27.630,-0.8697000,-0.1992000,9.6983000,60.2646000,74.5239000,49.9420000,6.8790000,4.1230000,8.1620000,0.000000,0,0,0
27.640,-0.9092000,-0.2327000,9.6995000,59.9289000,73.8068000,49.7360000,6.7150000,4.2890000,8.2070000,0.000000,0,0,0
27.650,-0.9654000,-0.2411000,9.6852000,61.2106000,72.2198000,48.3017000,6.7820000,3.8960000,7.8470000,0.000000,0,0,0
27.660,-1.0049000,-0.2339000,9.6505000,63.4613000,69.4122000,45.8145000,6.6930000,3.9860000,7.2200000,0.000000,0,0,0
27.670,-1.0192000,-0.1992000,9.6086000,65.5441000,65.5670000,43.0222000,6.7650000,3.6700000,8.3370000,0.000000,0,0,0
27.680,-1.0396000,-0.1250000,9.5679000,66.6122000,61.3022000,40.5579000,6.7260000,3.4940000,8.3440000,0.000000,0,0,0
27.690,-1.0623000,-0.0293000,9.5260000,66.4368000,57.2739000,38.9557000,6.5930000,3.6990000,8.3000000,0.000000,0,0,0
27.700,-1.0814000,0.0425000,9.4938000,65.1703000,54.2068000,38.5818000,6.7640000,3.3100000,8.2790000,0.000000,0,0,0
27.710,-1.0910000,0.0592000,9.4854000,63.1714000,52.4521000,39.4897000,6.6720000,3.4470000,8.2820000,0.000000,0,0,0
27.720,-1.0611000,0.0054000,9.4985000,60.9283000,51.8723000,41.3055000,6.6600000,3.1400000,9.1290000,0.000000,0,0,0
27.730,-0.9762000,-0.1190000,9.5249000,59.1049000,52.5131000,43.6172000,6.7820000,3.0750000,8.8400000,0.000000,0,0,0
27.740,-0.8685000,-0.2530000,9.5619000,58.1055000,54.3671000,45.9671000,6.9760000,2.9170000,8.8110000,0.000000,0,0,0
27.750,-0.7776000,-0.3439000,9.5835000,57.7011000,56.9534000,47.7066000,6.6850000,2.8850000,8.6660000,0.000000,0,0,0
27.760,-0.7178000,-0.3798000,9.5691000,57.4417000,59.4406000,48.3704000,6.8280000,2.8270000,9.2140000,0.000000,0,0,0
27.770,-0.7046000,-0.3738000,9.5356000,56.9458000,61.5005000,47.9813000,6.7730000,2.6280000,8.9330000,0.000000,0,0,0
27.780,-0.7381000,-0.3344000,9.5009000,56.0989000,62.8433000,46.9589000,6.7580000,2.9080000,8.0060000,0.000000,0,0,0
27.790,-0.8015000,-0.2757000,9.4926000,55.0156000,63.2782000,45.7153000,6.8060000,2.7620000,9.1890000,0.000000,0,0,0
27.800,-0.8685000,-0.2147000,9.5249000,54.0085000,62.9883000,44.5175000,6.6500000,2.6050000,9.1010000,0.000000,0,0,0
27.810,-0.9080000,-0.1669000,9.5990000,53.3905000,62.4313000,43.4265000,6.6480000,2.3800000,8.5750000,0.000000,0,0,0
27.820,-0.8912000,-0.1430000,9.7103000,53.2761000,62.0117000,42.3889000,6.6590000,2.3980000,9.1140000,0.000000,0,0,0
27.830,-0.8266000,-0.1453000,9.8227000,53.7491000,61.8973000,41.0919000,6.9440000,2.2880000,8.9240000,0.000000,0,0,0
27.840,-0.7584000,-0.1657000,9.8813000,54.8401000,62.1490000,39.4135000,6.8820000,1.5710000,9.0420000,0.000000,0,0,0
27.850,-0.6879000,-0.1741000,9.8215000,56.3889000,62.3703000,37.3764000,6.8090000,1.8000000,9.3730000,0.000000,0,0,0
27.860,-0.6412000,-0.1513000,9.6899000,57.8995000,62.1567000,35.0189000,6.4900000,1.6460000,9.0560000,0.000000,0,0,0
27.870,-0.6460000,-0.1011000,9.6122000,58.7769000,61.6226000,32.5546000,6.7580000,1.4320000,9.0420000,0.000000,0,0,0
27.880,-0.6747000,-0.0437000,9.6576000,58.9066000,61.3022000,30.2277000,6.8910000,1.2430000,9.1820000,0.000000,0,0,0
27.890,-0.6927000,-0.0114000,9.7737000,58.9218000,61.3937000,28.2440000,6.8060000,1.1360000,9.2870000,0.000000,0,0,0
27.900,-0.6735000,-0.0197000,9.8742000,59.5093000,61.3327000,26.6800000,6.8840000,0.8900000,8.8540000,0.000000,0,0,0
27.910,-0.6328000,-0.0712000,9.9208000,60.6613000,60.8368000,25.4211000,6.8120000,0.5510000,9.2980000,0.000000,0,0,0
27.920,-0.5838000,-0.1609000,9.8766000,61.8744000,60.8292000,24.1776000,6.7410000,0.8180000,9.0570000,0.000000,0,0,0
27.930,-0.5539000,-0.2566000,9.7533000,62.6068000,62.0804000,22.8500000,7.1660000,0.3610000,8.6660000,0.000000,0,0,0
27.940,-0.5682000,-0.3092000,9.6253000,62.4619000,63.9343000,21.4539000,6.9370000,0.1520000,9.6030000,0.000000,0,0,0
27.950,-0.6185000,-0.3152000,9.5619000,61.5540000,65.1245000,20.1035000,7.1030000,-0.1850000,9.0910000,0.000000,0,0,0
27.960,-0.6927000,-0.2997000,9.5703000,60.4706000,64.8193000,18.9056000,6.8160000,-0.1780000,9.0290000,0.000000,0,0,0
27.970,-0.7788000,-0.2877000,9.6110000,59.8221000,62.7213000,17.9901000,6.5740000,-0.1050000,8.5070000,0.000000,0,0,0
27.980,-0.8661000,-0.2865000,9.6409000,59.8831000,59.2194000,17.4408000,6.3410000,-0.5260000,9.5100000,0.000000,0,0,0
27.990,-0.9223000,-0.3080000,9.6206000,60.3943000,55.3894000,17.3492000,6.8390000,-0.9890000,9.4420000,0.000000,0,0,0
28.000,-0.9331000,-0.3248000,9.5404000,60.7681000,53.0167000,17.7917000,6.5870000,-1.1560000,9.5430000,0.000000,0,0,0
28.010,-0.9223000,-0.3092000,9.4435000,60.4172000,53.2990000,18.7225000,6.6670000,-1.3710000,9.8450000,0.000000,0,0,0
28.020,-0.9020000,-0.2662000,9.3825000,59.2575000,55.7632000,20.0577000,7.0320000,-1.6230000,9.5510000,0.000000,0,0,0
28.030,-0.8685000,-0.2207000,9.3969000,57.7164000,59.0210000,21.7285000,7.0230000,-1.6970000,8.5640000,0.000000,0,0,0
28.040,-0.8362000,-0.1992000,9.4890000,56.4194000,61.9888000,23.4680000,6.9210000,-1.9360000,9.4050000,0.000000,0,0,0
28.050,-0.8147000,-0.2195000,9.6014000,55.7785000,63.8123000,24.8718000,6.9930000,-2.3600000,8.7440000,0.000000,0,0,0
28.060,-0.8135000,-0.2865000,9.6828000,56.1142000,63.5605000,25.8102000,6.7180000,-2.5140000,8.5790000,0.000000,0,0,0
28.070,-0.8195000,-0.3691000,9.7426000,57.4417000,61.2106000,26.3443000,6.4490000,-2.4600000,9.1620000,0.000000,0,0,0
28.080,-0.8123000,-0.4384000,9.7952000,59.2728000,58.2733000,26.5274000,6.7260000,-2.9160000,9.4660000,0.000000,0,0,0
28.090,-0.7919000,-0.4767000,9.8215000,60.9818000,56.5796000,26.4664000,6.5250000,-3.1760000,9.4120000,0.000000,0,0,0
28.100,-0.7537000,-0.4612000,9.8072000,62.0422000,57.1136000,26.4053000,6.6100000,-3.4070000,9.3260000,0.000000,0,0,0
28.110,-0.7178000,-0.4014000,9.7737000,62.2940000,59.5093000,26.4740000,6.5620000,-3.4700000,9.6900000,0.000000,0,0,0
28.120,-0.6986000,-0.3212000,9.7653000,61.9202000,62.5916000,26.6647000,6.6530000,-3.3420000,9.4790000,0.000000,0,0,0
28.130,-0.6831000,-0.2494000,9.7809000,61.2946000,65.2390000,26.8478000,6.7540000,-3.7160000,8.9160000,0.000000,0,0,0
28.140,-0.6508000,-0.2076000,9.7976000,60.6995000,66.7419000,26.7258000,6.7800000,-3.9990000,8.8050000,0.000000,0,0,0
28.150,-0.5993000,-0.2076000,9.7821000,60.3867000,67.1921000,25.9705000,6.6700000,-4.1310000,8.5870000,0.000000,0,0,0
28.160,-0.5455000,-0.2351000,9.7151000,60.5087000,67.0624000,24.5743000,6.8390000,-4.5290000,9.0940000,0.000000,0,0,0
28.170,-0.5563000,-0.2602000,9.6074000,61.0046000,66.3528000,22.9950000,6.4140000,-4.6260000,8.5520000,0.000000,0,0,0
28.180,-0.6615000,-0.2554000,9.5033000,61.5616000,64.4608000,22.2092000,6.3460000,-4.6860000,9.2970000,0.000000,0,0,0
28.190,-0.7872000,-0.2171000,9.4315000,61.8439000,61.2869000,22.5525000,6.3070000,-4.8910000,8.8730000,0.000000,0,0,0
28.200,-0.8589000,-0.1753000,9.4076000,61.6531000,57.4722000,23.7274000,6.3690000,-5.0520000,9.1590000,0.000000,0,0,0
28.210,-0.9092000,-0.1669000,9.5081000,60.4553000,53.2150000,26.3901000,6.0000000,-4.9550000,9.1610000,0.000000,0,0,0
28.220,-0.9164000,-0.1872000,9.6206000,59.2270000,52.7039000,28.4271000,6.0760000,-5.4900000,9.1640000,0.000000,0,0,0
28.230,-0.8960000,-0.1992000,9.7079000,57.9987000,53.6270000,30.3574000,5.7690000,-5.4240000,9.0470000,0.000000,0,0,0
28.240,-0.8398000,-0.1968000,9.7521000,57.1136000,54.7104000,32.0129000,5.9470000,-5.5920000,8.8630000,0.000000,0,0,0
28.250,-0.7453000,-0.1848000,9.7617000,56.8390000,55.2444000,33.2947000,5.9470000,-5.8800000,8.8540000,0.000000,0,0,0
28.260,-0.6352000,-0.1669000,9.7593000,57.2662000,55.2979000,34.1492000,6.2380000,-6.0610000,9.0520000,0.000000,0,0,0
28.270,-0.5455000,-0.1418000,9.7533000,57.9605000,55.3970000,34.4696000,5.6690000,-5.5960000,9.4940000,0.000000,0,0,0
28.280,-0.5024000,-0.1298000,9.7414000,58.2962000,56.0684000,34.3475000,5.9380000,-6.0960000,9.4620000,0.000000,0,0,0
28.290,-0.5048000,-0.1442000,9.7258000,57.9453000,57.2586000,33.9890000,5.7680000,-6.4680000,9.8070000,0.000000,0,0,0
28.300,-0.5383000,-0.1848000,9.7222000,57.0831000,58.7158000,33.6075000,5.8050000,-6.5610000,9.1240000,0.000000,0,0,0
28.310,-0.5826000,-0.2446000,9.7234000,56.1752000,60.0967000,33.4396000,5.6870000,-6.3560000,9.5930000,0.000000,0,0,0
28.320,-0.6173000,-0.2937000,9.7258000,55.7175000,60.7300000,33.5922000,5.9050000,-6.6750000,8.9710000,0.000000,0,0,0
28.330,-0.6316000,-0.3212000,9.7258000,55.9540000,60.3714000,34.0042000,5.8710000,-7.2640000,8.9730000,0.000000,0,0,0
28.340,-0.6197000,-0.3332000,9.7163000,56.8161000,59.3491000,34.5230000,5.6530000,-6.9940000,9.4010000,0.000000,0,0,0
28.350,-0.6041000,-0.3380000,9.6875000,57.9453000,58.2047000,35.0418000,5.6340000,-7.0500000,8.8180000,0.000000,0,0,0
28.360,-0.6029000,-0.3439000,9.6349000,58.8684000,57.4493000,35.5453000,5.6960000,-7.2240000,9.4740000,0.000000,0,0,0
28.370,-0.6173000,-0.3427000,9.5583000,59.2041000,57.3654000,36.1176000,5.1470000,-7.5600000,9.1360000,0.000000,0,0,0
28.380,-0.6448000,-0.3164000,9.4866000,58.7311000,57.9758000,36.8347000,5.6830000,-7.5250000,9.0120000,0.000000,0,0,0
28.390,-0.6592000,-0.2686000,9.4423000,57.5027000,59.0744000,37.8189000,5.4020000,-7.5270000,9.3990000,0.000000,0,0,0
28.400,-0.6520000,-0.2219000,9.4399000,55.9158000,60.3333000,39.1846000,5.1620000,-7.6100000,9.6740000,0.000000,0,0,0
28.410,-0.6304000,-0.1968000,9.4830000,54.5807000,61.1954000,40.6647000,5.3350000,-7.8100000,10.1050000,0.000000,0,0,0
28.420,-0.5922000,-0.1980000,9.5572000,53.8025000,61.5005000,41.8243000,5.3860000,-8.0260000,10.1100000,0.000000,0,0,0
28.430,-0.5395000,-0.2255000,9.6361000,53.6270000,61.2411000,42.4194000,5.2190000,-8.3080000,10.4410000,0.000000,0,0,0
28.440,-0.4881000,-0.2686000,9.7019000,53.9474000,60.6079000,42.4118000,5.2510000,-8.3410000,10.2920000,0.000000,0,0,0
28.450,-0.4438000,-0.3176000,9.7402000,54.7104000,60.2646000,42.0303000,5.2380000,-8.4550000,9.4110000,0.000000,0,0,0
28.460,-0.4199000,-0.3475000,9.7498000,55.7098000,60.6232000,41.6336000,5.2220000,-8.3550000,9.4870000,0.000000,0,0,0
28.470,-0.4235000,-0.3547000,9.7486000,56.5720000,61.6531000,41.4734000,5.0700000,-8.5430000,9.6610000,0.000000,0,0,0
28.480,-0.4486000,-0.3439000,9.7510000,56.9839000,62.9272000,41.6412000,5.2110000,-8.4960000,9.4660000,0.000000,0,0,0
28.490,-0.4666000,-0.3320000,9.7593000,56.9229000,63.6292000,42.0914000,5.1660000,-8.8580000,9.7060000,0.000000,0,0,0
28.500,-0.4498000,-0.3212000,9.7653000,56.8161000,63.2477000,42.7017000,5.0910000,-9.1130000,9.2310000,0.000000,0,0,0
28.510,-0.3900000,-0.3200000,9.7761000,57.1213000,62.0117000,43.2587000,4.6300000,-9.5110000,9.4760000,0.000000,0,0,0
28.520,-0.3110000,-0.3320000,9.7868000,57.8918000,60.6842000,43.4341000,5.0350000,-9.4360000,9.3150000,0.000000,0,0,0
28.530,-0.2488000,-0.3559000,9.7904000,58.8760000,59.9594000,42.9840000,4.8380000,-9.1310000,9.3750000,0.000000,0,0,0
28.540,-0.2345000,-0.3774000,9.7928000,59.8068000,59.9213000,41.9388000,4.6780000,-9.2760000,8.9560000,0.000000,0,0,0
28.550,-0.2692000,-0.3774000,9.7868000,60.5545000,59.8297000,40.5502000,4.6820000,-9.2140000,9.8160000,0.000000,0,0,0
28.560,-0.2692000,-0.3403000,9.7629000,61.1420000,59.1583000,39.1846000,4.7690000,-9.6880000,9.8800000,0.000000,0,0,0
28.570,-0.0742000,-0.2028000,9.6624000,59.8450000,62.2482000,38.0783000,4.8660000,-9.8780000,9.4140000,0.000000,0,0,0
28.580,-0.0036000,-0.1657000,9.5572000,55.6183000,68.8400000,37.9410000,4.8390000,-9.6760000,9.6570000,0.000000,0,0,0
28.590,-0.1974000,-0.2339000,9.6935000,53.7949000,68.9163000,38.3148000,4.6020000,-10.0140000,9.9290000,0.000000,0,0,0
28.600,-0.3158000,-0.3128000,9.9483000,56.0608000,64.7278000,38.1241000,4.7160000,-10.1020000,10.4270000,0.000000,0,0,0
28.610,-0.2572000,-0.3822000,10.1242000,59.9136000,59.6619000,37.2772000,4.6700000,-10.4350000,10.1840000,0.000000,0,0,0
28.620,-0.1280000,-0.4672000,10.1720000,63.4766000,55.0537000,35.0571000,4.0080000,-10.2870000,10.3790000,0.000000,0,0,0
28.630,0.0024000,-0.4911000,10.1266000,66.5359000,51.9333000,31.7993000,3.8880000,-10.4220000,10.2220000,0.000000,0,0,0
28.640,0.0861000,-0.3726000,10.0165000,68.7027000,53.4134000,28.6560000,4.0980000,-10.9950000,10.3180000,0.000000,0,0,0
28.650,0.0574000,-0.3057000,9.8012000,68.4128000,60.4553000,26.5045000,4.1100000,-10.7170000,10.1150000,0.000000,0,0,0
28.660,-0.0802000,-0.2734000,9.5859000,66.7114000,67.2302000,25.4288000,4.1800000,-10.5960000,11.0800000,0.000000,0,0,0
28.670,-0.1519000,-0.3439000,9.4830000,65.2008000,72.9065000,24.7345000,4.2700000,-10.7370000,10.9810000,0.000000,0,0,0
28.680,-0.1304000,-0.5150000,9.4220000,64.1479000,80.1773000,23.6740000,4.1160000,-10.8910000,10.4820000,0.000000,0,0,0
28.690,-0.2381000,-0.6885000,9.3239000,62.9883000,87.8143000,21.9955000,4.1290000,-11.2730000,10.1240000,0.000000,0,0,0
28.700,-0.4869000,-0.7662000,9.2820000,62.0422000,90.6906000,20.4697000,3.8660000,-11.5230000,10.2500000,0.000000,0,0,0
28.710,-0.6783000,-0.6980000,9.2461000,60.6461000,92.5217000,20.1492000,4.2300000,-11.5400000,9.9790000,0.000000,0,0,0
28.720,-0.9630000,-0.5449000,9.1504000,57.6172000,95.3674000,21.9574000,4.3290000,-11.6060000,9.1780000,0.000000,0,0,0
28.730,-1.2944000,-0.3643000,9.0822000,53.1769000,96.8018000,25.7950000,4.2590000,-12.0780000,9.6650000,0.000000,0,0,0
28.740,-1.5815000,-0.2099000,9.1073000,48.3170000,96.0846000,31.5857000,4.1610000,-12.2200000,9.2420000,0.000000,0,0,0
28.750,-1.7753000,-0.1059000,9.2222000,44.4489000,93.1473000,39.2227000,4.3260000,-11.9750000,8.8470000,0.000000,0,0,0
28.760,-1.8267000,-0.0532000,9.3550000,42.6483000,87.0132000,47.5922000,4.3150000,-11.9150000,9.1330000,0.000000,0,0,0
28.770,-1.7059000,-0.0520000,9.4985000,43.2739000,77.7893000,55.4199000,4.0920000,-12.0660000,9.3650000,0.000000,0,0,0
28.780,-1.4451000,-0.0807000,9.6636000,45.9518000,68.0008000,61.4471000,3.9610000,-12.3050000,9.3060000,0.000000,0,0,0
28.790,-1.1293000,-0.1453000,9.8072000,49.4919000,60.6613000,64.9796000,4.1330000,-12.1840000,9.3470000,0.000000,0,0,0
28.800,-0.8063000,-0.3320000,9.9388000,54.1840000,55.8472000,66.3376000,3.9830000,-11.8580000,9.4700000,0.000000,0,0,0
28.810,-0.7058000,-0.4755000,9.9424000,56.3583000,55.7709000,65.7501000,3.8540000,-12.1690000,9.3420000,0.000000,0,0,0
28.820,-0.6663000,-0.5748000,9.8550000,57.7774000,56.8619000,64.6896000,3.9910000,-12.3110000,9.6510000,0.000000,0,0,0
28.830,-0.6592000,-0.6203000,9.7246000,58.3801000,58.2123000,63.6368000,3.7720000,-12.0790000,9.0810000,0.000000,0,0,0
28.840,-0.6843000,-0.6131000,9.6182000,58.2809000,59.6695000,63.0112000,4.1920000,-12.3320000,9.1430000,0.000000,0,0,0
28.850,-0.7381000,-0.5736000,9.5655000,57.7316000,61.3098000,62.8891000,3.9730000,-12.6310000,9.0350000,0.000000,0,0,0
28.860,-0.8207000,-0.5341000,9.5440000,56.9763000,62.9349000,63.2019000,4.2020000,-12.4950000,9.4510000,0.000000,0,0,0
28.870,-0.9223000,-0.5090000,9.5201000,56.2134000,64.0411000,63.7665000,4.0610000,-12.3120000,8.6260000,0.000000,0,0,0
28.880,-1.0276000,-0.4923000,9.4938000,55.3360000,64.4073000,64.2548000,4.1630000,-12.0810000,8.5020000,0.000000,0,0,0
28.890,-1.1185000,-0.4767000,9.4902000,54.4739000,63.8123000,64.5523000,4.0490000,-12.3970000,9.3240000,0.000000,0,0,0
28.900,-1.1448000,-0.4337000,9.5129000,54.0543000,62.6602000,64.8193000,4.0210000,-12.4970000,8.7680000,0.000000,0,0,0
28.910,-1.1341000,-0.3786000,9.5284000,53.9703000,61.8744000,65.0864000,4.2040000,-12.3790000,9.4820000,0.000000,0,0,0
28.920,-1.1185000,-0.3583000,9.5213000,53.9932000,61.6150000,65.2008000,4.1550000,-12.5210000,9.3860000,0.000000,0,0,0
28.930,-0.9869000,-0.3894000,9.5667000,54.2831000,62.1033000,65.8493000,4.0370000,-12.4310000,9.0090000,0.000000,0,0,0
28.940,-0.8829000,-0.4600000,9.6457000,55.1682000,63.7817000,66.9250000,3.7500000,-12.5750000,9.0340000,0.000000,0,0,0
28.950,-0.8087000,-0.5329000,9.6959000,56.6406000,65.7883000,67.5659000,3.8390000,-12.4990000,9.1970000,0.000000,0,0,0
28.960,-0.7608000,-0.5724000,9.7055000,58.2657000,67.1539000,67.4820000,4.2350000,-12.3970000,9.0140000,0.000000,0,0,0
28.970,-0.7405000,-0.5736000,9.6983000,59.6924000,67.4210000,66.7419000,4.0610000,-12.7880000,9.1980000,0.000000,0,0,0
28.980,-0.7345000,-0.5258000,9.6887000,60.9207000,67.0319000,65.5212000,4.1300000,-12.4670000,9.1880000,0.000000,0,0,0
28.990,-0.7154000,-0.4576000,9.6600000,62.0346000,66.4902000,64.1022000,3.9350000,-12.6480000,9.1530000,0.000000,0,0,0
29.000,-0.6998000,-0.3894000,9.6241000,63.2095000,65.4449000,62.6602000,3.9240000,-12.4720000,8.9960000,0.000000,0,0,0
29.010,-0.8254000,-0.3248000,9.5942000,64.6744000,62.6526000,61.0962000,4.0540000,-12.5580000,9.4630000,0.000000,0,0,0
29.020,-0.7872000,-0.3092000,9.5643000,66.3986000,58.9676000,60.0128000,3.9730000,-12.3940000,9.2030000,0.000000,0,0,0
29.030,-0.6855000,-0.2889000,9.5703000,66.4978000,57.9300000,58.8684000,3.9530000,-12.4430000,9.1090000,0.000000,0,0,0
29.040,-0.6173000,-0.3296000,9.6588000,65.7501000,58.4183000,57.4722000,3.8160000,-12.5960000,9.3930000,0.000000,0,0,0
29.050,-0.6316000,-0.3714000,9.8287000,65.6052000,59.7763000,55.9235000,3.8390000,-12.6020000,8.8980000,0.000000,0,0,0
29.060,-0.6651000,-0.4145000,10.0177000,66.5436000,62.5916000,54.2450000,3.8460000,-12.6800000,9.4580000,0.000000,0,0,0
29.070,-0.6915000,-0.4277000,10.1828000,68.4662000,67.8406000,52.4979000,3.5250000,-12.4920000,8.3470000,0.000000,0,0,0
29.080,-0.7118000,-0.4217000,10.2642000,70.9229000,75.7294000,50.8652000,3.9660000,-12.3370000,8.6080000,0.000000,0,0,0
29.090,-0.7381000,-0.4181000,10.1984000,73.4711000,84.6176000,49.9725000,4.0020000,-12.2640000,9.2590000,0.000000,0,0,0
29.100,-0.7967000,-0.4289000,9.9771000,75.6073000,91.5680000,49.9725000,4.0540000,-12.4500000,8.8710000,0.000000,0,0,0
29.110,-0.8841000,-0.4325000,9.6983000,76.6525000,94.4443000,50.4532000,4.4210000,-12.4260000,9.3780000,0.000000,0,0,0
29.120,-0.9881000,-0.4265000,9.4890000,76.2482000,93.6813000,51.2314000,4.2180000,-12.7160000,8.4990000,0.000000,0,0,0
29.130,-1.0850000,-0.4097000,9.4076000,74.7375000,90.9653000,52.3987000,4.3070000,-12.9140000,7.9520000,0.000000,0,0,0
29.140,-1.1365000,-0.3978000,9.4268000,72.5937000,87.5397000,53.9551000,4.2670000,-12.7750000,8.5450000,0.000000,0,0,0
29.150,-1.1413000,-0.3726000,9.5153000,70.2286000,84.4116000,55.5267000,3.8550000,-12.6860000,8.5840000,0.000000,0,0,0
29.160,-1.1114000,-0.3368000,9.6289000,67.9092000,82.3669000,56.2744000,4.3320000,-12.6090000,8.4970000,0.000000,0,0,0
29.170,-1.0731000,-0.3057000,9.7258000,65.5670000,81.5659000,55.7938000,4.5250000,-12.7890000,7.5260000,0.000000,0,0,0
29.180,-1.0683000,-0.2793000,9.7892000,63.3698000,81.5125000,54.5044000,4.3860000,-12.8270000,8.2330000,0.000000,0,0,0
29.190,-1.0982000,-0.2829000,9.7976000,61.5768000,81.5353000,53.0167000,4.4440000,-12.7420000,8.7220000,0.000000,0,0,0
29.200,-1.1389000,-0.3188000,9.7486000,60.5164000,81.2378000,51.8570000,4.3370000,-12.9920000,8.3760000,0.000000,0,0,0
29.210,-1.1795000,-0.3655000,9.6744000,60.2722000,80.4138000,51.1627000,4.2250000,-13.0400000,8.2770000,0.000000,0,0,0
29.220,-1.2142000,-0.3930000,9.6110000,60.6308000,79.0710000,50.8194000,4.1010000,-13.2870000,7.8810000,0.000000,0,0,0
29.230,-1.2334000,-0.3810000,9.5631000,61.3098000,77.2858000,50.6439000,4.1420000,-13.1950000,7.8160000,0.000000,0,0,0
29.240,-1.2106000,-0.3320000,9.5296000,62.0117000,75.2640000,50.5676000,3.9060000,-13.3760000,7.6330000,0.000000,0,0,0
29.250,-1.1568000,-0.2482000,9.5153000,62.5534000,73.2117000,50.5905000,3.8920000,-13.4620000,7.9180000,0.000000,0,0,0
29.260,-1.1281000,-0.1597000,9.5272000,62.6831000,71.3959000,50.4761000,4.0120000,-13.2770000,8.0730000,0.000000,0,0,0
29.270,-1.1484000,-0.1071000,9.5607000,62.2787000,69.9997000,50.0336000,3.9890000,-13.4140000,7.5070000,0.000000,0,0,0
29.280,-1.1903000,-0.1166000,9.6134000,61.5387000,68.8019000,49.2859000,4.0450000,-13.6600000,7.2420000,0.000000,0,0,0
29.290,-1.2298000,-0.1621000,9.6433000,60.9131000,67.6956000,48.3932000,3.9660000,-13.9480000,8.2730000,0.000000,0,0,0
29.300,-1.2465000,-0.1920000,9.6469000,60.7452000,66.1011000,47.5159000,4.1760000,-13.8100000,7.9490000,0.000000,0,0,0
29.310,-1.2250000,-0.1980000,9.6541000,61.0504000,63.9191000,46.7300000,3.8630000,-13.6710000,7.5090000,0.000000,0,0,0
29.320,-1.2047000,-0.2052000,9.6672000,61.6989000,61.8896000,46.0205000,3.5470000,-13.7790000,6.7120000,0.000000,0,0,0
29.330,-1.2346000,-0.2446000,9.6732000,62.6297000,60.2341000,45.2194000,3.4540000,-13.8720000,7.7180000,0.000000,0,0,0
29.340,-1.3123000,-0.3045000,9.6732000,63.4918000,58.8837000,44.1895000,3.8130000,-13.7430000,8.1340000,0.000000,0,0,0
29.350,-1.4104000,-0.3535000,9.6636000,63.8657000,58.2886000,42.9840000,3.3770000,-13.9570000,8.1920000,0.000000,0,0,0
29.360,-1.5061000,-0.3439000,9.6289000,63.6673000,58.4030000,42.0227000,3.4660000,-14.3500000,8.1830000,0.000000,0,0,0
29.370,-1.5659000,-0.2626000,9.5727000,62.8128000,58.5785000,41.5802000,3.5900000,-13.8870000,8.3620000,0.000000,0,0,0
29.380,-1.5899000,-0.1501000,9.5296000,61.2564000,58.4564000,41.6260000,3.3620000,-14.5470000,8.2390000,0.000000,0,0,0
29.390,-1.5982000,-0.0712000,9.5500000,59.5474000,58.6319000,42.0303000,3.1150000,-14.5300000,7.6770000,0.000000,0,0,0
29.400,-1.5468000,-0.0688000,9.6433000,58.4183000,61.5768000,42.5034000,3.2470000,-14.4620000,7.5120000,0.000000,0,0,0
29.410,-1.3829000,-0.0556000,9.6732000,57.6172000,64.8804000,42.5262000,3.2160000,-14.7010000,7.9440000,0.000000,0,0,0
29.420,-1.2298000,-0.1119000,9.8610000,57.9910000,62.7899000,41.7862000,3.0280000,-14.9620000,7.9620000,0.000000,0,0,0
29.430,-1.1760000,-0.1800000,9.9842000,59.4406000,63.5834000,40.4282000,2.8530000,-14.8500000,8.0430000,0.000000,0,0,0
29.440,-1.2477000,-0.2195000,9.9950000,60.8292000,65.4984000,38.7802000,2.8500000,-15.0190000,8.5990000,0.000000,0,0,0
29.450,-1.3554000,-0.2243000,9.9340000,61.5311000,67.9703000,37.4527000,2.9580000,-14.9890000,8.2630000,0.000000,0,0,0
29.460,-1.4451000,-0.1848000,9.7773000,61.5921000,69.3817000,36.7661000,3.0950000,-15.3260000,8.1120000,0.000000,0,0,0
29.470,-1.4810000,-0.1406000,9.5799000,61.3861000,67.4744000,36.7203000,2.7700000,-15.3220000,8.0480000,0.000000,0,0,0
29.480,-1.4511000,-0.1178000,9.4483000,61.0886000,62.9044000,37.0789000,2.8230000,-15.5710000,8.2410000,0.000000,0,0,0
29.490,-1.3757000,-0.1119000,9.4244000,60.7834000,58.3801000,37.2467000,2.4320000,-15.4750000,8.0810000,0.000000,0,0,0
29.500,-1.3147000,-0.1119000,9.4758000,60.4095000,55.6717000,36.8805000,2.4020000,-15.7130000,8.7460000,0.000000,0,0,0
29.510,-1.3410000,-0.1274000,9.5631000,60.0891000,54.6417000,36.3846000,2.4360000,-15.4630000,8.4360000,0.000000,0,0,0
29.520,-1.3709000,-0.1597000,9.6481000,60.1196000,54.0771000,36.0947000,2.3340000,-15.5940000,7.6280000,0.000000,0,0,0
29.530,-1.3494000,-0.2040000,9.7067000,60.5316000,53.6423000,35.7742000,2.3900000,-15.8540000,8.2280000,0.000000,0,0,0
29.540,-1.2896000,-0.2482000,9.7354000,61.1572000,53.8254000,35.2249000,2.1560000,-16.1620000,8.5170000,0.000000,0,0,0
29.550,-1.2190000,-0.2662000,9.7115000,61.2488000,55.6717000,34.4391000,1.9990000,-16.3840000,7.8070000,0.000000,0,0,0
29.560,-1.1963000,-0.2698000,9.6529000,60.7529000,57.6859000,33.5617000,2.1630000,-16.5280000,8.3730000,0.000000,0,0,0
29.570,-1.2681000,-0.2805000,9.5787000,60.1654000,59.1202000,32.9208000,2.2850000,-16.2640000,7.4750000,0.000000,0,0,0
29.580,-1.3865000,-0.2793000,9.4806000,59.2957000,58.7311000,32.9361000,1.5210000,-16.3610000,7.4020000,0.000000,0,0,0
29.590,-1.4798000,-0.2734000,9.4495000,58.1360000,56.1447000,33.7753000,1.2160000,-16.6750000,7.9700000,0.000000,0,0,0
29.600,-1.4798000,-0.2722000,9.5069000,57.2357000,52.7344000,35.1334000,1.3700000,-16.6140000,8.0000000,0.000000,0,0,0
29.610,-1.3434000,-0.2375000,9.6146000,56.7703000,50.5829000,36.3159000,1.4020000,-16.8540000,7.4710000,0.000000,0,0,0
29.620,-1.1377000,-0.1776000,9.7091000,56.6254000,50.7507000,36.3388000,1.2300000,-16.9640000,7.5210000,0.000000,0,0,0
29.630,-0.9522000,-0.1238000,9.7498000,56.5567000,53.0090000,34.9045000,1.0790000,-17.0710000,8.4000000,0.000000,0,0,0
29.640,-0.8805000,-0.0999000,9.7378000,56.5720000,56.2515000,32.6385000,0.8850000,-17.4970000,8.3380000,0.000000,0,0,0
29.650,-0.9008000,-0.1190000,9.6947000,56.7093000,59.2651000,30.3421000,1.0190000,-17.3760000,7.8830000,0.000000,0,0,0
29.660,-0.9630000,-0.1776000,9.6636000,56.9534000,61.8668000,28.6331000,0.7630000,-17.8850000,7.6380000,0.000000,0,0,0
29.670,-1.0468000,-0.2710000,9.6660000,57.2891000,64.1556000,27.6718000,0.3910000,-17.6550000,7.7440000,0.000000,0,0,0
29.680,-1.1819000,-0.4002000,9.7139000,57.7774000,66.0858000,27.5040000,0.5230000,-17.9190000,7.6550000,0.000000,0,0,0
29.690,-1.3566000,-0.5389000,9.7617000,58.6166000,67.6575000,28.2745000,0.5030000,-17.9160000,7.5730000,0.000000,0,0,0
29.700,-1.5145000,-0.6370000,9.7342000,59.6466000,68.5196000,29.8386000,0.1630000,-18.1290000,8.0570000,0.000000,0,0,0
29.710,-1.5444000,-0.6574000,9.6206000,60.3485000,68.3289000,31.7688000,0.0390000,-18.0290000,7.7850000,0.000000,0,0,0
29.720,-1.4978000,-0.6358000,9.5093000,60.4706000,67.4667000,33.7296000,0.1770000,-18.1860000,7.5940000,0.000000,0,0,0
29.730,-1.4475000,-0.5952000,9.4531000,60.0586000,66.6046000,35.7361000,-0.2030000,-18.3310000,7.4690000,0.000000,0,0,0
29.740,-1.4284000,-0.5294000,9.4603000,59.0668000,66.3223000,37.8876000,-0.1080000,-18.5080000,7.4670000,0.000000,0,0,0
29.750,-1.4056000,-0.4576000,9.5129000,57.3502000,66.9250000,39.9246000,-0.2940000,-18.2220000,7.6010000,0.000000,0,0,0
29.760,-1.3243000,-0.4014000,9.6014000,55.3055000,68.0695000,41.6489000,-0.0190000,-18.7430000,7.8680000,0.000000,0,0,0
29.770,-1.2083000,-0.3738000,9.6923000,53.7949000,69.1376000,42.7094000,-0.0520000,-18.6740000,7.4170000,0.000000,0,0,0
29.780,-1.0707000,-0.3643000,9.7426000,53.1006000,69.4809000,42.4576000,-0.1480000,-18.8580000,7.9570000,0.000000,0,0,0
29.790,-0.9343000,-0.3762000,9.7474000,52.8946000,68.9316000,40.5807000,-0.3290000,-19.0110000,7.9660000,0.000000,0,0,0
29.800,-0.8757000,-0.4349000,9.7510000,53.3295000,67.9474000,38.2614000,-0.4860000,-19.1610000,8.1210000,0.000000,0,0,0
29.810,-0.8912000,-0.4672000,9.7210000,54.5349000,66.9403000,36.1710000,-0.8250000,-19.0490000,7.8250000,0.000000,0,0,0
29.820,-0.9355000,-0.4648000,9.6457000,55.6717000,65.1474000,34.1797000,-0.7910000,-19.5460000,7.9830000,0.000000,0,0,0
29.830,-0.9857000,-0.4540000,9.5739000,56.0150000,63.0188000,32.3639000,-0.9470000,-19.3370000,7.6230000,0.000000,0,0,0
29.840,-1.0910000,-0.4648000,9.5428000,55.6564000,61.1725000,30.8762000,-0.8740000,-19.0760000,8.3140000,0.000000,0,0,0
29.850,-1.2083000,-0.5042000,9.5835000,55.1300000,59.8221000,29.9606000,-1.1140000,-19.7200000,7.9270000,0.000000,0,0,0
29.860,-1.3327000,-0.5341000,9.6529000,55.0995000,58.9523000,29.6936000,-1.5210000,-19.8910000,7.4910000,0.000000,0,0,0
29.870,-1.3482000,-0.4755000,9.7749000,55.7785000,57.6401000,29.6707000,-1.4540000,-19.7950000,7.9240000,0.000000,0,0,0
29.880,-1.3147000,-0.5868000,9.8287000,55.8701000,61.0046000,29.3655000,-1.6250000,-19.9820000,7.7000000,0.000000,0,0,0
29.890,-1.3662000,-0.6765000,9.7904000,56.4804000,60.8063000,29.8309000,-1.7500000,-19.7190000,8.0500000,0.000000,0,0,0
29.900,-1.3339000,-0.6286000,9.7892000,58.5175000,59.6085000,30.8762000,-1.9240000,-20.2040000,8.2180000,0.000000,0,0,0
29.910,-1.2406000,-0.5018000,9.7234000,60.8063000,57.8918000,31.9901000,-1.7210000,-20.0140000,7.9470000,0.000000,0,0,0
29.920,-1.1125000,-0.3810000,9.6541000,62.0728000,56.5720000,32.5775000,-2.1540000,-19.9810000,7.5870000,0.000000,0,0,0
29.930,-1.0444000,-0.3368000,9.5954000,61.8210000,57.5027000,32.4097000,-2.2860000,-20.2720000,7.2090000,0.000000,0,0,0
29.940,-1.0994000,-0.3918000,9.5583000,60.4172000,59.9670000,31.8909000,-2.3270000,-20.2550000,7.1760000,0.000000,0,0,0
29.950,-1.2573000,-0.5246000,9.5488000,58.7845000,62.6755000,31.8756000,-2.6200000,-20.4630000,7.4340000,0.000000,0,0,0
29.960,-1.4571000,-0.6657000,9.5380000,57.6782000,64.7659000,32.9819000,-2.6150000,-20.5370000,7.2870000,0.000000,0,0,0
29.970,-1.6281000,-0.7710000,9.4794000,57.2052000,65.6586000,35.3928000,-2.8370000,-20.4580000,7.4850000,0.000000,0,0,0
29.980,-1.7035000,-0.8033000,9.3969000,56.9305000,65.3381000,39.0396000,-2.8030000,-20.9640000,7.7660000,0.000000,0,0,0
29.990,-1.6210000,-0.7363000,9.3514000,56.3354000,64.9567000,43.4036000,-2.8620000,-20.7920000,7.3690000,0.000000,0,0,0
30.000,-1.3925000,-0.6203000,9.3837000,55.1605000,64.8727000,47.2794000,-2.6580000,-20.7100000,6.9860000,0.000000,0,0,0
30.010,-1.1006000,-0.5198000,9.5165000,53.8101000,65.1932000,49.5453000,-2.8200000,-20.7360000,8.1340000,0.000000,0,0,0
30.020,-0.8015000,-0.5126000,9.8120000,53.3524000,66.2537000,49.2020000,-3.1270000,-20.8070000,8.2970000,0.000000,0,0,0
30.030,-0.8075000,-0.6011000,9.9878000,54.8019000,67.1082000,47.2794000,-3.0110000,-21.1660000,8.1630000,0.000000,0,0,0
30.040,-0.9642000,-0.7040000,10.0763000,57.4646000,67.9474000,45.3873000,-3.1920000,-21.3840000,7.6870000,0.000000,0,0,0
30.050,-1.1652000,-0.7698000,10.0680000,60.7529000,68.5196000,44.5328000,-3.3340000,-21.1010000,7.2350000,0.000000,0,0,0
30.060,-1.3028000,-0.7794000,9.9723000,63.9038000,68.4509000,44.8456000,-3.3610000,-21.0850000,7.4360000,0.000000,0,0,0
30.070,-1.2968000,-0.7543000,9.8335000,66.2842000,67.5201000,45.5856000,-3.7790000,-20.9660000,7.2110000,0.000000,0,0,0
30.080,-1.1927000,-0.7076000,9.7115000,67.7338000,66.0477000,45.7840000,-3.3750000,-21.1930000,7.9000000,0.000000,0,0,0
30.090,-1.1114000,-0.6705000,9.6469000,68.1763000,64.8422000,45.0821000,-3.4020000,-21.2990000,7.5680000,0.000000,0,0,0
30.100,-1.1161000,-0.6526000,9.6397000,67.9932000,64.3082000,44.0826000,-3.7980000,-21.2150000,8.2500000,0.000000,0,0,0
30.110,-1.1592000,-0.6275000,9.6505000,67.6727000,64.2700000,43.6249000,-3.7400000,-21.3150000,8.3480000,0.000000,0,0,0
30.120,-1.1520000,-0.5664000,9.6552000,67.3370000,64.0182000,43.8232000,-3.7300000,-21.1250000,8.5660000,0.000000,0,0,0
30.130,-1.0850000,-0.4839000,9.6552000,66.8182000,63.6368000,44.2200000,-4.0480000,-21.2800000,8.1520000,0.000000,0,0,0
30.140,-0.9965000,-0.4133000,9.6397000,65.9790000,63.5071000,44.3115000,-3.8280000,-21.5770000,8.4180000,0.000000,0,0,0
30.150,-0.9403000,-0.3691000,9.5883000,64.9033000,63.9496000,43.9911000,-4.2190000,-21.5450000,7.9380000,0.000000,0,0,0
30.160,-0.9582000,-0.3714000,9.4818000,63.6444000,64.5599000,43.4723000,-4.0530000,-21.6000000,7.6420000,0.000000,0,0,0
30.170,-1.0372000,-0.4157000,9.3394000,62.1948000,64.9796000,43.1213000,-4.0350000,-21.5830000,7.5840000,0.000000,0,0,0
30.180,-1.1592000,-0.4815000,9.1743000,60.2875000,65.3915000,43.1519000,-3.9570000,-21.7480000,7.4610000,0.000000,0,0,0
30.190,-1.2896000,-0.5509000,9.0188000,57.7698000,65.4907000,43.6401000,-4.3690000,-21.7810000,7.2420000,0.000000,0,0,0
30.200,-1.3853000,-0.5987000,8.9076000,54.9164000,64.8193000,44.5633000,-4.4220000,-21.8130000,7.8300000,0.000000,0,0,0
30.210,-1.4188000,-0.6095000,8.8669000,52.0477000,63.1790000,45.6238000,-4.6900000,-22.0540000,7.7160000,0.000000,0,0,0
30.220,-1.3662000,-0.5629000,8.9147000,49.4080000,61.2106000,46.5851000,-4.5100000,-22.2530000,7.3740000,0.000000,0,0,0
30.230,-1.2370000,-0.4648000,9.0344000,46.9284000,59.8984000,47.0657000,-4.6980000,-22.0690000,7.1210000,0.000000,0,0,0
30.240,-1.0599000,-0.3679000,9.2162000,44.4107000,59.6848000,46.5775000,-4.6190000,-22.0330000,7.6190000,0.000000,0,0,0
30.250,-0.9020000,-0.3332000,9.4591000,42.0380000,60.8215000,44.9677000,-4.8680000,-22.3040000,7.0250000,0.000000,0,0,0
30.260,-0.8494000,-0.3894000,9.7222000,40.5655000,62.8510000,42.6254000,-5.1350000,-22.2700000,6.8980000,0.000000,0,0,0
30.270,-0.9044000,-0.5246000,9.9723000,40.9241000,64.5599000,40.3137000,-5.4060000,-22.7360000,6.7940000,0.000000,0,0,0
30.280,-1.0479000,-0.6932000,10.1697000,43.3197000,65.4678000,38.5284000,-5.3350000,-22.4930000,6.5950000,0.000000,0,0,0
30.290,-1.2477000,-0.8524000,10.2893000,47.2946000,65.2390000,37.5366000,-5.6580000,-22.5800000,6.7710000,0.000000,0,0,0
30.300,-1.4583000,-0.9696000,10.3359000,51.9791000,64.2471000,37.6358000,-5.5420000,-22.7860000,6.8020000,0.000000,0,0,0
30.310,-1.6186000,-1.0390000,10.3120000,56.6254000,62.9501000,39.0854000,-5.7460000,-22.6110000,7.4510000,0.000000,0,0,0
30.320,-1.6640000,-1.0462000,10.2283000,60.8826000,61.4243000,41.7099000,-5.6260000,-22.9000000,6.9500000,0.000000,0,0,0
30.330,-1.5707000,-1.0186000,10.1074000,64.2471000,59.9060000,44.6014000,-5.9570000,-22.8870000,6.8440000,0.000000,0,0,0
30.340,-1.3985000,-0.9804000,9.9926000,66.3910000,58.7387000,46.6919000,-6.0460000,-23.0990000,6.7260000,0.000000,0,0,0
30.350,-1.2370000,-0.9409000,9.9005000,67.4820000,58.3572000,47.6151000,-6.3660000,-23.3050000,6.7400000,0.000000,0,0,0
30.360,-1.1401000,-0.8859000,9.8215000,67.9321000,58.7692000,47.7982000,-6.0200000,-22.8720000,7.4300000,0.000000,0,0,0
30.370,-1.1006000,-0.8189000,9.7402000,67.8253000,59.6619000,47.7371000,-6.2810000,-23.0760000,6.0810000,0.000000,0,0,0
30.380,-1.0862000,-0.7650000,9.6756000,66.8640000,60.9512000,47.5922000,-6.0490000,-23.1010000,6.9060000,0.000000,0,0,0
30.390,-1.1042000,-0.7626000,9.6481000,65.2618000,62.5000000,47.5388000,-6.0930000,-23.0030000,7.0990000,0.000000,0,0,0
30.400,-1.1389000,-0.8177000,9.6660000,63.9420000,63.6520000,47.7982000,-6.0770000,-22.9290000,7.1240000,0.000000,0,0,0
30.410,-1.1700000,-0.8512000,9.6947000,63.8123000,64.2319000,48.5764000,-6.5070000,-22.9440000,7.4020000,0.000000,0,0,0
30.420,-1.1771000,-0.8344000,9.6983000,64.6210000,63.8199000,49.5529000,-6.2440000,-23.0890000,7.0000000,0.000000,0,0,0
30.430,-1.1460000,-0.7770000,9.6840000,65.6433000,62.9272000,50.2625000,-6.4900000,-23.1210000,6.9330000,0.000000,0,0,0
30.440,-1.1054000,-0.7076000,9.6481000,66.4139000,62.0651000,50.4532000,-6.5120000,-22.9700000,7.0180000,0.000000,0,0,0
30.450,-1.0623000,-0.6598000,9.5978000,66.8106000,61.1420000,50.1480000,-6.5530000,-23.0910000,6.5640000,0.000000,0,0,0
30.460,-1.0216000,-0.6406000,9.5416000,66.5131000,60.5392000,49.3317000,-6.3410000,-22.7980000,6.1610000,0.000000,0,0,0
30.470,-1.0228000,-0.6406000,9.5069000,65.4068000,60.5164000,48.2864000,-6.5330000,-22.6810000,6.8890000,0.000000,0,0,0
30.480,-1.0982000,-0.6741000,9.5117000,63.9191000,60.8673000,47.4625000,-6.6500000,-23.1310000,6.7560000,0.000000,0,0,0
30.490,-1.2286000,-0.7327000,9.5703000,62.7441000,61.0962000,47.4167000,-6.6660000,-22.8880000,7.0530000,0.000000,0,0,0
30.500,-1.3590000,-0.7746000,9.6624000,62.4008000,61.2946000,48.5077000,-6.8140000,-23.0570000,6.9220000,0.000000,0,0,0
30.510,-1.4391000,-0.7782000,9.7342000,63.0493000,61.3327000,50.5676000,-7.0300000,-22.9650000,7.0250000,0.000000,0,0,0
30.520,-1.4344000,-0.7483000,9.7605000,64.4073000,60.8444000,52.9861000,-6.8560000,-23.2650000,6.9260000,0.000000,0,0,0
30.530,-1.3255000,-0.6980000,9.7462000,65.8722000,60.2264000,54.9850000,-6.9390000,-22.9890000,6.9260000,0.000000,0,0,0
30.540,-1.1628000,-0.6191000,9.6899000,66.9556000,60.2341000,56.0760000,-7.2710000,-23.5450000,7.1790000,0.000000,0,0,0
30.550,-0.9869000,-0.5078000,9.6026000,67.3752000,60.5850000,56.0837000,-7.3550000,-23.1050000,7.2530000,0.000000,0,0,0
30.560,-0.8195000,-0.3918000,9.5105000,67.1082000,60.7605000,54.8935000,-7.2670000,-23.1170000,7.2980000,0.000000,0,0,0
30.570,-0.6879000,-0.3212000,9.4387000,66.0019000,61.0657000,52.3834000,-7.3860000,-23.5820000,7.0000000,0.000000,0,0,0
30.580,-0.6675000,-0.3068000,9.3957000,64.3234000,61.5158000,49.0494000,-7.4670000,-23.3030000,6.9110000,0.000000,0,0,0
30.590,-0.7620000,-0.3344000,9.3909000,62.5610000,61.8057000,45.8374000,-7.5910000,-23.0610000,7.9050000,0.000000,0,0,0
30.600,-0.9331000,-0.3703000,9.4136000,61.1725000,61.7752000,43.7241000,-7.5660000,-23.1940000,7.0370000,0.000000,0,0,0
30.610,-1.1233000,-0.4301000,9.4411000,60.1654000,61.1877000,43.0374000,-7.7760000,-23.1740000,6.9490000,0.000000,0,0,0
30.620,-1.2968000,-0.5353000,9.4770000,59.3185000,60.2188000,43.5104000,-7.5370000,-23.4890000,6.6010000,0.000000,0,0,0
30.630,-1.4415000,-0.6526000,9.5213000,58.5709000,59.1660000,44.8837000,-8.0200000,-23.5200000,6.7300000,0.000000,0,0,0
30.640,-1.5659000,-0.7459000,9.6098000,57.7240000,58.0139000,48.2635000,-8.0530000,-23.4170000,6.6070000,0.000000,0,0,0
30.650,-1.5695000,-0.7327000,9.6684000,57.4570000,57.6248000,51.0635000,-7.9200000,-23.5720000,7.2850000,0.000000,0,0,0
30.660,-1.5025000,-0.6849000,9.7163000,57.4341000,57.2128000,53.8254000,-8.0590000,-23.8110000,6.4920000,0.000000,0,0,0
30.670,-1.3877000,-0.6406000,9.7533000,57.5714000,56.7474000,56.0074000,-8.0900000,-23.4620000,6.8030000,0.000000,0,0,0
30.680,-1.2729000,-0.6370000,9.7749000,57.7698000,56.2973000,57.3654000,-7.8440000,-23.7250000,7.4010000,0.000000,0,0,0
30.690,-1.1939000,-0.6813000,9.7809000,58.2123000,55.8090000,58.1665000,-8.4020000,-23.8040000,6.7490000,0.000000,0,0,0
30.700,-1.1508000,-0.7208000,9.7653000,58.8684000,55.7861000,58.9066000,-8.1760000,-23.9430000,7.0210000,0.000000,0,0,0
30.710,-1.1389000,-0.7315000,9.7127000,59.3109000,56.4117000,59.9670000,-8.3570000,-23.7010000,7.3290000,0.000000,0,0,0
30.720,-1.1293000,-0.7148000,9.6373000,59.2499000,57.1823000,61.4548000,-8.2250000,-23.5470000,7.0390000,0.000000,0,0,0
30.730,-1.0862000,-0.6765000,9.5655000,58.7616000,57.7545000,63.1866000,-8.5720000,-23.6360000,7.2780000,0.000000,0,0,0
30.740,-0.9798000,-0.6155000,9.5129000,58.0368000,57.9224000,64.7125000,-8.3640000,-23.7510000,6.5100000,0.000000,0,0,0
30.750,-0.8219000,-0.5150000,9.4830000,57.2357000,58.0215000,65.5594000,-8.2770000,-23.6060000,6.4560000,0.000000,0,0,0
30.760,-0.6568000,-0.4229000,9.4770000,56.2286000,58.2199000,65.2695000,-8.5590000,-23.8180000,6.8760000,0.000000,0,0,0
30.770,-0.5383000,-0.3798000,9.5081000,55.0385000,58.7234000,63.7589000,-8.2600000,-23.6400000,6.5350000,0.000000,0,0,0
30.780,-0.5228000,-0.4002000,9.5703000,53.8712000,59.7229000,61.4624000,-8.4870000,-24.1340000,6.9430000,0.000000,0,0,0
30.790,-0.6161000,-0.4731000,9.6505000,53.0701000,60.9360000,59.2422000,-8.9170000,-24.1130000,6.9780000,0.000000,0,0,0
30.800,-0.7608000,-0.5688000,9.7354000,52.9633000,62.0651000,57.9224000,-8.8120000,-23.9640000,6.6610000,0.000000,0,0,0
30.810,-0.8781000,-0.6358000,9.7916000,53.7796000,62.8128000,57.8613000,-8.6930000,-23.8950000,6.2680000,0.000000,0,0,0
30.820,-0.9008000,-0.6645000,9.8048000,55.2979000,62.8357000,58.6243000,-8.5520000,-23.9970000,6.7070000,0.000000,0,0,0
30.830,-0.8290000,-0.6645000,9.7892000,56.9077000,62.5687000,59.3338000,-8.7340000,-24.1230000,6.0310000,0.000000,0,0,0
30.840,-0.7214000,-0.6502000,9.7521000,58.0368000,62.7136000,59.3414000,-8.7850000,-24.2530000,6.1620000,0.000000,0,0,0
30.850,-0.6532000,-0.6394000,9.7031000,58.5022000,63.2553000,58.6166000,-8.8870000,-24.1760000,6.6950000,0.000000,0,0,0
30.860,-0.6532000,-0.6562000,9.6648000,58.4793000,63.7817000,57.5409000,-9.0190000,-24.1360000,6.2980000,0.000000,0,0,0
30.870,-0.7238000,-0.7016000,9.6493000,58.1284000,64.3845000,56.6177000,-9.0370000,-23.9440000,7.1110000,0.000000,0,0,0
30.880,-0.8446000,-0.7698000,9.6552000,57.6248000,65.1932000,56.2515000,-8.8560000,-24.2100000,7.3420000,0.000000,0,0,0
30.890,-0.9546000,-0.8236000,9.6708000,57.2815000,66.3147000,56.8008000,-8.8730000,-24.1260000,6.3060000,0.000000,0,0,0
30.900,-1.0121000,-0.8404000,9.6660000,57.1060000,67.6651000,58.0978000,-8.8110000,-24.1640000,6.8400000,0.000000,0,0,0
30.910,-0.9750000,-0.8117000,9.6552000,56.9687000,68.9468000,59.5779000,-8.9260000,-24.1360000,6.8660000,0.000000,0,0,0
30.920,-0.8434000,-0.7507000,9.6660000,56.9763000,70.1447000,60.4782000,-9.2030000,-24.1690000,7.1170000,0.000000,0,0,0
30.930,-0.6651000,-0.6956000,9.6983000,57.3273000,70.4498000,60.0662000,-9.0260000,-24.0210000,6.6600000,0.000000,0,0,0
30.940,-0.5359000,-0.6813000,9.7294000,58.0673000,69.5496000,58.1284000,-9.0940000,-24.1460000,6.8580000,0.000000,0,0,0
30.950,-0.5503000,-0.7291000,9.6469000,58.9447000,66.7801000,55.2902000,-9.2130000,-24.0350000,6.7430000,0.000000,0,0,0
30.960,-0.6627000,-0.8224000,9.4830000,59.6085000,62.2635000,52.6733000,-9.4230000,-24.5050000,6.8590000,0.000000,0,0,0
30.970,-0.8278000,-0.9277000,9.3598000,59.9289000,58.8074000,51.0254000,-9.6260000,-24.2360000,6.6750000,0.000000,0,0,0
30.980,-1.0061000,-1.0031000,9.2940000,59.9442000,57.0374000,50.8270000,-9.2080000,-24.4480000,6.9050000,0.000000,0,0,0
30.990,-1.1090000,-1.0210000,9.3023000,60.0052000,55.9006000,52.0020000,-9.4940000,-24.4690000,6.3880000,0.000000,0,0,0
31.000,-1.0910000,-0.9780000,9.3442000,60.2722000,55.3894000,53.9169000,-9.2890000,-24.2340000,6.4030000,0.000000,0,0,0
31.010,-0.9750000,-0.8930000,9.3825000,60.2417000,55.8853000,55.7480000,-9.4300000,-24.3110000,6.1870000,0.000000,0,0,0
31.020,-0.8314000,-0.8177000,9.4184000,59.4788000,57.3807000,57.0145000,-9.7190000,-24.2420000,6.8750000,0.000000,0,0,0
31.030,-0.7261000,-0.7901000,9.4686000,58.2047000,59.3185000,57.6477000,-9.7250000,-24.5580000,6.3530000,0.000000,0,0,0
31.040,-0.6986000,-0.8189000,9.5416000,57.0297000,60.8215000,57.8461000,-9.6130000,-24.6750000,6.1820000,0.000000,0,0,0
31.050,-0.7369000,-0.8703000,9.6349000,56.4270000,61.4700000,57.9758000,-9.4570000,-24.2090000,5.9860000,0.000000,0,0,0
31.060,-0.8207000,-0.9134000,9.7282000,56.6406000,61.2106000,58.2504000,-9.7990000,-24.2580000,6.0170000,0.000000,0,0,0
31.070,-0.9080000,-0.9253000,9.8239000,57.7850000,59.9823000,58.7921000,-10.2660000,-24.0800000,5.9560000,0.000000,0,0,0
31.080,-0.9295000,-0.8751000,9.9196000,59.7305000,58.5709000,59.5398000,-10.0660000,-24.6040000,6.6430000,0.000000,0,0,0
31.090,-0.8685000,-0.7555000,9.9699000,62.1643000,57.5714000,60.2722000,-10.0870000,-24.2730000,6.5670000,0.000000,0,0,0
31.100,-0.7584000,-0.6203000,9.9519000,64.6744000,56.6559000,60.5240000,-10.1820000,-24.2830000,7.1520000,0.000000,0,0,0
31.110,-0.6592000,-0.5306000,9.8778000,66.8793000,55.8014000,60.1196000,-10.2040000,-24.3980000,7.2440000,0.000000,0,0,0
31.120,-0.5993000,-0.5102000,9.7677000,68.4052000,55.4581000,59.2041000,-10.5410000,-24.5560000,6.5170000,0.000000,0,0,0
31.130,-0.5886000,-0.5629000,9.6517000,68.9621000,55.8929000,58.0139000,-10.1140000,-24.6170000,6.8930000,0.000000,0,0,0
31.140,-0.6352000,-0.6741000,9.5811000,68.5730000,57.0984000,56.9153000,-10.1850000,-24.4500000,7.1190000,0.000000,0,0,0
31.150,-0.7369000,-0.8117000,9.5906000,67.6498000,59.0897000,56.4957000,-10.1280000,-24.1850000,6.8530000,0.000000,0,0,0
31.160,-0.8721000,-0.9241000,9.6433000,66.7648000,61.4319000,57.2586000,-10.3560000,-24.3920000,6.7510000,0.000000,0,0,0
31.170,-0.9774000,-0.9875000,9.6828000,66.0858000,63.3545000,59.2422000,-10.2820000,-24.3250000,7.0300000,0.000000,0,0,0
31.180,-1.0216000,-0.9947000,9.6864000,65.5441000,64.3845000,61.8896000,-10.3290000,-24.3790000,6.3000000,0.000000,0,0,0
31.190,-0.9822000,-0.9409000,9.6517000,65.1016000,64.4760000,64.4836000,-10.3180000,-24.1450000,7.1080000,0.000000,0,0,0
31.200,-0.8793000,-0.8404000,9.6002000,64.7202000,63.5986000,66.4139000,-10.0390000,-24.4840000,7.0840000,0.000000,0,0,0
31.210,-0.7800000,-0.7088000,9.5344000,64.3158000,62.0575000,67.4286000,-10.2660000,-24.0570000,7.6860000,0.000000,0,0,0
31.220,-0.6938000,-0.4636000,9.4256000,63.1332000,58.8684000,67.6498000,-10.5590000,-24.3870000,7.6580000,0.000000,0,0,0
31.230,-0.6568000,-0.3200000,9.3849000,61.6760000,57.3273000,67.2684000,-10.2850000,-24.2350000,7.0080000,0.000000,0,0,0
31.240,-0.6376000,-0.2279000,9.3837000,59.6924000,56.9382000,66.6504000,-10.3340000,-24.3350000,6.7400000,0.000000,0,0,0
31.250,-0.6137000,-0.2123000,9.4447000,57.5333000,57.7774000,66.0248000,-10.4450000,-24.4240000,6.9050000,0.000000,0,0,0
31.260,-0.5814000,-0.2638000,9.5560000,55.7938000,59.6390000,65.5136000,-10.5670000,-24.3670000,6.7500000,0.000000,0,0,0
31.270,-0.5539000,-0.3655000,9.6840000,54.7791000,62.0193000,65.0711000,-10.3930000,-24.6090000,6.8080000,0.000000,0,0,0
31.280,-0.5443000,-0.5114000,9.7928000,54.4739000,63.9877000,64.6744000,-10.3900000,-24.1750000,6.8170000,0.000000,0,0,0
31.290,-0.5694000,-0.6921000,9.8682000,54.8859000,64.7583000,64.3463000,-10.4070000,-24.7100000,7.5640000,0.000000,0,0,0
31.300,-0.6328000,-0.8799000,9.8909000,55.9235000,64.1708000,64.1403000,-10.5270000,-24.6080000,7.6170000,0.000000,0,0,0
31.310,-0.7261000,-1.0354000,9.8718000,57.3349000,62.4466000,64.1785000,-10.7190000,-24.5420000,6.7290000,0.000000,0,0,0
31.320,-0.8195000,-1.1311000,9.8287000,58.8531000,60.2951000,64.6744000,-10.5700000,-24.4200000,6.3080000,0.000000,0,0,0
31.330,-0.8876000,-1.1562000,9.7665000,60.2341000,58.4412000,65.6738000,-10.5930000,-24.7100000,6.7710000,0.000000,0,0,0
31.340,-0.9247000,-1.1191000,9.6935000,61.3251000,57.0984000,66.9937000,-10.5650000,-24.4430000,7.5230000,0.000000,0,0,0
31.350,-0.9475000,-1.0330000,9.6241000,62.3474000,56.3126000,68.4586000,-10.4820000,-24.4040000,7.2340000,0.000000,0,0,0
31.360,-0.9415000,-0.9026000,9.5811000,63.4842000,56.0074000,69.9463000,-10.5730000,-24.4590000,7.1770000,0.000000,0,0,0
31.370,-0.8936000,-0.7662000,9.6002000,64.7507000,56.9458000,71.3806000,-10.3980000,-24.1320000,7.1460000,0.000000,0,0,0
31.380,-0.8195000,-0.6586000,9.6864000,66.3376000,59.9289000,72.6395000,-10.3340000,-24.5940000,8.0880000,0.000000,0,0,0
31.390,-0.7776000,-0.5904000,9.7629000,68.4433000,64.0640000,73.5931000,-10.1280000,-24.4940000,7.4500000,0.000000,0,0,0
31.400,-0.8027000,-0.5413000,9.6995000,70.0150000,64.5676000,74.1882000,-10.2670000,-24.1010000,8.0820000,0.000000,0,0,0
31.410,-0.7477000,-0.5521000,9.6337000,70.1675000,60.8444000,74.2035000,-10.4030000,-24.2670000,7.5030000,0.000000,0,0,0
31.420,-0.6472000,-0.5724000,9.5739000,69.1757000,55.9006000,73.7381000,-10.2230000,-24.0940000,7.6410000,0.000000,0,0,0
31.430,-0.5635000,-0.5652000,9.5153000,67.4362000,51.7044000,72.9141000,-10.3300000,-23.8630000,7.9730000,0.000000,0,0,0
31.440,-0.5228000,-0.5329000,9.4519000,65.2542000,49.2172000,71.9604000,-10.2740000,-24.1380000,8.4410000,0.000000,0,0,0
31.450,-0.5323000,-0.4839000,9.3825000,62.9120000,49.0799000,71.3120000,-10.5310000,-24.1370000,8.1420000,0.000000,0,0,0
31.460,-0.5551000,-0.4444000,9.3502000,60.7452000,51.3840000,71.4798000,-9.8920000,-24.1860000,7.8970000,0.000000,0,0,0
31.470,-0.5431000,-0.4301000,9.3777000,59.0057000,55.6946000,72.3953000,-10.0500000,-24.1430000,7.9050000,0.000000,0,0,0
31.480,-0.4881000,-0.4289000,9.4603000,57.8537000,60.7071000,73.5168000,-10.1550000,-24.2770000,7.7160000,0.000000,0,0,0
31.490,-0.3960000,-0.4301000,9.5847000,57.6019000,65.4755000,74.2569000,-10.0570000,-24.3510000,7.6410000,0.000000,0,0,0
31.500,-0.3086000,-0.4420000,9.7198000,58.3115000,69.2902000,74.3103000,-10.1810000,-24.3310000,8.3400000,0.000000,0,0,0
31.510,-0.2740000,-0.4755000,9.8598000,60.2112000,71.3577000,73.7457000,-10.3300000,-24.1280000,7.6530000,0.000000,0,0,0
31.520,-0.2787000,-0.5318000,9.9723000,62.7441000,71.6171000,72.4640000,-10.2660000,-24.0930000,7.7440000,0.000000,0,0,0
31.530,-0.3194000,-0.5999000,10.0285000,65.1093000,70.4498000,70.6329000,-10.0260000,-24.1470000,7.7620000,0.000000,0,0,0
31.540,-0.3960000,-0.6526000,10.0105000,66.6351000,68.6493000,68.6722000,-10.0720000,-24.0280000,7.6250000,0.000000,0,0,0
31.550,-0.5084000,-0.6729000,9.9125000,67.1082000,66.8030000,67.2379000,-10.1050000,-23.9180000,7.7320000,0.000000,0,0,0
31.560,-0.6185000,-0.6633000,9.7761000,66.6962000,65.3458000,66.8564000,-10.2020000,-23.9060000,8.0820000,0.000000,0,0,0
31.570,-0.6927000,-0.6310000,9.6445000,65.6815000,64.7812000,67.5659000,-10.1660000,-24.0360000,7.7940000,0.000000,0,0,0
31.580,-0.7226000,-0.6011000,9.5189000,64.2853000,64.8422000,68.8400000,-9.6970000,-23.7380000,7.5920000,0.000000,0,0,0
31.590,-0.7046000,-0.5880000,9.4268000,62.5305000,64.8193000,69.8013000,-10.0280000,-23.9410000,7.8960000,0.000000,0,0,0
31.600,-0.6723000,-0.5784000,9.4076000,60.6079000,65.0024000,70.3125000,-9.9920000,-23.8460000,7.7930000,0.000000,0,0,0
31.610,-0.6580000,-0.5629000,9.4375000,58.9905000,65.3076000,70.5719000,-10.1810000,-23.7630000,7.4360000,0.000000,0,0,0
31.620,-0.6604000,-0.5425000,9.4842000,57.9224000,64.8727000,70.7092000,-10.0380000,-23.8150000,7.6000000,0.000000,0,0,0
31.630,-0.6795000,-0.5365000,9.5344000,57.3273000,63.8428000,70.8542000,-9.9010000,-23.4680000,7.8290000,0.000000,0,0,0
31.640,-0.7010000,-0.5509000,9.5727000,57.0297000,62.9120000,71.2509000,-9.8540000,-23.8460000,7.7800000,0.000000,0,0,0
31.650,-0.6950000,-0.5700000,9.6098000,57.0755000,62.7899000,72.0673000,-9.8430000,-23.5530000,7.7270000,0.000000,0,0,0
31.660,-0.6568000,-0.5736000,9.6337000,57.5485000,63.4766000,73.0743000,-9.4770000,-23.9050000,7.4690000,0.000000,0,0,0
31.670,-0.5910000,-0.5772000,9.6397000,58.2504000,64.1022000,73.6389000,-9.7190000,-24.0760000,7.4870000,0.000000,0,0,0
31.680,-0.5216000,-0.5808000,9.6397000,58.8531000,64.0182000,73.2651000,-9.8040000,-23.9030000,7.2970000,0.000000,0,0,0
31.690,-0.4749000,-0.5724000,9.6397000,59.1965000,63.0798000,71.9147000,-9.7390000,-23.6510000,7.5810000,0.000000,0,0,0
31.700,-0.4642000,-0.5497000,9.6397000,59.3109000,61.3556000,70.0150000,-9.8890000,-23.8810000,7.7810000,0.000000,0,0,0
31.710,-0.4857000,-0.5306000,9.6409000,59.2880000,59.4788000,68.1610000,-9.6080000,-23.7710000,7.5500000,0.000000,0,0,0
31.720,-0.5276000,-0.5258000,9.6445000,59.2346000,58.3496000,66.8869000,-9.9650000,-23.6910000,8.2300000,0.000000,0,0,0
31.730,-0.5790000,-0.5485000,9.6385000,59.1202000,58.3572000,66.4062000,-9.8200000,-23.7890000,7.5220000,0.000000,0,0,0
31.740,-0.6245000,-0.5952000,9.6170000,58.7692000,59.3033000,66.5588000,-9.6860000,-23.9280000,7.8640000,0.000000,0,0,0
31.750,-0.6687000,-0.6466000,9.5883000,58.1284000,60.6766000,67.1234000,-9.8520000,-23.6930000,7.8740000,0.000000,0,0,0
31.760,-0.7106000,-0.6789000,9.5691000,57.4341000,61.9736000,68.0618000,-10.0470000,-23.8160000,7.9990000,0.000000,0,0,0
31.770,-0.7238000,-0.6825000,9.5751000,56.9305000,63.0264000,69.3130000,-9.8280000,-24.1290000,8.4870000,0.000000,0,0,0
31.780,-0.6592000,-0.6598000,9.6146000,56.5109000,64.3692000,70.9534000,-9.7770000,-24.1350000,7.6480000,0.000000,0,0,0
31.790,-0.6233000,-0.6442000,9.6361000,56.3812000,64.8956000,71.3348000,-9.8290000,-23.6760000,7.5500000,0.000000,0,0,0
31.800,-0.5922000,-0.6358000,9.6457000,56.3431000,64.6362000,71.2662000,-9.6160000,-24.1320000,8.0310000,0.000000,0,0,0
31.810,-0.5754000,-0.6310000,9.6588000,56.4423000,64.2090000,70.9839000,-9.6890000,-24.0820000,7.8680000,0.000000,0,0,0
31.820,-0.5635000,-0.6263000,9.6648000,56.7551000,63.5452000,70.7474000,-9.6530000,-23.9740000,7.2850000,0.000000,0,0,0
31.830,-0.5288000,-0.6167000,9.6768000,57.2510000,62.9959000,70.6406000,-9.5750000,-23.9890000,7.2410000,0.000000,0,0,0
31.840,-0.4881000,-0.6035000,9.6816000,57.7393000,62.7441000,70.4346000,-9.6310000,-23.8660000,7.3890000,0.000000,0,0,0
31.850,-0.4713000,-0.5892000,9.6828000,58.0444000,62.4771000,70.0226000,-9.5850000,-23.8700000,7.0010000,0.000000,0,0,0
31.860,-0.4773000,-0.5856000,9.6792000,58.1512000,62.0728000,69.5190000,-9.5090000,-23.9230000,7.7990000,0.000000,0,0,0
31.870,-0.4845000,-0.6023000,9.6708000,58.1665000,61.9125000,68.9926000,-9.3570000,-24.1380000,7.9690000,0.000000,0,0,0
31.880,-0.5000000,-0.6370000,9.6612000,58.1970000,62.4313000,68.3746000,-9.1570000,-24.0010000,7.8160000,0.000000,0,0,0
31.890,-0.5563000,-0.6861000,9.6552000,58.2809000,63.6749000,67.7185000,-9.7390000,-24.1320000,7.7050000,0.000000,0,0,0
31.900,-0.6352000,-0.7363000,9.6469000,58.3572000,64.9948000,67.2913000,-9.5860000,-23.9710000,7.3300000,0.000000,0,0,0
31.910,-0.6998000,-0.7698000,9.6445000,58.3878000,66.2842000,67.2226000,-9.2790000,-24.0010000,7.5460000,0.000000,0,0,0
31.920,-0.7333000,-0.7782000,9.6433000,58.4183000,67.4438000,67.4591000,-9.3420000,-23.9130000,7.6380000,0.000000,0,0,0
31.930,-0.7393000,-0.7543000,9.6493000,58.5022000,68.3136000,67.9092000,-9.2580000,-23.9440000,7.7180000,0.000000,0,0,0
31.940,-0.7285000,-0.6968000,9.6493000,58.6777000,68.6264000,68.5043000,-9.4700000,-23.9770000,7.7200000,0.000000,0,0,0
31.950,-0.7094000,-0.6286000,9.6361000,58.8837000,68.1152000,69.1910000,-9.3730000,-23.8950000,7.5550000,0.000000,0,0,0
31.960,-0.6843000,-0.5796000,9.6170000,58.9447000,66.7953000,69.7479000,-9.1690000,-24.0270000,7.5200000,0.000000,0,0,0
31.970,-0.6592000,-0.5736000,9.6014000,58.8837000,65.0787000,69.9310000,-9.5790000,-24.0940000,8.0470000,0.000000,0,0,0
31.980,-0.6388000,-0.6119000,9.5895000,58.8455000,63.3316000,69.6259000,-9.4870000,-24.0430000,7.5540000,0.000000,0,0,0
31.990,-0.6233000,-0.6729000,9.5787000,58.8989000,61.9812000,68.8858000,-9.2460000,-24.0330000,7.7160000,0.000000,0,0,0
32.000,-0.6340000,-0.7244000,9.5560000,58.9447000,61.1572000,67.9398000,-9.7090000,-24.0220000,7.7830000,0.000000,0,0,0
32.010,-0.6735000,-0.7315000,9.5189000,58.7158000,60.5698000,67.0929000,-9.4490000,-23.7760000,7.4500000,0.000000,0,0,0
32.020,-0.7261000,-0.6873000,9.4722000,58.0139000,59.9060000,66.7419000,-9.5500000,-24.1860000,7.3300000,0.000000,0,0,0
32.030,-0.7573000,-0.6215000,9.4471000,56.7703000,59.2651000,67.0624000,-9.4420000,-23.9630000,7.4720000,0.000000,0,0,0
32.040,-0.7573000,-0.5808000,9.4638000,55.1758000,59.0439000,67.8711000,-9.4800000,-24.1320000,7.5870000,0.000000,0,0,0
32.050,-0.7441000,-0.5868000,9.5177000,53.6880000,59.1888000,68.7790000,-9.3290000,-24.0300000,7.4850000,0.000000,0,0,0
32.060,-0.7190000,-0.6334000,9.5990000,52.7039000,59.3719000,69.4580000,-9.3410000,-24.0630000,7.8520000,0.000000,0,0,0
32.070,-0.6903000,-0.7052000,9.6911000,52.4597000,59.6695000,69.7784000,-9.0560000,-24.0290000,7.8340000,0.000000,0,0,0
32.080,-0.6651000,-0.7782000,9.7569000,52.9861000,59.9899000,69.8090000,-9.4770000,-24.1350000,7.2610000,0.000000,0,0,0
32.090,-0.6292000,-0.8284000,9.7773000,54.0771000,60.3409000,69.7250000,-9.7180000,-23.8160000,6.7240000,0.000000,0,0,0
32.100,-0.5862000,-0.8428000,9.7545000,55.3818000,60.8292000,69.5801000,-9.5350000,-24.3730000,7.4360000,0.000000,0,0,0
32.110,-0.5527000,-0.8081000,9.7091000,56.4651000,61.2259000,69.3054000,-9.4610000,-24.0980000,7.0160000,0.000000,0,0,0
32.120,-0.5323000,-0.7303000,9.6636000,57.0984000,61.3937000,69.0002000,-9.2460000,-24.2330000,8.3020000,0.000000,0,0,0
32.130,-0.5168000,-0.6645000,9.6433000,57.2739000,61.7371000,68.8171000,-9.5520000,-24.1380000,8.1730000,0.000000,0,0,0
32.140,-0.5084000,-0.6681000,9.6564000,57.1671000,62.5229000,68.6493000,-9.4000000,-24.1660000,8.4030000,0.000000,0,0,0
32.150,-0.5072000,-0.7531000,9.7055000,57.1289000,63.5834000,68.2983000,-9.5230000,-24.4690000,8.3620000,0.000000,0,0,0
32.160,-0.5192000,-0.8799000,9.7605000,57.5256000,64.7049000,67.6498000,-9.3710000,-24.4380000,8.6120000,0.000000,0,0,0
32.170,-0.5539000,-0.9839000,9.7856000,58.4488000,65.6509000,66.8106000,-9.4690000,-24.2000000,7.5680000,0.000000,0,0,0
32.180,-0.6005000,-1.0210000,9.7665000,59.6695000,66.1163000,66.0706000,-9.0800000,-24.2610000,7.8590000,0.000000,0,0,0
32.190,-0.6281000,-0.9983000,9.7198000,60.7376000,66.2231000,65.6204000,-9.2660000,-24.3770000,7.5870000,0.000000,0,0,0
32.200,-0.6448000,-0.9493000,9.6672000,61.3327000,66.3528000,65.5441000,-9.1860000,-24.5260000,7.4650000,0.000000,0,0,0
32.210,-0.6496000,-0.8906000,9.6325000,61.4395000,66.6809000,65.8569000,-9.3610000,-24.1190000,7.0440000,0.000000,0,0,0
32.220,-0.6436000,-0.8440000,9.6265000,61.2717000,67.0242000,66.4520000,-9.6080000,-24.2820000,7.4080000,0.000000,0,0,0
32.230,-0.6304000,-0.8224000,9.6409000,61.0428000,67.1005000,67.0013000,-9.4550000,-24.1060000,7.1110000,0.000000,0,0,0
32.240,-0.6125000,-0.8165000,9.6648000,60.8978000,66.6809000,67.2760000,-9.6360000,-23.8420000,6.9120000,0.000000,0,0,0
32.250,-0.5969000,-0.8201000,9.6875000,60.9055000,65.9714000,67.1463000,-9.4060000,-24.0720000,7.6840000,0.000000,0,0,0
32.260,-0.5898000,-0.8356000,9.6828000,61.0657000,65.2008000,66.7267000,-9.5490000,-23.9050000,7.1420000,0.000000,0,0,0
32.270,-0.5958000,-0.8619000,9.6445000,61.2411000,64.3387000,66.2155000,-9.6970000,-23.9970000,7.9870000,0.000000,0,0,0
32.280,-0.6185000,-0.8918000,9.5966000,61.3098000,63.5071000,65.8340000,-9.5120000,-24.2350000,8.0520000,0.000000,0,0,0
32.290,-0.6592000,-0.9110000,9.5583000,61.1877000,62.7747000,65.7196000,-9.6520000,-23.9370000,7.7700000,0.000000,0,0,0
32.300,-0.7058000,-0.9014000,9.5368000,60.9589000,61.9583000,66.0019000,-9.3930000,-24.1020000,8.3790000,0.000000,0,0,0
32.310,-0.7309000,-0.8679000,9.5284000,60.7147000,60.9512000,66.6428000,-9.6330000,-24.2350000,7.8590000,0.000000,0,0,0
32.320,-0.7285000,-0.8380000,9.5284000,60.4630000,59.8450000,67.3981000,-9.4590000,-24.1240000,7.7320000,0.000000,0,0,0
32.330,-0.6938000,-0.8452000,9.5488000,60.0052000,58.3878000,68.1839000,-9.6840000,-23.8970000,8.7430000,0.000000,0,0,0
32.340,-0.6723000,-0.8703000,9.5643000,59.7229000,57.7698000,68.3823000,-9.5800000,-23.9660000,8.1980000,0.000000,0,0,0
32.350,-0.6580000,-0.8894000,9.5703000,59.4788000,57.5256000,68.4128000,-9.8240000,-24.3390000,7.7680000,0.000000,0,0,0
32.360,-0.6400000,-0.8930000,9.5691000,59.1736000,57.6477000,68.3975000,-9.4840000,-24.1430000,8.2170000,0.000000,0,0,0
32.370,-0.6221000,-0.8799000,9.5631000,58.7692000,58.0673000,68.3899000,-9.7720000,-24.1430000,8.0670000,0.000000,0,0,0
32.380,-0.6101000,-0.8571000,9.5607000,58.3038000,58.5709000,68.4052000,-9.5390000,-24.5570000,8.2370000,0.000000,0,0,0
32.390,-0.6005000,-0.8272000,9.5715000,57.9910000,58.9447000,68.5043000,-9.6330000,-24.4430000,7.6580000,0.000000,0,0,0
32.400,-0.5934000,-0.7878000,9.5906000,58.0139000,59.2346000,68.8782000,-9.1900000,-24.3500000,7.6030000,0.000000,0,0,0
32.410,-0.5802000,-0.7555000,9.6062000,58.2275000,59.5856000,69.5190000,-9.4920000,-24.2000000,7.2690000,0.000000,0,0,0
32.420,-0.5539000,-0.7567000,9.6182000,58.3344000,60.1425000,70.1675000,-9.2920000,-24.5600000,7.9800000,0.000000,0,0,0
32.430,-0.5335000,-0.7901000,9.6301000,58.2047000,60.9360000,70.6253000,-9.5520000,-24.3260000,7.2660000,0.000000,0,0,0
32.440,-0.5312000,-0.8344000,9.6397000,57.8995000,61.7523000,70.8389000,-9.3080000,-24.1600000,7.6060000,0.000000,0,0,0
32.450,-0.5371000,-0.8787000,9.6552000,57.5409000,62.3245000,70.7550000,-9.4930000,-24.5330000,7.4440000,0.000000,0,0,0
32.460,-0.5383000,-0.9110000,9.6840000,57.3502000,62.6984000,70.4498000,-9.4590000,-24.3330000,7.2130000,0.000000,0,0,0
32.470,-0.5347000,-0.9217000,9.7270000,57.5790000,63.0646000,69.9692000,-9.4360000,-24.2530000,7.4650000,0.000000,0,0,0
32.480,-0.5371000,-0.9086000,9.7737000,58.2962000,63.5757000,69.4275000,-9.0490000,-24.4470000,7.5510000,0.000000,0,0,0
32.490,-0.5383000,-0.8811000,9.8156000,59.3414000,64.1251000,68.9926000,-9.4230000,-23.8650000,7.4190000,0.000000,0,0,0
32.500,-0.5395000,-0.8452000,9.8479000,60.4630000,64.3387000,68.7180000,-9.3430000,-23.8070000,7.5790000,0.000000,0,0,0
32.510,-0.5407000,-0.8069000,9.8610000,61.5082000,63.9877000,68.6417000,-9.5490000,-24.1640000,8.4920000,0.000000,0,0,0
32.520,-0.5479000,-0.7830000,9.8323000,62.3322000,62.9730000,68.7943000,-9.2610000,-24.0770000,8.2270000,0.000000,0,0,0
32.530,-0.5359000,-0.7818000,9.7761000,62.8586000,61.5540000,69.0460000,-9.1720000,-24.5050000,7.7030000,0.000000,0,0,0
32.540,-0.5072000,-0.7985000,9.7127000,63.0951000,60.4782000,69.1833000,-9.6830000,-24.2770000,8.1300000,0.000000,0,0,0
32.550,-0.4893000,-0.8260000,9.6517000,62.9883000,60.1959000,69.0765000,-9.2850000,-24.5260000,7.5600000,0.000000,0,0,0
32.560,-0.4953000,-0.8559000,9.6098000,62.5916000,60.6537000,68.7866000,-8.9410000,-24.2740000,8.2880000,0.000000,0,0,0
32.570,-0.5180000,-0.8859000,9.5895000,62.1643000,61.5463000,68.4509000,-9.1360000,-24.1310000,7.1500000,0.000000,0,0,0
32.580,-0.5300000,-0.9038000,9.5930000,61.9507000,62.5381000,68.1458000,-9.5290000,-24.0800000,7.5370000,0.000000,0,0,0
32.590,-0.5371000,-0.8978000,9.6026000,61.9812000,63.4689000,67.9092000,-9.3810000,-23.9960000,7.6950000,0.000000,0,0,0
32.600,-0.5491000,-0.8775000,9.6098000,62.1414000,64.1327000,67.8101000,-9.3150000,-24.2820000,7.6750000,0.000000,0,0,0
32.610,-0.5694000,-0.8691000,9.6146000,62.3550000,64.4760000,67.9016000,-9.0260000,-24.0710000,7.9830000,0.000000,0,0,0
32.620,-0.5958000,-0.8751000,9.6146000,62.6450000,64.4913000,68.1229000,-9.2360000,-23.9360000,8.0740000,0.000000,0,0,0
32.630,-0.6185000,-0.8894000,9.5966000,63.0035000,64.2090000,68.3441000,-9.1100000,-23.8530000,7.7810000,0.000000,0,0,0
32.640,-0.6269000,-0.9062000,9.5727000,63.4003000,63.6826000,68.3975000,-9.3680000,-23.8390000,8.3650000,0.000000,0,0,0
32.650,-0.6149000,-0.9098000,9.5572000,63.8428000,63.1561000,68.1076000,-9.6750000,-24.2990000,7.8570000,0.000000,0,0,0
32.660,-0.6017000,-0.8847000,9.5488000,64.2548000,62.8204000,67.4896000,-9.4410000,-24.2430000,7.4840000,0.000000,0,0,0
32.670,-0.5969000,-0.8404000,9.5524000,64.4836000,62.7823000,66.8259000,-9.3500000,-24.3110000,8.2830000,0.000000,0,0,0
32.680,-0.6029000,-0.8057000,9.5667000,64.5218000,63.2935000,66.5436000,-9.4500000,-24.0080000,7.5100000,0.000000,0,0,0
32.690,-0.6125000,-0.7782000,9.5918000,64.4302000,64.3616000,66.8335000,-9.2040000,-24.2630000,8.2800000,0.000000,0,0,0
32.700,-0.6197000,-0.7614000,9.6229000,64.3005000,65.5746000,67.5201000,-9.0010000,-24.0170000,7.5360000,0.000000,0,0,0
32.710,-0.6233000,-0.7507000,9.6600000,64.2929000,66.3757000,68.1915000,-9.3630000,-24.3010000,7.5600000,0.000000,0,0,0
32.720,-0.6245000,-0.7471000,9.7007000,64.5065000,66.4520000,68.6035000,-9.3410000,-24.1790000,7.2520000,0.000000,0,0,0
32.730,-0.6197000,-0.7519000,9.7414000,64.8727000,65.9256000,68.7180000,-9.2350000,-24.0290000,7.9610000,0.000000,0,0,0
32.740,-0.6173000,-0.7590000,9.7665000,65.2695000,65.1169000,68.5730000,-9.2920000,-23.9550000,7.2110000,0.000000,0,0,0
32.750,-0.6185000,-0.7638000,9.7725000,65.5899000,64.2929000,68.2373000,-9.0060000,-24.0580000,8.2880000,0.000000,0,0,0
32.760,-0.6257000,-0.7698000,9.7593000,65.7730000,63.5452000,67.7185000,-9.1620000,-23.8630000,8.3910000,0.000000,0,0,0
32.770,-0.6352000,-0.7794000,9.7306000,65.9103000,62.9654000,67.1844000,-9.0970000,-23.9190000,8.1540000,0.000000,0,0,0
32.780,-0.6412000,-0.7854000,9.6923000,66.2384000,62.7823000,66.8793000,-9.0980000,-23.9270000,8.4550000,0.000000,0,0,0
32.790,-0.6352000,-0.7794000,9.6493000,66.7343000,63.1332000,66.9250000,-9.2680000,-23.8470000,7.6890000,0.000000,0,0,0
32.800,-0.6197000,-0.7423000,9.6038000,67.1997000,63.9572000,67.3218000,-9.3130000,-23.6550000,7.9390000,0.000000,0,0,0
32.810,-0.5850000,-0.6717000,9.5655000,67.3218000,65.0024000,67.9245000,-9.0380000,-23.8380000,8.4600000,0.000000,0,0,0
32.820,-0.5395000,-0.6011000,9.5488000,66.8564000,65.9714000,68.5730000,-8.9740000,-23.6160000,8.3100000,0.000000,0,0,0
32.830,-0.5108000,-0.5557000,9.5655000,65.8951000,66.4749000,69.1681000,-9.5120000,-23.6740000,8.0430000,0.000000,0,0,0
32.840,-0.5096000,-0.5521000,9.6134000,64.8575000,66.3452000,69.5648000,-9.0230000,-23.6080000,8.8050000,0.000000,0,0,0
32.850,-0.5216000,-0.5772000,9.6792000,64.1785000,65.5899000,69.5343000,-9.0950000,-24.0180000,8.4670000,0.000000,0,0,0
32.860,-0.5575000,-0.6239000,9.7713000,64.2776000,63.4842000,68.3060000,-9.1220000,-23.4330000,8.6550000,0.000000,0,0,0
32.870,-0.6113000,-0.6298000,9.8012000,65.0711000,61.4777000,66.8640000,-8.9360000,-23.5060000,8.3320000,0.000000,0,0,0
32.880,-0.6568000,-0.6310000,9.8036000,66.2231000,59.4025000,65.7578000,-9.0220000,-23.8360000,8.7930000,0.000000,0,0,0
32.890,-0.6903000,-0.6011000,9.7809000,67.2302000,57.7087000,65.8417000,-8.9960000,-23.4360000,8.6490000,0.000000,0,0,0
32.900,-0.6771000,-0.5784000,9.7533000,67.6346000,56.7856000,67.0547000,-9.0200000,-23.8410000,8.1760000,0.000000,0,0,0
32.910,-0.6364000,-0.5664000,9.7282000,67.4744000,56.9611000,68.8019000,-8.8120000,-23.7260000,8.3940000,0.000000,0,0,0
32.920,-0.5981000,-0.5712000,9.7127000,67.3065000,58.0826000,70.3430000,-8.8820000,-23.1560000,8.8240000,0.000000,0,0,0
32.930,-0.5718000,-0.5784000,9.7330000,68.5501000,60.2264000,71.9070000,-9.0590000,-23.2050000,8.9420000,0.000000,0,0,0
32.940,-0.5670000,-0.5389000,9.7354000,71.2967000,62.9044000,73.6084000,-8.7750000,-23.1290000,8.8830000,0.000000,0,0,0
32.950,-0.5599000,-0.4707000,9.6971000,74.3713000,64.9414000,75.2563000,-8.9220000,-23.2110000,8.5940000,0.000000,0,0,0
32.960,-0.5479000,-0.4049000,9.6301000,76.3855000,65.9637000,76.4999000,-8.6820000,-23.0560000,8.5760000,0.000000,0,0,0
32.970,-0.5407000,-0.3523000,9.5607000,76.8661000,66.0248000,77.1942000,-8.7030000,-22.6530000,8.6640000,0.000000,0,0,0
32.980,-0.5335000,-0.3296000,9.5021000,75.7599000,65.1855000,77.1332000,-9.0960000,-22.9530000,9.1870000,0.000000,0,0,0
32.990,-0.5395000,-0.3104000,9.4615000,73.7305000,63.6444000,76.3931000,-8.7460000,-22.9560000,9.3960000,0.000000,0,0,0
33.000,-0.5467000,-0.2734000,9.4196000,71.2738000,61.5082000,75.0275000,-8.8020000,-23.0040000,8.5130000,0.000000,0,0,0
33.010,-0.5312000,-0.2411000,9.3825000,68.3746000,59.3414000,73.2727000,-9.0170000,-22.7810000,8.5860000,0.000000,0,0,0
33.020,-0.5024000,-0.2135000,9.3586000,64.8727000,57.7621000,71.4493000,-8.6440000,-23.2480000,8.8340000,0.000000,0,0,0
33.030,-0.4809000,-0.2064000,9.3574000,60.9055000,56.6025000,69.3283000,-9.1080000,-23.0600000,8.8740000,0.000000,0,0,0
33.040,-0.5108000,-0.2662000,9.4016000,57.3120000,55.2444000,66.6885000,-9.0480000,-23.0860000,8.9520000,0.000000,0,0,0
33.050,-0.5563000,-0.3882000,9.5464000,55.2673000,53.9551000,64.1251000,-8.7400000,-23.2290000,8.3280000,0.000000,0,0,0
33.060,-0.6101000,-0.5150000,9.7031000,55.1758000,54.4052000,63.1104000,-8.8520000,-23.1260000,8.8680000,0.000000,0,0,0
33.070,-0.6412000,-0.5676000,9.7952000,56.5262000,55.7404000,63.7665000,-8.9640000,-23.0950000,8.9010000,0.000000,0,0,0
33.080,-0.6424000,-0.5581000,9.8024000,58.1360000,57.0526000,65.2542000,-8.9370000,-23.3910000,8.3870000,0.000000,0,0,0
33.090,-0.6209000,-0.5473000,9.7713000,59.2422000,58.1360000,66.8793000,-9.0530000,-23.3350000,8.8870000,0.000000,0,0,0
33.100,-0.5946000,-0.5425000,9.7414000,59.8526000,59.4101000,68.1839000,-9.1190000,-23.1360000,8.5930000,0.000000,0,0,0
33.110,-0.5778000,-0.5365000,9.7163000,60.3485000,60.9360000,68.8477000,-8.9750000,-23.3440000,8.4100000,0.000000,0,0,0
33.120,-0.5969000,-0.4815000,9.6804000,60.9436000,62.2101000,68.8629000,-8.5940000,-23.4570000,8.7420000,0.000000,0,0,0
33.130,-0.6460000,-0.3810000,9.6433000,61.5997000,62.7975000,68.7790000,-9.0040000,-23.2580000,8.3570000,0.000000,0,0,0
33.140,-0.7190000,-0.2865000,9.6265000,61.9583000,62.6221000,69.6182000,-8.7390000,-23.1560000,8.1140000,0.000000,0,0,0
33.150,-0.7704000,-0.2363000,9.6624000,61.9049000,61.6455000,72.1359000,-8.8240000,-22.9830000,8.8250000,0.000000,0,0,0
33.160,-0.7644000,-0.2267000,9.7833000,62.9120000,60.9055000,76.5839000,-8.1820000,-22.9130000,9.5150000,0.000000,0,0,0
33.170,-0.6962000,-0.2590000,9.9244000,65.9485000,60.8521000,81.9550000,-8.5260000,-22.7410000,8.9380000,0.000000,0,0,0
33.180,-0.5790000,-0.3224000,10.0357000,70.8694000,60.8292000,86.7004000,-8.2980000,-22.3970000,8.6100000,0.000000,0,0,0
33.190,-0.4402000,-0.3858000,10.0799000,76.4847000,60.3256000,89.6683000,-8.0980000,-22.2760000,8.9260000,0.000000,0,0,0
33.200,-0.3266000,-0.4277000,10.0369000,81.4285000,59.0057000,90.4694000,-8.3480000,-22.2610000,9.1230000,0.000000,0,0,0
33.210,-0.2680000,-0.4492000,9.9005000,84.5490000,56.8466000,89.3021000,-8.2520000,-22.2440000,9.3170000,0.000000,0,0,0
33.220,-0.2608000,-0.4420000,9.6935000,85.1440000,54.4510000,86.5097000,-8.4640000,-22.2470000,9.7560000,0.000000,0,0,0
33.230,-0.2835000,-0.4121000,9.4543000,83.2748000,52.6810000,82.7255000,-8.2980000,-22.1460000,9.8120000,0.000000,0,0,0
33.240,-0.3086000,-0.3583000,9.2198000,79.2923000,52.6199000,78.4531000,-8.4710000,-22.2910000,9.9710000,0.000000,0,0,0
33.250,-0.3397000,-0.2710000,9.0667000,73.3871000,54.5044000,73.9822000,-7.9960000,-22.1290000,9.3750000,0.000000,0,0,0
33.260,-0.3708000,-0.2303000,9.0559000,66.6656000,58.2809000,70.2744000,-8.2680000,-22.3890000,10.1170000,0.000000,0,0,0
33.270,-0.4103000,-0.2207000,9.1660000,60.5850000,62.8586000,67.9703000,-8.4280000,-22.5200000,9.5790000,0.000000,0,0,0
33.280,-0.4259000,-0.2291000,9.3478000,56.1295000,66.4291000,66.7191000,-8.1360000,-22.2420000,8.9860000,0.000000,0,0,0
33.290,-0.4175000,-0.2422000,9.5320000,53.7643000,67.8329000,65.9027000,-8.0740000,-22.2590000,9.9940000,0.000000,0,0,0
33.300,-0.4043000,-0.2494000,9.6720000,53.4439000,67.1768000,65.2771000,-8.2900000,-22.1800000,9.3880000,0.000000,0,0,0
33.310,-0.4043000,-0.2626000,9.7438000,54.5959000,65.5518000,64.9490000,-8.2710000,-22.5140000,9.4580000,0.000000,0,0,0
33.320,-0.4091000,-0.2925000,9.7581000,56.3889000,64.1861000,64.9948000,-8.2720000,-22.4790000,9.6710000,0.000000,0,0,0
33.330,-0.4199000,-0.3045000,9.7521000,58.1360000,63.6749000,65.1321000,-8.2280000,-22.7150000,9.2120000,0.000000,0,0,0
33.340,-0.4139000,-0.3116000,9.7498000,59.5016000,63.9267000,64.9948000,-8.4680000,-22.4820000,9.7390000,0.000000,0,0,0
33.350,-0.4187000,-0.2722000,9.7354000,60.2951000,64.1785000,64.2090000,-8.4330000,-22.3240000,9.5390000,0.000000,0,0,0
33.360,-0.4139000,-0.2111000,9.7210000,60.4706000,64.0335000,62.9272000,-8.4940000,-22.6230000,9.7410000,0.000000,0,0,0
33.370,-0.4283000,-0.1573000,9.7246000,60.1044000,63.8046000,61.9125000,-8.3110000,-22.3380000,9.8050000,0.000000,0,0,0
33.380,-0.4677000,-0.1166000,9.7486000,59.5474000,63.5147000,61.7676000,-8.4970000,-22.3950000,9.4900000,0.000000,0,0,0
33.390,-0.5048000,-0.1047000,9.7833000,59.2499000,63.1561000,62.6068000,-8.5330000,-22.4240000,9.3280000,0.000000,0,0,0
33.400,-0.5264000,-0.1130000,9.8203000,59.5398000,62.7670000,63.9191000,-8.2330000,-22.4680000,9.6380000,0.000000,0,0,0
33.410,-0.5359000,-0.1418000,9.8419000,60.3714000,62.4847000,65.1321000,-8.2330000,-22.5410000,8.8280000,0.000000,0,0,0
33.420,-0.5192000,-0.2016000,9.8156000,61.6608000,62.2177000,65.8951000,-8.0050000,-22.2830000,9.5250000,0.000000,0,0,0
33.430,-0.4989000,-0.2267000,9.7677000,61.8362000,62.3169000,65.4373000,-8.3460000,-22.5460000,9.3160000,0.000000,0,0,0
33.440,-0.4869000,-0.2327000,9.7163000,61.2640000,62.7747000,64.4302000,-8.5360000,-22.6080000,9.6440000,0.000000,0,0,0
33.450,-0.4869000,-0.2231000,9.6816000,59.9899000,63.4613000,63.2248000,-8.6970000,-22.7050000,9.5120000,0.000000,0,0,0
33.460,-0.4953000,-0.1848000,9.6660000,58.4259000,64.2014000,62.1490000,-8.3920000,-22.7430000,9.5370000,0.000000,0,0,0
33.470,-0.4929000,-0.1370000,9.6648000,57.0068000,64.6973000,61.3861000,-8.6270000,-22.7130000,9.2370000,0.000000,0,0,0
33.480,-0.4797000,-0.1023000,9.6720000,56.1676000,65.0482000,61.1191000,-8.4280000,-23.0020000,8.9930000,0.000000,0,0,0
33.490,-0.4701000,-0.0927000,9.6636000,56.1752000,65.4221000,61.4471000,-8.4200000,-22.4400000,9.4110000,0.000000,0,0,0
33.500,-0.4558000,-0.1011000,9.6253000,56.8008000,65.8417000,62.1262000,-8.4880000,-22.4870000,9.5780000,0.000000,0,0,0
33.510,-0.4343000,-0.1226000,9.5703000,57.5485000,66.3376000,62.9196000,-8.5460000,-22.9270000,9.3110000,0.000000,0,0,0
33.520,-0.4163000,-0.1370000,9.5045000,58.1665000,66.8945000,63.7207000,-8.2850000,-22.8880000,9.0360000,0.000000,0,0,0
33.530,-0.3984000,-0.1406000,9.4507000,58.7387000,67.5049000,64.5218000,-8.5020000,-22.4870000,9.4480000,0.000000,0,0,0
33.540,-0.3816000,-0.1370000,9.4220000,59.4330000,68.2220000,65.3534000,-8.7160000,-22.5650000,9.1850000,0.000000,0,0,0
33.550,-0.3720000,-0.1382000,9.4100000,60.2341000,68.8171000,66.1621000,-8.4800000,-22.6090000,9.7800000,0.000000,0,0,0
33.560,-0.3625000,-0.1501000,9.3945000,60.7605000,68.8705000,66.6275000,-8.5650000,-22.9670000,8.8110000,0.000000,0,0,0
33.570,-0.3601000,-0.1717000,9.3753000,60.6689000,68.2602000,66.5359000,-8.3710000,-22.5270000,8.8930000,0.000000,0,0,0
33.580,-0.3816000,-0.2088000,9.3681000,60.1273000,67.4515000,66.0172000,-8.2990000,-22.7720000,9.4510000,0.000000,0,0,0
33.590,-0.4223000,-0.2674000,9.3873000,59.4330000,66.9556000,65.3458000,-8.3120000,-22.7490000,8.9370000,0.000000,0,0,0
33.600,-0.4761000,-0.3391000,9.4339000,58.7463000,66.8793000,64.6362000,-8.3390000,-22.9060000,8.8950000,0.000000,0,0,0
33.610,-0.5264000,-0.4145000,9.5009000,58.2657000,67.0700000,63.8428000,-8.4890000,-22.5960000,8.4080000,0.000000,0,0,0
33.620,-0.5670000,-0.4504000,9.5787000,58.1970000,67.2989000,62.8586000,-8.3080000,-22.3850000,9.0270000,0.000000,0,0,0
33.630,-0.5934000,-0.4432000,9.6505000,58.5632000,67.3599000,61.7294000,-8.3800000,-22.7960000,9.4040000,0.000000,0,0,0
33.640,-0.6101000,-0.3942000,9.7055000,59.2346000,67.0624000,60.6842000,-8.4500000,-22.5790000,9.3910000,0.000000,0,0,0
33.650,-0.6221000,-0.3272000,9.7378000,60.0128000,66.3528000,60.0433000,-8.6530000,-22.6970000,9.5610000,0.000000,0,0,0
33.660,-0.6221000,-0.2446000,9.7414000,60.6232000,65.3305000,59.8679000,-8.4120000,-22.7560000,10.0400000,0.000000,0,0,0
33.670,-0.6101000,-0.1824000,9.7127000,60.5850000,63.9343000,59.8526000,-8.3640000,-22.9090000,10.3510000,0.000000,0,0,0
33.680,-0.5993000,-0.1358000,9.6696000,59.8907000,62.5763000,60.0891000,-8.4770000,-22.8000000,10.2250000,0.000000,0,0,0
33.690,-0.5766000,-0.1023000,9.6301000,58.7997000,61.6760000,60.5698000,-8.6360000,-22.9240000,9.7200000,0.000000,0,0,0
33.700,-0.5443000,-0.0855000,9.6074000,57.6859000,61.2640000,60.9665000,-8.3490000,-22.9020000,10.1550000,0.000000,0,0,0
33.710,-0.5096000,-0.0987000,9.6074000,56.8695000,61.2106000,60.9283000,-8.5960000,-22.6540000,9.6670000,0.000000,0,0,0
33.720,-0.4881000,-0.1382000,9.6277000,56.4880000,61.3098000,60.4095000,-8.6030000,-22.8470000,9.2930000,0.000000,0,0,0
33.730,-0.4833000,-0.1765000,9.6433000,56.4499000,61.3708000,59.7000000,-8.8560000,-23.0580000,9.7150000,0.000000,0,0,0
33.740,-0.4773000,-0.2028000,9.6541000,56.5796000,61.5005000,59.2422000,-8.6050000,-23.0140000,10.0690000,0.000000,0,0,0
33.750,-0.4666000,-0.2195000,9.6744000,56.7780000,62.0651000,59.4559000,-8.7070000,-23.0380000,9.9670000,0.000000,0,0,0
33.760,-0.4630000,-0.2363000,9.7198000,57.0755000,63.1714000,60.4248000,-8.7040000,-23.1430000,9.5660000,0.000000,0,0,0
33.770,-0.4570000,-0.2662000,9.7737000,57.4646000,64.0869000,61.7676000,-8.7860000,-22.9520000,9.2830000,0.000000,0,0,0
33.780,-0.4211000,-0.3009000,9.8299000,57.8842000,64.2471000,62.9883000,-8.6750000,-22.9630000,9.2790000,0.000000,0,0,0
33.790,-0.3852000,-0.3176000,9.8718000,58.2962000,63.7283000,63.8733000,-9.0150000,-23.0880000,9.3250000,0.000000,0,0,0
33.800,-0.3876000,-0.2662000,9.9077000,58.2199000,61.9049000,64.8804000,-9.0170000,-23.1760000,8.7330000,0.000000,0,0,0
33.810,-0.3481000,-0.1501000,9.9818000,56.8848000,58.3344000,67.0319000,-9.0920000,-23.0580000,8.5720000,0.000000,0,0,0
33.820,-0.2524000,-0.0257000,10.0572000,55.2368000,54.8782000,70.3506000,-8.9150000,-22.9730000,9.0870000,0.000000,0,0,0
33.830,-0.1519000,0.0401000,10.1182000,54.2984000,52.3224000,73.7381000,-9.0950000,-23.3060000,9.1960000,0.000000,0,0,0
33.840,-0.0622000,0.0030000,10.1457000,54.3442000,51.4450000,75.9888000,-8.9460000,-23.0840000,9.2340000,0.000000,0,0,0
33.850,-0.0167000,-0.1358000,10.0991000,55.5649000,52.6962000,76.2329000,-8.9100000,-23.2050000,9.4070000,0.000000,0,0,0
33.860,-0.0419000,-0.3691000,9.9531000,57.9376000,56.2973000,74.0051000,-8.9170000,-22.9970000,9.3510000,0.000000,0,0,0
33.870,-0.1675000,-0.5987000,9.7342000,60.7147000,61.5082000,69.6564000,-9.0560000,-23.1080000,9.7750000,0.000000,0,0,0
33.880,-0.4020000,-0.7184000,9.5057000,62.6678000,67.2913000,64.7659000,-9.0340000,-22.8980000,9.5740000,0.000000,0,0,0
33.890,-0.6855000,-0.7267000,9.3430000,62.9959000,71.9910000,61.7218000,-8.5710000,-23.3690000,9.6730000,0.000000,0,0,0
33.900,-0.9092000,-0.6454000,9.3143000,61.9812000,74.4476000,61.5768000,-8.5440000,-22.8380000,9.6910000,0.000000,0,0,0
33.910,-1.0133000,-0.5234000,9.3729000,60.5545000,74.3103000,63.4689000,-8.5650000,-23.0250000,9.2170000,0.000000,0,0,0
33.920,-1.0324000,-0.4109000,9.4662000,59.5703000,72.0291000,65.8340000,-8.5740000,-23.2500000,9.4280000,0.000000,0,0,0
33.930,-1.0228000,-0.3559000,9.5536000,59.5474000,68.8400000,67.6651000,-8.7270000,-23.2170000,9.1310000,0.000000,0,0,0
33.940,-1.0049000,-0.3547000,9.5978000,60.3027000,66.1316000,68.6951000,-8.7140000,-23.3040000,9.0010000,0.000000,0,0,0
33.950,-0.9654000,-0.3583000,9.6110000,61.2335000,64.7964000,68.9926000,-8.6790000,-23.2180000,8.9280000,0.000000,0,0,0
33.960,-0.9020000,-0.3380000,9.6134000,61.8439000,64.8346000,68.8324000,-8.8490000,-23.3400000,9.1650000,0.000000,0,0,0
33.970,-0.8015000,-0.2889000,9.6170000,62.1414000,65.6586000,68.4662000,-8.8180000,-22.8980000,9.1780000,0.000000,0,0,0
33.980,-0.6759000,-0.2291000,9.6229000,62.3398000,66.6199000,67.9398000,-8.4550000,-22.8280000,8.8790000,0.000000,0,0,0
33.990,-0.5204000,-0.2147000,9.6433000,62.8128000,66.9022000,66.5283000,-8.9460000,-23.1190000,8.9940000,0.000000,0,0,0
34.000,-0.4642000,-0.2375000,9.6708000,63.3926000,65.8340000,64.8575000,-8.7680000,-22.8840000,9.6400000,0.000000,0,0,0
34.010,-0.4486000,-0.2327000,9.6684000,64.1022000,64.4073000,63.2019000,-8.9140000,-22.8440000,9.0080000,0.000000,0,0,0
34.020,-0.4689000,-0.1980000,9.6218000,64.4913000,63.3240000,62.4313000,-8.7760000,-22.9340000,8.5610000,0.000000,0,0,0
34.030,-0.4953000,-0.1788000,9.5631000,63.9648000,63.0035000,62.9425000,-8.6660000,-22.8170000,8.6000000,0.000000,0,0,0
34.040,-0.5144000,-0.1920000,9.5332000,62.4695000,63.3469000,64.4302000,-8.9020000,-22.6800000,8.2200000,0.000000,0,0,0
34.050,-0.5132000,-0.2363000,9.5583000,60.6766000,63.9648000,66.0019000,-8.7170000,-22.7970000,8.2490000,0.000000,0,0,0
34.060,-0.5000000,-0.2985000,9.6349000,59.4788000,64.5065000,66.8869000,-8.7160000,-23.0540000,8.6890000,0.000000,0,0,0
34.070,-0.4977000,-0.3499000,9.7234000,59.2957000,64.6591000,66.8564000,-8.9280000,-23.0800000,8.9310000,0.000000,0,0,0
34.080,-0.5144000,-0.3643000,9.7856000,59.9136000,64.3082000,66.2689000,-8.8850000,-23.1890000,8.3880000,0.000000,0,0,0
34.090,-0.5347000,-0.3391000,9.8084000,60.8215000,63.6673000,65.6815000,-9.1310000,-23.1110000,8.8550000,0.000000,0,0,0
34.100,-0.5503000,-0.3009000,9.8036000,61.4777000,63.2172000,65.5441000,-8.6700000,-22.9650000,9.1340000,0.000000,0,0,0
34.110,-0.5646000,-0.2698000,9.7821000,61.6379000,62.9959000,65.9256000,-8.7600000,-22.8470000,8.6040000,0.000000,0,0,0
34.120,-0.5706000,-0.2482000,9.7545000,61.4777000,62.7060000,66.5588000,-8.6120000,-23.3100000,8.4700000,0.000000,0,0,0
34.130,-0.5754000,-0.2339000,9.7282000,61.0046000,61.9431000,67.1616000,-8.7910000,-22.8340000,9.0000000,0.000000,0,0,0
34.140,-0.5658000,-0.2375000,9.7115000,60.2722000,60.8673000,67.6498000,-8.7300000,-22.9460000,9.5280000,0.000000,0,0,0
34.150,-0.5599000,-0.2494000,9.6804000,59.9213000,60.4858000,68.1152000,-8.8260000,-23.0860000,9.4480000,0.000000,0,0,0
34.160,-0.5539000,-0.2626000,9.6397000,60.0281000,60.9665000,68.4509000,-8.8020000,-23.0470000,9.3200000,0.000000,0,0,0
34.170,-0.5419000,-0.2734000,9.6062000,60.0967000,61.9431000,68.4586000,-8.8530000,-23.1490000,9.5560000,0.000000,0,0,0
34.180,-0.5407000,-0.2781000,9.5883000,60.0586000,63.0264000,68.0923000,-8.7850000,-23.1230000,8.7020000,0.000000,0,0,0
34.190,-0.5563000,-0.2829000,9.5871000,60.1883000,63.9267000,67.5583000,-8.5950000,-22.8170000,8.7020000,0.000000,0,0,0
34.200,-0.5802000,-0.2817000,9.5906000,60.5240000,64.3311000,67.0166000,-8.9020000,-22.9180000,8.6860000,0.000000,0,0,0
34.210,-0.6089000,-0.2781000,9.5847000,60.8063000,64.1327000,66.5970000,-8.7120000,-23.2080000,8.2690000,0.000000,0,0,0
34.220,-0.6352000,-0.2841000,9.5763000,60.8368000,63.4842000,66.3757000,-8.9630000,-22.8410000,8.2270000,0.000000,0,0,0
34.230,-0.6520000,-0.2973000,9.5595000,60.6689000,63.1409000,66.3147000,-9.0450000,-22.5640000,8.2300000,0.000000,0,0,0
34.240,-0.6711000,-0.3057000,9.5440000,60.4019000,63.3087000,66.3147000,-8.8410000,-22.8410000,9.1660000,0.000000,0,0,0
34.250,-0.6867000,-0.3057000,9.5655000,60.0586000,63.6673000,66.3681000,-8.7210000,-22.8070000,9.0920000,0.000000,0,0,0
34.260,-0.6950000,-0.2865000,9.6229000,59.7992000,63.8199000,66.5283000,-8.9380000,-22.9760000,8.8980000,0.000000,0,0,0
34.270,-0.6927000,-0.2626000,9.6983000,59.8755000,63.3850000,66.7877000,-8.9820000,-22.6590000,9.1550000,0.000000,0,0,0
34.280,-0.6759000,-0.2470000,9.7533000,60.3409000,62.3932000,67.0090000,-8.8590000,-22.8960000,9.1160000,0.000000,0,0,0
34.290,-0.6412000,-0.2518000,9.7713000,61.1191000,61.4624000,66.9708000,-8.7780000,-22.9790000,8.9050000,0.000000,0,0,0
34.300,-0.6125000,-0.2734000,9.7533000,62.0117000,61.1649000,66.5894000,-8.7270000,-23.0450000,9.6630000,0.000000,0,0,0
34.310,-0.6053000,-0.2961000,9.7067000,62.7518000,61.3098000,66.0019000,-8.8740000,-22.8180000,9.1550000,0.000000,0,0,0
34.320,-0.6125000,-0.3057000,9.6517000,63.0188000,61.6302000,65.4984000,-8.7840000,-22.9870000,8.9670000,0.000000,0,0,0
34.330,-0.6233000,-0.3021000,9.6122000,62.7594000,61.9354000,65.3763000,-9.2900000,-22.7180000,8.8080000,0.000000,0,0,0
34.340,-0.6364000,-0.2997000,9.6002000,62.1338000,62.1262000,65.7272000,-8.8420000,-22.8930000,8.6420000,0.000000,0,0,0
34.350,-0.6460000,-0.3057000,9.6170000,61.5158000,62.1033000,66.3452000,-9.1490000,-22.6470000,8.7730000,0.000000,0,0,0
34.360,-0.6532000,-0.3188000,9.6493000,61.3098000,62.2864000,66.9327000,-8.6800000,-22.5730000,9.1430000,0.000000,0,0,0
34.370,-0.6687000,-0.3140000,9.6732000,61.5234000,62.6221000,67.4133000,-8.7110000,-22.5960000,9.4850000,0.000000,0,0,0
34.380,-0.6783000,-0.2877000,9.6995000,61.8286000,62.8052000,67.8177000,-8.9620000,-22.4740000,9.0380000,0.000000,0,0,0
34.390,-0.6795000,-0.2506000,9.7342000,61.9431000,62.5916000,68.1763000,-8.9190000,-22.7190000,9.4680000,0.000000,0,0,0
34.400,-0.6663000,-0.2111000,9.7641000,61.9202000,62.1262000,68.4967000,-8.7440000,-22.6590000,9.1150000,0.000000,0,0,0
34.410,-0.6484000,-0.1812000,9.7773000,61.9354000,61.6684000,68.7408000,-8.9940000,-22.9090000,9.0690000,0.000000,0,0,0
34.420,-0.6328000,-0.1729000,9.7713000,61.9812000,61.2488000,68.9011000,-8.8670000,-22.8320000,9.0780000,0.000000,0,0,0
34.430,-0.6209000,-0.1788000,9.7486000,62.0117000,60.8215000,69.0231000,-8.8980000,-22.7550000,8.6700000,0.000000,0,0,0
34.440,-0.6041000,-0.1908000,9.7139000,62.0804000,60.4630000,69.1452000,-8.9010000,-22.6930000,9.2650000,0.000000,0,0,0
34.450,-0.5850000,-0.2135000,9.6983000,62.2330000,60.1273000,69.2444000,-9.0820000,-22.8400000,8.7280000,0.000000,0,0,0
34.460,-0.5670000,-0.2363000,9.6935000,62.5076000,59.6695000,69.2520000,-8.7000000,-22.6580000,9.0420000,0.000000,0,0,0
34.470,-0.5455000,-0.2494000,9.6959000,62.9120000,59.0820000,69.1299000,-8.6350000,-22.6780000,9.0580000,0.000000,0,0,0
34.480,-0.5216000,-0.2363000,9.6732000,63.3316000,58.8913000,68.9087000,-8.6920000,-22.9370000,9.4180000,0.000000,0,0,0
34.490,-0.5096000,-0.1992000,9.6182000,63.4995000,59.4101000,68.6874000,-8.6660000,-22.7740000,9.3690000,0.000000,0,0,0
34.500,-0.5084000,-0.1645000,9.5667000,63.1485000,60.5164000,68.5883000,-8.7580000,-22.5060000,9.2270000,0.000000,0,0,0
34.510,-0.5192000,-0.1513000,9.5368000,62.2559000,61.7676000,68.6111000,-8.8780000,-22.4900000,8.8500000,0.000000,0,0,0
34.520,-0.5264000,-0.1585000,9.5392000,61.2869000,62.7060000,68.6340000,-8.7080000,-22.6300000,9.2670000,0.000000,0,0,0
34.530,-0.5300000,-0.1788000,9.5631000,60.7224000,63.1027000,68.5654000,-8.8850000,-22.5340000,8.5330000,0.000000,0,0,0
34.540,-0.5312000,-0.1956000,9.5835000,60.6232000,62.7289000,68.4052000,-8.8610000,-22.7260000,9.3080000,0.000000,0,0,0
34.550,-0.5264000,-0.1992000,9.5966000,60.6537000,61.6150000,68.2373000,-8.9580000,-22.5570000,9.7350000,0.000000,0,0,0
34.560,-0.5084000,-0.1992000,9.6098000,60.3867000,59.5627000,68.1152000,-8.9920000,-22.5260000,9.5410000,0.000000,0,0,0
34.570,-0.4929000,-0.1992000,9.6194000,60.1273000,58.6090000,68.0771000,-8.8520000,-22.8250000,9.7540000,0.000000,0,0,0
34.580,-0.4773000,-0.2016000,9.6397000,60.0586000,58.2047000,67.9398000,-8.9670000,-23.1130000,9.7210000,0.000000,0,0,0
34.590,-0.4642000,-0.2088000,9.6588000,60.2646000,58.3420000,67.7109000,-8.8790000,-22.6200000,9.6790000,0.000000,0,0,0
34.600,-0.4582000,-0.2111000,9.6564000,60.6079000,58.8226000,67.4057000,-8.9300000,-22.7880000,9.3000000,0.000000,0,0,0
34.610,-0.4498000,-0.2004000,9.6313000,60.7376000,59.4254000,67.0166000,-8.9610000,-22.8040000,9.3540000,0.000000,0,0,0
34.620,-0.4283000,-0.1884000,9.5966000,60.4401000,60.3104000,66.6504000,-8.8860000,-22.4700000,9.1340000,0.000000,0,0,0
34.630,-0.4079000,-0.1944000,9.5847000,59.8221000,61.2717000,66.4139000,-8.7870000,-22.9470000,8.5470000,0.000000,0,0,0
34.640,-0.3828000,-0.2099000,9.6098000,59.1888000,61.8668000,66.2231000,-8.8720000,-22.8010000,9.4540000,0.000000,0,0,0
34.650,-0.3780000,-0.2351000,9.6493000,58.8379000,61.9354000,65.9485000,-8.8170000,-22.9470000,9.5380000,0.000000,0,0,0
34.660,-0.4199000,-0.2698000,9.6684000,58.7616000,61.6302000,65.6204000,-8.7700000,-22.7340000,8.9970000,0.000000,0,0,0
34.670,-0.4809000,-0.2949000,9.6588000,58.7006000,61.3174000,65.4831000,-8.7500000,-22.7870000,8.8520000,0.000000,0,0,0
34.680,-0.5204000,-0.2973000,9.6385000,58.4183000,61.4243000,65.6815000,-8.6080000,-22.7300000,8.3610000,0.000000,0,0,0
34.690,-0.5312000,-0.2805000,9.6301000,58.0673000,61.9659000,66.1697000,-8.9600000,-22.9110000,9.1660000,0.000000,0,0,0
34.700,-0.5132000,-0.2650000,9.6373000,57.9605000,62.5610000,66.6504000,-9.1700000,-22.9570000,8.9940000,0.000000,0,0,0
34.710,-0.4797000,-0.2494000,9.6385000,58.1894000,62.8281000,66.8335000,-8.8650000,-22.6290000,9.4030000,0.000000,0,0,0
34.720,-0.4486000,-0.2303000,9.6277000,58.5098000,62.6755000,66.6885000,-9.0370000,-22.9600000,8.8010000,0.000000,0,0,0
34.730,-0.4319000,-0.2219000,9.6170000,58.6929000,62.3627000,66.4062000,-8.7290000,-22.7080000,9.5130000,0.000000,0,0,0
34.740,-0.4343000,-0.2303000,9.6110000,58.7234000,62.2482000,66.1240000,-8.5150000,-22.9090000,9.0280000,0.000000,0,0,0
34.750,-0.4486000,-0.2482000,9.6182000,58.7234000,62.5534000,65.8951000,-8.8350000,-22.9650000,9.1330000,0.000000,0,0,0
34.760,-0.4689000,-0.2626000,9.6253000,58.7769000,63.2858000,65.7120000,-8.9460000,-22.9760000,8.9640000,0.000000,0,0,0
34.770,-0.4857000,-0.2674000,9.6170000,58.8226000,64.1327000,65.5975000,-8.7550000,-23.0220000,9.7610000,0.000000,0,0,0
34.780,-0.4869000,-0.2602000,9.6002000,58.7540000,64.8956000,65.5746000,-8.7470000,-23.3950000,9.6710000,0.000000,0,0,0
34.790,-0.4773000,-0.2482000,9.5966000,58.5785000,65.4984000,65.6586000,-8.6170000,-23.2580000,9.4520000,0.000000,0,0,0
34.800,-0.4713000,-0.2482000,9.6110000,58.4030000,65.8646000,65.8035000,-8.7580000,-22.7800000,9.9000000,0.000000,0,0,0
34.810,-0.4666000,-0.2542000,9.6409000,58.3572000,65.8722000,65.9332000,-8.8470000,-23.1860000,9.0330000,0.000000,0,0,0
34.820,-0.4654000,-0.2542000,9.6804000,58.5480000,65.4907000,66.0019000,-8.9110000,-23.1930000,8.8010000,0.000000,0,0,0
34.830,-0.4701000,-0.2506000,9.7210000,58.9600000,64.8117000,66.0172000,-8.5200000,-22.9510000,9.2300000,0.000000,0,0,0
34.840,-0.4845000,-0.2530000,9.7545000,59.4635000,63.9801000,66.0095000,-8.9870000,-22.8220000,9.2850000,0.000000,0,0,0
34.850,-0.5084000,-0.2614000,9.7749000,59.9365000,63.1561000,66.0477000,-8.5410000,-23.0150000,9.2900000,0.000000,0,0,0
34.860,-0.5276000,-0.2662000,9.7809000,60.3638000,62.5458000,66.1316000,-8.7610000,-23.2280000,9.6140000,0.000000,0,0,0
34.870,-0.5431000,-0.2662000,9.7701000,60.6842000,62.2025000,66.2231000,-8.9140000,-22.8360000,9.7560000,0.000000,0,0,0
34.880,-0.5503000,-0.2602000,9.7498000,60.9283000,62.0346000,66.3071000,-8.9190000,-22.8840000,9.4200000,0.000000,0,0,0
34.890,-0.5491000,-0.2482000,9.7187000,61.1496000,61.9659000,66.3528000,-9.0660000,-22.9880000,8.7670000,0.000000,0,0,0
34.900,-0.5431000,-0.2411000,9.6899000,61.3098000,62.0117000,66.3986000,-8.9890000,-22.9260000,9.1120000,0.000000,0,0,0
34.910,-0.5407000,-0.2434000,9.6648000,61.3480000,62.1109000,66.5054000,-9.0520000,-23.1980000,9.3300000,0.000000,0,0,0
34.920,-0.5347000,-0.2434000,9.6481000,61.3098000,62.0880000,66.6809000,-9.0460000,-22.7970000,9.7150000,0.000000,0,0,0
34.930,-0.5204000,-0.2458000,9.6469000,61.3556000,61.8896000,66.8411000,-9.0220000,-22.7140000,8.9930000,0.000000,0,0,0
34.940,-0.5024000,-0.2482000,9.6505000,61.5463000,61.5005000,66.8411000,-8.9500000,-23.0590000,9.0600000,0.000000,0,0,0
34.950,-0.4857000,-0.2411000,9.6529000,61.7676000,60.9360000,66.6656000,-9.1750000,-22.9560000,8.7460000,0.000000,0,0,0
34.960,-0.4749000,-0.2315000,9.6493000,61.8286000,60.3714000,66.4291000,-8.8080000,-22.7450000,9.0940000,0.000000,0,0,0
34.970,-0.4737000,-0.2327000,9.6385000,61.6608000,59.9365000,66.2155000,-8.8390000,-22.7110000,9.6420000,0.000000,0,0,0
34.980,-0.4761000,-0.2375000,9.6241000,61.3022000,59.6313000,66.1011000,-9.0870000,-22.8950000,9.3510000,0.000000,0,0,0
34.990,-0.4785000,-0.2422000,9.6194000,60.7681000,59.4406000,66.1469000,-8.8470000,-22.7830000,9.2520000,0.000000,0,0,0
35.000,-0.4737000,-0.2446000,9.6194000,60.2188000,59.2957000,66.3681000,-9.1070000,-23.0150000,8.8750000,0.000000,0,0,0
35.010,-0.4534000,-0.2458000,9.6194000,59.8373000,59.2041000,66.6428000,-9.1870000,-23.0670000,9.8510000,0.000000,0,0,0
35.020,-0.4235000,-0.2470000,9.6170000,59.6771000,59.3414000,66.8488000,-8.7500000,-23.0450000,9.1070000,0.000000,0,0,0
35.030,-0.3936000,-0.2482000,9.6086000,59.6619000,59.7534000,66.9174000,-8.9790000,-22.8660000,8.9970000,0.000000,0,0,0
35.040,-0.3673000,-0.2530000,9.6098000,59.6313000,60.3256000,66.8793000,-8.8610000,-22.8760000,9.0330000,0.000000,0,0,0
35.050,-0.3529000,-0.2650000,9.6289000,59.5627000,60.8215000,66.7343000,-8.9900000,-22.8690000,9.2180000,0.000000,0,0,0
35.060,-0.3505000,-0.2710000,9.6564000,59.5551000,61.0580000,66.5283000,-8.9290000,-23.0030000,9.4850000,0.000000,0,0,0
35.070,-0.3577000,-0.2722000,9.6780000,59.6161000,60.9970000,66.2613000,-8.9900000,-22.9630000,8.9450000,0.000000,0,0,0
35.080,-0.3720000,-0.2722000,9.6911000,59.6924000,60.6918000,66.0248000,-9.3280000,-23.1360000,8.8950000,0.000000,0,0,0
35.090,-0.3912000,-0.2781000,9.7031000,59.7000000,60.2951000,65.9256000,-8.9670000,-22.9610000,8.7240000,0.000000,0,0,0
35.100,-0.4091000,-0.2877000,9.7198000,59.7305000,59.9060000,66.0248000,-8.9100000,-22.8820000,9.7210000,0.000000,0,0,0
35.110,-0.4151000,-0.2877000,9.7354000,59.8907000,59.6848000,66.2308000,-8.8880000,-22.9620000,9.4760000,0.000000,0,0,0
35.120,-0.4008000,-0.2698000,9.7581000,60.3333000,59.9594000,66.5207000,-8.7520000,-22.9470000,9.2870000,0.000000,0,0,0
35.130,-0.3912000,-0.2626000,9.7689000,60.6537000,60.6766000,66.6809000,-9.1970000,-22.7830000,9.2010000,0.000000,0,0,0
35.140,-0.3852000,-0.2566000,9.7689000,60.9512000,61.6913000,66.8106000,-9.0020000,-22.7950000,9.1070000,0.000000,0,0,0
35.150,-0.3792000,-0.2470000,9.7689000,61.2869000,62.7289000,66.8945000,-9.3730000,-22.7580000,8.9510000,0.000000,0,0,0
35.160,-0.3756000,-0.2363000,9.7677000,61.6760000,63.4918000,66.9022000,-9.3040000,-22.5380000,9.4270000,0.000000,0,0,0
35.170,-0.3780000,-0.2303000,9.7557000,62.0728000,63.7512000,66.8564000,-8.9390000,-22.8690000,9.6200000,0.000000,0,0,0
35.180,-0.3768000,-0.2291000,9.7330000,62.3932000,63.5681000,66.8259000,-9.4730000,-22.7070000,9.9360000,0.000000,0,0,0
35.190,-0.3768000,-0.2315000,9.7031000,62.5992000,63.1790000,66.8869000,-9.1070000,-22.6560000,9.4370000,0.000000,0,0,0
35.200,-0.3756000,-0.2387000,9.6732000,62.6068000,62.7365000,67.0395000,-8.9330000,-22.4670000,9.3230000,0.000000,0,0,0
35.210,-0.3732000,-0.2434000,9.6457000,62.4542000,62.4237000,67.2226000,-8.8210000,-22.9230000,9.2080000,0.000000,0,0,0
35.220,-0.3708000,-0.2422000,9.6206000,62.2177000,62.3169000,67.3676000,-8.8670000,-22.8180000,9.7910000,0.000000,0,0,0
35.230,-0.3732000,-0.2422000,9.6050000,61.8896000,62.4847000,67.4820000,-8.7780000,-22.9440000,8.9380000,0.000000,0,0,0
35.240,-0.3768000,-0.2530000,9.6002000,61.5463000,62.9272000,67.6117000,-8.8490000,-23.0800000,9.2120000,0.000000,0,0,0
35.250,-0.3816000,-0.2710000,9.6026000,61.3174000,63.4537000,67.7261000,-8.7190000,-22.8210000,10.1420000,0.000000,0,0,0
35.260,-0.3780000,-0.2829000,9.6014000,61.2564000,63.9496000,67.8024000,-8.9140000,-22.6130000,9.8360000,0.000000,0,0,0
35.270,-0.3708000,-0.2925000,9.5835000,61.3174000,64.3311000,67.8635000,-8.8300000,-22.7660000,9.4660000,0.000000,0,0,0
35.280,-0.3685000,-0.3021000,9.5488000,61.4014000,64.3768000,67.9474000,-8.7560000,-22.7490000,9.9960000,0.000000,0,0,0
35.290,-0.3637000,-0.3045000,9.5129000,61.4090000,64.0869000,68.0389000,-8.9470000,-22.8330000,9.7350000,0.000000,0,0,0
35.300,-0.3613000,-0.2973000,9.4890000,61.2488000,63.6215000,68.0771000,-8.9290000,-22.9810000,10.0670000,0.000000,0,0,0
35.310,-0.3553000,-0.2793000,9.4914000,60.9131000,63.1866000,68.0466000,-9.1110000,-22.5740000,9.7020000,0.000000,0,0,0
35.320,-0.3493000,-0.2614000,9.5165000,60.4782000,62.9501000,67.9169000,-8.7580000,-22.9960000,9.5640000,0.000000,0,0,0
35.330,-0.3541000,-0.2602000,9.5560000,60.0815000,62.8281000,67.7643000,-9.2370000,-22.6850000,9.4430000,0.000000,0,0,0
35.340,-0.3744000,-0.2769000,9.5978000,59.8526000,62.7213000,67.6422000,-9.1940000,-22.5640000,9.3550000,0.000000,0,0,0
35.350,-0.4020000,-0.2877000,9.6301000,59.8297000,62.4924000,67.5659000,-9.2070000,-22.3970000,9.5230000,0.000000,0,0,0
35.360,-0.4211000,-0.2865000,9.6493000,60.0433000,62.1338000,67.5125000,-8.8500000,-22.5130000,9.5810000,0.000000,0,0,0
35.370,-0.4343000,-0.2745000,9.6552000,60.4172000,61.8362000,67.4744000,-8.8280000,-22.6140000,9.6520000,0.000000,0,0,0
35.380,-0.4378000,-0.2518000,9.6517000,60.8063000,61.7294000,67.4286000,-8.8170000,-23.0190000,9.7730000,0.000000,0,0,0
35.390,-0.4271000,-0.2111000,9.6588000,61.0962000,61.8439000,67.3752000,-8.6230000,-23.0750000,9.8610000,0.000000,0,0,0
35.400,-0.4043000,-0.1621000,9.6840000,61.2717000,62.0956000,67.2455000,-8.7490000,-22.6560000,10.0480000,0.000000,0,0,0
35.410,-0.3780000,-0.1262000,9.7198000,61.4014000,62.4084000,67.0166000,-8.9720000,-22.5780000,10.1960000,0.000000,0,0,0
35.420,-0.3673000,-0.1142000,9.7545000,61.6531000,62.7060000,66.8564000,-8.7740000,-22.8250000,10.2990000,0.000000,0,0,0
35.430,-0.3601000,-0.1178000,9.7785000,62.8052000,63.2172000,67.0624000,-8.8490000,-22.6130000,10.1310000,0.000000,0,0,0
35.440,-0.3529000,-0.1310000,9.7569000,64.3539000,63.9191000,67.0853000,-8.9990000,-22.7990000,10.0630000,0.000000,0,0,0
35.450,-0.3708000,-0.1501000,9.7019000,65.1855000,64.4150000,66.8793000,-8.8150000,-22.9090000,9.4480000,0.000000,0,0,0
35.460,-0.4127000,-0.1669000,9.6313000,64.6133000,64.6057000,66.9022000,-8.5520000,-22.8460000,10.1980000,0.000000,0,0,0
35.470,-0.4390000,-0.1729000,9.5835000,63.0188000,64.5676000,67.2607000,-8.9700000,-22.9790000,10.6460000,0.000000,0,0,0
35.480,-0.4414000,-0.1753000,9.5847000,61.3785000,64.4302000,67.5888000,-8.8560000,-22.5190000,10.6840000,0.000000,0,0,0
35.490,-0.4343000,-0.1729000,9.6170000,60.3714000,64.1479000,67.6041000,-8.9230000,-22.6090000,10.2480000,0.000000,0,0,0
35.500,-0.4271000,-0.1669000,9.6552000,59.9976000,63.7360000,67.4210000,-8.7540000,-22.6400000,9.4090000,0.000000,0,0,0
35.510,-0.4259000,-0.1585000,9.6768000,59.8984000,63.3011000,67.2684000,-9.2210000,-22.7060000,10.2070000,0.000000,0,0,0
35.520,-0.4247000,-0.1537000,9.6887000,59.8297000,62.9196000,67.2302000,-9.0700000,-22.3670000,10.0990000,0.000000,0,0,0
35.530,-0.4175000,-0.1597000,9.7115000,59.8145000,62.7136000,67.2836000,-8.8420000,-22.6490000,9.8300000,0.000000,0,0,0
35.540,-0.4103000,-0.1765000,9.7426000,60.0204000,62.8281000,67.3676000,-8.9820000,-22.8470000,10.0790000,0.000000,0,0,0
35.550,-0.4079000,-0.2064000,9.7617000,60.4324000,63.1638000,67.4286000,-8.8780000,-23.0370000,9.1030000,0.000000,0,0,0
35.560,-0.4055000,-0.2327000,9.7617000,60.9360000,63.5986000,67.4362000,-8.9160000,-22.7950000,9.6290000,0.000000,0,0,0
35.570,-0.4031000,-0.2363000,9.7342000,61.3251000,63.9648000,67.3904000,-8.8060000,-22.7490000,9.8430000,0.000000,0,0,0
35.580,-0.3960000,-0.2219000,9.6983000,61.5158000,64.1174000,67.2760000,-8.8790000,-22.8660000,10.1370000,0.000000,0,0,0
35.590,-0.3972000,-0.2064000,9.6708000,61.5540000,64.0030000,67.1234000,-8.7450000,-22.4800000,9.9100000,0.000000,0,0,0
35.600,-0.4103000,-0.1944000,9.6529000,61.5005000,63.5071000,66.9632000,-8.8960000,-22.7670000,9.7870000,0.000000,0,0,0
35.610,-0.4283000,-0.1776000,9.6409000,61.3708000,62.7136000,66.8716000,-8.8910000,-22.6480000,10.4010000,0.000000,0,0,0
35.620,-0.4426000,-0.1633000,9.6361000,61.1877000,61.9965000,66.8564000,-8.6880000,-22.4580000,9.6430000,0.000000,0,0,0
35.630,-0.4522000,-0.1597000,9.6409000,60.9589000,61.6989000,66.9327000,-8.4910000,-22.6630000,10.2370000,0.000000,0,0,0
35.640,-0.4534000,-0.1621000,9.6541000,60.7224000,61.9507000,67.1158000,-8.4040000,-22.8060000,10.6400000,0.000000,0,0,0
35.650,-0.4402000,-0.1657000,9.6732000,60.6155000,62.6602000,67.3370000,-8.9790000,-22.9950000,10.3490000,0.000000,0,0,0
35.660,-0.4187000,-0.1645000,9.6923000,60.7300000,63.5681000,67.4896000,-8.7410000,-22.6050000,9.7760000,0.000000,0,0,0
35.670,-0.3996000,-0.1573000,9.7031000,61.0580000,64.3616000,67.5049000,-8.9480000,-22.7120000,10.2240000,0.000000,0,0,0
35.680,-0.3912000,-0.1394000,9.6792000,61.6074000,64.8193000,67.3065000,-8.6570000,-22.9660000,9.9060000,0.000000,0,0,0
35.690,-0.3984000,-0.1190000,9.6373000,61.7828000,64.5142000,67.1310000,-8.7020000,-22.8750000,10.2860000,0.000000,0,0,0
35.700,-0.4091000,-0.1059000,9.5966000,61.7218000,63.9420000,66.9479000,-8.7410000,-22.5110000,10.7930000,0.000000,0,0,0
35.710,-0.4247000,-0.1047000,9.5715000,61.4548000,63.3545000,66.8259000,-8.5530000,-22.3230000,10.4990000,0.000000,0,0,0
35.720,-0.4390000,-0.1095000,9.5619000,61.0275000,62.8967000,66.7877000,-8.8820000,-22.7040000,10.5430000,0.000000,0,0,0
35.730,-0.4426000,-0.1095000,9.5595000,60.5545000,62.5839000,66.8030000,-8.8920000,-22.5260000,10.2410000,0.000000,0,0,0
35.740,-0.4366000,-0.1119000,9.5607000,60.1425000,62.4466000,66.8030000,-8.5490000,-22.2550000,10.3230000,0.000000,0,0,0
35.750,-0.4331000,-0.1202000,9.5703000,59.8450000,62.4466000,66.7419000,-8.7050000,-22.5540000,10.2320000,0.000000,0,0,0
35.760,-0.4307000,-0.1370000,9.5871000,59.6237000,62.5153000,66.6580000,-8.6170000,-22.5750000,10.3090000,0.000000,0,0,0
35.770,-0.4295000,-0.1597000,9.6098000,59.4559000,62.5610000,66.6046000,-8.8420000,-22.5410000,10.0990000,0.000000,0,0,0
35.780,-0.4259000,-0.1788000,9.6313000,59.3872000,62.5076000,66.5665000,-8.7720000,-22.5140000,10.1950000,0.000000,0,0,0
35.790,-0.4211000,-0.1944000,9.6421000,59.5169000,62.4466000,66.4673000,-8.8890000,-22.5950000,10.2630000,0.000000,0,0,0
35.800,-0.4235000,-0.2076000,9.6409000,59.7534000,62.4390000,66.3071000,-8.5700000,-22.5130000,10.9300000,0.000000,0,0,0
35.810,-0.4319000,-0.2195000,9.6385000,59.9594000,62.4237000,66.1621000,-8.7190000,-22.5540000,10.9090000,0.000000,0,0,0
35.820,-0.4450000,-0.2255000,9.6457000,60.0662000,62.2711000,66.0782000,-8.9750000,-22.7960000,10.0360000,0.000000,0,0,0
35.830,-0.4570000,-0.2279000,9.6696000,60.1730000,61.9507000,66.0782000,-9.1090000,-22.5280000,10.0080000,0.000000,0,0,0
35.840,-0.4642000,-0.2231000,9.7043000,60.4019000,61.5234000,66.1316000,-8.9220000,-22.7210000,9.9090000,0.000000,0,0,0
35.850,-0.4642000,-0.2135000,9.7366000,60.7452000,61.0580000,66.1774000,-9.0450000,-22.6940000,10.4650000,0.000000,0,0,0
35.860,-0.4642000,-0.2076000,9.7617000,61.0504000,60.7452000,66.2613000,-9.0930000,-22.7080000,10.4210000,0.000000,0,0,0
35.870,-0.4570000,-0.2040000,9.7833000,61.3022000,60.6995000,66.4444000,-8.9470000,-22.5310000,10.0540000,0.000000,0,0,0
35.880,-0.4390000,-0.1980000,9.7928000,61.5768000,60.9512000,66.6351000,-9.0850000,-22.2810000,10.3850000,0.000000,0,0,0
35.890,-0.4151000,-0.1908000,9.7856000,61.9049000,61.4395000,66.7572000,-9.1040000,-22.4520000,10.3100000,0.000000,0,0,0
35.900,-0.3948000,-0.1836000,9.7533000,62.2177000,61.9888000,66.8106000,-9.3600000,-22.5440000,10.7720000,0.000000,0,0,0
35.910,-0.3756000,-0.1705000,9.6887000,62.4008000,62.3932000,66.8106000,-9.2240000,-22.0680000,10.2360000,0.000000,0,0,0
35.920,-0.3589000,-0.1573000,9.6146000,62.3093000,62.6297000,66.7572000,-8.9830000,-22.2580000,9.4380000,0.000000,0,0,0
35.930,-0.3517000,-0.1525000,9.5560000,61.9507000,62.7213000,66.7419000,-9.2090000,-22.4060000,9.8050000,0.000000,0,0,0
35.940,-0.3469000,-0.1442000,9.5189000,61.4548000,62.6373000,66.7725000,-9.0730000,-22.4990000,10.2070000,0.000000,0,0,0
35.950,-0.3457000,-0.1334000,9.4985000,60.9741000,62.4161000,66.8106000,-9.1820000,-22.6740000,9.9080000,0.000000,0,0,0
35.960,-0.3529000,-0.1310000,9.5009000,60.5469000,62.2101000,66.8564000,-9.1150000,-22.3750000,9.7490000,0.000000,0,0,0
35.970,-0.3673000,-0.1430000,9.5272000,60.1578000,62.1719000,66.9937000,-9.1230000,-22.6350000,10.1800000,0.000000,0,0,0
35.980,-0.3852000,-0.1621000,9.5667000,59.8755000,62.3398000,67.2302000,-9.1420000,-22.6550000,10.0710000,0.000000,0,0,0
35.990,-0.3960000,-0.1776000,9.6074000,59.8221000,62.6907000,67.4515000,-9.2790000,-22.5840000,9.9310000,0.000000,0,0,0
36.000,-0.4031000,-0.1824000,9.6385000,60.0281000,63.1561000,67.5964000,-8.9850000,-22.6050000,10.1400000,0.000000,0,0,0
36.010,-0.4103000,-0.1776000,9.6588000,60.3867000,63.6597000,67.6727000,-9.2360000,-22.8210000,10.2040000,0.000000,0,0,0
36.020,-0.4175000,-0.1645000,9.6708000,60.6918000,64.1785000,67.7490000,-8.9190000,-22.5820000,10.6120000,0.000000,0,0,0
36.030,-0.4223000,-0.1489000,9.6768000,60.8292000,64.7125000,67.8635000,-9.0730000,-22.5000000,10.3150000,0.000000,0,0,0
36.040,-0.4211000,-0.1370000,9.6756000,60.8063000,65.2466000,68.0084000,-8.9790000,-22.8660000,10.6440000,0.000000,0,0,0
36.050,-0.4091000,-0.1262000,9.6708000,60.6689000,65.5746000,68.0923000,-8.8930000,-22.5560000,9.1060000,0.000000,0,0,0
36.060,-0.3912000,-0.1107000,9.6600000,60.5011000,65.5670000,68.0542000,-8.7520000,-22.4860000,10.0190000,0.000000,0,0,0
36.070,-0.3744000,-0.0975000,9.6481000,60.3638000,65.1855000,67.8864000,-9.0210000,-22.4910000,9.9600000,0.000000,0,0,0
36.080,-0.3637000,-0.0999000,9.6421000,60.2112000,64.5370000,67.6270000,-8.8320000,-22.6090000,10.4140000,0.000000,0,0,0
36.090,-0.3649000,-0.1166000,9.6373000,60.0433000,63.7131000,67.3294000,-9.0160000,-22.2770000,10.2570000,0.000000,0,0,0
36.100,-0.3685000,-0.1334000,9.6277000,59.8679000,62.8204000,67.0319000,-8.7860000,-22.3900000,10.0810000,0.000000,0,0,0
36.110,-0.3732000,-0.1513000,9.6206000,59.6848000,62.1490000,66.7496000,-8.7990000,-22.4100000,10.0770000,0.000000,0,0,0
36.120,-0.3780000,-0.1741000,9.6253000,59.5169000,61.8515000,66.5436000,-9.0010000,-22.4270000,10.0870000,0.000000,0,0,0
36.130,-0.3816000,-0.1920000,9.6421000,59.4330000,61.8896000,66.4520000,-8.8940000,-22.1400000,10.7280000,0.000000,0,0,0
36.140,-0.3876000,-0.2004000,9.6696000,59.4482000,62.0804000,66.4520000,-9.0290000,-22.2610000,10.0440000,0.000000,0,0,0
36.150,-0.3912000,-0.2004000,9.7019000,59.6313000,62.2253000,66.5359000,-8.8970000,-22.3590000,10.6090000,0.000000,0,0,0
36.160,-0.3876000,-0.1884000,9.7210000,59.9976000,62.2330000,66.6275000,-8.5950000,-22.1270000,10.0310000,0.000000,0,0,0
36.170,-0.3768000,-0.1705000,9.7198000,60.3867000,62.1414000,66.6733000,-8.7580000,-22.6430000,10.5430000,0.000000,0,0,0
36.180,-0.3673000,-0.1657000,9.7067000,60.6232000,62.0346000,66.6962000,-8.6250000,-22.4230000,10.4730000,0.000000,0,0,0
36.190,-0.3577000,-0.1705000,9.6899000,60.6995000,61.9659000,66.7496000,-8.7810000,-22.6160000,10.3250000,0.000000,0,0,0
36.200,-0.3469000,-0.1788000,9.6780000,60.7224000,61.9659000,66.8030000,-9.0030000,-22.5660000,9.4180000,0.000000,0,0,0
36.210,-0.3433000,-0.1824000,9.6672000,60.7452000,61.9583000,66.8106000,-9.3200000,-22.4450000,9.3370000,0.000000,0,0,0
36.220,-0.3445000,-0.1824000,9.6564000,60.7758000,61.8896000,66.8106000,-8.9110000,-22.6970000,9.6920000,0.000000,0,0,0
36.230,-0.3529000,-0.1872000,9.6445000,60.8139000,61.8515000,66.8335000,-8.6690000,-22.5830000,9.0700000,0.000000,0,0,0
36.240,-0.3685000,-0.2016000,9.6457000,60.9207000,61.9049000,66.9250000,-8.9330000,-22.4950000,9.4160000,0.000000,0,0,0
36.250,-0.3780000,-0.2088000,9.6529000,61.1343000,62.0499000,67.1082000,-8.7550000,-22.7630000,9.6760000,0.000000,0,0,0
36.260,-0.3792000,-0.2016000,9.6541000,61.3861000,62.1719000,67.2607000,-8.6760000,-22.5750000,10.2450000,0.000000,0,0,0
36.270,-0.3792000,-0.1836000,9.6409000,61.5845000,62.3169000,67.4057000,-8.9380000,-22.5220000,9.5690000,0.000000,0,0,0
36.280,-0.3816000,-0.1669000,9.6206000,61.4700000,62.4237000,67.5201000,-9.1710000,-22.2890000,9.4900000,0.000000,0,0,0
36.290,-0.3816000,-0.1465000,9.6002000,61.0428000,62.5305000,67.6498000,-8.9610000,-22.7400000,9.8200000,0.000000,0,0,0
36.300,-0.3792000,-0.1322000,9.5918000,60.3409000,62.6221000,67.7567000,-9.1540000,-22.3720000,10.2030000,0.000000,0,0,0
36.310,-0.3792000,-0.1310000,9.5978000,59.6161000,62.6144000,67.8406000,-9.0090000,-22.2270000,9.4250000,0.000000,0,0,0
36.320,-0.3768000,-0.1358000,9.6170000,59.1354000,62.5381000,67.8482000,-9.0470000,-22.5960000,10.0830000,0.000000,0,0,0
36.330,-0.3685000,-0.1382000,9.6289000,58.9676000,62.4619000,67.7490000,-9.3450000,-22.6000000,9.3610000,0.000000,0,0,0
36.340,-0.3601000,-0.1406000,9.6325000,59.0057000,62.5305000,67.5583000,-9.0730000,-22.6520000,10.2560000,0.000000,0,0,0
36.350,-0.3601000,-0.1382000,9.6349000,59.0591000,62.8204000,67.3294000,-8.9450000,-22.2630000,9.8150000,0.000000,0,0,0
36.360,-0.3613000,-0.1298000,9.6361000,59.0363000,63.2782000,67.1310000,-8.9690000,-22.6250000,9.7280000,0.000000,0,0,0
36.370,-0.3589000,-0.1250000,9.6409000,58.9371000,63.8580000,66.9327000,-8.7920000,-22.3970000,10.1750000,0.000000,0,0,0
36.380,-0.3625000,-0.1310000,9.6576000,58.8608000,64.4684000,66.7114000,-9.0590000,-22.7370000,10.1840000,0.000000,0,0,0
36.390,-0.3804000,-0.1430000,9.6756000,58.9218000,64.9872000,66.5283000,-9.1590000,-22.6930000,9.7740000,0.000000,0,0,0
36.400,-0.4031000,-0.1585000,9.6911000,59.1125000,65.2771000,66.4139000,-9.1750000,-22.6020000,9.8480000,0.000000,0,0,0
36.410,-0.4271000,-0.1705000,9.6935000,59.3796000,65.2618000,66.3528000,-9.1020000,-22.4420000,9.5360000,0.000000,0,0,0
36.420,-0.4474000,-0.1812000,9.6840000,59.6161000,64.9261000,66.3376000,-8.8850000,-22.5770000,9.9280000,0.000000,0,0,0
36.430,-0.4642000,-0.1896000,9.6636000,59.8373000,64.2853000,66.3452000,-9.1800000,-22.7010000,9.9500000,0.000000,0,0,0
36.440,-0.4713000,-0.1896000,9.6373000,60.0281000,63.4842000,66.3681000,-9.2250000,-22.4440000,9.9430000,0.000000,0,0,0
36.450,-0.4677000,-0.1848000,9.6182000,60.1730000,62.7518000,66.3986000,-8.9230000,-22.2410000,9.8900000,0.000000,0,0,0
36.460,-0.4570000,-0.1765000,9.6074000,60.2875000,62.2559000,66.4291000,-8.8350000,-22.4620000,10.0060000,0.000000,0,0,0
36.470,-0.4426000,-0.1693000,9.6098000,60.3561000,62.0270000,66.4597000,-9.2320000,-22.3420000,9.9390000,0.000000,0,0,0
36.480,-0.4331000,-0.1657000,9.6229000,60.3409000,61.9736000,66.5131000,-9.1380000,-22.5000000,10.2060000,0.000000,0,0,0
36.490,-0.4235000,-0.1609000,9.6517000,60.2646000,61.9659000,66.5894000,-9.2900000,-22.2500000,10.5760000,0.000000,0,0,0
36.500,-0.4091000,-0.1537000,9.6864000,60.2341000,61.9965000,66.6809000,-9.4140000,-22.6410000,10.0460000,0.000000,0,0,0
36.510,-0.3948000,-0.1477000,9.7091000,60.2570000,62.0575000,66.7343000,-9.0860000,-22.3970000,10.2030000,0.000000,0,0,0
36.520,-0.3816000,-0.1442000,9.7163000,60.2951000,62.1262000,66.7419000,-9.3210000,-22.7340000,9.8250000,0.000000,0,0,0
36.530,-0.3685000,-0.1406000,9.7115000,60.3027000,62.2787000,66.7267000,-9.0280000,-22.5490000,10.0830000,0.000000,0,0,0
36.540,-0.3637000,-0.1358000,9.6971000,60.2570000,62.4695000,66.6962000,-9.1670000,-22.4780000,10.3250000,0.000000,0,0,0
36.550,-0.3601000,-0.1334000,9.6816000,60.1730000,62.6755000,66.6046000,-9.0900000,-22.2570000,10.9140000,0.000000,0,0,0
36.560,-0.3637000,-0.1358000,9.6720000,60.1196000,62.8738000,66.4749000,-9.2450000,-22.3120000,11.3630000,0.000000,0,0,0
36.570,-0.3744000,-0.1453000,9.6684000,60.1349000,62.9807000,66.3376000,-8.9190000,-22.4100000,10.7270000,0.000000,0,0,0
36.580,-0.3864000,-0.1597000,9.6732000,60.2112000,63.0341000,66.2308000,-9.0620000,-22.3450000,10.5670000,0.000000,0,0,0
36.590,-0.4008000,-0.1765000,9.6768000,60.2646000,63.0722000,66.1545000,-8.8690000,-22.5180000,10.7920000,0.000000,0,0,0
36.600,-0.4163000,-0.1836000,9.6720000,60.2417000,63.1104000,66.1392000,-8.7150000,-22.5210000,10.7970000,0.000000,0,0,0
36.610,-0.4223000,-0.1872000,9.6684000,60.2188000,63.0951000,66.2003000,-9.0190000,-22.2300000,10.4500000,0.000000,0,0,0
36.620,-0.4163000,-0.1920000,9.6684000,60.3027000,63.0951000,66.2994000,-8.8340000,-22.3820000,10.2660000,0.000000,0,0,0
36.630,-0.4043000,-0.1932000,9.6564000,60.4706000,63.0722000,66.3757000,-8.8620000,-22.4680000,11.0100000,0.000000,0,0,0
36.640,-0.3816000,-0.1776000,9.6349000,60.6155000,62.9959000,66.3681000,-9.0020000,-22.5640000,10.8490000,0.000000,0,0,0
36.650,-0.3577000,-0.1585000,9.6146000,60.6155000,62.9883000,66.2918000,-8.9110000,-22.5380000,10.1430000,0.000000,0,0,0
36.660,-0.3457000,-0.1465000,9.6050000,60.4630000,63.0188000,66.2384000,-9.2380000,-22.3780000,10.1250000,0.000000,0,0,0
36.670,-0.3397000,-0.1430000,9.6134000,60.2341000,63.0188000,66.2231000,-9.0720000,-22.4850000,10.0990000,0.000000,0,0,0
36.680,-0.3433000,-0.1477000,9.6337000,60.0204000,62.9654000,66.2155000,-8.8130000,-22.3960000,9.9960000,0.000000,0,0,0
36.690,-0.3601000,-0.1561000,9.6481000,59.8526000,62.7823000,66.2155000,-9.0960000,-22.3860000,10.2340000,0.000000,0,0,0
36.700,-0.3744000,-0.1657000,9.6517000,59.7229000,62.5305000,66.2537000,-9.0330000,-22.2510000,9.5140000,0.000000,0,0,0
36.710,-0.3888000,-0.1729000,9.6445000,59.6161000,62.3398000,66.3147000,-8.9740000,-22.5440000,10.0680000,0.000000,0,0,0
36.720,-0.4008000,-0.1765000,9.6301000,59.4864000,62.2787000,66.4062000,-9.1770000,-22.7700000,9.8410000,0.000000,0,0,0
36.730,-0.4067000,-0.1860000,9.6277000,59.3491000,62.4008000,66.5512000,-9.0860000,-22.4120000,9.6570000,0.000000,0,0,0
36.740,-0.4091000,-0.1968000,9.6337000,59.2880000,62.5992000,66.7114000,-8.9800000,-22.5070000,9.8500000,0.000000,0,0,0
36.750,-0.4067000,-0.2040000,9.6421000,59.3262000,62.7060000,66.8564000,-8.9390000,-22.2350000,10.2570000,0.000000,0,0,0
36.760,-0.3996000,-0.2111000,9.6517000,59.4635000,62.7136000,66.9327000,-9.0610000,-22.4590000,9.7120000,0.000000,0,0,0
36.770,-0.3960000,-0.2171000,9.6541000,59.6237000,62.6755000,66.9403000,-8.9130000,-22.4030000,9.8160000,0.000000,0,0,0
36.780,-0.3912000,-0.2195000,9.6588000,59.7916000,62.6678000,66.9250000,-8.8070000,-22.4130000,10.2930000,0.000000,0,0,0
36.790,-0.3864000,-0.2159000,9.6660000,59.9365000,62.7747000,66.8716000,-8.8210000,-22.4850000,10.9760000,0.000000,0,0,0
36.800,-0.3828000,-0.2040000,9.6720000,60.0281000,62.9044000,66.7801000,-9.1240000,-22.6440000,10.1960000,0.000000,0,0,0
36.810,-0.3816000,-0.1848000,9.6899000,60.0891000,62.9196000,66.6199000,-8.9130000,-22.6980000,10.2920000,0.000000,0,0,0
36.820,-0.3804000,-0.1788000,9.7019000,60.1654000,62.8128000,66.5512000,-9.0110000,-22.5160000,9.9960000,0.000000,0,0,0
36.830,-0.3780000,-0.1753000,9.7103000,60.2875000,62.6755000,66.5207000,-9.1230000,-22.3840000,10.1030000,0.000000,0,0,0
36.840,-0.3768000,-0.1729000,9.7115000,60.4172000,62.5763000,66.5436000,-9.2540000,-22.5020000,9.7860000,0.000000,0,0,0
36.850,-0.3768000,-0.1729000,9.6995000,60.4935000,62.4695000,66.6275000,-9.0220000,-22.2100000,10.3410000,0.000000,0,0,0
36.860,-0.3732000,-0.1788000,9.6828000,60.5011000,62.3779000,66.7496000,-8.8860000,-22.5930000,9.8680000,0.000000,0,0,0
36.870,-0.3685000,-0.1944000,9.6696000,60.4782000,62.4008000,66.8793000,-9.0710000,-22.7700000,9.4500000,0.000000,0,0,0
36.880,-0.3649000,-0.2123000,9.6588000,60.5164000,62.5153000,66.9632000,-9.1930000,-22.2820000,9.8510000,0.000000,0,0,0
36.890,-0.3613000,-0.2207000,9.6529000,60.6003000,62.6678000,66.9708000,-8.8620000,-22.1580000,9.9510000,0.000000,0,0,0
36.900,-0.3565000,-0.2183000,9.6493000,60.7071000,62.8128000,66.8564000,-9.0190000,-22.6330000,9.6900000,0.000000,0,0,0
36.910,-0.3577000,-0.2147000,9.6505000,60.7758000,62.9272000,66.6885000,-9.1570000,-22.6850000,9.3170000,0.000000,0,0,0
36.920,-0.3649000,-0.2123000,9.6564000,60.8139000,62.9654000,66.5207000,-9.0860000,-22.4770000,9.3950000,0.000000,0,0,0
36.930,-0.3708000,-0.2099000,9.6660000,60.8673000,62.9044000,66.3757000,-9.4420000,-22.2520000,10.0800000,0.000000,0,0,0
36.940,-0.3768000,-0.2123000,9.6780000,60.9894000,62.7975000,66.2994000,-9.2060000,-22.5600000,10.3060000,0.000000,0,0,0
36.950,-0.3816000,-0.2076000,9.6792000,61.1954000,62.5916000,66.3147000,-9.1920000,-22.3100000,10.1200000,0.000000,0,0,0
36.960,-0.3816000,-0.1992000,9.6732000,61.4090000,62.3398000,66.3910000,-9.1250000,-22.2850000,10.8930000,0.000000,0,0,0
36.970,-0.3816000,-0.1956000,9.6708000,61.5463000,62.1567000,66.5588000,-9.1480000,-22.2940000,10.3200000,0.000000,0,0,0
36.980,-0.3804000,-0.1956000,9.6720000,61.5921000,62.1338000,66.7648000,-9.2970000,-22.3150000,10.6560000,0.000000,0,0,0
36.990,-0.3720000,-0.1920000,9.6756000,61.5616000,62.2787000,66.9861000,-9.3020000,-22.7800000,10.2120000,0.000000,0,0,0
37.000,-0.3613000,-0.1848000,9.6816000,61.5311000,62.5839000,67.1310000,-9.2050000,-22.5090000,10.0280000,0.000000,0,0,0
37.010,-0.3565000,-0.1765000,9.6792000,61.5158000,62.9883000,67.1921000,-9.5770000,-22.3590000,9.9710000,0.000000,0,0,0
37.020,-0.3601000,-0.1753000,9.6780000,61.4853000,63.3698000,67.2226000,-9.3170000,-22.4350000,10.2740000,0.000000,0,0,0
37.030,-0.3720000,-0.1753000,9.6720000,61.4624000,63.6139000,67.2607000,-9.4160000,-22.5640000,10.4890000,0.000000,0,0,0
37.040,-0.3828000,-0.1776000,9.6660000,61.5082000,63.6673000,67.2989000,-9.1900000,-22.6310000,10.7850000,0.000000,0,0,0
37.050,-0.3888000,-0.1741000,9.6624000,61.7065000,63.6139000,67.3141000,-9.0200000,-22.3450000,10.8070000,0.000000,0,0,0
37.060,-0.3888000,-0.1633000,9.6636000,62.0499000,63.5223000,67.2760000,-9.1240000,-22.7590000,10.7440000,0.000000,0,0,0
37.070,-0.3876000,-0.1489000,9.6684000,62.4084000,63.4537000,67.1921000,-9.1350000,-22.4390000,10.9540000,0.000000,0,0,0
37.080,-0.3912000,-0.1346000,9.6804000,62.6297000,63.4537000,67.0929000,-9.3230000,-22.4850000,10.8130000,0.000000,0,0,0
37.090,-0.3960000,-0.1262000,9.6899000,62.6678000,63.5300000,67.0471000,-9.1440000,-22.1180000,10.6080000,0.000000,0,0,0
37.100,-0.4020000,-0.1214000,9.6995000,62.5687000,63.6444000,67.0090000,-9.2120000,-22.3080000,9.8390000,0.000000,0,0,0
37.110,-0.4031000,-0.1142000,9.7103000,62.4695000,63.8351000,66.9479000,-9.3110000,-22.4000000,9.8330000,0.000000,0,0,0
37.120,-0.4008000,-0.1083000,9.7151000,62.4847000,64.1708000,66.8411000,-9.2560000,-22.3170000,11.0440000,0.000000,0,0,0
37.130,-0.4020000,-0.1107000,9.7055000,62.6221000,64.4836000,66.7191000,-9.2570000,-22.1800000,10.0390000,0.000000,0,0,0
37.140,-0.4055000,-0.1178000,9.6816000,62.8967000,64.6896000,66.6199000,-8.9710000,-22.3890000,10.1450000,0.000000,0,0,0
37.150,-0.4067000,-0.1238000,9.6493000,63.2019000,64.7278000,66.5359000,-9.0440000,-22.1830000,10.5840000,0.000000,0,0,0
37.160,-0.4079000,-0.1286000,9.6170000,63.3926000,64.5981000,66.4444000,-9.3480000,-22.2080000,10.1250000,0.000000,0,0,0
37.170,-0.4115000,-0.1274000,9.5883000,63.3850000,64.3539000,66.3910000,-9.1660000,-22.0970000,10.2900000,0.000000,0,0,0
37.180,-0.4163000,-0.1250000,9.5679000,63.2248000,64.0106000,66.4062000,-9.5770000,-22.1920000,10.7660000,0.000000,0,0,0
37.190,-0.4187000,-0.1250000,9.5595000,62.9501000,63.6139000,66.4368000,-9.3210000,-21.7920000,10.6660000,0.000000,0,0,0
37.200,-0.4259000,-0.1322000,9.5631000,62.6526000,63.2706000,66.4825000,-9.3710000,-21.9720000,10.3660000,0.000000,0,0,0
37.210,-0.4378000,-0.1394000,9.5655000,62.3932000,62.9959000,66.5741000,-9.1070000,-21.9650000,10.3510000,0.000000,0,0,0
37.220,-0.4402000,-0.1406000,9.5703000,62.2406000,62.8052000,66.6962000,-9.2190000,-21.9480000,11.1620000,0.000000,0,0,0
37.230,-0.4378000,-0.1370000,9.5811000,62.1414000,62.8281000,66.8106000,-9.1300000,-21.5350000,10.6850000,0.000000,0,0,0
37.240,-0.4319000,-0.1286000,9.5966000,62.0422000,62.9883000,66.9174000,-8.9530000,-21.9760000,9.6750000,0.000000,0,0,0
37.250,-0.4199000,-0.1142000,9.6182000,61.9659000,63.1866000,66.9861000,-9.2680000,-22.2130000,9.8990000,0.000000,0,0,0
37.260,-0.4079000,-0.0951000,9.6361000,61.9202000,63.3087000,66.9861000,-9.4000000,-22.2530000,9.8200000,0.000000,0,0,0
37.270,-0.3984000,-0.0796000,9.6493000,61.8973000,63.2553000,66.9327000,-9.2470000,-22.2790000,10.0940000,0.000000,0,0,0
37.280,-0.3936000,-0.0688000,9.6541000,61.8286000,63.0798000,66.8488000,-9.5350000,-22.2230000,10.3800000,0.000000,0,0,0
37.290,-0.3948000,-0.0676000,9.6541000,61.6760000,62.8510000,66.7953000,-9.1890000,-21.8320000,10.7430000,0.000000,0,0,0
37.300,-0.3972000,-0.0736000,9.6552000,61.5158000,62.6526000,66.7801000,-9.3470000,-21.8470000,10.0650000,0.000000,0,0,0
37.310,-0.3960000,-0.0831000,9.6493000,61.4243000,62.4695000,66.7953000,-9.1340000,-21.8560000,10.8590000,0.000000,0,0,0
37.320,-0.3912000,-0.0891000,9.6349000,61.4090000,62.2787000,66.7877000,-9.0310000,-21.9610000,10.2060000,0.000000,0,0,0
37.330,-0.3840000,-0.0903000,9.6158000,61.3937000,62.0804000,66.7648000,-9.1660000,-21.4850000,10.7970000,0.000000,0,0,0
37.340,-0.3816000,-0.0903000,9.5990000,61.3022000,61.8668000,66.7648000,-9.2970000,-21.7250000,10.4430000,0.000000,0,0,0
37.350,-0.3780000,-0.0891000,9.5954000,61.0962000,61.7065000,66.7877000,-9.3660000,-21.4770000,10.4390000,0.000000,0,0,0
37.360,-0.3720000,-0.0891000,9.6134000,60.8673000,61.6760000,66.8182000,-9.0300000,-21.7010000,10.0300000,0.000000,0,0,0
37.370,-0.3685000,-0.0688000,9.6517000,60.6842000,61.7828000,66.7419000,-9.1900000,-21.8900000,10.2970000,0.000000,0,0,0
37.380,-0.3708000,-0.0389000,9.6660000,60.7300000,61.7599000,66.5512000,-8.7920000,-21.7710000,11.0790000,0.000000,0,0,0
37.390,-0.3768000,-0.0173000,9.6720000,60.8292000,61.6913000,66.2689000,-9.2280000,-21.6620000,10.5520000,0.000000,0,0,0
37.400,-0.3876000,-0.0185000,9.6636000,60.8749000,61.5005000,66.0400000,-9.0570000,-21.4830000,11.0620000,0.000000,0,0,0
37.410,-0.3924000,-0.0377000,9.6529000,60.8292000,61.2717000,65.9637000,-9.2170000,-21.8530000,10.7070000,0.000000,0,0,0
37.420,-0.3888000,-0.0520000,9.6421000,60.7376000,61.0657000,65.9561000,-9.0460000,-21.6960000,10.9900000,0.000000,0,0,0
37.430,-0.3888000,-0.0532000,9.6373000,60.6079000,60.7986000,65.9103000,-9.1160000,-21.9020000,10.6790000,0.000000,0,0,0
37.440,-0.4008000,-0.0461000,9.6385000,60.4401000,60.1654000,65.7349000,-9.2610000,-21.4660000,10.4130000,0.000000,0,0,0
37.450,-0.3864000,-0.0496000,9.6505000,60.2112000,58.6472000,65.3610000,-9.6890000,-22.0180000,10.5250000,0.000000,0,0,0
37.460,-0.3433000,-0.0748000,9.6696000,60.0586000,57.9758000,65.5212000,-9.3960000,-22.1690000,10.1700000,0.000000,0,0,0
37.470,-0.3098000,-0.0915000,9.6696000,60.0967000,58.2428000,65.8722000,-9.3470000,-21.7460000,10.3250000,0.000000,0,0,0
37.480,-0.2991000,-0.0891000,9.6720000,60.2570000,59.0897000,66.1545000,-9.4280000,-21.8200000,10.4780000,0.000000,0,0,0
37.490,-0.3098000,-0.0843000,9.6768000,60.3867000,60.1120000,66.5054000,-9.5490000,-21.6610000,10.7110000,0.000000,0,0,0
37.500,-0.3182000,-0.0772000,9.6780000,60.4630000,60.9436000,66.8488000,-8.9890000,-22.1280000,11.5810000,0.000000,0,0,0
37.510,-0.3242000,-0.0676000,9.6708000,60.5087000,61.5234000,67.0090000,-9.4730000,-21.7570000,11.1110000,0.000000,0,0,0
37.520,-0.3278000,-0.0544000,9.6564000,60.5469000,61.8362000,66.9785000,-9.2010000,-21.9370000,10.5430000,0.000000,0,0,0
37.530,-0.3314000,-0.0413000,9.6361000,60.5087000,61.9583000,66.8564000,-9.2100000,-21.6510000,10.9630000,0.000000,0,0,0
37.540,-0.3314000,-0.0281000,9.6170000,60.3561000,61.9202000,66.7953000,-9.4430000,-22.1660000,10.8190000,0.000000,0,0,0
37.550,-0.3338000,-0.0329000,9.6182000,60.0662000,61.9583000,66.8259000,-9.4190000,-22.2720000,11.1170000,0.000000,0,0,0
37.560,-0.3469000,-0.0520000,9.6361000,59.7305000,62.0422000,66.9632000,-9.4370000,-21.8870000,10.7510000,0.000000,0,0,0
37.570,-0.3517000,-0.0867000,9.6564000,59.5627000,62.0041000,67.1768000,-9.5740000,-21.9100000,10.8580000,0.000000,0,0,0
37.580,-0.3481000,-0.1095000,9.6684000,59.7839000,61.8515000,67.3370000,-9.3170000,-22.0550000,10.6880000,0.000000,0,0,0
37.590,-0.3409000,-0.1083000,9.6708000,60.2722000,61.6531000,67.3218000,-9.6980000,-22.0270000,10.3790000,0.000000,0,0,0
37.600,-0.3338000,-0.1035000,9.6732000,60.7300000,61.5005000,67.2302000,-9.6150000,-21.8070000,10.2280000,0.000000,0,0,0
37.610,-0.3302000,-0.0939000,9.6816000,61.0123000,61.4624000,67.1844000,-9.4290000,-22.0660000,10.5700000,0.000000,0,0,0
37.620,-0.3254000,-0.0784000,9.6887000,61.1420000,61.4777000,67.1616000,-9.4620000,-21.8760000,10.9930000,0.000000,0,0,0
37.630,-0.3182000,-0.0592000,9.6875000,61.2030000,61.5845000,67.1310000,-9.2600000,-21.5800000,10.3640000,0.000000,0,0,0
37.640,-0.3122000,-0.0508000,9.6792000,61.2411000,61.7981000,67.1082000,-9.3310000,-21.9020000,11.1130000,0.000000,0,0,0
37.650,-0.3098000,-0.0484000,9.6636000,61.2564000,62.0728000,67.1005000,-9.4260000,-21.8540000,10.6020000,0.000000,0,0,0
37.660,-0.3051000,-0.0508000,9.6457000,61.2030000,62.4161000,67.0853000,-9.1110000,-21.8470000,10.1870000,0.000000,0,0,0
37.670,-0.3051000,-0.0580000,9.6325000,61.0809000,62.8052000,67.0547000,-9.7240000,-21.9150000,10.7240000,0.000000,0,0,0
37.680,-0.3098000,-0.0592000,9.6194000,60.9131000,63.1104000,67.0242000,-9.4260000,-22.0560000,10.8820000,0.000000,0,0,0
37.690,-0.3146000,-0.0520000,9.6014000,60.7300000,63.2095000,66.9861000,-9.6250000,-21.8810000,10.7060000,0.000000,0,0,0
37.700,-0.3230000,-0.0413000,9.5847000,60.5240000,63.1714000,66.9327000,-9.4150000,-21.8220000,10.7030000,0.000000,0,0,0
37.710,-0.3314000,-0.0329000,9.5859000,60.3485000,63.0493000,66.9174000,-9.2880000,-22.2760000,10.2210000,0.000000,0,0,0
37.720,-0.3326000,-0.0317000,9.6062000,60.2646000,62.9044000,66.9327000,-9.3660000,-21.9310000,10.6790000,0.000000,0,0,0
37.730,-0.3254000,-0.0341000,9.6325000,60.3180000,62.7518000,66.9479000,-9.8270000,-21.7390000,10.7370000,0.000000,0,0,0
37.740,-0.3122000,-0.0329000,9.6541000,60.4858000,62.6144000,66.9403000,-9.5820000,-21.8310000,10.5260000,0.000000,0,0,0
37.750,-0.2991000,-0.0305000,9.6684000,60.6537000,62.5381000,66.9250000,-9.4700000,-22.0140000,10.2980000,0.000000,0,0,0
37.760,-0.2919000,-0.0353000,9.6768000,60.7376000,62.5610000,66.9403000,-9.5020000,-21.9220000,10.8030000,0.000000,0,0,0
37.770,-0.2895000,-0.0484000,9.6852000,60.7529000,62.6450000,66.9708000,-9.5570000,-21.8060000,10.4870000,0.000000,0,0,0
37.780,-0.2871000,-0.0628000,9.6899000,60.7452000,62.7975000,67.0090000,-9.4460000,-21.9460000,10.8790000,0.000000,0,0,0
37.790,-0.2847000,-0.0772000,9.6852000,60.7071000,62.9730000,67.0624000,-9.5450000,-21.5710000,9.9800000,0.000000,0,0,0
37.800,-0.2823000,-0.0867000,9.6744000,60.6842000,63.0951000,67.1158000,-9.4250000,-21.9110000,10.4160000,0.000000,0,0,0
37.810,-0.2823000,-0.0915000,9.6612000,60.7071000,63.1638000,67.1616000,-9.4710000,-21.7850000,9.9870000,0.000000,0,0,0
37.820,-0.2811000,-0.0796000,9.6457000,60.7452000,63.1561000,67.1692000,-9.3510000,-21.7710000,10.6830000,0.000000,0,0,0
37.830,-0.2775000,-0.0580000,9.6349000,60.6689000,63.2172000,67.1844000,-9.3290000,-21.4620000,10.4130000,0.000000,0,0,0
37.840,-0.2740000,-0.0473000,9.6373000,60.4095000,63.4766000,67.2684000,-9.2840000,-21.7400000,10.3230000,0.000000,0,0,0
37.850,-0.2728000,-0.0449000,9.6481000,60.0510000,63.7436000,67.4362000,-9.4500000,-21.6410000,10.3200000,0.000000,0,0,0
37.860,-0.2692000,-0.0473000,9.6600000,59.7153000,63.8809000,67.6270000,-9.2250000,-21.7820000,10.6150000,0.000000,0,0,0
37.870,-0.2680000,-0.0520000,9.6636000,59.5322000,63.8580000,67.7490000,-9.4390000,-21.9750000,10.3150000,0.000000,0,0,0
37.880,-0.2763000,-0.0568000,9.6576000,59.4864000,63.6902000,67.8024000,-9.4050000,-21.8480000,10.2680000,0.000000,0,0,0
37.890,-0.2931000,-0.0676000,9.6505000,59.4864000,63.4918000,67.8482000,-9.2770000,-21.6040000,10.1590000,0.000000,0,0,0
37.900,-0.3122000,-0.0819000,9.6457000,59.4940000,63.3011000,67.9321000,-9.3710000,-21.6550000,10.0140000,0.000000,0,0,0
37.910,-0.3278000,-0.0939000,9.6433000,59.5322000,63.1409000,68.0313000,-9.6350000,-21.4530000,10.3360000,0.000000,0,0,0
37.920,-0.3397000,-0.0975000,9.6385000,59.5932000,63.1409000,68.0847000,-9.2800000,-21.4920000,10.8350000,0.000000,0,0,0
37.930,-0.3469000,-0.0831000,9.6277000,59.6848000,63.2095000,68.1229000,-9.5420000,-21.6610000,9.9720000,0.000000,0,0,0
37.940,-0.3421000,-0.0640000,9.6206000,59.7534000,63.3163000,68.1686000,-9.4910000,-21.7170000,10.1680000,0.000000,0,0,0
37.950,-0.3302000,-0.0437000,9.6265000,59.7992000,63.3087000,68.1305000,-9.4820000,-21.9040000,10.1480000,0.000000,0,0,0
37.960,-0.3242000,-0.0257000,9.6564000,59.8450000,62.8510000,67.9016000,-9.5460000,-21.9170000,10.3650000,0.000000,0,0,0
37.970,-0.3266000,-0.0293000,9.6816000,59.9060000,62.3932000,67.7795000,-9.3360000,-21.6840000,10.0120000,0.000000,0,0,0
37.980,-0.3254000,-0.0353000,9.7007000,60.0510000,61.9965000,67.7261000,-9.6290000,-21.9710000,10.3050000,0.000000,0,0,0
37.990,-0.3230000,-0.0329000,9.7055000,60.2798000,61.7981000,67.6346000,-9.3690000,-21.7970000,10.5060000,0.000000,0,0,0
38.000,-0.3170000,-0.0209000,9.7007000,60.5240000,61.7676000,67.4438000,-9.3910000,-22.0140000,10.2890000,0.000000,0,0,0
38.010,-0.3134000,-0.0138000,9.6935000,60.7147000,61.9583000,67.1921000,-9.1610000,-21.5380000,10.4850000,0.000000,0,0,0
38.020,-0.3158000,-0.0233000,9.6875000,60.8292000,62.2864000,66.9632000,-9.2780000,-22.0000000,10.7020000,0.000000,0,0,0
38.030,-0.3194000,-0.0389000,9.6816000,60.8978000,62.6221000,66.7953000,-9.2780000,-21.7770000,10.4520000,0.000000,0,0,0
38.040,-0.3230000,-0.0556000,9.6684000,60.9436000,62.8510000,66.6962000,-9.5180000,-21.7010000,10.3520000,0.000000,0,0,0
38.050,-0.3218000,-0.0712000,9.6529000,60.9665000,63.0188000,66.6809000,-9.6540000,-21.6730000,10.2300000,0.000000,0,0,0
38.060,-0.3242000,-0.0879000,9.6385000,60.9512000,63.1866000,66.7419000,-9.5780000,-21.6610000,10.1450000,0.000000,0,0,0
38.070,-0.3230000,-0.0963000,9.6241000,60.9360000,63.3392000,66.8869000,-9.4740000,-21.9170000,10.9630000,0.000000,0,0,0
38.080,-0.3158000,-0.0999000,9.6146000,60.9818000,63.5223000,67.0166000,-9.1080000,-21.8650000,11.0850000,0.000000,0,0,0
38.090,-0.3098000,-0.0987000,9.6110000,61.1115000,63.7817000,67.0929000,-9.6210000,-21.7840000,10.9540000,0.000000,0,0,0
38.100,-0.3027000,-0.0927000,9.6110000,61.2793000,64.0717000,67.0853000,-9.4680000,-21.7310000,10.9480000,0.000000,0,0,0
38.110,-0.2991000,-0.0807000,9.6134000,61.4014000,64.3005000,67.0013000,-9.1890000,-21.6810000,10.9160000,0.000000,0,0,0
38.120,-0.2979000,-0.0676000,9.6158000,61.4471000,64.3768000,66.8488000,-9.2140000,-21.9720000,11.1090000,0.000000,0,0,0
38.130,-0.2991000,-0.0520000,9.6206000,61.3937000,64.3005000,66.6656000,-9.6380000,-21.9380000,11.3890000,0.000000,0,0,0
38.140,-0.3051000,-0.0413000,9.6313000,61.2488000,64.0793000,66.5588000,-9.5240000,-22.2270000,10.9110000,0.000000,0,0,0
38.150,-0.3158000,-0.0365000,9.6505000,60.9970000,63.8199000,66.5588000,-9.2230000,-21.9810000,11.3610000,0.000000,0,0,0
38.160,-0.3242000,-0.0353000,9.6756000,60.7605000,63.5986000,66.6809000,-9.3200000,-22.0930000,11.7900000,0.000000,0,0,0
38.170,-0.3302000,-0.0317000,9.6947000,60.6766000,63.3850000,66.8411000,-9.6080000,-22.1230000,10.6240000,0.000000,0,0,0
38.180,-0.3302000,-0.0341000,9.7103000,60.7910000,63.3163000,66.9327000,-9.1300000,-21.8730000,11.0520000,0.000000,0,0,0
38.190,-0.3278000,-0.0389000,9.7163000,60.9894000,63.4918000,66.9785000,-9.2320000,-21.7240000,10.8960000,0.000000,0,0,0
38.200,-0.3230000,-0.0413000,9.7079000,61.1496000,63.8046000,66.9937000,-9.4270000,-21.8760000,10.8760000,0.000000,0,0,0
38.210,-0.3158000,-0.0437000,9.6875000,61.2259000,64.1098000,66.9632000,-9.0410000,-21.9070000,11.3440000,0.000000,0,0,0
38.220,-0.3134000,-0.0473000,9.6624000,61.2411000,64.2776000,66.9098000,-9.0220000,-21.8370000,10.6760000,0.000000,0,0,0
38.230,-0.3134000,-0.0473000,9.6409000,61.2411000,64.1403000,66.8640000,-9.3420000,-21.8860000,11.0470000,0.000000,0,0,0
38.240,-0.3146000,-0.0461000,9.6229000,61.1649000,63.7131000,66.8335000,-9.3950000,-22.3060000,11.2500000,0.000000,0,0,0
38.250,-0.3182000,-0.0425000,9.6086000,60.9741000,63.1180000,66.8182000,-9.4810000,-22.2040000,10.2730000,0.000000,0,0,0
38.260,-0.3170000,-0.0425000,9.6038000,60.7452000,62.6221000,66.8106000,-9.1970000,-21.9910000,11.2160000,0.000000,0,0,0
38.270,-0.3134000,-0.0473000,9.6050000,60.5698000,62.4542000,66.7496000,-9.4900000,-21.9830000,10.2740000,0.000000,0,0,0
38.280,-0.3146000,-0.0556000,9.6074000,60.5087000,62.5763000,66.6122000,-9.2670000,-22.0690000,10.8560000,0.000000,0,0,0
38.290,-0.3182000,-0.0628000,9.6062000,60.5392000,62.8586000,66.4215000,-9.1410000,-22.0000000,11.0880000,0.000000,0,0,0
38.300,-0.3314000,-0.0652000,9.5990000,60.6079000,63.1256000,66.2231000,-9.2690000,-21.9560000,11.6380000,0.000000,0,0,0
38.310,-0.3493000,-0.0676000,9.5895000,60.6155000,63.1485000,66.1087000,-9.1880000,-22.0900000,11.4050000,0.000000,0,0,0
38.320,-0.3601000,-0.0664000,9.5906000,60.5850000,62.8967000,66.1392000,-9.4710000,-22.2300000,11.3140000,0.000000,0,0,0
38.330,-0.3577000,-0.0580000,9.6038000,60.5087000,62.5000000,66.2842000,-9.2480000,-21.9200000,10.7820000,0.000000,0,0,0
38.340,-0.3457000,-0.0401000,9.6253000,60.3943000,62.1109000,66.4902000,-9.4630000,-21.9420000,10.5000000,0.000000,0,0,0
38.350,-0.3266000,-0.0161000,9.6493000,60.2570000,61.8515000,66.7114000,-9.4620000,-22.1140000,10.4970000,0.000000,0,0,0
38.360,-0.3039000,0.0030000,9.6732000,60.1120000,61.7981000,66.8869000,-9.3620000,-22.0350000,10.1490000,0.000000,0,0,0
38.370,-0.2883000,0.0078000,9.6911000,60.0128000,61.9659000,66.9403000,-9.6750000,-21.9100000,10.4360000,0.000000,0,0,0
38.380,-0.2823000,-0.0030000,9.7019000,59.9899000,62.2940000,66.8793000,-9.2540000,-22.0770000,9.7870000,0.000000,0,0,0
38.390,-0.2907000,-0.0197000,9.6995000,60.0128000,62.5916000,66.7801000,-9.6380000,-21.9160000,10.5720000,0.000000,0,0,0
38.400,-0.3027000,-0.0437000,9.6923000,60.0586000,62.7747000,66.7038000,-9.0910000,-22.0220000,10.2240000,0.000000,0,0,0
38.410,-0.3206000,-0.0736000,9.6816000,60.1273000,62.8738000,66.6733000,-9.5610000,-21.7820000,10.0830000,0.000000,0,0,0
38.420,-0.3397000,-0.0963000,9.6660000,60.2112000,62.8662000,66.7267000,-9.4580000,-21.6490000,10.0810000,0.000000,0,0,0
38.430,-0.3457000,-0.1083000,9.6529000,60.2798000,62.8204000,66.8182000,-9.2400000,-21.5510000,10.3390000,0.000000,0,0,0
38.440,-0.3409000,-0.1071000,9.6433000,60.3561000,62.8204000,66.9250000,-9.5220000,-21.8860000,10.1420000,0.000000,0,0,0
38.450,-0.3266000,-0.0927000,9.6349000,60.4172000,62.9425000,67.0166000,-9.4750000,-21.6090000,10.3220000,0.000000,0,0,0
38.460,-0.3122000,-0.0652000,9.6277000,60.4324000,63.1332000,67.0776000,-9.4420000,-21.8690000,10.2720000,0.000000,0,0,0
38.470,-0.3015000,-0.0329000,9.6313000,60.3867000,63.2629000,67.0929000,-9.4300000,-21.7150000,10.2240000,0.000000,0,0,0
38.480,-0.3027000,-0.0114000,9.6469000,60.2875000,63.2629000,67.0776000,-9.3900000,-21.6450000,10.2310000,0.000000,0,0,0
38.490,-0.3110000,-0.0030000,9.6684000,60.2417000,63.1104000,67.0547000,-9.3520000,-21.5710000,10.3390000,0.000000,0,0,0
38.500,-0.3254000,-0.0030000,9.6852000,60.2722000,62.8738000,67.0166000,-9.2070000,-22.2030000,10.1100000,0.000000,0,0,0
38.510,-0.3445000,-0.0006000,9.6864000,60.3714000,62.5534000,66.9785000,-9.1670000,-21.9400000,10.5790000,0.000000,0,0,0
38.520,-0.3553000,-0.0054000,9.6828000,60.5316000,62.3093000,66.9632000,-9.5180000,-22.1560000,10.0020000,0.000000,0,0,0
38.530,-0.3613000,-0.0185000,9.6780000,60.6842000,62.2864000,66.9861000,-9.1200000,-21.8710000,9.6080000,0.000000,0,0,0
38.540,-0.3553000,-0.0197000,9.6648000,60.8139000,62.6297000,67.0700000,-9.0450000,-21.6660000,9.7720000,0.000000,0,0,0
38.550,-0.3433000,-0.0114000,9.6529000,60.7910000,63.0569000,67.1234000,-9.2410000,-21.8120000,9.5340000,0.000000,0,0,0
38.560,-0.3350000,-0.0078000,9.6457000,60.6766000,63.4995000,67.1616000,-9.2210000,-22.0150000,9.8220000,0.000000,0,0,0
38.570,-0.3350000,-0.0090000,9.6397000,60.5087000,63.7207000,67.1844000,-9.4700000,-21.8340000,9.7550000,0.000000,0,0,0
38.580,-0.3374000,-0.0185000,9.6349000,60.3867000,63.7054000,67.1616000,-9.3580000,-21.9440000,10.6330000,0.000000,0,0,0
38.590,-0.3445000,-0.0305000,9.6289000,60.3333000,63.5223000,67.1158000,-9.4750000,-21.6590000,10.1410000,0.000000,0,0,0
38.600,-0.3505000,-0.0389000,9.6253000,60.2875000,63.2553000,67.0929000,-9.4200000,-21.7620000,10.3340000,0.000000,0,0,0
38.610,-0.3481000,-0.0365000,9.6206000,60.2112000,62.9578000,67.0853000,-9.5810000,-21.6930000,9.8510000,0.000000,0,0,0
38.620,-0.3385000,-0.0353000,9.6170000,60.1273000,62.7594000,67.0471000,-9.4290000,-21.8500000,10.0540000,0.000000,0,0,0
38.630,-0.3326000,-0.0341000,9.6146000,60.0967000,62.6373000,66.9632000,-9.3160000,-21.6070000,9.7730000,0.000000,0,0,0
38.640,-0.3266000,-0.0329000,9.6122000,60.1425000,62.5839000,66.8106000,-9.0380000,-21.7880000,9.8400000,0.000000,0,0,0
38.650,-0.3266000,-0.0317000,9.6098000,60.2036000,62.6297000,66.6275000,-9.3480000,-21.7330000,9.7390000,0.000000,0,0,0
38.660,-0.3350000,-0.0329000,9.6098000,60.2188000,62.6678000,66.5207000,-9.1670000,-22.0040000,10.6470000,0.000000,0,0,0
38.670,-0.3469000,-0.0353000,9.6182000,60.1883000,62.5992000,66.5131000,-9.3510000,-22.1170000,10.5980000,0.000000,0,0,0
38.680,-0.3553000,-0.0449000,9.6397000,60.1501000,62.4313000,66.5970000,-9.3290000,-22.0590000,9.9270000,0.000000,0,0,0
38.690,-0.3601000,-0.0580000,9.6684000,60.1807000,62.2406000,66.7725000,-9.5440000,-21.7280000,10.2710000,0.000000,0,0,0
38.700,-0.3481000,-0.0628000,9.6923000,60.3104000,62.1338000,66.9479000,-9.4970000,-21.5150000,10.4930000,0.000000,0,0,0
38.710,-0.3254000,-0.0544000,9.7007000,60.4782000,62.2330000,67.0547000,-9.3290000,-21.6490000,9.8450000,0.000000,0,0,0
38.720,-0.2979000,-0.0377000,9.6959000,60.5774000,62.4390000,67.0776000,-9.5170000,-22.0460000,10.5870000,0.000000,0,0,0
38.730,-0.2763000,-0.0245000,9.6828000,60.5850000,62.7060000,67.0013000,-8.9870000,-21.8090000,9.9580000,0.000000,0,0,0
38.740,-0.2632000,-0.0209000,9.6684000,60.5240000,62.9120000,66.8564000,-8.9800000,-22.0530000,10.6690000,0.000000,0,0,0
38.750,-0.2656000,-0.0269000,9.6636000,60.4248000,63.0188000,66.6962000,-9.3760000,-22.1210000,10.5240000,0.000000,0,0,0
38.760,-0.2775000,-0.0353000,9.6648000,60.3256000,62.9883000,66.5817000,-9.4380000,-21.9240000,10.8320000,0.000000,0,0,0
38.770,-0.2907000,-0.0389000,9.6756000,60.2875000,62.8052000,66.5283000,-9.4320000,-22.1050000,10.2550000,0.000000,0,0,0
38.780,-0.3003000,-0.0425000,9.6935000,60.3638000,62.6068000,66.5054000,-9.2890000,-21.5650000,10.1400000,0.000000,0,0,0
38.790,-0.3122000,-0.0461000,9.7055000,60.5392000,62.4847000,66.5283000,-9.2580000,-21.7080000,10.1430000,0.000000,0,0,0
38.800,-0.3194000,-0.0484000,9.7007000,60.7605000,62.4847000,66.5588000,-9.1490000,-21.9930000,9.9380000,0.000000,0,0,0
38.810,-0.3158000,-0.0425000,9.6792000,60.9741000,62.6831000,66.5894000,-9.3540000,-21.9970000,9.9550000,0.000000,0,0,0
38.820,-0.3086000,-0.0341000,9.6505000,61.0657000,63.0722000,66.5970000,-9.5300000,-21.5340000,10.2190000,0.000000,0,0,0
38.830,-0.3027000,-0.0353000,9.6253000,60.9741000,63.5223000,66.6122000,-9.6570000,-22.0140000,9.9350000,0.000000,0,0,0
38.840,-0.3051000,-0.0389000,9.6062000,60.7224000,63.7894000,66.6428000,-9.4110000,-21.8530000,9.9400000,0.000000,0,0,0
38.850,-0.3098000,-0.0413000,9.5966000,60.4782000,63.7741000,66.6504000,-9.4330000,-21.4510000,9.8920000,0.000000,0,0,0
38.860,-0.3146000,-0.0425000,9.5978000,60.3714000,63.5681000,66.6046000,-9.3050000,-21.6320000,10.4190000,0.000000,0,0,0
38.870,-0.3218000,-0.0425000,9.6074000,60.4095000,63.2706000,66.5054000,-9.5120000,-21.6610000,10.1000000,0.000000,0,0,0
38.880,-0.3206000,-0.0353000,9.6265000,60.5240000,62.9425000,66.3452000,-9.4360000,-21.9360000,10.5640000,0.000000,0,0,0
38.890,-0.3122000,-0.0281000,9.6564000,60.6995000,62.7060000,66.1163000,-9.1880000,-22.0250000,10.4110000,0.000000,0,0,0
38.900,-0.2919000,-0.0221000,9.6887000,60.9436000,62.5839000,65.7806000,-9.2920000,-21.9360000,10.0240000,0.000000,0,0,0
38.910,-0.2668000,-0.0030000,9.7091000,61.2717000,62.6755000,65.3229000,-9.2310000,-21.8600000,9.9970000,0.000000,0,0,0
38.920,-0.2548000,0.0209000,9.7055000,61.6837000,62.9807000,64.8270000,-9.2120000,-21.8550000,10.3490000,0.000000,0,0,0
38.930,-0.2608000,0.0317000,9.6911000,62.0804000,63.4766000,64.4302000,-9.3150000,-22.0740000,10.3110000,0.000000,0,0,0
38.940,-0.2895000,0.0293000,9.6732000,62.3245000,64.0182000,64.2700000,-9.2430000,-22.2670000,10.4990000,0.000000,0,0,0
38.950,-0.3242000,0.0173000,9.6517000,62.3398000,64.3768000,64.4073000,-9.3260000,-22.0050000,10.5370000,0.000000,0,0,0
38.960,-0.3577000,-0.0030000,9.6325000,62.1338000,64.4531000,64.7583000,-9.3440000,-21.9230000,9.9830000,0.000000,0,0,0
38.970,-0.3816000,-0.0353000,9.6206000,61.8286000,64.2853000,65.2084000,-9.4120000,-21.7470000,10.1650000,0.000000,0,0,0
38.980,-0.3936000,-0.0688000,9.6122000,61.5158000,63.9038000,65.6586000,-9.3170000,-21.9830000,10.1450000,0.000000,0,0,0
38.990,-0.3936000,-0.0867000,9.6026000,61.2488000,63.3774000,66.0324000,-9.2700000,-21.5750000,10.5080000,0.000000,0,0,0
39.000,-0.3852000,-0.0855000,9.5954000,60.9894000,62.7823000,66.3528000,-9.4790000,-21.9500000,10.2550000,0.000000,0,0,0
39.010,-0.3720000,-0.0676000,9.5954000,60.7758000,62.2864000,66.6122000,-9.6300000,-21.4620000,9.6420000,0.000000,0,0,0
39.020,-0.3565000,-0.0425000,9.6074000,60.6613000,61.9659000,66.8106000,-9.2290000,-22.0730000,9.8090000,0.000000,0,0,0
39.030,-0.3481000,-0.0233000,9.6373000,60.7071000,61.8515000,66.9327000,-8.9730000,-21.9100000,10.6490000,0.000000,0,0,0
39.040,-0.3481000,-0.0066000,9.6732000,60.9207000,61.7905000,66.9556000,-9.2500000,-21.8210000,10.1630000,0.000000,0,0,0
39.050,-0.3469000,0.0126000,9.7007000,61.1572000,61.6608000,66.8411000,-9.3580000,-21.9290000,10.1490000,0.000000,0,0,0
39.060,-0.3481000,0.0305000,9.7127000,61.2717000,61.5463000,66.6656000,-9.3430000,-21.8940000,10.0350000,0.000000,0,0,0
39.070,-0.3529000,0.0329000,9.7163000,61.2183000,61.5692000,66.6046000,-9.5770000,-21.7110000,9.9660000,0.000000,0,0,0
39.080,-0.3541000,0.0221000,9.7175000,61.0886000,61.7371000,66.7267000,-9.4190000,-21.6170000,9.9620000,0.000000,0,0,0
39.090,-0.3481000,0.0078000,9.7151000,61.0046000,61.9049000,66.9022000,-9.3500000,-21.5710000,10.6200000,0.000000,0,0,0
39.100,-0.3338000,0.0042000,9.7103000,61.0580000,62.0117000,67.0395000,-9.5330000,-21.8470000,10.4300000,0.000000,0,0,0
39.110,-0.3182000,0.0126000,9.6971000,61.1954000,62.0041000,67.0929000,-9.4470000,-21.5300000,10.9300000,0.000000,0,0,0
39.120,-0.3063000,0.0245000,9.6792000,61.3098000,61.9507000,67.1158000,-9.4830000,-21.7390000,11.1100000,0.000000,0,0,0
39.130,-0.2907000,0.0365000,9.6624000,61.2793000,62.0651000,67.1692000,-9.8100000,-21.7360000,9.9360000,0.000000,0,0,0
39.140,-0.2883000,0.0329000,9.6564000,61.1572000,62.2940000,67.1539000,-9.7450000,-21.7870000,10.2170000,0.000000,0,0,0
39.150,-0.2907000,0.0281000,9.6529000,60.9970000,62.3932000,67.0395000,-9.5870000,-21.8570000,9.8180000,0.000000,0,0,0
39.160,-0.3003000,0.0269000,9.6445000,60.8139000,62.2940000,66.8488000,-9.5450000,-21.6870000,10.8370000,0.000000,0,0,0
39.170,-0.3134000,0.0257000,9.6289000,60.6003000,62.0270000,66.6885000,-9.6350000,-21.7120000,9.8900000,0.000000,0,0,0
39.180,-0.3266000,0.0161000,9.6194000,60.4095000,61.7752000,66.6122000,-9.5630000,-21.7550000,10.1610000,0.000000,0,0,0
39.190,-0.3409000,-0.0018000,9.6218000,60.3256000,61.6608000,66.6275000,-9.3070000,-21.9000000,9.8960000,0.000000,0,0,0
39.200,-0.3338000,-0.0066000,9.6146000,60.3714000,61.8210000,66.7419000,-9.6140000,-21.7050000,10.0200000,0.000000,0,0,0
39.210,-0.3086000,0.0042000,9.5763000,60.3867000,62.6068000,67.0090000,-9.4580000,-21.9810000,9.7320000,0.000000,0,0,0
39.220,-0.2823000,0.0018000,9.5619000,60.2341000,63.4460000,67.2150000,-9.3420000,-21.8050000,10.1440000,0.000000,0,0,0
39.230,-0.2680000,-0.0042000,9.5811000,60.1730000,63.9191000,67.1844000,-9.6050000,-21.8760000,10.4300000,0.000000,0,0,0
39.240,-0.2656000,-0.0042000,9.6050000,60.4095000,63.8046000,66.9250000,-9.3020000,-22.0100000,10.4030000,0.000000,0,0,0
39.250,-0.2728000,0.0066000,9.6218000,60.6537000,63.1027000,66.5741000,-9.5520000,-21.9520000,10.8170000,0.000000,0,0,0
39.260,-0.2811000,0.0209000,9.6397000,60.6079000,62.0575000,66.3528000,-9.4290000,-22.0730000,10.0900000,0.000000,0,0,0
39.270,-0.2823000,0.0257000,9.6624000,60.2951000,61.2030000,66.3757000,-9.3430000,-21.7490000,10.5610000,0.000000,0,0,0
39.280,-0.2751000,0.0197000,9.6852000,59.9823000,60.9512000,66.5283000,-9.1610000,-21.7470000,10.7860000,0.000000,0,0,0
39.290,-0.2632000,0.0054000,9.7043000,59.8679000,61.3403000,66.6428000,-9.3210000,-21.8640000,11.0690000,0.000000,0,0,0
39.300,-0.2560000,-0.0138000,9.7198000,59.9976000,62.0117000,66.6580000,-9.4290000,-21.9220000,10.9870000,0.000000,0,0,0
39.310,-0.2560000,-0.0233000,9.7222000,60.3485000,62.5839000,66.6504000,-9.4580000,-21.7710000,11.1990000,0.000000,0,0,0
39.320,-0.2584000,-0.0209000,9.7031000,60.7529000,62.8738000,66.6504000,-9.3440000,-21.7940000,11.3130000,0.000000,0,0,0
39.330,-0.2668000,-0.0066000,9.6612000,61.0352000,62.8967000,66.6733000,-9.6700000,-21.7250000,10.1030000,0.000000,0,0,0
39.340,-0.2704000,0.0102000,9.6182000,61.1038000,62.8281000,66.7725000,-9.4600000,-21.9170000,10.6010000,0.000000,0,0,0
39.350,-0.2728000,0.0173000,9.5871000,60.9512000,62.8662000,66.9556000,-9.6530000,-21.4780000,10.9110000,0.000000,0,0,0
39.360,-0.2692000,0.0209000,9.5799000,60.6766000,62.8662000,67.1844000,-9.5070000,-21.9350000,10.3290000,0.000000,0,0,0
39.370,-0.2524000,0.0221000,9.5918000,60.4630000,62.8204000,67.3218000,-9.3130000,-21.6400000,10.3080000,0.000000,0,0,0
39.380,-0.2345000,0.0209000,9.6074000,60.4324000,62.8052000,67.2531000,-9.3660000,-21.8730000,10.6450000,0.000000,0,0,0
39.390,-0.2369000,0.0066000,9.6182000,60.5545000,63.0417000,66.9632000,-9.7150000,-21.8490000,10.7580000,0.000000,0,0,0
39.400,-0.2716000,-0.0102000,9.6206000,60.7224000,63.5910000,66.6199000,-9.8630000,-21.9190000,9.7090000,0.000000,0,0,0
39.410,-0.3218000,-0.0269000,9.6265000,60.8444000,64.3311000,66.4597000,-9.3900000,-21.6530000,10.2050000,0.000000,0,0,0
39.420,-0.3697000,-0.0293000,9.6529000,60.9131000,64.7049000,66.4825000,-9.1750000,-22.0630000,10.3940000,0.000000,0,0,0
39.430,-0.3888000,-0.0114000,9.6864000,61.1038000,64.6362000,66.6275000,-9.2320000,-21.7890000,10.0700000,0.000000,0,0,0
39.440,-0.3864000,0.0161000,9.7055000,61.5005000,64.2929000,66.8030000,-9.3320000,-21.9610000,10.3520000,0.000000,0,0,0
39.450,-0.3661000,0.0425000,9.7210000,61.9812000,63.8351000,66.9479000,-9.6410000,-22.1710000,10.5070000,0.000000,0,0,0
39.460,-0.3397000,0.0688000,9.7282000,62.3779000,63.5910000,67.0166000,-9.3140000,-22.1600000,10.8610000,0.000000,0,0,0
39.470,-0.3146000,0.0963000,9.7234000,62.5992000,63.5681000,67.0242000,-9.7040000,-21.9250000,10.4920000,0.000000,0,0,0
39.480,-0.3039000,0.1095000,9.7067000,62.5992000,63.6902000,67.0090000,-9.7230000,-22.1170000,10.8060000,0.000000,0,0,0
39.490,-0.3098000,0.1011000,9.6840000,62.3856000,63.7970000,67.0013000,-9.7290000,-21.7920000,10.0120000,0.000000,0,0,0
39.500,-0.3158000,0.0748000,9.6624000,62.0956000,63.9114000,67.0395000,-9.5560000,-21.8550000,10.3800000,0.000000,0,0,0
39.510,-0.3158000,0.0449000,9.6445000,61.9736000,64.1632000,67.0853000,-9.3240000,-21.5150000,10.6110000,0.000000,0,0,0
39.520,-0.3086000,0.0233000,9.6325000,62.1414000,64.5447000,67.0242000,-9.8400000,-21.7230000,10.4600000,0.000000,0,0,0
39.530,-0.3063000,0.0030000,9.6253000,62.5153000,65.0101000,66.8030000,-9.8130000,-21.7750000,9.6250000,0.000000,0,0,0
39.540,-0.3146000,-0.0161000,9.6134000,62.9654000,65.4755000,66.4978000,-9.5990000,-21.7120000,10.0300000,0.000000,0,0,0
39.550,-0.3290000,-0.0150000,9.5918000,63.3850000,65.8264000,66.1545000,-9.7040000,-21.8380000,10.1610000,0.000000,0,0,0
39.560,-0.3302000,-0.0054000,9.5667000,63.8123000,66.1850000,65.7959000,-9.7590000,-21.7430000,10.2480000,0.000000,0,0,0
39.570,-0.3158000,0.0233000,9.5428000,64.1098000,66.3910000,65.4831000,-9.5930000,-21.8630000,10.9820000,0.000000,0,0,0
39.580,-0.2991000,0.0736000,9.5081000,63.9496000,66.3834000,65.2542000,-9.5290000,-22.0150000,10.3790000,0.000000,0,0,0
39.590,-0.2823000,0.1250000,9.4866000,63.2019000,66.2231000,65.1855000,-9.6180000,-22.0910000,10.3930000,0.000000,0,0,0
39.600,-0.2668000,0.1585000,9.4830000,61.8973000,65.8569000,65.1321000,-9.6340000,-22.1140000,10.2830000,0.000000,0,0,0
39.610,-0.2668000,0.1645000,9.4973000,60.3333000,65.3305000,64.9261000,-9.6790000,-21.8710000,10.4580000,0.000000,0,0,0
39.620,-0.2835000,0.1430000,9.5308000,59.1431000,64.8270000,64.6667000,-9.4800000,-22.0740000,10.4470000,0.000000,0,0,0
39.630,-0.3027000,0.1047000,9.5942000,58.7463000,64.3768000,64.3921000,-9.9060000,-21.8830000,10.4350000,0.000000,0,0,0
39.640,-0.3314000,0.0712000,9.6696000,60.0281000,64.2776000,64.4913000,-9.6840000,-21.8830000,10.4410000,0.000000,0,0,0
39.650,-0.3350000,0.0879000,9.6971000,62.5381000,64.2700000,64.4913000,-9.5900000,-21.9050000,10.6600000,0.000000,0,0,0
39.660,-0.3314000,0.0951000,9.6959000,64.6515000,63.6215000,64.1785000,-9.8040000,-22.0900000,10.6350000,0.000000,0,0,0
39.670,-0.3338000,0.0999000,9.6541000,65.0635000,62.2864000,63.7207000,-9.5820000,-21.9750000,10.2620000,0.000000,0,0,0
39.680,-0.3625000,0.1035000,9.6086000,63.5757000,60.7224000,63.2858000,-9.8740000,-21.6570000,9.8750000,0.000000,0,0,0
39.690,-0.3708000,0.0951000,9.6170000,61.7294000,59.7916000,63.0493000,-9.8120000,-21.8610000,9.9820000,0.000000,0,0,0
39.700,-0.3637000,0.0903000,9.6624000,60.9436000,59.7382000,62.6297000,-9.6650000,-21.4270000,10.6430000,0.000000,0,0,0
39.710,-0.3720000,0.1238000,9.7163000,61.5311000,60.0204000,61.4319000,-9.7360000,-21.6410000,11.1200000,0.000000,0,0,0
39.720,-0.3900000,0.1477000,9.7198000,61.8515000,60.1501000,61.0504000,-9.6900000,-21.7460000,10.7110000,0.000000,0,0,0
39.730,-0.3864000,0.1597000,9.7127000,61.5616000,60.0204000,61.2717000,-9.8770000,-21.7680000,10.6920000,0.000000,0,0,0
39.740,-0.3553000,0.1657000,9.7163000,60.8444000,60.1044000,61.7371000,-10.0200000,-21.5810000,10.4660000,0.000000,0,0,0
39.750,-0.3134000,0.1633000,9.7270000,60.0433000,60.5316000,61.9278000,-9.9930000,-21.3950000,10.2470000,0.000000,0,0,0
39.760,-0.2895000,0.1537000,9.7414000,59.4330000,61.1877000,61.7371000,-9.7900000,-21.6160000,10.9270000,0.000000,0,0,0
39.770,-0.2967000,0.1453000,9.7510000,59.2346000,62.0422000,61.4624000,-9.8430000,-22.1450000,11.3010000,0.000000,0,0,0
39.780,-0.3254000,0.1322000,9.7617000,59.4406000,62.9044000,61.3632000,-9.9260000,-22.0980000,10.5130000,0.000000,0,0,0
39.790,-0.3565000,0.1178000,9.7725000,59.9213000,63.6673000,61.3708000,-9.9280000,-21.9620000,10.2000000,0.000000,0,0,0
39.800,-0.3792000,0.1059000,9.7617000,60.5545000,64.2242000,61.2946000,-9.9200000,-22.1130000,11.1940000,0.000000,0,0,0
39.810,-0.3948000,0.0987000,9.7163000,60.9207000,64.4913000,61.1649000,-9.7230000,-21.9230000,11.2100000,0.000000,0,0,0
39.820,-0.3900000,0.1023000,9.6648000,60.9436000,64.5599000,61.0504000,-9.6980000,-21.8770000,10.7380000,0.000000,0,0,0
39.830,-0.3553000,0.0927000,9.5954000,60.8063000,64.7812000,60.8597000,-9.5420000,-22.0070000,11.1120000,0.000000,0,0,0
39.840,-0.3242000,0.0784000,9.5081000,60.5698000,65.2618000,60.5774000,-9.7280000,-21.9500000,10.8110000,0.000000,0,0,0
39.850,-0.3039000,0.0580000,9.4387000,60.3485000,65.7425000,60.3714000,-9.8650000,-21.8070000,10.4680000,0.000000,0,0,0
39.860,-0.2823000,0.0520000,9.4076000,60.0662000,65.9027000,60.2798000,-9.8740000,-22.2970000,10.8530000,0.000000,0,0,0
39.870,-0.2512000,0.0724000,9.4303000,59.5245000,65.4221000,60.1273000,-9.8400000,-22.1050000,10.6890000,0.000000,0,0,0
39.880,-0.2225000,0.1035000,9.4985000,58.7006000,64.2319000,59.8068000,-9.9320000,-22.0250000,10.3110000,0.000000,0,0,0
39.890,-0.2201000,0.1250000,9.5883000,57.8918000,62.4924000,59.2880000,-10.0230000,-21.8290000,10.5610000,0.000000,0,0,0
39.900,-0.2536000,0.1190000,9.6744000,57.6477000,60.8063000,58.5938000,-10.4570000,-22.0490000,10.8840000,0.000000,0,0,0
39.910,-0.3134000,0.0831000,9.7450000,58.3725000,59.9060000,57.8995000,-10.1460000,-21.9150000,10.5280000,0.000000,0,0,0
39.920,-0.3697000,0.0496000,9.7856000,59.9442000,60.2646000,57.3959000,-10.0900000,-22.2760000,10.3300000,0.000000,0,0,0
39.930,-0.3888000,0.0652000,9.7809000,61.7065000,62.1338000,57.0374000,-10.0900000,-22.3130000,10.6180000,0.000000,0,0,0
39.940,-0.3888000,0.1382000,9.7234000,62.7365000,64.9033000,56.6406000,-9.8150000,-22.1730000,10.2460000,0.000000,0,0,0
39.950,-0.3708000,0.2279000,9.6457000,62.6450000,67.4515000,56.2363000,-10.2800000,-22.1080000,10.4630000,0.000000,0,0,0
39.960,-0.3481000,0.2865000,9.5895000,61.6760000,68.9697000,55.7938000,-10.0980000,-22.4570000,10.0140000,0.000000,0,0,0
39.970,-0.3278000,0.3021000,9.5835000,60.3867000,68.7027000,55.1758000,-10.1720000,-22.3740000,10.5350000,0.000000,0,0,0
39.980,-0.3098000,0.2877000,9.6265000,59.0057000,66.8945000,54.1229000,-10.4130000,-22.2550000,10.6680000,0.000000,0,0,0
39.990,-0.3003000,0.2674000,9.6887000,57.5333000,64.4379000,52.4368000,-10.6300000,-22.2080000,10.7700000,0.000000,0,0,0
40.000,-0.3134000,0.2279000,9.7402000,56.2439000,62.2482000,50.3006000,-10.6140000,-22.6240000,9.9810000,0.000000,0,0,0
40.010,-0.3433000,0.1776000,9.7629000,55.5801000,60.8749000,48.1262000,-10.4640000,-22.3070000,10.4340000,0.000000,0,0,0
40.020,-0.3792000,0.1310000,9.7533000,55.7938000,60.4782000,46.0663000,-10.9300000,-22.6600000,10.6490000,0.000000,0,0,0
40.030,-0.4199000,0.0867000,9.7031000,56.6559000,60.7071000,44.2047000,-10.9270000,-22.5990000,10.9080000,0.000000,0,0,0
40.040,-0.4462000,0.0437000,9.6409000,57.5485000,61.0046000,42.7399000,-11.0670000,-22.6890000,10.4580000,0.000000,0,0,0
40.050,-0.4606000,0.0102000,9.5966000,58.1970000,60.8597000,41.8549000,-10.8330000,-22.8080000,11.0560000,0.000000,0,0,0
40.060,-0.4570000,0.0042000,9.5691000,58.8074000,60.3104000,41.3971000,-11.1190000,-22.7060000,10.5430000,0.000000,0,0,0
40.070,-0.4366000,0.0353000,9.5500000,59.4635000,59.8450000,41.0309000,-11.2200000,-22.7070000,11.0920000,0.000000,0,0,0
40.080,-0.4211000,0.0831000,9.5500000,60.1196000,59.7153000,40.7333000,-11.6330000,-22.6180000,10.1930000,0.000000,0,0,0
40.090,-0.4115000,0.1370000,9.5679000,60.7147000,60.0204000,40.5884000,-11.4520000,-22.6380000,10.5540000,0.000000,0,0,0
40.100,-0.3948000,0.2028000,9.5895000,61.1649000,60.6918000,40.4892000,-11.5980000,-22.6910000,10.3800000,0.000000,0,0,0
40.110,-0.3780000,0.2757000,9.5978000,61.2488000,61.3556000,40.0391000,-11.5980000,-22.8340000,10.0000000,0.000000,0,0,0
40.120,-0.3816000,0.3116000,9.6014000,60.7605000,61.5997000,39.1922000,-12.2590000,-22.7000000,9.8350000,0.000000,0,0,0
40.130,-0.3924000,0.3212000,9.6134000,59.6161000,61.4929000,38.0096000,-11.9110000,-22.6740000,10.2060000,0.000000,0,0,0
40.140,-0.3936000,0.2662000,9.6373000,57.9681000,61.1954000,36.7737000,-12.1530000,-22.9240000,9.9140000,0.000000,0,0,0
40.150,-0.3792000,0.1621000,9.6636000,56.5414000,61.1038000,36.4151000,-12.2010000,-22.8000000,10.1030000,0.000000,0,0,0
40.160,-0.3314000,0.1286000,9.6672000,55.7098000,61.2259000,36.6516000,-12.4170000,-23.0100000,10.0620000,0.000000,0,0,0
40.170,-0.2907000,0.1238000,9.6648000,55.3970000,60.9055000,36.8042000,-12.9200000,-23.0760000,10.3590000,0.000000,0,0,0
40.180,-0.2680000,0.0819000,9.6935000,55.5344000,60.0739000,36.9568000,-12.7610000,-23.0030000,9.9540000,0.000000,0,0,0
40.190,-0.2704000,0.0293000,9.7270000,55.8472000,59.2270000,37.1323000,-12.7520000,-22.8720000,10.8040000,0.000000,0,0,0
40.200,-0.3110000,-0.0161000,9.7438000,55.9921000,58.5403000,37.4374000,-12.7950000,-22.7850000,10.5000000,0.000000,0,0,0
40.210,-0.3780000,-0.0437000,9.7617000,55.7404000,58.1131000,38.0402000,-13.4030000,-23.1660000,10.3940000,0.000000,0,0,0
40.220,-0.4067000,-0.0353000,9.7844000,55.3055000,58.3649000,38.8718000,-13.1600000,-23.0510000,9.7550000,0.000000,0,0,0
40.230,-0.3828000,0.0185000,9.8072000,55.0842000,59.8679000,39.5432000,-13.1880000,-23.3820000,10.3700000,0.000000,0,0,0
40.240,-0.3397000,0.0891000,9.8000000,55.2597000,62.2025000,39.6194000,-13.8120000,-23.2240000,10.5580000,0.000000,0,0,0
40.250,-0.2931000,0.1250000,9.7617000,55.9158000,64.2700000,38.9862000,-13.8510000,-23.2500000,9.7630000,0.000000,0,0,0
40.260,-0.2488000,0.1274000,9.6947000,56.7703000,65.1016000,37.9181000,-13.8080000,-23.0260000,9.9530000,0.000000,0,0,0
40.270,-0.2022000,0.1310000,9.6062000,57.1671000,64.2166000,36.7966000,-13.7490000,-23.2550000,9.8370000,0.000000,0,0,0
40.280,-0.1471000,0.1262000,9.5153000,55.8014000,59.9823000,35.2783000,-14.0440000,-23.2780000,9.8760000,0.000000,0,0,0
40.290,-0.1292000,0.0951000,9.5260000,53.9169000,56.1676000,34.5917000,-14.1180000,-23.5390000,9.8650000,0.000000,0,0,0
40.300,-0.1184000,0.0437000,9.5883000,52.0248000,52.7802000,34.2178000,-14.6630000,-23.6110000,9.7390000,0.000000,0,0,0
40.310,-0.1160000,-0.0317000,9.6684000,50.8118000,50.4379000,34.0576000,-14.6530000,-23.5010000,9.6900000,0.000000,0,0,0
40.320,-0.1268000,-0.1059000,9.7605000,50.5981000,49.4080000,34.0347000,-14.8530000,-23.6230000,9.4560000,0.000000,0,0,0
40.330,-0.1543000,-0.1573000,9.8227000,51.2924000,49.8428000,34.0500000,-14.8800000,-23.6350000,8.7530000,0.000000,0,0,0
40.340,-0.1986000,-0.1860000,9.8191000,52.4521000,51.4145000,34.1263000,-15.1250000,-23.8240000,9.6130000,0.000000,0,0,0
40.350,-0.2560000,-0.1884000,9.7521000,53.6957000,53.5431000,34.4315000,-15.3870000,-23.8930000,9.5130000,0.000000,0,0,0
40.360,-0.3122000,-0.1561000,9.6588000,54.6875000,55.6335000,35.0494000,-15.4050000,-23.9980000,10.1810000,0.000000,0,0,0
40.370,-0.3397000,-0.0855000,9.5811000,55.2902000,57.2968000,35.8429000,-15.9100000,-23.9940000,9.0820000,0.000000,0,0,0
40.380,-0.3170000,-0.0042000,9.5500000,55.4962000,58.4641000,36.3846000,-15.9390000,-23.9720000,9.6740000,0.000000,0,0,0
40.390,-0.2524000,0.0568000,9.5583000,55.6335000,59.2575000,36.3388000,-15.9920000,-23.8600000,9.3550000,0.000000,0,0,0
40.400,-0.1651000,0.0736000,9.5847000,56.0074000,59.5016000,35.7437000,-16.1930000,-23.6730000,9.9360000,0.000000,0,0,0
40.410,-0.0586000,0.0437000,9.6253000,56.7398000,59.1507000,34.7900000,-16.1200000,-24.0600000,10.1400000,0.000000,0,0,0
40.420,0.0455000,-0.0006000,9.6505000,57.7240000,58.4641000,33.6380000,-16.1290000,-24.1490000,10.8690000,0.000000,0,0,0
40.430,0.1352000,-0.0150000,9.6624000,58.8913000,57.5638000,32.4173000,-16.4620000,-24.3760000,10.1040000,0.000000,0,0,0
40.440,0.1878000,0.0066000,9.6600000,60.1273000,56.6940000,31.1050000,-16.4050000,-24.2680000,10.2580000,0.000000,0,0,0
40.450,0.1902000,0.0413000,9.6409000,61.3251000,56.4728000,29.7089000,-16.8110000,-23.9710000,10.4720000,0.000000,0,0,0
40.460,0.1483000,0.0664000,9.6146000,62.2177000,56.7398000,28.3432000,-17.0600000,-24.1480000,10.3760000,0.000000,0,0,0
40.470,0.0718000,0.0461000,9.5966000,62.6373000,57.3349000,27.2903000,-17.0890000,-23.9770000,9.8230000,0.000000,0,0,0
40.480,-0.0299000,-0.0006000,9.5823000,62.5000000,58.2581000,26.7487000,-17.2280000,-23.7420000,9.9090000,0.000000,0,0,0
40.490,-0.1519000,-0.0377000,9.5607000,61.7371000,59.4177000,26.8402000,-17.4120000,-23.7900000,9.7150000,0.000000,0,0,0
40.500,-0.2644000,-0.0461000,9.5404000,60.3561000,60.6842000,27.5040000,-17.8050000,-24.1560000,9.6830000,0.000000,0,0,0
40.510,-0.3385000,0.0030000,9.5272000,58.4335000,62.1033000,28.5187000,-18.0100000,-24.3330000,9.1060000,0.000000,0,0,0
40.520,-0.3385000,0.0843000,9.5260000,56.2057000,63.4613000,29.3961000,-18.1010000,-24.2160000,9.3240000,0.000000,0,0,0
40.530,-0.2704000,0.1262000,9.5583000,53.9932000,64.4531000,29.5563000,-18.2960000,-24.0520000,9.5110000,0.000000,0,0,0
40.540,-0.1687000,0.0700000,9.6385000,52.5742000,64.8651000,29.0070000,-18.4290000,-24.1710000,9.7800000,0.000000,0,0,0
40.550,-0.0861000,-0.0473000,9.7306000,52.4673000,65.0024000,28.2593000,-18.3910000,-24.0540000,10.0730000,0.000000,0,0,0
40.560,-0.0407000,-0.1477000,9.7689000,53.5507000,65.0940000,27.8015000,-18.4280000,-24.2920000,9.5220000,0.000000,0,0,0
40.570,-0.0359000,-0.1776000,9.7258000,55.1376000,65.0864000,27.7710000,-18.7850000,-23.9680000,9.2080000,0.000000,0,0,0
40.580,-0.0562000,-0.1322000,9.6206000,56.3126000,64.4836000,28.0533000,-18.8650000,-24.0910000,9.0160000,0.000000,0,0,0
40.590,-0.0813000,-0.0473000,9.5117000,56.7169000,63.1104000,28.3508000,-19.2410000,-24.1730000,9.4880000,0.000000,0,0,0
40.600,-0.0969000,0.0473000,9.4531000,56.6101000,60.8826000,28.3890000,-19.4590000,-24.0900000,9.6650000,0.000000,0,0,0
40.610,-0.0909000,0.1178000,9.4698000,56.4041000,57.6096000,27.9999000,-19.9110000,-23.7100000,9.5110000,0.000000,0,0,0
40.620,-0.0790000,0.1130000,9.5572000,56.4041000,54.1077000,27.2751000,-19.9010000,-24.1100000,10.0620000,0.000000,0,0,0
40.630,-0.0837000,0.0520000,9.6660000,56.7398000,51.6129000,26.6953000,-20.2130000,-23.9210000,9.0230000,0.000000,0,0,0
40.640,-0.1101000,0.2799000,-0.0006000,59.5551000,62.4161000,66.5512000,-20.2850000,-24.0130000,9.7230000,0.000000,0,0,0
40.650,-0.1244000,-0.0556000,9.7880000,57.5867000,51.2619000,27.6260000,-20.7850000,-24.1280000,9.1250000,0.000000,0,0,0
40.660,-0.1220000,-0.0473000,9.7928000,57.5256000,52.7954000,28.6484000,-20.5370000,-24.1950000,9.6500000,0.000000,0,0,0
40.670,-0.1125000,-0.0090000,9.7665000,56.9763000,54.6951000,29.4342000,-20.8270000,-24.1480000,9.7120000,0.000000,0,0,0
40.680,-0.0885000,0.0664000,9.7342000,55.9464000,56.7398000,29.7470000,-20.9180000,-24.3840000,9.4750000,0.000000,0,0,0
40.690,-0.0383000,0.1286000,9.6923000,54.6494000,58.4869000,29.4724000,-21.0490000,-24.1190000,10.0540000,0.000000,0,0,0
40.700,0.0299000,0.0831000,9.6852000,53.4668000,59.3948000,28.7628000,-21.2750000,-24.3470000,9.1470000,0.000000,0,0,0
40.710,0.0933000,-0.0580000,9.7222000,52.7878000,59.7687000,28.2211000,-21.5440000,-24.1710000,8.7340000,0.000000,0,0,0
40.720,0.1316000,-0.2303000,9.7569000,52.7191000,60.0357000,28.4195000,-21.7680000,-24.1730000,8.8350000,0.000000,0,0,0
40.730,0.1627000,-0.3356000,9.7414000,53.0090000,60.4553000,29.4189000,-22.0430000,-23.9810000,9.2750000,0.000000,0,0,0
40.740,0.1759000,-0.3272000,9.6541000,53.0777000,61.0733000,30.8228000,-22.0420000,-23.8940000,9.2570000,0.000000,0,0,0
40.750,0.1854000,-0.2016000,9.5392000,52.4750000,61.8210000,31.8451000,-22.2980000,-24.3020000,8.8430000,0.000000,0,0,0
40.760,0.1794000,-0.0305000,9.4280000,51.3000000,61.9888000,31.9519000,-22.4760000,-24.3440000,8.5620000,0.000000,0,0,0
40.770,0.1998000,0.1190000,9.3945000,49.9878000,61.5921000,30.9982000,-22.4860000,-24.1170000,8.0580000,0.000000,0,0,0
40.780,0.2261000,0.1765000,9.4184000,48.8892000,60.3104000,29.2587000,-22.9620000,-24.2280000,8.5050000,0.000000,0,0,0
40.790,0.2249000,0.1310000,9.4985000,48.2330000,58.5251000,27.3514000,-23.2610000,-24.2260000,8.3500000,0.000000,0,0,0
40.800,0.1663000,0.0126000,9.5990000,47.9431000,56.8924000,26.0544000,-23.4970000,-24.3770000,8.3030000,0.000000,0,0,0
40.810,0.0957000,-0.1262000,9.7127000,48.1262000,56.0455000,25.9552000,-23.4760000,-24.1180000,8.7990000,0.000000,0,0,0
40.820,0.0455000,-0.1968000,9.7880000,49.1104000,56.6177000,26.9318000,-23.5500000,-24.1780000,8.8410000,0.000000,0,0,0
40.830,0.0167000,-0.1597000,9.7785000,51.1017000,58.1665000,28.0991000,-23.7000000,-23.9400000,9.2180000,0.000000,0,0,0
40.840,0.0096000,-0.0520000,9.7067000,53.8635000,59.4101000,28.5416000,-23.7690000,-24.0960000,9.1260000,0.000000,0,0,0
40.850,0.0167000,0.0664000,9.6134000,56.7245000,59.8755000,27.9312000,-23.9410000,-23.7650000,8.4940000,0.000000,0,0,0
40.860,0.0287000,0.1418000,9.5332000,58.9523000,59.5322000,26.5503000,-24.5850000,-23.9950000,8.7440000,0.000000,0,0,0
40.870,0.0514000,0.1477000,9.4806000,59.9747000,58.6014000,24.9939000,-24.4650000,-23.7300000,8.5330000,0.000000,0,0,0
40.880,0.0766000,0.0891000,9.4770000,59.5551000,57.2128000,23.7579000,-24.7600000,-23.8970000,8.7690000,0.000000,0,0,0
40.890,0.1160000,-0.0724000,9.5847000,56.8085000,55.2216000,23.5367000,-24.9290000,-23.8440000,8.3250000,0.000000,0,0,0
40.900,0.1615000,-0.1657000,9.6828000,54.5578000,55.0003000,24.5056000,-24.9880000,-23.4430000,7.8960000,0.000000,0,0,0
40.910,0.2117000,-0.1932000,9.7258000,52.7039000,55.7251000,25.8026000,-25.3630000,-23.2660000,7.7390000,0.000000,0,0,0
40.920,0.2536000,-0.1394000,9.7055000,51.4603000,56.8848000,26.8173000,-25.3540000,-23.6660000,7.9850000,0.000000,0,0,0
40.930,0.2847000,-0.0173000,9.6756000,50.6668000,58.1284000,27.0844000,-25.6620000,-23.7670000,8.1460000,0.000000,0,0,0
40.940,0.3254000,0.1214000,9.6780000,50.5371000,59.6390000,26.3214000,-25.7010000,-23.9430000,7.9280000,0.000000,0,0,0
40.950,0.3816000,0.2016000,9.7043000,51.3229000,61.3708000,24.4446000,-25.8810000,-23.6200000,7.6500000,0.000000,0,0,0
40.960,0.4295000,0.1549000,9.7521000,52.9938000,63.0798000,21.8124000,-26.2610000,-23.5990000,7.5300000,0.000000,0,0,0
40.970,0.4402000,-0.0030000,9.7713000,55.2444000,65.1093000,19.3634000,-26.4070000,-23.5800000,7.5140000,0.000000,0,0,0
40.980,0.4067000,-0.1932000,9.7043000,57.4493000,67.2531000,18.0359000,-26.6050000,-23.2540000,7.5120000,0.000000,0,0,0
40.990,0.3493000,-0.3332000,9.5344000,58.7463000,68.5654000,17.9977000,-26.7460000,-23.1580000,7.5340000,0.000000,0,0,0
41.000,0.2775000,-0.3583000,9.2964000,58.2352000,68.3517000,18.8675000,-26.9410000,-23.0810000,7.5820000,0.000000,0,0,0
41.010,0.2213000,-0.2602000,9.0607000,55.4886000,66.3681000,20.0424000,-26.9040000,-23.2660000,7.3060000,0.000000,0,0,0
41.020,0.2261000,-0.1142000,8.9423000,51.5671000,63.6902000,21.0648000,-27.2150000,-23.0820000,7.0860000,0.000000,0,0,0
41.030,0.2512000,-0.0329000,8.9722000,48.9044000,60.7300000,21.5302000,-27.6190000,-22.8620000,6.8060000,0.000000,0,0,0
41.040,0.2931000,-0.0353000,9.1612000,49.0341000,57.1136000,21.0419000,-27.7800000,-22.9240000,7.5730000,0.000000,0,0,0
41.050,0.3194000,-0.0999000,9.4638000,51.7883000,54.3671000,19.9356000,-28.2770000,-22.6600000,7.3720000,0.000000,0,0,0
41.060,0.3158000,-0.2159000,9.7916000,55.8472000,53.6957000,18.9056000,-28.0300000,-22.8580000,7.4070000,0.000000,0,0,0
41.070,0.3110000,-0.4181000,10.1194000,59.8984000,56.3049000,18.6310000,-28.5080000,-22.5470000,7.0580000,0.000000,0,0,0
41.080,0.2991000,-0.6358000,10.2845000,63.4918000,61.7523000,19.8517000,-28.6410000,-22.6580000,7.1800000,0.000000,0,0,0
41.090,0.3553000,-0.6586000,10.2115000,66.3376000,68.2602000,22.0108000,-28.5720000,-22.6180000,7.7500000,0.000000,0,0,0
41.100,0.4558000,-0.5365000,9.9675000,67.9932000,74.0356000,23.5825000,-28.6410000,-22.0760000,7.5200000,0.000000,0,0,0
41.110,0.5455000,-0.4157000,9.6983000,68.8858000,77.5375000,23.9410000,-28.8220000,-22.1570000,7.7080000,0.000000,0,0,0
41.120,0.5778000,-0.3703000,9.4973000,69.3512000,78.8345000,23.5062000,-29.0500000,-22.0550000,7.4160000,0.000000,0,0,0
41.130,0.5132000,-0.3475000,9.3777000,69.2902000,78.5599000,22.9263000,-29.1720000,-22.0480000,7.8370000,0.000000,0,0,0
41.140,0.3960000,-0.2901000,9.3586000,68.4280000,77.6062000,22.6746000,-29.3100000,-21.9560000,7.8970000,0.000000,0,0,0
41.150,0.2979000,-0.1633000,9.4531000,66.5817000,77.7054000,22.7890000,-29.0010000,-21.5390000,7.6010000,0.000000,0,0,0
41.160,0.2153000,-0.0090000,9.5703000,63.9343000,78.9490000,22.9263000,-29.3660000,-21.6810000,8.2080000,0.000000,0,0,0
41.170,0.1543000,0.1047000,9.6206000,61.4395000,79.2465000,22.6898000,-29.4800000,-21.7610000,8.4870000,0.000000,0,0,0
41.180,0.1364000,0.1430000,9.6301000,60.3027000,77.5681000,21.9116000,-29.6940000,-21.5800000,7.9840000,0.000000,0,0,0
41.190,0.1412000,0.0796000,9.6373000,60.5850000,75.7370000,21.1563000,-29.8560000,-21.9870000,8.2070000,0.000000,0,0,0
41.200,0.1208000,-0.0784000,9.6361000,61.6760000,74.6002000,21.2708000,-30.1380000,-21.5580000,8.6790000,0.000000,0,0,0
41.210,0.0802000,-0.2339000,9.6182000,63.0188000,74.3713000,22.6669000,-30.0880000,-21.3280000,8.4330000,0.000000,0,0,0
41.220,0.0227000,-0.2865000,9.5500000,64.1327000,74.7147000,25.1465000,-30.4270000,-21.0280000,8.6350000,0.000000,0,0,0
41.230,-0.0227000,-0.1800000,9.4411000,64.6820000,75.1190000,28.0838000,-30.1870000,-20.9380000,8.5030000,0.000000,0,0,0
41.240,-0.0586000,0.0508000,9.3143000,64.3463000,75.1114000,30.4947000,-30.3080000,-21.0590000,8.5660000,0.000000,0,0,0
41.250,-0.1041000,0.2949000,9.2210000,63.2172000,73.8754000,31.4941000,-30.5360000,-20.6910000,8.7110000,0.000000,0,0,0
41.260,-0.1579000,0.4492000,9.1947000,61.8439000,70.9076000,31.0287000,-30.6580000,-20.8070000,8.6600000,0.000000,0,0,0
41.270,-0.1938000,0.4516000,9.2533000,60.9131000,66.8793000,29.7852000,-30.7850000,-20.8260000,8.5580000,0.000000,0,0,0
41.280,-0.2082000,0.3344000,9.3490000,60.6384000,63.3392000,28.7170000,-30.9290000,-20.8350000,8.3590000,0.000000,0,0,0
41.290,-0.2225000,0.1800000,9.4543000,60.0510000,60.8521000,29.1748000,-30.9740000,-20.2610000,8.2810000,0.000000,0,0,0
41.300,-0.1675000,0.2243000,9.3622000,59.0210000,60.4782000,29.9454000,-31.1250000,-20.4130000,9.0500000,0.000000,0,0,0
41.310,-0.1436000,0.2147000,9.2437000,59.7229000,59.5779000,29.9683000,-31.2670000,-20.2750000,8.6390000,0.000000,0,0,0
41.320,-0.1101000,0.0784000,9.1791000,62.0956000,57.6096000,30.0293000,-31.5860000,-20.3500000,8.9160000,0.000000,0,0,0
41.330,-0.0730000,-0.1525000,9.2066000,65.3992000,55.5267000,30.7846000,-31.8160000,-20.2720000,8.8240000,0.000000,0,0,0
41.340,-0.0526000,-0.3858000,9.2784000,68.7408000,54.4052000,32.7454000,-31.5720000,-20.1710000,8.5220000,0.000000,0,0,0
41.350,-0.0766000,-0.5294000,9.3334000,71.3348000,55.0156000,36.2625000,-32.0570000,-20.0110000,8.7260000,0.000000,0,0,0
41.360,-0.1184000,-0.5210000,9.3191000,72.7158000,56.6940000,40.9546000,-32.1200000,-19.8650000,9.1140000,0.000000,0,0,0
41.370,-0.1400000,-0.3463000,9.2808000,72.4106000,58.4412000,45.7077000,-32.0340000,-19.8430000,8.0610000,0.000000,0,0,0
41.380,-0.1771000,-0.1214000,9.3203000,70.4498000,59.7305000,49.6216000,-32.4520000,-20.0330000,7.8180000,0.000000,0,0,0
41.390,-0.2512000,0.0628000,9.5141000,67.5812000,60.9436000,52.5284000,-32.1470000,-19.7410000,7.8970000,0.000000,0,0,0
41.400,-0.3421000,0.2111000,9.8263000,63.9801000,63.1561000,54.3442000,-32.2010000,-19.8530000,8.8540000,0.000000,0,0,0
41.410,-0.4043000,0.3332000,10.1900000,59.7305000,67.9092000,54.9545000,-32.2460000,-19.7540000,8.4810000,0.000000,0,0,0
41.420,-0.4438000,0.4121000,10.4771000,55.9082000,75.2640000,54.1992000,-32.1520000,-19.7600000,8.7010000,0.000000,0,0,0
41.430,-0.4558000,0.4205000,10.6123000,53.5278000,82.5043000,51.9867000,-32.2870000,-19.6660000,8.8760000,0.000000,0,0,0
41.440,-0.4534000,0.3368000,10.5632000,52.9861000,86.5936000,48.9273000,-32.4090000,-19.6950000,8.5070000,0.000000,0,0,0
41.450,-0.3457000,0.2793000,10.3754000,54.1534000,87.6999000,46.4172000,-32.2050000,-19.6120000,9.0910000,0.000000,0,0,0
41.460,-0.0610000,0.3475000,10.0668000,56.8695000,86.7691000,45.0592000,-32.3010000,-19.4360000,9.0890000,0.000000,0,0,0
41.470,0.3792000,0.4037000,9.6672000,60.6995000,84.5184000,43.3426000,-32.1090000,-19.3220000,9.0000000,0.000000,0,0,0
41.480,0.3601000,0.2434000,9.5739000,58.6166000,83.7860000,43.0756000,-32.1880000,-19.7750000,8.8010000,0.000000,0,0,0
41.490,0.1244000,0.0580000,9.5715000,51.3916000,84.1522000,46.1197000,-31.9820000,-19.7980000,8.3500000,0.000000,0,0,0
41.500,-0.1448000,-0.0102000,9.5225000,42.7551000,84.0836000,52.5742000,-31.7710000,-19.9890000,8.9490000,0.000000,0,0,0
41.510,-0.2500000,0.1537000,9.6170000,37.2086000,83.9691000,59.9060000,-32.1480000,-19.6630000,9.4480000,0.000000,0,0,0
41.520,-0.1842000,0.4349000,10.0189000,36.0031000,87.8220000,65.5136000,-31.6260000,-19.8730000,8.7750000,0.000000,0,0,0
41.530,-0.1627000,0.7746000,10.4077000,37.5137000,94.9020000,67.7490000,-31.8410000,-20.0590000,8.8460000,0.000000,0,0,0
41.540,-0.2668000,1.1706000,10.5178000,40.1611000,101.0208000,66.1011000,-31.6440000,-19.6100000,9.1690000,0.000000,0,0,0
41.550,-0.4283000,1.5151000,10.2462000,43.5028000,101.4709000,60.6461000,-31.7180000,-19.6620000,9.0070000,0.000000,0,0,0
41.560,-0.5419000,1.6287000,9.7545000,47.1191000,94.6808000,52.0782000,-31.9110000,-19.9930000,9.0860000,0.000000,0,0,0
41.570,-0.6209000,1.4206000,9.2557000,50.1175000,83.4808000,42.1829000,-32.0320000,-19.5610000,10.0420000,0.000000,0,0,0
41.580,-0.7154000,0.9409000,8.8669000,51.5518000,71.5942000,33.6533000,-32.2850000,-19.6930000,9.1830000,0.000000,0,0,0
41.590,-0.8518000,0.3104000,8.6001000,51.2161000,60.9283000,28.6484000,-32.7280000,-19.7130000,9.0420000,0.000000,0,0,0
41.600,-0.9881000,-0.3092000,8.4518000,49.3927000,51.5747000,27.9312000,-32.6400000,-19.6110000,9.0540000,0.000000,0,0,0
41.610,-1.0611000,-0.7662000,8.4350000,46.8750000,43.7164000,31.0974000,-32.7370000,-19.7940000,8.4940000,0.000000,0,0,0
41.620,-1.0444000,-0.9804000,8.5535000,44.7311000,37.7655000,36.5677000,-32.7490000,-19.6550000,8.3660000,0.000000,0,0,0
41.630,-0.9463000,-0.9684000,8.7999000,44.0979000,33.7143000,42.1906000,-33.0060000,-19.3240000,8.8880000,0.000000,0,0,0
41.640,-0.8230000,-0.7949000,9.1181000,45.7535000,31.3644000,46.0815000,-33.1230000,-19.5350000,7.5180000,0.000000,0,0,0
41.650,-0.7166000,-0.5318000,9.4531000,49.2477000,30.3192000,47.4091000,-33.7700000,-19.5370000,7.8020000,0.000000,0,0,0
41.660,-0.6604000,-0.2674000,9.7593000,53.1693000,30.6015000,46.3486000,-33.7580000,-19.3230000,7.9080000,0.000000,0,0,0
41.670,-0.6508000,-0.0819000,10.0022000,56.1676000,31.6696000,43.4647000,-33.9250000,-19.2760000,7.6230000,0.000000,0,0,0
41.680,-0.6508000,-0.0173000,10.1792000,57.7469000,32.9590000,39.7263000,-34.0800000,-19.1650000,7.5840000,0.000000,0,0,0
41.690,-0.6041000,-0.0628000,10.2989000,58.2581000,34.2789000,36.1710000,-34.1310000,-19.1010000,7.5090000,0.000000,0,0,0
41.700,-0.4701000,-0.1860000,10.3838000,58.2809000,36.3541000,33.4625000,-34.4990000,-19.1760000,7.5300000,0.000000,0,0,0
41.710,-0.2955000,-0.3320000,10.4161000,58.1512000,40.3671000,31.7535000,-34.4410000,-19.1250000,7.5140000,0.000000,0,0,0
41.720,-0.1699000,-0.4683000,10.3646000,57.8537000,45.6772000,30.9601000,-34.6190000,-18.6920000,7.6460000,0.000000,0,0,0
41.730,-0.1136000,-0.5449000,10.2689000,57.3654000,51.0178000,30.9448000,-34.9600000,-18.5600000,7.2480000,0.000000,0,0,0
41.740,-0.0909000,-0.5234000,10.1900000,56.8161000,55.8701000,31.3492000,-35.2240000,-18.9680000,7.2420000,0.000000,0,0,0
41.750,-0.0694000,-0.4384000,10.1828000,56.4041000,60.0510000,31.7001000,-35.0720000,-18.0670000,7.8830000,0.000000,0,0,0
41.760,-0.0407000,-0.3607000,10.2666000,56.1066000,63.9801000,31.7612000,-35.1160000,-18.3630000,7.2040000,0.000000,0,0,0
41.770,-0.0179000,-0.3344000,10.3969000,55.6793000,68.3136000,31.8756000,-35.1640000,-18.4830000,7.8570000,0.000000,0,0,0
41.780,0.0096000,-0.3344000,10.5130000,55.0461000,73.5397000,32.3181000,-35.1250000,-18.1570000,8.0870000,0.000000,0,0,0
41.790,0.0323000,-0.3463000,10.5381000,54.4739000,79.3762000,32.9132000,-35.0540000,-18.4090000,8.3610000,0.000000,0,0,0
41.800,0.0502000,-0.3595000,10.4592000,54.3976000,84.7015000,33.3939000,-35.4390000,-18.1920000,8.4000000,0.000000,0,0,0
41.810,0.0610000,-0.3451000,10.3084000,55.0461000,89.1113000,33.6456000,-35.1050000,-17.9930000,8.3140000,0.000000,0,0,0
41.820,0.0443000,-0.2961000,10.0811000,56.1371000,92.4454000,33.6456000,-35.3170000,-17.8820000,7.9060000,0.000000,0,0,0
41.830,-0.0144000,-0.2422000,9.8084000,56.9458000,93.9407000,33.4549000,-35.2000000,-17.6630000,7.6530000,0.000000,0,0,0
41.840,-0.1208000,-0.1932000,9.5595000,56.9229000,93.3304000,33.3939000,-35.3570000,-17.5550000,8.4900000,0.000000,0,0,0
41.850,-0.2704000,-0.1286000,9.3753000,55.9616000,91.0416000,33.7830000,-35.4440000,-17.4120000,7.7060000,0.000000,0,0,0
41.860,-0.4247000,-0.0520000,9.2509000,54.5731000,87.2726000,34.5383000,-35.6350000,-17.4310000,7.8190000,0.000000,0,0,0
41.870,-0.5443000,-0.0006000,9.1432000,54.1992000,81.5964000,35.3317000,-35.7640000,-17.3890000,8.0310000,0.000000,0,0,0
41.880,-0.5754000,-0.0257000,9.0727000,56.0760000,74.4400000,35.9268000,-35.6050000,-17.5170000,8.1390000,0.000000,0,0,0
41.890,-0.4965000,-0.1142000,9.0595000,59.3491000,67.3981000,36.1023000,-35.8690000,-17.3860000,8.0210000,0.000000,0,0,0
41.900,-0.3948000,-0.2099000,9.0727000,62.4695000,61.5234000,36.0489000,-35.7510000,-16.8930000,7.6670000,0.000000,0,0,0
41.910,-0.3362000,-0.3248000,9.1073000,64.5294000,56.3965000,36.1786000,-35.9700000,-17.0190000,7.4670000,0.000000,0,0,0
41.920,-0.3039000,-0.4325000,9.2126000,65.4678000,52.2919000,36.6287000,-36.4360000,-17.0850000,7.5060000,0.000000,0,0,0
41.930,-0.2847000,-0.4372000,9.4256000,65.5746000,50.3693000,37.4603000,-36.4070000,-16.9630000,7.6350000,0.000000,0,0,0
41.940,-0.3074000,-0.2757000,9.6648000,64.9033000,51.7807000,38.5208000,-36.5330000,-17.0320000,7.5280000,0.000000,0,0,0
41.950,-0.3960000,0.0006000,9.8048000,63.5452000,55.3436000,39.2532000,-36.2850000,-16.7750000,7.5340000,0.000000,0,0,0
41.960,-0.4893000,0.2865000,9.8215000,61.5845000,58.8684000,38.8565000,-36.3190000,-16.6160000,7.5510000,0.000000,0,0,0
41.970,-0.5539000,0.4636000,9.7617000,59.0973000,60.7605000,36.8652000,-36.8820000,-16.7640000,8.1950000,0.000000,0,0,0
41.980,-0.5754000,0.4420000,9.6947000,56.2668000,60.6079000,33.4244000,-36.8810000,-16.3680000,8.0660000,0.000000,0,0,0
41.990,-0.5623000,0.2135000,9.6636000,53.6346000,59.4254000,29.4266000,-37.2960000,-16.2360000,7.3810000,0.000000,0,0,0
42.000,-0.5455000,-0.1669000,9.6696000,51.8799000,58.0444000,26.2680000,-37.3150000,-16.2060000,7.5530000,0.000000,0,0,0
42.010,-0.5132000,-0.5593000,9.7055000,51.4679000,57.5104000,25.1999000,-37.2110000,-15.9850000,7.5850000,0.000000,0,0,0
42.020,-0.5084000,-0.7961000,9.7103000,52.5436000,58.7234000,26.7258000,-37.2340000,-15.8790000,7.4050000,0.000000,0,0,0
42.030,-0.5527000,-0.8081000,9.6206000,54.9927000,60.6384000,30.0827000,-37.2540000,-15.8560000,7.3820000,0.000000,0,0,0
42.040,-0.6137000,-0.6275000,9.4686000,58.1589000,61.7371000,33.7753000,-37.3190000,-15.6480000,7.8100000,0.000000,0,0,0
42.050,-0.6651000,-0.3595000,9.3239000,60.9589000,61.3861000,36.5829000,-37.3510000,-15.6940000,7.2330000,0.000000,0,0,0
42.060,-0.6974000,-0.1346000,9.2413000,62.3856000,59.5398000,38.0249000,-37.5280000,-15.0160000,7.2550000,0.000000,0,0,0
42.070,-0.7010000,-0.0185000,9.2509000,62.1033000,56.7093000,38.3224000,-37.6990000,-14.8790000,6.7250000,0.000000,0,0,0
42.080,-0.6424000,-0.0760000,9.4280000,59.2728000,52.3987000,38.0096000,-37.8620000,-15.1000000,7.0240000,0.000000,0,0,0
42.090,-0.5527000,-0.2088000,9.6026000,56.9382000,50.7507000,37.9868000,-37.9850000,-14.6410000,7.2450000,0.000000,0,0,0
42.100,-0.4570000,-0.3284000,9.7569000,55.1758000,50.9338000,38.4674000,-38.2230000,-15.1100000,6.8980000,0.000000,0,0,0
42.110,-0.3804000,-0.3571000,9.8395000,54.2755000,53.0243000,39.4440000,-38.1060000,-15.0360000,6.9960000,0.000000,0,0,0
42.120,-0.3266000,-0.2745000,9.8179000,54.0161000,56.3889000,40.5045000,-37.9570000,-14.8860000,6.8380000,0.000000,0,0,0
42.130,-0.2907000,-0.1597000,9.7198000,54.0543000,59.7305000,41.1377000,-38.1170000,-14.5510000,7.2580000,0.000000,0,0,0
42.140,-0.2644000,-0.1071000,9.6050000,54.1077000,61.9736000,41.1835000,-38.2050000,-14.8910000,6.8320000,0.000000,0,0,0
42.150,-0.2393000,-0.1549000,9.5464000,54.2297000,62.7670000,41.0309000,-38.6080000,-14.2960000,7.3830000,0.000000,0,0,0
42.160,-0.2141000,-0.2578000,9.5643000,54.6646000,62.9425000,41.3895000,-38.6390000,-14.8170000,7.4420000,0.000000,0,0,0
42.170,-0.1986000,-0.3332000,9.6062000,55.4504000,63.2401000,42.6025000,-38.4850000,-14.3370000,7.4000000,0.000000,0,0,0
42.180,-0.1950000,-0.3284000,9.6265000,56.4041000,63.6215000,44.2505000,-38.4840000,-14.5510000,7.5940000,0.000000,0,0,0
42.190,-0.2046000,-0.2686000,9.6146000,57.1823000,63.9648000,45.7687000,-38.5800000,-14.2950000,7.8370000,0.000000,0,0,0
42.200,-0.2261000,-0.1860000,9.5871000,57.4265000,64.4302000,46.9284000,-38.8130000,-14.6080000,8.1310000,0.000000,0,0,0
42.210,-0.2524000,-0.1178000,9.5488000,57.0755000,65.0482000,47.7219000,-38.9850000,-14.3130000,7.3510000,0.000000,0,0,0
42.220,-0.2536000,-0.1035000,9.5380000,56.2515000,65.4907000,48.1873000,-38.9390000,-14.5200000,7.4770000,0.000000,0,0,0
42.230,-0.2321000,-0.1537000,9.5739000,55.0461000,65.7196000,48.5229000,-38.6890000,-14.1970000,7.3410000,0.000000,0,0,0
42.240,-0.1735000,-0.2375000,9.6564000,53.5965000,65.6891000,48.8205000,-38.6280000,-14.0360000,7.3910000,0.000000,0,0,0
42.250,-0.0945000,-0.2865000,9.7641000,52.3148000,66.0324000,48.9044000,-38.9040000,-14.4840000,7.3780000,0.000000,0,0,0
42.260,-0.0251000,-0.2686000,9.8455000,51.6815000,67.0929000,48.5001000,-38.8580000,-14.2510000,7.1080000,0.000000,0,0,0
42.270,0.0036000,-0.2147000,9.8670000,51.8265000,68.8553000,47.5998000,-38.9290000,-14.0270000,7.3470000,0.000000,0,0,0
42.280,-0.0144000,-0.1765000,9.8287000,52.5284000,70.6406000,46.3867000,-39.1170000,-14.2530000,7.6070000,0.000000,0,0,0
42.290,-0.0610000,-0.1848000,9.7665000,53.4592000,72.0596000,45.1126000,-38.9520000,-14.0650000,7.6340000,0.000000,0,0,0
42.300,-0.1268000,-0.2303000,9.6935000,54.4052000,73.0972000,44.0750000,-39.2520000,-13.6980000,7.3380000,0.000000,0,0,0
42.310,-0.2034000,-0.2997000,9.6182000,55.1529000,73.3871000,43.4952000,-38.9410000,-13.8950000,7.6520000,0.000000,0,0,0
42.320,-0.2799000,-0.3966000,9.5619000,55.6183000,72.5632000,43.4494000,-39.1800000,-13.8840000,6.9900000,0.000000,0,0,0
42.330,-0.3362000,-0.5054000,9.5464000,55.8929000,70.8771000,43.9377000,-39.1130000,-13.7310000,7.2180000,0.000000,0,0,0
42.340,-0.3637000,-0.5916000,9.5775000,56.1676000,69.0765000,44.8914000,-39.5400000,-13.7920000,6.7860000,0.000000,0,0,0
42.350,-0.3900000,-0.6107000,9.6265000,56.5414000,67.8482000,45.9366000,-39.2620000,-13.5490000,7.9150000,0.000000,0,0,0
42.360,-0.4235000,-0.5473000,9.6744000,56.9839000,67.0853000,46.5164000,-39.3190000,-13.4980000,7.2880000,0.000000,0,0,0
42.370,-0.4749000,-0.4289000,9.7139000,57.3730000,66.8945000,46.4020000,-39.3750000,-13.5920000,7.3470000,0.000000,0,0,0
42.380,-0.5323000,-0.3296000,9.7270000,57.6096000,67.2760000,45.7687000,-39.3080000,-13.4730000,7.7800000,0.000000,0,0,0
42.390,-0.5599000,-0.2889000,9.7127000,57.7240000,67.8558000,45.0058000,-39.3300000,-13.1000000,7.2760000,0.000000,0,0,0
42.400,-0.5371000,-0.2877000,9.6887000,57.8918000,68.0466000,44.4336000,-39.2780000,-12.9180000,7.2120000,0.000000,0,0,0
42.410,-0.4594000,-0.3092000,9.6792000,58.2962000,67.7872000,44.1284000,-39.3560000,-13.2330000,7.2100000,0.000000,0,0,0
42.420,-0.3565000,-0.3475000,9.6840000,59.0286000,67.2379000,43.9987000,-39.8880000,-12.9190000,7.4710000,0.000000,0,0,0
42.430,-0.2632000,-0.3798000,9.7007000,60.0586000,66.5207000,43.8309000,-39.6160000,-12.8760000,7.8210000,0.000000,0,0,0
42.440,-0.2249000,-0.3870000,9.7151000,61.3708000,65.6662000,43.3197000,-39.3830000,-12.3680000,7.6170000,0.000000,0,0,0
42.450,-0.2428000,-0.3774000,9.7258000,62.9272000,64.4989000,42.3431000,-39.5350000,-12.8960000,7.3950000,0.000000,0,0,0
42.460,-0.2955000,-0.3774000,9.7426000,64.5065000,63.5147000,41.2674000,-39.5910000,-12.5050000,7.6550000,0.000000,0,0,0
42.470,-0.3685000,-0.3990000,9.7474000,65.7120000,63.5071000,40.6036000,-39.6810000,-12.4520000,7.7480000,0.000000,0,0,0
42.480,-0.4486000,-0.4253000,9.7151000,66.2308000,64.3463000,40.7104000,-39.6700000,-12.3990000,7.6430000,0.000000,0,0,0
42.490,-0.5132000,-0.4277000,9.6588000,66.0324000,65.2161000,41.4505000,-39.3700000,-11.9310000,7.4240000,0.000000,0,0,0
42.500,-0.5611000,-0.3774000,9.6050000,65.4297000,65.8798000,42.3126000,-39.7720000,-11.8680000,7.6740000,0.000000,0,0,0
42.510,-0.6173000,-0.2985000,9.5512000,64.7202000,66.2537000,42.9001000,-39.6700000,-11.8370000,7.8420000,0.000000,0,0,0
42.520,-0.6843000,-0.2327000,9.5057000,64.0182000,66.1621000,43.2434000,-39.3540000,-11.8640000,8.1790000,0.000000,0,0,0
42.530,-0.7381000,-0.2219000,9.4866000,63.3774000,65.5670000,43.6630000,-39.9860000,-11.7300000,7.6010000,0.000000,0,0,0
42.540,-0.7584000,-0.2745000,9.5033000,62.8281000,64.5676000,44.4336000,-40.2420000,-11.8130000,7.8480000,0.000000,0,0,0
42.550,-0.7261000,-0.3547000,9.5572000,62.4619000,63.3392000,45.6009000,-40.0180000,-11.5170000,7.7940000,0.000000,0,0,0
42.560,-0.6472000,-0.4325000,9.6277000,62.4924000,62.4161000,47.0352000,-40.1970000,-11.6820000,7.1040000,0.000000,0,0,0
42.570,-0.5539000,-0.4660000,9.6816000,63.2553000,62.0956000,48.5992000,-40.3000000,-11.4620000,7.8050000,0.000000,0,0,0
42.580,-0.4785000,-0.4456000,9.7055000,64.7659000,62.3550000,50.0793000,-40.1120000,-11.3090000,8.1410000,0.000000,0,0,0
42.590,-0.4522000,-0.3798000,9.6911000,66.6122000,62.8586000,51.1322000,-40.0810000,-11.4070000,8.2000000,0.000000,0,0,0
42.600,-0.4761000,-0.2949000,9.6505000,68.1992000,63.0417000,51.6510000,-39.9730000,-11.2640000,7.7380000,0.000000,0,0,0
42.610,-0.5168000,-0.2171000,9.5978000,69.1299000,62.5916000,51.7960000,-40.1390000,-11.0770000,7.4660000,0.000000,0,0,0
42.620,-0.5491000,-0.1729000,9.5583000,69.3283000,61.6913000,51.8265000,-40.1820000,-11.3300000,7.9260000,0.000000,0,0,0
42.630,-0.5611000,-0.1669000,9.5332000,68.9240000,60.6079000,51.9714000,-40.6640000,-11.4750000,7.2950000,0.000000,0,0,0
42.640,-0.5491000,-0.1788000,9.5237000,68.1763000,59.4559000,52.2842000,-40.3750000,-11.2570000,6.8940000,0.000000,0,0,0
42.650,-0.5156000,-0.1944000,9.5165000,67.4362000,58.2275000,52.4826000,-40.3120000,-10.9920000,7.3670000,0.000000,0,0,0
42.660,-0.4462000,-0.1992000,9.5260000,66.3757000,56.2210000,52.2995000,-40.6520000,-11.0310000,7.6480000,0.000000,0,0,0
42.670,-0.4199000,-0.1884000,9.5583000,65.6738000,55.0613000,52.0859000,-40.4950000,-10.6290000,7.3100000,0.000000,0,0,0
42.680,-0.4271000,-0.1860000,9.6074000,65.0940000,54.4739000,52.0248000,-40.5590000,-11.0530000,8.1630000,0.000000,0,0,0
42.690,-0.4642000,-0.2028000,9.6564000,64.6744000,54.5883000,52.4216000,-40.8640000,-10.7920000,7.8450000,0.000000,0,0,0
42.700,-0.5060000,-0.2327000,9.6959000,64.4989000,55.1071000,53.4439000,-40.8750000,-10.6290000,7.4970000,0.000000,0,0,0
42.710,-0.5300000,-0.2506000,9.7282000,64.7049000,55.8243000,54.9698000,-40.6520000,-10.3900000,8.0070000,0.000000,0,0,0
42.720,-0.5252000,-0.2375000,9.7498000,65.2695000,56.5872000,56.5720000,-40.7480000,-10.4720000,7.3560000,0.000000,0,0,0
42.730,-0.4965000,-0.2016000,9.7510000,66.0248000,57.4112000,57.8995000,-40.9090000,-10.2110000,7.7880000,0.000000,0,0,0
42.740,-0.4498000,-0.1513000,9.7294000,66.7114000,58.3344000,58.7997000,-40.7940000,-10.2610000,7.8710000,0.000000,0,0,0
42.750,-0.3206000,-0.0628000,9.7294000,66.6962000,61.0046000,59.3414000,-40.6020000,-9.8370000,8.2660000,0.000000,0,0,0
42.760,-0.3326000,0.0640000,9.4770000,62.2711000,69.1223000,58.8913000,-40.5630000,-10.2890000,8.1820000,0.000000,0,0,0
42.770,-0.4666000,0.0461000,9.3813000,56.2057000,71.7010000,58.1207000,-40.7020000,-10.2840000,8.2240000,0.000000,0,0,0
42.780,-0.4869000,0.0484000,9.4148000,53.5507000,71.0526000,57.9071000,-40.9760000,-10.1560000,7.7800000,0.000000,0,0,0
42.790,-0.4354000,0.0042000,9.5129000,54.2145000,68.9316000,58.0063000,-40.9370000,-10.3830000,7.0020000,0.000000,0,0,0
42.800,-0.3661000,-0.0389000,9.6170000,56.0760000,67.8482000,57.9453000,-40.7430000,-10.2240000,8.2540000,0.000000,0,0,0
42.810,-0.3589000,-0.0592000,9.6672000,57.7621000,67.5278000,57.6935000,-40.9740000,-10.2620000,8.1480000,0.000000,0,0,0
42.820,-0.3936000,-0.0508000,9.6875000,59.3033000,67.2913000,57.4341000,-40.7020000,-10.3480000,8.6700000,0.000000,0,0,0
42.830,-0.4821000,-0.0209000,9.6600000,60.8368000,67.0700000,57.3273000,-40.7190000,-10.1780000,8.1540000,0.000000,0,0,0
42.840,-0.6316000,0.0042000,9.6170000,62.2940000,66.8182000,57.6553000,-40.7680000,-10.0620000,8.1840000,0.000000,0,0,0
42.850,-0.8230000,-0.0293000,9.6253000,64.0106000,66.2689000,59.0134000,-40.7950000,-10.1250000,7.9980000,0.000000,0,0,0
42.860,-1.0001000,-0.1788000,9.7641000,67.2455000,64.6439000,61.8134000,-40.6540000,-9.8890000,8.2700000,0.000000,0,0,0
42.870,-1.0121000,-0.3906000,10.0656000,73.6008000,62.2864000,65.7654000,-40.5370000,-9.9880000,7.9180000,0.000000,0,0,0
42.880,-0.8530000,-0.4923000,10.2163000,80.3604000,63.6368000,69.9463000,-40.5620000,-9.9700000,8.5020000,0.000000,0,0,0
42.890,-0.6604000,-0.5210000,10.1744000,84.3124000,67.0090000,73.7534000,-40.5540000,-9.8680000,8.0120000,0.000000,0,0,0
42.900,-0.4414000,-0.3882000,9.9567000,85.1364000,70.0760000,76.4542000,-40.4360000,-9.7500000,8.2240000,0.000000,0,0,0
42.910,-0.2811000,-0.1573000,9.6182000,83.5190000,71.0373000,77.6978000,-40.5200000,-9.9920000,8.0490000,0.000000,0,0,0
42.920,-0.2022000,0.0891000,9.2712000,79.8874000,69.8166000,77.6367000,-40.6490000,-9.7550000,8.3420000,0.000000,0,0,0
42.930,-0.2129000,0.3021000,9.0140000,74.6918000,67.1997000,76.6754000,-40.8350000,-10.0870000,8.7020000,0.000000,0,0,0
42.940,-0.2716000,0.4540000,8.9100000,68.8400000,63.8428000,75.0809000,-40.6010000,-9.9450000,8.3810000,0.000000,0,0,0
42.950,-0.3170000,0.5306000,8.9650000,63.2324000,60.6003000,73.1049000,-40.7000000,-9.9290000,8.6530000,0.000000,0,0,0
42.960,-0.3158000,0.5377000,9.1229000,58.5175000,58.0444000,70.8160000,-40.7730000,-10.3690000,8.1600000,0.000000,0,0,0
42.970,-0.2608000,0.4971000,9.3071000,55.2292000,56.3812000,68.1763000,-40.6540000,-10.1720000,8.1340000,0.000000,0,0,0
42.980,-0.1986000,0.4325000,9.4459000,53.6575000,55.7938000,65.2466000,-40.5260000,-9.8970000,7.6360000,0.000000,0,0,0
42.990,-0.1818000,0.3607000,9.5153000,53.5049000,56.0150000,62.4161000,-40.9910000,-10.1640000,7.7720000,0.000000,0,0,0
43.000,-0.2058000,0.2745000,9.5356000,54.0085000,56.3507000,60.1349000,-40.6620000,-9.9340000,7.6400000,0.000000,0,0,0
43.010,-0.2369000,0.1573000,9.5488000,54.5120000,56.2057000,58.5938000,-40.9470000,-9.8370000,7.4920000,0.000000,0,0,0
43.020,-0.2596000,0.0054000,9.5847000,54.7333000,55.4962000,57.8003000,-40.9540000,-9.8530000,8.2140000,0.000000,0,0,0
43.030,-0.2572000,-0.1621000,9.6433000,54.8019000,54.5044000,57.5562000,-40.8220000,-10.0080000,7.2980000,0.000000,0,0,0
43.040,-0.2201000,-0.2925000,9.7187000,54.8859000,53.7186000,57.5790000,-40.7880000,-10.0670000,7.9350000,0.000000,0,0,0
43.050,-0.1986000,-0.3547000,9.7904000,54.9545000,54.0009000,57.7927000,-40.6540000,-10.0040000,7.1820000,0.000000,0,0,0
43.060,-0.2357000,-0.3547000,9.8538000,54.8706000,55.4199000,58.2886000,-41.0110000,-9.9470000,7.2520000,0.000000,0,0,0
43.070,-0.3182000,-0.3068000,9.9136000,54.7714000,57.4341000,59.1965000,-40.9590000,-10.3190000,7.2910000,0.000000,0,0,0
43.080,-0.4115000,-0.2243000,9.9711000,54.9316000,59.6237000,60.5240000,-40.9650000,-9.8210000,7.4060000,0.000000,0,0,0
43.090,-0.4785000,-0.1214000,10.0285000,55.5725000,61.8210000,62.0193000,-40.5250000,-9.7810000,7.4970000,0.000000,0,0,0
43.100,-0.4845000,-0.0126000,10.0644000,56.7169000,64.0717000,63.2858000,-40.7000000,-10.0720000,7.3940000,0.000000,0,0,0
43.110,-0.4438000,0.0951000,10.0393000,58.2275000,66.2460000,63.9038000,-40.9780000,-9.6610000,7.2670000,0.000000,0,0,0
43.120,-0.3756000,0.1788000,9.9412000,59.8526000,67.8253000,63.6444000,-40.7180000,-9.9180000,7.5900000,0.000000,0,0,0
43.130,-0.3027000,0.2123000,9.7988000,61.2259000,68.3060000,62.5687000,-40.9320000,-9.6070000,7.1540000,0.000000,0,0,0
43.140,-0.2393000,0.1753000,9.6684000,61.9965000,67.6651000,61.0123000,-40.8100000,-9.7310000,7.5290000,0.000000,0,0,0
43.150,-0.1854000,0.0843000,9.5799000,62.1185000,66.3528000,59.3719000,-40.6100000,-9.4420000,7.1980000,0.000000,0,0,0
43.160,-0.1400000,-0.0114000,9.5560000,61.9125000,65.2313000,57.9224000,-40.7860000,-9.2940000,7.3060000,0.000000,0,0,0
43.170,-0.1340000,-0.0712000,9.5763000,61.8134000,65.0558000,56.6864000,-40.9830000,-9.5650000,7.4900000,0.000000,0,0,0
43.180,-0.1854000,-0.0784000,9.6074000,61.8591000,65.6052000,55.6107000,-40.8690000,-9.6390000,7.3410000,0.000000,0,0,0
43.190,-0.2763000,-0.0401000,9.6397000,61.7447000,66.2689000,54.7409000,-40.8610000,-9.4500000,7.3120000,0.000000,0,0,0
43.200,-0.3828000,0.0173000,9.6744000,61.1267000,66.4902000,54.1458000,-40.9540000,-9.4280000,7.0950000,0.000000,0,0,0
43.210,-0.4725000,0.0688000,9.7115000,60.0433000,66.2308000,53.9169000,-41.0630000,-9.4160000,7.5150000,0.000000,0,0,0
43.220,-0.5108000,0.0855000,9.7617000,58.8303000,65.9103000,54.0390000,-40.9670000,-9.1760000,7.6520000,0.000000,0,0,0
43.230,-0.4630000,0.0365000,9.8658000,57.7621000,66.1163000,54.6341000,-41.1020000,-9.0810000,7.6050000,0.000000,0,0,0
43.240,-0.3924000,-0.0209000,9.9316000,58.1055000,66.4902000,55.0308000,-40.8880000,-9.3250000,7.3860000,0.000000,0,0,0
43.250,-0.3170000,-0.0640000,9.9495000,59.3796000,66.7419000,55.1529000,-41.2740000,-8.9080000,7.3990000,0.000000,0,0,0
43.260,-0.2787000,-0.0927000,9.8837000,61.2717000,66.9327000,55.0537000,-41.0420000,-9.0050000,7.7040000,0.000000,0,0,0
43.270,-0.3015000,-0.1023000,9.7342000,63.0417000,66.9556000,55.0385000,-41.1100000,-8.8660000,8.1040000,0.000000,0,0,0
43.280,-0.3697000,-0.0879000,9.5607000,63.8962000,66.3300000,55.3055000,-41.3550000,-9.0610000,7.6640000,0.000000,0,0,0
43.290,-0.4594000,-0.0377000,9.4483000,63.6978000,65.0787000,55.9540000,-41.4170000,-8.9080000,7.7860000,0.000000,0,0,0
43.300,-0.5491000,0.0437000,9.4363000,63.0188000,63.6673000,56.9763000,-40.9300000,-9.2970000,8.2170000,0.000000,0,0,0
43.310,-0.6209000,0.1322000,9.5213000,62.5916000,62.6373000,58.3115000,-41.0820000,-9.1610000,7.8110000,0.000000,0,0,0
43.320,-0.6651000,0.2064000,9.6564000,62.8128000,62.5000000,59.8755000,-41.3290000,-8.6970000,7.6310000,0.000000,0,0,0
43.330,-0.6831000,0.2422000,9.7713000,63.4766000,63.4232000,61.5234000,-41.2880000,-8.8720000,7.4130000,0.000000,0,0,0
43.340,-0.6711000,0.2494000,9.8239000,64.3539000,64.6744000,62.9959000,-41.1690000,-8.7810000,7.3090000,0.000000,0,0,0
43.350,-0.6316000,0.2530000,9.7976000,64.9872000,65.7730000,64.0564000,-41.2890000,-8.7360000,7.9450000,0.000000,0,0,0
43.360,-0.5850000,0.2542000,9.7103000,64.5752000,66.9632000,64.5981000,-41.3250000,-8.5550000,8.1190000,0.000000,0,0,0
43.370,-0.5563000,0.2231000,9.6182000,63.3011000,67.3294000,64.8880000,-41.0080000,-8.4750000,8.5730000,0.000000,0,0,0
43.380,-0.5323000,0.1932000,9.5583000,62.2177000,66.2918000,65.0558000,-41.3180000,-8.8500000,7.3220000,0.000000,0,0,0
43.390,-0.5120000,0.1573000,9.5452000,61.5082000,64.0411000,65.1627000,-41.4900000,-8.5790000,7.4350000,0.000000,0,0,0
43.400,-0.4713000,0.0975000,9.5954000,61.2946000,61.2106000,65.1474000,-41.2860000,-8.6960000,7.4000000,0.000000,0,0,0
43.410,-0.4043000,0.0173000,9.6672000,61.8362000,58.1665000,64.9796000,-41.0040000,-8.3840000,7.5680000,0.000000,0,0,0
43.420,-0.3230000,-0.0532000,9.7163000,63.2477000,55.2750000,64.7507000,-41.0520000,-8.4780000,7.9070000,0.000000,0,0,0
43.430,-0.2967000,-0.0772000,9.7067000,65.2618000,53.2990000,64.6133000,-41.2210000,-8.4380000,7.8020000,0.000000,0,0,0
43.440,-0.3326000,-0.0269000,9.6301000,67.2836000,52.8183000,64.8956000,-41.0940000,-8.8350000,7.6990000,0.000000,0,0,0
43.450,-0.4295000,0.1011000,9.4914000,68.5272000,53.8864000,65.9180000,-41.1290000,-8.7630000,7.1090000,0.000000,0,0,0
43.460,-0.5515000,0.2734000,9.3299000,68.3746000,55.6335000,67.6880000,-41.2600000,-8.6920000,7.8550000,0.000000,0,0,0
43.470,-0.6520000,0.4432000,9.2162000,66.8259000,57.3654000,69.9387000,-41.5330000,-8.6640000,7.6530000,0.000000,0,0,0
43.480,-0.7154000,0.5688000,9.1887000,64.4989000,58.6090000,72.2733000,-41.1010000,-9.0150000,7.5550000,0.000000,0,0,0
43.490,-0.7333000,0.6239000,9.2473000,62.1109000,59.0134000,74.2798000,-40.8000000,-8.6620000,7.2770000,0.000000,0,0,0
43.500,-0.7094000,0.6083000,9.3813000,60.1959000,58.4869000,75.7370000,-40.9800000,-8.9510000,7.5990000,0.000000,0,0,0
43.510,-0.6615000,0.5306000,9.5727000,59.1888000,56.9534000,76.5839000,-41.3630000,-9.0410000,7.8840000,0.000000,0,0,0
43.520,-0.5886000,0.4037000,9.7964000,59.4101000,54.6875000,76.9043000,-41.1580000,-8.8350000,7.2080000,0.000000,0,0,0
43.530,-0.4905000,0.2650000,9.9950000,60.8368000,52.3834000,76.8127000,-41.4350000,-8.5300000,7.0430000,0.000000,0,0,0
43.540,-0.3780000,0.1358000,10.1170000,63.0264000,50.5371000,76.4923000,-41.3660000,-9.0700000,8.0660000,0.000000,0,0,0
43.550,-0.2847000,0.0461000,10.1385000,65.3152000,49.7437000,76.0040000,-41.5530000,-8.8860000,8.0350000,0.000000,0,0,0
43.560,-0.1914000,0.0114000,10.0452000,66.8716000,50.0946000,75.4700000,-41.2700000,-8.7810000,7.5840000,0.000000,0,0,0
43.570,-0.0359000,0.0257000,9.8730000,67.2302000,50.7507000,74.7604000,-41.1560000,-8.6450000,7.4480000,0.000000,0,0,0
43.580,0.1651000,0.0544000,9.6887000,66.2918000,51.3229000,73.2498000,-40.9790000,-9.1010000,7.3520000,0.000000,0,0,0
43.590,0.3242000,0.0760000,9.5799000,64.4531000,52.0859000,70.7169000,-41.0340000,-9.0420000,6.3920000,0.000000,0,0,0
43.600,0.3804000,0.0939000,9.5320000,62.5153000,53.2684000,67.7719000,-41.3080000,-9.0140000,6.8910000,0.000000,0,0,0
43.610,0.3529000,0.1286000,9.4961000,60.7224000,54.6036000,65.0330000,-41.0600000,-8.6780000,6.3950000,0.000000,0,0,0
43.620,0.2871000,0.1920000,9.4698000,59.1278000,55.9540000,62.9654000,-40.9970000,-9.0740000,6.5050000,0.000000,0,0,0
43.630,0.1735000,0.2291000,9.4734000,57.8308000,56.9382000,61.6913000,-41.5680000,-8.9800000,6.5450000,0.000000,0,0,0
43.640,0.0586000,0.2387000,9.5093000,56.9992000,57.9071000,61.3327000,-41.4520000,-8.8700000,7.1650000,0.000000,0,0,0
43.650,-0.0419000,0.2375000,9.5595000,56.6788000,58.9218000,61.8134000,-41.4310000,-8.9230000,6.6830000,0.000000,0,0,0
43.660,-0.1232000,0.2267000,9.6301000,56.8466000,59.8602000,62.8357000,-41.4190000,-8.9380000,6.8020000,0.000000,0,0,0
43.670,-0.1854000,0.2219000,9.6840000,57.2968000,60.9436000,64.1632000,-41.7500000,-9.2350000,7.4820000,0.000000,0,0,0
43.680,-0.2249000,0.2219000,9.6588000,57.5638000,62.4847000,65.5212000,-41.6050000,-8.9880000,7.1990000,0.000000,0,0,0
43.690,-0.2381000,0.2183000,9.5548000,57.0221000,64.4913000,66.7572000,-41.3860000,-8.9270000,7.0090000,0.000000,0,0,0
43.700,-0.2369000,0.2004000,9.4327000,55.4581000,66.6885000,67.7795000,-41.1100000,-9.1240000,7.6350000,0.000000,0,0,0
43.710,-0.2213000,0.1717000,9.3287000,53.1235000,69.0536000,68.5577000,-41.3530000,-9.1820000,6.5830000,0.000000,0,0,0
43.720,-0.2943000,0.1406000,9.3334000,50.6973000,71.1288000,69.2062000,-41.3580000,-9.5260000,6.9750000,0.000000,0,0,0
43.730,-0.4271000,0.1154000,9.3813000,49.0723000,72.7081000,70.4041000,-41.3360000,-9.2940000,6.9380000,0.000000,0,0,0
43.740,-0.3637000,0.1262000,9.2832000,47.3785000,74.6002000,71.6324000,-41.0750000,-9.1250000,7.3390000,0.000000,0,0,0
43.750,-0.1830000,0.1154000,9.1887000,44.6701000,75.7599000,71.3501000,-41.1260000,-9.3140000,7.6690000,0.000000,0,0,0
43.760,-0.0837000,0.0161000,9.2102000,42.1066000,75.1877000,69.5496000,-41.2990000,-9.3290000,7.4360000,0.000000,0,0,0
43.770,-0.0873000,-0.1083000,9.2677000,40.4892000,74.1425000,67.2989000,-41.2020000,-9.6130000,7.3370000,0.000000,0,0,0
43.780,-0.1591000,-0.1848000,9.3406000,39.8560000,72.4258000,65.4526000,-41.2170000,-9.3890000,7.4810000,0.000000,0,0,0
43.790,-0.2440000,-0.2267000,9.4280000,40.1382000,70.3201000,64.4455000,-41.2900000,-9.2850000,7.3720000,0.000000,0,0,0
43.800,-0.3158000,-0.2530000,9.5093000,41.1453000,68.7027000,64.3845000,-40.9030000,-9.5500000,7.2470000,0.000000,0,0,0
43.810,-0.3625000,-0.2578000,9.5918000,42.7628000,67.9932000,65.1932000,-40.9620000,-9.7820000,7.3640000,0.000000,0,0,0
43.820,-0.3900000,-0.2387000,9.6852000,45.0287000,67.9855000,66.5207000,-41.0630000,-9.7390000,7.2870000,0.000000,0,0,0
43.830,-0.4079000,-0.1765000,9.8407000,49.8276000,67.2836000,68.6493000,-41.1490000,-9.5690000,7.2990000,0.000000,0,0,0
43.840,-0.3792000,-0.1298000,9.9448000,53.8177000,65.9485000,69.8395000,-41.2020000,-9.9230000,7.2030000,0.000000,0,0,0
43.850,-0.3230000,-0.0951000,10.0058000,57.8995000,64.8880000,70.6177000,-41.1820000,-9.7220000,7.2090000,0.000000,0,0,0
43.860,-0.2716000,-0.0556000,9.9866000,61.5387000,64.4836000,70.9229000,-41.1470000,-9.6220000,6.9820000,0.000000,0,0,0
43.870,-0.2464000,-0.0018000,9.8802000,64.1708000,64.4989000,70.7932000,-40.7990000,-9.6470000,7.0130000,0.000000,0,0,0
43.880,-0.2644000,0.0652000,9.7151000,65.2161000,64.6515000,70.3506000,-41.1800000,-9.8280000,6.9560000,0.000000,0,0,0
43.890,-0.3194000,0.1298000,9.5536000,64.4989000,64.9490000,69.8166000,-41.2030000,-9.7440000,7.2150000,0.000000,0,0,0
43.900,-0.4020000,0.1657000,9.4615000,62.4390000,65.4907000,69.4962000,-41.2210000,-9.5740000,7.0750000,0.000000,0,0,0
43.910,-0.4917000,0.1621000,9.4698000,59.7839000,66.1087000,69.5648000,-41.3150000,-9.5540000,7.2070000,0.000000,0,0,0
43.920,-0.5551000,0.1214000,9.5655000,57.3578000,66.5359000,70.0226000,-41.1510000,-9.6190000,7.6050000,0.000000,0,0,0
43.930,-0.5730000,0.0508000,9.7198000,55.7175000,66.5970000,70.7321000,-40.9620000,-9.7530000,6.8920000,0.000000,0,0,0
43.940,-0.5383000,-0.0269000,9.8825000,55.1910000,66.1392000,71.4569000,-40.9670000,-9.6210000,7.1310000,0.000000,0,0,0
43.950,-0.4654000,-0.0987000,9.9998000,55.6717000,65.2695000,71.8689000,-40.9630000,-9.8610000,6.6980000,0.000000,0,0,0
43.960,-0.3840000,-0.1477000,10.0512000,56.7322000,64.1937000,71.8002000,-41.0010000,-10.0370000,7.0980000,0.000000,0,0,0
43.970,-0.3242000,-0.1788000,10.0620000,58.1207000,63.0417000,71.3120000,-41.3190000,-9.8810000,7.0800000,0.000000,0,0,0
43.980,-0.3003000,-0.2064000,10.0775000,59.9289000,61.8820000,70.6406000,-41.4440000,-10.0000000,6.6250000,0.000000,0,0,0
43.990,-0.2991000,-0.2339000,10.1362000,62.2787000,60.9283000,70.0760000,-41.5770000,-10.1690000,7.0490000,0.000000,0,0,0
44.000,-0.3110000,-0.2494000,10.2127000,65.1474000,60.6003000,69.7937000,-41.1680000,-9.6370000,7.6050000,0.000000,0,0,0
44.010,-0.3290000,-0.2530000,10.2594000,68.3517000,60.8597000,69.8318000,-41.1050000,-10.0120000,7.3830000,0.000000,0,0,0
44.020,-0.3326000,-0.2482000,10.2354000,71.4645000,61.3403000,70.0989000,-41.0300000,-9.4820000,7.7840000,0.000000,0,0,0
44.030,-0.3039000,-0.2315000,10.1385000,73.9594000,61.7142000,70.4117000,-41.0490000,-9.8340000,8.2560000,0.000000,0,0,0
44.040,-0.2357000,-0.2004000,9.9842000,75.5234000,61.6760000,70.4803000,-41.1140000,-9.6840000,7.5960000,0.000000,0,0,0
44.050,-0.1352000,-0.1501000,9.7904000,75.9888000,60.9360000,69.9615000,-41.1970000,-9.6660000,7.1400000,0.000000,0,0,0
44.060,-0.0263000,-0.0951000,9.5990000,75.2792000,60.0433000,68.6188000,-41.2610000,-9.6580000,7.0580000,0.000000,0,0,0
44.070,0.0431000,-0.0413000,9.4112000,73.3643000,59.5703000,66.6275000,-41.2090000,-9.6700000,7.2870000,0.000000,0,0,0
44.080,0.0598000,0.0126000,9.2425000,70.3125000,59.3033000,64.1785000,-41.3120000,-9.4570000,7.0750000,0.000000,0,0,0
44.090,0.0167000,0.0532000,9.1349000,66.5131000,59.0057000,61.6608000,-41.3590000,-9.4180000,7.3250000,0.000000,0,0,0
44.100,-0.0766000,0.0760000,9.0834000,62.5458000,58.6929000,59.6542000,-41.3490000,-9.4290000,7.4050000,0.000000,0,0,0
44.110,-0.2094000,0.0796000,9.0750000,58.8531000,58.6700000,58.6700000,-41.3270000,-9.0990000,7.1000000,0.000000,0,0,0
44.120,-0.3613000,0.0616000,9.0451000,55.5191000,59.2270000,59.0134000,-41.2290000,-9.5460000,6.7450000,0.000000,0,0,0
44.130,-0.4893000,0.0389000,8.9542000,52.0782000,60.3790000,60.5774000,-41.2570000,-9.3660000,7.0770000,0.000000,0,0,0
44.140,-0.5706000,0.0233000,8.8298000,48.1644000,62.0880000,62.9349000,-41.4450000,-9.5830000,6.6910000,0.000000,0,0,0
44.150,-0.6029000,0.0066000,8.7592000,43.9987000,64.0411000,65.6357000,-41.2560000,-9.7600000,6.3700000,0.000000,0,0,0
44.160,-0.5898000,-0.0114000,8.8358000,40.4358000,65.3534000,68.1458000,-41.5320000,-9.6630000,6.3080000,0.000000,0,0,0
44.170,-0.5850000,-0.0161000,9.1181000,38.9175000,64.9643000,70.2438000,-41.1320000,-9.8740000,6.8430000,0.000000,0,0,0
44.180,-0.5060000,0.0006000,9.4830000,39.9475000,64.1632000,71.7239000,-40.9870000,-9.7850000,7.4670000,0.000000,0,0,0
44.190,-0.4235000,0.0209000,9.8156000,43.0756000,64.0182000,72.2809000,-41.0040000,-10.1050000,7.0320000,0.000000,0,0,0
44.200,-0.4271000,0.0269000,10.0608000,47.8210000,63.9191000,72.2733000,-41.3070000,-9.8050000,6.7030000,0.000000,0,0,0
44.210,-0.4869000,0.0245000,10.2020000,53.4134000,63.6826000,72.3572000,-41.1610000,-9.5790000,6.3900000,0.000000,0,0,0
44.220,-0.5551000,0.0245000,10.2642000,58.9905000,63.6292000,72.7463000,-41.0890000,-9.6290000,6.8370000,0.000000,0,0,0
44.230,-0.6125000,0.0293000,10.2546000,63.9496000,63.8657000,73.4253000,-40.9210000,-9.8700000,6.6920000,0.000000,0,0,0
44.240,-0.6340000,0.0138000,10.1912000,67.8482000,64.3692000,74.3408000,-41.1360000,-10.0070000,7.0490000,0.000000,0,0,0
44.250,-0.5694000,-0.0281000,10.1086000,70.5338000,65.2542000,75.1953000,-41.2440000,-9.8130000,6.7870000,0.000000,0,0,0
44.260,-0.4067000,-0.1107000,10.0141000,71.9833000,66.3757000,75.4166000,-40.9060000,-9.9050000,7.2590000,0.000000,0,0,0
44.270,-0.1962000,-0.2243000,9.9220000,72.3343000,67.3523000,74.5316000,-41.0250000,-9.7650000,7.2570000,0.000000,0,0,0
44.280,-0.0048000,-0.3439000,9.8371000,71.9528000,67.5507000,72.3953000,-40.7320000,-9.8740000,6.7150000,0.000000,0,0,0
44.290,0.1172000,-0.4552000,9.7438000,71.0983000,66.1316000,69.2520000,-41.2050000,-10.0180000,6.9490000,0.000000,0,0,0
44.300,0.1615000,-0.5449000,9.6206000,69.7098000,63.0875000,65.5823000,-41.0140000,-9.5030000,6.8810000,0.000000,0,0,0
44.310,0.1340000,-0.5975000,9.4555000,67.4973000,59.5169000,62.1185000,-41.1560000,-9.6390000,7.2160000,0.000000,0,0,0
44.320,0.0323000,-0.6059000,9.2748000,64.0411000,56.8314000,59.6085000,-41.0470000,-9.7670000,7.3360000,0.000000,0,0,0
44.330,-0.1268000,-0.5724000,9.1540000,59.4559000,56.0532000,58.4946000,-41.1280000,-9.6530000,7.0100000,0.000000,0,0,0
44.340,-0.2943000,-0.4959000,9.1636000,54.7638000,56.5872000,58.6624000,-40.9480000,-9.6390000,7.5090000,0.000000,0,0,0
44.350,-0.4031000,-0.3978000,9.3311000,51.2238000,57.1671000,59.5932000,-41.1810000,-9.8650000,7.0230000,0.000000,0,0,0
44.360,-0.4558000,-0.3057000,9.6253000,49.7055000,57.7316000,60.6918000,-41.3030000,-9.6650000,7.2030000,0.000000,0,0,0
44.370,-0.5072000,-0.2111000,9.9340000,50.6592000,58.1131000,61.5997000,-41.1700000,-10.0700000,7.0370000,0.000000,0,0,0
44.380,-0.6029000,-0.1178000,10.1505000,53.9246000,57.5943000,62.4695000,-41.3370000,-9.8210000,7.3720000,0.000000,0,0,0
44.390,-0.7154000,-0.0377000,10.1924000,58.4717000,56.1142000,63.7360000,-41.4360000,-10.0210000,7.6160000,0.000000,0,0,0
44.400,-0.7381000,0.0066000,10.1039000,63.0417000,54.4815000,65.5136000,-41.5000000,-9.7900000,8.3020000,0.000000,0,0,0
44.410,-0.6759000,-0.0006000,9.9591000,66.8030000,53.5583000,67.4896000,-41.4970000,-9.5210000,7.9030000,0.000000,0,0,0
44.420,-0.5635000,-0.0329000,9.8024000,69.4351000,53.3447000,69.3893000,-41.4930000,-9.6820000,7.6720000,0.000000,0,0,0
44.430,-0.4307000,-0.0640000,9.6660000,70.9686000,53.3676000,70.9076000,-41.6410000,-9.8240000,7.3610000,0.000000,0,0,0
44.440,-0.2991000,-0.0724000,9.5619000,71.5942000,53.2837000,71.8918000,-41.4170000,-9.9220000,6.3740000,0.000000,0,0,0
44.450,-0.1735000,-0.0257000,9.4926000,70.3049000,54.4357000,72.8073000,-41.4480000,-9.8520000,7.2610000,0.000000,0,0,0
44.460,-0.1519000,0.0042000,9.4973000,68.4357000,55.9845000,73.1659000,-41.6450000,-10.0780000,7.0420000,0.000000,0,0,0
44.470,-0.1340000,0.0078000,9.5332000,66.5970000,57.4951000,73.4406000,-41.5460000,-10.0730000,7.1440000,0.000000,0,0,0
44.480,-0.0993000,-0.0018000,9.5906000,65.1398000,58.5632000,73.5474000,-41.2610000,-9.9020000,7.3530000,0.000000,0,0,0
44.490,-0.0682000,-0.0233000,9.6373000,64.2319000,59.6161000,73.4787000,-41.1810000,-10.0660000,6.8650000,0.000000,0,0,0
44.500,-0.0431000,-0.0353000,9.6469000,63.8733000,60.7452000,73.3032000,-41.3100000,-10.1960000,7.1900000,0.000000,0,0,0
44.510,-0.0108000,-0.0449000,9.6289000,63.7665000,61.8668000,72.9828000,-41.6320000,-9.9290000,6.4780000,0.000000,0,0,0
44.520,0.0179000,-0.0496000,9.6014000,63.7894000,62.7823000,72.6624000,-41.6830000,-9.8800000,6.7330000,0.000000,0,0,0
44.530,0.0323000,-0.0437000,9.5847000,63.9572000,63.2172000,72.3267000,-41.5410000,-9.6440000,7.2020000,0.000000,0,0,0
44.540,0.0287000,-0.0233000,9.5978000,64.3845000,63.2401000,71.9757000,-41.4460000,-9.8220000,6.9090000,0.000000,0,0,0
44.550,0.0036000,0.0185000,9.6445000,65.1703000,63.2401000,71.6476000,-41.6170000,-9.7640000,6.7410000,0.000000,0,0,0
44.560,-0.0455000,0.0664000,9.6983000,66.2079000,63.4918000,71.3425000,-41.5460000,-9.9000000,7.2910000,0.000000,0,0,0
44.570,-0.1041000,0.0999000,9.7306000,67.3599000,63.7817000,71.0907000,-41.3170000,-9.7290000,6.6920000,0.000000,0,0,0
44.580,-0.1412000,0.1107000,9.7366000,68.4814000,63.9954000,70.8847000,-41.2200000,-9.8250000,7.1710000,0.000000,0,0,0
44.590,-0.1483000,0.1107000,9.7163000,69.3741000,64.1022000,70.7016000,-41.4960000,-9.8010000,6.6980000,0.000000,0,0,0
44.600,-0.1352000,0.1071000,9.6816000,69.9997000,64.0411000,70.5109000,-41.4140000,-10.0130000,6.3780000,0.000000,0,0,0
44.610,-0.1089000,0.1047000,9.6457000,70.3964000,63.9725000,70.2896000,-41.6520000,-9.8260000,6.7380000,0.000000,0,0,0
44.620,-0.0909000,0.1035000,9.6134000,70.5872000,64.2242000,69.9921000,-41.5130000,-10.2060000,7.3360000,0.000000,0,0,0
44.630,-0.0981000,0.0999000,9.5895000,70.5872000,64.8727000,69.6335000,-41.4090000,-9.9000000,7.3620000,0.000000,0,0,0
44.640,-0.1340000,0.0807000,9.5727000,70.3430000,65.6433000,69.3665000,-41.5280000,-9.6820000,7.2150000,0.000000,0,0,0
44.650,-0.1902000,0.0604000,9.5679000,69.8700000,66.1545000,69.3970000,-41.3360000,-9.8560000,7.1290000,0.000000,0,0,0
44.660,-0.2321000,0.0449000,9.5811000,69.2368000,66.3147000,69.7632000,-41.1570000,-10.0200000,6.7940000,0.000000,0,0,0
44.670,-0.2417000,0.0484000,9.6050000,68.5196000,66.2155000,70.3430000,-41.2190000,-9.8380000,7.8380000,0.000000,0,0,0
44.680,-0.2177000,0.0736000,9.6337000,67.8558000,65.9256000,70.8771000,-41.0660000,-9.8860000,6.9850000,0.000000,0,0,0
44.690,-0.1902000,0.1059000,9.6541000,67.3218000,65.5441000,71.2662000,-41.3260000,-9.7810000,7.0680000,0.000000,0,0,0
44.700,-0.1771000,0.1370000,9.6576000,66.8564000,65.3458000,71.4874000,-41.2210000,-9.8110000,7.0120000,0.000000,0,0,0
44.710,-0.1747000,0.1573000,9.6409000,66.2918000,65.4984000,71.5866000,-41.1620000,-10.0470000,6.6120000,0.000000,0,0,0
44.720,-0.1771000,0.1645000,9.6038000,65.5060000,65.7806000,71.6476000,-41.0850000,-9.8200000,7.4290000,0.000000,0,0,0
44.730,-0.1794000,0.1717000,9.5619000,64.5294000,65.8340000,71.6400000,-41.2300000,-9.6480000,6.6260000,0.000000,0,0,0
44.740,-0.1771000,0.1860000,9.5416000,63.3850000,65.7883000,71.5103000,-41.1320000,-9.5770000,6.2740000,0.000000,0,0,0
44.750,-0.1723000,0.2111000,9.5548000,62.2482000,65.8112000,71.2967000,-41.2000000,-9.9710000,6.3110000,0.000000,0,0,0
44.760,-0.1735000,0.2494000,9.5895000,61.3632000,65.7501000,70.9763000,-40.9710000,-9.5030000,6.5440000,0.000000,0,0,0
44.770,-0.1782000,0.2793000,9.6253000,60.8215000,65.7272000,70.5185000,-40.8340000,-9.8900000,7.0700000,0.000000,0,0,0
44.780,-0.1818000,0.2925000,9.6373000,60.5698000,65.8417000,69.9844000,-40.7890000,-9.9450000,6.9430000,0.000000,0,0,0
44.790,-0.1842000,0.2961000,9.6194000,60.4324000,65.9790000,69.3817000,-41.0750000,-9.8660000,6.9670000,0.000000,0,0,0
44.800,-0.1830000,0.2949000,9.5871000,60.2417000,66.0553000,68.7256000,-40.9800000,-10.0590000,6.9430000,0.000000,0,0,0
44.810,-0.1782000,0.2925000,9.5548000,59.9060000,66.0706000,68.0161000,-40.8830000,-9.9110000,7.3010000,0.000000,0,0,0
44.820,-0.1699000,0.2805000,9.5344000,59.4864000,66.1697000,67.2455000,-41.0330000,-10.3420000,6.8220000,0.000000,0,0,0
44.830,-0.1735000,0.2626000,9.5308000,59.0591000,66.4520000,66.5131000,-41.0150000,-10.0290000,6.6940000,0.000000,0,0,0
44.840,-0.1878000,0.2422000,9.5428000,58.7234000,66.8030000,65.8722000,-41.1630000,-9.7030000,6.8820000,0.000000,0,0,0
44.850,-0.2141000,0.2207000,9.5715000,58.5709000,66.9937000,65.3534000,-41.1030000,-9.9450000,6.9050000,0.000000,0,0,0
44.860,-0.2488000,0.2016000,9.6086000,58.6243000,67.0013000,65.0253000,-41.1260000,-9.9960000,7.1010000,0.000000,0,0,0
44.870,-0.2811000,0.1920000,9.6421000,58.7540000,66.7953000,64.9109000,-40.8610000,-10.0620000,7.1510000,0.000000,0,0,0
44.880,-0.3015000,0.1908000,9.6684000,58.8837000,66.3147000,64.9490000,-40.9730000,-10.0150000,7.2630000,0.000000,0,0,0
44.890,-0.3122000,0.1932000,9.6864000,58.9981000,65.7959000,65.0635000,-40.9150000,-9.6910000,6.9370000,0.000000,0,0,0
44.900,-0.3206000,0.1980000,9.6947000,59.1125000,65.4144000,65.1779000,-40.8790000,-9.7630000,7.3990000,0.000000,0,0,0
44.910,-0.3290000,0.2028000,9.6983000,59.2499000,65.1855000,65.2847000,-40.9590000,-9.8430000,7.5190000,0.000000,0,0,0
44.920,-0.3397000,0.2040000,9.7031000,59.4254000,65.1550000,65.3610000,-41.0700000,-10.0490000,6.7580000,0.000000,0,0,0
44.930,-0.3601000,0.2004000,9.7163000,59.6924000,65.3076000,65.4755000,-41.0530000,-9.7370000,7.2330000,0.000000,0,0,0
44.940,-0.3828000,0.2016000,9.7306000,60.0433000,65.5060000,65.6967000,-41.1820000,-9.8300000,6.9570000,0.000000,0,0,0
44.950,-0.4008000,0.2052000,9.7294000,60.3714000,65.4526000,66.0400000,-41.0220000,-9.8630000,6.7340000,0.000000,0,0,0
44.960,-0.4043000,0.2135000,9.7007000,60.5850000,64.9796000,66.4139000,-40.8890000,-9.9740000,7.0680000,0.000000,0,0,0
44.970,-0.3900000,0.2219000,9.6564000,60.5927000,64.2395000,66.6962000,-40.8650000,-9.8210000,7.4270000,0.000000,0,0,0
44.980,-0.3613000,0.2291000,9.6122000,60.3638000,63.5071000,66.8488000,-40.7650000,-9.7480000,7.3770000,0.000000,0,0,0
44.990,-0.3230000,0.2387000,9.5847000,59.9442000,62.9196000,66.8030000,-40.5800000,-10.1810000,7.2350000,0.000000,0,0,0
45.000,-0.2895000,0.2458000,9.5775000,59.4864000,62.5381000,66.5894000,-40.8050000,-10.1410000,7.8280000,0.000000,0,0,0
45.010,-0.2668000,0.2494000,9.5930000,59.1583000,62.4390000,66.2689000,-40.7790000,-9.8930000,7.7730000,0.000000,0,0,0
45.020,-0.2632000,0.2470000,9.6229000,59.0973000,62.6068000,65.9485000,-41.1350000,-10.0720000,7.5330000,0.000000,0,0,0
45.030,-0.2775000,0.2387000,9.6564000,59.2957000,62.9120000,65.7349000,-41.1710000,-9.8770000,7.4220000,0.000000,0,0,0
45.040,-0.2991000,0.2303000,9.6852000,59.6695000,63.2782000,65.7272000,-40.9640000,-9.5680000,7.3500000,0.000000,0,0,0
45.050,-0.3230000,0.2255000,9.6947000,60.0967000,63.5605000,65.9409000,-41.1100000,-9.7860000,6.6570000,0.000000,0,0,0
45.060,-0.3457000,0.2207000,9.6816000,60.5392000,63.5986000,66.5054000,-41.4990000,-9.7740000,7.3410000,0.000000,0,0,0
45.070,-0.3481000,0.2171000,9.6660000,60.6308000,63.4079000,66.9327000,-41.0970000,-9.9100000,7.0060000,0.000000,0,0,0
45.080,-0.3457000,0.2147000,9.6481000,60.5927000,63.0646000,67.3752000,-41.1770000,-10.0130000,7.8340000,0.000000,0,0,0
45.090,-0.3457000,0.2243000,9.6313000,60.4782000,62.4695000,67.7719000,-41.0270000,-9.7970000,6.8580000,0.000000,0,0,0
45.100,-0.3469000,0.2351000,9.6289000,60.2722000,61.8439000,68.0695000,-41.2520000,-9.8860000,7.3550000,0.000000,0,0,0
45.110,-0.3517000,0.2446000,9.6313000,59.9976000,61.4853000,68.3670000,-41.0040000,-9.7440000,6.9920000,0.000000,0,0,0
45.120,-0.3613000,0.2590000,9.6349000,59.7076000,61.3480000,68.6493000,-41.0780000,-9.9410000,8.5450000,0.000000,0,0,0
45.130,-0.3589000,0.2757000,9.6445000,59.4559000,61.2946000,68.9240000,-40.8030000,-9.8160000,7.6020000,0.000000,0,0,0
45.140,-0.3433000,0.2973000,9.6576000,59.3338000,61.2030000,69.0613000,-41.2990000,-10.0630000,8.0740000,0.000000,0,0,0
45.150,-0.3194000,0.3188000,9.6768000,59.4101000,61.0809000,68.9240000,-41.1160000,-9.9450000,7.1760000,0.000000,0,0,0
45.160,-0.2967000,0.3284000,9.6911000,59.7153000,60.8978000,68.5196000,-41.2310000,-10.0160000,7.9840000,0.000000,0,0,0
45.170,-0.2787000,0.3248000,9.6899000,60.2112000,60.6308000,67.9245000,-40.8620000,-10.1850000,7.7040000,0.000000,0,0,0
45.180,-0.2811000,0.3068000,9.6720000,60.7452000,60.2341000,67.1921000,-41.1590000,-9.9580000,8.0060000,0.000000,0,0,0
45.190,-0.2931000,0.2686000,9.6481000,61.1572000,59.8297000,66.7496000,-41.2140000,-10.0920000,7.6970000,0.000000,0,0,0
45.200,-0.2991000,0.2195000,9.6229000,61.2946000,59.7382000,66.8716000,-41.0580000,-9.8270000,7.1560000,0.000000,0,0,0
45.210,-0.2955000,0.1896000,9.5978000,61.1420000,59.8907000,67.4286000,-41.2950000,-9.6980000,7.4100000,0.000000,0,0,0
45.220,-0.2775000,0.1908000,9.5859000,60.7986000,60.0281000,68.0771000,-41.1820000,-9.7500000,7.0800000,0.000000,0,0,0
45.230,-0.2500000,0.2123000,9.5966000,60.4248000,60.0128000,68.5349000,-41.1650000,-9.8350000,8.1260000,0.000000,0,0,0
45.240,-0.2105000,0.2363000,9.6325000,60.2112000,60.1578000,68.7943000,-41.0680000,-10.0110000,7.7610000,0.000000,0,0,0
45.250,-0.1878000,0.2602000,9.6672000,60.2264000,60.5621000,68.7485000,-41.1470000,-9.8160000,7.4510000,0.000000,0,0,0
45.260,-0.1902000,0.2686000,9.6983000,60.4401000,60.8673000,68.5272000,-41.0640000,-9.7100000,7.9380000,0.000000,0,0,0
45.270,-0.2058000,0.2614000,9.7175000,60.7452000,60.9512000,68.3289000,-41.0690000,-9.8110000,7.7790000,0.000000,0,0,0
45.280,-0.2201000,0.2494000,9.7234000,61.0123000,60.8902000,68.2373000,-41.1360000,-9.6680000,7.8600000,0.000000,0,0,0
45.290,-0.2225000,0.2375000,9.7139000,61.1191000,60.7147000,68.2755000,-41.4080000,-10.0350000,6.9250000,0.000000,0,0,0
45.300,-0.2177000,0.2255000,9.6875000,61.0504000,60.5164000,68.3594000,-41.4040000,-9.8940000,7.1500000,0.000000,0,0,0
45.310,-0.2117000,0.2195000,9.6552000,60.8292000,60.4172000,68.4280000,-41.2950000,-10.0080000,7.9750000,0.000000,0,0,0
45.320,-0.1998000,0.2171000,9.6337000,60.5164000,60.4858000,68.4357000,-41.2580000,-10.0580000,7.6670000,0.000000,0,0,0
45.330,-0.1842000,0.2147000,9.6170000,60.1883000,60.6918000,68.3746000,-41.3340000,-9.7880000,6.5880000,0.000000,0,0,0
45.340,-0.1651000,0.2135000,9.6062000,59.8602000,60.9818000,68.2297000,-41.2760000,-10.1610000,7.0660000,0.000000,0,0,0
45.350,-0.1424000,0.2183000,9.5990000,59.5703000,61.3403000,68.0008000,-41.0100000,-9.9660000,6.8730000,0.000000,0,0,0
45.360,-0.1316000,0.2255000,9.5930000,59.3414000,61.5997000,67.6270000,-41.4790000,-9.7390000,6.8870000,0.000000,0,0,0
45.370,-0.1340000,0.2255000,9.5906000,59.1812000,61.6989000,67.1997000,-41.3350000,-9.7230000,7.4180000,0.000000,0,0,0
45.380,-0.1483000,0.2171000,9.5930000,59.0897000,61.6989000,66.8335000,-41.2290000,-10.0210000,7.2360000,0.000000,0,0,0
45.390,-0.1711000,0.2016000,9.5954000,59.0744000,61.7447000,66.6428000,-41.4140000,-10.0200000,7.2010000,0.000000,0,0,0
45.400,-0.1866000,0.1824000,9.5918000,59.1278000,61.9354000,66.6504000,-41.2540000,-9.9080000,7.6630000,0.000000,0,0,0
45.410,-0.1914000,0.1633000,9.5787000,59.2194000,62.3627000,66.7572000,-41.1060000,-9.9760000,7.8550000,0.000000,0,0,0
45.420,-0.1890000,0.1501000,9.5607000,59.3033000,62.9654000,66.8640000,-41.1690000,-10.1320000,7.7520000,0.000000,0,0,0
45.430,-0.1759000,0.1453000,9.5440000,59.3643000,63.6063000,66.8945000,-41.2120000,-9.9680000,7.7960000,0.000000,0,0,0
45.440,-0.1627000,0.1537000,9.5440000,59.4406000,64.2319000,66.8182000,-41.1840000,-10.0630000,7.4340000,0.000000,0,0,0
45.450,-0.1627000,0.1753000,9.5548000,59.5779000,64.7430000,66.6046000,-41.0100000,-10.0960000,7.7920000,0.000000,0,0,0
45.460,-0.1782000,0.2016000,9.5691000,59.7458000,65.0711000,66.3300000,-41.2750000,-9.7510000,7.6820000,0.000000,0,0,0
45.470,-0.2046000,0.2231000,9.5859000,59.8755000,65.2161000,66.0629000,-41.3750000,-9.9450000,7.4260000,0.000000,0,0,0
45.480,-0.2381000,0.2327000,9.6074000,59.9747000,65.1245000,65.8798000,-41.2150000,-9.7270000,7.7100000,0.000000,0,0,0
45.490,-0.2608000,0.2303000,9.6337000,60.0815000,64.9109000,65.8493000,-41.3750000,-9.8810000,8.1910000,0.000000,0,0,0
45.500,-0.2704000,0.2243000,9.6588000,60.2188000,64.7507000,65.9256000,-41.1700000,-9.5880000,7.1530000,0.000000,0,0,0
45.510,-0.2704000,0.2159000,9.6732000,60.3638000,64.6286000,66.0477000,-41.2170000,-10.1600000,7.2970000,0.000000,0,0,0
45.520,-0.2656000,0.2052000,9.6744000,60.4858000,64.5905000,66.1850000,-41.2160000,-9.9590000,7.4730000,0.000000,0,0,0
45.530,-0.2548000,0.1956000,9.6636000,60.5011000,64.5981000,66.3223000,-41.1030000,-9.9880000,7.6130000,0.000000,0,0,0
45.540,-0.2405000,0.1944000,9.6457000,60.3714000,64.5218000,66.4291000,-41.2540000,-9.8810000,7.3130000,0.000000,0,0,0
45.550,-0.2285000,0.1956000,9.6325000,60.2036000,64.3387000,66.4749000,-41.3750000,-10.0170000,8.1620000,0.000000,0,0,0
45.560,-0.2237000,0.2004000,9.6313000,60.0815000,64.0640000,66.4902000,-40.9290000,-10.0440000,7.9170000,0.000000,0,0,0
45.570,-0.2237000,0.2076000,9.6385000,60.0510000,63.7207000,66.5283000,-41.3810000,-10.0660000,7.5740000,0.000000,0,0,0
45.580,-0.2201000,0.2171000,9.6493000,60.1425000,63.4460000,66.5588000,-41.4410000,-9.7660000,6.9270000,0.000000,0,0,0
45.590,-0.2165000,0.2231000,9.6624000,60.3180000,63.3545000,66.5512000,-41.4500000,-10.2500000,6.7670000,0.000000,0,0,0
45.600,-0.2285000,0.2243000,9.6732000,60.5164000,63.3316000,66.4825000,-41.4740000,-10.0450000,6.5000000,0.000000,0,0,0
45.610,-0.2476000,0.2159000,9.6804000,60.6689000,63.2706000,66.4444000,-41.3810000,-9.7350000,7.0470000,0.000000,0,0,0
45.620,-0.2608000,0.2052000,9.6852000,60.7605000,63.2172000,66.4902000,-41.1440000,-10.0590000,7.2570000,0.000000,0,0,0
45.630,-0.2644000,0.2016000,9.6911000,60.7681000,63.1409000,66.5817000,-41.2910000,-10.2050000,7.6490000,0.000000,0,0,0
45.640,-0.2596000,0.2028000,9.6875000,60.7071000,63.0493000,66.6885000,-41.2650000,-10.0000000,6.8480000,0.000000,0,0,0
45.650,-0.2417000,0.2028000,9.6696000,60.5164000,63.1561000,66.8030000,-41.2290000,-10.1360000,7.3190000,0.000000,0,0,0
45.660,-0.2309000,0.2052000,9.6493000,60.2798000,63.3926000,66.8106000,-41.5540000,-10.2900000,7.0480000,0.000000,0,0,0
45.670,-0.2321000,0.2088000,9.6301000,59.9365000,63.5529000,66.7191000,-41.2430000,-10.0270000,7.4090000,0.000000,0,0,0
45.680,-0.2464000,0.2088000,9.6206000,59.6161000,63.6444000,66.6122000,-41.1050000,-9.8470000,6.8500000,0.000000,0,0,0
45.690,-0.2656000,0.2040000,9.6265000,59.4177000,63.7131000,66.6122000,-41.5040000,-9.6500000,7.0700000,0.000000,0,0,0
45.700,-0.2859000,0.1968000,9.6373000,59.4177000,63.6978000,66.7496000,-41.4440000,-9.6240000,7.0390000,0.000000,0,0,0
45.710,-0.2979000,0.1920000,9.6469000,59.6542000,63.5986000,66.9937000,-41.3300000,-9.8850000,7.6830000,0.000000,0,0,0
45.720,-0.2943000,0.1896000,9.6517000,59.9899000,63.4613000,67.2760000,-41.2730000,-9.6630000,7.5880000,0.000000,0,0,0
45.730,-0.2787000,0.1944000,9.6481000,60.2722000,63.2706000,67.4820000,-41.6090000,-9.9280000,7.0230000,0.000000,0,0,0
45.740,-0.2632000,0.2016000,9.6397000,60.4172000,63.0722000,67.5201000,-41.4310000,-9.8430000,6.6040000,0.000000,0,0,0
45.750,-0.2428000,0.2004000,9.6349000,60.4172000,63.0569000,67.3904000,-41.3080000,-9.5970000,7.3270000,0.000000,0,0,0
45.760,-0.2225000,0.1932000,9.6277000,60.2493000,63.2095000,67.1310000,-41.2880000,-9.6410000,7.0520000,0.000000,0,0,0
45.770,-0.2105000,0.1800000,9.6218000,59.9747000,63.3774000,66.7953000,-41.3570000,-9.3570000,6.8750000,0.000000,0,0,0
45.780,-0.2153000,0.1645000,9.6158000,59.6771000,63.4689000,66.4749000,-41.3780000,-9.6380000,6.8620000,0.000000,0,0,0
45.790,-0.2321000,0.1513000,9.6098000,59.4788000,63.5376000,66.2460000,-41.5400000,-9.6850000,6.7700000,0.000000,0,0,0
45.800,-0.2464000,0.1418000,9.6038000,59.4025000,63.6444000,66.1621000,-41.1350000,-9.5310000,6.9510000,0.000000,0,0,0
45.810,-0.2524000,0.1382000,9.6050000,59.4788000,63.7970000,66.2079000,-41.1650000,-9.7040000,6.4760000,0.000000,0,0,0
45.820,-0.2524000,0.1453000,9.6122000,59.6695000,63.8657000,66.3147000,-41.4070000,-9.6100000,6.0610000,0.000000,0,0,0
45.830,-0.2488000,0.1609000,9.6265000,59.9518000,63.8275000,66.3910000,-41.2240000,-9.6700000,7.0540000,0.000000,0,0,0
45.840,-0.2452000,0.1812000,9.6433000,60.2951000,63.7283000,66.3681000,-41.0240000,-9.4480000,6.2820000,0.000000,0,0,0
45.850,-0.2452000,0.1992000,9.6612000,60.6232000,63.5986000,66.2689000,-41.2000000,-9.6680000,7.5330000,0.000000,0,0,0
45.860,-0.2476000,0.2111000,9.6768000,60.8826000,63.4308000,66.1545000,-41.3550000,-9.8820000,7.3510000,0.000000,0,0,0
45.870,-0.2476000,0.2159000,9.6875000,61.0809000,63.2401000,66.0400000,-41.1820000,-9.5710000,7.2430000,0.000000,0,0,0
45.880,-0.2500000,0.2123000,9.6887000,61.2335000,63.1256000,65.9409000,-41.2070000,-9.6680000,7.5680000,0.000000,0,0,0
45.890,-0.2500000,0.2052000,9.6816000,61.3022000,63.0188000,65.9180000,-41.4730000,-9.6900000,7.2890000,0.000000,0,0,0
45.900,-0.2524000,0.1968000,9.6708000,61.3022000,62.9120000,65.9409000,-41.0930000,-9.9360000,7.5470000,0.000000,0,0,0
45.910,-0.2608000,0.1908000,9.6552000,61.2259000,62.8662000,66.0172000,-41.3830000,-9.6650000,7.3610000,0.000000,0,0,0
45.920,-0.2680000,0.1872000,9.6397000,61.0275000,62.8815000,66.1392000,-41.2820000,-9.8000000,7.2360000,0.000000,0,0,0
45.930,-0.2716000,0.1848000,9.6289000,60.7376000,62.8662000,66.2689000,-41.3440000,-9.8830000,7.5730000,0.000000,0,0,0
45.940,-0.2799000,0.1824000,9.6253000,60.3867000,62.7823000,66.3528000,-41.2310000,-9.7140000,7.1440000,0.000000,0,0,0
45.950,-0.2835000,0.1776000,9.6325000,60.0052000,62.7213000,66.3986000,-41.0190000,-9.8750000,7.4720000,0.000000,0,0,0
45.960,-0.2811000,0.1729000,9.6385000,59.6771000,62.8052000,66.4673000,-40.9690000,-9.7310000,7.2750000,0.000000,0,0,0
45.970,-0.2823000,0.1717000,9.6433000,59.5016000,62.9807000,66.5207000,-40.9550000,-9.8530000,7.4270000,0.000000,0,0,0
45.980,-0.2895000,0.1729000,9.6457000,59.4177000,63.2095000,66.5741000,-41.2740000,-9.7420000,7.3260000,0.000000,0,0,0
45.990,-0.2991000,0.1753000,9.6433000,59.4025000,63.4460000,66.6962000,-40.9390000,-9.9090000,7.1050000,0.000000,0,0,0
46.000,-0.3086000,0.1776000,9.6373000,59.4025000,63.6215000,66.8488000,-41.0170000,-9.8940000,6.8530000,0.000000,0,0,0
46.010,-0.3170000,0.1800000,9.6325000,59.3796000,63.6902000,67.0013000,-40.9460000,-9.9250000,7.3860000,0.000000,0,0,0
46.020,-0.3170000,0.1812000,9.6265000,59.3872000,63.6292000,67.1234000,-40.9310000,-9.7070000,7.2780000,0.000000,0,0,0
46.030,-0.3039000,0.1812000,9.6241000,59.4406000,63.5071000,67.1616000,-41.2200000,-9.7380000,6.6610000,0.000000,0,0,0
46.040,-0.2883000,0.1812000,9.6289000,59.5474000,63.3316000,67.0700000,-41.1520000,-9.8140000,7.1120000,0.000000,0,0,0
46.050,-0.2787000,0.1800000,9.6385000,59.7229000,63.1790000,66.8640000,-41.2500000,-9.5020000,7.7960000,0.000000,0,0,0
46.060,-0.2799000,0.1741000,9.6505000,59.9747000,63.1104000,66.6275000,-41.2100000,-9.7870000,7.8850000,0.000000,0,0,0
46.070,-0.2955000,0.1645000,9.6576000,60.2798000,63.0951000,66.4520000,-41.2770000,-9.8030000,8.1610000,0.000000,0,0,0
46.080,-0.3122000,0.1561000,9.6612000,60.5850000,63.0798000,66.3986000,-40.8630000,-9.5230000,7.9570000,0.000000,0,0,0
46.090,-0.3266000,0.1501000,9.6552000,60.8139000,63.0569000,66.4978000,-41.1040000,-9.5360000,8.0030000,0.000000,0,0,0
46.100,-0.3290000,0.1489000,9.6445000,60.9360000,62.9883000,66.6885000,-41.3000000,-9.6820000,7.1720000,0.000000,0,0,0
46.110,-0.3206000,0.1513000,9.6349000,60.9360000,62.9578000,66.9098000,-40.8750000,-9.6220000,7.6280000,0.000000,0,0,0
46.120,-0.3039000,0.1585000,9.6241000,60.7986000,62.9654000,67.0700000,-41.1610000,-9.9810000,8.4070000,0.000000,0,0,0
46.130,-0.2835000,0.1717000,9.6194000,60.5621000,62.9654000,67.1387000,-41.2180000,-10.0250000,7.7730000,0.000000,0,0,0
46.140,-0.2656000,0.1872000,9.6253000,60.3104000,63.0188000,67.1158000,-41.2680000,-9.9750000,7.5030000,0.000000,0,0,0
46.150,-0.2524000,0.1992000,9.6349000,60.0967000,63.0569000,67.0090000,-40.8940000,-10.0590000,7.1560000,0.000000,0,0,0
46.160,-0.2452000,0.2064000,9.6421000,59.9899000,63.0112000,66.8488000,-40.8980000,-9.6100000,7.4500000,0.000000,0,0,0
46.170,-0.2428000,0.2064000,9.6517000,60.0204000,62.9425000,66.6962000,-40.9800000,-9.9070000,7.5350000,0.000000,0,0,0
46.180,-0.2500000,0.1992000,9.6600000,60.1196000,62.8662000,66.5894000,-40.9340000,-9.7690000,8.1620000,0.000000,0,0,0
46.190,-0.2608000,0.1896000,9.6612000,60.2570000,62.8052000,66.5741000,-41.1570000,-9.9840000,7.7170000,0.000000,0,0,0
46.200,-0.2716000,0.1765000,9.6576000,60.3943000,62.8510000,66.6809000,-41.0500000,-9.6740000,8.1330000,0.000000,0,0,0
46.210,-0.2740000,0.1705000,9.6481000,60.4630000,62.9272000,66.8793000,-41.2140000,-9.8410000,7.8090000,0.000000,0,0,0
46.220,-0.2680000,0.1753000,9.6421000,60.4782000,62.9730000,67.0624000,-41.2730000,-9.7340000,7.3310000,0.000000,0,0,0
46.230,-0.2632000,0.1908000,9.6373000,60.4782000,63.0951000,67.1310000,-41.2790000,-9.8910000,6.9950000,0.000000,0,0,0
46.240,-0.2596000,0.2207000,9.6361000,60.4858000,63.3316000,66.9403000,-41.2030000,-9.6130000,6.8520000,0.000000,0,0,0
46.250,-0.2572000,0.2363000,9.6421000,60.4553000,63.3926000,66.6733000,-41.2050000,-9.8660000,7.3570000,0.000000,0,0,0
46.260,-0.2584000,0.2411000,9.6493000,60.3638000,63.3774000,66.3605000,-41.3450000,-9.7920000,7.7750000,0.000000,0,0,0
46.270,-0.2632000,0.2327000,9.6564000,60.2417000,63.3240000,66.0629000,-40.9990000,-9.8760000,7.0650000,0.000000,0,0,0
46.280,-0.2704000,0.2195000,9.6624000,60.1730000,63.2248000,65.8722000,-40.8980000,-9.7310000,7.3480000,0.000000,0,0,0
46.290,-0.2787000,0.2052000,9.6648000,60.2036000,63.0951000,65.8264000,-41.2790000,-9.6250000,7.5510000,0.000000,0,0,0
46.300,-0.2883000,0.1932000,9.6672000,60.3485000,62.9578000,65.9485000,-41.0030000,-9.8240000,7.6840000,0.000000,0,0,0
46.310,-0.2919000,0.1836000,9.6636000,60.5927000,62.7975000,66.1926000,-40.9320000,-9.7370000,6.9550000,0.000000,0,0,0
46.320,-0.2883000,0.1800000,9.6517000,60.8368000,62.6602000,66.4749000,-40.9740000,-9.7580000,7.2950000,0.000000,0,0,0
46.330,-0.2775000,0.1812000,9.6385000,61.0428000,62.5763000,66.6885000,-41.3590000,-9.4750000,7.0260000,0.000000,0,0,0
46.340,-0.2596000,0.1836000,9.6313000,61.1954000,62.5687000,66.7725000,-41.1620000,-9.6740000,7.1600000,0.000000,0,0,0
46.350,-0.2440000,0.1884000,9.6337000,61.3022000,62.7213000,66.6656000,-41.3330000,-9.6440000,7.3130000,0.000000,0,0,0
46.360,-0.2393000,0.1968000,9.6421000,61.3327000,62.9120000,66.4215000,-40.9820000,-9.8510000,7.5350000,0.000000,0,0,0
46.370,-0.2548000,0.2040000,9.6457000,61.3098000,62.9883000,66.1240000,-41.1720000,-9.8050000,7.4340000,0.000000,0,0,0
46.380,-0.2847000,0.2099000,9.6409000,61.2564000,62.8891000,65.9103000,-41.2570000,-9.7040000,7.5690000,0.000000,0,0,0
46.390,-0.3110000,0.2123000,9.6337000,61.1877000,62.6831000,65.8798000,-41.4240000,-9.8210000,7.7970000,0.000000,0,0,0
46.400,-0.3242000,0.2123000,9.6182000,61.0962000,62.4313000,66.0324000,-41.3230000,-9.7700000,7.2680000,0.000000,0,0,0
46.410,-0.3122000,0.2088000,9.5954000,60.9970000,62.2101000,66.2918000,-41.3800000,-10.0130000,7.5590000,0.000000,0,0,0
46.420,-0.2799000,0.2016000,9.5787000,60.8673000,62.0728000,66.5359000,-41.2880000,-9.5480000,7.8390000,0.000000,0,0,0
46.430,-0.2464000,0.1932000,9.5715000,60.7300000,62.3627000,66.6504000,-41.2220000,-9.8910000,7.9180000,0.000000,0,0,0
46.440,-0.2345000,0.1908000,9.5787000,60.5164000,62.9044000,66.6046000,-41.0080000,-9.7550000,6.7180000,0.000000,0,0,0
46.450,-0.2488000,0.1932000,9.6074000,60.2264000,63.4918000,66.4597000,-41.4320000,-9.6780000,6.9460000,0.000000,0,0,0
46.460,-0.2835000,0.2004000,9.6469000,59.9136000,63.9725000,66.2918000,-41.0690000,-9.7160000,7.4010000,0.000000,0,0,0
46.470,-0.3290000,0.2052000,9.6899000,59.6542000,64.1632000,66.1926000,-41.6360000,-9.7890000,7.8870000,0.000000,0,0,0
46.480,-0.3792000,0.2016000,9.7187000,59.5627000,64.0182000,66.2537000,-41.3180000,-9.8230000,7.6800000,0.000000,0,0,0
46.490,-0.4103000,0.1908000,9.7294000,59.6695000,63.6139000,66.5436000,-41.2010000,-9.6120000,8.3580000,0.000000,0,0,0
46.500,-0.4175000,0.1765000,9.7210000,59.9136000,63.1027000,66.9708000,-41.0740000,-9.5400000,7.9630000,0.000000,0,0,0
46.510,-0.4091000,0.1693000,9.7043000,60.2341000,62.6068000,67.4896000,-41.1740000,-9.7560000,7.2900000,0.000000,0,0,0
46.520,-0.3888000,0.1705000,9.6864000,60.5316000,62.2177000,67.9855000,-41.2130000,-9.6520000,6.9930000,0.000000,0,0,0
46.530,-0.3613000,0.1788000,9.6708000,60.7758000,61.9812000,68.3975000,-41.2040000,-9.7440000,7.1750000,0.000000,0,0,0
46.540,-0.3350000,0.1932000,9.6505000,60.9665000,61.8820000,68.7103000,-41.2130000,-9.4210000,7.4550000,0.000000,0,0,0
46.550,-0.2991000,0.2099000,9.6325000,60.9894000,61.8896000,68.7866000,-40.9240000,-9.7940000,7.4700000,0.000000,0,0,0
46.560,-0.2596000,0.2195000,9.6050000,60.8521000,62.1490000,68.5883000,-40.9290000,-9.7340000,7.7920000,0.000000,0,0,0
46.570,-0.2285000,0.2171000,9.5751000,60.5927000,62.5229000,68.1458000,-41.3160000,-9.6690000,7.9750000,0.000000,0,0,0
46.580,-0.2117000,0.2028000,9.5560000,60.2875000,62.9120000,67.6117000,-41.2320000,-9.8510000,7.5210000,0.000000,0,0,0
46.590,-0.2105000,0.1836000,9.5548000,60.0357000,63.2706000,67.1310000,-41.1420000,-10.0050000,7.0610000,0.000000,0,0,0
46.600,-0.2237000,0.1645000,9.5739000,59.9518000,63.5529000,66.7801000,-41.0280000,-9.8690000,7.4050000,0.000000,0,0,0
46.610,-0.2512000,0.1525000,9.6014000,60.0662000,63.6444000,66.6199000,-41.1000000,-9.3870000,7.0500000,0.000000,0,0,0
46.620,-0.2799000,0.1477000,9.6265000,60.3485000,63.5529000,66.6809000,-41.4050000,-9.8380000,7.1210000,0.000000,0,0,0
46.630,-0.2943000,0.1513000,9.6445000,60.6995000,63.3698000,66.8869000,-41.1250000,-10.1390000,7.5450000,0.000000,0,0,0
46.640,-0.2859000,0.1669000,9.6564000,60.9741000,63.2629000,67.0929000,-41.2230000,-9.5760000,7.2990000,0.000000,0,0,0
46.650,-0.2572000,0.1908000,9.6624000,61.0886000,63.2477000,67.1387000,-40.7620000,-9.5020000,7.4420000,0.000000,0,0,0
46.660,-0.2297000,0.2088000,9.6648000,61.0962000,63.2782000,67.0013000,-40.9030000,-9.7070000,7.0740000,0.000000,0,0,0
46.670,-0.2213000,0.2219000,9.6672000,61.0733000,63.2553000,66.7648000,-41.2150000,-9.3670000,7.7060000,0.000000,0,0,0
46.680,-0.2225000,0.2291000,9.6756000,61.0504000,63.2477000,66.4978000,-41.0400000,-9.5360000,7.0650000,0.000000,0,0,0
46.690,-0.2345000,0.2303000,9.6804000,61.0657000,63.2401000,66.2842000,-40.7760000,-9.6390000,7.4260000,0.000000,0,0,0
46.700,-0.2500000,0.2243000,9.6768000,61.0809000,63.1409000,66.2003000,-40.9890000,-9.6360000,7.3560000,0.000000,0,0,0
46.710,-0.2608000,0.2159000,9.6660000,61.0504000,62.9349000,66.2537000,-41.1310000,-9.7490000,7.9480000,0.000000,0,0,0
46.720,-0.2656000,0.2147000,9.6660000,60.9512000,62.6831000,66.3986000,-41.1500000,-10.0050000,7.2160000,0.000000,0,0,0
46.730,-0.2644000,0.2207000,9.6828000,60.8063000,62.4466000,66.5588000,-41.0500000,-9.7470000,7.0940000,0.000000,0,0,0
46.740,-0.2608000,0.2327000,9.7043000,60.6384000,62.2559000,66.7038000,-41.1280000,-9.6170000,8.0960000,0.000000,0,0,0
46.750,-0.2536000,0.2422000,9.7187000,60.4706000,62.0804000,66.8335000,-40.9580000,-9.9070000,7.9380000,0.000000,0,0,0
46.760,-0.2464000,0.2470000,9.7210000,60.2722000,61.9659000,66.9174000,-40.9120000,-10.0410000,7.3270000,0.000000,0,0,0
46.770,-0.2440000,0.2446000,9.7127000,60.0204000,61.9583000,66.9861000,-40.8680000,-9.7520000,7.7620000,0.000000,0,0,0
46.780,-0.2464000,0.2399000,9.6983000,59.7534000,62.0270000,67.0471000,-41.1150000,-9.8650000,7.1960000,0.000000,0,0,0
46.790,-0.2548000,0.2327000,9.6804000,59.4940000,62.0880000,67.1692000,-41.0530000,-9.4850000,7.0090000,0.000000,0,0,0
46.800,-0.2656000,0.2231000,9.6564000,59.2957000,62.0575000,67.3599000,-40.9860000,-9.7550000,7.4840000,0.000000,0,0,0
46.810,-0.2716000,0.2135000,9.6289000,59.1812000,61.9507000,67.6041000,-40.7340000,-9.8990000,7.2940000,0.000000,0,0,0
46.820,-0.2680000,0.2099000,9.6038000,59.1278000,61.8286000,67.8711000,-41.0710000,-9.7900000,6.6720000,0.000000,0,0,0
46.830,-0.2536000,0.2111000,9.5847000,59.1354000,61.6760000,68.1381000,-40.8840000,-9.8260000,6.7320000,0.000000,0,0,0
46.840,-0.2189000,0.2327000,9.5895000,59.2499000,61.7676000,68.2297000,-40.8800000,-9.8650000,6.3180000,0.000000,0,0,0
46.850,-0.2046000,0.2422000,9.6026000,59.3719000,62.0880000,68.0618000,-40.9500000,-9.9060000,6.8240000,0.000000,0,0,0
46.860,-0.2129000,0.2446000,9.6110000,59.5322000,62.4084000,67.8253000,-40.8990000,-9.9130000,6.9510000,0.000000,0,0,0
46.870,-0.2381000,0.2434000,9.6134000,59.7076000,62.5763000,67.6422000,-41.0530000,-9.9370000,6.9000000,0.000000,0,0,0
46.880,-0.2680000,0.2434000,9.6122000,59.8602000,62.6373000,67.5354000,-40.9140000,-9.9200000,6.9010000,0.000000,0,0,0
46.890,-0.2919000,0.2387000,9.6086000,59.9213000,62.5916000,67.5125000,-41.1880000,-10.1310000,7.6570000,0.000000,0,0,0
46.900,-0.3003000,0.2267000,9.6014000,59.8602000,62.4771000,67.5507000,-41.2460000,-9.8310000,6.6680000,0.000000,0,0,0
46.910,-0.2979000,0.2111000,9.5978000,59.6924000,62.4313000,67.6041000,-40.9810000,-10.3180000,6.7180000,0.000000,0,0,0
46.920,-0.2883000,0.2004000,9.6014000,59.4635000,62.4390000,67.6498000,-41.2900000,-10.0110000,6.6830000,0.000000,0,0,0
46.930,-0.2775000,0.1932000,9.6122000,59.2117000,62.4466000,67.6575000,-41.1390000,-9.7360000,6.9970000,0.000000,0,0,0
46.940,-0.2716000,0.1860000,9.6253000,59.0134000,62.4619000,67.6270000,-40.9800000,-9.7640000,7.4060000,0.000000,0,0,0
46.950,-0.2716000,0.1776000,9.6349000,58.9066000,62.4084000,67.6117000,-41.1390000,-9.7860000,7.3460000,0.000000,0,0,0
46.960,-0.2680000,0.1657000,9.6349000,58.9066000,62.2787000,67.6193000,-41.2710000,-9.7990000,7.1800000,0.000000,0,0,0
46.970,-0.2572000,0.1549000,9.6337000,59.0210000,62.2101000,67.6422000,-40.9460000,-10.0170000,6.7840000,0.000000,0,0,0
46.980,-0.2440000,0.1418000,9.6337000,59.1965000,62.2177000,67.6804000,-41.0880000,-10.1970000,6.9990000,0.000000,0,0,0
46.990,-0.2333000,0.1298000,9.6325000,59.4177000,62.2635000,67.7414000,-40.8640000,-10.2310000,6.2660000,0.000000,0,0,0
47.000,-0.2261000,0.1226000,9.6289000,59.6390000,62.3474000,67.8177000,-40.7130000,-10.0710000,6.8330000,0.000000,0,0,0
47.010,-0.2213000,0.1250000,9.6289000,59.8068000,62.4542000,67.8787000,-40.6460000,-10.0390000,6.6040000,0.000000,0,0,0
47.020,-0.2213000,0.1346000,9.6361000,59.8984000,62.5000000,67.8711000,-40.7620000,-9.8910000,6.4750000,0.000000,0,0,0
47.030,-0.2273000,0.1453000,9.6493000,59.9365000,62.4771000,67.8024000,-40.9040000,-9.9110000,6.6470000,0.000000,0,0,0
47.040,-0.2405000,0.1501000,9.6612000,59.9670000,62.4084000,67.7338000,-41.0510000,-10.0220000,6.7480000,0.000000,0,0,0
47.050,-0.2548000,0.1537000,9.6672000,60.0510000,62.2406000,67.7185000,-41.0810000,-10.1380000,6.3150000,0.000000,0,0,0
47.060,-0.2512000,0.1537000,9.6696000,60.1425000,62.1567000,67.6575000,-40.8900000,-10.0700000,6.4620000,0.000000,0,0,0
47.070,-0.2440000,0.1489000,9.6588000,60.1883000,62.2253000,67.5354000,-41.0310000,-10.3110000,6.9250000,0.000000,0,0,0
47.080,-0.2393000,0.1418000,9.6433000,60.1807000,62.3169000,67.3981000,-40.9960000,-10.0380000,6.4150000,0.000000,0,0,0
47.090,-0.2393000,0.1370000,9.6325000,60.1044000,62.3474000,67.2913000,-40.8390000,-10.0900000,6.6460000,0.000000,0,0,0
47.100,-0.2405000,0.1406000,9.6277000,59.9976000,62.4084000,67.1997000,-40.7720000,-10.1310000,6.9800000,0.000000,0,0,0
47.110,-0.2405000,0.1477000,9.6313000,59.8907000,62.4771000,67.1387000,-40.9590000,-10.0670000,7.2330000,0.000000,0,0,0
47.120,-0.2464000,0.1549000,9.6349000,59.8068000,62.4924000,67.0853000,-40.9190000,-10.3360000,6.9390000,0.000000,0,0,0
47.130,-0.2548000,0.1597000,9.6349000,59.7458000,62.5153000,67.0471000,-41.1130000,-10.1570000,7.2240000,0.000000,0,0,0
47.140,-0.2524000,0.1585000,9.6301000,59.6466000,62.5458000,67.0395000,-40.7500000,-9.9140000,6.7470000,0.000000,0,0,0
47.150,-0.2452000,0.1525000,9.6206000,59.4635000,62.4771000,67.0090000,-41.0060000,-9.9920000,6.8480000,0.000000,0,0,0
47.160,-0.2369000,0.1382000,9.6062000,59.2041000,62.4008000,66.9479000,-41.1230000,-9.9860000,6.7430000,0.000000,0,0,0
47.170,-0.2249000,0.1238000,9.5883000,58.8989000,62.3932000,66.8793000,-40.7570000,-9.7550000,7.4180000,0.000000,0,0,0
47.180,-0.2105000,0.1130000,9.5739000,58.6166000,62.4771000,66.7877000,-41.0790000,-10.1220000,7.3840000,0.000000,0,0,0
47.190,-0.2046000,0.1107000,9.5679000,58.4412000,62.6602000,66.6733000,-40.8460000,-9.7020000,7.1330000,0.000000,0,0,0
47.200,-0.2117000,0.1190000,9.5751000,58.4030000,62.8815000,66.5817000,-40.8420000,-9.9050000,6.7560000,0.000000,0,0,0
47.210,-0.2297000,0.1358000,9.5895000,58.5098000,63.0875000,66.5436000,-40.9040000,-10.2630000,6.7920000,0.000000,0,0,0
47.220,-0.2512000,0.1537000,9.6110000,58.7769000,63.2553000,66.5588000,-41.1180000,-10.0750000,6.6170000,0.000000,0,0,0
47.230,-0.2644000,0.1621000,9.6361000,59.1812000,63.3316000,66.6275000,-41.0440000,-9.9720000,6.3610000,0.000000,0,0,0
47.240,-0.2656000,0.1585000,9.6576000,59.6695000,63.2782000,66.7419000,-41.0250000,-10.3920000,6.5030000,0.000000,0,0,0
47.250,-0.2524000,0.1477000,9.6828000,60.1654000,63.1866000,66.8411000,-40.9960000,-10.0100000,6.9860000,0.000000,0,0,0
47.260,-0.2357000,0.1310000,9.7103000,60.5698000,63.0951000,66.9098000,-40.9860000,-10.0640000,6.6290000,0.000000,0,0,0
47.270,-0.2285000,0.1178000,9.7438000,60.8597000,62.9807000,66.9785000,-41.0460000,-9.9080000,7.0320000,0.000000,0,0,0
47.280,-0.2297000,0.1119000,9.7785000,61.0352000,62.7899000,67.1005000,-41.1930000,-9.8640000,7.2570000,0.000000,0,0,0
47.290,-0.2357000,0.1154000,9.8012000,61.1343000,62.4847000,67.2913000,-40.8560000,-9.9640000,7.0160000,0.000000,0,0,0
47.300,-0.2381000,0.1214000,9.7940000,61.1343000,62.1414000,67.5125000,-40.9050000,-9.8680000,7.2180000,0.000000,0,0,0
47.310,-0.2261000,0.1298000,9.7593000,60.9665000,61.8439000,67.7109000,-40.7810000,-9.9680000,6.8730000,0.000000,0,0,0
47.320,-0.2010000,0.1334000,9.7043000,60.5774000,61.6684000,67.7795000,-41.1580000,-9.9790000,7.2830000,0.000000,0,0,0
47.330,-0.1699000,0.1334000,9.6493000,60.0128000,61.6837000,67.6804000,-40.8590000,-10.1230000,6.5170000,0.000000,0,0,0
47.340,-0.1412000,0.1310000,9.6074000,59.3414000,61.8820000,67.3981000,-41.0270000,-10.1280000,6.6820000,0.000000,0,0,0
47.350,-0.1280000,0.1250000,9.5799000,58.7082000,62.1490000,66.9861000,-40.8200000,-10.0050000,7.5280000,0.000000,0,0,0
47.360,-0.1400000,0.1130000,9.5643000,58.2809000,62.3779000,66.5817000,-41.1010000,-10.1170000,7.5100000,0.000000,0,0,0
47.370,-0.1699000,0.1023000,9.5583000,58.1360000,62.5076000,66.3147000,-41.0290000,-10.1090000,6.8850000,0.000000,0,0,0
47.380,-0.1986000,0.0975000,9.5631000,58.1818000,62.6068000,66.2155000,-40.6700000,-9.9700000,7.3290000,0.000000,0,0,0
47.390,-0.2237000,0.0975000,9.5679000,58.3496000,62.7289000,66.2460000,-40.9320000,-9.9890000,6.6130000,0.000000,0,0,0
47.400,-0.2393000,0.1011000,9.5775000,58.5785000,62.9654000,66.3757000,-40.8290000,-9.9800000,6.3820000,0.000000,0,0,0
47.410,-0.2417000,0.1178000,9.5978000,58.9218000,63.3774000,66.5359000,-40.8200000,-9.9840000,6.3190000,0.000000,0,0,0
47.420,-0.2369000,0.1274000,9.6122000,59.1202000,63.6368000,66.5436000,-41.0360000,-10.1220000,6.2550000,0.000000,0,0,0
47.430,-0.2381000,0.1310000,9.6218000,59.2728000,63.9038000,66.4520000,-41.1450000,-10.4040000,6.3600000,0.000000,0,0,0
47.440,-0.2488000,0.1298000,9.6265000,59.3262000,64.0259000,66.3300000,-41.3380000,-10.2250000,7.0340000,0.000000,0,0,0
47.450,-0.2656000,0.1262000,9.6337000,59.2957000,63.9648000,66.2766000,-41.2590000,-9.9650000,6.8930000,0.000000,0,0,0
47.460,-0.2811000,0.1250000,9.6409000,59.2041000,63.7512000,66.3452000,-40.8570000,-10.3170000,6.8370000,0.000000,0,0,0
47.470,-0.2895000,0.1274000,9.6469000,59.1202000,63.4308000,66.5283000,-40.8600000,-10.0830000,6.6600000,0.000000,0,0,0
47.480,-0.2883000,0.1322000,9.6529000,59.0744000,63.1180000,66.7725000,-41.1160000,-10.1600000,6.3520000,0.000000,0,0,0
47.490,-0.2775000,0.1346000,9.6517000,59.0744000,62.8433000,67.0395000,-41.0810000,-9.8020000,6.4870000,0.000000,0,0,0
47.500,-0.2548000,0.1370000,9.6481000,59.1202000,62.6450000,67.2760000,-40.8650000,-10.2670000,6.9090000,0.000000,0,0,0
47.510,-0.2237000,0.1382000,9.6457000,59.2346000,62.6221000,67.3904000,-41.1170000,-10.2320000,7.1760000,0.000000,0,0,0
47.520,-0.1974000,0.1406000,9.6433000,59.3948000,62.8510000,67.3447000,-41.0190000,-9.8890000,7.2210000,0.000000,0,0,0
47.530,-0.1842000,0.1406000,9.6409000,59.5551000,63.2095000,67.1844000,-41.0320000,-9.9230000,6.5060000,0.000000,0,0,0
47.540,-0.1842000,0.1370000,9.6397000,59.6466000,63.5681000,66.9785000,-41.1280000,-10.1060000,7.0940000,0.000000,0,0,0
47.550,-0.1926000,0.1322000,9.6409000,59.6619000,63.8809000,66.7877000,-41.2180000,-9.8230000,7.0160000,0.000000,0,0,0
47.560,-0.2094000,0.1250000,9.6421000,59.6161000,64.0411000,66.6428000,-41.2440000,-10.2310000,6.8400000,0.000000,0,0,0
47.570,-0.2285000,0.1119000,9.6433000,59.5627000,64.0335000,66.6122000,-40.9200000,-10.2430000,6.7960000,0.000000,0,0,0
47.580,-0.2405000,0.0951000,9.6361000,59.4864000,63.9572000,66.6962000,-40.9760000,-10.2420000,7.3190000,0.000000,0,0,0
47.590,-0.2393000,0.0819000,9.6265000,59.3414000,63.8809000,66.8564000,-41.1730000,-10.1080000,7.1840000,0.000000,0,0,0
47.600,-0.2309000,0.0760000,9.6170000,59.0973000,63.8962000,67.0242000,-40.9220000,-10.2030000,7.2220000,0.000000,0,0,0
47.610,-0.2213000,0.0712000,9.6110000,58.7311000,64.0640000,67.1387000,-41.2540000,-10.1330000,6.6770000,0.000000,0,0,0
47.620,-0.2141000,0.0664000,9.6086000,58.2962000,64.3387000,67.2073000,-41.0940000,-9.9210000,6.8040000,0.000000,0,0,0
47.630,-0.2129000,0.0664000,9.6194000,57.9376000,64.5905000,67.2226000,-41.1080000,-10.0070000,7.1880000,0.000000,0,0,0
47.640,-0.2249000,0.0724000,9.6409000,57.7545000,64.7125000,67.1997000,-40.8640000,-9.9500000,6.7490000,0.000000,0,0,0
47.650,-0.2452000,0.0760000,9.6660000,57.7927000,64.7354000,67.1539000,-40.9190000,-10.2790000,6.8430000,0.000000,0,0,0
47.660,-0.2620000,0.0760000,9.6840000,57.9910000,64.7659000,67.1158000,-41.1580000,-10.2310000,6.7120000,0.000000,0,0,0
47.670,-0.2751000,0.0736000,9.6875000,58.2504000,64.8041000,67.0776000,-40.9090000,-10.2760000,7.2430000,0.000000,0,0,0
47.680,-0.2871000,0.0724000,9.6852000,58.5175000,64.7583000,67.0547000,-41.0520000,-10.0730000,7.2840000,0.000000,0,0,0
47.690,-0.2979000,0.0712000,9.6852000,58.7921000,64.6133000,67.0319000,-40.8610000,-10.3210000,6.7610000,0.000000,0,0,0
47.700,-0.3063000,0.0712000,9.6947000,59.1049000,64.3692000,67.0166000,-41.0140000,-10.3670000,7.3430000,0.000000,0,0,0
47.710,-0.3110000,0.0676000,9.7031000,59.4864000,64.0488000,67.0013000,-41.2890000,-10.3410000,6.8680000,0.000000,0,0,0
47.720,-0.3063000,0.0592000,9.7043000,59.8526000,63.7512000,66.9785000,-40.9210000,-10.2020000,6.5250000,0.000000,0,0,0
47.730,-0.2895000,0.0496000,9.6971000,60.1196000,63.5452000,66.8945000,-40.9170000,-10.0970000,6.5870000,0.000000,0,0,0
47.740,-0.2704000,0.0365000,9.6875000,60.1883000,63.4537000,66.7191000,-40.5040000,-10.0680000,6.8160000,0.000000,0,0,0
47.750,-0.2596000,0.0209000,9.6780000,60.0586000,63.4918000,66.4978000,-40.7600000,-10.0400000,6.6190000,0.000000,0,0,0
47.760,-0.2584000,0.0042000,9.6756000,59.7916000,63.6139000,66.2766000,-40.8320000,-10.0620000,6.3450000,0.000000,0,0,0
47.770,-0.2644000,-0.0078000,9.6780000,59.4940000,63.8428000,66.1240000,-40.8790000,-10.2530000,6.9610000,0.000000,0,0,0
47.780,-0.2763000,-0.0138000,9.6720000,59.2499000,64.0717000,66.0324000,-40.8780000,-10.2300000,6.9290000,0.000000,0,0,0
47.790,-0.2859000,-0.0197000,9.6576000,59.1278000,64.0793000,66.0172000,-40.9490000,-9.9200000,6.8550000,0.000000,0,0,0
47.800,-0.2943000,-0.0245000,9.6457000,59.0515000,63.9038000,66.1087000,-40.7970000,-10.0620000,6.6000000,0.000000,0,0,0
47.810,-0.2955000,-0.0245000,9.6433000,58.9523000,63.7360000,66.2994000,-40.8620000,-9.9840000,7.1860000,0.000000,0,0,0
47.820,-0.2859000,-0.0221000,9.6612000,58.8531000,63.6368000,66.5131000,-40.8220000,-10.0220000,6.9170000,0.000000,0,0,0
47.830,-0.2775000,-0.0150000,9.6947000,58.8303000,63.5757000,66.6580000,-40.7870000,-10.0450000,7.1950000,0.000000,0,0,0
47.840,-0.2823000,-0.0102000,9.7270000,58.9142000,63.4766000,66.7725000,-40.5530000,-9.8160000,7.0020000,0.000000,0,0,0
47.850,-0.2943000,-0.0138000,9.7426000,59.1049000,63.2553000,66.9022000,-40.7390000,-10.2420000,6.7030000,0.000000,0,0,0
47.860,-0.3003000,-0.0245000,9.7342000,59.2575000,63.0035000,67.0624000,-40.5100000,-10.1330000,6.9580000,0.000000,0,0,0
47.870,-0.2979000,-0.0317000,9.7007000,59.1888000,62.7823000,67.2379000,-40.9420000,-10.4810000,7.6320000,0.000000,0,0,0
47.880,-0.2895000,-0.0329000,9.6576000,58.8837000,62.6144000,67.3828000,-40.7650000,-10.0440000,6.8580000,0.000000,0,0,0
47.890,-0.2823000,-0.0293000,9.6170000,58.3801000,62.5534000,67.4973000,-40.9730000,-10.2610000,7.4920000,0.000000,0,0,0
47.900,-0.2740000,-0.0209000,9.5835000,57.8156000,62.5916000,67.5812000,-40.8390000,-9.9880000,7.4060000,0.000000,0,0,0
47.910,-0.2572000,-0.0078000,9.5583000,57.2968000,62.7213000,67.6117000,-40.9720000,-10.0240000,7.6260000,0.000000,0,0,0
47.920,-0.2405000,0.0054000,9.5392000,56.8771000,62.8815000,67.5125000,-40.5840000,-9.9570000,7.5560000,0.000000,0,0,0
47.930,-0.2321000,0.0114000,9.5249000,56.6101000,63.0112000,67.2531000,-40.7380000,-10.4710000,7.2810000,0.000000,0,0,0
47.940,-0.2393000,0.0066000,9.5225000,56.4957000,63.1485000,66.9556000,-40.7010000,-10.1890000,7.3060000,0.000000,0,0,0
47.950,-0.2596000,-0.0054000,9.5296000,56.5567000,63.2324000,66.7191000,-40.5650000,-10.1880000,7.9490000,0.000000,0,0,0
47.960,-0.2847000,-0.0161000,9.5440000,56.7932000,63.2095000,66.6122000,-40.6080000,-10.1320000,7.4470000,0.000000,0,0,0
47.970,-0.3027000,-0.0221000,9.5655000,57.1671000,63.2095000,66.6275000,-40.7870000,-10.1520000,6.5360000,0.000000,0,0,0
47.980,-0.3182000,-0.0209000,9.5847000,57.6096000,63.3240000,66.6885000,-40.6470000,-10.3790000,6.8930000,0.000000,0,0,0
47.990,-0.3254000,-0.0150000,9.5978000,58.0292000,63.4766000,66.7496000,-40.7430000,-10.2080000,7.2720000,0.000000,0,0,0
48.000,-0.3242000,-0.0090000,9.6074000,58.3801000,63.5376000,66.7877000,-40.8260000,-10.0340000,7.5730000,0.000000,0,0,0
48.010,-0.3230000,-0.0054000,9.6194000,58.7006000,63.4918000,66.7419000,-40.8100000,-10.3920000,6.8690000,0.000000,0,0,0
48.020,-0.3218000,-0.0030000,9.6373000,59.0057000,63.4613000,66.6351000,-40.6260000,-10.1490000,6.2820000,0.000000,0,0,0
48.030,-0.3194000,-0.0042000,9.6696000,59.4254000,63.3774000,66.4673000,-40.7160000,-10.1760000,7.1240000,0.000000,0,0,0
48.040,-0.3242000,-0.0078000,9.6887000,59.6619000,63.2248000,66.3986000,-40.6180000,-9.9180000,7.2410000,0.000000,0,0,0
48.050,-0.3302000,-0.0102000,9.6983000,59.8755000,62.9578000,66.3986000,-40.7210000,-10.2810000,7.1550000,0.000000,0,0,0
48.060,-0.3302000,-0.0126000,9.6947000,60.0510000,62.6221000,66.4902000,-40.8730000,-10.2670000,7.7380000,0.000000,0,0,0
48.070,-0.3194000,-0.0150000,9.6768000,60.1425000,62.2559000,66.6122000,-40.7510000,-10.2320000,7.5370000,0.000000,0,0,0
48.080,-0.2967000,-0.0209000,9.6481000,60.1501000,61.9049000,66.7191000,-40.7660000,-10.3840000,7.3860000,0.000000,0,0,0
48.090,-0.2656000,-0.0281000,9.6170000,60.1120000,61.6608000,66.7419000,-40.8770000,-10.5090000,7.2070000,0.000000,0,0,0
48.100,-0.2345000,-0.0377000,9.5942000,60.0510000,61.5997000,66.6580000,-40.6260000,-10.5160000,6.9960000,0.000000,0,0,0
48.110,-0.2141000,-0.0437000,9.5811000,59.9442000,61.6989000,66.4902000,-40.8600000,-10.6790000,6.9830000,0.000000,0,0,0
48.120,-0.2058000,-0.0544000,9.5847000,59.8373000,61.8286000,66.2460000,-40.9530000,-10.6220000,7.0030000,0.000000,0,0,0
48.130,-0.2094000,-0.0724000,9.6014000,59.8373000,61.9659000,66.0324000,-40.7880000,-10.4560000,7.0650000,0.000000,0,0,0
48.140,-0.2201000,-0.0915000,9.6325000,60.0433000,62.2025000,65.9027000,-40.8850000,-10.4170000,7.6260000,0.000000,0,0,0
48.150,-0.2393000,-0.1047000,9.6612000,60.4401000,62.5610000,65.8875000,-40.7910000,-10.3080000,7.0400000,0.000000,0,0,0
48.160,-0.2632000,-0.1107000,9.6768000,60.9207000,62.8815000,66.0019000,-40.9670000,-10.5270000,7.1170000,0.000000,0,0,0
48.170,-0.2883000,-0.1071000,9.6732000,61.3480000,62.9654000,66.2537000,-40.7990000,-10.4090000,7.4480000,0.000000,0,0,0
48.180,-0.3063000,-0.0975000,9.6564000,61.5692000,62.8433000,66.5970000,-40.8780000,-10.5320000,7.1620000,0.000000,0,0,0
48.190,-0.3134000,-0.0807000,9.6361000,61.4853000,62.6221000,67.0090000,-41.0160000,-10.6340000,7.4880000,0.000000,0,0,0
48.200,-0.3098000,-0.0580000,9.6218000,61.0733000,62.3322000,67.4286000,-40.6790000,-10.4110000,6.8760000,0.000000,0,0,0
48.210,-0.2991000,-0.0305000,9.6194000,60.4858000,62.1033000,67.7795000,-40.8920000,-10.4960000,7.0300000,0.000000,0,0,0
48.220,-0.2871000,-0.0054000,9.6349000,59.8679000,62.0804000,68.0084000,-40.8490000,-10.4880000,7.3000000,0.000000,0,0,0
48.230,-0.2811000,0.0185000,9.6588000,59.2957000,62.1414000,68.0923000,-40.8030000,-10.3130000,6.9830000,0.000000,0,0,0
48.240,-0.2823000,0.0329000,9.6756000,58.8608000,62.1185000,68.0389000,-41.1940000,-10.4810000,7.2690000,0.000000,0,0,0
48.250,-0.2823000,0.0329000,9.6756000,58.6624000,62.0422000,67.8787000,-40.7570000,-10.2450000,7.3090000,0.000000,0,0,0
48.260,-0.2763000,0.0185000,9.6576000,58.6624000,62.0422000,67.6575000,-41.0420000,-10.5740000,7.2000000,0.000000,0,0,0
48.270,-0.2608000,-0.0030000,9.6253000,58.7616000,62.0956000,67.4286000,-40.7610000,-10.2550000,7.4280000,0.000000,0,0,0
48.280,-0.2405000,-0.0293000,9.5895000,58.9294000,62.1948000,67.1997000,-40.7150000,-10.2390000,7.8720000,0.000000,0,0,0
48.290,-0.2201000,-0.0532000,9.5667000,59.1812000,62.3550000,67.0319000,-40.7560000,-10.3230000,7.5280000,0.000000,0,0,0
48.300,-0.2070000,-0.0688000,9.5631000,59.5398000,62.5687000,66.9250000,-41.0370000,-10.6120000,8.5280000,0.000000,0,0,0
48.310,-0.2034000,-0.0796000,9.5811000,60.0052000,62.8510000,66.8793000,-40.8530000,-10.2920000,7.3320000,0.000000,0,0,0
48.320,-0.2070000,-0.0855000,9.6086000,60.5469000,63.1256000,66.8945000,-40.7140000,-10.8500000,7.6290000,0.000000,0,0,0
48.330,-0.2153000,-0.0903000,9.6373000,61.0580000,63.2935000,66.9632000,-40.9670000,-10.4910000,7.6220000,0.000000,0,0,0
48.340,-0.2249000,-0.0939000,9.6612000,61.4395000,63.3850000,67.0319000,-40.8170000,-10.3050000,7.3350000,0.000000,0,0,0
48.350,-0.2357000,-0.0927000,9.6804000,61.6226000,63.4308000,67.0929000,-40.8910000,-10.4020000,7.2950000,0.000000,0,0,0
48.360,-0.2452000,-0.0855000,9.6971000,61.6531000,63.4003000,67.1005000,-40.5740000,-10.2840000,7.2760000,0.000000,0,0,0
48.370,-0.2536000,-0.0736000,9.7091000,61.5692000,63.2324000,67.0471000,-40.6830000,-10.2920000,7.7510000,0.000000,0,0,0
48.380,-0.2584000,-0.0592000,9.7103000,61.4777000,62.8815000,66.9479000,-40.5870000,-10.3830000,6.7450000,0.000000,0,0,0
48.390,-0.2632000,-0.0449000,9.7043000,61.4166000,62.5000000,66.8335000,-40.9990000,-10.2870000,7.2880000,0.000000,0,0,0
48.400,-0.2644000,-0.0317000,9.6923000,61.4624000,62.1567000,66.7572000,-40.9500000,-9.9930000,6.6500000,0.000000,0,0,0
48.410,-0.2548000,-0.0197000,9.6840000,61.6302000,61.8362000,66.7419000,-40.8270000,-10.5910000,7.0910000,0.000000,0,0,0
48.420,-0.2357000,-0.0114000,9.6768000,61.9278000,61.5692000,66.7572000,-41.0370000,-10.3830000,7.7670000,0.000000,0,0,0
48.430,-0.2129000,-0.0090000,9.6732000,62.2635000,61.4471000,66.7419000,-40.8640000,-10.0850000,7.6000000,0.000000,0,0,0
48.440,-0.1962000,-0.0150000,9.6720000,62.4847000,61.4243000,66.6428000,-40.7830000,-10.1050000,6.9040000,0.000000,0,0,0
48.450,-0.1938000,-0.0257000,9.6684000,62.4542000,61.4166000,66.4520000,-41.0890000,-10.2770000,7.6910000,0.000000,0,0,0
48.460,-0.2117000,-0.0437000,9.6660000,62.1185000,61.4700000,66.2155000,-41.1060000,-10.1490000,7.1270000,0.000000,0,0,0
48.470,-0.2405000,-0.0652000,9.6576000,61.5311000,61.5005000,66.0324000,-40.9320000,-10.0830000,6.9480000,0.000000,0,0,0
48.480,-0.2644000,-0.0855000,9.6469000,60.8139000,61.5234000,65.9485000,-41.0290000,-10.0730000,7.0190000,0.000000,0,0,0
48.490,-0.2823000,-0.0999000,9.6385000,60.1578000,61.5845000,65.9637000,-40.8910000,-10.0270000,7.4470000,0.000000,0,0,0
48.500,-0.2943000,-0.1047000,9.6385000,59.7305000,61.6608000,66.1011000,-40.7220000,-10.0870000,6.9300000,0.000000,0,0,0
48.510,-0.2991000,-0.1011000,9.6433000,59.6237000,61.6379000,66.3147000,-40.8040000,-10.3990000,7.0380000,0.000000,0,0,0
48.520,-0.3015000,-0.0951000,9.6481000,59.7916000,61.6302000,66.5512000,-40.9380000,-10.5280000,7.0630000,0.000000,0,0,0
48.530,-0.3063000,-0.0987000,9.6361000,60.1044000,61.7294000,66.7877000,-40.9480000,-10.6250000,6.9550000,0.000000,0,0,0
48.540,-0.3051000,-0.1059000,9.6122000,60.3790000,61.8057000,67.0319000,-41.0830000,-10.3620000,7.4080000,0.000000,0,0,0
48.550,-0.2979000,-0.1059000,9.5847000,60.5774000,61.8668000,67.2379000,-41.0610000,-10.1770000,7.5840000,0.000000,0,0,0
48.560,-0.2811000,-0.1011000,9.5572000,60.7147000,62.0270000,67.3828000,-40.8680000,-10.3490000,7.7030000,0.000000,0,0,0
48.570,-0.2632000,-0.0915000,9.5380000,60.8444000,62.3627000,67.4744000,-40.8560000,-10.2650000,7.9620000,0.000000,0,0,0
48.580,-0.2512000,-0.0712000,9.5260000,60.9970000,62.7594000,67.5430000,-41.1360000,-10.2370000,7.2360000,0.000000,0,0,0
48.590,-0.2405000,-0.0413000,9.5272000,61.1877000,63.1638000,67.5735000,-40.7220000,-10.0940000,7.2170000,0.000000,0,0,0
48.600,-0.2261000,-0.0066000,9.5440000,61.4548000,63.5681000,67.5049000,-40.9370000,-10.2310000,7.4420000,0.000000,0,0,0
48.610,-0.2129000,0.0221000,9.5655000,61.7599000,63.9191000,67.3370000,-40.6020000,-10.0100000,7.0590000,0.000000,0,0,0
48.620,-0.2046000,0.0353000,9.5883000,62.0804000,64.1632000,67.0700000,-40.9900000,-9.8170000,7.5560000,0.000000,0,0,0
48.630,-0.2058000,0.0365000,9.6349000,62.5458000,64.3997000,66.6351000,-41.0150000,-9.9790000,7.4060000,0.000000,0,0,0
48.640,-0.2213000,0.0269000,9.6708000,62.7213000,64.4531000,66.4291000,-40.9860000,-9.8120000,7.3290000,0.000000,0,0,0
48.650,-0.2452000,0.0150000,9.7043000,62.7747000,64.3768000,66.3452000,-40.9190000,-10.2490000,7.5960000,0.000000,0,0,0
48.660,-0.2668000,0.0066000,9.7354000,62.7060000,64.1937000,66.4520000,-40.5820000,-10.1270000,7.4220000,0.000000,0,0,0
48.670,-0.2787000,0.0030000,9.7581000,62.5229000,63.9191000,66.6885000,-41.1090000,-9.9870000,7.6420000,0.000000,0,0,0
48.680,-0.2823000,0.0054000,9.7653000,62.2559000,63.5376000,67.0090000,-40.9390000,-10.0610000,7.2470000,0.000000,0,0,0
48.690,-0.2751000,0.0126000,9.7605000,61.9507000,63.1638000,67.3370000,-40.8580000,-10.1090000,7.2980000,0.000000,0,0,0
48.700,-0.2560000,0.0197000,9.7342000,61.6302000,62.8891000,67.5964000,-40.9090000,-9.6640000,7.7780000,0.000000,0,0,0
48.710,-0.2297000,0.0257000,9.6995000,61.3480000,62.6907000,67.7261000,-40.9270000,-9.9770000,7.4740000,0.000000,0,0,0
48.720,-0.2010000,0.0317000,9.6696000,61.0809000,62.5610000,67.7185000,-40.9870000,-10.3180000,7.7390000,0.000000,0,0,0
48.730,-0.1794000,0.0365000,9.6505000,60.8368000,62.5687000,67.6193000,-41.0480000,-10.0990000,7.4670000,0.000000,0,0,0
48.740,-0.1759000,0.0425000,9.6457000,60.6232000,62.7594000,67.4438000,-41.0290000,-10.0790000,7.2400000,0.000000,0,0,0
48.750,-0.1902000,0.0496000,9.6541000,60.4553000,62.9807000,67.2455000,-41.0700000,-9.8830000,7.3640000,0.000000,0,0,0
48.760,-0.2177000,0.0532000,9.6744000,60.3485000,63.0493000,67.0624000,-41.1190000,-10.1770000,7.9790000,0.000000,0,0,0
48.770,-0.2512000,0.0508000,9.6911000,60.2875000,62.9807000,66.9708000,-41.0770000,-10.0410000,7.7460000,0.000000,0,0,0
48.780,-0.2775000,0.0461000,9.6959000,60.2417000,62.8128000,66.9708000,-41.1620000,-10.2120000,7.9820000,0.000000,0,0,0
48.790,-0.2895000,0.0401000,9.6852000,60.1807000,62.5534000,66.9937000,-41.0200000,-9.9620000,7.6400000,0.000000,0,0,0
48.800,-0.2883000,0.0305000,9.6588000,60.0586000,62.2864000,66.9861000,-40.9310000,-10.1810000,6.6470000,0.000000,0,0,0
48.810,-0.2835000,0.0221000,9.6253000,59.8831000,62.1109000,66.9098000,-41.0340000,-9.9330000,7.2640000,0.000000,0,0,0
48.820,-0.2728000,0.0173000,9.6014000,59.7000000,62.0804000,66.7953000,-40.7790000,-10.3740000,7.8360000,0.000000,0,0,0
48.830,-0.2620000,0.0161000,9.5990000,59.5703000,62.1948000,66.6428000,-40.8030000,-10.0670000,7.9510000,0.000000,0,0,0
48.840,-0.2608000,0.0161000,9.6086000,59.5474000,62.4161000,66.5131000,-41.1580000,-10.3880000,8.2470000,0.000000,0,0,0
48.850,-0.2644000,0.0114000,9.6218000,59.6008000,62.6678000,66.4368000,-40.9600000,-10.4700000,7.8970000,0.000000,0,0,0
48.860,-0.2692000,0.0006000,9.6277000,59.7153000,62.8357000,66.4749000,-41.1460000,-10.0960000,7.5960000,0.000000,0,0,0
48.870,-0.2740000,-0.0114000,9.6277000,59.8221000,62.8586000,66.5970000,-41.1520000,-9.9500000,8.2910000,0.000000,0,0,0
48.880,-0.2763000,-0.0209000,9.6289000,59.9213000,62.7899000,66.8259000,-41.0330000,-9.9040000,8.0970000,0.000000,0,0,0
48.890,-0.2740000,-0.0233000,9.6337000,60.0433000,62.6297000,67.1005000,-40.8740000,-10.2050000,7.4930000,0.000000,0,0,0
48.900,-0.2668000,-0.0185000,9.6349000,60.2341000,62.4619000,67.3676000,-40.8900000,-10.4070000,7.6740000,0.000000,0,0,0
48.910,-0.2512000,-0.0114000,9.6277000,60.4553000,62.3856000,67.5583000,-40.7280000,-10.2950000,8.0720000,0.000000,0,0,0
48.920,-0.2273000,-0.0066000,9.6074000,60.6155000,62.4313000,67.6193000,-40.7570000,-10.1890000,7.8990000,0.000000,0,0,0
48.930,-0.1986000,-0.0006000,9.5787000,60.6003000,62.6144000,67.5583000,-40.8650000,-10.3100000,8.1220000,0.000000,0,0,0
48.940,-0.1711000,0.0030000,9.5536000,60.3943000,62.8662000,67.3904000,-40.5340000,-10.1930000,8.2600000,0.000000,0,0,0
48.950,-0.1543000,0.0066000,9.5452000,60.0662000,63.1409000,67.1692000,-41.0120000,-10.2280000,7.9340000,0.000000,0,0,0
48.960,-0.1543000,0.0114000,9.5572000,59.7763000,63.3850000,66.9785000,-40.8990000,-10.4520000,7.3550000,0.000000,0,0,0
48.970,-0.1627000,0.0173000,9.5823000,59.6542000,63.5681000,66.9098000,-41.3080000,-10.3310000,7.7760000,0.000000,0,0,0
48.980,-0.1747000,0.0257000,9.6122000,59.7229000,63.7131000,66.9479000,-41.1030000,-10.2040000,7.8720000,0.000000,0,0,0
48.990,-0.1866000,0.0353000,9.6349000,59.8984000,63.7894000,67.0090000,-41.1690000,-10.2690000,7.4850000,0.000000,0,0,0
49.000,-0.1938000,0.0425000,9.6541000,60.1349000,63.7970000,67.0319000,-41.1520000,-10.1740000,7.3240000,0.000000,0,0,0
49.010,-0.2046000,0.0449000,9.6744000,60.3485000,63.8046000,66.9937000,-41.3890000,-10.3750000,7.2680000,0.000000,0,0,0
49.020,-0.2189000,0.0449000,9.7019000,60.5316000,63.7436000,66.9174000,-40.8880000,-10.2400000,7.0840000,0.000000,0,0,0
49.030,-0.2381000,0.0425000,9.7318000,60.7605000,63.5986000,66.8335000,-40.8730000,-10.2750000,7.3340000,0.000000,0,0,0
49.040,-0.2596000,0.0365000,9.7545000,61.0504000,63.3850000,66.8182000,-41.1320000,-10.0610000,6.7780000,0.000000,0,0,0
49.050,-0.2775000,0.0269000,9.7605000,61.3785000,63.1027000,66.8945000,-41.2690000,-10.0190000,7.6670000,0.000000,0,0,0
49.060,-0.2847000,0.0161000,9.7450000,61.6837000,62.7594000,67.0776000,-40.6950000,-10.1960000,6.7150000,0.000000,0,0,0
49.070,-0.2775000,0.0054000,9.7127000,61.8896000,62.4695000,67.3294000,-40.7130000,-10.1010000,6.9710000,0.000000,0,0,0
49.080,-0.2608000,-0.0006000,9.6720000,61.9202000,62.2864000,67.6193000,-40.6900000,-10.1050000,7.3780000,0.000000,0,0,0
49.090,-0.2381000,-0.0006000,9.6361000,61.7828000,62.1796000,67.8787000,-40.6080000,-9.9590000,7.3990000,0.000000,0,0,0
49.100,-0.2141000,0.0054000,9.6110000,61.5463000,62.2559000,68.0695000,-40.5550000,-10.1290000,6.9970000,0.000000,0,0,0
49.110,-0.1902000,0.0173000,9.5954000,61.2411000,62.4542000,68.1381000,-40.6980000,-10.2070000,7.2280000,0.000000,0,0,0
49.120,-0.1759000,0.0281000,9.5871000,60.9055000,62.6450000,68.0161000,-41.0440000,-10.2400000,7.4030000,0.000000,0,0,0
49.130,-0.1723000,0.0329000,9.5906000,60.6155000,62.8128000,67.7490000,-40.8990000,-10.2720000,6.6900000,0.000000,0,0,0
49.140,-0.1878000,0.0257000,9.6050000,60.4172000,62.9654000,67.4286000,-40.7530000,-10.3050000,7.2790000,0.000000,0,0,0
49.150,-0.2153000,0.0078000,9.6170000,60.3333000,63.0569000,67.1692000,-40.9520000,-10.2740000,7.0080000,0.000000,0,0,0
49.160,-0.2393000,-0.0138000,9.6218000,60.3027000,63.0646000,67.0700000,-40.9120000,-9.9340000,7.7200000,0.000000,0,0,0
49.170,-0.2500000,-0.0293000,9.6194000,60.2646000,63.0646000,67.1310000,-40.9630000,-10.0480000,8.1120000,0.000000,0,0,0
49.180,-0.2536000,-0.0353000,9.6194000,60.2341000,63.1104000,67.2684000,-40.8540000,-9.9910000,7.8710000,0.000000,0,0,0
49.190,-0.2524000,-0.0305000,9.6241000,60.2264000,63.2095000,67.4133000,-40.7760000,-9.9180000,7.6970000,0.000000,0,0,0
49.200,-0.2500000,-0.0209000,9.6361000,60.2646000,63.2935000,67.5201000,-40.7390000,-10.0180000,7.0570000,0.000000,0,0,0
49.210,-0.2488000,-0.0102000,9.6505000,60.3790000,63.3316000,67.5812000,-40.8850000,-10.2080000,7.5070000,0.000000,0,0,0
49.220,-0.2524000,-0.0042000,9.6588000,60.5698000,63.2858000,67.6041000,-40.6720000,-9.9440000,7.5470000,0.000000,0,0,0
49.230,-0.2524000,-0.0054000,9.6636000,60.7986000,63.2401000,67.6117000,-40.7640000,-10.2520000,8.0520000,0.000000,0,0,0
49.240,-0.2548000,-0.0161000,9.6529000,61.1954000,63.2935000,67.6346000,-40.9360000,-10.3530000,7.1200000,0.000000,0,0,0
49.250,-0.2584000,-0.0221000,9.6385000,61.3937000,63.2935000,67.6727000,-40.9070000,-10.2600000,7.3410000,0.000000,0,0,0
49.260,-0.2572000,-0.0221000,9.6229000,61.4395000,63.2782000,67.6804000,-41.0150000,-10.1090000,7.0340000,0.000000,0,0,0
49.270,-0.2524000,-0.0126000,9.6110000,61.3022000,63.2172000,67.6346000,-40.8000000,-9.9500000,7.8550000,0.000000,0,0,0
49.280,-0.2405000,0.0006000,9.6050000,61.0123000,63.0798000,67.5049000,-40.7430000,-10.0720000,7.3460000,0.000000,0,0,0
49.290,-0.2285000,0.0150000,9.6074000,60.6689000,62.9501000,67.2913000,-40.7480000,-9.8980000,6.9530000,0.000000,0,0,0
49.300,-0.2225000,0.0257000,9.6206000,60.3485000,62.8967000,67.0471000,-40.9780000,-9.8480000,6.2970000,0.000000,0,0,0
49.310,-0.2261000,0.0305000,9.6421000,60.1578000,62.8586000,66.8182000,-40.7760000,-9.8970000,7.1240000,0.000000,0,0,0
49.320,-0.2369000,0.0281000,9.6612000,60.1578000,62.8128000,66.6809000,-40.5410000,-10.0930000,7.2730000,0.000000,0,0,0
49.330,-0.2512000,0.0185000,9.6720000,60.3256000,62.7899000,66.6656000,-40.7180000,-9.9110000,6.2870000,0.000000,0,0,0
49.340,-0.2608000,0.0066000,9.6720000,60.5469000,62.7441000,66.7801000,-40.5990000,-10.0280000,7.4510000,0.000000,0,0,0
49.350,-0.2632000,-0.0018000,9.6636000,60.7681000,62.6450000,66.9937000,-40.4840000,-10.1220000,6.9540000,0.000000,0,0,0
49.360,-0.2584000,-0.0006000,9.6505000,60.9283000,62.5763000,67.2073000,-40.6720000,-9.9370000,6.8360000,0.000000,0,0,0
49.370,-0.2500000,0.0090000,9.6313000,61.0428000,62.5687000,67.3599000,-40.8470000,-10.0840000,7.2850000,0.000000,0,0,0
49.380,-0.2417000,0.0209000,9.6134000,61.1115000,62.6068000,67.4286000,-40.9000000,-10.0220000,7.0000000,0.000000,0,0,0
49.390,-0.2345000,0.0317000,9.6002000,61.1115000,62.7518000,67.4438000,-40.8770000,-9.9330000,7.2090000,0.000000,0,0,0
49.400,-0.2285000,0.0401000,9.5942000,61.0580000,62.9196000,67.4133000,-40.7550000,-9.9830000,7.3830000,0.000000,0,0,0
49.410,-0.2261000,0.0473000,9.5942000,60.9589000,63.1714000,67.3218000,-40.7390000,-10.2570000,7.7070000,0.000000,0,0,0
49.420,-0.2333000,0.0496000,9.6038000,60.8063000,63.5071000,67.2073000,-40.7290000,-10.0590000,7.2210000,0.000000,0,0,0
49.430,-0.2500000,0.0484000,9.6229000,60.5850000,63.7436000,67.1310000,-40.6400000,-10.0120000,7.4180000,0.000000,0,0,0
49.440,-0.2704000,0.0461000,9.6493000,60.3943000,63.8275000,67.1387000,-40.5050000,-9.9550000,7.7990000,0.000000,0,0,0
49.450,-0.2859000,0.0461000,9.6732000,60.3104000,63.7665000,67.2302000,-40.6290000,-9.9090000,6.8880000,0.000000,0,0,0
49.460,-0.2955000,0.0425000,9.6864000,60.3561000,63.5757000,67.3904000,-40.9350000,-9.9780000,7.0950000,0.000000,0,0,0
49.470,-0.2979000,0.0389000,9.6875000,60.5164000,63.3392000,67.6193000,-40.6370000,-10.1740000,7.2070000,0.000000,0,0,0
49.480,-0.2895000,0.0413000,9.6828000,60.7529000,63.1104000,67.8711000,-40.7500000,-10.3030000,6.7320000,0.000000,0,0,0
49.490,-0.2728000,0.0461000,9.6708000,61.0046000,62.9272000,68.0771000,-40.8570000,-10.1290000,6.9880000,0.000000,0,0,0
49.500,-0.2500000,0.0520000,9.6541000,61.2259000,62.8510000,68.2068000,-40.8880000,-10.3470000,6.7840000,0.000000,0,0,0
49.510,-0.2249000,0.0628000,9.6337000,61.3327000,62.8891000,68.1915000,-40.8060000,-10.3520000,6.7330000,0.000000,0,0,0
49.520,-0.2022000,0.0700000,9.6182000,61.2869000,62.9883000,68.0237000,-40.7750000,-10.0040000,7.0930000,0.000000,0,0,0
49.530,-0.1902000,0.0724000,9.6038000,61.0962000,63.1027000,67.7795000,-40.6980000,-10.0490000,6.9960000,0.000000,0,0,0
49.540,-0.1842000,0.0736000,9.6050000,60.8063000,63.1866000,67.4438000,-40.6210000,-10.2530000,7.4290000,0.000000,0,0,0
49.550,-0.1878000,0.0700000,9.6253000,60.5316000,63.3240000,67.0700000,-40.4630000,-10.4020000,7.0780000,0.000000,0,0,0
49.560,-0.2094000,0.0616000,9.6505000,60.4172000,63.4079000,66.7801000,-40.5640000,-10.1300000,7.5990000,0.000000,0,0,0
49.570,-0.2381000,0.0484000,9.6696000,60.5316000,63.3545000,66.6656000,-40.5790000,-10.2970000,7.4420000,0.000000,0,0,0
49.580,-0.2596000,0.0377000,9.6816000,60.7986000,63.1332000,66.7496000,-40.6630000,-10.1220000,7.2740000,0.000000,0,0,0
49.590,-0.2704000,0.0341000,9.6804000,61.0809000,62.8204000,66.9632000,-40.6130000,-10.0210000,6.8930000,0.000000,0,0,0
49.600,-0.2644000,0.0377000,9.6720000,61.2869000,62.4847000,67.2073000,-40.5770000,-9.6890000,6.4930000,0.000000,0,0,0
49.610,-0.2512000,0.0484000,9.6600000,61.4090000,62.2711000,67.4057000,-40.5040000,-10.0480000,6.3790000,0.000000,0,0,0
49.620,-0.2357000,0.0628000,9.6445000,61.4471000,62.1948000,67.4973000,-40.8910000,-10.1780000,6.3090000,0.000000,0,0,0
49.630,-0.2189000,0.0760000,9.6253000,61.3785000,62.2330000,67.4820000,-40.7060000,-10.0000000,6.5320000,0.000000,0,0,0
49.640,-0.2094000,0.0855000,9.6062000,61.2030000,62.3932000,67.3676000,-40.8630000,-10.0210000,6.5080000,0.000000,0,0,0
49.650,-0.2046000,0.0915000,9.5954000,60.9589000,62.6221000,67.1768000,-40.3700000,-10.3730000,6.8060000,0.000000,0,0,0
49.660,-0.2094000,0.0867000,9.5954000,60.6842000,62.8510000,66.9632000,-40.7940000,-9.8870000,6.9030000,0.000000,0,0,0
49.670,-0.2213000,0.0724000,9.6050000,60.4401000,63.0646000,66.7953000,-40.7240000,-10.0680000,7.2630000,0.000000,0,0,0
49.680,-0.2357000,0.0544000,9.6206000,60.2570000,63.2324000,66.7191000,-40.6540000,-10.1860000,7.2350000,0.000000,0,0,0
49.690,-0.2512000,0.0389000,9.6373000,60.1425000,63.2935000,66.7343000,-40.8970000,-10.2420000,6.4400000,0.000000,0,0,0
49.700,-0.2608000,0.0293000,9.6481000,60.0967000,63.2477000,66.8030000,-40.7430000,-10.1220000,7.1670000,0.000000,0,0,0
49.710,-0.2656000,0.0257000,9.6552000,60.1273000,63.1332000,66.9022000,-40.8820000,-10.1190000,6.6630000,0.000000,0,0,0
49.720,-0.2704000,0.0293000,9.6600000,60.2188000,63.0493000,67.0242000,-40.7280000,-10.3680000,7.2440000,0.000000,0,0,0
49.730,-0.2740000,0.0353000,9.6576000,60.3485000,62.9196000,67.1692000,-40.6530000,-10.4850000,7.0180000,0.000000,0,0,0
49.740,-0.2668000,0.0425000,9.6552000,60.4782000,62.7670000,67.3141000,-40.7450000,-10.2970000,6.9590000,0.000000,0,0,0
49.750,-0.2512000,0.0532000,9.6505000,60.5698000,62.6221000,67.4133000,-40.4400000,-10.3010000,7.1200000,0.000000,0,0,0
49.760,-0.2333000,0.0604000,9.6433000,60.6232000,62.5076000,67.4438000,-40.8100000,-10.4850000,7.1230000,0.000000,0,0,0
49.770,-0.2189000,0.0664000,9.6349000,60.6308000,62.4619000,67.3981000,-40.6800000,-10.1040000,7.0670000,0.000000,0,0,0
49.780,-0.2117000,0.0712000,9.6289000,60.5927000,62.4695000,67.2913000,-40.8320000,-10.1620000,7.7840000,0.000000,0,0,0
49.790,-0.2129000,0.0724000,9.6241000,60.5392000,62.5076000,67.1768000,-40.5210000,-10.3250000,7.4750000,0.000000,0,0,0
49.800,-0.2213000,0.0700000,9.6241000,60.4782000,62.5381000,67.0776000,-40.7640000,-9.9360000,7.3460000,0.000000,0,0,0
49.810,-0.2309000,0.0640000,9.6301000,60.4553000,62.5534000,67.0547000,-41.0400000,-10.1190000,7.0450000,0.000000,0,0,0
49.820,-0.2381000,0.0568000,9.6373000,60.4553000,62.5458000,67.1005000,-40.7270000,-9.9410000,7.0030000,0.000000,0,0,0
49.830,-0.2357000,0.0484000,9.6397000,60.4782000,62.5763000,67.2150000,-40.7910000,-10.0640000,6.8490000,0.000000,0,0,0
49.840,-0.2249000,0.0437000,9.6361000,60.5011000,62.5687000,67.3676000,-40.8180000,-10.2570000,6.8220000,0.000000,0,0,0
49.850,-0.2141000,0.0425000,9.6337000,60.5240000,62.5763000,67.4973000,-40.7050000,-9.7900000,6.6340000,0.000000,0,0,0
49.860,-0.2070000,0.0508000,9.6241000,60.5011000,62.7136000,67.6193000,-40.8460000,-10.1910000,6.5540000,0.000000,0,0,0
49.870,-0.2010000,0.0556000,9.6098000,60.4095000,62.7670000,67.6422000,-40.7380000,-10.1900000,6.7890000,0.000000,0,0,0
49.880,-0.1962000,0.0592000,9.5930000,60.2875000,62.8052000,67.6193000,-40.7230000,-10.1040000,7.4000000,0.000000,0,0,0
49.890,-0.1986000,0.0616000,9.5823000,60.1501000,62.8433000,67.5659000,-40.9720000,-9.8570000,6.8320000,0.000000,0,0,0
49.900,-0.2034000,0.0640000,9.5799000,60.0357000,62.8815000,67.5201000,-40.8920000,-9.9860000,6.1050000,0.000000,0,0,0
49.910,-0.2058000,0.0664000,9.5835000,59.9594000,62.9730000,67.4744000,-40.7560000,-9.9640000,7.2830000,0.000000,0,0,0
49.920,-0.2141000,0.0592000,9.5883000,59.9518000,63.0951000,67.4973000,-40.6890000,-10.3060000,7.1510000,0.000000,0,0,0
49.930,-0.2261000,0.0544000,9.5895000,60.0128000,63.1485000,67.6193000,-40.7890000,-10.2770000,6.6310000,0.000000,0,0,0
49.940,-0.2285000,0.0532000,9.5954000,60.0586000,63.2858000,67.7719000,-40.7330000,-10.1200000,7.1150000,0.000000,0,0,0
49.950,-0.2285000,0.0496000,9.5978000,60.0204000,63.4842000,67.9245000,-40.8210000,-10.3520000,6.8730000,0.000000,0,0,0
49.960,-0.2309000,0.0461000,9.6038000,59.8907000,63.6139000,68.0618000,-40.8060000,-10.3290000,6.6090000,0.000000,0,0,0
49.970,-0.2333000,0.0401000,9.6146000,59.7610000,63.7817000,68.1992000,-40.7620000,-10.4880000,7.2360000,0.000000,0,0,0
49.980,-0.2369000,0.0377000,9.6241000,59.7229000,63.9496000,68.3594000,-40.7270000,-10.1650000,7.1440000,0.000000,0,0,0
49.990,-0.2464000,0.0449000,9.6361000,59.8068000,63.9954000,68.5196000,-40.7310000,-10.2910000,7.0890000,0.000000,0,0,0
50.000,-0.2548000,0.0568000,9.6409000,59.9747000,63.9496000,68.7180000,-40.8400000,-10.0910000,6.9020000,0.000000,0,0,0
50.010,-0.2560000,0.0712000,9.6373000,60.1044000,63.8351000,68.8858000,-40.6440000,-10.1390000,6.9910000,0.000000,0,0,0
50.020,-0.2500000,0.0879000,9.6313000,60.0967000,63.7283000,68.9468000,-40.6380000,-10.6080000,8.2180000,0.000000,0,0,0
50.030,-0.2428000,0.1047000,9.6265000,59.9060000,63.5910000,68.8629000,-40.7030000,-10.4270000,6.5720000,0.000000,0,0,0
50.040,-0.2381000,0.1142000,9.6253000,59.6466000,63.4003000,68.6111000,-40.6820000,-10.1760000,7.3740000,0.000000,0,0,0
50.050,-0.2393000,0.1154000,9.6289000,59.4254000,63.2324000,68.2602000,-40.6830000,-10.2720000,7.1140000,0.000000,0,0,0
50.060,-0.2476000,0.1047000,9.6385000,59.3109000,62.9807000,67.8635000,-40.7940000,-10.3550000,7.1460000,0.000000,0,0,0
50.070,-0.2452000,0.0903000,9.6541000,59.3414000,62.7823000,67.5812000,-40.8520000,-10.3760000,7.2750000,0.000000,0,0,0
50.080,-0.2452000,0.0760000,9.6600000,59.5474000,62.6907000,67.4591000,-41.1540000,-10.2760000,6.9810000,0.000000,0,0,0
50.090,-0.2417000,0.0640000,9.6612000,59.8602000,62.6450000,67.4667000,-40.9040000,-10.1490000,7.0520000,0.000000,0,0,0
50.100,-0.2428000,0.0580000,9.6612000,60.2493000,62.7060000,67.5735000,-40.7750000,-10.2410000,6.6970000,0.000000,0,0,0
50.110,-0.2464000,0.0604000,9.6708000,60.6613000,62.7823000,67.7414000,-40.9990000,-10.2710000,6.7430000,0.000000,0,0,0
50.120,-0.2476000,0.0676000,9.6852000,61.0657000,62.8891000,67.8711000,-40.7850000,-10.4090000,6.5550000,0.000000,0,0,0
50.130,-0.2452000,0.0748000,9.7007000,61.3632000,62.9883000,67.8864000,-40.8680000,-10.2260000,6.5430000,0.000000,0,0,0
50.140,-0.2393000,0.0772000,9.7115000,61.4700000,63.0264000,67.7872000,-40.8330000,-10.3790000,6.4720000,0.000000,0,0,0
50.150,-0.2357000,0.0724000,9.7163000,61.3632000,63.0035000,67.6041000,-40.8400000,-10.1480000,7.1480000,0.000000,0,0,0
50.160,-0.2393000,0.0616000,9.7163000,61.0733000,62.9654000,67.4210000,-40.9370000,-10.1950000,6.5710000,0.000000,0,0,0
50.170,-0.2476000,0.0520000,9.7127000,60.6842000,62.9120000,67.3065000,-40.9190000,-10.5450000,6.6090000,0.000000,0,0,0
50.180,-0.2536000,0.0425000,9.7055000,60.3027000,62.8052000,67.2989000,-40.9790000,-10.5050000,7.1060000,0.000000,0,0,0
50.190,-0.2560000,0.0353000,9.6935000,60.0128000,62.6831000,67.3904000,-40.5530000,-10.3500000,7.2100000,0.000000,0,0,0
50.200,-0.2488000,0.0317000,9.6768000,59.8145000,62.6221000,67.5201000,-40.7320000,-10.6080000,6.9730000,0.000000,0,0,0
50.210,-0.2428000,0.0293000,9.6564000,59.7076000,62.6068000,67.6270000,-40.6930000,-10.3110000,7.3580000,0.000000,0,0,0
50.220,-0.2476000,0.0233000,9.6445000,59.6695000,62.5916000,67.6575000,-40.7600000,-10.3640000,7.4520000,0.000000,0,0,0
50.230,-0.2608000,0.0161000,9.6469000,59.6848000,62.5687000,67.6498000,-40.8920000,-10.3020000,7.1560000,0.000000,0,0,0
50.240,-0.2740000,0.0114000,9.6636000,59.8068000,62.5381000,67.6498000,-40.8440000,-10.5050000,6.7580000,0.000000,0,0,0
50.250,-0.2847000,0.0102000,9.6828000,60.0128000,62.4771000,67.6804000,-40.8480000,-10.3430000,6.9420000,0.000000,0,0,0
50.260,-0.2943000,0.0138000,9.6935000,60.2188000,62.4008000,67.7032000,-40.8870000,-10.4690000,6.8220000,0.000000,0,0,0
50.270,-0.2979000,0.0161000,9.6923000,60.3561000,62.3169000,67.7414000,-40.7270000,-10.2650000,6.9790000,0.000000,0,0,0
50.280,-0.2955000,0.0209000,9.6756000,60.3561000,62.2711000,67.7643000,-41.1070000,-10.3880000,6.8620000,0.000000,0,0,0
50.290,-0.2883000,0.0233000,9.6505000,60.2036000,62.2330000,67.7338000,-41.0580000,-10.1510000,6.8740000,0.000000,0,0,0
50.300,-0.2775000,0.0209000,9.6241000,59.8831000,62.1872000,67.6575000,-40.6470000,-10.1060000,7.0430000,0.000000,0,0,0
50.310,-0.2680000,0.0150000,9.6086000,59.4788000,62.1109000,67.5430000,-40.7400000,-10.2570000,7.4640000,0.000000,0,0,0
50.320,-0.2608000,0.0042000,9.6110000,59.0591000,62.0575000,67.4210000,-40.8130000,-10.4600000,7.4350000,0.000000,0,0,0
50.330,-0.2632000,-0.0066000,9.6253000,58.7616000,61.9965000,67.3447000,-40.9010000,-10.2740000,7.4010000,0.000000,0,0,0
50.340,-0.2692000,-0.0150000,9.6397000,58.6624000,61.9125000,67.3523000,-40.6660000,-10.2760000,7.2990000,0.000000,0,0,0
50.350,-0.2680000,-0.0209000,9.6457000,58.7921000,61.8668000,67.4515000,-40.7530000,-10.1410000,7.1340000,0.000000,0,0,0
50.360,-0.2584000,-0.0221000,9.6373000,59.0744000,61.8515000,67.5812000,-40.8980000,-10.5010000,7.8210000,0.000000,0,0,0
50.370,-0.2464000,-0.0173000,9.6218000,59.4406000,61.8134000,67.6880000,-41.0110000,-10.5940000,6.6080000,0.000000,0,0,0
50.380,-0.2285000,-0.0054000,9.6062000,59.7839000,61.7828000,67.7338000,-40.6050000,-10.1500000,7.5470000,0.000000,0,0,0
50.390,-0.2070000,0.0078000,9.5942000,60.0433000,61.8210000,67.6727000,-40.9200000,-10.3660000,7.1590000,0.000000,0,0,0
50.400,-0.1902000,0.0209000,9.5835000,60.1959000,61.8515000,67.4896000,-41.2080000,-10.4470000,7.5980000,0.000000,0,0,0
50.410,-0.1771000,0.0317000,9.5763000,60.2188000,61.9049000,67.1463000,-41.0450000,-10.2400000,7.1530000,0.000000,0,0,0
50.420,-0.1794000,0.0341000,9.5775000,60.1425000,62.0575000,66.7267000,-40.8700000,-10.2070000,7.2850000,0.000000,0,0,0
50.430,-0.1974000,0.0293000,9.5906000,59.9594000,62.1796000,66.3376000,-40.9820000,-10.3990000,7.1020000,0.000000,0,0,0
50.440,-0.2189000,0.0197000,9.6170000,59.7382000,62.2406000,66.0629000,-40.6740000,-10.4340000,7.1960000,0.000000,0,0,0
50.450,-0.2405000,0.0126000,9.6373000,59.5322000,62.2406000,65.8875000,-40.6750000,-10.7670000,7.2870000,0.000000,0,0,0
50.460,-0.2500000,0.0138000,9.6517000,59.3948000,62.0956000,65.6967000,-40.9570000,-10.5590000,7.2900000,0.000000,0,0,0
50.470,-0.2309000,0.0018000,9.6588000,59.3338000,61.9049000,65.7349000,-41.0430000,-10.5110000,7.5200000,0.000000,0,0,0
50.480,-0.1842000,-0.0090000,9.6385000,59.3567000,61.5692000,65.9790000,-40.8390000,-10.7090000,7.2110000,0.000000,0,0,0
50.490,-0.1459000,-0.0030000,9.6253000,59.3643000,61.3251000,66.1163000,-40.8320000,-10.4060000,7.3450000,0.000000,0,0,0
50.500,-0.1148000,0.0161000,9.6289000,59.3109000,61.3098000,66.0629000,-41.0030000,-10.5360000,6.8320000,0.000000,0,0,0
50.510,-0.1041000,0.0425000,9.6433000,59.2575000,61.3708000,65.8875000,-40.5920000,-10.4750000,6.7830000,0.000000,0,0,0
50.520,-0.1148000,0.0652000,9.6696000,59.2041000,61.0580000,65.6891000,-40.9740000,-10.6060000,7.2000000,0.000000,0,0,0
50.530,-0.1352000,0.0879000,9.6995000,59.1049000,60.2264000,65.4755000,-41.0630000,-10.8050000,6.5110000,0.000000,0,0,0
50.540,-0.1591000,0.1083000,9.7210000,58.8074000,58.8760000,65.0558000,-41.0400000,-10.5730000,6.6210000,0.000000,0,0,0
50.550,-0.1711000,0.0915000,9.6971000,58.5556000,56.9687000,64.5599000,-40.5810000,-10.4710000,6.3460000,0.000000,0,0,0
50.560,-0.1723000,0.0473000,9.6457000,58.5938000,55.4733000,64.1632000,-41.3290000,-10.4170000,7.4740000,0.000000,0,0,0
50.570,-0.1675000,0.0138000,9.6014000,58.7463000,54.8630000,63.9038000,-41.2720000,-10.2930000,7.0250000,0.000000,0,0,0
50.580,-0.1639000,0.0042000,9.5631000,58.7845000,54.9698000,63.8123000,-41.2950000,-10.5050000,6.1870000,0.000000,0,0,0
50.590,-0.1412000,0.0054000,9.5308000,58.5861000,54.4586000,63.7436000,-40.9970000,-10.2620000,6.2230000,0.000000,0,0,0
50.600,-0.1017000,-0.0114000,9.5284000,58.2581000,53.2455000,63.5757000,-41.5070000,-10.2640000,6.1680000,0.000000,0,0,0
50.610,-0.0718000,-0.0221000,9.5380000,57.8690000,52.1698000,63.3316000,-41.4830000,-10.4570000,6.2620000,0.000000,0,0,0
50.620,-0.0586000,-0.0090000,9.5165000,57.2510000,50.8652000,62.9578000,-41.3040000,-10.1530000,5.7770000,0.000000,0,0,0
50.630,-0.0634000,0.0030000,9.5572000,56.2973000,49.0341000,62.5458000,-41.4170000,-10.6340000,6.1320000,0.000000,0,0,0
50.640,-0.0634000,0.0090000,9.6887000,55.6488000,48.3322000,62.3016000,-41.2850000,-10.5880000,6.0860000,0.000000,0,0,0
50.650,-0.0813000,0.0173000,9.8084000,55.5420000,48.9883000,62.3322000,-41.3650000,-10.2590000,6.0340000,0.000000,0,0,0
50.660,-0.0909000,0.0245000,9.8861000,55.8853000,50.7126000,62.5992000,-41.6680000,-10.3760000,6.1960000,0.000000,0,0,0
50.670,-0.0933000,-0.0006000,9.9220000,56.4041000,53.4668000,63.2172000,-41.7180000,-10.3120000,5.5950000,0.000000,0,0,0
50.680,-0.0861000,-0.0329000,9.9125000,56.9763000,56.4194000,64.1022000,-41.5210000,-10.3940000,5.5680000,0.000000,0,0,0
50.690,-0.0790000,-0.0664000,9.8790000,57.4417000,58.8074000,65.1550000,-41.2600000,-10.4200000,5.9800000,0.000000,0,0,0
50.700,-0.0718000,-0.0879000,9.8443000,57.7087000,60.3867000,66.3071000,-41.3700000,-10.3850000,6.3360000,0.000000,0,0,0
50.710,-0.0610000,-0.0915000,9.8179000,57.8079000,61.5082000,67.4438000,-41.5380000,-10.2530000,5.4840000,0.000000,0,0,0
50.720,-0.0562000,-0.0999000,9.7916000,57.7698000,62.0422000,68.5043000,-41.5600000,-10.1740000,6.1430000,0.000000,0,0,0
50.730,-0.0538000,-0.1226000,9.7856000,57.6248000,62.2711000,69.4885000,-41.3750000,-10.1750000,6.0460000,0.000000,0,0,0
50.740,-0.0706000,-0.1848000,9.8287000,57.4188000,62.9120000,70.5643000,-41.2820000,-10.2680000,5.7910000,0.000000,0,0,0
50.750,-0.0825000,-0.2064000,9.8682000,57.1213000,64.7583000,71.9147000,-41.0600000,-10.6280000,5.9550000,0.000000,0,0,0
50.760,-0.0742000,-0.1657000,9.8526000,56.2744000,68.0084000,73.2803000,-41.1970000,-10.7150000,6.1220000,0.000000,0,0,0
50.770,-0.0156000,-0.1142000,9.7569000,54.2984000,71.6858000,74.0814000,-41.1360000,-10.6180000,6.6920000,0.000000,0,0,0
50.780,0.0742000,-0.1741000,9.6469000,51.3916000,75.3555000,73.9288000,-41.2950000,-10.7420000,6.2800000,0.000000,0,0,0
50.790,0.0897000,-0.3212000,9.5464000,48.6069000,77.1103000,73.1735000,-41.3520000,-10.9000000,6.4460000,0.000000,0,0,0
50.800,0.0467000,-0.4133000,9.4351000,46.9742000,76.0498000,72.2809000,-41.2770000,-10.7740000,6.8910000,0.000000,0,0,0
50.810,-0.0156000,-0.4325000,9.3681000,45.8298000,72.8989000,71.7316000,-40.9790000,-10.6470000,6.3100000,0.000000,0,0,0
50.820,-0.0586000,-0.3966000,9.3861000,44.8761000,69.2291000,71.2662000,-41.5250000,-10.9580000,6.4850000,0.000000,0,0,0
50.830,-0.0921000,-0.3499000,9.4100000,44.3954000,65.7196000,70.4498000,-41.2930000,-10.8770000,6.6330000,0.000000,0,0,0
50.840,-0.1268000,-0.3308000,9.3969000,44.7464000,61.5768000,69.1071000,-41.3440000,-10.8060000,6.6380000,0.000000,0,0,0
50.850,-0.1687000,-0.3535000,9.3861000,45.8908000,56.9153000,67.6956000,-41.1680000,-11.1030000,6.5890000,0.000000,0,0,0
50.860,-0.2476000,-0.3954000,9.4399000,47.6151000,52.4521000,67.1310000,-41.3280000,-10.8110000,5.8990000,0.000000,0,0,0
50.870,-0.3290000,-0.4145000,9.5871000,50.3387000,48.5001000,68.0161000,-41.3860000,-11.0130000,6.1390000,0.000000,0,0,0
50.880,-0.3421000,-0.3918000,9.8287000,54.4891000,45.5780000,70.1828000,-41.3850000,-11.1200000,6.2830000,0.000000,0,0,0
50.890,-0.2716000,-0.3619000,10.1170000,60.2341000,44.9371000,73.0515000,-41.0510000,-10.6980000,5.7820000,0.000000,0,0,0
50.900,-0.1639000,-0.3415000,10.3168000,67.2760000,47.1115000,76.2329000,-41.2250000,-10.8580000,5.7680000,0.000000,0,0,0
50.910,-0.0718000,-0.3308000,10.3252000,74.5621000,51.1398000,79.4525000,-40.9220000,-10.9210000,5.4100000,0.000000,0,0,0
50.920,0.0096000,-0.3080000,10.1589000,80.5588000,55.5267000,82.4432000,-40.9280000,-11.2580000,5.1780000,0.000000,0,0,0
50.930,0.1065000,-0.2506000,9.8861000,84.1599000,59.7000000,84.6100000,-40.6260000,-11.1000000,5.3560000,0.000000,0,0,0
50.940,0.2225000,-0.1717000,9.5572000,84.8923000,63.4308000,85.4187000,-40.6790000,-11.2540000,5.8450000,0.000000,0,0,0
50.950,0.3481000,-0.0987000,9.2210000,82.9163000,66.0858000,84.7321000,-40.9240000,-11.3490000,5.8900000,0.000000,0,0,0
50.960,0.4797000,-0.0484000,8.9136000,78.7354000,67.0471000,82.6340000,-40.8940000,-11.0590000,5.2280000,0.000000,0,0,0
50.970,0.6197000,-0.0257000,8.6827000,72.8912000,66.2842000,79.2999000,-40.8210000,-11.1230000,5.2330000,0.000000,0,0,0
50.980,0.7525000,-0.0389000,8.5463000,66.1240000,64.5370000,75.0504000,-40.9550000,-11.0550000,5.7110000,0.000000,0,0,0
50.990,0.8661000,-0.0843000,8.4925000,58.9523000,62.5305000,70.2438000,-40.9220000,-11.1950000,5.5000000,0.000000,0,0,0
51.000,0.9343000,-0.1406000,8.5260000,51.7426000,60.8826000,65.0787000,-41.2970000,-11.1610000,5.3230000,0.000000,0,0,0
51.010,0.9259000,-0.2028000,8.6528000,45.0516000,59.8907000,59.7839000,-41.2530000,-11.0100000,5.5830000,0.000000,0,0,0
51.020,0.8207000,-0.2853000,8.8645000,39.6652000,59.1202000,54.7791000,-41.1650000,-11.1220000,4.9780000,0.000000,0,0,0
51.030,0.6245000,-0.3846000,9.1361000,36.2244000,58.0444000,50.7507000,-41.1700000,-10.9040000,5.3760000,0.000000,0,0,0
51.040,0.3840000,-0.4827000,9.4148000,35.1105000,56.6025000,48.2788000,-41.6170000,-11.1940000,5.9120000,0.000000,0,0,0
51.050,0.1495000,-0.5581000,9.6552000,36.3922000,55.1987000,47.5464000,-41.1850000,-11.0710000,5.8110000,0.000000,0,0,0
51.060,-0.0335000,-0.5928000,9.8395000,39.8254000,54.2755000,48.4848000,-41.8300000,-11.0780000,5.5810000,0.000000,0,0,0
51.070,-0.1519000,-0.5940000,9.9687000,44.7159000,54.0085000,50.7889000,-41.8130000,-11.0970000,4.6080000,0.000000,0,0,0
51.080,-0.1962000,-0.5700000,10.0512000,50.3006000,54.3365000,53.9474000,-41.5820000,-10.7490000,5.3210000,0.000000,0,0,0
51.090,-0.1651000,-0.5329000,10.0991000,55.9616000,55.1910000,57.4036000,-41.4700000,-11.1270000,5.2770000,0.000000,0,0,0
51.100,-0.0778000,-0.4911000,10.1134000,61.4014000,56.4346000,60.6155000,-41.7110000,-10.9080000,5.2180000,0.000000,0,0,0
51.110,0.0431000,-0.4456000,10.0799000,66.3986000,57.7698000,63.1638000,-41.6040000,-11.0540000,5.6770000,0.000000,0,0,0
51.120,0.2297000,-0.3403000,9.9388000,72.4945000,59.5016000,65.1474000,-41.3420000,-11.1710000,5.7930000,0.000000,0,0,0
51.130,0.3158000,-0.2578000,9.7964000,75.1572000,60.5164000,65.2771000,-41.5520000,-10.8640000,5.1440000,0.000000,0,0,0
51.140,0.3541000,-0.1824000,9.6385000,76.4694000,61.5082000,64.8804000,-41.5930000,-10.7970000,5.5810000,0.000000,0,0,0
51.150,0.3517000,-0.1250000,9.4961000,76.4160000,62.5458000,64.4608000,-41.6550000,-10.9400000,5.1670000,0.000000,0,0,0
51.160,0.3290000,-0.0796000,9.3861000,75.2182000,63.8733000,64.3539000,-41.8380000,-10.8200000,5.6970000,0.000000,0,0,0
51.170,0.3051000,-0.0317000,9.3107000,73.1506000,65.3229000,64.6362000,-41.4830000,-10.6010000,5.5620000,0.000000,0,0,0
51.180,0.2919000,0.0197000,9.2748000,70.4193000,66.5512000,65.1398000,-41.7460000,-10.5270000,5.8990000,0.000000,0,0,0
51.190,0.2787000,0.0676000,9.2688000,67.3447000,67.2684000,65.6204000,-41.5500000,-10.7100000,5.7850000,0.000000,0,0,0
51.200,0.2560000,0.0975000,9.2832000,64.3387000,67.2760000,65.9637000,-41.7130000,-10.6380000,5.4820000,0.000000,0,0,0
51.210,0.2225000,0.1059000,9.3167000,61.6760000,66.9937000,66.3300000,-41.4230000,-10.4030000,5.9390000,0.000000,0,0,0
51.220,0.1747000,0.0975000,9.3526000,59.4864000,66.8488000,66.8869000,-41.7210000,-10.4300000,5.7690000,0.000000,0,0,0
51.230,0.1220000,0.0796000,9.3897000,57.7621000,66.8869000,67.7032000,-41.6970000,-10.4200000,5.3760000,0.000000,0,0,0
51.240,0.0813000,0.0496000,9.4411000,56.4499000,67.1692000,68.7180000,-41.6000000,-10.4960000,6.0830000,0.000000,0,0,0
51.250,0.0586000,0.0078000,9.5069000,55.4352000,67.6804000,69.8471000,-41.4520000,-10.7640000,5.2070000,0.000000,0,0,0
51.260,0.0550000,-0.0365000,9.5859000,54.7791000,68.1229000,70.9229000,-41.4630000,-11.0050000,5.6400000,0.000000,0,0,0
51.270,0.0754000,-0.0891000,9.6708000,54.6570000,68.3517000,71.8536000,-41.6710000,-10.8390000,5.7450000,0.000000,0,0,0
51.280,0.1113000,-0.1477000,9.7474000,55.2063000,68.5501000,72.5250000,-41.6170000,-10.7790000,5.2280000,0.000000,0,0,0
51.290,0.1555000,-0.1920000,9.8024000,56.3965000,68.8095000,72.8531000,-41.4470000,-10.8370000,5.4750000,0.000000,0,0,0
51.300,0.1938000,-0.2123000,9.8239000,58.0444000,69.0460000,72.7386000,-41.3490000,-11.0630000,5.9420000,0.000000,0,0,0
51.310,0.2153000,-0.2123000,9.8084000,59.8602000,69.0842000,72.1359000,-41.2840000,-10.6160000,5.5740000,0.000000,0,0,0
51.320,0.2201000,-0.1932000,9.7641000,61.5082000,68.9087000,71.1517000,-41.1910000,-10.8970000,5.9610000,0.000000,0,0,0
51.330,0.2058000,-0.1669000,9.7043000,62.6602000,68.5272000,70.0455000,-41.1850000,-10.7980000,6.0880000,0.000000,0,0,0
51.340,0.1759000,-0.1477000,9.6409000,63.2477000,68.0771000,69.0460000,-41.2250000,-10.7150000,5.9760000,0.000000,0,0,0
51.350,0.1400000,-0.1430000,9.5895000,63.3240000,67.7872000,68.3975000,-41.5350000,-11.0350000,5.9820000,0.000000,0,0,0
51.360,0.1065000,-0.1501000,9.5560000,63.0417000,67.8253000,68.1000000,-41.5620000,-11.0820000,6.1040000,0.000000,0,0,0
51.370,0.0718000,-0.1573000,9.5416000,62.5458000,68.1000000,68.0008000,-41.3390000,-10.8230000,6.2060000,0.000000,0,0,0
51.380,0.0347000,-0.1621000,9.5512000,61.8896000,68.2755000,67.8558000,-41.5010000,-10.8550000,5.9120000,0.000000,0,0,0
51.390,-0.0036000,-0.1788000,9.5883000,61.0886000,68.2068000,67.5507000,-41.3660000,-10.5980000,6.1020000,0.000000,0,0,0
51.400,-0.0455000,-0.2076000,9.6421000,60.3104000,68.0084000,67.0929000,-41.3130000,-10.7460000,5.7940000,0.000000,0,0,0
51.410,-0.0873000,-0.2446000,9.6959000,59.8450000,67.8635000,66.6275000,-41.2590000,-10.7210000,6.1330000,0.000000,0,0,0
51.420,-0.1244000,-0.2805000,9.7390000,59.7992000,67.8635000,66.2918000,-41.4310000,-11.0810000,6.6930000,0.000000,0,0,0
51.430,-0.1567000,-0.3116000,9.7617000,60.1501000,67.9550000,66.1316000,-41.2330000,-10.9900000,6.8250000,0.000000,0,0,0
51.440,-0.1830000,-0.3380000,9.7725000,60.7834000,68.0008000,66.1316000,-41.5320000,-10.7930000,6.5260000,0.000000,0,0,0
51.450,-0.2010000,-0.3667000,9.7761000,61.5082000,67.9550000,66.2842000,-41.3130000,-10.7100000,6.5780000,0.000000,0,0,0
51.460,-0.2058000,-0.3942000,9.7689000,62.2406000,67.8101000,66.4902000,-41.4410000,-10.8750000,6.8550000,0.000000,0,0,0
51.470,-0.1926000,-0.4133000,9.7521000,62.8662000,67.6727000,66.6656000,-41.0860000,-10.6990000,6.5740000,0.000000,0,0,0
51.480,-0.1639000,-0.4145000,9.7258000,63.2095000,67.5888000,66.6962000,-41.1230000,-10.6130000,6.7000000,0.000000,0,0,0
51.490,-0.1316000,-0.3930000,9.6887000,63.1638000,67.4362000,66.4444000,-41.2740000,-10.7360000,6.0220000,0.000000,0,0,0
51.500,-0.1113000,-0.3523000,9.6481000,62.7518000,67.0624000,65.8417000,-41.2550000,-10.4940000,6.6160000,0.000000,0,0,0
51.510,-0.1065000,-0.3140000,9.6194000,62.0117000,66.5207000,65.1169000,-41.1170000,-10.7360000,6.2770000,0.000000,0,0,0
51.520,-0.1172000,-0.2901000,9.6086000,61.0352000,66.1392000,64.6210000,-41.2430000,-10.9350000,6.5590000,0.000000,0,0,0
51.530,-0.1316000,-0.2769000,9.6098000,59.9594000,66.1392000,64.6057000,-41.1570000,-10.5180000,6.6450000,0.000000,0,0,0
51.540,-0.1388000,-0.2722000,9.6241000,58.9066000,66.5283000,65.0864000,-41.1840000,-10.7400000,6.7010000,0.000000,0,0,0
51.550,-0.1256000,-0.2686000,9.6409000,57.9071000,67.1463000,65.9103000,-40.8730000,-10.6490000,6.3720000,0.000000,0,0,0
51.560,-0.0945000,-0.2578000,9.6529000,57.0450000,67.6727000,66.7114000,-40.9130000,-10.6460000,6.6020000,0.000000,0,0,0
51.570,-0.0479000,-0.2315000,9.6576000,56.3736000,67.7338000,67.1921000,-41.1280000,-10.6820000,6.3450000,0.000000,0,0,0
51.580,0.0060000,-0.2088000,9.6660000,55.8167000,67.3218000,67.2531000,-40.8370000,-10.7860000,6.1210000,0.000000,0,0,0
51.590,0.0550000,-0.1944000,9.6780000,55.3513000,66.7953000,66.9708000,-40.7250000,-10.6170000,5.9090000,0.000000,0,0,0
51.600,0.0825000,-0.1908000,9.6959000,55.0308000,66.3452000,66.5207000,-41.3030000,-10.5850000,6.1110000,0.000000,0,0,0
51.610,0.0790000,-0.2076000,9.7234000,54.8782000,66.0019000,66.0324000,-41.1320000,-10.4630000,5.7490000,0.000000,0,0,0
51.620,0.0467000,-0.2422000,9.7605000,54.8630000,65.6433000,65.5899000,-41.2580000,-10.5840000,6.4970000,0.000000,0,0,0
51.630,0.0012000,-0.2901000,9.8036000,54.9927000,65.1245000,65.2618000,-41.4040000,-11.3990000,6.1010000,0.000000,0,0,0
51.640,-0.0490000,-0.3415000,9.8538000,55.2368000,64.4684000,65.0558000,-41.2650000,-10.8850000,6.3260000,0.000000,0,0,0
51.650,-0.0933000,-0.3858000,9.8981000,55.6183000,63.7894000,64.9261000,-41.2600000,-10.9880000,6.0140000,0.000000,0,0,0
51.660,-0.1316000,-0.4181000,9.9208000,56.2057000,63.1104000,64.8270000,-41.1570000,-10.9420000,6.8850000,0.000000,0,0,0
51.670,-0.1639000,-0.4384000,9.9125000,57.0450000,62.4390000,64.7812000,-41.1390000,-11.0170000,7.1410000,0.000000,0,0,0
51.680,-0.1794000,-0.4468000,9.8730000,58.0139000,61.8439000,64.8422000,-41.2210000,-10.9200000,6.6670000,0.000000,0,0,0
51.690,-0.1818000,-0.4420000,9.8072000,58.9523000,61.4395000,65.0330000,-41.1060000,-10.9060000,6.7230000,0.000000,0,0,0
51.700,-0.1687000,-0.4265000,9.7246000,59.6771000,61.2946000,65.3229000,-41.3340000,-10.6950000,6.2880000,0.000000,0,0,0
51.710,-0.1459000,-0.4097000,9.6361000,60.0586000,61.4395000,65.6738000,-41.3770000,-10.8400000,6.5300000,0.000000,0,0,0
51.720,-0.0969000,-0.3834000,9.5177000,59.8679000,62.0575000,66.1316000,-41.1230000,-10.6490000,6.2940000,0.000000,0,0,0
51.730,-0.0622000,-0.3547000,9.4567000,59.3719000,62.5153000,66.2460000,-41.2660000,-10.8510000,6.6990000,0.000000,0,0,0
51.740,-0.0335000,-0.3212000,9.4184000,58.6853000,62.8891000,66.1011000,-41.4550000,-10.7870000,6.5580000,0.000000,0,0,0
51.750,-0.0203000,-0.2865000,9.4028000,57.8995000,63.1256000,65.7043000,-40.9810000,-10.7440000,6.4790000,0.000000,0,0,0
51.760,-0.0275000,-0.2590000,9.4148000,57.0908000,63.2401000,65.1474000,-41.3060000,-10.8040000,6.3090000,0.000000,0,0,0
51.770,-0.0550000,-0.2434000,9.4507000,56.3126000,63.2782000,64.5905000,-41.3300000,-10.7560000,6.5850000,0.000000,0,0,0
51.780,-0.1005000,-0.2422000,9.4973000,55.6717000,63.3011000,64.1632000,-41.0040000,-10.9750000,6.6150000,0.000000,0,0,0
51.790,-0.1567000,-0.2602000,9.5452000,55.2673000,63.3621000,64.0259000,-41.0320000,-10.8030000,6.9850000,0.000000,0,0,0
51.800,-0.2105000,-0.2865000,9.5847000,55.1910000,63.5376000,64.2624000,-41.2900000,-10.8470000,6.9060000,0.000000,0,0,0
51.810,-0.2476000,-0.3116000,9.6074000,55.4962000,63.7817000,64.8651000,-41.4510000,-10.6620000,6.7980000,0.000000,0,0,0
51.820,-0.2560000,-0.3272000,9.6158000,56.1752000,64.0259000,65.7425000,-41.6510000,-10.6760000,6.2230000,0.000000,0,0,0
51.830,-0.2381000,-0.3272000,9.6122000,57.1060000,64.3158000,66.6580000,-41.1520000,-10.6070000,6.4930000,0.000000,0,0,0
51.840,-0.2034000,-0.3128000,9.5954000,58.1207000,64.5676000,67.3904000,-41.3470000,-10.6090000,6.3220000,0.000000,0,0,0
51.850,-0.1627000,-0.2925000,9.5691000,59.0744000,64.6515000,67.7948000,-41.1920000,-10.8110000,5.8220000,0.000000,0,0,0
51.860,-0.1280000,-0.2793000,9.5392000,59.8068000,64.4836000,67.8406000,-41.1680000,-10.8170000,6.3870000,0.000000,0,0,0
51.870,-0.1041000,-0.2817000,9.5105000,60.2722000,64.2242000,67.6346000,-41.3130000,-10.9480000,6.1790000,0.000000,0,0,0
51.880,-0.0885000,-0.2973000,9.4878000,60.5698000,64.1251000,67.3523000,-41.2740000,-10.6780000,6.3020000,0.000000,0,0,0
51.890,-0.0825000,-0.3188000,9.4710000,60.8063000,64.2700000,67.1692000,-40.9430000,-10.7050000,6.2170000,0.000000,0,0,0
51.900,-0.0790000,-0.3308000,9.4579000,61.0504000,64.6286000,67.1310000,-41.2820000,-10.6860000,5.3210000,0.000000,0,0,0
51.910,-0.0742000,-0.3344000,9.4519000,61.2869000,65.1093000,67.2226000,-41.2970000,-10.7880000,6.3230000,0.000000,0,0,0
51.920,-0.0694000,-0.3320000,9.4471000,61.4319000,65.6281000,67.3599000,-41.2390000,-10.9310000,6.5830000,0.000000,0,0,0
51.930,-0.0646000,-0.3224000,9.4459000,61.4395000,66.1621000,67.4591000,-41.1010000,-10.4470000,6.7740000,0.000000,0,0,0
51.940,-0.0658000,-0.3080000,9.4459000,61.3022000,66.6122000,67.4591000,-41.2720000,-10.7990000,6.8030000,0.000000,0,0,0
