time  , accel_x   , accel_y   , accel_z   , gyro_x    , gyro_y     , gyro_z      , mag_x      , mag_y      , mag_z     , baro    , gps_lat, gps_lon, gps_alt
 0.780, -0.0042000, 0.0054000 ,  9.6792000, 35.1791000, 34.7672000 , 34.3628000  , -39.6730000, -7.9960000 ,  8.4710000, 0.000000,       0,       0,       0
 0.790, -0.0042000, 0.0066000 ,  9.6792000, 35.1791000, 34.7595000 , 34.3704000  , -39.5850000, -7.4340000 ,  8.2320000, 0.000000,       0,       0,       0
 0.800, -0.0042000, 0.0066000 ,  9.6792000, 35.1791000, 34.7595000 , 34.3704000  , -39.5850000, -7.4340000 ,  8.2320000, 0.000000,       0,       0,       0
 0.810, -0.0042000, 0.0090000 ,  9.6792000, 35.1715000, 34.7595000 , 34.3704000  , -39.5450000, -7.5730000 ,  8.4160000, 0.000000,       0,       0,       0
 0.820, -0.0042000, 0.0102000 ,  9.6792000, 35.1715000, 34.7519000 , 34.3704000  , -39.4610000, -7.7620000 ,  8.3190000, 0.000000,       0,       0,       0
 0.830, -0.0042000, 0.0102000 ,  9.6792000, 35.1639000, 34.7443000 , 34.3628000  , -39.4990000, -8.0010000 ,  8.1400000, 0.000000,       0,       0,       0
 0.840, -0.0042000, 0.0078000 ,  9.6804000, 35.1639000, 34.7519000 , 34.3628000  , -39.6490000, -7.6790000 ,  8.3350000, 0.000000,       0,       0,       0
 0.850, -0.0030000, 0.0066000 ,  9.6804000, 35.1639000, 34.7519000 , 34.3628000  , -39.5490000, -7.7650000 ,  8.4530000, 0.000000,       0,       0,       0
 0.860, -0.0042000, 0.0054000 ,  9.6804000, 35.1639000, 34.7443000 , 34.3628000  , -39.5290000, -7.7300000 ,  7.8270000, 0.000000,       0,       0,       0
 0.870, -0.0042000, 0.0066000 ,  9.6792000, 35.1639000, 34.7366000 , 34.3704000  , -39.6040000, -7.8330000 ,  8.1580000, 0.000000,       0,       0,       0
 0.880, -0.0042000, 0.0078000 ,  9.6792000, 35.1715000, 34.7290000 , 34.3704000  , -39.7750000, -7.8340000 ,  8.6920000, 0.000000,       0,       0,       0
 0.890, -0.0030000, 0.0078000 ,  9.6780000, 35.1715000, 34.7290000 , 34.3628000  , -39.6810000, -7.9760000 ,  8.3590000, 0.000000,       0,       0,       0
 0.900, -0.0030000, 0.0066000 ,  9.6768000, 35.1639000, 34.7366000 , 34.3628000  , -39.7450000, -7.5090000 ,  8.2660000, 0.000000,       0,       0,       0
 0.910, -0.0030000, 0.0078000 ,  9.6768000, 35.1639000, 34.7443000 , 34.3628000  , -39.8880000, -7.6310000 ,  8.7110000, 0.000000,       0,       0,       0
 0.920, -0.0054000, 0.0078000 ,  9.6756000, 35.1639000, 34.7672000 , 34.3628000  , -39.9030000, -8.0180000 ,  8.6910000, 0.000000,       0,       0,       0
 0.930, -0.0066000, 0.0090000 ,  9.6756000, 35.1639000, 34.7824000 , 34.3628000  , -39.9000000, -7.7940000 ,  8.5910000, 0.000000,       0,       0,       0
 0.940, -0.0066000, 0.0090000 ,  9.6756000, 35.1562000, 34.7900000 , 34.3704000  , -39.8180000, -7.8900000 ,  8.9240000, 0.000000,       0,       0,       0
 0.950, -0.0066000, 0.0102000 ,  9.6768000, 35.1486000, 34.7977000 , 34.3704000  , -39.7180000, -7.7120000 ,  9.0050000, 0.000000,       0,       0,       0
 0.960, -0.0042000, 0.0102000 ,  9.6780000, 35.1410000, 34.7977000 , 34.3781000  , -39.8660000, -7.9390000 ,  8.9420000, 0.000000,       0,       0,       0
 0.970, -0.0006000, 0.0102000 ,  9.6816000, 35.1410000, 34.7900000 , 34.3781000  , -39.7670000, -7.9480000 ,  8.8330000, 0.000000,       0,       0,       0
 0.980, -0.0006000, 0.0114000 ,  9.6828000, 35.1486000, 34.7824000 , 34.3781000  , -39.5780000, -7.6360000 ,  8.4570000, 0.000000,       0,       0,       0
 0.990, 0.0006000 , 0.0126000 ,  9.6816000, 35.1486000, 34.7748000 , 34.3781000  , -39.6010000, -7.8400000 ,  8.2960000, 0.000000,       0,       0,       0
 1.000, -0.0006000, 0.0126000 ,  9.6804000, 35.1562000, 34.7672000 , 34.3704000  , -39.9040000, -7.6530000 ,  8.3470000, 0.000000,       0,       0,       0
 1.010, 0.0006000 , 0.0114000 ,  9.6792000, 35.1562000, 34.7595000 , 34.3628000  , -39.7250000, -8.0350000 ,  8.7840000, 0.000000,       0,       0,       0
 1.020, 0.0018000 , 0.0090000 ,  9.6792000, 35.1562000, 34.7748000 , 34.3628000  , -39.8810000, -7.7530000 ,  8.6350000, 0.000000,       0,       0,       0
 1.030, 0.0018000 , 0.0066000 ,  9.6792000, 35.1562000, 34.7824000 , 34.3552000  , -39.7810000, -8.1350000 ,  7.9550000, 0.000000,       0,       0,       0
 1.040, 0.0018000 , 0.0042000 ,  9.6780000, 35.1562000, 34.7977000 , 34.3552000  , -39.7280000, -8.0450000 ,  8.2810000, 0.000000,       0,       0,       0
 1.050, 0.0006000 , 0.0042000 ,  9.6768000, 35.1486000, 34.8053000 , 34.3552000  , -39.7640000, -8.0380000 ,  7.5430000, 0.000000,       0,       0,       0
 1.060, -0.0006000, 0.0066000 ,  9.6768000, 35.1486000, 34.7977000 , 34.3628000  , -39.4920000, -7.9300000 ,  8.0000000, 0.000000,       0,       0,       0
 1.070, -0.0006000, 0.0078000 ,  9.6780000, 35.1410000, 34.7824000 , 34.3704000  , -39.7480000, -8.2170000 ,  8.4380000, 0.000000,       0,       0,       0
 1.080, 0.0006000 , 0.0090000 ,  9.6792000, 35.1410000, 34.7672000 , 34.3704000  , -39.5980000, -7.9720000 ,  8.3300000, 0.000000,       0,       0,       0
 1.090, 0.0006000 , 0.0102000 ,  9.6804000, 35.1410000, 34.7595000 , 34.3704000  , -39.7910000, -7.8920000 ,  8.4120000, 0.000000,       0,       0,       0
 1.100, -0.0006000, 0.0102000 ,  9.6804000, 35.1410000, 34.7595000 , 34.3628000  , -39.4410000, -7.9440000 ,  7.8740000, 0.000000,       0,       0,       0
 1.110, -0.0006000, 0.0090000 ,  9.6804000, 35.1486000, 34.7595000 , 34.3628000  , -39.4470000, -7.9650000 ,  8.3530000, 0.000000,       0,       0,       0
 1.120, -0.0018000, 0.0078000 ,  9.6792000, 35.1562000, 34.7595000 , 34.3628000  , -39.1450000, -7.7110000 ,  8.1400000, 0.000000,       0,       0,       0
 1.130, -0.0018000, 0.0066000 ,  9.6780000, 35.1562000, 34.7672000 , 34.3628000  , -39.2950000, -7.9700000 ,  8.2940000, 0.000000,       0,       0,       0
 1.140, -0.0018000, 0.0066000 ,  9.6768000, 35.1562000, 34.7672000 , 34.3704000  , -39.4150000, -8.3200000 ,  7.0720000, 0.000000,       0,       0,       0
 1.150, -0.0018000, 0.0078000 ,  9.6768000, 35.1562000, 34.7672000 , 34.3704000  , -39.5040000, -7.8840000 ,  7.7550000, 0.000000,       0,       0,       0
 1.160, -0.0006000, 0.0078000 ,  9.6768000, 35.1562000, 34.7748000 , 34.3781000  , -39.1210000, -7.7740000 ,  7.7400000, 0.000000,       0,       0,       0
 1.170, -0.0006000, 0.0078000 ,  9.6792000, 35.1562000, 34.7748000 , 34.3781000  , -39.5180000, -8.1280000 ,  7.7530000, 0.000000,       0,       0,       0
 1.180, -0.0006000, 0.0078000 ,  9.6792000, 35.1486000, 34.7748000 , 34.3781000  , -39.4120000, -8.1240000 ,  7.2820000, 0.000000,       0,       0,       0
 1.190, -0.0006000, 0.0078000 ,  9.6792000, 35.1562000, 34.7824000 , 34.3704000  , -39.5750000, -7.7760000 ,  7.4030000, 0.000000,       0,       0,       0
 1.200, -0.0006000, 0.0066000 ,  9.6780000, 35.1639000, 34.7824000 , 34.3704000  , -39.5950000, -8.1350000 ,  7.3050000, 0.000000,       0,       0,       0
 1.210, -0.0006000, 0.0078000 ,  9.6780000, 35.1639000, 34.7900000 , 34.3628000  , -39.4860000, -8.3270000 ,  7.8300000, 0.000000,       0,       0,       0
 1.220, -0.0018000, 0.0102000 ,  9.6768000, 35.1639000, 34.7824000 , 34.3628000  , -39.7810000, -8.3650000 ,  7.2350000, 0.000000,       0,       0,       0
 1.230, -0.0018000, 0.0102000 ,  9.6780000, 35.1562000, 34.7824000 , 34.3704000  , -39.4580000, -8.1700000 ,  7.2490000, 0.000000,       0,       0,       0
 1.240, -0.0018000, 0.0102000 ,  9.6792000, 35.1486000, 34.7748000 , 34.3781000  , -39.6800000, -7.9460000 ,  7.9350000, 0.000000,       0,       0,       0
 1.250, -0.0018000, 0.0114000 ,  9.6792000, 35.1486000, 34.7748000 , 34.3781000  , -39.8150000, -8.2620000 ,  8.1420000, 0.000000,       0,       0,       0
 1.260, -0.0018000, 0.0114000 ,  9.6792000, 35.1562000, 34.7748000 , 34.3781000  , -39.5500000, -7.7810000 ,  7.3310000, 0.000000,       0,       0,       0
 1.270, -0.0042000, 0.0102000 ,  9.6780000, 35.1639000, 34.7824000 , 34.3704000  , -39.7360000, -7.9940000 ,  8.3020000, 0.000000,       0,       0,       0
 1.280, -0.0042000, 0.0090000 ,  9.6780000, 35.1639000, 34.7824000 , 34.3704000  , -39.4320000, -8.0870000 ,  8.1770000, 0.000000,       0,       0,       0
 1.290, -0.0042000, 0.0090000 ,  9.6780000, 35.1639000, 34.7824000 , 34.3628000  , -39.7220000, -7.8170000 ,  7.7370000, 0.000000,       0,       0,       0
 1.300, -0.0042000, 0.0102000 ,  9.6780000, 35.1639000, 34.7748000 , 34.3628000  , -39.4590000, -7.8390000 ,  8.0260000, 0.000000,       0,       0,       0
 1.310, -0.0054000, 0.0090000 ,  9.6780000, 35.1562000, 34.7748000 , 34.3628000  , -39.4820000, -8.1130000 ,  7.2590000, 0.000000,       0,       0,       0
 1.320, -0.0042000, 0.0090000 ,  9.6780000, 35.1562000, 34.7748000 , 34.3628000  , -39.7180000, -8.1780000 ,  7.5150000, 0.000000,       0,       0,       0
 1.330, -0.0030000, 0.0090000 ,  9.6792000, 35.1639000, 34.7824000 , 34.3628000  , -39.6850000, -7.8510000 ,  7.5160000, 0.000000,       0,       0,       0
 1.340, -0.0030000, 0.0090000 ,  9.6792000, 35.1715000, 34.7824000 , 34.3704000  , -39.7470000, -7.7410000 ,  7.6000000, 0.000000,       0,       0,       0
 1.350, -0.0030000, 0.0102000 ,  9.6756000, 35.1868000, 34.7595000 , 34.3781000  , -39.5700000, -7.9950000 ,  7.6260000, 0.000000,       0,       0,       0
 1.360, -0.0018000, 0.0102000 ,  9.6744000, 35.1944000, 34.7443000 , 34.3781000  , -39.4640000, -7.7380000 ,  7.9900000, 0.000000,       0,       0,       0
 1.370, -0.0006000, 0.0102000 ,  9.6756000, 35.1944000, 34.7366000 , 34.3704000  , -39.6100000, -7.7960000 ,  7.7380000, 0.000000,       0,       0,       0
 1.380, -0.0018000, 0.0102000 ,  9.6792000, 35.1944000, 34.7290000 , 34.3628000  , -39.4530000, -7.7680000 ,  7.7410000, 0.000000,       0,       0,       0
 1.390, -0.0030000, 0.0090000 ,  9.6804000, 35.1868000, 34.7290000 , 34.3552000  , -39.4250000, -8.0290000 ,  7.5790000, 0.000000,       0,       0,       0
 1.400, -0.0030000, 0.0078000 ,  9.6804000, 35.1791000, 34.7443000 , 34.3552000  , -39.2280000, -8.0250000 ,  8.1030000, 0.000000,       0,       0,       0
 1.410, -0.0054000, 0.0066000 ,  9.6804000, 35.1639000, 34.7519000 , 34.3552000  , -39.2080000, -7.9830000 ,  7.9360000, 0.000000,       0,       0,       0
 1.420, -0.0054000, 0.0054000 ,  9.6804000, 35.1639000, 34.7595000 , 34.3628000  , -39.5280000, -8.1020000 ,  7.8750000, 0.000000,       0,       0,       0
 1.430, -0.0054000, 0.0054000 ,  9.6780000, 35.1562000, 34.7595000 , 34.3552000  , -39.8370000, -8.1470000 ,  8.5710000, 0.000000,       0,       0,       0
 1.440, -0.0042000, 0.0054000 ,  9.6756000, 35.1639000, 34.7519000 , 34.3552000  , -39.2250000, -7.8920000 ,  7.4760000, 0.000000,       0,       0,       0
 1.450, -0.0042000, 0.0066000 ,  9.6744000, 35.1715000, 34.7595000 , 34.3552000  , -39.7300000, -7.8250000 ,  8.2630000, 0.000000,       0,       0,       0
 1.460, -0.0042000, 0.0090000 ,  9.6744000, 35.1715000, 34.7595000 , 34.3552000  , -39.3090000, -7.9050000 ,  7.7940000, 0.000000,       0,       0,       0
 1.470, -0.0030000, 0.0102000 ,  9.6756000, 35.1715000, 34.7672000 , 34.3628000  , -39.6540000, -8.1150000 ,  7.6680000, 0.000000,       0,       0,       0
 1.480, -0.0030000, 0.0126000 ,  9.6756000, 35.1791000, 34.7748000 , 34.3704000  , -39.5190000, -8.2020000 ,  7.7140000, 0.000000,       0,       0,       0
 1.490, -0.0030000, 0.0126000 ,  9.6768000, 35.1868000, 34.7748000 , 34.3781000  , -39.5830000, -7.8860000 ,  7.9820000, 0.000000,       0,       0,       0
 1.500, -0.0030000, 0.0114000 ,  9.6780000, 35.1868000, 34.7748000 , 34.3781000  , -39.5710000, -8.0530000 ,  7.5370000, 0.000000,       0,       0,       0
 1.510, -0.0030000, 0.0114000 ,  9.6792000, 35.1791000, 34.7672000 , 34.3781000  , -39.7670000, -8.1770000 ,  7.3020000, 0.000000,       0,       0,       0
 1.520, -0.0018000, 0.0114000 ,  9.6780000, 35.1715000, 34.7748000 , 34.3781000  , -39.5000000, -7.7650000 ,  8.6080000, 0.000000,       0,       0,       0
 1.530, -0.0018000, 0.0102000 ,  9.6768000, 35.1486000, 34.7824000 , 34.3781000  , -39.5020000, -8.1640000 ,  7.8440000, 0.000000,       0,       0,       0
 1.540, -0.0018000, 0.0078000 ,  9.6756000, 35.1410000, 34.7977000 , 34.3704000  , -39.7490000, -7.8210000 ,  7.8830000, 0.000000,       0,       0,       0
 1.550, -0.0030000, 0.0066000 ,  9.6744000, 35.1334000, 34.8129000 , 34.3704000  , -39.7260000, -7.8710000 ,  8.4200000, 0.000000,       0,       0,       0
 1.560, -0.0030000, 0.0054000 ,  9.6744000, 35.1334000, 34.8282000 , 34.3781000  , -39.6590000, -7.8610000 ,  7.9380000, 0.000000,       0,       0,       0
 1.570, -0.0030000, 0.0042000 ,  9.6744000, 35.1410000, 34.8358000 , 34.3704000  , -39.9920000, -7.7580000 ,  8.3530000, 0.000000,       0,       0,       0
 1.580, -0.0018000, 0.0042000 ,  9.6756000, 35.1486000, 34.8358000 , 34.3704000  , -39.6640000, -8.0460000 ,  8.3260000, 0.000000,       0,       0,       0
 1.590, -0.0018000, 0.0054000 ,  9.6756000, 35.1562000, 34.8282000 , 34.3704000  , -39.6980000, -7.6970000 ,  8.1940000, 0.000000,       0,       0,       0
 1.600, -0.0030000, 0.0066000 ,  9.6768000, 35.1562000, 34.8129000 , 34.3704000  , -39.8800000, -8.0750000 ,  8.5070000, 0.000000,       0,       0,       0
 1.610, -0.0030000, 0.0078000 ,  9.6768000, 35.1562000, 34.8053000 , 34.3704000  , -39.7650000, -7.9450000 ,  8.4680000, 0.000000,       0,       0,       0
 1.620, -0.0042000, 0.0090000 ,  9.6768000, 35.1562000, 34.7900000 , 34.3781000  , -39.8330000, -7.6170000 ,  7.8230000, 0.000000,       0,       0,       0
 1.630, -0.0030000, 0.0090000 ,  9.6780000, 35.1562000, 34.7748000 , 34.3781000  , -39.8980000, -8.1070000 ,  8.4450000, 0.000000,       0,       0,       0
 1.640, -0.0018000, 0.0078000 ,  9.6780000, 35.1639000, 34.7519000 , 34.3704000  , -39.7040000, -7.9700000 ,  8.1170000, 0.000000,       0,       0,       0
 1.650, -0.0018000, 0.0090000 ,  9.6780000, 35.1715000, 34.7366000 , 34.3704000  , -40.1020000, -7.5930000 ,  7.7960000, 0.000000,       0,       0,       0
 1.660, -0.0018000, 0.0090000 ,  9.6780000, 35.1868000, 34.7214000 , 34.3704000  , -39.7250000, -7.6950000 ,  8.2200000, 0.000000,       0,       0,       0
 1.670, -0.0018000, 0.0066000 ,  9.6780000, 35.1944000, 34.7214000 , 34.3781000  , -39.4280000, -8.1320000 ,  7.8340000, 0.000000,       0,       0,       0
 1.680, -0.0006000, 0.0054000 ,  9.6792000, 35.2020000, 34.7214000 , 34.3781000  , -39.7970000, -7.6750000 ,  8.0730000, 0.000000,       0,       0,       0
 1.690, -0.0006000, 0.0054000 ,  9.6792000, 35.2020000, 34.7290000 , 34.3704000  , -40.0840000, -7.7120000 ,  8.2180000, 0.000000,       0,       0,       0
 1.700, 0.0006000 , 0.0054000 ,  9.6780000, 35.1868000, 34.7443000 , 34.3704000  , -39.7160000, -7.9320000 ,  8.2620000, 0.000000,       0,       0,       0
 1.710, -0.0006000, 0.0066000 ,  9.6792000, 35.1791000, 34.7595000 , 34.3704000  , -40.0170000, -7.7460000 ,  8.4690000, 0.000000,       0,       0,       0
 1.720, -0.0006000, 0.0090000 ,  9.6804000, 35.1639000, 34.7824000 , 34.3781000  , -39.6980000, -7.9790000 ,  8.5040000, 0.000000,       0,       0,       0
 1.730, -0.0006000, 0.0102000 ,  9.6804000, 35.1639000, 34.8053000 , 34.3781000  , -40.0650000, -8.1390000 ,  8.8380000, 0.000000,       0,       0,       0
 1.740, -0.0006000, 0.0114000 ,  9.6792000, 35.1639000, 34.8282000 , 34.3781000  , -39.9720000, -8.1970000 ,  8.4670000, 0.000000,       0,       0,       0
 1.750, -0.0006000, 0.0102000 ,  9.6780000, 35.1715000, 34.8358000 , 34.3781000  , -39.6110000, -8.3150000 ,  8.1640000, 0.000000,       0,       0,       0
 1.760, 0.0006000 , 0.0090000 ,  9.6780000, 35.1791000, 34.8434000 , 34.3781000  , -39.7500000, -7.9000000 ,  7.7240000, 0.000000,       0,       0,       0
 1.770, -0.0006000, 0.0078000 ,  9.6768000, 35.1791000, 34.8511000 , 34.3781000  , -39.8570000, -7.9440000 ,  8.5280000, 0.000000,       0,       0,       0
 1.780, -0.0018000, 0.0078000 ,  9.6768000, 35.1868000, 34.8434000 , 34.3704000  , -39.4170000, -7.9680000 ,  7.7790000, 0.000000,       0,       0,       0
 1.790, -0.0018000, 0.0090000 ,  9.6756000, 35.1944000, 34.8282000 , 34.3704000  , -39.9350000, -8.0810000 ,  7.7590000, 0.000000,       0,       0,       0
 1.800, -0.0018000, 0.0102000 ,  9.6756000, 35.2020000, 34.8282000 , 34.3704000  , -39.5230000, -7.7320000 ,  8.0570000, 0.000000,       0,       0,       0
 1.810, -0.0018000, 0.0102000 ,  9.6780000, 35.2249000, 34.8358000 , 34.3628000  , -39.5670000, -7.9840000 ,  7.9860000, 0.000000,       0,       0,       0
 1.820, 0.0006000 , 0.0078000 ,  9.6792000, 35.2402000, 34.8740000 , 34.3628000  , -39.6590000, -7.8600000 ,  7.2640000, 0.000000,       0,       0,       0
 1.830, 0.0006000 , 0.0066000 ,  9.6828000, 35.2478000, 34.8969000 , 34.3628000  , -39.9030000, -7.7180000 ,  7.6840000, 0.000000,       0,       0,       0
 1.840, 0.0018000 , 0.0054000 ,  9.6840000, 35.2325000, 34.9045000 , 34.3704000  , -39.4170000, -7.9480000 ,  7.6900000, 0.000000,       0,       0,       0
 1.850, -0.0006000, 0.0030000 ,  9.6828000, 35.2097000, 34.9045000 , 34.3704000  , -39.5510000, -7.8890000 ,  7.5130000, 0.000000,       0,       0,       0
 1.860, -0.0018000, 0.0042000 ,  9.6792000, 35.1944000, 34.8816000 , 34.3704000  , -39.6180000, -7.9120000 ,  8.0680000, 0.000000,       0,       0,       0
 1.870, -0.0030000, 0.0066000 ,  9.6768000, 35.1868000, 34.8434000 , 34.3781000  , -39.8470000, -7.7400000 ,  7.6960000, 0.000000,       0,       0,       0
 1.880, -0.0030000, 0.0090000 ,  9.6756000, 35.1868000, 34.8129000 , 34.3781000  , -39.4530000, -7.6900000 ,  7.3210000, 0.000000,       0,       0,       0
 1.890, -0.0030000, 0.0114000 ,  9.6768000, 35.2020000, 34.8053000 , 34.3781000  , -39.7730000, -7.8240000 ,  8.1620000, 0.000000,       0,       0,       0
 1.900, -0.0030000, 0.0126000 ,  9.6768000, 35.2097000, 34.8129000 , 34.3704000  , -39.5480000, -7.7480000 ,  7.5750000, 0.000000,       0,       0,       0
 1.910, -0.0018000, 0.0126000 ,  9.6768000, 35.2097000, 34.8206000 , 34.3704000  , -39.4920000, -7.7650000 ,  8.0970000, 0.000000,       0,       0,       0
 1.920, -0.0030000, 0.0126000 ,  9.6780000, 35.2097000, 34.8282000 , 34.3628000  , -39.4620000, -7.6550000 ,  8.3050000, 0.000000,       0,       0,       0
 1.930, -0.0042000, 0.0114000 ,  9.6792000, 35.2097000, 34.8282000 , 34.3704000  , -39.8010000, -7.6500000 ,  7.8780000, 0.000000,       0,       0,       0
 1.940, -0.0042000, 0.0102000 ,  9.6804000, 35.2020000, 34.8358000 , 34.3704000  , -39.7300000, -7.6800000 ,  8.2190000, 0.000000,       0,       0,       0
 1.950, -0.0042000, 0.0090000 ,  9.6804000, 35.1868000, 34.8434000 , 34.3704000  , -39.7750000, -7.8610000 ,  8.3130000, 0.000000,       0,       0,       0
 1.960, -0.0042000, 0.0078000 ,  9.6804000, 35.1791000, 34.8511000 , 34.3781000  , -39.7380000, -7.9320000 ,  7.7960000, 0.000000,       0,       0,       0
 1.970, -0.0042000, 0.0090000 ,  9.6792000, 35.1868000, 34.8663000 , 34.3781000  , -39.6690000, -7.8130000 ,  7.9660000, 0.000000,       0,       0,       0
 1.980, -0.0042000, 0.0114000 ,  9.6792000, 35.1868000, 34.8816000 , 34.3781000  , -39.2930000, -7.9530000 ,  7.3910000, 0.000000,       0,       0,       0
 1.990, -0.0042000, 0.0138000 ,  9.6792000, 35.1944000, 34.8892000 , 34.3857000  , -39.5710000, -8.1090000 ,  8.2540000, 0.000000,       0,       0,       0
 2.000, -0.0054000, 0.0138000 ,  9.6804000, 35.2020000, 34.9045000 , 34.3857000  , -39.5180000, -8.0500000 ,  7.6140000, 0.000000,       0,       0,       0
 2.010, -0.0054000, 0.0138000 ,  9.6816000, 35.2097000, 34.9121000 , 34.3857000  , -39.5960000, -7.8900000 ,  8.1890000, 0.000000,       0,       0,       0
 2.020, -0.0054000, 0.0126000 ,  9.6828000, 35.2097000, 34.9121000 , 34.3857000  , -39.6620000, -8.0780000 ,  8.5340000, 0.000000,       0,       0,       0
 2.030, -0.0054000, 0.0114000 ,  9.6816000, 35.2097000, 34.9045000 , 34.3857000  , -39.6970000, -7.8550000 ,  8.6210000, 0.000000,       0,       0,       0
 2.040, -0.0066000, 0.0102000 ,  9.6804000, 35.2249000, 34.9045000 , 34.3933000  , -39.5670000, -7.9260000 ,  8.6340000, 0.000000,       0,       0,       0
 2.050, -0.0066000, 0.0102000 ,  9.6792000, 35.2325000, 34.9045000 , 34.3933000  , -39.5420000, -7.8570000 ,  8.7430000, 0.000000,       0,       0,       0
 2.060, -0.0078000, 0.0126000 ,  9.6804000, 35.2325000, 34.9045000 , 34.4009000  , -39.4130000, -8.1510000 ,  8.6530000, 0.000000,       0,       0,       0
 2.070, -0.0078000, 0.0138000 ,  9.6804000, 35.2249000, 34.8969000 , 34.3933000  , -39.8240000, -7.6870000 ,  8.1930000, 0.000000,       0,       0,       0
 2.080, -0.0078000, 0.0138000 ,  9.6804000, 35.2173000, 34.8816000 , 34.3857000  , -39.8340000, -7.8280000 ,  8.3500000, 0.000000,       0,       0,       0
 2.090, -0.0078000, 0.0138000 ,  9.6792000, 35.2020000, 34.8587000 , 34.3781000  , -39.4850000, -8.0240000 ,  8.2770000, 0.000000,       0,       0,       0
 2.100, -0.0090000, 0.0126000 ,  9.6792000, 35.1868000, 34.8434000 , 34.3704000  , -39.5430000, -8.0100000 ,  8.3840000, 0.000000,       0,       0,       0
 2.110, -0.0090000, 0.0126000 ,  9.6792000, 35.1791000, 34.8358000 , 34.3704000  , -39.6370000, -8.0620000 ,  8.1540000, 0.000000,       0,       0,       0
 2.120, -0.0102000, 0.0126000 ,  9.6780000, 35.1639000, 34.8282000 , 34.3704000  , -39.8030000, -8.0270000 ,  8.4830000, 0.000000,       0,       0,       0
 2.130, -0.0090000, 0.0102000 ,  9.6792000, 35.1562000, 34.8206000 , 34.3781000  , -39.4410000, -7.9570000 ,  8.5570000, 0.000000,       0,       0,       0
 2.140, -0.0090000, 0.0090000 ,  9.6780000, 35.1562000, 34.8053000 , 34.3781000  , -39.2830000, -7.7200000 ,  7.5460000, 0.000000,       0,       0,       0
 2.150, -0.0078000, 0.0066000 ,  9.6780000, 35.1562000, 34.7900000 , 34.3781000  , -39.5050000, -7.8130000 ,  8.4710000, 0.000000,       0,       0,       0
 2.160, -0.0090000, 0.0066000 ,  9.6804000, 35.1562000, 34.7672000 , 34.3781000  , -39.7190000, -7.9360000 ,  8.8430000, 0.000000,       0,       0,       0
 2.170, -0.0090000, 0.0078000 ,  9.6804000, 35.1562000, 34.7519000 , 34.3781000  , -39.5320000, -8.0850000 ,  7.9750000, 0.000000,       0,       0,       0
 2.180, -0.0078000, 0.0090000 ,  9.6816000, 35.1562000, 34.7443000 , 34.3781000  , -39.7130000, -8.1450000 ,  8.0540000, 0.000000,       0,       0,       0
 2.190, -0.0066000, 0.0114000 ,  9.6828000, 35.1486000, 34.7443000 , 34.3704000  , -39.7890000, -7.9990000 ,  7.9710000, 0.000000,       0,       0,       0
 2.200, -0.0066000, 0.0126000 ,  9.6828000, 35.1486000, 34.7443000 , 34.3704000  , -39.4600000, -7.9630000 ,  7.0970000, 0.000000,       0,       0,       0
 2.210, -0.0066000, 0.0126000 ,  9.6816000, 35.1486000, 34.7443000 , 34.3704000  , -39.5980000, -8.1790000 ,  7.3940000, 0.000000,       0,       0,       0
 2.220, -0.0054000, 0.0126000 ,  9.6780000, 35.1486000, 34.7366000 , 34.3781000  , -39.6240000, -8.1340000 ,  7.2800000, 0.000000,       0,       0,       0
 2.230, -0.0054000, 0.0114000 ,  9.6768000, 35.1486000, 34.7443000 , 34.3781000  , -39.7120000, -7.8990000 ,  7.4800000, 0.000000,       0,       0,       0
 2.240, -0.0054000, 0.0102000 ,  9.6780000, 35.1486000, 34.7519000 , 34.3857000  , -39.4750000, -8.2360000 ,  7.9090000, 0.000000,       0,       0,       0
 2.250, -0.0054000, 0.0114000 ,  9.6804000, 35.1486000, 34.7672000 , 34.3781000  , -39.4880000, -8.4070000 ,  8.3170000, 0.000000,       0,       0,       0
 2.260, -0.0054000, 0.0114000 ,  9.6804000, 35.1486000, 34.7824000 , 34.3781000  , -39.5620000, -7.9700000 ,  8.0710000, 0.000000,       0,       0,       0
 2.270, -0.0054000, 0.0126000 ,  9.6792000, 35.1486000, 34.8053000 , 34.3704000  , -39.7020000, -7.8380000 ,  8.0800000, 0.000000,       0,       0,       0
 2.280, -0.0054000, 0.0114000 ,  9.6804000, 35.1562000, 34.8358000 , 34.3704000  , -39.3660000, -8.0910000 ,  7.5700000, 0.000000,       0,       0,       0
 2.290, -0.0054000, 0.0114000 ,  9.6804000, 35.1562000, 34.8511000 , 34.3704000  , -39.6810000, -8.0620000 ,  7.4580000, 0.000000,       0,       0,       0
 2.300, -0.0054000, 0.0102000 ,  9.6804000, 35.1639000, 34.8587000 , 34.3704000  , -39.4390000, -8.0280000 ,  7.5570000, 0.000000,       0,       0,       0
 2.310, -0.0066000, 0.0090000 ,  9.6792000, 35.1639000, 34.8511000 , 34.3704000  , -39.3690000, -7.9130000 ,  7.9660000, 0.000000,       0,       0,       0
 2.320, -0.0054000, 0.0102000 ,  9.6792000, 35.1562000, 34.8511000 , 34.3781000  , -39.5450000, -7.7670000 ,  7.7710000, 0.000000,       0,       0,       0
 2.330, -0.0054000, 0.0102000 ,  9.6780000, 35.1562000, 34.8511000 , 34.3781000  , -39.5060000, -7.6200000 ,  8.1380000, 0.000000,       0,       0,       0
 2.340, -0.0054000, 0.0102000 ,  9.6768000, 35.1562000, 34.8511000 , 34.3704000  , -39.4270000, -8.0720000 ,  7.6560000, 0.000000,       0,       0,       0
 2.350, -0.0054000, 0.0102000 ,  9.6768000, 35.1562000, 34.8587000 , 34.3704000  , -39.7470000, -7.7550000 ,  7.8980000, 0.000000,       0,       0,       0
 2.360, -0.0054000, 0.0090000 ,  9.6768000, 35.1486000, 34.8740000 , 34.3628000  , -39.6420000, -7.8140000 ,  7.5630000, 0.000000,       0,       0,       0
 2.370, -0.0066000, 0.0078000 ,  9.6780000, 35.1486000, 34.8816000 , 34.3704000  , -39.9050000, -7.9920000 ,  7.6960000, 0.000000,       0,       0,       0
 2.380, -0.0054000, 0.0078000 ,  9.6792000, 35.1486000, 34.8892000 , 34.3704000  , -39.8300000, -7.6860000 ,  7.8410000, 0.000000,       0,       0,       0
 2.390, -0.0054000, 0.0078000 ,  9.6804000, 35.1410000, 34.8816000 , 34.3781000  , -39.7870000, -8.1120000 ,  7.5300000, 0.000000,       0,       0,       0
 2.400, -0.0042000, 0.0102000 ,  9.6792000, 35.1410000, 34.8740000 , 34.3781000  , -39.7550000, -7.7410000 ,  7.9330000, 0.000000,       0,       0,       0
 2.410, -0.0054000, 0.0114000 ,  9.6792000, 35.1334000, 34.8511000 , 34.3781000  , -39.8460000, -7.7380000 ,  8.1920000, 0.000000,       0,       0,       0
 2.420, -0.0054000, 0.0126000 ,  9.6792000, 35.1257000, 34.8282000 , 34.3704000  , -39.6100000, -7.8760000 ,  8.0260000, 0.000000,       0,       0,       0
 2.430, -0.0066000, 0.0126000 ,  9.6792000, 35.1257000, 34.8053000 , 34.3628000  , -39.7250000, -7.9120000 ,  7.5510000, 0.000000,       0,       0,       0
 2.440, -0.0066000, 0.0114000 ,  9.6780000, 35.1334000, 34.7900000 , 34.3628000  , -39.6180000, -7.6970000 ,  7.8570000, 0.000000,       0,       0,       0
 2.450, -0.0078000, 0.0102000 ,  9.6780000, 35.1334000, 34.7672000 , 34.3628000  , -39.8440000, -7.9820000 ,  8.0650000, 0.000000,       0,       0,       0
 2.460, -0.0078000, 0.0102000 ,  9.6792000, 35.1334000, 34.7443000 , 34.3628000  , -39.5960000, -7.5810000 ,  7.6620000, 0.000000,       0,       0,       0
 2.470, -0.0078000, 0.0090000 ,  9.6804000, 35.1410000, 34.7214000 , 34.3628000  , -39.7210000, -7.9090000 ,  8.2730000, 0.000000,       0,       0,       0
 2.480, -0.0078000, 0.0078000 ,  9.6804000, 35.1410000, 34.7061000 , 34.3628000  , -39.6910000, -7.9920000 ,  8.4550000, 0.000000,       0,       0,       0
 2.490, -0.0078000, 0.0078000 ,  9.6792000, 35.1334000, 34.6985000 , 34.3628000  , -39.5270000, -7.9850000 ,  8.1040000, 0.000000,       0,       0,       0
 2.500, -0.0090000, 0.0090000 ,  9.6792000, 35.1181000, 34.6832000 , 34.3628000  , -39.5450000, -7.9680000 ,  8.3530000, 0.000000,       0,       0,       0
 2.510, -0.0102000, 0.0078000 ,  9.6792000, 35.1181000, 34.6832000 , 34.3704000  , -39.4200000, -7.7560000 ,  8.2320000, 0.000000,       0,       0,       0
 2.520, -0.0114000, 0.0078000 ,  9.6804000, 35.1181000, 34.6985000 , 34.3704000  , -39.3060000, -8.2100000 ,  8.0810000, 0.000000,       0,       0,       0
 2.530, -0.0114000, 0.0078000 ,  9.6792000, 35.1105000, 34.7137000 , 34.3704000  , -39.4610000, -8.1070000 ,  7.5040000, 0.000000,       0,       0,       0
 2.540, -0.0126000, 0.0078000 ,  9.6768000, 35.1105000, 34.7290000 , 34.3781000  , -39.5720000, -7.6720000 ,  7.3890000, 0.000000,       0,       0,       0
 2.550, -0.0114000, 0.0078000 ,  9.6744000, 35.1181000, 34.7443000 , 34.3781000  , -39.5190000, -7.7410000 ,  7.6250000, 0.000000,       0,       0,       0
 2.560, -0.0114000, 0.0078000 ,  9.6744000, 35.1334000, 34.7519000 , 34.3704000  , -39.5490000, -8.1240000 ,  8.4120000, 0.000000,       0,       0,       0
 2.570, -0.0102000, 0.0078000 ,  9.6744000, 35.1410000, 34.7672000 , 34.3704000  , -39.5100000, -7.8760000 ,  8.0160000, 0.000000,       0,       0,       0
 2.580, -0.0090000, 0.0078000 ,  9.6756000, 35.1486000, 34.7595000 , 34.3704000  , -39.4770000, -8.0370000 ,  7.9270000, 0.000000,       0,       0,       0
 2.590, -0.0066000, 0.0078000 ,  9.6768000, 35.1562000, 34.7595000 , 34.3628000  , -39.6460000, -8.1490000 ,  8.3070000, 0.000000,       0,       0,       0
 2.600, -0.0066000, 0.0078000 ,  9.6792000, 35.1562000, 34.7519000 , 34.3628000  , -39.4210000, -8.0170000 ,  8.2950000, 0.000000,       0,       0,       0
 2.610, -0.0042000, 0.0078000 ,  9.6804000, 35.1562000, 34.7595000 , 34.3552000  , -39.8680000, -8.0400000 ,  7.6640000, 0.000000,       0,       0,       0
 2.620, -0.0042000, 0.0066000 ,  9.6804000, 35.1486000, 34.7672000 , 34.3628000  , -39.8760000, -8.0700000 ,  7.8700000, 0.000000,       0,       0,       0
 2.630, -0.0054000, 0.0066000 ,  9.6792000, 35.1410000, 34.7672000 , 34.3704000  , -39.8610000, -7.9050000 ,  7.7660000, 0.000000,       0,       0,       0
 2.640, -0.0054000, 0.0066000 ,  9.6780000, 35.1410000, 34.7672000 , 34.3704000  , -39.8120000, -8.0700000 ,  6.9630000, 0.000000,       0,       0,       0
 2.650, -0.0054000, 0.0078000 ,  9.6792000, 35.1410000, 34.7824000 , 34.3781000  , -39.7270000, -8.3230000 ,  8.1350000, 0.000000,       0,       0,       0
 2.660, -0.0054000, 0.0078000 ,  9.6792000, 35.1486000, 34.7900000 , 34.3781000  , -39.8580000, -8.4200000 ,  7.4690000, 0.000000,       0,       0,       0
 2.670, -0.0042000, 0.0078000 ,  9.6780000, 35.1486000, 34.7977000 , 34.3781000  , -39.8310000, -8.1990000 ,  7.7360000, 0.000000,       0,       0,       0
 2.680, -0.0054000, 0.0054000 ,  9.6780000, 35.1486000, 34.8053000 , 34.3857000  , -39.3270000, -8.2160000 ,  8.5310000, 0.000000,       0,       0,       0
 2.690, -0.0066000, 0.0054000 ,  9.6780000, 35.1562000, 34.7900000 , 34.3857000  , -39.4470000, -8.0560000 ,  7.9130000, 0.000000,       0,       0,       0
 2.700, -0.0078000, 0.0066000 ,  9.6804000, 35.1562000, 34.7824000 , 34.3781000  , -39.8130000, -8.2590000 ,  7.7980000, 0.000000,       0,       0,       0
 2.710, -0.0078000, 0.0102000 ,  9.6804000, 35.1639000, 34.7672000 , 34.3781000  , -39.6880000, -8.4070000 ,  7.8740000, 0.000000,       0,       0,       0
 2.720, -0.0078000, 0.0102000 ,  9.6792000, 35.1639000, 34.7595000 , 34.3781000  , -39.5110000, -7.7830000 ,  7.8280000, 0.000000,       0,       0,       0
 2.730, -0.0078000, 0.0102000 ,  9.6804000, 35.1639000, 34.7595000 , 34.3781000  , -39.8780000, -8.2960000 ,  8.0010000, 0.000000,       0,       0,       0
 2.740, -0.0066000, 0.0090000 ,  9.6816000, 35.1562000, 34.7595000 , 34.3781000  , -39.5650000, -7.9300000 ,  8.6120000, 0.000000,       0,       0,       0
 2.750, -0.0066000, 0.0078000 ,  9.6804000, 35.1486000, 34.7595000 , 34.3781000  , -39.6390000, -7.9980000 ,  8.3430000, 0.000000,       0,       0,       0
 2.760, -0.0066000, 0.0078000 ,  9.6792000, 35.1486000, 34.7519000 , 34.3781000  , -39.6730000, -8.1910000 ,  7.8200000, 0.000000,       0,       0,       0
 2.770, -0.0066000, 0.0090000 ,  9.6768000, 35.1486000, 34.7443000 , 34.3781000  , -40.0300000, -7.9820000 ,  8.0360000, 0.000000,       0,       0,       0
 2.780, -0.0066000, 0.0102000 ,  9.6768000, 35.1486000, 34.7366000 , 34.3781000  , -39.6020000, -8.1770000 ,  7.1790000, 0.000000,       0,       0,       0
 2.790, -0.0078000, 0.0126000 ,  9.6768000, 35.1410000, 34.7366000 , 34.3781000  , -39.6910000, -8.1160000 ,  7.8110000, 0.000000,       0,       0,       0
 2.800, -0.0078000, 0.0126000 ,  9.6768000, 35.1410000, 34.7366000 , 34.3781000  , -39.6270000, -8.1020000 ,  7.5640000, 0.000000,       0,       0,       0
 2.810, -0.0078000, 0.0114000 ,  9.6768000, 35.1410000, 34.7443000 , 34.3704000  , -39.6680000, -8.2930000 ,  7.7710000, 0.000000,       0,       0,       0
 2.820, -0.0066000, 0.0102000 ,  9.6792000, 35.1334000, 34.7519000 , 34.3628000  , -39.9280000, -8.1440000 ,  7.9720000, 0.000000,       0,       0,       0
 2.830, -0.0054000, 0.0090000 ,  9.6792000, 35.1334000, 34.7595000 , 34.3628000  , -39.5560000, -8.1440000 ,  7.7170000, 0.000000,       0,       0,       0
 2.840, -0.0054000, 0.0090000 ,  9.6792000, 35.1257000, 34.7672000 , 34.3628000  , -39.6560000, -7.9870000 ,  7.5070000, 0.000000,       0,       0,       0
 2.850, -0.0054000, 0.0102000 ,  9.6792000, 35.1257000, 34.7595000 , 34.3704000  , -39.7100000, -8.6160000 ,  7.7870000, 0.000000,       0,       0,       0
 2.860, -0.0054000, 0.0102000 ,  9.6804000, 35.1257000, 34.7366000 , 34.3781000  , -39.7570000, -8.1090000 ,  7.7390000, 0.000000,       0,       0,       0
 2.870, -0.0066000, 0.0090000 ,  9.6816000, 35.1257000, 34.7137000 , 34.3781000  , -39.7340000, -8.2520000 ,  7.2350000, 0.000000,       0,       0,       0
 2.880, -0.0066000, 0.0078000 ,  9.6804000, 35.1334000, 34.7061000 , 34.3781000  , -39.3210000, -8.0090000 ,  8.1460000, 0.000000,       0,       0,       0
 2.890, -0.0054000, 0.0078000 ,  9.6792000, 35.1410000, 34.7137000 , 34.3704000  , -39.7860000, -7.9950000 ,  8.0020000, 0.000000,       0,       0,       0
 2.900, -0.0054000, 0.0090000 ,  9.6792000, 35.1410000, 34.7366000 , 34.3704000  , -39.8240000, -8.3560000 ,  7.3100000, 0.000000,       0,       0,       0
 2.910, -0.0054000, 0.0102000 ,  9.6792000, 35.1410000, 34.7672000 , 34.3628000  , -39.6170000, -8.1060000 ,  8.1470000, 0.000000,       0,       0,       0
 2.920, -0.0066000, 0.0102000 ,  9.6792000, 35.1410000, 34.7824000 , 34.3552000  , -39.5670000, -8.1910000 ,  8.3640000, 0.000000,       0,       0,       0
 2.930, -0.0078000, 0.0114000 ,  9.6780000, 35.1486000, 34.7977000 , 34.3552000  , -39.5900000, -8.0200000 ,  8.0090000, 0.000000,       0,       0,       0
 2.940, -0.0066000, 0.0114000 ,  9.6780000, 35.1562000, 34.7977000 , 34.3552000  , -39.6090000, -8.2050000 ,  7.8940000, 0.000000,       0,       0,       0
 2.950, -0.0054000, 0.0102000 ,  9.6780000, 35.1486000, 34.7824000 , 34.3628000  , -39.7100000, -8.2630000 ,  8.2710000, 0.000000,       0,       0,       0
 2.960, -0.0042000, 0.0090000 ,  9.6780000, 35.1410000, 34.7748000 , 34.3704000  , -39.4840000, -7.9500000 ,  8.0590000, 0.000000,       0,       0,       0
 2.970, -0.0054000, 0.0078000 ,  9.6768000, 35.1334000, 34.7595000 , 34.3704000  , -39.8980000, -8.2800000 ,  7.3840000, 0.000000,       0,       0,       0
 2.980, -0.0054000, 0.0078000 ,  9.6780000, 35.1334000, 34.7519000 , 34.3704000  , -39.7650000, -8.0670000 ,  7.6320000, 0.000000,       0,       0,       0
 2.990, -0.0054000, 0.0090000 ,  9.6792000, 35.1334000, 34.7519000 , 34.3628000  , -39.8380000, -8.0620000 ,  8.1640000, 0.000000,       0,       0,       0
 3.000, -0.0054000, 0.0102000 ,  9.6792000, 35.1334000, 34.7519000 , 34.3628000  , -39.6550000, -8.1000000 ,  7.8150000, 0.000000,       0,       0,       0
 3.010, -0.0042000, 0.0114000 ,  9.6792000, 35.1334000, 34.7595000 , 34.3552000  , -39.5760000, -8.1280000 ,  8.0200000, 0.000000,       0,       0,       0
 3.020, -0.0030000, 0.0102000 ,  9.6792000, 35.1410000, 34.7595000 , 34.3552000  , -39.6520000, -7.7520000 ,  8.0310000, 0.000000,       0,       0,       0
 3.030, -0.0030000, 0.0078000 ,  9.6792000, 35.1486000, 34.7672000 , 34.3552000  , -39.7520000, -8.2760000 ,  7.9460000, 0.000000,       0,       0,       0
 3.040, -0.0030000, 0.0054000 ,  9.6804000, 35.1562000, 34.7672000 , 34.3628000  , -39.7130000, -7.8560000 ,  7.6420000, 0.000000,       0,       0,       0
 3.050, -0.0030000, 0.0054000 ,  9.6792000, 35.1715000, 34.7672000 , 34.3628000  , -39.7250000, -8.0480000 ,  7.5150000, 0.000000,       0,       0,       0
 3.060, -0.0042000, 0.0066000 ,  9.6792000, 35.1715000, 34.7672000 , 34.3628000  , -39.6650000, -7.9580000 ,  7.3860000, 0.000000,       0,       0,       0
 3.070, -0.0042000, 0.0078000 ,  9.6792000, 35.1715000, 34.7672000 , 34.3704000  , -39.6860000, -8.0890000 ,  7.7700000, 0.000000,       0,       0,       0
 3.080, -0.0042000, 0.0090000 ,  9.6804000, 35.1715000, 34.7672000 , 34.3704000  , -39.6250000, -8.1640000 ,  7.5040000, 0.000000,       0,       0,       0
 3.090, -0.0042000, 0.0114000 ,  9.6816000, 35.1715000, 34.7595000 , 34.3704000  , -39.8410000, -7.9860000 ,  7.3760000, 0.000000,       0,       0,       0
 3.100, -0.0042000, 0.0114000 ,  9.6804000, 35.1639000, 34.7519000 , 34.3781000  , -39.6960000, -7.8610000 ,  7.2940000, 0.000000,       0,       0,       0
 3.110, -0.0030000, 0.0102000 ,  9.6792000, 35.1562000, 34.7519000 , 34.3781000  , -39.7490000, -7.9430000 ,  7.6420000, 0.000000,       0,       0,       0
 3.120, -0.0018000, 0.0090000 ,  9.6780000, 35.1562000, 34.7519000 , 34.3781000  , -39.6120000, -8.0060000 ,  7.5470000, 0.000000,       0,       0,       0
 3.130, -0.0018000, 0.0066000 ,  9.6768000, 35.1562000, 34.7595000 , 34.3781000  , -39.5270000, -7.8570000 ,  7.2830000, 0.000000,       0,       0,       0
 3.140, -0.0018000, 0.0054000 ,  9.6768000, 35.1562000, 34.7595000 , 34.3781000  , -39.3850000, -7.9950000 ,  7.8460000, 0.000000,       0,       0,       0
 3.150, -0.0006000, 0.0054000 ,  9.6768000, 35.1562000, 34.7672000 , 34.3781000  , -39.7900000, -7.7820000 ,  8.0110000, 0.000000,       0,       0,       0
 3.160, -0.0006000, 0.0054000 ,  9.6792000, 35.1562000, 34.7595000 , 34.3781000  , -39.5680000, -7.9840000 ,  7.6080000, 0.000000,       0,       0,       0
 3.170, -0.0006000, 0.0054000 ,  9.6792000, 35.1562000, 34.7519000 , 34.3781000  , -39.7270000, -7.8850000 ,  7.3900000, 0.000000,       0,       0,       0
 3.180, -0.0018000, 0.0078000 ,  9.6792000, 35.1639000, 34.7519000 , 34.3781000  , -39.6840000, -7.7490000 ,  7.3130000, 0.000000,       0,       0,       0
 3.190, -0.0054000, 0.0102000 ,  9.6768000, 35.1715000, 34.7519000 , 34.3781000  , -39.7680000, -7.8040000 ,  7.6890000, 0.000000,       0,       0,       0
 3.200, -0.0054000, 0.0114000 ,  9.6768000, 35.1715000, 34.7519000 , 34.3781000  , -39.6410000, -8.0790000 ,  7.9280000, 0.000000,       0,       0,       0
 3.210, -0.0054000, 0.0114000 ,  9.6780000, 35.1639000, 34.7595000 , 34.3704000  , -39.6240000, -8.0550000 ,  7.9160000, 0.000000,       0,       0,       0
 3.220, -0.0054000, 0.0102000 ,  9.6792000, 35.1639000, 34.7595000 , 34.3704000  , -39.5020000, -7.9900000 ,  7.4410000, 0.000000,       0,       0,       0
 3.230, -0.0042000, 0.0102000 ,  9.6792000, 35.1639000, 34.7672000 , 34.3704000  , -39.6750000, -8.1710000 ,  7.8730000, 0.000000,       0,       0,       0
 3.240, -0.0030000, 0.0090000 ,  9.6780000, 35.1562000, 34.7672000 , 34.3628000  , -39.7600000, -7.9830000 ,  7.3150000, 0.000000,       0,       0,       0
 3.250, -0.0030000, 0.0090000 ,  9.6780000, 35.1639000, 34.7595000 , 34.3628000  , -39.7990000, -8.1590000 ,  7.5310000, 0.000000,       0,       0,       0
 3.260, -0.0042000, 0.0090000 ,  9.6780000, 35.1639000, 34.7595000 , 34.3628000  , -39.5130000, -8.2520000 ,  7.5650000, 0.000000,       0,       0,       0
 3.270, -0.0042000, 0.0102000 ,  9.6780000, 35.1639000, 34.7672000 , 34.3628000  , -39.6950000, -8.1840000 ,  7.8870000, 0.000000,       0,       0,       0
 3.280, -0.0042000, 0.0114000 ,  9.6792000, 35.1562000, 34.7672000 , 34.3628000  , -39.8430000, -8.2320000 ,  7.3590000, 0.000000,       0,       0,       0
 3.290, -0.0042000, 0.0102000 ,  9.6792000, 35.1562000, 34.7748000 , 34.3704000  , -39.5350000, -7.8290000 ,  7.2450000, 0.000000,       0,       0,       0
 3.300, -0.0030000, 0.0090000 ,  9.6792000, 35.1486000, 34.7824000 , 34.3704000  , -39.8180000, -7.9840000 ,  6.9880000, 0.000000,       0,       0,       0
 3.310, -0.0030000, 0.0066000 ,  9.6792000, 35.1562000, 34.7824000 , 34.3628000  , -39.8970000, -7.8390000 ,  7.5090000, 0.000000,       0,       0,       0
 3.320, -0.0030000, 0.0042000 ,  9.6780000, 35.1562000, 34.7824000 , 34.3628000  , -39.8630000, -8.2080000 ,  7.8690000, 0.000000,       0,       0,       0
 3.330, -0.0042000, 0.0042000 ,  9.6780000, 35.1562000, 34.7748000 , 34.3704000  , -40.0190000, -8.0710000 ,  7.3410000, 0.000000,       0,       0,       0
 3.340, -0.0042000, 0.0066000 ,  9.6768000, 35.1639000, 34.7595000 , 34.3781000  , -39.7910000, -7.8840000 ,  7.5330000, 0.000000,       0,       0,       0
 3.350, -0.0042000, 0.0066000 ,  9.6780000, 35.1715000, 34.7519000 , 34.3857000  , -39.8360000, -8.0240000 ,  8.1260000, 0.000000,       0,       0,       0
 3.360, -0.0030000, 0.0066000 ,  9.6792000, 35.1715000, 34.7595000 , 34.3857000  , -39.7590000, -7.8890000 ,  7.8050000, 0.000000,       0,       0,       0
 3.370, -0.0030000, 0.0054000 ,  9.6804000, 35.1715000, 34.7672000 , 34.3857000  , -39.8980000, -8.0500000 ,  8.1460000, 0.000000,       0,       0,       0
 3.380, -0.0030000, 0.0042000 ,  9.6816000, 35.1715000, 34.7748000 , 34.3857000  , -39.5020000, -7.9820000 ,  7.7430000, 0.000000,       0,       0,       0
 3.390, -0.0042000, 0.0030000 ,  9.6804000, 35.1639000, 34.7900000 , 34.3857000  , -39.9550000, -7.8410000 ,  7.8330000, 0.000000,       0,       0,       0
 3.400, -0.0042000, 0.0030000 ,  9.6792000, 35.1639000, 34.7977000 , 34.3781000  , -39.6000000, -7.9300000 ,  7.8940000, 0.000000,       0,       0,       0
 3.410, -0.0042000, 0.0042000 ,  9.6768000, 35.1639000, 34.7977000 , 34.3781000  , -39.7770000, -7.9350000 ,  8.2310000, 0.000000,       0,       0,       0
 3.420, -0.0030000, 0.0054000 ,  9.6756000, 35.1639000, 34.7977000 , 34.3781000  , -39.6860000, -7.9520000 ,  7.8510000, 0.000000,       0,       0,       0
 3.430, -0.0018000, 0.0066000 ,  9.6756000, 35.1715000, 34.7900000 , 34.3857000  , -39.7950000, -7.6370000 ,  7.7650000, 0.000000,       0,       0,       0
 3.440, -0.0018000, 0.0078000 ,  9.6756000, 35.1791000, 34.7824000 , 34.3781000  , -39.5620000, -7.9200000 ,  7.9620000, 0.000000,       0,       0,       0
 3.450, -0.0030000, 0.0090000 ,  9.6756000, 35.1868000, 34.7748000 , 34.3781000  , -40.0750000, -8.0980000 ,  7.8160000, 0.000000,       0,       0,       0
 3.460, -0.0042000, 0.0102000 ,  9.6768000, 35.1868000, 34.7748000 , 34.3781000  , -39.3460000, -7.7900000 ,  8.7250000, 0.000000,       0,       0,       0
 3.470, -0.0054000, 0.0126000 ,  9.6780000, 35.1868000, 34.7824000 , 34.3781000  , -39.5130000, -7.6050000 ,  8.5040000, 0.000000,       0,       0,       0
 3.480, -0.0066000, 0.0114000 ,  9.6792000, 35.1791000, 34.7900000 , 34.3704000  , -39.2940000, -7.6360000 ,  8.3080000, 0.000000,       0,       0,       0
 3.490, -0.0066000, 0.0090000 ,  9.6792000, 35.1715000, 34.7977000 , 34.3704000  , -39.7680000, -7.8970000 ,  7.9790000, 0.000000,       0,       0,       0
 3.500, -0.0042000, 0.0066000 ,  9.6804000, 35.1639000, 34.7977000 , 34.3704000  , -39.7970000, -7.4890000 ,  8.4690000, 0.000000,       0,       0,       0
 3.510, -0.0030000, 0.0042000 ,  9.6804000, 35.1562000, 34.7977000 , 34.3704000  , -39.7980000, -7.9550000 ,  7.9110000, 0.000000,       0,       0,       0
 3.520, -0.0030000, 0.0030000 ,  9.6804000, 35.1639000, 34.7977000 , 34.3704000  , -39.5890000, -7.7540000 ,  7.7530000, 0.000000,       0,       0,       0
 3.530, -0.0030000, 0.0030000 ,  9.6792000, 35.1639000, 34.8053000 , 34.3704000  , -39.5440000, -7.8880000 ,  7.8470000, 0.000000,       0,       0,       0
 3.540, -0.0030000, 0.0042000 ,  9.6780000, 35.1715000, 34.8206000 , 34.3704000  , -39.6150000, -7.8090000 ,  7.9900000, 0.000000,       0,       0,       0
 3.550, -0.0018000, 0.0054000 ,  9.6768000, 35.1791000, 34.8358000 , 34.3628000  , -39.6550000, -7.8050000 ,  8.1380000, 0.000000,       0,       0,       0
 3.560, -0.0030000, 0.0066000 ,  9.6768000, 35.1944000, 34.8434000 , 34.3628000  , -39.5860000, -8.0100000 ,  7.7700000, 0.000000,       0,       0,       0
 3.570, -0.0030000, 0.0054000 ,  9.6756000, 35.2020000, 34.8511000 , 34.3628000  , -39.9130000, -7.9410000 ,  7.6810000, 0.000000,       0,       0,       0
 3.580, -0.0030000, 0.0066000 ,  9.6756000, 35.2097000, 34.8511000 , 34.3628000  , -39.6610000, -7.9840000 ,  7.9170000, 0.000000,       0,       0,       0
 3.590, -0.0018000, 0.0066000 ,  9.6756000, 35.2020000, 34.8511000 , 34.3628000  , -39.7850000, -8.0360000 ,  8.0350000, 0.000000,       0,       0,       0
 3.600, -0.0018000, 0.0066000 ,  9.6768000, 35.1944000, 34.8434000 , 34.3704000  , -39.8600000, -8.0900000 ,  7.7420000, 0.000000,       0,       0,       0
 3.610, -0.0018000, 0.0078000 ,  9.6780000, 35.1868000, 34.8434000 , 34.3781000  , -39.8220000, -7.7870000 ,  8.1070000, 0.000000,       0,       0,       0
 3.620, -0.0042000, 0.0078000 ,  9.6768000, 35.1791000, 34.8511000 , 34.3781000  , -39.7080000, -7.6210000 ,  7.4990000, 0.000000,       0,       0,       0
 3.630, -0.0078000, 0.0078000 ,  9.6744000, 35.1791000, 34.8587000 , 34.3781000  , -39.6700000, -7.9930000 ,  7.6450000, 0.000000,       0,       0,       0
 3.640, -0.0078000, 0.0090000 ,  9.6756000, 35.1791000, 34.8587000 , 34.3857000  , -39.5430000, -8.1670000 ,  7.6980000, 0.000000,       0,       0,       0
 3.650, -0.0090000, 0.0102000 ,  9.6780000, 35.1791000, 34.8587000 , 34.3857000  , -39.6420000, -7.9730000 ,  7.9280000, 0.000000,       0,       0,       0
 3.660, -0.0090000, 0.0102000 ,  9.6780000, 35.1791000, 34.8511000 , 34.3781000  , -39.6140000, -7.8920000 ,  8.1640000, 0.000000,       0,       0,       0
 3.670, -0.0090000, 0.0090000 ,  9.6780000, 35.1791000, 34.8511000 , 34.3704000  , -39.5970000, -8.1650000 ,  7.8410000, 0.000000,       0,       0,       0
 3.680, -0.0078000, 0.0066000 ,  9.6780000, 35.1715000, 34.8511000 , 34.3628000  , -39.4980000, -8.0430000 ,  8.7300000, 0.000000,       0,       0,       0
 3.690, -0.0066000, 0.0066000 ,  9.6780000, 35.1715000, 34.8511000 , 34.3628000  , -39.5850000, -8.2310000 ,  8.7440000, 0.000000,       0,       0,       0
 3.700, -0.0054000, 0.0054000 ,  9.6780000, 35.1715000, 34.8587000 , 34.3704000  , -39.6610000, -8.3720000 ,  7.4730000, 0.000000,       0,       0,       0
 3.710, -0.0042000, 0.0078000 ,  9.6768000, 35.1868000, 34.8663000 , 34.3704000  , -39.6670000, -7.8880000 ,  8.0480000, 0.000000,       0,       0,       0
 3.720, -0.0042000, 0.0090000 ,  9.6768000, 35.2020000, 34.8663000 , 34.3781000  , -39.4020000, -8.1130000 ,  7.7580000, 0.000000,       0,       0,       0
 3.730, -0.0054000, 0.0102000 ,  9.6792000, 35.2173000, 34.8816000 , 34.3781000  , -39.3740000, -8.1920000 ,  8.2560000, 0.000000,       0,       0,       0
 3.740, -0.0066000, 0.0090000 ,  9.6792000, 35.2173000, 34.8892000 , 34.3781000  , -39.1670000, -8.1710000 ,  7.7150000, 0.000000,       0,       0,       0
 3.750, -0.0090000, 0.0090000 ,  9.6780000, 35.2173000, 34.8969000 , 34.3781000  , -39.6510000, -7.9810000 ,  8.7490000, 0.000000,       0,       0,       0
 3.760, -0.0102000, 0.0066000 ,  9.6768000, 35.2097000, 34.8969000 , 34.3781000  , -39.4850000, -7.9290000 ,  7.8440000, 0.000000,       0,       0,       0
 3.770, -0.0102000, 0.0066000 ,  9.6756000, 35.2020000, 34.9045000 , 34.3704000  , -39.6060000, -8.0790000 ,  8.3920000, 0.000000,       0,       0,       0
 3.780, -0.0090000, 0.0066000 ,  9.6756000, 35.2020000, 34.9121000 , 34.3781000  , -39.3170000, -8.3860000 ,  7.6090000, 0.000000,       0,       0,       0
 3.790, -0.0090000, 0.0078000 ,  9.6744000, 35.2020000, 34.9121000 , 34.3704000  , -39.6700000, -8.1510000 ,  7.6660000, 0.000000,       0,       0,       0
 3.800, -0.0090000, 0.0090000 ,  9.6744000, 35.2020000, 34.9045000 , 34.3704000  , -39.5280000, -8.0520000 ,  7.5980000, 0.000000,       0,       0,       0
 3.810, -0.0102000, 0.0102000 ,  9.6768000, 35.2097000, 34.8969000 , 34.3704000  , -39.6820000, -8.0340000 ,  8.1700000, 0.000000,       0,       0,       0
 3.820, -0.0114000, 0.0102000 ,  9.6804000, 35.2173000, 34.8816000 , 34.3704000  , -39.6560000, -7.7560000 ,  8.2230000, 0.000000,       0,       0,       0
 3.830, -0.0114000, 0.0102000 ,  9.6816000, 35.2249000, 34.8663000 , 34.3704000  , -39.5000000, -8.2610000 ,  7.8180000, 0.000000,       0,       0,       0
 3.840, -0.0102000, 0.0102000 ,  9.6804000, 35.2249000, 34.8434000 , 34.3781000  , -40.0100000, -8.1470000 ,  7.6800000, 0.000000,       0,       0,       0
 3.850, -0.0102000, 0.0090000 ,  9.6792000, 35.2249000, 34.8206000 , 34.3704000  , -39.7260000, -8.0780000 ,  8.2680000, 0.000000,       0,       0,       0
 3.860, -0.0102000, 0.0102000 ,  9.6780000, 35.2173000, 34.8053000 , 34.3704000  , -39.4850000, -7.9360000 ,  8.0590000, 0.000000,       0,       0,       0
 3.870, -0.0090000, 0.0102000 ,  9.6780000, 35.2097000, 34.8053000 , 34.3704000  , -39.6920000, -7.8930000 ,  7.3250000, 0.000000,       0,       0,       0
 3.880, -0.0090000, 0.0102000 ,  9.6768000, 35.2097000, 34.8053000 , 34.3628000  , -39.6620000, -8.1440000 ,  8.1220000, 0.000000,       0,       0,       0
 3.890, -0.0078000, 0.0102000 ,  9.6780000, 35.2097000, 34.8129000 , 34.3628000  , -39.5760000, -8.0930000 ,  8.4270000, 0.000000,       0,       0,       0
 3.900, -0.0078000, 0.0114000 ,  9.6780000, 35.2097000, 34.8282000 , 34.3628000  , -39.4280000, -7.7350000 ,  8.1260000, 0.000000,       0,       0,       0
 3.910, -0.0078000, 0.0102000 ,  9.6780000, 35.2097000, 34.8511000 , 34.3704000  , -39.6830000, -7.9990000 ,  8.4630000, 0.000000,       0,       0,       0
 3.920, -0.0090000, 0.0090000 ,  9.6768000, 35.2097000, 34.8663000 , 34.3704000  , -39.6050000, -8.1000000 ,  7.6690000, 0.000000,       0,       0,       0
 3.930, -0.0102000, 0.0090000 ,  9.6780000, 35.2097000, 34.8740000 , 34.3781000  , -39.5170000, -8.1040000 ,  7.9720000, 0.000000,       0,       0,       0
 3.940, -0.0102000, 0.0090000 ,  9.6768000, 35.2020000, 34.8816000 , 34.3781000  , -39.5820000, -8.2350000 ,  8.0360000, 0.000000,       0,       0,       0
 3.950, -0.0102000, 0.0114000 ,  9.6768000, 35.1944000, 34.8816000 , 34.3781000  , -39.6600000, -7.8170000 ,  7.8740000, 0.000000,       0,       0,       0
 3.960, -0.0102000, 0.0126000 ,  9.6768000, 35.1944000, 34.8892000 , 34.3781000  , -39.3890000, -8.1650000 ,  7.6800000, 0.000000,       0,       0,       0
 3.970, -0.0114000, 0.0150000 ,  9.6780000, 35.2020000, 34.9045000 , 34.3781000  , -39.7510000, -8.0670000 ,  8.2320000, 0.000000,       0,       0,       0
 3.980, -0.0114000, 0.0150000 ,  9.6804000, 35.2020000, 34.9274000 , 34.3704000  , -39.7020000, -8.0400000 ,  8.2290000, 0.000000,       0,       0,       0
 3.990, -0.0126000, 0.0138000 ,  9.6816000, 35.2097000, 34.9503000 , 34.3704000  , -39.7900000, -8.0850000 ,  8.2560000, 0.000000,       0,       0,       0
 4.000, -0.0126000, 0.0126000 ,  9.6804000, 35.2097000, 34.9731000 , 34.3704000  , -39.7300000, -8.0390000 ,  8.0730000, 0.000000,       0,       0,       0
 4.010, -0.0126000, 0.0102000 ,  9.6792000, 35.2173000, 34.9731000 , 34.3704000  , -39.9040000, -8.0980000 ,  8.0620000, 0.000000,       0,       0,       0
 4.020, -0.0126000, 0.0078000 ,  9.6792000, 35.2097000, 34.9579000 , 34.3704000  , -39.4460000, -8.0190000 ,  7.7450000, 0.000000,       0,       0,       0
 4.030, -0.0126000, 0.0078000 ,  9.6780000, 35.2173000, 34.9579000 , 34.3781000  , -39.6820000, -7.9110000 ,  7.5430000, 0.000000,       0,       0,       0
 4.040, -0.0138000, 0.0090000 ,  9.6780000, 35.2173000, 34.9503000 , 34.3781000  , -39.3740000, -7.9040000 ,  7.4270000, 0.000000,       0,       0,       0
 4.050, -0.0150000, 0.0126000 ,  9.6768000, 35.2249000, 34.9503000 , 34.3857000  , -39.3480000, -7.9070000 ,  8.0180000, 0.000000,       0,       0,       0
 4.060, -0.0161000, 0.0161000 ,  9.6768000, 35.2325000, 34.9426000 , 34.3781000  , -39.3340000, -8.1300000 ,  8.2470000, 0.000000,       0,       0,       0
 4.070, -0.0161000, 0.0173000 ,  9.6768000, 35.2402000, 34.9350000 , 34.3704000  , -39.4840000, -8.1520000 ,  7.6300000, 0.000000,       0,       0,       0
 4.080, -0.0150000, 0.0173000 ,  9.6768000, 35.2402000, 34.9350000 , 34.3704000  , -39.3610000, -7.9270000 ,  7.6490000, 0.000000,       0,       0,       0
 4.090, -0.0150000, 0.0150000 ,  9.6756000, 35.2478000, 34.9350000 , 34.3628000  , -39.4490000, -8.2610000 ,  7.7740000, 0.000000,       0,       0,       0
 4.100, -0.0150000, 0.0126000 ,  9.6780000, 35.2478000, 34.9426000 , 34.3628000  , -39.3240000, -7.7960000 ,  7.7440000, 0.000000,       0,       0,       0
 4.110, -0.0138000, 0.0102000 ,  9.6804000, 35.2478000, 34.9579000 , 34.3704000  , -39.6370000, -8.1170000 ,  7.7520000, 0.000000,       0,       0,       0
 4.120, -0.0138000, 0.0090000 ,  9.6816000, 35.2478000, 34.9808000 , 34.3704000  , -39.2580000, -7.8440000 ,  8.3680000, 0.000000,       0,       0,       0
 4.130, -0.0150000, 0.0090000 ,  9.6816000, 35.2402000, 35.0037000 , 34.3781000  , -39.3910000, -8.1580000 ,  8.7690000, 0.000000,       0,       0,       0
 4.140, -0.0150000, 0.0102000 ,  9.6816000, 35.2478000, 35.0266000 , 34.3781000  , -39.3310000, -8.2270000 ,  7.6730000, 0.000000,       0,       0,       0
 4.150, -0.0161000, 0.0114000 ,  9.6816000, 35.2478000, 35.0418000 , 34.3781000  , -39.2710000, -7.9150000 ,  7.5120000, 0.000000,       0,       0,       0
 4.160, -0.0173000, 0.0138000 ,  9.6804000, 35.2402000, 35.0571000 , 34.3781000  , -39.4280000, -8.0000000 ,  8.5370000, 0.000000,       0,       0,       0
 4.170, -0.0185000, 0.0161000 ,  9.6780000, 35.2402000, 35.0571000 , 34.3781000  , -39.2490000, -8.1600000 ,  8.0130000, 0.000000,       0,       0,       0
 4.180, -0.0197000, 0.0161000 ,  9.6780000, 35.2325000, 35.0342000 , 34.3704000  , -39.1650000, -8.2120000 ,  7.9620000, 0.000000,       0,       0,       0
 4.190, -0.0197000, 0.0161000 ,  9.6780000, 35.2325000, 35.0037000 , 34.3628000  , -39.7580000, -8.0750000 ,  8.1290000, 0.000000,       0,       0,       0
 4.200, -0.0185000, 0.0138000 ,  9.6804000, 35.2173000, 34.9655000 , 34.3704000  , -39.5550000, -8.0360000 ,  7.7840000, 0.000000,       0,       0,       0
 4.210, -0.0173000, 0.0114000 ,  9.6816000, 35.2020000, 34.9350000 , 34.3704000  , -39.7500000, -8.5110000 ,  8.2160000, 0.000000,       0,       0,       0
 4.220, -0.0161000, 0.0078000 ,  9.6816000, 35.1944000, 34.9121000 , 34.3704000  , -39.5510000, -7.9520000 ,  8.1280000, 0.000000,       0,       0,       0
 4.230, -0.0161000, 0.0066000 ,  9.6828000, 35.1868000, 34.8892000 , 34.3704000  , -39.3520000, -8.2990000 ,  7.7570000, 0.000000,       0,       0,       0
 4.240, -0.0185000, 0.0078000 ,  9.6816000, 35.1791000, 34.8816000 , 34.3704000  , -39.3600000, -8.1780000 ,  7.9140000, 0.000000,       0,       0,       0
 4.250, -0.0197000, 0.0126000 ,  9.6792000, 35.1715000, 34.8587000 , 34.3704000  , -39.5720000, -8.0250000 ,  7.4080000, 0.000000,       0,       0,       0
 4.260, -0.0209000, 0.0185000 ,  9.6768000, 35.1639000, 34.8282000 , 34.3704000  , -39.4610000, -8.0270000 ,  7.8020000, 0.000000,       0,       0,       0
 4.270, -0.0209000, 0.0209000 ,  9.6768000, 35.1639000, 34.8129000 , 34.3704000  , -39.2470000, -8.2210000 ,  7.3080000, 0.000000,       0,       0,       0
 4.280, -0.0197000, 0.0209000 ,  9.6780000, 35.1639000, 34.8053000 , 34.3704000  , -39.2720000, -8.0750000 ,  7.9380000, 0.000000,       0,       0,       0
 4.290, -0.0185000, 0.0173000 ,  9.6780000, 35.1562000, 34.8053000 , 34.3704000  , -39.2820000, -8.3940000 ,  7.5250000, 0.000000,       0,       0,       0
 4.300, -0.0185000, 0.0126000 ,  9.6780000, 35.1639000, 34.8129000 , 34.3704000  , -39.6000000, -7.8650000 ,  7.2370000, 0.000000,       0,       0,       0
 4.310, -0.0197000, 0.0090000 ,  9.6780000, 35.1715000, 34.8282000 , 34.3781000  , -39.5260000, -8.0500000 ,  7.3080000, 0.000000,       0,       0,       0
 4.320, -0.0197000, 0.0066000 ,  9.6780000, 35.1868000, 34.8434000 , 34.3781000  , -39.3170000, -8.1340000 ,  7.5360000, 0.000000,       0,       0,       0
 4.330, -0.0185000, 0.0102000 ,  9.6792000, 35.2249000, 34.8816000 , 34.3857000  , -39.1340000, -8.2020000 ,  8.0810000, 0.000000,       0,       0,       0
 4.340, -0.0185000, 0.0126000 ,  9.6780000, 35.2554000, 34.9121000 , 34.3933000  , -39.4300000, -7.9460000 ,  8.0310000, 0.000000,       0,       0,       0
 4.350, -0.0209000, 0.0126000 ,  9.6780000, 35.2936000, 34.9274000 , 34.4009000  , -39.4600000, -8.7030000 ,  7.3780000, 0.000000,       0,       0,       0
 4.360, -0.0221000, 0.0114000 ,  9.6804000, 35.3241000, 34.9350000 , 34.4162000  , -39.3350000, -8.1810000 ,  7.9780000, 0.000000,       0,       0,       0
 4.370, -0.0233000, 0.0126000 ,  9.6828000, 35.3622000, 34.9503000 , 34.4238000  , -39.2880000, -8.1630000 ,  8.1330000, 0.000000,       0,       0,       0
 4.380, -0.0233000, 0.0150000 ,  9.6816000, 35.4004000, 34.9731000 , 34.4315000  , -39.5480000, -8.2870000 ,  8.3960000, 0.000000,       0,       0,       0
 4.390, -0.0245000, 0.0197000 ,  9.6780000, 35.4309000, 34.9808000 , 34.4238000  , -39.4260000, -8.2210000 ,  8.4710000, 0.000000,       0,       0,       0
 4.400, -0.0245000, 0.0245000 ,  9.6756000, 35.4385000, 34.9808000 , 34.4238000  , -39.4310000, -8.0900000 ,  7.8840000, 0.000000,       0,       0,       0
 4.410, -0.0245000, 0.0257000 ,  9.6768000, 35.4309000, 34.9655000 , 34.4162000  , -39.6080000, -8.2250000 ,  7.5240000, 0.000000,       0,       0,       0
 4.420, -0.0245000, 0.0257000 ,  9.6768000, 35.4004000, 34.9426000 , 34.4162000  , -39.5630000, -8.4390000 ,  8.2570000, 0.000000,       0,       0,       0
 4.430, -0.0233000, 0.0245000 ,  9.6756000, 35.3470000, 34.9045000 , 34.4162000  , -39.5370000, -8.3120000 ,  7.1600000, 0.000000,       0,       0,       0
 4.440, -0.0221000, 0.0221000 ,  9.6744000, 35.3012000, 34.8740000 , 34.4162000  , -39.3180000, -7.9990000 ,  8.0200000, 0.000000,       0,       0,       0
 4.450, -0.0197000, 0.0209000 ,  9.6744000, 35.2631000, 34.8434000 , 34.4086000  , -39.3420000, -8.5620000 ,  7.6020000, 0.000000,       0,       0,       0
 4.460, -0.0197000, 0.0221000 ,  9.6768000, 35.2402000, 34.8206000 , 34.4009000  , -39.6460000, -8.2850000 ,  7.5900000, 0.000000,       0,       0,       0
 4.470, -0.0197000, 0.0209000 ,  9.6768000, 35.2173000, 34.8206000 , 34.3857000  , -39.2880000, -8.1630000 ,  7.5980000, 0.000000,       0,       0,       0
 4.480, -0.0197000, 0.0209000 ,  9.6768000, 35.2173000, 34.8282000 , 34.3704000  , -39.3780000, -8.3310000 ,  7.8110000, 0.000000,       0,       0,       0
 4.490, -0.0197000, 0.0209000 ,  9.6780000, 35.2249000, 34.8511000 , 34.3704000  , -39.4140000, -8.1680000 ,  8.4920000, 0.000000,       0,       0,       0
 4.500, -0.0209000, 0.0185000 ,  9.6792000, 35.2402000, 34.8969000 , 34.3781000  , -39.3370000, -7.8810000 ,  7.2360000, 0.000000,       0,       0,       0
 4.510, -0.0209000, 0.0185000 ,  9.6792000, 35.2783000, 34.9579000 , 34.3933000  , -39.5100000, -8.0410000 ,  7.4490000, 0.000000,       0,       0,       0
 4.520, -0.0209000, 0.0197000 ,  9.6816000, 35.3165000, 35.0189000 , 34.4162000  , -39.3190000, -8.0000000 ,  7.6100000, 0.000000,       0,       0,       0
 4.530, -0.0221000, 0.0209000 ,  9.6816000, 35.3546000, 35.0571000 , 34.4315000  , -39.5000000, -8.0820000 ,  7.7020000, 0.000000,       0,       0,       0
 4.540, -0.0233000, 0.0233000 ,  9.6828000, 35.4004000, 35.0723000 , 34.4391000  , -39.2680000, -8.0780000 ,  7.4190000, 0.000000,       0,       0,       0
 4.550, -0.0245000, 0.0233000 ,  9.6828000, 35.4385000, 35.0723000 , 34.4467000  , -39.5010000, -8.1330000 ,  7.9800000, 0.000000,       0,       0,       0
 4.560, -0.0257000, 0.0233000 ,  9.6828000, 35.4767000, 35.0571000 , 34.4391000  , -39.2650000, -8.0100000 ,  7.3230000, 0.000000,       0,       0,       0
 4.570, -0.0281000, 0.0197000 ,  9.6828000, 35.5301000, 35.0342000 , 34.4543000  , -39.2660000, -8.1830000 ,  8.1670000, 0.000000,       0,       0,       0
 4.580, -0.0604000, -0.0126000,  9.6840000, 35.5988000, 35.0189000 , 34.7672000  , -39.0810000, -8.2210000 ,  8.0960000, 0.000000,       0,       0,       0
 4.590, -0.0532000, -0.0030000,  9.6816000, 35.6750000, 35.0037000 , 35.4004000  , -38.8800000, -8.2490000 ,  7.9300000, 0.000000,       0,       0,       0
 4.600, -0.0389000, 0.0150000 ,  9.6792000, 35.7056000, 34.9808000 , 35.7132000  , -39.3330000, -8.3230000 ,  7.9780000, 0.000000,       0,       0,       0
 4.610, -0.0317000, 0.0281000 ,  9.6768000, 35.7132000, 34.9350000 , 35.8047000  , -39.3490000, -8.2670000 ,  7.6910000, 0.000000,       0,       0,       0
 4.620, -0.0185000, 0.0437000 ,  9.6768000, 35.6750000, 34.9045000 , 35.6674000  , -39.3430000, -8.2410000 ,  7.3540000, 0.000000,       0,       0,       0
 4.630, -0.0126000, 0.0496000 ,  9.6768000, 35.6140000, 34.8740000 , 35.3546000  , -39.2970000, -8.3430000 ,  7.6610000, 0.000000,       0,       0,       0
 4.640, -0.0114000, 0.0484000 ,  9.6768000, 35.5377000, 34.8511000 , 35.0113000  , -39.2350000, -8.3750000 ,  7.3320000, 0.000000,       0,       0,       0
 4.650, -0.0138000, 0.0437000 ,  9.6792000, 35.4691000, 34.8434000 , 34.7214000  , -39.1820000, -8.0560000 ,  8.3180000, 0.000000,       0,       0,       0
 4.660, -0.0173000, 0.0377000 ,  9.6792000, 35.4233000, 34.8434000 , 34.5001000  , -39.3670000, -8.1050000 ,  7.7850000, 0.000000,       0,       0,       0
 4.670, -0.0221000, 0.0341000 ,  9.6792000, 35.3775000, 34.8511000 , 34.3704000  , -39.0070000, -8.1310000 ,  7.6270000, 0.000000,       0,       0,       0
 4.680, -0.0257000, 0.0317000 ,  9.6768000, 35.3317000, 34.8511000 , 34.3094000  , -39.3390000, -7.8100000 ,  7.7940000, 0.000000,       0,       0,       0
 4.690, -0.0293000, 0.0305000 ,  9.6780000, 35.2936000, 34.8434000 , 34.2865000  , -39.0250000, -8.1650000 ,  7.6820000, 0.000000,       0,       0,       0
 4.700, -0.0329000, 0.0293000 ,  9.6780000, 35.2554000, 34.8358000 , 34.2941000  , -39.2720000, -8.3470000 ,  7.5420000, 0.000000,       0,       0,       0
 4.710, -0.0353000, 0.0281000 ,  9.6780000, 35.2325000, 34.8206000 , 34.3094000  , -39.3090000, -8.3410000 ,  7.7040000, 0.000000,       0,       0,       0
 4.720, -0.0353000, 0.0281000 ,  9.6780000, 35.2097000, 34.7977000 , 34.3323000  , -39.2850000, -8.1090000 ,  7.9030000, 0.000000,       0,       0,       0
 4.730, -0.0341000, 0.0269000 ,  9.6792000, 35.2020000, 34.7748000 , 34.3475000  , -39.0180000, -8.2440000 ,  7.7170000, 0.000000,       0,       0,       0
 4.740, -0.0329000, 0.0281000 ,  9.6792000, 35.2097000, 34.7595000 , 34.3552000  , -39.0060000, -8.1950000 ,  8.1270000, 0.000000,       0,       0,       0
 4.750, -0.0317000, 0.0305000 ,  9.6780000, 35.2173000, 34.7519000 , 34.3704000  , -39.0580000, -8.1550000 ,  8.4600000, 0.000000,       0,       0,       0
 4.760, -0.0317000, 0.0317000 ,  9.6780000, 35.2325000, 34.7595000 , 34.3781000  , -39.0790000, -8.2190000 ,  8.3510000, 0.000000,       0,       0,       0
 4.770, -0.0305000, 0.0317000 ,  9.6804000, 35.2631000, 34.7672000 , 34.3857000  , -39.2510000, -8.1180000 ,  7.8020000, 0.000000,       0,       0,       0
 4.780, -0.0317000, 0.0329000 ,  9.6828000, 35.3241000, 34.7977000 , 34.3933000  , -39.0900000, -8.0280000 ,  7.7410000, 0.000000,       0,       0,       0
 4.790, -0.0305000, 0.0329000 ,  9.6816000, 35.3775000, 34.8434000 , 34.4009000  , -38.9900000, -8.3800000 ,  7.8480000, 0.000000,       0,       0,       0
 4.800, -0.0305000, 0.0329000 ,  9.6804000, 35.3851000, 34.8816000 , 34.3933000  , -39.3040000, -8.3140000 ,  8.2410000, 0.000000,       0,       0,       0
 4.810, -0.0305000, 0.0329000 ,  9.6804000, 35.3699000, 34.9121000 , 34.3933000  , -39.1750000, -8.1490000 ,  8.1060000, 0.000000,       0,       0,       0
 4.820, -0.0305000, 0.0341000 ,  9.6816000, 35.3241000, 34.9197000 , 34.3933000  , -38.9940000, -7.9610000 ,  7.8020000, 0.000000,       0,       0,       0
 4.830, -0.0317000, 0.0341000 ,  9.6816000, 35.2783000, 34.9274000 , 34.3933000  , -39.2530000, -8.0990000 ,  7.7960000, 0.000000,       0,       0,       0
 4.840, -0.0329000, 0.0341000 ,  9.6804000, 35.2478000, 34.9350000 , 34.3933000  , -39.0520000, -8.0470000 ,  8.1670000, 0.000000,       0,       0,       0
 4.850, -0.0341000, 0.0329000 ,  9.6804000, 35.2402000, 34.9350000 , 34.3857000  , -39.3480000, -8.1150000 ,  7.9600000, 0.000000,       0,       0,       0
 4.860, -0.0329000, 0.0317000 ,  9.6804000, 35.2478000, 34.9426000 , 34.3857000  , -39.0050000, -8.2020000 ,  8.1540000, 0.000000,       0,       0,       0
 4.870, -0.0329000, 0.0317000 ,  9.6816000, 35.2631000, 34.9503000 , 34.3857000  , -39.0420000, -8.0510000 ,  8.0350000, 0.000000,       0,       0,       0
 4.880, -0.0317000, 0.0305000 ,  9.6804000, 35.3012000, 34.9503000 , 34.3857000  , -39.2770000, -8.2160000 ,  8.3540000, 0.000000,       0,       0,       0
 4.890, -0.0317000, 0.0305000 ,  9.6792000, 35.3317000, 34.9503000 , 34.3781000  , -39.2010000, -8.4050000 ,  8.1200000, 0.000000,       0,       0,       0
 4.900, -0.0317000, 0.0305000 ,  9.6792000, 35.3775000, 34.9503000 , 34.3781000  , -39.1960000, -8.0630000 ,  7.8320000, 0.000000,       0,       0,       0
 4.910, -0.0329000, 0.0317000 ,  9.6792000, 35.4233000, 34.9579000 , 34.3704000  , -38.9970000, -8.1500000 ,  7.6240000, 0.000000,       0,       0,       0
 4.920, -0.0341000, 0.0341000 ,  9.6780000, 35.4538000, 34.9579000 , 34.3552000  , -39.0740000, -8.1490000 ,  7.6640000, 0.000000,       0,       0,       0
 4.930, -0.0377000, 0.0341000 ,  9.6792000, 35.4767000, 34.9655000 , 34.3552000  , -39.4050000, -8.0140000 ,  8.2410000, 0.000000,       0,       0,       0
 4.940, -0.0389000, 0.0341000 ,  9.6816000, 35.4919000, 34.9884000 , 34.3475000  , -39.0160000, -7.9610000 ,  8.5100000, 0.000000,       0,       0,       0
 4.950, -0.0389000, 0.0353000 ,  9.6816000, 35.5301000, 35.0189000 , 34.3552000  , -39.0540000, -7.8270000 ,  8.2650000, 0.000000,       0,       0,       0
 4.960, -0.0377000, 0.0365000 ,  9.6828000, 35.5682000, 35.0647000 , 34.3628000  , -39.2820000, -8.0850000 ,  7.2870000, 0.000000,       0,       0,       0
 4.970, -0.0377000, 0.0365000 ,  9.6804000, 35.5988000, 35.1028000 , 34.3628000  , -39.5130000, -8.1870000 ,  8.2210000, 0.000000,       0,       0,       0
 4.980, -0.0365000, 0.0389000 ,  9.6768000, 35.5988000, 35.1181000 , 34.3704000  , -39.2510000, -7.9530000 ,  7.2350000, 0.000000,       0,       0,       0
 4.990, -0.0365000, 0.0401000 ,  9.6732000, 35.5682000, 35.1028000 , 34.3704000  , -39.2440000, -8.4410000 ,  7.6520000, 0.000000,       0,       0,       0
 5.000, -0.0365000, 0.0413000 ,  9.6720000, 35.5148000, 35.0571000 , 34.3628000  , -39.2090000, -8.0830000 ,  7.2930000, 0.000000,       0,       0,       0
 5.010, -0.0377000, 0.0413000 ,  9.6732000, 35.4538000, 35.0113000 , 34.3628000  , -39.4410000, -8.3020000 ,  8.0400000, 0.000000,       0,       0,       0
 5.020, -0.0389000, 0.0401000 ,  9.6756000, 35.4004000, 34.9579000 , 34.3628000  , -39.0800000, -8.1260000 ,  7.9280000, 0.000000,       0,       0,       0
 5.030, -0.0389000, 0.0401000 ,  9.6780000, 35.3622000, 34.9274000 , 34.3628000  , -39.4480000, -8.2950000 ,  8.3990000, 0.000000,       0,       0,       0
 5.040, -0.0401000, 0.0389000 ,  9.6816000, 35.3699000, 34.9274000 , 34.3628000  , -39.2340000, -7.8640000 ,  8.8170000, 0.000000,       0,       0,       0
 5.050, -0.0389000, 0.0377000 ,  9.6852000, 35.4156000, 34.9731000 , 34.3628000  , -39.1480000, -8.1380000 ,  8.5390000, 0.000000,       0,       0,       0
 5.060, -0.0377000, 0.0353000 ,  9.6864000, 35.5148000, 35.0647000 , 34.3704000  , -39.1890000, -8.1350000 ,  8.5500000, 0.000000,       0,       0,       0
 5.070, -0.0377000, 0.0377000 ,  9.6840000, 35.6140000, 35.1715000 , 34.3781000  , -39.1900000, -8.1930000 ,  7.8460000, 0.000000,       0,       0,       0
 5.080, -0.0389000, 0.0413000 ,  9.6768000, 35.6598000, 35.2325000 , 34.3781000  , -39.2310000, -8.0420000 ,  8.1130000, 0.000000,       0,       0,       0
 5.090, -0.0425000, 0.0449000 ,  9.6720000, 35.6369000, 35.2402000 , 34.3857000  , -39.1040000, -8.3290000 ,  8.4860000, 0.000000,       0,       0,       0
 5.100, -0.0449000, 0.0484000 ,  9.6672000, 35.5682000, 35.1868000 , 34.3857000  , -39.1510000, -8.2050000 ,  9.0690000, 0.000000,       0,       0,       0
 5.110, -0.0461000, 0.0508000 ,  9.6648000, 35.4538000, 35.0952000 , 34.3781000  , -39.1480000, -7.8420000 ,  8.1510000, 0.000000,       0,       0,       0
 5.120, -0.0484000, 0.0532000 ,  9.6648000, 35.3394000, 34.9884000 , 34.3781000  , -39.3340000, -7.7410000 ,  8.2620000, 0.000000,       0,       0,       0
 5.130, -0.0484000, 0.0532000 ,  9.6672000, 35.2402000, 34.8969000 , 34.3781000  , -39.2210000, -8.0430000 ,  8.5050000, 0.000000,       0,       0,       0
 5.140, -0.0484000, 0.0508000 ,  9.6708000, 35.1791000, 34.8282000 , 34.3704000  , -39.2570000, -7.8300000 ,  8.4020000, 0.000000,       0,       0,       0
 5.150, -0.0473000, 0.0461000 ,  9.6756000, 35.1562000, 34.8053000 , 34.3704000  , -39.3810000, -7.8890000 ,  8.7260000, 0.000000,       0,       0,       0
 5.160, -0.0473000, 0.0425000 ,  9.6792000, 35.1639000, 34.8129000 , 34.3704000  , -39.2240000, -8.0050000 ,  8.0660000, 0.000000,       0,       0,       0
 5.170, -0.0461000, 0.0413000 ,  9.6804000, 35.2020000, 34.8434000 , 34.3781000  , -39.4450000, -7.5790000 ,  8.4430000, 0.000000,       0,       0,       0
 5.180, -0.0473000, 0.0413000 ,  9.6792000, 35.2402000, 34.8740000 , 34.3781000  , -39.2220000, -7.8950000 ,  8.6110000, 0.000000,       0,       0,       0
 5.190, -0.0473000, 0.0437000 ,  9.6768000, 35.2554000, 34.8663000 , 34.3781000  , -39.3540000, -8.1930000 ,  7.7060000, 0.000000,       0,       0,       0
 5.200, -0.0473000, 0.0484000 ,  9.6732000, 35.2478000, 34.8358000 , 34.3781000  , -39.3220000, -8.1460000 ,  8.2230000, 0.000000,       0,       0,       0
 5.210, -0.0473000, 0.0508000 ,  9.6720000, 35.2249000, 34.7900000 , 34.3781000  , -39.3240000, -8.0610000 ,  8.3040000, 0.000000,       0,       0,       0
 5.220, -0.0461000, 0.0520000 ,  9.6720000, 35.1944000, 34.7443000 , 34.3781000  , -39.0670000, -7.9540000 ,  8.1710000, 0.000000,       0,       0,       0
 5.230, -0.0449000, 0.0508000 ,  9.6744000, 35.1639000, 34.7214000 , 34.3781000  , -39.2280000, -7.5980000 ,  8.7190000, 0.000000,       0,       0,       0
 5.240, -0.0437000, 0.0484000 ,  9.6768000, 35.1486000, 34.7137000 , 34.3781000  , -38.8360000, -7.8950000 ,  8.8790000, 0.000000,       0,       0,       0
 5.250, -0.0437000, 0.0461000 ,  9.6768000, 35.1486000, 34.7214000 , 34.3781000  , -39.0750000, -7.9910000 ,  8.2430000, 0.000000,       0,       0,       0
 5.260, -0.0437000, 0.0449000 ,  9.6768000, 35.1562000, 34.7366000 , 34.3781000  , -39.0950000, -7.7470000 ,  8.0310000, 0.000000,       0,       0,       0
 5.270, -0.0449000, 0.0449000 ,  9.6756000, 35.1562000, 34.7519000 , 34.3704000  , -39.2770000, -7.9210000 ,  8.3260000, 0.000000,       0,       0,       0
 5.280, -0.0461000, 0.0473000 ,  9.6732000, 35.1410000, 34.7443000 , 34.3781000  , -39.1090000, -7.9530000 ,  8.0100000, 0.000000,       0,       0,       0
 5.290, -0.0461000, 0.0484000 ,  9.6720000, 35.1181000, 34.7290000 , 34.3781000  , -39.4430000, -8.0680000 ,  8.1320000, 0.000000,       0,       0,       0
 5.300, -0.0449000, 0.0484000 ,  9.6720000, 35.1028000, 34.7137000 , 34.3781000  , -39.3390000, -7.9770000 ,  8.5950000, 0.000000,       0,       0,       0
 5.310, -0.0449000, 0.0484000 ,  9.6732000, 35.0876000, 34.6909000 , 34.3781000  , -39.0730000, -7.8960000 ,  8.3250000, 0.000000,       0,       0,       0
 5.320, -0.0437000, 0.0473000 ,  9.6744000, 35.0876000, 34.6756000 , 34.3781000  , -39.2720000, -8.1770000 ,  7.4840000, 0.000000,       0,       0,       0
 5.330, -0.0437000, 0.0449000 ,  9.6768000, 35.1028000, 34.6909000 , 34.3704000  , -39.4470000, -8.0350000 ,  8.1370000, 0.000000,       0,       0,       0
 5.340, -0.0425000, 0.0425000 ,  9.6792000, 35.1410000, 34.7290000 , 34.3781000  , -39.1640000, -7.8440000 ,  7.8550000, 0.000000,       0,       0,       0
 5.350, -0.0425000, 0.0425000 ,  9.6804000, 35.1868000, 34.7824000 , 34.3781000  , -39.3070000, -8.2260000 ,  7.6000000, 0.000000,       0,       0,       0
 5.360, -0.0437000, 0.0425000 ,  9.6780000, 35.2249000, 34.8282000 , 34.3857000  , -38.9240000, -8.0480000 ,  8.1830000, 0.000000,       0,       0,       0
 5.370, -0.0437000, 0.0449000 ,  9.6744000, 35.2478000, 34.8434000 , 34.3857000  , -39.0590000, -8.0110000 ,  7.8590000, 0.000000,       0,       0,       0
 5.380, -0.0425000, 0.0473000 ,  9.6708000, 35.2402000, 34.8358000 , 34.3857000  , -39.1650000, -7.9960000 ,  7.8160000, 0.000000,       0,       0,       0
 5.390, -0.0413000, 0.0484000 ,  9.6696000, 35.2249000, 34.8206000 , 34.3857000  , -39.2380000, -7.9890000 ,  7.8610000, 0.000000,       0,       0,       0
 5.400, -0.0401000, 0.0484000 ,  9.6696000, 35.1944000, 34.8053000 , 34.3781000  , -39.2550000, -8.1380000 ,  7.5990000, 0.000000,       0,       0,       0
 5.410, -0.0401000, 0.0484000 ,  9.6708000, 35.1715000, 34.7900000 , 34.3781000  , -39.1200000, -8.2100000 ,  8.2150000, 0.000000,       0,       0,       0
 5.420, -0.0401000, 0.0473000 ,  9.6732000, 35.1639000, 34.7900000 , 34.3704000  , -38.8800000, -7.9050000 ,  7.8900000, 0.000000,       0,       0,       0
 5.430, -0.0413000, 0.0461000 ,  9.6744000, 35.1639000, 34.7900000 , 34.3704000  , -39.2160000, -8.1340000 ,  8.3010000, 0.000000,       0,       0,       0
 5.440, -0.0425000, 0.0437000 ,  9.6744000, 35.1791000, 34.8053000 , 34.3628000  , -39.1360000, -8.1900000 ,  7.7200000, 0.000000,       0,       0,       0
 5.450, -0.0437000, 0.0449000 ,  9.6732000, 35.1791000, 34.8206000 , 34.3628000  , -38.9140000, -8.3700000 ,  7.6360000, 0.000000,       0,       0,       0
 5.460, -0.0437000, 0.0473000 ,  9.6732000, 35.1791000, 34.8282000 , 34.3628000  , -39.1040000, -8.0150000 ,  7.5760000, 0.000000,       0,       0,       0
 5.470, -0.0437000, 0.0484000 ,  9.6732000, 35.1791000, 34.8282000 , 34.3552000  , -39.0180000, -8.0070000 ,  7.8170000, 0.000000,       0,       0,       0
 5.480, -0.0437000, 0.0496000 ,  9.6756000, 35.1791000, 34.8282000 , 34.3552000  , -38.9190000, -8.3010000 ,  8.2150000, 0.000000,       0,       0,       0
 5.490, -0.0437000, 0.0520000 ,  9.6756000, 35.1791000, 34.8206000 , 34.3552000  , -39.1450000, -8.1330000 ,  7.9180000, 0.000000,       0,       0,       0
 5.500, -0.0437000, 0.0520000 ,  9.6732000, 35.1791000, 34.8129000 , 34.3628000  , -38.7770000, -7.9590000 ,  8.0650000, 0.000000,       0,       0,       0
 5.510, -0.0437000, 0.0508000 ,  9.6732000, 35.1868000, 34.8129000 , 34.3552000  , -39.0200000, -8.1870000 ,  7.8970000, 0.000000,       0,       0,       0
 5.520, -0.0449000, 0.0484000 ,  9.6744000, 35.1868000, 34.8053000 , 34.3552000  , -38.6440000, -8.2130000 ,  7.9230000, 0.000000,       0,       0,       0
 5.530, -0.0461000, 0.0473000 ,  9.6708000, 35.1791000, 34.7900000 , 34.3628000  , -38.9100000, -8.1930000 ,  7.4640000, 0.000000,       0,       0,       0
 5.540, -0.0461000, 0.0484000 ,  9.6684000, 35.1105000, 34.7366000 , 34.3704000  , -38.9630000, -8.1450000 ,  8.0190000, 0.000000,       0,       0,       0
 5.550, -0.0449000, 0.0484000 ,  9.6684000, 35.0723000, 34.7137000 , 34.3704000  , -39.2590000, -8.3480000 ,  7.9870000, 0.000000,       0,       0,       0
 5.560, -0.0425000, 0.0484000 ,  9.6696000, 35.0418000, 34.7137000 , 34.3704000  , -38.9010000, -8.2990000 ,  7.6270000, 0.000000,       0,       0,       0
 5.570, -0.0413000, 0.0473000 ,  9.6732000, 35.0342000, 34.7366000 , 34.3781000  , -38.8710000, -8.0230000 ,  8.4720000, 0.000000,       0,       0,       0
 5.580, -0.0401000, 0.0461000 ,  9.6780000, 35.0647000, 34.7900000 , 34.3704000  , -38.7510000, -8.0480000 ,  7.5450000, 0.000000,       0,       0,       0
 5.590, -0.0389000, 0.0449000 ,  9.6828000, 35.1562000, 34.8740000 , 34.3704000  , -38.8430000, -7.9170000 ,  7.4580000, 0.000000,       0,       0,       0
 5.600, -0.0377000, 0.0437000 ,  9.6828000, 35.2936000, 34.9960000 , 34.3628000  , -38.8720000, -8.0260000 ,  7.7770000, 0.000000,       0,       0,       0
 5.610, -0.0401000, 0.0449000 ,  9.6780000, 35.4233000, 35.0952000 , 34.3552000  , -38.8650000, -7.9310000 ,  7.9530000, 0.000000,       0,       0,       0
 5.620, -0.0425000, 0.0473000 ,  9.6708000, 35.4691000, 35.1410000 , 34.3475000  , -38.8640000, -8.1400000 ,  8.6730000, 0.000000,       0,       0,       0
 5.630, -0.0437000, 0.0496000 ,  9.6684000, 35.4614000, 35.1486000 , 34.3475000  , -38.6880000, -8.1210000 ,  7.8930000, 0.000000,       0,       0,       0
 5.640, -0.0449000, 0.0520000 ,  9.6672000, 35.4156000, 35.1181000 , 34.3475000  , -39.2640000, -7.9150000 ,  8.5320000, 0.000000,       0,       0,       0
 5.650, -0.0461000, 0.0532000 ,  9.6672000, 35.3546000, 35.0571000 , 34.3475000  , -39.2100000, -7.9700000 ,  7.8410000, 0.000000,       0,       0,       0
 5.660, -0.0484000, 0.0556000 ,  9.6648000, 35.2936000, 34.9808000 , 34.3475000  , -38.8000000, -7.9750000 ,  7.4010000, 0.000000,       0,       0,       0
 5.670, -0.0496000, 0.0556000 ,  9.6636000, 35.2249000, 34.9045000 , 34.3475000  , -38.7230000, -7.8830000 ,  7.6360000, 0.000000,       0,       0,       0
 5.680, -0.0496000, 0.0544000 ,  9.6636000, 35.1715000, 34.8282000 , 34.3552000  , -38.8660000, -8.2440000 ,  8.0200000, 0.000000,       0,       0,       0
 5.690, -0.0496000, 0.0520000 ,  9.6660000, 35.1334000, 34.7672000 , 34.3552000  , -38.6190000, -8.0860000 ,  7.7770000, 0.000000,       0,       0,       0
 5.700, -0.0484000, 0.0496000 ,  9.6672000, 35.1181000, 34.7290000 , 34.3552000  , -38.7660000, -8.0700000 ,  7.7460000, 0.000000,       0,       0,       0
 5.710, -0.0496000, 0.0484000 ,  9.6672000, 35.1257000, 34.7137000 , 34.3552000  , -39.1740000, -8.2720000 ,  8.1140000, 0.000000,       0,       0,       0
 5.720, -0.0484000, 0.0473000 ,  9.6684000, 35.1410000, 34.7137000 , 34.3628000  , -38.6580000, -8.2420000 ,  7.6110000, 0.000000,       0,       0,       0
 5.730, -0.0484000, 0.0461000 ,  9.6684000, 35.1562000, 34.7137000 , 34.3628000  , -38.7320000, -8.1950000 ,  8.3890000, 0.000000,       0,       0,       0
 5.740, -0.0496000, 0.0473000 ,  9.6684000, 35.1715000, 34.7214000 , 34.3628000  , -38.6790000, -8.1990000 ,  8.3740000, 0.000000,       0,       0,       0
 5.750, -0.0508000, 0.0496000 ,  9.6612000, 35.1410000, 34.6909000 , 34.3628000  , -39.0300000, -8.0250000 ,  8.3020000, 0.000000,       0,       0,       0
 5.760, -0.0508000, 0.0520000 ,  9.6624000, 35.0723000, 34.6375000 , 34.3628000  , -38.6630000, -8.3550000 ,  8.4070000, 0.000000,       0,       0,       0
 5.770, -0.0508000, 0.0520000 ,  9.6648000, 35.0113000, 34.5840000 , 34.3628000  , -38.7770000, -8.4190000 ,  7.6180000, 0.000000,       0,       0,       0
 5.780, -0.0484000, 0.0496000 ,  9.6696000, 34.9884000, 34.5535000 , 34.3628000  , -38.5860000, -8.2420000 ,  7.5570000, 0.000000,       0,       0,       0
 5.790, -0.0473000, 0.0473000 ,  9.6720000, 35.0037000, 34.5535000 , 34.3628000  , -38.8690000, -8.1590000 ,  8.1620000, 0.000000,       0,       0,       0
 5.800, -0.0449000, 0.0461000 ,  9.6720000, 35.0418000, 34.5764000 , 34.3552000  , -38.7190000, -8.1820000 ,  8.2610000, 0.000000,       0,       0,       0
 5.810, -0.0437000, 0.0461000 ,  9.6720000, 35.0876000, 34.5993000 , 34.3475000  , -38.7620000, -8.2960000 ,  8.5670000, 0.000000,       0,       0,       0
 5.820, -0.0437000, 0.0461000 ,  9.6708000, 35.1257000, 34.6222000 , 34.3552000  , -38.6030000, -8.1290000 ,  8.0820000, 0.000000,       0,       0,       0
 5.830, -0.0449000, 0.0473000 ,  9.6684000, 35.1334000, 34.6298000 , 34.3552000  , -38.6700000, -8.5630000 ,  7.4680000, 0.000000,       0,       0,       0
 5.840, -0.0461000, 0.0484000 ,  9.6648000, 35.1257000, 34.6222000 , 34.3475000  , -38.8690000, -8.4040000 ,  7.3350000, 0.000000,       0,       0,       0
 5.850, -0.0473000, 0.0508000 ,  9.6612000, 35.0800000, 34.5917000 , 34.3475000  , -38.8180000, -8.1010000 ,  7.3750000, 0.000000,       0,       0,       0
 5.860, -0.0473000, 0.0520000 ,  9.6600000, 35.0113000, 34.5459000 , 34.3323000  , -38.8650000, -8.2120000 ,  7.3730000, 0.000000,       0,       0,       0
 5.870, -0.0461000, 0.0520000 ,  9.6612000, 34.9350000, 34.5001000 , 34.3094000  , -38.8120000, -8.1950000 ,  8.6240000, 0.000000,       0,       0,       0
 5.880, -0.0449000, 0.0508000 ,  9.6624000, 34.8511000, 34.4467000 , 34.2865000  , -38.7530000, -8.4950000 ,  7.8480000, 0.000000,       0,       0,       0
 5.890, -0.0425000, 0.0496000 ,  9.6636000, 34.7824000, 34.4162000 , 34.2560000  , -38.7690000, -8.4910000 ,  7.8140000, 0.000000,       0,       0,       0
 5.900, -0.0389000, 0.0508000 ,  9.6660000, 34.7366000, 34.4009000 , 34.2178000  , -38.7230000, -8.0270000 ,  7.7400000, 0.000000,       0,       0,       0
 5.910, -0.0305000, 0.0592000 ,  9.6672000, 34.7061000, 34.4086000 , 34.0958000  , -38.8660000, -8.0700000 ,  7.9110000, 0.000000,       0,       0,       0
 5.920, -0.0269000, 0.0652000 ,  9.6672000, 34.6756000, 34.4238000 , 33.8211000  , -38.8900000, -8.1870000 ,  7.9330000, 0.000000,       0,       0,       0
 5.930, -0.0209000, 0.0736000 ,  9.6684000, 34.6451000, 34.4391000 , 33.4167000  , -39.1130000, -8.0240000 ,  7.8810000, 0.000000,       0,       0,       0
 5.940, -0.0114000, 0.0831000 ,  9.6696000, 34.6298000, 34.4925000 , 32.8064000  , -39.0320000, -8.0220000 ,  7.9410000, 0.000000,       0,       0,       0
 5.950, -0.0090000, 0.0831000 ,  9.6696000, 34.6451000, 34.5612000 , 32.0892000  , -38.6800000, -8.3860000 ,  8.1910000, 0.000000,       0,       0,       0
 5.960, -0.0066000, 0.0843000 ,  9.6684000, 34.6680000, 34.6222000 , 31.3797000  , -38.7370000, -8.1490000 ,  7.9960000, 0.000000,       0,       0,       0
 5.970, 0.0090000 , 0.1071000 ,  9.6708000, 34.6985000, 34.6756000 , 30.4794000  , -38.8890000, -7.9930000 ,  7.7530000, 0.000000,       0,       0,       0
 5.980, 0.0616000 , 0.1693000 ,  9.6720000, 34.7672000, 34.7672000 , 28.7628000  , -38.7270000, -7.9240000 ,  7.6710000, 0.000000,       0,       0,       0
 5.990, 0.0987000 , 0.2076000 ,  9.6708000, 34.8129000, 34.9045000 , 26.1459000  , -38.6900000, -7.7640000 ,  7.3210000, 0.000000,       0,       0,       0
 6.000, 0.0951000 , 0.2004000 ,  9.6660000, 34.8206000, 35.0266000 , 23.1934000  , -38.6190000, -7.7060000 ,  8.4800000, 0.000000,       0,       0,       0
 6.010, 0.0712000 , 0.1645000 ,  9.6624000, 34.7977000, 35.1181000 , 20.5994000  , -38.7990000, -7.4990000 ,  8.4410000, 0.000000,       0,       0,       0
 6.020, 0.0401000 , 0.1226000 ,  9.6612000, 34.7595000, 35.1639000 , 18.6615000  , -38.9270000, -7.5780000 ,  8.1700000, 0.000000,       0,       0,       0
 6.030, 0.0197000 , 0.0939000 ,  9.6636000, 34.7290000, 35.1944000 , 17.3569000  , -38.5800000, -7.4740000 ,  7.7970000, 0.000000,       0,       0,       0
 6.040, 0.0221000 , 0.0939000 ,  9.6648000, 34.7137000, 35.2173000 , 16.2811000  , -39.0900000, -7.6200000 ,  8.1670000, 0.000000,       0,       0,       0
 6.050, 0.0377000 , 0.1119000 ,  9.6636000, 34.6985000, 35.2554000 , 14.9841000  , -38.9590000, -7.6670000 ,  7.9890000, 0.000000,       0,       0,       0
 6.060, 0.0508000 , 0.1262000 ,  9.6636000, 34.6909000, 35.3088000 , 13.3514000  , -38.7730000, -7.7390000 ,  8.1820000, 0.000000,       0,       0,       0
 6.070, 0.0449000 , 0.1154000 ,  9.6636000, 34.6756000, 35.3699000 , 11.6577000  , -38.7950000, -7.5010000 ,  7.2820000, 0.000000,       0,       0,       0
 6.080, 0.0221000 , 0.0855000 ,  9.6648000, 34.6756000, 35.4156000 , 10.3607000  , -39.0720000, -7.0840000 ,  7.7130000, 0.000000,       0,       0,       0
 6.090, -0.0006000, 0.0580000 ,  9.6648000, 34.6985000, 35.4385000 , 9.6130000   , -38.9310000, -7.2580000 ,  7.5940000, 0.000000,       0,       0,       0
 6.100, -0.0138000, 0.0413000 ,  9.6660000, 34.7290000, 35.4462000 , 9.2697000   , -38.8840000, -6.9090000 ,  7.8230000, 0.000000,       0,       0,       0
 6.110, -0.0197000, 0.0365000 ,  9.6660000, 34.7672000, 35.4385000 , 9.1248000   , -39.1880000, -6.9550000 ,  8.1080000, 0.000000,       0,       0,       0
 6.120, -0.0114000, 0.0461000 ,  9.6660000, 34.8053000, 35.4233000 , 8.9493000   , -38.9220000, -6.8540000 ,  7.8440000, 0.000000,       0,       0,       0
 6.130, 0.0042000 , 0.0652000 ,  9.6648000, 34.8358000, 35.4080000 , 8.5449000   , -38.8680000, -6.9940000 ,  7.8930000, 0.000000,       0,       0,       0
 6.140, 0.0269000 , 0.0939000 ,  9.6636000, 34.8434000, 35.4080000 , 7.7286000   , -38.7860000, -6.5880000 ,  8.2390000, 0.000000,       0,       0,       0
 6.150, 0.0484000 , 0.1190000 ,  9.6624000, 34.8282000, 35.4385000 , 6.4163000   , -38.7830000, -6.3620000 ,  8.2290000, 0.000000,       0,       0,       0
 6.160, 0.0580000 , 0.1274000 ,  9.6612000, 34.7900000, 35.4843000 , 4.7684000   , -39.1240000, -6.6030000 ,  7.9400000, 0.000000,       0,       0,       0
 6.170, 0.0473000 , 0.1154000 ,  9.6588000, 34.7443000, 35.5301000 , 3.1586000   , -39.2780000, -6.4640000 ,  7.6300000, 0.000000,       0,       0,       0
 6.180, 0.0293000 , 0.0951000 ,  9.6576000, 34.6756000, 35.5453000 , 1.8616000   , -38.9990000, -6.2910000 ,  8.8560000, 0.000000,       0,       0,       0
 6.190, 0.0018000 , 0.0616000 ,  9.6624000, 34.6146000, 35.5301000 , 0.6638000   , -39.2190000, -6.1020000 ,  8.0000000, 0.000000,       0,       0,       0
 6.200, -0.0042000, 0.0508000 ,  9.6660000, 34.6146000, 35.5072000 , 0.2289000   , -39.2520000, -6.1000000 ,  7.6850000, 0.000000,       0,       0,       0
 6.210, 0.0054000 , 0.0544000 ,  9.6684000, 34.6298000, 35.5072000 , -0.1984000  , -39.2920000, -5.8880000 ,  8.2090000, 0.000000,       0,       0,       0
 6.220, 0.0233000 , 0.0676000 ,  9.6684000, 34.6603000, 35.5148000 , -0.8698000  , -39.1990000, -5.7520000 ,  8.8260000, 0.000000,       0,       0,       0
 6.230, 0.0508000 , 0.0903000 ,  9.6672000, 34.6756000, 35.5301000 , -1.9531000  , -39.1510000, -5.6100000 ,  8.1810000, 0.000000,       0,       0,       0
 6.240, 0.0807000 , 0.1226000 ,  9.6672000, 34.6832000, 35.5606000 , -3.5477000  , -39.4170000, -5.2290000 ,  8.7410000, 0.000000,       0,       0,       0
 6.250, 0.1023000 , 0.1477000 ,  9.6648000, 34.6680000, 35.6140000 , -5.6686000  , -39.5350000, -5.0610000 ,  9.2470000, 0.000000,       0,       0,       0
 6.260, 0.0987000 , 0.1430000 ,  9.6624000, 34.6375000, 35.6827000 , -7.9269000  , -39.1060000, -5.0120000 ,  8.5790000, 0.000000,       0,       0,       0
 6.270, 0.0819000 , 0.1190000 ,  9.6624000, 34.5993000, 35.7361000 , -9.8648000  , -39.4210000, -4.8810000 ,  8.1750000, 0.000000,       0,       0,       0
 6.280, 0.0736000 , 0.0987000 ,  9.6636000, 34.5612000, 35.7819000 , -11.4212000 , -39.6480000, -4.6490000 ,  9.0310000, 0.000000,       0,       0,       0
 6.290, 0.0772000 , 0.0879000 ,  9.6660000, 34.5459000, 35.8276000 , -12.8250000 , -39.6030000, -4.5390000 ,  8.9610000, 0.000000,       0,       0,       0
 6.300, 0.0855000 , 0.0807000 ,  9.6636000, 34.5459000, 35.8658000 , -14.2288000 , -39.4930000, -4.4430000 ,  8.1820000, 0.000000,       0,       0,       0
 6.310, 0.0987000 , 0.0760000 ,  9.6612000, 34.5306000, 35.8887000 , -15.6708000 , -39.3850000, -4.1790000 ,  8.7590000, 0.000000,       0,       0,       0
 6.320, 0.1178000 , 0.0748000 ,  9.6624000, 34.5230000, 35.9039000 , -17.2424000 , -39.5060000, -3.9090000 ,  8.8240000, 0.000000,       0,       0,       0
 6.330, 0.1310000 , 0.0748000 ,  9.6612000, 34.5306000, 35.9039000 , -18.9667000 , -39.6250000, -4.1230000 ,  8.3810000, 0.000000,       0,       0,       0
 6.340, 0.1142000 , 0.0760000 ,  9.6588000, 34.5306000, 35.8810000 , -20.6299000 , -39.6480000, -3.6360000 ,  8.7880000, 0.000000,       0,       0,       0
 6.350, 0.0676000 , 0.0700000 ,  9.6564000, 34.5230000, 35.8505000 , -21.9269000 , -39.5920000, -3.6590000 ,  7.9150000, 0.000000,       0,       0,       0
 6.360, 0.0078000 , 0.0484000 ,  9.6564000, 34.5154000, 35.8047000 , -22.4838000 , -39.7120000, -3.5280000 ,  8.0180000, 0.000000,       0,       0,       0
 6.370, -0.0389000, 0.0269000 ,  9.6588000, 34.5001000, 35.7437000 , -22.2549000 , -39.8010000, -3.1640000 ,  8.3580000, 0.000000,       0,       0,       0
 6.380, -0.0592000, 0.0054000 ,  9.6624000, 34.4925000, 35.7056000 , -21.5302000 , -39.3830000, -2.8800000 ,  8.7610000, 0.000000,       0,       0,       0
 6.390, -0.0544000, -0.0066000,  9.6636000, 34.5001000, 35.6827000 , -20.6451000 , -39.5090000, -2.6990000 ,  8.8260000, 0.000000,       0,       0,       0
 6.400, -0.0233000, -0.0138000,  9.6636000, 34.5078000, 35.6903000 , -19.9585000 , -39.5750000, -2.6870000 ,  8.1570000, 0.000000,       0,       0,       0
 6.410, 0.0257000 , -0.0150000,  9.6612000, 34.5078000, 35.7056000 , -19.7220000 , -39.7000000, -2.8320000 ,  8.1650000, 0.000000,       0,       0,       0
 6.420, 0.0712000 , -0.0138000,  9.6612000, 34.5078000, 35.7437000 , -20.0043000 , -39.3810000, -2.4970000 ,  9.0960000, 0.000000,       0,       0,       0
 6.430, 0.0891000 , -0.0090000,  9.6588000, 34.5078000, 35.7971000 , -20.6070000 , -39.1910000, -2.4930000 ,  8.7570000, 0.000000,       0,       0,       0
 6.440, 0.0891000 , 0.0090000 ,  9.6576000, 34.5001000, 35.8429000 , -21.2936000 , -39.5340000, -1.9050000 ,  9.0410000, 0.000000,       0,       0,       0
 6.450, 0.0819000 , 0.0437000 ,  9.6576000, 34.4849000, 35.8887000 , -22.0108000 , -39.5850000, -1.8680000 ,  9.3300000, 0.000000,       0,       0,       0
 6.460, 0.0676000 , 0.0796000 ,  9.6612000, 34.4696000, 35.9192000 , -22.7661000 , -39.7910000, -1.4220000 ,  9.4760000, 0.000000,       0,       0,       0
 6.470, 0.0389000 , 0.0879000 ,  9.6636000, 34.4772000, 35.9421000 , -23.3994000 , -39.6760000, -1.5150000 ,  8.8150000, 0.000000,       0,       0,       0
 6.480, 0.0078000 , 0.0676000 ,  9.6648000, 34.5001000, 35.9421000 , -23.6359000 , -39.7370000, -1.0870000 ,  8.5260000, 0.000000,       0,       0,       0
 6.490, -0.0090000, 0.0305000 ,  9.6684000, 34.5459000, 35.9268000 , -23.4604000 , -39.2910000, -0.9550000 ,  8.4410000, 0.000000,       0,       0,       0
 6.500, -0.0233000, -0.0138000,  9.6684000, 34.6146000, 35.8963000 , -22.8653000 , -39.6390000, -1.0820000 ,  8.8950000, 0.000000,       0,       0,       0
 6.510, -0.0377000, -0.0449000,  9.6660000, 34.6909000, 35.8276000 , -21.8582000 , -39.7420000, -1.0570000 ,  9.3670000, 0.000000,       0,       0,       0
 6.520, -0.0353000, -0.0520000,  9.6624000, 34.7519000, 35.7361000 , -20.6299000 , -39.6150000, -0.8710000 ,  8.8880000, 0.000000,       0,       0,       0
 6.530, -0.0150000, -0.0173000,  9.6600000, 34.7824000, 35.6445000 , -19.5847000 , -39.8080000, -0.6480000 ,  8.1460000, 0.000000,       0,       0,       0
 6.540, 0.0209000 , 0.0520000 ,  9.6600000, 34.7900000, 35.5911000 , -19.1574000 , -39.4480000, -0.3080000 ,  8.3750000, 0.000000,       0,       0,       0
 6.550, 0.0508000 , 0.1166000 ,  9.6624000, 34.7748000, 35.5911000 , -19.5770000 , -39.9170000, -0.0090000 ,  8.6970000, 0.000000,       0,       0,       0
 6.560, 0.0592000 , 0.1346000 ,  9.6648000, 34.7519000, 35.6293000 , -20.5154000 , -39.7540000, -0.1900000 ,  9.1070000, 0.000000,       0,       0,       0
 6.570, 0.0425000 , 0.0915000 ,  9.6660000, 34.7443000, 35.6827000 , -21.3165000 , -39.6580000, 0.1570000  ,  9.1980000, 0.000000,       0,       0,       0
 6.580, 0.0185000 , 0.0126000 ,  9.6636000, 34.7061000, 35.6979000 , -21.4691000 , -39.8590000, 0.3880000  ,  9.4230000, 0.000000,       0,       0,       0
 6.590, 0.0078000 , -0.0568000,  9.6612000, 34.6527000, 35.6827000 , -20.9198000 , -39.5110000, 0.1180000  ,  9.3210000, 0.000000,       0,       0,       0
 6.600, 0.0245000 , -0.0891000,  9.6588000, 34.5917000, 35.6674000 , -20.1035000 , -39.6330000, 0.5990000  ,  9.0250000, 0.000000,       0,       0,       0
 6.610, 0.0604000 , -0.0819000,  9.6576000, 34.5306000, 35.6598000 , -19.5465000 , -39.5840000, 0.6770000  ,  9.4880000, 0.000000,       0,       0,       0
 6.620, 0.0879000 , -0.0496000,  9.6576000, 34.4772000, 35.6674000 , -19.5007000 , -39.5830000, 0.8930000  ,  8.9190000, 0.000000,       0,       0,       0
 6.630, 0.1023000 , -0.0054000,  9.6576000, 34.4238000, 35.6750000 , -19.9509000 , -39.7980000, 1.1100000  ,  8.4110000, 0.000000,       0,       0,       0
 6.640, 0.1083000 , 0.0317000 ,  9.6600000, 34.3781000, 35.7056000 , -20.7825000 , -39.4090000, 1.6520000  ,  8.7630000, 0.000000,       0,       0,       0
 6.650, 0.1107000 , 0.0437000 ,  9.6636000, 34.3552000, 35.7513000 , -21.7743000 , -39.7620000, 1.4190000  ,  8.9670000, 0.000000,       0,       0,       0
 6.660, 0.1130000 , 0.0496000 ,  9.6648000, 34.3552000, 35.8047000 , -22.6822000 , -39.5950000, 1.6160000  ,  8.8070000, 0.000000,       0,       0,       0
 6.670, 0.1274000 , 0.0640000 ,  9.6660000, 34.3628000, 35.8810000 , -23.5672000 , -39.6500000, 1.7400000  ,  9.0540000, 0.000000,       0,       0,       0
 6.680, 0.1501000 , 0.0879000 ,  9.6636000, 34.3628000, 35.9650000 , -24.5743000 , -39.5910000, 2.1500000  ,  8.8290000, 0.000000,       0,       0,       0
 6.690, 0.1537000 , 0.1107000 ,  9.6612000, 34.3628000, 36.0489000 , -25.7492000 , -39.5590000, 2.1690000  ,  9.6440000, 0.000000,       0,       0,       0
 6.700, 0.1142000 , 0.1382000 ,  9.6600000, 34.3628000, 36.1023000 , -26.8021000 , -39.7960000, 2.3910000  ,  9.3270000, 0.000000,       0,       0,       0
 6.710, 0.0508000 , 0.1681000 ,  9.6612000, 34.3475000, 36.1252000 , -27.4582000 , -39.7730000, 2.8030000  ,  9.3320000, 0.000000,       0,       0,       0
 6.720, 0.0090000 , 0.2111000 ,  9.6600000, 34.3246000, 36.1099000 , -27.7939000 , -39.5010000, 2.9680000  ,  9.4710000, 0.000000,       0,       0,       0
 6.730, 0.0269000 , 0.2602000 ,  9.6612000, 34.2941000, 36.0870000 , -28.3127000 , -39.3990000, 3.4290000  ,  9.1970000, 0.000000,       0,       0,       0
 6.740, 0.1023000 , 0.2997000 ,  9.6648000, 34.2636000, 36.0947000 , -29.5639000 , -39.5830000, 3.0870000  ,  9.1630000, 0.000000,       0,       0,       0
 6.750, 0.1920000 , 0.3104000 ,  9.6672000, 34.2484000, 36.1481000 , -31.8069000 , -39.3660000, 3.6150000  ,  9.1580000, 0.000000,       0,       0,       0
 6.760, 0.2399000 , 0.2662000 ,  9.6672000, 34.2255000, 36.2320000 , -34.5917000 , -39.4730000, 3.5920000  ,  9.0390000, 0.000000,       0,       0,       0
 6.770, 0.2052000 , 0.1669000 ,  9.6648000, 34.2102000, 36.2854000 , -36.9186000 , -39.4090000, 4.0170000  ,  9.6240000, 0.000000,       0,       0,       0
 6.780, 0.1023000 , 0.0473000 ,  9.6636000, 34.1949000, 36.2778000 , -37.8113000 , -39.1340000, 4.3060000  , 10.1770000, 0.000000,       0,       0,       0
 6.790, -0.0006000, -0.0317000,  9.6660000, 34.1873000, 36.2167000 , -37.0941000 , -39.4090000, 4.4850000  , 10.3130000, 0.000000,       0,       0,       0
 6.800, -0.0461000, -0.0401000,  9.6672000, 34.1949000, 36.1252000 , -35.5530000 , -39.3610000, 4.9920000  ,  9.7810000, 0.000000,       0,       0,       0
 6.810, -0.0317000, -0.0006000,  9.6660000, 34.2102000, 36.0641000 , -34.2178000 , -39.1970000, 4.8980000  , 10.0500000, 0.000000,       0,       0,       0
 6.820, 0.0197000 , 0.0772000 ,  9.6648000, 34.2255000, 36.0565000 , -33.6151000 , -39.2350000, 5.0820000  ,  9.9250000, 0.000000,       0,       0,       0
 6.830, 0.0496000 , 0.1202000 ,  9.6672000, 34.2178000, 36.0870000 , -34.0424000 , -39.2120000, 5.0330000  ,  9.5730000, 0.000000,       0,       0,       0
 6.840, 0.0628000 , 0.1418000 ,  9.6684000, 34.2102000, 36.1252000 , -34.8053000 , -39.3500000, 5.6940000  ,  9.0530000, 0.000000,       0,       0,       0
 6.850, 0.0544000 , 0.1442000 ,  9.6660000, 34.2026000, 36.1557000 , -35.6140000 , -39.1920000, 5.2980000  , 10.0980000, 0.000000,       0,       0,       0
 6.860, 0.0233000 , 0.1418000 ,  9.6660000, 34.1949000, 36.1786000 , -36.2320000 , -38.8830000, 6.0760000  ,  9.4250000, 0.000000,       0,       0,       0
 6.870, -0.0173000, 0.1262000 ,  9.6648000, 34.1949000, 36.2015000 , -36.5829000 , -38.9330000, 6.0970000  , 10.2530000, 0.000000,       0,       0,       0
 6.880, -0.0640000, 0.1047000 ,  9.6660000, 34.1949000, 36.2320000 , -36.4151000 , -38.8020000, 6.1640000  , 10.5200000, 0.000000,       0,       0,       0
 6.890, -0.0628000, 0.1107000 ,  9.6660000, 34.2178000, 36.2320000 , -35.7971000 , -38.8400000, 6.4780000  , 10.3130000, 0.000000,       0,       0,       0
 6.900, 0.0329000 , 0.1788000 ,  9.6684000, 34.2407000, 36.2396000 , -35.4767000 , -38.6490000, 6.4550000  , 10.0840000, 0.000000,       0,       0,       0
 6.910, 0.2099000 , 0.2757000 ,  9.6708000, 34.2789000, 36.3083000 , -36.3998000 , -38.9490000, 6.8140000  , 10.5280000, 0.000000,       0,       0,       0
 6.920, 0.3918000 , 0.3212000 ,  9.6708000, 34.3170000, 36.4304000 , -38.7497000 , -38.7480000, 7.2120000  , 10.5670000, 0.000000,       0,       0,       0
 6.930, 0.4480000 , 0.2805000 ,  9.6636000, 34.3246000, 36.5524000 , -41.7786000 , -38.6480000, 7.3760000  , 10.4190000, 0.000000,       0,       0,       0
 6.940, 0.3200000 , 0.1609000 ,  9.6529000, 34.2712000, 36.5372000 , -44.0216000 , -38.5360000, 7.6240000  ,  9.6300000, 0.000000,       0,       0,       0
 6.950, 0.0831000 , 0.0173000 ,  9.6493000, 34.1797000, 36.3693000 , -44.3726000 , -38.4100000, 7.7170000  ,  9.8850000, 0.000000,       0,       0,       0
 6.960, -0.1358000, -0.0939000,  9.6541000, 34.1110000, 36.1404000 , -42.8391000 , -37.9570000, 8.1920000  , 10.5040000, 0.000000,       0,       0,       0
 6.970, -0.2662000, -0.1537000,  9.6612000, 34.0652000, 35.9192000 , -40.2527000 , -38.1670000, 8.1550000  , 10.3980000, 0.000000,       0,       0,       0
 6.980, -0.3092000, -0.1669000,  9.6660000, 34.0729000, 35.7666000 , -37.4222000 , -38.0820000, 8.3180000  , 10.7750000, 0.000000,       0,       0,       0
 6.990, -0.2757000, -0.1370000,  9.6672000, 34.1187000, 35.7208000 , -34.8282000 , -38.0970000, 8.7200000  , 10.1120000, 0.000000,       0,       0,       0
 7.000, -0.1896000, -0.0700000,  9.6684000, 34.1797000, 35.7513000 , -32.9361000 , -37.8700000, 8.7260000  , 10.0320000, 0.000000,       0,       0,       0
 7.010, -0.0796000, 0.0197000 ,  9.6696000, 34.2407000, 35.8353000 , -32.0587000 , -38.0480000, 8.9640000  , 10.3120000, 0.000000,       0,       0,       0
 7.020, 0.0305000 , 0.1142000 ,  9.6708000, 34.2789000, 35.9344000 , -32.2342000 , -37.7020000, 8.9950000  , 10.0590000, 0.000000,       0,       0,       0
 7.030, 0.1226000 , 0.1932000 ,  9.6672000, 34.2941000, 36.0336000 , -33.2947000 , -37.8260000, 9.5320000  , 10.2070000, 0.000000,       0,       0,       0
 7.040, 0.1681000 , 0.2315000 ,  9.6624000, 34.2789000, 36.1176000 , -34.7900000 , -37.4990000, 9.2850000  , 10.3600000, 0.000000,       0,       0,       0
 7.050, 0.1513000 , 0.2303000 ,  9.6624000, 34.2560000, 36.1481000 , -36.1404000 , -37.6250000, 9.7470000  ,  9.8030000, 0.000000,       0,       0,       0
 7.060, 0.1083000 , 0.1920000 ,  9.6636000, 34.2178000, 36.1176000 , -37.1933000 , -37.5630000, 9.8760000  , 10.4560000, 0.000000,       0,       0,       0
 7.070, 0.0796000 , 0.1573000 ,  9.6648000, 34.1797000, 36.0947000 , -38.2462000 , -37.3760000, 10.1780000 , 10.4440000, 0.000000,       0,       0,       0
 7.080, 0.0700000 , 0.1358000 ,  9.6660000, 34.1492000, 36.1252000 , -39.7491000 , -37.1150000, 10.6210000 , 10.2790000, 0.000000,       0,       0,       0
 7.090, 0.0544000 , 0.1130000 ,  9.6660000, 34.1263000, 36.2167000 , -41.6183000 , -36.9360000, 10.8370000 , 10.2490000, 0.000000,       0,       0,       0
 7.100, 0.0197000 , 0.0700000 ,  9.6636000, 34.1034000, 36.2854000 , -43.1976000 , -36.9930000, 10.9010000 , 10.5770000, 0.000000,       0,       0,       0
 7.110, -0.0257000, 0.0197000 ,  9.6624000, 34.0805000, 36.3007000 , -43.8156000 , -36.9150000, 11.5250000 , 10.5350000, 0.000000,       0,       0,       0
 7.120, -0.0604000, -0.0209000,  9.6636000, 34.0729000, 36.2701000 , -43.4647000 , -37.0880000, 11.4880000 , 10.2020000, 0.000000,       0,       0,       0
 7.130, -0.0867000, -0.0520000,  9.6648000, 34.0958000, 36.2244000 , -42.3279000 , -36.6460000, 11.4090000 ,  9.8510000, 0.000000,       0,       0,       0
 7.140, -0.0987000, -0.0736000,  9.6672000, 34.1110000, 36.2396000 , -40.5884000 , -36.3620000, 11.7210000 ,  9.8510000, 0.000000,       0,       0,       0
 7.150, -0.0461000, -0.0616000,  9.6684000, 34.1721000, 36.5982000 , -38.6124000 , -36.5910000, 11.7730000 , 10.1410000, 0.000000,       0,       0,       0
 7.160, 0.0796000 , 0.0209000 ,  9.6744000, 34.2712000, 37.3306000 , -37.6129000 , -36.3530000, 12.0470000 , 10.6750000, 0.000000,       0,       0,       0
 7.170, 0.1609000 , 0.0927000 ,  9.6660000, 34.3475000, 37.8418000 , -37.7502000 , -36.5630000, 12.4690000 ,  9.7940000, 0.000000,       0,       0,       0
 7.180, 0.1489000 , 0.1358000 ,  9.6541000, 34.3323000, 37.5900000 , -38.1241000 , -36.1810000, 12.7580000 , 10.2420000, 0.000000,       0,       0,       0
 7.190, 0.0784000 , 0.1489000 ,  9.6457000, 34.2560000, 36.8347000 , -38.2690000 , -36.0910000, 12.7580000 , 10.5330000, 0.000000,       0,       0,       0
 7.200, -0.0126000, 0.1358000 ,  9.6481000, 34.1644000, 36.1099000 , -37.8647000 , -35.8340000, 12.6620000 , 10.0890000, 0.000000,       0,       0,       0
 7.210, -0.0700000, 0.1226000 ,  9.6576000, 34.0881000, 35.5606000 , -37.0255000 , -35.9450000, 12.9680000 , 10.6500000, 0.000000,       0,       0,       0
 7.220, -0.0807000, 0.0975000 ,  9.6720000, 34.0729000, 35.4004000 , -36.0794000 , -35.4200000, 13.3730000 , 10.4050000, 0.000000,       0,       0,       0
 7.230, -0.0664000, 0.0628000 ,  9.6780000, 34.1339000, 35.6750000 , -35.1410000 , -35.4460000, 13.3610000 , 10.7320000, 0.000000,       0,       0,       0
 7.240, -0.0389000, 0.0197000 ,  9.6816000, 34.2484000, 36.3007000 , -34.1873000 , -35.0100000, 13.5210000 , 10.7640000, 0.000000,       0,       0,       0
 7.250, -0.0090000, -0.0197000,  9.6875000, 34.4162000, 37.2620000 , -33.1573000 , -35.1450000, 14.0300000 , 11.0210000, 0.000000,       0,       0,       0
 7.260, -0.0102000, -0.0520000,  9.6887000, 34.6298000, 38.3759000 , -31.8146000 , -35.0870000, 14.0530000 , 11.3210000, 0.000000,       0,       0,       0
 7.270, -0.0365000, -0.0437000,  9.6828000, 34.8358000, 39.2914000 , -30.1361000 , -35.0740000, 14.0600000 , 11.8040000, 0.000000,       0,       0,       0
 7.280, -0.0640000, -0.0018000,  9.6744000, 34.9884000, 39.9475000 , -28.4500000 , -34.5380000, 14.2300000 , 10.8600000, 0.000000,       0,       0,       0
 7.290, -0.0927000, 0.0592000 ,  9.6720000, 35.0800000, 40.4129000 , -27.0462000 , -34.3330000, 14.7730000 , 10.8980000, 0.000000,       0,       0,       0
 7.300, -0.1095000, 0.1238000 ,  9.6744000, 35.1562000, 40.7333000 , -26.1230000 , -34.4380000, 14.2590000 , 11.0870000, 0.000000,       0,       0,       0
 7.310, -0.1130000, 0.1633000 ,  9.6780000, 35.2707000, 41.0843000 , -25.7416000 , -34.2850000, 14.7730000 , 11.1810000, 0.000000,       0,       0,       0
 7.320, -0.1119000, 0.1597000 ,  9.6792000, 35.4538000, 41.5421000 , -25.8102000 , -34.0700000, 14.6500000 , 10.5500000, 0.000000,       0,       0,       0
 7.330, -0.1262000, 0.1047000 ,  9.6840000, 35.7056000, 42.0990000 , -25.8789000 , -33.7390000, 14.8810000 , 10.8990000, 0.000000,       0,       0,       0
 7.340, -0.1549000, 0.0293000 ,  9.6911000, 36.0413000, 42.7017000 , -25.4440000 , -33.5870000, 14.9760000 , 11.0370000, 0.000000,       0,       0,       0
 7.350, -0.1860000, -0.0185000,  9.6899000, 36.3922000, 43.0984000 , -24.3454000 , -33.7530000, 14.9180000 , 11.2840000, 0.000000,       0,       0,       0
 7.360, -0.1860000, -0.0018000,  9.6780000, 36.6364000, 42.9230000 , -22.9721000 , -33.5430000, 15.2210000 , 11.7220000, 0.000000,       0,       0,       0
 7.370, -0.1645000, 0.0676000 ,  9.6505000, 36.6898000, 42.3126000 , -21.9193000 , -33.5370000, 15.3710000 , 11.6380000, 0.000000,       0,       0,       0
 7.380, -0.1394000, 0.1406000 ,  9.6325000, 36.5143000, 41.3895000 , -21.5607000 , -33.1870000, 15.2400000 , 11.7730000, 0.000000,       0,       0,       0
 7.390, -0.1202000, 0.2016000 ,  9.6241000, 36.2091000, 40.3976000 , -21.8506000 , -33.0310000, 15.8570000 , 11.6780000, 0.000000,       0,       0,       0
 7.400, -0.1286000, 0.2554000 ,  9.6170000, 35.8429000, 39.4363000 , -22.5754000 , -32.7340000, 16.0420000 , 11.6390000, 0.000000,       0,       0,       0
 7.410, -0.1573000, 0.2757000 ,  9.6218000, 35.4309000, 38.4369000 , -23.6511000 , -32.8860000, 15.9530000 , 11.6760000, 0.000000,       0,       0,       0
 7.420, -0.1884000, 0.2470000 ,  9.6445000, 35.1562000, 37.5595000 , -24.8489000 , -32.7350000, 16.2260000 , 11.4760000, 0.000000,       0,       0,       0
 7.430, -0.1920000, 0.1334000 ,  9.6624000, 35.0266000, 36.5677000 , -26.0239000 , -32.3340000, 16.4740000 , 11.7700000, 0.000000,       0,       0,       0
 7.440, -0.1992000, 0.0389000 ,  9.6660000, 35.0342000, 36.1633000 , -25.6195000 , -32.2530000, 16.5680000 , 11.6210000, 0.000000,       0,       0,       0
 7.450, -0.1908000, -0.0018000,  9.7103000, 34.8740000, 36.9797000 , -24.0402000 , -32.1770000, 16.0190000 , 11.7070000, 0.000000,       0,       0,       0
 7.460, -0.1944000, 0.0245000 ,  9.7115000, 34.9503000, 38.3759000 , -22.3160000 , -31.9430000, 15.9720000 , 12.1430000, 0.000000,       0,       0,       0
 7.470, -0.2004000, 0.1095000 ,  9.6804000, 35.0800000, 39.4745000 , -21.1792000 , -31.7090000, 16.2730000 , 12.0820000, 0.000000,       0,       0,       0
 7.480, -0.1585000, 0.2937000 ,  9.6397000, 35.2097000, 39.7568000 , -21.4462000 , -31.5160000, 16.2880000 , 11.5160000, 0.000000,       0,       0,       0
 7.490, -0.0078000, 0.7339000 ,  9.6277000, 35.0952000, 39.5813000 , -25.2228000 , -31.2090000, 17.0850000 , 11.8410000, 0.000000,       0,       0,       0
 7.500, 0.1956000 , 1.1143000 ,  9.6624000, 35.1486000, 39.1617000 , -34.8053000 , -30.8970000, 17.1470000 , 11.4900000, 0.000000,       0,       0,       0
 7.510, 0.3535000 , 1.2818000 ,  9.6756000, 35.3088000, 38.7802000 , -48.7061000 , -30.4290000, 17.3210000 , 12.0920000, 0.000000,       0,       0,       0
 7.520, 0.4241000 , 1.2352000 ,  9.6756000, 35.5225000, 38.3148000 , -64.5676000 , -29.8370000, 17.8750000 , 12.1150000, 0.000000,       0,       0,       0
 7.530, 0.4061000 , 1.0306000 ,  9.6732000, 35.6674000, 37.5290000 , -80.1849000 , -29.6290000, 18.5070000 , 12.4690000, 0.000000,       0,       0,       0
 7.540, 0.3487000 , 0.7435000 ,  9.6624000, 35.7437000, 36.4761000 , -93.7424000 , -29.0390000, 18.8400000 , 11.4740000, 0.000000,       0,       0,       0
 7.550, 0.2973000 , 0.4193000 ,  9.6493000, 35.6522000, 35.1028000 , -104.1870000, -28.8540000, 18.8910000 , 11.8330000, 0.000000,       0,       0,       0
 7.560, 0.1920000 , 0.0867000 ,  9.6481000, 35.3851000, 33.7143000 , -110.5270000, -28.1010000, 19.3590000 , 11.9240000, 0.000000,       0,       0,       0
 7.570, 0.0257000 , -0.2004000,  9.6696000, 35.1181000, 33.1497000 , -112.2208000, -27.7540000, 19.5710000 , 11.7230000, 0.000000,       0,       0,       0
 7.580, -0.1130000, -0.3870000,  9.6887000, 34.9884000, 33.4930000 , -109.8633000, -27.3780000, 19.6390000 , 11.7290000, 0.000000,       0,       0,       0
 7.590, -0.1705000, -0.4779000,  9.6959000, 34.9808000, 34.2865000 , -104.5990000, -26.8930000, 19.8310000 , 11.7320000, 0.000000,       0,       0,       0
 7.600, -0.1944000, -0.4923000,  9.6864000, 35.0647000, 35.1181000 , -97.5418000 , -26.4680000, 19.7550000 , 11.8620000, 0.000000,       0,       0,       0
 7.610, -0.1872000, -0.4588000,  9.6636000, 35.0800000, 35.6369000 , -89.6301000 , -26.3250000, 20.1920000 , 11.6310000, 0.000000,       0,       0,       0
 7.620, -0.1298000, -0.4037000,  9.6517000, 34.9503000, 35.7819000 , -81.7261000 , -25.6500000, 20.2610000 , 12.0360000, 0.000000,       0,       0,       0
 7.630, -0.0628000, -0.3080000,  9.6588000, 34.8282000, 35.8124000 , -74.7757000 , -25.7620000, 20.0470000 , 12.0410000, 0.000000,       0,       0,       0
 7.640, -0.0293000, -0.1812000,  9.6576000, 34.7595000, 35.8353000 , -69.6106000 , -25.5620000, 20.1910000 , 12.0250000, 0.000000,       0,       0,       0
 7.650, -0.0150000, -0.0365000,  9.6564000, 34.7366000, 35.8429000 , -66.6275000 , -24.8910000, 20.7780000 , 11.8790000, 0.000000,       0,       0,       0
 7.660, -0.0138000, 0.0987000 ,  9.6481000, 34.6680000, 35.7361000 , -65.8188000 , -24.2920000, 20.6760000 , 12.2230000, 0.000000,       0,       0,       0
 7.670, -0.0269000, 0.1836000 ,  9.6552000, 34.5840000, 35.5072000 , -66.8106000 , -24.0960000, 20.6640000 , 11.5140000, 0.000000,       0,       0,       0
 7.680, -0.0078000, 0.2064000 ,  9.6696000, 34.5840000, 35.4538000 , -68.8782000 , -23.8300000, 20.7220000 , 11.5350000, 0.000000,       0,       0,       0
 7.690, 0.0604000 , 0.2028000 ,  9.6768000, 34.6451000, 35.6445000 , -71.3196000 , -23.2100000, 21.0300000 , 12.1700000, 0.000000,       0,       0,       0
 7.700, 0.1298000 , 0.2123000 ,  9.6828000, 34.7748000, 36.0031000 , -74.0433000 , -22.8220000, 20.8150000 , 11.4080000, 0.000000,       0,       0,       0
 7.710, 0.1657000 , 0.2387000 ,  9.6864000, 34.9350000, 36.4609000 , -77.3010000 , -22.2210000, 20.8720000 , 12.1840000, 0.000000,       0,       0,       0
 7.720, 0.1226000 , 0.2207000 ,  9.6804000, 35.0723000, 36.9644000 , -81.2073000 , -21.9180000, 20.9530000 , 11.7590000, 0.000000,       0,       0,       0
 7.730, 0.0269000 , 0.1346000 ,  9.6660000, 35.1105000, 37.3154000 , -85.0143000 , -21.7640000, 20.9780000 , 11.9900000, 0.000000,       0,       0,       0
 7.740, -0.0520000, 0.0173000 ,  9.6529000, 35.0647000, 37.4527000 , -87.8448000 , -20.9250000, 21.4410000 , 11.9100000, 0.000000,       0,       0,       0
 7.750, -0.0843000, -0.0927000,  9.6469000, 34.9350000, 37.2849000 , -89.2792000 , -20.4750000, 21.4690000 , 11.5520000, 0.000000,       0,       0,       0
 7.760, -0.0688000, -0.1705000,  9.6517000, 34.8129000, 37.0255000 , -89.2410000 , -20.4380000, 21.0960000 , 11.7190000, 0.000000,       0,       0,       0
 7.770, -0.0377000, -0.2339000,  9.6409000, 34.6680000, 36.7661000 , -87.7762000 , -19.5280000, 21.3770000 , 11.6420000, 0.000000,       0,       0,       0
 7.780, -0.0760000, -0.3332000,  9.6445000, 34.3552000, 36.4075000 , -83.9005000 , -19.4430000, 21.4040000 , 11.8850000, 0.000000,       0,       0,       0
 7.790, -0.1154000, -0.3655000,  9.6529000, 34.2331000, 36.1099000 , -77.1790000 , -19.0100000, 21.1780000 , 12.1450000, 0.000000,       0,       0,       0
 7.800, -0.1298000, -0.3045000,  9.6660000, 34.2178000, 35.9802000 , -69.4046000 , -18.6260000, 21.3620000 , 11.8830000, 0.000000,       0,       0,       0
 7.810, -0.1585000, -0.2722000,  9.6720000, 34.2941000, 36.0336000 , -62.0956000 , -18.5150000, 21.2010000 , 11.6300000, 0.000000,       0,       0,       0
 7.820, -0.2662000, -0.2961000,  9.6732000, 34.4467000, 36.2015000 , -55.1834000 , -18.1460000, 21.2050000 , 12.4160000, 0.000000,       0,       0,       0
 7.830, -0.4719000, -0.3415000,  9.6720000, 34.5993000, 36.3541000 , -48.3017000 , -18.0350000, 21.1660000 , 12.2920000, 0.000000,       0,       0,       0
 7.840, -0.7112000, -0.4002000,  9.6672000, 34.7137000, 36.4380000 , -40.6036000 , -17.7970000, 21.2820000 , 11.9680000, 0.000000,       0,       0,       0
 7.850, -0.8894000, -0.4349000,  9.6588000, 34.7900000, 36.3846000 , -31.3568000 , -17.2390000, 20.9080000 , 11.9180000, 0.000000,       0,       0,       0
 7.860, -0.9445000, -0.3870000,  9.6564000, 34.8663000, 36.1404000 , -20.7596000 , -17.1880000, 21.0600000 , 12.2450000, 0.000000,       0,       0,       0
 7.870, -0.8452000, -0.2638000,  9.6612000, 34.9426000, 35.8429000 , -10.3455000 , -17.1880000, 21.0750000 , 12.5770000, 0.000000,       0,       0,       0
 7.880, -0.6191000, -0.1083000,  9.6648000, 34.9808000, 35.6064000 , -2.3651000  , -16.8740000, 21.1450000 , 12.4660000, 0.000000,       0,       0,       0
 7.890, -0.3523000, 0.0508000 ,  9.6612000, 34.9503000, 35.4843000 , 1.5182000   , -16.6760000, 21.0500000 , 12.5220000, 0.000000,       0,       0,       0
 7.900, -0.1705000, 0.2052000 ,  9.6612000, 34.9045000, 35.5148000 , 1.3809000   , -16.5500000, 20.9890000 , 12.2920000, 0.000000,       0,       0,       0
 7.910, -0.1083000, 0.3188000 ,  9.6660000, 34.8816000, 35.6369000 , -1.0757000  , -16.4800000, 21.1320000 , 12.6780000, 0.000000,       0,       0,       0
 7.920, -0.1095000, 0.3535000 ,  9.6732000, 34.8892000, 35.8124000 , -4.1885000  , -16.2090000, 21.1160000 , 11.9640000, 0.000000,       0,       0,       0
 7.930, -0.1238000, 0.2937000 ,  9.6732000, 34.9274000, 36.0031000 , -6.9199000  , -16.1620000, 20.9610000 , 12.4630000, 0.000000,       0,       0,       0
 7.940, -0.1202000, 0.1800000 ,  9.6672000, 34.9884000, 36.1557000 , -8.7891000  , -15.8710000, 20.6300000 , 12.4560000, 0.000000,       0,       0,       0
 7.950, -0.0831000, 0.0867000 ,  9.6636000, 35.0494000, 36.2473000 , -9.8953000  , -15.8250000, 20.6390000 , 12.4360000, 0.000000,       0,       0,       0
 7.960, -0.0461000, 0.0449000 ,  9.6624000, 35.1105000, 36.2473000 , -10.5896000 , -15.8540000, 20.7110000 , 12.5840000, 0.000000,       0,       0,       0
 7.970, -0.0508000, 0.0772000 ,  9.6588000, 35.1334000, 36.1633000 , -10.8795000 , -15.6580000, 20.9230000 , 12.5810000, 0.000000,       0,       0,       0
 7.980, -0.1956000, 0.2076000 ,  9.6564000, 35.0494000, 35.9726000 , -9.8953000  , -15.4760000, 20.6380000 , 12.1870000, 0.000000,       0,       0,       0
 7.990, -0.3918000, 0.3021000 ,  9.6564000, 35.0037000, 35.7819000 , -6.1798000  , -15.4230000, 20.7410000 , 12.7490000, 0.000000,       0,       0,       0
 8.000, -0.4564000, 0.3547000 ,  9.6624000, 34.9884000, 35.5988000 , -0.7477000  , -15.3600000, 20.5820000 , 12.2540000, 0.000000,       0,       0,       0
 8.010, -0.3451000, 0.3978000 ,  9.6720000, 35.0113000, 35.4996000 , 3.8605000   , -15.0290000, 20.6210000 , 12.6590000, 0.000000,       0,       0,       0
 8.020, -0.1442000, 0.4217000 ,  9.6768000, 35.0571000, 35.5072000 , 5.9204000   , -14.8210000, 20.6920000 , 12.6170000, 0.000000,       0,       0,       0
 8.030, 0.0712000 , 0.4121000 ,  9.6768000, 35.1181000, 35.6369000 , 5.0049000   , -14.6150000, 20.7470000 , 12.7760000, 0.000000,       0,       0,       0
 8.040, 0.2243000 , 0.3679000 ,  9.6732000, 35.1791000, 35.8276000 , 1.7929000   , -14.1830000, 20.9520000 , 12.8360000, 0.000000,       0,       0,       0
 8.050, 0.2662000 , 0.3080000 ,  9.6696000, 35.2402000, 36.0336000 , -2.6016000  , -14.1950000, 20.5940000 , 12.6600000, 0.000000,       0,       0,       0
 8.060, 0.1753000 , 0.2446000 ,  9.6696000, 35.2859000, 36.2015000 , -6.9046000  , -14.3970000, 20.3050000 , 12.4450000, 0.000000,       0,       0,       0
 8.070, -0.0030000, 0.1860000 ,  9.6684000, 35.3165000, 36.2930000 , -9.9716000  , -14.0050000, 20.4400000 , 12.4230000, 0.000000,       0,       0,       0
 8.080, -0.2650000, 0.1298000 ,  9.6660000, 35.3394000, 36.2625000 , -11.3754000 , -13.5440000, 20.4160000 , 12.6800000, 0.000000,       0,       0,       0
 8.090, -0.3703000, 0.0987000 ,  9.6648000, 35.3394000, 36.1557000 , -10.6430000 , -13.4790000, 20.4140000 , 12.7540000, 0.000000,       0,       0,       0
 8.100, -0.4636000, 0.0449000 ,  9.6636000, 35.3088000, 35.9650000 , -8.7509000  , -13.3950000, 20.2980000 , 12.8180000, 0.000000,       0,       0,       0
 8.110, -0.4755000, 0.0293000 ,  9.6636000, 35.2936000, 35.7513000 , -6.1417000  , -13.3680000, 20.2810000 , 12.9290000, 0.000000,       0,       0,       0
 8.120, -0.3930000, 0.0568000 ,  9.6636000, 35.2783000, 35.6140000 , -3.8147000  , -13.2540000, 20.4400000 , 12.3360000, 0.000000,       0,       0,       0
 8.130, -0.2710000, 0.1059000 ,  9.6672000, 35.2707000, 35.5835000 , -2.5635000  , -13.2920000, 20.2070000 , 11.6750000, 0.000000,       0,       0,       0
 8.140, -0.1633000, 0.1585000 ,  9.6696000, 35.2783000, 35.6293000 , -2.6093000  , -13.0450000, 20.1110000 , 12.1320000, 0.000000,       0,       0,       0
 8.150, -0.1119000, 0.1932000 ,  9.6708000, 35.2936000, 35.7208000 , -3.6392000  , -12.4630000, 20.0190000 , 12.0280000, 0.000000,       0,       0,       0
 8.160, -0.1418000, 0.1944000 ,  9.6684000, 35.3088000, 35.8200000 , -4.8447000  , -12.5070000, 20.0970000 , 11.9980000, 0.000000,       0,       0,       0
 8.170, -0.2159000, 0.1788000 ,  9.6672000, 35.3241000, 35.8887000 , -5.2795000  , -12.4030000, 20.2240000 , 12.3480000, 0.000000,       0,       0,       0
 8.180, -0.2686000, 0.1609000 ,  9.6684000, 35.3546000, 35.8963000 , -4.7302000  , -12.1540000, 19.8410000 , 12.4520000, 0.000000,       0,       0,       0
 8.190, -0.2829000, 0.1465000 ,  9.6684000, 35.3699000, 35.8505000 , -3.5782000  , -12.1680000, 20.3660000 , 11.9810000, 0.000000,       0,       0,       0
 8.200, -0.2518000, 0.1358000 ,  9.6684000, 35.3699000, 35.7895000 , -2.4414000  , -12.2670000, 20.2160000 , 11.9120000, 0.000000,       0,       0,       0
 8.210, -0.1788000, 0.1310000 ,  9.6672000, 35.3699000, 35.7208000 , -1.8921000  , -11.9500000, 19.9810000 , 12.4670000, 0.000000,       0,       0,       0
 8.220, -0.0796000, 0.1406000 ,  9.6672000, 35.3622000, 35.6674000 , -2.3270000  , -11.7360000, 19.7500000 , 12.1210000, 0.000000,       0,       0,       0
 8.230, 0.0209000 , 0.1609000 ,  9.6684000, 35.3470000, 35.6750000 , -3.8223000  , -11.6130000, 19.6080000 , 12.3380000, 0.000000,       0,       0,       0
 8.240, 0.1035000 , 0.1836000 ,  9.6708000, 35.3317000, 35.7437000 , -6.1417000  , -11.2320000, 19.4220000 , 11.7520000, 0.000000,       0,       0,       0
 8.250, 0.1896000 , 0.2195000 ,  9.6720000, 35.3394000, 35.8810000 , -8.9493000  , -11.2840000, 19.7890000 , 11.6810000, 0.000000,       0,       0,       0
 8.260, 0.2470000 , 0.2518000 ,  9.6744000, 35.3622000, 36.1786000 , -12.0850000 , -10.8020000, 19.4800000 , 11.8970000, 0.000000,       0,       0,       0
 8.270, 0.1824000 , 0.2542000 ,  9.6720000, 35.3928000, 36.5372000 , -15.0681000 , -10.9590000, 19.1790000 , 11.8900000, 0.000000,       0,       0,       0
 8.280, 0.0006000 , 0.2243000 ,  9.6684000, 35.4233000, 36.8271000 , -16.9220000 , -10.8270000, 19.2690000 , 12.6270000, 0.000000,       0,       0,       0
 8.290, -0.2207000, 0.1741000 ,  9.6624000, 35.4614000, 36.9186000 , -16.9754000 , -10.4610000, 18.9540000 , 12.8860000, 0.000000,       0,       0,       0
 8.300, -0.4205000, 0.1214000 ,  9.6600000, 35.4691000, 36.7889000 , -15.0986000 , -10.4980000, 19.1030000 , 12.5130000, 0.000000,       0,       0,       0
 8.310, -0.5377000, 0.0796000 ,  9.6576000, 35.4538000, 36.4990000 , -11.8637000 , -10.0600000, 18.7960000 , 12.4410000, 0.000000,       0,       0,       0
 8.320, -0.5545000, 0.0616000 ,  9.6576000, 35.4233000, 36.1328000 , -8.1635000  , -10.0700000, 18.9940000 , 12.0870000, 0.000000,       0,       0,       0
 8.330, -0.4779000, 0.0736000 ,  9.6600000, 35.4004000, 35.7819000 , -4.9515000  , -9.9690000 , 18.7720000 , 12.7530000, 0.000000,       0,       0,       0
 8.340, -0.3439000, 0.1142000 ,  9.6624000, 35.3622000, 35.5301000 , -2.9602000  , -9.9500000 , 18.5100000 , 11.8650000, 0.000000,       0,       0,       0
 8.350, -0.1896000, 0.1621000 ,  9.6648000, 35.3394000, 35.4080000 , -2.4872000  , -10.0070000, 18.7980000 , 11.5480000, 0.000000,       0,       0,       0
 8.360, -0.0353000, 0.2040000 ,  9.6684000, 35.3317000, 35.3851000 , -3.5172000  , -9.5900000 , 18.4760000 , 12.4400000, 0.000000,       0,       0,       0
 8.370, 0.0951000 , 0.2291000 ,  9.6684000, 35.3317000, 35.4462000 , -5.7831000  , -9.2770000 , 18.0930000 , 12.2060000, 0.000000,       0,       0,       0
 8.380, 0.1812000 , 0.2434000 ,  9.6696000, 35.3699000, 35.5606000 , -8.8043000  , -9.1440000 , 18.3070000 , 12.2830000, 0.000000,       0,       0,       0
 8.390, 0.2159000 , 0.2542000 ,  9.6708000, 35.4004000, 35.7208000 , -12.1689000 , -8.6330000 , 18.2600000 , 12.4010000, 0.000000,       0,       0,       0
 8.400, 0.1693000 , 0.2375000 ,  9.6708000, 35.4462000, 35.9573000 , -15.4343000 , -8.7420000 , 17.9840000 , 12.1830000, 0.000000,       0,       0,       0
 8.410, 0.0221000 , 0.1896000 ,  9.6672000, 35.4919000, 36.2244000 , -17.7307000 , -8.6340000 , 18.2140000 , 12.7080000, 0.000000,       0,       0,       0
 8.420, -0.1872000, 0.1298000 ,  9.6636000, 35.5072000, 36.3846000 , -18.5547000 , -8.4330000 , 17.7120000 , 11.7650000, 0.000000,       0,       0,       0
 8.430, -0.3882000, 0.0819000 ,  9.6624000, 35.5301000, 36.4456000 , -17.8223000 , -8.0940000 , 17.4560000 , 12.1700000, 0.000000,       0,       0,       0
 8.440, -0.5210000, 0.0748000 ,  9.6612000, 35.5377000, 36.4151000 , -16.0446000 , -8.1620000 , 17.5170000 , 11.5650000, 0.000000,       0,       0,       0
 8.450, -0.6059000, 0.0879000 ,  9.6600000, 35.5377000, 36.2930000 , -13.7329000 , -7.7960000 , 17.8200000 , 11.4470000, 0.000000,       0,       0,       0
 8.460, -0.6191000, 0.1154000 ,  9.6576000, 35.5225000, 36.1252000 , -11.2534000 , -8.0100000 , 17.4180000 , 11.7840000, 0.000000,       0,       0,       0
 8.470, -0.5545000, 0.1489000 ,  9.6576000, 35.4843000, 35.9573000 , -9.0561000  , -7.6910000 , 17.2290000 , 11.8890000, 0.000000,       0,       0,       0
 8.480, -0.4325000, 0.1633000 ,  9.6624000, 35.4462000, 35.8200000 , -7.6370000  , -7.7540000 , 17.4590000 , 12.2720000, 0.000000,       0,       0,       0
 8.490, -0.2901000, 0.1597000 ,  9.6648000, 35.4462000, 35.7513000 , -7.1335000  , -7.3250000 , 17.2000000 , 11.7130000, 0.000000,       0,       0,       0
 8.500, -0.1681000, 0.1501000 ,  9.6636000, 35.4614000, 35.7895000 , -7.4158000  , -6.9480000 , 16.5800000 , 11.5720000, 0.000000,       0,       0,       0
 8.510, -0.0532000, 0.1286000 ,  9.6469000, 35.2249000, 36.1481000 , -8.1787000  , -7.1070000 , 16.8290000 , 11.4590000, 0.000000,       0,       0,       0
 8.520, -0.0365000, 0.0855000 ,  9.6529000, 34.7595000, 37.0560000 , -9.4604000  , -6.8140000 , 16.8140000 , 11.5450000, 0.000000,       0,       0,       0
 8.530, -0.1741000, 0.0712000 ,  9.6708000, 34.8358000, 37.6511000 , -10.5057000 , -6.6100000 , 16.8900000 , 11.8420000, 0.000000,       0,       0,       0
 8.540, -0.3451000, 0.0843000 ,  9.6708000, 35.0647000, 37.8342000 , -10.5972000 , -6.8110000 , 16.8470000 , 12.2170000, 0.000000,       0,       0,       0
 8.550, -0.4971000, 0.0784000 ,  9.6624000, 35.1715000, 37.9639000 , -9.6664000  , -6.6990000 , 16.6220000 , 11.9720000, 0.000000,       0,       0,       0
 8.560, -0.5832000, 0.0544000 ,  9.6552000, 35.2707000, 37.8113000 , -8.1024000  , -6.4480000 , 16.7160000 , 11.7900000, 0.000000,       0,       0,       0
 8.570, -0.6011000, 0.0114000 ,  9.6469000, 35.2478000, 37.5519000 , -6.2256000  , -5.9920000 , 16.1080000 , 11.6270000, 0.000000,       0,       0,       0
 8.580, -0.5784000, -0.0305000,  9.6493000, 35.1334000, 37.2009000 , -4.3411000  , -5.8410000 , 16.2320000 , 11.9290000, 0.000000,       0,       0,       0
 8.590, -0.5042000, -0.0592000,  9.6541000, 35.1028000, 36.7203000 , -2.7695000  , -5.9230000 , 15.9060000 , 11.5270000, 0.000000,       0,       0,       0
 8.600, -0.3750000, -0.0652000,  9.6588000, 35.1410000, 36.1938000 , -2.0828000  , -6.1030000 , 15.8400000 , 12.0250000, 0.000000,       0,       0,       0
 8.610, -0.2123000, -0.0389000,  9.6624000, 35.2554000, 35.6903000 , -2.8229000  , -5.4230000 , 15.7540000 , 11.9330000, 0.000000,       0,       0,       0
 8.620, -0.0712000, 0.0161000 ,  9.6636000, 35.4004000, 35.2859000 , -4.9744000  , -5.3880000 , 15.8600000 , 12.1000000, 0.000000,       0,       0,       0
 8.630, 0.0114000 , 0.0891000 ,  9.6636000, 35.5530000, 34.9274000 , -8.0490000  , -5.3110000 , 16.0460000 , 12.1440000, 0.000000,       0,       0,       0
 8.640, 0.0604000 , 0.1274000 ,  9.6600000, 35.6827000, 34.5764000 , -11.3983000 , -5.2330000 , 15.3550000 , 12.0220000, 0.000000,       0,       0,       0
 8.650, 0.0712000 , 0.1226000 ,  9.6588000, 35.7590000, 34.1187000 , -14.5798000 , -5.0930000 , 15.6600000 , 11.5900000, 0.000000,       0,       0,       0
 8.660, 0.0353000 , 0.1011000 ,  9.6624000, 35.8047000, 33.7753000 , -17.2729000 , -4.7750000 , 15.7000000 , 11.5930000, 0.000000,       0,       0,       0
 8.670, -0.0102000, 0.0712000 ,  9.6660000, 35.8047000, 33.6990000 , -19.3176000 , -4.5990000 , 15.2520000 , 11.6080000, 0.000000,       0,       0,       0
 8.680, -0.0353000, 0.0102000 ,  9.6684000, 35.7971000, 33.8821000 , -20.7062000 , -4.4330000 , 15.1740000 , 11.8890000, 0.000000,       0,       0,       0
 8.690, -0.0760000, -0.0054000,  9.6648000, 35.7513000, 34.2102000 , -21.4920000 , -4.3110000 , 15.1740000 , 11.4610000, 0.000000,       0,       0,       0
 8.700, -0.2064000, 0.0329000 ,  9.6636000, 35.6445000, 34.5078000 , -21.3394000 , -4.1450000 , 14.8800000 , 11.1590000, 0.000000,       0,       0,       0
 8.710, -0.3475000, 0.1095000 ,  9.6648000, 35.5530000, 34.7824000 , -19.8746000 , -4.1470000 , 14.6050000 , 11.1150000, 0.000000,       0,       0,       0
 8.720, -0.3990000, 0.2004000 ,  9.6732000, 35.5759000, 35.0037000 , -17.7536000 , -3.8290000 , 14.4930000 , 11.8110000, 0.000000,       0,       0,       0
 8.730, -0.3344000, 0.2985000 ,  9.6840000, 35.7971000, 35.2402000 , -15.9149000 , -3.8650000 , 14.7660000 , 11.6340000, 0.000000,       0,       0,       0
 8.740, -0.2375000, 0.3104000 ,  9.6840000, 36.0031000, 35.3928000 , -15.8920000 , -3.7540000 , 14.3970000 , 11.5830000, 0.000000,       0,       0,       0
 8.750, -0.0616000, 0.2734000 ,  9.6744000, 36.1862000, 35.4996000 , -17.0441000 , -3.6350000 , 13.7170000 , 11.2790000, 0.000000,       0,       0,       0
 8.760, 0.1142000 , 0.1741000 ,  9.6636000, 36.2091000, 35.5911000 , -19.5618000 , -3.4190000 , 13.7700000 , 11.6750000, 0.000000,       0,       0,       0
 8.770, 0.1765000 , 0.0819000 ,  9.6576000, 36.0947000, 35.6827000 , -22.4380000 , -3.1900000 , 13.6760000 , 10.6790000, 0.000000,       0,       0,       0
 8.780, 0.0712000 , 0.0425000 ,  9.6529000, 35.9116000, 35.7285000 , -24.0479000 , -3.0250000 , 13.1370000 , 11.2340000, 0.000000,       0,       0,       0
 8.790, -0.1370000, 0.0556000 ,  9.6517000, 35.7132000, 35.7208000 , -23.1781000 , -2.9190000 , 12.9130000 , 11.2430000, 0.000000,       0,       0,       0
 8.800, -0.3714000, 0.0843000 ,  9.6552000, 35.5530000, 35.6522000 , -19.9890000 , -2.8350000 , 13.2490000 , 11.1420000, 0.000000,       0,       0,       0
 8.810, -0.6191000, 0.1130000 ,  9.6600000, 35.4233000, 35.5377000 , -15.1291000 , -2.9420000 , 13.0840000 , 11.5450000, 0.000000,       0,       0,       0
 8.820, -0.8847000, 0.1513000 ,  9.6624000, 35.3088000, 35.4156000 , -9.0637000  , -2.5570000 , 12.9030000 , 10.6680000, 0.000000,       0,       0,       0
 8.830, -1.1239000, 0.1872000 ,  9.6612000, 35.2325000, 35.3012000 , -2.4796000  , -2.3220000 , 12.9810000 , 11.0120000, 0.000000,       0,       0,       0
 8.840, -1.2603000, 0.1944000 ,  9.6636000, 35.1944000, 35.1868000 , 3.9825000   , -2.4440000 , 12.8070000 , 10.8020000, 0.000000,       0,       0,       0
 8.850, -1.2388000, 0.1836000 ,  9.6684000, 35.2097000, 35.1105000 , 9.5444000   , -2.4490000 , 12.5720000 , 11.4240000, 0.000000,       0,       0,       0
 8.860, -1.0605000, 0.1585000 ,  9.6696000, 35.2631000, 35.0571000 , 13.5880000  , -2.3840000 , 12.6310000 , 11.5360000, 0.000000,       0,       0,       0
 8.870, -0.7686000, 0.1154000 ,  9.6660000, 35.3165000, 35.0266000 , 15.9302000  , -1.9940000 , 12.6780000 , 11.4350000, 0.000000,       0,       0,       0
 8.880, -0.4516000, 0.0628000 ,  9.6624000, 35.3546000, 35.0266000 , 16.6016000  , -2.2870000 , 12.3190000 , 11.6270000, 0.000000,       0,       0,       0
 8.890, -0.2064000, 0.0425000 ,  9.6600000, 35.3470000, 35.0418000 , 16.0294000  , -2.2080000 , 12.6850000 , 11.4450000, 0.000000,       0,       0,       0
 8.900, -0.1406000, 0.0736000 ,  9.6588000, 35.3241000, 35.0647000 , 14.8239000  , -2.2330000 , 12.2650000 , 11.7520000, 0.000000,       0,       0,       0
 8.910, -0.2303000, 0.1465000 ,  9.6564000, 35.2631000, 35.0800000 , 13.7634000  , -2.0790000 , 12.5700000 , 11.9410000, 0.000000,       0,       0,       0
 8.920, -0.3356000, 0.2375000 ,  9.6612000, 35.1944000, 35.0952000 , 12.5809000  , -2.0170000 , 12.0580000 , 11.9880000, 0.000000,       0,       0,       0
 8.930, -0.4002000, 0.2961000 ,  9.6672000, 35.1105000, 35.0952000 , 11.3144000  , -1.7880000 , 12.0940000 , 11.8600000, 0.000000,       0,       0,       0
 8.940, -0.4648000, 0.3248000 ,  9.6696000, 35.0342000, 35.0952000 , 10.3989000  , -1.8870000 , 12.1450000 , 11.8180000, 0.000000,       0,       0,       0
 8.950, -0.5102000, 0.3356000 ,  9.6672000, 34.9884000, 35.0952000 , 10.2386000  , -1.5360000 , 12.1090000 , 11.3670000, 0.000000,       0,       0,       0
 8.960, -0.4767000, 0.3236000 ,  9.6660000, 34.9884000, 35.1028000 , 10.6888000  , -1.5170000 , 12.0200000 , 11.6310000, 0.000000,       0,       0,       0
 8.970, -0.3810000, 0.3021000 ,  9.6672000, 35.0037000, 35.1028000 , 11.1618000  , -1.5520000 , 11.8350000 , 10.6800000, 0.000000,       0,       0,       0
 8.980, -0.2889000, 0.2662000 ,  9.6672000, 35.0342000, 35.1028000 , 11.2305000  , -1.5470000 , 11.6520000 , 11.3230000, 0.000000,       0,       0,       0
 8.990, -0.2267000, 0.2135000 ,  9.6648000, 35.0952000, 35.1105000 , 10.9558000  , -1.6290000 , 11.3840000 , 11.2560000, 0.000000,       0,       0,       0
 9.000, -0.2088000, 0.1645000 ,  9.6648000, 35.1639000, 35.1105000 , 10.4065000  , -1.5820000 , 11.6030000 , 11.1540000, 0.000000,       0,       0,       0
 9.010, -0.2458000, 0.1142000 ,  9.6648000, 35.2097000, 35.0952000 , 9.8419000   , -1.3990000 , 11.4850000 , 10.6920000, 0.000000,       0,       0,       0
 9.020, -0.3463000, 0.0688000 ,  9.6624000, 35.2249000, 35.0647000 , 9.7351000   , -1.2320000 , 11.6020000 , 11.1910000, 0.000000,       0,       0,       0
 9.030, -0.4815000, 0.0449000 ,  9.6588000, 35.2097000, 35.0189000 , 10.4828000  , -1.0870000 , 11.2880000 , 11.6500000, 0.000000,       0,       0,       0
 9.040, -0.5772000, 0.0461000 ,  9.6588000, 35.1944000, 34.9731000 , 12.0087000  , -1.1510000 , 11.6190000 , 11.4050000, 0.000000,       0,       0,       0
 9.050, -0.5784000, 0.0664000 ,  9.6636000, 35.1868000, 34.9274000 , 13.7863000  , -1.1840000 , 11.6000000 , 11.6670000, 0.000000,       0,       0,       0
 9.060, -0.4875000, 0.1023000 ,  9.6696000, 35.2097000, 34.9121000 , 15.0681000  , -1.0350000 , 11.4050000 , 10.8570000, 0.000000,       0,       0,       0
 9.070, -0.3320000, 0.1453000 ,  9.6708000, 35.2631000, 34.9197000 , 15.2969000  , -1.0210000 , 11.3620000 , 10.7300000, 0.000000,       0,       0,       0
 9.080, -0.2267000, 0.1944000 ,  9.6684000, 35.3088000, 34.9503000 , 14.4501000  , -0.8020000 , 11.3150000 , 11.6880000, 0.000000,       0,       0,       0
 9.090, -0.2076000, 0.2422000 ,  9.6672000, 35.3317000, 34.9655000 , 13.1760000  , -0.9510000 , 10.8990000 , 11.7000000, 0.000000,       0,       0,       0
 9.100, -0.2554000, 0.2949000 ,  9.6684000, 35.3241000, 34.9655000 , 12.2299000  , -0.8370000 , 11.0640000 , 11.1400000, 0.000000,       0,       0,       0
 9.110, -0.3021000, 0.3427000 ,  9.6672000, 35.2859000, 34.9274000 , 11.7950000  , -0.9540000 , 11.1420000 , 11.7870000, 0.000000,       0,       0,       0
 9.120, -0.3714000, 0.3403000 ,  9.6660000, 35.2325000, 34.8892000 , 11.8179000  , -1.0000000 , 10.7060000 , 11.4640000, 0.000000,       0,       0,       0
 9.130, -0.4695000, 0.2817000 ,  9.6648000, 35.1868000, 34.8816000 , 12.6114000  , -0.6510000 , 10.8630000 , 11.0090000, 0.000000,       0,       0,       0
 9.140, -0.5437000, 0.2099000 ,  9.6636000, 35.1410000, 34.8892000 , 14.3204000  , -0.7690000 , 10.6440000 , 10.8760000, 0.000000,       0,       0,       0
 9.150, -0.4839000, 0.1860000 ,  9.6648000, 35.0876000, 34.9121000 , 16.2277000  , -0.8350000 , 10.3110000 , 11.1550000, 0.000000,       0,       0,       0
 9.160, -0.2590000, 0.2064000 ,  9.6672000, 35.0800000, 34.9426000 , 16.9067000  , -0.5610000 , 10.5080000 , 11.9790000, 0.000000,       0,       0,       0
 9.170, 0.1011000 , 0.2650000 ,  9.6720000, 35.1334000, 35.0037000 , 14.7858000  , -0.7740000 , 10.1430000 , 11.3250000, 0.000000,       0,       0,       0
 9.180, 0.4707000 , 0.3320000 ,  9.6744000, 35.2478000, 35.1028000 , 9.0637000   , -0.5520000 , 10.0920000 , 11.5760000, 0.000000,       0,       0,       0
 9.190, 0.8021000 , 0.3439000 ,  9.6720000, 35.3165000, 35.3317000 , -0.0229000  , -0.2410000 , 10.0460000 , 11.3760000, 0.000000,       0,       0,       0
 9.200, 0.8081000 , 0.3726000 ,  9.6696000, 35.2707000, 35.6293000 , -11.8179000 , -0.3390000 , 9.9610000  , 11.1640000, 0.000000,       0,       0,       0
 9.210, 0.0664000 , 0.1166000 ,  9.6672000, 35.2783000, 35.6674000 , -20.4239000 , -0.1990000 , 9.8000000  , 11.5250000, 0.000000,       0,       0,       0
 9.220, -0.6191000, -0.0796000,  9.6576000, 35.2707000, 35.6140000 , -20.6375000 , -0.4370000 , 9.5400000  , 12.2980000, 0.000000,       0,       0,       0
 9.230, -0.9074000, -0.1202000,  9.6541000, 35.2783000, 35.5148000 , -15.1062000 , -0.3630000 , 9.5270000  , 11.8830000, 0.000000,       0,       0,       0
 9.240, -0.9313000, -0.1083000,  9.6588000, 35.2859000, 35.3851000 , -7.6752000  , -0.3260000 , 9.2350000  , 11.4960000, 0.000000,       0,       0,       0
 9.250, -0.8667000, -0.0831000,  9.6624000, 35.2707000, 35.2478000 , -0.3204000  , -0.3160000 , 9.4240000  , 11.8580000, 0.000000,       0,       0,       0
 9.260, -0.7949000, -0.0425000,  9.6588000, 35.2249000, 35.1257000 , 6.2790000   , -0.1280000 , 9.2680000  , 11.5550000, 0.000000,       0,       0,       0
 9.270, -0.8141000, 0.0066000 ,  9.6541000, 35.1715000, 35.0418000 , 12.4588000  , 0.0640000  , 9.1940000  , 11.8000000, 0.000000,       0,       0,       0
 9.280, -0.9516000, 0.0592000 ,  9.6552000, 35.1410000, 35.0037000 , 18.7912000  , -0.2220000 , 9.2300000  , 11.1130000, 0.000000,       0,       0,       0
 9.290, -1.0127000, 0.1119000 ,  9.6636000, 35.1257000, 34.9579000 , 24.8566000  , -0.3020000 , 9.3010000  , 11.6420000, 0.000000,       0,       0,       0
 9.300, -0.9122000, 0.1513000 ,  9.6684000, 35.1334000, 34.8663000 , 29.6555000  , -0.1680000 , 9.2850000  , 11.1570000, 0.000000,       0,       0,       0
 9.310, -0.7495000, 0.1741000 ,  9.6660000, 35.1562000, 34.7214000 , 32.9132000  , -0.0160000 , 9.4020000  , 11.0510000, 0.000000,       0,       0,       0
 9.320, -0.5844000, 0.1848000 ,  9.6636000, 35.1944000, 34.5688000 , 34.8129000  , -0.2080000 , 8.8420000  , 11.3010000, 0.000000,       0,       0,       0
 9.330, -0.4492000, 0.1884000 ,  9.6636000, 35.2402000, 34.4467000 , 35.6827000  , -0.0430000 , 9.3320000  , 10.9320000, 0.000000,       0,       0,       0
 9.340, -0.3535000, 0.1872000 ,  9.6660000, 35.2554000, 34.3857000 , 35.8810000  , -0.2820000 , 9.2430000  , 11.0180000, 0.000000,       0,       0,       0
 9.350, -0.2949000, 0.1860000 ,  9.6648000, 35.2478000, 34.4009000 , 35.6903000  , -0.2350000 , 8.9810000  , 10.6990000, 0.000000,       0,       0,       0
 9.360, -0.2578000, 0.1824000 ,  9.6576000, 35.1715000, 34.6222000 , 35.1639000  , -0.1740000 , 9.4300000  , 11.1230000, 0.000000,       0,       0,       0
 9.370, -0.2554000, 0.1824000 ,  9.6576000, 35.1028000, 34.8434000 , 34.8282000  , 0.1300000  , 9.2760000  , 11.0090000, 0.000000,       0,       0,       0
 9.380, -0.2650000, 0.1836000 ,  9.6600000, 35.0189000, 35.0113000 , 34.5688000  , -0.2120000 , 9.3990000  , 10.4790000, 0.000000,       0,       0,       0
 9.390, -0.2781000, 0.1836000 ,  9.6612000, 34.9274000, 35.0952000 , 34.4009000  , -0.1120000 , 9.1330000  , 10.6520000, 0.000000,       0,       0,       0
 9.400, -0.2901000, 0.1836000 ,  9.6612000, 34.8663000, 35.1257000 , 34.2941000  , -0.2110000 , 9.3500000  , 10.7710000, 0.000000,       0,       0,       0
 9.410, -0.2985000, 0.1824000 ,  9.6624000, 34.8206000, 35.1181000 , 34.2484000  , -0.3100000 , 9.4950000  , 10.5890000, 0.000000,       0,       0,       0
 9.420, -0.3021000, 0.1800000 ,  9.6648000, 34.7977000, 35.1410000 , 34.2255000  , -0.3170000 , 9.3430000  , 11.1060000, 0.000000,       0,       0,       0
 9.430, -0.3045000, 0.1753000 ,  9.6672000, 34.7977000, 35.1944000 , 34.2255000  , -0.4480000 , 9.1190000  , 10.9010000, 0.000000,       0,       0,       0
 9.440, -0.3092000, 0.1717000 ,  9.6672000, 34.8129000, 35.2173000 , 34.2484000  , -0.1870000 , 9.4750000  , 10.5680000, 0.000000,       0,       0,       0
 9.450, -0.3140000, 0.1693000 ,  9.6696000, 34.8511000, 35.1868000 , 34.2865000  , 0.1620000  , 9.4080000  , 10.8830000, 0.000000,       0,       0,       0
 9.460, -0.3164000, 0.1669000 ,  9.6732000, 34.9350000, 35.1105000 , 34.3246000  , 0.0350000  , 8.9780000  , 10.6740000, 0.000000,       0,       0,       0
 9.470, -0.3140000, 0.1669000 ,  9.6708000, 35.0266000, 35.0266000 , 34.3475000  , -0.0040000 , 9.1830000  , 11.3660000, 0.000000,       0,       0,       0
 9.480, -0.3104000, 0.1657000 ,  9.6672000, 35.1105000, 34.9655000 , 34.3704000  , -0.2370000 , 9.1080000  , 11.3340000, 0.000000,       0,       0,       0
 9.490, -0.3080000, 0.1645000 ,  9.6660000, 35.2020000, 34.9350000 , 34.3933000  , -0.1370000 , 9.5890000  , 11.2790000, 0.000000,       0,       0,       0
 9.500, -0.3068000, 0.1645000 ,  9.6648000, 35.2859000, 34.9350000 , 34.4162000  , -0.1040000 , 9.5860000  , 11.5820000, 0.000000,       0,       0,       0
 9.510, -0.3080000, 0.1669000 ,  9.6624000, 35.3317000, 34.9731000 , 34.4238000  , 0.2070000  , 9.7120000  , 11.3140000, 0.000000,       0,       0,       0
 9.520, -0.3092000, 0.1669000 ,  9.6612000, 35.3470000, 35.0266000 , 34.4391000  , -0.0430000 , 9.7060000  , 11.4520000, 0.000000,       0,       0,       0
 9.530, -0.3092000, 0.1681000 ,  9.6624000, 35.3470000, 35.1105000 , 34.4391000  , -0.3610000 , 9.4730000  , 11.5530000, 0.000000,       0,       0,       0
 9.540, -0.3092000, 0.1681000 ,  9.6648000, 35.3470000, 35.2249000 , 34.4391000  , -0.0290000 , 9.2520000  , 11.6110000, 0.000000,       0,       0,       0
 9.550, -0.3104000, 0.1681000 ,  9.6660000, 35.3394000, 35.3088000 , 34.4315000  , -0.3690000 , 9.3850000  , 11.4170000, 0.000000,       0,       0,       0
 9.560, -0.3116000, 0.1669000 ,  9.6660000, 35.3394000, 35.3470000 , 34.4162000  , 0.0790000  , 9.3750000  , 11.3680000, 0.000000,       0,       0,       0
 9.570, -0.3140000, 0.1681000 ,  9.6636000, 35.3394000, 35.3317000 , 34.4086000  , -0.2010000 , 9.3820000  , 11.5720000, 0.000000,       0,       0,       0
 9.580, -0.3152000, 0.1717000 ,  9.6612000, 35.3317000, 35.2936000 , 34.4086000  , 0.2860000  , 9.3890000  , 11.9640000, 0.000000,       0,       0,       0
 9.590, -0.3176000, 0.1753000 ,  9.6588000, 35.2859000, 35.2631000 , 34.4009000  , -0.0390000 , 9.3860000  , 11.3890000, 0.000000,       0,       0,       0
 9.600, -0.3200000, 0.1800000 ,  9.6588000, 35.2097000, 35.2402000 , 34.3857000  , 0.1770000  , 9.1790000  , 11.4280000, 0.000000,       0,       0,       0
 9.610, -0.3212000, 0.1836000 ,  9.6612000, 35.0571000, 35.1791000 , 34.3552000  , 0.0060000  , 9.6040000  , 11.6020000, 0.000000,       0,       0,       0
 9.620, -0.3200000, 0.1860000 ,  9.6648000, 34.8816000, 35.0494000 , 34.3170000  , -0.2410000 , 9.4280000  , 10.7420000, 0.000000,       0,       0,       0
 9.630, -0.3212000, 0.1836000 ,  9.6684000, 34.7443000, 34.8587000 , 34.2789000  , -0.1360000 , 9.1880000  , 11.3210000, 0.000000,       0,       0,       0
 9.640, -0.3212000, 0.1800000 ,  9.6696000, 34.6909000, 34.6603000 , 34.2484000  , -0.1760000 , 9.3410000  , 11.3920000, 0.000000,       0,       0,       0
 9.650, -0.3188000, 0.1753000 ,  9.6708000, 34.6985000, 34.6069000 , 34.2178000  , 0.0170000  , 9.5220000  , 11.6820000, 0.000000,       0,       0,       0
 9.660, -0.3164000, 0.1693000 ,  9.6708000, 34.7977000, 34.6832000 , 34.2026000  , 0.1270000  , 9.2000000  , 11.9710000, 0.000000,       0,       0,       0
 9.670, -0.3152000, 0.1633000 ,  9.6708000, 34.9579000, 34.8282000 , 34.1949000  , -0.3270000 , 9.3490000  , 11.4680000, 0.000000,       0,       0,       0
 9.680, -0.3021000, 0.1561000 ,  9.6672000, 35.1334000, 34.9884000 , 34.1568000  , -0.3430000 , 9.4330000  , 11.8840000, 0.000000,       0,       0,       0
 9.690, -0.1298000, 0.1190000 ,  9.6648000, 35.2249000, 35.1944000 , 32.5241000  , -0.0360000 , 9.4400000  , 12.1570000, 0.000000,       0,       0,       0
 9.700, -0.0173000, 0.1011000 ,  9.6612000, 35.1715000, 35.4233000 , 27.5269000  , -0.1360000 , 9.1810000  , 11.3630000, 0.000000,       0,       0,       0
 9.710, -0.0748000, 0.1178000 ,  9.6588000, 35.0113000, 35.6216000 , 22.1786000  , -0.1060000 , 9.0750000  , 11.0050000, 0.000000,       0,       0,       0
 9.720, -0.1872000, 0.1561000 ,  9.6588000, 34.7900000, 35.7742000 , 18.4860000  , 0.0160000  , 9.1750000  , 11.2160000, 0.000000,       0,       0,       0
 9.730, -0.3009000, 0.2040000 ,  9.6600000, 34.5078000, 35.8658000 , 16.9296000  , 0.1990000  , 9.1360000  , 11.5840000, 0.000000,       0,       0,       0
 9.740, -0.3966000, 0.2434000 ,  9.6624000, 34.2102000, 35.9192000 , 17.3798000  , 0.1090000  , 9.0240000  , 11.9100000, 0.000000,       0,       0,       0
 9.750, -0.4600000, 0.2506000 ,  9.6648000, 33.9737000, 35.9116000 , 19.2947000  , -0.1060000 , 8.7790000  , 11.4110000, 0.000000,       0,       0,       0
 9.760, -0.4791000, 0.2351000 ,  9.6684000, 33.9432000, 35.8429000 , 21.9727000  , 0.0170000  , 9.1470000  , 11.6240000, 0.000000,       0,       0,       0
 9.770, -0.4564000, 0.2159000 ,  9.6708000, 34.0729000, 35.7132000 , 24.5895000  , 0.2340000  , 9.2070000  , 10.7860000, 0.000000,       0,       0,       0
 9.780, -0.4109000, 0.2004000 ,  9.6744000, 34.2789000, 35.5453000 , 26.5961000  , -0.1070000 , 8.8430000  , 11.1150000, 0.000000,       0,       0,       0
 9.790, -0.3667000, 0.1896000 ,  9.6756000, 34.5001000, 35.3622000 , 27.7863000  , 0.3840000  , 8.6680000  , 10.9490000, 0.000000,       0,       0,       0
 9.800, -0.3284000, 0.1812000 ,  9.6744000, 34.7290000, 35.1639000 , 28.1906000  , 0.0270000  , 8.6330000  , 11.1860000, 0.000000,       0,       0,       0
 9.810, -0.3009000, 0.1753000 ,  9.6708000, 34.9197000, 34.9884000 , 27.9922000  , -0.1150000 , 8.8920000  , 11.4510000, 0.000000,       0,       0,       0
 9.820, -0.2997000, 0.1633000 ,  9.6672000, 35.0723000, 34.8587000 , 27.5040000  , 0.5920000  , 8.7900000  , 11.8050000, 0.000000,       0,       0,       0
 9.830, -0.3236000, 0.1442000 ,  9.6672000, 35.1715000, 34.7977000 , 27.2064000  , 0.4290000  , 8.7850000  , 11.4260000, 0.000000,       0,       0,       0
 9.840, -0.3583000, 0.1226000 ,  9.6672000, 35.2020000, 34.7977000 , 27.4277000  , 0.5360000  , 8.7200000  , 11.6120000, 0.000000,       0,       0,       0
 9.850, -0.3810000, 0.1142000 ,  9.6660000, 35.1868000, 34.8358000 , 28.1754000  , 0.2880000  , 8.7370000  , 11.0900000, 0.000000,       0,       0,       0
 9.860, -0.3870000, 0.1178000 ,  9.6648000, 35.1486000, 34.8816000 , 29.1138000  , 0.5520000  , 8.7080000  , 11.5400000, 0.000000,       0,       0,       0
 9.870, -0.3774000, 0.1286000 ,  9.6648000, 35.1181000, 34.8892000 , 30.0217000  , 0.4090000  , 8.2040000  , 11.1280000, 0.000000,       0,       0,       0
 9.880, -0.3583000, 0.1406000 ,  9.6660000, 35.1028000, 34.8663000 , 30.6168000  , 0.4280000  , 8.5890000  , 11.3770000, 0.000000,       0,       0,       0
 9.890, -0.3427000, 0.1453000 ,  9.6648000, 35.1105000, 34.8358000 , 30.8762000  , 0.4750000  , 8.8520000  , 11.8670000, 0.000000,       0,       0,       0
 9.900, -0.3272000, 0.1477000 ,  9.6624000, 35.1410000, 34.8282000 , 30.8380000  , 0.3590000  , 8.8450000  , 11.7250000, 0.000000,       0,       0,       0
 9.910, -0.3152000, 0.1465000 ,  9.6624000, 35.1639000, 34.8663000 , 30.4794000  , 0.5330000  , 8.5300000  , 11.4410000, 0.000000,       0,       0,       0
 9.920, -0.3068000, 0.1442000 ,  9.6636000, 35.1715000, 34.9274000 , 29.9530000  , 0.6380000  , 8.6070000  , 11.4830000, 0.000000,       0,       0,       0
 9.930, -0.3116000, 0.1406000 ,  9.6648000, 35.1639000, 35.0037000 , 29.3503000  , 0.5350000  , 8.4530000  , 11.3840000, 0.000000,       0,       0,       0
 9.940, -0.3260000, 0.1370000 ,  9.6660000, 35.1562000, 35.0723000 , 28.9536000  , 0.5120000  , 8.2360000  , 11.6310000, 0.000000,       0,       0,       0
 9.950, -0.3439000, 0.1358000 ,  9.6672000, 35.1410000, 35.1028000 , 28.8391000  , 0.4660000  , 8.2750000  , 11.3290000, 0.000000,       0,       0,       0
 9.960, -0.3535000, 0.1370000 ,  9.6684000, 35.1334000, 35.0952000 , 28.9154000  , 0.3580000  , 8.2320000  , 11.3260000, 0.000000,       0,       0,       0
 9.970, -0.3595000, 0.1418000 ,  9.6696000, 35.1181000, 35.0418000 , 29.1214000  , 0.6720000  , 8.3530000  , 11.7460000, 0.000000,       0,       0,       0
 9.980, -0.3583000, 0.1442000 ,  9.6696000, 35.1105000, 34.9884000 , 29.3655000  , 0.3260000  , 8.4300000  , 11.2870000, 0.000000,       0,       0,       0
 9.990, -0.3475000, 0.1465000 ,  9.6684000, 35.1028000, 34.9655000 , 29.5029000  , 0.3960000  , 8.3840000  , 11.2580000, 0.000000,       0,       0,       0
10.000, -0.3320000, 0.1418000 ,  9.6660000, 35.1028000, 35.0876000 , 29.0985000  , 0.3520000  , 8.2760000  , 11.4430000, 0.000000,       0,       0,       0
10.010, -0.3248000, 0.1370000 ,  9.6660000, 35.1181000, 35.1791000 , 28.5110000  , 0.4380000  , 8.2260000  , 11.2420000, 0.000000,       0,       0,       0
10.020, -0.3140000, 0.1310000 ,  9.6648000, 35.1486000, 35.2631000 , 27.5497000  , 0.5090000  , 8.1900000  , 11.1680000, 0.000000,       0,       0,       0
10.030, -0.3057000, 0.1262000 ,  9.6660000, 35.1715000, 35.3088000 , 26.1230000  , 0.6010000  , 8.2890000  , 11.2590000, 0.000000,       0,       0,       0
10.040, -0.2901000, 0.1274000 ,  9.6672000, 35.2097000, 35.3775000 , 24.2004000  , 0.7400000  , 8.3420000  , 11.2290000, 0.000000,       0,       0,       0
10.050, -0.2710000, 0.1358000 ,  9.6660000, 35.2325000, 35.4385000 , 21.9040000  , 0.5370000  , 8.2820000  , 11.0130000, 0.000000,       0,       0,       0
10.060, -0.2506000, 0.1442000 ,  9.6648000, 35.2631000, 35.4691000 , 19.6228000  , 0.4320000  , 8.1770000  , 11.1220000, 0.000000,       0,       0,       0
10.070, -0.2422000, 0.1453000 ,  9.6612000, 35.2859000, 35.4691000 , 17.5781000  , 0.5870000  , 7.9520000  , 10.7490000, 0.000000,       0,       0,       0
10.080, -0.2614000, 0.1358000 ,  9.6624000, 35.3088000, 35.4691000 , 15.8997000  , 0.6040000  , 7.9260000  , 11.1320000, 0.000000,       0,       0,       0
10.090, -0.2973000, 0.1226000 ,  9.6660000, 35.3088000, 35.5148000 , 14.6790000  , 0.5780000  , 8.1650000  , 10.5730000, 0.000000,       0,       0,       0
10.100, -0.3308000, 0.1142000 ,  9.6672000, 35.2936000, 35.5606000 , 14.0152000  , 0.7400000  , 7.8680000  , 10.7140000, 0.000000,       0,       0,       0
10.110, -0.3391000, 0.1166000 ,  9.6636000, 35.2783000, 35.6216000 , 13.9389000  , 0.7160000  , 7.7290000  , 10.6160000, 0.000000,       0,       0,       0
10.120, -0.3236000, 0.1310000 ,  9.6636000, 35.2707000, 35.6522000 , 14.2746000  , 0.9030000  , 7.7300000  , 10.8970000, 0.000000,       0,       0,       0
10.130, -0.3009000, 0.1537000 ,  9.6720000, 35.2631000, 35.6369000 , 14.5721000  , 0.8310000  , 7.7580000  , 10.6900000, 0.000000,       0,       0,       0
10.140, -0.2769000, 0.1717000 ,  9.6780000, 35.2707000, 35.5606000 , 14.3890000  , 0.9720000  , 7.5400000  , 10.2930000, 0.000000,       0,       0,       0
10.150, -0.2614000, 0.1765000 ,  9.6720000, 35.3012000, 35.4538000 , 13.5345000  , 1.1080000  , 7.5110000  , 10.6880000, 0.000000,       0,       0,       0
10.160, -0.2518000, 0.1645000 ,  9.6636000, 35.3546000, 35.3546000 , 12.1765000  , 0.8470000  , 6.9620000  , 10.7850000, 0.000000,       0,       0,       0
10.170, -0.2446000, 0.1358000 ,  9.6612000, 35.4156000, 35.3012000 , 10.5972000  , 0.9450000  , 7.3550000  , 10.4410000, 0.000000,       0,       0,       0
10.180, -0.2518000, 0.1095000 ,  9.6612000, 35.4538000, 35.3088000 , 9.0103000   , 1.0220000  , 6.9720000  , 10.9430000, 0.000000,       0,       0,       0
10.190, -0.2698000, 0.0975000 ,  9.6552000, 35.4614000, 35.3851000 , 7.5760000   , 1.0970000  , 7.3280000  , 10.8350000, 0.000000,       0,       0,       0
10.200, -0.2853000, 0.1035000 ,  9.6588000, 35.4691000, 35.5072000 , 6.5765000   , 1.3230000  , 7.0590000  , 10.4270000, 0.000000,       0,       0,       0
10.210, -0.3009000, 0.1334000 ,  9.6792000, 35.4385000, 35.6216000 , 5.9204000   , 1.1490000  , 6.9700000  , 10.2220000, 0.000000,       0,       0,       0
10.220, -0.3200000, 0.1860000 ,  9.6887000, 35.3851000, 35.6979000 , 5.5161000   , 1.4350000  , 6.2870000  , 10.8000000, 0.000000,       0,       0,       0
10.230, -0.3380000, 0.2399000 ,  9.6756000, 35.3394000, 35.6827000 , 5.1041000   , 1.0570000  , 6.2020000  , 11.6430000, 0.000000,       0,       0,       0
10.240, -0.3380000, 0.2745000 ,  9.6612000, 35.3394000, 35.6445000 , 4.5013000   , 1.3450000  , 6.5210000  , 10.6830000, 0.000000,       0,       0,       0
10.250, -0.3152000, 0.2757000 ,  9.6672000, 35.3470000, 35.6140000 , 3.6011000   , 1.3470000  , 6.2630000  , 10.9780000, 0.000000,       0,       0,       0
10.260, -0.2853000, 0.2530000 ,  9.6792000, 35.3394000, 35.5988000 , 2.4261000   , 1.7740000  , 5.8440000  , 11.2940000, 0.000000,       0,       0,       0
10.270, -0.2734000, 0.2183000 ,  9.6720000, 35.3470000, 35.5759000 , 0.9308000   , 1.6510000  , 5.9720000  , 10.3520000, 0.000000,       0,       0,       0
10.280, -0.2913000, 0.1788000 ,  9.6576000, 35.3699000, 35.5377000 , -0.6638000  , 1.7360000  , 6.1150000  , 10.8480000, 0.000000,       0,       0,       0
10.290, -0.3272000, 0.1346000 ,  9.6588000, 35.4004000, 35.5301000 , -2.0752000  , 1.4870000  , 5.5130000  , 11.1320000, 0.000000,       0,       0,       0
10.300, -0.3738000, 0.0999000 ,  9.6696000, 35.4004000, 35.5606000 , -2.9907000  , 1.5230000  , 5.4190000  , 10.8320000, 0.000000,       0,       0,       0
10.310, -0.4061000, 0.0831000 ,  9.6684000, 35.3775000, 35.6522000 , -3.5706000  , 1.3780000  , 5.3670000  , 11.3130000, 0.000000,       0,       0,       0
10.320, -0.4181000, 0.0831000 ,  9.6612000, 35.3546000, 35.7819000 , -4.1504000  , 1.5900000  , 5.1700000  , 11.0180000, 0.000000,       0,       0,       0
10.330, -0.4229000, 0.0999000 ,  9.6600000, 35.3470000, 35.8582000 , -4.5471000  , 1.6050000  , 4.9910000  , 10.7100000, 0.000000,       0,       0,       0
10.340, -0.4217000, 0.1107000 ,  9.6696000, 35.3622000, 35.8887000 , -4.8447000  , 1.9260000  , 5.1700000  , 11.2740000, 0.000000,       0,       0,       0
10.350, -0.4277000, 0.1071000 ,  9.6696000, 35.3928000, 35.8582000 , -5.0430000  , 1.9390000  , 4.8670000  , 10.8440000, 0.000000,       0,       0,       0
10.360, -0.4492000, 0.0831000 ,  9.6588000, 35.4385000, 35.8047000 , -6.0120000  , 1.8300000  , 4.3040000  , 10.4500000, 0.000000,       0,       0,       0
10.370, -0.4683000, 0.0389000 ,  9.6541000, 35.4996000, 35.7361000 , -8.0719000  , 1.5710000  , 4.1450000  , 10.7350000, 0.000000,       0,       0,       0
10.380, -0.4683000, -0.0042000,  9.6588000, 35.5530000, 35.7056000 , -10.7803000 , 1.8780000  , 3.9710000  , 10.4140000, 0.000000,       0,       0,       0
10.390, -0.4468000, -0.0365000,  9.6624000, 35.5835000, 35.7056000 , -13.5956000 , 1.8390000  , 3.9250000  , 10.8820000, 0.000000,       0,       0,       0
10.400, -0.4205000, -0.0317000,  9.6576000, 35.6140000, 35.7361000 , -15.9683000 , 2.0090000  , 4.0670000  , 11.7000000, 0.000000,       0,       0,       0
10.410, -0.4026000, 0.0018000 ,  9.6564000, 35.6293000, 35.8200000 , -17.5781000 , 2.1060000  , 3.6610000  , 10.9350000, 0.000000,       0,       0,       0
10.420, -0.3750000, 0.0449000 ,  9.6648000, 35.6293000, 35.9192000 , -18.3334000 , 2.0160000  , 3.2180000  , 10.5210000, 0.000000,       0,       0,       0
10.430, -0.3403000, 0.0819000 ,  9.6696000, 35.6140000, 36.0031000 , -18.2800000 , 1.8820000  , 3.2640000  , 11.1370000, 0.000000,       0,       0,       0
10.440, -0.3296000, 0.1154000 ,  9.6672000, 35.6140000, 36.0489000 , -18.1885000 , 1.7870000  , 2.8300000  , 10.9690000, 0.000000,       0,       0,       0
10.450, -0.3368000, 0.1394000 ,  9.6636000, 35.6293000, 36.0489000 , -18.8065000 , 2.0230000  , 2.9810000  , 10.5960000, 0.000000,       0,       0,       0
10.460, -0.3619000, 0.1477000 ,  9.6684000, 35.6598000, 35.9955000 , -20.4620000 , 2.3600000  , 2.4930000  , 10.6440000, 0.000000,       0,       0,       0
10.470, -0.3906000, 0.1418000 ,  9.6744000, 35.6674000, 35.9573000 , -22.9950000 , 2.2580000  , 2.0170000  , 10.6780000, 0.000000,       0,       0,       0
10.480, -0.3703000, 0.1178000 ,  9.6708000, 35.6598000, 36.0031000 , -25.6500000 , 2.3570000  , 1.9870000  , 10.4500000, 0.000000,       0,       0,       0
10.490, -0.3021000, 0.0915000 ,  9.6648000, 35.6522000, 36.0947000 , -27.5269000 , 2.2850000  , 1.7420000  , 10.7650000, 0.000000,       0,       0,       0
10.500, -0.2279000, 0.0724000 ,  9.6660000, 35.6293000, 36.2091000 , -28.2745000 , 2.1680000  , 1.4950000  , 10.2600000, 0.000000,       0,       0,       0
10.510, -0.1753000, 0.0760000 ,  9.6720000, 35.5988000, 36.3083000 , -27.9236000 , 2.4120000  , 1.3580000  , 10.0850000, 0.000000,       0,       0,       0
10.520, -0.1705000, 0.1035000 ,  9.6720000, 35.5606000, 36.3922000 , -26.9699000 , 2.1400000  , 1.0930000  , 10.7240000, 0.000000,       0,       0,       0
10.530, -0.1920000, 0.1358000 ,  9.6660000, 35.5301000, 36.4761000 , -25.9781000 , 2.0090000  , 0.9540000  , 11.1320000, 0.000000,       0,       0,       0
10.540, -0.2147000, 0.1669000 ,  9.6660000, 35.4996000, 36.5295000 , -25.0854000 , 1.9860000  , 1.0750000  , 11.2540000, 0.000000,       0,       0,       0
10.550, -0.2399000, 0.2111000 ,  9.6732000, 35.4843000, 36.5143000 , -24.2996000 , 2.0350000  , 0.7430000  , 10.3340000, 0.000000,       0,       0,       0
10.560, -0.2590000, 0.2470000 ,  9.6768000, 35.4767000, 36.4532000 , -23.7503000 , 2.2950000  , 0.4140000  , 10.4700000, 0.000000,       0,       0,       0
10.570, -0.2781000, 0.2734000 ,  9.6720000, 35.4614000, 36.3617000 , -23.3002000 , 2.1470000  , 0.0430000  , 10.4450000, 0.000000,       0,       0,       0
10.580, -0.2745000, 0.2901000 ,  9.6684000, 35.4614000, 36.2473000 , -22.9874000 , 2.2790000  , -0.2340000 , 10.7160000, 0.000000,       0,       0,       0
10.590, -0.3451000, 0.2853000 ,  9.6672000, 35.4767000, 36.1176000 , -22.2321000 , 2.2310000  , -0.1750000 , 10.9410000, 0.000000,       0,       0,       0
10.600, -0.4396000, 0.3176000 ,  9.6672000, 35.5377000, 35.9421000 , -21.4920000 , 2.5840000  , -0.4090000 , 10.7790000, 0.000000,       0,       0,       0
10.610, -0.5318000, 0.3200000 ,  9.6636000, 35.5911000, 35.8276000 , -21.7056000 , 2.2800000  , -1.0100000 , 10.7660000, 0.000000,       0,       0,       0
10.620, -0.5952000, 0.2817000 ,  9.6624000, 35.6216000, 35.8505000 , -22.6898000 , 1.9720000  , -1.2760000 , 11.3940000, 0.000000,       0,       0,       0
10.630, -0.5533000, 0.1633000 ,  9.6720000, 35.5759000, 36.1099000 , -25.2609000 , 2.1220000  , -1.3910000 , 10.3340000, 0.000000,       0,       0,       0
10.640, -0.4743000, 0.0724000 ,  9.6732000, 35.4614000, 36.4075000 , -26.9012000 , 2.1560000  , -1.5590000 , 10.3060000, 0.000000,       0,       0,       0
10.650, -0.3966000, -0.0054000,  9.6684000, 35.3546000, 36.7508000 , -27.3285000 , 1.9990000  , -1.8880000 , 10.9690000, 0.000000,       0,       0,       0
10.660, -0.3260000, -0.0377000,  9.6624000, 35.3012000, 36.9949000 , -26.4359000 , 2.3760000  , -2.1430000 , 10.8450000, 0.000000,       0,       0,       0
10.670, -0.3284000, -0.0042000,  9.6636000, 35.3012000, 37.0178000 , -24.8184000 , 1.9800000  , -1.7790000 , 10.2530000, 0.000000,       0,       0,       0
10.680, -0.3834000, 0.0939000 ,  9.6624000, 35.3546000, 36.8805000 , -23.4680000 , 2.2030000  , -2.3310000 , 10.0740000, 0.000000,       0,       0,       0
10.690, -0.4444000, 0.1992000 ,  9.6600000, 35.4996000, 36.5448000 , -23.2086000 , 2.0460000  , -2.5460000 , 10.6190000, 0.000000,       0,       0,       0
10.700, -0.4755000, 0.2566000 ,  9.6600000, 35.6674000, 36.1404000 , -23.9410000 , 2.1090000  , -2.8710000 , 11.7780000, 0.000000,       0,       0,       0
10.710, -0.5066000, 0.2686000 ,  9.6660000, 35.7742000, 35.8734000 , -25.6042000 , 1.9190000  , -3.1910000 , 10.5840000, 0.000000,       0,       0,       0
10.720, -0.5078000, 0.2434000 ,  9.6684000, 35.8658000, 35.7285000 , -27.9388000 , 1.9010000  , -3.9140000 , 11.3310000, 0.000000,       0,       0,       0
10.730, -0.5270000, 0.2195000 ,  9.6660000, 35.9421000, 35.6903000 , -32.2266000 , 1.6530000  , -3.9190000 , 11.0140000, 0.000000,       0,       0,       0
10.740, -0.5234000, 0.1274000 ,  9.6624000, 36.0184000, 35.8582000 , -37.3383000 , 1.7910000  , -4.4770000 , 11.0240000, 0.000000,       0,       0,       0
10.750, -0.4863000, 0.0185000 ,  9.6636000, 36.0336000, 36.1404000 , -41.2598000 , 1.3970000  , -4.8370000 , 10.3670000, 0.000000,       0,       0,       0
10.760, -0.4313000, -0.0867000,  9.6648000, 36.0031000, 36.4990000 , -43.5486000 , 1.4760000  , -5.3040000 , 10.7100000, 0.000000,       0,       0,       0
10.770, -0.3894000, -0.1394000,  9.6600000, 35.9497000, 36.8042000 , -43.8766000 , 1.6110000  , -5.1400000 ,  9.7070000, 0.000000,       0,       0,       0
10.780, -0.3822000, -0.0867000,  9.6576000, 35.9192000, 36.9110000 , -43.2510000 , 1.5320000  , -5.3340000 ,  9.7840000, 0.000000,       0,       0,       0
10.790, -0.4037000, 0.0257000 ,  9.6636000, 35.8963000, 36.8729000 , -43.1671000 , 1.4740000  , -5.7520000 ,  9.7380000, 0.000000,       0,       0,       0
10.800, -0.4229000, 0.1346000 ,  9.6696000, 35.8963000, 36.7355000 , -44.2352000 , 1.5540000  , -5.9590000 , 10.3530000, 0.000000,       0,       0,       0
10.810, -0.4145000, 0.1932000 ,  9.6672000, 35.9116000, 36.5524000 , -45.9900000 , 1.3790000  , -6.1270000 , 10.1770000, 0.000000,       0,       0,       0
10.820, -0.3786000, 0.1824000 ,  9.6612000, 35.9497000, 36.3541000 , -47.3099000 , 1.2390000  , -6.8360000 , 10.0650000, 0.000000,       0,       0,       0
10.830, -0.3415000, 0.1262000 ,  9.6588000, 35.9955000, 36.1557000 , -47.2336000 , 0.9690000  , -6.9920000 , 10.6480000, 0.000000,       0,       0,       0
10.840, -0.3391000, 0.0640000 ,  9.6660000, 35.9879000, 36.0870000 , -45.6924000 , 0.9580000  , -7.3920000 , 10.0660000, 0.000000,       0,       0,       0
10.850, -0.3750000, 0.0496000 ,  9.6708000, 35.8963000, 36.2473000 , -43.3807000 , 0.7170000  , -7.1880000 , 10.2700000, 0.000000,       0,       0,       0
10.860, -0.4205000, 0.0796000 ,  9.6660000, 35.7895000, 36.4838000 , -41.4886000 , 0.4990000  , -7.7530000 , 10.4120000, 0.000000,       0,       0,       0
10.870, -0.4097000, 0.1693000 ,  9.6576000, 35.9421000, 36.5601000 , -42.3660000 , 0.5210000  , -8.0760000 , 10.5010000, 0.000000,       0,       0,       0
10.880, -0.4169000, 0.1812000 ,  9.6684000, 36.2854000, 36.6974000 , -45.8298000 , 0.3540000  , -8.7260000 , 11.0280000, 0.000000,       0,       0,       0
10.890, -0.3188000, 0.2123000 ,  9.6624000, 36.4151000, 36.6592000 , -46.9589000 , 0.1390000  , -9.3290000 , 11.0020000, 0.000000,       0,       0,       0
10.900, -0.2757000, 0.1980000 ,  9.6612000, 36.3693000, 36.5982000 , -47.0428000 , -0.0470000 , -9.3640000 , 11.1290000, 0.000000,       0,       0,       0
10.910, -0.2303000, 0.2028000 ,  9.6505000, 36.1481000, 36.0794000 , -46.2418000 , 0.2990000  , -9.0030000 , 11.0380000, 0.000000,       0,       0,       0
10.920, -0.3057000, 0.1250000 ,  9.6612000, 36.0184000, 35.4233000 , -45.0897000 , 0.1060000  , -9.7500000 , 10.7700000, 0.000000,       0,       0,       0
10.930, -0.3930000, 0.0413000 ,  9.6564000, 35.9497000, 35.0952000 , -43.7775000 , -0.4400000 , -9.9680000 , 10.5740000, 0.000000,       0,       0,       0
10.940, -0.4971000, -0.0185000,  9.6445000, 35.9421000, 34.6680000 , -42.8696000 , -0.4540000 , -9.9880000 , 10.4010000, 0.000000,       0,       0,       0
10.950, -0.5318000, -0.0305000,  9.6325000, 35.9726000, 33.6838000 , -42.4500000 , -0.7400000 , -9.9460000 , 10.4590000, 0.000000,       0,       0,       0
10.960, -0.5222000, -0.0150000,  9.6421000, 35.9192000, 32.4631000 , -42.1219000 , -0.6840000 , -10.6300000, 10.5110000, 0.000000,       0,       0,       0
10.970, -0.5162000, -0.0030000,  9.6648000, 35.7590000, 32.0816000 , -41.8472000 , -1.1950000 , -10.8630000, 11.1350000, 0.000000,       0,       0,       0
10.980, -0.4827000, 0.0138000 ,  9.6684000, 35.5606000, 32.5012000 , -41.9922000 , -0.9470000 , -11.2250000, 10.4530000, 0.000000,       0,       0,       0
10.990, -0.3762000, 0.0604000 ,  9.6720000, 35.3699000, 33.1879000 , -42.3889000 , -1.3310000 , -11.2730000, 10.8760000, 0.000000,       0,       0,       0
11.000, -0.2411000, 0.0951000 ,  9.6804000, 35.1410000, 34.0729000 , -42.7017000 , -1.4770000 , -11.8070000, 10.4710000, 0.000000,       0,       0,       0
11.010, -0.1274000, 0.1059000 ,  9.6840000, 34.8969000, 34.9350000 , -41.6565000 , -1.9630000 , -12.3310000, 10.4270000, 0.000000,       0,       0,       0
11.020, -0.1226000, 0.0604000 ,  9.6780000, 34.7977000, 35.7590000 , -38.6963000 , -1.6790000 , -12.4420000, 10.9530000, 0.000000,       0,       0,       0
11.030, -0.2363000, 0.0006000 ,  9.6636000, 34.8053000, 36.3464000 , -34.0424000 , -2.0900000 , -12.4950000, 10.6930000, 0.000000,       0,       0,       0
11.040, -0.3738000, -0.0185000,  9.6493000, 34.8740000, 36.6135000 , -28.3127000 , -2.0100000 , -12.5160000, 11.1660000, 0.000000,       0,       0,       0
11.050, -0.4576000, 0.0090000 ,  9.6493000, 35.0342000, 36.4227000 , -22.3389000 , -1.9840000 , -12.6910000, 10.8490000, 0.000000,       0,       0,       0
11.060, -0.5018000, 0.0556000 ,  9.6517000, 35.1791000, 36.1099000 , -17.7536000 , -2.2740000 , -12.6660000, 11.0300000, 0.000000,       0,       0,       0
11.070, -0.4947000, 0.1071000 ,  9.6493000, 35.2936000, 35.8276000 , -15.6021000 , -2.3330000 , -13.1050000, 10.1910000, 0.000000,       0,       0,       0
11.080, -0.4432000, 0.1418000 ,  9.6517000, 35.3928000, 35.6522000 , -15.7166000 , -2.5250000 , -13.1330000, 10.6460000, 0.000000,       0,       0,       0
11.090, -0.3607000, 0.1406000 ,  9.6612000, 35.4614000, 35.5530000 , -16.9983000 , -2.4540000 , -13.1480000, 10.6840000, 0.000000,       0,       0,       0
11.100, -0.2542000, 0.0999000 ,  9.6660000, 35.5377000, 35.5530000 , -18.0359000 , -2.6850000 , -13.2730000, 10.8060000, 0.000000,       0,       0,       0
11.110, -0.1358000, 0.0150000 ,  9.6612000, 35.5301000, 35.7513000 , -17.5476000 , -2.6550000 , -13.2430000, 10.5990000, 0.000000,       0,       0,       0
11.120, -0.1059000, -0.0676000,  9.6552000, 35.4614000, 35.7666000 , -16.6550000 , -2.7150000 , -13.3750000, 11.2410000, 0.000000,       0,       0,       0
11.130, -0.1776000, -0.0879000,  9.6588000, 35.3394000, 35.9039000 , -16.7236000 , -3.3680000 , -13.5350000, 11.4350000, 0.000000,       0,       0,       0
11.140, -0.2913000, -0.0700000,  9.6636000, 35.2020000, 36.1633000 , -17.2806000 , -3.3280000 , -13.9190000, 10.7260000, 0.000000,       0,       0,       0
11.150, -0.4061000, -0.0544000,  9.6600000, 35.1028000, 36.3693000 , -18.2953000 , -3.3330000 , -14.0460000, 11.9540000, 0.000000,       0,       0,       0
11.160, -0.4683000, -0.0413000,  9.6517000, 35.0876000, 36.4838000 , -19.4473000 , -3.5510000 , -14.2290000, 11.4950000, 0.000000,       0,       0,       0
11.170, -0.4456000, -0.0425000,  9.6576000, 35.0952000, 36.6211000 , -20.4620000 , -3.3550000 , -14.4570000, 11.2970000, 0.000000,       0,       0,       0
11.180, -0.3714000, -0.0592000,  9.6648000, 35.0342000, 36.8500000 , -20.9198000 , -3.8900000 , -14.3460000, 11.5930000, 0.000000,       0,       0,       0
11.190, -0.2590000, -0.0484000,  9.6564000, 35.0418000, 36.7508000 , -19.7906000 , -3.9690000 , -14.4690000, 10.7990000, 0.000000,       0,       0,       0
11.200, -0.1657000, 0.0245000 ,  9.6493000, 35.2020000, 36.3083000 , -16.6702000 , -3.9570000 , -14.5500000, 10.7960000, 0.000000,       0,       0,       0
11.210, -0.1501000, 0.1406000 ,  9.6529000, 35.2402000, 35.8124000 , -13.0692000 , -3.8710000 , -14.7950000, 10.9430000, 0.000000,       0,       0,       0
11.220, -0.2064000, 0.2339000 ,  9.6612000, 35.1639000, 35.2936000 , -10.0479000 , -4.2840000 , -15.2310000, 10.9530000, 0.000000,       0,       0,       0
11.230, -0.2817000, 0.2853000 ,  9.6648000, 35.0571000, 34.7214000 , -7.6599000  , -4.3240000 , -14.9050000, 10.3500000, 0.000000,       0,       0,       0
11.240, -0.3140000, 0.2817000 ,  9.6624000, 34.9884000, 34.2636000 , -5.9433000  , -4.3470000 , -15.0650000, 10.7600000, 0.000000,       0,       0,       0
11.250, -0.2877000, 0.2363000 ,  9.6648000, 34.9808000, 34.1568000 , -5.0430000  , -4.4430000 , -14.8090000, 11.1220000, 0.000000,       0,       0,       0
11.260, -0.2434000, 0.1202000 ,  9.6768000, 35.1105000, 34.5230000 , -4.2267000  , -4.7120000 , -15.5170000, 10.7440000, 0.000000,       0,       0,       0
11.270, -0.2590000, 0.0628000 ,  9.6696000, 35.1486000, 34.9960000 , -4.5395000  , -4.1110000 , -15.2670000, 10.8870000, 0.000000,       0,       0,       0
11.280, -0.2470000, 0.0484000 ,  9.6612000, 34.9731000, 34.9731000 , -5.5466000  , -4.3780000 , -15.1460000, 10.4000000, 0.000000,       0,       0,       0
11.290, -0.3655000, 0.0078000 ,  9.6612000, 34.9197000, 34.8511000 , -7.4234000  , -4.9030000 , -15.5010000, 10.9850000, 0.000000,       0,       0,       0
11.300, -0.4325000, 0.0461000 ,  9.6612000, 34.8434000, 35.0189000 , -8.6823000  , -5.0320000 , -15.5230000, 11.0250000, 0.000000,       0,       0,       0
11.310, -0.4695000, 0.0317000 ,  9.6564000, 34.7137000, 35.0342000 , -9.0714000  , -5.3760000 , -16.0840000, 10.5800000, 0.000000,       0,       0,       0
11.320, -0.4660000, 0.0317000 ,  9.6493000, 34.5993000, 34.4772000 , -8.9493000  , -5.2190000 , -15.9400000, 11.1930000, 0.000000,       0,       0,       0
11.330, -0.3846000, 0.0437000 ,  9.6517000, 34.5764000, 33.5922000 , -8.2169000  , -5.3630000 , -16.1500000, 10.7020000, 0.000000,       0,       0,       0
11.340, -0.2949000, 0.0054000 ,  9.6600000, 34.6527000, 32.9590000 , -7.9803000  , -5.7190000 , -15.8100000, 10.8250000, 0.000000,       0,       0,       0
11.350, -0.2243000, -0.0807000,  9.6648000, 34.6451000, 32.6614000 , -7.5302000  , -5.8360000 , -15.9490000, 10.9820000, 0.000000,       0,       0,       0
11.360, -0.2111000, -0.1908000,  9.6684000, 34.5840000, 32.7606000 , -6.3705000  , -5.9120000 , -15.9110000, 10.6580000, 0.000000,       0,       0,       0
11.370, -0.2578000, -0.2626000,  9.6696000, 34.5230000, 33.2184000 , -4.9667000  , -5.8510000 , -15.9000000, 10.6870000, 0.000000,       0,       0,       0
11.380, -0.3092000, -0.2578000,  9.6648000, 34.4849000, 33.9203000 , -3.8528000  , -5.8020000 , -16.0450000, 10.3210000, 0.000000,       0,       0,       0
11.390, -0.3380000, -0.2123000,  9.6696000, 34.6222000, 34.5993000 , -3.5019000  , -6.1420000 , -16.0420000,  9.9710000, 0.000000,       0,       0,       0
11.400, -0.3021000, -0.1776000,  9.6744000, 34.5535000, 35.6750000 , -3.5782000  , -6.0470000 , -16.4560000, 10.0170000, 0.000000,       0,       0,       0
11.410, -0.2040000, -0.1633000,  9.6672000, 34.5306000, 36.4685000 , -3.3340000  , -6.3220000 , -16.3520000, 10.9010000, 0.000000,       0,       0,       0
11.420, -0.1011000, -0.1513000,  9.6684000, 34.5383000, 36.9797000 , -2.3727000  , -6.3360000 , -16.5520000, 10.8660000, 0.000000,       0,       0,       0
11.430, -0.0580000, -0.1202000,  9.6828000, 34.4238000, 37.6740000 , -0.6943000  , -6.3400000 , -16.8440000, 10.3480000, 0.000000,       0,       0,       0
11.440, -0.0879000, -0.0867000,  9.6804000, 34.3933000, 38.8260000 , 1.7166000   , -6.6580000 , -16.8830000, 10.3190000, 0.000000,       0,       0,       0
11.450, -0.1130000, -0.0484000,  9.6816000, 34.3094000, 39.5737000 , 5.0812000   , -6.5050000 , -17.0310000, 10.5020000, 0.000000,       0,       0,       0
11.460, -0.1944000, -0.0066000,  9.6708000, 34.1187000, 39.6347000 , 8.7051000   , -6.8310000 , -16.8280000, 11.1560000, 0.000000,       0,       0,       0
11.470, -0.3092000, 0.0484000 ,  9.6505000, 34.0500000, 39.0778000 , 12.1307000  , -6.9440000 , -16.5950000, 10.2720000, 0.000000,       0,       0,       0
11.480, -0.4026000, 0.0831000 ,  9.6445000, 34.1110000, 38.1927000 , 14.8621000  , -6.8220000 , -17.1050000, 10.1620000, 0.000000,       0,       0,       0
11.490, -0.4456000, 0.0736000 ,  9.6433000, 34.2255000, 37.3230000 , 16.6931000  , -6.6190000 , -16.7930000, 10.6110000, 0.000000,       0,       0,       0
11.500, -0.4600000, 0.0293000 ,  9.6373000, 34.4086000, 36.4609000 , 17.6163000  , -6.2540000 , -16.9660000, 10.1630000, 0.000000,       0,       0,       0
11.510, -0.4372000, -0.0401000,  9.6421000, 34.6451000, 35.7895000 , 17.7689000  , -6.8000000 , -17.0830000, 10.2800000, 0.000000,       0,       0,       0
11.520, -0.3499000, -0.1011000,  9.6660000, 34.7748000, 35.7361000 , 17.3569000  , -6.9760000 , -16.8860000, 10.3320000, 0.000000,       0,       0,       0
11.530, -0.2363000, -0.1047000,  9.6923000, 34.7519000, 37.0255000 , 16.4948000  , -6.9430000 , -17.1400000, 10.3430000, 0.000000,       0,       0,       0
11.540, -0.1753000, -0.0437000,  9.6852000, 34.7214000, 38.5284000 , 16.2277000  , -7.0470000 , -17.0510000, 10.5610000, 0.000000,       0,       0,       0
11.550, -0.2745000, 0.1453000 ,  9.6529000, 34.7824000, 39.6042000 , 15.5640000  , -7.2190000 , -17.3310000, 10.8900000, 0.000000,       0,       0,       0
11.560, -0.5473000, 0.3810000 ,  9.6098000, 35.1791000, 39.3066000 , 14.2517000  , -7.0340000 , -17.3890000, 10.1040000, 0.000000,       0,       0,       0
11.570, -0.7184000, 0.4971000 ,  9.6421000, 35.5453000, 38.1851000 , 11.5204000  , -7.0670000 , -16.9490000,  9.6980000, 0.000000,       0,       0,       0
11.580, -0.7100000, 0.4432000 ,  9.6840000, 35.4309000, 37.5671000 , 8.9417000   , -7.3070000 , -17.0320000, 10.6340000, 0.000000,       0,       0,       0
11.590, -0.6598000, 0.1561000 ,  9.6672000, 35.2097000, 37.0483000 , 6.3782000   , -7.4490000 , -17.4040000, 10.6410000, 0.000000,       0,       0,       0
11.600, -0.5700000, -0.0927000,  9.6648000, 35.0037000, 36.6898000 , 3.5782000   , -7.3570000 , -17.5270000, 10.5710000, 0.000000,       0,       0,       0
11.610, -0.4468000, -0.1932000,  9.6541000, 34.8206000, 36.6516000 , 1.1520000   , -7.6980000 , -17.4960000,  9.9880000, 0.000000,       0,       0,       0
11.620, -0.3643000, -0.1537000,  9.6433000, 34.8129000, 36.5524000 , -1.0376000  , -7.7650000 , -17.7350000, 10.1220000, 0.000000,       0,       0,       0
11.630, -0.3607000, -0.0329000,  9.6313000, 35.0113000, 36.2701000 , -3.0899000  , -7.5270000 , -17.3810000, 10.3340000, 0.000000,       0,       0,       0
11.640, -0.4085000, 0.0951000 ,  9.6182000, 35.4004000, 35.7056000 , -4.6997000  , -7.7450000 , -17.9750000,  9.8550000, 0.000000,       0,       0,       0
11.650, -0.4576000, 0.1848000 ,  9.6325000, 35.8734000, 35.5835000 , -5.3406000  , -8.2390000 , -17.9750000, 10.1510000, 0.000000,       0,       0,       0
11.660, -0.4875000, 0.2159000 ,  9.6576000, 36.2854000, 36.3998000 , -4.9744000  , -8.1050000 , -18.6670000, 10.2540000, 0.000000,       0,       0,       0
11.670, -0.5066000, 0.1872000 ,  9.6636000, 36.5829000, 37.3459000 , -4.1428000  , -8.1790000 , -18.5250000,  9.8720000, 0.000000,       0,       0,       0
11.680, -0.5018000, 0.1238000 ,  9.6552000, 36.7508000, 37.4451000 , -3.6392000  , -8.6350000 , -18.7390000, 10.3060000, 0.000000,       0,       0,       0
11.690, -0.4468000, 0.0736000 ,  9.6361000, 36.9034000, 36.5601000 , -4.0588000  , -8.4910000 , -18.8100000, 10.2520000, 0.000000,       0,       0,       0
11.700, -0.3068000, 0.0879000 ,  9.6289000, 37.1094000, 34.8129000 , -5.8746000  , -8.7050000 , -18.7100000, 10.1120000, 0.000000,       0,       0,       0
11.710, -0.1178000, 0.1418000 ,  9.6409000, 37.3001000, 32.8674000 , -9.6436000  , -8.8900000 , -18.3410000,  9.7400000, 0.000000,       0,       0,       0
11.720, 0.0401000 , 0.1836000 ,  9.6588000, 37.3611000, 31.3110000 , -15.1825000 , -9.1820000 , -18.7710000,  9.7760000, 0.000000,       0,       0,       0
11.730, 0.0688000 , 0.1585000 ,  9.6840000, 37.2162000, 30.6778000 , -20.9732000 , -9.2580000 , -18.4230000, 10.0120000, 0.000000,       0,       0,       0
11.740, 0.0114000 , 0.1047000 ,  9.6971000, 36.9186000, 31.2271000 , -25.0854000 , -9.6320000 , -18.8420000, 10.6580000, 0.000000,       0,       0,       0
11.750, -0.0461000, 0.0652000 ,  9.6983000, 36.5982000, 32.3257000 , -27.0309000 , -9.7210000 , -18.9250000,  9.6270000, 0.000000,       0,       0,       0
11.760, -0.0508000, 0.0532000 ,  9.6911000, 36.3312000, 33.4091000 , -27.6566000 , -10.0960000, -19.1850000,  9.4560000, 0.000000,       0,       0,       0
11.770, -0.0281000, 0.0628000 ,  9.6804000, 36.1633000, 34.4162000 , -28.4729000 , -10.3240000, -19.4010000,  9.7290000, 0.000000,       0,       0,       0
11.780, -0.0221000, 0.0951000 ,  9.6696000, 36.0641000, 35.0342000 , -30.8762000 , -10.6520000, -19.2560000,  9.6990000, 0.000000,       0,       0,       0
11.790, -0.0807000, 0.1286000 ,  9.6696000, 35.9726000, 35.3928000 , -35.1257000 , -10.9900000, -19.3360000, 10.0760000, 0.000000,       0,       0,       0
11.800, -0.1573000, 0.1717000 ,  9.6672000, 35.9192000, 35.8429000 , -40.4587000 , -11.3330000, -19.7960000, 10.2730000, 0.000000,       0,       0,       0
11.810, -0.1705000, 0.2339000 ,  9.6600000, 35.9650000, 36.1023000 , -46.5088000 , -11.6710000, -19.0860000, 10.0290000, 0.000000,       0,       0,       0
11.820, -0.1298000, 0.2877000 ,  9.6552000, 36.1252000, 35.9573000 , -53.2455000 , -12.1850000, -19.6250000, 10.6180000, 0.000000,       0,       0,       0
11.830, -0.0736000, 0.3260000 ,  9.6505000, 36.4990000, 35.4080000 , -60.3867000 , -12.2270000, -19.8390000, 10.3740000, 0.000000,       0,       0,       0
11.840, -0.0389000, 0.3308000 ,  9.6493000, 36.9415000, 34.1949000 , -67.4515000 , -12.5110000, -20.0740000, 10.4100000, 0.000000,       0,       0,       0
11.850, -0.0030000, 0.2291000 ,  9.6708000, 37.4680000, 33.1345000 , -73.9441000 , -13.1560000, -20.3550000, 10.1000000, 0.000000,       0,       0,       0
11.860, -0.1525000, -0.0365000,  9.6995000, 38.2309000, 32.8293000 , -78.5370000 , -13.6270000, -20.3960000, 11.0130000, 0.000000,       0,       0,       0
11.870, -0.4253000, -0.3356000,  9.7019000, 39.2151000, 32.9971000 , -76.8051000 , -13.4700000, -20.4690000, 10.2360000, 0.000000,       0,       0,       0
11.880, -0.6418000, -0.4265000,  9.6780000, 39.1617000, 33.5846000 , -68.6188000 , -14.1390000, -20.6380000, 10.4410000, 0.000000,       0,       0,       0
11.890, -0.7662000, -0.3703000,  9.6744000, 38.7802000, 34.1110000 , -56.4957000 , -14.2130000, -20.6110000, 11.0330000, 0.000000,       0,       0,       0
11.900, -0.8021000, -0.1920000,  9.6660000, 38.0249000, 34.5535000 , -37.1475000 , -14.3050000, -20.6680000, 10.3910000, 0.000000,       0,       0,       0
11.910, -0.7555000, -0.0676000,  9.6780000, 37.6968000, 34.6069000 , -26.6037000 , -14.7400000, -20.4220000, 10.6830000, 0.000000,       0,       0,       0
11.920, -0.7112000, 0.0437000 ,  9.6804000, 37.6129000, 34.5306000 , -18.9362000 , -14.6500000, -20.4250000, 10.5850000, 0.000000,       0,       0,       0
11.930, -0.6442000, 0.1465000 ,  9.6672000, 37.4985000, 34.4849000 , -14.0228000 , -14.8140000, -20.5320000, 10.5310000, 0.000000,       0,       0,       0
11.940, -0.5353000, 0.2219000 ,  9.6684000, 37.2238000, 35.0800000 , -11.4212000 , -15.1810000, -20.4620000, 10.3100000, 0.000000,       0,       0,       0
11.950, -0.4516000, 0.2458000 ,  9.6864000, 37.0102000, 36.6516000 , -10.3226000 , -15.4070000, -20.9330000, 10.9000000, 0.000000,       0,       0,       0
11.960, -0.4157000, 0.2207000 ,  9.6840000, 36.8881000, 38.8641000 , -9.5291000  , -15.4630000, -21.3780000, 10.4750000, 0.000000,       0,       0,       0
11.970, -0.4073000, 0.1776000 ,  9.6636000, 36.7355000, 40.6570000 , -8.5678000  , -15.6680000, -21.3970000, 10.5160000, 0.000000,       0,       0,       0
11.980, -0.3918000, 0.1382000 ,  9.6457000, 36.5829000, 41.2598000 , -7.5531000  , -15.6540000, -21.4260000, 10.0650000, 0.000000,       0,       0,       0
11.990, -0.3595000, 0.1047000 ,  9.6349000, 36.4914000, 40.6113000 , -6.4087000  , -15.7920000, -21.3920000, 10.8030000, 0.000000,       0,       0,       0
12.000, -0.3009000, 0.1023000 ,  9.6253000, 36.3541000, 39.4135000 , -4.9896000  , -15.8390000, -21.4390000, 10.6050000, 0.000000,       0,       0,       0
12.010, -0.1633000, 0.1442000 ,  9.6313000, 36.1557000, 37.8723000 , -3.8223000  , -16.1760000, -21.5050000,  9.8250000, 0.000000,       0,       0,       0
12.020, -0.0245000, 0.1980000 ,  9.6445000, 36.0794000, 36.3312000 , -3.3340000  , -16.3620000, -21.6560000, 10.3170000, 0.000000,       0,       0,       0
12.030, 0.0496000 , 0.2530000 ,  9.6564000, 36.0641000, 35.1257000 , -3.2501000  , -16.5330000, -21.5180000, 10.3280000, 0.000000,       0,       0,       0
12.040, 0.0616000 , 0.2805000 ,  9.6672000, 36.1023000, 34.6527000 , -3.4637000  , -16.6150000, -21.8010000, 10.8670000, 0.000000,       0,       0,       0
12.050, 0.0281000 , 0.2470000 ,  9.6708000, 36.1786000, 34.6680000 , -3.9215000  , -16.8840000, -21.6980000, 10.3630000, 0.000000,       0,       0,       0
12.060, -0.0520000, 0.1549000 ,  9.6852000, 36.3388000, 34.8282000 , -4.5090000  , -16.9490000, -21.7570000, 10.5490000, 0.000000,       0,       0,       0
12.070, -0.1992000, 0.0353000 ,  9.6971000, 36.5753000, 35.3622000 , -4.8523000  , -17.0270000, -21.8710000, 10.2780000, 0.000000,       0,       0,       0
12.080, -0.3870000, -0.0437000,  9.6995000, 36.8729000, 35.8047000 , -4.8752000  , -17.2580000, -21.7940000, 10.2890000, 0.000000,       0,       0,       0
12.090, -0.4827000, -0.0628000,  9.6672000, 37.1170000, 35.1944000 , -4.3335000  , -17.4300000, -20.8370000, 10.2230000, 0.000000,       0,       0,       0
12.100, -0.3631000, 0.0054000 ,  9.5165000, 36.8805000, 30.8380000 , -0.8163000  , -17.5570000, -20.7280000,  9.9920000, 0.000000,       0,       0,       0
12.110, -0.1884000, 0.1406000 ,  9.5165000, 35.3317000, 22.5677000 , 3.9597000   , -17.7550000, -21.2000000,  9.8160000, 0.000000,       0,       0,       0
12.120, -0.2446000, 0.1669000 ,  9.6971000, 34.0729000, 22.3846000 , 8.3847000   , -17.4900000, -21.3580000, 10.0490000, 0.000000,       0,       0,       0
12.130, -0.2004000, 0.0257000 ,  9.7725000, 34.6909000, 27.7023000 , 7.8430000   , -17.8710000, -21.0360000, 10.3660000, 0.000000,       0,       0,       0
12.140, -0.2147000, -0.0161000,  9.7904000, 36.0031000, 33.5541000 , 4.8599000   , -17.6310000, -21.3550000, 10.4610000, 0.000000,       0,       0,       0
12.150, -0.2865000, 0.0867000 ,  9.7821000, 37.2925000, 37.3993000 , 0.7782000   , -17.9630000, -21.3300000,  9.6320000, 0.000000,       0,       0,       0
12.160, -0.3451000, 0.2781000 ,  9.7330000, 38.1393000, 38.3987000 , -4.0131000  , -18.4890000, -21.4710000,  9.8330000, 0.000000,       0,       0,       0
12.170, -0.3463000, 0.4911000 ,  9.6756000, 38.3377000, 36.0260000 , -10.3302000 , -18.6360000, -21.2010000,  9.9820000, 0.000000,       0,       0,       0
12.180, -0.3140000, 0.6406000 ,  9.6373000, 37.8799000, 30.3879000 , -18.4784000 , -19.1860000, -21.7600000, 10.4210000, 0.000000,       0,       0,       0
12.190, -0.2494000, 0.6609000 ,  9.6301000, 36.9797000, 23.2697000 , -27.3361000 , -19.4960000, -21.5320000, 10.8830000, 0.000000,       0,       0,       0
12.200, -0.2171000, 0.5054000 ,  9.6397000, 36.0565000, 17.2653000 , -34.8282000 , -19.7090000, -21.5810000, 10.2760000, 0.000000,       0,       0,       0
12.210, -0.2147000, 0.2267000 ,  9.6648000, 35.4767000, 14.3509000 , -38.8031000 , -20.3400000, -21.5030000, 10.3730000, 0.000000,       0,       0,       0
12.220, -0.2327000, -0.0592000,  9.6899000, 35.4614000, 15.1596000 , -38.7421000 , -20.0640000, -21.2270000,  9.8940000, 0.000000,       0,       0,       0
12.230, -0.2961000, -0.2123000,  9.7031000, 35.9039000, 18.9972000 , -35.5682000 , -20.4760000, -21.1010000, 10.4980000, 0.000000,       0,       0,       0
12.240, -0.4157000, -0.2040000,  9.7103000, 36.5677000, 24.7421000 , -30.8075000 , -20.8320000, -21.1640000,  9.7500000, 0.000000,       0,       0,       0
12.250, -0.5126000, -0.0939000,  9.6899000, 37.2009000, 30.6625000 , -25.8789000 , -21.0670000, -21.1200000, 10.4750000, 0.000000,       0,       0,       0
12.260, -0.5353000, 0.0365000 ,  9.6493000, 37.4908000, 35.3622000 , -21.2402000 , -21.1720000, -21.3900000, 10.3340000, 0.000000,       0,       0,       0
12.270, -0.4576000, 0.0927000 ,  9.6325000, 37.5061000, 38.9404000 , -16.3345000 , -21.2800000, -21.2550000, 10.7820000, 0.000000,       0,       0,       0
12.280, -0.2722000, 0.0640000 ,  9.6624000, 37.6434000, 42.6788000 , -11.1618000 , -21.1840000, -21.3450000, 10.5230000, 0.000000,       0,       0,       0
12.290, -0.1178000, -0.0915000,  9.7474000, 38.4064000, 47.8973000 , -5.9280000  , -21.0850000, -21.1740000,  9.9920000, 0.000000,       0,       0,       0
12.300, -0.1406000, -0.2997000,  9.7761000, 39.7797000, 54.1687000 , -0.4044000  , -21.4540000, -21.2350000, 10.6880000, 0.000000,       0,       0,       0
12.310, -0.2853000, -0.2997000,  9.7234000, 40.8936000, 58.9218000 , 4.6616000   , -21.3650000, -21.3040000, 11.3330000, 0.000000,       0,       0,       0
12.320, -0.4648000, -0.1286000,  9.6373000, 41.1377000, 59.8907000 , 8.0414000   , -21.3680000, -20.9760000, 11.5420000, 0.000000,       0,       0,       0
12.330, -0.5916000, 0.0891000 ,  9.5799000, 40.5884000, 57.4036000 , 9.1934000   , -21.5280000, -21.0720000, 11.6980000, 0.000000,       0,       0,       0
12.340, -0.6071000, 0.2913000 ,  9.5619000, 39.6576000, 53.2990000 , 8.3771000   , -21.3240000, -20.8960000, 10.8400000, 0.000000,       0,       0,       0
12.350, -0.5018000, 0.4923000 ,  9.5703000, 38.6353000, 49.3088000 , 6.0883000   , -21.9510000, -21.0950000, 10.7010000, 0.000000,       0,       0,       0
12.360, -0.3679000, 0.6322000 ,  9.5978000, 37.7579000, 46.4401000 , 2.9984000   , -22.0440000, -21.2950000, 11.0790000, 0.000000,       0,       0,       0
12.370, -0.2853000, 0.6143000 ,  9.6349000, 37.2162000, 44.9448000 , -0.1678000  , -22.3860000, -21.1000000, 10.7150000, 0.000000,       0,       0,       0
12.380, -0.2590000, 0.4899000 ,  9.6899000, 37.1399000, 44.8761000 , -2.9831000  , -22.3750000, -21.5640000, 10.9750000, 0.000000,       0,       0,       0
12.390, -0.2973000, 0.3451000 ,  9.7414000, 37.6205000, 46.3867000 , -5.3101000  , -22.3270000, -21.5150000, 11.0050000, 0.000000,       0,       0,       0
12.400, -0.3786000, 0.2219000 ,  9.7677000, 38.5590000, 49.0189000 , -7.2250000  , -22.7010000, -21.8340000, 11.2870000, 0.000000,       0,       0,       0
12.410, -0.4636000, 0.1358000 ,  9.7617000, 39.7415000, 51.6129000 , -8.7814000  , -22.6480000, -21.7160000, 10.7750000, 0.000000,       0,       0,       0
12.420, -0.5329000, 0.0963000 ,  9.7330000, 40.8478000, 53.1769000 , -10.0632000 , -22.6090000, -21.6260000, 11.1840000, 0.000000,       0,       0,       0
12.430, -0.5808000, 0.0951000 ,  9.6983000, 41.7023000, 53.4897000 , -10.8566000 , -22.7940000, -21.3800000, 11.2900000, 0.000000,       0,       0,       0
12.440, -0.6227000, 0.1202000 ,  9.6648000, 42.2668000, 52.4063000 , -10.9329000 , -22.7310000, -21.2020000, 10.7750000, 0.000000,       0,       0,       0
12.450, -0.6574000, 0.1597000 ,  9.6517000, 42.6025000, 50.5600000 , -10.6201000 , -22.8980000, -21.0040000, 11.0210000, 0.000000,       0,       0,       0
12.460, -0.6992000, 0.2099000 ,  9.6588000, 42.8391000, 49.2477000 , -10.2844000 , -23.2120000, -20.7220000, 11.4630000, 0.000000,       0,       0,       0
12.470, -0.7590000, 0.2686000 ,  9.6505000, 43.2663000, 49.4308000 , -9.8877000  , -22.9750000, -20.6200000, 10.8940000, 0.000000,       0,       0,       0
12.480, -0.8201000, 0.3679000 ,  9.6385000, 43.2816000, 48.2559000 , -10.3760000 , -23.4430000, -20.6370000, 11.1430000, 0.000000,       0,       0,       0
12.490, -0.8308000, 0.4863000 ,  9.5871000, 42.6865000, 45.6467000 , -12.0087000 , -23.1650000, -20.4020000, 10.8890000, 0.000000,       0,       0,       0
12.500, -0.7878000, 0.5784000 ,  9.5416000, 41.6870000, 42.0380000 , -13.7329000 , -23.8120000, -20.6420000, 10.6680000, 0.000000,       0,       0,       0
12.510, -0.7279000, 0.6179000 ,  9.5081000, 40.4663000, 38.1546000 , -14.7476000 , -23.9970000, -20.5400000, 11.2180000, 0.000000,       0,       0,       0
12.520, -0.6681000, 0.6119000 ,  9.5129000, 39.2227000, 34.5001000 , -14.8544000 , -24.3210000, -20.5350000, 10.8580000, 0.000000,       0,       0,       0
12.530, -0.6275000, 0.5808000 ,  9.5284000, 38.1241000, 31.5323000 , -14.3356000 , -24.3980000, -20.3750000, 10.3320000, 0.000000,       0,       0,       0
12.540, -0.6227000, 0.5306000 ,  9.5524000, 37.2009000, 29.2816000 , -13.6261000 , -24.1440000, -20.4000000, 10.4300000, 0.000000,       0,       0,       0
12.550, -0.6621000, 0.4588000 ,  9.5799000, 36.4761000, 27.8091000 , -12.9700000 , -24.8790000, -20.0960000, 10.5760000, 0.000000,       0,       0,       0
12.560, -0.7519000, 0.2841000 ,  9.6229000, 35.7742000, 26.9318000 , -11.9553000 , -24.7270000, -20.5180000, 11.0980000, 0.000000,       0,       0,       0
12.570, -0.7854000, 0.1753000 ,  9.6457000, 35.4614000, 27.0996000 , -10.9558000 , -25.2360000, -20.3540000, 10.7910000, 0.000000,       0,       0,       0
12.580, -0.7555000, 0.1430000 ,  9.6780000, 35.3088000, 28.0914000 , -9.6817000  , -25.1170000, -19.8610000, 10.6400000, 0.000000,       0,       0,       0
12.590, -0.6765000, 0.1705000 ,  9.6971000, 35.3928000, 29.8004000 , -8.4457000  , -25.6750000, -20.3280000, 10.1750000, 0.000000,       0,       0,       0
12.600, -0.5892000, 0.2111000 ,  9.6983000, 35.5682000, 31.4941000 , -7.4158000  , -25.5220000, -19.9440000, 10.5260000, 0.000000,       0,       0,       0
12.610, -0.4959000, 0.2279000 ,  9.7210000, 35.8200000, 32.9208000 , -6.6147000  , -26.0120000, -20.1130000, 10.8680000, 0.000000,       0,       0,       0
12.620, -0.4085000, 0.1968000 ,  9.7617000, 36.3998000, 34.0500000 , -6.6605000  , -26.1420000, -19.8480000, 10.6570000, 0.000000,       0,       0,       0
12.630, -0.4037000, 0.1741000 ,  9.7904000, 37.2772000, 34.7595000 , -7.9727000  , -25.8950000, -19.8870000, 10.8150000, 0.000000,       0,       0,       0
12.640, -0.4516000, 0.1788000 ,  9.7737000, 38.2462000, 34.9655000 , -10.2921000 , -26.4890000, -20.1240000, 10.9300000, 0.000000,       0,       0,       0
12.650, -0.4707000, 0.2255000 ,  9.7641000, 39.1541000, 34.7137000 , -13.3438000 , -26.1950000, -19.8580000, 10.9580000, 0.000000,       0,       0,       0
12.660, -0.4372000, 0.2853000 ,  9.7414000, 39.9933000, 34.4009000 , -16.8304000 , -26.6740000, -20.0380000, 10.8960000, 0.000000,       0,       0,       0
12.670, -0.3822000, 0.3380000 ,  9.7330000, 40.6876000, 34.2636000 , -20.2026000 , -26.8830000, -19.7660000, 10.9410000, 0.000000,       0,       0,       0
12.680, -0.3272000, 0.3822000 ,  9.6995000, 41.1453000, 34.0652000 , -23.0103000 , -27.3680000, -19.5120000, 10.9870000, 0.000000,       0,       0,       0
12.690, -0.3033000, 0.4229000 ,  9.7031000, 41.5192000, 34.0424000 , -25.0473000 , -27.2700000, -19.6010000, 11.2430000, 0.000000,       0,       0,       0
12.700, -0.2985000, 0.4313000 ,  9.6899000, 41.7633000, 34.0271000 , -26.4130000 , -27.3430000, -19.4510000, 11.4420000, 0.000000,       0,       0,       0
12.710, -0.3080000, 0.4384000 ,  9.7055000, 41.9998000, 34.1187000 , -27.4963000 , -28.0440000, -19.4150000, 11.5650000, 0.000000,       0,       0,       0
12.720, -0.3559000, 0.4672000 ,  9.7127000, 42.3355000, 34.4315000 , -28.6179000 , -28.0030000, -18.9200000, 11.2910000, 0.000000,       0,       0,       0
12.730, -0.4014000, 0.4803000 ,  9.7055000, 42.6483000, 34.9121000 , -29.5944000 , -28.5580000, -19.1770000, 11.1240000, 0.000000,       0,       0,       0
12.740, -0.4540000, 0.4576000 ,  9.7079000, 42.9077000, 35.4309000 , -30.2200000 , -28.1850000, -19.0680000, 11.1560000, 0.000000,       0,       0,       0
12.750, -0.5066000, 0.3990000 ,  9.7617000, 43.3426000, 36.2091000 , -30.4184000 , -28.7430000, -18.7870000, 11.3030000, 0.000000,       0,       0,       0
12.760, -0.5688000, 0.3559000 ,  9.7821000, 44.1360000, 37.2925000 , -30.5252000 , -28.8980000, -18.6770000, 11.5160000, 0.000000,       0,       0,       0
12.770, -0.6801000, 0.3667000 ,  9.6517000, 44.6243000, 37.4222000 , -30.8533000 , -29.0060000, -18.8280000, 11.4580000, 0.000000,       0,       0,       0
12.780, -0.8320000, 0.3942000 ,  9.5320000, 44.2886000, 36.7050000 , -30.9067000 , -29.0140000, -18.8940000, 11.5060000, 0.000000,       0,       0,       0
12.790, -0.9397000, 0.4169000 ,  9.4471000, 43.2816000, 35.3546000 , -30.4489000 , -29.5880000, -18.6660000, 11.0400000, 0.000000,       0,       0,       0
12.800, -0.9708000, 0.4372000 ,  9.4112000, 41.7862000, 33.4091000 , -29.7394000 , -29.7790000, -18.4690000, 12.0670000, 0.000000,       0,       0,       0
12.810, -0.8739000, 0.4755000 ,  9.4997000, 40.3595000, 31.8146000 , -29.1901000 , -30.1760000, -18.2780000, 11.5860000, 0.000000,       0,       0,       0
12.820, -0.7160000, 0.5485000 ,  9.6433000, 39.7186000, 31.4789000 , -29.2892000 , -30.6110000, -18.2050000, 11.5470000, 0.000000,       0,       0,       0
12.830, -0.5365000, 0.6143000 ,  9.7486000, 39.9628000, 32.0663000 , -30.3802000 , -30.7110000, -17.9890000, 11.9160000, 0.000000,       0,       0,       0
12.840, -0.4049000, 0.6980000 ,  9.7761000, 40.7028000, 32.9971000 , -32.2723000 , -30.7610000, -17.6790000, 11.8930000, 0.000000,       0,       0,       0
12.850, -0.3332000, 0.7686000 ,  9.7390000, 41.4429000, 33.8516000 , -34.3704000 , -31.0870000, -17.4820000, 11.9790000, 0.000000,       0,       0,       0
12.860, -0.3128000, 0.7878000 ,  9.6899000, 41.8930000, 34.2178000 , -36.2701000 , -30.9900000, -17.4140000, 11.8320000, 0.000000,       0,       0,       0
12.870, -0.3475000, 0.7686000 ,  9.6624000, 42.1295000, 34.3781000 , -37.9105000 , -31.1750000, -17.1680000, 12.5850000, 0.000000,       0,       0,       0
12.880, -0.4648000, 0.7112000 ,  9.6086000, 42.1066000, 34.4391000 , -39.0167000 , -31.5880000, -17.0290000, 12.2050000, 0.000000,       0,       0,       0
12.890, -0.6179000, 0.6227000 ,  9.5344000, 41.6336000, 33.8974000 , -39.3753000 , -31.6320000, -16.9080000, 12.2240000, 0.000000,       0,       0,       0
12.900, -0.7423000, 0.5509000 ,  9.5009000, 40.7944000, 32.7301000 , -39.2075000 , -31.9360000, -16.7750000, 12.2500000, 0.000000,       0,       0,       0
12.910, -0.7949000, 0.5246000 ,  9.5093000, 39.8254000, 31.5094000 , -38.6353000 , -32.6380000, -16.3870000, 11.6660000, 0.000000,       0,       0,       0
12.920, -0.7758000, 0.5353000 ,  9.5524000, 38.9252000, 30.6168000 , -37.4832000 , -32.4110000, -16.4970000, 11.9760000, 0.000000,       0,       0,       0
12.930, -0.7136000, 0.5605000 ,  9.6098000, 38.2690000, 30.3497000 , -35.4004000 , -32.6350000, -16.7000000, 11.6350000, 0.000000,       0,       0,       0
12.940, -0.6562000, 0.5868000 ,  9.6397000, 37.8418000, 30.5710000 , -32.1045000 , -32.8500000, -16.3640000, 12.0610000, 0.000000,       0,       0,       0
12.950, -0.6047000, 0.5964000 ,  9.6421000, 37.5214000, 30.7083000 , -27.6566000 , -32.9860000, -16.0180000, 11.4920000, 0.000000,       0,       0,       0
12.960, -0.5509000, 0.5964000 ,  9.6241000, 37.1399000, 30.5862000 , -22.8424000 , -33.1740000, -16.2140000, 11.6950000, 0.000000,       0,       0,       0
12.970, -0.5042000, 0.6095000 ,  9.6122000, 36.6745000, 30.3726000 , -18.6539000 , -33.2310000, -15.8480000, 11.5030000, 0.000000,       0,       0,       0
12.980, -0.4648000, 0.6598000 ,  9.6253000, 36.2549000, 30.1514000 , -15.9073000 , -33.7880000, -15.9680000, 11.3100000, 0.000000,       0,       0,       0
12.990, -0.4528000, 0.7339000 ,  9.6708000, 36.0870000, 30.2124000 , -14.9612000 , -33.4720000, -15.8600000, 11.6240000, 0.000000,       0,       0,       0
13.000, -0.4743000, 0.7949000 ,  9.7318000, 36.3922000, 30.5634000 , -15.5945000 , -33.8340000, -15.6480000, 11.6790000, 0.000000,       0,       0,       0
13.010, -0.5102000, 0.8153000 ,  9.7557000, 37.0941000, 30.8685000 , -17.1051000 , -33.9040000, -15.3660000, 11.7350000, 0.000000,       0,       0,       0
13.020, -0.5521000, 0.8081000 ,  9.7163000, 37.7960000, 30.8762000 , -18.6615000 , -34.5030000, -15.2200000, 10.9950000, 0.000000,       0,       0,       0
13.030, -0.6023000, 0.7961000 ,  9.6409000, 38.0707000, 30.6549000 , -19.6533000 , -34.2940000, -14.8660000, 11.1240000, 0.000000,       0,       0,       0
13.040, -0.6418000, 0.7973000 ,  9.5918000, 37.8418000, 30.6625000 , -19.9890000 , -34.4750000, -14.9190000, 11.7140000, 0.000000,       0,       0,       0
13.050, -0.6286000, 0.8081000 ,  9.6026000, 37.4451000, 30.7465000 , -20.5460000 , -34.8260000, -14.6960000, 11.6690000, 0.000000,       0,       0,       0
13.060, -0.5533000, 0.7901000 ,  9.6588000, 37.3383000, 30.7312000 , -22.2931000 , -35.0740000, -14.8230000, 11.6240000, 0.000000,       0,       0,       0
13.070, -0.4420000, 0.7399000 ,  9.7390000, 37.7502000, 30.4489000 , -25.4669000 , -35.0880000, -14.1750000, 11.0590000, 0.000000,       0,       0,       0
13.080, -0.3595000, 0.7279000 ,  9.8227000, 38.7802000, 30.2658000 , -29.9759000 , -35.8390000, -13.8220000, 11.5060000, 0.000000,       0,       0,       0
13.090, -0.3906000, 0.6932000 ,  9.8179000, 40.1077000, 31.2729000 , -34.2102000 , -35.8710000, -13.8980000, 11.7990000, 0.000000,       0,       0,       0
13.100, -0.4097000, 0.6550000 ,  9.7545000, 41.0767000, 32.6309000 , -37.0331000 , -35.8810000, -13.4920000, 12.4710000, 0.000000,       0,       0,       0
13.110, -0.2662000, 0.6765000 ,  9.8215000, 41.8320000, 34.2484000 , -38.9328000 , -36.2270000, -13.0910000, 12.5030000, 0.000000,       0,       0,       0
13.120, -0.1537000, 0.6669000 ,  9.8933000, 43.3044000, 35.4996000 , -40.5655000 , -36.4710000, -13.2280000, 12.9310000, 0.000000,       0,       0,       0
13.130, -0.1298000, 0.6047000 ,  9.8981000, 45.0287000, 36.4227000 , -41.2140000 , -36.2710000, -12.9840000, 12.3460000, 0.000000,       0,       0,       0
13.140, -0.1717000, 0.6179000 ,  9.7833000, 46.1807000, 37.5671000 , -39.9475000 , -36.3760000, -12.7880000, 12.0900000, 0.000000,       0,       0,       0
13.150, -0.2088000, 0.6849000 ,  9.6289000, 46.2570000, 38.3835000 , -36.7813000 , -36.6280000, -12.6320000, 12.0710000, 0.000000,       0,       0,       0
13.160, -0.2470000, 0.7854000 ,  9.5009000, 45.3873000, 38.4216000 , -32.8598000 , -36.7840000, -12.4490000, 12.2650000, 0.000000,       0,       0,       0
13.170, -0.3140000, 0.8033000 ,  9.4363000, 43.9224000, 37.8571000 , -29.1443000 , -36.6360000, -12.1080000, 12.3440000, 0.000000,       0,       0,       0
13.180, -0.3762000, 0.7602000 ,  9.4447000, 42.2821000, 36.7279000 , -25.9552000 , -37.0950000, -11.6490000, 12.8380000, 0.000000,       0,       0,       0
13.190, -0.3858000, 0.7267000 ,  9.5153000, 41.0080000, 35.5301000 , -23.5291000 , -37.0170000, -11.5420000, 12.4790000, 0.000000,       0,       0,       0
13.200, -0.3834000, 0.6693000 ,  9.6206000, 40.4282000, 34.4009000 , -21.9269000 , -37.3680000, -11.5280000, 12.5660000, 0.000000,       0,       0,       0
13.210, -0.3846000, 0.5198000 ,  9.7557000, 40.8096000, 33.1573000 , -20.1950000 , -37.4030000, -11.1810000, 12.2290000, 0.000000,       0,       0,       0
13.220, -0.4528000, 0.4600000 ,  9.7940000, 41.5268000, 33.0048000 , -18.5471000 , -37.1230000, -11.0080000, 11.9130000, 0.000000,       0,       0,       0
13.230, -0.5138000, 0.5102000 ,  9.7258000, 42.1600000, 32.9285000 , -16.9220000 , -37.4070000, -10.6540000, 12.4580000, 0.000000,       0,       0,       0
13.240, -0.5688000, 0.6047000 ,  9.6026000, 42.2058000, 32.2952000 , -15.8615000 , -37.7470000, -10.5270000, 12.1350000, 0.000000,       0,       0,       0
13.250, -0.5987000, 0.7016000 ,  9.4926000, 41.4734000, 31.2881000 , -15.2817000 , -37.8110000, -10.2760000, 12.2280000, 0.000000,       0,       0,       0
13.260, -0.5975000, 0.7878000 ,  9.4399000, 40.1917000, 30.4489000 , -15.0223000 , -38.2260000, -10.2970000, 12.1670000, 0.000000,       0,       0,       0
13.270, -0.5198000, 0.8571000 ,  9.4567000, 38.7421000, 29.9606000 , -15.0528000 , -38.1960000, -10.2020000, 11.5810000, 0.000000,       0,       0,       0
13.280, -0.3559000, 0.8906000 ,  9.5380000, 37.6129000, 29.9606000 , -15.0375000 , -37.8760000, -10.2260000, 12.1390000, 0.000000,       0,       0,       0
13.290, -0.1944000, 0.8500000 ,  9.6218000, 36.9797000, 30.4794000 , -14.1144000 , -38.0530000, -9.5480000 , 11.6300000, 0.000000,       0,       0,       0
13.300, -0.1501000, 0.7483000 ,  9.6241000, 36.5448000, 31.2271000 , -11.5204000 , -38.3150000, -9.6660000 , 11.0780000, 0.000000,       0,       0,       0
13.310, -0.2327000, 0.6382000 ,  9.5512000, 35.7819000, 31.6010000 , -7.3929000  , -38.2780000, -9.7100000 , 11.8130000, 0.000000,       0,       0,       0
13.320, -0.3846000, 0.5772000 ,  9.4710000, 34.4772000, 31.2805000 , -2.7237000  , -38.4520000, -9.5820000 , 12.0100000, 0.000000,       0,       0,       0
13.330, -0.5210000, 0.5437000 ,  9.4579000, 32.8674000, 30.2963000 , 1.5106000   , -38.7270000, -9.3200000 , 10.9910000, 0.000000,       0,       0,       0
13.340, -0.6023000, 0.5018000 ,  9.5440000, 31.5323000, 29.6326000 , 4.8523000   , -38.6430000, -9.2060000 , 11.8440000, 0.000000,       0,       0,       0
13.350, -0.6598000, 0.4660000 ,  9.6552000, 30.9296000, 29.6555000 , 7.4081000   , -38.7640000, -9.3640000 , 11.6390000, 0.000000,       0,       0,       0
13.360, -0.6753000, 0.4337000 ,  9.7641000, 31.1127000, 30.4718000 , 9.3918000   , -38.6830000, -9.3460000 , 11.4630000, 0.000000,       0,       0,       0
13.370, -0.6502000, 0.4085000 ,  9.8706000, 32.0282000, 32.1884000 , 10.9711000  , -39.0140000, -8.9970000 , 11.7280000, 0.000000,       0,       0,       0
13.380, -0.6035000, 0.4325000 ,  9.9663000, 33.6685000, 34.4467000 , 12.1155000  , -38.9080000, -9.0270000 , 11.3860000, 0.000000,       0,       0,       0
13.390, -0.5114000, 0.5353000 ,  9.9950000, 35.8582000, 36.5067000 , 12.3062000  , -38.9520000, -8.7400000 , 11.4930000, 0.000000,       0,       0,       0
13.400, -0.4827000, 0.7363000 ,  9.9543000, 38.0859000, 38.3606000 , 11.2762000  , -38.9420000, -8.8160000 , 11.1570000, 0.000000,       0,       0,       0
13.410, -0.5018000, 0.8547000 ,  9.9029000, 39.9857000, 39.8788000 , 9.8419000   , -39.2170000, -8.5820000 , 10.5180000, 0.000000,       0,       0,       0
13.420, -0.4624000, 0.9170000 ,  9.8610000, 41.6107000, 41.2369000 , 8.3389000   , -39.1200000, -8.5050000 , 11.0440000, 0.000000,       0,       0,       0
13.430, -0.4432000, 0.9816000 ,  9.7617000, 42.7780000, 42.3126000 , 6.7062000   , -39.2180000, -8.5260000 , 11.2600000, 0.000000,       0,       0,       0
13.440, -0.4277000, 1.0509000 ,  9.6529000, 43.3350000, 42.2745000 , 4.8141000   , -38.8870000, -8.1270000 , 11.2770000, 0.000000,       0,       0,       0
13.450, -0.4432000, 1.0521000 ,  9.5847000, 43.3655000, 41.3818000 , 2.6550000   , -38.8980000, -7.8230000 , 11.6640000, 0.000000,       0,       0,       0
13.460, -0.5162000, 0.9672000 ,  9.5308000, 43.0298000, 39.9551000 , 0.8240000   , -39.0550000, -7.8570000 , 11.7940000, 0.000000,       0,       0,       0
13.470, -0.6203000, 0.8332000 ,  9.4399000, 42.2058000, 37.8723000 , -0.1831000  , -39.2890000, -7.5250000 , 11.7150000, 0.000000,       0,       0,       0
13.480, -0.7028000, 0.7112000 ,  9.3646000, 40.6799000, 35.5377000 , -0.2213000  , -39.4740000, -7.4880000 , 12.0500000, 0.000000,       0,       0,       0
13.490, -0.7148000, 0.6358000 ,  9.3502000, 38.6963000, 33.5846000 , 0.4883000   , -39.2750000, -7.1740000 , 11.3790000, 0.000000,       0,       0,       0
13.500, -0.6502000, 0.6227000 ,  9.4028000, 36.7737000, 32.1808000 , 1.4725000   , -39.3110000, -7.4250000 , 11.5290000, 0.000000,       0,       0,       0
13.510, -0.5425000, 0.6550000 ,  9.4818000, 35.2631000, 31.2653000 , 2.3575000   , -39.4270000, -7.5500000 , 10.8690000, 0.000000,       0,       0,       0
13.520, -0.4396000, 0.7028000 ,  9.5607000, 34.2865000, 30.8151000 , 2.9602000   , -39.4040000, -7.3530000 , 10.9640000, 0.000000,       0,       0,       0
13.530, -0.3846000, 0.7255000 ,  9.6026000, 33.7143000, 30.6015000 , 3.4790000   , -39.3760000, -7.1960000 , 11.0430000, 0.000000,       0,       0,       0
13.540, -0.3918000, 0.6980000 ,  9.6050000, 33.2870000, 30.3421000 , 4.3793000   , -39.7180000, -7.0730000 , 11.4850000, 0.000000,       0,       0,       0
13.550, -0.4205000, 0.6394000 ,  9.5954000, 32.7911000, 29.8157000 , 6.0501000   , -39.5860000, -6.9250000 , 11.4250000, 0.000000,       0,       0,       0
13.560, -0.4432000, 0.6011000 ,  9.6170000, 32.3029000, 29.1824000 , 8.2932000   , -39.5390000, -6.8780000 , 10.8470000, 0.000000,       0,       0,       0
13.570, -0.4205000, 0.5987000 ,  9.6732000, 32.0511000, 28.8467000 , 10.5286000  , -39.9370000, -7.2130000 , 10.6150000, 0.000000,       0,       0,       0
13.580, -0.3631000, 0.6382000 ,  9.7605000, 32.2723000, 29.1824000 , 12.2528000  , -40.0620000, -6.8720000 , 10.7440000, 0.000000,       0,       0,       0
13.590, -0.3033000, 0.7124000 ,  9.8455000, 33.1039000, 30.2353000 , 13.1073000  , -39.9390000, -6.8850000 , 10.6230000, 0.000000,       0,       0,       0
13.600, -0.3045000, 0.7650000 ,  9.8670000, 34.4009000, 31.5857000 , 13.0310000  , -39.9320000, -6.7260000 , 11.3900000, 0.000000,       0,       0,       0
13.610, -0.3679000, 0.7578000 ,  9.8000000, 35.6140000, 32.5394000 , 12.3825000  , -40.0970000, -6.4400000 , 10.9550000, 0.000000,       0,       0,       0
13.620, -0.4779000, 0.7148000 ,  9.6624000, 36.2015000, 32.6004000 , 11.8332000  , -39.5990000, -6.5860000 , 11.0920000, 0.000000,       0,       0,       0
13.630, -0.5940000, 0.6837000 ,  9.5165000, 35.7971000, 31.6925000 , 12.0087000  , -39.9930000, -6.3920000 , 11.0540000, 0.000000,       0,       0,       0
13.640, -0.6789000, 0.6873000 ,  9.4327000, 34.5459000, 30.2505000 , 12.8555000  , -39.9480000, -6.3030000 , 11.1110000, 0.000000,       0,       0,       0
13.650, -0.6777000, 0.7064000 ,  9.4375000, 32.9895000, 28.7323000 , 13.7939000  , -40.1440000, -6.5730000 , 10.8250000, 0.000000,       0,       0,       0
13.660, -0.5772000, 0.7255000 ,  9.5177000, 31.7383000, 27.7100000 , 14.1678000  , -40.5250000, -6.2720000 , 11.1610000, 0.000000,       0,       0,       0
13.670, -0.4325000, 0.7255000 ,  9.6182000, 31.1356000, 27.2141000 , 13.6719000  , -40.2730000, -6.5660000 , 10.8600000, 0.000000,       0,       0,       0
13.680, -0.2506000, 0.7387000 ,  9.7007000, 31.1966000, 26.7792000 , 12.2604000  , -40.3900000, -6.0150000 , 10.8260000, 0.000000,       0,       0,       0
13.690, -0.0473000, 0.8105000 ,  9.7557000, 31.7841000, 25.8102000 , 9.1629000   , -40.4040000, -6.1730000 , 10.6190000, 0.000000,       0,       0,       0
13.700, -0.2159000, 0.8667000 ,  9.7342000, 32.5546000, 25.4517000 , 5.1727000   , -40.6740000, -5.9550000 , 10.7140000, 0.000000,       0,       0,       0
13.710, -0.5748000, 0.9074000 ,  9.5512000, 32.5317000, 26.1536000 , 3.2272000   , -40.2720000, -5.6590000 , 10.8430000, 0.000000,       0,       0,       0
13.720, -0.7650000, 0.9110000 ,  9.4507000, 31.3263000, 26.8784000 , 3.6545000   , -40.5260000, -5.9710000 , 10.8570000, 0.000000,       0,       0,       0
13.730, -0.7363000, 0.8859000 ,  9.5548000, 30.0674000, 28.1372000 , 4.9210000   , -40.6350000, -5.6560000 , 10.1970000, 0.000000,       0,       0,       0
13.740, -0.6179000, 0.8512000 ,  9.7342000, 29.8538000, 30.1819000 , 5.8136000   , -40.3170000, -5.6040000 , 10.6490000, 0.000000,       0,       0,       0
13.750, -0.5222000, 0.8236000 ,  9.8610000, 30.7693000, 32.8293000 , 5.9891000   , -40.3630000, -5.5130000 , 10.1690000, 0.000000,       0,       0,       0
13.760, -0.4719000, 0.7866000 ,  9.8909000, 32.2876000, 35.3775000 , 5.5847000   , -40.9150000, -5.4930000 , 10.2620000, 0.000000,       0,       0,       0
13.770, -0.4839000, 0.7339000 ,  9.8419000, 33.7753000, 37.0407000 , 5.0278000   , -40.6700000, -5.2470000 , 10.4600000, 0.000000,       0,       0,       0
13.780, -0.5198000, 0.6586000 ,  9.7462000, 34.8206000, 37.3611000 , 4.7226000   , -40.4960000, -5.0570000 , 10.5490000, 0.000000,       0,       0,       0
13.790, -0.5425000, 0.5712000 ,  9.6349000, 35.2097000, 36.6745000 , 4.9896000   , -40.5990000, -5.2400000 , 10.8310000, 0.000000,       0,       0,       0
13.800, -0.5186000, 0.4863000 ,  9.5739000, 35.0266000, 35.8963000 , 6.1493000   , -40.5440000, -5.0700000 , 10.3350000, 0.000000,       0,       0,       0
13.810, -0.4337000, 0.4337000 ,  9.6110000, 34.8129000, 36.3846000 , 8.1253000   , -40.6700000, -4.7200000 , 11.2720000, 0.000000,       0,       0,       0
13.820, -0.3356000, 0.4181000 ,  9.6983000, 35.1028000, 38.4521000 , 10.4675000  , -40.6550000, -4.7200000 , 11.4870000, 0.000000,       0,       0,       0
13.830, -0.3236000, 0.4205000 ,  9.7294000, 35.7819000, 40.5197000 , 12.6419000  , -40.5690000, -4.8490000 , 11.1200000, 0.000000,       0,       0,       0
13.840, -0.4492000, 0.3714000 ,  9.6373000, 36.0565000, 40.1382000 , 14.6713000  , -40.5250000, -4.8120000 , 11.2380000, 0.000000,       0,       0,       0
13.850, -0.6346000, 0.2710000 ,  9.4615000, 35.1410000, 37.0636000 , 17.5476000  , -40.6800000, -4.5880000 , 11.2960000, 0.000000,       0,       0,       0
13.860, -0.7363000, 0.2207000 ,  9.3502000, 32.9590000, 32.4402000 , 21.5683000  , -40.9320000, -4.9130000 , 10.7860000, 0.000000,       0,       0,       0
13.870, -0.7148000, 0.2578000 ,  9.4148000, 30.5252000, 28.0075000 , 25.7034000  , -40.3380000, -4.5030000 , 10.3800000, 0.000000,       0,       0,       0
13.880, -0.6131000, 0.3188000 ,  9.6122000, 29.0909000, 25.1083000 , 28.9612000  , -40.9960000, -4.6180000 , 10.8910000, 0.000000,       0,       0,       0
13.890, -0.5018000, 0.4217000 ,  9.8490000, 29.5486000, 24.9252000 , 32.0587000  , -40.2550000, -4.6570000 , 10.9980000, 0.000000,       0,       0,       0
13.900, -0.4743000, 0.4911000 ,  9.8861000, 30.8075000, 26.7029000 , 33.3710000  , -40.5120000, -4.6220000 , 10.6610000, 0.000000,       0,       0,       0
13.910, -0.4456000, 0.5485000 ,  9.8610000, 32.1579000, 29.0298000 , 34.0805000  , -40.8510000, -4.4790000 , 10.6430000, 0.000000,       0,       0,       0
13.920, -0.4289000, 0.5880000 ,  9.8000000, 33.2565000, 31.2119000 , 34.3170000  , -40.6920000, -4.9100000 , 11.1420000, 0.000000,       0,       0,       0
13.930, -0.4277000, 0.6083000 ,  9.7318000, 33.9813000, 32.5089000 , 34.2789000  , -40.6900000, -4.7840000 , 10.8090000, 0.000000,       0,       0,       0
13.940, -0.4313000, 0.6131000 ,  9.6780000, 34.3323000, 32.7606000 , 34.1568000  , -40.6850000, -4.5650000 , 11.0460000, 0.000000,       0,       0,       0
13.950, -0.4325000, 0.6131000 ,  9.6409000, 34.3933000, 32.1884000 , 33.9890000  , -40.8420000, -4.6560000 , 10.7180000, 0.000000,       0,       0,       0
13.960, -0.4217000, 0.6095000 ,  9.6218000, 34.2712000, 31.2424000 , 33.7753000  , -41.0230000, -4.5310000 , 10.9890000, 0.000000,       0,       0,       0
13.970, -0.3930000, 0.5987000 ,  9.6397000, 34.0958000, 30.7236000 , 33.6151000  , -40.6340000, -4.8150000 , 10.9840000, 0.000000,       0,       0,       0
13.980, -0.3631000, 0.5880000 ,  9.6684000, 34.0424000, 31.2881000 , 33.5922000  , -40.7710000, -4.2390000 , 10.6970000, 0.000000,       0,       0,       0
13.990, -0.3380000, 0.5808000 ,  9.6804000, 34.0881000, 32.8064000 , 33.7143000  , -40.4890000, -4.3600000 , 10.6600000, 0.000000,       0,       0,       0
14.000, -0.3320000, 0.5808000 ,  9.6636000, 34.0729000, 34.7214000 , 33.9432000  , -40.7370000, -4.9610000 , 10.7920000, 0.000000,       0,       0,       0
14.010, -0.3391000, 0.5832000 ,  9.6612000, 34.0195000, 36.7203000 , 34.0500000  , -40.4900000, -4.5760000 , 11.1980000, 0.000000,       0,       0,       0
14.020, -0.3750000, 0.5820000 ,  9.6517000, 33.8974000, 37.7960000 , 34.0271000  , -40.8980000, -4.6130000 , 11.3530000, 0.000000,       0,       0,       0
14.030, -0.4097000, 0.5772000 ,  9.6648000, 33.9050000, 37.5519000 , 34.0424000  , -40.5250000, -4.7410000 , 11.3250000, 0.000000,       0,       0,       0
14.040, -0.4157000, 0.5748000 ,  9.6708000, 33.9966000, 36.7584000 , 34.0881000  , -40.8910000, -4.9360000 , 11.5560000, 0.000000,       0,       0,       0
14.050, -0.4073000, 0.5736000 ,  9.6756000, 34.0958000, 36.2701000 , 34.1568000  , -40.7990000, -4.6570000 , 11.6450000, 0.000000,       0,       0,       0
14.060, -0.4049000, 0.5724000 ,  9.6684000, 34.1263000, 36.3007000 , 34.2484000  , -40.9980000, -4.9220000 , 11.8670000, 0.000000,       0,       0,       0
14.070, -0.4097000, 0.5700000 ,  9.6600000, 34.1415000, 36.1557000 , 34.2712000  , -41.0300000, -4.8230000 , 10.8630000, 0.000000,       0,       0,       0
14.080, -0.3978000, 0.5688000 ,  9.6552000, 34.1187000, 36.0031000 , 34.2560000  , -40.8420000, -4.5280000 , 10.0660000, 0.000000,       0,       0,       0
14.090, -0.3810000, 0.5676000 ,  9.6505000, 34.0195000, 36.5219000 , 34.2712000  , -40.4370000, -4.3560000 , 10.4880000, 0.000000,       0,       0,       0
14.100, -0.3882000, 0.5676000 ,  9.6505000, 33.8669000, 37.3001000 , 34.2712000  , -40.7120000, -4.6700000 , 10.6770000, 0.000000,       0,       0,       0
14.110, -0.4157000, 0.5652000 ,  9.6576000, 33.7677000, 37.7502000 , 34.2102000  , -41.0180000, -4.7620000 , 10.7660000, 0.000000,       0,       0,       0
14.120, -0.3858000, 0.5318000 ,  9.6648000, 33.7830000, 37.1170000 , 34.4162000  , -40.6760000, -4.7050000 , 10.8550000, 0.000000,       0,       0,       0
14.130, -0.3894000, 0.5138000 ,  9.6959000, 33.8821000, 36.5677000 , 35.0952000  , -40.8340000, -4.4550000 , 11.2300000, 0.000000,       0,       0,       0
14.140, -0.4325000, 0.5413000 ,  9.6971000, 34.1415000, 35.7971000 , 35.6674000  , -40.8820000, -4.6550000 , 11.0850000, 0.000000,       0,       0,       0
14.150, -0.4624000, 0.5629000 ,  9.6887000, 34.4009000, 35.1257000 , 35.8047000  , -40.6410000, -4.8850000 , 10.8990000, 0.000000,       0,       0,       0
14.160, -0.4707000, 0.5748000 ,  9.6768000, 34.5993000, 34.8663000 , 35.6369000  , -40.4180000, -4.6750000 , 10.3320000, 0.000000,       0,       0,       0
14.170, -0.4767000, 0.5760000 ,  9.6696000, 34.7366000, 34.8282000 , 35.2859000  , -40.4780000, -4.4840000 , 10.3660000, 0.000000,       0,       0,       0
14.180, -0.4755000, 0.5724000 ,  9.6636000, 34.8511000, 34.6985000 , 34.8740000  , -40.7780000, -4.8660000 , 10.1510000, 0.000000,       0,       0,       0
14.190, -0.4636000, 0.5664000 ,  9.6588000, 34.9274000, 34.4086000 , 34.5306000  , -40.6500000, -4.8740000 , 10.3590000, 0.000000,       0,       0,       0
14.200, -0.4492000, 0.5605000 ,  9.6564000, 34.9808000, 34.2560000 , 34.3399000  , -40.8210000, -4.8010000 , 10.7950000, 0.000000,       0,       0,       0
14.210, -0.4349000, 0.5569000 ,  9.6564000, 35.0113000, 34.2941000 , 34.2712000  , -40.7130000, -4.4770000 , 10.8470000, 0.000000,       0,       0,       0
14.220, -0.4241000, 0.5545000 ,  9.6612000, 35.0266000, 34.5001000 , 34.2865000  , -40.8620000, -5.0230000 , 11.5240000, 0.000000,       0,       0,       0
14.230, -0.4121000, 0.5545000 ,  9.6648000, 35.0342000, 34.9274000 , 34.3246000  , -40.6350000, -4.9090000 , 10.7200000, 0.000000,       0,       0,       0
14.240, -0.4014000, 0.5533000 ,  9.6636000, 35.0266000, 35.6827000 , 34.3399000  , -40.7990000, -5.0100000 , 10.4330000, 0.000000,       0,       0,       0
14.250, -0.3942000, 0.5557000 ,  9.6624000, 34.9884000, 36.6898000 , 34.3018000  , -40.6740000, -4.5890000 , 10.4760000, 0.000000,       0,       0,       0
14.260, -0.3990000, 0.5545000 ,  9.6636000, 34.9503000, 37.7274000 , 34.2102000  , -40.8740000, -4.6310000 , 10.2820000, 0.000000,       0,       0,       0
14.270, -0.4181000, 0.5545000 ,  9.6576000, 34.9121000, 38.4521000 , 34.1568000  , -40.8880000, -4.7180000 , 11.0890000, 0.000000,       0,       0,       0
14.280, -0.4492000, 0.5533000 ,  9.6493000, 34.8587000, 38.4445000 , 34.1949000  , -40.8240000, -4.7180000 , 10.5110000, 0.000000,       0,       0,       0
14.290, -0.4755000, 0.5521000 ,  9.6445000, 34.8206000, 37.7274000 , 34.2941000  , -40.6590000, -5.0840000 , 10.5190000, 0.000000,       0,       0,       0
14.300, -0.4803000, 0.5509000 ,  9.6493000, 34.7824000, 36.7737000 , 34.3857000  , -40.7660000, -4.8820000 , 10.2100000, 0.000000,       0,       0,       0
14.310, -0.4731000, 0.5521000 ,  9.6552000, 34.7519000, 36.1633000 , 34.4543000  , -40.7180000, -4.9060000 , 10.5980000, 0.000000,       0,       0,       0
14.320, -0.4624000, 0.5521000 ,  9.6624000, 34.7214000, 36.0870000 , 34.4849000  , -40.9310000, -5.0850000 , 10.1250000, 0.000000,       0,       0,       0
14.330, -0.4492000, 0.5521000 ,  9.6648000, 34.7061000, 36.5067000 , 34.5230000  , -40.9050000, -4.8560000 , 10.7180000, 0.000000,       0,       0,       0
14.340, -0.4349000, 0.5509000 ,  9.6696000, 34.6909000, 37.1246000 , 34.6832000  , -40.8180000, -4.9210000 , 10.2230000, 0.000000,       0,       0,       0
14.350, -0.4277000, 0.5473000 ,  9.6720000, 34.7214000, 37.6511000 , 35.0494000  , -40.8570000, -4.4850000 ,  9.6700000, 0.000000,       0,       0,       0
14.360, -0.4396000, 0.5377000 ,  9.6624000, 34.7748000, 37.8647000 , 35.5453000  , -40.7600000, -4.9190000 , 10.5620000, 0.000000,       0,       0,       0
14.370, -0.4695000, 0.5234000 ,  9.6505000, 34.7824000, 37.4451000 , 35.9421000  , -40.7140000, -4.6950000 , 10.3770000, 0.000000,       0,       0,       0
14.380, -0.4935000, 0.5174000 ,  9.6445000, 34.7672000, 36.5601000 , 36.1481000  , -40.8830000, -4.5990000 , 10.1540000, 0.000000,       0,       0,       0
14.390, -0.5030000, 0.5210000 ,  9.6493000, 34.7290000, 35.6445000 , 36.1710000  , -40.7920000, -4.4840000 ,  9.7270000, 0.000000,       0,       0,       0
14.400, -0.5090000, 0.5341000 ,  9.6529000, 34.6985000, 35.0037000 , 36.0336000  , -40.9440000, -4.6960000 ,  9.2540000, 0.000000,       0,       0,       0
14.410, -0.5090000, 0.5473000 ,  9.6529000, 34.6832000, 34.6832000 , 35.7971000  , -40.7430000, -4.5640000 , 10.1080000, 0.000000,       0,       0,       0
14.420, -0.4995000, 0.5545000 ,  9.6624000, 34.6756000, 34.8511000 , 35.5530000  , -40.9060000, -4.5640000 , 10.0610000, 0.000000,       0,       0,       0
14.430, -0.4947000, 0.5569000 ,  9.6696000, 34.7061000, 35.4843000 , 35.3851000  , -40.7200000, -4.4070000 , 10.0230000, 0.000000,       0,       0,       0
14.440, -0.4995000, 0.5581000 ,  9.6708000, 34.7672000, 36.1404000 , 35.2554000  , -41.3750000, -4.8200000 , 10.1580000, 0.000000,       0,       0,       0
14.450, -0.5102000, 0.5605000 ,  9.6636000, 34.8434000, 36.5753000 , 35.1257000  , -40.7110000, -4.5200000 , 10.1260000, 0.000000,       0,       0,       0
14.460, -0.5210000, 0.5617000 ,  9.6529000, 34.9121000, 36.6287000 , 34.9808000  , -40.8920000, -4.5420000 , 10.5380000, 0.000000,       0,       0,       0
14.470, -0.5234000, 0.5569000 ,  9.6517000, 34.9579000, 36.4609000 , 34.8740000  , -41.0010000, -4.5220000 , 10.4840000, 0.000000,       0,       0,       0
14.480, -0.5258000, 0.5521000 ,  9.6493000, 35.0037000, 36.2396000 , 34.8511000  , -40.6620000, -4.5270000 , 10.3020000, 0.000000,       0,       0,       0
14.490, -0.5318000, 0.5497000 ,  9.6457000, 35.0342000, 35.5759000 , 34.8358000  , -40.7770000, -4.4770000 , 10.3440000, 0.000000,       0,       0,       0
14.500, -0.5258000, 0.5485000 ,  9.6457000, 35.0418000, 34.6603000 , 34.7748000  , -40.6290000, -4.5800000 ,  9.9320000, 0.000000,       0,       0,       0
14.510, -0.5006000, 0.5509000 ,  9.6517000, 34.9655000, 33.9279000 , 34.6146000  , -40.3400000, -4.6120000 , 10.4920000, 0.000000,       0,       0,       0
14.520, -0.4923000, 0.5497000 ,  9.6588000, 34.8892000, 34.0729000 , 34.5001000  , -40.6200000, -4.8730000 , 10.5650000, 0.000000,       0,       0,       0
14.530, -0.4851000, 0.5497000 ,  9.6588000, 34.8358000, 34.5001000 , 34.4162000  , -40.4860000, -4.6800000 ,  9.9010000, 0.000000,       0,       0,       0
14.540, -0.4827000, 0.5485000 ,  9.6588000, 34.7748000, 35.1562000 , 34.3704000  , -40.9310000, -4.8630000 , 10.3230000, 0.000000,       0,       0,       0
14.550, -0.4875000, 0.5449000 ,  9.6636000, 34.7519000, 35.9039000 , 34.3552000  , -40.8320000, -4.6250000 , 10.2500000, 0.000000,       0,       0,       0
14.560, -0.4983000, 0.5413000 ,  9.6600000, 34.7824000, 36.3846000 , 34.3857000  , -40.9380000, -4.7100000 , 10.7260000, 0.000000,       0,       0,       0
14.570, -0.5030000, 0.5401000 ,  9.6541000, 34.8053000, 36.6516000 , 34.4543000  , -40.5970000, -4.5330000 , 10.4850000, 0.000000,       0,       0,       0
14.580, -0.5114000, 0.5413000 ,  9.6493000, 34.8282000, 36.7126000 , 34.5383000  , -40.5930000, -4.4490000 , 10.3660000, 0.000000,       0,       0,       0
14.590, -0.5150000, 0.5437000 ,  9.6457000, 34.8358000, 36.5448000 , 34.5840000  , -40.7740000, -4.5180000 , 10.3860000, 0.000000,       0,       0,       0
14.600, -0.5138000, 0.5449000 ,  9.6481000, 34.8206000, 36.4151000 , 34.5764000  , -40.7870000, -4.4510000 , 10.8930000, 0.000000,       0,       0,       0
14.610, -0.5138000, 0.5461000 ,  9.6505000, 34.7824000, 36.3846000 , 34.5383000  , -40.6680000, -4.6560000 , 10.2230000, 0.000000,       0,       0,       0
14.620, -0.5198000, 0.5449000 ,  9.6552000, 34.7519000, 36.2473000 , 34.4467000  , -40.8290000, -4.8100000 , 10.6010000, 0.000000,       0,       0,       0
14.630, -0.5246000, 0.5425000 ,  9.6648000, 34.7824000, 35.8276000 , 34.3170000  , -40.7670000, -4.4750000 , 10.3580000, 0.000000,       0,       0,       0
14.640, -0.5174000, 0.5425000 ,  9.6696000, 34.8434000, 35.5682000 , 34.1949000  , -40.7610000, -4.6920000 ,  9.8300000, 0.000000,       0,       0,       0
14.650, -0.4947000, 0.5437000 ,  9.6744000, 34.9274000, 35.3622000 , 33.9432000  , -40.8500000, -4.7370000 ,  9.9180000, 0.000000,       0,       0,       0
14.660, -0.4863000, 0.5449000 ,  9.6720000, 35.0418000, 35.3546000 , 33.6761000  , -40.7120000, -4.7860000 ,  9.4870000, 0.000000,       0,       0,       0
14.670, -0.4875000, 0.5461000 ,  9.6624000, 35.1105000, 35.6369000 , 33.5007000  , -40.6730000, -4.5380000 , 10.0280000, 0.000000,       0,       0,       0
14.680, -0.4959000, 0.5449000 ,  9.6529000, 35.1334000, 36.0184000 , 33.4167000  , -40.7400000, -4.7640000 , 10.3980000, 0.000000,       0,       0,       0
14.690, -0.5054000, 0.5461000 ,  9.6481000, 35.1181000, 36.3312000 , 33.3862000  , -40.8450000, -5.0910000 , 10.1870000, 0.000000,       0,       0,       0
14.700, -0.5174000, 0.5485000 ,  9.6409000, 35.0494000, 36.5295000 , 33.3862000  , -40.6310000, -4.8250000 , 10.4170000, 0.000000,       0,       0,       0
14.710, -0.5497000, 0.5449000 ,  9.6373000, 34.9426000, 36.4456000 , 33.4473000  , -40.9780000, -4.8230000 , 10.7700000, 0.000000,       0,       0,       0
14.720, -0.5856000, 0.5389000 ,  9.6445000, 34.8282000, 36.0870000 , 33.6380000  , -40.5590000, -4.8260000 , 10.5520000, 0.000000,       0,       0,       0
14.730, -0.5975000, 0.5353000 ,  9.6600000, 34.7977000, 35.7132000 , 33.9127000  , -40.6790000, -4.8100000 ,  9.8810000, 0.000000,       0,       0,       0
14.740, -0.5940000, 0.5329000 ,  9.6696000, 34.8434000, 35.5835000 , 34.1797000  , -40.7580000, -4.7820000 , 10.1530000, 0.000000,       0,       0,       0
14.750, -0.5856000, 0.5306000 ,  9.6768000, 34.9655000, 35.6064000 , 34.4238000  , -40.5890000, -4.8200000 , 10.5830000, 0.000000,       0,       0,       0
14.760, -0.5700000, 0.5329000 ,  9.6708000, 35.1028000, 35.7437000 , 34.6375000  , -40.5280000, -5.1610000 ,  9.9580000, 0.000000,       0,       0,       0
14.770, -0.5533000, 0.5353000 ,  9.6624000, 35.1868000, 36.1023000 , 34.7824000  , -40.5930000, -4.9900000 , 11.0790000, 0.000000,       0,       0,       0
14.780, -0.5425000, 0.5377000 ,  9.6588000, 35.2478000, 36.5677000 , 34.8816000  , -40.4600000, -5.1660000 , 10.9430000, 0.000000,       0,       0,       0
14.790, -0.5437000, 0.5377000 ,  9.6576000, 35.3012000, 36.9797000 , 34.9350000  , -40.8050000, -5.1950000 , 10.1860000, 0.000000,       0,       0,       0
14.800, -0.5521000, 0.5377000 ,  9.6600000, 35.3622000, 37.1628000 , 34.9808000  , -40.8670000, -5.0480000 , 10.8700000, 0.000000,       0,       0,       0
14.810, -0.5593000, 0.5389000 ,  9.6600000, 35.4309000, 37.0789000 , 34.9731000  , -40.5500000, -4.9460000 , 10.8420000, 0.000000,       0,       0,       0
14.820, -0.5617000, 0.5401000 ,  9.6576000, 35.4691000, 36.7508000 , 34.8511000  , -40.6760000, -4.7420000 , 11.1600000, 0.000000,       0,       0,       0
14.830, -0.5581000, 0.5401000 ,  9.6564000, 35.4691000, 36.2625000 , 34.6069000  , -40.3910000, -5.0240000 , 10.8860000, 0.000000,       0,       0,       0
14.840, -0.5593000, 0.5425000 ,  9.6541000, 35.4233000, 35.8047000 , 34.3246000  , -40.7010000, -4.9470000 , 11.3660000, 0.000000,       0,       0,       0
14.850, -0.5676000, 0.5497000 ,  9.6469000, 35.3470000, 35.3622000 , 34.0424000  , -40.6230000, -5.1620000 , 11.3490000, 0.000000,       0,       0,       0
14.860, -0.5820000, 0.5545000 ,  9.6445000, 35.2554000, 34.8129000 , 33.7982000  , -40.5520000, -4.9280000 , 10.9020000, 0.000000,       0,       0,       0
14.870, -0.5892000, 0.5533000 ,  9.6481000, 35.1715000, 34.2865000 , 33.6380000  , -40.3860000, -4.9030000 , 10.7400000, 0.000000,       0,       0,       0
14.880, -0.5952000, 0.5521000 ,  9.6493000, 35.1028000, 33.8745000 , 33.5922000  , -40.5250000, -4.5400000 , 10.8120000, 0.000000,       0,       0,       0
14.890, -0.5940000, 0.5509000 ,  9.6397000, 35.0113000, 33.4625000 , 33.6304000  , -40.4520000, -4.8620000 , 10.4740000, 0.000000,       0,       0,       0
14.900, -0.5868000, 0.5509000 ,  9.6397000, 34.8663000, 33.1345000 , 33.6914000  , -40.4280000, -4.8960000 , 10.5320000, 0.000000,       0,       0,       0
14.910, -0.5832000, 0.5473000 ,  9.6541000, 34.7900000, 32.9971000 , 33.7982000  , -40.6700000, -4.8930000 , 10.3640000, 0.000000,       0,       0,       0
14.920, -0.5760000, 0.5425000 ,  9.6648000, 34.8129000, 32.9666000 , 33.9508000  , -40.6560000, -4.7370000 , 10.4240000, 0.000000,       0,       0,       0
14.930, -0.5641000, 0.5413000 ,  9.6672000, 34.8740000, 33.1573000 , 34.1110000  , -40.7340000, -4.5480000 , 10.4440000, 0.000000,       0,       0,       0
14.940, -0.5545000, 0.5413000 ,  9.6624000, 34.9121000, 33.5312000 , 34.2331000  , -40.8910000, -4.4690000 , 10.3370000, 0.000000,       0,       0,       0
14.950, -0.5461000, 0.5425000 ,  9.6588000, 34.9121000, 34.0042000 , 34.3018000  , -40.3740000, -4.4600000 , 10.6620000, 0.000000,       0,       0,       0
14.960, -0.5401000, 0.5425000 ,  9.6588000, 34.8892000, 34.5154000 , 34.3399000  , -40.7510000, -4.0980000 , 10.5730000, 0.000000,       0,       0,       0
14.970, -0.5377000, 0.5437000 ,  9.6576000, 34.8511000, 35.0571000 , 34.3552000  , -40.5590000, -4.6040000 , 11.0780000, 0.000000,       0,       0,       0
14.980, -0.5413000, 0.5437000 ,  9.6588000, 34.8282000, 35.3470000 , 34.3170000  , -40.7820000, -4.5690000 , 10.4810000, 0.000000,       0,       0,       0
14.990, -0.5473000, 0.5449000 ,  9.6588000, 34.8434000, 35.3851000 , 34.2712000  , -40.6990000, -4.3490000 , 10.4550000, 0.000000,       0,       0,       0
15.000, -0.5497000, 0.5461000 ,  9.6564000, 34.8663000, 35.3394000 , 34.2178000  , -40.4790000, -4.5230000 , 10.5040000, 0.000000,       0,       0,       0
15.010, -0.5605000, 0.5461000 ,  9.6541000, 34.8816000, 35.2402000 , 34.1873000  , -40.7600000, -4.5240000 , 10.2360000, 0.000000,       0,       0,       0
15.020, -0.5688000, 0.5449000 ,  9.6541000, 34.8969000, 35.1028000 , 34.1949000  , -40.7620000, -4.5540000 , 10.4410000, 0.000000,       0,       0,       0
15.030, -0.5712000, 0.5437000 ,  9.6552000, 34.9121000, 35.0189000 , 34.2407000  , -40.5300000, -4.4380000 , 10.3230000, 0.000000,       0,       0,       0
15.040, -0.5700000, 0.5425000 ,  9.6576000, 34.9350000, 35.0494000 , 34.2941000  , -40.7180000, -4.6340000 , 11.4130000, 0.000000,       0,       0,       0
15.050, -0.5676000, 0.5425000 ,  9.6624000, 34.9655000, 35.1639000 , 34.3552000  , -40.4230000, -4.8480000 , 10.7970000, 0.000000,       0,       0,       0
15.060, -0.5629000, 0.5437000 ,  9.6648000, 35.0037000, 35.3622000 , 34.4238000  , -40.4300000, -4.9260000 , 10.8390000, 0.000000,       0,       0,       0
15.070, -0.5569000, 0.5437000 ,  9.6648000, 35.0418000, 35.5988000 , 34.4772000  , -40.4480000, -4.9660000 , 10.6480000, 0.000000,       0,       0,       0
15.080, -0.5497000, 0.5425000 ,  9.6672000, 35.0952000, 35.7666000 , 34.4696000  , -40.7110000, -4.8710000 , 10.1990000, 0.000000,       0,       0,       0
15.090, -0.5413000, 0.5425000 ,  9.6648000, 35.1639000, 35.8047000 , 34.3781000  , -40.4840000, -4.6560000 , 10.7610000, 0.000000,       0,       0,       0
15.100, -0.5389000, 0.5437000 ,  9.6612000, 35.2249000, 35.6827000 , 34.1797000  , -40.6130000, -4.8210000 , 10.7970000, 0.000000,       0,       0,       0
15.110, -0.5641000, 0.5449000 ,  9.6505000, 35.2554000, 35.3851000 , 33.9813000  , -40.6040000, -4.4320000 , 10.5920000, 0.000000,       0,       0,       0
15.120, -0.5808000, 0.5461000 ,  9.6493000, 35.2402000, 35.2249000 , 33.9890000  , -40.7010000, -4.7680000 , 10.8390000, 0.000000,       0,       0,       0
15.130, -0.5916000, 0.5473000 ,  9.6541000, 35.2249000, 35.1181000 , 34.0652000  , -40.4510000, -4.4790000 , 10.3710000, 0.000000,       0,       0,       0
15.140, -0.5964000, 0.5485000 ,  9.6588000, 35.2249000, 34.9960000 , 34.1492000  , -40.6430000, -4.5510000 , 10.3400000, 0.000000,       0,       0,       0
15.150, -0.5940000, 0.5473000 ,  9.6600000, 35.2402000, 34.8663000 , 34.2102000  , -40.5940000, -4.5960000 , 11.1680000, 0.000000,       0,       0,       0
15.160, -0.5880000, 0.5473000 ,  9.6564000, 35.2402000, 34.7137000 , 34.2484000  , -40.3030000, -4.6840000 , 10.5840000, 0.000000,       0,       0,       0
15.170, -0.5796000, 0.5473000 ,  9.6529000, 35.2173000, 34.5230000 , 34.2636000  , -40.3800000, -4.4240000 , 10.6610000, 0.000000,       0,       0,       0
15.180, -0.5724000, 0.5461000 ,  9.6505000, 35.1868000, 34.3857000 , 34.2789000  , -40.5190000, -4.5420000 , 11.1670000, 0.000000,       0,       0,       0
15.190, -0.5664000, 0.5437000 ,  9.6505000, 35.1486000, 34.3323000 , 34.3323000  , -40.3550000, -4.7940000 , 10.8090000, 0.000000,       0,       0,       0
15.200, -0.5605000, 0.5425000 ,  9.6493000, 35.1181000, 34.4009000 , 34.4086000  , -40.4110000, -4.5840000 , 10.9790000, 0.000000,       0,       0,       0
15.210, -0.5617000, 0.5437000 ,  9.6457000, 35.0800000, 34.4772000 , 34.4925000  , -40.2730000, -4.4820000 , 11.6790000, 0.000000,       0,       0,       0
15.220, -0.5664000, 0.5449000 ,  9.6481000, 35.0494000, 34.4696000 , 34.5535000  , -40.5580000, -4.6740000 , 11.4090000, 0.000000,       0,       0,       0
15.230, -0.5688000, 0.5449000 ,  9.6529000, 35.0418000, 34.4086000 , 34.5764000  , -40.4040000, -4.4050000 , 10.4960000, 0.000000,       0,       0,       0
15.240, -0.5664000, 0.5473000 ,  9.6529000, 35.0571000, 34.3933000 , 34.5612000  , -40.4130000, -4.7600000 , 11.2130000, 0.000000,       0,       0,       0
15.250, -0.5629000, 0.5497000 ,  9.6529000, 35.0418000, 34.4772000 , 34.4925000  , -40.4140000, -4.3640000 , 11.1900000, 0.000000,       0,       0,       0
15.260, -0.5605000, 0.5497000 ,  9.6541000, 35.0266000, 34.6451000 , 34.4162000  , -40.6520000, -4.6750000 , 11.3110000, 0.000000,       0,       0,       0
15.270, -0.5581000, 0.5473000 ,  9.6552000, 35.0113000, 34.8587000 , 34.3475000  , -40.6000000, -4.5010000 , 10.5320000, 0.000000,       0,       0,       0
15.280, -0.5569000, 0.5449000 ,  9.6564000, 35.0037000, 35.0113000 , 34.2789000  , -40.2850000, -4.4280000 , 10.8890000, 0.000000,       0,       0,       0
15.290, -0.5605000, 0.5437000 ,  9.6541000, 35.0037000, 34.9503000 , 34.2255000  , -40.5650000, -4.5010000 , 10.1580000, 0.000000,       0,       0,       0
15.300, -0.5605000, 0.5461000 ,  9.6457000, 34.9579000, 34.8511000 , 34.1873000  , -40.3920000, -4.4950000 , 10.1330000, 0.000000,       0,       0,       0
15.310, -0.5652000, 0.5473000 ,  9.6469000, 34.8816000, 34.7672000 , 34.1492000  , -40.3240000, -4.3030000 , 10.1310000, 0.000000,       0,       0,       0
15.320, -0.5641000, 0.5473000 ,  9.6552000, 34.8511000, 34.6985000 , 34.1415000  , -41.0000000, -4.5730000 , 10.4110000, 0.000000,       0,       0,       0
15.330, -0.5593000, 0.5473000 ,  9.6564000, 34.8434000, 34.8434000 , 34.1339000  , -40.5390000, -4.3970000 , 10.4180000, 0.000000,       0,       0,       0
15.340, -0.5712000, 0.5437000 ,  9.6600000, 34.8587000, 34.9731000 , 34.1415000  , -40.5330000, -4.1100000 , 10.1210000, 0.000000,       0,       0,       0
15.350, -0.5712000, 0.5413000 ,  9.6588000, 34.9197000, 34.9579000 , 34.1797000  , -40.3760000, -4.5490000 , 10.5710000, 0.000000,       0,       0,       0
15.360, -0.5700000, 0.5413000 ,  9.6564000, 34.9503000, 35.0571000 , 34.2331000  , -40.6170000, -4.5320000 , 10.6500000, 0.000000,       0,       0,       0
15.370, -0.5760000, 0.5389000 ,  9.6600000, 34.9808000, 35.0494000 , 34.3094000  , -40.5230000, -4.1790000 , 10.3250000, 0.000000,       0,       0,       0
15.380, -0.5772000, 0.5389000 ,  9.6600000, 35.0418000, 34.8358000 , 34.4009000  , -40.4510000, -4.3440000 , 10.6420000, 0.000000,       0,       0,       0
15.390, -0.5736000, 0.5389000 ,  9.6588000, 35.0876000, 34.6298000 , 34.4925000  , -40.4650000, -4.6100000 , 10.1310000, 0.000000,       0,       0,       0
15.400, -0.5688000, 0.5401000 ,  9.6576000, 35.1105000, 34.5459000 , 34.5535000  , -40.6580000, -4.7600000 , 10.1850000, 0.000000,       0,       0,       0
15.410, -0.5641000, 0.5425000 ,  9.6564000, 35.1257000, 34.5764000 , 34.5840000  , -40.4270000, -4.2480000 , 10.4650000, 0.000000,       0,       0,       0
15.420, -0.5593000, 0.5461000 ,  9.6541000, 35.1181000, 34.7595000 , 34.5764000  , -40.5340000, -4.3320000 , 10.3640000, 0.000000,       0,       0,       0
15.430, -0.5593000, 0.5485000 ,  9.6517000, 35.0952000, 34.9884000 , 34.5154000  , -40.4890000, -4.3030000 ,  9.7040000, 0.000000,       0,       0,       0
15.440, -0.5676000, 0.5497000 ,  9.6493000, 35.0647000, 35.0418000 , 34.4467000  , -40.7650000, -4.8760000 , 10.7380000, 0.000000,       0,       0,       0
15.450, -0.5736000, 0.5497000 ,  9.6517000, 35.0418000, 34.9274000 , 34.4009000  , -40.2630000, -4.5800000 , 10.9290000, 0.000000,       0,       0,       0
15.460, -0.5736000, 0.5473000 ,  9.6529000, 35.0266000, 34.7824000 , 34.3704000  , -40.7300000, -4.6960000 , 10.8310000, 0.000000,       0,       0,       0
15.470, -0.5700000, 0.5473000 ,  9.6541000, 35.0113000, 34.7214000 , 34.3628000  , -40.9300000, -4.4510000 , 10.2910000, 0.000000,       0,       0,       0
15.480, -0.5676000, 0.5473000 ,  9.6529000, 34.9884000, 34.6909000 , 34.3475000  , -40.3360000, -4.5370000 , 10.0540000, 0.000000,       0,       0,       0
15.490, -0.5641000, 0.5461000 ,  9.6517000, 34.9579000, 34.6909000 , 34.3323000  , -40.6040000, -4.4690000 , 10.0720000, 0.000000,       0,       0,       0
15.500, -0.5617000, 0.5449000 ,  9.6517000, 34.9274000, 34.7824000 , 34.3323000  , -40.8470000, -4.4400000 , 10.0440000, 0.000000,       0,       0,       0
15.510, -0.5605000, 0.5461000 ,  9.6529000, 34.8969000, 34.9503000 , 34.3475000  , -40.5420000, -4.9670000 , 10.3730000, 0.000000,       0,       0,       0
15.520, -0.5605000, 0.5461000 ,  9.6552000, 34.8740000, 35.1486000 , 34.3704000  , -40.7620000, -4.7280000 ,  9.9300000, 0.000000,       0,       0,       0
15.530, -0.5605000, 0.5473000 ,  9.6564000, 34.8663000, 35.3546000 , 34.3933000  , -40.7200000, -4.5370000 , 10.2820000, 0.000000,       0,       0,       0
15.540, -0.5641000, 0.5473000 ,  9.6552000, 34.8663000, 35.4996000 , 34.4162000  , -40.5490000, -4.3710000 , 10.2360000, 0.000000,       0,       0,       0
15.550, -0.5688000, 0.5473000 ,  9.6529000, 34.8587000, 35.5225000 , 34.4315000  , -40.4800000, -4.5090000 ,  9.9590000, 0.000000,       0,       0,       0
15.560, -0.5712000, 0.5461000 ,  9.6517000, 34.8434000, 35.4691000 , 34.4391000  , -40.7350000, -4.7520000 , 10.6650000, 0.000000,       0,       0,       0
15.570, -0.5569000, 0.5425000 ,  9.6541000, 34.8282000, 35.3317000 , 34.5383000  , -40.8290000, -4.6880000 , 10.1940000, 0.000000,       0,       0,       0
15.580, -0.5377000, 0.5389000 ,  9.6660000, 34.8511000, 35.1486000 , 34.8816000  , -40.4370000, -4.5540000 , 10.0630000, 0.000000,       0,       0,       0
15.590, -0.5497000, 0.5389000 ,  9.6541000, 34.8816000, 35.0800000 , 35.2707000  , -40.6550000, -4.6560000 , 10.5030000, 0.000000,       0,       0,       0
15.600, -0.5712000, 0.5401000 ,  9.6481000, 34.8587000, 35.0113000 , 35.4462000  , -40.5690000, -4.7570000 , 10.0080000, 0.000000,       0,       0,       0
15.610, -0.5760000, 0.5413000 ,  9.6481000, 34.8282000, 35.0266000 , 35.4538000  , -40.4580000, -4.6670000 ,  9.7310000, 0.000000,       0,       0,       0
15.620, -0.5748000, 0.5425000 ,  9.6541000, 34.8129000, 35.0876000 , 35.4080000  , -40.4400000, -4.7490000 , 10.0700000, 0.000000,       0,       0,       0
15.630, -0.5748000, 0.5425000 ,  9.6588000, 34.8206000, 35.0952000 , 35.4080000  , -40.6540000, -4.6560000 , 10.9100000, 0.000000,       0,       0,       0
15.640, -0.5832000, 0.5437000 ,  9.6588000, 34.8587000, 34.9121000 , 35.4385000  , -40.5960000, -4.6690000 , 10.8640000, 0.000000,       0,       0,       0
15.650, -0.5880000, 0.5449000 ,  9.6541000, 34.8892000, 34.6146000 , 35.4538000  , -40.6140000, -4.7380000 , 10.7700000, 0.000000,       0,       0,       0
15.660, -0.5964000, 0.5437000 ,  9.6541000, 34.9197000, 34.3018000 , 35.4233000  , -40.6810000, -4.6890000 , 10.0240000, 0.000000,       0,       0,       0
15.670, -0.6035000, 0.5437000 ,  9.6576000, 34.9731000, 33.9584000 , 35.3241000  , -40.5780000, -4.5780000 ,  9.9790000, 0.000000,       0,       0,       0
15.680, -0.5987000, 0.5437000 ,  9.6576000, 35.0266000, 33.9279000 , 35.1715000  , -40.6750000, -4.3170000 , 10.3330000, 0.000000,       0,       0,       0
15.690, -0.5940000, 0.5449000 ,  9.6588000, 35.0571000, 34.1949000 , 35.0037000  , -40.5310000, -4.8280000 , 10.0430000, 0.000000,       0,       0,       0
15.700, -0.5892000, 0.5449000 ,  9.6600000, 35.0723000, 34.4620000 , 34.8358000  , -40.7060000, -4.3120000 ,  9.6780000, 0.000000,       0,       0,       0
15.710, -0.5856000, 0.5449000 ,  9.6600000, 35.0952000, 34.6298000 , 34.6985000  , -40.6490000, -4.7090000 , 10.5890000, 0.000000,       0,       0,       0
15.720, -0.5796000, 0.5425000 ,  9.6564000, 35.1028000, 34.6451000 , 34.6069000  , -40.7510000, -4.4810000 , 10.2110000, 0.000000,       0,       0,       0
15.730, -0.5533000, 0.5377000 ,  9.6541000, 35.0876000, 34.4315000 , 34.6451000  , -40.6740000, -4.7330000 , 10.3080000, 0.000000,       0,       0,       0
15.740, -0.5473000, 0.5401000 ,  9.6505000, 35.0571000, 34.3018000 , 34.8206000  , -40.7500000, -4.5660000 , 10.0780000, 0.000000,       0,       0,       0
15.750, -0.5545000, 0.5425000 ,  9.6505000, 35.0189000, 34.1873000 , 34.9960000  , -40.7300000, -4.5240000 , 11.1110000, 0.000000,       0,       0,       0
15.760, -0.5700000, 0.5449000 ,  9.6552000, 35.0113000, 34.0195000 , 35.1257000  , -40.5080000, -4.6680000 , 10.1700000, 0.000000,       0,       0,       0
15.770, -0.6023000, 0.5377000 ,  9.6481000, 35.0266000, 33.7372000 , 35.2402000  , -40.8690000, -4.9080000 , 10.9040000, 0.000000,       0,       0,       0
15.780, -0.6191000, 0.5234000 ,  9.6433000, 34.9731000, 33.1650000 , 35.5530000  , -40.6770000, -4.7380000 , 10.5290000, 0.000000,       0,       0,       0
15.790, -0.6179000, 0.5162000 ,  9.6445000, 34.9579000, 32.2189000 , 35.8429000  , -40.5850000, -4.6220000 , 10.2610000, 0.000000,       0,       0,       0
15.800, -0.5784000, 0.4995000 ,  9.6385000, 34.8892000, 31.3568000 , 36.1633000  , -40.8090000, -4.9840000 , 10.7060000, 0.000000,       0,       0,       0
15.810, -0.5425000, 0.4648000 ,  9.6361000, 34.7137000, 30.8533000 , 36.8271000  , -40.7010000, -4.7600000 , 10.6390000, 0.000000,       0,       0,       0
15.820, -0.5652000, 0.4241000 ,  9.6146000, 34.4238000, 30.3955000 , 38.3072000  , -40.5690000, -4.9220000 , 10.0280000, 0.000000,       0,       0,       0
15.830, -0.6167000, 0.3774000 ,  9.5906000, 33.9050000, 29.9454000 , 40.9775000  , -40.7420000, -4.9610000 , 10.5220000, 0.000000,       0,       0,       0
15.840, -0.6358000, 0.3368000 ,  9.5930000, 33.2642000, 29.9149000 , 44.7006000  , -40.6400000, -5.1230000 , 10.0120000, 0.000000,       0,       0,       0
15.850, -0.6119000, 0.3200000 ,  9.6170000, 32.6843000, 30.8762000 , 48.8968000  , -40.7290000, -5.1200000 , 10.3680000, 0.000000,       0,       0,       0
15.860, -0.5569000, 0.3212000 ,  9.6481000, 32.2495000, 32.6004000 , 53.2227000  , -40.6030000, -5.3730000 , 10.5060000, 0.000000,       0,       0,       0
15.870, -0.4731000, 0.3176000 ,  9.6804000, 32.0282000, 34.4162000 , 57.2815000  , -40.4660000, -5.4590000 , 10.5000000, 0.000000,       0,       0,       0
15.880, -0.4109000, 0.3200000 ,  9.6887000, 31.9748000, 35.8582000 , 60.8292000  , -40.5130000, -5.5200000 , 10.3350000, 0.000000,       0,       0,       0
15.890, -0.3655000, 0.3356000 ,  9.6696000, 31.8680000, 37.0407000 , 63.7512000  , -40.3970000, -5.6780000 ,  9.9810000, 0.000000,       0,       0,       0
15.900, -0.3535000, 0.3391000 ,  9.6385000, 31.4941000, 38.5513000 , 66.1697000  , -40.3700000, -6.0190000 , 10.8150000, 0.000000,       0,       0,       0
15.910, -0.3750000, 0.3212000 ,  9.6493000, 31.0364000, 39.5584000 , 68.7408000  , -40.0790000, -5.7900000 , 10.7770000, 0.000000,       0,       0,       0
15.920, -0.3978000, 0.3236000 ,  9.6564000, 30.7617000, 39.4516000 , 71.5790000  , -40.2890000, -6.1080000 , 10.8820000, 0.000000,       0,       0,       0
15.930, -0.4097000, 0.3786000 ,  9.6576000, 30.6015000, 38.6047000 , 74.1959000  , -40.0720000, -6.3360000 , 10.6770000, 0.000000,       0,       0,       0
15.940, -0.4157000, 0.4540000 ,  9.6564000, 30.4565000, 37.8571000 , 76.1032000  , -40.4190000, -6.5390000 , 10.7160000, 0.000000,       0,       0,       0
15.950, -0.4169000, 0.5078000 ,  9.6684000, 30.3268000, 37.4832000 , 77.0874000  , -40.0970000, -6.6050000 , 10.6510000, 0.000000,       0,       0,       0
15.960, -0.4325000, 0.5341000 ,  9.6708000, 30.2505000, 37.3764000 , 77.4384000  , -40.0050000, -6.8290000 , 10.8970000, 0.000000,       0,       0,       0
15.970, -0.4695000, 0.5664000 ,  9.6481000, 30.1132000, 37.1704000 , 77.5299000  , -39.7850000, -7.1920000 , 10.4560000, 0.000000,       0,       0,       0
15.980, -0.4767000, 0.5916000 ,  9.6864000, 29.9683000, 36.7126000 , 77.4384000  , -40.0870000, -7.1570000 , 10.4220000, 0.000000,       0,       0,       0
15.990, -0.4301000, 0.5521000 ,  9.7222000, 30.2582000, 35.9268000 , 77.1179000  , -39.6550000, -7.3260000 , 10.5100000, 0.000000,       0,       0,       0
16.000, -0.3643000, 0.4851000 ,  9.7378000, 30.7922000, 35.4996000 , 76.9730000  , -40.0270000, -7.4330000 , 10.1660000, 0.000000,       0,       0,       0
16.010, -0.3045000, 0.4313000 ,  9.7115000, 31.3339000, 34.9197000 , 77.1103000  , -39.9060000, -7.7710000 , 10.5700000, 0.000000,       0,       0,       0
16.020, -0.2626000, 0.4181000 ,  9.6505000, 31.7078000, 32.5546000 , 77.4918000  , -39.8170000, -8.1210000 ,  9.7670000, 0.000000,       0,       0,       0
16.030, -0.2351000, 0.4468000 ,  9.5667000, 31.7383000, 26.0239000 , 77.6596000  , -39.8140000, -8.5070000 , 10.6780000, 0.000000,       0,       0,       0
16.040, -0.2004000, 0.4875000 ,  9.5428000, 31.5399000, 16.2277000 , 77.2858000  , -40.1270000, -8.3020000 ,  9.9400000, 0.000000,       0,       0,       0
16.050, -0.1812000, 0.5102000 ,  9.5787000, 31.3644000, 7.2098000  , 76.7059000  , -39.4780000, -8.4570000 , 10.3300000, 0.000000,       0,       0,       0
16.060, -0.2195000, 0.5102000 ,  9.6505000, 31.4331000, 2.4872000  , 76.4465000  , -39.9430000, -8.5780000 ,  9.8710000, 0.000000,       0,       0,       0
16.070, -0.3427000, 0.4887000 ,  9.6959000, 31.6849000, 2.7466000  , 76.9882000  , -40.0810000, -8.6450000 , 10.0640000, 0.000000,       0,       0,       0
16.080, -0.4516000, 0.4384000 ,  9.7462000, 32.0358000, 6.9885000  , 78.6057000  , -39.7840000, -9.0290000 , 10.0150000, 0.000000,       0,       0,       0
16.090, -0.4791000, 0.3726000 ,  9.7761000, 32.4631000, 14.3814000 , 81.3293000  , -39.6680000, -9.2080000 ,  9.7700000, 0.000000,       0,       0,       0
16.100, -0.3786000, 0.3164000 ,  9.8036000, 32.9666000, 23.4222000 , 84.8999000  , -39.3120000, -9.1080000 ,  9.4950000, 0.000000,       0,       0,       0
16.110, -0.2219000, 0.2793000 ,  9.7725000, 33.4625000, 32.6080000 , 88.8824000  , -39.7170000, -9.5010000 , 10.6530000, 0.000000,       0,       0,       0
16.120, -0.0736000, 0.2626000 ,  9.6971000, 33.6914000, 37.9410000 , 93.0328000  , -39.2280000, -9.7440000 , 10.0610000, 0.000000,       0,       0,       0
16.130, 0.0473000 , 0.2566000 ,  9.6576000, 33.6838000, 39.2532000 , 97.0764000  , -39.2970000, -9.8270000 , 10.3200000, 0.000000,       0,       0,       0
16.140, 0.0461000 , 0.2949000 ,  9.5655000, 33.4244000, 35.8124000 , 99.9603000  , -39.4070000, -10.0160000, 10.4940000, 0.000000,       0,       0,       0
16.150, -0.0353000, 0.3391000 ,  9.5117000, 32.8903000, 27.2598000 , 101.4862000 , -39.4740000, -10.6380000, 10.5680000, 0.000000,       0,       0,       0
16.160, -0.1776000, 0.3535000 ,  9.4985000, 32.2723000, 16.7923000 , 102.1729000 , -39.3310000, -10.8970000, 10.0100000, 0.000000,       0,       0,       0
16.170, -0.3248000, 0.3320000 ,  9.5296000, 31.7230000, 6.3019000  , 102.8900000 , -39.1330000, -11.7110000,  9.6990000, 0.000000,       0,       0,       0
16.180, -0.4061000, 0.3021000 ,  9.6146000, 31.5247000, -0.4349000 , 104.1107000 , -39.3760000, -11.4240000,  9.1060000, 0.000000,       0,       0,       0
16.190, -0.4181000, 0.2889000 ,  9.6971000, 31.7688000, -1.1368000 , 105.7663000 , -39.2390000, -11.9400000,  9.2060000, 0.000000,       0,       0,       0
16.200, -0.3284000, 0.2985000 ,  9.7557000, 32.3639000, 2.8915000  , 107.7042000 , -38.7130000, -11.8920000,  9.4870000, 0.000000,       0,       0,       0
16.210, -0.1442000, 0.3344000 ,  9.7677000, 33.1192000, 9.3079000  , 109.6191000 , -38.8140000, -12.2470000,  8.8370000, 0.000000,       0,       0,       0
16.220, 0.0760000 , 0.3882000 ,  9.7545000, 33.8898000, 15.8615000 , 111.0153000 , -38.5910000, -12.9580000,  8.7380000, 0.000000,       0,       0,       0
16.230, 0.2494000 , 0.4133000 ,  9.7151000, 34.5840000, 20.9579000 , 111.7401000 , -38.4280000, -12.9150000,  8.1330000, 0.000000,       0,       0,       0
16.240, 0.3344000 , 0.4026000 ,  9.6517000, 35.0494000, 22.4838000 , 111.6714000 , -38.3930000, -12.9950000,  8.4620000, 0.000000,       0,       0,       0
16.250, 0.3619000 , 0.3774000 ,  9.6014000, 35.2402000, 20.0806000 , 110.8093000 , -38.2580000, -13.2190000,  8.0060000, 0.000000,       0,       0,       0
16.260, 0.3714000 , 0.3523000 ,  9.5548000, 35.1944000, 14.2822000 , 109.5810000 , -38.4410000, -13.7040000,  8.2580000, 0.000000,       0,       0,       0
16.270, 0.4695000 , 0.3308000 ,  9.5392000, 35.0418000, 6.9962000  , 108.1543000 , -38.4840000, -14.1580000,  8.4770000, 0.000000,       0,       0,       0
16.280, 0.7519000 , 0.3188000 ,  9.5799000, 35.0037000, 0.5951000  , 105.5908000 , -38.3440000, -14.1260000,  8.5720000, 0.000000,       0,       0,       0
16.290, 1.0043000 , 0.3547000 ,  9.6983000, 35.4080000, 1.5793000  , 102.2339000 , -38.0970000, -14.2510000,  7.9800000, 0.000000,       0,       0,       0
16.300, 1.0497000 , 0.3583000 ,  9.7605000, 36.1786000, 9.2392000  , 99.5712000  , -38.1920000, -14.6700000,  8.6770000, 0.000000,       0,       0,       0
16.310, 0.9433000 , 0.3451000 ,  9.7545000, 36.9263000, 18.0588000 , 97.8928000  , -37.6270000, -14.7060000,  8.2800000, 0.000000,       0,       0,       0
16.320, 0.7973000 , 0.3380000 ,  9.7366000, 37.5977000, 27.0462000 , 97.3969000  , -37.6160000, -14.9330000,  8.9420000, 0.000000,       0,       0,       0
16.330, 0.6657000 , 0.3308000 ,  9.7246000, 38.0783000, 34.1415000 , 97.5647000  , -37.3540000, -14.9360000,  8.4260000, 0.000000,       0,       0,       0
16.340, 0.4121000 , 0.3033000 ,  9.6983000, 38.5513000, 41.4124000 , 98.2208000  , -37.0890000, -15.2720000,  8.4400000, 0.000000,       0,       0,       0
16.350, 0.2040000 , 0.2769000 ,  9.6648000, 38.6276000, 42.9535000 , 98.5794000  , -37.0800000, -15.5090000,  8.6800000, 0.000000,       0,       0,       0
16.360, 0.0173000 , 0.2590000 ,  9.6529000, 38.5208000, 41.9464000 , 98.8998000  , -36.4840000, -15.5060000,  8.6150000, 0.000000,       0,       0,       0
16.370, -0.1513000, 0.2159000 ,  9.6505000, 38.3377000, 39.9704000 , 99.3195000  , -36.4660000, -16.2360000,  8.4980000, 0.000000,       0,       0,       0
16.380, -0.2542000, 0.1836000 ,  9.6684000, 38.1927000, 38.1470000 , 100.0977000 , -36.2110000, -16.2170000,  9.2480000, 0.000000,       0,       0,       0
16.390, -0.2686000, 0.1968000 ,  9.6840000, 38.1775000, 36.8118000 , 101.5015000 , -36.2630000, -16.3260000,  8.9870000, 0.000000,       0,       0,       0
16.400, -0.1609000, 0.2195000 ,  9.6696000, 38.2233000, 35.8505000 , 103.3096000 , -35.6240000, -16.6910000,  8.2390000, 0.000000,       0,       0,       0
16.410, 0.0508000 , 0.2602000 ,  9.6301000, 38.0554000, 33.5999000 , 104.4769000 , -35.7240000, -16.9360000,  8.9940000, 0.000000,       0,       0,       0
16.420, 0.2793000 , 0.3236000 ,  9.6002000, 37.6282000, 29.8004000 , 104.2938000 , -35.7740000, -17.1010000,  8.3610000, 0.000000,       0,       0,       0
16.430, 0.4456000 , 0.3691000 ,  9.5930000, 37.0483000, 25.5280000 , 102.7451000 , -35.2800000, -17.4030000,  8.4800000, 0.000000,       0,       0,       0
16.440, 0.5246000 , 0.3607000 ,  9.6002000, 36.5295000, 22.3770000 , 100.5020000 , -35.1560000, -17.0190000,  9.0910000, 0.000000,       0,       0,       0
16.450, 0.5353000 , 0.3356000 ,  9.6098000, 36.1786000, 21.2097000 , 98.4268000  , -35.0800000, -17.1870000,  8.9120000, 0.000000,       0,       0,       0
16.460, 0.4935000 , 0.3176000 ,  9.6170000, 36.0413000, 22.1481000 , 97.0154000  , -35.0510000, -17.7410000,  9.4020000, 0.000000,       0,       0,       0
16.470, 0.4540000 , 0.3021000 ,  9.6313000, 36.0870000, 24.3759000 , 96.4050000  , -34.8110000, -17.4060000,  9.2680000, 0.000000,       0,       0,       0
16.480, 0.4396000 , 0.2937000 ,  9.6481000, 36.2396000, 26.7487000 , 96.3135000  , -34.6080000, -17.9500000,  8.9950000, 0.000000,       0,       0,       0
16.490, 0.4947000 , 0.2781000 ,  9.6768000, 36.5677000, 28.9688000 , 96.3821000  , -34.5580000, -18.1150000,  9.0940000, 0.000000,       0,       0,       0
16.500, 0.5294000 , 0.2937000 ,  9.6887000, 37.0712000, 31.1203000 , 96.3135000  , -33.9030000, -18.1330000,  9.0640000, 0.000000,       0,       0,       0
16.510, 0.5557000 , 0.3176000 ,  9.6696000, 37.5595000, 32.8293000 , 96.0922000  , -33.5030000, -18.6300000,  9.7660000, 0.000000,       0,       0,       0
16.520, 0.5401000 , 0.3320000 ,  9.6337000, 37.7121000, 33.6609000 , 95.3979000  , -33.7300000, -18.8360000,  8.6350000, 0.000000,       0,       0,       0
16.530, 0.4564000 , 0.3475000 ,  9.6433000, 37.7579000, 33.8669000 , 95.6802000  , -33.6350000, -18.5100000,  9.1230000, 0.000000,       0,       0,       0
16.540, 0.3714000 , 0.3619000 ,  9.6373000, 37.9181000, 33.7982000 , 98.0682000  , -33.2560000, -18.7560000,  9.1080000, 0.000000,       0,       0,       0
16.550, 0.2745000 , 0.3703000 ,  9.6481000, 38.1241000, 33.8974000 , 101.6769000 , -32.7520000, -18.9320000,  9.1740000, 0.000000,       0,       0,       0
16.560, 0.1513000 , 0.3786000 ,  9.6828000, 38.4598000, 34.5078000 , 105.7510000 , -32.4950000, -19.0050000,  9.3210000, 0.000000,       0,       0,       0
16.570, 0.1083000 , 0.3774000 ,  9.7139000, 39.0091000, 35.6674000 , 109.4513000 , -32.1890000, -19.4590000,  9.4000000, 0.000000,       0,       0,       0
16.580, 0.1107000 , 0.3344000 ,  9.7533000, 39.7491000, 37.2086000 , 112.1063000 , -31.9860000, -19.5290000,  9.4540000, 0.000000,       0,       0,       0
16.590, 0.2123000 , 0.2734000 ,  9.8060000, 40.8707000, 38.8184000 , 113.2812000 , -32.0070000, -19.6790000,  8.7850000, 0.000000,       0,       0,       0
16.600, 0.2375000 , 0.1812000 ,  9.7330000, 41.8167000, 40.0085000 , 113.3881000 , -31.7170000, -19.7970000,  8.7780000, 0.000000,       0,       0,       0
16.610, 0.3068000 , 0.1908000 ,  9.6397000, 41.9464000, 39.1922000 , 113.4338000 , -31.1880000, -19.9850000,  9.4480000, 0.000000,       0,       0,       0
16.620, 0.5090000 , 0.3248000 ,  9.5631000, 41.2445000, 36.4609000 , 112.0453000 , -31.1950000, -19.9630000,  9.1750000, 0.000000,       0,       0,       0
16.630, 0.7208000 , 0.4540000 ,  9.5619000, 40.1154000, 33.2870000 , 107.5821000 , -30.8870000, -20.0860000,  9.3230000, 0.000000,       0,       0,       0
16.640, 0.8524000 , 0.5090000 ,  9.5679000, 38.9709000, 30.8228000 , 100.2350000 , -30.8490000, -20.0330000,  9.3870000, 0.000000,       0,       0,       0
16.650, 0.8763000 , 0.4851000 ,  9.5895000, 37.9715000, 29.6936000 , 91.9342000  , -30.8460000, -20.3380000,  9.3620000, 0.000000,       0,       0,       0
16.660, 0.8272000 , 0.4049000 ,  9.6218000, 37.3383000, 29.9301000 , 84.4879000  , -30.6730000, -20.1940000,  9.1990000, 0.000000,       0,       0,       0
16.670, 0.6992000 , 0.2997000 ,  9.6445000, 37.0941000, 30.9601000 , 78.8345000  , -30.4000000, -20.4090000,  9.1380000, 0.000000,       0,       0,       0
16.680, 0.5748000 , 0.2028000 ,  9.6576000, 37.0865000, 32.0435000 , 75.2563000  , -30.6700000, -20.6010000,  9.5090000, 0.000000,       0,       0,       0
16.690, 0.5282000 , 0.1453000 ,  9.6529000, 37.1475000, 32.7988000 , 73.2574000  , -30.3440000, -20.2450000,  9.2840000, 0.000000,       0,       0,       0
16.700, 0.5437000 , 0.1501000 ,  9.6337000, 37.1399000, 32.9895000 , 72.2351000  , -29.9050000, -20.5230000,  9.7180000, 0.000000,       0,       0,       0
16.710, 0.6478000 , 0.2040000 ,  9.5883000, 36.8881000, 32.0969000 , 71.6248000  , -29.7610000, -20.4710000,  9.5770000, 0.000000,       0,       0,       0
16.720, 0.7626000 , 0.3068000 ,  9.5823000, 36.3922000, 30.1743000 , 70.7169000  , -29.9940000, -20.7340000,  9.2570000, 0.000000,       0,       0,       0
16.730, 0.7949000 , 0.4193000 ,  9.5667000, 35.7742000, 27.9541000 , 69.0231000  , -30.0280000, -20.8250000,  9.2500000, 0.000000,       0,       0,       0
16.740, 0.7519000 , 0.4779000 ,  9.5392000, 34.8206000, 24.5285000 , 66.7419000  , -29.8730000, -20.9640000,  8.8630000, 0.000000,       0,       0,       0
16.750, 0.6645000 , 0.4540000 ,  9.5189000, 33.4625000, 19.7220000 , 64.1708000  , -29.8690000, -20.8750000,  9.0470000, 0.000000,       0,       0,       0
16.760, 0.5772000 , 0.3774000 ,  9.5464000, 32.0282000, 14.9307000 , 61.9354000  , -29.8620000, -20.8390000,  8.5610000, 0.000000,       0,       0,       0
16.770, 0.5796000 , 0.2769000 ,  9.6301000, 31.1966000, 12.1155000 , 60.6079000  , -29.5220000, -21.2300000,  8.6570000, 0.000000,       0,       0,       0
16.780, 0.6669000 , 0.1681000 ,  9.7043000, 31.5857000, 13.5574000 , 60.4935000  , -29.4250000, -21.2760000,  9.0820000, 0.000000,       0,       0,       0
16.790, 0.7471000 , 0.0712000 ,  9.7246000, 32.9895000, 18.5242000 , 61.6684000  , -29.2110000, -21.3990000,  8.9710000, 0.000000,       0,       0,       0
16.800, 0.7997000 , 0.0257000 ,  9.6911000, 34.4696000, 23.8113000 , 63.7283000  , -29.1920000, -21.3810000,  9.1770000, 0.000000,       0,       0,       0
16.810, 0.8464000 , 0.0520000 ,  9.6612000, 35.5377000, 28.1906000 , 65.8722000  , -29.2840000, -21.5950000,  9.4310000, 0.000000,       0,       0,       0
16.820, 0.8787000 , 0.0975000 ,  9.6564000, 36.3617000, 31.5781000 , 67.1844000  , -29.2400000, -21.2780000,  9.0860000, 0.000000,       0,       0,       0
16.830, 0.8631000 , 0.1238000 ,  9.6445000, 36.9415000, 33.8669000 , 67.6041000  , -28.7580000, -21.3620000,  9.0210000, 0.000000,       0,       0,       0
16.840, 0.8272000 , 0.1166000 ,  9.6277000, 37.3001000, 35.3699000 , 67.6651000  , -28.9610000, -21.4650000,  8.7780000, 0.000000,       0,       0,       0
16.850, 0.8177000 , 0.0975000 ,  9.6098000, 37.4298000, 36.5295000 , 67.7795000  , -28.4280000, -21.2450000,  9.1250000, 0.000000,       0,       0,       0
16.860, 0.8284000 , 0.0796000 ,  9.5990000, 37.4756000, 38.0249000 , 67.8711000  , -28.5160000, -21.3120000,  8.6610000, 0.000000,       0,       0,       0
16.870, 0.8308000 , 0.0867000 ,  9.5978000, 37.5443000, 40.1077000 , 67.8329000  , -28.0650000, -21.6220000,  8.8490000, 0.000000,       0,       0,       0
16.880, 0.8069000 , 0.1095000 ,  9.5966000, 37.5824000, 42.3889000 , 67.5659000  , -27.9940000, -21.4280000,  8.4910000, 0.000000,       0,       0,       0
16.890, 0.7531000 , 0.1154000 ,  9.5871000, 37.5061000, 45.0134000 , 67.4591000  , -28.1370000, -21.7870000,  8.8080000, 0.000000,       0,       0,       0
16.900, 0.6801000 , 0.0819000 ,  9.5835000, 37.4680000, 48.7213000 , 68.4357000  , -27.7000000, -21.7150000,  8.6540000, 0.000000,       0,       0,       0
16.910, 0.6263000 , 0.0401000 ,  9.5942000, 37.7121000, 53.3752000 , 70.7321000  , -27.1640000, -21.7730000,  8.6430000, 0.000000,       0,       0,       0
16.920, 0.6023000 , 0.0018000 ,  9.5918000, 38.0783000, 58.2275000 , 73.6694000  , -27.4060000, -21.8150000,  8.8550000, 0.000000,       0,       0,       0
16.930, 0.6023000 , -0.0197000,  9.5787000, 38.2690000, 63.1409000 , 76.7212000  , -26.9990000, -21.8300000,  8.7000000, 0.000000,       0,       0,       0
16.940, 0.5916000 , -0.0150000,  9.5739000, 38.3072000, 68.3975000 , 79.8569000  , -26.3740000, -21.7270000,  8.9520000, 0.000000,       0,       0,       0
16.950, 0.5461000 , 0.0161000 ,  9.5643000, 38.0859000, 74.0356000 , 83.3282000  , -25.7140000, -21.8110000,  8.6710000, 0.000000,       0,       0,       0
16.960, 0.5318000 , 0.0796000 ,  9.5512000, 37.1780000, 78.6514000 , 86.7310000  , -25.7880000, -21.9720000,  8.4800000, 0.000000,       0,       0,       0
16.970, 0.6011000 , 0.1047000 ,  9.6325000, 35.0723000, 76.6449000 , 87.2269000  , -25.5240000, -22.3190000,  8.9330000, 0.000000,       0,       0,       0
16.980, 0.6191000 , 0.0652000 ,  9.7330000, 33.5464000, 68.4204000 , 84.0302000  , -25.2000000, -22.2090000,  9.2050000, 0.000000,       0,       0,       0
16.990, 0.5114000 , 0.0736000 ,  9.7809000, 33.3481000, 58.0826000 , 78.1021000  , -25.5680000, -22.0470000,  9.7480000, 0.000000,       0,       0,       0
17.000, 0.2769000 , 0.0843000 ,  9.7677000, 34.0958000, 44.6243000 , 67.6880000  , -25.3170000, -21.8160000,  8.9730000, 0.000000,       0,       0,       0
17.010, 0.1836000 , 0.0377000 ,  9.7390000, 34.7061000, 38.7115000 , 61.8744000  , -25.0740000, -21.8600000,  9.7250000, 0.000000,       0,       0,       0
17.020, 0.1382000 , -0.0114000,  9.7091000, 35.2554000, 35.1639000 , 57.8918000  , -24.9470000, -22.6670000,  8.8700000, 0.000000,       0,       0,       0
17.030, 0.1406000 , -0.0365000,  9.6840000, 35.6064000, 33.4244000 , 55.6564000  , -24.8480000, -22.0060000,  8.8520000, 0.000000,       0,       0,       0
17.040, 0.1453000 , -0.0736000,  9.6696000, 35.8734000, 32.8751000 , 54.8172000  , -24.9910000, -22.0200000,  8.8720000, 0.000000,       0,       0,       0
17.050, 0.1489000 , -0.1418000,  9.6576000, 36.0947000, 32.9971000 , 55.3513000  , -24.8570000, -22.1230000,  8.4620000, 0.000000,       0,       0,       0
17.060, 0.1585000 , -0.2219000,  9.6481000, 36.1710000, 33.4396000 , 57.2739000  , -24.5490000, -22.0580000,  8.7240000, 0.000000,       0,       0,       0
17.070, 0.1561000 , -0.2781000,  9.6397000, 36.0260000, 34.0118000 , 60.6079000  , -24.4360000, -22.1380000,  8.6240000, 0.000000,       0,       0,       0
17.080, 0.1430000 , -0.2925000,  9.6361000, 35.7590000, 34.5459000 , 65.3381000  , -24.4460000, -22.1490000,  9.5260000, 0.000000,       0,       0,       0
17.090, 0.1346000 , -0.2865000,  9.6385000, 35.4614000, 34.9884000 , 71.0678000  , -24.1190000, -22.4390000,  8.4710000, 0.000000,       0,       0,       0
17.100, 0.1669000 , -0.2602000,  9.6457000, 35.2478000, 35.2936000 , 76.8661000  , -23.9280000, -22.6130000,  9.2830000, 0.000000,       0,       0,       0
17.110, 0.2099000 , -0.1788000,  9.6517000, 35.1257000, 35.4538000 , 81.4819000  , -23.8780000, -22.1600000,  9.0090000, 0.000000,       0,       0,       0
17.120, 0.2088000 , -0.0580000,  9.6576000, 35.0113000, 35.5530000 , 84.6176000  , -23.6310000, -22.5730000,  9.3320000, 0.000000,       0,       0,       0
17.130, 0.2076000 , 0.0568000 ,  9.6600000, 35.0418000, 35.5759000 , 86.7691000  , -23.4870000, -22.5370000,  9.2370000, 0.000000,       0,       0,       0
17.140, 0.1872000 , 0.1406000 ,  9.6636000, 35.2249000, 35.5301000 , 88.0737000  , -22.9570000, -22.1190000,  8.7520000, 0.000000,       0,       0,       0
17.150, 0.1083000 , 0.1657000 ,  9.6672000, 35.5148000, 35.4156000 , 88.6841000  , -22.7210000, -22.6450000,  9.4450000, 0.000000,       0,       0,       0
17.160, -0.0161000, 0.1334000 ,  9.6696000, 35.8353000, 35.2554000 , 88.9130000  , -22.5300000, -22.4890000,  9.0150000, 0.000000,       0,       0,       0
17.170, -0.1418000, 0.0688000 ,  9.6732000, 35.9573000, 35.2631000 , 89.4394000  , -22.1740000, -22.5620000,  9.5170000, 0.000000,       0,       0,       0
17.180, -0.1597000, -0.0185000,  9.6899000, 35.6064000, 35.9268000 , 90.9576000  , -21.8850000, -22.4880000,  9.2020000, 0.000000,       0,       0,       0
17.190, -0.1095000, -0.1119000,  9.6995000, 34.7214000, 37.1933000 , 93.9178000  , -21.5860000, -22.5610000,  9.1130000, 0.000000,       0,       0,       0
17.200, -0.0150000, -0.1370000,  9.6804000, 34.0118000, 37.8876000 , 97.3740000  , -21.2970000, -22.5440000,  8.7600000, 0.000000,       0,       0,       0
17.210, 0.1059000 , -0.0939000,  9.6541000, 34.0195000, 37.7808000 , 99.8383000  , -21.0770000, -22.5750000,  9.1650000, 0.000000,       0,       0,       0
17.220, 0.2243000 , -0.0090000,  9.6373000, 34.5840000, 37.0331000 , 100.4181000 , -20.9460000, -22.5080000,  9.1710000, 0.000000,       0,       0,       0
17.230, 0.3380000 , 0.0568000 ,  9.6313000, 35.3699000, 36.0336000 , 98.8388000  , -20.6400000, -23.0200000,  8.8170000, 0.000000,       0,       0,       0
17.240, 0.4109000 , 0.0748000 ,  9.6313000, 36.1633000, 35.0571000 , 95.6955000  , -20.7980000, -22.8550000,  8.7370000, 0.000000,       0,       0,       0
17.250, 0.4325000 , 0.0329000 ,  9.6313000, 36.8805000, 34.1797000 , 92.1860000  , -20.5630000, -22.7480000,  8.4720000, 0.000000,       0,       0,       0
17.260, 0.4109000 , -0.0473000,  9.6361000, 37.4832000, 33.4930000 , 89.2944000  , -20.2910000, -22.9060000,  9.3710000, 0.000000,       0,       0,       0
17.270, 0.3786000 , -0.1358000,  9.6457000, 37.7274000, 33.2031000 , 87.5092000  , -20.0580000, -22.4420000,  9.7900000, 0.000000,       0,       0,       0
17.280, 0.3403000 , -0.1968000,  9.6552000, 37.5824000, 33.3405000 , 86.8988000  , -20.0080000, -22.7880000,  9.2400000, 0.000000,       0,       0,       0
17.290, 0.2937000 , -0.2243000,  9.6576000, 37.2391000, 33.6838000 , 87.4100000  , -19.7290000, -22.6360000,  9.2810000, 0.000000,       0,       0,       0
17.300, 0.2530000 , -0.2339000,  9.6552000, 36.9186000, 33.9966000 , 88.9664000  , -19.2960000, -22.7700000,  9.2990000, 0.000000,       0,       0,       0
17.310, 0.2183000 , -0.2123000,  9.6529000, 36.7737000, 34.1797000 , 91.4612000  , -19.0240000, -22.7410000,  9.3330000, 0.000000,       0,       0,       0
17.320, 0.1406000 , -0.1394000,  9.6552000, 36.7966000, 34.2178000 , 94.7266000  , -18.9810000, -22.7330000,  9.2600000, 0.000000,       0,       0,       0
17.330, 0.0030000 , -0.0221000,  9.6600000, 36.9797000, 34.1263000 , 98.4802000  , -18.4640000, -22.4590000,  9.8190000, 0.000000,       0,       0,       0
17.340, -0.1513000, 0.0951000 ,  9.6660000, 37.2543000, 33.9508000 , 102.1500000 , -17.9830000, -22.3920000,  9.6860000, 0.000000,       0,       0,       0
17.350, -0.2506000, 0.1812000 ,  9.6720000, 37.4603000, 33.8287000 , 105.0873000 , -17.7620000, -22.6230000,  9.1780000, 0.000000,       0,       0,       0
17.360, -0.2614000, 0.2219000 ,  9.6768000, 37.4985000, 33.8135000 , 106.9031000 , -17.8480000, -22.3720000,  9.5820000, 0.000000,       0,       0,       0
17.370, -0.1992000, 0.2088000 ,  9.6732000, 37.4985000, 33.7982000 , 107.6584000 , -17.1530000, -22.7090000,  9.6450000, 0.000000,       0,       0,       0
17.380, -0.1011000, 0.1633000 ,  9.6636000, 37.6282000, 33.6075000 , 107.6965000 , -17.1100000, -22.2270000,  9.4200000, 0.000000,       0,       0,       0
17.390, 0.0006000 , 0.1178000 ,  9.6541000, 37.9486000, 33.2184000 , 107.2693000 , -16.7470000, -22.3720000,  9.5190000, 0.000000,       0,       0,       0
17.400, 0.0760000 , 0.0760000 ,  9.6493000, 38.3530000, 32.7301000 , 106.5598000 , -16.4230000, -22.2340000, 10.0320000, 0.000000,       0,       0,       0
17.410, 0.1178000 , 0.0365000 ,  9.6469000, 38.8031000, 32.2037000 , 105.8350000 , -15.8620000, -22.2600000, 10.0990000, 0.000000,       0,       0,       0
17.420, 0.1513000 , 0.0018000 ,  9.6505000, 39.1846000, 31.7917000 , 105.2170000 , -15.9130000, -22.1680000, 10.0400000, 0.000000,       0,       0,       0
17.430, 0.1872000 , -0.0389000,  9.6541000, 39.2990000, 31.6925000 , 104.8279000 , -16.0370000, -22.2060000, 10.5550000, 0.000000,       0,       0,       0
17.440, 0.2052000 , -0.0963000,  9.6552000, 39.2380000, 31.8298000 , 104.8508000 , -15.0500000, -21.9910000, 10.7240000, 0.000000,       0,       0,       0
17.450, 0.2111000 , -0.1741000,  9.6564000, 39.1159000, 32.0816000 , 105.6290000 , -15.1510000, -21.8840000, 10.7200000, 0.000000,       0,       0,       0
17.460, 0.2303000 , -0.2805000,  9.6552000, 38.8565000, 32.4326000 , 107.4371000 , -14.5410000, -21.8460000, 10.5890000, 0.000000,       0,       0,       0
17.470, 0.2734000 , -0.3846000,  9.6517000, 38.5590000, 32.8064000 , 110.2829000 , -14.4760000, -21.8310000, 10.7660000, 0.000000,       0,       0,       0
17.480, 0.3332000 , -0.4552000,  9.6481000, 38.3377000, 33.1345000 , 113.8535000 , -14.0660000, -21.5780000, 10.5220000, 0.000000,       0,       0,       0
17.490, 0.4061000 , -0.4755000,  9.6445000, 38.1851000, 33.3939000 , 117.7444000 , -13.8040000, -21.7600000, 10.5340000, 0.000000,       0,       0,       0
17.500, 0.4755000 , -0.4337000,  9.6421000, 38.1470000, 33.5312000 , 121.5210000 , -13.6790000, -21.1890000, 10.5730000, 0.000000,       0,       0,       0
17.510, 0.5006000 , -0.3427000,  9.6409000, 38.1775000, 33.5541000 , 124.9542000 , -13.0390000, -21.3080000, 10.7190000, 0.000000,       0,       0,       0
17.520, 0.4588000 , -0.2195000,  9.6421000, 38.3301000, 33.4015000 , 127.7695000 , -12.6980000, -20.9930000, 10.3040000, 0.000000,       0,       0,       0
17.530, 0.3463000 , -0.0831000,  9.6457000, 38.5590000, 33.1650000 , 129.7913000 , -12.4040000, -20.9000000, 10.2900000, 0.000000,       0,       0,       0
17.540, 0.1884000 , 0.0484000 ,  9.6529000, 38.7573000, 32.9590000 , 130.9738000 , -12.0030000, -20.8780000, 10.3060000, 0.000000,       0,       0,       0
17.550, 0.0473000 , 0.1872000 ,  9.6612000, 38.7802000, 32.9208000 , 131.3400000 , -11.5610000, -20.7510000, 10.1700000, 0.000000,       0,       0,       0
17.560, -0.0377000, 0.3798000 ,  9.6672000, 38.7344000, 32.9742000 , 130.3635000 , -11.5550000, -20.6880000,  9.8320000, 0.000000,       0,       0,       0
17.570, -0.0987000, 0.4983000 ,  9.6732000, 38.6429000, 33.0124000 , 127.9068000 , -11.3750000, -20.4700000, 10.4570000, 0.000000,       0,       0,       0
17.580, -0.0855000, 0.5030000 ,  9.6744000, 38.5590000, 33.0353000 , 124.6033000 , -11.0340000, -20.4520000,  9.9990000, 0.000000,       0,       0,       0
17.590, -0.0161000, 0.4121000 ,  9.6684000, 38.5361000, 32.9895000 , 121.2006000 , -10.4230000, -20.1100000, 10.1970000, 0.000000,       0,       0,       0
17.600, 0.0496000 , 0.2949000 ,  9.6684000, 38.4750000, 32.9971000 , 118.5532000 , -10.5150000, -20.1740000, 10.0170000, 0.000000,       0,       0,       0
17.610, 0.0449000 , 0.1717000 ,  9.6660000, 38.3835000, 33.0887000 , 117.4545000 , -10.4520000, -19.5930000, 10.4530000, 0.000000,       0,       0,       0
17.620, -0.0317000, 0.0807000 ,  9.6660000, 38.4293000, 33.0582000 , 118.3319000 , -9.7400000 , -19.5540000, 10.8100000, 0.000000,       0,       0,       0
17.630, -0.1035000, 0.0257000 ,  9.6684000, 38.5818000, 32.9514000 , 120.8420000 , -9.4120000 , -19.4400000, 11.0980000, 0.000000,       0,       0,       0
17.640, -0.1166000, 0.0161000 ,  9.6684000, 38.7344000, 32.9514000 , 123.9166000 , -9.1380000 , -19.0360000, 10.6190000, 0.000000,       0,       0,       0
17.650, -0.0425000, 0.0975000 ,  9.6672000, 39.0167000, 32.8217000 , 126.8387000 , -8.7030000 , -18.8570000, 10.7850000, 0.000000,       0,       0,       0
17.660, 0.0473000 , 0.1788000 ,  9.6624000, 39.0167000, 32.7759000 , 126.7624000 , -8.2060000 , -18.4230000, 10.1770000, 0.000000,       0,       0,       0
17.670, 0.1346000 , 0.2662000 ,  9.6576000, 39.0930000, 32.5241000 , 125.3586000 , -8.0480000 , -18.6740000, 10.6780000, 0.000000,       0,       0,       0
17.680, 0.2291000 , 0.3164000 ,  9.6564000, 39.0930000, 32.3334000 , 123.3139000 , -7.8870000 , -18.3100000, 10.9710000, 0.000000,       0,       0,       0
17.690, 0.3068000 , 0.2889000 ,  9.6564000, 39.0320000, 32.3105000 , 121.4066000 , -7.7480000 , -18.1280000, 10.6860000, 0.000000,       0,       0,       0
17.700, 0.3451000 , 0.1992000 ,  9.6552000, 38.9481000, 32.4020000 , 120.2393000 , -7.6560000 , -18.0850000, 10.4840000, 0.000000,       0,       0,       0
17.710, 0.3176000 , 0.0807000 ,  9.6552000, 38.8870000, 32.5546000 , 120.1859000 , -7.2940000 , -17.5710000, 10.1950000, 0.000000,       0,       0,       0
17.720, 0.2231000 , -0.0317000,  9.6564000, 38.8107000, 32.6996000 , 121.4447000 , -7.0490000 , -17.4040000, 10.6270000, 0.000000,       0,       0,       0
17.730, 0.1023000 , -0.0999000,  9.6541000, 38.8870000, 32.6538000 , 123.9929000 , -6.6850000 , -17.0310000, 10.7400000, 0.000000,       0,       0,       0
17.740, 0.0150000 , -0.1238000,  9.6564000, 39.1312000, 32.4249000 , 127.3804000 , -6.3320000 , -16.7200000, 10.5410000, 0.000000,       0,       0,       0
17.750, -0.0150000, -0.1298000,  9.6600000, 39.3677000, 32.2418000 , 130.7449000 , -6.2350000 , -16.6220000, 10.6170000, 0.000000,       0,       0,       0
17.760, 0.0114000 , -0.1250000,  9.6612000, 39.5203000, 32.1426000 , 133.2703000 , -5.9810000 , -16.1380000, 10.4410000, 0.000000,       0,       0,       0
17.770, 0.0784000 , -0.0963000,  9.6600000, 39.5737000, 32.1350000 , 134.4070000 , -5.4310000 , -16.0030000, 10.5890000, 0.000000,       0,       0,       0
17.780, 0.1645000 , -0.0389000,  9.6588000, 39.5432000, 32.2037000 , 133.9874000 , -5.3980000 , -15.7820000, 10.9950000, 0.000000,       0,       0,       0
17.790, 0.2387000 , 0.0437000 ,  9.6576000, 39.4592000, 32.2800000 , 132.3090000 , -5.1750000 , -15.8090000, 10.3800000, 0.000000,       0,       0,       0
17.800, 0.2745000 , 0.1453000 ,  9.6552000, 39.3372000, 32.3639000 , 129.7760000 , -4.7140000 , -15.2310000, 10.4750000, 0.000000,       0,       0,       0
17.810, 0.2662000 , 0.2494000 ,  9.6552000, 39.2151000, 32.4402000 , 126.7624000 , -4.4180000 , -15.0780000, 10.6770000, 0.000000,       0,       0,       0
17.820, 0.2279000 , 0.3487000 ,  9.6588000, 39.0930000, 32.4860000 , 123.5809000 , -4.6090000 , -14.9460000, 10.3600000, 0.000000,       0,       0,       0
17.830, 0.1836000 , 0.4384000 ,  9.6612000, 39.0244000, 32.4783000 , 120.6589000 , -4.0920000 , -14.7850000, 10.7870000, 0.000000,       0,       0,       0
17.840, 0.1573000 , 0.4959000 ,  9.6636000, 38.9709000, 32.4860000 , 118.3014000 , -4.0110000 , -14.5100000, 10.9860000, 0.000000,       0,       0,       0
17.850, 0.1346000 , 0.5090000 ,  9.6648000, 38.9252000, 32.5241000 , 116.7297000 , -3.5840000 , -14.1970000, 10.7690000, 0.000000,       0,       0,       0
17.860, 0.1083000 , 0.4875000 ,  9.6648000, 38.9175000, 32.5470000 , 116.1270000 , -3.3990000 , -13.8680000, 10.9520000, 0.000000,       0,       0,       0
17.870, 0.0879000 , 0.4444000 ,  9.6660000, 38.9252000, 32.5775000 , 116.5543000 , -3.2960000 , -13.6990000, 11.3170000, 0.000000,       0,       0,       0
17.880, 0.0676000 , 0.3667000 ,  9.6660000, 38.9175000, 32.6538000 , 117.7902000 , -2.7230000 , -13.3600000, 10.5410000, 0.000000,       0,       0,       0
17.890, 0.0413000 , 0.2554000 ,  9.6648000, 38.9175000, 32.7759000 , 119.2322000 , -2.9820000 , -13.3980000, 11.5200000, 0.000000,       0,       0,       0
17.900, 0.0090000 , 0.1274000 ,  9.6636000, 38.9328000, 32.8979000 , 120.2316000 , -2.5100000 , -12.7580000, 11.0180000, 0.000000,       0,       0,       0
17.910, -0.0114000, 0.0126000 ,  9.6624000, 38.8641000, 33.0505000 , 120.6360000 , -2.6890000 , -12.4990000, 11.1080000, 0.000000,       0,       0,       0
17.920, -0.0138000, -0.0784000,  9.6600000, 38.7802000, 33.1802000 , 120.7275000 , -2.3010000 , -12.2030000, 10.7180000, 0.000000,       0,       0,       0
17.930, -0.0054000, -0.1418000,  9.6588000, 38.6963000, 33.2870000 , 120.8878000 , -2.4340000 , -11.9270000, 11.4400000, 0.000000,       0,       0,       0
17.940, 0.0102000 , -0.1681000,  9.6588000, 38.6124000, 33.3710000 , 121.1929000 , -2.1330000 , -11.8330000, 11.0620000, 0.000000,       0,       0,       0
17.950, 0.0365000 , -0.1501000,  9.6588000, 38.5742000, 33.4091000 , 121.4905000 , -1.9050000 , -11.4540000, 10.9790000, 0.000000,       0,       0,       0
17.960, 0.0784000 , -0.0963000,  9.6564000, 38.5513000, 33.4320000 , 121.4294000 , -1.6160000 , -11.1710000, 12.0160000, 0.000000,       0,       0,       0
17.970, 0.1358000 , -0.0413000,  9.6552000, 38.4827000, 33.5083000 , 120.7275000 , -1.6200000 , -10.7720000, 11.1070000, 0.000000,       0,       0,       0
17.980, 0.1956000 , -0.0197000,  9.6552000, 38.3759000, 33.6304000 , 119.4229000 , -1.3430000 , -10.4070000, 11.1680000, 0.000000,       0,       0,       0
17.990, 0.2339000 , -0.0293000,  9.6529000, 38.2538000, 33.7601000 , 117.8970000 , -1.1140000 , -10.1480000, 11.0710000, 0.000000,       0,       0,       0
18.000, 0.2482000 , -0.0078000,  9.6529000, 38.1546000, 33.8135000 , 116.8594000 , -1.2640000 , -9.8460000 , 10.9520000, 0.000000,       0,       0,       0
18.010, 0.2422000 , 0.0544000 ,  9.6541000, 38.1317000, 33.7982000 , 116.7526000 , -0.6780000 , -9.2780000 , 11.5120000, 0.000000,       0,       0,       0
18.020, 0.2076000 , 0.0461000 ,  9.6564000, 38.1927000, 33.7448000 , 117.7063000 , -1.0240000 , -8.9580000 , 11.8690000, 0.000000,       0,       0,       0
18.030, 0.1537000 , 0.1214000 ,  9.6588000, 38.3148000, 33.6456000 , 119.5297000 , -0.7260000 , -8.6870000 , 11.8240000, 0.000000,       0,       0,       0
18.040, 0.1059000 , 0.2207000 ,  9.6612000, 38.4216000, 33.5617000 , 121.7041000 , -0.5010000 , -8.5700000 , 11.4480000, 0.000000,       0,       0,       0
18.050, 0.0819000 , 0.2686000 ,  9.6612000, 38.5284000, 33.5236000 , 124.2371000 , -0.3500000 , -8.2300000 , 11.4880000, 0.000000,       0,       0,       0
18.060, 0.0807000 , 0.2518000 ,  9.6624000, 38.6353000, 33.5236000 , 127.3422000 , -0.0020000 , -7.6940000 , 12.1970000, 0.000000,       0,       0,       0
18.070, 0.1047000 , 0.1776000 ,  9.6624000, 38.7192000, 33.5541000 , 131.3400000 , 0.3710000  , -7.4990000 , 11.3850000, 0.000000,       0,       0,       0
18.080, 0.1477000 , 0.0927000 ,  9.6600000, 38.8489000, 33.5388000 , 136.2457000 , 0.3100000  , -7.0860000 , 11.6940000, 0.000000,       0,       0,       0
18.090, 0.2016000 , 0.0341000 ,  9.6588000, 39.0549000, 33.4167000 , 141.5558000 , 0.3380000  , -6.4030000 , 11.6480000, 0.000000,       0,       0,       0
18.100, 0.2399000 , 0.0126000 ,  9.6576000, 39.2914000, 33.2565000 , 146.2250000 , 0.2020000  , -5.8070000 , 11.5030000, 0.000000,       0,       0,       0
18.110, 0.2566000 , 0.0317000 ,  9.6576000, 39.4592000, 33.1039000 , 149.1165000 , 0.6270000  , -5.7100000 , 10.6270000, 0.000000,       0,       0,       0
18.120, 0.2530000 , 0.0963000 ,  9.6576000, 39.4821000, 33.0124000 , 149.5590000 , 0.5940000  , -5.1260000 , 11.7280000, 0.000000,       0,       0,       0
18.130, 0.2339000 , 0.1908000 ,  9.6552000, 39.4592000, 32.8751000 , 147.5296000 , 0.6130000  , -4.6390000 , 11.7920000, 0.000000,       0,       0,       0
18.140, 0.2303000 , 0.2853000 ,  9.6564000, 39.3906000, 32.7530000 , 143.5623000 , 0.7690000  , -4.5690000 , 11.8300000, 0.000000,       0,       0,       0
18.150, 0.2411000 , 0.3320000 ,  9.6588000, 39.2303000, 32.7454000 , 138.3743000 , 0.8630000  , -4.0280000 , 11.4720000, 0.000000,       0,       0,       0
18.160, 0.2482000 , 0.3248000 ,  9.6600000, 39.0320000, 32.8140000 , 132.7438000 , 1.1380000  , -3.5440000 , 11.6330000, 0.000000,       0,       0,       0
18.170, 0.2351000 , 0.2841000 ,  9.6612000, 38.8336000, 32.9132000 , 127.2659000 , 1.0350000  , -3.0440000 , 10.9910000, 0.000000,       0,       0,       0
18.180, 0.2135000 , 0.2291000 ,  9.6600000, 38.6200000, 33.0353000 , 122.1008000 , 1.0900000  , -3.1820000 , 11.8920000, 0.000000,       0,       0,       0
18.190, 0.1968000 , 0.1753000 ,  9.6600000, 38.4293000, 33.1268000 , 117.0807000 , 1.0070000  , -3.0790000 , 11.1930000, 0.000000,       0,       0,       0
18.200, 0.1812000 , 0.1274000 ,  9.6612000, 38.2309000, 33.2489000 , 111.8622000 , 0.8780000  , -2.7490000 , 12.2660000, 0.000000,       0,       0,       0
18.210, 0.1657000 , 0.0879000 ,  9.6612000, 37.9791000, 33.4091000 , 106.3614000 , 1.1530000  , -2.5870000 , 12.0530000, 0.000000,       0,       0,       0
18.220, 0.1585000 , 0.0616000 ,  9.6600000, 37.7350000, 33.5846000 , 100.8682000 , 0.9330000  , -2.2970000 , 12.0770000, 0.000000,       0,       0,       0
18.230, 0.1513000 , 0.0425000 ,  9.6600000, 37.5061000, 33.7448000 , 96.0388000  , 0.9090000  , -2.2430000 , 11.7050000, 0.000000,       0,       0,       0
18.240, 0.1370000 , 0.0401000 ,  9.6612000, 37.3535000, 33.8211000 , 92.4759000  , 0.9860000  , -1.5830000 , 11.6490000, 0.000000,       0,       0,       0
18.250, 0.1358000 , 0.0664000 ,  9.6612000, 37.2772000, 33.8211000 , 90.4465000  , 1.1410000  , -1.7580000 , 11.6100000, 0.000000,       0,       0,       0
18.260, 0.1549000 , 0.1083000 ,  9.6600000, 37.2620000, 33.7906000 , 89.7522000  , 0.9740000  , -1.3940000 , 11.9080000, 0.000000,       0,       0,       0
18.270, 0.1836000 , 0.1549000 ,  9.6576000, 37.2925000, 33.7524000 , 90.0421000  , 1.1580000  , -1.1580000 , 11.2090000, 0.000000,       0,       0,       0
18.280, 0.2040000 , 0.2016000 ,  9.6588000, 37.3459000, 33.6914000 , 90.9500000  , 1.0250000  , -1.2630000 , 11.2710000, 0.000000,       0,       0,       0
18.290, 0.2088000 , 0.2506000 ,  9.6624000, 37.4298000, 33.5999000 , 92.1936000  , 1.1520000  , -0.8560000 , 11.2270000, 0.000000,       0,       0,       0
18.300, 0.1932000 , 0.3021000 ,  9.6648000, 37.5290000, 33.4854000 , 93.3914000  , 1.1420000  , -0.2400000 , 11.8410000, 0.000000,       0,       0,       0
18.310, 0.1669000 , 0.3391000 ,  9.6648000, 37.6205000, 33.3786000 , 94.2841000  , 1.3660000  , 0.1930000  , 11.3060000, 0.000000,       0,       0,       0
18.320, 0.1334000 , 0.3320000 ,  9.6648000, 37.6511000, 33.3862000 , 94.9783000  , 0.9970000  , 0.0310000  , 11.0270000, 0.000000,       0,       0,       0
18.330, 0.0831000 , 0.2494000 ,  9.6660000, 37.6892000, 33.4625000 , 96.3364000  , 0.9090000  , 0.2950000  , 11.8490000, 0.000000,       0,       0,       0
18.340, 0.0664000 , 0.1860000 ,  9.6660000, 37.7274000, 33.5007000 , 97.6028000  , 1.0740000  , 1.0510000  , 11.7670000, 0.000000,       0,       0,       0
18.350, 0.0652000 , 0.1406000 ,  9.6636000, 37.7655000, 33.5312000 , 98.8998000  , 0.8430000  , 0.5810000  , 10.9200000, 0.000000,       0,       0,       0
18.360, 0.0688000 , 0.1083000 ,  9.6624000, 37.7884000, 33.5388000 , 99.9680000  , 0.8280000  , 0.8030000  , 11.7600000, 0.000000,       0,       0,       0
18.370, 0.0700000 , 0.0796000 ,  9.6612000, 37.7731000, 33.6075000 , 100.5936000 , 0.8250000  , 1.1960000  , 12.0650000, 0.000000,       0,       0,       0
18.380, 0.0712000 , 0.0389000 ,  9.6600000, 37.6663000, 33.7601000 , 100.8759000 , 0.9370000  , 1.7320000  , 11.6330000, 0.000000,       0,       0,       0
18.390, 0.0724000 , -0.0102000,  9.6600000, 37.5900000, 33.9050000 , 101.0895000 , 0.9700000  , 1.7080000  , 11.6880000, 0.000000,       0,       0,       0
18.400, 0.0736000 , -0.0628000,  9.6612000, 37.5290000, 34.0271000 , 101.6159000 , 0.9790000  , 1.9040000  , 11.5790000, 0.000000,       0,       0,       0
18.410, 0.0903000 , -0.1011000,  9.6612000, 37.5443000, 34.0500000 , 102.6688000 , 0.8400000  , 2.1670000  , 11.9260000, 0.000000,       0,       0,       0
18.420, 0.1059000 , -0.1011000,  9.6624000, 37.6129000, 33.9966000 , 104.1336000 , 0.8750000  , 2.5180000  , 12.0140000, 0.000000,       0,       0,       0
18.430, 0.1107000 , -0.0484000,  9.6624000, 37.7274000, 33.8745000 , 105.7816000 , 0.8520000  , 2.8760000  , 11.8750000, 0.000000,       0,       0,       0
18.440, 0.1059000 , 0.0365000 ,  9.6636000, 37.8799000, 33.6990000 , 107.4677000 , 0.9150000  , 3.0610000  , 11.5440000, 0.000000,       0,       0,       0
18.450, 0.0987000 , 0.1095000 ,  9.6672000, 38.0630000, 33.6685000 , 109.3216000 , 0.8110000  , 3.4250000  , 11.2870000, 0.000000,       0,       0,       0
18.460, 0.0987000 , 0.1657000 ,  9.6648000, 38.2233000, 33.6075000 , 111.5952000 , 0.7430000  , 3.8020000  , 11.4300000, 0.000000,       0,       0,       0
18.470, 0.1119000 , 0.2231000 ,  9.6660000, 38.4903000, 33.4167000 , 114.5096000 , 0.6640000  , 3.9310000  , 11.2410000, 0.000000,       0,       0,       0
18.480, 0.1274000 , 0.2554000 ,  9.6660000, 38.6429000, 33.2642000 , 117.8741000 , 0.2950000  , 4.4150000  , 11.0070000, 0.000000,       0,       0,       0
18.490, 0.1430000 , 0.2829000 ,  9.6672000, 38.8412000, 33.0658000 , 121.3226000 , 0.5290000  , 4.8300000  , 11.6060000, 0.000000,       0,       0,       0
18.500, 0.1633000 , 0.2662000 ,  9.6696000, 38.9404000, 33.0276000 , 124.3362000 , 0.4300000  , 5.2630000  , 11.2130000, 0.000000,       0,       0,       0
18.510, 0.1645000 , 0.1549000 ,  9.6660000, 38.9175000, 33.1421000 , 126.9302000 , 0.1030000  , 5.4300000  , 11.3280000, 0.000000,       0,       0,       0
18.520, 0.1585000 , 0.0999000 ,  9.6636000, 38.8794000, 33.2260000 , 128.9062000 , -0.1490000 , 5.9610000  , 11.1620000, 0.000000,       0,       0,       0
18.530, 0.1800000 , 0.1430000 ,  9.6600000, 38.7268000, 33.3710000 , 129.4403000 , -0.0090000 , 6.5620000  , 11.4000000, 0.000000,       0,       0,       0
18.540, 0.1884000 , 0.1824000 ,  9.6600000, 38.5742000, 33.5083000 , 128.1509000 , -0.2320000 , 6.7340000  , 11.2370000, 0.000000,       0,       0,       0
18.550, 0.3045000 , 0.1095000 ,  9.8622000, 38.6963000, 37.0483000 , 125.7477000 , 0.0200000  , 6.9430000  , 10.6480000, 0.000000,       0,       0,       0
18.560, 0.1549000 , -0.0078000,  9.7617000, 39.6271000, 49.5911000 , 123.6115000 , -0.2600000 , 7.1430000  , 11.4320000, 0.000000,       0,       0,       0
18.570, 0.0353000 , -0.1202000,  9.6493000, 39.6652000, 52.5894000 , 120.7809000 , -0.1770000 , 7.6160000  , 10.8700000, 0.000000,       0,       0,       0
18.580, -0.0161000, -0.1848000,  9.5954000, 39.2303000, 50.3769000 , 117.4850000 , -0.5080000 , 7.8870000  , 10.6750000, 0.000000,       0,       0,       0
18.590, -0.0341000, -0.1765000,  9.5847000, 38.6200000, 46.0587000 , 114.0594000 , -0.4910000 , 8.0330000  , 10.3250000, 0.000000,       0,       0,       0
18.600, -0.0437000, -0.1059000,  9.5954000, 38.0554000, 41.6260000 , 110.9009000 , -0.6050000 , 8.3930000  , 10.8990000, 0.000000,       0,       0,       0
18.610, -0.0640000, -0.0257000,  9.6170000, 37.6129000, 37.9105000 , 108.4137000 , -0.9370000 , 8.2320000  , 10.8380000, 0.000000,       0,       0,       0
18.620, -0.0831000, 0.0461000 ,  9.6421000, 37.4222000, 35.2631000 , 106.8420000 , -1.1290000 , 8.6150000  , 10.9230000, 0.000000,       0,       0,       0
18.630, -0.0939000, 0.1166000 ,  9.6576000, 37.3688000, 33.7830000 , 106.0486000 , -1.0710000 , 9.1970000  , 11.4280000, 0.000000,       0,       0,       0
18.640, -0.0915000, 0.1741000 ,  9.6648000, 37.3611000, 33.0429000 , 105.7892000 , -1.1770000 , 9.4140000  , 11.4020000, 0.000000,       0,       0,       0
18.650, -0.0796000, 0.2147000 ,  9.6696000, 37.3459000, 32.7606000 , 105.8731000 , -1.4340000 , 9.9970000  , 11.7790000, 0.000000,       0,       0,       0
18.660, -0.0604000, 0.2351000 ,  9.6720000, 37.3459000, 32.8598000 , 106.1020000 , -1.6740000 , 10.0950000 , 11.1570000, 0.000000,       0,       0,       0
18.670, -0.0341000, 0.2387000 ,  9.6768000, 37.3306000, 33.3176000 , 106.4529000 , -1.5490000 , 10.2840000 , 11.1280000, 0.000000,       0,       0,       0
18.680, 0.0006000 , 0.2243000 ,  9.6828000, 37.3306000, 34.0881000 , 106.9717000 , -1.7650000 , 10.5560000 , 10.9970000, 0.000000,       0,       0,       0
18.690, 0.0425000 , 0.1980000 ,  9.6875000, 37.3917000, 35.2707000 , 107.6126000 , -2.0080000 , 10.6570000 , 10.9460000, 0.000000,       0,       0,       0
18.700, 0.0963000 , 0.1765000 ,  9.7163000, 37.4985000, 37.2162000 , 108.1543000 , -1.7300000 , 10.6780000 , 11.3250000, 0.000000,       0,       0,       0
18.710, 0.1741000 , 0.1860000 ,  9.8263000, 37.9486000, 43.8309000 , 108.5587000 , -1.8220000 , 11.3470000 , 10.7210000, 0.000000,       0,       0,       0
18.720, 0.2937000 , 0.2135000 , 10.0309000, 38.9404000, 60.7758000 , 109.0240000 , -1.3210000 , 11.5340000 , 10.1060000, 0.000000,       0,       0,       0
18.730, 0.3583000 , 0.2494000 , 10.2115000, 40.6570000, 92.0563000 , 109.8251000 , -0.9090000 , 12.0270000 ,  9.5600000, 0.000000,       0,       0,       0
18.740, -0.1130000, 0.3344000 ,  9.8120000, 41.9388000, 119.2856000, 110.4050000 , -1.5060000 , 12.3180000 , 10.5040000, 0.000000,       0,       0,       0
18.750, -0.5688000, 0.3918000 ,  9.4638000, 41.0004000, 118.1259000, 109.7412000 , -1.4060000 , 12.5990000 ,  9.8460000, 0.000000,       0,       0,       0
18.760, -0.8248000, 0.4253000 ,  9.3227000, 38.7955000, 101.7380000, 108.7799000 , -1.4620000 , 12.6280000 ,  9.6500000, 0.000000,       0,       0,       0
18.770, -0.8930000, 0.3906000 ,  9.3430000, 36.2778000, 80.3299000 , 107.6889000 , -1.6310000 , 12.6240000 , 10.1030000, 0.000000,       0,       0,       0
18.780, -0.8918000, 0.3068000 ,  9.3980000, 34.1415000, 61.7828000 , 107.7347000 , -1.6540000 , 12.9460000 , 10.1010000, 0.000000,       0,       0,       0
18.790, -0.8452000, 0.2135000 ,  9.4722000, 32.5241000, 47.4854000 , 108.7189000 , -1.8400000 , 13.2630000 , 10.3590000, 0.000000,       0,       0,       0
18.800, -0.7602000, 0.1453000 ,  9.5500000, 31.4789000, 38.1851000 , 110.7559000 , -2.0500000 , 13.4610000 , 10.0380000, 0.000000,       0,       0,       0
18.810, -0.6956000, 0.1202000 ,  9.6134000, 30.9219000, 32.9971000 , 113.3118000 , -2.3260000 , 13.6150000 , 10.6570000, 0.000000,       0,       0,       0
18.820, -0.6897000, 0.1370000 ,  9.6505000, 30.7083000, 30.7999000 , 116.1804000 , -2.8010000 , 14.1100000 , 10.2570000, 0.000000,       0,       0,       0
18.830, -0.7208000, 0.1920000 ,  9.6708000, 30.7007000, 30.5176000 , 119.0948000 , -2.7620000 , 14.4070000 , 10.3930000, 0.000000,       0,       0,       0
18.840, -0.7638000, 0.2554000 ,  9.6780000, 30.8685000, 31.2347000 , 121.9025000 , -3.2250000 , 14.8400000 , 10.4060000, 0.000000,       0,       0,       0
18.850, -0.7890000, 0.2817000 ,  9.6780000, 31.1127000, 32.2418000 , 124.6338000 , -3.4540000 , 15.3720000 ,  9.9530000, 0.000000,       0,       0,       0
18.860, -0.7854000, 0.2422000 ,  9.6708000, 31.3568000, 33.0048000 , 127.3727000 , -4.0170000 , 15.4110000 , 11.0250000, 0.000000,       0,       0,       0
18.870, -0.7758000, 0.1681000 ,  9.6588000, 31.4789000, 33.4854000 , 130.2109000 , -3.8980000 , 15.7900000 , 10.9130000, 0.000000,       0,       0,       0
18.880, -0.7746000, 0.1166000 ,  9.6481000, 31.4255000, 33.6761000 , 133.0566000 , -4.0500000 , 15.9740000 , 10.5400000, 0.000000,       0,       0,       0
18.890, -0.7650000, 0.1477000 ,  9.6433000, 31.2424000, 33.5388000 , 135.6583000 , -4.3990000 , 16.4860000 , 10.5900000, 0.000000,       0,       0,       0
18.900, -0.7842000, 0.2602000 ,  9.6493000, 31.0211000, 33.3481000 , 137.7640000 , -4.9100000 , 16.7570000 , 10.2430000, 0.000000,       0,       0,       0
18.910, -0.8655000, 0.3918000 ,  9.6529000, 30.9219000, 33.2336000 , 139.4806000 , -5.1900000 , 16.8210000 , 10.3840000, 0.000000,       0,       0,       0
18.920, -0.9397000, 0.5341000 ,  9.6421000, 30.8609000, 32.9971000 , 140.9760000 , -5.6110000 , 17.3470000 , 10.2970000, 0.000000,       0,       0,       0
18.930, -0.8918000, 0.6645000 ,  9.6385000, 30.6702000, 32.4860000 , 141.5100000 , -6.0890000 , 17.7940000 ,  9.9850000, 0.000000,       0,       0,       0
18.940, -0.7519000, 0.7363000 ,  9.6409000, 30.5710000, 31.3339000 , 140.0757000 , -6.2390000 , 17.6850000 , 10.7570000, 0.000000,       0,       0,       0
18.950, -0.5712000, 0.7136000 ,  9.6672000, 30.6244000, 30.5405000 , 136.4441000 , -6.5000000 , 18.2220000 , 10.7190000, 0.000000,       0,       0,       0
18.960, -0.4301000, 0.6227000 ,  9.6828000, 30.8380000, 30.7388000 , 131.0959000 , -6.7630000 , 18.2310000 , 11.0010000, 0.000000,       0,       0,       0
18.970, -0.3451000, 0.5150000 ,  9.6911000, 31.1584000, 31.3797000 , 124.4812000 , -7.0810000 , 18.2210000 , 11.3220000, 0.000000,       0,       0,       0
18.980, -0.2901000, 0.3535000 ,  9.6935000, 31.7383000, 32.5165000 , 113.0905000 , -7.1160000 , 18.7960000 , 10.3870000, 0.000000,       0,       0,       0
18.990, -0.2530000, 0.2590000 ,  9.6911000, 32.1732000, 33.1726000 , 104.8813000 , -7.2520000 , 18.8680000 , 10.9990000, 0.000000,       0,       0,       0
19.000, -0.1860000, 0.1920000 ,  9.6899000, 32.6233000, 33.6609000 , 96.2982000  , -7.3940000 , 18.4520000 , 11.2360000, 0.000000,       0,       0,       0
19.010, -0.0772000, 0.1705000 ,  9.6887000, 33.0276000, 34.0042000 , 87.0590000  , -7.5420000 , 18.8360000 , 11.4070000, 0.000000,       0,       0,       0
19.020, -0.0126000, 0.2267000 ,  9.6852000, 33.4244000, 34.3094000 , 77.2934000  , -7.5670000 , 18.6230000 , 11.2010000, 0.000000,       0,       0,       0
19.030, -0.0903000, 0.3164000 ,  9.6923000, 33.7524000, 34.5688000 , 69.1147000  , -7.4940000 , 18.9340000 , 11.3210000, 0.000000,       0,       0,       0
19.040, -0.2351000, 0.3667000 ,  9.6947000, 34.1110000, 35.8887000 , 63.4079000  , -7.8210000 , 18.9720000 , 11.6790000, 0.000000,       0,       0,       0
19.050, -0.4492000, 0.3918000 ,  9.6708000, 34.2484000, 36.4838000 , 61.1725000  , -7.8500000 , 19.1890000 , 11.6250000, 0.000000,       0,       0,       0
19.060, -0.6705000, 0.3930000 ,  9.6612000, 34.1187000, 36.5524000 , 63.0341000  , -8.5040000 , 18.9770000 , 10.5970000, 0.000000,       0,       0,       0
19.070, -0.8631000, 0.3714000 ,  9.6457000, 33.7830000, 36.2167000 , 69.0308000  , -8.3770000 , 19.2830000 , 11.4440000, 0.000000,       0,       0,       0
19.080, -0.9947000, 0.3308000 ,  9.6385000, 33.3023000, 35.6293000 , 78.2089000  , -8.5900000 , 18.9910000 , 10.9180000, 0.000000,       0,       0,       0
19.090, -1.0605000, 0.2793000 ,  9.6409000, 32.7530000, 35.0647000 , 88.8062000  , -8.7980000 , 19.3360000 , 11.4210000, 0.000000,       0,       0,       0
19.100, -1.0737000, 0.2267000 ,  9.6409000, 32.2418000, 34.5917000 , 99.1898000  , -9.2690000 , 19.5020000 , 11.8840000, 0.000000,       0,       0,       0
19.110, -1.0414000, 0.1932000 ,  9.6397000, 31.7841000, 34.1721000 , 108.2535000 , -9.6430000 , 19.6730000 , 11.0600000, 0.000000,       0,       0,       0
19.120, -0.9768000, 0.1932000 ,  9.6361000, 31.4407000, 33.7067000 , 115.3259000 , -9.8450000 , 19.7500000 , 10.6530000, 0.000000,       0,       0,       0
19.130, -0.8763000, 0.2291000 ,  9.6397000, 31.2195000, 32.8903000 , 119.6747000 , -10.0190000, 19.5180000 , 11.2160000, 0.000000,       0,       0,       0
19.140, -0.7279000, 0.2722000 ,  9.6564000, 31.2042000, 32.4707000 , 120.7199000 , -10.4310000, 20.0100000 , 11.0430000, 0.000000,       0,       0,       0
19.150, -0.5664000, 0.2901000 ,  9.6684000, 31.3568000, 32.5470000 , 118.4464000 , -10.5720000, 20.4660000 , 11.7840000, 0.000000,       0,       0,       0
19.160, -0.4408000, 0.2913000 ,  9.6696000, 31.6544000, 32.9208000 , 113.5101000 , -10.8280000, 20.3290000 , 11.7460000, 0.000000,       0,       0,       0
19.170, -0.3571000, 0.2985000 ,  9.6756000, 31.9138000, 33.3328000 , 106.9794000 , -11.0510000, 20.4930000 , 10.8030000, 0.000000,       0,       0,       0
19.180, -0.3188000, 0.2901000 ,  9.6816000, 32.2647000, 33.7448000 , 99.8917000  , -11.3670000, 20.8100000 , 10.8660000, 0.000000,       0,       0,       0
19.190, -0.3045000, 0.2650000 ,  9.6864000, 32.5851000, 34.0881000 , 92.8497000  , -11.2830000, 20.8010000 , 10.2830000, 0.000000,       0,       0,       0
19.200, -0.3200000, 0.2291000 ,  9.6816000, 32.9056000, 34.3475000 , 86.2045000  , -11.4690000, 20.6570000 , 11.3520000, 0.000000,       0,       0,       0
19.210, -0.3738000, 0.1992000 ,  9.6768000, 33.1497000, 34.5306000 , 80.4977000  , -11.6410000, 21.1660000 , 10.8590000, 0.000000,       0,       0,       0
19.220, -0.4325000, 0.1765000 ,  9.6708000, 33.3328000, 34.6375000 , 76.1414000  , -11.6810000, 20.5510000 , 10.7760000, 0.000000,       0,       0,       0
19.230, -0.4384000, 0.1585000 ,  9.6708000, 33.4473000, 34.6603000 , 72.6700000  , -11.8250000, 21.0820000 , 10.3570000, 0.000000,       0,       0,       0
19.240, -0.4743000, 0.1645000 ,  9.6636000, 33.5617000, 34.6832000 , 69.6182000  , -11.8600000, 20.9380000 , 10.7850000, 0.000000,       0,       0,       0
19.250, -0.5545000, 0.2076000 ,  9.6612000, 33.6151000, 34.7366000 , 68.3975000  , -11.8280000, 20.9010000 , 10.9380000, 0.000000,       0,       0,       0
19.260, -0.6406000, 0.2315000 ,  9.6588000, 33.6075000, 34.7748000 , 69.3817000  , -12.3960000, 20.7890000 , 11.0850000, 0.000000,       0,       0,       0
19.270, -0.7160000, 0.2279000 ,  9.6648000, 33.4396000, 34.7900000 , 72.4182000  , -12.6190000, 20.8740000 , 10.8770000, 0.000000,       0,       0,       0
19.280, -0.7949000, 0.1657000 ,  9.6660000, 33.2336000, 34.9274000 , 77.1103000  , -13.1100000, 21.1730000 , 10.5310000, 0.000000,       0,       0,       0
19.290, -0.8500000, 0.0772000 ,  9.6552000, 32.9514000, 34.8969000 , 83.2367000  , -13.0440000, 20.9870000 , 10.8740000, 0.000000,       0,       0,       0
19.300, -0.8595000, 0.0150000 ,  9.6505000, 32.7072000, 34.8434000 , 90.0345000  , -13.3910000, 21.4930000 , 11.7010000, 0.000000,       0,       0,       0
19.310, -0.8105000, 0.0173000 ,  9.6505000, 32.4936000, 34.7672000 , 96.2677000  , -13.3250000, 21.4880000 , 11.5880000, 0.000000,       0,       0,       0
19.320, -0.7124000, 0.1023000 ,  9.6564000, 32.3563000, 34.7214000 , 100.8072000 , -13.9250000, 21.5180000 , 10.7020000, 0.000000,       0,       0,       0
19.330, -0.5975000, 0.2315000 ,  9.6612000, 32.2800000, 34.7290000 , 102.9510000 , -13.9910000, 21.5540000 , 11.2470000, 0.000000,       0,       0,       0
19.340, -0.4923000, 0.3559000 ,  9.6660000, 32.2952000, 34.7824000 , 102.6611000 , -14.1050000, 21.5450000 , 11.3420000, 0.000000,       0,       0,       0
19.350, -0.4049000, 0.4528000 ,  9.6720000, 32.3792000, 34.8816000 , 100.2884000 , -14.4180000, 21.8360000 , 11.3280000, 0.000000,       0,       0,       0
19.360, -0.3487000, 0.5174000 ,  9.6780000, 32.5317000, 35.0037000 , 96.2601000  , -14.5190000, 21.2300000 , 11.5730000, 0.000000,       0,       0,       0
19.370, -0.3272000, 0.5485000 ,  9.6780000, 32.7301000, 35.0800000 , 90.9805000  , -14.6470000, 21.5900000 , 11.6070000, 0.000000,       0,       0,       0
19.380, -0.3571000, 0.5222000 ,  9.6708000, 32.9514000, 34.9426000 , 85.2127000  , -14.9730000, 21.8730000 , 11.2640000, 0.000000,       0,       0,       0
19.390, -0.4516000, 0.4468000 ,  9.6624000, 33.1345000, 34.6222000 , 80.2994000  , -15.3750000, 21.4490000 , 10.8260000, 0.000000,       0,       0,       0
19.400, -0.5916000, 0.3607000 ,  9.6529000, 33.1955000, 34.1492000 , 77.5070000  , -15.2310000, 21.4920000 , 11.0890000, 0.000000,       0,       0,       0
19.410, -0.7483000, 0.2877000 ,  9.6493000, 33.1421000, 33.5693000 , 77.4994000  , -15.5720000, 21.5670000 , 12.2340000, 0.000000,       0,       0,       0
19.420, -0.8847000, 0.2339000 ,  9.6481000, 33.0048000, 33.2947000 , 80.0781000  , -15.6020000, 21.9960000 , 11.6040000, 0.000000,       0,       0,       0
19.430, -0.9672000, 0.2111000 ,  9.6493000, 32.8140000, 33.2947000 , 84.3964000  , -16.0230000, 21.8480000 , 12.1630000, 0.000000,       0,       0,       0
19.440, -0.9624000, 0.2243000 ,  9.6529000, 32.6462000, 33.4396000 , 89.0808000  , -16.2260000, 21.9890000 , 11.4070000, 0.000000,       0,       0,       0
19.450, -0.8823000, 0.2554000 ,  9.6564000, 32.4860000, 33.6227000 , 92.8116000  , -16.6220000, 22.1950000 , 10.7850000, 0.000000,       0,       0,       0
19.460, -0.8033000, 0.2602000 ,  9.6600000, 32.4402000, 33.7753000 , 94.7037000  , -16.7500000, 21.4620000 , 11.8060000, 0.000000,       0,       0,       0
19.470, -0.7315000, 0.2805000 ,  9.6660000, 32.4783000, 33.9279000 , 94.2154000  , -16.9740000, 22.1210000 , 10.6660000, 0.000000,       0,       0,       0
19.480, -0.6777000, 0.2602000 ,  9.6660000, 32.6462000, 34.1110000 , 92.1097000  , -16.9060000, 21.6580000 , 11.1330000, 0.000000,       0,       0,       0
19.490, -0.6586000, 0.1633000 ,  9.6624000, 32.7911000, 34.1797000 , 89.7751000  , -17.0640000, 21.9570000 , 11.2490000, 0.000000,       0,       0,       0
19.500, -0.6681000, 0.0161000 ,  9.6564000, 32.8979000, 34.0652000 , 88.2568000  , -17.6250000, 21.5390000 , 11.4520000, 0.000000,       0,       0,       0
19.510, -0.6538000, -0.1286000,  9.6517000, 32.9285000, 33.9661000 , 88.0585000  , -17.6930000, 22.1390000 , 11.3990000, 0.000000,       0,       0,       0
19.520, -0.5832000, -0.2040000,  9.6576000, 32.8751000, 33.9813000 , 88.7756000  , -17.7470000, 22.0790000 , 11.2740000, 0.000000,       0,       0,       0
19.530, -0.4959000, -0.1884000,  9.6636000, 32.7835000, 34.1339000 , 89.8056000  , -18.2390000, 22.2520000 , 11.4410000, 0.000000,       0,       0,       0
19.540, -0.4600000, -0.1202000,  9.6684000, 32.6691000, 34.3857000 , 90.9195000  , -18.3360000, 21.7450000 , 10.8970000, 0.000000,       0,       0,       0
19.550, -0.4624000, 0.0138000 ,  9.6564000, 32.5317000, 34.5688000 , 91.7740000  , -18.5520000, 21.9740000 , 10.8560000, 0.000000,       0,       0,       0
19.560, -0.4600000, 0.2243000 ,  9.6648000, 32.2037000, 34.5612000 , 92.0563000  , -18.7410000, 21.8770000 , 10.8420000, 0.000000,       0,       0,       0
19.570, -0.4277000, 0.4504000 ,  9.6768000, 32.1884000, 34.4543000 , 90.6219000  , -18.7420000, 22.0070000 , 11.1060000, 0.000000,       0,       0,       0
19.580, -0.4157000, 0.6286000 ,  9.6720000, 32.2876000, 34.3933000 , 87.1124000  , -19.2110000, 21.7870000 , 11.4740000, 0.000000,       0,       0,       0
19.590, -0.4480000, 0.7890000 ,  9.6696000, 32.2571000, 34.3704000 , 82.9849000  , -19.3750000, 22.1750000 , 11.6800000, 0.000000,       0,       0,       0
19.600, -0.4109000, 0.8416000 ,  9.6756000, 32.4097000, 34.3781000 , 78.8193000  , -19.2810000, 21.9530000 , 11.0280000, 0.000000,       0,       0,       0
19.610, -0.3559000, 0.7232000 ,  9.6828000, 32.6614000, 34.6146000 , 73.2269000  , -19.9010000, 21.9200000 , 11.0820000, 0.000000,       0,       0,       0
19.620, -0.3750000, 0.5676000 ,  9.6768000, 32.8827000, 34.8740000 , 70.5490000  , -19.5170000, 21.7650000 , 11.9780000, 0.000000,       0,       0,       0
19.630, -0.4504000, 0.3930000 ,  9.6708000, 32.9971000, 35.1028000 , 69.5343000  , -19.3830000, 22.1680000 , 11.3640000, 0.000000,       0,       0,       0
19.640, -0.5521000, 0.2147000 ,  9.6696000, 33.0734000, 35.2097000 , 70.6635000  , -19.9840000, 21.9370000 , 11.8120000, 0.000000,       0,       0,       0
19.650, -0.6645000, 0.0544000 ,  9.6696000, 33.0353000, 35.2020000 , 73.9517000  , -20.1090000, 22.1700000 , 11.3730000, 0.000000,       0,       0,       0
19.660, -0.7375000, -0.0496000,  9.6696000, 32.9742000, 34.9731000 , 78.5751000  , -20.4190000, 21.8040000 , 11.2650000, 0.000000,       0,       0,       0
19.670, -0.8631000, -0.0819000,  9.6433000, 32.7988000, 34.8663000 , 83.8928000  , -20.5570000, 21.7860000 , 11.5450000, 0.000000,       0,       0,       0
19.680, -0.9493000, -0.0532000,  9.6457000, 32.4554000, 34.7290000 , 90.2328000  , -20.5790000, 21.7150000 , 10.3430000, 0.000000,       0,       0,       0
19.690, -0.9397000, 0.0305000 ,  9.6541000, 32.2266000, 34.5306000 , 97.4350000  , -21.0740000, 21.5900000 , 11.7220000, 0.000000,       0,       0,       0
19.700, -0.8296000, 0.1657000 ,  9.6600000, 32.0129000, 34.3170000 , 104.3930000 , -21.4250000, 21.5740000 , 11.2760000, 0.000000,       0,       0,       0
19.710, -0.6849000, 0.3547000 ,  9.6612000, 31.8832000, 34.1644000 , 109.6268000 , -21.8280000, 21.7030000 , 11.3290000, 0.000000,       0,       0,       0
19.720, -0.5641000, 0.5078000 ,  9.6648000, 31.8146000, 34.1034000 , 112.0834000 , -21.8780000, 21.9310000 , 11.1500000, 0.000000,       0,       0,       0
19.730, -0.5138000, 0.5497000 ,  9.6672000, 31.8375000, 34.1034000 , 111.5952000 , -22.1670000, 21.7360000 , 11.8030000, 0.000000,       0,       0,       0
19.740, -0.5485000, 0.4923000 ,  9.6660000, 31.9290000, 34.1263000 , 109.0622000 , -22.4680000, 21.6710000 , 11.0640000, 0.000000,       0,       0,       0
19.750, -0.6526000, 0.3750000 ,  9.6576000, 32.0587000, 34.1339000 , 106.0410000 , -22.5720000, 21.6600000 , 11.0270000, 0.000000,       0,       0,       0
19.760, -0.7602000, 0.2482000 ,  9.6517000, 32.1579000, 34.1568000 , 103.8818000 , -22.9140000, 21.3870000 , 11.3560000, 0.000000,       0,       0,       0
19.770, -0.8201000, 0.1453000 ,  9.6529000, 32.1808000, 34.2026000 , 103.0960000 , -23.0500000, 21.3580000 , 12.2760000, 0.000000,       0,       0,       0
19.780, -0.8033000, 0.0975000 ,  9.6564000, 32.1503000, 34.2484000 , 103.4546000 , -23.2430000, 21.4720000 , 11.3580000, 0.000000,       0,       0,       0
19.790, -0.7160000, 0.1071000 ,  9.6576000, 32.0816000, 34.2941000 , 104.2404000 , -23.8590000, 21.5220000 , 11.1180000, 0.000000,       0,       0,       0
19.800, -0.6095000, 0.1477000 ,  9.6588000, 32.0435000, 34.3475000 , 104.7821000 , -23.8330000, 21.3540000 , 11.5970000, 0.000000,       0,       0,       0
19.810, -0.5353000, 0.1693000 ,  9.6624000, 32.0053000, 34.4238000 , 104.7516000 , -24.2900000, 21.5860000 , 11.2520000, 0.000000,       0,       0,       0
19.820, -0.5174000, 0.1597000 ,  9.6648000, 32.0129000, 34.4772000 , 104.2709000 , -24.7530000, 21.1080000 , 12.1920000, 0.000000,       0,       0,       0
19.830, -0.5294000, 0.1346000 ,  9.6648000, 32.0358000, 34.4772000 , 103.6377000 , -24.5030000, 21.3230000 , 12.0230000, 0.000000,       0,       0,       0
19.840, -0.5401000, 0.1238000 ,  9.6624000, 32.0587000, 34.4467000 , 102.9816000 , -24.6160000, 21.0080000 , 11.7100000, 0.000000,       0,       0,       0
19.850, -0.5294000, 0.1549000 ,  9.6636000, 32.0892000, 34.4086000 , 102.1805000 , -25.0990000, 21.2330000 , 11.6220000, 0.000000,       0,       0,       0
19.860, -0.4983000, 0.2494000 ,  9.6660000, 32.1198000, 34.3704000 , 100.9216000 , -25.2440000, 20.9860000 , 11.2000000, 0.000000,       0,       0,       0
19.870, -0.4528000, 0.3583000 ,  9.6696000, 32.1732000, 34.3246000 , 98.9075000  , -25.5510000, 20.7780000 , 11.8520000, 0.000000,       0,       0,       0
19.880, -0.4097000, 0.4277000 ,  9.6696000, 32.2647000, 34.3018000 , 96.1227000  , -25.6810000, 20.8810000 , 11.7210000, 0.000000,       0,       0,       0
19.890, -0.3738000, 0.4384000 ,  9.6708000, 32.3715000, 34.3170000 , 92.8574000  , -25.9620000, 20.6190000 , 11.6340000, 0.000000,       0,       0,       0
19.900, -0.3499000, 0.4085000 ,  9.6732000, 32.4402000, 34.3704000 , 89.6072000  , -26.0570000, 20.4090000 , 11.7170000, 0.000000,       0,       0,       0
19.910, -0.3691000, 0.3439000 ,  9.6744000, 32.5165000, 34.4467000 , 86.9522000  , -26.2470000, 20.1600000 , 10.6150000, 0.000000,       0,       0,       0
19.920, -0.4384000, 0.2817000 ,  9.6696000, 32.5546000, 34.4925000 , 85.4263000  , -26.5770000, 20.5770000 , 11.3280000, 0.000000,       0,       0,       0
19.930, -0.5329000, 0.2446000 ,  9.6660000, 32.5775000, 34.4849000 , 85.1746000  , -26.8150000, 20.3080000 , 10.8490000, 0.000000,       0,       0,       0
19.940, -0.6310000, 0.2327000 ,  9.6648000, 32.5851000, 34.4467000 , 86.0443000  , -26.7980000, 19.9310000 , 10.5780000, 0.000000,       0,       0,       0
19.950, -0.6956000, 0.2650000 ,  9.6636000, 32.5775000, 34.4086000 , 87.5168000  , -27.2260000, 20.4690000 , 11.1790000, 0.000000,       0,       0,       0
19.960, -0.7052000, 0.3212000 ,  9.6624000, 32.5699000, 34.3552000 , 88.7756000  , -27.3950000, 20.3230000 , 11.5060000, 0.000000,       0,       0,       0
19.970, -0.6681000, 0.3774000 ,  9.6600000, 32.5928000, 34.3094000 , 89.0961000  , -27.5390000, 20.2710000 , 11.4670000, 0.000000,       0,       0,       0
19.980, -0.5808000, 0.3990000 ,  9.6648000, 32.6309000, 34.3018000 , 88.1119000  , -27.0910000, 19.9720000 , 10.5560000, 0.000000,       0,       0,       0
19.990, -0.4803000, 0.3858000 ,  9.6684000, 32.7072000, 34.3857000 , 85.7391000  , -27.3930000, 20.1080000 , 10.8730000, 0.000000,       0,       0,       0
20.000, -0.3906000, 0.3619000 ,  9.6720000, 32.8064000, 34.5154000 , 82.0236000  , -27.8400000, 19.5960000 , 11.6400000, 0.000000,       0,       0,       0
20.010, -0.3427000, 0.3332000 ,  9.6732000, 32.9666000, 34.6451000 , 77.2171000  , -27.7340000, 19.9380000 , 11.4720000, 0.000000,       0,       0,       0
20.020, -0.3380000, 0.3188000 ,  9.6732000, 33.1421000, 34.7595000 , 71.7163000  , -28.0780000, 19.7010000 , 11.7360000, 0.000000,       0,       0,       0
20.030, -0.3750000, 0.3128000 ,  9.6720000, 33.3405000, 34.8206000 , 66.1240000  , -27.9850000, 19.3330000 , 11.9110000, 0.000000,       0,       0,       0
20.040, -0.4444000, 0.3092000 ,  9.6684000, 33.5007000, 34.8511000 , 61.1801000  , -28.0780000, 19.4550000 , 11.2910000, 0.000000,       0,       0,       0
20.050, -0.5329000, 0.3080000 ,  9.6636000, 33.5999000, 34.8816000 , 57.5867000  , -28.1350000, 20.0820000 , 11.1370000, 0.000000,       0,       0,       0
20.060, -0.6167000, 0.3068000 ,  9.6780000, 33.9813000, 34.7595000 , 56.1447000  , -28.2130000, 19.7360000 , 12.2000000, 0.000000,       0,       0,       0
20.070, -0.7949000, 0.3619000 ,  9.6624000, 34.8816000, 34.4315000 , 58.0063000  , -28.9120000, 19.5740000 , 11.9470000, 0.000000,       0,       0,       0
20.080, -0.8990000, 0.3583000 ,  9.6564000, 34.9808000, 34.1110000 , 62.0270000  , -28.8870000, 19.6510000 , 12.2560000, 0.000000,       0,       0,       0
20.090, -0.9122000, 0.3009000 ,  9.6636000, 35.0342000, 33.8440000 , 66.1774000  , -28.8940000, 19.2980000 , 11.8280000, 0.000000,       0,       0,       0
20.100, -0.8727000, 0.2434000 ,  9.6552000, 34.9121000, 33.7524000 , 69.6335000  , -29.0790000, 19.1920000 , 12.0440000, 0.000000,       0,       0,       0
20.110, -0.8380000, 0.1537000 ,  9.6469000, 34.6756000, 33.7906000 , 72.8683000  , -28.9600000, 19.2590000 , 11.7980000, 0.000000,       0,       0,       0
20.120, -0.8356000, -0.0126000,  9.6469000, 34.3704000, 33.8745000 , 77.0874000  , -29.1380000, 18.9650000 , 11.9720000, 0.000000,       0,       0,       0
20.130, -0.8715000, -0.1884000,  9.6505000, 34.0042000, 33.9127000 , 83.4732000  , -29.4940000, 19.1190000 , 12.0460000, 0.000000,       0,       0,       0
20.140, -0.9253000, -0.2638000,  9.6457000, 33.5846000, 33.8745000 , 92.2775000  , -29.7850000, 18.5900000 , 12.2150000, 0.000000,       0,       0,       0
20.150, -0.9588000, -0.1848000,  9.6361000, 33.1497000, 33.7830000 , 102.3178000 , -30.3030000, 18.4720000 , 12.7230000, 0.000000,       0,       0,       0
20.160, -0.9289000, -0.0185000,  9.6361000, 32.7377000, 33.7219000 , 111.6104000 , -30.3960000, 18.7380000 , 12.1580000, 0.000000,       0,       0,       0
20.170, -0.8296000, 0.1202000 ,  9.6457000, 32.3792000, 33.7448000 , 118.5684000 , -30.7620000, 18.2190000 , 12.5430000, 0.000000,       0,       0,       0
20.180, -0.6526000, 0.1226000 ,  9.6493000, 31.9443000, 33.9432000 , 124.0005000 , -31.1290000, 17.9810000 , 12.7660000, 0.000000,       0,       0,       0
20.190, -0.6095000, 0.0449000 ,  9.6469000, 31.7154000, 34.0805000 , 125.6104000 , -31.4280000, 17.9020000 , 12.9710000, 0.000000,       0,       0,       0
20.200, -0.6358000, 0.0185000 ,  9.6493000, 31.5399000, 34.1492000 , 126.4648000 , -31.2850000, 17.7090000 , 12.5430000, 0.000000,       0,       0,       0
20.210, -0.6837000, 0.0748000 ,  9.6564000, 31.4102000, 34.1721000 , 126.4648000 , -31.7320000, 17.5390000 , 12.3940000, 0.000000,       0,       0,       0
20.220, -0.7375000, 0.1585000 ,  9.6564000, 31.3110000, 34.1644000 , 125.9918000 , -31.9520000, 17.1100000 , 11.7730000, 0.000000,       0,       0,       0
20.230, -0.8117000, 0.2135000 ,  9.6493000, 31.2424000, 34.1339000 , 125.9918000 , -32.3840000, 16.9420000 , 11.5200000, 0.000000,       0,       0,       0
20.240, -0.8739000, 0.1753000 ,  9.6469000, 31.1356000, 34.1187000 , 127.4338000 , -32.7110000, 17.0240000 , 12.3650000, 0.000000,       0,       0,       0
20.250, -0.9134000, 0.0927000 ,  9.6505000, 31.0211000, 34.1034000 , 130.7220000 , -33.1050000, 16.3770000 , 11.9670000, 0.000000,       0,       0,       0
20.260, -0.8882000, 0.0592000 ,  9.6517000, 30.8990000, 34.0881000 , 134.8572000 , -33.0480000, 16.3700000 , 12.0370000, 0.000000,       0,       0,       0
20.270, -0.7901000, 0.0712000 ,  9.6505000, 30.7922000, 34.0805000 , 138.3286000 , -33.5570000, 16.1450000 , 12.2350000, 0.000000,       0,       0,       0
20.280, -0.6538000, 0.1047000 ,  9.6541000, 30.7312000, 34.0881000 , 140.1596000 , -33.6330000, 15.6230000 , 12.2280000, 0.000000,       0,       0,       0
20.290, -0.5341000, 0.1214000 ,  9.6612000, 30.7083000, 34.1339000 , 140.4495000 , -33.8990000, 15.3140000 , 12.2830000, 0.000000,       0,       0,       0
20.300, -0.4851000, 0.0496000 ,  9.6636000, 30.6778000, 34.2026000 , 140.4495000 , -34.2810000, 15.3450000 , 12.2880000, 0.000000,       0,       0,       0
20.310, -0.4923000, -0.0532000,  9.6600000, 30.6091000, 34.2407000 , 141.5329000 , -34.2300000, 15.0660000 , 12.2720000, 0.000000,       0,       0,       0
20.320, -0.4719000, -0.0903000,  9.6600000, 30.5176000, 34.2178000 , 143.6920000 , -34.4430000, 14.3630000 , 11.9410000, 0.000000,       0,       0,       0
20.330, -0.3535000, -0.0353000,  9.6672000, 30.4184000, 34.1949000 , 145.2789000 , -34.9570000, 14.3290000 , 12.5270000, 0.000000,       0,       0,       0
20.340, -0.1442000, 0.0484000 ,  9.6780000, 30.4031000, 34.2331000 , 144.4168000 , -35.0520000, 13.9090000 , 11.3820000, 0.000000,       0,       0,       0
20.350, 0.0664000 , 0.1023000 ,  9.6852000, 30.5176000, 34.3170000 , 140.2588000 , -35.1130000, 13.8030000 , 12.0630000, 0.000000,       0,       0,       0
20.360, 0.1633000 , 0.1059000 ,  9.6887000, 30.7388000, 34.4391000 , 133.7204000 , -35.1480000, 13.2450000 , 12.2210000, 0.000000,       0,       0,       0
20.370, 0.0975000 , 0.1190000 ,  9.6864000, 30.9448000, 34.5306000 , 126.6785000 , -35.5750000, 13.1510000 , 11.7040000, 0.000000,       0,       0,       0
20.380, -0.0843000, 0.1561000 ,  9.6840000, 31.1356000, 34.5306000 , 120.9564000 , -35.5130000, 13.2180000 , 11.5740000, 0.000000,       0,       0,       0
20.390, -0.3057000, 0.2207000 ,  9.6744000, 31.2729000, 34.4391000 , 117.6071000 , -36.0260000, 13.0030000 , 11.8850000, 0.000000,       0,       0,       0
20.400, -0.5150000, 0.2985000 ,  9.6636000, 31.3416000, 34.3018000 , 116.6916000 , -36.1340000, 12.2250000 , 11.0410000, 0.000000,       0,       0,       0
20.410, -0.6861000, 0.3726000 ,  9.6552000, 31.3492000, 34.1949000 , 117.6834000 , -35.9250000, 12.1540000 , 11.5290000, 0.000000,       0,       0,       0
20.420, -0.8093000, 0.4229000 ,  9.6505000, 31.2881000, 34.1339000 , 119.8654000 , -36.1640000, 11.9740000 , 11.1670000, 0.000000,       0,       0,       0
20.430, -0.8978000, 0.4181000 ,  9.6457000, 31.1890000, 34.1187000 , 122.9935000 , -36.3870000, 11.6410000 , 11.2090000, 0.000000,       0,       0,       0
20.440, -0.9672000, 0.3631000 ,  9.6409000, 31.0364000, 34.1263000 , 127.1286000 , -36.4320000, 11.1420000 , 11.2750000, 0.000000,       0,       0,       0
20.450, -0.9983000, 0.3021000 ,  9.6409000, 30.8533000, 34.1339000 , 131.9733000 , -36.8160000, 11.0790000 , 11.5310000, 0.000000,       0,       0,       0
20.460, -0.9660000, 0.2327000 ,  9.6469000, 30.6549000, 34.1415000 , 136.9095000 , -36.8680000, 10.5180000 , 12.0860000, 0.000000,       0,       0,       0
20.470, -0.8859000, 0.1549000 ,  9.6493000, 30.5023000, 34.1568000 , 141.4185000 , -36.9830000, 10.1220000 , 11.3830000, 0.000000,       0,       0,       0
20.480, -0.7866000, 0.0915000 ,  9.6505000, 30.3574000, 34.1644000 , 145.0958000 , -37.0810000, 9.8660000  , 11.1320000, 0.000000,       0,       0,       0
20.490, -0.7016000, 0.0377000 ,  9.6529000, 30.2429000, 34.1644000 , 147.6974000 , -37.4730000, 9.6080000  , 11.1380000, 0.000000,       0,       0,       0
20.500, -0.6562000, 0.0341000 ,  9.6576000, 30.1819000, 34.1568000 , 149.3301000 , -37.3870000, 8.8750000  , 10.7550000, 0.000000,       0,       0,       0
20.510, -0.6358000, 0.1202000 ,  9.6588000, 30.1666000, 34.1110000 , 150.0320000 , -37.7110000, 8.9380000  , 11.5660000, 0.000000,       0,       0,       0
20.520, -0.6346000, 0.2626000 ,  9.6576000, 30.1819000, 34.0500000 , 149.8337000 , -37.2430000, 8.4440000  , 11.6140000, 0.000000,       0,       0,       0
20.530, -0.6334000, 0.3595000 ,  9.6576000, 30.2505000, 33.9890000 , 148.8724000 , -37.8050000, 8.1030000  , 11.4040000, 0.000000,       0,       0,       0
20.540, -0.6370000, 0.3140000 ,  9.6588000, 30.3268000, 33.9966000 , 147.6746000 , -38.1470000, 7.4070000  , 11.3140000, 0.000000,       0,       0,       0
20.550, -0.6370000, 0.1501000 ,  9.6600000, 30.3955000, 34.0958000 , 146.8506000 , -38.1730000, 7.3890000  , 11.1570000, 0.000000,       0,       0,       0
20.560, -0.5952000, -0.0473000,  9.6576000, 30.4413000, 34.2560000 , 146.5454000 , -38.2340000, 6.7440000  , 11.4020000, 0.000000,       0,       0,       0
20.570, -0.4839000, -0.2327000,  9.6612000, 30.4489000, 34.4162000 , 146.2936000 , -38.3430000, 6.4140000  , 11.4230000, 0.000000,       0,       0,       0
20.580, -0.3583000, -0.3786000,  9.6313000, 30.3726000, 33.2565000 , 145.4926000 , -38.5350000, 6.2920000  , 11.6660000, 0.000000,       0,       0,       0
20.590, -0.1932000, -0.4540000,  9.6541000, 30.2811000, 31.3492000 , 143.8980000 , -38.5380000, 6.1300000  , 11.0360000, 0.000000,       0,       0,       0
20.600, -0.0867000, -0.4588000,  9.6624000, 30.2887000, 29.9835000 , 141.7923000 , -38.9520000, 5.3250000  , 11.5460000, 0.000000,       0,       0,       0
20.610, -0.0796000, -0.4061000,  9.6780000, 30.3726000, 29.3350000 , 139.7018000 , -38.8860000, 4.9960000  , 11.3500000, 0.000000,       0,       0,       0
20.620, -0.1788000, -0.2901000,  9.6887000, 30.5252000, 29.8004000 , 138.3362000 , -38.7360000, 4.6580000  , 11.2650000, 0.000000,       0,       0,       0
20.630, -0.3260000, -0.1130000,  9.6899000, 30.6778000, 30.8304000 , 137.9395000 , -38.7070000, 4.5490000  , 10.5200000, 0.000000,       0,       0,       0
20.640, -0.4480000, 0.0532000 ,  9.6852000, 30.8075000, 31.9443000 , 138.2751000 , -38.7170000, 4.2020000  , 10.4290000, 0.000000,       0,       0,       0
20.650, -0.5066000, 0.1788000 ,  9.6780000, 30.8914000, 32.8827000 , 138.7558000 , -38.7180000, 3.6200000  , 11.1650000, 0.000000,       0,       0,       0
20.660, -0.4947000, 0.2566000 ,  9.6708000, 30.9372000, 33.5388000 , 138.7177000 , -38.9880000, 3.0890000  , 11.1000000, 0.000000,       0,       0,       0
20.670, -0.4588000, 0.2829000 ,  9.6648000, 30.9601000, 33.8516000 , 137.9852000 , -38.8970000, 3.3820000  , 10.9040000, 0.000000,       0,       0,       0
20.680, -0.4396000, 0.3140000 ,  9.6600000, 30.9906000, 33.8745000 , 136.7722000 , -39.1210000, 2.6900000  , 11.0680000, 0.000000,       0,       0,       0
20.690, -0.4420000, 0.3284000 ,  9.6505000, 31.0059000, 33.4625000 , 135.2081000 , -39.5160000, 2.5170000  , 10.8400000, 0.000000,       0,       0,       0
20.700, -0.4648000, 0.3009000 ,  9.6385000, 31.0059000, 32.3105000 , 133.5449000 , -39.1160000, 1.8550000  , 10.0590000, 0.000000,       0,       0,       0
20.710, -0.5258000, 0.2195000 ,  9.6122000, 30.9448000, 30.1132000 , 132.2021000 , -39.4310000, 2.1150000  , 10.5250000, 0.000000,       0,       0,       0
20.720, -0.6275000, 0.0760000 ,  9.5715000, 30.7541000, 25.7568000 , 131.6910000 , -39.5090000, 1.3370000  , 10.2730000, 0.000000,       0,       0,       0
20.730, -0.7004000, -0.0688000,  9.5775000, 30.5328000, 20.1187000 , 132.6065000 , -39.5110000, 1.2130000  , 10.5530000, 0.000000,       0,       0,       0
20.740, -0.6526000, -0.1119000,  9.6361000, 30.5176000, 16.7465000 , 134.5825000 , -39.7520000, 0.4180000  , 10.3210000, 0.000000,       0,       0,       0
20.750, -0.4289000, -0.0233000,  9.6732000, 30.7922000, 17.1509000 , 135.2615000 , -39.7110000, 0.3150000  , 10.5790000, 0.000000,       0,       0,       0
20.760, -0.1669000, 0.0484000 ,  9.6517000, 31.0593000, 17.3645000 , 133.7891000 , -39.9300000, 0.1020000  , 10.5780000, 0.000000,       0,       0,       0
20.770, 0.2099000 , 0.1310000 ,  9.6457000, 31.3492000, 15.3427000 , 127.9602000 , -39.9450000, -0.4590000 , 10.1710000, 0.000000,       0,       0,       0
20.780, 0.3128000 , 0.1717000 ,  9.6385000, 31.5475000, 13.4048000 , 122.6730000 , -39.9620000, -0.3980000 ,  9.9320000, 0.000000,       0,       0,       0
20.790, 0.3140000 , 0.1968000 ,  9.6624000, 31.8222000, 12.0468000 , 117.5156000 , -40.4760000, -0.8250000 , 10.5040000, 0.000000,       0,       0,       0
20.800, 0.2411000 , 0.2111000 ,  9.6852000, 32.2037000, 12.2070000 , 113.2278000 , -40.3910000, -1.2160000 , 10.1810000, 0.000000,       0,       0,       0
20.810, 0.1394000 , 0.1980000 ,  9.7079000, 32.6767000, 13.9465000 , 110.3210000 , -40.4400000, -1.2660000 ,  9.5400000, 0.000000,       0,       0,       0
20.820, 0.0305000 , 0.1609000 ,  9.7198000, 33.2108000, 16.8991000 , 109.0240000 , -40.1920000, -1.4690000 ,  9.2320000, 0.000000,       0,       0,       0
20.830, -0.0616000, 0.1262000 ,  9.7222000, 33.7372000, 20.5154000 , 109.1385000 , -40.0020000, -2.0260000 ,  9.7290000, 0.000000,       0,       0,       0
20.840, -0.0939000, 0.1310000 ,  9.7163000, 34.2026000, 24.1394000 , 109.9014000 , -40.0740000, -2.3150000 , 10.2010000, 0.000000,       0,       0,       0
20.850, -0.0604000, 0.1884000 ,  9.7055000, 34.5840000, 27.3209000 , 110.1837000 , -40.4030000, -2.3340000 ,  9.7860000, 0.000000,       0,       0,       0
20.860, 0.0018000 , 0.2542000 ,  9.6911000, 34.8587000, 29.7623000 , 109.2834000 , -39.9420000, -2.4690000 ,  9.9330000, 0.000000,       0,       0,       0
20.870, 0.0305000 , 0.2829000 ,  9.6804000, 35.0113000, 31.4178000 , 107.5592000 , -40.0000000, -2.8860000 ,  9.8330000, 0.000000,       0,       0,       0
20.880, -0.0090000, 0.2602000 ,  9.6744000, 35.1105000, 32.4860000 , 106.1401000 , -40.2610000, -2.8830000 ,  9.3370000, 0.000000,       0,       0,       0
20.890, -0.1107000, 0.2064000 ,  9.6696000, 35.1944000, 33.2184000 , 106.2241000 , -40.2200000, -3.3010000 ,  8.8390000, 0.000000,       0,       0,       0
20.900, -0.2028000, 0.1573000 ,  9.6660000, 35.2783000, 33.5922000 , 107.9636000 , -40.1180000, -3.7240000 ,  9.5770000, 0.000000,       0,       0,       0
20.910, -0.2291000, 0.1489000 ,  9.6636000, 35.3394000, 33.6990000 , 110.3210000 , -40.0620000, -4.0770000 ,  9.6370000, 0.000000,       0,       0,       0
20.920, -0.1717000, 0.1729000 ,  9.6600000, 35.3622000, 33.5617000 , 111.7401000 , -40.0370000, -4.2100000 ,  9.4230000, 0.000000,       0,       0,       0
20.930, -0.0712000, 0.1956000 ,  9.6564000, 35.3470000, 33.1726000 , 111.2213000 , -40.1030000, -4.3850000 , 10.1210000, 0.000000,       0,       0,       0
20.940, -0.0042000, 0.2111000 ,  9.6552000, 35.3241000, 32.7148000 , 109.0927000 , -39.7700000, -4.2520000 ,  9.7660000, 0.000000,       0,       0,       0
20.950, 0.0006000 , 0.2135000 ,  9.6600000, 35.3012000, 32.3868000 , 106.3309000 , -39.5140000, -4.9730000 ,  9.9470000, 0.000000,       0,       0,       0
20.960, -0.0580000, 0.2135000 ,  9.6660000, 35.3088000, 32.3639000 , 103.8132000 , -39.9450000, -4.8310000 , 10.0660000, 0.000000,       0,       0,       0
20.970, -0.1370000, 0.2195000 ,  9.6696000, 35.3394000, 32.6233000 , 101.8753000 , -40.0350000, -5.6740000 ,  9.3400000, 0.000000,       0,       0,       0
20.980, -0.1741000, 0.2590000 ,  9.6708000, 35.3851000, 33.0276000 , 100.2121000 , -40.1060000, -5.3950000 ,  9.0350000, 0.000000,       0,       0,       0
20.990, -0.1226000, 0.3236000 ,  9.6696000, 35.4080000, 33.4702000 , 98.0453000  , -39.6410000, -5.7690000 ,  9.1180000, 0.000000,       0,       0,       0
21.000, -0.0030000, 0.3810000 ,  9.6684000, 35.4080000, 33.8440000 , 94.6503000  , -39.6220000, -5.6850000 ,  9.4710000, 0.000000,       0,       0,       0
21.010, 0.0879000 , 0.4002000 ,  9.6660000, 35.4080000, 34.1187000 , 90.2710000  , -39.8700000, -5.9760000 ,  9.1330000, 0.000000,       0,       0,       0
21.020, 0.0915000 , 0.3942000 ,  9.6648000, 35.3928000, 34.2941000 , 85.8917000  , -39.7080000, -5.9210000 ,  9.5380000, 0.000000,       0,       0,       0
21.030, 0.0305000 , 0.3822000 ,  9.6648000, 35.3851000, 34.4009000 , 82.4814000  , -39.6040000, -6.0910000 ,  9.5370000, 0.000000,       0,       0,       0
21.040, -0.0592000, 0.3511000 ,  9.6672000, 35.3775000, 34.4391000 , 80.5664000  , -39.7240000, -6.2040000 ,  8.9190000, 0.000000,       0,       0,       0
21.050, -0.1346000, 0.3009000 ,  9.6684000, 35.3928000, 34.4391000 , 80.1010000  , -39.8030000, -6.0170000 ,  9.1210000, 0.000000,       0,       0,       0
21.060, -0.1741000, 0.2470000 ,  9.6672000, 35.4080000, 34.4162000 , 80.5588000  , -39.7460000, -6.2980000 ,  9.4920000, 0.000000,       0,       0,       0
21.070, -0.1788000, 0.1992000 ,  9.6648000, 35.4233000, 34.3781000 , 81.3751000  , -39.6110000, -6.3650000 ,  8.8910000, 0.000000,       0,       0,       0
21.080, -0.1597000, 0.1657000 ,  9.6648000, 35.4309000, 34.3475000 , 82.0541000  , -39.6170000, -6.9730000 ,  9.2800000, 0.000000,       0,       0,       0
21.090, -0.1477000, 0.1358000 ,  9.6648000, 35.4309000, 34.3094000 , 82.4432000  , -39.3300000, -7.0150000 ,  9.1370000, 0.000000,       0,       0,       0
21.100, -0.1573000, 0.1083000 ,  9.6648000, 35.4309000, 34.2865000 , 82.6416000  , -39.2780000, -6.9560000 ,  8.8450000, 0.000000,       0,       0,       0
21.110, -0.1860000, 0.0855000 ,  9.6648000, 35.4233000, 34.2331000 , 82.9926000  , -39.4990000, -7.3710000 ,  9.3310000, 0.000000,       0,       0,       0
21.120, -0.2111000, 0.0736000 ,  9.6648000, 35.4080000, 34.1797000 , 83.7097000  , -38.9400000, -7.2990000 ,  9.8030000, 0.000000,       0,       0,       0
21.130, -0.2088000, 0.0748000 ,  9.6636000, 35.4080000, 34.1263000 , 84.6252000  , -38.8500000, -7.4100000 ,  9.6370000, 0.000000,       0,       0,       0
21.140, -0.2040000, 0.0796000 ,  9.6576000, 35.4080000, 33.9661000 , 85.5408000  , -39.1580000, -8.0930000 ,  9.1580000, 0.000000,       0,       0,       0
21.150, -0.2578000, 0.0748000 ,  9.6277000, 35.2173000, 33.4167000 , 86.7081000  , -38.9360000, -8.2720000 ,  9.0100000, 0.000000,       0,       0,       0
21.160, -0.3164000, 0.0425000 ,  9.6277000, 34.9045000, 31.9824000 , 88.8214000  , -38.9550000, -8.0330000 ,  9.2900000, 0.000000,       0,       0,       0
21.170, -0.3128000, 0.0425000 ,  9.6289000, 34.8587000, 29.6631000 , 91.2552000  , -39.0850000, -8.6100000 ,  9.4350000, 0.000000,       0,       0,       0
21.180, -0.2123000, 0.0592000 ,  9.6158000, 34.7977000, 26.3367000 , 92.8726000  , -38.9270000, -8.7100000 ,  9.9630000, 0.000000,       0,       0,       0
21.190, 0.1298000 , 0.0927000 ,  9.5895000, 34.6069000, 21.8887000 , 91.8350000  , -38.9430000, -8.8050000 ,  8.8910000, 0.000000,       0,       0,       0
21.200, 0.4887000 , 0.1322000 ,  9.5954000, 34.4391000, 17.4942000 , 86.4487000  , -38.8790000, -9.1570000 ,  8.4690000, 0.000000,       0,       0,       0
21.210, 0.5449000 , 0.1394000 ,  9.6194000, 34.3704000, 14.5645000 , 78.9871000  , -38.8630000, -9.0760000 ,  9.2440000, 0.000000,       0,       0,       0
21.220, 0.3822000 , 0.1274000 ,  9.6361000, 34.3475000, 12.5961000 , 72.9523000  , -39.0570000, -9.0060000 ,  8.8040000, 0.000000,       0,       0,       0
21.230, 0.1908000 , 0.1083000 ,  9.6481000, 34.4009000, 11.6348000 , 69.7861000  , -38.8990000, -9.4080000 ,  8.9750000, 0.000000,       0,       0,       0
21.240, 0.1262000 , 0.0915000 ,  9.7055000, 34.5993000, 12.8250000 , 68.9468000  , -38.8570000, -9.2510000 ,  8.5280000, 0.000000,       0,       0,       0
21.250, 0.1382000 , 0.0891000 ,  9.7354000, 35.0571000, 17.3569000 , 69.2368000  , -39.0510000, -9.3740000 ,  8.4440000, 0.000000,       0,       0,       0
21.260, 0.2016000 , 0.0975000 ,  9.7378000, 35.5606000, 22.7509000 , 69.4885000  , -38.9730000, -9.6700000 ,  8.5360000, 0.000000,       0,       0,       0
21.270, 0.2626000 , 0.1071000 ,  9.7187000, 35.9573000, 27.6031000 , 69.0842000  , -38.9940000, -9.8340000 ,  8.5350000, 0.000000,       0,       0,       0
21.280, 0.2829000 , 0.1071000 ,  9.6935000, 36.2015000, 31.2500000 , 68.2373000  , -39.1910000, -9.4280000 ,  8.4690000, 0.000000,       0,       0,       0
21.290, 0.2650000 , 0.1035000 ,  9.6744000, 36.3083000, 33.5922000 , 67.3523000  , -39.1830000, -10.0380000,  8.9190000, 0.000000,       0,       0,       0
21.300, 0.2135000 , 0.1059000 ,  9.6636000, 36.3388000, 34.8282000 , 66.8945000  , -39.0270000, -10.0040000,  7.8530000, 0.000000,       0,       0,       0
21.310, 0.1513000 , 0.1119000 ,  9.6588000, 36.3312000, 35.3622000 , 67.1463000  , -38.7070000, -9.7040000 ,  7.8570000, 0.000000,       0,       0,       0
21.320, 0.1071000 , 0.1190000 ,  9.6552000, 36.3312000, 35.4691000 , 68.0237000  , -38.5840000, -10.1270000,  8.3810000, 0.000000,       0,       0,       0
21.330, 0.1011000 , 0.1262000 ,  9.6541000, 36.3464000, 35.3699000 , 69.0613000  , -38.6780000, -10.3000000,  8.1810000, 0.000000,       0,       0,       0
21.340, 0.1250000 , 0.1310000 ,  9.6552000, 36.3541000, 35.2020000 , 69.7784000  , -38.6840000, -10.3360000,  7.6810000, 0.000000,       0,       0,       0
21.350, 0.1645000 , 0.1322000 ,  9.6564000, 36.3541000, 35.0189000 , 69.9387000  , -38.3790000, -10.5970000,  7.9060000, 0.000000,       0,       0,       0
21.360, 0.2183000 , 0.1226000 ,  9.6529000, 36.3388000, 34.8358000 , 69.0384000  , -38.3320000, -10.7280000,  7.9940000, 0.000000,       0,       0,       0
21.370, 0.2542000 , 0.1178000 ,  9.6505000, 36.2778000, 34.7672000 , 67.8177000  , -38.4550000, -10.7020000,  8.5900000, 0.000000,       0,       0,       0
21.380, 0.3021000 , 0.1202000 ,  9.6529000, 36.1633000, 34.8816000 , 66.1011000  , -38.3230000, -10.6050000,  8.3340000, 0.000000,       0,       0,       0
21.390, 0.3475000 , 0.1262000 ,  9.6564000, 36.0794000, 35.3317000 , 63.9572000  , -38.3970000, -10.5070000,  8.2910000, 0.000000,       0,       0,       0
21.400, 0.3822000 , 0.1346000 ,  9.6588000, 36.0489000, 35.9955000 , 61.3785000  , -38.1370000, -10.8640000,  7.7600000, 0.000000,       0,       0,       0
21.410, 0.3703000 , 0.1394000 ,  9.6517000, 35.9879000, 36.3922000 , 58.6700000  , -38.1920000, -10.8470000,  8.1730000, 0.000000,       0,       0,       0
21.420, 0.3320000 , 0.1370000 ,  9.6457000, 35.8963000, 36.3083000 , 56.1676000  , -38.1850000, -10.8110000,  8.9650000, 0.000000,       0,       0,       0
21.430, 0.2829000 , 0.1298000 ,  9.6433000, 35.7895000, 35.9268000 , 54.1306000  , -38.2150000, -11.1210000,  8.8360000, 0.000000,       0,       0,       0
21.440, 0.2446000 , 0.1190000 ,  9.6445000, 35.6827000, 35.4309000 , 52.5284000  , -38.0040000, -11.2610000,  8.2820000, 0.000000,       0,       0,       0
21.450, 0.2255000 , 0.1095000 ,  9.6469000, 35.5835000, 34.9808000 , 51.2009000  , -38.1750000, -11.1250000,  8.2770000, 0.000000,       0,       0,       0
21.460, 0.2375000 , 0.0999000 ,  9.6493000, 35.4996000, 34.6527000 , 49.8734000  , -37.9160000, -11.1740000,  7.7450000, 0.000000,       0,       0,       0
21.470, 0.2722000 , 0.0927000 ,  9.6481000, 35.4233000, 34.4772000 , 48.3093000  , -37.8040000, -11.3260000,  8.4400000, 0.000000,       0,       0,       0
21.480, 0.2985000 , 0.0867000 ,  9.6469000, 35.3317000, 34.3628000 , 46.4630000  , -38.0310000, -11.1680000,  7.5290000, 0.000000,       0,       0,       0
21.490, 0.2985000 , 0.0831000 ,  9.6505000, 35.2249000, 34.2712000 , 44.6014000  , -38.2220000, -11.2720000,  8.1420000, 0.000000,       0,       0,       0
21.500, 0.2662000 , 0.0831000 ,  9.6517000, 35.1334000, 34.1187000 , 43.0069000  , -38.3220000, -11.5380000,  8.3250000, 0.000000,       0,       0,       0
21.510, 0.1968000 , 0.0879000 ,  9.6469000, 35.0571000, 33.5541000 , 41.9846000  , -38.1390000, -11.3750000,  7.9290000, 0.000000,       0,       0,       0
21.520, 0.1382000 , 0.0903000 ,  9.6481000, 35.0113000, 32.6309000 , 41.6641000  , -38.1110000, -11.1540000,  8.4670000, 0.000000,       0,       0,       0
21.530, 0.1370000 , 0.0915000 ,  9.6612000, 35.0189000, 32.2037000 , 41.7862000  , -38.0540000, -11.4850000,  8.2610000, 0.000000,       0,       0,       0
21.540, 0.1944000 , 0.0951000 ,  9.6660000, 35.0800000, 32.4860000 , 41.7480000  , -38.3100000, -11.7130000,  8.0310000, 0.000000,       0,       0,       0
21.550, 0.2602000 , 0.0975000 ,  9.6624000, 35.1334000, 33.1116000 , 41.0461000  , -38.5480000, -11.5280000,  7.8970000, 0.000000,       0,       0,       0
21.560, 0.2793000 , 0.1023000 ,  9.6564000, 35.1105000, 33.7601000 , 39.8483000  , -38.2330000, -11.3840000,  7.9770000, 0.000000,       0,       0,       0
21.570, 0.2530000 , 0.1083000 ,  9.6552000, 35.0494000, 34.3018000 , 38.6963000  , -38.0960000, -11.3620000,  7.8230000, 0.000000,       0,       0,       0
21.580, 0.2028000 , 0.1119000 ,  9.6588000, 34.9960000, 34.6832000 , 38.0173000  , -38.4400000, -11.5490000,  7.8050000, 0.000000,       0,       0,       0
21.590, 0.1741000 , 0.1119000 ,  9.6600000, 34.9808000, 34.9579000 , 37.7884000  , -38.1320000, -11.2320000,  8.1630000, 0.000000,       0,       0,       0
21.600, 0.1645000 , 0.1107000 ,  9.6564000, 34.9426000, 35.1257000 , 37.7197000  , -38.1210000, -11.1420000,  8.1800000, 0.000000,       0,       0,       0
21.610, 0.1765000 , 0.1047000 ,  9.6529000, 34.8816000, 35.2020000 , 37.5977000  , -38.3140000, -11.7820000,  7.9160000, 0.000000,       0,       0,       0
21.620, 0.1980000 , 0.0987000 ,  9.6517000, 34.7900000, 35.2325000 , 37.2314000  , -38.2800000, -11.8840000,  7.8440000, 0.000000,       0,       0,       0
21.630, 0.2159000 , 0.0927000 ,  9.6517000, 34.6527000, 35.2936000 , 36.5982000  , -38.4580000, -11.7890000,  7.6030000, 0.000000,       0,       0,       0
21.640, 0.2159000 , 0.0891000 ,  9.6517000, 34.5001000, 35.3546000 , 35.8887000  , -38.3140000, -11.8470000,  8.2530000, 0.000000,       0,       0,       0
21.650, 0.2040000 , 0.0879000 ,  9.6505000, 34.3781000, 35.3851000 , 35.2554000  , -38.6240000, -11.8550000,  8.2060000, 0.000000,       0,       0,       0
21.660, 0.1896000 , 0.0879000 ,  9.6505000, 34.3018000, 35.3699000 , 34.8053000  , -38.5290000, -11.8470000,  7.9390000, 0.000000,       0,       0,       0
21.670, 0.1753000 , 0.0891000 ,  9.6517000, 34.2560000, 35.3394000 , 34.5154000  , -38.5740000, -11.9210000,  7.9450000, 0.000000,       0,       0,       0
21.680, 0.1657000 , 0.0903000 ,  9.6529000, 34.2331000, 35.3088000 , 34.3552000  , -38.3000000, -12.2640000,  8.3210000, 0.000000,       0,       0,       0
21.690, 0.1573000 , 0.0927000 ,  9.6529000, 34.2102000, 35.2783000 , 34.2865000  , -38.4940000, -12.3220000,  7.5770000, 0.000000,       0,       0,       0
21.700, 0.1525000 , 0.0939000 ,  9.6541000, 34.1873000, 35.2631000 , 34.2789000  , -38.6850000, -12.1110000,  7.1240000, 0.000000,       0,       0,       0
21.710, 0.1501000 , 0.0951000 ,  9.6588000, 34.1492000, 35.2859000 , 34.3018000  , -38.2540000, -12.0670000,  7.5940000, 0.000000,       0,       0,       0
21.720, 0.1513000 , 0.0963000 ,  9.6624000, 34.0805000, 35.3622000 , 34.3170000  , -38.4170000, -11.7920000,  7.3600000, 0.000000,       0,       0,       0
21.730, 0.1609000 , 0.1059000 ,  9.6636000, 33.9355000, 35.4614000 , 34.2636000  , -38.3140000, -11.9410000,  7.7800000, 0.000000,       0,       0,       0
21.740, 0.1860000 , 0.1334000 ,  9.6624000, 33.6304000, 35.5835000 , 33.8287000  , -38.6780000, -12.1920000,  7.4340000, 0.000000,       0,       0,       0
21.750, 0.1968000 , 0.1442000 ,  9.6624000, 33.1802000, 35.7437000 , 32.9819000  , -38.5320000, -12.1590000,  7.6480000, 0.000000,       0,       0,       0
21.760, 0.1896000 , 0.1322000 ,  9.6636000, 32.6767000, 35.8887000 , 32.1274000  , -38.4150000, -12.4800000,  8.0820000, 0.000000,       0,       0,       0
21.770, 0.1705000 , 0.1047000 ,  9.6636000, 32.2647000, 35.9802000 , 31.5628000  , -38.1580000, -12.3220000,  8.6310000, 0.000000,       0,       0,       0
21.780, 0.1430000 , 0.0676000 ,  9.6600000, 32.0358000, 35.9802000 , 31.4407000  , -38.2570000, -12.0480000,  8.0400000, 0.000000,       0,       0,       0
21.790, 0.1250000 , 0.0425000 ,  9.6564000, 31.9901000, 35.9268000 , 31.7383000  , -38.4060000, -12.5570000,  8.4080000, 0.000000,       0,       0,       0
21.800, 0.1250000 , 0.0413000 ,  9.6564000, 31.9519000, 35.9421000 , 32.1198000  , -38.7360000, -12.0480000,  7.8920000, 0.000000,       0,       0,       0
21.810, 0.1226000 , 0.0365000 ,  9.6600000, 31.6925000, 36.0718000 , 32.4707000  , -38.4830000, -12.5190000,  8.2320000, 0.000000,       0,       0,       0
21.820, 0.1119000 , 0.0138000 ,  9.6624000, 31.1890000, 36.2701000 , 33.0887000  , -38.5880000, -12.4310000,  8.2650000, 0.000000,       0,       0,       0
21.830, 0.1071000 , 0.0042000 ,  9.6648000, 30.6091000, 36.4838000 , 33.9432000  , -38.3900000, -12.4410000,  8.1330000, 0.000000,       0,       0,       0
21.840, 0.1059000 , 0.0030000 ,  9.6696000, 30.0674000, 36.6669000 , 34.7977000  , -38.5820000, -12.4750000,  7.5810000, 0.000000,       0,       0,       0
21.850, 0.1083000 , 0.0054000 ,  9.6744000, 29.5258000, 36.8576000 , 35.5148000  , -38.2540000, -12.3540000,  8.2960000, 0.000000,       0,       0,       0
21.860, 0.1107000 , 0.0018000 ,  9.6732000, 29.1214000, 36.9949000 , 36.0184000  , -38.0080000, -12.3730000,  8.1310000, 0.000000,       0,       0,       0
21.870, 0.1142000 , -0.0078000,  9.6648000, 29.0909000, 37.0255000 , 36.2396000  , -38.3580000, -12.2780000,  8.3590000, 0.000000,       0,       0,       0
21.880, 0.1154000 , -0.0209000,  9.6541000, 29.5334000, 36.9186000 , 36.2015000  , -38.1930000, -12.1850000,  7.9710000, 0.000000,       0,       0,       0
21.890, 0.1142000 , -0.0341000,  9.6433000, 30.3802000, 36.6821000 , 35.9726000  , -38.2780000, -12.1840000,  8.0550000, 0.000000,       0,       0,       0
21.900, 0.1095000 , -0.0425000,  9.6397000, 31.4789000, 36.3312000 , 35.6293000  , -38.0500000, -12.5370000,  8.4180000, 0.000000,       0,       0,       0
21.910, 0.1059000 , -0.0437000,  9.6397000, 32.5928000, 35.9650000 , 35.2631000  , -37.8520000, -12.2670000,  8.5530000, 0.000000,       0,       0,       0
21.920, 0.1035000 , -0.0413000,  9.6421000, 33.5464000, 35.6445000 , 34.9426000  , -38.2280000, -12.0900000,  8.5320000, 0.000000,       0,       0,       0
21.930, 0.1035000 , -0.0365000,  9.6457000, 34.2484000, 35.4004000 , 34.7366000  , -37.8110000, -11.9530000,  8.3730000, 0.000000,       0,       0,       0
21.940, 0.1059000 , -0.0233000,  9.6505000, 34.8358000, 35.1944000 , 34.5001000  , -38.0510000, -12.0790000,  8.2650000, 0.000000,       0,       0,       0
21.950, 0.1095000 , -0.0126000,  9.6517000, 34.9808000, 35.1562000 , 34.2331000  , -38.4560000, -11.9030000,  8.8820000, 0.000000,       0,       0,       0
21.960, 0.1059000 , -0.0245000,  9.6505000, 35.0037000, 35.1562000 , 33.9813000  , -38.3040000, -11.9380000,  8.4690000, 0.000000,       0,       0,       0
21.970, 0.1011000 , -0.0365000,  9.6517000, 34.9884000, 35.1410000 , 33.9432000  , -38.1860000, -12.2500000,  8.3680000, 0.000000,       0,       0,       0
21.980, 0.0987000 , -0.0425000,  9.6552000, 34.9579000, 35.1257000 , 34.0195000  , -38.2620000, -11.8510000,  8.4210000, 0.000000,       0,       0,       0
21.990, 0.0987000 , -0.0473000,  9.6600000, 34.9121000, 35.1486000 , 34.1415000  , -38.4440000, -11.9120000,  7.8880000, 0.000000,       0,       0,       0
22.000, 0.1023000 , -0.0496000,  9.6648000, 34.8434000, 35.2707000 , 34.2712000  , -38.3960000, -11.9360000,  8.1880000, 0.000000,       0,       0,       0
22.010, 0.1047000 , -0.0520000,  9.6672000, 34.7519000, 35.5225000 , 34.3781000  , -38.3740000, -11.9430000,  8.4150000, 0.000000,       0,       0,       0
22.020, 0.1047000 , -0.0544000,  9.6660000, 34.6527000, 35.8887000 , 34.4467000  , -38.2690000, -12.0160000,  8.3300000, 0.000000,       0,       0,       0
22.030, 0.0987000 , -0.0520000,  9.6600000, 34.5688000, 36.1710000 , 34.4696000  , -38.5610000, -12.0660000,  8.0000000, 0.000000,       0,       0,       0
22.040, 0.0915000 , -0.0461000,  9.6552000, 34.5383000, 36.2701000 , 34.4620000  , -38.0970000, -12.0600000,  8.4360000, 0.000000,       0,       0,       0
22.050, 0.0891000 , -0.0377000,  9.6517000, 34.5459000, 36.2320000 , 34.4391000  , -38.3320000, -11.8580000,  8.0570000, 0.000000,       0,       0,       0
22.060, 0.0879000 , -0.0293000,  9.6529000, 34.5764000, 36.0947000 , 34.4162000  , -38.3000000, -12.1060000,  8.6580000, 0.000000,       0,       0,       0
22.070, 0.0879000 , -0.0233000,  9.6564000, 34.5840000, 35.9726000 , 34.4009000  , -38.3730000, -11.8770000,  7.1220000, 0.000000,       0,       0,       0
22.080, 0.0903000 , -0.0233000,  9.6624000, 34.5612000, 35.9497000 , 34.3857000  , -38.1460000, -11.6710000,  8.4860000, 0.000000,       0,       0,       0
22.090, 0.0903000 , -0.0281000,  9.6684000, 34.4696000, 36.0947000 , 34.3704000  , -38.2030000, -12.0660000,  8.2160000, 0.000000,       0,       0,       0
22.100, 0.0891000 , -0.0353000,  9.6744000, 34.3552000, 36.4075000 , 34.3552000  , -37.9460000, -11.7060000,  7.8120000, 0.000000,       0,       0,       0
22.110, 0.0748000 , -0.0353000,  9.6732000, 34.2255000, 36.7737000 , 34.2712000  , -37.9140000, -12.1860000,  8.8560000, 0.000000,       0,       0,       0
22.120, 0.0724000 , -0.0449000,  9.6672000, 34.1492000, 37.0102000 , 34.1415000  , -37.8880000, -12.3530000,  8.4990000, 0.000000,       0,       0,       0
22.130, 0.0700000 , -0.0520000,  9.6588000, 34.1568000, 37.0407000 , 34.0805000  , -38.0250000, -11.9670000,  8.1840000, 0.000000,       0,       0,       0
22.140, 0.0640000 , -0.0484000,  9.6517000, 34.2255000, 36.8805000 , 34.0347000  , -37.7450000, -11.8860000,  8.1980000, 0.000000,       0,       0,       0
22.150, 0.0413000 , -0.0197000,  9.6493000, 34.3094000, 36.6135000 , 33.7982000  , -38.1640000, -11.9200000,  8.4470000, 0.000000,       0,       0,       0
22.160, 0.0317000 , -0.0054000,  9.6493000, 34.4162000, 36.2854000 , 33.3099000  , -38.2320000, -12.0300000,  8.3930000, 0.000000,       0,       0,       0
22.170, 0.0329000 , -0.0102000,  9.6469000, 34.5078000, 35.9650000 , 32.8369000  , -38.2700000, -11.9460000,  8.1100000, 0.000000,       0,       0,       0
22.180, 0.0437000 , -0.0329000,  9.6457000, 34.6222000, 35.6293000 , 32.5623000  , -38.0120000, -12.0180000,  8.2410000, 0.000000,       0,       0,       0
22.190, 0.0592000 , -0.0628000,  9.6481000, 34.7290000, 35.3241000 , 32.5775000  , -38.1640000, -12.0760000,  8.8090000, 0.000000,       0,       0,       0
22.200, 0.0748000 , -0.0879000,  9.6529000, 34.7977000, 35.1181000 , 32.8522000  , -37.9490000, -11.7900000,  8.5120000, 0.000000,       0,       0,       0
22.210, 0.0807000 , -0.0987000,  9.6541000, 34.8282000, 35.0418000 , 33.2642000  , -38.0430000, -11.9840000,  8.5520000, 0.000000,       0,       0,       0
22.220, 0.0784000 , -0.0999000,  9.6493000, 34.8511000, 35.0189000 , 33.6838000  , -37.8970000, -11.9380000,  8.5240000, 0.000000,       0,       0,       0
22.230, 0.0712000 , -0.0951000,  9.6457000, 34.8969000, 34.9579000 , 34.0118000  , -38.0110000, -12.2040000,  8.0130000, 0.000000,       0,       0,       0
22.240, 0.0640000 , -0.0867000,  9.6457000, 34.9655000, 34.8434000 , 34.2484000  , -38.0810000, -11.7710000,  9.0340000, 0.000000,       0,       0,       0
22.250, 0.0592000 , -0.0760000,  9.6517000, 35.0266000, 34.7366000 , 34.3857000  , -38.3400000, -12.0380000,  8.1350000, 0.000000,       0,       0,       0
22.260, 0.0580000 , -0.0640000,  9.6600000, 35.0418000, 34.7366000 , 34.4467000  , -38.1660000, -12.1080000,  8.6270000, 0.000000,       0,       0,       0
22.270, 0.0568000 , -0.0532000,  9.6660000, 35.0266000, 34.8358000 , 34.4696000  , -38.4480000, -11.6860000,  8.1380000, 0.000000,       0,       0,       0
22.280, 0.0580000 , -0.0461000,  9.6708000, 34.9731000, 35.0037000 , 34.4696000  , -37.9710000, -11.8610000,  8.5860000, 0.000000,       0,       0,       0
22.290, 0.0628000 , -0.0341000,  9.6720000, 34.9045000, 35.1791000 , 34.3857000  , -37.9860000, -12.0350000,  8.1350000, 0.000000,       0,       0,       0
22.300, 0.0628000 , -0.0353000,  9.6708000, 34.8434000, 35.3317000 , 34.1568000  , -38.1540000, -11.4850000,  8.1650000, 0.000000,       0,       0,       0
22.310, 0.0544000 , -0.0401000,  9.6660000, 34.7900000, 35.4614000 , 33.9432000  , -38.0270000, -12.0550000,  8.2750000, 0.000000,       0,       0,       0
22.320, 0.0329000 , -0.0305000,  9.6600000, 34.7672000, 35.5225000 , 33.6304000  , -38.1280000, -11.9760000,  8.9220000, 0.000000,       0,       0,       0
22.330, 0.0209000 , -0.0329000,  9.6552000, 34.7595000, 35.5225000 , 33.2336000  , -38.1390000, -12.0660000,  8.4560000, 0.000000,       0,       0,       0
22.340, 0.0293000 , -0.0544000,  9.6541000, 34.7824000, 35.4843000 , 32.9971000  , -37.9860000, -11.8040000,  8.2140000, 0.000000,       0,       0,       0
22.350, 0.0484000 , -0.0772000,  9.6552000, 34.8129000, 35.4385000 , 33.0811000  , -38.0950000, -11.5400000,  8.0340000, 0.000000,       0,       0,       0
22.360, 0.0628000 , -0.0867000,  9.6576000, 34.8434000, 35.4843000 , 33.3710000  , -38.1660000, -11.4970000,  7.8490000, 0.000000,       0,       0,       0
22.370, 0.0819000 , -0.0891000,  9.6744000, 34.8816000, 36.1557000 , 33.7524000  , -38.1860000, -11.7400000,  8.5590000, 0.000000,       0,       0,       0
22.380, 0.0963000 , -0.0819000,  9.7079000, 34.9197000, 37.8265000 , 34.2026000  , -37.9230000, -11.7560000,  8.0040000, 0.000000,       0,       0,       0
22.390, 0.0784000 , -0.0736000,  9.7055000, 34.8206000, 40.0772000 , 34.6527000  , -37.8180000, -11.7370000,  8.3060000, 0.000000,       0,       0,       0
22.400, -0.0508000, 0.0042000 ,  9.6768000, 34.9426000, 42.3431000 , 34.6222000  , -37.8180000, -11.8300000,  8.9580000, 0.000000,       0,       0,       0
22.410, -0.0341000, -0.0221000,  9.6541000, 35.0266000, 42.9153000 , 33.9584000  , -38.0020000, -11.8000000,  8.6830000, 0.000000,       0,       0,       0
22.420, -0.0245000, -0.0604000,  9.6241000, 35.0494000, 41.7328000 , 33.7219000  , -38.2950000, -11.4460000,  8.8750000, 0.000000,       0,       0,       0
22.430, -0.0161000, -0.0807000,  9.6241000, 35.0494000, 39.8865000 , 33.7448000  , -38.0200000, -11.7540000,  8.9820000, 0.000000,       0,       0,       0
22.440, -0.0138000, -0.0891000,  9.6277000, 35.0266000, 38.1012000 , 33.8821000  , -38.0210000, -11.3090000,  9.4310000, 0.000000,       0,       0,       0
22.450, -0.0138000, -0.0867000,  9.6349000, 34.9960000, 36.6364000 , 34.0500000  , -37.9820000, -11.4700000,  8.7080000, 0.000000,       0,       0,       0
22.460, -0.0185000, -0.0796000,  9.6409000, 34.9808000, 35.5759000 , 34.2102000  , -37.9170000, -11.8080000,  9.0350000, 0.000000,       0,       0,       0
22.470, -0.0233000, -0.0700000,  9.6421000, 35.0037000, 34.8282000 , 34.3170000  , -37.8060000, -11.3800000,  9.2070000, 0.000000,       0,       0,       0
22.480, -0.0257000, -0.0640000,  9.6397000, 35.1028000, 34.2865000 , 34.3552000  , -37.9610000, -11.6720000,  8.9230000, 0.000000,       0,       0,       0
22.490, -0.0257000, -0.0616000,  9.6433000, 35.2249000, 33.9355000 , 34.3552000  , -38.1010000, -11.5110000,  9.2280000, 0.000000,       0,       0,       0
22.500, -0.0233000, -0.0640000,  9.6517000, 35.3699000, 33.7982000 , 34.3170000  , -37.9770000, -11.4640000,  8.5400000, 0.000000,       0,       0,       0
22.510, -0.0233000, -0.0628000,  9.6564000, 35.4309000, 33.6533000 , 34.3246000  , -37.6950000, -11.8420000,  8.9450000, 0.000000,       0,       0,       0
22.520, -0.0126000, -0.0736000,  9.6612000, 35.4233000, 34.1949000 , 34.2865000  , -38.0280000, -11.0000000,  9.0240000, 0.000000,       0,       0,       0
22.530, -0.3846000, -0.1561000,  9.8622000, 36.9339000, 54.7180000 , 35.8963000  , -37.6060000, -11.1290000,  9.7820000, 0.000000,       0,       0,       0
22.540, -1.0366000, -0.1334000,  9.4280000, 38.2004000, 73.2117000 , 37.4527000  , -37.3130000, -11.5610000,  9.4430000, 0.000000,       0,       0,       0
22.550, -1.2041000, -0.0975000,  9.2844000, 38.3072000, 74.7833000 , 37.6816000  , -37.6410000, -11.7390000,  9.9230000, 0.000000,       0,       0,       0
22.560, -1.1096000, -0.0676000,  9.2916000, 37.7274000, 67.9855000 , 37.2009000  , -37.6690000, -11.1620000,  9.1370000, 0.000000,       0,       0,       0
22.570, -0.9074000, -0.0461000,  9.3598000, 36.9110000, 58.4488000 , 36.4685000  , -37.7720000, -11.3100000,  8.8500000, 0.000000,       0,       0,       0
22.580, -0.6909000, -0.0341000,  9.4519000, 36.1557000, 49.3240000 , 35.7895000  , -37.5540000, -11.3350000,  9.5020000, 0.000000,       0,       0,       0
22.590, -0.5102000, -0.0269000,  9.5356000, 35.5759000, 42.1066000 , 35.2783000  , -37.5800000, -11.0370000,  9.5330000, 0.000000,       0,       0,       0
22.600, -0.3786000, -0.0245000,  9.5990000, 35.1944000, 37.2086000 , 34.9274000  , -37.4300000, -11.1810000,  9.1830000, 0.000000,       0,       0,       0
22.610, -0.2973000, -0.0245000,  9.6421000, 34.9808000, 34.3781000 , 34.6985000  , -37.4960000, -11.2260000,  9.5410000, 0.000000,       0,       0,       0
22.620, -0.2554000, -0.0269000,  9.6696000, 34.8892000, 33.1345000 , 34.5535000  , -37.5530000, -11.4280000,  9.6060000, 0.000000,       0,       0,       0
22.630, -0.2422000, -0.0305000,  9.6828000, 34.8663000, 32.9285000 , 34.4467000  , -37.4400000, -11.3360000,  9.3790000, 0.000000,       0,       0,       0
22.640, -0.2458000, -0.0341000,  9.6828000, 34.8892000, 33.2413000 , 34.3857000  , -37.3030000, -11.1040000,  9.2500000, 0.000000,       0,       0,       0
22.650, -0.2566000, -0.0353000,  9.6780000, 34.9350000, 33.7219000 , 34.3552000  , -37.8060000, -11.2150000,  8.5450000, 0.000000,       0,       0,       0
22.660, -0.2662000, -0.0353000,  9.6732000, 34.9884000, 34.1797000 , 34.3399000  , -37.1260000, -11.6170000,  8.8750000, 0.000000,       0,       0,       0
22.670, -0.2769000, -0.0353000,  9.6696000, 35.0189000, 34.5688000 , 34.3475000  , -37.2590000, -11.4500000,  9.1760000, 0.000000,       0,       0,       0
22.680, -0.2817000, -0.0329000,  9.6720000, 35.0189000, 34.8969000 , 34.3628000  , -37.7340000, -11.2780000,  8.9380000, 0.000000,       0,       0,       0
22.690, -0.2877000, -0.0341000,  9.6684000, 35.0037000, 35.1486000 , 34.3781000  , -37.5410000, -11.4800000,  8.6150000, 0.000000,       0,       0,       0
22.700, -0.2901000, -0.0353000,  9.6696000, 34.9655000, 35.3622000 , 34.3933000  , -37.2160000, -11.2690000,  9.0960000, 0.000000,       0,       0,       0
22.710, -0.2913000, -0.0377000,  9.6672000, 34.9274000, 35.4996000 , 34.4086000  , -37.1140000, -11.1890000,  9.1190000, 0.000000,       0,       0,       0
22.720, -0.2937000, -0.0389000,  9.6648000, 34.8969000, 35.5606000 , 34.4238000  , -37.0950000, -11.3690000,  9.1550000, 0.000000,       0,       0,       0
22.730, -0.2949000, -0.0389000,  9.6624000, 34.8969000, 35.5530000 , 34.4315000  , -37.4970000, -11.3780000,  9.3320000, 0.000000,       0,       0,       0
22.740, -0.2949000, -0.0365000,  9.6612000, 34.8969000, 35.5225000 , 34.4391000  , -37.2110000, -11.2780000,  9.2150000, 0.000000,       0,       0,       0
22.750, -0.2973000, -0.0353000,  9.6588000, 34.9045000, 35.4538000 , 34.4315000  , -37.0670000, -10.9750000,  9.2160000, 0.000000,       0,       0,       0
22.760, -0.2997000, -0.0353000,  9.6576000, 34.9274000, 35.3470000 , 34.4315000  , -37.1640000, -11.3890000,  8.7700000, 0.000000,       0,       0,       0
22.770, -0.2997000, -0.0353000,  9.6600000, 34.9503000, 35.2554000 , 34.4315000  , -37.2390000, -11.2990000,  8.7490000, 0.000000,       0,       0,       0
22.780, -0.2997000, -0.0365000,  9.6588000, 34.9655000, 35.1868000 , 34.4315000  , -37.0890000, -11.2780000,  8.6250000, 0.000000,       0,       0,       0
22.790, -0.2985000, -0.0365000,  9.6612000, 34.9808000, 35.1257000 , 34.4315000  , -37.3310000, -11.4850000,  8.6510000, 0.000000,       0,       0,       0
22.800, -0.2985000, -0.0365000,  9.6636000, 34.9884000, 35.1334000 , 34.4391000  , -37.7150000, -11.3750000,  8.7900000, 0.000000,       0,       0,       0
22.810, -0.2997000, -0.0365000,  9.6636000, 34.9808000, 35.1562000 , 34.4467000  , -37.3230000, -11.2260000,  9.3810000, 0.000000,       0,       0,       0
22.820, -0.2985000, -0.0365000,  9.6648000, 34.9731000, 35.2020000 , 34.4543000  , -37.1700000, -11.3230000,  9.2340000, 0.000000,       0,       0,       0
22.830, -0.2997000, -0.0353000,  9.6660000, 34.9503000, 35.2631000 , 34.4620000  , -37.1620000, -11.5230000,  9.1210000, 0.000000,       0,       0,       0
22.840, -0.3021000, -0.0353000,  9.6660000, 34.9350000, 35.3241000 , 34.4620000  , -37.0770000, -11.3520000,  9.3620000, 0.000000,       0,       0,       0
22.850, -0.3021000, -0.0353000,  9.6636000, 34.9197000, 35.3546000 , 34.4543000  , -37.2870000, -11.4190000,  9.1950000, 0.000000,       0,       0,       0
22.860, -0.3033000, -0.0365000,  9.6624000, 34.9121000, 35.3775000 , 34.4391000  , -36.9790000, -11.1600000,  8.6860000, 0.000000,       0,       0,       0
22.870, -0.3057000, -0.0377000,  9.6588000, 34.9121000, 35.3546000 , 34.4315000  , -37.0030000, -11.2850000,  9.1060000, 0.000000,       0,       0,       0
22.880, -0.3068000, -0.0401000,  9.6588000, 34.9274000, 35.2936000 , 34.4315000  , -37.0090000, -11.1330000,  9.2300000, 0.000000,       0,       0,       0
22.890, -0.3092000, -0.0413000,  9.6588000, 34.9503000, 35.2402000 , 34.4315000  , -37.0050000, -11.5100000,  9.5030000, 0.000000,       0,       0,       0
22.900, -0.3104000, -0.0401000,  9.6600000, 34.9731000, 35.1791000 , 34.4315000  , -37.1990000, -11.3880000,  9.5770000, 0.000000,       0,       0,       0
22.910, -0.3128000, -0.0389000,  9.6588000, 35.0037000, 35.1181000 , 34.4315000  , -37.3020000, -11.2330000,  9.1610000, 0.000000,       0,       0,       0
22.920, -0.3140000, -0.0377000,  9.6588000, 35.0189000, 35.0571000 , 34.4315000  , -37.0620000, -11.3860000,  8.8810000, 0.000000,       0,       0,       0
22.930, -0.3128000, -0.0389000,  9.6576000, 35.0189000, 35.0113000 , 34.4315000  , -37.1480000, -11.3510000,  9.0100000, 0.000000,       0,       0,       0
22.940, -0.3116000, -0.0389000,  9.6588000, 35.0266000, 34.9731000 , 34.4315000  , -37.3590000, -11.3050000,  8.4870000, 0.000000,       0,       0,       0
22.950, -0.3104000, -0.0389000,  9.6588000, 35.0266000, 34.9503000 , 34.4315000  , -37.4590000, -11.4260000,  8.8890000, 0.000000,       0,       0,       0
22.960, -0.3092000, -0.0389000,  9.6588000, 35.0342000, 34.9426000 , 34.4391000  , -37.3900000, -11.2990000,  9.4410000, 0.000000,       0,       0,       0
22.970, -0.3092000, -0.0377000,  9.6600000, 35.0266000, 34.9503000 , 34.4391000  , -37.2280000, -11.3380000,  8.7000000, 0.000000,       0,       0,       0
22.980, -0.3092000, -0.0377000,  9.6600000, 35.0342000, 34.9503000 , 34.4391000  , -37.5090000, -11.4480000,  9.0130000, 0.000000,       0,       0,       0
22.990, -0.3104000, -0.0377000,  9.6600000, 35.0342000, 34.9579000 , 34.4391000  , -37.3730000, -11.1670000,  8.5110000, 0.000000,       0,       0,       0
23.000, -0.3116000, -0.0377000,  9.6612000, 35.0418000, 34.9503000 , 34.4315000  , -37.3600000, -11.0330000,  8.6050000, 0.000000,       0,       0,       0
23.010, -0.3116000, -0.0377000,  9.6636000, 35.0342000, 34.9503000 , 34.4315000  , -37.1970000, -11.3070000,  8.6250000, 0.000000,       0,       0,       0
23.020, -0.3104000, -0.0377000,  9.6636000, 35.0342000, 34.9503000 , 34.4315000  , -37.2190000, -11.3940000,  8.3790000, 0.000000,       0,       0,       0
23.030, -0.3080000, -0.0365000,  9.6636000, 35.0266000, 34.9579000 , 34.4315000  , -37.2130000, -11.1660000,  8.4390000, 0.000000,       0,       0,       0
23.040, -0.3080000, -0.0365000,  9.6624000, 35.0342000, 34.9579000 , 34.4238000  , -37.2740000, -11.3620000,  8.4590000, 0.000000,       0,       0,       0
23.050, -0.3092000, -0.0377000,  9.6624000, 35.0342000, 34.9655000 , 34.4162000  , -37.2160000, -11.0380000,  9.4570000, 0.000000,       0,       0,       0
23.060, -0.3092000, -0.0401000,  9.6612000, 35.0266000, 34.9655000 , 34.4162000  , -37.3230000, -11.4190000,  9.1460000, 0.000000,       0,       0,       0
23.070, -0.3104000, -0.0425000,  9.6588000, 35.0189000, 34.9579000 , 34.4238000  , -37.2790000, -11.5110000,  9.3540000, 0.000000,       0,       0,       0
23.080, -0.3092000, -0.0437000,  9.6588000, 35.0113000, 34.9579000 , 34.4238000  , -37.0150000, -11.2030000,  9.1130000, 0.000000,       0,       0,       0
23.090, -0.3080000, -0.0437000,  9.6588000, 35.0037000, 34.9579000 , 34.4238000  , -37.5980000, -11.2720000,  8.9320000, 0.000000,       0,       0,       0
23.100, -0.3080000, -0.0425000,  9.6612000, 35.0037000, 34.9503000 , 34.4238000  , -37.3830000, -11.2070000,  9.2370000, 0.000000,       0,       0,       0
23.110, -0.3080000, -0.0401000,  9.6636000, 35.0037000, 34.9503000 , 34.4238000  , -37.1830000, -11.2510000,  9.3310000, 0.000000,       0,       0,       0
23.120, -0.3080000, -0.0389000,  9.6636000, 35.0113000, 34.9426000 , 34.4238000  , -37.1220000, -10.8660000,  9.0450000, 0.000000,       0,       0,       0
23.130, -0.3092000, -0.0401000,  9.6624000, 35.0113000, 34.9350000 , 34.4086000  , -37.5510000, -11.4630000,  9.7990000, 0.000000,       0,       0,       0
23.140, -0.3104000, -0.0401000,  9.6624000, 35.0037000, 34.9426000 , 34.4009000  , -37.3500000, -11.0000000,  9.6140000, 0.000000,       0,       0,       0
23.150, -0.3104000, -0.0413000,  9.6624000, 34.9884000, 34.9503000 , 34.4009000  , -37.2990000, -11.3020000,  9.7290000, 0.000000,       0,       0,       0
23.160, -0.3104000, -0.0425000,  9.6624000, 34.9884000, 34.9655000 , 34.4086000  , -37.2940000, -11.3180000,  9.9740000, 0.000000,       0,       0,       0
23.170, -0.3116000, -0.0413000,  9.6612000, 34.9884000, 34.9731000 , 34.4086000  , -37.5070000, -11.4230000,  9.3550000, 0.000000,       0,       0,       0
23.180, -0.3116000, -0.0389000,  9.6600000, 34.9884000, 34.9808000 , 34.4086000  , -37.2430000, -11.0660000,  9.9220000, 0.000000,       0,       0,       0
23.190, -0.3116000, -0.0365000,  9.6600000, 34.9884000, 34.9731000 , 34.4162000  , -37.4180000, -11.6170000,  9.3580000, 0.000000,       0,       0,       0
23.200, -0.3116000, -0.0341000,  9.6600000, 34.9884000, 34.9579000 , 34.4238000  , -37.2230000, -11.4130000,  9.7810000, 0.000000,       0,       0,       0
23.210, -0.3116000, -0.0341000,  9.6588000, 34.9884000, 34.9350000 , 34.4162000  , -37.2830000, -11.6380000,  9.6000000, 0.000000,       0,       0,       0
23.220, -0.3116000, -0.0365000,  9.6588000, 34.9960000, 34.9045000 , 34.4162000  , -37.4480000, -11.6310000,  9.8560000, 0.000000,       0,       0,       0
23.230, -0.3116000, -0.0401000,  9.6600000, 35.0037000, 34.8740000 , 34.4162000  , -37.5130000, -11.5240000,  9.5080000, 0.000000,       0,       0,       0
23.240, -0.3128000, -0.0425000,  9.6612000, 35.0037000, 34.8511000 , 34.4162000  , -37.7180000, -11.5440000,  9.5720000, 0.000000,       0,       0,       0
23.250, -0.3128000, -0.0449000,  9.6612000, 35.0037000, 34.8434000 , 34.4162000  , -37.4250000, -11.2270000,  9.2990000, 0.000000,       0,       0,       0
23.260, -0.3128000, -0.0461000,  9.6600000, 34.9960000, 34.8511000 , 34.4162000  , -37.4100000, -11.5860000,  9.6380000, 0.000000,       0,       0,       0
23.270, -0.3128000, -0.0437000,  9.6600000, 34.9960000, 34.8511000 , 34.4162000  , -37.1390000, -11.2200000,  9.4270000, 0.000000,       0,       0,       0
23.280, -0.3128000, -0.0437000,  9.6600000, 34.9884000, 34.8587000 , 34.4162000  , -37.3180000, -11.2200000,  9.4300000, 0.000000,       0,       0,       0
23.290, -0.3140000, -0.0425000,  9.6588000, 34.9960000, 34.8587000 , 34.4162000  , -37.5170000, -11.4640000,  9.0260000, 0.000000,       0,       0,       0
23.300, -0.3152000, -0.0425000,  9.6588000, 35.0037000, 34.8663000 , 34.4086000  , -37.5950000, -11.3690000,  9.1160000, 0.000000,       0,       0,       0
23.310, -0.3140000, -0.0425000,  9.6600000, 35.0037000, 34.8892000 , 34.4086000  , -37.6110000, -11.3280000,  9.0160000, 0.000000,       0,       0,       0
23.320, -0.3128000, -0.0413000,  9.6600000, 34.9960000, 34.9197000 , 34.4086000  , -37.2920000, -11.1800000,  9.6390000, 0.000000,       0,       0,       0
23.330, -0.3116000, -0.0401000,  9.6612000, 34.9960000, 34.9426000 , 34.4086000  , -37.7930000, -11.4820000,  9.3020000, 0.000000,       0,       0,       0
23.340, -0.3116000, -0.0389000,  9.6624000, 34.9960000, 34.9426000 , 34.4086000  , -37.5000000, -11.3960000,  9.2650000, 0.000000,       0,       0,       0
23.350, -0.3128000, -0.0401000,  9.6624000, 34.9960000, 34.9350000 , 34.4086000  , -37.5400000, -11.2280000,  9.1950000, 0.000000,       0,       0,       0
23.360, -0.3140000, -0.0413000,  9.6624000, 34.9960000, 34.9121000 , 34.4162000  , -37.2120000, -11.1640000,  9.6500000, 0.000000,       0,       0,       0
23.370, -0.3140000, -0.0437000,  9.6600000, 35.0113000, 34.8969000 , 34.4238000  , -37.4750000, -11.3430000,  9.2730000, 0.000000,       0,       0,       0
23.380, -0.3140000, -0.0449000,  9.6588000, 35.0189000, 34.8816000 , 34.4238000  , -37.4490000, -11.3310000,  9.5940000, 0.000000,       0,       0,       0
23.390, -0.3140000, -0.0449000,  9.6576000, 35.0266000, 34.8740000 , 34.4315000  , -37.6860000, -11.3030000,  9.2360000, 0.000000,       0,       0,       0
23.400, -0.3140000, -0.0425000,  9.6576000, 35.0418000, 34.8663000 , 34.4315000  , -37.4990000, -11.4750000,  9.5800000, 0.000000,       0,       0,       0
23.410, -0.3140000, -0.0401000,  9.6576000, 35.0418000, 34.8663000 , 34.4315000  , -37.4190000, -11.4860000,  9.4140000, 0.000000,       0,       0,       0
23.420, -0.3140000, -0.0377000,  9.6576000, 35.0418000, 34.8663000 , 34.4238000  , -37.3190000, -11.3440000,  9.1390000, 0.000000,       0,       0,       0
23.430, -0.3140000, -0.0365000,  9.6576000, 35.0342000, 34.8663000 , 34.4162000  , -37.4410000, -11.0990000,  9.4510000, 0.000000,       0,       0,       0
23.440, -0.3140000, -0.0377000,  9.6588000, 35.0266000, 34.8663000 , 34.4086000  , -37.1580000, -11.0230000,  9.3550000, 0.000000,       0,       0,       0
23.450, -0.3140000, -0.0389000,  9.6600000, 35.0266000, 34.8511000 , 34.4086000  , -36.9980000, -10.9930000,  9.1860000, 0.000000,       0,       0,       0
23.460, -0.3140000, -0.0413000,  9.6600000, 35.0342000, 34.8358000 , 34.4086000  , -37.3390000, -11.2560000,  9.3700000, 0.000000,       0,       0,       0
23.470, -0.3140000, -0.0413000,  9.6600000, 35.0418000, 34.8129000 , 34.4086000  , -37.4730000, -10.8510000,  9.2490000, 0.000000,       0,       0,       0
23.480, -0.3128000, -0.0401000,  9.6600000, 35.0494000, 34.7977000 , 34.4086000  , -37.2990000, -11.3950000,  9.0120000, 0.000000,       0,       0,       0
23.490, -0.3128000, -0.0401000,  9.6612000, 35.0494000, 34.7900000 , 34.4086000  , -37.6150000, -11.3610000,  8.9260000, 0.000000,       0,       0,       0
23.500, -0.3128000, -0.0389000,  9.6636000, 35.0494000, 34.7900000 , 34.4086000  , -37.2720000, -11.3620000,  9.3810000, 0.000000,       0,       0,       0
23.510, -0.3116000, -0.0377000,  9.6636000, 35.0494000, 34.8053000 , 34.4086000  , -37.4480000, -11.5240000,  9.2180000, 0.000000,       0,       0,       0
23.520, -0.3128000, -0.0389000,  9.6624000, 35.0494000, 34.8053000 , 34.4086000  , -37.1200000, -11.1220000,  9.6670000, 0.000000,       0,       0,       0
23.530, -0.3140000, -0.0389000,  9.6624000, 35.0494000, 34.8129000 , 34.4086000  , -37.1370000, -11.0740000,  9.3900000, 0.000000,       0,       0,       0
23.540, -0.3140000, -0.0377000,  9.6624000, 35.0494000, 34.8129000 , 34.4086000  , -37.2450000, -11.3270000,  9.2820000, 0.000000,       0,       0,       0
23.550, -0.3128000, -0.0389000,  9.6624000, 35.0494000, 34.8206000 , 34.4086000  , -37.2810000, -11.6000000,  9.5100000, 0.000000,       0,       0,       0
23.560, -0.3116000, -0.0401000,  9.6612000, 35.0418000, 34.8434000 , 34.4086000  , -37.3520000, -11.3050000,  9.2550000, 0.000000,       0,       0,       0
23.570, -0.3116000, -0.0401000,  9.6624000, 35.0418000, 34.8587000 , 34.4086000  , -37.2880000, -11.2040000,  9.0630000, 0.000000,       0,       0,       0
23.580, -0.3116000, -0.0413000,  9.6648000, 35.0418000, 34.8740000 , 34.4086000  , -37.2330000, -11.4720000,  8.4400000, 0.000000,       0,       0,       0
23.590, -0.3104000, -0.0389000,  9.6660000, 35.0342000, 34.8892000 , 34.4009000  , -37.1210000, -11.3960000,  9.0370000, 0.000000,       0,       0,       0
23.600, -0.3104000, -0.0377000,  9.6636000, 35.0342000, 34.8969000 , 34.4009000  , -36.8320000, -11.2140000,  9.0820000, 0.000000,       0,       0,       0
23.610, -0.3116000, -0.0365000,  9.6612000, 35.0342000, 34.8969000 , 34.3933000  , -37.0950000, -10.9970000,  8.9150000, 0.000000,       0,       0,       0
23.620, -0.3128000, -0.0365000,  9.6612000, 35.0266000, 34.8969000 , 34.3933000  , -36.7810000, -11.2770000,  8.4550000, 0.000000,       0,       0,       0
23.630, -0.3140000, -0.0377000,  9.6624000, 35.0266000, 34.8892000 , 34.3933000  , -37.1760000, -11.2000000,  9.2420000, 0.000000,       0,       0,       0
23.640, -0.3140000, -0.0389000,  9.6612000, 35.0266000, 34.8816000 , 34.3933000  , -37.0100000, -10.9470000,  9.5520000, 0.000000,       0,       0,       0
23.650, -0.3140000, -0.0413000,  9.6600000, 35.0266000, 34.8740000 , 34.3933000  , -37.2290000, -11.0880000,  9.8590000, 0.000000,       0,       0,       0
23.660, -0.3140000, -0.0425000,  9.6588000, 35.0266000, 34.8587000 , 34.3933000  , -37.0740000, -10.9960000,  9.8600000, 0.000000,       0,       0,       0
23.670, -0.3128000, -0.0425000,  9.6600000, 35.0418000, 34.8358000 , 34.3933000  , -37.1600000, -11.2120000,  9.3140000, 0.000000,       0,       0,       0
23.680, -0.3128000, -0.0413000,  9.6612000, 35.0494000, 34.8206000 , 34.3933000  , -37.2190000, -10.9560000,  9.5190000, 0.000000,       0,       0,       0
23.690, -0.3116000, -0.0389000,  9.6612000, 35.0571000, 34.8129000 , 34.3933000  , -37.0690000, -11.0860000,  9.3100000, 0.000000,       0,       0,       0
23.700, -0.3116000, -0.0365000,  9.6612000, 35.0571000, 34.8129000 , 34.4009000  , -37.4400000, -10.9400000,  8.5550000, 0.000000,       0,       0,       0
23.710, -0.3116000, -0.0353000,  9.6624000, 35.0571000, 34.8129000 , 34.3933000  , -37.3020000, -10.6800000,  8.4740000, 0.000000,       0,       0,       0
23.720, -0.3116000, -0.0341000,  9.6624000, 35.0571000, 34.8129000 , 34.3933000  , -36.7870000, -11.0610000,  8.8890000, 0.000000,       0,       0,       0
23.730, -0.3116000, -0.0341000,  9.6624000, 35.0571000, 34.8206000 , 34.3857000  , -37.3880000, -10.8880000,  9.1670000, 0.000000,       0,       0,       0
23.740, -0.3104000, -0.0341000,  9.6612000, 35.0494000, 34.8282000 , 34.3933000  , -37.2040000, -11.1710000,  9.5850000, 0.000000,       0,       0,       0
23.750, -0.3116000, -0.0377000,  9.6600000, 35.0418000, 34.8358000 , 34.4009000  , -37.1020000, -11.1830000,  8.9860000, 0.000000,       0,       0,       0
23.760, -0.3116000, -0.0389000,  9.6600000, 35.0418000, 34.8358000 , 34.4086000  , -37.2210000, -11.1090000,  9.1650000, 0.000000,       0,       0,       0
23.770, -0.3116000, -0.0413000,  9.6588000, 35.0418000, 34.8282000 , 34.4009000  , -37.3950000, -11.0670000,  9.8330000, 0.000000,       0,       0,       0
23.780, -0.3104000, -0.0413000,  9.6588000, 35.0494000, 34.8206000 , 34.4009000  , -37.5420000, -11.0510000,  9.3410000, 0.000000,       0,       0,       0
23.790, -0.3104000, -0.0425000,  9.6600000, 35.0494000, 34.8053000 , 34.4009000  , -37.1630000, -11.2730000,  9.9740000, 0.000000,       0,       0,       0
23.800, -0.3104000, -0.0437000,  9.6612000, 35.0418000, 34.8053000 , 34.3933000  , -37.2560000, -10.9070000,  9.2090000, 0.000000,       0,       0,       0
23.810, -0.3104000, -0.0425000,  9.6600000, 35.0418000, 34.8282000 , 34.3933000  , -37.3360000, -10.6350000,  8.9980000, 0.000000,       0,       0,       0
23.820, -0.3116000, -0.0413000,  9.6600000, 35.0342000, 34.8511000 , 34.3857000  , -37.1990000, -11.0360000,  9.3170000, 0.000000,       0,       0,       0
23.830, -0.3116000, -0.0401000,  9.6588000, 35.0342000, 34.8663000 , 34.3857000  , -37.3710000, -11.0220000,  9.2580000, 0.000000,       0,       0,       0
23.840, -0.3128000, -0.0389000,  9.6600000, 35.0342000, 34.8740000 , 34.3857000  , -37.4630000, -10.7770000,  9.1340000, 0.000000,       0,       0,       0
23.850, -0.3140000, -0.0377000,  9.6600000, 35.0342000, 34.8892000 , 34.3933000  , -37.4480000, -11.0340000,  9.6530000, 0.000000,       0,       0,       0
23.860, -0.3140000, -0.0377000,  9.6588000, 35.0418000, 34.8892000 , 34.4009000  , -37.3500000, -11.2090000,  9.7740000, 0.000000,       0,       0,       0
23.870, -0.3128000, -0.0401000,  9.6588000, 35.0418000, 34.8816000 , 34.4086000  , -37.2930000, -10.8640000,  9.6870000, 0.000000,       0,       0,       0
23.880, -0.3128000, -0.0425000,  9.6600000, 35.0494000, 34.8740000 , 34.4086000  , -37.0240000, -11.0610000,  9.3960000, 0.000000,       0,       0,       0
23.890, -0.3116000, -0.0425000,  9.6600000, 35.0494000, 34.8663000 , 34.4162000  , -37.4070000, -10.8940000,  8.9400000, 0.000000,       0,       0,       0
23.900, -0.3104000, -0.0413000,  9.6600000, 35.0494000, 34.8663000 , 34.4162000  , -37.0790000, -11.2820000,  9.2010000, 0.000000,       0,       0,       0
23.910, -0.3104000, -0.0401000,  9.6612000, 35.0418000, 34.8816000 , 34.4086000  , -37.2000000, -10.7930000,  9.5600000, 0.000000,       0,       0,       0
23.920, -0.3104000, -0.0377000,  9.6624000, 35.0342000, 34.9121000 , 34.4086000  , -37.0040000, -10.9980000,  8.9130000, 0.000000,       0,       0,       0
23.930, -0.3104000, -0.0353000,  9.6624000, 35.0342000, 34.9426000 , 34.4009000  , -37.2890000, -11.3070000,  9.3770000, 0.000000,       0,       0,       0
23.940, -0.3104000, -0.0341000,  9.6588000, 35.0342000, 34.9579000 , 34.3933000  , -37.3490000, -10.9280000,  8.8230000, 0.000000,       0,       0,       0
23.950, -0.3104000, -0.0353000,  9.6576000, 35.0266000, 34.9731000 , 34.3933000  , -37.3260000, -11.2210000,  9.0180000, 0.000000,       0,       0,       0
23.960, -0.3116000, -0.0389000,  9.6576000, 35.0189000, 34.9808000 , 34.3933000  , -37.0490000, -11.3530000,  9.1750000, 0.000000,       0,       0,       0
23.970, -0.3116000, -0.0401000,  9.6588000, 35.0037000, 34.9884000 , 34.3933000  , -37.2990000, -11.4100000,  9.8220000, 0.000000,       0,       0,       0
23.980, -0.3128000, -0.0425000,  9.6588000, 34.9960000, 35.0037000 , 34.3933000  , -37.0120000, -11.3150000,  8.7760000, 0.000000,       0,       0,       0
23.990, -0.3128000, -0.0425000,  9.6588000, 34.9960000, 35.0189000 , 34.3933000  , -37.3250000, -11.0830000,  9.0970000, 0.000000,       0,       0,       0
24.000, -0.3128000, -0.0425000,  9.6600000, 34.9960000, 35.0342000 , 34.4009000  , -37.2160000, -11.1600000,  8.9160000, 0.000000,       0,       0,       0
24.010, -0.3128000, -0.0401000,  9.6612000, 34.9884000, 35.0494000 , 34.4009000  , -37.1970000, -11.2710000,  9.2410000, 0.000000,       0,       0,       0
24.020, -0.3128000, -0.0377000,  9.6612000, 34.9884000, 35.0571000 , 34.4009000  , -37.0540000, -11.2070000, 10.0180000, 0.000000,       0,       0,       0
24.030, -0.3128000, -0.0353000,  9.6612000, 34.9808000, 35.0647000 , 34.4009000  , -37.5370000, -11.2890000,  9.4820000, 0.000000,       0,       0,       0
24.040, -0.3128000, -0.0353000,  9.6624000, 34.9808000, 35.0647000 , 34.4009000  , -37.4770000, -11.0280000,  9.3960000, 0.000000,       0,       0,       0
24.050, -0.3140000, -0.0365000,  9.6624000, 34.9731000, 35.0647000 , 34.4009000  , -37.1910000, -11.0640000,  9.5830000, 0.000000,       0,       0,       0
24.060, -0.3152000, -0.0401000,  9.6612000, 34.9731000, 35.0571000 , 34.3933000  , -37.2250000, -10.9910000,  9.4890000, 0.000000,       0,       0,       0
24.070, -0.3152000, -0.0425000,  9.6576000, 34.9808000, 35.0494000 , 34.4009000  , -37.4600000, -11.0910000,  9.4620000, 0.000000,       0,       0,       0
24.080, -0.3152000, -0.0449000,  9.6576000, 34.9808000, 35.0418000 , 34.4086000  , -37.3830000, -11.2350000,  9.8010000, 0.000000,       0,       0,       0
24.090, -0.3152000, -0.0461000,  9.6600000, 34.9884000, 35.0494000 , 34.4162000  , -37.5150000, -11.5990000,  9.8480000, 0.000000,       0,       0,       0
24.100, -0.3140000, -0.0449000,  9.6624000, 34.9808000, 35.0876000 , 34.4086000  , -37.1010000, -11.0310000,  9.3140000, 0.000000,       0,       0,       0
24.110, -0.3140000, -0.0437000,  9.6624000, 34.9655000, 35.1334000 , 34.4086000  , -37.1660000, -11.0460000,  9.7180000, 0.000000,       0,       0,       0
24.120, -0.3152000, -0.0413000,  9.6600000, 34.9655000, 35.1562000 , 34.4086000  , -37.0320000, -10.7600000,  9.1040000, 0.000000,       0,       0,       0
24.130, -0.3164000, -0.0389000,  9.6612000, 34.9731000, 35.1562000 , 34.4086000  , -37.3060000, -11.1010000,  9.3800000, 0.000000,       0,       0,       0
24.140, -0.3176000, -0.0377000,  9.6588000, 34.9808000, 35.1334000 , 34.3933000  , -37.3700000, -11.4950000,  9.5170000, 0.000000,       0,       0,       0
24.150, -0.3200000, -0.0389000,  9.6576000, 34.9808000, 35.1028000 , 34.3933000  , -37.0610000, -11.3290000,  9.4040000, 0.000000,       0,       0,       0
24.160, -0.3212000, -0.0425000,  9.6564000, 34.9960000, 35.0647000 , 34.3857000  , -37.0250000, -11.0130000,  9.6230000, 0.000000,       0,       0,       0
24.170, -0.3224000, -0.0461000,  9.6576000, 34.9960000, 35.0266000 , 34.3933000  , -37.1750000, -11.1490000,  9.9950000, 0.000000,       0,       0,       0
24.180, -0.3236000, -0.0496000,  9.6588000, 35.0037000, 34.9960000 , 34.4009000  , -37.1300000, -11.0960000,  9.7540000, 0.000000,       0,       0,       0
24.190, -0.3224000, -0.0508000,  9.6588000, 35.0189000, 34.9731000 , 34.4009000  , -37.2710000, -11.1870000,  9.7560000, 0.000000,       0,       0,       0
24.200, -0.3224000, -0.0508000,  9.6588000, 35.0342000, 34.9426000 , 34.4086000  , -37.2760000, -11.1420000,  9.8120000, 0.000000,       0,       0,       0
24.210, -0.3212000, -0.0473000,  9.6600000, 35.0418000, 34.9121000 , 34.4086000  , -37.0500000, -11.5420000,  9.9170000, 0.000000,       0,       0,       0
24.220, -0.3212000, -0.0425000,  9.6600000, 35.0494000, 34.8892000 , 34.4009000  , -37.0530000, -11.3440000, 10.5090000, 0.000000,       0,       0,       0
24.230, -0.3200000, -0.0401000,  9.6588000, 35.0571000, 34.8816000 , 34.4009000  , -37.1410000, -11.4390000,  9.7180000, 0.000000,       0,       0,       0
24.240, -0.3200000, -0.0377000,  9.6588000, 35.0494000, 34.8969000 , 34.3933000  , -36.8730000, -11.1040000,  9.7240000, 0.000000,       0,       0,       0
24.250, -0.3200000, -0.0377000,  9.6588000, 35.0342000, 34.9274000 , 34.3857000  , -37.3220000, -11.2390000,  9.2680000, 0.000000,       0,       0,       0
24.260, -0.3212000, -0.0401000,  9.6588000, 35.0266000, 34.9579000 , 34.3857000  , -37.6060000, -11.3670000,  9.4540000, 0.000000,       0,       0,       0
24.270, -0.3224000, -0.0425000,  9.6576000, 35.0266000, 34.9655000 , 34.3857000  , -37.3240000, -10.9610000,  9.7800000, 0.000000,       0,       0,       0
24.280, -0.3248000, -0.0437000,  9.6576000, 35.0266000, 34.9503000 , 34.3933000  , -37.3680000, -11.2770000,  8.9860000, 0.000000,       0,       0,       0
24.290, -0.3248000, -0.0461000,  9.6576000, 35.0418000, 34.9197000 , 34.3933000  , -37.1150000, -11.4270000,  9.7220000, 0.000000,       0,       0,       0
24.300, -0.3248000, -0.0461000,  9.6576000, 35.0494000, 34.8816000 , 34.4009000  , -37.1140000, -11.3250000,  9.6980000, 0.000000,       0,       0,       0
24.310, -0.3248000, -0.0437000,  9.6564000, 35.0571000, 34.8358000 , 34.4009000  , -37.3330000, -11.7240000, 10.3730000, 0.000000,       0,       0,       0
24.320, -0.3224000, -0.0425000,  9.6564000, 35.0571000, 34.7900000 , 34.4009000  , -37.3990000, -11.3810000,  9.5160000, 0.000000,       0,       0,       0
24.330, -0.3212000, -0.0413000,  9.6576000, 35.0571000, 34.7595000 , 34.4009000  , -37.5460000, -11.3990000, 10.0780000, 0.000000,       0,       0,       0
24.340, -0.3188000, -0.0425000,  9.6600000, 35.0647000, 34.7519000 , 34.4009000  , -37.2740000, -11.1850000, 10.1840000, 0.000000,       0,       0,       0
24.350, -0.3188000, -0.0437000,  9.6624000, 35.0571000, 34.7595000 , 34.4086000  , -37.6360000, -11.2670000,  9.4430000, 0.000000,       0,       0,       0
24.360, -0.3164000, -0.0437000,  9.6624000, 35.0494000, 34.7900000 , 34.4162000  , -37.1310000, -11.1050000,  9.7650000, 0.000000,       0,       0,       0
24.370, -0.3176000, -0.0413000,  9.6624000, 35.0418000, 34.8282000 , 34.4162000  , -37.1960000, -11.2050000, 10.3060000, 0.000000,       0,       0,       0
24.380, -0.3188000, -0.0365000,  9.6612000, 35.0571000, 34.8663000 , 34.4086000  , -37.2290000, -11.2180000,  9.9870000, 0.000000,       0,       0,       0
24.390, -0.3200000, -0.0341000,  9.6600000, 35.0647000, 34.8587000 , 34.4086000  , -37.0430000, -11.1820000,  9.0700000, 0.000000,       0,       0,       0
24.400, -0.3212000, -0.0353000,  9.6576000, 35.0723000, 34.8434000 , 34.4009000  , -37.1890000, -11.2630000,  9.2970000, 0.000000,       0,       0,       0
24.410, -0.3212000, -0.0377000,  9.6564000, 35.0800000, 34.8053000 , 34.4009000  , -37.5320000, -10.9540000,  8.5950000, 0.000000,       0,       0,       0
24.420, -0.3212000, -0.0413000,  9.6564000, 35.0800000, 34.7595000 , 34.3933000  , -36.9470000, -10.9050000,  9.2230000, 0.000000,       0,       0,       0
24.430, -0.3212000, -0.0461000,  9.6552000, 35.0952000, 34.6985000 , 34.4009000  , -37.3270000, -11.0210000,  9.2860000, 0.000000,       0,       0,       0
24.440, -0.3188000, -0.0484000,  9.6564000, 35.0952000, 34.6603000 , 34.4009000  , -37.3420000, -11.1220000,  9.4260000, 0.000000,       0,       0,       0
24.450, -0.3188000, -0.0496000,  9.6564000, 35.0876000, 34.6451000 , 34.4086000  , -37.4240000, -11.4200000,  8.9790000, 0.000000,       0,       0,       0
24.460, -0.3188000, -0.0484000,  9.6564000, 35.0800000, 34.6603000 , 34.4086000  , -37.2200000, -11.3660000,  9.5730000, 0.000000,       0,       0,       0
24.470, -0.3188000, -0.0449000,  9.6588000, 35.0723000, 34.6909000 , 34.4086000  , -37.2540000, -11.0780000,  9.2780000, 0.000000,       0,       0,       0
24.480, -0.3200000, -0.0413000,  9.6600000, 35.0647000, 34.7290000 , 34.4009000  , -37.5160000, -11.1890000,  9.3790000, 0.000000,       0,       0,       0
24.490, -0.3200000, -0.0377000,  9.6588000, 35.0723000, 34.7443000 , 34.3933000  , -37.2600000, -11.5790000,  9.7310000, 0.000000,       0,       0,       0
24.500, -0.3176000, -0.0341000,  9.6564000, 35.0800000, 34.7366000 , 34.3933000  , -37.1140000, -11.3310000,  9.4750000, 0.000000,       0,       0,       0
24.510, -0.3176000, -0.0329000,  9.6552000, 35.0876000, 34.7137000 , 34.3933000  , -37.2650000, -11.1890000,  9.2000000, 0.000000,       0,       0,       0
24.520, -0.3164000, -0.0365000,  9.6576000, 35.0952000, 34.6909000 , 34.3857000  , -37.1920000, -11.3820000,  9.3100000, 0.000000,       0,       0,       0
24.530, -0.3164000, -0.0425000,  9.6588000, 35.1028000, 34.6909000 , 34.3857000  , -37.0280000, -11.3250000,  9.6070000, 0.000000,       0,       0,       0
24.540, -0.3164000, -0.0473000,  9.6600000, 35.0952000, 34.7214000 , 34.3933000  , -37.3240000, -11.3350000,  9.2930000, 0.000000,       0,       0,       0
24.550, -0.3176000, -0.0496000,  9.6600000, 35.0876000, 34.7672000 , 34.4009000  , -37.0710000, -11.2240000,  9.1980000, 0.000000,       0,       0,       0
24.560, -0.3188000, -0.0461000,  9.6612000, 35.0723000, 34.8206000 , 34.4009000  , -37.2370000, -10.7370000,  9.3530000, 0.000000,       0,       0,       0
24.570, -0.3200000, -0.0401000,  9.6624000, 35.0571000, 34.8816000 , 34.4009000  , -37.3050000, -10.4950000,  9.7440000, 0.000000,       0,       0,       0
24.580, -0.3188000, -0.0341000,  9.6612000, 35.0494000, 34.9197000 , 34.3933000  , -37.4490000, -10.8560000,  9.6490000, 0.000000,       0,       0,       0
24.590, -0.3176000, -0.0305000,  9.6588000, 35.0418000, 34.9274000 , 34.3857000  , -37.3130000, -11.1230000,  9.6640000, 0.000000,       0,       0,       0
24.600, -0.3152000, -0.0329000,  9.6588000, 35.0494000, 34.9121000 , 34.3857000  , -37.6430000, -11.1590000,  9.5450000, 0.000000,       0,       0,       0
24.610, -0.3164000, -0.0377000,  9.6576000, 35.0571000, 34.8892000 , 34.3857000  , -37.2630000, -10.8410000,  9.4230000, 0.000000,       0,       0,       0
24.620, -0.3164000, -0.0425000,  9.6564000, 35.0647000, 34.8434000 , 34.3933000  , -37.0230000, -11.1420000,  9.1750000, 0.000000,       0,       0,       0
24.630, -0.3176000, -0.0473000,  9.6541000, 35.0723000, 34.8053000 , 34.4009000  , -37.3930000, -11.2240000,  8.9450000, 0.000000,       0,       0,       0
24.640, -0.3188000, -0.0496000,  9.6541000, 35.0800000, 34.7748000 , 34.4009000  , -37.4430000, -11.1450000,  9.3950000, 0.000000,       0,       0,       0
24.650, -0.3176000, -0.0508000,  9.6576000, 35.0876000, 34.7672000 , 34.4086000  , -37.1960000, -11.1200000,  8.9120000, 0.000000,       0,       0,       0
24.660, -0.3176000, -0.0484000,  9.6576000, 35.0800000, 34.7595000 , 34.4162000  , -37.1940000, -11.1460000,  9.3780000, 0.000000,       0,       0,       0
24.670, -0.3164000, -0.0437000,  9.6576000, 35.0800000, 34.7519000 , 34.4162000  , -37.5040000, -10.9250000,  9.6570000, 0.000000,       0,       0,       0
24.680, -0.3164000, -0.0365000,  9.6564000, 35.0800000, 34.7290000 , 34.4086000  , -37.5780000, -10.9930000,  9.1140000, 0.000000,       0,       0,       0
24.690, -0.3152000, -0.0305000,  9.6576000, 35.0876000, 34.7137000 , 34.4086000  , -37.6650000, -11.2890000,  9.4700000, 0.000000,       0,       0,       0
24.700, -0.3128000, -0.0245000,  9.6600000, 35.0876000, 34.7214000 , 34.4009000  , -37.1110000, -10.9690000,  9.0030000, 0.000000,       0,       0,       0
24.710, -0.3128000, -0.0233000,  9.6612000, 35.0800000, 34.7519000 , 34.4009000  , -37.6260000, -11.1200000,  9.8480000, 0.000000,       0,       0,       0
24.720, -0.3128000, -0.0269000,  9.6600000, 35.0800000, 34.7977000 , 34.3933000  , -37.1820000, -10.8900000, 10.2410000, 0.000000,       0,       0,       0
24.730, -0.3140000, -0.0341000,  9.6600000, 35.0723000, 34.8206000 , 34.3933000  , -37.2380000, -11.1760000,  9.8780000, 0.000000,       0,       0,       0
24.740, -0.3140000, -0.0413000,  9.6600000, 35.0647000, 34.8282000 , 34.3933000  , -37.3230000, -10.9010000,  9.7460000, 0.000000,       0,       0,       0
24.750, -0.3152000, -0.0473000,  9.6588000, 35.0647000, 34.8206000 , 34.3933000  , -37.0790000, -10.9740000, 10.0020000, 0.000000,       0,       0,       0
24.760, -0.3152000, -0.0508000,  9.6576000, 35.0571000, 34.8129000 , 34.3933000  , -37.0830000, -11.0270000,  9.5670000, 0.000000,       0,       0,       0
24.770, -0.3152000, -0.0496000,  9.6564000, 35.0571000, 34.8053000 , 34.4009000  , -37.2320000, -11.0690000,  9.6110000, 0.000000,       0,       0,       0
24.780, -0.3152000, -0.0449000,  9.6576000, 35.0571000, 34.8053000 , 34.4009000  , -37.2000000, -10.7940000,  9.8110000, 0.000000,       0,       0,       0
24.790, -0.3140000, -0.0389000,  9.6600000, 35.0571000, 34.8053000 , 34.4009000  , -37.0350000, -11.0370000,  9.2150000, 0.000000,       0,       0,       0
24.800, -0.3128000, -0.0329000,  9.6624000, 35.0494000, 34.8206000 , 34.4086000  , -37.3140000, -11.0230000,  9.6410000, 0.000000,       0,       0,       0
24.810, -0.3128000, -0.0305000,  9.6636000, 35.0494000, 34.8358000 , 34.4086000  , -37.2810000, -11.0180000,  9.5840000, 0.000000,       0,       0,       0
24.820, -0.3128000, -0.0317000,  9.6636000, 35.0494000, 34.8358000 , 34.4086000  , -37.3730000, -11.3480000,  9.3340000, 0.000000,       0,       0,       0
24.830, -0.3128000, -0.0353000,  9.6636000, 35.0494000, 34.8358000 , 34.4086000  , -37.2060000, -11.4250000,  9.3560000, 0.000000,       0,       0,       0
24.840, -0.3128000, -0.0401000,  9.6624000, 35.0494000, 34.8282000 , 34.4086000  , -37.1020000, -11.3710000,  9.4690000, 0.000000,       0,       0,       0
24.850, -0.3152000, -0.0425000,  9.6600000, 35.0418000, 34.8206000 , 34.4086000  , -37.2470000, -11.1350000,  8.3880000, 0.000000,       0,       0,       0
24.860, -0.3152000, -0.0437000,  9.6588000, 35.0418000, 34.8129000 , 34.4086000  , -37.3500000, -11.0440000,  8.9350000, 0.000000,       0,       0,       0
24.870, -0.3152000, -0.0413000,  9.6576000, 35.0494000, 34.8129000 , 34.4009000  , -37.1390000, -11.3150000,  9.3260000, 0.000000,       0,       0,       0
24.880, -0.3140000, -0.0389000,  9.6564000, 35.0571000, 34.8129000 , 34.4086000  , -37.3110000, -11.2070000,  8.3470000, 0.000000,       0,       0,       0
24.890, -0.3140000, -0.0365000,  9.6552000, 35.0571000, 34.8129000 , 34.4086000  , -37.2910000, -11.0570000,  9.0970000, 0.000000,       0,       0,       0
24.900, -0.3128000, -0.0365000,  9.6564000, 35.0571000, 34.8129000 , 34.4086000  , -37.4270000, -11.3520000,  9.5360000, 0.000000,       0,       0,       0
24.910, -0.3116000, -0.0377000,  9.6564000, 35.0571000, 34.8053000 , 34.4086000  , -37.4260000, -11.4300000,  9.0460000, 0.000000,       0,       0,       0
24.920, -0.3116000, -0.0389000,  9.6576000, 35.0647000, 34.7900000 , 34.4086000  , -36.9890000, -11.2430000,  9.4210000, 0.000000,       0,       0,       0
24.930, -0.3128000, -0.0401000,  9.6576000, 35.0723000, 34.7748000 , 34.4086000  , -36.9920000, -11.4610000,  9.7210000, 0.000000,       0,       0,       0
24.940, -0.3128000, -0.0413000,  9.6588000, 35.0723000, 34.7595000 , 34.4086000  , -37.3280000, -11.2800000,  8.8050000, 0.000000,       0,       0,       0
24.950, -0.3140000, -0.0413000,  9.6588000, 35.0800000, 34.7443000 , 34.4086000  , -37.3210000, -11.2450000,  8.7230000, 0.000000,       0,       0,       0
24.960, -0.3152000, -0.0413000,  9.6588000, 35.0800000, 34.7214000 , 34.4009000  , -37.2090000, -11.5710000,  8.8600000, 0.000000,       0,       0,       0
24.970, -0.3140000, -0.0413000,  9.6600000, 35.0800000, 34.7061000 , 34.3933000  , -37.3840000, -11.5880000,  9.1560000, 0.000000,       0,       0,       0
24.980, -0.3128000, -0.0401000,  9.6600000, 35.0800000, 34.6985000 , 34.3857000  , -37.1910000, -11.5880000,  9.1990000, 0.000000,       0,       0,       0
24.990, -0.3104000, -0.0389000,  9.6624000, 35.0800000, 34.6832000 , 34.3857000  , -37.4030000, -11.5800000,  9.3730000, 0.000000,       0,       0,       0
25.000, -0.3080000, -0.0377000,  9.6636000, 35.0800000, 34.6909000 , 34.3857000  , -37.0370000, -11.1470000,  9.3110000, 0.000000,       0,       0,       0
25.010, -0.3080000, -0.0365000,  9.6624000, 35.0800000, 34.7137000 , 34.3857000  , -37.0990000, -11.0870000,  9.3820000, 0.000000,       0,       0,       0
25.020, -0.3080000, -0.0377000,  9.6636000, 35.0723000, 34.7443000 , 34.3933000  , -37.0910000, -11.6390000,  9.2820000, 0.000000,       0,       0,       0
25.030, -0.3080000, -0.0377000,  9.6648000, 35.0723000, 34.7672000 , 34.3857000  , -37.1790000, -11.3190000,  8.5040000, 0.000000,       0,       0,       0
25.040, -0.3092000, -0.0377000,  9.6648000, 35.0647000, 34.7748000 , 34.3857000  , -37.1900000, -11.1350000,  8.7230000, 0.000000,       0,       0,       0
25.050, -0.3104000, -0.0377000,  9.6636000, 35.0647000, 34.7672000 , 34.3933000  , -37.1660000, -10.9590000,  9.2110000, 0.000000,       0,       0,       0
25.060, -0.3104000, -0.0377000,  9.6600000, 35.0647000, 34.7672000 , 34.4009000  , -36.9980000, -11.2230000,  8.9390000, 0.000000,       0,       0,       0
25.070, -0.3104000, -0.0365000,  9.6588000, 35.0723000, 34.7595000 , 34.4009000  , -37.0000000, -11.4110000,  8.6910000, 0.000000,       0,       0,       0
25.080, -0.3104000, -0.0353000,  9.6588000, 35.0723000, 34.7519000 , 34.4009000  , -37.2750000, -11.6880000,  8.6560000, 0.000000,       0,       0,       0
25.090, -0.3092000, -0.0353000,  9.6588000, 35.0723000, 34.7443000 , 34.3933000  , -37.5090000, -11.5270000,  9.0230000, 0.000000,       0,       0,       0
25.100, -0.3092000, -0.0377000,  9.6588000, 35.0647000, 34.7443000 , 34.4009000  , -37.1700000, -11.4030000,  9.0970000, 0.000000,       0,       0,       0
25.110, -0.3080000, -0.0413000,  9.6600000, 35.0647000, 34.7519000 , 34.4086000  , -37.1490000, -11.2080000,  8.9820000, 0.000000,       0,       0,       0
25.120, -0.3068000, -0.0413000,  9.6624000, 35.0647000, 34.7748000 , 34.4086000  , -37.3070000, -11.2030000,  9.2170000, 0.000000,       0,       0,       0
25.130, -0.3068000, -0.0401000,  9.6636000, 35.0723000, 34.7977000 , 34.4162000  , -37.5690000, -11.3010000,  9.0010000, 0.000000,       0,       0,       0
25.140, -0.3068000, -0.0377000,  9.6636000, 35.0800000, 34.8206000 , 34.4162000  , -37.3090000, -11.0680000,  8.7440000, 0.000000,       0,       0,       0
25.150, -0.3068000, -0.0341000,  9.6636000, 35.0800000, 34.8206000 , 34.4162000  , -37.4290000, -11.5270000,  8.9020000, 0.000000,       0,       0,       0
25.160, -0.3068000, -0.0317000,  9.6636000, 35.0800000, 34.8129000 , 34.4009000  , -37.2530000, -11.1550000,  9.0010000, 0.000000,       0,       0,       0
25.170, -0.3068000, -0.0329000,  9.6636000, 35.0876000, 34.8129000 , 34.3933000  , -37.2940000, -11.0960000,  8.7570000, 0.000000,       0,       0,       0
25.180, -0.3068000, -0.0341000,  9.6612000, 35.0952000, 34.8053000 , 34.3933000  , -37.3150000, -11.4760000,  8.4980000, 0.000000,       0,       0,       0
25.190, -0.3057000, -0.0389000,  9.6612000, 35.0876000, 34.8053000 , 34.3933000  , -37.2930000, -11.2030000,  9.2360000, 0.000000,       0,       0,       0
25.200, -0.3057000, -0.0425000,  9.6612000, 35.0723000, 34.8358000 , 34.3857000  , -37.3090000, -11.4780000,  8.9460000, 0.000000,       0,       0,       0
25.210, -0.3068000, -0.0449000,  9.6624000, 35.0494000, 34.8663000 , 34.3933000  , -37.0210000, -11.5760000,  8.3210000, 0.000000,       0,       0,       0
25.220, -0.3080000, -0.0437000,  9.6624000, 35.0266000, 34.8969000 , 34.4009000  , -37.2300000, -11.2540000,  8.3000000, 0.000000,       0,       0,       0
25.230, -0.3104000, -0.0401000,  9.6612000, 35.0189000, 34.9121000 , 34.4086000  , -37.0340000, -11.2160000,  9.2000000, 0.000000,       0,       0,       0
25.240, -0.3116000, -0.0365000,  9.6600000, 35.0189000, 34.9121000 , 34.4086000  , -36.9810000, -11.6020000,  8.9740000, 0.000000,       0,       0,       0
25.250, -0.3116000, -0.0329000,  9.6600000, 35.0342000, 34.8969000 , 34.4009000  , -37.1010000, -11.4490000,  8.8470000, 0.000000,       0,       0,       0
25.260, -0.3104000, -0.0329000,  9.6588000, 35.0418000, 34.8587000 , 34.4009000  , -37.1200000, -11.6390000,  9.0250000, 0.000000,       0,       0,       0
25.270, -0.3104000, -0.0353000,  9.6576000, 35.0571000, 34.8206000 , 34.4009000  , -37.1900000, -11.6030000,  8.7320000, 0.000000,       0,       0,       0
25.280, -0.3092000, -0.0377000,  9.6552000, 35.0647000, 34.7900000 , 34.3933000  , -37.3140000, -11.2950000,  9.5520000, 0.000000,       0,       0,       0
25.290, -0.3092000, -0.0401000,  9.6564000, 35.0647000, 34.7824000 , 34.3933000  , -37.4800000, -11.4410000,  8.4490000, 0.000000,       0,       0,       0
25.300, -0.3092000, -0.0413000,  9.6576000, 35.0571000, 34.7900000 , 34.3933000  , -37.0290000, -11.1890000,  8.9100000, 0.000000,       0,       0,       0
25.310, -0.3104000, -0.0425000,  9.6588000, 35.0418000, 34.8129000 , 34.3933000  , -37.2260000, -11.1710000,  9.3810000, 0.000000,       0,       0,       0
25.320, -0.3104000, -0.0413000,  9.6588000, 35.0342000, 34.8358000 , 34.4009000  , -37.2180000, -11.4010000,  8.5220000, 0.000000,       0,       0,       0
25.330, -0.3092000, -0.0389000,  9.6600000, 35.0266000, 34.8511000 , 34.4086000  , -36.9000000, -11.3480000,  8.8460000, 0.000000,       0,       0,       0
25.340, -0.3080000, -0.0365000,  9.6612000, 35.0266000, 34.8587000 , 34.4086000  , -36.6670000, -11.5300000,  8.9490000, 0.000000,       0,       0,       0
25.350, -0.3068000, -0.0341000,  9.6624000, 35.0266000, 34.8663000 , 34.4086000  , -37.0820000, -11.5450000,  8.6030000, 0.000000,       0,       0,       0
25.360, -0.3057000, -0.0329000,  9.6624000, 35.0266000, 34.8740000 , 34.4086000  , -37.0730000, -11.5930000,  9.1190000, 0.000000,       0,       0,       0
25.370, -0.3045000, -0.0329000,  9.6612000, 35.0266000, 34.8816000 , 34.4086000  , -36.8820000, -11.3590000,  8.9570000, 0.000000,       0,       0,       0
25.380, -0.3057000, -0.0353000,  9.6612000, 35.0342000, 34.8892000 , 34.4086000  , -37.3100000, -11.2340000,  8.8060000, 0.000000,       0,       0,       0
25.390, -0.3057000, -0.0389000,  9.6612000, 35.0266000, 34.8969000 , 34.4086000  , -36.9920000, -11.4830000,  8.9760000, 0.000000,       0,       0,       0
25.400, -0.3068000, -0.0413000,  9.6612000, 35.0113000, 34.9045000 , 34.4086000  , -37.0140000, -10.9510000,  9.4060000, 0.000000,       0,       0,       0
25.410, -0.3068000, -0.0425000,  9.6600000, 35.0037000, 34.9197000 , 34.4086000  , -37.0940000, -11.2180000,  8.9990000, 0.000000,       0,       0,       0
25.420, -0.3080000, -0.0437000,  9.6588000, 34.9960000, 34.9350000 , 34.4086000  , -37.3280000, -11.2310000,  8.6340000, 0.000000,       0,       0,       0
25.430, -0.3080000, -0.0413000,  9.6588000, 34.9960000, 34.9350000 , 34.4086000  , -37.1980000, -11.2150000,  8.5270000, 0.000000,       0,       0,       0
25.440, -0.3080000, -0.0401000,  9.6576000, 35.0037000, 34.9350000 , 34.4086000  , -36.9530000, -11.2860000,  8.2320000, 0.000000,       0,       0,       0
25.450, -0.3080000, -0.0377000,  9.6564000, 35.0113000, 34.9197000 , 34.4162000  , -37.3390000, -11.4210000,  8.8320000, 0.000000,       0,       0,       0
25.460, -0.3080000, -0.0365000,  9.6564000, 35.0189000, 34.8969000 , 34.4162000  , -37.1730000, -11.0750000,  8.6580000, 0.000000,       0,       0,       0
25.470, -0.3080000, -0.0353000,  9.6564000, 35.0266000, 34.8740000 , 34.4086000  , -37.4050000, -11.2360000,  8.8270000, 0.000000,       0,       0,       0
25.480, -0.3080000, -0.0377000,  9.6576000, 35.0418000, 34.8434000 , 34.4009000  , -37.0710000, -11.2890000,  9.4040000, 0.000000,       0,       0,       0
25.490, -0.3068000, -0.0401000,  9.6588000, 35.0494000, 34.8206000 , 34.4009000  , -37.4830000, -11.7020000,  9.4060000, 0.000000,       0,       0,       0
25.500, -0.3057000, -0.0413000,  9.6600000, 35.0494000, 34.8129000 , 34.3933000  , -37.4100000, -11.1910000,  9.0140000, 0.000000,       0,       0,       0
25.510, -0.3045000, -0.0425000,  9.6612000, 35.0418000, 34.8206000 , 34.4009000  , -37.0740000, -11.3640000,  8.9130000, 0.000000,       0,       0,       0
25.520, -0.3033000, -0.0425000,  9.6612000, 35.0418000, 34.8511000 , 34.4086000  , -37.1400000, -11.0640000,  9.1340000, 0.000000,       0,       0,       0
25.530, -0.3045000, -0.0413000,  9.6612000, 35.0342000, 34.8969000 , 34.4086000  , -37.5170000, -11.2700000,  8.8310000, 0.000000,       0,       0,       0
25.540, -0.3057000, -0.0389000,  9.6612000, 35.0189000, 34.9350000 , 34.4162000  , -37.1220000, -11.2470000,  8.9720000, 0.000000,       0,       0,       0
25.550, -0.3080000, -0.0365000,  9.6600000, 35.0113000, 34.9655000 , 34.4162000  , -37.1180000, -11.1990000,  9.5390000, 0.000000,       0,       0,       0
25.560, -0.3092000, -0.0353000,  9.6600000, 35.0037000, 34.9808000 , 34.4086000  , -37.1420000, -11.1590000,  8.4910000, 0.000000,       0,       0,       0
25.570, -0.3092000, -0.0365000,  9.6600000, 35.0113000, 34.9655000 , 34.4086000  , -37.2890000, -11.2050000,  8.5230000, 0.000000,       0,       0,       0
25.580, -0.3104000, -0.0389000,  9.6600000, 35.0189000, 34.9426000 , 34.4009000  , -36.6960000, -11.4510000,  8.6960000, 0.000000,       0,       0,       0
25.590, -0.3104000, -0.0401000,  9.6588000, 35.0266000, 34.9121000 , 34.4009000  , -36.8830000, -11.1430000,  9.0730000, 0.000000,       0,       0,       0
25.600, -0.3092000, -0.0413000,  9.6588000, 35.0418000, 34.8587000 , 34.4086000  , -37.0000000, -11.5120000,  8.8680000, 0.000000,       0,       0,       0
25.610, -0.3080000, -0.0389000,  9.6600000, 35.0418000, 34.8358000 , 34.4086000  , -36.8400000, -11.2000000,  8.8050000, 0.000000,       0,       0,       0
25.620, -0.3080000, -0.0377000,  9.6612000, 35.0342000, 34.8282000 , 34.4009000  , -37.0090000, -11.3410000,  8.7160000, 0.000000,       0,       0,       0
25.630, -0.3080000, -0.0365000,  9.6600000, 35.0342000, 34.8282000 , 34.4086000  , -36.8280000, -10.9370000,  8.5660000, 0.000000,       0,       0,       0
25.640, -0.3092000, -0.0365000,  9.6600000, 35.0342000, 34.8358000 , 34.4009000  , -37.0210000, -11.5120000,  8.2350000, 0.000000,       0,       0,       0
25.650, -0.3104000, -0.0353000,  9.6600000, 35.0494000, 34.8358000 , 34.3933000  , -37.0210000, -11.4130000,  8.4020000, 0.000000,       0,       0,       0
25.660, -0.3116000, -0.0341000,  9.6612000, 35.0494000, 34.8358000 , 34.3933000  , -36.9300000, -11.5420000,  8.8030000, 0.000000,       0,       0,       0
25.670, -0.3104000, -0.0353000,  9.6612000, 35.0571000, 34.8358000 , 34.3933000  , -37.1850000, -11.2600000,  8.9140000, 0.000000,       0,       0,       0
25.680, -0.3104000, -0.0365000,  9.6600000, 35.0571000, 34.8282000 , 34.3933000  , -37.0290000, -11.4420000,  8.5820000, 0.000000,       0,       0,       0
25.690, -0.3092000, -0.0389000,  9.6600000, 35.0571000, 34.8282000 , 34.4009000  , -36.9850000, -11.3310000,  9.0310000, 0.000000,       0,       0,       0
25.700, -0.3092000, -0.0401000,  9.6588000, 35.0647000, 34.8206000 , 34.3933000  , -36.7800000, -11.4480000,  8.7650000, 0.000000,       0,       0,       0
25.710, -0.3080000, -0.0401000,  9.6588000, 35.0647000, 34.8206000 , 34.3933000  , -36.9400000, -11.3660000,  8.5930000, 0.000000,       0,       0,       0
25.720, -0.3068000, -0.0377000,  9.6588000, 35.0647000, 34.8053000 , 34.3933000  , -36.8010000, -11.3490000,  8.7790000, 0.000000,       0,       0,       0
25.730, -0.3068000, -0.0365000,  9.6600000, 35.0647000, 34.7977000 , 34.4009000  , -37.1740000, -11.4420000,  8.7400000, 0.000000,       0,       0,       0
25.740, -0.3080000, -0.0353000,  9.6600000, 35.0647000, 34.7900000 , 34.4009000  , -37.3210000, -11.4180000,  9.0770000, 0.000000,       0,       0,       0
25.750, -0.3080000, -0.0353000,  9.6588000, 35.0647000, 34.7977000 , 34.4086000  , -37.1190000, -11.1500000,  8.9160000, 0.000000,       0,       0,       0
25.760, -0.3092000, -0.0341000,  9.6588000, 35.0571000, 34.8053000 , 34.4009000  , -37.0160000, -10.9390000,  9.1000000, 0.000000,       0,       0,       0
25.770, -0.3092000, -0.0353000,  9.6600000, 35.0571000, 34.8129000 , 34.4009000  , -37.1600000, -11.2340000,  9.2720000, 0.000000,       0,       0,       0
25.780, -0.3080000, -0.0365000,  9.6612000, 35.0494000, 34.8282000 , 34.4009000  , -37.0360000, -11.2900000,  9.8520000, 0.000000,       0,       0,       0
25.790, -0.3092000, -0.0389000,  9.6612000, 35.0418000, 34.8282000 , 34.4009000  , -37.0950000, -11.1840000,  9.4170000, 0.000000,       0,       0,       0
25.800, -0.3092000, -0.0413000,  9.6600000, 35.0418000, 34.8206000 , 34.4009000  , -37.2170000, -11.3060000,  8.9040000, 0.000000,       0,       0,       0
25.810, -0.3092000, -0.0413000,  9.6624000, 35.0418000, 34.8129000 , 34.4009000  , -36.8240000, -11.1640000,  9.2370000, 0.000000,       0,       0,       0
25.820, -0.3092000, -0.0413000,  9.6624000, 35.0494000, 34.8129000 , 34.3933000  , -37.1470000, -11.1570000,  9.0230000, 0.000000,       0,       0,       0
25.830, -0.3080000, -0.0377000,  9.6612000, 35.0494000, 34.8053000 , 34.3857000  , -37.0600000, -10.9840000,  9.8600000, 0.000000,       0,       0,       0
25.840, -0.3080000, -0.0353000,  9.6588000, 35.0494000, 34.8053000 , 34.3857000  , -37.0370000, -11.2330000,  9.1580000, 0.000000,       0,       0,       0
25.850, -0.3068000, -0.0353000,  9.6576000, 35.0494000, 34.8053000 , 34.3857000  , -36.8760000, -11.2870000,  8.9270000, 0.000000,       0,       0,       0
25.860, -0.3057000, -0.0365000,  9.6588000, 35.0494000, 34.8129000 , 34.3933000  , -36.9990000, -11.1810000,  9.5020000, 0.000000,       0,       0,       0
25.870, -0.3057000, -0.0389000,  9.6576000, 35.0418000, 34.8206000 , 34.4009000  , -36.6950000, -11.1420000,  9.0140000, 0.000000,       0,       0,       0
25.880, -0.3057000, -0.0413000,  9.6564000, 35.0418000, 34.8206000 , 34.4086000  , -37.0710000, -11.3250000,  9.0310000, 0.000000,       0,       0,       0
25.890, -0.3057000, -0.0413000,  9.6564000, 35.0342000, 34.8206000 , 34.4086000  , -36.9440000, -11.2110000,  8.7770000, 0.000000,       0,       0,       0
25.900, -0.3057000, -0.0389000,  9.6564000, 35.0342000, 34.8282000 , 34.4009000  , -37.1970000, -11.4310000,  9.3130000, 0.000000,       0,       0,       0
25.910, -0.3057000, -0.0377000,  9.6564000, 35.0342000, 34.8282000 , 34.4009000  , -36.6360000, -11.2400000,  9.4630000, 0.000000,       0,       0,       0
25.920, -0.3057000, -0.0353000,  9.6564000, 35.0342000, 34.8282000 , 34.3933000  , -36.7670000, -11.3650000,  8.3610000, 0.000000,       0,       0,       0
25.930, -0.3057000, -0.0353000,  9.6564000, 35.0342000, 34.8434000 , 34.4009000  , -36.6230000, -11.3780000,  9.3960000, 0.000000,       0,       0,       0
25.940, -0.3057000, -0.0353000,  9.6576000, 35.0342000, 34.8587000 , 34.4009000  , -36.7710000, -11.1680000,  8.6010000, 0.000000,       0,       0,       0
25.950, -0.3057000, -0.0353000,  9.6600000, 35.0266000, 34.8740000 , 34.4009000  , -36.6440000, -11.1620000,  8.7600000, 0.000000,       0,       0,       0
25.960, -0.3057000, -0.0353000,  9.6588000, 35.0266000, 34.8816000 , 34.4009000  , -36.7410000, -11.3180000,  8.4710000, 0.000000,       0,       0,       0
25.970, -0.3057000, -0.0365000,  9.6588000, 35.0342000, 34.8740000 , 34.3933000  , -36.6550000, -11.2310000,  9.3740000, 0.000000,       0,       0,       0
25.980, -0.3057000, -0.0377000,  9.6600000, 35.0494000, 34.8587000 , 34.4009000  , -36.4320000, -11.1500000,  9.4170000, 0.000000,       0,       0,       0
25.990, -0.3057000, -0.0377000,  9.6600000, 35.0571000, 34.8587000 , 34.4086000  , -37.0490000, -11.4320000,  9.0740000, 0.000000,       0,       0,       0
26.000, -0.3057000, -0.0365000,  9.6588000, 35.0571000, 34.8587000 , 34.4086000  , -37.1110000, -11.3370000,  8.9090000, 0.000000,       0,       0,       0
26.010, -0.3045000, -0.0341000,  9.6600000, 35.0571000, 34.8511000 , 34.4009000  , -36.8670000, -11.4440000,  8.6980000, 0.000000,       0,       0,       0
26.020, -0.3045000, -0.0329000,  9.6600000, 35.0494000, 34.8358000 , 34.4009000  , -36.8260000, -11.1870000,  9.1900000, 0.000000,       0,       0,       0
26.030, -0.3045000, -0.0329000,  9.6612000, 35.0494000, 34.8206000 , 34.3933000  , -36.7580000, -11.2410000,  9.0990000, 0.000000,       0,       0,       0
26.040, -0.3057000, -0.0329000,  9.6612000, 35.0494000, 34.8129000 , 34.3857000  , -37.0900000, -11.2230000,  9.2480000, 0.000000,       0,       0,       0
26.050, -0.3045000, -0.0341000,  9.6612000, 35.0494000, 34.8129000 , 34.3781000  , -36.7640000, -11.3620000,  9.3400000, 0.000000,       0,       0,       0
26.060, -0.3045000, -0.0365000,  9.6612000, 35.0418000, 34.8129000 , 34.3857000  , -36.6510000, -11.4000000,  9.2660000, 0.000000,       0,       0,       0
26.070, -0.3045000, -0.0377000,  9.6600000, 35.0418000, 34.8282000 , 34.3857000  , -36.8690000, -11.2440000,  9.2350000, 0.000000,       0,       0,       0
26.080, -0.3045000, -0.0401000,  9.6588000, 35.0342000, 34.8434000 , 34.3933000  , -36.7870000, -11.1680000,  9.4850000, 0.000000,       0,       0,       0
26.090, -0.3057000, -0.0389000,  9.6576000, 35.0266000, 34.8587000 , 34.3933000  , -36.6280000, -11.4120000,  9.4390000, 0.000000,       0,       0,       0
26.100, -0.3068000, -0.0377000,  9.6576000, 35.0189000, 34.8663000 , 34.3933000  , -36.8570000, -11.4340000,  8.9320000, 0.000000,       0,       0,       0
26.110, -0.3068000, -0.0365000,  9.6576000, 35.0266000, 34.8740000 , 34.3933000  , -36.9340000, -11.3960000,  9.4240000, 0.000000,       0,       0,       0
26.120, -0.3068000, -0.0353000,  9.6576000, 35.0266000, 34.8740000 , 34.3933000  , -36.4280000, -11.4130000,  8.2850000, 0.000000,       0,       0,       0
26.130, -0.3057000, -0.0377000,  9.6576000, 35.0342000, 34.8663000 , 34.4009000  , -36.8790000, -11.2550000,  8.9910000, 0.000000,       0,       0,       0
26.140, -0.3033000, -0.0401000,  9.6576000, 35.0418000, 34.8587000 , 34.4009000  , -36.9410000, -11.2020000,  9.3170000, 0.000000,       0,       0,       0
