time  , accel_x   , accel_y   , accel_z  , gyro_x    , gyro_y     , gyro_z    , mag_x      , mag_y      , mag_z    , baro         , gps_lat, gps_lon, gps_alt
 0.790, -0.0126000, -0.0407000, 9.6672000, 28.9001000,  33.8669000, 37.0712000, -37.7380000, -13.2340000, 8.1040000, 101215.300000,       0,       0,       0
 0.800, -0.0006000, 0.0227000 , 9.6696000, 29.2587000,  33.4625000, 36.4304000, -37.5260000, -13.2010000, 7.4990000, 101215.300000,       0,       0,       0
 0.810, -0.0006000, 0.0514000 , 9.6696000, 29.4266000,  33.2413000, 35.9879000, -38.0130000, -12.9220000, 7.6390000, 101219.050000,       0,       0,       0
 0.820, -0.0066000, 0.0610000 , 9.6684000, 29.5181000,  33.0048000, 35.5988000, -37.6560000, -13.1600000, 7.6510000, 101219.050000,       0,       0,       0
 0.830, -0.0221000, 0.0419000 , 9.6684000, 29.5639000,  32.7072000, 35.3699000, -38.0270000, -12.6990000, 7.4360000, 101218.850000,       0,       0,       0
 0.840, -0.0437000, -0.0156000, 9.6696000, 29.6097000,  32.2952000, 35.3394000, -37.7090000, -12.9040000, 7.8290000, 101218.850000,       0,       0,       0
 0.850, -0.0520000, -0.1053000, 9.6708000, 29.8233000,  31.7841000, 35.3470000, -37.9540000, -13.0210000, 8.7320000, 101219.160000,       0,       0,       0
 0.860, -0.0305000, -0.1914000, 9.6696000, 30.4565000,  31.2347000, 35.0189000, -37.7950000, -12.9550000, 8.1700000, 101219.160000,       0,       0,       0
 0.870, 0.0197000 , -0.2273000, 9.6696000, 31.5399000,  30.7693000, 33.9203000, -38.1760000, -13.1150000, 8.0470000, 101220.460000,       0,       0,       0
 0.880, 0.0748000 , -0.1914000, 9.6732000, 32.7530000,  30.5939000, 32.0511000, -37.7930000, -12.9810000, 8.2740000, 101220.460000,       0,       0,       0
 0.890, 0.1083000 , -0.0969000, 9.6804000, 33.6380000,  30.8685000, 30.0217000, -38.3540000, -12.8480000, 8.1870000, 101218.530000,       0,       0,       0
 0.900, 0.0987000 , 0.0096000 , 9.6899000, 33.9127000,  31.4713000, 28.7247000, -37.6440000, -12.9540000, 7.5080000, 101218.530000,       0,       0,       0
 0.910, 0.0628000 , 0.0897000 , 9.6971000, 33.4549000,  32.2113000, 28.6789000, -38.2790000, -12.9030000, 7.7180000, 101220.930000,       0,       0,       0
 0.920, 0.0185000 , 0.1352000 , 9.6959000, 32.4631000,  32.8979000, 29.7165000, -38.0780000, -12.9020000, 8.1070000, 101220.930000,       0,       0,       0
 0.930, -0.0221000, 0.1495000 , 9.6864000, 31.2881000,  33.2413000, 31.2729000, -37.9620000, -12.5340000, 7.8590000, 101219.260000,       0,       0,       0
 0.940, -0.0520000, 0.1400000 , 9.6732000, 30.2505000,  33.1116000, 32.9056000, -37.8670000, -12.7530000, 7.7550000, 101219.260000,       0,       0,       0
 0.950, -0.0688000, 0.1029000 , 9.6636000, 29.4876000,  32.6080000, 34.4009000, -38.1540000, -12.9210000, 7.0380000, 101221.020000,       0,       0,       0
 0.960, -0.0664000, 0.0479000 , 9.6624000, 29.1290000,  31.8832000, 35.6140000, -37.7500000, -12.5290000, 7.2960000, 101221.020000,       0,       0,       0
 0.970, -0.0389000, -0.0072000, 9.6672000, 29.1672000,  31.1356000, 36.3235000, -37.8310000, -12.1780000, 7.6880000, 101222.250000,       0,       0,       0
 0.980, 0.0054000 , -0.0514000, 9.6744000, 29.4647000,  30.6015000, 36.3998000, -37.8400000, -12.5040000, 8.1670000, 101222.250000,       0,       0,       0
 0.990, 0.0484000 , -0.0742000, 9.6792000, 29.7928000,  30.3802000, 35.9650000, -38.2400000, -12.7340000, 7.5760000, 101218.380000,       0,       0,       0
 1.000, 0.0807000 , -0.0718000, 9.6828000, 29.9835000,  30.5405000, 35.3317000, -38.1400000, -12.8410000, 7.4800000, 101218.380000,       0,       0,       0
 1.010, 0.0939000 , -0.0455000, 9.6875000, 29.9454000,  31.0822000, 34.8740000, -37.9550000, -12.7560000, 7.4900000, 101220.840000,       0,       0,       0
 1.020, 0.0843000 , -0.0120000, 9.6911000, 29.5410000,  31.9519000, 34.7061000, -38.2220000, -12.6510000, 7.0980000, 101220.840000,       0,       0,       0
 1.030, 0.0712000 , 0.0024000 , 9.6887000, 28.8849000,  32.6614000, 34.8358000, -38.1550000, -12.8500000, 7.8960000, 101219.340000,       0,       0,       0
 1.040, 0.0473000 , -0.0072000, 9.6828000, 28.4042000,  32.9437000, 35.2020000, -38.1500000, -12.7590000, 7.7390000, 101219.340000,       0,       0,       0
 1.050, 0.0305000 , -0.0311000, 9.6756000, 28.2822000,  32.9590000, 35.5682000, -38.3610000, -12.7120000, 7.6600000, 101222.610000,       0,       0,       0
 1.060, 0.0245000 , -0.0598000, 9.6732000, 28.4119000,  32.6538000, 35.6827000, -38.0110000, -12.6540000, 7.3130000, 101222.610000,       0,       0,       0
 1.070, 0.0365000 , -0.0861000, 9.6744000, 28.5797000,  32.3257000, 35.6140000, -38.2240000, -12.6750000, 7.1860000, 101219.140000,       0,       0,       0
 1.080, 0.0592000 , -0.1077000, 9.6792000, 28.6636000,  32.3029000, 35.5606000, -38.1210000, -12.6860000, 7.7800000, 101219.140000,       0,       0,       0
 1.090, 0.0819000 , -0.1184000, 9.6875000, 28.6102000,  32.6767000, 35.6903000, -37.9460000, -12.6100000, 7.9430000, 101220.620000,       0,       0,       0
 1.100, 0.0915000 , -0.1160000, 9.6935000, 28.3432000,  33.3252000, 36.0413000, -38.3300000, -12.6020000, 7.7600000, 101220.620000,       0,       0,       0
 1.110, 0.0843000 , -0.1077000, 9.6935000, 27.9541000,  33.9890000, 36.5524000, -38.4110000, -12.6050000, 8.0060000, 101220.440000,       0,       0,       0
 1.120, 0.0628000 , -0.0957000, 9.6875000, 27.5879000,  34.4543000, 37.0789000, -37.9300000, -12.7530000, 7.5330000, 101220.440000,       0,       0,       0
 1.130, 0.0353000 , -0.0802000, 9.6804000, 27.3285000,  34.5840000, 37.4908000, -37.8150000, -13.1750000, 8.1450000, 101218.660000,       0,       0,       0
 1.140, 0.0078000 , -0.0646000, 9.6720000, 27.2446000,  34.3552000, 37.6816000, -37.9640000, -12.7940000, 7.8560000, 101218.660000,       0,       0,       0
 1.150, -0.0102000, -0.0502000, 9.6660000, 27.3666000,  33.8821000, 37.6587000, -38.1990000, -12.7650000, 7.9370000, 101220.990000,       0,       0,       0
 1.160, -0.0054000, -0.0156000, 9.6588000, 27.9465000,  33.0200000, 37.2391000, -38.2990000, -13.0380000, 7.5090000, 101220.990000,       0,       0,       0
 1.170, 0.0102000 , 0.0096000 , 9.6636000, 28.3737000,  32.5928000, 36.8500000, -38.3190000, -13.0640000, 7.5740000, 101218.730000,       0,       0,       0
 1.180, 0.0317000 , 0.0239000 , 9.6732000, 28.6102000,  32.4402000, 36.5601000, -37.9290000, -12.9020000, 7.8750000, 101218.730000,       0,       0,       0
 1.190, 0.0473000 , 0.0227000 , 9.6792000, 28.6331000,  32.5241000, 36.3770000, -38.3500000, -12.9600000, 7.9920000, 101219.090000,       0,       0,       0
 1.200, 0.0520000 , 0.0060000 , 9.6816000, 28.5568000,  32.7835000, 36.2473000, -37.7450000, -12.6390000, 8.0190000, 101219.090000,       0,       0,       0
 1.210, 0.0449000 , -0.0215000, 9.6804000, 28.5492000,  33.0048000, 36.0489000, -37.9460000, -13.0050000, 7.9850000, 101219.260000,       0,       0,       0
 1.220, 0.0341000 , -0.0514000, 9.6720000, 28.7247000,  33.0505000, 35.6674000, -38.0680000, -12.8770000, 8.1400000, 101219.260000,       0,       0,       0
 1.230, 0.0269000 , -0.0754000, 9.6660000, 29.1061000,  32.9666000, 35.1257000, -38.1040000, -12.8190000, 8.1860000, 101219.430000,       0,       0,       0
 1.240, 0.0269000 , -0.0921000, 9.6636000, 29.5944000,  32.8140000, 34.5840000, -38.2060000, -13.0880000, 7.9090000, 101219.430000,       0,       0,       0
 1.250, 0.0317000 , -0.0981000, 9.6672000, 29.9988000,  32.7072000, 34.1949000, -38.2590000, -13.0120000, 8.2270000, 101219.340000,       0,       0,       0
 1.260, 0.0389000 , -0.0957000, 9.6732000, 30.2048000,  32.7530000, 34.0881000, -38.0240000, -13.1270000, 8.1240000, 101219.340000,       0,       0,       0
 1.270, 0.0484000 , -0.0921000, 9.6780000, 30.1971000,  32.9819000, 34.2712000, -38.0790000, -13.2760000, 8.2510000, 101220.840000,       0,       0,       0
 1.280, 0.0496000 , -0.0897000, 9.6816000, 30.0217000,  33.3481000, 34.6527000, -38.0960000, -13.1060000, 8.3630000, 101220.840000,       0,       0,       0
 1.290, 0.0437000 , -0.0825000, 9.6828000, 29.7546000,  33.7143000, 35.0494000, -38.2270000, -12.8070000, 8.3140000, 101219.260000,       0,       0,       0
 1.300, 0.0317000 , -0.0670000, 9.6816000, 29.4495000,  34.0118000, 35.3851000, -38.0060000, -12.8430000, 7.9790000, 101219.260000,       0,       0,       0
 1.310, 0.0173000 , -0.0526000, 9.6792000, 29.1672000,  34.1110000, 35.6216000, -38.1350000, -12.8570000, 8.2690000, 101220.900000,       0,       0,       0
 1.320, 0.0030000 , -0.0467000, 9.6756000, 28.9536000,  33.9813000, 35.8124000, -38.1460000, -13.1640000, 7.6150000, 101220.900000,       0,       0,       0
 1.330, -0.0078000, -0.0514000, 9.6732000, 28.8162000,  33.6990000, 35.9650000, -37.8130000, -13.0450000, 8.1410000, 101218.840000,       0,       0,       0
 1.340, -0.0114000, -0.0634000, 9.6720000, 28.7857000,  33.3023000, 36.0870000, -37.6250000, -12.8480000, 7.5450000, 101218.840000,       0,       0,       0
 1.350, -0.0090000, -0.0802000, 9.6720000, 28.8391000,  32.8674000, 36.2320000, -37.8160000, -13.1340000, 7.9950000, 101218.460000,       0,       0,       0
 1.360, -0.0054000, -0.0981000, 9.6732000, 28.9383000,  32.4631000, 36.4304000, -37.7220000, -13.0100000, 7.4700000, 101218.460000,       0,       0,       0
 1.370, 0.0030000 , -0.1148000, 9.6732000, 29.0756000,  32.1426000, 36.5906000, -37.8840000, -12.9870000, 7.3640000, 101222.550000,       0,       0,       0
 1.380, 0.0126000 , -0.1292000, 9.6720000, 29.3350000,  31.9290000, 36.5677000, -37.8110000, -12.8480000, 7.9460000, 101222.550000,       0,       0,       0
 1.390, 0.0269000 , -0.1316000, 9.6732000, 29.7241000,  31.8222000, 36.2701000, -38.0420000, -12.7650000, 8.0560000, 101222.250000,       0,       0,       0
 1.400, 0.0401000 , -0.1136000, 9.6756000, 30.0446000,  31.8069000, 35.7590000, -37.9450000, -12.8750000, 7.5990000, 101222.250000,       0,       0,       0
 1.410, 0.0473000 , -0.0849000, 9.6780000, 30.1437000,  31.9519000, 35.2402000, -37.8680000, -12.8550000, 8.2980000, 101219.210000,       0,       0,       0
 1.420, 0.0484000 , -0.0586000, 9.6816000, 30.0217000,  32.2189000, 34.9884000, -37.7430000, -12.7160000, 8.2070000, 101219.210000,       0,       0,       0
 1.430, 0.0449000 , -0.0431000, 9.6840000, 29.7623000,  32.5623000, 35.1181000, -37.8930000, -12.9530000, 8.5610000, 101219.410000,       0,       0,       0
 1.440, 0.0425000 , -0.0431000, 9.6828000, 29.4647000,  32.9742000, 35.4919000, -37.8900000, -12.5970000, 7.9440000, 101219.410000,       0,       0,       0
 1.450, 0.0353000 , -0.0538000, 9.6792000, 29.2358000,  33.3099000, 35.8505000, -37.9060000, -12.8580000, 8.3960000, 101220.800000,       0,       0,       0
 1.460, 0.0293000 , -0.0658000, 9.6744000, 29.1595000,  33.4625000, 35.9573000, -37.7860000, -12.8520000, 8.4020000, 101220.800000,       0,       0,       0
 1.470, 0.0173000 , -0.0730000, 9.6708000, 29.2206000,  33.4320000, 35.8429000, -38.1470000, -12.8220000, 7.9900000, 101220.400000,       0,       0,       0
 1.480, 0.0054000 , -0.0778000, 9.6684000, 29.3655000,  33.2336000, 35.6369000, -38.0230000, -12.7240000, 8.1890000, 101220.400000,       0,       0,       0
 1.490, 0.0054000 , -0.0802000, 9.6684000, 29.5715000,  32.9742000, 35.4614000, -37.8770000, -12.6990000, 7.9570000, 101220.900000,       0,       0,       0
 1.500, 0.0126000 , -0.0778000, 9.6720000, 29.7546000,  32.7606000, 35.3241000, -37.7790000, -13.1680000, 7.9950000, 101220.900000,       0,       0,       0
 1.510, 0.0281000 , -0.0754000, 9.6756000, 29.8309000,  32.7148000, 35.2402000, -37.7970000, -13.0930000, 8.1750000, 101220.310000,       0,       0,       0
 1.520, 0.0353000 , -0.0802000, 9.6804000, 29.7699000,  32.8369000, 35.2631000, -37.7750000, -12.9120000, 8.2780000, 101220.310000,       0,       0,       0
 1.530, 0.0353000 , -0.0969000, 9.6828000, 29.6326000,  33.0353000, 35.3851000, -37.5400000, -13.1510000, 8.2330000, 101217.380000,       0,       0,       0
 1.540, 0.0281000 , -0.1172000, 9.6828000, 29.5334000,  33.1879000, 35.5148000, -37.5570000, -13.0170000, 8.3100000, 101217.380000,       0,       0,       0
 1.550, 0.0150000 , -0.1280000, 9.6792000, 29.5639000,  33.2184000, 35.5530000, -37.9820000, -13.1420000, 8.2850000, 101218.210000,       0,       0,       0
 1.560, 0.0042000 , -0.1244000, 9.6744000, 29.7241000,  33.0811000, 35.4309000, -37.8350000, -12.9800000, 7.8890000, 101218.210000,       0,       0,       0
 1.570, 0.0030000 , -0.1017000, 9.6696000, 29.9683000,  32.8064000, 35.1410000, -38.1320000, -12.8760000, 7.8490000, 101220.590000,       0,       0,       0
 1.580, 0.0090000 , -0.0694000, 9.6684000, 30.2200000,  32.5241000, 34.8053000, -38.0440000, -13.0380000, 7.5430000, 101220.590000,       0,       0,       0
 1.590, 0.0150000 , -0.0419000, 9.6708000, 30.3650000,  32.3257000, 34.6222000, -37.8880000, -12.8690000, 7.6270000, 101219.280000,       0,       0,       0
 1.600, 0.0185000 , -0.0287000, 9.6756000, 30.3421000,  32.2952000, 34.6909000, -37.8660000, -12.7950000, 7.3330000, 101219.280000,       0,       0,       0
 1.610, 0.0221000 , -0.0323000, 9.6804000, 30.1743000,  32.3944000, 34.9350000, -37.8960000, -12.7530000, 7.8940000, 101224.060000,       0,       0,       0
 1.620, 0.0221000 , -0.0502000, 9.6828000, 29.9530000,  32.5089000, 35.2325000, -37.8340000, -12.9010000, 7.8990000, 101224.060000,       0,       0,       0
 1.630, 0.0173000 , -0.0754000, 9.6816000, 29.7470000,  32.5623000, 35.4691000, -37.9740000, -13.0340000, 7.7140000, 101220.840000,       0,       0,       0
 1.640, 0.0138000 , -0.0993000, 9.6780000, 29.6249000,  32.4936000, 35.5682000, -37.8320000, -13.3430000, 7.9160000, 101220.840000,       0,       0,       0
 1.650, 0.0161000 , -0.1089000, 9.6732000, 29.6631000,  32.3792000, 35.5301000, -37.9160000, -12.9760000, 8.3060000, 101220.870000,       0,       0,       0
 1.660, 0.0209000 , -0.1065000, 9.6720000, 29.8233000,  32.2876000, 35.4080000, -37.6040000, -12.8340000, 7.3510000, 101220.870000,       0,       0,       0
 1.670, 0.0305000 , -0.0957000, 9.6732000, 29.9911000,  32.2647000, 35.2859000, -37.7060000, -12.8720000, 7.7370000, 101222.480000,       0,       0,       0
 1.680, 0.0389000 , -0.0825000, 9.6768000, 30.0674000,  32.3486000, 35.1868000, -37.5720000, -13.1540000, 7.7510000, 101222.480000,       0,       0,       0
 1.690, 0.0413000 , -0.0694000, 9.6804000, 30.0064000,  32.5546000, 35.1486000, -37.8020000, -12.8830000, 8.3910000, 101219.090000,       0,       0,       0
 1.700, 0.0305000 , -0.0526000, 9.6792000, 29.7623000,  32.8140000, 35.2783000, -37.4240000, -12.9760000, 8.0970000, 101219.090000,       0,       0,       0
 1.710, 0.0197000 , -0.0514000, 9.6744000, 29.6173000,  32.8751000, 35.4538000, -38.0070000, -12.9880000, 7.3600000, 101218.700000,       0,       0,       0
 1.720, 0.0078000 , -0.0538000, 9.6708000, 29.5334000,  32.8064000, 35.6445000, -38.0790000, -13.3190000, 7.7140000, 101218.700000,       0,       0,       0
 1.730, 0.0054000 , -0.0586000, 9.6696000, 29.5486000,  32.6233000, 35.7666000, -37.7490000, -13.1370000, 7.4640000, 101217.380000,       0,       0,       0
 1.740, 0.0161000 , -0.0658000, 9.6696000, 29.6631000,  32.4249000, 35.7590000, -38.0040000, -13.0430000, 7.6390000, 101217.380000,       0,       0,       0
 1.750, 0.0305000 , -0.0730000, 9.6696000, 29.8233000,  32.2723000, 35.5835000, -37.8080000, -13.1400000, 7.6860000, 101221.230000,       0,       0,       0
 1.760, 0.0425000 , -0.0861000, 9.6744000, 29.9301000,  32.2723000, 35.3394000, -38.2280000, -13.1090000, 7.4100000, 101221.230000,       0,       0,       0
 1.770, 0.0520000 , -0.0993000, 9.6804000, 29.9301000,  32.4554000, 35.1868000, -37.8210000, -13.1160000, 7.9510000, 101219.130000,       0,       0,       0
 1.780, 0.0592000 , -0.1089000, 9.6840000, 29.8157000,  32.7835000, 35.1868000, -38.1740000, -12.9260000, 7.6060000, 101219.130000,       0,       0,       0
 1.790, 0.0568000 , -0.1184000, 9.6852000, 29.6631000,  33.1650000, 35.3012000, -38.4830000, -13.1350000, 7.3800000, 101219.310000,       0,       0,       0
 1.800, 0.0437000 , -0.1220000, 9.6816000, 29.5486000,  33.4473000, 35.4004000, -38.2250000, -13.0630000, 7.3030000, 101219.310000,       0,       0,       0
 1.810, 0.0233000 , -0.1208000, 9.6768000, 29.5334000,  33.5159000, 35.4004000, -37.9500000, -13.1740000, 7.6830000, 101219.390000,       0,       0,       0
 1.820, 0.0090000 , -0.1136000, 9.6720000, 29.6478000,  33.3481000, 35.3012000, -37.9220000, -12.7860000, 8.0050000, 101219.390000,       0,       0,       0
 1.830, 0.0066000 , -0.0957000, 9.6684000, 29.8309000,  33.0505000, 35.1791000, -37.7020000, -12.7820000, 7.7710000, 101221.000000,       0,       0,       0
 1.840, 0.0114000 , -0.0742000, 9.6684000, 29.9835000,  32.8369000, 35.1028000, -37.9750000, -12.7480000, 7.6710000, 101221.000000,       0,       0,       0
 1.850, 0.0245000 , -0.0586000, 9.6756000, 30.0369000,  32.8369000, 35.1334000, -38.1970000, -12.9120000, 7.6300000, 101217.590000,       0,       0,       0
 1.860, 0.0365000 , -0.0538000, 9.6792000, 30.0140000,  33.0048000, 35.2097000, -37.9580000, -13.0170000, 7.6480000, 101217.590000,       0,       0,       0
 1.870, 0.0353000 , -0.0586000, 9.6780000, 30.0140000,  33.2031000, 35.2402000, -37.8880000, -12.8460000, 8.0330000, 101219.540000,       0,       0,       0
 1.880, 0.0233000 , -0.0694000, 9.6732000, 30.0980000,  33.2642000, 35.2173000, -37.8310000, -12.7670000, 8.4390000, 101219.540000,       0,       0,       0
 1.890, 0.0018000 , -0.0802000, 9.6696000, 30.2582000,  33.0658000, 35.1334000, -38.0350000, -12.8220000, 8.5190000, 101222.550000,       0,       0,       0
 1.900, -0.0185000, -0.0802000, 9.6720000, 30.4337000,  32.6004000, 35.0647000, -38.1790000, -12.4650000, 7.6380000, 101222.550000,       0,       0,       0
 1.910, -0.0185000, -0.0670000, 9.6720000, 30.5023000,  32.0206000, 35.0342000, -38.0730000, -13.1260000, 7.9070000, 101222.620000,       0,       0,       0
 1.920, 0.0042000 , -0.0538000, 9.6708000, 30.4947000,  31.5704000, 35.0723000, -38.0610000, -12.8830000, 7.7880000, 101222.620000,       0,       0,       0
 1.930, 0.0341000 , -0.0550000, 9.6732000, 30.5328000,  31.5018000, 35.1791000, -38.2950000, -12.5150000, 7.8010000, 101220.320000,       0,       0,       0
 1.940, 0.0580000 , -0.0730000, 9.6780000, 30.5634000,  31.7688000, 35.2936000, -38.0490000, -12.9430000, 8.1500000, 101220.320000,       0,       0,       0
 1.950, 0.0676000 , -0.0981000, 9.6792000, 30.5710000,  32.1884000, 35.3165000, -38.0900000, -12.7910000, 8.4200000, 101219.350000,       0,       0,       0
 1.960, 0.0568000 , -0.1136000, 9.6780000, 30.5557000,  32.5928000, 35.2478000, -38.0720000, -12.8310000, 8.1690000, 101219.350000,       0,       0,       0
 1.970, 0.0401000 , -0.1065000, 9.6780000, 30.5023000,  32.8522000, 35.1639000, -37.9700000, -12.9500000, 8.3550000, 101220.840000,       0,       0,       0
 1.980, 0.0305000 , -0.0730000, 9.6780000, 30.3879000,  32.9437000, 35.0952000, -37.9450000, -12.7590000, 8.7030000, 101220.840000,       0,       0,       0
 1.990, 0.0305000 , -0.0275000, 9.6756000, 30.2277000,  32.8827000, 35.0189000, -38.0630000, -12.5410000, 8.0790000, 101222.340000,       0,       0,       0
 2.000, 0.0353000 , 0.0024000 , 9.6720000, 30.0522000,  32.7759000, 34.9274000, -38.2330000, -13.1210000, 8.3700000, 101222.340000,       0,       0,       0
 2.010, 0.0389000 , 0.0072000 , 9.6708000, 29.8996000,  32.7530000, 34.8740000, -37.9470000, -12.7620000, 8.7290000, 101221.920000,       0,       0,       0
 2.020, 0.0413000 , -0.0096000, 9.6732000, 29.8080000,  32.8140000, 34.8511000, -38.0820000, -12.5830000, 8.0710000, 101221.920000,       0,       0,       0
 2.030, 0.0401000 , -0.0395000, 9.6744000, 29.7241000,  32.8979000, 34.8816000, -38.2170000, -12.9610000, 8.1720000, 101218.440000,       0,       0,       0
 2.040, 0.0341000 , -0.0730000, 9.6756000, 29.6478000,  32.9895000, 34.9579000, -38.2320000, -12.4460000, 8.2720000, 101218.440000,       0,       0,       0
 2.050, 0.0245000 , -0.1005000, 9.6756000, 29.6326000,  33.0124000, 35.0800000, -38.3080000, -12.8950000, 7.8630000, 101220.990000,       0,       0,       0
 2.060, 0.0173000 , -0.1136000, 9.6744000, 29.7012000,  32.9132000, 35.1715000, -37.9040000, -12.5610000, 7.6840000, 101220.990000,       0,       0,       0
 2.070, 0.0114000 , -0.1089000, 9.6756000, 29.8080000,  32.7301000, 35.1715000, -38.2060000, -12.6050000, 7.4500000, 101218.440000,       0,       0,       0
 2.080, 0.0138000 , -0.0933000, 9.6780000, 29.8615000,  32.5317000, 35.1105000, -38.3280000, -12.6500000, 7.8850000, 101218.440000,       0,       0,       0
 2.090, 0.0209000 , -0.0766000, 9.6792000, 29.8157000,  32.3410000, 35.0418000, -37.7550000, -12.8070000, 7.0980000, 101219.230000,       0,       0,       0
 2.100, 0.0269000 , -0.0658000, 9.6780000, 29.7318000,  32.2266000, 35.0494000, -37.7580000, -12.9880000, 7.9070000, 101219.230000,       0,       0,       0
 2.110, 0.0317000 , -0.0658000, 9.6768000, 29.6860000,  32.1732000, 35.1562000, -37.5970000, -12.5690000, 7.5600000, 101220.550000,       0,       0,       0
 2.120, 0.0341000 , -0.0766000, 9.6744000, 29.6783000,  32.1503000, 35.3241000, -37.9550000, -12.9430000, 7.1430000, 101220.550000,       0,       0,       0
 2.130, 0.0365000 , -0.0897000, 9.6720000, 29.7089000,  32.1579000, 35.4614000, -37.8720000, -12.7880000, 7.5740000, 101219.090000,       0,       0,       0
 2.140, 0.0413000 , -0.0933000, 9.6708000, 29.8004000,  32.2189000, 35.4309000, -37.9960000, -12.7680000, 7.6820000, 101219.090000,       0,       0,       0
 2.150, 0.0496000 , -0.0802000, 9.6720000, 29.9072000,  32.3257000, 35.2097000, -38.3350000, -12.6200000, 7.2710000, 101219.130000,       0,       0,       0
 2.160, 0.0496000 , -0.0574000, 9.6732000, 29.9454000,  32.4326000, 34.9045000, -38.1220000, -12.7370000, 7.0060000, 101219.130000,       0,       0,       0
 2.170, 0.0389000 , -0.0347000, 9.6732000, 29.8996000,  32.4936000, 34.7061000, -38.4090000, -12.8450000, 7.6090000, 101219.090000,       0,       0,       0
 2.180, 0.0245000 , -0.0167000, 9.6720000, 29.7928000,  32.4326000, 34.6451000, -38.3960000, -12.7250000, 6.8220000, 101219.090000,       0,       0,       0
 2.190, 0.0161000 , -0.0012000, 9.6720000, 29.6707000,  32.2418000, 34.6756000, -37.9080000, -12.5940000, 6.8130000, 101217.100000,       0,       0,       0
 2.200, 0.0209000 , 0.0120000 , 9.6708000, 29.5486000,  31.9977000, 34.7061000, -38.1770000, -12.7360000, 7.1080000, 101217.100000,       0,       0,       0
 2.210, 0.0365000 , 0.0179000 , 9.6708000, 29.3808000,  31.8375000, 34.6680000, -37.9270000, -12.7490000, 7.2230000, 101219.390000,       0,       0,       0
 2.220, 0.0580000 , 0.0036000 , 9.6732000, 29.0375000,  31.9290000, 34.6451000, -38.0620000, -12.6700000, 7.2210000, 101219.390000,       0,       0,       0
 2.230, 0.0628000 , -0.0275000, 9.6780000, 28.7704000,  32.1884000, 34.7977000, -38.1080000, -12.6720000, 7.1310000, 101220.510000,       0,       0,       0
 2.240, 0.0592000 , -0.0658000, 9.6780000, 28.5416000,  32.4707000, 35.0266000, -37.9830000, -12.5330000, 7.4790000, 101220.510000,       0,       0,       0
 2.250, 0.0461000 , -0.0993000, 9.6756000, 28.4195000,  32.6691000, 35.2478000, -38.0370000, -12.8100000, 7.4060000, 101219.130000,       0,       0,       0
 2.260, 0.0281000 , -0.1113000, 9.6720000, 28.4576000,  32.6385000, 35.3622000, -38.2330000, -12.9840000, 6.7830000, 101219.130000,       0,       0,       0
 2.270, 0.0150000 , -0.1005000, 9.6720000, 28.6560000,  32.3486000, 35.3775000, -38.2920000, -12.5190000, 7.2990000, 101220.790000,       0,       0,       0
 2.280, 0.0221000 , -0.0742000, 9.6720000, 28.9536000,  31.9595000, 35.3012000, -38.6040000, -12.3590000, 7.0710000, 101220.790000,       0,       0,       0
 2.290, 0.0293000 , -0.0371000, 9.6732000, 29.1748000,  31.7307000, 35.0571000, -38.1080000, -12.5580000, 7.1660000, 101218.740000,       0,       0,       0
 2.300, 0.0520000 , -0.0132000, 9.6744000, 29.1138000,  31.7764000, 34.6832000, -38.3450000, -12.9180000, 7.4250000, 101218.740000,       0,       0,       0
 2.310, 0.0700000 , -0.0156000, 9.6768000, 28.9307000,  31.7993000, 34.4162000, -38.3540000, -12.7830000, 6.9110000, 101221.120000,       0,       0,       0
 2.320, 0.0796000 , -0.0371000, 9.6816000, 28.7247000,  32.0358000, 34.4467000, -38.2990000, -12.7780000, 7.2500000, 101221.120000,       0,       0,       0
 2.330, 0.0819000 , -0.0658000, 9.6852000, 28.4348000,  32.4554000, 34.6909000, -38.3720000, -12.5990000, 6.9560000, 101220.730000,       0,       0,       0
 2.340, 0.0760000 , -0.0957000, 9.6864000, 28.0380000,  32.8674000, 35.0342000, -38.1040000, -12.8180000, 7.3310000, 101220.730000,       0,       0,       0
 2.350, 0.0604000 , -0.1304000, 9.6840000, 27.6794000,  33.2336000, 35.4156000, -38.2650000, -12.8730000, 7.6860000, 101222.730000,       0,       0,       0
 2.360, 0.0484000 , -0.1627000, 9.6804000, 27.5192000,  33.4396000, 35.6903000, -38.3270000, -12.7550000, 6.8180000, 101222.730000,       0,       0,       0
 2.370, 0.0461000 , -0.1866000, 9.6768000, 27.6260000,  33.4015000, 35.7895000, -38.0350000, -12.6420000, 7.1350000, 101221.160000,       0,       0,       0
 2.380, 0.0544000 , -0.1962000, 9.6744000, 27.8854000,  33.3176000, 35.7208000, -38.2790000, -12.7140000, 6.6100000, 101221.160000,       0,       0,       0
 2.390, 0.0676000 , -0.1914000, 9.6768000, 28.1372000,  33.3710000, 35.5911000, -38.0740000, -12.9540000, 7.3820000, 101219.200000,       0,       0,       0
 2.400, 0.0784000 , -0.1830000, 9.6780000, 28.3051000,  33.5617000, 35.5148000, -38.2770000, -12.8060000, 7.5910000, 101219.200000,       0,       0,       0
 2.410, 0.0760000 , -0.1771000, 9.6792000, 28.4271000,  33.7982000, 35.6140000, -38.2020000, -12.7380000, 7.1580000, 101219.450000,       0,       0,       0
 2.420, 0.0616000 , -0.1687000, 9.6780000, 28.5187000,  33.9813000, 35.8887000, -38.0660000, -12.8240000, 7.0040000, 101219.450000,       0,       0,       0
 2.430, 0.0413000 , -0.1555000, 9.6744000, 28.6102000,  33.9737000, 36.1938000, -38.2180000, -12.9550000, 6.8060000, 101223.030000,       0,       0,       0
 2.440, 0.0245000 , -0.1376000, 9.6684000, 28.7552000,  33.7296000, 36.3922000, -38.1490000, -12.6840000, 6.8950000, 101223.030000,       0,       0,       0
 2.450, 0.0138000 , -0.1136000, 9.6648000, 28.9230000,  33.3557000, 36.4456000, -38.3180000, -13.0990000, 7.0370000, 101221.220000,       0,       0,       0
 2.460, 0.0150000 , -0.0861000, 9.6648000, 29.1061000,  32.9819000, 36.3770000, -38.3870000, -13.0470000, 6.7480000, 101221.220000,       0,       0,       0
 2.470, 0.0293000 , -0.0634000, 9.6660000, 29.3045000,  32.7454000, 36.2396000, -38.1940000, -12.8520000, 6.7110000, 101219.270000,       0,       0,       0
 2.480, 0.0473000 , -0.0526000, 9.6696000, 29.4418000,  32.7148000, 36.1099000, -38.3260000, -13.0350000, 6.5190000, 101219.270000,       0,       0,       0
 2.490, 0.0568000 , -0.0538000, 9.6744000, 29.5105000,  32.8979000, 36.0489000, -38.4530000, -12.9970000, 6.5150000, 101224.340000,       0,       0,       0
 2.500, 0.0580000 , -0.0622000, 9.6768000, 29.5258000,  33.2413000, 36.0641000, -38.2090000, -12.9170000, 6.8640000, 101224.340000,       0,       0,       0
 2.510, 0.0508000 , -0.0802000, 9.6756000, 29.5334000,  33.5693000, 36.1099000, -38.1240000, -12.8810000, 6.2360000, 101219.690000,       0,       0,       0
 2.520, 0.0353000 , -0.1029000, 9.6732000, 29.6249000,  33.7219000, 36.1176000, -38.2050000, -12.8560000, 7.1160000, 101219.690000,       0,       0,       0
 2.530, 0.0161000 , -0.1256000, 9.6696000, 29.8309000,  33.6609000, 35.9879000, -38.0610000, -12.6900000, 6.3950000, 101221.270000,       0,       0,       0
 2.540, 0.0054000 , -0.1328000, 9.6660000, 30.1132000,  33.4320000, 35.6750000, -38.1650000, -12.6140000, 6.5630000, 101221.270000,       0,       0,       0
 2.550, 0.0066000 , -0.1244000, 9.6600000, 30.5099000,  33.1726000, 35.2402000, -38.0980000, -13.1580000, 7.0080000, 101224.610000,       0,       0,       0
 2.560, 0.0102000 , -0.1125000, 9.6588000, 31.0287000,  32.9514000, 34.8282000, -37.8910000, -12.7910000, 7.1190000, 101224.610000,       0,       0,       0
 2.570, 0.0066000 , -0.0981000, 9.6624000, 31.5399000,  32.6996000, 34.5459000, -38.3200000, -12.9140000, 6.9770000, 101218.570000,       0,       0,       0
 2.580, 0.0042000 , -0.0790000, 9.6696000, 31.8451000,  32.4326000, 34.4315000, -38.0670000, -12.8760000, 7.0120000, 101218.570000,       0,       0,       0
 2.590, 0.0138000 , -0.0574000, 9.6756000, 31.8375000,  32.2113000, 34.4162000, -37.9240000, -12.9540000, 6.8440000, 101221.340000,       0,       0,       0
 2.600, 0.0305000 , -0.0395000, 9.6804000, 31.5781000,  32.0892000, 34.4620000, -38.1190000, -12.8340000, 6.4130000, 101221.340000,       0,       0,       0
 2.610, 0.0520000 , -0.0407000, 9.6852000, 31.1279000,  32.0969000, 34.5917000, -37.9790000, -12.9370000, 7.5940000, 101218.500000,       0,       0,       0
 2.620, 0.0724000 , -0.0682000, 9.6864000, 30.5710000,  32.2418000, 34.7595000, -38.1280000, -12.6710000, 6.5250000, 101218.500000,       0,       0,       0
 2.630, 0.0760000 , -0.1244000, 9.6852000, 30.0674000,  32.4707000, 34.9045000, -38.2000000, -12.8080000, 6.8330000, 101222.760000,       0,       0,       0
 2.640, 0.0616000 , -0.1950000, 9.6828000, 29.8157000,  32.6462000, 35.0342000, -38.0080000, -12.8600000, 6.7840000, 101222.760000,       0,       0,       0
 2.650, 0.0473000 , -0.2536000, 9.6780000, 29.9072000,  32.6996000, 35.1334000, -38.2100000, -12.6100000, 7.1260000, 101220.470000,       0,       0,       0
 2.660, 0.0425000 , -0.2740000, 9.6756000, 30.2277000,  32.7072000, 35.2020000, -37.9340000, -12.8350000, 6.9030000, 101220.470000,       0,       0,       0
 2.670, 0.0413000 , -0.2524000, 9.6780000, 30.5328000,  32.6920000, 35.2707000, -38.1180000, -12.6530000, 7.4940000, 101221.390000,       0,       0,       0
 2.680, 0.0401000 , -0.1986000, 9.6828000, 30.5862000,  32.7682000, 35.4156000, -38.1890000, -13.3490000, 6.8780000, 101221.390000,       0,       0,       0
 2.690, 0.0425000 , -0.1352000, 9.6852000, 30.3574000,  32.9895000, 35.7132000, -38.1680000, -12.5900000, 6.6550000, 101218.760000,       0,       0,       0
 2.700, 0.0473000 , -0.0766000, 9.6852000, 29.9835000,  33.2947000, 36.0947000, -37.7150000, -12.8800000, 7.3080000, 101218.760000,       0,       0,       0
 2.710, 0.0520000 , -0.0359000, 9.6840000, 29.5639000,  33.6075000, 36.4075000, -37.9720000, -12.8300000, 6.8960000, 101219.790000,       0,       0,       0
 2.720, 0.0520000 , -0.0191000, 9.6816000, 29.1519000,  33.8516000, 36.4914000, -38.3170000, -12.7030000, 7.5570000, 101219.790000,       0,       0,       0
 2.730, 0.0496000 , -0.0263000, 9.6804000, 28.8239000,  33.9813000, 36.3312000, -38.0900000, -12.8270000, 7.1280000, 101221.090000,       0,       0,       0
 2.740, 0.0449000 , -0.0443000, 9.6792000, 28.5797000,  34.0652000, 36.0336000, -37.9700000, -12.6990000, 7.2640000, 101221.090000,       0,       0,       0
 2.750, 0.0317000 , -0.0718000, 9.6756000, 28.4042000,  34.1415000, 35.6903000, -37.7180000, -12.6320000, 7.7390000, 101219.520000,       0,       0,       0
 2.760, 0.0173000 , -0.0873000, 9.6732000, 28.4348000,  34.1034000, 35.6674000, -37.8990000, -12.6640000, 7.2150000, 101219.520000,       0,       0,       0
 2.770, 0.0042000 , -0.0993000, 9.6708000, 28.5873000,  33.9508000, 35.7513000, -38.0860000, -12.8290000, 6.9970000, 101219.480000,       0,       0,       0
 2.780, -0.0030000, -0.1053000, 9.6684000, 28.8391000,  33.6761000, 35.8429000, -38.3310000, -12.7450000, 7.1550000, 101219.480000,       0,       0,       0
 2.790, -0.0018000, -0.1053000, 9.6660000, 29.1672000,  33.3710000, 35.8582000, -38.0820000, -12.4600000, 7.6040000, 101221.450000,       0,       0,       0
 2.800, 0.0042000 , -0.0993000, 9.6672000, 29.4571000,  33.0887000, 35.7819000, -37.8950000, -12.9390000, 7.9780000, 101221.450000,       0,       0,       0
 2.810, 0.0126000 , -0.0933000, 9.6708000, 29.6249000,  32.8751000, 35.6827000, -37.9260000, -12.6040000, 7.5840000, 101219.200000,       0,       0,       0
 2.820, 0.0197000 , -0.0897000, 9.6732000, 29.6707000,  32.8140000, 35.6140000, -38.1440000, -12.6430000, 6.9790000, 101219.200000,       0,       0,       0
 2.830, 0.0209000 , -0.0897000, 9.6744000, 29.6555000,  32.8522000, 35.5835000, -37.9350000, -12.7350000, 7.6520000, 101220.510000,       0,       0,       0
 2.840, 0.0138000 , -0.0861000, 9.6744000, 29.6249000,  32.8751000, 35.5759000, -38.1940000, -12.7650000, 7.4100000, 101220.510000,       0,       0,       0
 2.850, 0.0054000 , -0.0849000, 9.6720000, 29.5944000,  32.8140000, 35.5988000, -38.0430000, -12.8230000, 7.5380000, 101219.580000,       0,       0,       0
 2.860, -0.0006000, -0.0885000, 9.6684000, 29.6249000,  32.6157000, 35.6216000, -38.1320000, -12.7610000, 7.4650000, 101219.580000,       0,       0,       0
 2.870, 0.0042000 , -0.0969000, 9.6660000, 29.7699000,  32.3944000, 35.6140000, -38.1530000, -12.8960000, 7.1660000, 101222.570000,       0,       0,       0
 2.880, 0.0150000 , -0.1053000, 9.6660000, 29.9988000,  32.2723000, 35.5606000, -38.0110000, -12.6030000, 6.8580000, 101222.570000,       0,       0,       0
 2.890, 0.0257000 , -0.1148000, 9.6696000, 30.1819000,  32.2571000, 35.4919000, -38.0560000, -12.7850000, 7.6540000, 101220.870000,       0,       0,       0
 2.900, 0.0377000 , -0.1244000, 9.6732000, 30.2658000,  32.3715000, 35.4309000, -38.1200000, -12.8360000, 7.2100000, 101220.870000,       0,       0,       0
 2.910, 0.0437000 , -0.1376000, 9.6756000, 30.2505000,  32.6309000, 35.3928000, -38.0130000, -12.8140000, 6.9870000, 101221.050000,       0,       0,       0
 2.920, 0.0449000 , -0.1471000, 9.6804000, 30.1437000,  32.9437000, 35.3394000, -38.2210000, -12.5190000, 7.3970000, 101221.050000,       0,       0,       0
 2.930, 0.0401000 , -0.1495000, 9.6816000, 29.9759000,  33.2184000, 35.2325000, -38.0570000, -12.5340000, 7.4710000, 101220.700000,       0,       0,       0
 2.940, 0.0305000 , -0.1448000, 9.6792000, 29.8309000,  33.3786000, 35.0723000, -38.3860000, -12.9300000, 7.8500000, 101220.700000,       0,       0,       0
 2.950, 0.0150000 , -0.1364000, 9.6744000, 29.7699000,  33.3405000, 34.9350000, -38.1230000, -12.9680000, 7.0500000, 101216.160000,       0,       0,       0
 2.960, -0.0018000, -0.1256000, 9.6696000, 29.8386000,  33.0887000, 34.9045000, -38.3320000, -12.7890000, 7.7150000, 101216.160000,       0,       0,       0
 2.970, -0.0114000, -0.1113000, 9.6684000, 30.0140000,  32.6843000, 34.9808000, -38.2440000, -12.7580000, 8.0680000, 101221.050000,       0,       0,       0
 2.980, -0.0078000, -0.0885000, 9.6696000, 30.2048000,  32.2571000, 35.0418000, -37.9310000, -12.9460000, 7.4890000, 101221.050000,       0,       0,       0
 2.990, 0.0078000 , -0.0682000, 9.6720000, 30.2887000,  31.9977000, 35.0494000, -37.9200000, -12.7350000, 7.7160000, 101222.990000,       0,       0,       0
 3.000, 0.0293000 , -0.0550000, 9.6756000, 30.2277000,  31.9595000, 34.9960000, -37.9140000, -12.6850000, 7.0700000, 101222.990000,       0,       0,       0
 3.010, 0.0413000 , -0.0538000, 9.6792000, 30.0598000,  32.1350000, 34.9045000, -38.0550000, -13.0500000, 7.5960000, 101220.870000,       0,       0,       0
 3.020, 0.0389000 , -0.0646000, 9.6816000, 29.8004000,  32.3944000, 34.8969000, -38.0570000, -12.9440000, 7.8350000, 101220.870000,       0,       0,       0
 3.030, 0.0281000 , -0.0837000, 9.6816000, 29.5181000,  32.5699000, 35.0113000, -38.1130000, -12.7850000, 7.3740000, 101219.860000,       0,       0,       0
 3.040, 0.0161000 , -0.1053000, 9.6780000, 29.3884000,  32.6157000, 35.2249000, -38.1050000, -12.3880000, 6.7350000, 101219.860000,       0,       0,       0
 3.050, 0.0090000 , -0.1208000, 9.6732000, 29.5105000,  32.5470000, 35.4385000, -38.5310000, -12.8170000, 7.2740000, 101221.270000,       0,       0,       0
 3.060, 0.0126000 , -0.1184000, 9.6696000, 29.8004000,  32.4097000, 35.5072000, -38.5330000, -12.8260000, 6.7380000, 101221.270000,       0,       0,       0
 3.070, 0.0245000 , -0.1077000, 9.6708000, 30.0522000,  32.3334000, 35.4156000, -38.2470000, -12.9340000, 7.1680000, 101219.270000,       0,       0,       0
 3.080, 0.0281000 , -0.1005000, 9.6732000, 30.1361000,  32.3105000, 35.2402000, -38.3900000, -12.6610000, 7.3580000, 101219.270000,       0,       0,       0
 3.090, 0.0305000 , -0.1017000, 9.6744000, 30.1132000,  32.2952000, 35.0494000, -38.2160000, -13.1110000, 7.6690000, 101218.410000,       0,       0,       0
 3.100, 0.0353000 , -0.1089000, 9.6756000, 30.0903000,  32.3105000, 34.8740000, -38.3320000, -12.7040000, 6.9860000, 101218.410000,       0,       0,       0
 3.110, 0.0341000 , -0.1196000, 9.6768000, 29.9911000,  32.5241000, 34.6146000, -38.2120000, -12.6970000, 7.3400000, 101222.920000,       0,       0,       0
 3.120, 0.0353000 , -0.1304000, 9.6756000, 29.8309000,  32.5699000, 34.2865000, -38.2220000, -12.7010000, 6.9260000, 101222.920000,       0,       0,       0
 3.130, 0.0293000 , -0.1328000, 9.6732000, 29.7852000,  32.3944000, 34.1873000, -38.3100000, -12.9110000, 6.8890000, 101221.730000,       0,       0,       0
 3.140, 0.0209000 , -0.1304000, 9.6720000, 29.8996000,  32.2952000, 34.4696000, -38.3200000, -12.4830000, 7.7840000, 101221.730000,       0,       0,       0
 3.150, 0.0150000 , -0.1208000, 9.6744000, 30.0827000,  32.1426000, 34.9808000, -38.0530000, -12.8030000, 6.6260000, 101222.390000,       0,       0,       0
 3.160, 0.0209000 , -0.1005000, 9.6744000, 30.1971000,  32.0282000, 35.3775000, -38.3680000, -12.6030000, 6.6940000, 101222.390000,       0,       0,       0
 3.170, 0.0317000 , -0.0718000, 9.6756000, 30.1971000,  31.9595000, 35.4309000, -38.0420000, -12.8780000, 6.5640000, 101220.980000,       0,       0,       0
 3.180, 0.0413000 , -0.0443000, 9.6756000, 30.0980000,  31.8604000, 35.1791000, -38.0540000, -12.8900000, 7.1950000, 101220.980000,       0,       0,       0
 3.190, 0.0401000 , -0.0251000, 9.6744000, 29.9454000,  31.8451000, 34.8969000, -38.2590000, -13.0330000, 7.5360000, 101221.800000,       0,       0,       0
 3.200, 0.0353000 , -0.0191000, 9.6744000, 29.7699000,  31.8222000, 34.8434000, -38.0470000, -12.8910000, 7.2250000, 101221.800000,       0,       0,       0
 3.210, 0.0269000 , -0.0323000, 9.6744000, 29.5715000,  31.7841000, 35.1028000, -37.9110000, -12.7400000, 7.1610000, 101224.570000,       0,       0,       0
 3.220, 0.0245000 , -0.0622000, 9.6744000, 29.3884000,  31.7612000, 35.6064000, -37.8530000, -12.8900000, 7.0250000, 101224.570000,       0,       0,       0
 3.230, 0.0329000 , -0.1005000, 9.6732000, 29.2816000,  31.7688000, 36.1099000, -38.0890000, -13.0550000, 7.0730000, 101219.820000,       0,       0,       0
 3.240, 0.0473000 , -0.1412000, 9.6732000, 29.2816000,  31.8832000, 36.4304000, -38.0830000, -12.5600000, 7.3970000, 101219.820000,       0,       0,       0
 3.250, 0.0640000 , -0.1735000, 9.6732000, 29.4189000,  32.0663000, 36.4380000, -38.3320000, -12.6680000, 7.3210000, 101218.570000,       0,       0,       0
 3.260, 0.0784000 , -0.1890000, 9.6732000, 29.6860000,  32.2800000, 36.1328000, -38.1360000, -12.8660000, 7.7470000, 101218.570000,       0,       0,       0
 3.270, 0.0819000 , -0.1675000, 9.6756000, 30.1285000,  32.6309000, 35.2783000, -38.1740000, -13.0050000, 7.9830000, 101217.820000,       0,       0,       0
 3.280, 0.0772000 , -0.1292000, 9.6780000, 30.2811000,  32.7911000, 34.6756000, -38.3000000, -12.7710000, 8.1810000, 101217.820000,       0,       0,       0
 3.290, 0.0676000 , -0.0861000, 9.6780000, 30.2429000,  32.9361000, 34.1949000, -38.1330000, -12.7690000, 7.2950000, 101221.050000,       0,       0,       0
 3.300, 0.0544000 , -0.0562000, 9.6768000, 30.0903000,  33.0048000, 33.9813000, -38.2540000, -12.7690000, 7.2880000, 101221.050000,       0,       0,       0
 3.310, 0.0389000 , -0.0502000, 9.6732000, 29.8996000,  32.9437000, 34.0881000, -38.3340000, -12.7560000, 7.1250000, 101219.640000,       0,       0,       0
 3.320, 0.0197000 , -0.0670000, 9.6696000, 29.7318000,  32.7835000, 34.4772000, -38.2240000, -13.2340000, 7.1540000, 101219.640000,       0,       0,       0
 3.330, 0.0054000 , -0.0957000, 9.6708000, 29.6021000,  32.5089000, 35.0571000, -38.0950000, -12.8090000, 6.9230000, 101221.410000,       0,       0,       0
 3.340, 0.0102000 , -0.1232000, 9.6732000, 29.5334000,  32.2113000, 35.6750000, -38.1130000, -12.7770000, 7.1960000, 101221.410000,       0,       0,       0
 3.350, 0.0305000 , -0.1400000, 9.6732000, 29.5715000,  31.9901000, 36.0947000, -38.3800000, -12.9890000, 7.2230000, 101219.910000,       0,       0,       0
 3.360, 0.0604000 , -0.1459000, 9.6732000, 29.7470000,  31.9443000, 36.1938000, -38.2500000, -12.7000000, 7.7700000, 101219.910000,       0,       0,       0
 3.370, 0.0879000 , -0.1388000, 9.6780000, 29.9606000,  32.1655000, 35.9879000, -38.1750000, -12.8690000, 7.4250000, 101219.760000,       0,       0,       0
 3.380, 0.1023000 , -0.1232000, 9.6804000, 30.0674000,  32.5623000, 35.5988000, -38.2600000, -12.7740000, 6.6740000, 101219.760000,       0,       0,       0
 3.390, 0.0999000 , -0.1089000, 9.6816000, 30.0064000,  33.0429000, 35.2402000, -38.0380000, -12.9030000, 7.1430000, 101222.630000,       0,       0,       0
 3.400, 0.0831000 , -0.0993000, 9.6804000, 29.8462000,  33.5007000, 35.0571000, -38.1860000, -12.7640000, 7.1010000, 101222.630000,       0,       0,       0
 3.410, 0.0616000 , -0.0921000, 9.6780000, 29.7470000,  33.7982000, 35.0647000, -38.2740000, -12.8970000, 6.8370000, 101221.300000,       0,       0,       0
 3.420, 0.0401000 , -0.0873000, 9.6732000, 29.7775000,  33.8287000, 35.1334000, -38.0670000, -12.8970000, 7.6260000, 101221.300000,       0,       0,       0
 3.430, 0.0257000 , -0.0825000, 9.6696000, 29.9225000,  33.6227000, 35.1334000, -38.0790000, -12.6420000, 7.6900000, 101217.050000,       0,       0,       0
 3.440, 0.0197000 , -0.0754000, 9.6684000, 30.1208000,  33.2489000, 35.0113000, -38.2070000, -12.6780000, 7.6080000, 101217.050000,       0,       0,       0
 3.450, 0.0269000 , -0.0646000, 9.6696000, 30.2811000,  32.8445000, 34.8434000, -38.5700000, -12.7700000, 7.2750000, 101218.880000,       0,       0,       0
 3.460, 0.0365000 , -0.0598000, 9.6744000, 30.3421000,  32.5699000, 34.7214000, -38.3600000, -12.6170000, 7.7250000, 101218.880000,       0,       0,       0
 3.470, 0.0461000 , -0.0634000, 9.6780000, 30.2505000,  32.4707000, 34.7214000, -38.3220000, -12.8650000, 7.1650000, 101220.880000,       0,       0,       0
 3.480, 0.0556000 , -0.0730000, 9.6792000, 30.0293000,  32.5470000, 34.8282000, -38.0410000, -12.5250000, 7.4800000, 101220.880000,       0,       0,       0
 3.490, 0.0592000 , -0.0873000, 9.6792000, 29.7699000,  32.7301000, 35.0342000, -37.7940000, -12.8020000, 7.3250000, 101222.330000,       0,       0,       0
 3.500, 0.0544000 , -0.1017000, 9.6792000, 29.5029000,  32.9056000, 35.3470000, -37.8930000, -12.4920000, 7.8040000, 101222.330000,       0,       0,       0
 3.510, 0.0437000 , -0.1148000, 9.6792000, 29.2664000,  32.9819000, 35.7437000, -37.8750000, -12.6750000, 7.3910000, 101219.860000,       0,       0,       0
 3.520, 0.0317000 , -0.1316000, 9.6792000, 29.0604000,  32.8903000, 36.1481000, -38.2750000, -13.1280000, 7.4420000, 101219.860000,       0,       0,       0
 3.530, 0.0257000 , -0.1459000, 9.6768000, 28.9459000,  32.6385000, 36.4456000, -38.1480000, -12.6620000, 6.7270000, 101221.230000,       0,       0,       0
 3.540, 0.0269000 , -0.1459000, 9.6744000, 28.9688000,  32.3563000, 36.5219000, -38.0190000, -12.9210000, 7.5280000, 101221.230000,       0,       0,       0
 3.550, 0.0413000 , -0.1304000, 9.6744000, 29.0909000,  32.1426000, 36.3693000, -38.1510000, -13.0230000, 7.3750000, 101219.520000,       0,       0,       0
 3.560, 0.0568000 , -0.0969000, 9.6732000, 29.2206000,  32.0282000, 36.0870000, -38.0940000, -12.8890000, 6.4980000, 101219.520000,       0,       0,       0
 3.570, 0.0628000 , -0.0610000, 9.6720000, 29.2816000,  32.0587000, 35.8353000, -38.0260000, -12.8050000, 7.2170000, 101219.090000,       0,       0,       0
 3.580, 0.0580000 , -0.0335000, 9.6720000, 29.2511000,  32.1960000, 35.7666000, -38.0380000, -12.6730000, 7.3180000, 101219.090000,       0,       0,       0
 3.590, 0.0520000 , -0.0215000, 9.6708000, 29.1519000,  32.2952000, 35.8582000, -37.8380000, -12.5220000, 7.8300000, 101221.060000,       0,       0,       0
 3.600, 0.0437000 , -0.0275000, 9.6696000, 29.0680000,  32.3029000, 35.9955000, -37.8110000, -12.8260000, 7.7980000, 101221.060000,       0,       0,       0
 3.610, 0.0365000 , -0.0431000, 9.6684000, 29.0070000,  32.1808000, 36.0718000, -38.2310000, -12.8100000, 7.9730000, 101222.880000,       0,       0,       0
 3.620, 0.0377000 , -0.0670000, 9.6672000, 29.0070000,  31.9672000, 36.0336000, -38.2370000, -12.8870000, 7.4240000, 101222.880000,       0,       0,       0
 3.630, 0.0473000 , -0.0945000, 9.6660000, 29.1214000,  31.7535000, 35.9039000, -37.9830000, -12.6250000, 7.3580000, 101219.690000,       0,       0,       0
 3.640, 0.0604000 , -0.1160000, 9.6672000, 29.3121000,  31.6772000, 35.7666000, -38.1280000, -12.7640000, 8.0850000, 101219.690000,       0,       0,       0
 3.650, 0.0748000 , -0.1280000, 9.6708000, 29.4037000,  31.7764000, 35.7132000, -38.0940000, -12.6080000, 7.7690000, 101218.810000,       0,       0,       0
 3.660, 0.0855000 , -0.1352000, 9.6744000, 29.3655000,  32.0435000, 35.7895000, -38.1700000, -12.7770000, 7.9610000, 101218.810000,       0,       0,       0
 3.670, 0.0867000 , -0.1400000, 9.6768000, 29.2892000,  32.3868000, 35.9421000, -38.1590000, -12.6370000, 7.7350000, 101219.690000,       0,       0,       0
 3.680, 0.0807000 , -0.1388000, 9.6768000, 29.2358000,  32.6538000, 36.0718000, -37.9890000, -12.9560000, 7.5180000, 101219.690000,       0,       0,       0
 3.690, 0.0712000 , -0.1340000, 9.6732000, 29.2358000,  32.7454000, 36.0794000, -38.1800000, -12.8800000, 7.8950000, 101216.700000,       0,       0,       0
 3.700, 0.0592000 , -0.1268000, 9.6708000, 29.3121000,  32.6614000, 35.9726000, -38.2600000, -13.0830000, 7.6150000, 101216.700000,       0,       0,       0
 3.710, 0.0520000 , -0.1160000, 9.6708000, 29.4571000,  32.4783000, 35.8429000, -37.7700000, -12.6410000, 8.0810000, 101221.980000,       0,       0,       0
 3.720, 0.0556000 , -0.1029000, 9.6720000, 29.5868000,  32.3029000, 35.7437000, -38.0810000, -12.6160000, 7.6720000, 101221.980000,       0,       0,       0
 3.730, 0.0676000 , -0.0957000, 9.6756000, 29.6402000,  32.2800000, 35.7132000, -37.9760000, -12.6460000, 7.9680000, 101223.270000,       0,       0,       0
 3.740, 0.0807000 , -0.0993000, 9.6756000, 29.6326000,  32.3944000, 35.6674000, -38.0720000, -12.6290000, 8.0420000, 101223.270000,       0,       0,       0
 3.750, 0.0855000 , -0.1113000, 9.6744000, 29.6021000,  32.6004000, 35.5301000, -37.9520000, -12.5300000, 8.3420000, 101225.340000,       0,       0,       0
 3.760, 0.0819000 , -0.1292000, 9.6732000, 29.6097000,  32.7759000, 35.3088000, -38.4390000, -12.4510000, 8.2780000, 101225.340000,       0,       0,       0
 3.770, 0.0724000 , -0.1471000, 9.6708000, 29.7165000,  32.8674000, 35.0800000, -38.1200000, -12.6480000, 8.4170000, 101222.950000,       0,       0,       0
 3.780, 0.0604000 , -0.1495000, 9.6696000, 29.9225000,  32.8751000, 34.9121000, -37.7510000, -12.5570000, 7.8230000, 101222.950000,       0,       0,       0
 3.790, 0.0544000 , -0.1340000, 9.6708000, 30.1514000,  32.7988000, 34.8511000, -38.0560000, -12.5540000, 7.9860000, 101221.800000,       0,       0,       0
 3.800, 0.0532000 , -0.1041000, 9.6732000, 30.2963000,  32.6996000, 34.8892000, -37.9790000, -12.6780000, 7.9920000, 101221.800000,       0,       0,       0
 3.810, 0.0508000 , -0.0694000, 9.6744000, 30.3116000,  32.6157000, 35.0113000, -38.1220000, -12.9160000, 8.1460000, 101221.980000,       0,       0,       0
 3.820, 0.0484000 , -0.0359000, 9.6744000, 30.0674000,  32.4249000, 35.2631000, -37.6960000, -12.7820000, 8.2700000, 101221.980000,       0,       0,       0
 3.830, 0.0473000 , -0.0371000, 9.6720000, 29.8920000,  32.2723000, 35.4233000, -38.1660000, -12.7080000, 8.1780000, 101220.300000,       0,       0,       0
 3.840, 0.0508000 , -0.0538000, 9.6708000, 29.8615000,  32.0969000, 35.5225000, -38.0100000, -12.7740000, 7.5400000, 101220.300000,       0,       0,       0
 3.850, 0.0580000 , -0.0766000, 9.6708000, 29.9683000,  31.9214000, 35.4996000, -37.7460000, -12.6450000, 7.5410000, 101219.760000,       0,       0,       0
 3.860, 0.0712000 , -0.1005000, 9.6708000, 30.1590000,  31.7688000, 35.3470000, -37.8660000, -12.8240000, 7.4220000, 101219.760000,       0,       0,       0
 3.870, 0.0819000 , -0.1208000, 9.6732000, 30.3726000,  31.7001000, 35.0952000, -38.2400000, -12.8260000, 7.1660000, 101220.210000,       0,       0,       0
 3.880, 0.0939000 , -0.1352000, 9.6756000, 30.5710000,  31.7764000, 34.8206000, -37.9640000, -12.6550000, 7.2050000, 101220.210000,       0,       0,       0
 3.890, 0.0999000 , -0.1412000, 9.6792000, 30.7007000,  31.9748000, 34.5688000, -38.2130000, -12.6480000, 6.8480000, 101222.330000,       0,       0,       0
 3.900, 0.0975000 , -0.1412000, 9.6804000, 30.7312000,  32.2037000, 34.4086000, -38.0100000, -12.4940000, 7.3800000, 101222.330000,       0,       0,       0
 3.910, 0.0855000 , -0.1388000, 9.6804000, 30.6931000,  32.3868000, 34.3933000, -37.8170000, -12.3930000, 7.3790000, 101218.770000,       0,       0,       0
 3.920, 0.0736000 , -0.1316000, 9.6792000, 30.6244000,  32.4631000, 34.5383000, -38.1600000, -12.5160000, 7.6180000, 101218.770000,       0,       0,       0
 3.930, 0.0664000 , -0.1208000, 9.6780000, 30.5328000,  32.4478000, 34.8129000, -38.2100000, -12.3790000, 7.6800000, 101218.910000,       0,       0,       0
 3.940, 0.0628000 , -0.1089000, 9.6780000, 30.4031000,  32.3410000, 35.1639000, -38.0270000, -12.4050000, 7.5560000, 101218.910000,       0,       0,       0
 3.950, 0.0676000 , -0.0981000, 9.6768000, 30.2353000,  32.2113000, 35.4767000, -38.1490000, -12.5190000, 7.8440000, 101221.450000,       0,       0,       0
 3.960, 0.0807000 , -0.0873000, 9.6768000, 30.0674000,  32.1426000, 35.6522000, -38.0940000, -13.0030000, 8.5050000, 101221.450000,       0,       0,       0
 3.970, 0.0927000 , -0.0849000, 9.6780000, 29.9149000,  32.1732000, 35.7208000, -38.1210000, -12.6060000, 7.7360000, 101220.520000,       0,       0,       0
 3.980, 0.1023000 , -0.0897000, 9.6792000, 29.7699000,  32.2800000, 35.7132000, -38.2800000, -12.5060000, 7.7010000, 101220.520000,       0,       0,       0
 3.990, 0.1047000 , -0.1017000, 9.6804000, 29.6249000,  32.4860000, 35.7056000, -38.1340000, -12.7190000, 8.1700000, 101221.150000,       0,       0,       0
 4.000, 0.1023000 , -0.1136000, 9.6804000, 29.4724000,  32.6996000, 35.7437000, -38.1500000, -12.8000000, 7.6300000, 101221.150000,       0,       0,       0
 4.010, 0.0939000 , -0.1196000, 9.6804000, 29.3198000,  32.8827000, 35.8734000, -38.2440000, -12.8300000, 7.9960000, 101220.130000,       0,       0,       0
 4.020, 0.0855000 , -0.1220000, 9.6792000, 29.2130000,  33.0505000, 36.1023000, -38.2230000, -12.5640000, 7.2030000, 101220.130000,       0,       0,       0
 4.030, 0.0819000 , -0.1196000, 9.6780000, 29.1748000,  33.1573000, 36.3083000, -38.3270000, -12.7550000, 7.6710000, 101222.740000,       0,       0,       0
 4.040, 0.0807000 , -0.1101000, 9.6756000, 29.2053000,  33.1497000, 36.3159000, -38.1450000, -12.7950000, 8.2900000, 101222.740000,       0,       0,       0
 4.050, 0.0819000 , -0.1005000, 9.6744000, 29.2969000,  33.0505000, 36.0947000, -38.1500000, -12.6990000, 7.6490000, 101220.130000,       0,       0,       0
 4.060, 0.0879000 , -0.0933000, 9.6744000, 29.4266000,  32.8827000, 35.7361000, -37.8640000, -12.6480000, 7.8160000, 101220.130000,       0,       0,       0
 4.070, 0.0927000 , -0.0861000, 9.6744000, 29.5639000,  32.8064000, 35.3622000, -38.3970000, -12.7750000, 7.9670000, 101222.180000,       0,       0,       0
 4.080, 0.0915000 , -0.0825000, 9.6768000, 29.6402000,  32.8522000, 35.1181000, -38.2380000, -12.8460000, 7.5500000, 101222.180000,       0,       0,       0
 4.090, 0.0867000 , -0.0873000, 9.6780000, 29.6326000,  32.9208000, 35.0342000, -38.0910000, -12.7050000, 8.2980000, 101222.950000,       0,       0,       0
 4.100, 0.0807000 , -0.0957000, 9.6768000, 29.6249000,  32.9742000, 35.0418000, -38.1140000, -12.8060000, 7.2190000, 101222.950000,       0,       0,       0
 4.110, 0.0712000 , -0.1029000, 9.6744000, 29.6707000,  32.8979000, 35.0800000, -38.3970000, -12.9330000, 7.4410000, 101220.000000,       0,       0,       0
 4.120, 0.0628000 , -0.1041000, 9.6732000, 29.7394000,  32.6920000, 35.1105000, -37.9490000, -12.5400000, 7.3370000, 101220.000000,       0,       0,       0
 4.130, 0.0616000 , -0.0981000, 9.6720000, 29.8386000,  32.4249000, 35.1181000, -38.1880000, -12.6930000, 6.9410000, 101220.640000,       0,       0,       0
 4.140, 0.0724000 , -0.0909000, 9.6720000, 29.9759000,  32.2037000, 35.0876000, -38.2510000, -12.8230000, 7.2730000, 101220.640000,       0,       0,       0
 4.150, 0.0867000 , -0.0837000, 9.6756000, 30.0903000,  32.1274000, 35.0037000, -38.3680000, -12.8250000, 8.3620000, 101219.860000,       0,       0,       0
 4.160, 0.0987000 , -0.0849000, 9.6792000, 30.0598000,  32.2418000, 34.9503000, -38.1770000, -12.3890000, 8.4350000, 101219.860000,       0,       0,       0
 4.170, 0.1023000 , -0.0969000, 9.6828000, 29.8538000,  32.5089000, 35.0266000, -38.1030000, -12.6240000, 8.1380000, 101223.090000,       0,       0,       0
 4.180, 0.1011000 , -0.1148000, 9.6852000, 29.5715000,  32.8903000, 35.2631000, -38.2400000, -12.4240000, 8.0250000, 101223.090000,       0,       0,       0
 4.190, 0.0975000 , -0.1256000, 9.6816000, 29.3350000,  33.2489000, 35.5453000, -38.0420000, -12.7560000, 7.9590000, 101222.220000,       0,       0,       0
 4.200, 0.0879000 , -0.1292000, 9.6780000, 29.2206000,  33.4930000, 35.7590000, -37.8150000, -12.3060000, 7.7980000, 101222.220000,       0,       0,       0
 4.210, 0.0772000 , -0.1280000, 9.6744000, 29.2664000,  33.5388000, 35.8200000, -38.3330000, -12.6610000, 7.2760000, 101221.690000,       0,       0,       0
 4.220, 0.0664000 , -0.1148000, 9.6732000, 29.4266000,  33.3939000, 35.7056000, -38.3300000, -12.4420000, 7.8710000, 101221.690000,       0,       0,       0
 4.230, 0.0652000 , -0.0933000, 9.6720000, 29.6173000,  33.0887000, 35.4614000, -38.4630000, -12.9860000, 7.2260000, 101219.670000,       0,       0,       0
 4.240, 0.0688000 , -0.0718000, 9.6732000, 29.7623000,  32.7606000, 35.2020000, -38.1340000, -12.7190000, 7.3790000, 101219.670000,       0,       0,       0
 4.250, 0.0700000 , -0.0586000, 9.6756000, 29.7928000,  32.4707000, 35.0494000, -38.2950000, -13.0390000, 7.3300000, 101221.450000,       0,       0,       0
 4.260, 0.0712000 , -0.0586000, 9.6768000, 29.6860000,  32.2723000, 35.0876000, -37.9930000, -12.7940000, 7.8290000, 101221.450000,       0,       0,       0
 4.270, 0.0748000 , -0.0730000, 9.6756000, 29.5258000,  32.1808000, 35.2707000, -38.3110000, -12.7030000, 7.6690000, 101222.370000,       0,       0,       0
 4.280, 0.0796000 , -0.0945000, 9.6744000, 29.4495000,  32.1808000, 35.4996000, -38.5150000, -12.5790000, 7.2910000, 101222.370000,       0,       0,       0
 4.290, 0.0855000 , -0.1125000, 9.6732000, 29.4876000,  32.2037000, 35.5759000, -38.2550000, -12.8110000, 7.3220000, 101223.420000,       0,       0,       0
 4.300, 0.0915000 , -0.1184000, 9.6732000, 29.5868000,  32.2723000, 35.4919000, -38.4660000, -12.7440000, 7.3470000, 101223.420000,       0,       0,       0
 4.310, 0.0951000 , -0.1089000, 9.6744000, 29.6860000,  32.3715000, 35.3394000, -38.0110000, -12.7680000, 7.3170000, 101219.910000,       0,       0,       0
 4.320, 0.0939000 , -0.0945000, 9.6756000, 29.7318000,  32.4783000, 35.2249000, -38.2930000, -12.7860000, 7.2870000, 101219.910000,       0,       0,       0
 4.330, 0.0891000 , -0.0837000, 9.6768000, 29.7165000,  32.5546000, 35.1868000, -38.5790000, -12.6710000, 8.0430000, 101219.060000,       0,       0,       0
 4.340, 0.0843000 , -0.0802000, 9.6768000, 29.6936000,  32.6309000, 35.2097000, -38.1800000, -12.6010000, 8.1830000, 101219.060000,       0,       0,       0
 4.350, 0.0796000 , -0.0790000, 9.6768000, 29.6860000,  32.6309000, 35.2631000, -38.4640000, -12.5770000, 7.6590000, 101220.640000,       0,       0,       0
 4.360, 0.0796000 , -0.0825000, 9.6768000, 29.6631000,  32.5699000, 35.3546000, -38.3820000, -12.7240000, 7.8990000, 101220.640000,       0,       0,       0
 4.370, 0.0843000 , -0.0945000, 9.6756000, 29.6631000,  32.5470000, 35.4843000, -38.3990000, -12.7190000, 7.7640000, 101225.620000,       0,       0,       0
 4.380, 0.0939000 , -0.1220000, 9.6804000, 29.6783000,  32.5851000, 35.6522000, -38.5540000, -12.5380000, 7.0410000, 101225.620000,       0,       0,       0
 4.390, 0.0975000 , -0.1388000, 9.6828000, 29.6402000,  32.6309000, 35.6827000, -38.3260000, -12.7610000, 7.3250000, 101222.930000,       0,       0,       0
 4.400, 0.1035000 , -0.1519000, 9.6828000, 29.6097000,  32.7225000, 35.5911000, -38.2920000, -12.5900000, 7.3500000, 101222.930000,       0,       0,       0
 4.410, 0.1047000 , -0.1567000, 9.6816000, 29.6631000,  32.8140000, 35.3928000, -38.6260000, -12.5310000, 7.3820000, 101220.270000,       0,       0,       0
 4.420, 0.0987000 , -0.1495000, 9.6816000, 29.7394000,  32.8751000, 35.1715000, -38.2520000, -12.7220000, 6.9990000, 101220.270000,       0,       0,       0
 4.430, 0.0903000 , -0.1328000, 9.6792000, 29.7852000,  32.8445000, 35.0189000, -38.3730000, -12.9300000, 7.0290000, 101219.050000,       0,       0,       0
 4.440, 0.0843000 , -0.1113000, 9.6768000, 29.7852000,  32.7606000, 35.0113000, -38.3050000, -12.9920000, 6.9580000, 101219.050000,       0,       0,       0
 4.450, 0.0819000 , -0.0945000, 9.6744000, 29.7089000,  32.6767000, 35.1715000, -38.2910000, -12.7260000, 6.9430000, 101223.230000,       0,       0,       0
 4.460, 0.0807000 , -0.0861000, 9.6744000, 29.5792000,  32.5775000, 35.4233000, -38.5590000, -12.6210000, 6.4550000, 101223.230000,       0,       0,       0
 4.470, 0.0807000 , -0.0897000, 9.6744000, 29.4800000,  32.5089000, 35.6522000, -38.3570000, -12.5630000, 6.9900000, 101222.110000,       0,       0,       0
 4.480, 0.0843000 , -0.1041000, 9.6756000, 29.4495000,  32.4631000, 35.7895000, -38.0520000, -12.9170000, 7.4070000, 101222.110000,       0,       0,       0
 4.490, 0.0915000 , -0.1208000, 9.6768000, 29.4952000,  32.4554000, 35.7971000, -38.0340000, -12.6400000, 7.7120000, 101220.130000,       0,       0,       0
 4.500, 0.1011000 , -0.1292000, 9.6804000, 29.5868000,  32.5012000, 35.6750000, -38.2340000, -12.9990000, 7.3210000, 101220.130000,       0,       0,       0
 4.510, 0.1071000 , -0.1292000, 9.6816000, 29.6707000,  32.5775000, 35.4691000, -38.1440000, -12.5050000, 7.5160000, 101220.280000,       0,       0,       0
 4.520, 0.1083000 , -0.1244000, 9.6816000, 29.7394000,  32.6462000, 35.2402000, -38.3540000, -12.4730000, 7.3800000, 101220.280000,       0,       0,       0
 4.530, 0.1011000 , -0.1184000, 9.6792000, 29.8004000,  32.6767000, 35.0342000, -38.1400000, -12.6240000, 7.4930000, 101219.110000,       0,       0,       0
 4.540, 0.0891000 , -0.1053000, 9.6768000, 29.8615000,  32.6233000, 34.8740000, -38.2800000, -12.3910000, 6.8520000, 101219.110000,       0,       0,       0
 4.550, 0.0819000 , -0.0897000, 9.6744000, 29.8920000,  32.5012000, 34.7366000, -38.3110000, -12.3870000, 7.0030000, 101219.260000,       0,       0,       0
 4.560, 0.0760000 , -0.0802000, 9.6732000, 29.9225000,  32.3105000, 34.6375000, -38.1590000, -12.5780000, 7.3620000, 101219.260000,       0,       0,       0
 4.570, 0.0736000 , -0.0790000, 9.6732000, 29.9225000,  32.0816000, 34.6146000, -38.0320000, -12.7100000, 7.9690000, 101224.480000,       0,       0,       0
 4.580, 0.0807000 , -0.0885000, 9.6744000, 29.8843000,  31.9061000, 34.6756000, -38.0420000, -12.5550000, 6.8740000, 101224.480000,       0,       0,       0
 4.590, 0.0915000 , -0.1065000, 9.6792000, 29.7928000,  31.8832000, 34.8663000, -38.3140000, -12.6050000, 7.6200000, 101220.780000,       0,       0,       0
 4.600, 0.1035000 , -0.1280000, 9.6840000, 29.6021000,  32.0358000, 35.1944000, -37.9510000, -12.4560000, 7.3810000, 101220.780000,       0,       0,       0
 4.610, 0.1166000 , -0.1483000, 9.6875000, 29.3655000,  32.3410000, 35.6064000, -38.0560000, -13.1790000, 7.3040000, 101220.140000,       0,       0,       0
 4.620, 0.1250000 , -0.1615000, 9.6864000, 29.1748000,  32.7606000, 35.9268000, -38.2950000, -12.7240000, 6.9930000, 101220.140000,       0,       0,       0
 4.630, 0.1286000 , -0.1639000, 9.6828000, 29.1214000,  33.1802000, 36.0184000, -38.0670000, -12.6580000, 7.5340000, 101222.780000,       0,       0,       0
 4.640, 0.1250000 , -0.1495000, 9.6780000, 29.1977000,  33.5007000, 35.8658000, -38.4190000, -12.8340000, 7.6930000, 101222.780000,       0,       0,       0
 4.650, 0.1154000 , -0.1220000, 9.6744000, 29.3884000,  33.7067000, 35.5530000, -38.3520000, -12.8520000, 7.4770000, 101219.270000,       0,       0,       0
 4.660, 0.1059000 , -0.0849000, 9.6720000, 29.6326000,  33.8211000, 35.2173000, -38.2210000, -12.6050000, 7.8380000, 101219.270000,       0,       0,       0
 4.670, 0.0987000 , -0.0526000, 9.6720000, 29.8157000,  33.8287000, 34.9197000, -38.4540000, -12.6810000, 7.3370000, 101223.420000,       0,       0,       0
 4.680, 0.0927000 , -0.0371000, 9.6720000, 29.9225000,  33.7830000, 34.6832000, -38.2370000, -12.7650000, 7.2600000, 101223.420000,       0,       0,       0
 4.690, 0.0867000 , -0.0419000, 9.6720000, 29.9530000,  33.6838000, 34.5154000, -38.3770000, -13.0130000, 7.0810000, 101220.950000,       0,       0,       0
 4.700, 0.0819000 , -0.0622000, 9.6720000, 29.9377000,  33.5770000, 34.4315000, -38.3810000, -12.6520000, 7.6460000, 101220.950000,       0,       0,       0
 4.710, 0.0748000 , -0.0945000, 9.6732000, 29.9149000,  33.4320000, 34.4391000, -38.5590000, -12.4060000, 7.7540000, 101223.590000,       0,       0,       0
 4.720, 0.0736000 , -0.1280000, 9.6744000, 29.9301000,  33.2184000, 34.5001000, -38.2550000, -12.8560000, 7.6640000, 101223.590000,       0,       0,       0
 4.730, 0.0784000 , -0.1555000, 9.6756000, 29.9988000,  33.0200000, 34.5535000, -38.5270000, -12.6910000, 7.0630000, 101221.890000,       0,       0,       0
 4.740, 0.0819000 , -0.1687000, 9.6768000, 30.0522000,  32.9132000, 34.6069000, -38.1620000, -12.8330000, 7.0330000, 101221.890000,       0,       0,       0
 4.750, 0.0867000 , -0.1723000, 9.6780000, 30.0598000,  32.8751000, 34.7290000, -38.2400000, -12.7040000, 7.4300000, 101220.070000,       0,       0,       0
 4.760, 0.0903000 , -0.1687000, 9.6804000, 30.0217000,  32.9514000, 34.9731000, -38.4940000, -12.6140000, 7.1740000, 101220.070000,       0,       0,       0
 4.770, 0.0867000 , -0.1567000, 9.6828000, 29.8996000,  33.1116000, 35.3241000, -38.4770000, -12.8120000, 7.2310000, 101222.950000,       0,       0,       0
 4.780, 0.0831000 , -0.1352000, 9.6840000, 29.6631000,  33.2489000, 35.6903000, -38.1410000, -12.8620000, 6.9420000, 101222.950000,       0,       0,       0
 4.790, 0.0807000 , -0.1136000, 9.6816000, 29.4037000,  33.3328000, 35.9726000, -38.2510000, -13.0510000, 7.3800000, 101222.540000,       0,       0,       0
 4.800, 0.0772000 , -0.0945000, 9.6792000, 29.2282000,  33.3252000, 36.1404000, -38.4030000, -12.6230000, 7.4200000, 101222.540000,       0,       0,       0
 4.810, 0.0736000 , -0.0730000, 9.6756000, 29.1443000,  33.2031000, 36.2167000, -38.2890000, -12.7740000, 7.3180000, 101219.550000,       0,       0,       0
 4.820, 0.0724000 , -0.0574000, 9.6720000, 29.0985000,  32.9971000, 36.2320000, -38.1920000, -12.8120000, 6.8880000, 101219.550000,       0,       0,       0
 4.830, 0.0724000 , -0.0538000, 9.6732000, 29.0833000,  32.8064000, 36.2320000, -38.3180000, -12.6950000, 6.9570000, 101220.800000,       0,       0,       0
 4.840, 0.0784000 , -0.0598000, 9.6744000, 29.1061000,  32.6614000, 36.1938000, -38.0430000, -12.5340000, 6.9920000, 101220.800000,       0,       0,       0
 4.850, 0.0951000 , -0.0694000, 9.6768000, 29.1519000,  32.6920000, 36.0565000, -38.1090000, -12.6080000, 7.3500000, 101221.730000,       0,       0,       0
 4.860, 0.1238000 , -0.0778000, 9.6792000, 29.2053000,  32.9971000, 35.8124000, -37.9490000, -12.6550000, 6.9170000, 101221.730000,       0,       0,       0
 4.870, 0.1430000 , -0.0861000, 9.6840000, 29.1519000,  33.6151000, 35.5301000, -38.0200000, -12.8710000, 7.5650000, 101219.580000,       0,       0,       0
 4.880, 0.1370000 , -0.1065000, 9.6887000, 28.8925000,  34.4391000, 35.4233000, -38.1070000, -12.9080000, 7.1970000, 101219.580000,       0,       0,       0
 4.890, 0.1095000 , -0.1400000, 9.6911000, 28.4882000,  35.2554000, 35.6598000, -37.8990000, -13.0350000, 7.9130000, 101222.020000,       0,       0,       0
 4.900, 0.0748000 , -0.1771000, 9.6875000, 28.1143000,  35.7971000, 36.1328000, -38.0960000, -12.6590000, 7.5280000, 101222.020000,       0,       0,       0
 4.910, 0.0461000 , -0.1974000, 9.6816000, 27.9007000,  35.9726000, 36.5753000, -38.1750000, -12.9320000, 7.7550000, 101220.130000,       0,       0,       0
 4.920, 0.0305000 , -0.1950000, 9.6744000, 27.8320000,  35.8276000, 36.7355000, -38.0680000, -13.1620000, 8.0210000, 101220.130000,       0,       0,       0
 4.930, 0.0245000 , -0.1771000, 9.6696000, 27.9236000,  35.4156000, 36.5219000, -37.8800000, -12.8940000, 8.1090000, 101219.600000,       0,       0,       0
 4.940, 0.0185000 , -0.1543000, 9.6660000, 28.2669000,  34.7672000, 36.0413000, -37.8460000, -12.5590000, 7.7610000, 101219.600000,       0,       0,       0
 4.950, 0.0173000 , -0.1256000, 9.6636000, 28.9230000,  34.0805000, 35.5225000, -37.8270000, -12.7620000, 7.7800000, 101219.270000,       0,       0,       0
 4.960, 0.0173000 , -0.0909000, 9.6648000, 29.6402000,  33.4015000, 35.1410000, -38.1220000, -12.9570000, 7.0530000, 101219.270000,       0,       0,       0
 4.970, 0.0293000 , -0.0562000, 9.6720000, 30.1437000,  32.7606000, 34.9045000, -38.1440000, -12.8300000, 7.8780000, 101220.320000,       0,       0,       0
 4.980, 0.0317000 , -0.0622000, 9.6756000, 30.0674000,  32.6080000, 35.0494000, -37.9700000, -12.8270000, 7.0230000, 101220.320000,       0,       0,       0
 4.990, 0.0317000 , -0.0909000, 9.6780000, 29.8920000,  32.6233000, 35.4385000, -37.9440000, -12.7140000, 7.2650000, 101223.590000,       0,       0,       0
 5.000, 0.0329000 , -0.1280000, 9.6792000, 29.6707000,  32.6767000, 35.8124000, -38.0680000, -12.5310000, 6.9590000, 101223.590000,       0,       0,       0
 5.010, 0.0341000 , -0.1627000, 9.6792000, 29.4724000,  32.6309000, 35.9039000, -37.8940000, -13.1460000, 6.7370000, 101221.120000,       0,       0,       0
 5.020, 0.0341000 , -0.1842000, 9.6768000, 29.4266000,  32.4707000, 35.7513000, -38.0480000, -12.6470000, 6.4300000, 101221.120000,       0,       0,       0
 5.030, 0.0353000 , -0.1818000, 9.6756000, 29.5639000,  32.2418000, 35.5377000, -37.8080000, -12.7000000, 6.9940000, 101219.270000,       0,       0,       0
 5.040, 0.0425000 , -0.1603000, 9.6732000, 29.7546000,  32.0587000, 35.3699000, -37.9090000, -12.7220000, 7.0500000, 101219.270000,       0,       0,       0
 5.050, 0.0532000 , -0.1328000, 9.6768000, 29.8691000,  32.0129000, 35.3012000, -37.9740000, -12.6860000, 7.0190000, 101221.910000,       0,       0,       0
 5.060, 0.0664000 , -0.1148000, 9.6816000, 29.8462000,  32.1045000, 35.3622000, -37.9750000, -12.3430000, 6.7830000, 101221.910000,       0,       0,       0
 5.070, 0.0760000 , -0.1136000, 9.6840000, 29.7012000,  32.3257000, 35.4919000, -37.8740000, -12.4210000, 7.2940000, 101222.090000,       0,       0,       0
 5.080, 0.0760000 , -0.1268000, 9.6840000, 29.4952000,  32.6614000, 35.6369000, -37.7950000, -12.4780000, 6.6780000, 101222.090000,       0,       0,       0
 5.090, 0.0652000 , -0.1471000, 9.6816000, 29.3198000,  32.9132000, 35.7437000, -37.7100000, -12.4930000, 7.2960000, 101220.130000,       0,       0,       0
 5.100, 0.0508000 , -0.1675000, 9.6768000, 29.2740000,  32.9819000, 35.7742000, -38.0880000, -12.6510000, 6.7190000, 101220.130000,       0,       0,       0
 5.110, 0.0353000 , -0.1782000, 9.6720000, 29.3884000,  32.8293000, 35.7132000, -38.3570000, -12.7550000, 7.3850000, 101221.350000,       0,       0,       0
 5.120, 0.0293000 , -0.1771000, 9.6696000, 29.6249000,  32.4860000, 35.6064000, -37.9820000, -12.5720000, 7.2620000, 101221.350000,       0,       0,       0
 5.130, 0.0365000 , -0.1627000, 9.6696000, 29.8920000,  32.1655000, 35.4538000, -38.0670000, -12.4930000, 7.2460000, 101219.800000,       0,       0,       0
 5.140, 0.0556000 , -0.1412000, 9.6720000, 30.1590000,  31.9824000, 35.2402000, -37.9470000, -12.6810000, 6.9530000, 101219.800000,       0,       0,       0
 5.150, 0.0772000 , -0.1232000, 9.6744000, 30.4108000,  32.0358000, 34.9579000, -38.0680000, -12.9540000, 7.3620000, 101221.480000,       0,       0,       0
 5.160, 0.0915000 , -0.1125000, 9.6780000, 30.5405000,  32.3334000, 34.6603000, -37.8440000, -12.9440000, 7.1120000, 101221.480000,       0,       0,       0
 5.170, 0.0927000 , -0.1065000, 9.6816000, 30.4718000,  32.7606000, 34.4238000, -38.1670000, -12.4510000, 7.5570000, 101220.480000,       0,       0,       0
 5.180, 0.0807000 , -0.1065000, 9.6828000, 30.2353000,  33.1345000, 34.3399000, -38.3550000, -12.6830000, 6.9560000, 101220.480000,       0,       0,       0
 5.190, 0.0580000 , -0.1148000, 9.6792000, 29.9835000,  33.3252000, 34.4772000, -38.0660000, -12.6720000, 6.7440000, 101221.350000,       0,       0,       0
 5.200, 0.0305000 , -0.1256000, 9.6756000, 29.8157000,  33.2642000, 34.7748000, -38.0190000, -12.7250000, 6.8790000, 101221.350000,       0,       0,       0
 5.210, 0.0138000 , -0.1340000, 9.6720000, 29.7699000,  32.9208000, 35.0494000, -38.2310000, -12.7230000, 7.4240000, 101219.270000,       0,       0,       0
 5.220, 0.0126000 , -0.1364000, 9.6696000, 29.8004000,  32.4020000, 35.1715000, -38.0280000, -12.5760000, 7.4450000, 101219.270000,       0,       0,       0
 5.230, 0.0233000 , -0.1316000, 9.6708000, 29.8691000,  31.9061000, 35.1257000, -38.1050000, -12.7110000, 7.0470000, 101219.270000,       0,       0,       0
 5.240, 0.0449000 , -0.1256000, 9.6732000, 29.9530000,  31.5704000, 35.0266000, -38.3900000, -12.4010000, 7.1580000, 101219.270000,       0,       0,       0
 5.250, 0.0676000 , -0.1268000, 9.6756000, 30.0217000,  31.5094000, 34.9655000, -38.2410000, -12.5810000, 7.9460000, 101220.250000,       0,       0,       0
 5.260, 0.0843000 , -0.1328000, 9.6804000, 30.0293000,  31.7383000, 34.9655000, -38.1630000, -12.6390000, 7.6240000, 101220.250000,       0,       0,       0
 5.270, 0.0951000 , -0.1412000, 9.6840000, 29.9530000,  32.1350000, 34.9960000, -38.0710000, -12.7630000, 7.4530000, 101220.250000,       0,       0,       0
 5.280, 0.0939000 , -0.1448000, 9.6852000, 29.7852000,  32.5928000, 35.0571000, -38.3110000, -12.5510000, 6.7570000, 101220.250000,       0,       0,       0
 5.290, 0.0843000 , -0.1459000, 9.6828000, 29.6021000,  32.9742000, 35.1562000, -38.1780000, -12.7560000, 6.9910000, 101220.000000,       0,       0,       0
 5.300, 0.0664000 , -0.1471000, 9.6792000, 29.5105000,  33.1573000, 35.2478000, -38.1810000, -12.5350000, 7.0990000, 101220.000000,       0,       0,       0
 5.310, 0.0484000 , -0.1483000, 9.6768000, 29.5563000,  33.0963000, 35.2707000, -38.2380000, -12.8730000, 6.8100000, 101223.340000,       0,       0,       0
 5.320, 0.0389000 , -0.1412000, 9.6744000, 29.6783000,  32.8293000, 35.1715000, -38.1000000, -12.7700000, 6.7690000, 101223.340000,       0,       0,       0
 5.330, 0.0353000 , -0.1292000, 9.6744000, 29.7928000,  32.4707000, 35.0113000, -38.2120000, -12.6320000, 6.3210000, 101221.550000,       0,       0,       0
 5.340, 0.0401000 , -0.1184000, 9.6744000, 29.8615000,  32.1350000, 34.9045000, -38.0770000, -12.5310000, 6.9460000, 101221.550000,       0,       0,       0
 5.350, 0.0496000 , -0.1125000, 9.6744000, 29.9377000,  31.9290000, 34.8969000, -38.0540000, -12.5950000, 7.2240000, 101220.140000,       0,       0,       0
 5.360, 0.0616000 , -0.1101000, 9.6744000, 29.9988000,  31.8832000, 34.9579000, -38.1470000, -12.4940000, 6.8320000, 101220.140000,       0,       0,       0
 5.370, 0.0748000 , -0.1125000, 9.6744000, 30.0446000,  31.9901000, 35.0037000, -38.3160000, -12.5060000, 6.8190000, 101221.700000,       0,       0,       0
 5.380, 0.0831000 , -0.1184000, 9.6732000, 30.1132000,  32.1808000, 34.9579000, -38.3600000, -12.5570000, 7.5210000, 101221.700000,       0,       0,       0
 5.390, 0.0855000 , -0.1304000, 9.6744000, 30.1819000,  32.3639000, 34.8053000, -38.0200000, -12.6400000, 7.2400000, 101221.710000,       0,       0,       0
 5.400, 0.0819000 , -0.1424000, 9.6744000, 30.2124000,  32.4783000, 34.6146000, -38.1790000, -12.6360000, 6.8840000, 101221.710000,       0,       0,       0
 5.410, 0.0772000 , -0.1471000, 9.6756000, 30.1437000,  32.5699000, 34.5001000, -38.4080000, -12.5980000, 7.1070000, 101219.120000,       0,       0,       0
 5.420, 0.0772000 , -0.1436000, 9.6780000, 29.9606000,  32.7301000, 34.5840000, -38.0930000, -12.9710000, 6.5960000, 101219.120000,       0,       0,       0
 5.430, 0.0796000 , -0.1352000, 9.6780000, 29.7394000,  32.9208000, 34.8587000, -38.1900000, -12.7170000, 7.3770000, 101221.090000,       0,       0,       0
 5.440, 0.0796000 , -0.1244000, 9.6780000, 29.5334000,  33.1345000, 35.2173000, -38.3200000, -12.7820000, 7.6640000, 101221.090000,       0,       0,       0
 5.450, 0.0748000 , -0.1232000, 9.6768000, 29.3655000,  33.3481000, 35.5682000, -38.2440000, -12.9870000, 7.4340000, 101221.160000,       0,       0,       0
 5.460, 0.0664000 , -0.1304000, 9.6756000, 29.2892000,  33.4167000, 35.7590000, -38.3100000, -12.7940000, 6.7880000, 101221.160000,       0,       0,       0
 5.470, 0.0616000 , -0.1400000, 9.6744000, 29.3427000,  33.3481000, 35.7361000, -38.4550000, -13.0560000, 6.7680000, 101219.690000,       0,       0,       0
 5.480, 0.0628000 , -0.1436000, 9.6744000, 29.4952000,  33.2336000, 35.5225000, -38.4660000, -12.6420000, 6.7350000, 101219.690000,       0,       0,       0
 5.490, 0.0676000 , -0.1459000, 9.6744000, 29.6783000,  33.1039000, 35.2097000, -38.4410000, -12.8190000, 6.6860000, 101219.450000,       0,       0,       0
 5.500, 0.0688000 , -0.1459000, 9.6744000, 29.8615000,  33.0353000, 34.9197000, -38.0890000, -12.6870000, 6.8640000, 101219.450000,       0,       0,       0
 5.510, 0.0664000 , -0.1424000, 9.6768000, 29.9835000,  33.0353000, 34.7214000, -38.3740000, -12.8660000, 6.8680000, 101223.080000,       0,       0,       0
 5.520, 0.0640000 , -0.1280000, 9.6768000, 30.0217000,  33.0811000, 34.6451000, -37.9630000, -12.9710000, 6.1070000, 101223.080000,       0,       0,       0
 5.530, 0.0640000 , -0.1065000, 9.6756000, 29.9606000,  33.1421000, 34.6680000, -38.1700000, -13.0260000, 6.6860000, 101219.270000,       0,       0,       0
 5.540, 0.0592000 , -0.0921000, 9.6744000, 29.8615000,  33.1879000, 34.7748000, -37.7100000, -12.4220000, 7.0050000, 101219.270000,       0,       0,       0
 5.550, 0.0461000 , -0.0945000, 9.6720000, 29.7852000,  33.0429000, 34.9503000, -38.3550000, -12.6660000, 6.8050000, 101220.320000,       0,       0,       0
 5.560, 0.0425000 , -0.1089000, 9.6708000, 29.8157000,  32.8217000, 35.0113000, -38.1240000, -12.9810000, 6.9710000, 101220.320000,       0,       0,       0
 5.570, 0.0437000 , -0.1256000, 9.6684000, 29.8920000,  32.5699000, 35.0113000, -38.2940000, -12.9650000, 7.3340000, 101220.290000,       0,       0,       0
 5.580, 0.0496000 , -0.1424000, 9.6708000, 29.9911000,  32.3257000, 34.9655000, -38.1620000, -12.5960000, 6.9350000, 101220.290000,       0,       0,       0
 5.590, 0.0604000 , -0.1543000, 9.6732000, 30.0751000,  32.2113000, 34.9045000, -38.0510000, -12.7720000, 7.5250000, 101219.220000,       0,       0,       0
 5.600, 0.0700000 , -0.1531000, 9.6768000, 30.0903000,  32.2571000, 34.8816000, -38.1950000, -12.4640000, 7.3120000, 101219.220000,       0,       0,       0
 5.610, 0.0796000 , -0.1376000, 9.6792000, 29.9988000,  32.4020000, 34.9045000, -38.4510000, -12.5700000, 7.1190000, 101219.410000,       0,       0,       0
 5.620, 0.0807000 , -0.1196000, 9.6804000, 29.8157000,  32.6385000, 35.0189000, -38.1350000, -13.1000000, 6.7190000, 101219.410000,       0,       0,       0
 5.630, 0.0736000 , -0.1065000, 9.6804000, 29.6249000,  32.8293000, 35.2402000, -38.1620000, -12.7690000, 7.2580000, 101221.550000,       0,       0,       0
 5.640, 0.0664000 , -0.1029000, 9.6792000, 29.5029000,  32.8979000, 35.4462000, -38.1510000, -13.0520000, 7.0690000, 101221.550000,       0,       0,       0
 5.650, 0.0628000 , -0.1053000, 9.6744000, 29.4647000,  32.8751000, 35.5377000, -38.4900000, -12.8820000, 7.6090000, 101219.390000,       0,       0,       0
 5.660, 0.0628000 , -0.1148000, 9.6732000, 29.4647000,  32.8293000, 35.5530000, -37.8880000, -12.8450000, 7.8020000, 101219.390000,       0,       0,       0
 5.670, 0.0640000 , -0.1256000, 9.6732000, 29.4495000,  32.8140000, 35.5682000, -38.0970000, -13.1630000, 6.8060000, 101221.140000,       0,       0,       0
 5.680, 0.0652000 , -0.1412000, 9.6732000, 29.4418000,  32.8293000, 35.6064000, -38.1340000, -12.7600000, 7.2680000, 101221.140000,       0,       0,       0
 5.690, 0.0688000 , -0.1531000, 9.6732000, 29.4495000,  32.9056000, 35.6598000, -38.3310000, -12.9020000, 7.1870000, 101222.910000,       0,       0,       0
 5.700, 0.0676000 , -0.1603000, 9.6744000, 29.4800000,  32.9895000, 35.6903000, -37.9800000, -12.4060000, 6.6040000, 101222.910000,       0,       0,       0
 5.710, 0.0616000 , -0.1627000, 9.6744000, 29.5639000,  32.9895000, 35.6522000, -38.1250000, -12.7730000, 7.6480000, 101221.670000,       0,       0,       0
 5.720, 0.0556000 , -0.1615000, 9.6744000, 29.7241000,  32.8903000, 35.5301000, -37.7770000, -12.9340000, 7.2810000, 101221.670000,       0,       0,       0
 5.730, -0.0526000, 4.5256000 , 0.0000000, 30.4718000, 209.4421000, 19.7678000, -38.4660000, -13.0870000, 7.9030000, 101218.380000,       0,       0,       0
 5.740, 0.0616000 , -0.1244000, 9.6720000, 30.1666000,  32.5775000, 35.1181000, -38.2760000, -12.6170000, 7.2190000, 101218.380000,       0,       0,       0
 5.750, 0.0676000 , -0.1041000, 9.6732000, 30.3421000,  32.5546000, 34.9655000, -38.0100000, -12.8100000, 8.0160000, 101221.380000,       0,       0,       0
 5.760, 0.0700000 , -0.0921000, 9.6780000, 30.4184000,  32.6157000, 34.9274000, -38.1200000, -12.8400000, 6.9840000, 101221.380000,       0,       0,       0
 5.770, 0.0676000 , -0.0885000, 9.6816000, 30.3268000,  32.7072000, 34.9808000, -38.2030000, -13.1680000, 7.4850000, 101220.250000,       0,       0,       0
 5.780, 0.0628000 , -0.0969000, 9.6816000, 30.1208000,  32.7682000, 35.0952000, -38.1800000, -13.0660000, 7.1870000, 101220.250000,       0,       0,       0
 5.790, 0.0592000 , -0.1148000, 9.6792000, 29.9606000,  32.7835000, 35.2325000, -38.4010000, -12.7700000, 7.7010000, 101220.250000,       0,       0,       0
 5.800, 0.0604000 , -0.1340000, 9.6768000, 29.8996000,  32.7301000, 35.3317000, -38.4250000, -12.8530000, 7.2980000, 101220.250000,       0,       0,       0
 5.810, 0.0652000 , -0.1436000, 9.6756000, 29.9149000,  32.6614000, 35.3165000, -38.4020000, -13.1460000, 7.6070000, 101219.270000,       0,       0,       0
 5.820, 0.0748000 , -0.1448000, 9.6768000, 29.9301000,  32.6462000, 35.2097000, -38.1850000, -12.6910000, 7.4700000, 101219.270000,       0,       0,       0
 5.830, 0.0819000 , -0.1448000, 9.6768000, 29.8996000,  32.7301000, 35.1181000, -37.9590000, -12.9810000, 7.5530000, 101222.590000,       0,       0,       0
 5.840, 0.0819000 , -0.1448000, 9.6792000, 29.8233000,  32.9208000, 35.1486000, -38.3560000, -12.9850000, 6.9780000, 101222.590000,       0,       0,       0
 5.850, 0.0796000 , -0.1471000, 9.6828000, 29.6783000,  33.1573000, 35.3394000, -38.2660000, -12.9810000, 7.5430000, 101219.600000,       0,       0,       0
 5.860, 0.0724000 , -0.1519000, 9.6852000, 29.4418000,  33.3710000, 35.6369000, -38.2580000, -12.8940000, 6.7000000, 101219.600000,       0,       0,       0
 5.870, 0.0652000 , -0.1567000, 9.6840000, 29.1901000,  33.5236000, 35.9116000, -38.6650000, -13.1440000, 6.7390000, 101222.950000,       0,       0,       0
 5.880, 0.0568000 , -0.1603000, 9.6804000, 29.0604000,  33.5770000, 36.0947000, -38.2310000, -13.0380000, 6.8540000, 101222.950000,       0,       0,       0
 5.890, 0.0449000 , -0.1567000, 9.6768000, 29.0985000,  33.4473000, 36.1404000, -38.5110000, -12.8900000, 7.3570000, 101221.600000,       0,       0,       0
 5.900, 0.0353000 , -0.1424000, 9.6732000, 29.2816000,  33.1421000, 36.0260000, -38.4870000, -12.3330000, 6.3450000, 101221.600000,       0,       0,       0
 5.910, 0.0293000 , -0.1196000, 9.6696000, 29.5410000,  32.7072000, 35.7590000, -38.3100000, -12.4420000, 7.0370000, 101220.150000,       0,       0,       0
 5.920, 0.0305000 , -0.0885000, 9.6684000, 29.8157000,  32.2189000, 35.4004000, -38.1260000, -12.4510000, 7.4420000, 101220.150000,       0,       0,       0
 5.930, 0.0389000 , -0.0598000, 9.6684000, 30.0293000,  31.8069000, 35.0571000, -38.3850000, -12.5690000, 7.5960000, 101219.600000,       0,       0,       0
 5.940, 0.0532000 , -0.0407000, 9.6696000, 30.0980000,  31.5704000, 34.8587000, -38.3810000, -12.7580000, 7.4150000, 101219.600000,       0,       0,       0
 5.950, 0.0640000 , -0.0407000, 9.6708000, 30.0446000,  31.5323000, 34.8282000, -38.1800000, -12.3910000, 7.4590000, 101221.930000,       0,       0,       0
 5.960, 0.0736000 , -0.0574000, 9.6720000, 29.9454000,  31.6391000, 34.9274000, -38.0160000, -12.5210000, 7.4670000, 101221.930000,       0,       0,       0
 5.970, 0.0784000 , -0.0873000, 9.6732000, 29.8615000,  31.7917000, 35.0800000, -38.0620000, -12.6460000, 7.6240000, 101220.480000,       0,       0,       0
 5.980, 0.0843000 , -0.1256000, 9.6744000, 29.8538000,  31.9290000, 35.1791000, -37.9580000, -12.7430000, 8.0970000, 101220.480000,       0,       0,       0
 5.990, 0.0939000 , -0.1627000, 9.6768000, 29.8996000,  32.1121000, 35.1791000, -38.1690000, -12.8470000, 7.7940000, 101219.410000,       0,       0,       0
 6.000, 0.1035000 , -0.1950000, 9.6804000, 29.9301000,  32.4097000, 35.1334000, -38.4420000, -12.2740000, 7.2070000, 101219.410000,       0,       0,       0
 6.010, 0.1119000 , -0.2165000, 9.6840000, 29.8920000,  32.8522000, 35.1181000, -38.0300000, -12.7710000, 7.6410000, 101221.730000,       0,       0,       0
 6.020, 0.1119000 , -0.2285000, 9.6864000, 29.7470000,  33.3862000, 35.2173000, -38.0830000, -12.6670000, 7.2790000, 101221.730000,       0,       0,       0
 6.030, 0.0999000 , -0.2261000, 9.6864000, 29.5105000,  33.8516000, 35.4385000, -38.0110000, -12.8380000, 7.5080000, 101220.480000,       0,       0,       0
 6.040, 0.0807000 , -0.2117000, 9.6816000, 29.2511000,  34.1339000, 35.7361000, -38.1850000, -12.9060000, 7.5360000, 101220.480000,       0,       0,       0
 6.050, 0.0568000 , -0.1842000, 9.6756000, 29.0833000,  34.1568000, 36.0031000, -38.4110000, -12.6800000, 8.4480000, 101219.740000,       0,       0,       0
 6.060, 0.0365000 , -0.1471000, 9.6720000, 29.0298000,  33.9127000, 36.1710000, -38.0590000, -12.7500000, 7.6160000, 101219.740000,       0,       0,       0
 6.070, 0.0269000 , -0.1041000, 9.6684000, 29.0451000,  33.4702000, 36.2167000, -38.2890000, -13.0680000, 7.4470000, 101223.430000,       0,       0,       0
 6.080, 0.0281000 , -0.0694000, 9.6672000, 29.0909000,  32.9590000, 36.1938000, -37.9580000, -12.8130000, 6.7480000, 101223.430000,       0,       0,       0
 6.090, 0.0437000 , -0.0467000, 9.6684000, 29.1901000,  32.3410000, 36.0947000, -37.9910000, -12.9250000, 7.9020000, 101224.960000,       0,       0,       0
 6.100, 0.0556000 , -0.0562000, 9.6684000, 29.2511000,  32.1045000, 35.9573000, -38.1700000, -12.7970000, 6.8460000, 101224.960000,       0,       0,       0
 6.110, 0.0628000 , -0.0790000, 9.6696000, 29.3121000,  32.0129000, 35.7742000, -38.1010000, -13.1370000, 7.0280000, 101222.590000,       0,       0,       0
 6.120, 0.0664000 , -0.1029000, 9.6696000, 29.3579000,  31.9977000, 35.6064000, -38.1950000, -12.7360000, 7.4580000, 101222.590000,       0,       0,       0
 6.130, 0.0664000 , -0.1220000, 9.6684000, 29.4342000,  32.0206000, 35.4691000, -38.2480000, -12.9260000, 7.4860000, 101221.520000,       0,       0,       0
 6.140, 0.0676000 , -0.1376000, 9.6696000, 29.5868000,  32.0511000, 35.3546000, -38.0330000, -12.8610000, 7.7270000, 101221.520000,       0,       0,       0
 6.150, 0.0748000 , -0.1448000, 9.6708000, 29.8157000,  32.0816000, 35.2173000, -38.1150000, -13.1160000, 7.9340000, 101222.730000,       0,       0,       0
 6.160, 0.0831000 , -0.1436000, 9.6732000, 30.0446000,  32.1732000, 35.0113000, -38.1230000, -12.9160000, 7.3080000, 101222.730000,       0,       0,       0
 6.170, 0.0939000 , -0.1436000, 9.6768000, 30.1666000,  32.3486000, 34.8129000, -38.6490000, -13.0350000, 7.5810000, 101221.980000,       0,       0,       0
 6.180, 0.0987000 , -0.1448000, 9.6780000, 30.1743000,  32.6309000, 34.6985000, -38.0860000, -12.8780000, 7.1740000, 101221.980000,       0,       0,       0
 6.190, 0.0903000 , -0.1507000, 9.6816000, 30.0827000,  32.9285000, 34.7214000, -38.3230000, -12.7070000, 7.9420000, 101223.270000,       0,       0,       0
 6.200, 0.0807000 , -0.1543000, 9.6828000, 29.9072000,  33.1955000, 34.8892000, -37.9500000, -12.4900000, 7.3470000, 101223.270000,       0,       0,       0
 6.210, 0.0688000 , -0.1543000, 9.6816000, 29.7012000,  33.3176000, 35.0952000, -38.1960000, -12.4210000, 7.8800000, 101221.520000,       0,       0,       0
 6.220, 0.0592000 , -0.1495000, 9.6780000, 29.5334000,  33.2642000, 35.2859000, -38.2790000, -12.6340000, 7.9260000, 101221.520000,       0,       0,       0
 6.230, 0.0496000 , -0.1424000, 9.6756000, 29.4724000,  33.0734000, 35.4233000, -38.0550000, -12.5380000, 7.7420000, 101222.140000,       0,       0,       0
 6.240, 0.0449000 , -0.1304000, 9.6732000, 29.5029000,  32.7377000, 35.4843000, -38.1400000, -12.7100000, 7.1560000, 101222.140000,       0,       0,       0
 6.250, 0.0449000 , -0.1196000, 9.6732000, 29.5792000,  32.3639000, 35.4996000, -38.0670000, -12.7230000, 7.8020000, 101219.540000,       0,       0,       0
 6.260, 0.0496000 , -0.1089000, 9.6744000, 29.6173000,  32.0740000, 35.4843000, -38.2970000, -12.4800000, 7.3210000, 101219.540000,       0,       0,       0
 6.270, 0.0604000 , -0.1029000, 9.6756000, 29.6326000,  31.8909000, 35.4767000, -38.2150000, -12.7060000, 7.2240000, 101223.430000,       0,       0,       0
 6.280, 0.0736000 , -0.1065000, 9.6768000, 29.6860000,  31.8680000, 35.4843000, -38.3660000, -13.1740000, 7.3780000, 101223.430000,       0,       0,       0
 6.290, 0.0819000 , -0.1160000, 9.6768000, 29.7852000,  31.9977000, 35.4767000, -38.0760000, -12.7380000, 7.6750000, 101221.410000,       0,       0,       0
 6.300, 0.0867000 , -0.1304000, 9.6768000, 29.8996000,  32.1655000, 35.4080000, -37.9460000, -12.7800000, 7.4060000, 101221.410000,       0,       0,       0
 6.310, 0.0867000 , -0.1436000, 9.6756000, 29.9911000,  32.2723000, 35.2783000, -37.9830000, -12.9970000, 7.2520000, 101220.260000,       0,       0,       0
 6.320, 0.0819000 , -0.1495000, 9.6768000, 30.0751000,  32.3257000, 35.1257000, -37.9590000, -12.8580000, 7.5800000, 101220.260000,       0,       0,       0
 6.330, 0.0784000 , -0.1495000, 9.6768000, 30.1819000,  32.2952000, 34.9884000, -38.0410000, -12.6900000, 7.9930000, 101221.910000,       0,       0,       0
 6.340, 0.0831000 , -0.1471000, 9.6756000, 30.2963000,  32.2723000, 34.8663000, -38.1820000, -12.8460000, 7.6800000, 101221.910000,       0,       0,       0
 6.350, 0.0915000 , -0.1471000, 9.6756000, 30.3421000,  32.3334000, 34.7900000, -38.1800000, -12.5410000, 7.8660000, 101223.480000,       0,       0,       0
 6.360, 0.0999000 , -0.1495000, 9.6804000, 30.2505000,  32.5699000, 34.8358000, -37.9060000, -12.6540000, 7.7890000, 101223.480000,       0,       0,       0
 6.370, 0.1035000 , -0.1543000, 9.6852000, 30.0064000,  32.9590000, 35.0189000, -38.0520000, -12.6780000, 6.9030000, 101223.460000,       0,       0,       0
 6.380, 0.0999000 , -0.1591000, 9.6887000, 29.6707000,  33.3862000, 35.3317000, -38.1980000, -12.8610000, 7.7860000, 101223.460000,       0,       0,       0
 6.390, 0.0915000 , -0.1627000, 9.6864000, 29.3350000,  33.7372000, 35.6674000, -38.2850000, -12.7190000, 7.3460000, 101219.340000,       0,       0,       0
 6.400, 0.0760000 , -0.1663000, 9.6804000, 29.1214000,  33.8974000, 35.9116000, -38.2430000, -12.8200000, 6.7670000, 101219.340000,       0,       0,       0
 6.410, 0.0580000 , -0.1627000, 9.6744000, 29.0985000,  33.7906000, 36.0031000, -38.2830000, -13.0470000, 7.2090000, 101219.790000,       0,       0,       0
 6.420, 0.0461000 , -0.1483000, 9.6696000, 29.2587000,  33.4244000, 35.9650000, -38.2640000, -12.8620000, 7.2570000, 101219.790000,       0,       0,       0
 6.430, 0.0425000 , -0.1220000, 9.6660000, 29.4724000,  32.9132000, 35.8734000, -38.4720000, -12.8350000, 7.9730000, 101223.350000,       0,       0,       0
 6.440, 0.0532000 , -0.0945000, 9.6636000, 29.6707000,  32.4860000, 35.8276000, -38.1620000, -12.8390000, 8.1700000, 101223.350000,       0,       0,       0
 6.450, 0.0676000 , -0.0742000, 9.6648000, 29.8615000,  32.3181000, 35.9039000, -38.4250000, -12.7660000, 8.5440000, 101223.460000,       0,       0,       0
 6.460, 0.0784000 , -0.0598000, 9.6684000, 29.9911000,  32.4097000, 36.0641000, -38.0740000, -12.7730000, 8.0720000, 101223.460000,       0,       0,       0
 6.470, 0.0879000 , -0.0502000, 9.6720000, 29.9683000,  32.6920000, 36.1938000, -38.3180000, -12.7160000, 8.2780000, 101218.080000,       0,       0,       0
 6.480, 0.0999000 , -0.0598000, 9.6756000, 29.7928000,  33.0811000, 36.2320000, -38.1950000, -12.4850000, 8.0910000, 101218.080000,       0,       0,       0
 6.490, 0.1023000 , -0.0933000, 9.6768000, 29.6021000,  33.4625000, 36.1786000, -38.1580000, -12.6780000, 8.1950000, 101219.920000,       0,       0,       0
 6.500, 0.0891000 , -0.1436000, 9.6768000, 29.5563000,  33.6914000, 36.0260000, -38.1450000, -12.8440000, 7.6120000, 101219.920000,       0,       0,       0
 6.510, 0.0700000 , -0.1890000, 9.6708000, 29.7546000,  33.5999000, 35.7742000, -38.2120000, -12.8540000, 7.9970000, 101221.410000,       0,       0,       0
 6.520, 0.0329000 , -0.2022000, 9.6672000, 30.1437000,  33.1650000, 35.4538000, -38.0390000, -12.6940000, 7.5570000, 101221.410000,       0,       0,       0
 6.530, 0.0281000 , -0.1806000, 9.6660000, 30.5939000,  32.5470000, 35.1028000, -38.3650000, -12.6770000, 7.8300000, 101220.130000,       0,       0,       0
 6.540, 0.0473000 , -0.1400000, 9.6708000, 30.9448000,  31.9672000, 34.7672000, -38.5180000, -12.6810000, 7.4520000, 101220.130000,       0,       0,       0
 6.550, 0.0688000 , -0.1101000, 9.6816000, 30.9219000,  31.7383000, 34.6451000, -38.2120000, -12.7240000, 7.3850000, 101221.880000,       0,       0,       0
 6.560, 0.0915000 , -0.1089000, 9.6911000, 30.4871000,  31.9595000, 34.9045000, -38.2200000, -12.9270000, 7.2500000, 101221.880000,       0,       0,       0
 6.570, 0.1083000 , -0.1328000, 9.6935000, 29.8615000,  32.5470000, 35.4843000, -38.4030000, -12.7870000, 7.7420000, 101221.430000,       0,       0,       0
 6.580, 0.1166000 , -0.1759000, 9.6911000, 29.3274000,  33.2642000, 36.0947000, -38.2780000, -12.6830000, 6.9050000, 101221.430000,       0,       0,       0
 6.590, 0.1011000 , -0.2082000, 9.6852000, 29.0222000,  33.7372000, 36.4609000, -38.1990000, -12.9190000, 7.0720000, 101219.760000,       0,       0,       0
 6.600, 0.0676000 , -0.2237000, 9.6804000, 29.0070000,  33.8440000, 36.4380000, -38.3840000, -12.8900000, 7.1560000, 101219.760000,       0,       0,       0
 6.610, 0.0544000 , -0.2117000, 9.6732000, 29.2358000,  33.6914000, 36.0641000, -38.4750000, -12.6870000, 7.7470000, 101223.300000,       0,       0,       0
 6.620, 0.0461000 , -0.1735000, 9.6696000, 29.6249000,  33.3328000, 35.5301000, -38.3070000, -12.6630000, 6.8990000, 101223.300000,       0,       0,       0
 6.630, 0.0449000 , -0.1184000, 9.6684000, 30.0140000,  32.9666000, 35.0723000, -38.3560000, -12.5460000, 7.2490000, 101223.160000,       0,       0,       0
 6.640, 0.0484000 , -0.0646000, 9.6696000, 30.2200000,  32.6462000, 34.8663000, -38.2610000, -12.5450000, 7.4340000, 101223.160000,       0,       0,       0
 6.650, 0.0592000 , -0.0263000, 9.6720000, 30.1971000,  32.3639000, 34.9655000, -38.0450000, -12.5360000, 7.7230000, 101221.550000,       0,       0,       0
 6.660, 0.0640000 , -0.0371000, 9.6744000, 30.1437000,  32.3410000, 35.1486000, -38.4940000, -12.7280000, 7.0390000, 101221.550000,       0,       0,       0
 6.670, 0.0688000 , -0.0694000, 9.6756000, 30.1285000,  32.3486000, 35.2249000, -38.4980000, -12.9690000, 7.6720000, 101223.100000,       0,       0,       0
 6.680, 0.0700000 , -0.1065000, 9.6768000, 30.1743000,  32.3334000, 35.1105000, -38.4290000, -12.5690000, 7.6060000, 101223.100000,       0,       0,       0
 6.690, 0.0712000 , -0.1352000, 9.6756000, 30.2887000,  32.2495000, 34.8206000, -38.2340000, -12.5240000, 7.5280000, 101220.660000,       0,       0,       0
 6.700, 0.0736000 , -0.1483000, 9.6756000, 30.4489000,  32.1426000, 34.4696000, -38.3660000, -12.8000000, 7.3030000, 101220.660000,       0,       0,       0
 6.710, 0.0760000 , -0.1448000, 9.6756000, 30.5634000,  32.0587000, 34.2331000, -38.2020000, -12.5490000, 6.6940000, 101221.880000,       0,       0,       0
 6.720, 0.0843000 , -0.1316000, 9.6756000, 30.5786000,  32.1121000, 34.1949000, -38.4000000, -12.5690000, 7.3260000, 101221.880000,       0,       0,       0
 6.730, 0.0903000 , -0.1160000, 9.6792000, 30.4184000,  32.3486000, 34.4086000, -38.5970000, -12.7390000, 7.3000000, 101219.950000,       0,       0,       0
 6.740, 0.0915000 , -0.1041000, 9.6852000, 29.9911000,  32.7682000, 34.9045000, -38.2980000, -12.9970000, 7.7760000, 101219.950000,       0,       0,       0
 6.750, 0.0867000 , -0.1017000, 9.6875000, 29.3961000,  33.2489000, 35.5988000, -38.2960000, -12.6940000, 7.7780000, 101221.800000,       0,       0,       0
 6.760, 0.0772000 , -0.1113000, 9.6840000, 28.8315000,  33.6380000, 36.2854000, -38.0940000, -12.6850000, 7.9180000, 101221.800000,       0,       0,       0
 6.770, 0.0616000 , -0.1292000, 9.6780000, 28.4729000,  33.7753000, 36.7661000, -38.1530000, -12.7730000, 7.5690000, 101222.590000,       0,       0,       0
 6.780, 0.0508000 , -0.1459000, 9.6720000, 28.4042000,  33.6227000, 36.9110000, -38.0520000, -12.8220000, 7.3300000, 101222.590000,       0,       0,       0
 6.790, 0.0496000 , -0.1555000, 9.6684000, 28.6102000,  33.2642000, 36.7584000, -38.0880000, -12.7640000, 7.9140000, 101220.880000,       0,       0,       0
 6.800, 0.0568000 , -0.1519000, 9.6696000, 28.9536000,  32.8903000, 36.3998000, -38.1910000, -12.6600000, 7.8500000, 101220.880000,       0,       0,       0
 6.810, 0.0724000 , -0.1364000, 9.6732000, 29.2664000,  32.6920000, 35.9955000, -38.1710000, -12.9140000, 7.6660000, 101220.770000,       0,       0,       0
 6.820, 0.0819000 , -0.1220000, 9.6792000, 29.4418000,  32.6996000, 35.6903000, -38.0280000, -12.9500000, 7.2280000, 101220.770000,       0,       0,       0
 6.830, 0.0843000 , -0.1125000, 9.6840000, 29.4495000,  32.8522000, 35.5072000, -38.2120000, -13.1200000, 7.9340000, 101221.640000,       0,       0,       0
 6.840, 0.0796000 , -0.1113000, 9.6816000, 29.3579000,  33.0276000, 35.3775000, -38.1480000, -12.9190000, 7.3370000, 101221.640000,       0,       0,       0
 6.850, 0.0664000 , -0.1136000, 9.6780000, 29.2740000,  33.1039000, 35.2554000, -37.9160000, -12.7290000, 6.8260000, 101220.010000,       0,       0,       0
 6.860, 0.0461000 , -0.1220000, 9.6732000, 29.3121000,  32.9361000, 35.2020000, -38.0410000, -12.7390000, 7.2630000, 101220.010000,       0,       0,       0
 6.870, 0.0317000 , -0.1244000, 9.6708000, 29.4800000,  32.5851000, 35.2325000, -38.1130000, -12.7610000, 7.6930000, 101220.440000,       0,       0,       0
 6.880, 0.0329000 , -0.1196000, 9.6684000, 29.7241000,  32.1579000, 35.2859000, -37.6840000, -12.8980000, 7.4310000, 101220.440000,       0,       0,       0
 6.890, 0.0484000 , -0.1113000, 9.6672000, 29.9835000,  31.7764000, 35.3012000, -38.4350000, -12.9130000, 7.8150000, 101223.580000,       0,       0,       0
 6.900, 0.0736000 , -0.1101000, 9.6708000, 30.1514000,  31.5857000, 35.2554000, -38.2920000, -12.9480000, 7.9850000, 101223.580000,       0,       0,       0
 6.910, 0.0987000 , -0.1208000, 9.6768000, 30.1514000,  31.7001000, 35.1944000, -38.4060000, -12.7400000, 7.8860000, 101220.130000,       0,       0,       0
 6.920, 0.1095000 , -0.1448000, 9.6852000, 29.9454000,  32.0969000, 35.2325000, -38.3030000, -12.9020000, 7.9000000, 101220.130000,       0,       0,       0
 6.930, 0.1107000 , -0.1771000, 9.6887000, 29.5639000,  32.6462000, 35.4309000, -38.3660000, -12.7430000, 7.5970000, 101220.230000,       0,       0,       0
 6.940, 0.1047000 , -0.2094000, 9.6852000, 29.2206000,  33.2031000, 35.7437000, -38.1340000, -12.8600000, 7.5820000, 101220.230000,       0,       0,       0
 6.950, 0.0879000 , -0.2249000, 9.6816000, 29.0680000,  33.6075000, 36.0260000, -38.0020000, -12.7580000, 7.0510000, 101219.700000,       0,       0,       0
 6.960, 0.0712000 , -0.2094000, 9.6768000, 29.1061000,  33.7143000, 36.1404000, -38.3480000, -12.8610000, 7.5150000, 101219.700000,       0,       0,       0
 6.970, 0.0544000 , -0.1711000, 9.6732000, 29.2130000,  33.5236000, 36.1099000, -38.4810000, -12.9740000, 8.0150000, 101220.460000,       0,       0,       0
 6.980, 0.0437000 , -0.1292000, 9.6720000, 29.3350000,  33.1955000, 36.0413000, -38.1490000, -12.9120000, 7.4730000, 101220.460000,       0,       0,       0
 6.990, 0.0473000 , -0.0957000, 9.6708000, 29.4724000,  32.8674000, 35.9955000, -38.3920000, -12.8690000, 7.6430000, 101222.760000,       0,       0,       0
 7.000, 0.0616000 , -0.0706000, 9.6720000, 29.5868000,  32.6004000, 35.9268000, -38.3790000, -12.9850000, 7.5720000, 101222.760000,       0,       0,       0
 7.010, 0.0760000 , -0.0670000, 9.6744000, 29.6021000,  32.5012000, 35.8353000, -38.4420000, -12.8050000, 7.8340000, 101218.500000,       0,       0,       0
 7.020, 0.0819000 , -0.0873000, 9.6756000, 29.5258000,  32.5623000, 35.7819000, -38.5310000, -12.6640000, 7.0930000, 101218.500000,       0,       0,       0
 7.030, 0.0819000 , -0.1184000, 9.6792000, 29.4647000,  32.6920000, 35.7971000, -38.1690000, -12.8960000, 7.3740000, 101220.590000,       0,       0,       0
 7.040, 0.0796000 , -0.1471000, 9.6792000, 29.4800000,  32.8293000, 35.8429000, -38.3910000, -12.9470000, 6.6730000, 101220.590000,       0,       0,       0
 7.050, 0.0712000 , -0.1579000, 9.6780000, 29.5410000,  32.8751000, 35.8353000, -38.3620000, -12.7670000, 7.5570000, 101220.770000,       0,       0,       0
 7.060, 0.0592000 , -0.1519000, 9.6744000, 29.6021000,  32.7911000, 35.7666000, -38.3580000, -12.5760000, 6.8080000, 101220.770000,       0,       0,       0
 7.070, 0.0508000 , -0.1352000, 9.6720000, 29.6631000,  32.5928000, 35.6903000, -38.0540000, -12.6580000, 7.0520000, 101222.460000,       0,       0,       0
 7.080, 0.0544000 , -0.1232000, 9.6684000, 29.7623000,  32.3486000, 35.6750000, -38.5210000, -12.5900000, 7.0160000, 101222.460000,       0,       0,       0
 7.090, 0.0676000 , -0.1160000, 9.6696000, 29.9301000,  32.2189000, 35.7513000, -38.3580000, -12.7280000, 6.8520000, 101219.950000,       0,       0,       0
 7.100, 0.0867000 , -0.1184000, 9.6732000, 30.0369000,  32.3486000, 35.8887000, -38.1390000, -12.9440000, 7.2260000, 101219.950000,       0,       0,       0
 7.110, 0.1083000 , -0.1340000, 9.6792000, 29.9454000,  32.7530000, 36.0947000, -38.2270000, -12.4440000, 7.0180000, 101220.440000,       0,       0,       0
 7.120, 0.1226000 , -0.1603000, 9.6840000, 29.6936000,  33.3557000, 36.3388000, -38.4300000, -12.6050000, 6.9810000, 101220.440000,       0,       0,       0
 7.130, 0.1226000 , -0.1854000, 9.6852000, 29.4571000,  34.0500000, 36.5601000, -38.6670000, -12.8650000, 6.9150000, 101219.820000,       0,       0,       0
 7.140, 0.1107000 , -0.2046000, 9.6852000, 29.2969000,  34.5993000, 36.6287000, -38.1540000, -12.8310000, 7.3520000, 101219.820000,       0,       0,       0
 7.150, 0.0951000 , -0.2189000, 9.6792000, 29.1977000,  34.8587000, 36.5601000, -38.2850000, -12.5530000, 7.6190000, 101220.520000,       0,       0,       0
 7.160, 0.0461000 , -0.2129000, 9.6768000, 29.2282000,  34.6527000, 36.3617000, -38.3380000, -12.7800000, 7.1610000, 101220.520000,       0,       0,       0
 7.170, 0.0197000 , -0.1938000, 9.6708000, 29.4647000,  34.1873000, 36.1023000, -38.4040000, -12.4650000, 7.2690000, 101222.350000,       0,       0,       0
 7.180, 0.0078000 , -0.1615000, 9.6696000, 29.7699000,  33.6075000, 35.8658000, -38.4720000, -12.4320000, 7.5620000, 101222.350000,       0,       0,       0
 7.190, 0.0114000 , -0.1232000, 9.6732000, 29.9759000,  33.0200000, 35.6598000, -38.5950000, -12.6350000, 7.3630000, 101222.410000,       0,       0,       0
 7.200, 0.0437000 , -0.0825000, 9.6792000, 29.9759000,  32.6614000, 35.4004000, -38.4620000, -12.6300000, 7.6640000, 101222.410000,       0,       0,       0
 7.210, 0.0592000 , -0.0754000, 9.6828000, 29.7852000,  32.7301000, 35.3241000, -38.2130000, -12.4090000, 7.5460000, 101222.470000,       0,       0,       0
 7.220, 0.0676000 , -0.0873000, 9.6816000, 29.5563000,  32.9208000, 35.3317000, -38.1630000, -12.6600000, 7.2950000, 101222.470000,       0,       0,       0
 7.230, 0.0640000 , -0.1101000, 9.6780000, 29.4495000,  33.1039000, 35.3546000, -38.3690000, -12.3930000, 7.3180000, 101219.900000,       0,       0,       0
 7.240, 0.0508000 , -0.1316000, 9.6744000, 29.4800000,  33.1650000, 35.3317000, -38.2140000, -12.5030000, 7.3360000, 101219.900000,       0,       0,       0
 7.250, 0.0413000 , -0.1412000, 9.6720000, 29.6402000,  33.0276000, 35.2097000, -38.2550000, -12.5590000, 7.1270000, 101221.170000,       0,       0,       0
 7.260, 0.0449000 , -0.1436000, 9.6708000, 29.8767000,  32.8369000, 35.0037000, -38.1400000, -12.7800000, 7.5050000, 101221.170000,       0,       0,       0
 7.270, 0.0544000 , -0.1436000, 9.6744000, 30.0980000,  32.7225000, 34.8053000, -38.2660000, -12.8070000, 7.5560000, 101220.570000,       0,       0,       0
 7.280, 0.0712000 , -0.1459000, 9.6780000, 30.2124000,  32.7835000, 34.6756000, -37.9200000, -12.6750000, 7.3210000, 101220.570000,       0,       0,       0
 7.290, 0.0819000 , -0.1483000, 9.6804000, 30.2048000,  33.0811000, 34.6680000, -38.2560000, -12.9770000, 7.2620000, 101223.100000,       0,       0,       0
 7.300, 0.0807000 , -0.1471000, 9.6828000, 30.0903000,  33.4854000, 34.7443000, -38.2390000, -12.6800000, 7.1130000, 101223.100000,       0,       0,       0
 7.310, 0.0664000 , -0.1471000, 9.6840000, 29.8920000,  33.7982000, 34.8663000, -38.4860000, -12.8990000, 7.3980000, 101222.160000,       0,       0,       0
 7.320, 0.0413000 , -0.1471000, 9.6816000, 29.7012000,  33.8440000, 34.9808000, -38.4700000, -12.4230000, 7.1160000, 101222.160000,       0,       0,       0
 7.330, 0.0126000 , -0.1483000, 9.6768000, 29.6860000,  33.5236000, 35.0418000, -38.4380000, -12.5200000, 7.6310000, 101223.230000,       0,       0,       0
 7.340, -0.0006000, -0.1448000, 9.6708000, 29.8920000,  32.8827000, 34.9884000, -38.3790000, -12.7480000, 7.5480000, 101223.230000,       0,       0,       0
 7.350, 0.0090000 , -0.1340000, 9.6684000, 30.2353000,  32.1655000, 34.7824000, -38.2560000, -12.8100000, 7.4360000, 101222.280000,       0,       0,       0
 7.360, 0.0293000 , -0.1172000, 9.6720000, 30.5099000,  31.6544000, 34.5306000, -38.5840000, -12.6380000, 7.6100000, 101222.280000,       0,       0,       0
 7.370, 0.0532000 , -0.1089000, 9.6792000, 30.5176000,  31.4865000, 34.4238000, -38.3150000, -12.5040000, 7.6950000, 101219.820000,       0,       0,       0
 7.380, 0.0640000 , -0.1208000, 9.6852000, 30.3192000,  31.6467000, 34.5764000, -38.1240000, -12.7150000, 7.4600000, 101219.820000,       0,       0,       0
 7.390, 0.0640000 , -0.1448000, 9.6887000, 30.0064000,  31.8985000, 34.8969000, -38.6750000, -12.5650000, 7.6270000, 101220.640000,       0,       0,       0
 7.400, 0.0616000 , -0.1615000, 9.6875000, 29.6478000,  32.1579000, 35.1562000, -38.4940000, -12.7640000, 7.6090000, 101220.640000,       0,       0,       0
 7.410, 0.0532000 , -0.1663000, 9.6828000, 29.3579000,  32.2647000, 35.2554000, -38.4340000, -12.8250000, 7.7040000, 101219.940000,       0,       0,       0
 7.420, 0.0461000 , -0.1567000, 9.6768000, 29.2435000,  32.1655000, 35.2249000, -38.3120000, -12.4510000, 8.1380000, 101219.940000,       0,       0,       0
 7.430, 0.0449000 , -0.1340000, 9.6708000, 29.3121000,  31.9824000, 35.1562000, -38.5030000, -12.5210000, 8.2200000, 101220.670000,       0,       0,       0
 7.440, 0.0556000 , -0.1065000, 9.6672000, 29.5334000,  31.8604000, 35.1181000, -38.4180000, -12.4060000, 7.7430000, 101220.670000,       0,       0,       0
 7.450, 0.0700000 , -0.0885000, 9.6672000, 29.8233000,  31.9290000, 35.1181000, -38.3820000, -12.5860000, 7.7090000, 101221.710000,       0,       0,       0
 7.460, 0.0819000 , -0.0945000, 9.6684000, 30.1056000,  32.1121000, 35.1257000, -38.5040000, -12.5440000, 7.8800000, 101221.710000,       0,       0,       0
 7.470, 0.0843000 , -0.1160000, 9.6720000, 30.2887000,  32.3486000, 35.1410000, -38.4090000, -12.6200000, 7.9640000, 101222.170000,       0,       0,       0
 7.480, 0.0819000 , -0.1400000, 9.6780000, 30.3345000,  32.6538000, 35.1944000, -38.2710000, -12.4320000, 8.2770000, 101222.170000,       0,       0,       0
 7.490, 0.0724000 , -0.1567000, 9.6816000, 30.2658000,  32.8674000, 35.3088000, -38.1480000, -12.4790000, 7.8770000, 101223.570000,       0,       0,       0
 7.500, 0.0604000 , -0.1627000, 9.6816000, 30.1514000,  32.9132000, 35.4843000, -38.0800000, -12.9720000, 7.4100000, 101223.570000,       0,       0,       0
 7.510, 0.0508000 , -0.1603000, 9.6780000, 30.0674000,  32.8064000, 35.6293000, -38.4830000, -12.8300000, 7.9940000, 101219.940000,       0,       0,       0
 7.520, 0.0437000 , -0.1459000, 9.6768000, 30.0293000,  32.5089000, 35.6827000, -38.4240000, -12.2770000, 8.2160000, 101219.940000,       0,       0,       0
 7.530, 0.0484000 , -0.1220000, 9.6744000, 29.9606000,  32.1884000, 35.6369000, -38.6710000, -12.5970000, 8.2140000, 101220.480000,       0,       0,       0
 7.540, 0.0568000 , -0.1017000, 9.6756000, 29.8538000,  32.0129000, 35.6216000, -38.4690000, -12.6160000, 7.2420000, 101220.480000,       0,       0,       0
 7.550, 0.0688000 , -0.0921000, 9.6768000, 29.7470000,  32.0206000, 35.7056000, -38.6000000, -12.8190000, 7.3700000, 101220.470000,       0,       0,       0
 7.560, 0.0819000 , -0.0957000, 9.6792000, 29.6097000,  32.2037000, 35.8047000, -38.2520000, -12.6130000, 7.4630000, 101220.470000,       0,       0,       0
 7.570, 0.0879000 , -0.1172000, 9.6816000, 29.4495000,  32.4402000, 35.8124000, -38.0880000, -12.7650000, 7.3160000, 101221.740000,       0,       0,       0
 7.580, 0.0831000 , -0.1436000, 9.6816000, 29.3427000,  32.6157000, 35.6598000, -38.2980000, -12.8390000, 7.3100000, 101221.740000,       0,       0,       0
 7.590, 0.0712000 , -0.1639000, 9.6792000, 29.3732000,  32.5928000, 35.3622000, -38.3380000, -12.6860000, 7.8960000, 101220.870000,       0,       0,       0
 7.600, 0.0568000 , -0.1699000, 9.6732000, 29.5105000,  32.3486000, 35.0418000, -38.2120000, -12.4510000, 7.0980000, 101220.870000,       0,       0,       0
 7.610, 0.0484000 , -0.1591000, 9.6684000, 29.7699000,  31.9748000, 34.8587000, -38.3940000, -12.6120000, 7.4610000, 101220.740000,       0,       0,       0
 7.620, 0.0508000 , -0.1376000, 9.6696000, 30.1208000,  31.6010000, 34.8282000, -38.4780000, -12.5670000, 7.5220000, 101220.740000,       0,       0,       0
 7.630, 0.0700000 , -0.1089000, 9.6744000, 30.3650000,  31.4178000, 34.8969000, -38.4130000, -12.5960000, 7.3630000, 101224.090000,       0,       0,       0
 7.640, 0.0927000 , -0.0861000, 9.6780000, 30.3574000,  31.4941000, 34.9274000, -38.4200000, -12.6740000, 7.2360000, 101224.090000,       0,       0,       0
 7.650, 0.1023000 , -0.0825000, 9.6828000, 30.1285000,  31.7688000, 34.9274000, -38.2290000, -12.7980000, 7.2340000, 101219.520000,       0,       0,       0
 7.660, 0.1011000 , -0.1017000, 9.6852000, 29.7699000,  32.1045000, 34.9655000, -38.5970000, -12.5720000, 7.0320000, 101219.520000,       0,       0,       0
 7.670, 0.0963000 , -0.1328000, 9.6840000, 29.4342000,  32.3792000, 35.1028000, -38.4390000, -12.8370000, 7.3230000, 101224.020000,       0,       0,       0
 7.680, 0.0891000 , -0.1687000, 9.6804000, 29.2511000,  32.5851000, 35.3394000, -38.2710000, -12.5820000, 7.5980000, 101224.020000,       0,       0,       0
 7.690, 0.0843000 , -0.1926000, 9.6780000, 29.2358000,  32.6920000, 35.6140000, -38.4080000, -12.6480000, 6.9530000, 101220.810000,       0,       0,       0
 7.700, 0.0867000 , -0.1950000, 9.6768000, 29.3350000,  32.7682000, 35.7819000, -38.1110000, -12.5930000, 7.8620000, 101220.810000,       0,       0,       0
 7.710, 0.0927000 , -0.1782000, 9.6756000, 29.4876000,  32.8598000, 35.7208000, -38.2610000, -12.8020000, 7.2190000, 101222.160000,       0,       0,       0
 7.720, 0.0999000 , -0.1543000, 9.6744000, 29.6326000,  32.9590000, 35.4538000, -38.3650000, -12.3460000, 7.9050000, 101222.160000,       0,       0,       0
 7.730, 0.0951000 , -0.1232000, 9.6744000, 29.7012000,  33.0734000, 34.9197000, -38.1770000, -12.4950000, 7.4790000, 101224.250000,       0,       0,       0
 7.740, 0.0819000 , -0.1172000, 9.6756000, 29.6707000,  33.0276000, 34.6756000, -38.3580000, -12.3960000, 7.3940000, 101224.250000,       0,       0,       0
 7.750, 0.0724000 , -0.1208000, 9.6756000, 29.6326000,  32.8751000, 34.5688000, -38.4290000, -12.4890000, 7.2290000, 101221.930000,       0,       0,       0
 7.760, 0.0640000 , -0.1292000, 9.6744000, 29.6021000,  32.6843000, 34.6451000, -38.4370000, -12.1240000, 7.1050000, 101221.930000,       0,       0,       0
 7.770, 0.0604000 , -0.1352000, 9.6732000, 29.6097000,  32.4860000, 34.8740000, -38.1690000, -12.6300000, 7.1360000, 101222.350000,       0,       0,       0
 7.780, 0.0652000 , -0.1376000, 9.6720000, 29.6555000,  32.3105000, 35.1257000, -38.3500000, -12.6760000, 6.7400000, 101222.350000,       0,       0,       0
 7.790, 0.0724000 , -0.1292000, 9.6732000, 29.7165000,  32.2342000, 35.3088000, -38.3030000, -12.6150000, 7.4840000, 101222.950000,       0,       0,       0
 7.800, 0.0819000 , -0.1160000, 9.6732000, 29.7546000,  32.2037000, 35.3546000, -38.4380000, -12.5490000, 7.3420000, 101222.950000,       0,       0,       0
 7.810, 0.0891000 , -0.1065000, 9.6732000, 29.8004000,  32.2342000, 35.3165000, -38.4120000, -12.4870000, 7.1700000, 101223.380000,       0,       0,       0
 7.820, 0.0915000 , -0.1017000, 9.6744000, 29.8462000,  32.2876000, 35.2554000, -38.2340000, -12.4080000, 6.9090000, 101223.380000,       0,       0,       0
 7.830, 0.0939000 , -0.1053000, 9.6780000, 29.8843000,  32.3410000, 35.1791000, -38.4260000, -12.6870000, 7.3840000, 101221.930000,       0,       0,       0
 7.840, 0.0951000 , -0.1172000, 9.6816000, 29.8462000,  32.3944000, 35.1181000, -38.3140000, -12.3730000, 7.0770000, 101221.930000,       0,       0,       0
 7.850, 0.0927000 , -0.1352000, 9.6828000, 29.7165000,  32.5089000, 35.1639000, -38.4370000, -12.4990000, 6.6740000, 101222.410000,       0,       0,       0
 7.860, 0.0927000 , -0.1543000, 9.6828000, 29.5486000,  32.6843000, 35.3470000, -38.2250000, -12.5000000, 6.7750000, 101222.410000,       0,       0,       0
 7.870, 0.0879000 , -0.1711000, 9.6816000, 29.4113000,  32.8674000, 35.6216000, -38.6900000, -12.4650000, 7.2340000, 101219.940000,       0,       0,       0
 7.880, 0.0867000 , -0.1759000, 9.6804000, 29.2969000,  32.9895000, 35.8658000, -38.5420000, -12.6020000, 6.9970000, 101219.940000,       0,       0,       0
 7.890, 0.0831000 , -0.1711000, 9.6768000, 29.2358000,  33.0124000, 35.9573000, -38.5680000, -12.2550000, 6.4900000, 101220.520000,       0,       0,       0
 7.900, 0.0807000 , -0.1627000, 9.6720000, 29.2969000,  32.9208000, 35.8887000, -38.6500000, -12.4100000, 7.4330000, 101220.520000,       0,       0,       0
 7.910, 0.0807000 , -0.1483000, 9.6720000, 29.4876000,  32.7301000, 35.6827000, -38.7070000, -12.6180000, 7.6070000, 101223.980000,       0,       0,       0
 7.920, 0.0819000 , -0.1232000, 9.6720000, 29.6631000,  32.4783000, 35.4233000, -38.9470000, -12.8020000, 7.4570000, 101223.980000,       0,       0,       0
 7.930, 0.0867000 , -0.1041000, 9.6744000, 29.7012000,  32.2723000, 35.2020000, -38.6950000, -12.5910000, 6.5060000, 101224.190000,       0,       0,       0
 7.940, 0.0915000 , -0.0993000, 9.6768000, 29.6707000,  32.1884000, 35.1257000, -38.4810000, -12.7070000, 7.1440000, 101224.190000,       0,       0,       0
 7.950, 0.0939000 , -0.1053000, 9.6792000, 29.6478000,  32.2037000, 35.1715000, -38.2380000, -12.6210000, 7.3400000, 101222.510000,       0,       0,       0
 7.960, 0.0903000 , -0.1172000, 9.6780000, 29.6555000,  32.2113000, 35.2402000, -38.8960000, -12.4980000, 7.0510000, 101222.510000,       0,       0,       0
 7.970, 0.0843000 , -0.1328000, 9.6768000, 29.7012000,  32.1655000, 35.2554000, -38.6020000, -12.7570000, 6.9370000, 101223.980000,       0,       0,       0
 7.980, 0.0819000 , -0.1448000, 9.6780000, 29.7623000,  32.0816000, 35.2325000, -38.7590000, -13.0440000, 7.4200000, 101223.980000,       0,       0,       0
 7.990, 0.0819000 , -0.1483000, 9.6792000, 29.7928000,  31.9519000, 35.2020000, -38.6630000, -12.7240000, 7.1180000, 101220.920000,       0,       0,       0
 8.000, 0.0927000 , -0.1483000, 9.6768000, 29.8004000,  31.8451000, 35.2097000, -38.6810000, -12.9660000, 7.6080000, 101220.920000,       0,       0,       0
 8.010, 0.1071000 , -0.1459000, 9.6756000, 29.8157000,  31.9061000, 35.2478000, -38.5350000, -12.7760000, 7.5110000, 101224.360000,       0,       0,       0
 8.020, 0.1214000 , -0.1436000, 9.6768000, 29.8004000,  32.1732000, 35.3394000, -38.6280000, -12.8610000, 7.4580000, 101224.360000,       0,       0,       0
 8.030, 0.1262000 , -0.1495000, 9.6780000, 29.7394000,  32.5623000, 35.4843000, -38.5970000, -12.7370000, 7.4400000, 101220.640000,       0,       0,       0
 8.040, 0.1262000 , -0.1663000, 9.6792000, 29.6936000,  32.9895000, 35.5988000, -38.5030000, -12.9440000, 7.4550000, 101220.640000,       0,       0,       0
 8.050, 0.1238000 , -0.1794000, 9.6780000, 29.6631000,  33.3710000, 35.5606000, -38.3450000, -13.0020000, 7.6800000, 101218.550000,       0,       0,       0
 8.060, 0.1142000 , -0.1806000, 9.6768000, 29.6631000,  33.6151000, 35.3394000, -38.4040000, -12.9240000, 6.9780000, 101218.550000,       0,       0,       0
 8.070, 0.0963000 , -0.1687000, 9.6756000, 29.6860000,  33.6533000, 35.0418000, -38.7500000, -13.0350000, 7.4140000, 101220.480000,       0,       0,       0
 8.080, 0.0796000 , -0.1495000, 9.6744000, 29.7318000,  33.4854000, 34.8053000, -38.3270000, -12.8390000, 7.4520000, 101220.480000,       0,       0,       0
 8.090, 0.0724000 , -0.1280000, 9.6720000, 29.8462000,  33.2184000, 34.6451000, -38.5110000, -12.9240000, 7.0790000, 101221.480000,       0,       0,       0
 8.100, 0.0712000 , -0.1077000, 9.6720000, 30.0064000,  32.9208000, 34.5688000, -38.7560000, -13.3140000, 7.2040000, 101221.480000,       0,       0,       0
 8.110, 0.0748000 , -0.0957000, 9.6720000, 30.1590000,  32.6462000, 34.5688000, -38.6690000, -13.2330000, 7.4340000, 101220.870000,       0,       0,       0
 8.120, 0.0819000 , -0.0933000, 9.6744000, 30.2582000,  32.4631000, 34.6222000, -38.6120000, -12.7520000, 7.1020000, 101220.870000,       0,       0,       0
 8.130, 0.0903000 , -0.0993000, 9.6768000, 30.2734000,  32.4097000, 34.7061000, -38.4820000, -12.8950000, 7.8030000, 101221.200000,       0,       0,       0
 8.140, 0.0987000 , -0.1101000, 9.6780000, 30.1819000,  32.4402000, 34.8129000, -38.7280000, -12.7470000, 7.4080000, 101221.200000,       0,       0,       0
 8.150, 0.1023000 , -0.1292000, 9.6780000, 30.0217000,  32.5470000, 34.9274000, -38.6620000, -12.5870000, 7.7270000, 101222.040000,       0,       0,       0
 8.160, 0.0999000 , -0.1507000, 9.6780000, 29.8767000,  32.6767000, 35.0571000, -38.4630000, -12.8900000, 7.8520000, 101222.040000,       0,       0,       0
 8.170, 0.0891000 , -0.1711000, 9.6780000, 29.7470000,  32.7377000, 35.1944000, -38.6220000, -12.5750000, 8.1190000, 101217.770000,       0,       0,       0
 8.180, 0.0831000 , -0.1830000, 9.6792000, 29.6783000,  32.7530000, 35.3622000, -38.4060000, -12.8760000, 7.9550000, 101217.770000,       0,       0,       0
 8.190, 0.0951000 , -0.1735000, 9.6780000, 29.7012000,  32.7301000, 35.4462000, -38.4000000, -12.9990000, 7.7430000, 101220.640000,       0,       0,       0
 8.200, 0.1119000 , -0.1519000, 9.6780000, 29.7928000,  32.7606000, 35.3546000, -38.4240000, -12.4770000, 7.1850000, 101220.640000,       0,       0,       0
 8.210, 0.1214000 , -0.1304000, 9.6804000, 29.8462000,  32.9208000, 35.1639000, -38.6780000, -12.8540000, 7.7590000, 101223.080000,       0,       0,       0
 8.220, 0.1238000 , -0.1077000, 9.6792000, 29.8233000,  33.1726000, 34.9731000, -38.6100000, -12.7790000, 7.5460000, 101223.080000,       0,       0,       0
 8.230, 0.1202000 , -0.1053000, 9.6768000, 29.7852000,  33.4244000, 34.8587000, -38.3330000, -12.7520000, 7.8140000, 101222.560000,       0,       0,       0
 8.240, 0.0927000 , -0.1304000, 9.6756000, 29.9225000,  33.4854000, 34.8969000, -38.5950000, -12.6500000, 8.0880000, 101222.560000,       0,       0,       0
 8.250, 0.0652000 , -0.1531000, 9.6768000, 30.1285000,  33.2870000, 35.0647000, -38.5060000, -12.4150000, 8.0500000, 101224.410000,       0,       0,       0
 8.260, 0.0592000 , -0.1603000, 9.6768000, 30.3116000,  32.7606000, 35.3622000, -38.4390000, -12.5130000, 7.3790000, 101224.410000,       0,       0,       0
 8.270, 0.0700000 , -0.1543000, 9.6780000, 30.3650000,  32.3410000, 35.5759000, -38.5560000, -12.4660000, 7.6230000, 101220.640000,       0,       0,       0
 8.280, 0.0867000 , -0.1412000, 9.6792000, 30.3726000,  32.1274000, 35.7590000, -38.6100000, -12.4490000, 6.9460000, 101220.640000,       0,       0,       0
 8.290, 0.1059000 , -0.1220000, 9.6828000, 30.3040000,  32.0511000, 35.7971000, -38.4910000, -12.5370000, 7.4920000, 101220.640000,       0,       0,       0
 8.300, 0.1226000 , -0.1053000, 9.6852000, 30.1590000,  32.1884000, 35.6750000, -38.5830000, -12.8310000, 6.8700000, 101220.640000,       0,       0,       0
 8.310, 0.1274000 , -0.0969000, 9.6852000, 29.9911000,  32.4707000, 35.4385000, -38.2740000, -12.8940000, 7.1180000, 101220.640000,       0,       0,       0
 8.320, 0.1214000 , -0.1017000, 9.6828000, 29.8386000,  32.7454000, 35.1868000, -38.4550000, -12.8390000, 7.8720000, 101220.640000,       0,       0,       0
 8.330, 0.1107000 , -0.1136000, 9.6792000, 29.7318000,  32.9437000, 34.9884000, -38.5250000, -12.4990000, 8.1640000, 101221.310000,       0,       0,       0
 8.340, 0.0927000 , -0.1280000, 9.6768000, 29.7241000,  33.0048000, 34.9045000, -38.4370000, -12.9140000, 7.1660000, 101221.310000,       0,       0,       0
 8.350, 0.0772000 , -0.1328000, 9.6756000, 29.7852000,  32.9056000, 34.9503000, -38.4540000, -12.8810000, 7.2230000, 101222.770000,       0,       0,       0
 8.360, 0.0712000 , -0.1292000, 9.6756000, 29.8309000,  32.8217000, 35.0418000, -38.4160000, -12.6410000, 7.3160000, 101222.770000,       0,       0,       0
 8.370, 0.0819000 , -0.1268000, 9.6756000, 29.8615000,  32.6843000, 35.1410000, -38.4880000, -12.5770000, 7.3300000, 101220.170000,       0,       0,       0
 8.380, 0.0927000 , -0.1220000, 9.6780000, 29.8920000,  32.5394000, 35.2097000, -38.2800000, -12.7560000, 7.2810000, 101220.170000,       0,       0,       0
 8.390, 0.1023000 , -0.1172000, 9.6816000, 29.8767000,  32.5775000, 35.2325000, -38.6360000, -12.7620000, 7.3610000, 101225.020000,       0,       0,       0
 8.400, 0.1107000 , -0.1196000, 9.6828000, 29.7775000,  32.6614000, 35.2173000, -38.5160000, -12.8340000, 7.2550000, 101225.020000,       0,       0,       0
 8.410, 0.1119000 , -0.1292000, 9.6828000, 29.6097000,  32.8217000, 35.1868000, -38.5900000, -12.9810000, 7.7070000, 101221.480000,       0,       0,       0
 8.420, 0.1071000 , -0.1412000, 9.6840000, 29.4571000,  32.9895000, 35.1715000, -38.4460000, -12.5130000, 7.7630000, 101221.480000,       0,       0,       0
 8.430, 0.0987000 , -0.1531000, 9.6804000, 29.4189000,  33.0276000, 35.1715000, -38.4100000, -12.6780000, 7.9350000, 101224.410000,       0,       0,       0
 8.440, 0.0879000 , -0.1567000, 9.6756000, 29.4952000,  32.9742000, 35.2249000, -38.4970000, -12.7940000, 7.3500000, 101224.410000,       0,       0,       0
 8.450, 0.0807000 , -0.1495000, 9.6720000, 29.6249000,  32.7911000, 35.2783000, -38.6160000, -12.6840000, 7.7610000, 101220.640000,       0,       0,       0
 8.460, 0.0784000 , -0.1316000, 9.6708000, 29.7699000,  32.5089000, 35.2859000, -38.6310000, -12.5490000, 7.7860000, 101220.640000,       0,       0,       0
 8.470, 0.0819000 , -0.1160000, 9.6720000, 29.9301000,  32.2418000, 35.2478000, -38.6620000, -12.5580000, 7.1190000, 101221.520000,       0,       0,       0
 8.480, 0.0927000 , -0.1113000, 9.6756000, 30.0674000,  32.0969000, 35.1715000, -38.5770000, -12.7310000, 7.4200000, 101221.520000,       0,       0,       0
 8.490, 0.1095000 , -0.1125000, 9.6792000, 30.0674000,  32.1274000, 35.0494000, -38.3160000, -12.7060000, 7.8610000, 101221.140000,       0,       0,       0
 8.500, 0.1238000 , -0.1220000, 9.6828000, 29.9072000,  32.3563000, 34.9121000, -38.2100000, -12.9080000, 7.4650000, 101221.140000,       0,       0,       0
 8.510, 0.1226000 , -0.1376000, 9.6840000, 29.7165000,  32.6767000, 34.8816000, -38.6160000, -12.7920000, 7.8260000, 101220.470000,       0,       0,       0
 8.520, 0.1142000 , -0.1507000, 9.6804000, 29.6097000,  32.9514000, 34.9579000, -38.7130000, -12.7390000, 6.9420000, 101220.470000,       0,       0,       0
 8.530, 0.0999000 , -0.1555000, 9.6768000, 29.5715000,  33.0963000, 35.1334000, -38.7930000, -12.5820000, 7.6310000, 101222.740000,       0,       0,       0
 8.540, 0.0855000 , -0.1495000, 9.6732000, 29.5944000,  33.0429000, 35.3012000, -38.8330000, -12.8740000, 7.7110000, 101222.740000,       0,       0,       0
 8.550, 0.0784000 , -0.1376000, 9.6720000, 29.6707000,  32.8369000, 35.3851000, -38.6290000, -12.7700000, 7.6690000, 101220.740000,       0,       0,       0
 8.560, 0.0784000 , -0.1220000, 9.6744000, 29.7470000,  32.5317000, 35.3928000, -38.5430000, -12.5460000, 7.8500000, 101220.740000,       0,       0,       0
 8.570, 0.0819000 , -0.1101000, 9.6756000, 29.7546000,  32.2266000, 35.3851000, -38.4970000, -12.9030000, 7.5890000, 101220.900000,       0,       0,       0
 8.580, 0.0915000 , -0.1041000, 9.6780000, 29.7012000,  32.0129000, 35.4080000, -38.5160000, -13.0580000, 7.9220000, 101220.900000,       0,       0,       0
 8.590, 0.1011000 , -0.1089000, 9.6804000, 29.5944000,  31.9672000, 35.4691000, -38.6690000, -13.1550000, 7.7070000, 101220.120000,       0,       0,       0
 8.600, 0.1119000 , -0.1208000, 9.6816000, 29.4724000,  32.0587000, 35.5377000, -38.4120000, -12.9890000, 7.8360000, 101220.120000,       0,       0,       0
 8.610, 0.1226000 , -0.1364000, 9.6792000, 29.3961000,  32.2800000, 35.5682000, -38.7060000, -12.7330000, 7.7140000, 101221.050000,       0,       0,       0
 8.620, 0.1274000 , -0.1495000, 9.6780000, 29.4037000,  32.6004000, 35.5377000, -38.8050000, -12.7870000, 7.8800000, 101221.050000,       0,       0,       0
 8.630, 0.1274000 , -0.1543000, 9.6780000, 29.4724000,  32.9285000, 35.4538000, -38.6260000, -12.6150000, 7.4730000, 101222.580000,       0,       0,       0
 8.640, 0.1166000 , -0.1459000, 9.6768000, 29.5410000,  33.1345000, 35.3470000, -38.3270000, -12.7890000, 8.1050000, 101222.580000,       0,       0,       0
 8.650, 0.1023000 , -0.1268000, 9.6744000, 29.6021000,  33.1345000, 35.2325000, -38.5550000, -12.8240000, 7.9200000, 101220.120000,       0,       0,       0
 8.660, 0.0879000 , -0.1053000, 9.6732000, 29.6173000,  32.9590000, 35.1791000, -38.3620000, -12.6590000, 7.6970000, 101220.120000,       0,       0,       0
 8.670, 0.0819000 , -0.0873000, 9.6732000, 29.5486000,  32.6309000, 35.2173000, -38.7760000, -12.7590000, 7.9430000, 101224.410000,       0,       0,       0
 8.680, 0.0819000 , -0.0825000, 9.6732000, 29.4266000,  32.2800000, 35.3546000, -38.7650000, -12.6980000, 7.7700000, 101224.410000,       0,       0,       0
 8.690, 0.0903000 , -0.0945000, 9.6756000, 29.2664000,  32.0435000, 35.5988000, -38.4090000, -12.6120000, 7.2410000, 101221.170000,       0,       0,       0
 8.700, 0.1095000 , -0.1232000, 9.6780000, 29.0985000,  32.0129000, 35.9039000, -38.4930000, -12.6820000, 7.3350000, 101221.170000,       0,       0,       0
 8.710, 0.1262000 , -0.1615000, 9.6816000, 28.9688000,  32.2571000, 36.2244000, -38.5070000, -12.8480000, 7.5370000, 101224.400000,       0,       0,       0
 8.720, 0.1358000 , -0.1974000, 9.6852000, 28.8315000,  32.7301000, 36.5067000, -38.6980000, -12.9820000, 7.2840000, 101224.400000,       0,       0,       0
 8.730, 0.1358000 , -0.2201000, 9.6864000, 28.6942000,  33.2489000, 36.6669000, -38.7410000, -12.9680000, 7.7540000, 101220.810000,       0,       0,       0
 8.740, 0.1274000 , -0.2261000, 9.6852000, 28.6179000,  33.6761000, 36.6669000, -38.4490000, -12.7830000, 7.3600000, 101220.810000,       0,       0,       0
 8.750, 0.1142000 , -0.2153000, 9.6804000, 28.6331000,  33.9279000, 36.5143000, -38.5540000, -13.0170000, 7.4330000, 101221.110000,       0,       0,       0
 8.760, 0.0975000 , -0.1890000, 9.6768000, 28.7552000,  33.9508000, 36.2625000, -38.4340000, -12.9330000, 7.3320000, 101221.110000,       0,       0,       0
 8.770, 0.0831000 , -0.1567000, 9.6744000, 28.9230000,  33.7372000, 35.9955000, -38.5750000, -13.2960000, 7.5510000, 101223.510000,       0,       0,       0
 8.780, 0.0796000 , -0.1256000, 9.6708000, 29.0985000,  33.4549000, 35.8047000, -38.4750000, -12.8360000, 7.2810000, 101223.510000,       0,       0,       0
 8.790, 0.0772000 , -0.0993000, 9.6708000, 29.2587000,  33.2184000, 35.7437000, -38.7600000, -12.8640000, 6.6950000, 101221.570000,       0,       0,       0
 8.800, 0.0855000 , -0.0778000, 9.6696000, 29.4800000,  32.9590000, 35.7132000, -38.5360000, -12.7260000, 7.4900000, 101221.570000,       0,       0,       0
 8.810, 0.0855000 , -0.0813000, 9.6696000, 29.6173000,  32.8140000, 35.6293000, -38.6210000, -12.8900000, 7.9270000, 101222.670000,       0,       0,       0
 8.820, 0.0831000 , -0.0945000, 9.6708000, 29.7623000,  32.6385000, 35.4767000, -38.5040000, -12.5500000, 7.9390000, 101222.670000,       0,       0,       0
 8.830, 0.0831000 , -0.1125000, 9.6708000, 29.9683000,  32.4402000, 35.2783000, -38.8230000, -12.9200000, 7.9390000, 101221.870000,       0,       0,       0
 8.840, 0.0855000 , -0.1256000, 9.6720000, 30.2124000,  32.2495000, 35.0342000, -38.3610000, -12.8870000, 7.8030000, 101221.870000,       0,       0,       0
 8.850, 0.0903000 , -0.1400000, 9.6744000, 30.4031000,  32.0816000, 34.8206000, -38.3810000, -12.7490000, 8.1440000, 101221.230000,       0,       0,       0
 8.860, 0.0951000 , -0.1555000, 9.6756000, 30.5023000,  31.9901000, 34.7137000, -38.3920000, -12.8040000, 8.6200000, 101221.230000,       0,       0,       0
 8.870, 0.0975000 , -0.1639000, 9.6732000, 30.6091000,  31.9901000, 34.7290000, -38.2890000, -12.8730000, 7.5580000, 101220.480000,       0,       0,       0
 8.880, 0.0915000 , -0.1759000, 9.6696000, 30.8914000,  31.9824000, 34.8969000, -38.4920000, -12.9120000, 8.2960000, 101220.480000,       0,       0,       0
 8.890, 0.0819000 , -0.1854000, 9.6696000, 31.2195000,  31.8451000, 35.1868000, -38.3790000, -13.1920000, 7.8120000, 101220.120000,       0,       0,       0
 8.900, 0.0831000 , -0.1854000, 9.6684000, 31.5323000,  31.6925000, 35.4919000, -38.3530000, -12.8430000, 8.2030000, 101220.120000,       0,       0,       0
 8.910, 0.0951000 , -0.1782000, 9.6672000, 31.9061000,  31.5857000, 35.6903000, -38.4730000, -12.9640000, 7.8090000, 101226.230000,       0,       0,       0
 8.920, 0.1166000 , -0.1687000, 9.6684000, 32.3792000,  31.6544000, 35.7437000, -38.4900000, -12.9020000, 7.1230000, 101226.230000,       0,       0,       0
 8.930, 0.1310000 , -0.1675000, 9.6744000, 32.7835000,  31.8985000, 35.7437000, -38.7230000, -12.5980000, 7.1310000, 101224.360000,       0,       0,       0
 8.940, 0.1358000 , -0.1675000, 9.6864000, 32.8598000,  32.1198000, 35.7437000, -38.6140000, -13.0340000, 7.6460000, 101224.360000,       0,       0,       0
 8.950, 0.1370000 , -0.1591000, 9.7007000, 32.3792000,  32.3029000, 35.7437000, -38.5080000, -12.7700000, 7.5890000, 101222.740000,       0,       0,       0
 8.960, 0.1442000 , -0.1328000, 9.7091000, 31.3339000,  32.4554000, 35.7056000, -38.6650000, -12.8770000, 7.7490000, 101222.740000,       0,       0,       0
 8.970, 0.1585000 , -0.0993000, 9.7067000, 30.1208000,  32.7301000, 35.5606000, -38.8510000, -12.4610000, 7.1180000, 101220.340000,       0,       0,       0
 8.980, 0.1633000 , -0.0670000, 9.6971000, 29.1519000,  33.1345000, 35.3470000, -38.7580000, -12.6470000, 7.2430000, 101220.340000,       0,       0,       0
 8.990, 0.1501000 , -0.0419000, 9.6852000, 28.6179000,  33.4625000, 35.1181000, -38.8640000, -12.8190000, 6.9160000, 101224.320000,       0,       0,       0
 9.000, 0.1274000 , -0.0347000, 9.6744000, 28.4653000,  33.6304000, 34.9121000, -38.6850000, -12.8890000, 7.7750000, 101224.320000,       0,       0,       0
 9.010, 0.1035000 , -0.0467000, 9.6660000, 28.6255000,  33.5846000, 34.7672000, -38.8180000, -12.4850000, 7.4830000, 101223.960000,       0,       0,       0
 9.020, 0.0855000 , -0.0742000, 9.6636000, 28.9993000,  33.3328000, 34.6756000, -38.5830000, -12.2840000, 7.6760000, 101223.960000,       0,       0,       0
 9.030, 0.0772000 , -0.1041000, 9.6672000, 29.3884000,  32.9666000, 34.6222000, -38.6130000, -12.4160000, 7.8700000, 101221.350000,       0,       0,       0
 9.040, 0.0807000 , -0.1232000, 9.6732000, 29.6021000,  32.6157000, 34.6222000, -38.2560000, -12.5520000, 7.1600000, 101221.350000,       0,       0,       0
 9.050, 0.0927000 , -0.1340000, 9.6792000, 29.5792000,  32.3944000, 34.7061000, -38.4300000, -12.5040000, 7.2650000, 101224.280000,       0,       0,       0
 9.060, 0.1095000 , -0.1364000, 9.6804000, 29.4266000,  32.3486000, 34.8969000, -38.1370000, -12.6410000, 7.7330000, 101224.280000,       0,       0,       0
 9.070, 0.1274000 , -0.1376000, 9.6804000, 29.3121000,  32.5241000, 35.1334000, -38.3990000, -12.5440000, 7.0710000, 101224.520000,       0,       0,       0
 9.080, 0.1370000 , -0.1412000, 9.6804000, 29.2740000,  32.8674000, 35.3470000, -38.6800000, -12.7480000, 7.3360000, 101224.520000,       0,       0,       0
 9.090, 0.1382000 , -0.1483000, 9.6792000, 29.3198000,  33.2489000, 35.4080000, -38.9190000, -12.8380000, 7.0820000, 101220.340000,       0,       0,       0
 9.100, 0.1334000 , -0.1567000, 9.6768000, 29.4571000,  33.5693000, 35.2936000, -38.3920000, -12.6090000, 6.8660000, 101220.340000,       0,       0,       0
 9.110, 0.1190000 , -0.1615000, 9.6756000, 29.6555000,  33.7372000, 35.0800000, -38.4450000, -12.7650000, 7.2670000, 101222.620000,       0,       0,       0
 9.120, 0.0999000 , -0.1603000, 9.6768000, 29.8538000,  33.7067000, 34.9045000, -38.5850000, -12.5660000, 7.4970000, 101222.620000,       0,       0,       0
 9.130, 0.0831000 , -0.1483000, 9.6780000, 29.9530000,  33.4549000, 34.8434000, -38.6060000, -12.8170000, 7.4760000, 101220.140000,       0,       0,       0
 9.140, 0.0760000 , -0.1244000, 9.6792000, 29.9149000,  33.0658000, 34.8816000, -38.5730000, -12.4480000, 6.8540000, 101220.140000,       0,       0,       0
 9.150, 0.0784000 , -0.0957000, 9.6780000, 29.7699000,  32.6920000, 35.0266000, -38.4840000, -12.7730000, 8.2530000, 101220.410000,       0,       0,       0
 9.160, 0.0855000 , -0.0742000, 9.6768000, 29.6326000,  32.4554000, 35.2783000, -38.4750000, -12.5430000, 7.5920000, 101220.410000,       0,       0,       0
 9.170, 0.0975000 , -0.0634000, 9.6780000, 29.5792000,  32.3410000, 35.4919000, -38.5250000, -12.6570000, 7.4700000, 101219.410000,       0,       0,       0
 9.180, 0.1119000 , -0.0634000, 9.6768000, 29.5944000,  32.3181000, 35.4996000, -38.2190000, -12.6150000, 7.2640000, 101219.410000,       0,       0,       0
 9.190, 0.1226000 , -0.0766000, 9.6780000, 29.6326000,  32.3944000, 35.2783000, -38.1270000, -12.6740000, 6.8550000, 101224.050000,       0,       0,       0
 9.200, 0.1238000 , -0.1029000, 9.6780000, 29.6860000,  32.5089000, 34.9655000, -38.3900000, -12.5860000, 7.7750000, 101224.050000,       0,       0,       0
 9.210, 0.1214000 , -0.1340000, 9.6780000, 29.7241000,  32.6309000, 34.7214000, -38.0840000, -12.4440000, 7.7950000, 101220.800000,       0,       0,       0
 9.220, 0.1154000 , -0.1567000, 9.6804000, 29.7546000,  32.7606000, 34.6451000, -38.2480000, -12.6510000, 7.4560000, 101220.800000,       0,       0,       0
 9.230, 0.1107000 , -0.1627000, 9.6792000, 29.7852000,  32.8522000, 34.7366000, -38.5400000, -12.6360000, 7.4440000, 101220.810000,       0,       0,       0
 9.240, 0.1071000 , -0.1519000, 9.6780000, 29.7852000,  32.9056000, 34.9426000, -38.3280000, -12.6610000, 7.1900000, 101220.810000,       0,       0,       0
 9.250, 0.1047000 , -0.1364000, 9.6780000, 29.7546000,  32.9285000, 35.2020000, -38.4470000, -13.0390000, 6.5770000, 101220.810000,       0,       0,       0
 9.260, 0.1023000 , -0.1208000, 9.6780000, 29.7241000,  32.8979000, 35.4080000, -38.4100000, -12.8140000, 7.5580000, 101220.810000,       0,       0,       0
 9.270, 0.1023000 , -0.1113000, 9.6780000, 29.6936000,  32.8217000, 35.4919000, -38.6890000, -12.8850000, 7.7560000, 101221.270000,       0,       0,       0
 9.280, 0.1023000 , -0.1125000, 9.6780000, 29.6402000,  32.7148000, 35.4843000, -38.6020000, -12.4970000, 7.5820000, 101221.270000,       0,       0,       0
 9.290, 0.1023000 , -0.1232000, 9.6792000, 29.5486000,  32.6080000, 35.4767000, -38.5680000, -12.5060000, 7.9340000, 101224.830000,       0,       0,       0
 9.300, 0.1047000 , -0.1364000, 9.6816000, 29.4189000,  32.5470000, 35.4919000, -38.6160000, -12.4900000, 7.4940000, 101224.830000,       0,       0,       0
 9.310, 0.1095000 , -0.1448000, 9.6828000, 29.2664000,  32.5546000, 35.5301000, -38.3150000, -12.6040000, 7.1710000, 101221.520000,       0,       0,       0
 9.320, 0.1142000 , -0.1459000, 9.6816000, 29.1519000,  32.6309000, 35.5911000, -38.5670000, -12.8710000, 7.4230000, 101221.520000,       0,       0,       0
 9.330, 0.1130000 , -0.1424000, 9.6780000, 29.1367000,  32.7072000, 35.6445000, -38.6090000, -12.6490000, 7.7840000, 101223.530000,       0,       0,       0
 9.340, 0.1083000 , -0.1304000, 9.6732000, 29.2435000,  32.7301000, 35.6216000, -38.7630000, -12.9180000, 7.3280000, 101223.530000,       0,       0,       0
 9.350, 0.1023000 , -0.1136000, 9.6708000, 29.4571000,  32.6614000, 35.5072000, -38.5420000, -12.7680000, 7.1830000, 101220.640000,       0,       0,       0
 9.360, 0.1047000 , -0.0993000, 9.6744000, 29.7470000,  32.4326000, 35.2325000, -38.6360000, -12.6390000, 6.9610000, 101220.640000,       0,       0,       0
 9.370, 0.1190000 , -0.1029000, 9.6780000, 29.8080000,  32.3944000, 35.0494000, -38.4570000, -12.6820000, 7.3980000, 101223.830000,       0,       0,       0
 9.380, 0.1334000 , -0.1196000, 9.6816000, 29.7699000,  32.5851000, 34.9350000, -38.4230000, -12.3890000, 7.2120000, 101223.830000,       0,       0,       0
 9.390, 0.1430000 , -0.1483000, 9.6864000, 29.6631000,  32.9742000, 34.9503000, -38.6750000, -12.7860000, 7.4700000, 101224.160000,       0,       0,       0
 9.400, 0.1406000 , -0.1782000, 9.6899000, 29.4800000,  33.4625000, 35.1181000, -38.4340000, -12.5870000, 7.3600000, 101224.160000,       0,       0,       0
 9.410, 0.1310000 , -0.1974000, 9.6887000, 29.2282000,  33.9432000, 35.4004000, -38.5720000, -12.8410000, 7.4800000, 101224.160000,       0,       0,       0
 9.420, 0.1166000 , -0.2022000, 9.6852000, 29.0070000,  34.2712000, 35.7437000, -38.2990000, -12.5160000, 6.6950000, 101224.160000,       0,       0,       0
 9.430, 0.0999000 , -0.1926000, 9.6804000, 28.8696000,  34.3933000, 36.0565000, -38.4470000, -13.0740000, 7.4180000, 101227.000000,       0,       0,       0
 9.440, 0.0939000 , -0.1735000, 9.6744000, 28.8620000,  34.3170000, 36.2167000, -38.4890000, -12.7000000, 7.2740000, 101227.000000,       0,       0,       0
 9.450, 0.0903000 , -0.1483000, 9.6708000, 28.9612000,  34.1110000, 36.1481000, -38.6190000, -12.8730000, 7.1140000, 101221.150000,       0,       0,       0
 9.460, 0.0903000 , -0.1196000, 9.6696000, 29.1443000,  33.8058000, 35.8429000, -38.2650000, -12.8050000, 6.9860000, 101221.150000,       0,       0,       0
 9.470, 0.0879000 , -0.0945000, 9.6696000, 29.3274000,  33.4778000, 35.4385000, -38.3840000, -12.9830000, 6.5240000, 101221.550000,       0,       0,       0
 9.480, 0.0796000 , -0.0802000, 9.6708000, 29.4571000,  33.1116000, 35.1562000, -38.4860000, -12.6820000, 7.5260000, 101221.550000,       0,       0,       0
 9.490, 0.0712000 , -0.0790000, 9.6720000, 29.5639000,  32.7835000, 35.1028000, -38.5170000, -12.8360000, 7.0380000, 101222.610000,       0,       0,       0
 9.500, 0.0688000 , -0.0813000, 9.6756000, 29.6478000,  32.5470000, 35.2173000, -38.3350000, -12.6810000, 7.1700000, 101222.610000,       0,       0,       0
 9.510, 0.0748000 , -0.0873000, 9.6756000, 29.6707000,  32.3410000, 35.3165000, -38.5640000, -12.7960000, 6.8830000, 101220.570000,       0,       0,       0
 9.520, 0.0819000 , -0.0957000, 9.6720000, 29.6936000,  32.1884000, 35.2936000, -38.6010000, -13.2080000, 7.3850000, 101220.570000,       0,       0,       0
 9.530, 0.0903000 , -0.1077000, 9.6708000, 29.7623000,  32.0892000, 35.1715000, -38.5170000, -12.9070000, 7.0680000, 101222.970000,       0,       0,       0
 9.540, 0.0975000 , -0.1172000, 9.6732000, 29.8386000,  32.0740000, 35.0494000, -38.1020000, -12.9140000, 7.8210000, 101222.970000,       0,       0,       0
 9.550, 0.1059000 , -0.1268000, 9.6768000, 29.8462000,  32.1808000, 35.0266000, -38.1360000, -12.6900000, 7.0130000, 101222.860000,       0,       0,       0
 9.560, 0.1142000 , -0.1352000, 9.6804000, 29.7546000,  32.4173000, 35.1105000, -38.0080000, -12.4970000, 6.9650000, 101222.860000,       0,       0,       0
 9.570, 0.1214000 , -0.1459000, 9.6804000, 29.6326000,  32.7911000, 35.2478000, -38.6850000, -12.9830000, 7.2490000, 101221.150000,       0,       0,       0
 9.580, 0.1214000 , -0.1579000, 9.6804000, 29.5563000,  33.2184000, 35.3546000, -38.4540000, -12.7800000, 7.0260000, 101221.150000,       0,       0,       0
 9.590, 0.1130000 , -0.1699000, 9.6792000, 29.5486000,  33.5312000, 35.3775000, -38.5010000, -12.8340000, 7.2200000, 101220.730000,       0,       0,       0
 9.600, 0.0999000 , -0.1794000, 9.6768000, 29.5792000,  33.6380000, 35.3088000, -38.3050000, -12.7660000, 6.9110000, 101220.730000,       0,       0,       0
 9.610, 0.0867000 , -0.1771000, 9.6744000, 29.6783000,  33.5388000, 35.1944000, -38.4880000, -12.8070000, 7.2670000, 101221.000000,       0,       0,       0
 9.620, 0.0796000 , -0.1615000, 9.6732000, 29.8004000,  33.2947000, 35.1181000, -38.3570000, -12.7980000, 7.9260000, 101221.000000,       0,       0,       0
 9.630, 0.0736000 , -0.1388000, 9.6744000, 29.8843000,  32.9819000, 35.1181000, -38.7090000, -12.7920000, 7.6980000, 101221.000000,       0,       0,       0
 9.640, 0.0712000 , -0.1172000, 9.6744000, 29.9072000,  32.6309000, 35.2020000, -38.6290000, -12.7540000, 7.3270000, 101221.000000,       0,       0,       0
 9.650, 0.0748000 , -0.1041000, 9.6744000, 29.8920000,  32.3029000, 35.3546000, -38.5180000, -12.9360000, 7.6280000, 101220.640000,       0,       0,       0
 9.660, 0.0831000 , -0.1029000, 9.6744000, 29.9149000,  32.0969000, 35.5453000, -38.2190000, -12.8580000, 7.4450000, 101220.640000,       0,       0,       0
 9.670, 0.0975000 , -0.1101000, 9.6744000, 29.9835000,  32.0282000, 35.6827000, -38.2430000, -12.6250000, 7.5630000, 101223.100000,       0,       0,       0
 9.680, 0.1083000 , -0.1304000, 9.6744000, 30.0598000,  32.0740000, 35.7132000, -38.4990000, -12.7310000, 7.6610000, 101223.100000,       0,       0,       0
 9.690, 0.1130000 , -0.1603000, 9.6744000, 30.2277000,  32.1884000, 35.6293000, -38.4900000, -12.9670000, 6.9830000, 101221.220000,       0,       0,       0
 9.700, 0.1142000 , -0.1806000, 9.6756000, 30.5023000,  32.3257000, 35.4004000, -38.1430000, -12.5180000, 6.8150000, 101221.220000,       0,       0,       0
 9.710, 0.1083000 , -0.1806000, 9.6804000, 30.7465000,  32.3868000, 35.0342000, -38.2560000, -12.7170000, 7.0230000, 101222.400000,       0,       0,       0
 9.720, 0.1047000 , -0.1651000, 9.6828000, 30.8609000,  32.3029000, 34.5993000, -38.5360000, -12.8760000, 6.5200000, 101222.400000,       0,       0,       0
 9.730, 0.1059000 , -0.1352000, 9.6816000, 30.8151000,  32.2418000, 34.2102000, -38.3860000, -12.9200000, 7.0460000, 101222.970000,       0,       0,       0
 9.740, 0.1119000 , -0.1053000, 9.6828000, 30.6778000,  32.3334000, 34.0195000, -38.5760000, -12.3200000, 7.4430000, 101222.970000,       0,       0,       0
 9.750, 0.1178000 , -0.0849000, 9.6864000, 30.4337000,  32.5851000, 34.1263000, -38.6940000, -12.5030000, 7.5520000, 101221.380000,       0,       0,       0
 9.760, 0.1214000 , -0.0778000, 9.6864000, 30.0217000,  32.9742000, 34.4696000, -38.2230000, -12.5400000, 7.6060000, 101221.380000,       0,       0,       0
 9.770, 0.1166000 , -0.0933000, 9.6852000, 29.5486000,  33.3939000, 34.9503000, -38.3370000, -12.8200000, 7.7100000, 101221.530000,       0,       0,       0
 9.780, 0.1035000 , -0.1256000, 9.6804000, 29.1901000,  33.7219000, 35.4538000, -38.7290000, -12.6890000, 6.9640000, 101221.530000,       0,       0,       0
 9.790, 0.0867000 , -0.1579000, 9.6768000, 29.0527000,  33.8211000, 35.8276000, -38.6420000, -12.8170000, 6.7640000, 101221.380000,       0,       0,       0
 9.800, 0.0748000 , -0.1782000, 9.6744000, 29.1367000,  33.6456000, 35.9802000, -38.5010000, -12.7480000, 7.0920000, 101221.380000,       0,       0,       0
 9.810, 0.0700000 , -0.1794000, 9.6744000, 29.3503000,  33.2413000, 35.8734000, -38.5370000, -12.6480000, 6.9710000, 101220.910000,       0,       0,       0
 9.820, 0.0760000 , -0.1615000, 9.6756000, 29.5639000,  32.7530000, 35.5835000, -38.2210000, -12.5800000, 7.2340000, 101220.910000,       0,       0,       0
 9.830, 0.0879000 , -0.1352000, 9.6768000, 29.7165000,  32.3868000, 35.2554000, -38.2700000, -12.3290000, 7.2430000, 101221.550000,       0,       0,       0
 9.840, 0.1011000 , -0.1101000, 9.6780000, 29.7852000,  32.2495000, 35.0494000, -38.4720000, -12.6760000, 6.7070000, 101221.550000,       0,       0,       0
 9.850, 0.1095000 , -0.0933000, 9.6804000, 29.7165000,  32.3486000, 35.0647000, -38.2950000, -12.8500000, 7.2840000, 101221.380000,       0,       0,       0
 9.860, 0.1142000 , -0.0933000, 9.6828000, 29.5029000,  32.6614000, 35.3088000, -38.3760000, -12.9090000, 7.0020000, 101221.380000,       0,       0,       0
 9.870, 0.1142000 , -0.1089000, 9.6816000, 29.2740000,  33.0429000, 35.6140000, -38.4960000, -12.8640000, 7.5940000, 101220.570000,       0,       0,       0
 9.880, 0.1059000 , -0.1328000, 9.6792000, 29.1672000,  33.3176000, 35.7590000, -38.4870000, -12.6620000, 7.3440000, 101220.570000,       0,       0,       0
 9.890, 0.0951000 , -0.1519000, 9.6756000, 29.1977000,  33.3633000, 35.6140000, -38.4750000, -12.7140000, 7.1240000, 101220.380000,       0,       0,       0
 9.900, 0.0867000 , -0.1579000, 9.6732000, 29.3808000,  33.2260000, 35.2631000, -38.2450000, -13.0290000, 7.3570000, 101220.380000,       0,       0,       0
 9.910, 0.0855000 , -0.1531000, 9.6708000, 29.6783000,  32.9971000, 34.9045000, -38.5410000, -12.8100000, 6.8970000, 101223.030000,       0,       0,       0
 9.920, 0.0879000 , -0.1424000, 9.6708000, 30.0064000,  32.8140000, 34.6756000, -38.1500000, -12.8330000, 7.5280000, 101223.030000,       0,       0,       0
 9.930, 0.0963000 , -0.1232000, 9.6768000, 30.3040000,  32.8064000, 34.6527000, -38.5190000, -12.6070000, 7.2650000, 101221.580000,       0,       0,       0
 9.940, 0.0999000 , -0.1148000, 9.6804000, 30.2811000,  32.8903000, 34.7061000, -38.2090000, -12.4900000, 7.7140000, 101221.580000,       0,       0,       0
 9.950, 0.0975000 , -0.1148000, 9.6816000, 30.1514000,  32.9208000, 34.7214000, -38.5340000, -12.5220000, 7.2440000, 101220.730000,       0,       0,       0
 9.960, 0.0927000 , -0.1208000, 9.6792000, 30.0140000,  32.8522000, 34.6680000, -38.5550000, -12.2640000, 6.9920000, 101220.730000,       0,       0,       0
 9.970, 0.0891000 , -0.1280000, 9.6744000, 29.9683000,  32.6843000, 34.5688000, -38.5340000, -12.5940000, 7.1520000, 101220.570000,       0,       0,       0
 9.980, 0.0855000 , -0.1364000, 9.6732000, 30.0369000,  32.4631000, 34.4849000, -38.6220000, -12.5030000, 7.2840000, 101220.570000,       0,       0,       0
 9.990, 0.0903000 , -0.1364000, 9.6744000, 30.1666000,  32.2876000, 34.4315000, -38.2850000, -12.7610000, 7.5980000, 101220.570000,       0,       0,       0
10.000, 0.1035000 , -0.1340000, 9.6768000, 30.2658000,  32.2723000, 34.4162000, -38.3080000, -12.5040000, 8.0590000, 101220.570000,       0,       0,       0
10.010, 0.1119000 , -0.1328000, 9.6804000, 30.2658000,  32.3944000, 34.4620000, -38.6110000, -12.3770000, 7.6180000, 101221.200000,       0,       0,       0
10.020, 0.1119000 , -0.1364000, 9.6828000, 30.1514000,  32.6080000, 34.6298000, -38.4920000, -12.6450000, 7.5170000, 101221.200000,       0,       0,       0
10.030, 0.1047000 , -0.1412000, 9.6828000, 29.9454000,  32.7911000, 34.8816000, -38.2520000, -12.6840000, 7.7720000, 101220.120000,       0,       0,       0
10.040, 0.0987000 , -0.1448000, 9.6804000, 29.7241000,  32.8827000, 35.1410000, -38.4200000, -12.8450000, 7.9890000, 101220.120000,       0,       0,       0
10.050, 0.0939000 , -0.1459000, 9.6780000, 29.6021000,  32.9056000, 35.3317000, -38.5410000, -12.9020000, 7.8160000, 101221.450000,       0,       0,       0
10.060, 0.0903000 , -0.1424000, 9.6744000, 29.6173000,  32.8217000, 35.3928000, -38.8930000, -12.3720000, 8.0720000, 101221.450000,       0,       0,       0
10.070, 0.0927000 , -0.1328000, 9.6732000, 29.7241000,  32.6996000, 35.3165000, -38.4780000, -12.4720000, 7.6630000, 101222.640000,       0,       0,       0
10.080, 0.0987000 , -0.1184000, 9.6720000, 29.8233000,  32.6080000, 35.1486000, -38.4940000, -12.4960000, 8.0700000, 101222.640000,       0,       0,       0
10.090, 0.1059000 , -0.1065000, 9.6744000, 29.8615000,  32.6080000, 35.0342000, -38.8460000, -12.5760000, 7.7980000, 101220.910000,       0,       0,       0
10.100, 0.1059000 , -0.1029000, 9.6780000, 29.7699000,  32.7301000, 35.1105000, -38.9210000, -12.8450000, 8.1130000, 101220.910000,       0,       0,       0
10.110, 0.1023000 , -0.1077000, 9.6792000, 29.5868000,  32.9208000, 35.3775000, -38.7350000, -12.9170000, 7.8270000, 101224.020000,       0,       0,       0
10.120, 0.0975000 , -0.1172000, 9.6804000, 29.3655000,  33.0811000, 35.6979000, -38.4770000, -12.6150000, 7.2030000, 101224.020000,       0,       0,       0
10.130, 0.0915000 , -0.1292000, 9.6780000, 29.1977000,  33.1421000, 35.9268000, -38.7130000, -12.8740000, 7.3870000, 101223.030000,       0,       0,       0
10.140, 0.0855000 , -0.1376000, 9.6732000, 29.1748000,  33.0734000, 35.9802000, -38.5920000, -12.7950000, 7.7930000, 101223.030000,       0,       0,       0
10.150, 0.0819000 , -0.1376000, 9.6720000, 29.3350000,  32.9056000, 35.8658000, -38.5140000, -12.6240000, 7.7420000, 101221.380000,       0,       0,       0
10.160, 0.0843000 , -0.1232000, 9.6720000, 29.5868000,  32.6996000, 35.6140000, -38.5250000, -12.5620000, 7.8580000, 101221.380000,       0,       0,       0
10.170, 0.0927000 , -0.1017000, 9.6732000, 29.7546000,  32.5165000, 35.3165000, -38.5940000, -12.5530000, 8.5670000, 101220.410000,       0,       0,       0
10.180, 0.1011000 , -0.0897000, 9.6744000, 29.7623000,  32.4478000, 35.1028000, -38.5320000, -12.5130000, 8.1020000, 101220.410000,       0,       0,       0
10.190, 0.1035000 , -0.0933000, 9.6768000, 29.6783000,  32.4783000, 35.0800000, -38.1180000, -12.6070000, 7.7860000, 101221.450000,       0,       0,       0
10.200, 0.1047000 , -0.1089000, 9.6792000, 29.5410000,  32.6233000, 35.2554000, -38.2600000, -12.6990000, 7.1330000, 101221.450000,       0,       0,       0
10.210, 0.1011000 , -0.1280000, 9.6816000, 29.3732000,  32.7835000, 35.5301000, -38.6430000, -12.7180000, 7.2530000, 101221.840000,       0,       0,       0
10.220, 0.0963000 , -0.1471000, 9.6792000, 29.2282000,  32.8827000, 35.7590000, -38.5880000, -12.7490000, 7.6810000, 101221.840000,       0,       0,       0
10.230, 0.0915000 , -0.1603000, 9.6768000, 29.2282000,  32.8903000, 35.8658000, -38.3230000, -13.1650000, 7.4400000, 101220.810000,       0,       0,       0
10.240, 0.0879000 , -0.1579000, 9.6744000, 29.3579000,  32.7911000, 35.8124000, -38.5260000, -12.6150000, 7.1860000, 101220.810000,       0,       0,       0
10.250, 0.0843000 , -0.1424000, 9.6744000, 29.5181000,  32.5928000, 35.6903000, -38.5960000, -12.4470000, 7.7640000, 101221.450000,       0,       0,       0
10.260, 0.0855000 , -0.1232000, 9.6768000, 29.6478000,  32.3257000, 35.5530000, -38.4000000, -12.9980000, 7.5360000, 101221.450000,       0,       0,       0
10.270, 0.0927000 , -0.1125000, 9.6804000, 29.7165000,  32.1198000, 35.4462000, -38.4320000, -12.8370000, 7.9020000, 101220.680000,       0,       0,       0
10.280, 0.1011000 , -0.1148000, 9.6828000, 29.6936000,  32.0129000, 35.3622000, -38.7640000, -12.6590000, 6.9800000, 101220.680000,       0,       0,       0
10.290, 0.1107000 , -0.1268000, 9.6816000, 29.6402000,  32.0358000, 35.2707000, -38.8610000, -12.7210000, 6.9190000, 101221.350000,       0,       0,       0
10.300, 0.1130000 , -0.1424000, 9.6792000, 29.6173000,  32.1884000, 35.2173000, -38.4280000, -12.7590000, 7.3490000, 101221.350000,       0,       0,       0
10.310, 0.1083000 , -0.1555000, 9.6792000, 29.6326000,  32.3105000, 35.2478000, -38.6750000, -12.3120000, 7.8340000, 101223.420000,       0,       0,       0
10.320, 0.1023000 , -0.1579000, 9.6792000, 29.6555000,  32.3944000, 35.3622000, -38.4160000, -12.4960000, 7.2910000, 101223.420000,       0,       0,       0
10.330, 0.0975000 , -0.1459000, 9.6780000, 29.6707000,  32.4097000, 35.4462000, -38.6150000, -12.5970000, 7.2790000, 101222.790000,       0,       0,       0
10.340, 0.0951000 , -0.1268000, 9.6780000, 29.6783000,  32.3181000, 35.4385000, -38.6220000, -12.3960000, 7.8960000, 101222.790000,       0,       0,       0
10.350, 0.0999000 , -0.1101000, 9.6768000, 29.7165000,  32.1579000, 35.3317000, -38.7230000, -12.7110000, 7.2050000, 101219.550000,       0,       0,       0
10.360, 0.1130000 , -0.1029000, 9.6780000, 29.8004000,  32.0129000, 35.1639000, -38.5810000, -12.5760000, 7.9950000, 101219.550000,       0,       0,       0
10.370, 0.1286000 , -0.1041000, 9.6804000, 29.8386000,  32.0206000, 35.0494000, -38.2250000, -12.7350000, 7.8800000, 101221.660000,       0,       0,       0
10.380, 0.1442000 , -0.1196000, 9.6840000, 29.7165000,  32.2723000, 35.1181000, -38.3830000, -12.7080000, 7.8190000, 101221.660000,       0,       0,       0
10.390, 0.1489000 , -0.1471000, 9.6875000, 29.4647000,  32.7682000, 35.4233000, -38.2470000, -12.7430000, 7.6130000, 101222.710000,       0,       0,       0
10.400, 0.1453000 , -0.1794000, 9.6875000, 29.1977000,  33.3710000, 35.8582000, -38.1420000, -12.5160000, 8.0350000, 101222.710000,       0,       0,       0
10.410, 0.1334000 , -0.2034000, 9.6852000, 29.0070000,  33.8821000, 36.1862000, -38.2690000, -12.7150000, 8.1950000, 101221.450000,       0,       0,       0
10.420, 0.1142000 , -0.2094000, 9.6804000, 28.9764000,  34.1263000, 36.2549000, -38.1400000, -12.3770000, 7.6810000, 101221.450000,       0,       0,       0
10.430, 0.0939000 , -0.1938000, 9.6744000, 29.0909000,  34.0195000, 36.0947000, -38.4560000, -12.6440000, 7.1610000, 101221.300000,       0,       0,       0
10.440, 0.0748000 , -0.1591000, 9.6708000, 29.3045000,  33.5999000, 35.8582000, -38.5250000, -12.4270000, 7.3560000, 101221.300000,       0,       0,       0
10.450, 0.0688000 , -0.1136000, 9.6696000, 29.5105000,  33.0353000, 35.6750000, -38.3970000, -12.5990000, 7.3690000, 101220.770000,       0,       0,       0
10.460, 0.0748000 , -0.0718000, 9.6720000, 29.6249000,  32.5470000, 35.6293000, -38.2920000, -12.5590000, 7.6700000, 101220.770000,       0,       0,       0
10.470, 0.0879000 , -0.0467000, 9.6744000, 29.5639000,  32.2800000, 35.7437000, -38.2470000, -12.4420000, 7.1320000, 101224.720000,       0,       0,       0
10.480, 0.0975000 , -0.0502000, 9.6768000, 29.3808000,  32.2342000, 35.9268000, -38.4120000, -12.4490000, 7.8620000, 101224.720000,       0,       0,       0
10.490, 0.1035000 , -0.0813000, 9.6768000, 29.1977000,  32.3029000, 36.0718000, -38.3200000, -12.4350000, 7.3000000, 101222.520000,       0,       0,       0
10.500, 0.0987000 , -0.1448000, 9.6768000, 29.1214000,  32.4402000, 36.1710000, -38.3430000, -12.8040000, 6.9550000, 101222.520000,       0,       0,       0
10.510, 0.0927000 , -0.1735000, 9.6756000, 29.1977000,  32.3868000, 36.1252000, -38.2320000, -12.7500000, 7.7510000, 101221.650000,       0,       0,       0
10.520, 0.0891000 , -0.1818000, 9.6756000, 29.3274000,  32.2113000, 36.0031000, -38.5160000, -12.7260000, 7.3190000, 101221.650000,       0,       0,       0
10.530, 0.0891000 , -0.1711000, 9.6756000, 29.5105000,  31.9519000, 35.8582000, -38.3930000, -12.8400000, 6.9700000, 101222.430000,       0,       0,       0
10.540, 0.0963000 , -0.1519000, 9.6756000, 29.7012000,  31.7307000, 35.7132000, -38.2330000, -12.4280000, 6.3230000, 101222.430000,       0,       0,       0
10.550, 0.1095000 , -0.1316000, 9.6756000, 29.8767000,  31.6467000, 35.5377000, -38.2110000, -12.5130000, 7.1030000, 101220.700000,       0,       0,       0
10.560, 0.1298000 , -0.1184000, 9.6780000, 29.9835000,  31.7993000, 35.3928000, -38.4460000, -12.4830000, 6.9350000, 101220.700000,       0,       0,       0
10.570, 0.1465000 , -0.1184000, 9.6816000, 29.9683000,  32.2189000, 35.3622000, -38.1650000, -12.5450000, 7.4160000, 101221.380000,       0,       0,       0
10.580, 0.1549000 , -0.1328000, 9.6840000, 29.8386000,  32.8064000, 35.4614000, -38.2750000, -12.5860000, 7.1330000, 101221.380000,       0,       0,       0
10.590, 0.1525000 , -0.1567000, 9.6840000, 29.6707000,  33.4473000, 35.5988000, -37.9500000, -12.8050000, 7.2380000, 101221.100000,       0,       0,       0
10.600, 0.1394000 , -0.1854000, 9.6792000, 29.6021000,  33.9432000, 35.6293000, -38.2350000, -12.6310000, 6.4660000, 101221.100000,       0,       0,       0
10.610, 0.1190000 , -0.2058000, 9.6732000, 29.7394000,  34.1644000, 35.4614000, -38.6270000, -12.6940000, 6.5770000, 101221.380000,       0,       0,       0
10.620, 0.0999000 , -0.2082000, 9.6708000, 30.0369000,  34.0881000, 35.1105000, -38.1920000, -12.6530000, 7.7250000, 101221.380000,       0,       0,       0
10.630, 0.0915000 , -0.1938000, 9.6732000, 30.2963000,  33.8135000, 34.7366000, -38.5480000, -12.9670000, 7.4140000, 101224.530000,       0,       0,       0
10.640, 0.0963000 , -0.1639000, 9.6792000, 30.3192000,  33.5617000, 34.5078000, -38.1280000, -12.6740000, 8.0740000, 101224.530000,       0,       0,       0
10.650, 0.1178000 , -0.1268000, 9.6828000, 30.1208000,  33.5388000, 34.4620000, -38.4660000, -12.7760000, 7.9790000, 101222.320000,       0,       0,       0
10.660, 0.1322000 , -0.1005000, 9.6887000, 29.7623000,  33.7982000, 34.5383000, -37.9290000, -12.5380000, 7.9440000, 101222.320000,       0,       0,       0
10.670, 0.1310000 , -0.0849000, 9.6923000, 29.1595000,  34.0729000, 34.7061000, -38.5070000, -12.9180000, 7.6910000, 101221.380000,       0,       0,       0
10.680, 0.1178000 , -0.0885000, 9.6852000, 28.5492000,  34.4009000, 34.9045000, -37.8340000, -12.7460000, 7.7530000, 101221.380000,       0,       0,       0
10.690, 0.0855000 , -0.1172000, 9.6768000, 28.2898000,  34.4620000, 35.2173000, -38.3010000, -12.6030000, 7.7510000, 101221.470000,       0,       0,       0
10.700, 0.0532000 , -0.1555000, 9.6684000, 28.3890000,  34.1339000, 35.6216000, -38.1620000, -12.7010000, 7.4290000, 101221.470000,       0,       0,       0
10.710, 0.0377000 , -0.1818000, 9.6636000, 28.7247000,  33.5693000, 35.9344000, -38.2060000, -12.7240000, 7.3130000, 101223.100000,       0,       0,       0
10.720, 0.0413000 , -0.1890000, 9.6636000, 29.1824000,  32.8751000, 36.0107000, -38.3010000, -12.6330000, 7.1080000, 101223.100000,       0,       0,       0
10.730, 0.0628000 , -0.1818000, 9.6684000, 29.6326000,  32.2723000, 35.8658000, -38.3430000, -12.7110000, 7.2340000, 101221.130000,       0,       0,       0
10.740, 0.0879000 , -0.1627000, 9.6720000, 29.9606000,  31.9366000, 35.5835000, -38.5300000, -12.6050000, 6.9970000, 101221.130000,       0,       0,       0
10.750, 0.1083000 , -0.1459000, 9.6768000, 30.1437000,  31.9214000, 35.2936000, -38.5860000, -12.4450000, 7.1590000, 101224.790000,       0,       0,       0
10.760, 0.1166000 , -0.1400000, 9.6828000, 30.1743000,  32.1426000, 35.1257000, -38.6740000, -12.4620000, 6.9950000, 101224.790000,       0,       0,       0
10.770, 0.1226000 , -0.1424000, 9.6864000, 30.0751000,  32.4631000, 35.0571000, -38.3650000, -12.5380000, 7.5210000, 101222.520000,       0,       0,       0
10.780, 0.1214000 , -0.1495000, 9.6852000, 29.8996000,  32.8369000, 35.0494000, -37.9300000, -12.3960000, 7.8930000, 101222.520000,       0,       0,       0
10.790, 0.1083000 , -0.1615000, 9.6816000, 29.7241000,  33.1268000, 35.0952000, -38.6260000, -12.6570000, 7.8660000, 101223.030000,       0,       0,       0
10.800, 0.0903000 , -0.1723000, 9.6792000, 29.6097000,  33.2184000, 35.2020000, -38.4360000, -12.5530000, 7.5090000, 101223.030000,       0,       0,       0
10.810, 0.0748000 , -0.1735000, 9.6780000, 29.5258000,  33.1039000, 35.3546000, -38.4780000, -12.8460000, 8.3480000, 101221.450000,       0,       0,       0
10.820, 0.0652000 , -0.1639000, 9.6780000, 29.4418000,  32.8751000, 35.5759000, -38.1390000, -12.6050000, 7.2990000, 101221.450000,       0,       0,       0
10.830, 0.0664000 , -0.1495000, 9.6756000, 29.3961000,  32.5851000, 35.7513000, -38.5500000, -12.7320000, 7.6420000, 101221.450000,       0,       0,       0
10.840, 0.0784000 , -0.1352000, 9.6720000, 29.4418000,  32.3257000, 35.7895000, -38.4120000, -12.6650000, 7.5040000, 101221.450000,       0,       0,       0
10.850, 0.0903000 , -0.1268000, 9.6732000, 29.5181000,  32.2189000, 35.7132000, -38.4720000, -12.4010000, 8.0570000, 101225.160000,       0,       0,       0
10.860, 0.0987000 , -0.1304000, 9.6756000, 29.5715000,  32.2189000, 35.6064000, -38.2050000, -12.4410000, 7.5700000, 101225.160000,       0,       0,       0
10.870, 0.1023000 , -0.1424000, 9.6756000, 29.5944000,  32.2800000, 35.5148000, -38.4750000, -12.5550000, 7.6550000, 101223.270000,       0,       0,       0
10.880, 0.1035000 , -0.1591000, 9.6768000, 29.6173000,  32.3639000, 35.4385000, -38.3720000, -12.6960000, 7.7710000, 101223.270000,       0,       0,       0
10.890, 0.0999000 , -0.1771000, 9.6768000, 29.6555000,  32.4020000, 35.3775000, -38.5760000, -12.7590000, 6.8680000, 101224.450000,       0,       0,       0
10.900, 0.0951000 , -0.1854000, 9.6744000, 29.7241000,  32.4020000, 35.3088000, -38.1520000, -12.8200000, 7.5780000, 101224.450000,       0,       0,       0
10.910, 0.0879000 , -0.1806000, 9.6744000, 29.8233000,  32.3410000, 35.1868000, -38.4190000, -12.4270000, 7.6410000, 101220.320000,       0,       0,       0
10.920, 0.0831000 , -0.1627000, 9.6744000, 29.8920000,  32.1579000, 35.0494000, -38.6360000, -12.1630000, 8.3550000, 101220.320000,       0,       0,       0
10.930, 0.0831000 , -0.1388000, 9.6732000, 29.9530000,  31.8985000, 34.9503000, -38.4140000, -12.3650000, 8.2900000, 101221.450000,       0,       0,       0
10.940, 0.0927000 , -0.1136000, 9.6756000, 29.9988000,  31.7078000, 34.9579000, -38.3590000, -12.7760000, 7.5190000, 101221.450000,       0,       0,       0
10.950, 0.1083000 , -0.0981000, 9.6792000, 29.9606000,  31.7001000, 35.0800000, -38.6900000, -12.7000000, 7.5540000, 101223.590000,       0,       0,       0
10.960, 0.1214000 , -0.1053000, 9.6828000, 29.8080000,  31.8527000, 35.2631000, -38.5780000, -12.6020000, 7.0290000, 101223.590000,       0,       0,       0
10.970, 0.1286000 , -0.1340000, 9.6840000, 29.6097000,  32.1655000, 35.4309000, -38.5500000, -12.4220000, 7.7050000, 101222.560000,       0,       0,       0
10.980, 0.1286000 , -0.1687000, 9.6840000, 29.4571000,  32.5317000, 35.4996000, -38.5060000, -12.2850000, 7.6080000, 101222.560000,       0,       0,       0
10.990, 0.1202000 , -0.1974000, 9.6840000, 29.3427000,  32.7911000, 35.4919000, -38.8170000, -12.5540000, 7.2790000, 101222.960000,       0,       0,       0
11.000, 0.1071000 , -0.2141000, 9.6828000, 29.2816000,  32.8751000, 35.5148000, -38.5330000, -12.5630000, 7.4910000, 101222.960000,       0,       0,       0
11.010, 0.0987000 , -0.2129000, 9.6792000, 29.3045000,  32.8293000, 35.5911000, -38.3660000, -12.8050000, 7.3450000, 101221.510000,       0,       0,       0
11.020, 0.0975000 , -0.1950000, 9.6744000, 29.4189000,  32.6920000, 35.6674000, -38.4440000, -12.7250000, 6.9130000, 101221.510000,       0,       0,       0
11.030, 0.1023000 , -0.1687000, 9.6720000, 29.5639000,  32.5470000, 35.7056000, -38.1990000, -12.7090000, 6.9270000, 101225.260000,       0,       0,       0
11.040, 0.1083000 , -0.1424000, 9.6744000, 29.6402000,  32.4936000, 35.7208000, -38.2730000, -12.3020000, 7.1660000, 101225.260000,       0,       0,       0
11.050, 0.1142000 , -0.1268000, 9.6780000, 29.5410000,  32.5317000, 35.7590000, -38.8230000, -12.2730000, 7.3450000, 101222.850000,       0,       0,       0
11.060, 0.1154000 , -0.1280000, 9.6828000, 29.3045000,  32.6614000, 35.8505000, -38.2410000, -12.4130000, 7.1830000, 101222.850000,       0,       0,       0
11.070, 0.1130000 , -0.1459000, 9.6828000, 29.0833000,  32.8293000, 35.9421000, -38.5360000, -12.5240000, 7.7140000, 101225.290000,       0,       0,       0
11.080, 0.1035000 , -0.1854000, 9.6792000, 29.0527000,  32.8445000, 35.8429000, -38.3350000, -12.4080000, 7.4670000, 101225.290000,       0,       0,       0
11.090, 0.0951000 , -0.1974000, 9.6768000, 29.2435000,  32.6233000, 35.5453000, -38.3490000, -12.6310000, 8.0220000, 101226.370000,       0,       0,       0
11.100, 0.0903000 , -0.1926000, 9.6732000, 29.5410000,  32.2266000, 35.1486000, -38.2780000, -12.5520000, 7.5600000, 101226.370000,       0,       0,       0
11.110, 0.0915000 , -0.1747000, 9.6708000, 29.8538000,  31.8069000, 34.8434000, -38.8080000, -12.6110000, 7.2780000, 101225.160000,       0,       0,       0
11.120, 0.1023000 , -0.1483000, 9.6732000, 30.0903000,  31.5552000, 34.6909000, -38.2140000, -12.6100000, 7.3490000, 101225.160000,       0,       0,       0
11.130, 0.1190000 , -0.1184000, 9.6780000, 30.1361000,  31.5475000, 34.7061000, -38.3360000, -12.6680000, 7.5380000, 101221.470000,       0,       0,       0
11.140, 0.1310000 , -0.1005000, 9.6828000, 29.9301000,  31.7764000, 34.8816000, -38.3980000, -12.9310000, 7.5140000, 101221.470000,       0,       0,       0
11.150, 0.1322000 , -0.1053000, 9.6852000, 29.5868000,  32.0969000, 35.1944000, -38.3960000, -12.7500000, 7.4890000, 101222.670000,       0,       0,       0
11.160, 0.1250000 , -0.1304000, 9.6840000, 29.2816000,  32.3563000, 35.5606000, -38.3900000, -12.6130000, 7.4020000, 101222.670000,       0,       0,       0
11.170, 0.1130000 , -0.1627000, 9.6804000, 29.1290000,  32.4402000, 35.8200000, -38.3430000, -12.6530000, 7.5350000, 101223.010000,       0,       0,       0
11.180, 0.1071000 , -0.1914000, 9.6768000, 29.1824000,  32.3029000, 35.8429000, -38.6390000, -12.5130000, 7.3210000, 101223.010000,       0,       0,       0
11.190, 0.1154000 , -0.2046000, 9.6732000, 29.4266000,  32.1274000, 35.6216000, -38.6740000, -12.5980000, 7.2020000, 101220.610000,       0,       0,       0
11.200, 0.1274000 , -0.1926000, 9.6756000, 29.7165000,  32.0816000, 35.2859000, -38.5270000, -12.5510000, 7.6680000, 101220.610000,       0,       0,       0
11.210, 0.1418000 , -0.1651000, 9.6780000, 29.8538000,  32.3715000, 34.9884000, -38.5580000, -12.4950000, 7.4360000, 101222.080000,       0,       0,       0
11.220, 0.1657000 , -0.1615000, 9.6828000, 29.7470000,  32.8979000, 34.8587000, -38.5860000, -12.8320000, 7.3370000, 101222.080000,       0,       0,       0
11.230, 0.1573000 , -0.1735000, 9.6875000, 29.5181000,  33.2794000, 34.9731000, -38.4350000, -12.7240000, 7.5250000, 101220.990000,       0,       0,       0
11.240, 0.1430000 , -0.1890000, 9.6875000, 29.2587000,  33.6380000, 35.2402000, -38.5190000, -12.5200000, 7.5100000, 101220.990000,       0,       0,       0
11.250, 0.1238000 , -0.1998000, 9.6864000, 29.0680000,  33.8058000, 35.4843000, -38.6740000, -12.7120000, 7.5580000, 101221.580000,       0,       0,       0
11.260, 0.0999000 , -0.1986000, 9.6816000, 28.9764000,  33.7296000, 35.5988000, -38.3780000, -12.5870000, 7.8680000, 101221.580000,       0,       0,       0
11.270, 0.0915000 , -0.1914000, 9.6756000, 28.9917000,  33.3939000, 35.5759000, -38.5420000, -12.3290000, 7.8420000, 101222.150000,       0,       0,       0
11.280, 0.0843000 , -0.1735000, 9.6696000, 29.1595000,  32.8064000, 35.4843000, -38.5170000, -12.2530000, 8.0410000, 101222.150000,       0,       0,       0
11.290, 0.0903000 , -0.1483000, 9.6660000, 29.4189000,  32.2113000, 35.4233000, -38.3840000, -12.5790000, 7.1830000, 101226.890000,       0,       0,       0
11.300, 0.1107000 , -0.1316000, 9.6660000, 29.6936000,  31.7383000, 35.4538000, -38.5610000, -12.8280000, 7.2560000, 101226.890000,       0,       0,       0
11.310, 0.1178000 , -0.1232000, 9.6732000, 29.8462000,  31.4636000, 35.6216000, -38.6480000, -12.8370000, 7.4270000, 101221.270000,       0,       0,       0
11.320, 0.1322000 , -0.1340000, 9.6804000, 29.7852000,  31.4178000, 35.9039000, -38.4560000, -12.6810000, 7.5430000, 101221.270000,       0,       0,       0
11.330, 0.1370000 , -0.1627000, 9.6828000, 29.6249000,  31.5475000, 36.1710000, -38.3910000, -12.6640000, 8.3160000, 101224.200000,       0,       0,       0
11.340, 0.1286000 , -0.2022000, 9.6792000, 29.5639000,  31.7154000, 36.3235000, -38.4270000, -12.6450000, 6.8970000, 101224.200000,       0,       0,       0
11.350, 0.1322000 , -0.2249000, 9.6756000, 29.6173000,  31.8527000, 36.3159000, -38.6520000, -12.8480000, 7.5230000, 101220.920000,       0,       0,       0
11.360, 0.1370000 , -0.2201000, 9.6720000, 29.7470000,  31.9672000, 36.1633000, -38.4230000, -12.7260000, 7.7070000, 101220.920000,       0,       0,       0
11.370, 0.1418000 , -0.1962000, 9.6720000, 29.8996000,  32.1426000, 35.9650000, -38.6320000, -12.6060000, 7.6370000, 101222.040000,       0,       0,       0
11.380, 0.1453000 , -0.1639000, 9.6744000, 29.9759000,  32.3105000, 35.7895000, -38.3610000, -12.7000000, 7.8650000, 101222.040000,       0,       0,       0
11.390, 0.1442000 , -0.1352000, 9.6768000, 29.9454000,  32.4707000, 35.6674000, -38.8960000, -12.8850000, 7.3510000, 101220.680000,       0,       0,       0
11.400, 0.1453000 , -0.1220000, 9.6768000, 29.8386000,  32.6157000, 35.5988000, -38.3050000, -12.6860000, 8.0050000, 101220.680000,       0,       0,       0
11.410, 0.1453000 , -0.1292000, 9.6756000, 29.7165000,  32.7530000, 35.6064000, -38.4390000, -12.8280000, 7.0430000, 101222.090000,       0,       0,       0
11.420, 0.1442000 , -0.1531000, 9.6780000, 29.6555000,  32.9666000, 35.6903000, -38.6530000, -12.6120000, 6.7410000, 101222.090000,       0,       0,       0
11.430, 0.1453000 , -0.1794000, 9.6804000, 29.6326000,  33.2565000, 35.7513000, -38.9590000, -12.5880000, 6.7730000, 101220.910000,       0,       0,       0
11.440, 0.1465000 , -0.1986000, 9.6828000, 29.6173000,  33.5312000, 35.7132000, -38.4090000, -12.5820000, 7.4170000, 101220.910000,       0,       0,       0
11.450, 0.1406000 , -0.2046000, 9.6816000, 29.6021000,  33.6914000, 35.5453000, -38.7070000, -12.8320000, 6.7250000, 101222.080000,       0,       0,       0
11.460, 0.1322000 , -0.2046000, 9.6792000, 29.6326000,  33.6533000, 35.3622000, -38.5600000, -12.4460000, 7.6160000, 101222.080000,       0,       0,       0
11.470, 0.1202000 , -0.1998000, 9.6768000, 29.7470000,  33.4778000, 35.3241000, -38.5180000, -12.5550000, 7.1370000, 101221.150000,       0,       0,       0
11.480, 0.1130000 , -0.1842000, 9.6744000, 29.9225000,  33.2031000, 35.4691000, -38.7510000, -12.4450000, 7.0200000, 101221.150000,       0,       0,       0
11.490, 0.1071000 , -0.1711000, 9.6756000, 30.0980000,  32.8522000, 35.7285000, -38.5800000, -12.5100000, 7.0170000, 101218.700000,       0,       0,       0
11.500, 0.1083000 , -0.1555000, 9.6780000, 30.2277000,  32.5012000, 35.9192000, -38.7140000, -12.7870000, 7.1830000, 101218.700000,       0,       0,       0
11.510, 0.1322000 , -0.1483000, 9.6792000, 30.2505000,  32.3334000, 35.8734000, -38.3270000, -12.5720000, 7.2630000, 101223.140000,       0,       0,       0
11.520, 0.1489000 , -0.1483000, 9.6816000, 30.1666000,  32.4173000, 35.6979000, -38.5120000, -13.1310000, 7.5250000, 101223.140000,       0,       0,       0
11.530, 0.1525000 , -0.1579000, 9.6840000, 29.9835000,  32.6920000, 35.6293000, -38.5600000, -13.0140000, 7.0860000, 101220.870000,       0,       0,       0
11.540, 0.1501000 , -0.1711000, 9.6840000, 29.7852000,  33.0811000, 35.7513000, -38.7860000, -12.5380000, 7.4460000, 101220.870000,       0,       0,       0
11.550, 0.1322000 , -0.1842000, 9.6816000, 29.6783000,  33.3557000, 35.9879000, -38.6570000, -12.7520000, 7.7620000, 101221.520000,       0,       0,       0
11.560, 0.1107000 , -0.1914000, 9.6756000, 29.7241000,  33.3710000, 36.1481000, -38.6780000, -12.8170000, 7.7610000, 101221.520000,       0,       0,       0
11.570, 0.0915000 , -0.1854000, 9.6720000, 29.9149000,  33.1497000, 36.0641000, -38.5690000, -12.8220000, 7.7010000, 101225.140000,       0,       0,       0
11.580, 0.0867000 , -0.1651000, 9.6720000, 30.1895000,  32.7225000, 35.6750000, -38.7940000, -12.9390000, 7.1750000, 101225.140000,       0,       0,       0
11.590, 0.0951000 , -0.1364000, 9.6744000, 30.4108000,  32.2495000, 35.1486000, -38.7340000, -12.3840000, 8.0130000, 101220.910000,       0,       0,       0
11.600, 0.1107000 , -0.1125000, 9.6768000, 30.4718000,  31.8756000, 34.7137000, -38.5580000, -12.6610000, 7.6410000, 101220.910000,       0,       0,       0
11.610, 0.1250000 , -0.1065000, 9.6792000, 30.3955000,  31.7307000, 34.5383000, -38.6490000, -12.5430000, 7.0460000, 101223.450000,       0,       0,       0
11.620, 0.1370000 , -0.1196000, 9.6840000, 30.2277000,  31.8222000, 34.6680000, -38.7230000, -12.4160000, 7.2470000, 101223.450000,       0,       0,       0
11.630, 0.1465000 , -0.1495000, 9.6864000, 29.9759000,  32.0740000, 35.0037000, -38.6810000, -12.6180000, 7.4200000, 101224.160000,       0,       0,       0
11.640, 0.1477000 , -0.1842000, 9.6852000, 29.6860000,  32.4173000, 35.3546000, -38.4400000, -12.4050000, 7.4620000, 101224.160000,       0,       0,       0
11.650, 0.1418000 , -0.2201000, 9.6792000, 29.4342000,  32.9132000, 35.5835000, -38.6090000, -12.5750000, 8.4160000, 101221.710000,       0,       0,       0
11.660, 0.1322000 , -0.2189000, 9.6744000, 29.4876000,  33.0505000, 35.4614000, -38.5560000, -12.6580000, 7.8050000, 101221.710000,       0,       0,       0
11.670, 0.1238000 , -0.1974000, 9.6732000, 29.6631000,  32.9742000, 35.2020000, -38.4950000, -12.7470000, 7.9150000, 101223.980000,       0,       0,       0
11.680, 0.1226000 , -0.1639000, 9.6732000, 29.8386000,  32.7759000, 34.9503000, -38.8880000, -12.6970000, 7.1490000, 101223.980000,       0,       0,       0
11.690, 0.1250000 , -0.1328000, 9.6756000, 29.8920000,  32.5470000, 34.8511000, -38.5030000, -12.9710000, 8.2430000, 101223.480000,       0,       0,       0
11.700, 0.1262000 , -0.1172000, 9.6792000, 29.8004000,  32.3639000, 34.9426000, -38.4040000, -12.6850000, 7.5260000, 101223.480000,       0,       0,       0
11.710, 0.1310000 , -0.1220000, 9.6804000, 29.6249000,  32.2876000, 35.1944000, -38.6930000, -12.7250000, 7.8490000, 101225.350000,       0,       0,       0
11.720, 0.1358000 , -0.1424000, 9.6792000, 29.4495000,  32.3486000, 35.4767000, -38.7590000, -12.5730000, 7.5080000, 101225.350000,       0,       0,       0
11.730, 0.1394000 , -0.1651000, 9.6804000, 29.3198000,  32.5165000, 35.6674000, -38.5240000, -12.8270000, 7.1570000, 101222.120000,       0,       0,       0
11.740, 0.1370000 , -0.1854000, 9.6792000, 29.2435000,  32.6691000, 35.7132000, -38.3920000, -13.0540000, 6.9850000, 101222.120000,       0,       0,       0
11.750, 0.1310000 , -0.1962000, 9.6780000, 29.2435000,  32.7530000, 35.5606000, -38.7670000, -12.8490000, 7.0140000, 101224.910000,       0,       0,       0
11.760, 0.1310000 , -0.1986000, 9.6756000, 29.3274000,  32.7606000, 35.2249000, -38.5860000, -12.9470000, 7.5090000, 101224.910000,       0,       0,       0
11.770, 0.1310000 , -0.1926000, 9.6744000, 29.4952000,  32.7225000, 34.8587000, -38.5680000, -13.1150000, 6.9490000, 101222.390000,       0,       0,       0
11.780, 0.1298000 , -0.1747000, 9.6756000, 29.6631000,  32.6920000, 34.6069000, -38.7540000, -12.9440000, 6.8270000, 101222.390000,       0,       0,       0
11.790, 0.1334000 , -0.1567000, 9.6780000, 29.7470000,  32.6614000, 34.5917000, -38.7330000, -12.7640000, 6.9930000, 101221.240000,       0,       0,       0
11.800, 0.1358000 , -0.1436000, 9.6804000, 29.7318000,  32.6920000, 34.7977000, -38.2980000, -12.5640000, 6.5470000, 101221.240000,       0,       0,       0
11.810, 0.1382000 , -0.1388000, 9.6792000, 29.6555000,  32.7606000, 35.1028000, -38.7760000, -13.0510000, 6.5630000, 101220.610000,       0,       0,       0
11.820, 0.1382000 , -0.1436000, 9.6756000, 29.6249000,  32.7988000, 35.3775000, -38.6500000, -12.8380000, 6.9570000, 101220.610000,       0,       0,       0
11.830, 0.1346000 , -0.1591000, 9.6756000, 29.6707000,  32.8064000, 35.5377000, -38.8130000, -12.6070000, 7.2510000, 101221.520000,       0,       0,       0
11.840, 0.1322000 , -0.1723000, 9.6756000, 29.7852000,  32.7988000, 35.5301000, -38.6470000, -12.7780000, 7.0040000, 101221.520000,       0,       0,       0
11.850, 0.1370000 , -0.1759000, 9.6744000, 29.9072000,  32.7759000, 35.3241000, -38.6340000, -12.5420000, 7.0280000, 101225.090000,       0,       0,       0
11.860, 0.1430000 , -0.1747000, 9.6756000, 29.9988000,  32.7911000, 35.0571000, -38.5340000, -12.8360000, 6.6530000, 101225.090000,       0,       0,       0
11.870, 0.1430000 , -0.1675000, 9.6780000, 29.9835000,  32.8674000, 34.8969000, -38.3330000, -12.8650000, 7.4800000, 101223.170000,       0,       0,       0
11.880, 0.1418000 , -0.1591000, 9.6804000, 29.8615000,  32.9666000, 34.8969000, -38.4000000, -12.5450000, 7.0410000, 101223.170000,       0,       0,       0
11.890, 0.1346000 , -0.1567000, 9.6816000, 29.7012000,  33.0353000, 35.0113000, -38.5870000, -12.5750000, 7.2010000, 101222.790000,       0,       0,       0
11.900, 0.1262000 , -0.1603000, 9.6804000, 29.5563000,  33.0200000, 35.1868000, -38.7330000, -12.6420000, 6.7460000, 101222.790000,       0,       0,       0
11.910, 0.1154000 , -0.1651000, 9.6756000, 29.4647000,  32.8522000, 35.3317000, -38.5300000, -12.7680000, 7.2940000, 101221.040000,       0,       0,       0
11.920, 0.1083000 , -0.1711000, 9.6720000, 29.4724000,  32.5470000, 35.4080000, -38.4970000, -12.8790000, 6.9360000, 101221.040000,       0,       0,       0
11.930, 0.1166000 , -0.1723000, 9.6684000, 29.5944000,  32.2647000, 35.4156000, -38.6960000, -12.8270000, 7.3520000, 101222.020000,       0,       0,       0
11.940, 0.1334000 , -0.1675000, 9.6720000, 29.7699000,  32.1579000, 35.4004000, -38.7130000, -12.8230000, 6.9990000, 101222.020000,       0,       0,       0
11.950, 0.1549000 , -0.1615000, 9.6780000, 29.8615000,  32.2800000, 35.4156000, -38.6570000, -12.5300000, 7.4610000, 101221.450000,       0,       0,       0
11.960, 0.1693000 , -0.1639000, 9.6852000, 29.7852000,  32.6385000, 35.4691000, -38.2660000, -12.9340000, 7.5080000, 101221.450000,       0,       0,       0
11.970, 0.1681000 , -0.1735000, 9.6887000, 29.5944000,  33.0887000, 35.5148000, -38.4800000, -12.7540000, 6.7610000, 101223.320000,       0,       0,       0
11.980, 0.1513000 , -0.1806000, 9.6864000, 29.3655000,  33.4091000, 35.5377000, -38.3970000, -12.5920000, 7.4440000, 101223.320000,       0,       0,       0
11.990, 0.1250000 , -0.1830000, 9.6816000, 29.2053000,  33.4549000, 35.5453000, -38.4390000, -12.6120000, 6.9640000, 101223.510000,       0,       0,       0
12.000, 0.1035000 , -0.1794000, 9.6756000, 29.2130000,  33.1650000, 35.5225000, -38.4250000, -12.7130000, 7.0340000, 101223.510000,       0,       0,       0
12.010, 0.0951000 , -0.1663000, 9.6696000, 29.3732000,  32.6385000, 35.4309000, -38.4600000, -12.7130000, 6.8740000, 101225.090000,       0,       0,       0
12.020, 0.1035000 , -0.1483000, 9.6684000, 29.5944000,  32.1198000, 35.3012000, -38.5430000, -12.6660000, 7.0420000, 101225.090000,       0,       0,       0
12.030, 0.1226000 , -0.1340000, 9.6684000, 29.7852000,  31.7993000, 35.2097000, -38.3060000, -12.6440000, 6.9090000, 101226.800000,       0,       0,       0
12.040, 0.1465000 , -0.1304000, 9.6696000, 29.9072000,  31.8146000, 35.2402000, -38.6730000, -12.6680000, 7.4620000, 101226.800000,       0,       0,       0
12.050, 0.1633000 , -0.1364000, 9.6744000, 29.9072000,  32.1045000, 35.3851000, -38.7260000, -12.8130000, 7.2930000, 101224.580000,       0,       0,       0
12.060, 0.1681000 , -0.1495000, 9.6780000, 29.7852000,  32.4707000, 35.5682000, -38.4330000, -12.3830000, 6.8460000, 101224.580000,       0,       0,       0
12.070, 0.1633000 , -0.1699000, 9.6804000, 29.6173000,  32.8064000, 35.7056000, -38.3710000, -12.6730000, 7.4090000, 101221.910000,       0,       0,       0
12.080, 0.1465000 , -0.1878000, 9.6804000, 29.4876000,  33.0048000, 35.7590000, -38.2760000, -12.6290000, 7.1650000, 101221.910000,       0,       0,       0
12.090, 0.1358000 , -0.1914000, 9.6792000, 29.4571000,  33.0353000, 35.7285000, -38.1990000, -12.9750000, 7.1900000, 101221.570000,       0,       0,       0
12.100, 0.1346000 , -0.1830000, 9.6804000, 29.4418000,  33.0200000, 35.6827000, -38.2870000, -12.8530000, 7.4230000, 101221.570000,       0,       0,       0
12.110, 0.1382000 , -0.1735000, 9.6804000, 29.4037000,  33.0124000, 35.6445000, -38.3900000, -12.8070000, 6.5180000, 101221.840000,       0,       0,       0
12.120, 0.1418000 , -0.1735000, 9.6780000, 29.3884000,  33.0353000, 35.5988000, -38.3330000, -12.8510000, 6.8890000, 101221.840000,       0,       0,       0
12.130, 0.1406000 , -0.1806000, 9.6768000, 29.4342000,  33.0811000, 35.5072000, -38.5650000, -13.0480000, 6.3900000, 101221.040000,       0,       0,       0
12.140, 0.1430000 , -0.1878000, 9.6780000, 29.5334000,  33.0963000, 35.3699000, -38.4170000, -12.9720000, 6.8010000, 101221.040000,       0,       0,       0
12.150, 0.1442000 , -0.1926000, 9.6792000, 29.6326000,  33.1116000, 35.1944000, -38.4440000, -12.8890000, 7.2850000, 101221.380000,       0,       0,       0
12.160, 0.1394000 , -0.1974000, 9.6816000, 29.6478000,  33.1421000, 35.0723000, -38.5030000, -12.8780000, 7.0190000, 101221.380000,       0,       0,       0
12.170, 0.1322000 , -0.1986000, 9.6828000, 29.5334000,  33.1802000, 35.1028000, -38.6850000, -12.5360000, 7.3490000, 101221.770000,       0,       0,       0
12.180, 0.1262000 , -0.1998000, 9.6816000, 29.3579000,  33.1955000, 35.2936000, -38.1120000, -12.2550000, 7.5270000, 101221.770000,       0,       0,       0
12.190, 0.1190000 , -0.2046000, 9.6792000, 29.2130000,  33.1955000, 35.6064000, -38.2600000, -12.9060000, 6.8920000, 101221.540000,       0,       0,       0
12.200, 0.1119000 , -0.2058000, 9.6768000, 29.1519000,  33.0963000, 35.9268000, -38.6080000, -12.8260000, 7.6100000, 101221.540000,       0,       0,       0
12.210, 0.1130000 , -0.2010000, 9.6744000, 29.1977000,  32.9132000, 36.0947000, -38.3780000, -12.7300000, 7.1140000, 101225.290000,       0,       0,       0
12.220, 0.1298000 , -0.1830000, 9.6744000, 29.4342000,  32.6462000, 35.8734000, -38.3910000, -12.8380000, 6.1280000, 101225.290000,       0,       0,       0
12.230, 0.1442000 , -0.1723000, 9.6744000, 29.6173000,  32.5775000, 35.5148000, -38.5430000, -12.8180000, 6.6980000, 101223.410000,       0,       0,       0
12.240, 0.1537000 , -0.1651000, 9.6744000, 29.7546000,  32.6462000, 35.1639000, -38.3680000, -12.8070000, 6.6350000, 101223.410000,       0,       0,       0
12.250, 0.1513000 , -0.1651000, 9.6756000, 29.7928000,  32.8522000, 34.9731000, -38.3000000, -12.9760000, 7.1880000, 101227.040000,       0,       0,       0
12.260, 0.1442000 , -0.1663000, 9.6768000, 29.7318000,  33.0963000, 34.9731000, -38.1300000, -12.8840000, 6.4180000, 101227.040000,       0,       0,       0
12.270, 0.1358000 , -0.1699000, 9.6768000, 29.6631000,  33.2947000, 35.0647000, -38.3590000, -12.9200000, 7.3200000, 101225.090000,       0,       0,       0
12.280, 0.1250000 , -0.1711000, 9.6720000, 29.6402000,  33.3481000, 35.1486000, -38.4030000, -12.7920000, 7.3830000, 101225.090000,       0,       0,       0
12.290, 0.1166000 , -0.1747000, 9.6684000, 29.7318000,  33.2260000, 35.1791000, -38.4940000, -12.4950000, 7.2130000, 101223.620000,       0,       0,       0
12.300, 0.1083000 , -0.1747000, 9.6684000, 29.9225000,  32.9971000, 35.1868000, -38.2390000, -12.7200000, 6.9760000, 101223.620000,       0,       0,       0
12.310, 0.1083000 , -0.1651000, 9.6720000, 30.0598000,  32.7072000, 35.1944000, -38.5770000, -12.8510000, 6.9210000, 101224.580000,       0,       0,       0
12.320, 0.1142000 , -0.1543000, 9.6744000, 30.0903000,  32.4249000, 35.2478000, -38.5370000, -12.6950000, 7.1180000, 101224.580000,       0,       0,       0
12.330, 0.1226000 , -0.1519000, 9.6768000, 30.0369000,  32.2723000, 35.3546000, -38.5290000, -12.6160000, 7.6220000, 101219.980000,       0,       0,       0
12.340, 0.1310000 , -0.1555000, 9.6780000, 29.9454000,  32.2189000, 35.4233000, -38.6800000, -13.0620000, 7.2630000, 101219.980000,       0,       0,       0
12.350, 0.1382000 , -0.1675000, 9.6768000, 29.8538000,  32.1960000, 35.4004000, -38.5810000, -13.0640000, 7.4350000, 101222.120000,       0,       0,       0
12.360, 0.1406000 , -0.1842000, 9.6756000, 29.8004000,  32.2266000, 35.3088000, -38.2450000, -12.9710000, 7.1180000, 101222.120000,       0,       0,       0
12.370, 0.1406000 , -0.1986000, 9.6756000, 29.7775000,  32.3029000, 35.2325000, -38.5040000, -12.7710000, 7.4290000, 101223.450000,       0,       0,       0
12.380, 0.1406000 , -0.2034000, 9.6780000, 29.7318000,  32.4478000, 35.2783000, -38.4750000, -12.7710000, 7.1260000, 101223.450000,       0,       0,       0
12.390, 0.1406000 , -0.2034000, 9.6792000, 29.6402000,  32.6157000, 35.4614000, -38.3910000, -12.8300000, 6.6650000, 101222.190000,       0,       0,       0
12.400, 0.1394000 , -0.2010000, 9.6804000, 29.5486000,  32.7835000, 35.6903000, -38.3580000, -12.9680000, 6.8870000, 101222.190000,       0,       0,       0
12.410, 0.1418000 , -0.1938000, 9.6780000, 29.4189000,  32.9742000, 35.8276000, -38.6100000, -12.9490000, 6.5710000, 101221.910000,       0,       0,       0
12.420, 0.1453000 , -0.1878000, 9.6756000, 29.3045000,  33.1650000, 35.7666000, -38.4650000, -12.7380000, 7.3790000, 101221.910000,       0,       0,       0
12.430, 0.1430000 , -0.1890000, 9.6744000, 29.3579000,  33.2565000, 35.5606000, -38.4900000, -12.9220000, 6.4200000, 101223.590000,       0,       0,       0
12.440, 0.1370000 , -0.1950000, 9.6708000, 29.6097000,  33.2336000, 35.3241000, -38.4010000, -12.7390000, 6.6850000, 101223.590000,       0,       0,       0
12.450, 0.1298000 , -0.1914000, 9.6696000, 29.9606000,  33.1268000, 35.1028000, -38.6660000, -12.7680000, 7.3730000, 101223.280000,       0,       0,       0
12.460, 0.1238000 , -0.1842000, 9.6720000, 30.2200000,  32.9819000, 34.9197000, -38.3310000, -12.5830000, 7.4290000, 101223.280000,       0,       0,       0
12.470, 0.1238000 , -0.1759000, 9.6744000, 30.3116000,  32.8369000, 34.8129000, -38.5020000, -13.1280000, 7.1560000, 101221.980000,       0,       0,       0
12.480, 0.1274000 , -0.1651000, 9.6756000, 30.3345000,  32.7225000, 34.7519000, -38.6290000, -12.9830000, 6.6390000, 101221.980000,       0,       0,       0
12.490, 0.1346000 , -0.1567000, 9.6756000, 30.3040000,  32.7225000, 34.7137000, -38.3470000, -12.6850000, 6.4270000, 101223.610000,       0,       0,       0
12.500, 0.1382000 , -0.1555000, 9.6780000, 30.1971000,  32.7911000, 34.6680000, -38.7360000, -13.2550000, 7.3140000, 101223.610000,       0,       0,       0
12.510, 0.1358000 , -0.1603000, 9.6792000, 30.0293000,  32.8751000, 34.6909000, -38.2750000, -12.6470000, 7.4090000, 101221.040000,       0,       0,       0
12.520, 0.1298000 , -0.1675000, 9.6768000, 29.8843000,  32.9208000, 34.8434000, -38.0980000, -13.0230000, 7.5600000, 101221.040000,       0,       0,       0
12.530, 0.1226000 , -0.1747000, 9.6744000, 29.7699000,  32.8751000, 35.1105000, -38.2120000, -12.8720000, 7.3200000, 101219.730000,       0,       0,       0
12.540, 0.1178000 , -0.1842000, 9.6732000, 29.7318000,  32.7606000, 35.4385000, -38.3780000, -12.7660000, 6.6370000, 101219.730000,       0,       0,       0
12.550, 0.1190000 , -0.1902000, 9.6744000, 29.7699000,  32.6385000, 35.6750000, -38.3200000, -12.9150000, 6.6300000, 101224.650000,       0,       0,       0
12.560, 0.1274000 , -0.1854000, 9.6756000, 29.8157000,  32.5241000, 35.7208000, -38.4180000, -12.7920000, 6.3880000, 101224.650000,       0,       0,       0
12.570, 0.1370000 , -0.1771000, 9.6768000, 29.8233000,  32.4860000, 35.6140000, -38.4620000, -12.7210000, 6.5300000, 101225.220000,       0,       0,       0
12.580, 0.1430000 , -0.1687000, 9.6780000, 29.7852000,  32.5851000, 35.4614000, -38.0270000, -12.8230000, 7.0830000, 101225.220000,       0,       0,       0
12.590, 0.1430000 , -0.1603000, 9.6792000, 29.6936000,  32.7454000, 35.3928000, -38.2880000, -12.9340000, 7.1700000, 101221.740000,       0,       0,       0
12.600, 0.1370000 , -0.1603000, 9.6804000, 29.5334000,  32.9056000, 35.4767000, -38.1310000, -12.8920000, 7.2280000, 101221.740000,       0,       0,       0
12.610, 0.1286000 , -0.1687000, 9.6792000, 29.3579000,  32.9895000, 35.7132000, -38.6290000, -12.8020000, 7.3070000, 101221.880000,       0,       0,       0
12.620, 0.1214000 , -0.1818000, 9.6768000, 29.2587000,  32.9895000, 36.0184000, -38.7720000, -12.8750000, 6.2190000, 101221.880000,       0,       0,       0
12.630, 0.1166000 , -0.1890000, 9.6744000, 29.2358000,  32.8903000, 36.2930000, -38.6850000, -12.7020000, 6.8420000, 101224.620000,       0,       0,       0
12.640, 0.1178000 , -0.1842000, 9.6732000, 29.2587000,  32.7454000, 36.4380000, -38.5190000, -12.8000000, 6.8810000, 101224.620000,       0,       0,       0
12.650, 0.1238000 , -0.1759000, 9.6744000, 29.3121000,  32.6309000, 36.4151000, -38.3570000, -12.9960000, 6.5590000, 101221.940000,       0,       0,       0
12.660, 0.1322000 , -0.1723000, 9.6732000, 29.3808000,  32.5546000, 36.2396000, -38.5250000, -12.7780000, 6.2860000, 101221.940000,       0,       0,       0
12.670, 0.1406000 , -0.1794000, 9.6720000, 29.4876000,  32.5546000, 35.9802000, -38.2150000, -12.8540000, 6.3390000, 101223.530000,       0,       0,       0
12.680, 0.1418000 , -0.1914000, 9.6744000, 29.6097000,  32.6614000, 35.7285000, -38.2960000, -13.0430000, 6.7840000, 101223.530000,       0,       0,       0
12.690, 0.1406000 , -0.2022000, 9.6768000, 29.6783000,  32.8064000, 35.5682000, -38.5500000, -12.6870000, 6.4520000, 101223.460000,       0,       0,       0
12.700, 0.1394000 , -0.2034000, 9.6792000, 29.6555000,  32.9742000, 35.5225000, -38.2230000, -12.7830000, 6.5760000, 101223.460000,       0,       0,       0
12.710, 0.1370000 , -0.1962000, 9.6780000, 29.6097000,  33.1421000, 35.5530000, -38.2220000, -12.9110000, 6.8390000, 101223.620000,       0,       0,       0
12.720, 0.1346000 , -0.1842000, 9.6768000, 29.5868000,  33.2565000, 35.6064000, -38.4400000, -12.7070000, 6.6530000, 101223.620000,       0,       0,       0
12.730, 0.1322000 , -0.1699000, 9.6744000, 29.6173000,  33.2718000, 35.5759000, -38.4630000, -12.6000000, 6.5020000, 101221.570000,       0,       0,       0
12.740, 0.1310000 , -0.1591000, 9.6732000, 29.7012000,  33.1955000, 35.4614000, -38.3540000, -12.8790000, 6.6830000, 101221.570000,       0,       0,       0
12.750, 0.1298000 , -0.1555000, 9.6720000, 29.8157000,  33.0963000, 35.3012000, -38.2580000, -12.9400000, 6.9820000, 101221.910000,       0,       0,       0
12.760, 0.1286000 , -0.1579000, 9.6732000, 29.9377000,  32.9819000, 35.1334000, -38.2040000, -12.8430000, 6.1830000, 101221.910000,       0,       0,       0
12.770, 0.1298000 , -0.1723000, 9.6780000, 29.9988000,  32.8674000, 34.9579000, -38.2980000, -12.9730000, 6.7780000, 101224.380000,       0,       0,       0
12.780, 0.1298000 , -0.1842000, 9.6804000, 29.9377000,  32.8445000, 34.9503000, -38.2470000, -12.7000000, 6.3270000, 101224.380000,       0,       0,       0
12.790, 0.1274000 , -0.1986000, 9.6828000, 29.8309000,  32.8674000, 35.0723000, -38.3660000, -12.6830000, 7.0710000, 101221.160000,       0,       0,       0
12.800, 0.1226000 , -0.2070000, 9.6828000, 29.7470000,  32.8903000, 35.2478000, -38.1950000, -12.9490000, 7.2180000, 101221.160000,       0,       0,       0
12.810, 0.1190000 , -0.2046000, 9.6804000, 29.6936000,  32.8522000, 35.3851000, -38.3680000, -12.9780000, 6.3850000, 101225.290000,       0,       0,       0
12.820, 0.1226000 , -0.1914000, 9.6780000, 29.6555000,  32.8293000, 35.4080000, -38.6070000, -12.8090000, 6.7870000, 101225.290000,       0,       0,       0
12.830, 0.1214000 , -0.1723000, 9.6768000, 29.6173000,  32.7606000, 35.3394000, -38.0450000, -12.8480000, 7.4000000, 101222.000000,       0,       0,       0
12.840, 0.1214000 , -0.1615000, 9.6756000, 29.6173000,  32.6385000, 35.2478000, -38.4440000, -12.9180000, 7.3930000, 101222.000000,       0,       0,       0
12.850, 0.1238000 , -0.1603000, 9.6756000, 29.6707000,  32.5699000, 35.1715000, -38.0380000, -12.8620000, 7.1880000, 101223.380000,       0,       0,       0
12.860, 0.1286000 , -0.1639000, 9.6756000, 29.7241000,  32.5317000, 35.0952000, -38.1720000, -12.6520000, 7.5650000, 101223.380000,       0,       0,       0
12.870, 0.1322000 , -0.1747000, 9.6744000, 29.7241000,  32.5317000, 35.0342000, -38.1680000, -12.8780000, 6.7430000, 101222.710000,       0,       0,       0
12.880, 0.1286000 , -0.1842000, 9.6768000, 29.6936000,  32.5699000, 35.0342000, -38.2820000, -12.7480000, 7.1210000, 101222.710000,       0,       0,       0
12.890, 0.1274000 , -0.1890000, 9.6756000, 29.6555000,  32.5699000, 35.1028000, -38.2340000, -13.0660000, 6.3670000, 101221.740000,       0,       0,       0
12.900, 0.1286000 , -0.1866000, 9.6756000, 29.6402000,  32.5623000, 35.2020000, -38.4250000, -13.0510000, 7.0980000, 101221.740000,       0,       0,       0
12.910, 0.1358000 , -0.1818000, 9.6768000, 29.6173000,  32.6233000, 35.3012000, -38.4340000, -12.7580000, 7.2690000, 101222.120000,       0,       0,       0
12.920, 0.1430000 , -0.1782000, 9.6792000, 29.5486000,  32.7682000, 35.3775000, -38.3350000, -12.8810000, 6.1530000, 101222.120000,       0,       0,       0
12.930, 0.1442000 , -0.1854000, 9.6780000, 29.4647000,  32.8827000, 35.4004000, -38.4260000, -12.5420000, 6.6220000, 101223.530000,       0,       0,       0
12.940, 0.1370000 , -0.2010000, 9.6768000, 29.4800000,  32.9666000, 35.3546000, -38.1150000, -12.7320000, 6.3980000, 101223.530000,       0,       0,       0
12.950, 0.1310000 , -0.2094000, 9.6744000, 29.5868000,  32.9819000, 35.2097000, -38.2000000, -12.5730000, 6.7200000, 101221.240000,       0,       0,       0
12.960, 0.1250000 , -0.2082000, 9.6744000, 29.7012000,  32.8979000, 35.0189000, -38.4200000, -12.7290000, 6.4130000, 101221.240000,       0,       0,       0
12.970, 0.1154000 , -0.1998000, 9.6732000, 29.8004000,  32.7454000, 34.9045000, -38.3980000, -12.3910000, 6.7460000, 101225.540000,       0,       0,       0
12.980, 0.1142000 , -0.1854000, 9.6732000, 29.8691000,  32.5851000, 34.9045000, -38.4800000, -12.5240000, 5.9240000, 101225.540000,       0,       0,       0
12.990, 0.1178000 , -0.1651000, 9.6756000, 29.8462000,  32.5470000, 35.0494000, -38.1380000, -12.3600000, 6.2550000, 101221.110000,       0,       0,       0
13.000, 0.1214000 , -0.1448000, 9.6792000, 29.7089000,  32.6157000, 35.2859000, -38.2650000, -12.8680000, 6.0130000, 101221.110000,       0,       0,       0
13.010, 0.1250000 , -0.1352000, 9.6816000, 29.5258000,  32.6691000, 35.5301000, -38.5480000, -12.8150000, 6.1120000, 101222.320000,       0,       0,       0
13.020, 0.1274000 , -0.1400000, 9.6792000, 29.3884000,  32.6614000, 35.6903000, -38.0510000, -12.7250000, 7.0720000, 101222.320000,       0,       0,       0
13.030, 0.1310000 , -0.1567000, 9.6780000, 29.3655000,  32.6004000, 35.7285000, -38.2800000, -12.7030000, 7.0950000, 101225.350000,       0,       0,       0
13.040, 0.1358000 , -0.1794000, 9.6780000, 29.4571000,  32.5470000, 35.6293000, -38.3090000, -12.6170000, 7.1230000, 101225.350000,       0,       0,       0
13.050, 0.1394000 , -0.2034000, 9.6792000, 29.5639000,  32.5241000, 35.4614000, -38.6260000, -12.9080000, 6.5640000, 101221.910000,       0,       0,       0
13.060, 0.1430000 , -0.2249000, 9.6804000, 29.6249000,  32.5928000, 35.2859000, -38.5710000, -12.8150000, 7.0820000, 101221.910000,       0,       0,       0
13.070, 0.1465000 , -0.2381000, 9.6816000, 29.6402000,  32.7682000, 35.1715000, -38.3340000, -12.9150000, 6.6650000, 101222.050000,       0,       0,       0
13.080, 0.1442000 , -0.2405000, 9.6816000, 29.6249000,  32.9971000, 35.1486000, -38.3940000, -13.0250000, 6.9740000, 101222.050000,       0,       0,       0
13.090, 0.1346000 , -0.2309000, 9.6804000, 29.6249000,  33.1573000, 35.1639000, -38.2970000, -12.7130000, 6.7860000, 101222.510000,       0,       0,       0
13.100, 0.1214000 , -0.2105000, 9.6756000, 29.6783000,  33.1421000, 35.1562000, -38.6310000, -12.7180000, 6.7260000, 101222.510000,       0,       0,       0
13.110, 0.1154000 , -0.1818000, 9.6708000, 29.7852000,  32.9361000, 35.0952000, -38.6480000, -12.5640000, 6.1290000, 101224.070000,       0,       0,       0
13.120, 0.1166000 , -0.1567000, 9.6696000, 29.8691000,  32.6996000, 35.0418000, -38.5080000, -12.8100000, 6.5540000, 101224.070000,       0,       0,       0
13.130, 0.1214000 , -0.1424000, 9.6732000, 29.8996000,  32.5623000, 35.0876000, -38.5060000, -12.8220000, 6.5520000, 101221.940000,       0,       0,       0
13.140, 0.1298000 , -0.1436000, 9.6756000, 29.8386000,  32.5165000, 35.2249000, -38.4950000, -12.7960000, 6.7390000, 101221.940000,       0,       0,       0
13.150, 0.1394000 , -0.1591000, 9.6780000, 29.6860000,  32.6309000, 35.4004000, -38.4660000, -12.8260000, 6.2140000, 101221.770000,       0,       0,       0
13.160, 0.1430000 , -0.1794000, 9.6804000, 29.5258000,  32.8369000, 35.5225000, -38.2790000, -12.8810000, 6.8250000, 101221.770000,       0,       0,       0
13.170, 0.1394000 , -0.1974000, 9.6792000, 29.4037000,  32.9742000, 35.5377000, -38.2740000, -13.0210000, 7.3690000, 101222.490000,       0,       0,       0
13.180, 0.1262000 , -0.2165000, 9.6780000, 29.3579000,  33.0048000, 35.5148000, -38.2510000, -13.0840000, 7.3850000, 101222.490000,       0,       0,       0
13.190, 0.1142000 , -0.2285000, 9.6744000, 29.4342000,  32.8751000, 35.5072000, -38.5830000, -12.9800000, 7.0560000, 101222.320000,       0,       0,       0
13.200, 0.1154000 , -0.2213000, 9.6708000, 29.6707000,  32.6538000, 35.4691000, -38.2510000, -13.2780000, 7.1540000, 101222.320000,       0,       0,       0
13.210, 0.1238000 , -0.1950000, 9.6720000, 29.9377000,  32.4860000, 35.3622000, -38.5120000, -13.0950000, 7.5810000, 101223.780000,       0,       0,       0
13.220, 0.1370000 , -0.1639000, 9.6744000, 30.0827000,  32.4020000, 35.1715000, -38.7150000, -13.0400000, 7.9680000, 101223.780000,       0,       0,       0
13.230, 0.1501000 , -0.1436000, 9.6768000, 30.0751000,  32.4631000, 34.9350000, -38.5060000, -12.8870000, 6.5960000, 101222.010000,       0,       0,       0
13.240, 0.1561000 , -0.1424000, 9.6792000, 29.9683000,  32.6385000, 34.7443000, -38.2660000, -12.5530000, 6.5890000, 101222.010000,       0,       0,       0
13.250, 0.1525000 , -0.1579000, 9.6792000, 29.8233000,  32.8293000, 34.6756000, -38.3260000, -13.1530000, 6.1740000, 101224.950000,       0,       0,       0
13.260, 0.1406000 , -0.1878000, 9.6792000, 29.6936000,  33.0200000, 34.8282000, -38.3790000, -12.7240000, 6.8240000, 101224.950000,       0,       0,       0
13.270, 0.1250000 , -0.2153000, 9.6780000, 29.6097000,  33.1573000, 35.1562000, -38.2030000, -13.0500000, 5.8940000, 101220.550000,       0,       0,       0
13.280, 0.1190000 , -0.2321000, 9.6756000, 29.5868000,  33.1879000, 35.4996000, -38.3840000, -12.7570000, 6.9240000, 101220.550000,       0,       0,       0
13.290, 0.1190000 , -0.2357000, 9.6732000, 29.6707000,  33.1345000, 35.6750000, -38.5610000, -13.1860000, 7.1850000, 101222.020000,       0,       0,       0
13.300, 0.1250000 , -0.2249000, 9.6708000, 29.8233000,  33.0124000, 35.5835000, -38.3130000, -12.7370000, 6.3540000, 101222.020000,       0,       0,       0
13.310, 0.1310000 , -0.2070000, 9.6720000, 29.9835000,  32.8751000, 35.2783000, -38.4790000, -12.6370000, 6.6620000, 101223.780000,       0,       0,       0
13.320, 0.1394000 , -0.1806000, 9.6756000, 30.0980000,  32.6843000, 34.7519000, -38.3960000, -12.7980000, 6.0310000, 101223.780000,       0,       0,       0
13.330, 0.1465000 , -0.1687000, 9.6756000, 30.1056000,  32.6843000, 34.5383000, -38.5590000, -12.8400000, 6.9110000, 101222.320000,       0,       0,       0
13.340, 0.1513000 , -0.1687000, 9.6780000, 30.0751000,  32.8903000, 34.5306000, -38.6450000, -12.8690000, 6.5610000, 101222.320000,       0,       0,       0
13.350, 0.1525000 , -0.1747000, 9.6792000, 29.9988000,  33.2413000, 34.7061000, -38.7440000, -12.7100000, 6.5000000, 101224.960000,       0,       0,       0
13.360, 0.1513000 , -0.1854000, 9.6792000, 29.9225000,  33.6380000, 34.9045000, -38.7260000, -12.9000000, 6.3620000, 101224.960000,       0,       0,       0
13.370, 0.1430000 , -0.1998000, 9.6792000, 29.8843000,  33.9813000, 35.0189000, -38.7580000, -12.9180000, 6.9390000, 101222.020000,       0,       0,       0
13.380, 0.1262000 , -0.2117000, 9.6780000, 29.9149000,  34.1415000, 34.9884000, -38.4040000, -12.7910000, 6.8890000, 101222.020000,       0,       0,       0
13.390, 0.1071000 , -0.2153000, 9.6780000, 29.9911000,  34.0271000, 34.8434000, -38.5160000, -12.8680000, 6.9440000, 101221.610000,       0,       0,       0
13.400, 0.0915000 , -0.2046000, 9.6780000, 30.0598000,  33.6838000, 34.6375000, -38.5310000, -12.7830000, 7.2670000, 101221.610000,       0,       0,       0
13.410, 0.0855000 , -0.1842000, 9.6768000, 30.1056000,  33.2260000, 34.4925000, -38.6160000, -12.7330000, 7.0280000, 101223.910000,       0,       0,       0
13.420, 0.0915000 , -0.1591000, 9.6744000, 30.1743000,  32.8064000, 34.4391000, -38.6770000, -12.8220000, 6.9330000, 101223.910000,       0,       0,       0
13.430, 0.1059000 , -0.1388000, 9.6732000, 30.2505000,  32.5623000, 34.4849000, -38.5160000, -12.9550000, 6.6030000, 101225.540000,       0,       0,       0
13.440, 0.1238000 , -0.1292000, 9.6708000, 30.3116000,  32.5394000, 34.5688000, -38.4750000, -12.9780000, 6.3990000, 101225.540000,       0,       0,       0
13.450, 0.1394000 , -0.1388000, 9.6708000, 30.3726000,  32.7148000, 34.6909000, -38.6550000, -12.8790000, 6.8090000, 101222.380000,       0,       0,       0
13.460, 0.1477000 , -0.1615000, 9.6744000, 30.4337000,  33.0582000, 34.8434000, -38.6030000, -12.9630000, 7.0940000, 101222.380000,       0,       0,       0
13.470, 0.1430000 , -0.1842000, 9.6780000, 30.4413000,  33.4549000, 34.9960000, -38.2390000, -12.9200000, 7.3120000, 101222.010000,       0,       0,       0
13.480, 0.1298000 , -0.1914000, 9.6804000, 30.3421000,  33.7524000, 35.1181000, -38.7420000, -13.0020000, 6.9050000, 101222.010000,       0,       0,       0
13.490, 0.1071000 , -0.1723000, 9.6792000, 30.0903000,  33.8364000, 35.2783000, -38.5570000, -13.1110000, 6.4470000, 101223.530000,       0,       0,       0
13.500, 0.0819000 , -0.1400000, 9.6792000, 29.6555000,  33.7219000, 35.6674000, -38.4330000, -12.8290000, 7.3330000, 101223.530000,       0,       0,       0
13.510, 0.0700000 , -0.1089000, 9.6780000, 29.1672000,  33.4549000, 36.3235000, -38.5100000, -12.9140000, 6.6990000, 101221.620000,       0,       0,       0
13.520, 0.0819000 , -0.0969000, 9.6756000, 28.8315000,  33.1879000, 36.9339000, -38.5020000, -13.0990000, 7.2830000, 101221.620000,       0,       0,       0
13.530, 0.1059000 , -0.1113000, 9.6744000, 28.6942000,  33.0276000, 37.2009000, -38.2050000, -13.0800000, 7.1520000, 101222.490000,       0,       0,       0
13.540, 0.1226000 , -0.1495000, 9.6732000, 28.6942000,  32.9666000, 37.0331000, -38.4430000, -12.9460000, 7.0410000, 101222.490000,       0,       0,       0
13.550, 0.1238000 , -0.2010000, 9.6744000, 28.7933000,  32.9742000, 36.6364000, -38.5190000, -13.0510000, 6.8070000, 101221.630000,       0,       0,       0
13.560, 0.1154000 , -0.2512000, 9.6768000, 28.9917000,  32.9437000, 36.2625000, -38.5850000, -13.1450000, 7.2910000, 101221.630000,       0,       0,       0
13.570, 0.1071000 , -0.2787000, 9.6780000, 29.2053000,  32.8293000, 36.0336000, -38.5150000, -12.8530000, 7.3500000, 101223.280000,       0,       0,       0
13.580, 0.1059000 , -0.2799000, 9.6768000, 29.4266000,  32.7072000, 35.8963000, -38.5340000, -12.8000000, 6.9980000, 101223.280000,       0,       0,       0
13.590, 0.1119000 , -0.2596000, 9.6756000, 29.6173000,  32.6385000, 35.7666000, -38.1610000, -12.7480000, 6.9030000, 101222.090000,       0,       0,       0
13.600, 0.1178000 , -0.2261000, 9.6744000, 29.7928000,  32.6385000, 35.5911000, -38.4520000, -12.6970000, 7.0410000, 101222.090000,       0,       0,       0
13.610, 0.1214000 , -0.1890000, 9.6732000, 29.9530000,  32.6996000, 35.3394000, -38.3160000, -12.8460000, 6.4470000, 101223.960000,       0,       0,       0
13.620, 0.1178000 , -0.1603000, 9.6744000, 30.0827000,  32.7530000, 35.0494000, -38.3430000, -13.2480000, 6.2500000, 101223.960000,       0,       0,       0
13.630, 0.1119000 , -0.1436000, 9.6744000, 30.1132000,  32.7301000, 34.8053000, -38.6570000, -12.8080000, 6.6940000, 101223.730000,       0,       0,       0
13.640, 0.1130000 , -0.1412000, 9.6732000, 30.0598000,  32.7148000, 34.6375000, -38.6290000, -12.8520000, 6.9310000, 101223.730000,       0,       0,       0
13.650, 0.1154000 , -0.1519000, 9.6756000, 29.9683000,  32.8293000, 34.6069000, -38.5040000, -13.2660000, 6.9050000, 101226.380000,       0,       0,       0
13.660, 0.1154000 , -0.1699000, 9.6756000, 29.8767000,  32.9742000, 34.6985000, -38.3920000, -12.9300000, 6.8450000, 101226.380000,       0,       0,       0
13.670, 0.1130000 , -0.1926000, 9.6744000, 29.8462000,  33.0963000, 34.8206000, -38.4780000, -13.1100000, 6.9990000, 101218.800000,       0,       0,       0
13.680, 0.1095000 , -0.2153000, 9.6744000, 29.8920000,  33.1726000, 34.8969000, -38.4240000, -12.7840000, 6.3140000, 101218.800000,       0,       0,       0
13.690, 0.1047000 , -0.2249000, 9.6744000, 29.9911000,  33.1345000, 34.8816000, -38.7530000, -12.7690000, 6.5690000, 101222.300000,       0,       0,       0
13.700, 0.1047000 , -0.2189000, 9.6756000, 30.1132000,  33.0048000, 34.7366000, -38.5660000, -12.8540000, 6.3620000, 101222.300000,       0,       0,       0
13.710, 0.1071000 , -0.1998000, 9.6768000, 30.2277000,  32.9056000, 34.5230000, -38.6060000, -12.6430000, 6.7670000, 101221.680000,       0,       0,       0
13.720, 0.1083000 , -0.1771000, 9.6768000, 30.3192000,  32.8140000, 34.3246000, -38.7930000, -12.7580000, 6.3320000, 101221.680000,       0,       0,       0
13.730, 0.1083000 , -0.1591000, 9.6768000, 30.3650000,  32.7148000, 34.1949000, -38.4710000, -12.5570000, 6.3040000, 101220.620000,       0,       0,       0
13.740, 0.1059000 , -0.1507000, 9.6780000, 30.3116000,  32.6691000, 34.2102000, -38.5560000, -12.7070000, 6.4380000, 101220.620000,       0,       0,       0
13.750, 0.1035000 , -0.1483000, 9.6792000, 30.1590000,  32.6843000, 34.4009000, -38.3770000, -12.8150000, 7.0080000, 101222.150000,       0,       0,       0
13.760, 0.1071000 , -0.1519000, 9.6804000, 29.9530000,  32.7301000, 34.6985000, -38.4430000, -13.0240000, 6.6860000, 101222.150000,       0,       0,       0
13.770, 0.1119000 , -0.1639000, 9.6780000, 29.8004000,  32.8293000, 35.0189000, -38.2430000, -12.5940000, 6.7720000, 101222.320000,       0,       0,       0
13.780, 0.1107000 , -0.1759000, 9.6768000, 29.7394000,  32.9437000, 35.2478000, -38.6400000, -12.7340000, 6.3350000, 101222.320000,       0,       0,       0
13.790, 0.1059000 , -0.1830000, 9.6744000, 29.7546000,  32.9666000, 35.3088000, -38.5590000, -12.7680000, 6.8980000, 101218.860000,       0,       0,       0
13.800, 0.1011000 , -0.1842000, 9.6720000, 29.8309000,  32.8674000, 35.2020000, -38.5080000, -12.9390000, 7.0570000, 101218.860000,       0,       0,       0
13.810, 0.0999000 , -0.1771000, 9.6708000, 29.9377000,  32.6920000, 34.9960000, -38.5240000, -12.7460000, 7.0160000, 101221.940000,       0,       0,       0
13.820, 0.1011000 , -0.1615000, 9.6732000, 30.0293000,  32.5089000, 34.8129000, -38.4880000, -12.7250000, 7.0460000, 101221.940000,       0,       0,       0
13.830, 0.1071000 , -0.1495000, 9.6756000, 29.9988000,  32.4326000, 34.7290000, -38.7530000, -12.7470000, 7.0000000, 101221.940000,       0,       0,       0
13.840, 0.1130000 , -0.1507000, 9.6780000, 29.8538000,  32.5012000, 34.8129000, -38.3760000, -12.7060000, 7.3730000, 101221.940000,       0,       0,       0
13.850, 0.1178000 , -0.1627000, 9.6780000, 29.7012000,  32.6614000, 34.9655000, -38.6200000, -12.7430000, 7.0370000, 101222.320000,       0,       0,       0
13.860, 0.1154000 , -0.1890000, 9.6756000, 29.5944000,  32.9742000, 35.2173000, -38.7220000, -12.9810000, 6.8110000, 101222.320000,       0,       0,       0
13.870, 0.1059000 , -0.1998000, 9.6744000, 29.5868000,  33.0582000, 35.3088000, -38.3740000, -12.7760000, 6.5150000, 101221.570000,       0,       0,       0
13.880, 0.0927000 , -0.1962000, 9.6720000, 29.6555000,  32.9437000, 35.3241000, -38.4280000, -12.9740000, 6.9480000, 101221.570000,       0,       0,       0
13.890, 0.0879000 , -0.1794000, 9.6720000, 29.7470000,  32.7225000, 35.2859000, -38.4470000, -12.9710000, 7.1320000, 101222.320000,       0,       0,       0
13.900, 0.0891000 , -0.1591000, 9.6720000, 29.8157000,  32.4554000, 35.2402000, -38.0570000, -13.0030000, 6.8330000, 101222.320000,       0,       0,       0
13.910, 0.0987000 , -0.1448000, 9.6744000, 29.8004000,  32.2266000, 35.2097000, -38.3280000, -12.7810000, 7.0400000, 101221.730000,       0,       0,       0
13.920, 0.1119000 , -0.1412000, 9.6780000, 29.6631000,  32.1579000, 35.2554000, -38.4750000, -12.8340000, 6.6020000, 101221.730000,       0,       0,       0
13.930, 0.1250000 , -0.1483000, 9.6816000, 29.4495000,  32.3181000, 35.4004000, -38.5820000, -12.8050000, 6.2550000, 101221.570000,       0,       0,       0
13.940, 0.1322000 , -0.1651000, 9.6828000, 29.2206000,  32.6233000, 35.6369000, -38.3920000, -12.7510000, 6.8100000, 101221.570000,       0,       0,       0
13.950, 0.1310000 , -0.1902000, 9.6816000, 29.0604000,  33.0048000, 35.8887000, -38.4630000, -12.9790000, 6.9100000, 101222.150000,       0,       0,       0
13.960, 0.1226000 , -0.2141000, 9.6792000, 29.0146000,  33.3176000, 36.0565000, -38.5110000, -12.7550000, 6.6240000, 101222.150000,       0,       0,       0
13.970, 0.1142000 , -0.2249000, 9.6756000, 29.0756000,  33.4854000, 36.0336000, -38.4040000, -12.5900000, 6.7720000, 101223.620000,       0,       0,       0
13.980, 0.1071000 , -0.2177000, 9.6732000, 29.2130000,  33.5159000, 35.8276000, -38.4940000, -12.7390000, 6.8610000, 101223.620000,       0,       0,       0
13.990, 0.0975000 , -0.1974000, 9.6720000, 29.4189000,  33.3633000, 35.5225000, -38.4620000, -12.9140000, 7.2910000, 101223.400000,       0,       0,       0
14.000, 0.0915000 , -0.1747000, 9.6708000, 29.6173000,  33.0658000, 35.2020000, -38.4080000, -13.0540000, 6.8980000, 101223.400000,       0,       0,       0
14.010, 0.0903000 , -0.1603000, 9.6720000, 29.7623000,  32.7454000, 34.9731000, -38.4010000, -12.7380000, 6.8910000, 101222.490000,       0,       0,       0
14.020, 0.0927000 , -0.1543000, 9.6744000, 29.8233000,  32.5394000, 34.9197000, -38.3400000, -12.8930000, 7.3260000, 101222.490000,       0,       0,       0
14.030, 0.0999000 , -0.1567000, 9.6756000, 29.7623000,  32.4554000, 35.0189000, -38.4570000, -12.7370000, 6.7790000, 101221.210000,       0,       0,       0
14.040, 0.1107000 , -0.1663000, 9.6756000, 29.6478000,  32.5317000, 35.2249000, -38.3510000, -12.9970000, 6.4150000, 101221.210000,       0,       0,       0
14.050, 0.1154000 , -0.1782000, 9.6744000, 29.5258000,  32.7606000, 35.4919000, -38.2630000, -12.7510000, 7.3200000, 101223.060000,       0,       0,       0
14.060, 0.1142000 , -0.1878000, 9.6732000, 29.4113000,  32.9895000, 35.7132000, -38.1610000, -12.6480000, 6.7340000, 101223.060000,       0,       0,       0
14.070, 0.1035000 , -0.1962000, 9.6720000, 29.3503000,  33.0887000, 35.7971000, -38.5730000, -12.6540000, 6.7910000, 101222.150000,       0,       0,       0
14.080, 0.0915000 , -0.1974000, 9.6708000, 29.3655000,  32.9971000, 35.7590000, -38.4620000, -12.7280000, 7.2210000, 101222.150000,       0,       0,       0
14.090, 0.0867000 , -0.1914000, 9.6708000, 29.4800000,  32.7530000, 35.6216000, -37.9230000, -12.8910000, 6.6500000, 101223.840000,       0,       0,       0
14.100, 0.0879000 , -0.1794000, 9.6732000, 29.6173000,  32.4478000, 35.4691000, -38.4130000, -12.7070000, 6.5160000, 101223.840000,       0,       0,       0
14.110, 0.0951000 , -0.1711000, 9.6744000, 29.6860000,  32.2113000, 35.3851000, -38.3130000, -12.8660000, 7.0800000, 101222.230000,       0,       0,       0
14.120, 0.1083000 , -0.1663000, 9.6768000, 29.6631000,  32.1579000, 35.4004000, -38.1930000, -12.8740000, 7.0580000, 101222.230000,       0,       0,       0
14.130, 0.1214000 , -0.1651000, 9.6768000, 29.5715000,  32.3029000, 35.4843000, -38.5500000, -12.9600000, 6.8280000, 101222.050000,       0,       0,       0
14.140, 0.1286000 , -0.1687000, 9.6768000, 29.4571000,  32.5851000, 35.5682000, -38.1810000, -12.9190000, 6.2120000, 101222.050000,       0,       0,       0
14.150, 0.1250000 , -0.1782000, 9.6756000, 29.3884000,  32.8598000, 35.6140000, -38.2350000, -13.1600000, 7.2170000, 101222.120000,       0,       0,       0
14.160, 0.1119000 , -0.1866000, 9.6744000, 29.3884000,  32.9819000, 35.5911000, -38.6280000, -12.8430000, 7.2650000, 101222.120000,       0,       0,       0
14.170, 0.0963000 , -0.1878000, 9.6720000, 29.4495000,  32.8979000, 35.5148000, -38.2960000, -12.9260000, 7.2070000, 101221.040000,       0,       0,       0
14.180, 0.0843000 , -0.1818000, 9.6696000, 29.5410000,  32.6157000, 35.4156000, -38.3380000, -12.7110000, 6.7750000, 101221.040000,       0,       0,       0
14.190, 0.0819000 , -0.1699000, 9.6696000, 29.6326000,  32.2723000, 35.3394000, -38.2880000, -12.9120000, 6.5420000, 101221.310000,       0,       0,       0
14.200, 0.0891000 , -0.1615000, 9.6708000, 29.6783000,  31.9901000, 35.3165000, -38.4740000, -12.6750000, 7.1410000, 101221.310000,       0,       0,       0
14.210, 0.1023000 , -0.1639000, 9.6732000, 29.6631000,  31.8451000, 35.3317000, -38.3020000, -13.0110000, 6.0920000, 101219.660000,       0,       0,       0
14.220, 0.1154000 , -0.1759000, 9.6756000, 29.6478000,  31.8832000, 35.3622000, -38.2430000, -13.0050000, 6.6310000, 101219.660000,       0,       0,       0
14.230, 0.1262000 , -0.1926000, 9.6768000, 29.6249000,  32.0435000, 35.4004000, -38.2580000, -12.8310000, 7.1290000, 101223.920000,       0,       0,       0
14.240, 0.1274000 , -0.2082000, 9.6768000, 29.6097000,  32.2495000, 35.4538000, -38.3080000, -13.0180000, 7.1690000, 101223.920000,       0,       0,       0
14.250, 0.1238000 , -0.2141000, 9.6768000, 29.5868000,  32.3639000, 35.5148000, -38.1820000, -12.5900000, 6.9430000, 101225.660000,       0,       0,       0
14.260, 0.1250000 , -0.2105000, 9.6744000, 29.5715000,  32.4097000, 35.5453000, -38.2670000, -12.7250000, 7.1530000, 101225.660000,       0,       0,       0
14.270, 0.1310000 , -0.1986000, 9.6744000, 29.6021000,  32.4478000, 35.5072000, -38.3040000, -12.7060000, 7.4160000, 101224.960000,       0,       0,       0
14.280, 0.1358000 , -0.1890000, 9.6744000, 29.6631000,  32.5165000, 35.4156000, -38.1850000, -12.4270000, 6.9210000, 101224.960000,       0,       0,       0
14.290, 0.1382000 , -0.1854000, 9.6768000, 29.6936000,  32.6462000, 35.3317000, -38.5780000, -12.7290000, 6.7090000, 101222.150000,       0,       0,       0
14.300, 0.1346000 , -0.1902000, 9.6792000, 29.6631000,  32.8674000, 35.3165000, -38.3100000, -12.8260000, 6.6160000, 101222.150000,       0,       0,       0
14.310, 0.1298000 , -0.1986000, 9.6804000, 29.5944000,  33.1116000, 35.3928000, -38.2410000, -12.6280000, 6.4210000, 101221.940000,       0,       0,       0
14.320, 0.1202000 , -0.2105000, 9.6780000, 29.5410000,  33.2794000, 35.4996000, -38.4330000, -12.8710000, 6.9540000, 101221.940000,       0,       0,       0
14.330, 0.1107000 , -0.2201000, 9.6756000, 29.5486000,  33.3099000, 35.5301000, -38.5640000, -12.7000000, 6.9020000, 101222.330000,       0,       0,       0
14.340, 0.1059000 , -0.2189000, 9.6720000, 29.6783000,  33.1650000, 35.4233000, -38.4370000, -12.5450000, 6.8480000, 101222.330000,       0,       0,       0
14.350, 0.1095000 , -0.2034000, 9.6708000, 29.8538000,  32.9208000, 35.1791000, -38.1990000, -12.6070000, 6.8980000, 101222.030000,       0,       0,       0
14.360, 0.1142000 , -0.1771000, 9.6720000, 30.0064000,  32.6996000, 34.9274000, -38.2750000, -12.4030000, 6.4860000, 101222.030000,       0,       0,       0
14.370, 0.1178000 , -0.1543000, 9.6756000, 30.0598000,  32.5699000, 34.8129000, -38.2300000, -12.6090000, 7.0230000, 101222.120000,       0,       0,       0
14.380, 0.1190000 , -0.1495000, 9.6804000, 29.9759000,  32.5699000, 34.8816000, -38.2780000, -12.6290000, 6.6930000, 101222.120000,       0,       0,       0
14.390, 0.1178000 , -0.1615000, 9.6828000, 29.8157000,  32.6462000, 35.0723000, -38.4360000, -12.4070000, 6.6290000, 101220.540000,       0,       0,       0
14.400, 0.1166000 , -0.2010000, 9.6792000, 29.6249000,  32.7835000, 35.3470000, -38.1930000, -12.5000000, 6.1320000, 101220.540000,       0,       0,       0
14.410, 0.1166000 , -0.2249000, 9.6756000, 29.6021000,  32.8598000, 35.4309000, -38.2990000, -12.7450000, 5.8310000, 101224.040000,       0,       0,       0
14.420, 0.1154000 , -0.2345000, 9.6756000, 29.6783000,  32.8903000, 35.4233000, -38.3330000, -12.6840000, 5.6710000, 101224.040000,       0,       0,       0
14.430, 0.1154000 , -0.2285000, 9.6756000, 29.7928000,  32.8751000, 35.3622000, -38.2820000, -13.1790000, 6.7390000, 101223.150000,       0,       0,       0
14.440, 0.1154000 , -0.2129000, 9.6768000, 29.8920000,  32.8217000, 35.2936000, -38.6310000, -12.5960000, 6.2920000, 101223.150000,       0,       0,       0
14.450, 0.1154000 , -0.1950000, 9.6768000, 29.9606000,  32.7606000, 35.2249000, -38.2770000, -12.7570000, 6.1790000, 101221.620000,       0,       0,       0
14.460, 0.1166000 , -0.1794000, 9.6768000, 29.9911000,  32.7454000, 35.1715000, -38.1550000, -12.4620000, 6.9930000, 101221.620000,       0,       0,       0
14.470, 0.1154000 , -0.1723000, 9.6768000, 29.9835000,  32.7682000, 35.1334000, -37.9070000, -12.9100000, 6.9780000, 101223.690000,       0,       0,       0
14.480, 0.1154000 , -0.1723000, 9.6768000, 29.9149000,  32.8064000, 35.1105000, -38.2100000, -12.9990000, 7.1250000, 101223.690000,       0,       0,       0
14.490, 0.1095000 , -0.1759000, 9.6768000, 29.8080000,  32.8293000, 35.1334000, -38.2470000, -12.8200000, 6.3430000, 101220.370000,       0,       0,       0
14.500, 0.1047000 , -0.1830000, 9.6780000, 29.7165000,  32.7835000, 35.2249000, -38.2980000, -12.7000000, 6.3480000, 101220.370000,       0,       0,       0
14.510, 0.1011000 , -0.1926000, 9.6780000, 29.6783000,  32.6920000, 35.3546000, -38.4400000, -12.8990000, 6.5060000, 101222.210000,       0,       0,       0
14.520, 0.1023000 , -0.1950000, 9.6768000, 29.7089000,  32.5394000, 35.4767000, -38.3430000, -12.6790000, 6.3860000, 101222.210000,       0,       0,       0
14.530, 0.1083000 , -0.1890000, 9.6768000, 29.7546000,  32.3944000, 35.5682000, -38.1870000, -12.7750000, 6.7440000, 101221.880000,       0,       0,       0
14.540, 0.1190000 , -0.1759000, 9.6768000, 29.7623000,  32.3563000, 35.6827000, -38.0020000, -12.6820000, 6.8520000, 101221.880000,       0,       0,       0
14.550, 0.1274000 , -0.1663000, 9.6792000, 29.6860000,  32.4402000, 35.8887000, -38.2390000, -12.7480000, 6.2620000, 101220.180000,       0,       0,       0
14.560, 0.1322000 , -0.1675000, 9.6780000, 29.5410000,  32.6309000, 36.1176000, -38.4090000, -12.6030000, 6.5930000, 101220.180000,       0,       0,       0
14.570, 0.1322000 , -0.1759000, 9.6768000, 29.3884000,  32.8674000, 36.2320000, -38.0340000, -12.7210000, 6.2150000, 101223.200000,       0,       0,       0
14.580, 0.1262000 , -0.1914000, 9.6768000, 29.2740000,  33.0276000, 36.1862000, -38.3690000, -12.7560000, 6.8410000, 101223.200000,       0,       0,       0
14.590, 0.1202000 , -0.2070000, 9.6744000, 29.2435000,  33.0505000, 36.0184000, -38.2080000, -12.8890000, 6.6250000, 101221.970000,       0,       0,       0
14.600, 0.1178000 , -0.2201000, 9.6732000, 29.3427000,  33.0124000, 35.8276000, -38.1620000, -12.7710000, 6.4870000, 101221.970000,       0,       0,       0
14.610, 0.1214000 , -0.2237000, 9.6744000, 29.5181000,  32.9666000, 35.6750000, -38.4080000, -12.8020000, 7.2580000, 101222.120000,       0,       0,       0
14.620, 0.1226000 , -0.2189000, 9.6756000, 29.6631000,  32.9666000, 35.5453000, -38.4350000, -12.6070000, 6.6220000, 101222.120000,       0,       0,       0
14.630, 0.1202000 , -0.2082000, 9.6756000, 29.7546000,  32.9971000, 35.4233000, -38.6000000, -12.5570000, 6.5800000, 101222.420000,       0,       0,       0
14.640, 0.1202000 , -0.1938000, 9.6744000, 29.8004000,  33.0734000, 35.3088000, -38.4010000, -12.6520000, 6.6710000, 101222.420000,       0,       0,       0
14.650, 0.1142000 , -0.1794000, 9.6732000, 29.8080000,  33.1268000, 35.2249000, -38.4910000, -12.7280000, 6.8330000, 101221.980000,       0,       0,       0
14.660, 0.1059000 , -0.1687000, 9.6720000, 29.8080000,  33.0658000, 35.1562000, -38.4240000, -12.3230000, 7.2830000, 101221.980000,       0,       0,       0
14.670, 0.0975000 , -0.1663000, 9.6708000, 29.8080000,  32.8979000, 35.1334000, -38.4130000, -12.5260000, 6.8650000, 101222.130000,       0,       0,       0
14.680, 0.0939000 , -0.1663000, 9.6732000, 29.8080000,  32.6385000, 35.1410000, -38.5820000, -12.5330000, 6.7660000, 101222.130000,       0,       0,       0
14.690, 0.0963000 , -0.1687000, 9.6756000, 29.7775000,  32.3563000, 35.1944000, -38.6350000, -12.4850000, 6.2820000, 101217.160000,       0,       0,       0
14.700, 0.1023000 , -0.1699000, 9.6756000, 29.7241000,  32.1426000, 35.2707000, -38.4600000, -12.5460000, 6.9770000, 101217.160000,       0,       0,       0
14.710, 0.1142000 , -0.1735000, 9.6744000, 29.7165000,  32.0206000, 35.3394000, -38.3600000, -12.7250000, 6.0950000, 101223.660000,       0,       0,       0
14.720, 0.1274000 , -0.1782000, 9.6756000, 29.7623000,  32.0511000, 35.3928000, -38.3620000, -12.6840000, 6.0130000, 101223.660000,       0,       0,       0
14.730, 0.1382000 , -0.1842000, 9.6756000, 29.8157000,  32.2189000, 35.4004000, -38.1920000, -12.9230000, 6.1010000, 101222.270000,       0,       0,       0
14.740, 0.1442000 , -0.1962000, 9.6804000, 29.8462000,  32.4860000, 35.3470000, -38.3240000, -12.9990000, 6.5630000, 101222.270000,       0,       0,       0
14.750, 0.1442000 , -0.2105000, 9.6852000, 29.8233000,  32.8140000, 35.2478000, -38.3230000, -12.8380000, 6.5850000, 101222.100000,       0,       0,       0
14.760, 0.1406000 , -0.2249000, 9.6864000, 29.7852000,  33.0887000, 35.1181000, -38.4930000, -12.7520000, 6.2360000, 101222.100000,       0,       0,       0
14.770, 0.1286000 , -0.2369000, 9.6864000, 29.7699000,  33.2794000, 34.9884000, -38.3800000, -12.9040000, 6.3550000, 101221.970000,       0,       0,       0
14.780, 0.1130000 , -0.2393000, 9.6828000, 29.8233000,  33.2947000, 34.8892000, -38.2010000, -12.9320000, 6.9790000, 101221.970000,       0,       0,       0
14.790, 0.0975000 , -0.2273000, 9.6792000, 29.9225000,  33.0811000, 34.8358000, -38.1600000, -12.7830000, 6.2040000, 101220.730000,       0,       0,       0
14.800, 0.0879000 , -0.2010000, 9.6768000, 30.0064000,  32.6920000, 34.8511000, -38.1480000, -12.8860000, 6.4230000, 101220.730000,       0,       0,       0
14.810, 0.0903000 , -0.1699000, 9.6756000, 30.0217000,  32.2876000, 34.9503000, -38.5130000, -12.7570000, 5.6320000, 101223.330000,       0,       0,       0
14.820, 0.1035000 , -0.1436000, 9.6732000, 29.9911000,  32.0282000, 35.1410000, -38.3020000, -12.7680000, 6.2400000, 101223.330000,       0,       0,       0
14.830, 0.1214000 , -0.1364000, 9.6732000, 29.9454000,  32.0129000, 35.4004000, -38.3210000, -13.0530000, 6.4660000, 101220.710000,       0,       0,       0
14.840, 0.1370000 , -0.1448000, 9.6768000, 29.8538000,  32.2647000, 35.6293000, -38.3910000, -12.7010000, 6.9120000, 101220.710000,       0,       0,       0
14.850, 0.1465000 , -0.1627000, 9.6804000, 29.7165000,  32.6538000, 35.7208000, -38.3710000, -12.7860000, 6.5950000, 101223.340000,       0,       0,       0
14.860, 0.1430000 , -0.1854000, 9.6816000, 29.5868000,  33.0582000, 35.7056000, -38.5460000, -12.9920000, 6.3780000, 101223.340000,       0,       0,       0
14.870, 0.1298000 , -0.1986000, 9.6792000, 29.5181000,  33.2947000, 35.6674000, -38.2900000, -12.8990000, 5.5990000, 101222.180000,       0,       0,       0
14.880, 0.1130000 , -0.2034000, 9.6768000, 29.4800000,  33.3176000, 35.6979000, -38.6860000, -12.8090000, 5.7250000, 101222.180000,       0,       0,       0
14.890, 0.0987000 , -0.1998000, 9.6744000, 29.4571000,  33.1421000, 35.8200000, -38.5240000, -12.8470000, 6.1490000, 101221.060000,       0,       0,       0
14.900, 0.0975000 , -0.1914000, 9.6732000, 29.4495000,  32.8674000, 35.9421000, -38.4750000, -13.0000000, 6.8910000, 101221.060000,       0,       0,       0
14.910, 0.1071000 , -0.1818000, 9.6708000, 29.4800000,  32.6157000, 35.9879000, -38.4280000, -12.7860000, 6.3290000, 101218.600000,       0,       0,       0
14.920, 0.1238000 , -0.1830000, 9.6708000, 29.5639000,  32.5089000, 35.9268000, -38.4740000, -13.1570000, 6.2930000, 101218.600000,       0,       0,       0
14.930, 0.1370000 , -0.1914000, 9.6732000, 29.6402000,  32.6004000, 35.7971000, -38.4000000, -12.8370000, 6.6280000, 101223.970000,       0,       0,       0
14.940, 0.1418000 , -0.2022000, 9.6744000, 29.6783000,  32.8064000, 35.6293000, -38.2320000, -13.1940000, 6.9070000, 101223.970000,       0,       0,       0
14.950, 0.1310000 , -0.2094000, 9.6744000, 29.6555000,  33.1573000, 35.5225000, -38.3110000, -12.6550000, 6.6070000, 101220.250000,       0,       0,       0
14.960, 0.1178000 , -0.2046000, 9.6732000, 29.6173000,  33.2947000, 35.5682000, -38.3910000, -12.7700000, 6.4020000, 101220.250000,       0,       0,       0
14.970, 0.1083000 , -0.1962000, 9.6720000, 29.6097000,  33.2565000, 35.6369000, -38.3820000, -12.8700000, 6.4880000, 101222.180000,       0,       0,       0
14.980, 0.1071000 , -0.1866000, 9.6720000, 29.6631000,  33.0811000, 35.5988000, -38.1450000, -12.8040000, 6.4250000, 101222.180000,       0,       0,       0
14.990, 0.1095000 , -0.1794000, 9.6708000, 29.7775000,  32.8369000, 35.4156000, -38.0690000, -12.5840000, 7.1540000, 101221.940000,       0,       0,       0
15.000, 0.1107000 , -0.1747000, 9.6720000, 29.8767000,  32.5851000, 35.1791000, -38.3500000, -12.7160000, 7.1660000, 101221.940000,       0,       0,       0
15.010, 0.1107000 , -0.1771000, 9.6744000, 29.9149000,  32.3715000, 35.0494000, -38.3990000, -12.6140000, 7.0030000, 101222.440000,       0,       0,       0
15.020, 0.1119000 , -0.1866000, 9.6756000, 29.9072000,  32.2800000, 35.1410000, -38.0570000, -12.2550000, 6.5530000, 101222.440000,       0,       0,       0
15.030, 0.1178000 , -0.1974000, 9.6768000, 29.8615000,  32.3105000, 35.3546000, -38.0850000, -12.5710000, 6.5400000, 101219.990000,       0,       0,       0
15.040, 0.1274000 , -0.2058000, 9.6756000, 29.8386000,  32.4402000, 35.5225000, -38.4230000, -12.6020000, 6.5970000, 101219.990000,       0,       0,       0
15.050, 0.1358000 , -0.2117000, 9.6732000, 29.8691000,  32.6080000, 35.4919000, -38.4050000, -12.6330000, 6.7550000, 101222.050000,       0,       0,       0
15.060, 0.1394000 , -0.2141000, 9.6720000, 29.9530000,  32.7606000, 35.2631000, -38.2200000, -12.6000000, 6.7670000, 101222.050000,       0,       0,       0
15.070, 0.1382000 , -0.2129000, 9.6732000, 30.0446000,  32.9056000, 34.9655000, -38.2640000, -12.8090000, 6.6920000, 101218.660000,       0,       0,       0
15.080, 0.1322000 , -0.2046000, 9.6732000, 30.1285000,  33.0276000, 34.7137000, -38.0980000, -12.9860000, 6.5910000, 101218.660000,       0,       0,       0
15.090, 0.1286000 , -0.1938000, 9.6732000, 30.1971000,  33.1268000, 34.5993000, -38.2130000, -12.4630000, 6.7960000, 101222.250000,       0,       0,       0
15.100, 0.1202000 , -0.1866000, 9.6732000, 30.2200000,  33.2031000, 34.6069000, -38.3280000, -12.6780000, 6.4330000, 101222.250000,       0,       0,       0
15.110, 0.1130000 , -0.1830000, 9.6732000, 30.1743000,  33.2031000, 34.6909000, -38.4570000, -12.7010000, 6.2890000, 101220.180000,       0,       0,       0
15.120, 0.1083000 , -0.1842000, 9.6732000, 30.0751000,  33.1268000, 34.7824000, -38.2930000, -12.2280000, 6.7630000, 101220.180000,       0,       0,       0
15.130, 0.1047000 , -0.1878000, 9.6732000, 29.9606000,  32.9895000, 34.8969000, -38.0940000, -12.5880000, 7.4180000, 101221.930000,       0,       0,       0
15.140, 0.1059000 , -0.1890000, 9.6720000, 29.8615000,  32.8293000, 35.0266000, -38.1470000, -12.7210000, 7.0680000, 101221.930000,       0,       0,       0
15.150, 0.1083000 , -0.1890000, 9.6708000, 29.8309000,  32.6996000, 35.1944000, -38.1400000, -12.7630000, 7.2700000, 101222.010000,       0,       0,       0
15.160, 0.1142000 , -0.1854000, 9.6720000, 29.8538000,  32.6385000, 35.3394000, -38.1770000, -12.6500000, 7.3730000, 101222.010000,       0,       0,       0
15.170, 0.1214000 , -0.1794000, 9.6720000, 29.8691000,  32.6538000, 35.4004000, -38.0890000, -12.3660000, 7.9430000, 101218.700000,       0,       0,       0
15.180, 0.1262000 , -0.1723000, 9.6732000, 29.8538000,  32.7148000, 35.3470000, -38.3250000, -12.7120000, 7.2980000, 101218.700000,       0,       0,       0
15.190, 0.1274000 , -0.1675000, 9.6744000, 29.7852000,  32.8064000, 35.2478000, -38.2500000, -12.7230000, 7.0150000, 101222.050000,       0,       0,       0
15.200, 0.1226000 , -0.1699000, 9.6744000, 29.7012000,  32.8903000, 35.1791000, -37.9860000, -12.4280000, 7.3770000, 101222.050000,       0,       0,       0
15.210, 0.1154000 , -0.1806000, 9.6744000, 29.6555000,  32.9208000, 35.1639000, -37.9610000, -12.4960000, 7.1190000, 101223.330000,       0,       0,       0
15.220, 0.1095000 , -0.1926000, 9.6720000, 29.6631000,  32.8674000, 35.1639000, -37.9820000, -12.7260000, 7.1490000, 101223.330000,       0,       0,       0
15.230, 0.1035000 , -0.1974000, 9.6708000, 29.7318000,  32.7377000, 35.1410000, -38.0040000, -12.5910000, 7.3790000, 101221.940000,       0,       0,       0
15.240, 0.1035000 , -0.1914000, 9.6708000, 29.8157000,  32.5546000, 35.1028000, -37.8740000, -12.5470000, 7.7000000, 101221.940000,       0,       0,       0
15.250, 0.1095000 , -0.1806000, 9.6732000, 29.8767000,  32.4020000, 35.0571000, -37.8430000, -12.8740000, 7.6000000, 101223.270000,       0,       0,       0
15.260, 0.1166000 , -0.1675000, 9.6744000, 29.8920000,  32.3257000, 35.0113000, -38.1380000, -12.7680000, 7.1490000, 101223.270000,       0,       0,       0
15.270, 0.1262000 , -0.1591000, 9.6756000, 29.8615000,  32.3486000, 34.9808000, -37.9740000, -12.9420000, 6.8450000, 101222.360000,       0,       0,       0
15.280, 0.1322000 , -0.1579000, 9.6780000, 29.7699000,  32.5089000, 35.0189000, -37.9550000, -12.7570000, 7.2010000, 101222.360000,       0,       0,       0
15.290, 0.1310000 , -0.1663000, 9.6792000, 29.6173000,  32.7301000, 35.1639000, -38.1100000, -12.7050000, 7.1030000, 101221.340000,       0,       0,       0
15.300, 0.1274000 , -0.1842000, 9.6780000, 29.4495000,  32.9132000, 35.3699000, -38.3530000, -13.2720000, 7.2000000, 101221.340000,       0,       0,       0
15.310, 0.1202000 , -0.2082000, 9.6768000, 29.3427000,  33.0353000, 35.5759000, -38.1460000, -12.9340000, 7.1110000, 101223.550000,       0,       0,       0
15.320, 0.1166000 , -0.2273000, 9.6756000, 29.3121000,  33.0734000, 35.7132000, -38.3140000, -12.9740000, 6.8210000, 101223.550000,       0,       0,       0
15.330, 0.1154000 , -0.2333000, 9.6744000, 29.3503000,  33.0582000, 35.7208000, -37.9410000, -12.8860000, 6.7130000, 101222.300000,       0,       0,       0
15.340, 0.1142000 , -0.2249000, 9.6744000, 29.4571000,  33.0048000, 35.5988000, -38.0140000, -12.6650000, 6.3210000, 101222.300000,       0,       0,       0
15.350, 0.1154000 , -0.2058000, 9.6720000, 29.5792000,  32.9361000, 35.4309000, -37.9830000, -12.8350000, 6.9770000, 101221.130000,       0,       0,       0
15.360, 0.1166000 , -0.1806000, 9.6720000, 29.7012000,  32.8827000, 35.2631000, -38.0470000, -12.7980000, 6.5570000, 101221.130000,       0,       0,       0
15.370, 0.1178000 , -0.1603000, 9.6732000, 29.7699000,  32.8445000, 35.1639000, -37.8410000, -12.7210000, 6.8930000, 101222.120000,       0,       0,       0
15.380, 0.1166000 , -0.1519000, 9.6780000, 29.7318000,  32.8522000, 35.1944000, -37.8860000, -12.6450000, 6.4800000, 101222.120000,       0,       0,       0
15.390, 0.1130000 , -0.1567000, 9.6792000, 29.6173000,  32.8827000, 35.3241000, -37.8410000, -12.9220000, 6.4930000, 101221.970000,       0,       0,       0
15.400, 0.1107000 , -0.1723000, 9.6780000, 29.4952000,  32.8903000, 35.4691000, -38.2050000, -12.5620000, 6.4250000, 101221.970000,       0,       0,       0
15.410, 0.1107000 , -0.1926000, 9.6744000, 29.4342000,  32.8751000, 35.5453000, -38.3040000, -12.8560000, 6.9810000, 101222.410000,       0,       0,       0
15.420, 0.1119000 , -0.2070000, 9.6732000, 29.4571000,  32.8598000, 35.5301000, -38.3070000, -12.3350000, 6.7870000, 101222.410000,       0,       0,       0
15.430, 0.1142000 , -0.2105000, 9.6732000, 29.5410000,  32.8522000, 35.4691000, -38.2710000, -12.6010000, 6.7890000, 101221.850000,       0,       0,       0
15.440, 0.1166000 , -0.2046000, 9.6732000, 29.6402000,  32.8445000, 35.3851000, -38.2890000, -12.3150000, 6.7880000, 101221.850000,       0,       0,       0
15.450, 0.1178000 , -0.1962000, 9.6756000, 29.7470000,  32.8445000, 35.2859000, -38.5370000, -12.6010000, 6.8360000, 101221.950000,       0,       0,       0
15.460, 0.1190000 , -0.1890000, 9.6768000, 29.8157000,  32.8217000, 35.1868000, -38.3490000, -12.5990000, 6.7170000, 101221.950000,       0,       0,       0
15.470, 0.1178000 , -0.1878000, 9.6780000, 29.8309000,  32.7606000, 35.1105000, -38.5000000, -12.8080000, 7.3040000, 101224.130000,       0,       0,       0
15.480, 0.1130000 , -0.1950000, 9.6768000, 29.8080000,  32.6843000, 35.0876000, -38.3850000, -12.4140000, 7.0260000, 101224.130000,       0,       0,       0
15.490, 0.1083000 , -0.2034000, 9.6768000, 29.7928000,  32.5851000, 35.1410000, -38.3050000, -12.7060000, 6.9840000, 101222.120000,       0,       0,       0
15.500, 0.1035000 , -0.2070000, 9.6756000, 29.8309000,  32.4478000, 35.2325000, -37.9870000, -12.7170000, 6.6260000, 101222.120000,       0,       0,       0
15.510, 0.1059000 , -0.1926000, 9.6744000, 29.9149000,  32.1884000, 35.2859000, -38.1230000, -12.6530000, 6.4490000, 101221.950000,       0,       0,       0
15.520, 0.1130000 , -0.1771000, 9.6744000, 29.9377000,  32.0816000, 35.2249000, -38.0510000, -12.7170000, 7.1200000, 101221.950000,       0,       0,       0
15.530, 0.1190000 , -0.1639000, 9.6744000, 29.9225000,  32.0053000, 35.1105000, -38.1740000, -12.3730000, 7.4190000, 101222.130000,       0,       0,       0
15.540, 0.1202000 , -0.1543000, 9.6756000, 29.8615000,  31.9519000, 35.0723000, -37.6700000, -12.5500000, 7.4510000, 101222.130000,       0,       0,       0
15.550, 0.1166000 , -0.1483000, 9.6768000, 29.7241000,  31.9672000, 35.2173000, -38.0360000, -12.8240000, 6.8740000, 101221.060000,       0,       0,       0
15.560, 0.1214000 , -0.1424000, 9.6780000, 29.5486000,  32.0740000, 35.5377000, -37.9860000, -12.6730000, 6.7010000, 101221.060000,       0,       0,       0
15.570, 0.1334000 , -0.1448000, 9.6768000, 29.4037000,  32.2876000, 35.8810000, -38.0430000, -12.9100000, 7.0950000, 101223.690000,       0,       0,       0
15.580, 0.1453000 , -0.1567000, 9.6744000, 29.3503000,  32.6080000, 36.0489000, -37.9590000, -12.7880000, 6.9540000, 101223.690000,       0,       0,       0
15.590, 0.1489000 , -0.1782000, 9.6720000, 29.3655000,  32.9361000, 35.9573000, -38.0240000, -12.7610000, 6.7630000, 101222.120000,       0,       0,       0
15.600, 0.1418000 , -0.2117000, 9.6708000, 29.4418000,  33.1497000, 35.6903000, -37.9960000, -12.3950000, 6.2550000, 101222.120000,       0,       0,       0
15.610, 0.1286000 , -0.2500000, 9.6708000, 29.6021000,  33.1497000, 35.4156000, -38.1190000, -12.9790000, 6.6730000, 101222.130000,       0,       0,       0
15.620, 0.1190000 , -0.2787000, 9.6708000, 29.8386000,  32.9971000, 35.2249000, -38.2310000, -12.4810000, 6.5630000, 101222.130000,       0,       0,       0
15.630, 0.1154000 , -0.2859000, 9.6720000, 30.0598000,  32.7759000, 35.1334000, -38.1550000, -12.5180000, 7.1360000, 101222.120000,       0,       0,       0
15.640, 0.1154000 , -0.2656000, 9.6744000, 30.1590000,  32.5623000, 35.0800000, -37.8960000, -12.6470000, 6.8420000, 101222.120000,       0,       0,       0
15.650, 0.1202000 , -0.2249000, 9.6756000, 30.1285000,  32.3944000, 35.0418000, -38.0950000, -12.6530000, 6.8020000, 101221.380000,       0,       0,       0
15.660, 0.1238000 , -0.1735000, 9.6744000, 29.9988000,  32.2952000, 35.0418000, -38.0440000, -12.6170000, 6.1750000, 101221.380000,       0,       0,       0
15.670, 0.1178000 , -0.1376000, 9.6720000, 29.7546000,  32.2723000, 35.2097000, -38.0260000, -12.7340000, 6.8390000, 101221.130000,       0,       0,       0
15.680, 0.1071000 , -0.1292000, 9.6696000, 29.4724000,  32.2342000, 35.5911000, -38.1370000, -12.4940000, 6.7920000, 101221.130000,       0,       0,       0
15.690, 0.0903000 , -0.1531000, 9.6672000, 29.2740000,  32.0740000, 36.1252000, -38.1850000, -12.7360000, 6.5690000, 101222.420000,       0,       0,       0
15.700, 0.0760000 , -0.2010000, 9.6648000, 29.2435000,  31.7993000, 36.7203000, -37.9800000, -12.9040000, 7.3230000, 101222.420000,       0,       0,       0
15.710, 0.0784000 , -0.2476000, 9.6612000, 29.4876000,  31.5018000, 37.1246000, -38.0570000, -12.6300000, 6.2480000, 101222.400000,       0,       0,       0
15.720, 0.1047000 , -0.2620000, 9.6636000, 30.0598000,  31.2729000, 37.0255000, -38.2620000, -12.5260000, 6.9060000, 101222.400000,       0,       0,       0
15.730, 0.1501000 , -0.2297000, 9.6672000, 30.7999000,  31.2271000, 36.2396000, -37.8360000, -12.4210000, 6.3760000, 101220.540000,       0,       0,       0
15.740, 0.1944000 , -0.1531000, 9.6720000, 31.3721000,  31.4636000, 34.9426000, -38.0130000, -12.4120000, 5.8040000, 101220.540000,       0,       0,       0
15.750, 0.2171000 , -0.0718000, 9.6804000, 31.4484000,  32.1579000, 33.6685000, -38.1430000, -12.5140000, 6.4450000, 101220.660000,       0,       0,       0
15.760, 0.2147000 , -0.0275000, 9.6864000, 30.9143000,  33.2260000, 32.8827000, -38.2290000, -12.6500000, 6.5890000, 101220.660000,       0,       0,       0
15.770, 0.1884000 , -0.0359000, 9.6887000, 30.1743000,  34.0347000, 32.8979000, -37.8270000, -12.6930000, 6.3890000, 101220.660000,       0,       0,       0
15.780, 0.1501000 , -0.0873000, 9.6852000, 29.5715000,  34.5383000, 33.6151000, -38.0660000, -12.5080000, 6.8840000, 101220.660000,       0,       0,       0
15.790, 0.1166000 , -0.1627000, 9.6780000, 29.2130000,  34.6680000, 34.5688000, -38.1100000, -12.3080000, 6.4410000, 101222.560000,       0,       0,       0
15.800, 0.0939000 , -0.2381000, 9.6720000, 29.0909000,  34.3170000, 35.2859000, -38.1700000, -12.4620000, 6.8860000, 101222.560000,       0,       0,       0
15.810, 0.0867000 , -0.2919000, 9.6684000, 29.1595000,  33.7753000, 35.5988000, -38.1760000, -12.6410000, 6.9400000, 101222.420000,       0,       0,       0
15.820, 0.0879000 , -0.3146000, 9.6708000, 29.3121000,  33.2794000, 35.5759000, -38.3920000, -12.7650000, 7.3330000, 101222.420000,       0,       0,       0
15.830, 0.1059000 , -0.3039000, 9.6732000, 29.3579000,  32.9361000, 35.3546000, -38.4700000, -12.3770000, 6.6410000, 101221.890000,       0,       0,       0
15.840, 0.1286000 , -0.2644000, 9.6780000, 29.3274000,  32.5851000, 35.2020000, -37.9630000, -12.4490000, 7.1950000, 101221.890000,       0,       0,       0
15.850, 0.1442000 , -0.2165000, 9.6828000, 29.2511000,  32.4936000, 35.3088000, -38.1580000, -12.6940000, 6.9380000, 101222.260000,       0,       0,       0
15.860, 0.1537000 , -0.1794000, 9.6864000, 29.0985000,  32.6004000, 35.6293000, -38.4160000, -12.4510000, 6.9240000, 101222.260000,       0,       0,       0
15.870, 0.1609000 , -0.1591000, 9.6875000, 28.8544000,  32.8598000, 35.9802000, -38.1610000, -12.4170000, 6.5880000, 101225.590000,       0,       0,       0
15.880, 0.1609000 , -0.1507000, 9.6864000, 28.5492000,  33.3099000, 36.1862000, -38.0110000, -12.6330000, 7.5500000, 101225.590000,       0,       0,       0
15.890, 0.1513000 , -0.1567000, 9.6816000, 28.3432000,  33.6685000, 36.2167000, -38.2290000, -12.6150000, 7.0080000, 101221.660000,       0,       0,       0
15.900, 0.1322000 , -0.1675000, 9.6756000, 28.3356000,  33.8516000, 36.1404000, -37.8340000, -12.4260000, 6.4380000, 101221.660000,       0,       0,       0
15.910, 0.1154000 , -0.1759000, 9.6696000, 28.5034000,  33.8440000, 36.0565000, -38.1320000, -12.5470000, 7.1400000, 101222.180000,       0,       0,       0
15.920, 0.1035000 , -0.1866000, 9.6684000, 28.7628000,  33.6304000, 36.0107000, -38.2200000, -12.5990000, 6.8860000, 101222.180000,       0,       0,       0
15.930, 0.1011000 , -0.1998000, 9.6684000, 29.0298000,  33.3405000, 35.9573000, -38.4250000, -12.5320000, 6.6990000, 101221.490000,       0,       0,       0
15.940, 0.1119000 , -0.2094000, 9.6708000, 29.2816000,  33.0963000, 35.7819000, -38.4940000, -12.7880000, 6.7620000, 101221.490000,       0,       0,       0
15.950, 0.1274000 , -0.2129000, 9.6732000, 29.4724000,  33.0276000, 35.4691000, -38.1330000, -13.0070000, 7.1560000, 101219.800000,       0,       0,       0
15.960, 0.1370000 , -0.2117000, 9.6756000, 29.5639000,  33.1345000, 35.1181000, -38.3780000, -12.7140000, 7.5780000, 101219.800000,       0,       0,       0
15.970, 0.1382000 , -0.2046000, 9.6780000, 29.4647000,  33.3786000, 34.8740000, -38.2440000, -12.4940000, 7.6470000, 101221.480000,       0,       0,       0
15.980, 0.1262000 , -0.1986000, 9.6780000, 29.2511000,  33.6075000, 34.7748000, -38.2030000, -12.9420000, 6.9140000, 101221.480000,       0,       0,       0
15.990, 0.1119000 , -0.2010000, 9.6756000, 29.1367000,  33.6609000, 34.7824000, -38.5430000, -13.1320000, 6.9850000, 101218.890000,       0,       0,       0
16.000, 0.0927000 , -0.2046000, 9.6720000, 29.2130000,  33.4930000, 34.8358000, -38.3200000, -12.6780000, 7.0550000, 101218.890000,       0,       0,       0
16.010, 0.0819000 , -0.2070000, 9.6696000, 29.3884000,  33.1268000, 34.8663000, -38.2650000, -12.6300000, 6.7370000, 101221.950000,       0,       0,       0
16.020, 0.0819000 , -0.2082000, 9.6708000, 29.5334000,  32.6996000, 34.8587000, -38.3270000, -12.3910000, 6.8710000, 101221.950000,       0,       0,       0
16.030, 0.0903000 , -0.2070000, 9.6732000, 29.6326000,  32.3486000, 34.9045000, -38.4120000, -12.5610000, 7.3110000, 101223.660000,       0,       0,       0
16.040, 0.1071000 , -0.2010000, 9.6744000, 29.7012000,  32.1884000, 35.0342000, -38.1420000, -12.5930000, 7.3300000, 101223.660000,       0,       0,       0
16.050, 0.1250000 , -0.1950000, 9.6756000, 29.7318000,  32.2723000, 35.2097000, -38.1140000, -12.6860000, 7.2120000, 101218.910000,       0,       0,       0
16.060, 0.1322000 , -0.1950000, 9.6756000, 29.6707000,  32.4783000, 35.3622000, -38.2080000, -12.6870000, 6.8540000, 101218.910000,       0,       0,       0
16.070, 0.1274000 , -0.2034000, 9.6732000, 29.5258000,  32.8064000, 35.4462000, -38.2340000, -12.8860000, 7.6300000, 101218.660000,       0,       0,       0
16.080, 0.1178000 , -0.2094000, 9.6720000, 29.5029000,  32.9361000, 35.3775000, -38.2020000, -12.9760000, 7.3120000, 101218.660000,       0,       0,       0
16.090, 0.1083000 , -0.2141000, 9.6696000, 29.5486000,  32.8979000, 35.2249000, -38.0720000, -12.4950000, 6.9270000, 101222.420000,       0,       0,       0
16.100, 0.1011000 , -0.2165000, 9.6696000, 29.6555000,  32.7301000, 35.0342000, -38.1360000, -12.4940000, 7.5600000, 101222.420000,       0,       0,       0
16.110, 0.1011000 , -0.2117000, 9.6684000, 29.7852000,  32.5241000, 34.9045000, -38.0650000, -12.8100000, 7.1000000, 101222.660000,       0,       0,       0
16.120, 0.1071000 , -0.2046000, 9.6696000, 29.8615000,  32.3715000, 34.8587000, -37.9150000, -12.6510000, 6.8590000, 101222.660000,       0,       0,       0
16.130, 0.1142000 , -0.2010000, 9.6720000, 29.8462000,  32.3410000, 34.9426000, -38.2290000, -12.6440000, 6.8260000, 101224.350000,       0,       0,       0
16.140, 0.1202000 , -0.2034000, 9.6744000, 29.7775000,  32.4020000, 35.1105000, -37.9070000, -12.5350000, 6.7130000, 101224.350000,       0,       0,       0
16.150, 0.1250000 , -0.2058000, 9.6744000, 29.7546000,  32.5012000, 35.2554000, -37.9670000, -13.2060000, 7.0020000, 101222.420000,       0,       0,       0
16.160, 0.1250000 , -0.2058000, 9.6732000, 29.7928000,  32.6080000, 35.3012000, -38.3740000, -12.7610000, 6.8010000, 101222.420000,       0,       0,       0
16.170, 0.1250000 , -0.2046000, 9.6732000, 29.8309000,  32.6691000, 35.2249000, -38.2740000, -12.7170000, 6.5800000, 101222.260000,       0,       0,       0
16.180, 0.1238000 , -0.2022000, 9.6732000, 29.8462000,  32.6996000, 35.0571000, -37.8600000, -12.7400000, 6.9080000, 101222.260000,       0,       0,       0
16.190, 0.1214000 , -0.2022000, 9.6732000, 29.8157000,  32.7148000, 34.9197000, -38.2960000, -12.6750000, 7.2710000, 101225.620000,       0,       0,       0
16.200, 0.1190000 , -0.2058000, 9.6732000, 29.7546000,  32.7225000, 34.9503000, -38.4870000, -12.6650000, 7.2510000, 101225.620000,       0,       0,       0
16.210, 0.1154000 , -0.2129000, 9.6744000, 29.6478000,  32.7682000, 35.1868000, -38.6340000, -12.7910000, 6.8290000, 101222.270000,       0,       0,       0
16.220, 0.1142000 , -0.2201000, 9.6768000, 29.4952000,  32.8293000, 35.5377000, -38.2340000, -13.0000000, 7.0010000, 101222.270000,       0,       0,       0
16.230, 0.1166000 , -0.2273000, 9.6780000, 29.3198000,  32.8827000, 35.8734000, -38.1130000, -12.5850000, 7.3410000, 101220.620000,       0,       0,       0
16.240, 0.1166000 , -0.2369000, 9.6768000, 29.2206000,  32.9285000, 36.0718000, -38.1210000, -12.8800000, 6.9110000, 101220.620000,       0,       0,       0
16.250, 0.1142000 , -0.2428000, 9.6744000, 29.2587000,  32.9208000, 36.0947000, -38.1370000, -12.7020000, 6.9330000, 101222.420000,       0,       0,       0
16.260, 0.1178000 , -0.2405000, 9.6720000, 29.4037000,  32.8598000, 35.9116000, -38.2000000, -12.4770000, 8.3490000, 101222.420000,       0,       0,       0
16.270, 0.1202000 , -0.2273000, 9.6708000, 29.6021000,  32.8140000, 35.6064000, -38.2980000, -12.7130000, 7.4270000, 101223.890000,       0,       0,       0
16.280, 0.1202000 , -0.2117000, 9.6696000, 29.7775000,  32.7606000, 35.2936000, -38.5530000, -12.8470000, 7.0820000, 101223.890000,       0,       0,       0
16.290, 0.1190000 , -0.1998000, 9.6684000, 29.9149000,  32.7454000, 35.0723000, -38.6150000, -12.6510000, 7.2020000, 101224.170000,       0,       0,       0
16.300, 0.1166000 , -0.1902000, 9.6696000, 29.9835000,  32.7606000, 34.9960000, -38.4330000, -12.4750000, 6.8820000, 101224.170000,       0,       0,       0
16.310, 0.1119000 , -0.1854000, 9.6708000, 29.9988000,  32.7606000, 35.0342000, -38.3130000, -12.6340000, 6.8720000, 101223.480000,       0,       0,       0
16.320, 0.1071000 , -0.1902000, 9.6708000, 29.9835000,  32.6843000, 35.1410000, -38.0810000, -12.5020000, 6.9320000, 101223.480000,       0,       0,       0
16.330, 0.1035000 , -0.1974000, 9.6708000, 29.9835000,  32.5470000, 35.2325000, -38.1750000, -12.6760000, 6.7690000, 101224.460000,       0,       0,       0
16.340, 0.1023000 , -0.2022000, 9.6720000, 30.0293000,  32.3715000, 35.2478000, -38.4560000, -13.0360000, 7.0920000, 101224.460000,       0,       0,       0
16.350, 0.1119000 , -0.2022000, 9.6732000, 30.0674000,  32.2342000, 35.1944000, -38.0820000, -12.4900000, 6.9500000, 101224.190000,       0,       0,       0
16.360, 0.1250000 , -0.1998000, 9.6744000, 30.0674000,  32.2037000, 35.0876000, -38.1100000, -12.4960000, 6.8200000, 101224.190000,       0,       0,       0
16.370, 0.1334000 , -0.2034000, 9.6768000, 29.9988000,  32.2876000, 35.0037000, -38.3200000, -12.5990000, 6.6560000, 101220.980000,       0,       0,       0
16.380, 0.1334000 , -0.2165000, 9.6780000, 29.8691000,  32.4554000, 35.0113000, -38.4650000, -12.5430000, 6.3550000, 101220.980000,       0,       0,       0
16.390, 0.1310000 , -0.2333000, 9.6780000, 29.7318000,  32.6538000, 35.1257000, -38.3300000, -12.5300000, 6.4970000, 101220.570000,       0,       0,       0
16.400, 0.1286000 , -0.2440000, 9.6780000, 29.6249000,  32.8369000, 35.3088000, -38.4050000, -12.6400000, 5.5250000, 101220.570000,       0,       0,       0
16.410, 0.1238000 , -0.2440000, 9.6768000, 29.5486000,  32.9437000, 35.4919000, -38.3540000, -12.6040000, 5.8800000, 101220.870000,       0,       0,       0
16.420, 0.1154000 , -0.2321000, 9.6744000, 29.5181000,  32.9590000, 35.6064000, -38.3290000, -12.6290000, 6.5050000, 101220.870000,       0,       0,       0
16.430, 0.1047000 , -0.2117000, 9.6720000, 29.5258000,  32.8445000, 35.6064000, -38.4600000, -12.4370000, 6.6020000, 101220.830000,       0,       0,       0
16.440, 0.0999000 , -0.1914000, 9.6684000, 29.5868000,  32.6157000, 35.5301000, -38.3530000, -12.7240000, 6.4590000, 101220.830000,       0,       0,       0
16.450, 0.1011000 , -0.1759000, 9.6672000, 29.6783000,  32.3257000, 35.3928000, -38.2890000, -12.7970000, 6.5080000, 101222.570000,       0,       0,       0
16.460, 0.1107000 , -0.1723000, 9.6672000, 29.7699000,  32.0969000, 35.2325000, -38.5410000, -12.6480000, 6.2070000, 101222.570000,       0,       0,       0
16.470, 0.1250000 , -0.1759000, 9.6708000, 29.8157000,  32.0129000, 35.1257000, -38.0220000, -12.6150000, 5.9820000, 101222.510000,       0,       0,       0
16.480, 0.1346000 , -0.1878000, 9.6732000, 29.7852000,  32.0816000, 35.1105000, -38.1460000, -12.6680000, 5.8800000, 101222.510000,       0,       0,       0
16.490, 0.1394000 , -0.2034000, 9.6744000, 29.7012000,  32.2800000, 35.2020000, -38.4870000, -12.5280000, 5.8320000, 101224.170000,       0,       0,       0
16.500, 0.1382000 , -0.2141000, 9.6768000, 29.6097000,  32.5394000, 35.3851000, -38.4160000, -12.6450000, 6.1460000, 101224.170000,       0,       0,       0
16.510, 0.1322000 , -0.2189000, 9.6756000, 29.5715000,  32.7072000, 35.5453000, -38.7870000, -12.6800000, 6.3010000, 101221.950000,       0,       0,       0
16.520, 0.1262000 , -0.2165000, 9.6732000, 29.5944000,  32.7454000, 35.6216000, -38.3680000, -12.7120000, 5.8080000, 101221.950000,       0,       0,       0
16.530, 0.1226000 , -0.2117000, 9.6720000, 29.6631000,  32.7072000, 35.6140000, -38.2030000, -12.5100000, 5.8990000, 101224.150000,       0,       0,       0
16.540, 0.1322000 , -0.2082000, 9.6720000, 29.7394000,  32.7454000, 35.5377000, -38.3860000, -12.7590000, 6.4180000, 101224.150000,       0,       0,       0
16.550, 0.1442000 , -0.2105000, 9.6756000, 29.7470000,  32.9285000, 35.4233000, -38.3590000, -12.4730000, 6.4740000, 101223.970000,       0,       0,       0
16.560, 0.1501000 , -0.2225000, 9.6792000, 29.6631000,  33.2260000, 35.3241000, -38.3790000, -12.8160000, 6.5090000, 101223.970000,       0,       0,       0
16.570, 0.1465000 , -0.2440000, 9.6816000, 29.5410000,  33.5312000, 35.2859000, -38.4350000, -12.7220000, 6.1040000, 101222.560000,       0,       0,       0
16.580, 0.1334000 , -0.2668000, 9.6792000, 29.4724000,  33.7372000, 35.3165000, -38.3740000, -12.9690000, 5.9950000, 101222.560000,       0,       0,       0
16.590, 0.1119000 , -0.2728000, 9.6756000, 29.5029000,  33.7219000, 35.3470000, -38.1390000, -12.7540000, 6.4460000, 101222.410000,       0,       0,       0
16.600, 0.0915000 , -0.2584000, 9.6720000, 29.6249000,  33.4473000, 35.3394000, -38.2000000, -12.8360000, 6.4880000, 101222.410000,       0,       0,       0
16.610, 0.0807000 , -0.2249000, 9.6684000, 29.7699000,  32.9819000, 35.3088000, -38.3090000, -12.5510000, 6.5570000, 101221.640000,       0,       0,       0
16.620, 0.0855000 , -0.1842000, 9.6648000, 29.9301000,  32.4631000, 35.2478000, -38.1920000, -12.8220000, 6.5610000, 101221.640000,       0,       0,       0
16.630, 0.1166000 , -0.1483000, 9.6660000, 30.1132000,  32.0129000, 35.1486000, -38.1690000, -12.5050000, 6.1830000, 101222.680000,       0,       0,       0
16.640, 0.1358000 , -0.1555000, 9.6720000, 30.1208000,  32.0587000, 35.1257000, -38.2500000, -12.6440000, 6.4280000, 101222.680000,       0,       0,       0
16.650, 0.1489000 , -0.1818000, 9.6768000, 29.9988000,  32.3181000, 35.1715000, -38.1420000, -12.5410000, 6.8720000, 101220.620000,       0,       0,       0
16.660, 0.1525000 , -0.2177000, 9.6780000, 29.8233000,  32.7072000, 35.2783000, -38.0310000, -12.4520000, 6.6740000, 101220.620000,       0,       0,       0
16.670, 0.1430000 , -0.2500000, 9.6768000, 29.6936000,  33.0505000, 35.4004000, -38.1470000, -12.5320000, 7.1020000, 101221.380000,       0,       0,       0
16.680, 0.1274000 , -0.2775000, 9.6732000, 29.7241000,  33.2108000, 35.4767000, -38.2610000, -12.6190000, 6.6410000, 101221.380000,       0,       0,       0
16.690, 0.1095000 , -0.2907000, 9.6708000, 29.9377000,  33.0353000, 35.4462000, -38.2090000, -13.0180000, 6.6120000, 101221.800000,       0,       0,       0
16.700, 0.0999000 , -0.2728000, 9.6708000, 30.1819000,  32.7606000, 35.2936000, -38.3870000, -12.5220000, 6.0080000, 101221.800000,       0,       0,       0
16.710, 0.1095000 , -0.2369000, 9.6708000, 30.3574000,  32.5241000, 35.1105000, -38.2150000, -12.3500000, 6.3720000, 101222.570000,       0,       0,       0
16.720, 0.1214000 , -0.1926000, 9.6720000, 30.4184000,  32.3868000, 35.0342000, -38.1060000, -12.3840000, 5.7410000, 101222.570000,       0,       0,       0
16.730, 0.1322000 , -0.1567000, 9.6756000, 30.2963000,  32.5241000, 35.1334000, -38.3620000, -12.6770000, 6.1580000, 101222.560000,       0,       0,       0
16.740, 0.1418000 , -0.1412000, 9.6768000, 30.0064000,  32.8217000, 35.3546000, -38.1710000, -12.3470000, 6.7800000, 101222.560000,       0,       0,       0
16.750, 0.1394000 , -0.1555000, 9.6768000, 29.6936000,  33.1802000, 35.5835000, -38.2520000, -12.6370000, 6.2140000, 101222.800000,       0,       0,       0
16.760, 0.1274000 , -0.1866000, 9.6756000, 29.5105000,  33.4778000, 35.7361000, -38.2890000, -12.4810000, 6.9840000, 101222.800000,       0,       0,       0
16.770, 0.1107000 , -0.2117000, 9.6708000, 29.5105000,  33.5007000, 35.7132000, -38.2660000, -12.6090000, 6.6430000, 101224.240000,       0,       0,       0
16.780, 0.0951000 , -0.2177000, 9.6684000, 29.6631000,  33.2413000, 35.5377000, -38.4210000, -12.4910000, 6.7630000, 101224.240000,       0,       0,       0
16.790, 0.0855000 , -0.2058000, 9.6672000, 29.9072000,  32.7301000, 35.2936000, -38.1950000, -12.4950000, 5.8420000, 101222.420000,       0,       0,       0
16.800, 0.0891000 , -0.1866000, 9.6660000, 30.1819000,  32.1274000, 35.0800000, -38.6980000, -12.6050000, 6.8090000, 101222.420000,       0,       0,       0
16.810, 0.1035000 , -0.1663000, 9.6672000, 30.3879000,  31.6238000, 34.9808000, -38.2240000, -12.3800000, 6.6780000, 101220.570000,       0,       0,       0
16.820, 0.1226000 , -0.1531000, 9.6732000, 30.4260000,  31.3873000, 35.0342000, -38.4010000, -12.6290000, 7.0720000, 101220.570000,       0,       0,       0
16.830, 0.1465000 , -0.1531000, 9.6804000, 30.2353000,  31.5094000, 35.2173000, -38.5480000, -12.8630000, 6.4100000, 101221.450000,       0,       0,       0
16.840, 0.1609000 , -0.1711000, 9.6840000, 29.8691000,  31.9138000, 35.4843000, -38.5480000, -12.4170000, 7.0630000, 101221.450000,       0,       0,       0
16.850, 0.1609000 , -0.2046000, 9.6852000, 29.5105000,  32.4173000, 35.7437000, -38.6190000, -12.6260000, 6.4750000, 101224.270000,       0,       0,       0
16.860, 0.1513000 , -0.2393000, 9.6828000, 29.2816000,  32.8522000, 35.8887000, -38.2400000, -12.5110000, 6.5460000, 101224.270000,       0,       0,       0
16.870, 0.1346000 , -0.2632000, 9.6780000, 29.2664000,  33.0200000, 35.8353000, -38.5980000, -12.6620000, 6.8460000, 101222.560000,       0,       0,       0
16.880, 0.1202000 , -0.2680000, 9.6744000, 29.4876000,  32.9056000, 35.5911000, -38.2110000, -12.7980000, 7.1000000, 101222.560000,       0,       0,       0
16.890, 0.1154000 , -0.2488000, 9.6720000, 29.7928000,  32.6385000, 35.2631000, -38.2720000, -12.9380000, 6.4510000, 101221.690000,       0,       0,       0
16.900, 0.1178000 , -0.2165000, 9.6732000, 29.9835000,  32.3792000, 35.0266000, -38.3400000, -12.5250000, 6.3520000, 101221.690000,       0,       0,       0
16.910, 0.1238000 , -0.1914000, 9.6768000, 30.0064000,  32.2723000, 35.0037000, -38.2170000, -12.9040000, 6.7620000, 101220.980000,       0,       0,       0
16.920, 0.1334000 , -0.1794000, 9.6804000, 29.8920000,  32.3029000, 35.1410000, -38.2870000, -12.5580000, 6.6080000, 101220.980000,       0,       0,       0
16.930, 0.1382000 , -0.1830000, 9.6816000, 29.7089000,  32.4783000, 35.3088000, -38.2290000, -12.6000000, 5.8710000, 101224.320000,       0,       0,       0
16.940, 0.1394000 , -0.1926000, 9.6792000, 29.5105000,  32.6767000, 35.4385000, -38.2330000, -12.5310000, 6.3890000, 101224.320000,       0,       0,       0
16.950, 0.1346000 , -0.1998000, 9.6768000, 29.3808000,  32.8445000, 35.4843000, -38.3280000, -13.1600000, 6.0020000, 101220.450000,       0,       0,       0
16.960, 0.1250000 , -0.1962000, 9.6732000, 29.3503000,  32.8903000, 35.4614000, -38.3330000, -12.8270000, 6.5480000, 101220.450000,       0,       0,       0
16.970, 0.1178000 , -0.1866000, 9.6708000, 29.3961000,  32.7911000, 35.3928000, -38.2580000, -12.7080000, 6.2440000, 101222.520000,       0,       0,       0
16.980, 0.1178000 , -0.1782000, 9.6696000, 29.4800000,  32.6157000, 35.3088000, -38.5290000, -12.7730000, 6.1810000, 101222.520000,       0,       0,       0
16.990, 0.1250000 , -0.1806000, 9.6708000, 29.5486000,  32.4478000, 35.2173000, -38.3230000, -12.9960000, 6.0020000, 101222.510000,       0,       0,       0
17.000, 0.1310000 , -0.1974000, 9.6744000, 29.5715000,  32.3410000, 35.1562000, -38.3910000, -12.6470000, 6.6700000, 101222.510000,       0,       0,       0
17.010, 0.1370000 , -0.2201000, 9.6780000, 29.5181000,  32.3334000, 35.1410000, -38.5370000, -12.8450000, 6.2530000, 101222.340000,       0,       0,       0
17.020, 0.1394000 , -0.2393000, 9.6792000, 29.4189000,  32.4402000, 35.2249000, -38.1270000, -12.4400000, 6.6490000, 101222.340000,       0,       0,       0
17.030, 0.1406000 , -0.2476000, 9.6780000, 29.3350000,  32.5928000, 35.3775000, -38.4390000, -12.7900000, 6.1510000, 101222.510000,       0,       0,       0
17.040, 0.1394000 , -0.2393000, 9.6744000, 29.3121000,  32.7148000, 35.5072000, -38.2060000, -12.5270000, 6.1920000, 101222.510000,       0,       0,       0
17.050, 0.1322000 , -0.2213000, 9.6720000, 29.3579000,  32.7377000, 35.5682000, -38.2490000, -12.4620000, 5.9960000, 101219.050000,       0,       0,       0
17.060, 0.1238000 , -0.2010000, 9.6708000, 29.4189000,  32.6157000, 35.5682000, -38.3700000, -13.1580000, 5.7880000, 101219.050000,       0,       0,       0
17.070, 0.1190000 , -0.1854000, 9.6696000, 29.4647000,  32.4020000, 35.5606000, -38.6120000, -12.9490000, 5.8600000, 101224.090000,       0,       0,       0
17.080, 0.1226000 , -0.1806000, 9.6708000, 29.4876000,  32.1960000, 35.5606000, -38.3390000, -12.6390000, 6.1480000, 101224.090000,       0,       0,       0
17.090, 0.1310000 , -0.1854000, 9.6720000, 29.4952000,  32.0587000, 35.5682000, -38.7560000, -12.6130000, 6.2410000, 101222.730000,       0,       0,       0
17.100, 0.1442000 , -0.1998000, 9.6732000, 29.4647000,  32.0663000, 35.5530000, -38.5970000, -12.7900000, 6.8680000, 101222.730000,       0,       0,       0
17.110, 0.1573000 , -0.2177000, 9.6744000, 29.4037000,  32.2571000, 35.5225000, -38.5700000, -12.8930000, 6.6750000, 101220.470000,       0,       0,       0
17.120, 0.1633000 , -0.2357000, 9.6744000, 29.3503000,  32.5623000, 35.5072000, -38.4930000, -12.8590000, 6.6820000, 101220.470000,       0,       0,       0
17.130, 0.1633000 , -0.2512000, 9.6756000, 29.3427000,  32.8903000, 35.5225000, -38.2060000, -12.6630000, 6.2380000, 101221.160000,       0,       0,       0
17.140, 0.1549000 , -0.2560000, 9.6744000, 29.3961000,  33.1497000, 35.5225000, -38.3510000, -12.6650000, 6.3860000, 101221.160000,       0,       0,       0
17.150, 0.1430000 , -0.2488000, 9.6732000, 29.5181000,  33.2565000, 35.4843000, -38.3960000, -12.3730000, 6.5910000, 101221.980000,       0,       0,       0
17.160, 0.1322000 , -0.2321000, 9.6720000, 29.6860000,  33.2031000, 35.3851000, -38.1950000, -12.9100000, 6.7020000, 101221.980000,       0,       0,       0
17.170, 0.1250000 , -0.2046000, 9.6732000, 29.8386000,  33.0048000, 35.2402000, -38.5510000, -12.8740000, 6.5880000, 101224.200000,       0,       0,       0
17.180, 0.1250000 , -0.1782000, 9.6756000, 29.8920000,  32.7682000, 35.1334000, -38.4510000, -12.9010000, 6.3450000, 101224.200000,       0,       0,       0
17.190, 0.1298000 , -0.1615000, 9.6780000, 29.7165000,  32.5470000, 35.1868000, -38.2930000, -12.7280000, 6.4990000, 101219.220000,       0,       0,       0
17.200, 0.1334000 , -0.1735000, 9.6780000, 29.5181000,  32.5165000, 35.3622000, -38.5440000, -12.8020000, 6.6760000, 101219.220000,       0,       0,       0
17.210, 0.1358000 , -0.2022000, 9.6756000, 29.3884000,  32.5394000, 35.5453000, -38.3720000, -12.7800000, 6.9570000, 101225.380000,       0,       0,       0
17.220, 0.1406000 , -0.2345000, 9.6720000, 29.4189000,  32.5928000, 35.6140000, -38.4000000, -12.6350000, 7.4380000, 101225.380000,       0,       0,       0
17.230, 0.1430000 , -0.2524000, 9.6708000, 29.5868000,  32.6385000, 35.5225000, -38.2950000, -12.7370000, 6.5980000, 101225.020000,       0,       0,       0
17.240, 0.1453000 , -0.2536000, 9.6708000, 29.7699000,  32.6614000, 35.3470000, -38.5900000, -12.6900000, 7.0760000, 101225.020000,       0,       0,       0
17.250, 0.1442000 , -0.2369000, 9.6720000, 29.8767000,  32.6920000, 35.2173000, -38.0790000, -12.7150000, 6.7980000, 101222.730000,       0,       0,       0
17.260, 0.1442000 , -0.2153000, 9.6744000, 29.8691000,  32.7530000, 35.1944000, -38.5780000, -12.7850000, 6.5670000, 101222.730000,       0,       0,       0
17.270, 0.1418000 , -0.1998000, 9.6768000, 29.7775000,  32.8598000, 35.2707000, -38.5420000, -12.4700000, 7.0330000, 101222.990000,       0,       0,       0
17.280, 0.1370000 , -0.1938000, 9.6780000, 29.6402000,  32.9437000, 35.3928000, -38.3980000, -12.9710000, 6.8230000, 101222.990000,       0,       0,       0
17.290, 0.1334000 , -0.2010000, 9.6768000, 29.4724000,  32.9666000, 35.5301000, -38.4470000, -12.9640000, 6.5560000, 101220.620000,       0,       0,       0
17.300, 0.1274000 , -0.2165000, 9.6756000, 29.3427000,  32.9208000, 35.6750000, -38.7440000, -13.1020000, 6.5170000, 101220.620000,       0,       0,       0
17.310, 0.1286000 , -0.2309000, 9.6756000, 29.3198000,  32.8293000, 35.7590000, -38.7480000, -12.7910000, 6.6060000, 101223.090000,       0,       0,       0
17.320, 0.1358000 , -0.2345000, 9.6732000, 29.3884000,  32.7606000, 35.7285000, -38.4690000, -12.7770000, 5.8760000, 101223.090000,       0,       0,       0
17.330, 0.1394000 , -0.2297000, 9.6732000, 29.4876000,  32.6920000, 35.5988000, -38.5050000, -12.8980000, 6.5920000, 101222.730000,       0,       0,       0
17.340, 0.1406000 , -0.2237000, 9.6732000, 29.5792000,  32.6385000, 35.4691000, -38.2640000, -12.4050000, 6.8490000, 101222.730000,       0,       0,       0
17.350, 0.1418000 , -0.2177000, 9.6732000, 29.6631000,  32.6233000, 35.4004000, -38.2920000, -12.3180000, 7.1700000, 101220.880000,       0,       0,       0
17.360, 0.1418000 , -0.2129000, 9.6732000, 29.7546000,  32.6080000, 35.3928000, -38.3590000, -12.7740000, 6.8320000, 101220.880000,       0,       0,       0
17.370, 0.1442000 , -0.2082000, 9.6720000, 29.8004000,  32.6080000, 35.4156000, -38.2930000, -12.7790000, 6.4870000, 101220.270000,       0,       0,       0
17.380, 0.1453000 , -0.2046000, 9.6732000, 29.7546000,  32.6385000, 35.4843000, -38.4420000, -12.7210000, 6.3650000, 101220.270000,       0,       0,       0
17.390, 0.1453000 , -0.2094000, 9.6744000, 29.6631000,  32.7301000, 35.6293000, -38.6820000, -13.0250000, 6.4070000, 101223.270000,       0,       0,       0
17.400, 0.1430000 , -0.2177000, 9.6756000, 29.6021000,  32.8827000, 35.8124000, -38.4220000, -13.0380000, 6.8740000, 101223.270000,       0,       0,       0
17.410, 0.1406000 , -0.2249000, 9.6756000, 29.6097000,  33.0200000, 35.9192000, -38.6180000, -12.6540000, 6.6060000, 101222.040000,       0,       0,       0
17.420, 0.1370000 , -0.2273000, 9.6744000, 29.6707000,  33.1116000, 35.8658000, -38.6590000, -12.7870000, 6.8530000, 101222.040000,       0,       0,       0
17.430, 0.1358000 , -0.2237000, 9.6744000, 29.7775000,  33.1268000, 35.6674000, -38.7470000, -12.7400000, 6.5880000, 101222.400000,       0,       0,       0
17.440, 0.1358000 , -0.2165000, 9.6756000, 29.8996000,  33.0811000, 35.4004000, -38.7590000, -13.0540000, 7.0140000, 101222.400000,       0,       0,       0
17.450, 0.1358000 , -0.2105000, 9.6768000, 29.9759000,  32.9819000, 35.1791000, -38.7100000, -13.0190000, 7.0210000, 101222.820000,       0,       0,       0
17.460, 0.1358000 , -0.2153000, 9.6780000, 29.9911000,  32.8827000, 35.0571000, -38.7040000, -12.6960000, 7.0410000, 101222.820000,       0,       0,       0
17.470, 0.1358000 , -0.2249000, 9.6768000, 29.9454000,  32.8140000, 35.0418000, -38.5580000, -12.7510000, 7.2660000, 101224.320000,       0,       0,       0
17.480, 0.1358000 , -0.2345000, 9.6756000, 29.8920000,  32.7835000, 35.0876000, -38.3790000, -12.8360000, 6.6000000, 101224.320000,       0,       0,       0
17.490, 0.1334000 , -0.2381000, 9.6744000, 29.8615000,  32.7301000, 35.1715000, -38.6020000, -12.9250000, 7.0130000, 101222.820000,       0,       0,       0
17.500, 0.1322000 , -0.2345000, 9.6720000, 29.8386000,  32.6538000, 35.2631000, -38.6090000, -12.8740000, 7.1110000, 101222.820000,       0,       0,       0
17.510, 0.1310000 , -0.2249000, 9.6708000, 29.8386000,  32.5851000, 35.3088000, -38.7080000, -13.1240000, 7.1390000, 101224.510000,       0,       0,       0
17.520, 0.1310000 , -0.2105000, 9.6708000, 29.8615000,  32.4936000, 35.2936000, -38.4940000, -13.0100000, 6.5160000, 101224.510000,       0,       0,       0
17.530, 0.1382000 , -0.1950000, 9.6708000, 29.9072000,  32.3868000, 35.1944000, -38.6580000, -12.8650000, 6.5790000, 101224.640000,       0,       0,       0
17.540, 0.1430000 , -0.1818000, 9.6708000, 29.9149000,  32.3334000, 35.1028000, -38.5750000, -12.7100000, 6.9170000, 101224.640000,       0,       0,       0
17.550, 0.1489000 , -0.1818000, 9.6720000, 29.8615000,  32.3639000, 35.1334000, -38.3650000, -12.6360000, 7.0800000, 101222.990000,       0,       0,       0
17.560, 0.1537000 , -0.1950000, 9.6756000, 29.7470000,  32.5241000, 35.3317000, -38.6560000, -12.8780000, 7.1040000, 101222.990000,       0,       0,       0
17.570, 0.1549000 , -0.2165000, 9.6792000, 29.6097000,  32.8064000, 35.6369000, -38.6100000, -12.7090000, 6.8450000, 101222.760000,       0,       0,       0
17.580, 0.1549000 , -0.2405000, 9.6828000, 29.4342000,  33.0963000, 35.9421000, -38.4300000, -12.9810000, 6.2940000, 101222.760000,       0,       0,       0
17.590, 0.1525000 , -0.2608000, 9.6816000, 29.2664000,  33.3176000, 36.0870000, -38.4300000, -12.8680000, 6.3270000, 101225.040000,       0,       0,       0
17.600, 0.1477000 , -0.2728000, 9.6792000, 29.2206000,  33.4244000, 35.9955000, -38.5180000, -12.8190000, 6.0740000, 101225.040000,       0,       0,       0
17.610, 0.1394000 , -0.2668000, 9.6744000, 29.3579000,  33.3633000, 35.6903000, -38.6300000, -12.7800000, 6.3880000, 101222.040000,       0,       0,       0
17.620, 0.1298000 , -0.2512000, 9.6720000, 29.6249000,  33.1650000, 35.3394000, -38.2600000, -12.9180000, 6.3160000, 101222.040000,       0,       0,       0
17.630, 0.1238000 , -0.2261000, 9.6708000, 29.8538000,  32.8903000, 35.0876000, -38.5140000, -12.7000000, 6.9640000, 101223.110000,       0,       0,       0
17.640, 0.1250000 , -0.2010000, 9.6696000, 29.9759000,  32.6157000, 34.9655000, -38.5070000, -12.7930000, 6.3630000, 101223.110000,       0,       0,       0
17.650, 0.1286000 , -0.1866000, 9.6708000, 29.9911000,  32.4249000, 34.9808000, -38.3390000, -12.7380000, 6.6520000, 101223.160000,       0,       0,       0
17.660, 0.1334000 , -0.1854000, 9.6732000, 29.9072000,  32.3639000, 35.0952000, -38.2630000, -12.7130000, 6.4680000, 101223.160000,       0,       0,       0
17.670, 0.1346000 , -0.1962000, 9.6744000, 29.7775000,  32.3715000, 35.2402000, -38.1720000, -12.7570000, 6.3110000, 101221.230000,       0,       0,       0
17.680, 0.1358000 , -0.2141000, 9.6732000, 29.6783000,  32.4020000, 35.3470000, -38.2920000, -12.9790000, 6.4060000, 101221.230000,       0,       0,       0
17.690, 0.1370000 , -0.2285000, 9.6720000, 29.6860000,  32.4631000, 35.3699000, -38.3730000, -12.9590000, 6.9530000, 101223.110000,       0,       0,       0
17.700, 0.1394000 , -0.2345000, 9.6708000, 29.8309000,  32.5089000, 35.2783000, -38.4450000, -12.8090000, 5.5910000, 101223.110000,       0,       0,       0
17.710, 0.1430000 , -0.2309000, 9.6708000, 30.0293000,  32.5241000, 35.0494000, -38.2180000, -13.1280000, 6.2360000, 101223.110000,       0,       0,       0
17.720, 0.1465000 , -0.2201000, 9.6732000, 30.1819000,  32.4936000, 34.6985000, -38.4380000, -12.8890000, 7.2090000, 101223.110000,       0,       0,       0
17.730, 0.1489000 , -0.2105000, 9.6756000, 30.2429000,  32.4478000, 34.3399000, -38.3630000, -12.8710000, 7.2310000, 101219.220000,       0,       0,       0
17.740, 0.1489000 , -0.2094000, 9.6780000, 30.2200000,  32.4783000, 34.1110000, -38.5200000, -12.8140000, 7.0280000, 101219.220000,       0,       0,       0
17.750, 0.1442000 , -0.2141000, 9.6780000, 30.1590000,  32.5394000, 34.0958000, -38.5950000, -12.7590000, 6.8730000, 101222.940000,       0,       0,       0
17.760, 0.1382000 , -0.2273000, 9.6780000, 30.0446000,  32.5928000, 34.3323000, -38.5660000, -12.9030000, 6.7460000, 101222.940000,       0,       0,       0
17.770, 0.1346000 , -0.2333000, 9.6744000, 29.9988000,  32.5623000, 34.5154000, -38.4450000, -12.6370000, 6.8550000, 101221.000000,       0,       0,       0
17.780, 0.1370000 , -0.2309000, 9.6708000, 30.0293000,  32.4860000, 34.6375000, -38.6930000, -12.7280000, 7.5130000, 101221.000000,       0,       0,       0
17.790, 0.1442000 , -0.2237000, 9.6684000, 30.1514000,  32.4020000, 34.6603000, -38.5590000, -12.5580000, 7.9030000, 101222.820000,       0,       0,       0
17.800, 0.1537000 , -0.2105000, 9.6696000, 30.3040000,  32.4326000, 34.5993000, -38.6590000, -12.7080000, 7.2130000, 101222.820000,       0,       0,       0
17.810, 0.1561000 , -0.1962000, 9.6732000, 30.3955000,  32.5470000, 34.4772000, -38.4710000, -12.7490000, 6.6400000, 101224.820000,       0,       0,       0
17.820, 0.1537000 , -0.1878000, 9.6756000, 30.3955000,  32.6233000, 34.3552000, -38.4450000, -12.4720000, 7.2510000, 101224.820000,       0,       0,       0
17.830, 0.1453000 , -0.1842000, 9.6756000, 30.3421000,  32.6309000, 34.3018000, -38.6520000, -12.6440000, 6.6990000, 101222.730000,       0,       0,       0
17.840, 0.1346000 , -0.1830000, 9.6744000, 30.2582000,  32.5241000, 34.3933000, -38.5270000, -12.6980000, 7.3680000, 101222.730000,       0,       0,       0
17.850, 0.1286000 , -0.1854000, 9.6744000, 30.1437000,  32.3410000, 34.6603000, -38.1150000, -12.7360000, 7.1340000, 101222.920000,       0,       0,       0
17.860, 0.1274000 , -0.1926000, 9.6756000, 30.0064000,  32.1808000, 35.0647000, -38.4060000, -12.6980000, 7.3190000, 101222.920000,       0,       0,       0
17.870, 0.1334000 , -0.2022000, 9.6768000, 29.8691000,  32.0587000, 35.4767000, -38.4710000, -12.6130000, 7.0420000, 101224.510000,       0,       0,       0
17.880, 0.1453000 , -0.2117000, 9.6756000, 29.7699000,  32.0129000, 35.6979000, -38.3660000, -12.8810000, 6.8250000, 101224.510000,       0,       0,       0
17.890, 0.1609000 , -0.2225000, 9.6756000, 29.7928000,  32.0816000, 35.6369000, -38.5500000, -12.7930000, 7.0070000, 101224.700000,       0,       0,       0
17.900, 0.1776000 , -0.2273000, 9.6756000, 29.8843000,  32.2723000, 35.3699000, -38.4820000, -12.6030000, 7.1910000, 101224.700000,       0,       0,       0
17.910, 0.1884000 , -0.2285000, 9.6768000, 29.9377000,  32.6233000, 35.0876000, -38.6200000, -12.7920000, 6.6150000, 101223.110000,       0,       0,       0
17.920, 0.1848000 , -0.2273000, 9.6804000, 29.8767000,  33.0963000, 34.9884000, -38.3500000, -12.6780000, 7.3570000, 101223.110000,       0,       0,       0
17.930, 0.1741000 , -0.2261000, 9.6828000, 29.7165000,  33.5693000, 35.1181000, -38.3890000, -12.7900000, 7.5200000, 101222.990000,       0,       0,       0
17.940, 0.1573000 , -0.2237000, 9.6828000, 29.5410000,  33.9127000, 35.3699000, -38.2180000, -12.7030000, 7.2130000, 101222.990000,       0,       0,       0
17.950, 0.1394000 , -0.2165000, 9.6780000, 29.4418000,  34.0042000, 35.5606000, -38.5950000, -12.5650000, 6.6250000, 101223.690000,       0,       0,       0
17.960, 0.1238000 , -0.2010000, 9.6732000, 29.4571000,  33.8058000, 35.6064000, -38.4560000, -12.7550000, 6.8210000, 101223.690000,       0,       0,       0
17.970, 0.1130000 , -0.1842000, 9.6708000, 29.5715000,  33.3786000, 35.5530000, -38.2420000, -12.6420000, 7.1050000, 101222.940000,       0,       0,       0
17.980, 0.1107000 , -0.1711000, 9.6708000, 29.6936000,  32.8827000, 35.4996000, -38.3220000, -12.7570000, 7.7340000, 101222.940000,       0,       0,       0
17.990, 0.1226000 , -0.1651000, 9.6720000, 29.7775000,  32.4402000, 35.4767000, -38.6950000, -12.6010000, 6.8180000, 101223.110000,       0,       0,       0
18.000, 0.1382000 , -0.1699000, 9.6744000, 29.7699000,  32.1884000, 35.4691000, -38.1600000, -12.5870000, 6.7280000, 101223.110000,       0,       0,       0
18.010, 0.1513000 , -0.1854000, 9.6756000, 29.6783000,  32.1274000, 35.4614000, -38.4030000, -12.8040000, 6.4450000, 101222.990000,       0,       0,       0
18.020, 0.1597000 , -0.2082000, 9.6768000, 29.5715000,  32.2266000, 35.4614000, -38.5420000, -12.7620000, 6.2760000, 101222.990000,       0,       0,       0
18.030, 0.1597000 , -0.2273000, 9.6756000, 29.5181000,  32.4020000, 35.4538000, -38.4940000, -12.8080000, 7.1130000, 101219.590000,       0,       0,       0
18.040, 0.1549000 , -0.2333000, 9.6744000, 29.5258000,  32.5470000, 35.4767000, -38.5250000, -12.5800000, 6.2230000, 101219.590000,       0,       0,       0
18.050, 0.1465000 , -0.2273000, 9.6720000, 29.5639000,  32.6080000, 35.5759000, -38.4760000, -12.7540000, 6.9620000, 101223.300000,       0,       0,       0
18.060, 0.1406000 , -0.2129000, 9.6720000, 29.5944000,  32.5928000, 35.7132000, -38.2770000, -12.5830000, 7.1060000, 101223.300000,       0,       0,       0
18.070, 0.1406000 , -0.1962000, 9.6732000, 29.6249000,  32.5165000, 35.8276000, -38.2810000, -12.5730000, 6.6670000, 101219.690000,       0,       0,       0
18.080, 0.1489000 , -0.1818000, 9.6744000, 29.6478000,  32.4707000, 35.8124000, -38.4630000, -12.3380000, 6.8120000, 101219.690000,       0,       0,       0
18.090, 0.1597000 , -0.1794000, 9.6744000, 29.6478000,  32.5317000, 35.6598000, -37.9590000, -12.8530000, 6.7040000, 101222.040000,       0,       0,       0
18.100, 0.1645000 , -0.1878000, 9.6768000, 29.6478000,  32.6920000, 35.4233000, -38.3520000, -12.5580000, 6.8240000, 101222.040000,       0,       0,       0
18.110, 0.1621000 , -0.2034000, 9.6792000, 29.5944000,  32.8903000, 35.2173000, -38.4140000, -12.4700000, 6.4510000, 101219.760000,       0,       0,       0
18.120, 0.1525000 , -0.2177000, 9.6804000, 29.4952000,  33.0276000, 35.1639000, -38.4950000, -12.5510000, 6.7270000, 101219.760000,       0,       0,       0
18.130, 0.1442000 , -0.2297000, 9.6792000, 29.3961000,  33.0429000, 35.2936000, -38.1880000, -12.6230000, 6.9480000, 101223.450000,       0,       0,       0
18.140, 0.1382000 , -0.2333000, 9.6768000, 29.3732000,  32.9819000, 35.5377000, -38.1370000, -12.6500000, 6.5070000, 101223.450000,       0,       0,       0
18.150, 0.1382000 , -0.2285000, 9.6756000, 29.4342000,  32.8522000, 35.7513000, -37.9610000, -12.4310000, 6.3050000, 101222.590000,       0,       0,       0
18.160, 0.1430000 , -0.2177000, 9.6744000, 29.5486000,  32.7225000, 35.8276000, -38.1550000, -12.6910000, 6.1320000, 101222.590000,       0,       0,       0
18.170, 0.1501000 , -0.2070000, 9.6756000, 29.6631000,  32.6385000, 35.7361000, -38.4760000, -12.7900000, 6.5420000, 101223.160000,       0,       0,       0
18.180, 0.1585000 , -0.1974000, 9.6768000, 29.7318000,  32.6462000, 35.5453000, -38.5410000, -12.9990000, 6.3500000, 101223.160000,       0,       0,       0
18.190, 0.1645000 , -0.1974000, 9.6780000, 29.6936000,  32.7759000, 35.3775000, -38.1960000, -12.8460000, 6.7550000, 101223.090000,       0,       0,       0
18.200, 0.1621000 , -0.2046000, 9.6792000, 29.5792000,  32.9666000, 35.3546000, -38.2340000, -12.9920000, 6.8520000, 101223.090000,       0,       0,       0
18.210, 0.1549000 , -0.2177000, 9.6768000, 29.4495000,  33.1497000, 35.4919000, -38.2710000, -12.6560000, 6.0980000, 101222.090000,       0,       0,       0
18.220, 0.1430000 , -0.2261000, 9.6756000, 29.3427000,  33.2565000, 35.7361000, -38.2660000, -12.6860000, 6.6750000, 101222.090000,       0,       0,       0
18.230, 0.1322000 , -0.2285000, 9.6744000, 29.2969000,  33.2031000, 35.9955000, -38.2880000, -13.1550000, 6.8110000, 101223.270000,       0,       0,       0
18.240, 0.1262000 , -0.2237000, 9.6720000, 29.3350000,  32.9819000, 36.1557000, -38.3740000, -12.6670000, 6.9100000, 101223.270000,       0,       0,       0
18.250, 0.1274000 , -0.2153000, 9.6708000, 29.4647000,  32.6843000, 36.1710000, -38.2160000, -12.7590000, 7.2650000, 101224.520000,       0,       0,       0
18.260, 0.1358000 , -0.2058000, 9.6708000, 29.6860000,  32.4097000, 36.0184000, -38.1540000, -12.9200000, 6.6690000, 101224.520000,       0,       0,       0
18.270, 0.1501000 , -0.1974000, 9.6732000, 29.9301000,  32.2723000, 35.7132000, -38.3890000, -13.0200000, 6.9340000, 101221.190000,       0,       0,       0
18.280, 0.1645000 , -0.1950000, 9.6768000, 30.0980000,  32.2723000, 35.3317000, -38.3710000, -12.5190000, 7.2030000, 101221.190000,       0,       0,       0
18.290, 0.1693000 , -0.1986000, 9.6792000, 30.1437000,  32.3944000, 35.0037000, -38.0040000, -12.6460000, 6.8240000, 101222.570000,       0,       0,       0
18.300, 0.1645000 , -0.2034000, 9.6816000, 30.0751000,  32.5851000, 34.8663000, -38.3970000, -12.7250000, 6.1700000, 101222.570000,       0,       0,       0
18.310, 0.1513000 , -0.2070000, 9.6792000, 29.9377000,  32.7225000, 34.9579000, -38.1710000, -12.8280000, 6.5430000, 101224.700000,       0,       0,       0
18.320, 0.1334000 , -0.2058000, 9.6756000, 29.8080000,  32.6996000, 35.2554000, -38.2180000, -12.6680000, 6.7930000, 101224.700000,       0,       0,       0
18.330, 0.1214000 , -0.2046000, 9.6720000, 29.7394000,  32.5165000, 35.6369000, -38.1630000, -12.3390000, 7.1050000, 101222.940000,       0,       0,       0
18.340, 0.1202000 , -0.2022000, 9.6708000, 29.7318000,  32.2495000, 35.9802000, -38.2680000, -12.8910000, 6.7850000, 101222.940000,       0,       0,       0
18.350, 0.1310000 , -0.2010000, 9.6720000, 29.8004000,  31.7612000, 36.1786000, -38.2910000, -12.7980000, 7.0180000, 101223.120000,       0,       0,       0
18.360, 0.1513000 , -0.2094000, 9.6720000, 29.8767000,  31.4636000, 36.0031000, -38.1270000, -12.5690000, 6.7370000, 101223.120000,       0,       0,       0
18.370, 0.1705000 , -0.2225000, 9.6744000, 30.0140000,  31.3873000, 35.6522000, -37.9760000, -12.5820000, 6.5820000, 101221.360000,       0,       0,       0
18.380, 0.1908000 , -0.2345000, 9.6792000, 30.1590000,  31.5475000, 35.2325000, -38.2450000, -12.6720000, 5.8890000, 101221.360000,       0,       0,       0
18.390, 0.2028000 , -0.2393000, 9.6816000, 30.2048000,  31.8451000, 34.8663000, -38.3360000, -12.7500000, 6.4910000, 101224.860000,       0,       0,       0
18.400, 0.1992000 , -0.2417000, 9.6804000, 30.1437000,  32.2495000, 34.6832000, -38.5180000, -12.6170000, 6.5230000, 101224.860000,       0,       0,       0
18.410, 0.1860000 , -0.2405000, 9.6804000, 29.9988000,  32.6614000, 34.7824000, -38.1810000, -12.7950000, 6.7780000, 101223.270000,       0,       0,       0
18.420, 0.1705000 , -0.2405000, 9.6780000, 29.8233000,  32.9666000, 35.1028000, -38.2320000, -12.8760000, 7.0660000, 101223.270000,       0,       0,       0
18.430, 0.1561000 , -0.2417000, 9.6756000, 29.6860000,  33.1268000, 35.5072000, -38.3720000, -12.5570000, 6.8900000, 101223.090000,       0,       0,       0
18.440, 0.1442000 , -0.2369000, 9.6732000, 29.6402000,  33.1116000, 35.8047000, -38.4020000, -12.7300000, 6.9690000, 101223.090000,       0,       0,       0
18.450, 0.1430000 , -0.2261000, 9.6720000, 29.6860000,  32.9437000, 35.8658000, -38.3630000, -12.5900000, 6.5210000, 101222.110000,       0,       0,       0
18.460, 0.1465000 , -0.2129000, 9.6732000, 29.7699000,  32.6920000, 35.7056000, -38.4090000, -12.7730000, 7.0900000, 101222.110000,       0,       0,       0
18.470, 0.1585000 , -0.2034000, 9.6768000, 29.8309000,  32.4478000, 35.4385000, -38.1930000, -12.9370000, 7.3500000, 101221.900000,       0,       0,       0
18.480, 0.1765000 , -0.2010000, 9.6792000, 29.8233000,  32.3792000, 35.2020000, -38.1760000, -12.6610000, 6.8970000, 101221.900000,       0,       0,       0
18.490, 0.1884000 , -0.2105000, 9.6816000, 29.7470000,  32.5623000, 35.1181000, -38.1120000, -12.6830000, 7.2230000, 101223.420000,       0,       0,       0
18.500, 0.1896000 , -0.2261000, 9.6828000, 29.6249000,  32.9208000, 35.1944000, -38.3800000, -12.8080000, 6.7350000, 101223.420000,       0,       0,       0
18.510, 0.1800000 , -0.2381000, 9.6816000, 29.4952000,  33.2870000, 35.3317000, -38.2010000, -12.8870000, 7.6720000, 101222.140000,       0,       0,       0
18.520, 0.1621000 , -0.2476000, 9.6780000, 29.4037000,  33.5007000, 35.4767000, -38.2170000, -12.7530000, 7.0610000, 101222.140000,       0,       0,       0
18.530, 0.1489000 , -0.2512000, 9.6744000, 29.4266000,  33.4702000, 35.5530000, -38.2870000, -12.5790000, 6.5710000, 101223.300000,       0,       0,       0
18.540, 0.1513000 , -0.2488000, 9.6708000, 29.5944000,  33.2718000, 35.4691000, -38.3730000, -12.7590000, 7.0720000, 101223.300000,       0,       0,       0
18.550, 0.1597000 , -0.2464000, 9.6732000, 29.8004000,  33.1116000, 35.2783000, -38.0920000, -12.4760000, 6.4570000, 101223.160000,       0,       0,       0
18.560, 0.1693000 , -0.2464000, 9.6768000, 29.8691000,  33.1497000, 35.1486000, -38.2970000, -12.8400000, 7.1020000, 101223.160000,       0,       0,       0
18.570, 0.1741000 , -0.2440000, 9.6816000, 29.7318000,  33.4320000, 35.2173000, -38.4920000, -13.0080000, 7.1510000, 101221.030000,       0,       0,       0
18.580, 0.1705000 , -0.2381000, 9.6828000, 29.5029000,  33.8821000, 35.4919000, -37.9980000, -12.8850000, 7.2120000, 101221.030000,       0,       0,       0
18.590, 0.1585000 , -0.2201000, 9.6792000, 29.2969000,  34.2560000, 35.8353000, -38.4460000, -12.6950000, 7.2180000, 101223.110000,       0,       0,       0
18.600, 0.1358000 , -0.1926000, 9.6720000, 29.1901000,  34.3552000, 36.1099000, -38.0330000, -12.7470000, 6.9590000, 101223.110000,       0,       0,       0
18.610, 0.1142000 , -0.1627000, 9.6660000, 29.2053000,  34.0805000, 36.2625000, -38.4710000, -12.6920000, 6.5880000, 101223.230000,       0,       0,       0
18.620, 0.1071000 , -0.1364000, 9.6624000, 29.3655000,  33.5159000, 36.2625000, -38.4690000, -12.8400000, 6.7150000, 101223.230000,       0,       0,       0
18.630, 0.1190000 , -0.1184000, 9.6636000, 29.6402000,  32.9895000, 36.0947000, -38.2270000, -12.8280000, 6.3650000, 101223.110000,       0,       0,       0
18.640, 0.1430000 , -0.1136000, 9.6708000, 29.8538000,  32.7377000, 35.8200000, -37.9890000, -12.9320000, 6.3730000, 101223.110000,       0,       0,       0
18.650, 0.1633000 , -0.1304000, 9.6780000, 29.8157000,  32.7606000, 35.5301000, -38.2080000, -12.8720000, 5.5940000, 101223.160000,       0,       0,       0
18.660, 0.1681000 , -0.1723000, 9.6804000, 29.6326000,  32.9285000, 35.3165000, -37.9320000, -12.7030000, 6.6580000, 101223.160000,       0,       0,       0
18.670, 0.1585000 , -0.2225000, 9.6780000, 29.5181000,  33.1116000, 35.2325000, -38.1690000, -12.9480000, 6.8440000, 101222.020000,       0,       0,       0
18.680, 0.1406000 , -0.2620000, 9.6756000, 29.5944000,  33.1345000, 35.2325000, -38.3500000, -13.1520000, 7.0640000, 101222.020000,       0,       0,       0
18.690, 0.1250000 , -0.2787000, 9.6744000, 29.7775000,  32.9285000, 35.2402000, -38.1250000, -12.8820000, 6.8040000, 101222.950000,       0,       0,       0
18.700, 0.1214000 , -0.2728000, 9.6744000, 29.9149000,  32.5928000, 35.2325000, -38.2240000, -12.6010000, 6.3310000, 101222.950000,       0,       0,       0
18.710, 0.1286000 , -0.2548000, 9.6780000, 29.9301000,  32.3257000, 35.2783000, -38.2490000, -13.0570000, 6.3490000, 101224.700000,       0,       0,       0
18.720, 0.1453000 , -0.2309000, 9.6828000, 29.8157000,  32.3105000, 35.4691000, -38.3890000, -12.9120000, 6.3510000, 101224.700000,       0,       0,       0
18.730, 0.1633000 , -0.2094000, 9.6852000, 29.5486000,  32.5317000, 35.7666000, -37.9760000, -12.7620000, 6.0800000, 101225.030000,       0,       0,       0
18.740, 0.1693000 , -0.2022000, 9.6852000, 29.2130000,  32.8445000, 36.0870000, -38.3610000, -12.8830000, 6.7690000, 101225.030000,       0,       0,       0
18.750, 0.1585000 , -0.2129000, 9.6804000, 28.9612000,  33.0582000, 36.3464000, -38.0600000, -12.7100000, 6.0040000, 101223.280000,       0,       0,       0
18.760, 0.1418000 , -0.2273000, 9.6744000, 28.8925000,  33.0200000, 36.4532000, -38.4540000, -12.8320000, 6.4680000, 101223.280000,       0,       0,       0
18.770, 0.1286000 , -0.2357000, 9.6696000, 29.0222000,  32.7682000, 36.3617000, -38.3480000, -12.7050000, 6.7140000, 101223.540000,       0,       0,       0
18.780, 0.1214000 , -0.2309000, 9.6660000, 29.2969000,  32.3563000, 36.0870000, -38.2340000, -12.6620000, 6.3950000, 101223.540000,       0,       0,       0
18.790, 0.1262000 , -0.2141000, 9.6636000, 29.6097000,  31.9214000, 35.6979000, -38.1800000, -12.6510000, 6.3690000, 101223.390000,       0,       0,       0
18.800, 0.1382000 , -0.1938000, 9.6648000, 29.8386000,  31.5933000, 35.3165000, -38.2950000, -13.0680000, 6.6360000, 101223.390000,       0,       0,       0
18.810, 0.1513000 , -0.1794000, 9.6672000, 29.9301000,  31.4865000, 35.0723000, -38.0270000, -12.9560000, 6.5980000, 101222.990000,       0,       0,       0
18.820, 0.1621000 , -0.1830000, 9.6696000, 29.9149000,  31.5704000, 34.9960000, -38.4390000, -12.9620000, 7.1330000, 101222.990000,       0,       0,       0
18.830, 0.1693000 , -0.1986000, 9.6708000, 29.8462000,  31.7459000, 35.0037000, -38.3190000, -12.8700000, 7.3570000, 101223.420000,       0,       0,       0
18.840, 0.1705000 , -0.2165000, 9.6708000, 29.8004000,  31.9748000, 34.9808000, -38.3910000, -13.0060000, 7.4100000, 101223.420000,       0,       0,       0
18.850, 0.1681000 , -0.2309000, 9.6696000, 29.8157000,  32.1884000, 34.8969000, -37.9790000, -12.9870000, 6.8940000, 101223.610000,       0,       0,       0
18.860, 0.1645000 , -0.2369000, 9.6696000, 29.8920000,  32.3105000, 34.7214000, -38.3280000, -13.1290000, 6.5280000, 101223.610000,       0,       0,       0
18.870, 0.1645000 , -0.2357000, 9.6708000, 29.9988000,  32.3639000, 34.4925000, -38.0880000, -12.9250000, 6.8620000, 101224.330000,       0,       0,       0
18.880, 0.1645000 , -0.2249000, 9.6720000, 30.0751000,  32.3868000, 34.2789000, -38.5310000, -13.1680000, 7.1230000, 101224.330000,       0,       0,       0
18.890, 0.1633000 , -0.2117000, 9.6744000, 30.0751000,  32.3715000, 34.1873000, -38.3520000, -13.4050000, 6.2330000, 101222.040000,       0,       0,       0
18.900, 0.1537000 , -0.2105000, 9.6792000, 29.8309000,  32.4249000, 34.5230000, -38.8970000, -13.2270000, 6.5250000, 101222.040000,       0,       0,       0
18.910, 0.1525000 , -0.2213000, 9.6792000, 29.5792000,  32.4936000, 35.0037000, -38.2770000, -12.8640000, 7.1470000, 101223.280000,       0,       0,       0
18.920, 0.1609000 , -0.2345000, 9.6744000, 29.4342000,  32.5928000, 35.4691000, -38.4700000, -13.1000000, 7.3000000, 101223.280000,       0,       0,       0
18.930, 0.1717000 , -0.2440000, 9.6720000, 29.5105000,  32.7377000, 35.7208000, -38.4650000, -13.1390000, 6.7210000, 101221.520000,       0,       0,       0
18.940, 0.1848000 , -0.2440000, 9.6732000, 29.6783000,  32.9437000, 35.7056000, -38.5600000, -12.9470000, 6.6330000, 101221.520000,       0,       0,       0
18.950, 0.1932000 , -0.2381000, 9.6756000, 29.7775000,  33.2184000, 35.4996000, -38.2500000, -13.0290000, 6.8550000, 101219.850000,       0,       0,       0
18.960, 0.1872000 , -0.2357000, 9.6792000, 29.7928000,  33.4778000, 35.2249000, -38.1970000, -12.9770000, 6.6360000, 101219.850000,       0,       0,       0
18.970, 0.1729000 , -0.2345000, 9.6780000, 29.7699000,  33.6456000, 35.0189000, -38.5170000, -12.7010000, 6.5960000, 101221.200000,       0,       0,       0
18.980, 0.1549000 , -0.2261000, 9.6768000, 29.7623000,  33.6533000, 34.8969000, -38.3970000, -12.7530000, 7.1810000, 101221.200000,       0,       0,       0
18.990, 0.1382000 , -0.2141000, 9.6744000, 29.8080000,  33.4702000, 34.7977000, -38.3500000, -12.5550000, 6.8450000, 101224.840000,       0,       0,       0
19.000, 0.1286000 , -0.1998000, 9.6732000, 29.8691000,  33.1345000, 34.7137000, -38.3640000, -12.8350000, 7.1280000, 101224.840000,       0,       0,       0
19.010, 0.1286000 , -0.1878000, 9.6720000, 29.8920000,  32.7454000, 34.7061000, -38.5420000, -12.9350000, 6.8770000, 101219.840000,       0,       0,       0
19.020, 0.1358000 , -0.1842000, 9.6720000, 29.8386000,  32.4554000, 34.8358000, -38.5990000, -12.7190000, 7.2780000, 101219.840000,       0,       0,       0
19.030, 0.1501000 , -0.1914000, 9.6744000, 29.7546000,  32.4097000, 35.0876000, -38.4990000, -12.6980000, 6.9300000, 101219.770000,       0,       0,       0
19.040, 0.1645000 , -0.2046000, 9.6780000, 29.6555000,  32.5623000, 35.3622000, -38.6220000, -12.8140000, 6.7920000, 101219.770000,       0,       0,       0
19.050, 0.1669000 , -0.2189000, 9.6780000, 29.5410000,  32.7454000, 35.5225000, -38.3850000, -12.6770000, 7.0890000, 101224.690000,       0,       0,       0
19.060, 0.1585000 , -0.2369000, 9.6768000, 29.4876000,  32.8064000, 35.5225000, -38.3910000, -12.7480000, 7.7230000, 101224.690000,       0,       0,       0
19.070, 0.1442000 , -0.2548000, 9.6756000, 29.5563000,  32.6691000, 35.4156000, -38.4400000, -12.6890000, 7.0460000, 101221.160000,       0,       0,       0
19.080, 0.1334000 , -0.2620000, 9.6744000, 29.7546000,  32.3639000, 35.2631000, -38.3690000, -12.5750000, 7.2960000, 101221.160000,       0,       0,       0
19.090, 0.1322000 , -0.2548000, 9.6732000, 30.0064000,  32.0053000, 35.0952000, -38.3220000, -12.9010000, 6.9200000, 101222.400000,       0,       0,       0
19.100, 0.1465000 , -0.2285000, 9.6732000, 30.1895000,  31.7154000, 34.9197000, -38.5120000, -12.9760000, 6.9730000, 101222.400000,       0,       0,       0
19.110, 0.1681000 , -0.1974000, 9.6756000, 30.2200000,  31.6544000, 34.7824000, -38.4050000, -12.6540000, 6.4380000, 101224.750000,       0,       0,       0
19.120, 0.1824000 , -0.1723000, 9.6804000, 30.0446000,  31.8527000, 34.7977000, -38.2800000, -12.8950000, 7.6960000, 101224.750000,       0,       0,       0
19.130, 0.1848000 , -0.1675000, 9.6828000, 29.7318000,  32.2037000, 35.0189000, -38.3670000, -13.1470000, 7.4160000, 101224.750000,       0,       0,       0
19.140, 0.1776000 , -0.1830000, 9.6816000, 29.4266000,  32.5394000, 35.3622000, -38.6680000, -12.9330000, 7.5620000, 101224.750000,       0,       0,       0
19.150, 0.1693000 , -0.2105000, 9.6768000, 29.2816000,  32.7759000, 35.6369000, -38.3580000, -12.7860000, 7.4900000, 101222.590000,       0,       0,       0
19.160, 0.1597000 , -0.2381000, 9.6744000, 29.3198000,  32.8217000, 35.7056000, -38.6390000, -12.7460000, 7.3790000, 101222.590000,       0,       0,       0
19.170, 0.1501000 , -0.2572000, 9.6720000, 29.4952000,  32.6767000, 35.5911000, -38.6700000, -12.7410000, 7.1720000, 101223.280000,       0,       0,       0
19.180, 0.1513000 , -0.2656000, 9.6732000, 29.7241000,  32.4402000, 35.3928000, -38.5910000, -12.6620000, 6.7680000, 101223.280000,       0,       0,       0
19.190, 0.1657000 , -0.2644000, 9.6756000, 29.9301000,  32.2800000, 35.2325000, -38.4950000, -12.7240000, 6.2500000, 101221.230000,       0,       0,       0
19.200, 0.1824000 , -0.2560000, 9.6804000, 30.0064000,  32.3486000, 35.1486000, -38.5730000, -12.8520000, 7.1080000, 101221.230000,       0,       0,       0
19.210, 0.1968000 , -0.2440000, 9.6852000, 29.8767000,  32.6843000, 35.1486000, -38.4810000, -12.6930000, 6.5530000, 101221.500000,       0,       0,       0
19.220, 0.2016000 , -0.2333000, 9.6852000, 29.6173000,  33.1573000, 35.2097000, -38.4210000, -12.6980000, 6.9330000, 101221.500000,       0,       0,       0
19.230, 0.1968000 , -0.2309000, 9.6816000, 29.3884000,  33.6151000, 35.2936000, -38.0480000, -12.9640000, 6.7520000, 101223.420000,       0,       0,       0
19.240, 0.1788000 , -0.2321000, 9.6768000, 29.3045000,  33.9584000, 35.4080000, -38.3800000, -12.8730000, 7.1850000, 101223.420000,       0,       0,       0
19.250, 0.1549000 , -0.2261000, 9.6732000, 29.3655000,  34.0347000, 35.4996000, -38.3540000, -12.6880000, 6.7870000, 101225.180000,       0,       0,       0
19.260, 0.1370000 , -0.2094000, 9.6708000, 29.4647000,  33.8058000, 35.5301000, -38.2410000, -12.6170000, 7.2930000, 101225.180000,       0,       0,       0
19.270, 0.1298000 , -0.1902000, 9.6684000, 29.5410000,  33.4015000, 35.5377000, -38.2960000, -12.6660000, 6.3230000, 101222.540000,       0,       0,       0
19.280, 0.1298000 , -0.1759000, 9.6684000, 29.5944000,  32.9895000, 35.5911000, -38.3890000, -12.8030000, 6.6020000, 101222.540000,       0,       0,       0
19.290, 0.1418000 , -0.1723000, 9.6696000, 29.6478000,  32.6614000, 35.6674000, -38.3920000, -12.7330000, 6.1920000, 101223.460000,       0,       0,       0
19.300, 0.1597000 , -0.1818000, 9.6708000, 29.6860000,  32.5470000, 35.6903000, -38.2000000, -12.8420000, 6.4190000, 101223.460000,       0,       0,       0
19.310, 0.1729000 , -0.1962000, 9.6744000, 29.6783000,  32.6843000, 35.6445000, -38.2110000, -12.7180000, 6.2500000, 101223.420000,       0,       0,       0
19.320, 0.1765000 , -0.2165000, 9.6756000, 29.6097000,  32.9208000, 35.5453000, -38.2890000, -12.7740000, 6.9330000, 101223.420000,       0,       0,       0
19.330, 0.1693000 , -0.2381000, 9.6744000, 29.5868000,  33.1268000, 35.4080000, -38.1200000, -13.0420000, 6.4060000, 101221.870000,       0,       0,       0
19.340, 0.1549000 , -0.2512000, 9.6708000, 29.6707000,  33.1879000, 35.2631000, -38.3130000, -13.1720000, 7.2020000, 101221.870000,       0,       0,       0
19.350, 0.1406000 , -0.2500000, 9.6696000, 29.8157000,  33.0429000, 35.1562000, -38.6170000, -13.0320000, 7.3900000, 101223.440000,       0,       0,       0
19.360, 0.1358000 , -0.2381000, 9.6696000, 29.9530000,  32.7759000, 35.1028000, -38.3860000, -13.0360000, 6.9600000, 101223.440000,       0,       0,       0
19.370, 0.1430000 , -0.2225000, 9.6720000, 30.0446000,  32.5317000, 35.1257000, -38.5530000, -12.7530000, 6.9090000, 101223.350000,       0,       0,       0
19.380, 0.1573000 , -0.2082000, 9.6732000, 30.0674000,  32.4097000, 35.1868000, -38.4740000, -12.7450000, 6.4280000, 101223.350000,       0,       0,       0
19.390, 0.1693000 , -0.2022000, 9.6756000, 29.9911000,  32.4631000, 35.2859000, -38.4770000, -12.6040000, 6.9060000, 101224.930000,       0,       0,       0
19.400, 0.1788000 , -0.2094000, 9.6780000, 29.8309000,  32.7072000, 35.4385000, -38.1520000, -12.8090000, 6.4460000, 101224.930000,       0,       0,       0
19.410, 0.1812000 , -0.2249000, 9.6816000, 29.6402000,  33.0734000, 35.6827000, -38.3620000, -12.9920000, 7.4930000, 101222.230000,       0,       0,       0
19.420, 0.1729000 , -0.2381000, 9.6804000, 29.4342000,  33.4091000, 35.9421000, -38.3680000, -12.9980000, 7.0140000, 101222.230000,       0,       0,       0
19.430, 0.1585000 , -0.2476000, 9.6780000, 29.2816000,  33.6151000, 36.1252000, -38.7480000, -12.6380000, 7.4160000, 101221.950000,       0,       0,       0
19.440, 0.1382000 , -0.2584000, 9.6696000, 29.3274000,  33.4930000, 36.0565000, -38.3550000, -12.9050000, 6.9680000, 101221.950000,       0,       0,       0
19.450, 0.1310000 , -0.2560000, 9.6672000, 29.5639000,  33.1802000, 35.7590000, -38.4010000, -12.6630000, 6.9660000, 101223.590000,       0,       0,       0
19.460, 0.1322000 , -0.2417000, 9.6684000, 29.8538000,  32.7988000, 35.3775000, -38.2530000, -12.7740000, 7.3700000, 101223.590000,       0,       0,       0
19.470, 0.1358000 , -0.2189000, 9.6720000, 30.0369000,  32.4554000, 35.0876000, -38.3600000, -12.8740000, 7.1270000, 101223.160000,       0,       0,       0
19.480, 0.1418000 , -0.1974000, 9.6744000, 30.0369000,  32.2266000, 35.0113000, -38.0490000, -12.9210000, 7.4180000, 101223.160000,       0,       0,       0
19.490, 0.1537000 , -0.1866000, 9.6744000, 29.9683000,  32.1655000, 35.1257000, -38.4010000, -12.8010000, 7.0940000, 101223.470000,       0,       0,       0
19.500, 0.1657000 , -0.1866000, 9.6756000, 29.9301000,  32.3029000, 35.3470000, -38.3550000, -13.2000000, 6.6210000, 101223.470000,       0,       0,       0
19.510, 0.1729000 , -0.1854000, 9.6768000, 29.9301000,  32.5394000, 35.5072000, -38.0720000, -12.7280000, 7.2640000, 101222.420000,       0,       0,       0
19.520, 0.1753000 , -0.1842000, 9.6732000, 29.9377000,  32.6614000, 35.3851000, -38.0770000, -12.7980000, 7.0780000, 101222.420000,       0,       0,       0
19.530, 0.1585000 , -0.2094000, 9.6744000, 29.9225000,  32.6538000, 35.0800000, -38.3920000, -12.8490000, 7.2240000, 101225.180000,       0,       0,       0
19.540, 0.1453000 , -0.2428000, 9.6744000, 29.9683000,  32.4554000, 34.8206000, -38.1170000, -13.0250000, 6.4240000, 101225.180000,       0,       0,       0
19.550, 0.1489000 , -0.2668000, 9.6756000, 30.0980000,  32.2189000, 34.6298000, -38.2010000, -13.0960000, 6.1520000, 101223.520000,       0,       0,       0
19.560, 0.1633000 , -0.2811000, 9.6780000, 30.1971000,  32.1274000, 34.5306000, -38.4240000, -13.1890000, 6.3520000, 101223.520000,       0,       0,       0
19.570, 0.1776000 , -0.2799000, 9.6804000, 30.1971000,  32.2418000, 34.5078000, -38.3430000, -12.8430000, 6.6850000, 101224.750000,       0,       0,       0
19.580, 0.1860000 , -0.2632000, 9.6828000, 30.0980000,  32.5623000, 34.5230000, -38.5310000, -12.8310000, 6.9920000, 101224.750000,       0,       0,       0
19.590, 0.1800000 , -0.2428000, 9.6828000, 29.9149000,  32.9285000, 34.6451000, -38.1830000, -12.7400000, 6.8400000, 101222.370000,       0,       0,       0
19.600, 0.1633000 , -0.2225000, 9.6804000, 29.7241000,  33.1802000, 34.9045000, -38.3280000, -13.0280000, 6.6390000, 101222.370000,       0,       0,       0
19.610, 0.1477000 , -0.2022000, 9.6744000, 29.5792000,  33.2413000, 35.1944000, -38.2780000, -12.9130000, 6.1390000, 101224.410000,       0,       0,       0
19.620, 0.1430000 , -0.1830000, 9.6672000, 29.5715000,  33.1116000, 35.4080000, -38.1520000, -12.9240000, 6.1630000, 101224.410000,       0,       0,       0
19.630, 0.1501000 , -0.1711000, 9.6636000, 29.7470000,  32.9437000, 35.4614000, -38.3820000, -12.7450000, 6.9760000, 101221.660000,       0,       0,       0
19.640, 0.1585000 , -0.1627000, 9.6660000, 29.9683000,  32.8445000, 35.4004000, -38.4840000, -12.7690000, 7.1040000, 101221.660000,       0,       0,       0
19.650, 0.1705000 , -0.1651000, 9.6696000, 30.0674000,  32.8445000, 35.3012000, -38.5070000, -12.7140000, 6.5190000, 101223.590000,       0,       0,       0
19.660, 0.1776000 , -0.1818000, 9.6744000, 29.9988000,  32.9895000, 35.2783000, -38.4270000, -12.7760000, 6.8580000, 101223.590000,       0,       0,       0
19.670, 0.1741000 , -0.2117000, 9.6780000, 29.8309000,  33.2336000, 35.4156000, -38.6720000, -12.8280000, 6.2100000, 101223.350000,       0,       0,       0
19.680, 0.1633000 , -0.2417000, 9.6792000, 29.6783000,  33.4473000, 35.5911000, -38.3810000, -13.1040000, 6.9290000, 101223.350000,       0,       0,       0
19.690, 0.1501000 , -0.2572000, 9.6768000, 29.6021000,  33.5007000, 35.6445000, -38.5740000, -12.9960000, 7.0000000, 101223.500000,       0,       0,       0
19.700, 0.1394000 , -0.2548000, 9.6744000, 29.5944000,  33.3405000, 35.5377000, -38.4610000, -12.9890000, 6.4290000, 101223.500000,       0,       0,       0
19.710, 0.1298000 , -0.2393000, 9.6732000, 29.6707000,  33.0124000, 35.3851000, -38.2960000, -12.8380000, 6.5920000, 101220.840000,       0,       0,       0
19.720, 0.1286000 , -0.2189000, 9.6732000, 29.7775000,  32.6462000, 35.2859000, -38.6260000, -12.7100000, 7.3160000, 101220.840000,       0,       0,       0
19.730, 0.1370000 , -0.2010000, 9.6744000, 29.8767000,  32.3486000, 35.2554000, -38.5450000, -12.9820000, 6.9800000, 101222.020000,       0,       0,       0
19.740, 0.1525000 , -0.1926000, 9.6756000, 29.9149000,  32.2342000, 35.2707000, -38.3610000, -12.6320000, 6.6510000, 101222.020000,       0,       0,       0
19.750, 0.1669000 , -0.1926000, 9.6780000, 29.8538000,  32.3181000, 35.2936000, -38.1160000, -12.9440000, 6.5070000, 101222.420000,       0,       0,       0
19.760, 0.1705000 , -0.1974000, 9.6804000, 29.6860000,  32.5165000, 35.3317000, -38.4470000, -12.9470000, 6.5230000, 101222.420000,       0,       0,       0
19.770, 0.1645000 , -0.2046000, 9.6780000, 29.4876000,  32.6996000, 35.4004000, -38.1920000, -12.8850000, 6.7080000, 101222.770000,       0,       0,       0
19.780, 0.1513000 , -0.2153000, 9.6744000, 29.3427000,  32.7606000, 35.5301000, -38.3360000, -12.7350000, 6.9890000, 101222.770000,       0,       0,       0
19.790, 0.1382000 , -0.2237000, 9.6708000, 29.3121000,  32.6462000, 35.6903000, -38.3540000, -12.9110000, 7.2920000, 101225.090000,       0,       0,       0
19.800, 0.1322000 , -0.2261000, 9.6684000, 29.3884000,  32.3868000, 35.7971000, -38.2580000, -13.0160000, 6.3690000, 101225.090000,       0,       0,       0
19.810, 0.1442000 , -0.2225000, 9.6672000, 29.5181000,  32.1274000, 35.7819000, -38.4900000, -13.0770000, 6.5110000, 101226.820000,       0,       0,       0
19.820, 0.1633000 , -0.2153000, 9.6696000, 29.6555000,  32.0435000, 35.7056000, -38.2700000, -13.0840000, 6.9910000, 101226.820000,       0,       0,       0
19.830, 0.1812000 , -0.2094000, 9.6732000, 29.7089000,  32.1960000, 35.5988000, -38.3960000, -12.6010000, 6.1250000, 101221.860000,       0,       0,       0
19.840, 0.1932000 , -0.2117000, 9.6756000, 29.6631000,  32.5317000, 35.4996000, -38.4150000, -12.8510000, 6.6110000, 101221.860000,       0,       0,       0
19.850, 0.1872000 , -0.2237000, 9.6780000, 29.5639000,  32.9208000, 35.4385000, -38.4520000, -12.8090000, 6.6050000, 101222.420000,       0,       0,       0
19.860, 0.1729000 , -0.2381000, 9.6792000, 29.4418000,  33.1955000, 35.4538000, -38.2970000, -13.0550000, 6.7140000, 101222.420000,       0,       0,       0
19.870, 0.1513000 , -0.2476000, 9.6768000, 29.3503000,  33.2489000, 35.5072000, -38.2360000, -12.8420000, 6.0650000, 101223.460000,       0,       0,       0
19.880, 0.1358000 , -0.2464000, 9.6720000, 29.3350000,  33.0658000, 35.5377000, -38.1700000, -13.0780000, 6.5510000, 101223.460000,       0,       0,       0
19.890, 0.1310000 , -0.2333000, 9.6672000, 29.4189000,  32.7148000, 35.5148000, -38.2010000, -12.7500000, 6.4940000, 101221.500000,       0,       0,       0
19.900, 0.1370000 , -0.2177000, 9.6660000, 29.5715000,  32.3257000, 35.4691000, -38.1600000, -12.9690000, 6.1360000, 101221.500000,       0,       0,       0
19.910, 0.1537000 , -0.2022000, 9.6660000, 29.7470000,  32.0892000, 35.4385000, -38.3530000, -12.9250000, 6.1690000, 101223.470000,       0,       0,       0
19.920, 0.1741000 , -0.1950000, 9.6708000, 29.8767000,  32.1274000, 35.4462000, -38.5900000, -13.0980000, 6.5870000, 101223.470000,       0,       0,       0
19.930, 0.1884000 , -0.2022000, 9.6792000, 29.8462000,  32.4402000, 35.5225000, -38.3840000, -12.8770000, 5.9860000, 101222.040000,       0,       0,       0
19.940, 0.1944000 , -0.2189000, 9.6852000, 29.6021000,  32.9132000, 35.6445000, -38.7860000, -12.5690000, 6.3220000, 101222.040000,       0,       0,       0
19.950, 0.1884000 , -0.2440000, 9.6840000, 29.3121000,  33.3786000, 35.7361000, -38.3690000, -12.9050000, 6.9140000, 101223.570000,       0,       0,       0
19.960, 0.1717000 , -0.2620000, 9.6804000, 29.1443000,  33.6685000, 35.7742000, -38.6400000, -12.9760000, 6.7760000, 101223.570000,       0,       0,       0
19.970, 0.1394000 , -0.2608000, 9.6744000, 29.2206000,  33.5388000, 35.7590000, -38.2520000, -13.0670000, 6.2170000, 101225.060000,       0,       0,       0
19.980, 0.1310000 , -0.2452000, 9.6708000, 29.3808000,  33.1802000, 35.7285000, -38.4910000, -12.9990000, 6.3430000, 101225.060000,       0,       0,       0
19.990, 0.1394000 , -0.2249000, 9.6684000, 29.5639000,  32.8369000, 35.6674000, -38.4140000, -12.7700000, 6.9690000, 101223.300000,       0,       0,       0
20.000, 0.1597000 , -0.2070000, 9.6708000, 29.7165000,  32.7148000, 35.5835000, -38.7190000, -13.1550000, 6.2640000, 101223.300000,       0,       0,       0
20.010, 0.1788000 , -0.1950000, 9.6768000, 29.7089000,  32.8979000, 35.5530000, -38.2950000, -12.7210000, 6.4220000, 101222.540000,       0,       0,       0
20.020, 0.1836000 , -0.1914000, 9.6804000, 29.5029000,  33.2794000, 35.6216000, -38.2380000, -13.0170000, 5.9030000, 101222.540000,       0,       0,       0
20.030, 0.1753000 , -0.1998000, 9.6816000, 29.1748000,  33.6533000, 35.7742000, -38.2970000, -12.9180000, 6.5060000, 101221.480000,       0,       0,       0
20.040, 0.1561000 , -0.2177000, 9.6780000, 28.8696000,  33.8898000, 35.9879000, -38.4640000, -12.7050000, 6.0480000, 101221.480000,       0,       0,       0
20.050, 0.1310000 , -0.2393000, 9.6732000, 28.7323000,  33.8364000, 36.2015000, -38.1930000, -12.7630000, 6.5320000, 101222.420000,       0,       0,       0
20.060, 0.1154000 , -0.2560000, 9.6672000, 28.8239000,  33.4778000, 36.3312000, -38.1820000, -12.9030000, 6.0250000, 101222.420000,       0,       0,       0
20.070, 0.1154000 , -0.2584000, 9.6624000, 29.1061000,  32.9819000, 36.3464000, -38.1280000, -12.9350000, 6.1520000, 101223.590000,       0,       0,       0
20.080, 0.1262000 , -0.2440000, 9.6624000, 29.5029000,  32.5241000, 36.2167000, -38.6770000, -12.7110000, 6.0080000, 101223.590000,       0,       0,       0
20.090, 0.1453000 , -0.2213000, 9.6660000, 29.8309000,  32.2189000, 35.9497000, -38.3540000, -12.8680000, 6.1440000, 101222.630000,       0,       0,       0
20.100, 0.1669000 , -0.2034000, 9.6708000, 30.0293000,  32.1426000, 35.5911000, -38.3150000, -12.8720000, 6.9650000, 101222.630000,       0,       0,       0
20.110, 0.1812000 , -0.2010000, 9.6756000, 30.1132000,  32.3029000, 35.2249000, -38.2670000, -12.7360000, 5.9270000, 101222.420000,       0,       0,       0
20.120, 0.1812000 , -0.2129000, 9.6780000, 30.1056000,  32.5928000, 34.9121000, -38.4270000, -13.1930000, 7.0500000, 101222.420000,       0,       0,       0
20.130, 0.1705000 , -0.2273000, 9.6780000, 30.0446000,  32.8293000, 34.7137000, -38.6260000, -12.7450000, 6.3900000, 101225.510000,       0,       0,       0
20.140, 0.1525000 , -0.2417000, 9.6744000, 29.9988000,  32.9056000, 34.6222000, -38.0670000, -12.7880000, 6.7870000, 101225.510000,       0,       0,       0
20.150, 0.1346000 , -0.2464000, 9.6708000, 30.0217000,  32.7911000, 34.6603000, -38.3740000, -12.3780000, 6.7180000, 101223.420000,       0,       0,       0
20.160, 0.1262000 , -0.2381000, 9.6684000, 30.1361000,  32.5317000, 34.7595000, -38.2000000, -12.8860000, 5.8980000, 101223.420000,       0,       0,       0
20.170, 0.1334000 , -0.2261000, 9.6708000, 30.2811000,  32.2418000, 34.8358000, -38.2110000, -12.9960000, 6.3800000, 101222.120000,       0,       0,       0
20.180, 0.1489000 , -0.2153000, 9.6732000, 30.3879000,  32.0206000, 34.8129000, -38.2430000, -13.0010000, 5.6510000, 101222.120000,       0,       0,       0
20.190, 0.1669000 , -0.2141000, 9.6780000, 30.4031000,  31.9977000, 34.7366000, -38.2530000, -12.6730000, 6.4750000, 101224.020000,       0,       0,       0
20.200, 0.1800000 , -0.2237000, 9.6816000, 30.2734000,  32.1960000, 34.7137000, -38.6540000, -12.9250000, 6.4170000, 101224.020000,       0,       0,       0
20.210, 0.1848000 , -0.2417000, 9.6840000, 30.0217000,  32.5317000, 34.8206000, -38.2560000, -12.8330000, 6.5980000, 101223.470000,       0,       0,       0
20.220, 0.1776000 , -0.2644000, 9.6816000, 29.7699000,  32.8598000, 35.0113000, -38.3770000, -12.8260000, 6.7980000, 101223.470000,       0,       0,       0
20.230, 0.1633000 , -0.2799000, 9.6768000, 29.6402000,  33.0734000, 35.2173000, -38.2860000, -12.7340000, 5.8150000, 101223.590000,       0,       0,       0
20.240, 0.1501000 , -0.2811000, 9.6732000, 29.6707000,  33.0582000, 35.3241000, -38.3670000, -12.7370000, 5.8030000, 101223.590000,       0,       0,       0
20.250, 0.1430000 , -0.2632000, 9.6708000, 29.8004000,  32.8522000, 35.2859000, -38.1710000, -12.8200000, 6.1790000, 101219.950000,       0,       0,       0
20.260, 0.1442000 , -0.2321000, 9.6684000, 29.9606000,  32.5851000, 35.1028000, -38.4690000, -12.8750000, 6.0740000, 101219.950000,       0,       0,       0
20.270, 0.1489000 , -0.1962000, 9.6684000, 30.0751000,  32.3868000, 34.8969000, -38.2510000, -12.9800000, 6.4340000, 101220.130000,       0,       0,       0
20.280, 0.1597000 , -0.1711000, 9.6696000, 30.1437000,  32.3334000, 34.7519000, -38.4120000, -12.6530000, 5.9280000, 101220.130000,       0,       0,       0
20.290, 0.1705000 , -0.1651000, 9.6732000, 30.1514000,  32.4402000, 34.7061000, -38.2440000, -12.7580000, 6.1610000, 101219.950000,       0,       0,       0
20.300, 0.1729000 , -0.1759000, 9.6780000, 30.0827000,  32.6614000, 34.7977000, -38.5160000, -13.1960000, 6.5960000, 101219.950000,       0,       0,       0
20.310, 0.1669000 , -0.2034000, 9.6792000, 29.8996000,  32.8827000, 35.0266000, -38.0400000, -12.9460000, 7.1560000, 101225.020000,       0,       0,       0
20.320, 0.1597000 , -0.2345000, 9.6792000, 29.7089000,  33.0658000, 35.3241000, -38.6060000, -13.0490000, 6.5480000, 101225.020000,       0,       0,       0
20.330, 0.1537000 , -0.2584000, 9.6768000, 29.6097000,  33.1802000, 35.5682000, -38.0800000, -12.8510000, 6.4410000, 101223.800000,       0,       0,       0
20.340, 0.1489000 , -0.2608000, 9.6744000, 29.6097000,  33.1879000, 35.6674000, -38.3510000, -12.7210000, 6.6200000, 101223.800000,       0,       0,       0
20.350, 0.1465000 , -0.2524000, 9.6708000, 29.6860000,  33.0887000, 35.5682000, -38.0760000, -12.6670000, 6.0650000, 101225.060000,       0,       0,       0
20.360, 0.1513000 , -0.2345000, 9.6684000, 29.8386000,  32.9285000, 35.2783000, -38.3480000, -12.9190000, 6.6200000, 101225.060000,       0,       0,       0
20.370, 0.1561000 , -0.2177000, 9.6684000, 30.0064000,  32.7606000, 34.9045000, -38.1400000, -12.8540000, 6.5680000, 101220.400000,       0,       0,       0
20.380, 0.1573000 , -0.2094000, 9.6696000, 30.1132000,  32.6385000, 34.6298000, -38.3300000, -12.8090000, 6.9410000, 101220.400000,       0,       0,       0
20.390, 0.1549000 , -0.2094000, 9.6708000, 30.1361000,  32.5851000, 34.5764000, -38.0860000, -12.5550000, 6.0700000, 101223.620000,       0,       0,       0
20.400, 0.1537000 , -0.2129000, 9.6732000, 30.1056000,  32.6004000, 34.7900000, -38.3200000, -12.5960000, 6.0460000, 101223.620000,       0,       0,       0
20.410, 0.1585000 , -0.2141000, 9.6756000, 30.0064000,  32.6920000, 35.1562000, -38.3610000, -12.7530000, 6.9060000, 101224.730000,       0,       0,       0
20.420, 0.1621000 , -0.2141000, 9.6768000, 29.8615000,  32.8140000, 35.5148000, -38.2220000, -12.9360000, 6.1140000, 101224.730000,       0,       0,       0
20.430, 0.1645000 , -0.2129000, 9.6756000, 29.7470000,  32.8827000, 35.6979000, -38.2020000, -12.8300000, 6.7720000, 101223.900000,       0,       0,       0
20.440, 0.1657000 , -0.2094000, 9.6720000, 29.7165000,  32.8751000, 35.6369000, -38.1460000, -12.7250000, 6.7150000, 101223.900000,       0,       0,       0
20.450, 0.1657000 , -0.2082000, 9.6684000, 29.7699000,  32.8293000, 35.4233000, -38.2580000, -12.7410000, 6.5970000, 101222.520000,       0,       0,       0
20.460, 0.1621000 , -0.2129000, 9.6684000, 29.8538000,  32.7835000, 35.2173000, -38.3230000, -12.6570000, 6.9840000, 101222.520000,       0,       0,       0
20.470, 0.1621000 , -0.2225000, 9.6708000, 29.9149000,  32.7606000, 35.1486000, -38.3890000, -12.9890000, 6.4250000, 101223.500000,       0,       0,       0
20.480, 0.1609000 , -0.2321000, 9.6744000, 29.8767000,  32.7911000, 35.2554000, -38.5260000, -13.0540000, 5.7490000, 101223.500000,       0,       0,       0
20.490, 0.1585000 , -0.2428000, 9.6768000, 29.6249000,  32.9208000, 35.6827000, -38.2630000, -13.0500000, 6.4160000, 101223.690000,       0,       0,       0
20.500, 0.1561000 , -0.2548000, 9.6732000, 29.4724000,  33.0048000, 36.0413000, -38.2150000, -12.9800000, 6.1120000, 101223.690000,       0,       0,       0
20.510, 0.1525000 , -0.2584000, 9.6696000, 29.5105000,  33.0734000, 36.3159000, -38.1980000, -12.7820000, 6.3460000, 101225.130000,       0,       0,       0
20.520, 0.1489000 , -0.2500000, 9.6684000, 29.7241000,  33.0582000, 36.3770000, -38.3110000, -12.8230000, 7.1110000, 101225.130000,       0,       0,       0
20.530, 0.1525000 , -0.2273000, 9.6720000, 29.9454000,  32.9971000, 36.1786000, -37.8080000, -12.6500000, 6.3380000, 101222.690000,       0,       0,       0
20.540, 0.1561000 , -0.2046000, 9.6744000, 30.0674000,  32.9514000, 35.7819000, -38.0110000, -13.1620000, 6.2310000, 101222.690000,       0,       0,       0
20.550, 0.1573000 , -0.1890000, 9.6768000, 30.0598000,  32.9514000, 35.3699000, -38.3990000, -12.6610000, 6.2020000, 101223.380000,       0,       0,       0
20.560, 0.1525000 , -0.1818000, 9.6768000, 29.9759000,  32.9819000, 35.1486000, -38.1410000, -12.8980000, 5.7550000, 101223.380000,       0,       0,       0
20.570, 0.1465000 , -0.1854000, 9.6780000, 29.8538000,  32.9971000, 35.1868000, -38.1290000, -12.6990000, 6.4220000, 101224.900000,       0,       0,       0
20.580, 0.1418000 , -0.1974000, 9.6768000, 29.7623000,  32.9819000, 35.3622000, -38.2430000, -12.7850000, 6.1200000, 101224.900000,       0,       0,       0
20.590, 0.1370000 , -0.2105000, 9.6756000, 29.7241000,  32.8827000, 35.5148000, -38.1670000, -12.7590000, 6.4990000, 101223.900000,       0,       0,       0
20.600, 0.1382000 , -0.2189000, 9.6732000, 29.7623000,  32.7072000, 35.5377000, -38.2420000, -13.0710000, 6.0340000, 101223.900000,       0,       0,       0
20.610, 0.1477000 , -0.2285000, 9.6732000, 29.8767000,  32.5699000, 35.4233000, -38.1360000, -12.9070000, 6.1530000, 101225.500000,       0,       0,       0
20.620, 0.1645000 , -0.2333000, 9.6732000, 30.0598000,  32.5623000, 35.1791000, -38.1790000, -12.9860000, 5.9040000, 101225.500000,       0,       0,       0
20.630, 0.1776000 , -0.2345000, 9.6732000, 30.1971000,  32.7377000, 34.8663000, -38.2530000, -12.7600000, 4.9770000, 101220.040000,       0,       0,       0
20.640, 0.1812000 , -0.2345000, 9.6756000, 30.2048000,  33.0429000, 34.5993000, -38.3360000, -12.5690000, 5.5140000, 101220.040000,       0,       0,       0
20.650, 0.1753000 , -0.2369000, 9.6768000, 30.1208000,  33.3557000, 34.5001000, -38.3660000, -13.1960000, 5.7030000, 101223.900000,       0,       0,       0
20.660, 0.1609000 , -0.2381000, 9.6780000, 29.9988000,  33.5922000, 34.6222000, -38.3760000, -12.9910000, 5.9740000, 101223.900000,       0,       0,       0
20.670, 0.1442000 , -0.2321000, 9.6780000, 29.8538000,  33.6456000, 34.8816000, -38.3450000, -12.6710000, 6.0710000, 101225.410000,       0,       0,       0
20.680, 0.1286000 , -0.2225000, 9.6756000, 29.7012000,  33.5083000, 35.1562000, -38.2080000, -12.7280000, 6.0620000, 101225.410000,       0,       0,       0
20.690, 0.1178000 , -0.2129000, 9.6744000, 29.5792000,  33.1955000, 35.3851000, -38.2710000, -12.8060000, 6.3650000, 101223.900000,       0,       0,       0
20.700, 0.1202000 , -0.2022000, 9.6744000, 29.4952000,  32.8293000, 35.5072000, -38.4890000, -12.5140000, 5.8280000, 101223.900000,       0,       0,       0
20.710, 0.1310000 , -0.1902000, 9.6732000, 29.4418000,  32.5394000, 35.5453000, -38.2560000, -12.6110000, 5.3300000, 101224.050000,       0,       0,       0
20.720, 0.1465000 , -0.1878000, 9.6720000, 29.4647000,  32.4478000, 35.5606000, -38.2310000, -12.8590000, 5.7720000, 101224.050000,       0,       0,       0
20.730, 0.1585000 , -0.1986000, 9.6696000, 29.6555000,  32.5623000, 35.5835000, -38.3580000, -12.7500000, 5.7180000, 101222.740000,       0,       0,       0
20.740, 0.1633000 , -0.2189000, 9.6684000, 29.9835000,  32.7682000, 35.5835000, -38.4270000, -13.0770000, 5.9570000, 101222.740000,       0,       0,       0
20.750, 0.1597000 , -0.2381000, 9.6696000, 30.3268000,  32.9208000, 35.4767000, -38.4220000, -12.6690000, 6.8450000, 101222.420000,       0,       0,       0
20.760, 0.1465000 , -0.2452000, 9.6720000, 30.5634000,  32.9361000, 35.2936000, -38.4400000, -12.5590000, 6.2890000, 101222.420000,       0,       0,       0
20.770, 0.1370000 , -0.2333000, 9.6756000, 30.6244000,  32.8293000, 35.1334000, -38.0710000, -12.8490000, 6.4400000, 101223.850000,       0,       0,       0
20.780, 0.1382000 , -0.2046000, 9.6768000, 30.5328000,  32.6920000, 35.0952000, -38.4470000, -12.9400000, 6.4640000, 101223.850000,       0,       0,       0
20.790, 0.1465000 , -0.1735000, 9.6792000, 30.3116000,  32.6004000, 35.1868000, -38.1940000, -12.9080000, 6.4840000, 101223.800000,       0,       0,       0
20.800, 0.1549000 , -0.1471000, 9.6816000, 29.9606000,  32.6309000, 35.3394000, -38.3630000, -12.5160000, 6.0400000, 101223.800000,       0,       0,       0
20.810, 0.1633000 , -0.1364000, 9.6816000, 29.5410000,  32.7911000, 35.4462000, -38.1550000, -12.8830000, 6.3750000, 101223.900000,       0,       0,       0
20.820, 0.1585000 , -0.1591000, 9.6816000, 29.1595000,  33.0048000, 35.5682000, -38.3190000, -12.9470000, 6.6080000, 101223.900000,       0,       0,       0
20.830, 0.1453000 , -0.2046000, 9.6792000, 28.9536000,  33.1116000, 35.7513000, -38.3590000, -12.9810000, 6.3840000, 101221.970000,       0,       0,       0
20.840, 0.1358000 , -0.2536000, 9.6768000, 28.9688000,  33.0887000, 35.9268000, -38.3090000, -12.8210000, 6.2700000, 101221.970000,       0,       0,       0
20.850, 0.1298000 , -0.2931000, 9.6732000, 29.1367000,  32.9437000, 35.9802000, -38.2430000, -12.8130000, 6.1070000, 101223.770000,       0,       0,       0
20.860, 0.1310000 , -0.3086000, 9.6708000, 29.3884000,  32.6996000, 35.8353000, -37.9090000, -12.8670000, 6.3320000, 101223.770000,       0,       0,       0
20.870, 0.1382000 , -0.2967000, 9.6708000, 29.6555000,  32.4860000, 35.5301000, -37.9260000, -12.7180000, 6.3990000, 101223.900000,       0,       0,       0
20.880, 0.1477000 , -0.2608000, 9.6708000, 29.8843000,  32.3868000, 35.2173000, -38.1750000, -13.0400000, 6.9860000, 101223.900000,       0,       0,       0
20.890, 0.1549000 , -0.2129000, 9.6732000, 30.0217000,  32.3868000, 35.0037000, -38.0620000, -12.7120000, 6.9870000, 101220.380000,       0,       0,       0
20.900, 0.1633000 , -0.1711000, 9.6756000, 30.0522000,  32.5089000, 34.9426000, -38.3210000, -12.7770000, 6.5300000, 101220.380000,       0,       0,       0
20.910, 0.1657000 , -0.1507000, 9.6780000, 29.9759000,  32.6843000, 34.9731000, -38.2400000, -12.5730000, 5.9110000, 101222.320000,       0,       0,       0
20.920, 0.1693000 , -0.1531000, 9.6804000, 29.8309000,  32.9361000, 35.0266000, -38.3670000, -12.8310000, 6.0470000, 101222.320000,       0,       0,       0
20.930, 0.1693000 , -0.1794000, 9.6792000, 29.6860000,  33.2489000, 35.0647000, -38.3500000, -12.9130000, 6.2150000, 101223.900000,       0,       0,       0
20.940, 0.1585000 , -0.2201000, 9.6768000, 29.6555000,  33.5236000, 35.0800000, -38.2770000, -12.7610000, 5.8720000, 101223.900000,       0,       0,       0
20.950, 0.1465000 , -0.2548000, 9.6744000, 29.7546000,  33.6685000, 35.0266000, -38.2900000, -12.5660000, 6.7660000, 101223.620000,       0,       0,       0
20.960, 0.1370000 , -0.2692000, 9.6708000, 29.9301000,  33.6380000, 34.8816000, -38.1570000, -12.4470000, 6.7960000, 101223.620000,       0,       0,       0
20.970, 0.1274000 , -0.2656000, 9.6696000, 30.1361000,  33.4473000, 34.6832000, -38.2290000, -12.7700000, 6.9080000, 101222.500000,       0,       0,       0
20.980, 0.1178000 , -0.2464000, 9.6696000, 30.3116000,  33.1039000, 34.5535000, -38.7350000, -12.3170000, 6.7280000, 101222.500000,       0,       0,       0
20.990, 0.1178000 , -0.2165000, 9.6708000, 30.3955000,  32.7072000, 34.5306000, -38.2760000, -12.5800000, 6.6020000, 101222.060000,       0,       0,       0
21.000, 0.1262000 , -0.1902000, 9.6732000, 30.3650000,  32.4249000, 34.6298000, -38.2010000, -12.9570000, 6.1470000, 101222.060000,       0,       0,       0
21.010, 0.1370000 , -0.1759000, 9.6780000, 30.2429000,  32.2800000, 34.8053000, -38.3350000, -12.7700000, 6.5570000, 101221.800000,       0,       0,       0
21.020, 0.1525000 , -0.1759000, 9.6804000, 30.0217000,  32.2876000, 34.9579000, -38.4050000, -13.0330000, 6.4650000, 101221.800000,       0,       0,       0
21.030, 0.1633000 , -0.2022000, 9.6816000, 29.6555000,  32.5623000, 35.0800000, -38.1170000, -12.9170000, 6.5630000, 101223.900000,       0,       0,       0
21.040, 0.1609000 , -0.2225000, 9.6804000, 29.4724000,  32.7759000, 35.1639000, -38.1130000, -12.6740000, 6.4760000, 101223.900000,       0,       0,       0
21.050, 0.1513000 , -0.2381000, 9.6768000, 29.3655000,  32.9437000, 35.2478000, -38.1490000, -12.7690000, 5.9570000, 101221.800000,       0,       0,       0
21.060, 0.1406000 , -0.2417000, 9.6720000, 29.3732000,  32.9742000, 35.2783000, -38.0690000, -12.8900000, 6.1640000, 101221.800000,       0,       0,       0
21.070, 0.1322000 , -0.2309000, 9.6672000, 29.4800000,  32.8751000, 35.2173000, -38.0940000, -13.0370000, 6.1750000, 101223.490000,       0,       0,       0
21.080, 0.1274000 , -0.2105000, 9.6660000, 29.6555000,  32.6920000, 35.0952000, -38.1340000, -12.7180000, 6.1200000, 101223.490000,       0,       0,       0
21.090, 0.1298000 , -0.1842000, 9.6660000, 29.8462000,  32.4783000, 34.9808000, -38.0870000, -12.5920000, 6.1890000, 101223.800000,       0,       0,       0
21.100, 0.1406000 , -0.1675000, 9.6696000, 29.9606000,  32.3257000, 34.9274000, -38.0380000, -12.6440000, 6.5750000, 101223.800000,       0,       0,       0
21.110, 0.1501000 , -0.1639000, 9.6744000, 29.9530000,  32.3486000, 34.9960000, -38.2330000, -12.5740000, 6.5230000, 101223.480000,       0,       0,       0
21.120, 0.1585000 , -0.1759000, 9.6780000, 29.8538000,  32.5165000, 35.1562000, -38.2670000, -12.7020000, 6.3610000, 101223.480000,       0,       0,       0
21.130, 0.1609000 , -0.1950000, 9.6804000, 29.7089000,  32.7301000, 35.3470000, -38.1330000, -12.8320000, 6.0150000, 101223.480000,       0,       0,       0
21.140, 0.1561000 , -0.2141000, 9.6816000, 29.5410000,  32.9437000, 35.4919000, -38.1790000, -12.7200000, 6.2200000, 101223.480000,       0,       0,       0
21.150, 0.1501000 , -0.2285000, 9.6816000, 29.3961000,  33.0963000, 35.5377000, -38.2740000, -12.7080000, 6.5160000, 101223.620000,       0,       0,       0
21.160, 0.1406000 , -0.2345000, 9.6780000, 29.3732000,  33.0963000, 35.4767000, -38.6150000, -12.7760000, 6.8200000, 101223.620000,       0,       0,       0
21.170, 0.1334000 , -0.2309000, 9.6720000, 29.5181000,  32.9514000, 35.3317000, -38.5710000, -12.8280000, 6.5080000, 101220.380000,       0,       0,       0
21.180, 0.1310000 , -0.2165000, 9.6696000, 29.7546000,  32.7225000, 35.1639000, -38.2920000, -12.8620000, 6.5140000, 101220.380000,       0,       0,       0
21.190, 0.1322000 , -0.1962000, 9.6732000, 29.9149000,  32.5089000, 35.0647000, -38.3320000, -12.6730000, 6.5950000, 101223.840000,       0,       0,       0
21.200, 0.1430000 , -0.1830000, 9.6768000, 29.8996000,  32.4249000, 35.1105000, -38.0330000, -12.7100000, 6.7020000, 101223.840000,       0,       0,       0
21.210, 0.1525000 , -0.1842000, 9.6792000, 29.7852000,  32.4707000, 35.2402000, -38.4210000, -12.8560000, 5.4860000, 101222.500000,       0,       0,       0
21.220, 0.1561000 , -0.2010000, 9.6780000, 29.6936000,  32.5928000, 35.3775000, -38.0280000, -12.9780000, 5.7590000, 101222.500000,       0,       0,       0
21.230, 0.1537000 , -0.2189000, 9.6768000, 29.6478000,  32.6920000, 35.4538000, -38.1630000, -12.7680000, 5.9470000, 101223.800000,       0,       0,       0
21.240, 0.1501000 , -0.2333000, 9.6756000, 29.6173000,  32.7072000, 35.4309000, -38.2960000, -12.6520000, 6.1600000, 101223.800000,       0,       0,       0
21.250, 0.1453000 , -0.2357000, 9.6732000, 29.5868000,  32.6843000, 35.3699000, -38.2740000, -12.6580000, 6.4150000, 101225.250000,       0,       0,       0
21.260, 0.1406000 , -0.2285000, 9.6708000, 29.5792000,  32.6233000, 35.3699000, -38.4050000, -12.5590000, 6.0380000, 101225.250000,       0,       0,       0
21.270, 0.1442000 , -0.2141000, 9.6696000, 29.6021000,  32.5699000, 35.4614000, -38.2550000, -12.4950000, 6.1980000, 101223.380000,       0,       0,       0
21.280, 0.1525000 , -0.2022000, 9.6720000, 29.6326000,  32.6233000, 35.5988000, -38.4810000, -12.8010000, 6.2540000, 101223.380000,       0,       0,       0
21.290, 0.1621000 , -0.1998000, 9.6732000, 29.6097000,  32.7301000, 35.6827000, -38.5100000, -12.7590000, 6.1450000, 101223.130000,       0,       0,       0
21.300, 0.1645000 , -0.2117000, 9.6744000, 29.5410000,  32.8522000, 35.6369000, -38.3680000, -12.8670000, 6.2780000, 101223.130000,       0,       0,       0
21.310, 0.1573000 , -0.2357000, 9.6756000, 29.4800000,  32.9361000, 35.5301000, -38.5830000, -12.4300000, 6.6030000, 101223.380000,       0,       0,       0
21.320, 0.1465000 , -0.2548000, 9.6756000, 29.4571000,  32.9437000, 35.4385000, -38.5610000, -12.7090000, 5.9760000, 101223.380000,       0,       0,       0
21.330, 0.1370000 , -0.2596000, 9.6756000, 29.4495000,  32.8751000, 35.4309000, -38.5220000, -12.7120000, 6.4280000, 101220.210000,       0,       0,       0
21.340, 0.1298000 , -0.2512000, 9.6744000, 29.4571000,  32.7072000, 35.4614000, -38.5140000, -13.0220000, 6.2410000, 101220.210000,       0,       0,       0
21.350, 0.1334000 , -0.2285000, 9.6708000, 29.5029000,  32.5241000, 35.4538000, -38.6040000, -12.8600000, 6.4420000, 101223.820000,       0,       0,       0
21.360, 0.1430000 , -0.2010000, 9.6708000, 29.5639000,  32.4097000, 35.4004000, -38.6800000, -12.9150000, 6.8210000, 101223.820000,       0,       0,       0
21.370, 0.1513000 , -0.1747000, 9.6708000, 29.6097000,  32.3410000, 35.3241000, -38.4740000, -12.7080000, 6.2880000, 101223.950000,       0,       0,       0
21.380, 0.1561000 , -0.1579000, 9.6720000, 29.6097000,  32.3410000, 35.3012000, -38.3520000, -13.1160000, 6.2410000, 101223.950000,       0,       0,       0
21.390, 0.1573000 , -0.1543000, 9.6732000, 29.5334000,  32.4402000, 35.4004000, -38.3690000, -12.8890000, 5.8530000, 101222.420000,       0,       0,       0
21.400, 0.1561000 , -0.1699000, 9.6756000, 29.4266000,  32.5699000, 35.5988000, -38.3800000, -12.8220000, 6.3990000, 101222.420000,       0,       0,       0
21.410, 0.1525000 , -0.2046000, 9.6756000, 29.3808000,  32.6614000, 35.7666000, -38.2830000, -12.8960000, 6.3250000, 101224.120000,       0,       0,       0
21.420, 0.1513000 , -0.2476000, 9.6768000, 29.4113000,  32.6920000, 35.7742000, -38.3930000, -12.7130000, 6.8020000, 101224.120000,       0,       0,       0
21.430, 0.1549000 , -0.2799000, 9.6768000, 29.4876000,  32.6920000, 35.6140000, -38.4330000, -12.8610000, 6.2090000, 101224.120000,       0,       0,       0
21.440, 0.1597000 , -0.2991000, 9.6756000, 29.6097000,  32.7148000, 35.3394000, -38.5050000, -12.6960000, 5.2900000, 101224.120000,       0,       0,       0
21.450, 0.1609000 , -0.2955000, 9.6756000, 29.7775000,  32.7606000, 35.0876000, -38.6460000, -12.6500000, 5.9620000, 101223.260000,       0,       0,       0
21.460, 0.1585000 , -0.2692000, 9.6768000, 29.9072000,  32.8064000, 34.9121000, -38.6220000, -12.8130000, 6.8430000, 101223.260000,       0,       0,       0
21.470, 0.1525000 , -0.2321000, 9.6768000, 29.9530000,  32.8064000, 34.8206000, -38.7180000, -13.0180000, 6.2260000, 101224.140000,       0,       0,       0
21.480, 0.1489000 , -0.1962000, 9.6744000, 29.9454000,  32.7454000, 34.7824000, -38.5960000, -12.5860000, 6.7590000, 101224.140000,       0,       0,       0
21.490, 0.1465000 , -0.1723000, 9.6744000, 29.9072000,  32.6385000, 34.8282000, -38.4060000, -12.9410000, 6.3710000, 101224.210000,       0,       0,       0
21.500, 0.1465000 , -0.1615000, 9.6744000, 29.8233000,  32.5394000, 34.9884000, -38.5490000, -12.8050000, 6.5390000, 101224.210000,       0,       0,       0
21.510, 0.1525000 , -0.1699000, 9.6744000, 29.6707000,  32.5317000, 35.2631000, -38.4350000, -12.8910000, 6.2970000, 101220.040000,       0,       0,       0
21.520, 0.1609000 , -0.1962000, 9.6744000, 29.4800000,  32.6767000, 35.6216000, -38.3960000, -13.0090000, 6.3000000, 101220.040000,       0,       0,       0
21.530, 0.1645000 , -0.2273000, 9.6744000, 29.3198000,  32.9208000, 35.9268000, -38.3250000, -13.0600000, 6.0410000, 101223.800000,       0,       0,       0
21.540, 0.1621000 , -0.2524000, 9.6720000, 29.2892000,  33.1345000, 36.0260000, -38.6680000, -12.7510000, 6.3190000, 101223.800000,       0,       0,       0
21.550, 0.1525000 , -0.2608000, 9.6684000, 29.4037000,  33.1802000, 35.8658000, -38.5450000, -12.8000000, 6.1200000, 101223.490000,       0,       0,       0
21.560, 0.1394000 , -0.2548000, 9.6672000, 29.6097000,  33.0200000, 35.5682000, -38.6720000, -12.9420000, 6.1450000, 101223.490000,       0,       0,       0
21.570, 0.1250000 , -0.2297000, 9.6672000, 29.8386000,  32.6767000, 35.3088000, -38.5900000, -12.8090000, 5.8750000, 101222.910000,       0,       0,       0
21.580, 0.1238000 , -0.2022000, 9.6684000, 30.0369000,  32.2495000, 35.1944000, -38.7860000, -12.6900000, 5.9200000, 101222.910000,       0,       0,       0
21.590, 0.1406000 , -0.1842000, 9.6708000, 30.1514000,  31.9214000, 35.1944000, -38.4130000, -12.6170000, 6.1170000, 101224.120000,       0,       0,       0
21.600, 0.1657000 , -0.1794000, 9.6756000, 30.1437000,  31.8604000, 35.2020000, -38.5140000, -12.6830000, 6.4750000, 101224.120000,       0,       0,       0
21.610, 0.1860000 , -0.1890000, 9.6804000, 29.9911000,  32.1274000, 35.2173000, -38.3570000, -12.6400000, 5.3110000, 101226.900000,       0,       0,       0
21.620, 0.1908000 , -0.2249000, 9.6816000, 29.6402000,  32.8140000, 35.2325000, -38.5720000, -12.7190000, 5.0950000, 101226.900000,       0,       0,       0
21.630, 0.1776000 , -0.2548000, 9.6768000, 29.4800000,  33.1879000, 35.2173000, -38.4410000, -12.6170000, 5.4990000, 101226.960000,       0,       0,       0
21.640, 0.1525000 , -0.2704000, 9.6720000, 29.4647000,  33.3176000, 35.2020000, -38.5920000, -12.6100000, 5.3720000, 101226.960000,       0,       0,       0
21.650, 0.1310000 , -0.2692000, 9.6672000, 29.5944000,  33.1039000, 35.1944000, -38.5990000, -12.7330000, 5.4730000, 101222.500000,       0,       0,       0
21.660, 0.1250000 , -0.2512000, 9.6648000, 29.8538000,  32.6614000, 35.1791000, -38.6170000, -13.0740000, 5.4650000, 101222.500000,       0,       0,       0
21.670, 0.1394000 , -0.2189000, 9.6660000, 30.0980000,  32.2723000, 35.1562000, -38.5330000, -12.6590000, 5.5420000, 101222.610000,       0,       0,       0
21.680, 0.1597000 , -0.1902000, 9.6732000, 30.1590000,  32.1121000, 35.1715000, -38.7400000, -12.6240000, 5.4830000, 101222.610000,       0,       0,       0
21.690, 0.1812000 , -0.1782000, 9.6792000, 29.9835000,  32.2418000, 35.2554000, -38.7690000, -12.6160000, 5.5890000, 101222.500000,       0,       0,       0
21.700, 0.1896000 , -0.1890000, 9.6816000, 29.6860000,  32.5928000, 35.3546000, -38.7210000, -12.5320000, 5.9780000, 101222.500000,       0,       0,       0
21.710, 0.1788000 , -0.2213000, 9.6816000, 29.4266000,  32.9895000, 35.4309000, -38.3610000, -12.3430000, 5.4950000, 101223.950000,       0,       0,       0
21.720, 0.1657000 , -0.2560000, 9.6780000, 29.3045000,  33.2184000, 35.4843000, -38.7210000, -12.6470000, 5.4560000, 101223.950000,       0,       0,       0
21.730, 0.1537000 , -0.2775000, 9.6708000, 29.3961000,  33.2260000, 35.4385000, -38.8130000, -12.4870000, 5.8460000, 101224.210000,       0,       0,       0
21.740, 0.1477000 , -0.2811000, 9.6660000, 29.6707000,  33.1039000, 35.3012000, -38.5960000, -12.8870000, 5.3310000, 101224.210000,       0,       0,       0
21.750, 0.1501000 , -0.2656000, 9.6648000, 30.0140000,  32.9590000, 35.0723000, -38.4820000, -12.8660000, 5.3300000, 101223.060000,       0,       0,       0
21.760, 0.1573000 , -0.2381000, 9.6660000, 30.3345000,  32.8674000, 34.7595000, -38.6240000, -12.8450000, 5.8040000, 101223.060000,       0,       0,       0
21.770, 0.1633000 , -0.2105000, 9.6696000, 30.5328000,  32.8598000, 34.3781000, -38.3130000, -12.7400000, 5.9860000, 101221.620000,       0,       0,       0
21.780, 0.1609000 , -0.1974000, 9.6720000, 30.5786000,  32.8445000, 34.0042000, -38.9030000, -13.1020000, 6.8380000, 101221.620000,       0,       0,       0
21.790, 0.1561000 , -0.1998000, 9.6720000, 30.5557000,  32.8598000, 33.6990000, -38.4120000, -13.0050000, 6.1810000, 101220.040000,       0,       0,       0
21.800, 0.1549000 , -0.2105000, 9.6720000, 30.6015000,  32.9056000, 33.5007000, -38.7030000, -12.8370000, 6.0800000, 101220.040000,       0,       0,       0
21.810, 0.1525000 , -0.2189000, 9.6720000, 30.7312000,  32.9361000, 33.4015000, -38.7890000, -12.6930000, 6.2910000, 101220.140000,       0,       0,       0
21.820, 0.1513000 , -0.2237000, 9.6708000, 30.8838000,  32.9819000, 33.3710000, -38.6620000, -12.4730000, 6.3580000, 101220.140000,       0,       0,       0
21.830, 0.1465000 , -0.2129000, 9.6720000, 31.0287000,  32.9819000, 33.3481000, -39.1410000, -12.4510000, 5.9380000, 101224.120000,       0,       0,       0
21.840, 0.1477000 , -0.2046000, 9.6684000, 31.2119000,  32.9819000, 33.3176000, -38.7820000, -12.7650000, 5.5610000, 101224.120000,       0,       0,       0
21.850, 0.1382000 , -0.1914000, 9.6636000, 31.5399000,  32.7835000, 33.2336000, -38.7360000, -12.6690000, 6.5910000, 101221.620000,       0,       0,       0
21.860, 0.1394000 , -0.1794000, 9.6660000, 31.7993000,  32.3868000, 33.1955000, -38.7960000, -12.7440000, 6.9270000, 101221.620000,       0,       0,       0
21.870, 0.1525000 , -0.1699000, 9.6732000, 31.7230000,  32.2571000, 33.3862000, -38.7940000, -12.8360000, 6.7350000, 101223.820000,       0,       0,       0
21.880, 0.1729000 , -0.1675000, 9.6804000, 31.4102000,  32.3563000, 33.7830000, -38.7470000, -12.6440000, 6.4380000, 101223.820000,       0,       0,       0
21.890, 0.1896000 , -0.1723000, 9.6828000, 31.0364000,  32.7225000, 34.2255000, -38.9980000, -12.5730000, 7.6340000, 101220.440000,       0,       0,       0
21.900, 0.1896000 , -0.1747000, 9.6804000, 30.6396000,  33.2184000, 34.5688000, -38.8420000, -12.2430000, 6.3250000, 101220.440000,       0,       0,       0
21.910, 0.1729000 , -0.1651000, 9.6780000, 30.2124000,  33.5541000, 34.8282000, -38.9560000, -12.4080000, 6.3860000, 101220.250000,       0,       0,       0
21.920, 0.1501000 , -0.1591000, 9.6756000, 29.8157000,  33.6609000, 35.1334000, -39.2490000, -12.3730000, 6.2990000, 101220.250000,       0,       0,       0
21.930, 0.1274000 , -0.1675000, 9.6732000, 29.5868000,  33.4930000, 35.5606000, -38.7950000, -12.5920000, 5.8560000, 101223.060000,       0,       0,       0
21.940, 0.1178000 , -0.1818000, 9.6696000, 29.5792000,  33.1497000, 35.9421000, -38.8470000, -12.6370000, 6.2130000, 101223.060000,       0,       0,       0
21.950, 0.1238000 , -0.1926000, 9.6696000, 29.6783000,  32.7682000, 36.0718000, -38.5900000, -12.6220000, 6.1550000, 101223.060000,       0,       0,       0
21.960, 0.1370000 , -0.2022000, 9.6720000, 29.7775000,  32.4173000, 35.9192000, -38.8500000, -12.6110000, 6.8030000, 101223.060000,       0,       0,       0
21.970, 0.1525000 , -0.2105000, 9.6756000, 29.8309000,  32.2495000, 35.6445000, -38.8140000, -12.7910000, 6.6270000, 101223.980000,       0,       0,       0
21.980, 0.1633000 , -0.2117000, 9.6756000, 29.8004000,  32.3029000, 35.4767000, -38.9940000, -12.7190000, 6.4370000, 101223.980000,       0,       0,       0
21.990, 0.1705000 , -0.1998000, 9.6768000, 29.6936000,  32.5623000, 35.5377000, -38.7590000, -12.4620000, 6.6910000, 101223.980000,       0,       0,       0
22.000, 0.1681000 , -0.1866000, 9.6792000, 29.4952000,  32.9361000, 35.8353000, -38.6430000, -12.2950000, 6.5710000, 101223.980000,       0,       0,       0
22.010, 0.1549000 , -0.1806000, 9.6792000, 29.2740000,  33.2260000, 36.2244000, -38.7460000, -12.5350000, 6.2750000, 101222.270000,       0,       0,       0
22.020, 0.1418000 , -0.1854000, 9.6744000, 29.1367000,  33.3252000, 36.5067000, -38.9090000, -12.9420000, 6.4220000, 101222.270000,       0,       0,       0
22.030, 0.1298000 , -0.1950000, 9.6684000, 29.1824000,  33.1879000, 36.5143000, -39.1640000, -12.6680000, 6.3280000, 101222.180000,       0,       0,       0
22.040, 0.1262000 , -0.2034000, 9.6636000, 29.4342000,  32.8293000, 36.2167000, -38.8020000, -12.7770000, 6.5940000, 101222.180000,       0,       0,       0
22.050, 0.1322000 , -0.2094000, 9.6624000, 29.8233000,  32.4097000, 35.7590000, -39.0420000, -12.9110000, 6.2640000, 101223.160000,       0,       0,       0
22.060, 0.1501000 , -0.2105000, 9.6660000, 30.1666000,  32.1579000, 35.3699000, -38.7520000, -12.6910000, 6.3800000, 101223.160000,       0,       0,       0
22.070, 0.1693000 , -0.1998000, 9.6720000, 30.2811000,  32.1732000, 35.2020000, -38.6950000, -12.4850000, 6.6000000, 101223.410000,       0,       0,       0
22.080, 0.1872000 , -0.1818000, 9.6792000, 30.0751000,  32.5317000, 35.2936000, -38.9410000, -12.9170000, 6.1580000, 101223.410000,       0,       0,       0
22.090, 0.1896000 , -0.1699000, 9.6816000, 29.6783000,  33.1039000, 35.5759000, -38.6250000, -12.5580000, 6.2610000, 101222.910000,       0,       0,       0
22.100, 0.1729000 , -0.1747000, 9.6804000, 29.3121000,  33.5693000, 35.8963000, -38.4220000, -12.9560000, 6.1980000, 101222.910000,       0,       0,       0
22.110, 0.1465000 , -0.1902000, 9.6744000, 29.1595000,  33.7296000, 36.0870000, -38.6490000, -12.8100000, 5.9180000, 101221.710000,       0,       0,       0
22.120, 0.1226000 , -0.2022000, 9.6684000, 29.2587000,  33.4854000, 36.0565000, -38.6540000, -12.9320000, 5.7710000, 101221.710000,       0,       0,       0
22.130, 0.1095000 , -0.2046000, 9.6660000, 29.5181000,  32.9590000, 35.8887000, -38.3800000, -12.6120000, 6.5550000, 101223.690000,       0,       0,       0
22.140, 0.1142000 , -0.1998000, 9.6672000, 29.7852000,  32.4249000, 35.6903000, -38.8640000, -12.7330000, 5.7200000, 101223.690000,       0,       0,       0
22.150, 0.1298000 , -0.1854000, 9.6708000, 29.9454000,  32.0740000, 35.5453000, -38.8310000, -12.7570000, 6.0690000, 101222.170000,       0,       0,       0
22.160, 0.1501000 , -0.1675000, 9.6744000, 29.9149000,  31.9901000, 35.4767000, -38.7170000, -12.8010000, 6.5560000, 101222.170000,       0,       0,       0
22.170, 0.1693000 , -0.1567000, 9.6756000, 29.6249000,  32.2800000, 35.5911000, -38.6880000, -12.5920000, 6.7730000, 101223.120000,       0,       0,       0
22.180, 0.1705000 , -0.1699000, 9.6744000, 29.4266000,  32.5394000, 35.7895000, -38.5100000, -12.9880000, 6.8090000, 101223.120000,       0,       0,       0
22.190, 0.1633000 , -0.1926000, 9.6732000, 29.2587000,  32.7530000, 36.0107000, -38.3200000, -12.7250000, 5.7300000, 101222.530000,       0,       0,       0
22.200, 0.1597000 , -0.2165000, 9.6708000, 29.1901000,  32.8674000, 36.1176000, -38.8950000, -12.5480000, 6.4340000, 101222.530000,       0,       0,       0
22.210, 0.1597000 , -0.2345000, 9.6708000, 29.2664000,  32.9208000, 36.0031000, -38.8430000, -12.7470000, 6.5980000, 101220.280000,       0,       0,       0
22.220, 0.1597000 , -0.2405000, 9.6696000, 29.4342000,  32.9437000, 35.6903000, -38.6790000, -12.6400000, 6.4830000, 101220.280000,       0,       0,       0
22.230, 0.1573000 , -0.2333000, 9.6696000, 29.6173000,  32.9590000, 35.2936000, -38.7410000, -12.4380000, 6.3330000, 101225.550000,       0,       0,       0
22.240, 0.1513000 , -0.2177000, 9.6708000, 29.7394000,  32.9514000, 35.0113000, -38.7190000, -12.8020000, 6.5200000, 101225.550000,       0,       0,       0
22.250, 0.1465000 , -0.2022000, 9.6720000, 29.8080000,  32.9208000, 34.9503000, -38.7550000, -12.0840000, 6.0140000, 101224.210000,       0,       0,       0
22.260, 0.1406000 , -0.1842000, 9.6720000, 29.8157000,  32.8445000, 35.0952000, -39.1510000, -12.2320000, 6.5960000, 101224.210000,       0,       0,       0
22.270, 0.1370000 , -0.1723000, 9.6720000, 29.7394000,  32.7225000, 35.3470000, -38.8610000, -12.3860000, 6.3250000, 101224.040000,       0,       0,       0
22.280, 0.1358000 , -0.1675000, 9.6720000, 29.6326000,  32.5623000, 35.5530000, -38.9460000, -12.5780000, 6.4330000, 101224.040000,       0,       0,       0
22.290, 0.1382000 , -0.1747000, 9.6708000, 29.5868000,  32.3715000, 35.6216000, -39.0700000, -12.6160000, 6.5630000, 101224.210000,       0,       0,       0
22.300, 0.1453000 , -0.1878000, 9.6708000, 29.6173000,  32.1732000, 35.5301000, -39.1400000, -12.6140000, 5.7700000, 101224.210000,       0,       0,       0
22.310, 0.1549000 , -0.1962000, 9.6708000, 29.6326000,  32.0435000, 35.3622000, -38.9180000, -12.8450000, 6.3670000, 101223.060000,       0,       0,       0
22.320, 0.1621000 , -0.1986000, 9.6720000, 29.6249000,  32.0663000, 35.2402000, -38.8790000, -12.7330000, 6.1040000, 101223.060000,       0,       0,       0
22.330, 0.1681000 , -0.2022000, 9.6744000, 29.6021000,  32.2189000, 35.2631000, -39.1200000, -12.7450000, 6.7430000, 101224.210000,       0,       0,       0
22.340, 0.1717000 , -0.2034000, 9.6768000, 29.5868000,  32.4631000, 35.4080000, -39.1100000, -12.6710000, 6.4530000, 101224.210000,       0,       0,       0
22.350, 0.1705000 , -0.2046000, 9.6768000, 29.5181000,  32.7148000, 35.5377000, -39.0900000, -12.5300000, 6.6950000, 101220.080000,       0,       0,       0
22.360, 0.1645000 , -0.2070000, 9.6744000, 29.4342000,  32.8598000, 35.5988000, -38.6280000, -13.1270000, 6.7120000, 101220.080000,       0,       0,       0
22.370, 0.1549000 , -0.2129000, 9.6720000, 29.4037000,  32.8903000, 35.5911000, -38.9390000, -13.2610000, 6.8690000, 101223.690000,       0,       0,       0
22.380, 0.1442000 , -0.2153000, 9.6708000, 29.4647000,  32.7911000, 35.5759000, -39.3040000, -12.7950000, 6.6450000, 101223.690000,       0,       0,       0
22.390, 0.1418000 , -0.2141000, 9.6684000, 29.5868000,  32.6080000, 35.5453000, -38.9880000, -12.7570000, 6.3330000, 101224.210000,       0,       0,       0
22.400, 0.1513000 , -0.2094000, 9.6684000, 29.7165000,  32.4554000, 35.4538000, -38.9170000, -12.9010000, 6.3130000, 101224.210000,       0,       0,       0
22.410, 0.1633000 , -0.1950000, 9.6684000, 29.7852000,  32.4173000, 35.3012000, -38.8500000, -12.6830000, 6.4150000, 101225.760000,       0,       0,       0
22.420, 0.1717000 , -0.1830000, 9.6708000, 29.7546000,  32.5546000, 35.1868000, -38.9810000, -12.8210000, 6.2780000, 101225.760000,       0,       0,       0
22.430, 0.1729000 , -0.1806000, 9.6720000, 29.6555000,  32.8140000, 35.2097000, -39.1520000, -12.7200000, 6.6670000, 101220.700000,       0,       0,       0
22.440, 0.1669000 , -0.1830000, 9.6720000, 29.5563000,  33.0505000, 35.3394000, -39.0580000, -12.9200000, 6.4660000, 101220.700000,       0,       0,       0
22.450, 0.1561000 , -0.1878000, 9.6720000, 29.4952000,  33.1268000, 35.4462000, -38.8170000, -12.9300000, 6.4680000, 101224.470000,       0,       0,       0
22.460, 0.1382000 , -0.1962000, 9.6720000, 29.4724000,  32.9819000, 35.5148000, -38.8720000, -12.6110000, 6.3210000, 101224.470000,       0,       0,       0
22.470, 0.1274000 , -0.2058000, 9.6720000, 29.5105000,  32.6385000, 35.5606000, -39.0300000, -13.0360000, 6.5090000, 101225.830000,       0,       0,       0
22.480, 0.1298000 , -0.2105000, 9.6708000, 29.6173000,  32.2647000, 35.5835000, -39.0470000, -12.7090000, 6.6160000, 101225.830000,       0,       0,       0
22.490, 0.1465000 , -0.2082000, 9.6720000, 29.7699000,  31.9901000, 35.5988000, -38.8880000, -12.6420000, 6.4710000, 101222.440000,       0,       0,       0
22.500, 0.1717000 , -0.2046000, 9.6744000, 29.8996000,  31.9977000, 35.6216000, -38.8810000, -12.5630000, 6.3340000, 101222.440000,       0,       0,       0
22.510, 0.1968000 , -0.2022000, 9.6780000, 29.9225000,  32.3563000, 35.6293000, -38.6440000, -12.7630000, 6.7110000, 101225.840000,       0,       0,       0
22.520, 0.2088000 , -0.2058000, 9.6816000, 29.8157000,  32.9590000, 35.6064000, -38.8460000, -12.6570000, 6.3080000, 101225.840000,       0,       0,       0
22.530, 0.2028000 , -0.2189000, 9.6828000, 29.6402000,  33.5770000, 35.5759000, -38.8220000, -12.6840000, 6.0470000, 101223.120000,       0,       0,       0
22.540, 0.1860000 , -0.2309000, 9.6804000, 29.4418000,  34.0347000, 35.5072000, -39.0300000, -12.7770000, 5.8460000, 101223.120000,       0,       0,       0
22.550, 0.1621000 , -0.2321000, 9.6732000, 29.3427000,  34.2178000, 35.4004000, -38.8980000, -12.6010000, 6.7340000, 101223.160000,       0,       0,       0
22.560, 0.1346000 , -0.2261000, 9.6672000, 29.3884000,  34.0958000, 35.3012000, -38.7860000, -12.6900000, 5.9190000, 101223.160000,       0,       0,       0
22.570, 0.1142000 , -0.2082000, 9.6636000, 29.5639000,  33.6761000, 35.2402000, -39.0130000, -12.5520000, 6.2350000, 101224.120000,       0,       0,       0
22.580, 0.1047000 , -0.1806000, 9.6636000, 29.7928000,  33.0734000, 35.1868000, -38.8930000, -13.0490000, 5.8270000, 101224.120000,       0,       0,       0
22.590, 0.1119000 , -0.1579000, 9.6660000, 29.9530000,  32.4554000, 35.1791000, -38.9110000, -12.7730000, 5.8910000, 101224.470000,       0,       0,       0
22.600, 0.1334000 , -0.1495000, 9.6684000, 30.0140000,  31.9977000, 35.1944000, -39.0270000, -12.9610000, 5.9160000, 101224.470000,       0,       0,       0
22.610, 0.1585000 , -0.1555000, 9.6732000, 29.9988000,  31.8604000, 35.2097000, -38.8970000, -13.0820000, 5.8590000, 101225.910000,       0,       0,       0
22.620, 0.1788000 , -0.1759000, 9.6780000, 29.8996000,  32.0358000, 35.2707000, -38.8740000, -12.5780000, 6.0020000, 101225.910000,       0,       0,       0
22.630, 0.1884000 , -0.2070000, 9.6804000, 29.7241000,  32.4249000, 35.4004000, -38.7190000, -12.5640000, 5.9720000, 101223.270000,       0,       0,       0
22.640, 0.1824000 , -0.2357000, 9.6792000, 29.5334000,  32.8751000, 35.5988000, -38.9090000, -12.7780000, 4.9960000, 101223.270000,       0,       0,       0
22.650, 0.1669000 , -0.2572000, 9.6780000, 29.4266000,  33.1955000, 35.7590000, -38.6930000, -12.8200000, 6.1080000, 101220.700000,       0,       0,       0
22.660, 0.1513000 , -0.2584000, 9.6732000, 29.4342000,  33.2718000, 35.7666000, -39.0780000, -12.8540000, 5.8070000, 101220.700000,       0,       0,       0
22.670, 0.1406000 , -0.2369000, 9.6684000, 29.5486000,  33.1039000, 35.5988000, -38.8660000, -12.9280000, 5.4640000, 101224.470000,       0,       0,       0
22.680, 0.1358000 , -0.2034000, 9.6684000, 29.6707000,  32.8064000, 35.3851000, -38.7590000, -12.7200000, 5.5750000, 101224.470000,       0,       0,       0
22.690, 0.1394000 , -0.1759000, 9.6696000, 29.7318000,  32.5241000, 35.2859000, -38.8540000, -12.7940000, 5.7590000, 101224.040000,       0,       0,       0
22.700, 0.1501000 , -0.1627000, 9.6720000, 29.7165000,  32.3944000, 35.3470000, -38.9650000, -12.8770000, 5.8080000, 101224.040000,       0,       0,       0
22.710, 0.1633000 , -0.1687000, 9.6744000, 29.6249000,  32.4707000, 35.4919000, -39.1030000, -13.0730000, 6.6170000, 101220.660000,       0,       0,       0
22.720, 0.1741000 , -0.1998000, 9.6756000, 29.4342000,  32.8522000, 35.6140000, -38.6060000, -13.3000000, 6.3510000, 101220.660000,       0,       0,       0
22.730, 0.1693000 , -0.2189000, 9.6720000, 29.3655000,  33.1039000, 35.5530000, -38.8820000, -12.8510000, 6.0770000, 101224.210000,       0,       0,       0
22.740, 0.1537000 , -0.2309000, 9.6696000, 29.3579000,  33.1955000, 35.4843000, -38.8640000, -12.8330000, 6.1160000, 101224.210000,       0,       0,       0
22.750, 0.1370000 , -0.2321000, 9.6684000, 29.4113000,  33.0811000, 35.5072000, -38.7040000, -12.7010000, 6.2870000, 101223.410000,       0,       0,       0
22.760, 0.1274000 , -0.2201000, 9.6672000, 29.5258000,  32.7988000, 35.6140000, -38.6170000, -12.5340000, 6.0500000, 101223.410000,       0,       0,       0
22.770, 0.1298000 , -0.1998000, 9.6672000, 29.6478000,  32.4478000, 35.6979000, -38.5600000, -12.8430000, 5.8410000, 101222.210000,       0,       0,       0
22.780, 0.1430000 , -0.1842000, 9.6672000, 29.7394000,  32.1503000, 35.6979000, -38.9110000, -12.7870000, 6.3370000, 101222.210000,       0,       0,       0
22.790, 0.1633000 , -0.1806000, 9.6684000, 29.8157000,  32.0358000, 35.5911000, -38.3810000, -12.9300000, 5.5520000, 101224.320000,       0,       0,       0
22.800, 0.1788000 , -0.1866000, 9.6732000, 29.8386000,  32.1579000, 35.4156000, -38.7320000, -12.8590000, 6.3060000, 101224.320000,       0,       0,       0
22.810, 0.1860000 , -0.1974000, 9.6744000, 29.7775000,  32.4097000, 35.2402000, -38.5000000, -12.7470000, 6.2690000, 101223.840000,       0,       0,       0
22.820, 0.1788000 , -0.2070000, 9.6744000, 29.6555000,  32.6920000, 35.1410000, -38.8310000, -12.7930000, 6.0420000, 101223.840000,       0,       0,       0
22.830, 0.1609000 , -0.2129000, 9.6732000, 29.5334000,  32.8369000, 35.1944000, -38.6490000, -12.5880000, 5.6450000, 101224.150000,       0,       0,       0
22.840, 0.1430000 , -0.2165000, 9.6684000, 29.4571000,  32.7682000, 35.4080000, -38.5970000, -12.8950000, 5.6180000, 101224.150000,       0,       0,       0
22.850, 0.1322000 , -0.2141000, 9.6672000, 29.4647000,  32.5623000, 35.7056000, -38.7710000, -12.5300000, 6.3280000, 101224.170000,       0,       0,       0
22.860, 0.1346000 , -0.2082000, 9.6684000, 29.5410000,  32.2723000, 35.9192000, -38.9170000, -12.8720000, 5.9900000, 101224.170000,       0,       0,       0
22.870, 0.1525000 , -0.2034000, 9.6708000, 29.6173000,  32.0282000, 35.9116000, -38.7910000, -12.8900000, 5.8660000, 101224.340000,       0,       0,       0
22.880, 0.1753000 , -0.2034000, 9.6744000, 29.6707000,  31.9672000, 35.6827000, -38.5780000, -12.6460000, 5.5860000, 101224.340000,       0,       0,       0
22.890, 0.1884000 , -0.2094000, 9.6792000, 29.6936000,  32.1426000, 35.3622000, -38.9520000, -12.6130000, 6.1920000, 101224.170000,       0,       0,       0
22.900, 0.1896000 , -0.2177000, 9.6804000, 29.6783000,  32.4402000, 35.1181000, -38.9270000, -13.0830000, 6.3410000, 101224.170000,       0,       0,       0
22.910, 0.1800000 , -0.2249000, 9.6792000, 29.6402000,  32.7454000, 35.0342000, -38.8090000, -12.8000000, 5.8510000, 101219.580000,       0,       0,       0
22.920, 0.1657000 , -0.2273000, 9.6756000, 29.6097000,  32.9285000, 35.0800000, -38.9050000, -12.6230000, 5.4510000, 101219.580000,       0,       0,       0
22.930, 0.1501000 , -0.2225000, 9.6708000, 29.6326000,  32.9285000, 35.1486000, -38.7880000, -12.6560000, 4.8200000, 101220.700000,       0,       0,       0
22.940, 0.1370000 , -0.2105000, 9.6684000, 29.7012000,  32.7225000, 35.1868000, -39.0090000, -12.8640000, 5.4610000, 101220.700000,       0,       0,       0
22.950, 0.1334000 , -0.1914000, 9.6660000, 29.7775000,  32.3563000, 35.1791000, -38.8840000, -12.7240000, 5.8940000, 101223.270000,       0,       0,       0
22.960, 0.1430000 , -0.1723000, 9.6660000, 29.8157000,  32.0129000, 35.1868000, -38.8390000, -12.5640000, 5.7380000, 101223.270000,       0,       0,       0
22.970, 0.1585000 , -0.1651000, 9.6684000, 29.8080000,  31.8222000, 35.2478000, -38.8060000, -12.4590000, 5.6380000, 101223.940000,       0,       0,       0
22.980, 0.1765000 , -0.1723000, 9.6708000, 29.7546000,  31.8604000, 35.3546000, -38.9080000, -12.8120000, 5.9910000, 101223.940000,       0,       0,       0
22.990, 0.1920000 , -0.1926000, 9.6732000, 29.6555000,  32.1655000, 35.4767000, -38.6760000, -12.6740000, 5.5110000, 101219.620000,       0,       0,       0
23.000, 0.1992000 , -0.2225000, 9.6756000, 29.5029000,  32.6309000, 35.6064000, -38.6310000, -12.5130000, 5.6440000, 101219.620000,       0,       0,       0
23.010, 0.1992000 , -0.2500000, 9.6768000, 29.3579000,  33.1268000, 35.6903000, -39.1800000, -12.6410000, 5.6670000, 101224.000000,       0,       0,       0
23.020, 0.1884000 , -0.2656000, 9.6744000, 29.2740000,  33.5159000, 35.6750000, -39.0860000, -12.5960000, 5.4110000, 101224.000000,       0,       0,       0
23.030, 0.1717000 , -0.2668000, 9.6708000, 29.2892000,  33.6990000, 35.5682000, -38.5910000, -12.8240000, 6.1040000, 101222.320000,       0,       0,       0
23.040, 0.1537000 , -0.2524000, 9.6684000, 29.4189000,  33.6380000, 35.4233000, -38.8680000, -13.1100000, 5.1820000, 101222.320000,       0,       0,       0
23.050, 0.1406000 , -0.2261000, 9.6672000, 29.5944000,  33.3557000, 35.2783000, -38.7460000, -12.6280000, 6.1450000, 101224.470000,       0,       0,       0
23.060, 0.1370000 , -0.1962000, 9.6648000, 29.7394000,  32.9666000, 35.1639000, -38.8660000, -12.6550000, 5.9370000, 101224.470000,       0,       0,       0
23.070, 0.1406000 , -0.1735000, 9.6636000, 29.8309000,  32.5775000, 35.1181000, -38.5770000, -12.7020000, 5.7500000, 101222.410000,       0,       0,       0
23.080, 0.1489000 , -0.1699000, 9.6660000, 29.8615000,  32.2952000, 35.1791000, -39.0350000, -12.7390000, 5.7370000, 101222.410000,       0,       0,       0
23.090, 0.1609000 , -0.1771000, 9.6696000, 29.8157000,  32.1884000, 35.3394000, -38.5170000, -12.9290000, 5.8050000, 101224.470000,       0,       0,       0
23.100, 0.1717000 , -0.1938000, 9.6720000, 29.7012000,  32.2571000, 35.5225000, -38.6230000, -12.7500000, 5.8900000, 101224.470000,       0,       0,       0
23.110, 0.1753000 , -0.2141000, 9.6744000, 29.6097000,  32.3944000, 35.6598000, -38.6210000, -12.8480000, 6.2360000, 101223.930000,       0,       0,       0
23.120, 0.1741000 , -0.2273000, 9.6744000, 29.5715000,  32.5165000, 35.6903000, -38.7420000, -12.9040000, 6.0880000, 101223.930000,       0,       0,       0
23.130, 0.1705000 , -0.2273000, 9.6732000, 29.5792000,  32.5623000, 35.6445000, -38.7710000, -13.0410000, 5.4760000, 101222.210000,       0,       0,       0
23.140, 0.1657000 , -0.2201000, 9.6732000, 29.5868000,  32.5317000, 35.6064000, -39.0850000, -13.0120000, 6.6390000, 101222.210000,       0,       0,       0
23.150, 0.1633000 , -0.2105000, 9.6732000, 29.6021000,  32.4783000, 35.6369000, -38.8570000, -12.6260000, 5.8830000, 101223.940000,       0,       0,       0
23.160, 0.1657000 , -0.2082000, 9.6732000, 29.6326000,  32.4631000, 35.7132000, -38.8020000, -12.7270000, 6.3520000, 101223.940000,       0,       0,       0
23.170, 0.1729000 , -0.2070000, 9.6732000, 29.6097000,  32.5241000, 35.7513000, -38.6070000, -12.6830000, 5.3500000, 101224.170000,       0,       0,       0
23.180, 0.1848000 , -0.2094000, 9.6732000, 29.5486000,  32.6767000, 35.7056000, -38.9050000, -12.7670000, 5.8580000, 101224.170000,       0,       0,       0
23.190, 0.1884000 , -0.2153000, 9.6756000, 29.4724000,  32.9361000, 35.6827000, -38.7410000, -12.7610000, 5.8340000, 101223.960000,       0,       0,       0
23.200, 0.1860000 , -0.2237000, 9.6780000, 29.3808000,  33.2413000, 35.7742000, -39.1610000, -12.6790000, 5.6030000, 101223.960000,       0,       0,       0
23.210, 0.1765000 , -0.2333000, 9.6780000, 29.2969000,  33.4702000, 35.9192000, -38.7490000, -12.5520000, 6.0710000, 101219.930000,       0,       0,       0
23.220, 0.1645000 , -0.2417000, 9.6744000, 29.2740000,  33.5541000, 35.9955000, -38.9980000, -12.7300000, 6.4500000, 101219.930000,       0,       0,       0
23.230, 0.1513000 , -0.2452000, 9.6696000, 29.3655000,  33.4702000, 35.9192000, -38.8050000, -12.8610000, 6.2830000, 101222.530000,       0,       0,       0
23.240, 0.1418000 , -0.2345000, 9.6672000, 29.5486000,  33.2031000, 35.7208000, -39.4120000, -12.8600000, 6.0860000, 101222.530000,       0,       0,       0
23.250, 0.1334000 , -0.2105000, 9.6660000, 29.7623000,  32.7606000, 35.4691000, -38.8310000, -12.5270000, 5.8610000, 101220.840000,       0,       0,       0
23.260, 0.1370000 , -0.1854000, 9.6660000, 29.9225000,  32.2647000, 35.2859000, -38.7760000, -12.5940000, 6.1460000, 101220.840000,       0,       0,       0
23.270, 0.1489000 , -0.1723000, 9.6684000, 30.0217000,  31.8832000, 35.2783000, -38.7500000, -12.7830000, 6.6910000, 101223.410000,       0,       0,       0
23.280, 0.1729000 , -0.1794000, 9.6744000, 29.9530000,  31.7383000, 35.4996000, -38.8200000, -12.4370000, 5.9070000, 101223.410000,       0,       0,       0
23.290, 0.1872000 , -0.1998000, 9.6780000, 29.7546000,  31.9519000, 35.6827000, -38.6430000, -12.7620000, 6.5090000, 101224.170000,       0,       0,       0
23.300, 0.1944000 , -0.2333000, 9.6792000, 29.5181000,  32.3105000, 35.8429000, -38.8570000, -12.6820000, 6.4900000, 101224.170000,       0,       0,       0
23.310, 0.1956000 , -0.2668000, 9.6780000, 29.3961000,  32.7377000, 35.9268000, -38.7320000, -12.6930000, 6.4480000, 101222.930000,       0,       0,       0
23.320, 0.1932000 , -0.2895000, 9.6768000, 29.4495000,  33.1497000, 35.8658000, -38.8980000, -12.7880000, 6.1510000, 101222.930000,       0,       0,       0
23.330, 0.1896000 , -0.2859000, 9.6756000, 29.6173000,  33.4320000, 35.6140000, -38.5780000, -12.5520000, 5.7510000, 101221.700000,       0,       0,       0
23.340, 0.1824000 , -0.2608000, 9.6744000, 29.7928000,  33.5541000, 35.2859000, -38.7710000, -12.7330000, 5.4250000, 101221.700000,       0,       0,       0
23.350, 0.1717000 , -0.2297000, 9.6744000, 29.8996000,  33.5464000, 35.0418000, -38.9120000, -12.7730000, 5.7710000, 101223.410000,       0,       0,       0
23.360, 0.1633000 , -0.1998000, 9.6732000, 29.9454000,  33.4473000, 34.9426000, -39.0500000, -12.7620000, 6.4460000, 101223.410000,       0,       0,       0
23.370, 0.1573000 , -0.1794000, 9.6708000, 29.9454000,  33.3099000, 34.9426000, -38.8780000, -12.6230000, 6.7880000, 101222.400000,       0,       0,       0
23.380, 0.1513000 , -0.1735000, 9.6696000, 29.8462000,  33.1268000, 35.0189000, -38.9980000, -12.6650000, 6.0930000, 101222.400000,       0,       0,       0
23.390, 0.1465000 , -0.1842000, 9.6696000, 29.6478000,  32.9437000, 35.1791000, -38.8010000, -13.1570000, 5.7980000, 101223.120000,       0,       0,       0
23.400, 0.1442000 , -0.2070000, 9.6708000, 29.4647000,  32.7682000, 35.4385000, -39.1760000, -12.6000000, 5.7310000, 101223.120000,       0,       0,       0
23.410, 0.1477000 , -0.2273000, 9.6696000, 29.4113000,  32.6157000, 35.6903000, -38.7520000, -12.6980000, 6.1010000, 101223.120000,       0,       0,       0
23.420, 0.1597000 , -0.2417000, 9.6696000, 29.4571000,  32.5317000, 35.8200000, -39.0870000, -12.3020000, 6.0790000, 101223.120000,       0,       0,       0
23.430, 0.1693000 , -0.2428000, 9.6684000, 29.5792000,  32.5546000, 35.7742000, -38.6540000, -12.4860000, 6.1730000, 101221.020000,       0,       0,       0
23.440, 0.1776000 , -0.2345000, 9.6696000, 29.7318000,  32.6004000, 35.5453000, -39.1320000, -12.7870000, 6.6500000, 101221.020000,       0,       0,       0
23.450, 0.1836000 , -0.2189000, 9.6708000, 29.8462000,  32.6691000, 35.2478000, -38.9580000, -12.8260000, 6.0340000, 101222.910000,       0,       0,       0
23.460, 0.1824000 , -0.2058000, 9.6732000, 29.8691000,  32.7682000, 35.0037000, -38.9370000, -12.5170000, 6.1090000, 101222.910000,       0,       0,       0
23.470, 0.1776000 , -0.2010000, 9.6744000, 29.8157000,  32.8598000, 34.9045000, -39.0880000, -12.8430000, 6.2090000, 101223.160000,       0,       0,       0
23.480, 0.1717000 , -0.2070000, 9.6732000, 29.7394000,  32.8979000, 34.9350000, -38.9990000, -12.7680000, 6.3630000, 101223.160000,       0,       0,       0
23.490, 0.1657000 , -0.2189000, 9.6720000, 29.7089000,  32.8903000, 35.0342000, -38.8860000, -12.5100000, 6.2930000, 101223.290000,       0,       0,       0
23.500, 0.1585000 , -0.2273000, 9.6720000, 29.7089000,  32.8522000, 35.1868000, -38.9490000, -12.9530000, 6.1170000, 101223.290000,       0,       0,       0
23.510, 0.1537000 , -0.2273000, 9.6732000, 29.7241000,  32.7835000, 35.3470000, -39.1140000, -12.8970000, 6.6620000, 101221.520000,       0,       0,       0
23.520, 0.1537000 , -0.2249000, 9.6732000, 29.7241000,  32.6920000, 35.4843000, -38.9380000, -12.7770000, 7.3670000, 101221.520000,       0,       0,       0
23.530, 0.1561000 , -0.2189000, 9.6720000, 29.7394000,  32.5775000, 35.5301000, -38.7750000, -12.7780000, 6.2110000, 101223.410000,       0,       0,       0
23.540, 0.1609000 , -0.2165000, 9.6708000, 29.7470000,  32.4554000, 35.4462000, -38.9620000, -12.9670000, 5.5180000, 101223.410000,       0,       0,       0
23.550, 0.1705000 , -0.2165000, 9.6708000, 29.7546000,  32.4173000, 35.3088000, -38.6890000, -12.7360000, 6.1460000, 101219.820000,       0,       0,       0
23.560, 0.1788000 , -0.2141000, 9.6720000, 29.7470000,  32.5241000, 35.2020000, -38.8130000, -12.9770000, 6.4320000, 101219.820000,       0,       0,       0
23.570, 0.1836000 , -0.2141000, 9.6732000, 29.6936000,  32.7148000, 35.1791000, -38.5430000, -12.7610000, 6.2250000, 101220.620000,       0,       0,       0
23.580, 0.1776000 , -0.2189000, 9.6720000, 29.6173000,  32.8903000, 35.2173000, -38.7970000, -13.0310000, 6.3680000, 101220.620000,       0,       0,       0
23.590, 0.1693000 , -0.2261000, 9.6696000, 29.6021000,  32.9514000, 35.2325000, -38.8150000, -12.4680000, 6.4780000, 101222.320000,       0,       0,       0
23.600, 0.1621000 , -0.2261000, 9.6696000, 29.6478000,  32.9361000, 35.2478000, -38.8130000, -12.7960000, 6.6050000, 101222.320000,       0,       0,       0
23.610, 0.1573000 , -0.2201000, 9.6720000, 29.6860000,  32.8445000, 35.3012000, -38.6490000, -12.8400000, 6.5210000, 101224.430000,       0,       0,       0
23.620, 0.1597000 , -0.2117000, 9.6732000, 29.6936000,  32.7301000, 35.4004000, -38.9950000, -13.0800000, 6.3910000, 101224.430000,       0,       0,       0
23.630, 0.1669000 , -0.2046000, 9.6732000, 29.6783000,  32.6843000, 35.4919000, -38.6510000, -12.8630000, 6.7120000, 101222.020000,       0,       0,       0
23.640, 0.1729000 , -0.2034000, 9.6744000, 29.6555000,  32.6843000, 35.4996000, -38.7450000, -13.1150000, 6.5440000, 101222.020000,       0,       0,       0
23.650, 0.1741000 , -0.2105000, 9.6732000, 29.6097000,  32.6996000, 35.4385000, -38.8910000, -12.7880000, 6.6060000, 101223.380000,       0,       0,       0
23.660, 0.1729000 , -0.2309000, 9.6720000, 29.5792000,  32.7454000, 35.4080000, -38.8650000, -12.7680000, 6.3260000, 101223.380000,       0,       0,       0
23.670, 0.1681000 , -0.2524000, 9.6720000, 29.6021000,  32.8445000, 35.4843000, -38.9050000, -12.7660000, 6.7150000, 101222.420000,       0,       0,       0
23.680, 0.1657000 , -0.2620000, 9.6720000, 29.6326000,  32.9361000, 35.6293000, -38.8290000, -13.1850000, 6.2390000, 101222.420000,       0,       0,       0
23.690, 0.1621000 , -0.2572000, 9.6732000, 29.5944000,  32.9590000, 35.7437000, -38.7990000, -12.8240000, 6.1070000, 101220.720000,       0,       0,       0
23.700, 0.1561000 , -0.2369000, 9.6732000, 29.5258000,  32.8674000, 35.7742000, -38.6860000, -13.1850000, 6.2540000, 101220.720000,       0,       0,       0
23.710, 0.1525000 , -0.2153000, 9.6708000, 29.4800000,  32.6996000, 35.7285000, -38.8240000, -12.9360000, 6.3380000, 101223.470000,       0,       0,       0
23.720, 0.1549000 , -0.1998000, 9.6708000, 29.5334000,  32.5012000, 35.6293000, -38.8620000, -13.0310000, 6.6670000, 101223.470000,       0,       0,       0
23.730, 0.1633000 , -0.1914000, 9.6708000, 29.6478000,  32.3486000, 35.4767000, -38.7050000, -13.0100000, 6.4710000, 101222.850000,       0,       0,       0
23.740, 0.1741000 , -0.1950000, 9.6708000, 29.7470000,  32.2952000, 35.3012000, -38.7460000, -12.5340000, 6.8660000, 101222.850000,       0,       0,       0
23.750, 0.1836000 , -0.2105000, 9.6720000, 29.8004000,  32.3792000, 35.1639000, -39.0340000, -12.9820000, 6.3560000, 101221.700000,       0,       0,       0
23.760, 0.1836000 , -0.2285000, 9.6744000, 29.7852000,  32.5317000, 35.1028000, -39.1530000, -13.0950000, 6.3210000, 101221.700000,       0,       0,       0
23.770, 0.1776000 , -0.2428000, 9.6744000, 29.7241000,  32.6843000, 35.1486000, -38.9260000, -13.0680000, 6.6060000, 101222.290000,       0,       0,       0
23.780, 0.1705000 , -0.2488000, 9.6732000, 29.6478000,  32.7682000, 35.2936000, -38.6130000, -13.3430000, 6.7160000, 101222.290000,       0,       0,       0
23.790, 0.1633000 , -0.2440000, 9.6720000, 29.6326000,  32.7759000, 35.4919000, -38.9460000, -13.1090000, 6.3710000, 101224.320000,       0,       0,       0
23.800, 0.1573000 , -0.2261000, 9.6720000, 29.6860000,  32.6920000, 35.6445000, -38.6730000, -13.3010000, 6.8390000, 101224.320000,       0,       0,       0
23.810, 0.1573000 , -0.2070000, 9.6720000, 29.7241000,  32.5623000, 35.7056000, -38.9840000, -13.2200000, 6.6800000, 101220.720000,       0,       0,       0
23.820, 0.1573000 , -0.1938000, 9.6720000, 29.7089000,  32.4097000, 35.6674000, -38.7880000, -13.1000000, 6.4060000, 101220.720000,       0,       0,       0
23.830, 0.1633000 , -0.1878000, 9.6720000, 29.6707000,  32.2723000, 35.5911000, -38.8640000, -12.7970000, 6.8670000, 101223.410000,       0,       0,       0
23.840, 0.1741000 , -0.1926000, 9.6720000, 29.6326000,  32.2342000, 35.5530000, -38.7870000, -13.1650000, 5.9400000, 101223.410000,       0,       0,       0
23.850, 0.1812000 , -0.2094000, 9.6732000, 29.6021000,  32.3029000, 35.6216000, -38.7100000, -12.9230000, 6.3840000, 101222.430000,       0,       0,       0
23.860, 0.1908000 , -0.2369000, 9.6756000, 29.4800000,  32.6614000, 35.8810000, -38.7270000, -13.3420000, 6.4140000, 101222.430000,       0,       0,       0
23.870, 0.1932000 , -0.2536000, 9.6744000, 29.3884000,  32.9361000, 36.0031000, -38.9120000, -13.1540000, 6.5540000, 101224.130000,       0,       0,       0
23.880, 0.1908000 , -0.2632000, 9.6720000, 29.3732000,  33.1573000, 35.9955000, -39.3320000, -13.0660000, 6.4310000, 101224.130000,       0,       0,       0
23.890, 0.1836000 , -0.2644000, 9.6696000, 29.4495000,  33.3023000, 35.8200000, -38.9110000, -12.9300000, 6.1150000, 101223.340000,       0,       0,       0
23.900, 0.1741000 , -0.2572000, 9.6684000, 29.5486000,  33.3176000, 35.5301000, -38.9810000, -12.8270000, 5.8580000, 101223.340000,       0,       0,       0
23.910, 0.1621000 , -0.2440000, 9.6696000, 29.6249000,  33.2336000, 35.2249000, -38.7940000, -12.8920000, 6.5960000, 101223.290000,       0,       0,       0
23.920, 0.1561000 , -0.2285000, 9.6696000, 29.6555000,  33.1116000, 35.0418000, -38.9570000, -12.9910000, 6.3220000, 101223.290000,       0,       0,       0
23.930, 0.1525000 , -0.2141000, 9.6708000, 29.6326000,  32.9819000, 35.0647000, -38.9800000, -13.1290000, 6.1570000, 101222.860000,       0,       0,       0
23.940, 0.1513000 , -0.2070000, 9.6696000, 29.6249000,  32.8598000, 35.2478000, -38.9800000, -13.2140000, 6.4080000, 101222.860000,       0,       0,       0
23.950, 0.1549000 , -0.2046000, 9.6696000, 29.6707000,  32.7759000, 35.4462000, -38.8240000, -12.9570000, 6.3000000, 101223.340000,       0,       0,       0
23.960, 0.1621000 , -0.2058000, 9.6684000, 29.7699000,  32.6767000, 35.5148000, -39.0960000, -12.8440000, 6.5360000, 101223.340000,       0,       0,       0
23.970, 0.1669000 , -0.2117000, 9.6696000, 29.8843000,  32.5775000, 35.4309000, -39.0730000, -13.0710000, 6.0530000, 101223.470000,       0,       0,       0
23.980, 0.1705000 , -0.2153000, 9.6708000, 29.9759000,  32.5089000, 35.2554000, -39.1960000, -12.9930000, 5.6890000, 101223.470000,       0,       0,       0
23.990, 0.1729000 , -0.2177000, 9.6744000, 29.9606000,  32.5012000, 35.1105000, -38.8810000, -12.9070000, 5.7770000, 101223.470000,       0,       0,       0
24.000, 0.1729000 , -0.2225000, 9.6756000, 29.8386000,  32.5623000, 35.1181000, -38.8530000, -13.1370000, 6.4620000, 101223.470000,       0,       0,       0
24.010, 0.1741000 , -0.2321000, 9.6756000, 29.7012000,  32.6996000, 35.3088000, -38.9790000, -13.0280000, 6.2030000, 101223.440000,       0,       0,       0
24.020, 0.1741000 , -0.2417000, 9.6756000, 29.6097000,  32.8751000, 35.6140000, -39.2340000, -12.9880000, 6.4370000, 101223.440000,       0,       0,       0
24.030, 0.1729000 , -0.2488000, 9.6744000, 29.5258000,  33.0048000, 35.8582000, -38.7220000, -13.1420000, 6.2390000, 101223.470000,       0,       0,       0
24.040, 0.1693000 , -0.2548000, 9.6720000, 29.4647000,  33.0353000, 35.9344000, -39.0550000, -13.1960000, 6.3680000, 101223.470000,       0,       0,       0
24.050, 0.1681000 , -0.2536000, 9.6684000, 29.4876000,  33.0048000, 35.8276000, -39.0020000, -12.9280000, 6.0840000, 101226.110000,       0,       0,       0
24.060, 0.1681000 , -0.2440000, 9.6660000, 29.6097000,  32.9514000, 35.5682000, -38.8050000, -13.1170000, 6.1150000, 101226.110000,       0,       0,       0
24.070, 0.1705000 , -0.2273000, 9.6660000, 29.7470000,  32.8598000, 35.2707000, -38.8770000, -13.3340000, 6.4480000, 101222.840000,       0,       0,       0
24.080, 0.1705000 , -0.2141000, 9.6672000, 29.8004000,  32.7911000, 35.0266000, -39.1210000, -13.0340000, 5.6140000, 101222.840000,       0,       0,       0
24.090, 0.1681000 , -0.2105000, 9.6708000, 29.7852000,  32.7835000, 34.9426000, -38.8890000, -12.9440000, 6.0560000, 101223.130000,       0,       0,       0
24.100, 0.1645000 , -0.2129000, 9.6708000, 29.7318000,  32.8064000, 35.0189000, -39.0060000, -13.1040000, 5.9890000, 101223.130000,       0,       0,       0
24.110, 0.1621000 , -0.2165000, 9.6696000, 29.6936000,  32.8064000, 35.1791000, -38.7810000, -12.9360000, 5.6660000, 101221.550000,       0,       0,       0
24.120, 0.1585000 , -0.2165000, 9.6672000, 29.7089000,  32.7606000, 35.3622000, -39.2920000, -12.8530000, 6.5220000, 101221.550000,       0,       0,       0
24.130, 0.1561000 , -0.2153000, 9.6648000, 29.7394000,  32.6233000, 35.5148000, -38.9660000, -13.0650000, 5.5830000, 101225.830000,       0,       0,       0
24.140, 0.1561000 , -0.2153000, 9.6648000, 29.7623000,  32.4402000, 35.6293000, -38.9890000, -13.0950000, 6.6700000, 101225.830000,       0,       0,       0
24.150, 0.1597000 , -0.2177000, 9.6672000, 29.7546000,  32.2723000, 35.7132000, -38.9370000, -13.0930000, 6.2860000, 101224.430000,       0,       0,       0
24.160, 0.1693000 , -0.2237000, 9.6696000, 29.7012000,  32.2037000, 35.7361000, -38.9760000, -12.9870000, 6.9940000, 101224.430000,       0,       0,       0
24.170, 0.1800000 , -0.2381000, 9.6708000, 29.6402000,  32.2647000, 35.6903000, -38.7880000, -13.3810000, 6.8320000, 101224.520000,       0,       0,       0
24.180, 0.1896000 , -0.2524000, 9.6732000, 29.5792000,  32.4326000, 35.6140000, -39.0970000, -13.0670000, 6.3060000, 101224.520000,       0,       0,       0
24.190, 0.1932000 , -0.2632000, 9.6732000, 29.5258000,  32.6920000, 35.5682000, -38.9110000, -12.9660000, 6.0650000, 101223.950000,       0,       0,       0
24.200, 0.1920000 , -0.2704000, 9.6744000, 29.4800000,  32.9819000, 35.5606000, -38.9600000, -13.0080000, 6.3290000, 101223.950000,       0,       0,       0
24.210, 0.1884000 , -0.2680000, 9.6732000, 29.4952000,  33.2260000, 35.5453000, -38.8110000, -13.1450000, 5.9110000, 101226.110000,       0,       0,       0
24.220, 0.1812000 , -0.2560000, 9.6696000, 29.5944000,  33.3862000, 35.4385000, -39.0620000, -12.9440000, 6.0620000, 101226.110000,       0,       0,       0
24.230, 0.1693000 , -0.2357000, 9.6672000, 29.7470000,  33.4167000, 35.2249000, -39.0590000, -12.7920000, 6.0810000, 101221.000000,       0,       0,       0
24.240, 0.1585000 , -0.2094000, 9.6648000, 29.8843000,  33.2870000, 34.9655000, -39.0810000, -13.1650000, 5.9350000, 101221.000000,       0,       0,       0
24.250, 0.1513000 , -0.1878000, 9.6636000, 29.9530000,  33.0887000, 34.7900000, -39.1530000, -12.7930000, 6.0620000, 101223.620000,       0,       0,       0
24.260, 0.1465000 , -0.1794000, 9.6648000, 29.9606000,  32.8674000, 34.7900000, -39.2540000, -13.1810000, 6.5200000, 101223.620000,       0,       0,       0
24.270, 0.1453000 , -0.1818000, 9.6660000, 29.8996000,  32.6385000, 34.9503000, -38.7220000, -12.7980000, 5.7380000, 101223.200000,       0,       0,       0
24.280, 0.1489000 , -0.1950000, 9.6684000, 29.8080000,  32.4554000, 35.1715000, -39.2920000, -12.7520000, 6.4570000, 101223.200000,       0,       0,       0
24.290, 0.1525000 , -0.2141000, 9.6708000, 29.7241000,  32.3105000, 35.3851000, -38.9670000, -12.9790000, 5.7590000, 101221.000000,       0,       0,       0
24.300, 0.1585000 , -0.2321000, 9.6708000, 29.7089000,  32.1732000, 35.5301000, -38.9610000, -13.0170000, 5.7930000, 101221.000000,       0,       0,       0
24.310, 0.1657000 , -0.2440000, 9.6684000, 29.7852000,  32.0663000, 35.5453000, -38.9360000, -13.0200000, 5.8080000, 101223.470000,       0,       0,       0
24.320, 0.1729000 , -0.2476000, 9.6684000, 29.9606000,  32.0053000, 35.4538000, -39.1110000, -13.1600000, 5.4960000, 101223.470000,       0,       0,       0
24.330, 0.1812000 , -0.2440000, 9.6696000, 30.1285000,  32.0206000, 35.2936000, -39.2730000, -12.7400000, 5.7330000, 101223.470000,       0,       0,       0
24.340, 0.1920000 , -0.2333000, 9.6720000, 30.1819000,  32.1426000, 35.1105000, -38.9340000, -12.8450000, 6.1680000, 101223.470000,       0,       0,       0
24.350, 0.2016000 , -0.2249000, 9.6756000, 30.1361000,  32.3868000, 34.9808000, -38.7200000, -12.9600000, 6.0980000, 101220.860000,       0,       0,       0
24.360, 0.2028000 , -0.2237000, 9.6780000, 30.0064000,  32.7530000, 34.9655000, -38.9570000, -12.7740000, 6.3300000, 101220.860000,       0,       0,       0
24.370, 0.1956000 , -0.2297000, 9.6768000, 29.8386000,  33.1039000, 35.0647000, -38.9540000, -12.8940000, 6.1320000, 101225.960000,       0,       0,       0
24.380, 0.1836000 , -0.2381000, 9.6732000, 29.7089000,  33.3328000, 35.2020000, -39.0520000, -12.8700000, 6.5760000, 101225.960000,       0,       0,       0
24.390, 0.1693000 , -0.2428000, 9.6696000, 29.6631000,  33.3862000, 35.3241000, -39.2340000, -12.7950000, 6.0580000, 101222.410000,       0,       0,       0
24.400, 0.1549000 , -0.2428000, 9.6672000, 29.7165000,  33.2413000, 35.3775000, -39.1770000, -12.9450000, 5.8800000, 101222.410000,       0,       0,       0
24.410, 0.1513000 , -0.2321000, 9.6648000, 29.8309000,  32.9590000, 35.3470000, -38.9260000, -12.8020000, 6.7130000, 101223.470000,       0,       0,       0
24.420, 0.1585000 , -0.2189000, 9.6660000, 29.9225000,  32.7072000, 35.3012000, -38.9980000, -12.8310000, 6.3790000, 101223.470000,       0,       0,       0
24.430, 0.1753000 , -0.2058000, 9.6708000, 29.8691000,  32.6538000, 35.3851000, -38.7240000, -12.5260000, 6.1190000, 101221.440000,       0,       0,       0
24.440, 0.1824000 , -0.2094000, 9.6744000, 29.7165000,  32.8217000, 35.5301000, -39.1620000, -13.1030000, 6.0260000, 101221.440000,       0,       0,       0
24.450, 0.1812000 , -0.2249000, 9.6744000, 29.5334000,  33.0124000, 35.6598000, -38.9950000, -12.9360000, 6.6790000, 101222.410000,       0,       0,       0
24.460, 0.1741000 , -0.2440000, 9.6732000, 29.3961000,  33.0887000, 35.7208000, -39.0990000, -12.8530000, 6.0810000, 101222.410000,       0,       0,       0
24.470, 0.1657000 , -0.2548000, 9.6720000, 29.3655000,  33.0353000, 35.6827000, -39.0580000, -12.7820000, 5.9810000, 101223.080000,       0,       0,       0
24.480, 0.1597000 , -0.2536000, 9.6708000, 29.4495000,  32.8751000, 35.5606000, -38.9800000, -12.8130000, 5.5400000, 101223.080000,       0,       0,       0
24.490, 0.1597000 , -0.2428000, 9.6696000, 29.6097000,  32.6614000, 35.3851000, -39.0920000, -12.7230000, 5.6900000, 101224.070000,       0,       0,       0
24.500, 0.1645000 , -0.2273000, 9.6696000, 29.7852000,  32.4936000, 35.2097000, -38.8520000, -12.8990000, 6.4880000, 101224.070000,       0,       0,       0
24.510, 0.1705000 , -0.2153000, 9.6708000, 29.8920000,  32.4478000, 35.0800000, -39.0130000, -12.8530000, 6.3330000, 101223.470000,       0,       0,       0
24.520, 0.1753000 , -0.2153000, 9.6732000, 29.8920000,  32.5165000, 35.0266000, -39.0080000, -13.1930000, 6.9730000, 101223.470000,       0,       0,       0
24.530, 0.1776000 , -0.2261000, 9.6744000, 29.8233000,  32.6538000, 35.0494000, -38.5660000, -12.9210000, 6.4630000, 101223.470000,       0,       0,       0
24.540, 0.1765000 , -0.2440000, 9.6732000, 29.7623000,  32.8293000, 35.1410000, -38.9820000, -12.9360000, 6.2760000, 101223.470000,       0,       0,       0
24.550, 0.1717000 , -0.2572000, 9.6708000, 29.7546000,  32.9590000, 35.2936000, -39.0150000, -13.0120000, 5.8640000, 101224.020000,       0,       0,       0
24.560, 0.1681000 , -0.2560000, 9.6708000, 29.7775000,  33.0505000, 35.4538000, -39.1760000, -13.0320000, 5.7330000, 101224.020000,       0,       0,       0
24.570, 0.1645000 , -0.2452000, 9.6708000, 29.7775000,  33.0658000, 35.5682000, -39.0580000, -12.9990000, 6.0990000, 101222.590000,       0,       0,       0
24.580, 0.1597000 , -0.2309000, 9.6684000, 29.7775000,  32.9819000, 35.5988000, -38.5830000, -13.1040000, 6.4830000, 101222.590000,       0,       0,       0
24.590, 0.1585000 , -0.2225000, 9.6672000, 29.8386000,  32.8598000, 35.5301000, -38.9720000, -13.0050000, 5.8090000, 101224.570000,       0,       0,       0
24.600, 0.1585000 , -0.2165000, 9.6672000, 29.9683000,  32.7072000, 35.3699000, -39.1970000, -12.6790000, 6.2670000, 101224.570000,       0,       0,       0
24.610, 0.1669000 , -0.2153000, 9.6672000, 30.1208000,  32.5623000, 35.1181000, -38.9710000, -12.8760000, 5.9750000, 101223.470000,       0,       0,       0
24.620, 0.1729000 , -0.2273000, 9.6696000, 30.1819000,  32.5317000, 34.9045000, -38.9610000, -12.8370000, 6.2970000, 101223.470000,       0,       0,       0
24.630, 0.1741000 , -0.2381000, 9.6732000, 30.1895000,  32.5928000, 34.8663000, -38.7670000, -12.7140000, 5.8650000, 101223.130000,       0,       0,       0
24.640, 0.1812000 , -0.2405000, 9.6744000, 30.2353000,  32.7225000, 34.9045000, -38.7990000, -12.7240000, 6.4880000, 101223.130000,       0,       0,       0
24.650, 0.1788000 , -0.2297000, 9.6732000, 30.2887000,  32.8903000, 34.9274000, -38.4660000, -12.5840000, 6.9080000, 101224.380000,       0,       0,       0
24.660, 0.1693000 , -0.2153000, 9.6732000, 30.3345000,  32.9514000, 34.9426000, -38.6510000, -12.6320000, 6.0350000, 101224.380000,       0,       0,       0
24.670, 0.1633000 , -0.1938000, 9.6732000, 30.3421000,  32.8827000, 34.9579000, -38.7700000, -12.6650000, 6.3460000, 101220.870000,       0,       0,       0
24.680, 0.1621000 , -0.1830000, 9.6720000, 30.3421000,  32.7148000, 34.9960000, -38.6310000, -12.7700000, 7.0620000, 101220.870000,       0,       0,       0
24.690, 0.1609000 , -0.1878000, 9.6732000, 30.3192000,  32.5699000, 35.1257000, -38.6440000, -12.6610000, 7.0160000, 101222.770000,       0,       0,       0
24.700, 0.1681000 , -0.2022000, 9.6744000, 30.2429000,  32.5241000, 35.3241000, -38.7120000, -12.8090000, 6.7590000, 101222.770000,       0,       0,       0
24.710, 0.1824000 , -0.2225000, 9.6768000, 30.0980000,  32.6080000, 35.5148000, -38.7400000, -12.8870000, 6.1030000, 101223.470000,       0,       0,       0
24.720, 0.1908000 , -0.2488000, 9.6756000, 29.9377000,  32.7606000, 35.6369000, -38.9780000, -13.1270000, 6.4590000, 101223.470000,       0,       0,       0
24.730, 0.1908000 , -0.2704000, 9.6732000, 29.8691000,  32.9437000, 35.6979000, -38.9840000, -12.9520000, 7.1230000, 101221.150000,       0,       0,       0
24.740, 0.1848000 , -0.2787000, 9.6696000, 29.9683000,  33.0811000, 35.6903000, -39.0350000, -12.8960000, 6.4280000, 101221.150000,       0,       0,       0
24.750, 0.1800000 , -0.2728000, 9.6672000, 30.2200000,  33.1421000, 35.6064000, -38.7070000, -12.8470000, 6.1590000, 101224.350000,       0,       0,       0
24.760, 0.1788000 , -0.2536000, 9.6672000, 30.5252000,  33.1802000, 35.4538000, -38.7480000, -12.8080000, 6.9760000, 101224.350000,       0,       0,       0
24.770, 0.1788000 , -0.2225000, 9.6708000, 30.7312000,  33.2413000, 35.2478000, -39.0190000, -12.8730000, 6.2520000, 101224.410000,       0,       0,       0
24.780, 0.1788000 , -0.1842000, 9.6756000, 30.7007000,  33.3481000, 35.0494000, -38.7300000, -12.9130000, 6.6210000, 101224.410000,       0,       0,       0
24.790, 0.1705000 , -0.1436000, 9.6792000, 30.4260000,  33.4854000, 34.9350000, -38.9480000, -12.6660000, 6.3420000, 101223.470000,       0,       0,       0
24.800, 0.1573000 , -0.1065000, 9.6792000, 29.9835000,  33.5693000, 35.0266000, -39.0340000, -12.9970000, 6.5410000, 101223.470000,       0,       0,       0
24.810, 0.1453000 , -0.0873000, 9.6744000, 29.4952000,  33.5312000, 35.3470000, -38.8770000, -12.9670000, 6.9930000, 101223.930000,       0,       0,       0
24.820, 0.1382000 , -0.0981000, 9.6696000, 29.1519000,  33.3252000, 35.8047000, -38.8650000, -13.2920000, 6.1930000, 101223.930000,       0,       0,       0
24.830, 0.1406000 , -0.1364000, 9.6672000, 29.0756000,  33.0200000, 36.2167000, -39.1150000, -12.8260000, 6.4970000, 101223.470000,       0,       0,       0
24.840, 0.1489000 , -0.1914000, 9.6696000, 29.1901000,  32.7682000, 36.4456000, -38.9040000, -12.9020000, 6.4650000, 101223.470000,       0,       0,       0
24.850, 0.1609000 , -0.2488000, 9.6720000, 29.3198000,  32.5851000, 36.4761000, -38.8880000, -12.8640000, 6.4640000, 101221.000000,       0,       0,       0
24.860, 0.1776000 , -0.3003000, 9.6756000, 29.3884000,  32.5623000, 36.3464000, -39.1320000, -13.0660000, 6.3550000, 101221.000000,       0,       0,       0
24.870, 0.1872000 , -0.3385000, 9.6792000, 29.4189000,  32.7682000, 36.1328000, -38.9010000, -12.8900000, 6.3730000, 101223.620000,       0,       0,       0
24.880, 0.1872000 , -0.3541000, 9.6816000, 29.4189000,  33.0734000, 35.9268000, -38.9750000, -12.9510000, 6.3560000, 101223.620000,       0,       0,       0
24.890, 0.1765000 , -0.3445000, 9.6828000, 29.3961000,  33.3405000, 35.7742000, -38.9730000, -13.0350000, 6.3780000, 101221.860000,       0,       0,       0
24.900, 0.1633000 , -0.3063000, 9.6792000, 29.3503000,  33.4167000, 35.6522000, -39.0170000, -13.0150000, 6.0340000, 101221.860000,       0,       0,       0
24.910, 0.1537000 , -0.2560000, 9.6732000, 29.3427000,  33.3405000, 35.5301000, -38.8820000, -12.8790000, 6.5790000, 101224.680000,       0,       0,       0
24.920, 0.1442000 , -0.2046000, 9.6696000, 29.4189000,  33.1345000, 35.4843000, -38.9710000, -13.3140000, 6.4670000, 101224.680000,       0,       0,       0
24.930, 0.1406000 , -0.1627000, 9.6684000, 29.5486000,  32.8827000, 35.5148000, -39.0320000, -13.0220000, 6.1190000, 101224.350000,       0,       0,       0
24.940, 0.1453000 , -0.1424000, 9.6696000, 29.6249000,  32.6767000, 35.5530000, -39.3070000, -13.1690000, 6.1430000, 101224.350000,       0,       0,       0
24.950, 0.1585000 , -0.1412000, 9.6708000, 29.6021000,  32.5851000, 35.5377000, -38.9420000, -13.0190000, 6.0130000, 101223.280000,       0,       0,       0
24.960, 0.1693000 , -0.1567000, 9.6720000, 29.5410000,  32.6614000, 35.4614000, -39.1860000, -12.9900000, 6.3690000, 101223.280000,       0,       0,       0
24.970, 0.1693000 , -0.1938000, 9.6720000, 29.4952000,  32.9132000, 35.4004000, -38.8130000, -12.7670000, 6.2750000, 101223.480000,       0,       0,       0
24.980, 0.1633000 , -0.2177000, 9.6696000, 29.5105000,  33.0124000, 35.4080000, -38.9610000, -13.0080000, 6.8610000, 101223.480000,       0,       0,       0
24.990, 0.1537000 , -0.2345000, 9.6684000, 29.6097000,  32.9666000, 35.3775000, -38.9500000, -12.7750000, 6.3360000, 101226.110000,       0,       0,       0
25.000, 0.1430000 , -0.2440000, 9.6672000, 29.7852000,  32.8140000, 35.2936000, -38.8470000, -13.0590000, 6.8460000, 101226.110000,       0,       0,       0
25.010, 0.1394000 , -0.2440000, 9.6672000, 30.0217000,  32.5775000, 35.1410000, -38.9390000, -13.0160000, 6.1280000, 101222.840000,       0,       0,       0
25.020, 0.1489000 , -0.2321000, 9.6684000, 30.2353000,  32.3792000, 34.9121000, -38.7260000, -13.0310000, 6.0720000, 101222.840000,       0,       0,       0
25.030, 0.1669000 , -0.2141000, 9.6708000, 30.3192000,  32.3563000, 34.6985000, -38.9100000, -12.7490000, 6.3940000, 101222.770000,       0,       0,       0
25.040, 0.1812000 , -0.1974000, 9.6768000, 30.2124000,  32.5089000, 34.5917000, -38.7680000, -13.0590000, 6.2390000, 101222.770000,       0,       0,       0
25.050, 0.1860000 , -0.1938000, 9.6792000, 29.9835000,  32.7911000, 34.6680000, -38.6730000, -12.9930000, 6.0900000, 101224.730000,       0,       0,       0
25.060, 0.1788000 , -0.2058000, 9.6768000, 29.7241000,  33.1192000, 34.8969000, -39.4090000, -12.8770000, 6.3670000, 101224.730000,       0,       0,       0
25.070, 0.1645000 , -0.2249000, 9.6756000, 29.5715000,  33.3481000, 35.1562000, -38.9410000, -12.6430000, 5.9810000, 101223.620000,       0,       0,       0
25.080, 0.1513000 , -0.2345000, 9.6744000, 29.5105000,  33.3481000, 35.2936000, -38.9070000, -13.0190000, 6.7490000, 101223.620000,       0,       0,       0
25.090, 0.1382000 , -0.2309000, 9.6720000, 29.5258000,  33.1039000, 35.2554000, -39.0030000, -13.1520000, 6.2120000, 101221.300000,       0,       0,       0
25.100, 0.1274000 , -0.2249000, 9.6696000, 29.6249000,  32.6691000, 35.1334000, -39.0210000, -12.9830000, 6.2050000, 101221.300000,       0,       0,       0
25.110, 0.1262000 , -0.2189000, 9.6684000, 29.7928000,  32.1732000, 35.0418000, -38.9720000, -12.6250000, 6.3470000, 101224.510000,       0,       0,       0
25.120, 0.1418000 , -0.2129000, 9.6708000, 29.9530000,  31.7993000, 35.0189000, -38.9310000, -12.5700000, 6.3500000, 101224.510000,       0,       0,       0
25.130, 0.1657000 , -0.2082000, 9.6756000, 29.9683000,  31.7230000, 35.0571000, -39.2050000, -12.8010000, 5.5920000, 101224.500000,       0,       0,       0
25.140, 0.1848000 , -0.2105000, 9.6804000, 29.8080000,  31.9519000, 35.1868000, -38.9160000, -12.7270000, 5.9320000, 101224.500000,       0,       0,       0
25.150, 0.1968000 , -0.2237000, 9.6828000, 29.5868000,  32.3944000, 35.4080000, -38.8150000, -12.8040000, 6.1310000, 101224.680000,       0,       0,       0
25.160, 0.1968000 , -0.2393000, 9.6828000, 29.3808000,  32.9437000, 35.6369000, -39.0900000, -12.6570000, 6.7790000, 101224.680000,       0,       0,       0
25.170, 0.1872000 , -0.2500000, 9.6792000, 29.2435000,  33.4244000, 35.7742000, -38.8800000, -12.7330000, 6.2860000, 101222.770000,       0,       0,       0
25.180, 0.1717000 , -0.2512000, 9.6744000, 29.2130000,  33.6609000, 35.7132000, -38.9150000, -12.9260000, 6.3610000, 101222.770000,       0,       0,       0
25.190, 0.1549000 , -0.2428000, 9.6696000, 29.2816000,  33.6151000, 35.4996000, -39.1120000, -12.6730000, 7.3120000, 101226.430000,       0,       0,       0
25.200, 0.1382000 , -0.2261000, 9.6672000, 29.4113000,  33.3633000, 35.2631000, -38.8630000, -12.9170000, 6.6250000, 101226.430000,       0,       0,       0
25.210, 0.1286000 , -0.2105000, 9.6684000, 29.5258000,  32.9666000, 35.1257000, -39.0390000, -12.8790000, 6.3480000, 101222.920000,       0,       0,       0
25.220, 0.1310000 , -0.1986000, 9.6720000, 29.5334000,  32.5623000, 35.1181000, -38.6180000, -12.7070000, 6.6790000, 101222.920000,       0,       0,       0
25.230, 0.1418000 , -0.1938000, 9.6732000, 29.4571000,  32.3181000, 35.2020000, -38.8020000, -12.6190000, 6.7020000, 101223.620000,       0,       0,       0
25.240, 0.1525000 , -0.1998000, 9.6732000, 29.3503000,  32.2189000, 35.3165000, -39.2410000, -13.0740000, 7.0740000, 101223.620000,       0,       0,       0
25.250, 0.1609000 , -0.2141000, 9.6720000, 29.3274000,  32.2113000, 35.4233000, -39.2280000, -12.8890000, 6.1770000, 101224.840000,       0,       0,       0
25.260, 0.1645000 , -0.2285000, 9.6720000, 29.3884000,  32.2723000, 35.4919000, -39.0670000, -12.7550000, 6.6320000, 101224.840000,       0,       0,       0
25.270, 0.1657000 , -0.2333000, 9.6732000, 29.4647000,  32.3181000, 35.4919000, -39.2700000, -12.7370000, 6.5510000, 101221.230000,       0,       0,       0
25.280, 0.1693000 , -0.2333000, 9.6732000, 29.5410000,  32.3715000, 35.4233000, -39.2690000, -12.8500000, 6.8330000, 101221.230000,       0,       0,       0
25.290, 0.1729000 , -0.2309000, 9.6732000, 29.5715000,  32.4326000, 35.3165000, -39.0570000, -12.9030000, 6.5510000, 101222.730000,       0,       0,       0
25.300, 0.1741000 , -0.2297000, 9.6744000, 29.5563000,  32.5089000, 35.1944000, -39.1610000, -12.8440000, 6.0710000, 101222.730000,       0,       0,       0
25.310, 0.1765000 , -0.2321000, 9.6732000, 29.5105000,  32.6157000, 35.1105000, -39.0050000, -12.7220000, 6.5860000, 101223.470000,       0,       0,       0
25.320, 0.1776000 , -0.2345000, 9.6720000, 29.5029000,  32.7530000, 35.1028000, -39.1800000, -13.0350000, 6.4860000, 101223.470000,       0,       0,       0
25.330, 0.1753000 , -0.2345000, 9.6732000, 29.4952000,  32.9208000, 35.2020000, -39.0800000, -12.8040000, 6.4020000, 101223.790000,       0,       0,       0
25.340, 0.1681000 , -0.2309000, 9.6744000, 29.4571000,  33.0505000, 35.3928000, -39.1800000, -13.0700000, 6.2110000, 101223.790000,       0,       0,       0
25.350, 0.1585000 , -0.2261000, 9.6732000, 29.4189000,  33.0505000, 35.5682000, -38.7970000, -12.9290000, 6.3070000, 101223.800000,       0,       0,       0
25.360, 0.1489000 , -0.2201000, 9.6732000, 29.4189000,  32.9132000, 35.6445000, -39.1550000, -12.5280000, 6.3250000, 101223.800000,       0,       0,       0
25.370, 0.1477000 , -0.2141000, 9.6720000, 29.4495000,  32.6996000, 35.6140000, -39.4330000, -12.7060000, 6.2690000, 101224.620000,       0,       0,       0
25.380, 0.1549000 , -0.2105000, 9.6720000, 29.4876000,  32.5241000, 35.5301000, -39.3140000, -13.0830000, 6.5260000, 101224.620000,       0,       0,       0
25.390, 0.1633000 , -0.2141000, 9.6732000, 29.5258000,  32.4631000, 35.4614000, -39.1700000, -12.6010000, 6.0750000, 101223.640000,       0,       0,       0
25.400, 0.1705000 , -0.2225000, 9.6744000, 29.5258000,  32.5089000, 35.4309000, -39.0440000, -12.9120000, 6.5390000, 101223.640000,       0,       0,       0
25.410, 0.1729000 , -0.2345000, 9.6756000, 29.4952000,  32.6462000, 35.4233000, -39.0110000, -13.0740000, 6.5420000, 101224.670000,       0,       0,       0
25.420, 0.1717000 , -0.2452000, 9.6744000, 29.4876000,  32.8140000, 35.4156000, -39.2620000, -13.1380000, 6.2500000, 101224.670000,       0,       0,       0
25.430, 0.1645000 , -0.2464000, 9.6720000, 29.5029000,  32.9056000, 35.3775000, -39.2560000, -13.0100000, 6.2570000, 101224.510000,       0,       0,       0
25.440, 0.1561000 , -0.2417000, 9.6708000, 29.5410000,  32.8522000, 35.3317000, -39.2670000, -13.2220000, 6.2390000, 101224.510000,       0,       0,       0
25.450, 0.1477000 , -0.2333000, 9.6696000, 29.5792000,  32.6614000, 35.3394000, -39.1310000, -13.0500000, 5.9040000, 101224.160000,       0,       0,       0
25.460, 0.1465000 , -0.2249000, 9.6696000, 29.6173000,  32.4020000, 35.3928000, -39.3920000, -12.9240000, 6.4840000, 101224.160000,       0,       0,       0
25.470, 0.1537000 , -0.2237000, 9.6696000, 29.6707000,  32.1655000, 35.4233000, -39.0110000, -12.8210000, 6.3110000, 101220.940000,       0,       0,       0
25.480, 0.1657000 , -0.2297000, 9.6720000, 29.7241000,  32.0435000, 35.4385000, -38.9030000, -12.6480000, 6.7420000, 101220.940000,       0,       0,       0
25.490, 0.1788000 , -0.2417000, 9.6732000, 29.7623000,  32.0892000, 35.4462000, -39.0290000, -12.8610000, 6.7910000, 101224.670000,       0,       0,       0
25.500, 0.1884000 , -0.2572000, 9.6756000, 29.7775000,  32.3029000, 35.4462000, -39.2640000, -12.8100000, 6.6160000, 101224.670000,       0,       0,       0
25.510, 0.1920000 , -0.2692000, 9.6780000, 29.7546000,  32.6462000, 35.4309000, -38.9760000, -12.6640000, 6.9160000, 101223.700000,       0,       0,       0
25.520, 0.1860000 , -0.2692000, 9.6780000, 29.7165000,  33.1726000, 35.3470000, -39.2390000, -12.8990000, 6.5650000, 101223.700000,       0,       0,       0
25.530, 0.1729000 , -0.2548000, 9.6756000, 29.6783000,  33.3481000, 35.2783000, -39.2800000, -12.7830000, 6.2910000, 101224.680000,       0,       0,       0
25.540, 0.1573000 , -0.2369000, 9.6720000, 29.6478000,  33.2947000, 35.2402000, -39.3810000, -12.9420000, 6.3110000, 101224.680000,       0,       0,       0
25.550, 0.1465000 , -0.2189000, 9.6684000, 29.6783000,  33.0658000, 35.2631000, -39.0200000, -12.5640000, 6.6680000, 101222.580000,       0,       0,       0
25.560, 0.1442000 , -0.2070000, 9.6672000, 29.7470000,  32.7606000, 35.3394000, -39.0320000, -12.7200000, 6.1040000, 101222.580000,       0,       0,       0
25.570, 0.1513000 , -0.2022000, 9.6672000, 29.7775000,  32.4860000, 35.4309000, -39.2110000, -12.7210000, 6.3110000, 101222.910000,       0,       0,       0
25.580, 0.1669000 , -0.2094000, 9.6672000, 29.7699000,  32.3334000, 35.4767000, -39.2350000, -13.0100000, 6.5410000, 101222.910000,       0,       0,       0
25.590, 0.1800000 , -0.2237000, 9.6696000, 29.7546000,  32.3868000, 35.4843000, -38.8520000, -12.7620000, 6.3580000, 101223.800000,       0,       0,       0
25.600, 0.1908000 , -0.2369000, 9.6720000, 29.7241000,  32.5928000, 35.4691000, -39.1590000, -12.7410000, 6.4760000, 101223.800000,       0,       0,       0
25.610, 0.1908000 , -0.2500000, 9.6732000, 29.6631000,  32.8598000, 35.4385000, -39.0400000, -12.6480000, 6.1510000, 101223.620000,       0,       0,       0
25.620, 0.1824000 , -0.2584000, 9.6744000, 29.6097000,  33.0658000, 35.4156000, -39.3150000, -12.7880000, 6.0320000, 101223.620000,       0,       0,       0
25.630, 0.1741000 , -0.2584000, 9.6732000, 29.6173000,  33.1497000, 35.3775000, -38.9210000, -12.9830000, 6.3140000, 101226.270000,       0,       0,       0
25.640, 0.1669000 , -0.2500000, 9.6720000, 29.6631000,  33.0811000, 35.3012000, -39.4310000, -12.8910000, 6.3280000, 101226.270000,       0,       0,       0
25.650, 0.1609000 , -0.2369000, 9.6732000, 29.6707000,  32.9056000, 35.2097000, -39.4490000, -13.0530000, 6.1830000, 101224.670000,       0,       0,       0
25.660, 0.1597000 , -0.2273000, 9.6768000, 29.5944000,  32.7301000, 35.1715000, -39.1800000, -12.8900000, 5.9720000, 101224.670000,       0,       0,       0
25.670, 0.1609000 , -0.2237000, 9.6780000, 29.4266000,  32.6385000, 35.2783000, -39.3840000, -12.7720000, 6.6550000, 101224.570000,       0,       0,       0
25.680, 0.1705000 , -0.2273000, 9.6780000, 29.2435000,  32.7072000, 35.4919000, -38.8900000, -12.8940000, 6.9490000, 101224.570000,       0,       0,       0
25.690, 0.1824000 , -0.2345000, 9.6768000, 29.1138000,  32.9895000, 35.7437000, -39.1360000, -12.4220000, 6.3980000, 101221.330000,       0,       0,       0
25.700, 0.1908000 , -0.2428000, 9.6768000, 29.0070000,  33.3633000, 35.9344000, -38.8570000, -13.0330000, 6.6100000, 101221.330000,       0,       0,       0
25.710, 0.1908000 , -0.2572000, 9.6768000, 28.9154000,  33.6990000, 35.9879000, -39.2260000, -12.8570000, 6.7710000, 101224.830000,       0,       0,       0
25.720, 0.1824000 , -0.2680000, 9.6756000, 28.8467000,  33.8974000, 35.8582000, -39.0870000, -12.9110000, 6.3210000, 101224.830000,       0,       0,       0
25.730, 0.1669000 , -0.2656000, 9.6744000, 28.7247000,  33.9661000, 35.6216000, -39.2420000, -12.9450000, 6.4730000, 101224.840000,       0,       0,       0
25.740, 0.1501000 , -0.2500000, 9.6744000, 28.5034000,  33.9050000, 35.3699000, -39.0280000, -13.0260000, 6.6270000, 101224.840000,       0,       0,       0
25.750, 0.1358000 , -0.2357000, 9.6720000, 28.3203000,  33.6609000, 35.2478000, -38.9290000, -12.7600000, 6.7200000, 101224.670000,       0,       0,       0
25.760, 0.1250000 , -0.2261000, 9.6660000, 28.3737000,  33.3252000, 35.3699000, -38.9530000, -13.2370000, 6.3630000, 101224.670000,       0,       0,       0
25.770, 0.1262000 , -0.2189000, 9.6588000, 28.6942000,  32.9514000, 35.6293000, -39.0270000, -12.9310000, 6.1230000, 101223.620000,       0,       0,       0
25.780, 0.1394000 , -0.2165000, 9.6541000, 29.1214000,  32.6767000, 35.7971000, -39.3290000, -12.8750000, 6.4160000, 101223.620000,       0,       0,       0
25.790, 0.1513000 , -0.2213000, 9.6588000, 29.4952000,  32.5317000, 35.7819000, -39.1720000, -12.8170000, 6.5960000, 101224.160000,       0,       0,       0
25.800, 0.1609000 , -0.2285000, 9.6636000, 29.7470000,  32.4783000, 35.6750000, -39.1170000, -12.9780000, 6.4780000, 101224.160000,       0,       0,       0
25.810, 0.1657000 , -0.2357000, 9.6672000, 29.8767000,  32.5317000, 35.5225000, -39.1780000, -13.0760000, 6.3390000, 101222.730000,       0,       0,       0
25.820, 0.1669000 , -0.2417000, 9.6708000, 29.8996000,  32.5851000, 35.3165000, -39.3150000, -12.9910000, 6.8540000, 101222.730000,       0,       0,       0
25.830, 0.1633000 , -0.2488000, 9.6732000, 29.8538000,  32.6004000, 35.1257000, -39.1740000, -12.9770000, 6.3770000, 101223.620000,       0,       0,       0
25.840, 0.1573000 , -0.2548000, 9.6744000, 29.7928000,  32.6080000, 35.0494000, -39.2120000, -13.0880000, 6.6810000, 101223.620000,       0,       0,       0
25.850, 0.1537000 , -0.2596000, 9.6732000, 29.7089000,  32.5928000, 35.1562000, -39.4880000, -13.0490000, 6.7260000, 101224.690000,       0,       0,       0
25.860, 0.1537000 , -0.2740000, 9.6720000, 29.6478000,  32.5851000, 35.3928000, -38.9760000, -13.0720000, 6.6270000, 101224.690000,       0,       0,       0
25.870, 0.1585000 , -0.2883000, 9.6708000, 29.7089000,  32.6004000, 35.6293000, -38.6060000, -12.8310000, 6.8770000, 101223.290000,       0,       0,       0
25.880, 0.1669000 , -0.2943000, 9.6720000, 29.8386000,  32.6538000, 35.7437000, -38.9030000, -12.8130000, 6.1820000, 101223.290000,       0,       0,       0
25.890, 0.1729000 , -0.2907000, 9.6732000, 29.8920000,  32.7759000, 35.6674000, -38.5030000, -12.7270000, 6.7150000, 101222.890000,       0,       0,       0
25.900, 0.1705000 , -0.2799000, 9.6720000, 29.8462000,  32.8903000, 35.4538000, -39.2210000, -13.0240000, 6.7830000, 101222.890000,       0,       0,       0
25.910, 0.1621000 , -0.2644000, 9.6696000, 29.7852000,  32.9361000, 35.2097000, -38.9100000, -13.0940000, 6.3800000, 101226.280000,       0,       0,       0
25.920, 0.1513000 , -0.2500000, 9.6696000, 29.7623000,  32.8674000, 35.0571000, -39.0920000, -12.9300000, 6.5120000, 101226.280000,       0,       0,       0
25.930, 0.1442000 , -0.2369000, 9.6696000, 29.7775000,  32.6462000, 35.0189000, -38.9820000, -12.6410000, 6.2980000, 101223.950000,       0,       0,       0
25.940, 0.1430000 , -0.2261000, 9.6696000, 29.8080000,  32.3792000, 35.0494000, -39.1390000, -12.7990000, 6.8980000, 101223.950000,       0,       0,       0
25.950, 0.1465000 , -0.2213000, 9.6708000, 29.8233000,  32.1426000, 35.1257000, -38.8810000, -12.7050000, 7.2190000, 101223.790000,       0,       0,       0
25.960, 0.1513000 , -0.2225000, 9.6720000, 29.8309000,  31.9519000, 35.2325000, -39.1400000, -12.7430000, 6.8980000, 101223.790000,       0,       0,       0
25.970, 0.1537000 , -0.2333000, 9.6720000, 29.8843000,  31.8375000, 35.3241000, -38.8210000, -12.6800000, 6.9720000, 101224.500000,       0,       0,       0
25.980, 0.1561000 , -0.2464000, 9.6720000, 29.9911000,  31.7383000, 35.3317000, -39.0670000, -12.9060000, 6.8490000, 101224.500000,       0,       0,       0
25.990, 0.1657000 , -0.2560000, 9.6720000, 30.1514000,  31.6544000, 35.1639000, -39.1680000, -13.0870000, 6.2650000, 101223.640000,       0,       0,       0
26.000, 0.1896000 , -0.2608000, 9.6744000, 30.2963000,  31.7230000, 34.8587000, -39.1930000, -12.9460000, 6.7190000, 101223.640000,       0,       0,       0
26.010, 0.2195000 , -0.2656000, 9.6780000, 30.2887000,  32.1350000, 34.5612000, -39.0610000, -12.8790000, 6.9850000, 101224.750000,       0,       0,       0
26.020, 0.2375000 , -0.2692000, 9.6828000, 30.0446000,  32.9437000, 34.4925000, -39.6560000, -13.0170000, 6.4830000, 101224.750000,       0,       0,       0
26.030, 0.2363000 , -0.2716000, 9.6840000, 29.6478000,  33.9813000, 34.7137000, -39.2910000, -12.7720000, 6.3210000, 101222.730000,       0,       0,       0
26.040, 0.2123000 , -0.2751000, 9.6804000, 29.2282000,  34.8892000, 35.1334000, -39.4000000, -12.9680000, 6.8800000, 101222.730000,       0,       0,       0
26.050, 0.1693000 , -0.2823000, 9.6732000, 28.9307000,  35.3622000, 35.6064000, -39.1430000, -13.0180000, 6.1900000, 101222.810000,       0,       0,       0
26.060, 0.1250000 , -0.2883000, 9.6648000, 28.8849000,  35.2478000, 35.9650000, -39.3680000, -12.8560000, 6.8620000, 101222.810000,       0,       0,       0
26.070, 0.0903000 , -0.2763000, 9.6600000, 29.2740000,  34.1721000, 36.0489000, -38.9770000, -12.9310000, 6.0720000, 101222.840000,       0,       0,       0
26.080, 0.0963000 , -0.2464000, 9.6600000, 29.6631000,  33.2413000, 35.7971000, -39.0090000, -13.0780000, 6.3460000, 101222.840000,       0,       0,       0
26.090, 0.1214000 , -0.2105000, 9.6624000, 30.0064000,  32.4860000, 35.3928000, -39.4010000, -13.0470000, 6.6670000, 101224.560000,       0,       0,       0
26.100, 0.1513000 , -0.1890000, 9.6672000, 30.2048000,  32.0892000, 34.9808000, -39.1150000, -13.0470000, 5.9810000, 101224.560000,       0,       0,       0
26.110, 0.1729000 , -0.1914000, 9.6708000, 30.2353000,  32.0358000, 34.7366000, -39.2250000, -13.1000000, 6.0480000, 101226.070000,       0,       0,       0
26.120, 0.1776000 , -0.2165000, 9.6744000, 30.1056000,  32.2571000, 34.7290000, -39.1370000, -13.0980000, 6.2190000, 101226.070000,       0,       0,       0
26.130, 0.1729000 , -0.2488000, 9.6780000, 29.8691000,  32.5775000, 34.9426000, -39.1580000, -13.0110000, 5.8220000, 101224.840000,       0,       0,       0
26.140, 0.1657000 , -0.2763000, 9.6768000, 29.6249000,  32.8751000, 35.2554000, -39.3170000, -13.1650000, 6.2510000, 101224.840000,       0,       0,       0
26.150, 0.1549000 , -0.2955000, 9.6732000, 29.5258000,  33.0734000, 35.5225000, -39.0770000, -12.9240000, 6.7570000, 101224.670000,       0,       0,       0
26.160, 0.1465000 , -0.3003000, 9.6696000, 29.5944000,  33.1345000, 35.6750000, -39.3980000, -13.0740000, 5.9720000, 101224.670000,       0,       0,       0
26.170, 0.1442000 , -0.2883000, 9.6672000, 29.7470000,  33.0811000, 35.6369000, -39.1870000, -12.7190000, 5.9890000, 101223.040000,       0,       0,       0
26.180, 0.1489000 , -0.2680000, 9.6684000, 29.8996000,  32.9742000, 35.4462000, -39.1100000, -13.1380000, 6.2640000, 101223.040000,       0,       0,       0
26.190, 0.1561000 , -0.2524000, 9.6696000, 29.9911000,  32.8827000, 35.2020000, -39.2730000, -12.6190000, 6.8650000, 101222.960000,       0,       0,       0
26.200, 0.1609000 , -0.2440000, 9.6720000, 30.0522000,  32.8903000, 35.0113000, -39.1750000, -12.8640000, 6.4530000, 101222.960000,       0,       0,       0
26.210, 0.1609000 , -0.2381000, 9.6744000, 30.0674000,  32.9437000, 34.8969000, -39.4750000, -12.4330000, 6.7650000, 101223.900000,       0,       0,       0
26.220, 0.1561000 , -0.2369000, 9.6756000, 30.0522000,  32.9819000, 34.8206000, -39.0550000, -13.0450000, 6.6420000, 101223.900000,       0,       0,       0
26.230, 0.1465000 , -0.2417000, 9.6756000, 30.0369000,  32.9590000, 34.7748000, -39.1270000, -12.8530000, 6.7020000, 101224.530000,       0,       0,       0
26.240, 0.1394000 , -0.2500000, 9.6720000, 30.0674000,  32.8217000, 34.7366000, -39.1430000, -13.2490000, 6.4490000, 101224.530000,       0,       0,       0
26.250, 0.1358000 , -0.2524000, 9.6696000, 30.1743000,  32.6385000, 34.6985000, -39.2720000, -13.1770000, 6.0000000, 101223.450000,       0,       0,       0
26.260, 0.1346000 , -0.2476000, 9.6708000, 30.2811000,  32.4173000, 34.6832000, -39.2800000, -12.9110000, 5.8230000, 101223.450000,       0,       0,       0
26.270, 0.1358000 , -0.2428000, 9.6720000, 30.3345000,  32.2189000, 34.7366000, -39.0280000, -13.0120000, 6.6620000, 101224.630000,       0,       0,       0
26.280, 0.1406000 , -0.2369000, 9.6732000, 30.3268000,  32.0740000, 34.8053000, -39.3920000, -12.9520000, 6.0000000, 101224.630000,       0,       0,       0
26.290, 0.1477000 , -0.2297000, 9.6756000, 30.3040000,  31.9595000, 34.8434000, -39.4560000, -12.6290000, 5.8130000, 101223.870000,       0,       0,       0
26.300, 0.1585000 , -0.2237000, 9.6756000, 30.2734000,  31.8909000, 34.7977000, -39.2940000, -12.9050000, 5.7120000, 101223.870000,       0,       0,       0
26.310, 0.1681000 , -0.2177000, 9.6744000, 30.2200000,  31.9366000, 34.7290000, -39.1530000, -13.2590000, 6.1880000, 101224.520000,       0,       0,       0
26.320, 0.1717000 , -0.2177000, 9.6732000, 30.1285000,  32.1121000, 34.7290000, -39.2420000, -13.0670000, 5.5190000, 101224.520000,       0,       0,       0
26.330, 0.1705000 , -0.2249000, 9.6720000, 30.0369000,  32.3410000, 34.8358000, -39.0620000, -13.0730000, 6.1070000, 101224.840000,       0,       0,       0
26.340, 0.1669000 , -0.2369000, 9.6696000, 29.9606000,  32.5470000, 35.0189000, -38.8720000, -12.9690000, 6.1250000, 101224.840000,       0,       0,       0
26.350, 0.1585000 , -0.2464000, 9.6684000, 29.9377000,  32.6385000, 35.1791000, -39.1570000, -12.8950000, 6.0980000, 101224.700000,       0,       0,       0
26.360, 0.1489000 , -0.2524000, 9.6672000, 29.9301000,  32.5623000, 35.2707000, -39.1190000, -13.1390000, 5.9470000, 101224.700000,       0,       0,       0
26.370, 0.1465000 , -0.2572000, 9.6696000, 29.9301000,  32.3944000, 35.3165000, -39.2250000, -12.8710000, 5.7020000, 101223.960000,       0,       0,       0
26.380, 0.1501000 , -0.2548000, 9.6720000, 29.9301000,  32.1960000, 35.3165000, -39.6240000, -13.1720000, 5.5890000, 101223.960000,       0,       0,       0
26.390, 0.1633000 , -0.2428000, 9.6744000, 29.8996000,  32.0663000, 35.2783000, -39.3330000, -12.9640000, 5.9780000, 101224.900000,       0,       0,       0
26.400, 0.1776000 , -0.2321000, 9.6756000, 29.8004000,  32.1045000, 35.2325000, -39.6120000, -13.4240000, 6.6540000, 101224.900000,       0,       0,       0
26.410, 0.1872000 , -0.2333000, 9.6744000, 29.6783000,  32.2800000, 35.2402000, -39.2780000, -13.2830000, 6.1740000, 101223.800000,       0,       0,       0
26.420, 0.1884000 , -0.2476000, 9.6744000, 29.5715000,  32.5470000, 35.3317000, -39.3320000, -13.0800000, 6.2920000, 101223.800000,       0,       0,       0
26.430, 0.1824000 , -0.2644000, 9.6732000, 29.5029000,  32.7759000, 35.4385000, -39.1850000, -13.0530000, 5.7520000, 101221.330000,       0,       0,       0
26.440, 0.1753000 , -0.2763000, 9.6708000, 29.5258000,  32.9132000, 35.4691000, -39.2730000, -13.2210000, 6.4470000, 101221.330000,       0,       0,       0
26.450, 0.1669000 , -0.2716000, 9.6696000, 29.6402000,  32.9514000, 35.4156000, -39.6490000, -13.0670000, 6.4520000, 101221.430000,       0,       0,       0
26.460, 0.1633000 , -0.2500000, 9.6696000, 29.7623000,  32.8598000, 35.2936000, -39.5470000, -13.1370000, 5.8230000, 101221.430000,       0,       0,       0
26.470, 0.1633000 , -0.2213000, 9.6708000, 29.8309000,  32.7530000, 35.2020000, -39.2600000, -13.2000000, 6.8740000, 101226.450000,       0,       0,       0
26.480, 0.1645000 , -0.1974000, 9.6720000, 29.8309000,  32.6843000, 35.1944000, -39.3710000, -13.3410000, 6.5990000, 101226.450000,       0,       0,       0
26.490, 0.1681000 , -0.1902000, 9.6744000, 29.7318000,  32.6614000, 35.2707000, -39.5440000, -13.4290000, 6.5320000, 101223.900000,       0,       0,       0
26.500, 0.1717000 , -0.2034000, 9.6744000, 29.5715000,  32.7225000, 35.4156000, -39.5420000, -13.0180000, 6.8880000, 101223.900000,       0,       0,       0
26.510, 0.1753000 , -0.2297000, 9.6744000, 29.4266000,  32.8674000, 35.5911000, -39.3540000, -13.0430000, 7.0570000, 101225.230000,       0,       0,       0
26.520, 0.1800000 , -0.2548000, 9.6744000, 29.3121000,  33.0811000, 35.7590000, -39.4350000, -13.0100000, 6.7750000, 101225.230000,       0,       0,       0
26.530, 0.1765000 , -0.2740000, 9.6732000, 29.2053000,  33.2718000, 35.9039000, -39.5620000, -13.1950000, 6.8990000, 101222.210000,       0,       0,       0
26.540, 0.1669000 , -0.2907000, 9.6708000, 29.2130000,  33.3786000, 36.0184000, -39.4920000, -13.0310000, 6.7230000, 101222.210000,       0,       0,       0
26.550, 0.1537000 , -0.2931000, 9.6696000, 29.4037000,  33.3405000, 36.0413000, -39.3300000, -13.3710000, 6.5150000, 101223.840000,       0,       0,       0
26.560, 0.1477000 , -0.2763000, 9.6684000, 29.6936000,  33.1268000, 35.8963000, -39.0860000, -13.3710000, 6.8770000, 101223.840000,       0,       0,       0
26.570, 0.1453000 , -0.2512000, 9.6708000, 29.9454000,  32.8064000, 35.6522000, -39.2770000, -13.1670000, 5.8090000, 101224.580000,       0,       0,       0
26.580, 0.1513000 , -0.2261000, 9.6756000, 30.0522000,  32.5012000, 35.4156000, -39.5250000, -12.8130000, 6.0730000, 101224.580000,       0,       0,       0
26.590, 0.1633000 , -0.2082000, 9.6816000, 29.9606000,  32.3029000, 35.2402000, -39.1840000, -12.9520000, 6.5040000, 101226.530000,       0,       0,       0
26.600, 0.1860000 , -0.2082000, 9.6875000, 29.3655000,  32.3563000, 35.0571000, -39.5240000, -13.1080000, 6.1190000, 101226.530000,       0,       0,       0
26.610, 0.1884000 , -0.2345000, 9.6852000, 28.8925000,  32.5775000, 35.0037000, -39.3880000, -12.9560000, 6.2370000, 101223.810000,       0,       0,       0
26.620, 0.1741000 , -0.2716000, 9.6780000, 28.5950000,  32.7301000, 35.0113000, -39.3490000, -13.0670000, 6.2260000, 101223.810000,       0,       0,       0
26.630, 0.1525000 , -0.2991000, 9.6708000, 28.5492000,  32.6843000, 35.0342000, -39.3780000, -12.9810000, 5.5240000, 101224.570000,       0,       0,       0
26.640, 0.1370000 , -0.3003000, 9.6660000, 28.6942000,  32.4478000, 35.0342000, -39.3060000, -13.4840000, 6.5080000, 101224.570000,       0,       0,       0
26.650, 0.1346000 , -0.2787000, 9.6672000, 28.8467000,  32.0663000, 35.0037000, -39.4890000, -13.0070000, 6.4610000, 101221.480000,       0,       0,       0
26.660, 0.1465000 , -0.2500000, 9.6732000, 28.8467000,  31.7230000, 34.9274000, -39.3900000, -13.3590000, 6.0440000, 101221.480000,       0,       0,       0
26.670, 0.1705000 , -0.2165000, 9.6828000, 28.5416000,  31.6696000, 34.8053000, -39.1830000, -12.8640000, 6.0430000, 101221.550000,       0,       0,       0
26.680, 0.1980000 , -0.1974000, 9.6852000, 28.0151000,  31.9519000, 34.6222000, -39.6200000, -13.1740000, 5.9880000, 101221.550000,       0,       0,       0
26.690, 0.2123000 , -0.1950000, 9.6804000, 27.6260000,  32.3868000, 34.3781000, -39.3930000, -13.0100000, 5.9360000, 101224.550000,       0,       0,       0
26.700, 0.2135000 , -0.2034000, 9.6696000, 27.4658000,  32.9132000, 34.1568000, -39.4730000, -13.5150000, 6.6420000, 101224.550000,       0,       0,       0
26.710, 0.2016000 , -0.2189000, 9.6588000, 27.5497000,  33.4702000, 34.0881000, -39.5000000, -12.6660000, 5.6730000, 101221.690000,       0,       0,       0
26.720, 0.1788000 , -0.2512000, 9.6541000, 27.9541000,  33.7906000, 34.2560000, -39.5770000, -12.9880000, 6.3290000, 101221.690000,       0,       0,       0
26.730, 0.1525000 , -0.2919000, 9.6529000, 28.6255000,  33.7677000, 34.6985000, -39.4610000, -13.0220000, 6.8680000, 101223.160000,       0,       0,       0
26.740, 0.1334000 , -0.3230000, 9.6564000, 29.3427000,  33.4854000, 35.2707000, -39.4730000, -13.0350000, 6.5440000, 101223.160000,       0,       0,       0
26.750, 0.1310000 , -0.3338000, 9.6648000, 29.7852000,  33.0734000, 35.7437000, -39.1310000, -13.1720000, 7.0700000, 101225.100000,       0,       0,       0
26.760, 0.1406000 , -0.3278000, 9.6768000, 29.7546000,  32.7072000, 35.9879000, -39.5220000, -13.4430000, 6.5940000, 101225.100000,       0,       0,       0
26.770, 0.1573000 , -0.3110000, 9.6864000, 29.3427000,  32.4554000, 36.0718000, -39.3450000, -12.9980000, 6.1290000, 101227.880000,       0,       0,       0
26.780, 0.1753000 , -0.2835000, 9.6935000, 28.6713000,  32.4097000, 36.1252000, -39.2260000, -13.0800000, 6.1740000, 101227.880000,       0,       0,       0
26.790, 0.1896000 , -0.2500000, 9.6971000, 27.7710000,  32.6843000, 36.1862000, -39.4130000, -13.2040000, 5.9960000, 101224.180000,       0,       0,       0
26.800, 0.2016000 , -0.2273000, 9.6923000, 26.8021000,  33.5159000, 36.1176000, -39.5580000, -13.4570000, 6.1910000, 101224.180000,       0,       0,       0
26.810, 0.2135000 , -0.2321000, 9.6792000, 25.9628000,  34.5459000, 35.7666000, -39.4750000, -12.8700000, 5.9880000, 101225.100000,       0,       0,       0
26.820, 0.2040000 , -0.2632000, 9.6660000, 25.7034000,  35.0647000, 35.3470000, -39.4060000, -12.7870000, 6.1420000, 101225.100000,       0,       0,       0
26.830, 0.1717000 , -0.3063000, 9.6552000, 26.0925000,  35.2173000, 35.1562000, -39.4940000, -13.0400000, 6.4480000, 101224.700000,       0,       0,       0
26.840, 0.1322000 , -0.3505000, 9.6481000, 26.9852000,  34.9045000, 35.2325000, -39.4010000, -12.8530000, 6.1590000, 101224.700000,       0,       0,       0
26.850, 0.1035000 , -0.3768000, 9.6469000, 28.0838000,  34.1339000, 35.4233000, -39.3020000, -13.1360000, 5.9350000, 101226.600000,       0,       0,       0
26.860, 0.0951000 , -0.3744000, 9.6457000, 29.1672000,  33.3328000, 35.5301000, -39.3510000, -13.0330000, 6.5030000, 101226.600000,       0,       0,       0
26.870, 0.1023000 , -0.3481000, 9.6481000, 30.0217000,  32.5623000, 35.4767000, -39.2900000, -12.9870000, 6.1600000, 101223.270000,       0,       0,       0
26.880, 0.1226000 , -0.3086000, 9.6564000, 30.5099000,  32.0053000, 35.4080000, -39.4210000, -12.7160000, 5.6370000, 101223.270000,       0,       0,       0
26.890, 0.1489000 , -0.2787000, 9.6684000, 30.6244000,  31.8527000, 35.4767000, -39.4280000, -13.0450000, 6.1180000, 101221.760000,       0,       0,       0
26.900, 0.1741000 , -0.2716000, 9.6768000, 30.4260000,  32.0282000, 35.6903000, -39.4630000, -13.2030000, 5.8930000, 101221.760000,       0,       0,       0
26.910, 0.1896000 , -0.2883000, 9.6804000, 30.0369000,  32.4783000, 35.9726000, -39.3970000, -12.7420000, 5.9460000, 101223.800000,       0,       0,       0
26.920, 0.1884000 , -0.3242000, 9.6804000, 29.6402000,  33.0429000, 36.2396000, -39.4800000, -12.9310000, 5.8710000, 101223.800000,       0,       0,       0
26.930, 0.1741000 , -0.3625000, 9.6768000, 29.3579000,  33.5007000, 36.4609000, -39.4890000, -13.0920000, 6.7510000, 101224.050000,       0,       0,       0
26.940, 0.1561000 , -0.3912000, 9.6684000, 29.3655000,  33.7448000, 36.5982000, -39.4110000, -13.0570000, 5.8010000, 101224.050000,       0,       0,       0
26.950, 0.1370000 , -0.4020000, 9.6624000, 29.6936000,  33.6685000, 36.6592000, -39.3970000, -13.2740000, 6.0280000, 101223.700000,       0,       0,       0
26.960, 0.1214000 , -0.3876000, 9.6612000, 30.2124000,  33.2718000, 36.6211000, -39.5200000, -13.1670000, 6.5390000, 101223.700000,       0,       0,       0
26.970, 0.1214000 , -0.3505000, 9.6648000, 30.6168000,  32.7072000, 36.4456000, -39.6040000, -13.0360000, 5.9320000, 101224.220000,       0,       0,       0
26.980, 0.1418000 , -0.3051000, 9.6696000, 30.8380000,  32.3486000, 36.1557000, -39.6500000, -13.1470000, 6.2930000, 101224.220000,       0,       0,       0
26.990, 0.1621000 , -0.2608000, 9.6768000, 30.8456000,  32.2342000, 35.8734000, -39.5040000, -13.1500000, 6.5690000, 101223.330000,       0,       0,       0
27.000, 0.1765000 , -0.2261000, 9.6816000, 30.5710000,  32.4402000, 35.7513000, -39.5720000, -13.2410000, 6.1600000, 101223.330000,       0,       0,       0
27.010, 0.1776000 , -0.2189000, 9.6816000, 30.1056000,  32.8979000, 35.8200000, -39.3730000, -13.2140000, 5.9670000, 101224.220000,       0,       0,       0
27.020, 0.1597000 , -0.2452000, 9.6768000, 29.7623000,  33.2336000, 35.9726000, -39.3420000, -13.0530000, 5.8630000, 101224.220000,       0,       0,       0
27.030, 0.1382000 , -0.2847000, 9.6672000, 29.7699000,  33.3176000, 36.0107000, -39.2360000, -13.1620000, 5.4830000, 101223.190000,       0,       0,       0
27.040, 0.1214000 , -0.3146000, 9.6600000, 30.1285000,  33.0429000, 35.7590000, -39.3780000, -13.1970000, 5.9990000, 101223.190000,       0,       0,       0
27.050, 0.1142000 , -0.3230000, 9.6564000, 30.6473000,  32.4707000, 35.2325000, -39.5650000, -12.8320000, 6.1270000, 101225.090000,       0,       0,       0
27.060, 0.1214000 , -0.3086000, 9.6576000, 31.1432000,  31.8451000, 34.6298000, -39.6170000, -12.9120000, 6.2190000, 101225.090000,       0,       0,       0
27.070, 0.1418000 , -0.2847000, 9.6636000, 31.5094000,  31.4102000, 34.1721000, -39.4680000, -13.3080000, 5.5980000, 101223.450000,       0,       0,       0
27.080, 0.1657000 , -0.2632000, 9.6696000, 31.6391000,  31.3187000, 34.0576000, -39.6880000, -13.3930000, 6.2560000, 101223.450000,       0,       0,       0
27.090, 0.1848000 , -0.2596000, 9.6768000, 31.4713000,  31.6010000, 34.3323000, -39.3640000, -13.0240000, 6.2020000, 101223.840000,       0,       0,       0
27.100, 0.1920000 , -0.2787000, 9.6840000, 31.0516000,  32.1579000, 34.9045000, -39.5110000, -12.9860000, 6.0270000, 101223.840000,       0,       0,       0
27.110, 0.1896000 , -0.3134000, 9.6875000, 30.5176000,  32.7530000, 35.5301000, -39.5800000, -12.9460000, 6.0550000, 101226.190000,       0,       0,       0
27.120, 0.1812000 , -0.3493000, 9.6840000, 30.0522000,  33.2642000, 35.9726000, -39.4320000, -13.2230000, 6.7710000, 101226.190000,       0,       0,       0
27.130, 0.1693000 , -0.3732000, 9.6768000, 29.8233000,  33.5770000, 36.0718000, -39.5030000, -13.1500000, 6.1450000, 101224.150000,       0,       0,       0
27.140, 0.1561000 , -0.3756000, 9.6708000, 29.9072000,  33.6075000, 35.8200000, -39.5300000, -12.9760000, 5.7510000, 101224.150000,       0,       0,       0
27.150, 0.1453000 , -0.3541000, 9.6672000, 30.1666000,  33.4167000, 35.3699000, -39.5970000, -12.8060000, 6.6240000, 101222.930000,       0,       0,       0
27.160, 0.1406000 , -0.2931000, 9.6612000, 30.6854000,  32.9590000, 34.7214000, -39.6450000, -12.9910000, 6.3570000, 101222.930000,       0,       0,       0
27.170, 0.1418000 , -0.2584000, 9.6612000, 31.0516000,  32.7072000, 34.5459000, -39.5230000, -13.2630000, 6.9000000, 101220.680000,       0,       0,       0
27.180, 0.1406000 , -0.2309000, 9.6672000, 31.2195000,  32.4936000, 34.6222000, -39.6770000, -13.1950000, 6.6570000, 101220.680000,       0,       0,       0
27.190, 0.1453000 , -0.2129000, 9.6744000, 31.0440000,  32.4097000, 34.8816000, -39.3710000, -13.2250000, 6.1750000, 101225.030000,       0,       0,       0
27.200, 0.1513000 , -0.2105000, 9.6804000, 30.6320000,  32.4631000, 35.2020000, -39.2430000, -13.1820000, 6.1920000, 101225.030000,       0,       0,       0
27.210, 0.1549000 , -0.2237000, 9.6816000, 30.1971000,  32.5775000, 35.4614000, -39.4190000, -13.0290000, 6.4130000, 101227.000000,       0,       0,       0
27.220, 0.1537000 , -0.2452000, 9.6780000, 29.9149000,  32.6614000, 35.5072000, -39.4140000, -13.2760000, 6.3280000, 101227.000000,       0,       0,       0
27.230, 0.1465000 , -0.2608000, 9.6708000, 29.8309000,  32.5775000, 35.2936000, -39.6200000, -13.3180000, 6.2800000, 101224.220000,       0,       0,       0
27.240, 0.1382000 , -0.2716000, 9.6660000, 29.9225000,  32.3334000, 34.9503000, -39.3200000, -12.8290000, 5.7410000, 101224.220000,       0,       0,       0
27.250, 0.1418000 , -0.2775000, 9.6636000, 30.1361000,  32.0358000, 34.6527000, -39.6410000, -13.0010000, 5.9340000, 101223.340000,       0,       0,       0
27.260, 0.1537000 , -0.2763000, 9.6648000, 30.3879000,  31.8604000, 34.4849000, -39.5320000, -13.0480000, 6.0990000, 101223.340000,       0,       0,       0
27.270, 0.1705000 , -0.2704000, 9.6720000, 30.5023000,  31.9443000, 34.5001000, -39.4940000, -12.8100000, 6.2540000, 101222.930000,       0,       0,       0
27.280, 0.1836000 , -0.2680000, 9.6780000, 30.3650000,  32.2800000, 34.6909000, -39.5190000, -13.0650000, 6.0170000, 101222.930000,       0,       0,       0
27.290, 0.1848000 , -0.2716000, 9.6804000, 30.0369000,  32.7530000, 34.9808000, -39.5160000, -12.9030000, 5.8270000, 101226.440000,       0,       0,       0
27.300, 0.1800000 , -0.2787000, 9.6780000, 29.6860000,  33.1955000, 35.2783000, -39.5160000, -13.0260000, 6.1200000, 101226.440000,       0,       0,       0
27.310, 0.1645000 , -0.2847000, 9.6744000, 29.4418000,  33.4015000, 35.4919000, -39.4660000, -12.9250000, 5.6100000, 101221.350000,       0,       0,       0
27.320, 0.1453000 , -0.2871000, 9.6708000, 29.3732000,  33.3099000, 35.5835000, -39.6080000, -12.8880000, 5.8830000, 101221.350000,       0,       0,       0
27.330, 0.1346000 , -0.2787000, 9.6684000, 29.4418000,  32.9971000, 35.5759000, -39.4550000, -13.1370000, 5.4410000, 101223.980000,       0,       0,       0
27.340, 0.1334000 , -0.2596000, 9.6672000, 29.5715000,  32.5851000, 35.5072000, -39.5970000, -13.0080000, 5.7750000, 101223.980000,       0,       0,       0
27.350, 0.1406000 , -0.2428000, 9.6684000, 29.7012000,  32.2266000, 35.4309000, -39.6180000, -12.9280000, 5.9840000, 101224.730000,       0,       0,       0
27.360, 0.1561000 , -0.2369000, 9.6708000, 29.8004000,  32.0282000, 35.4156000, -39.7110000, -12.7840000, 5.8310000, 101224.730000,       0,       0,       0
27.370, 0.1693000 , -0.2464000, 9.6756000, 29.8615000,  32.0129000, 35.4156000, -39.5850000, -12.8220000, 6.1630000, 101225.150000,       0,       0,       0
27.380, 0.1776000 , -0.2644000, 9.6792000, 29.8309000,  32.1503000, 35.3775000, -39.7130000, -12.9220000, 5.4040000, 101225.150000,       0,       0,       0
27.390, 0.1824000 , -0.2847000, 9.6792000, 29.7165000,  32.4326000, 35.3088000, -39.5730000, -13.0550000, 5.9950000, 101223.840000,       0,       0,       0
27.400, 0.1776000 , -0.2991000, 9.6768000, 29.6097000,  32.7377000, 35.2478000, -39.5730000, -13.0910000, 5.9860000, 101223.840000,       0,       0,       0
27.410, 0.1681000 , -0.3027000, 9.6720000, 29.6021000,  32.9285000, 35.2097000, -39.4920000, -13.2100000, 6.0130000, 101221.610000,       0,       0,       0
27.420, 0.1561000 , -0.2931000, 9.6672000, 29.6936000,  32.9666000, 35.1868000, -39.5950000, -12.7750000, 5.8360000, 101221.610000,       0,       0,       0
27.430, 0.1453000 , -0.2740000, 9.6660000, 29.8157000,  32.8217000, 35.1639000, -39.6960000, -12.8400000, 6.4950000, 101222.960000,       0,       0,       0
27.440, 0.1406000 , -0.2548000, 9.6684000, 29.9149000,  32.5546000, 35.1410000, -39.5760000, -13.0940000, 6.1810000, 101222.960000,       0,       0,       0
27.450, 0.1453000 , -0.2345000, 9.6696000, 29.9377000,  32.2723000, 35.1257000, -39.6730000, -12.7740000, 5.8620000, 101224.370000,       0,       0,       0
27.460, 0.1573000 , -0.2249000, 9.6720000, 29.8309000,  32.1350000, 35.2097000, -39.7370000, -13.1910000, 6.2160000, 101224.370000,       0,       0,       0
27.470, 0.1705000 , -0.2333000, 9.6744000, 29.6326000,  32.1732000, 35.4309000, -39.6380000, -13.1060000, 6.0440000, 101224.120000,       0,       0,       0
27.480, 0.1824000 , -0.2584000, 9.6756000, 29.4266000,  32.3639000, 35.7208000, -39.8220000, -12.9030000, 6.7320000, 101224.120000,       0,       0,       0
27.490, 0.1908000 , -0.2943000, 9.6756000, 29.2664000,  32.6767000, 35.9726000, -39.3860000, -12.9740000, 6.4220000, 101224.220000,       0,       0,       0
27.500, 0.1860000 , -0.3314000, 9.6756000, 29.2130000,  32.9590000, 36.0718000, -39.4670000, -12.9190000, 6.5140000, 101224.220000,       0,       0,       0
27.510, 0.1729000 , -0.3565000, 9.6732000, 29.2892000,  33.0811000, 35.9650000, -39.6500000, -12.8950000, 6.2690000, 101223.870000,       0,       0,       0
27.520, 0.1585000 , -0.3577000, 9.6684000, 29.5181000,  32.9666000, 35.6750000, -39.7280000, -13.0600000, 6.2980000, 101223.870000,       0,       0,       0
27.530, 0.1465000 , -0.3278000, 9.6648000, 29.8538000,  32.6843000, 35.3165000, -39.6610000, -13.2870000, 5.6630000, 101223.980000,       0,       0,       0
27.540, 0.1442000 , -0.2740000, 9.6648000, 30.1590000,  32.3486000, 35.0342000, -39.5990000, -13.0020000, 5.6170000, 101223.980000,       0,       0,       0
27.550, 0.1513000 , -0.2177000, 9.6672000, 30.3345000,  32.0816000, 34.9197000, -39.5370000, -12.9180000, 5.7330000, 101224.070000,       0,       0,       0
27.560, 0.1609000 , -0.1794000, 9.6720000, 30.3116000,  31.8832000, 34.9731000, -39.7380000, -13.2210000, 6.0840000, 101224.070000,       0,       0,       0
27.570, 0.1693000 , -0.1699000, 9.6732000, 30.1056000,  31.8375000, 35.1334000, -39.8470000, -12.8630000, 5.8930000, 101222.280000,       0,       0,       0
27.580, 0.1741000 , -0.1914000, 9.6732000, 29.8767000,  31.8832000, 35.3394000, -39.6060000, -13.1230000, 6.2870000, 101222.280000,       0,       0,       0
27.590, 0.1729000 , -0.2309000, 9.6720000, 29.7165000,  31.9595000, 35.5377000, -39.8450000, -12.7890000, 6.6020000, 101225.120000,       0,       0,       0
27.600, 0.1765000 , -0.2704000, 9.6708000, 29.6097000,  32.0511000, 35.6369000, -39.5280000, -13.0100000, 6.4410000, 101225.120000,       0,       0,       0
27.610, 0.1860000 , -0.3003000, 9.6684000, 29.5639000,  32.1884000, 35.6064000, -39.5650000, -12.9750000, 6.4920000, 101224.600000,       0,       0,       0
27.620, 0.1920000 , -0.3206000, 9.6684000, 29.6097000,  32.3563000, 35.4385000, -39.8450000, -12.9900000, 7.0320000, 101224.600000,       0,       0,       0
27.630, 0.1992000 , -0.3290000, 9.6684000, 29.7775000,  32.5699000, 35.1791000, -39.5070000, -13.0310000, 6.9590000, 101223.190000,       0,       0,       0
27.640, 0.2028000 , -0.3230000, 9.6696000, 29.9835000,  32.8293000, 34.8816000, -39.4910000, -13.0510000, 5.2920000, 101223.190000,       0,       0,       0
27.650, 0.2004000 , -0.3110000, 9.6708000, 30.0980000,  33.0734000, 34.6146000, -39.5690000, -13.2160000, 5.7060000, 101224.950000,       0,       0,       0
27.660, 0.1896000 , -0.2979000, 9.6732000, 30.0827000,  33.2718000, 34.5306000, -39.8030000, -12.9410000, 6.4960000, 101224.950000,       0,       0,       0
27.670, 0.1765000 , -0.2835000, 9.6744000, 29.9835000,  33.3710000, 34.6680000, -39.3880000, -12.8400000, 6.2920000, 101223.490000,       0,       0,       0
27.680, 0.1669000 , -0.2644000, 9.6744000, 29.8309000,  33.3862000, 34.9731000, -39.6050000, -12.8930000, 6.0990000, 101223.490000,       0,       0,       0
27.690, 0.1585000 , -0.2476000, 9.6732000, 29.6097000,  33.2947000, 35.3470000, -39.8250000, -12.8120000, 6.2210000, 101221.220000,       0,       0,       0
27.700, 0.1513000 , -0.2369000, 9.6696000, 29.4113000,  33.0963000, 35.6598000, -39.6430000, -12.8950000, 6.3630000, 101221.220000,       0,       0,       0
27.710, 0.1430000 , -0.2393000, 9.6660000, 29.3274000,  32.7911000, 35.8276000, -39.7890000, -12.8970000, 6.1470000, 101224.480000,       0,       0,       0
27.720, 0.1430000 , -0.2500000, 9.6648000, 29.4266000,  32.4020000, 35.8276000, -39.9470000, -12.8980000, 5.8320000, 101224.480000,       0,       0,       0
27.730, 0.1609000 , -0.2572000, 9.6672000, 29.7318000,  31.9824000, 35.6140000, -39.7250000, -12.6620000, 6.2850000, 101224.070000,       0,       0,       0
27.740, 0.1800000 , -0.2584000, 9.6708000, 29.8767000,  31.9138000, 35.4385000, -39.7260000, -12.6550000, 5.6850000, 101224.070000,       0,       0,       0
27.750, 0.1920000 , -0.2620000, 9.6744000, 29.9301000,  32.0358000, 35.3165000, -39.6010000, -12.6940000, 6.0650000, 101224.620000,       0,       0,       0
27.760, 0.1968000 , -0.2680000, 9.6768000, 29.8843000,  32.2800000, 35.2707000, -39.5430000, -12.6580000, 6.6650000, 101224.620000,       0,       0,       0
27.770, 0.1992000 , -0.2763000, 9.6768000, 29.7928000,  32.5775000, 35.2936000, -39.6950000, -12.8530000, 6.6580000, 101223.720000,       0,       0,       0
27.780, 0.1932000 , -0.2799000, 9.6756000, 29.7165000,  32.8522000, 35.3241000, -39.5630000, -12.8930000, 6.9140000, 101223.720000,       0,       0,       0
27.790, 0.1824000 , -0.2763000, 9.6732000, 29.6631000,  33.0429000, 35.3622000, -39.7060000, -12.9720000, 6.6330000, 101224.270000,       0,       0,       0
27.800, 0.1681000 , -0.2728000, 9.6720000, 29.6249000,  33.0734000, 35.4156000, -39.7890000, -13.0560000, 6.5490000, 101224.270000,       0,       0,       0
27.810, 0.1585000 , -0.2692000, 9.6672000, 29.6555000,  32.9056000, 35.4385000, -39.6350000, -13.1020000, 6.6700000, 101221.660000,       0,       0,       0
27.820, 0.1585000 , -0.2656000, 9.6648000, 29.7623000,  32.6157000, 35.4156000, -39.8490000, -12.8290000, 6.8820000, 101221.660000,       0,       0,       0
27.830, 0.1681000 , -0.2584000, 9.6648000, 29.8767000,  32.3639000, 35.3546000, -39.9000000, -12.8230000, 6.2970000, 101224.620000,       0,       0,       0
27.840, 0.1788000 , -0.2548000, 9.6672000, 29.8920000,  32.2571000, 35.3317000, -39.8610000, -12.8400000, 6.7630000, 101224.620000,       0,       0,       0
27.850, 0.1872000 , -0.2572000, 9.6720000, 29.8004000,  32.3181000, 35.4004000, -39.6580000, -12.8380000, 6.7740000, 101224.070000,       0,       0,       0
27.860, 0.1908000 , -0.2656000, 9.6744000, 29.6631000,  32.4631000, 35.5072000, -39.6430000, -12.9960000, 6.4050000, 101224.070000,       0,       0,       0
27.870, 0.1884000 , -0.2787000, 9.6720000, 29.5868000,  32.5241000, 35.5453000, -39.7920000, -12.9220000, 6.7970000, 101222.190000,       0,       0,       0
27.880, 0.1824000 , -0.2943000, 9.6696000, 29.6402000,  32.5012000, 35.4767000, -39.8440000, -12.8310000, 6.6230000, 101222.190000,       0,       0,       0
27.890, 0.1776000 , -0.3015000, 9.6684000, 29.8080000,  32.4326000, 35.3241000, -39.6730000, -12.8960000, 6.3350000, 101225.670000,       0,       0,       0
27.900, 0.1765000 , -0.2967000, 9.6684000, 29.9911000,  32.3181000, 35.1639000, -39.7880000, -12.6310000, 6.4260000, 101225.670000,       0,       0,       0
27.910, 0.1788000 , -0.2823000, 9.6696000, 30.0903000,  32.2418000, 35.0876000, -39.5100000, -13.2290000, 5.4630000, 101220.730000,       0,       0,       0
27.920, 0.1872000 , -0.2704000, 9.6720000, 30.0827000,  32.2342000, 35.1410000, -39.7820000, -13.2350000, 6.1000000, 101220.730000,       0,       0,       0
27.930, 0.2016000 , -0.2644000, 9.6732000, 29.9835000,  32.3563000, 35.2783000, -39.8880000, -13.0550000, 6.2080000, 101223.810000,       0,       0,       0
27.940, 0.2111000 , -0.2692000, 9.6756000, 29.8233000,  32.6614000, 35.4309000, -39.3890000, -12.7960000, 6.4860000, 101223.810000,       0,       0,       0
27.950, 0.2123000 , -0.2835000, 9.6756000, 29.6707000,  33.0353000, 35.5530000, -39.6210000, -12.9160000, 6.6600000, 101223.980000,       0,       0,       0
27.960, 0.2076000 , -0.3003000, 9.6732000, 29.5944000,  33.3710000, 35.5835000, -39.9670000, -12.9900000, 6.1320000, 101223.980000,       0,       0,       0
27.970, 0.1944000 , -0.3110000, 9.6696000, 29.6555000,  33.5846000, 35.5301000, -39.7520000, -13.2990000, 5.8550000, 101225.530000,       0,       0,       0
27.980, 0.1836000 , -0.3051000, 9.6684000, 29.7852000,  33.6380000, 35.3775000, -39.7730000, -13.0750000, 5.5110000, 101225.530000,       0,       0,       0
27.990, 0.1741000 , -0.2823000, 9.6660000, 29.9301000,  33.5236000, 35.1562000, -39.4680000, -13.2790000, 5.1520000, 101224.290000,       0,       0,       0
28.000, 0.1657000 , -0.2548000, 9.6648000, 30.0217000,  33.2870000, 34.9579000, -39.5560000, -13.2030000, 5.9100000, 101224.290000,       0,       0,       0
28.010, 0.1633000 , -0.2297000, 9.6648000, 30.0522000,  33.0124000, 34.8816000, -39.8500000, -13.0740000, 6.7040000, 101225.300000,       0,       0,       0
28.020, 0.1657000 , -0.2153000, 9.6672000, 29.9988000,  32.7682000, 34.9121000, -39.8740000, -13.2060000, 6.4210000, 101225.300000,       0,       0,       0
28.030, 0.1729000 , -0.2165000, 9.6684000, 29.8691000,  32.6309000, 35.0647000, -39.7000000, -12.9950000, 6.0020000, 101225.370000,       0,       0,       0
28.040, 0.1741000 , -0.2321000, 9.6720000, 29.7241000,  32.6157000, 35.2936000, -39.7420000, -12.7930000, 6.3050000, 101225.370000,       0,       0,       0
28.050, 0.1788000 , -0.2584000, 9.6708000, 29.6326000,  32.6385000, 35.5072000, -39.6220000, -13.0670000, 6.1980000, 101220.870000,       0,       0,       0
28.060, 0.1824000 , -0.2811000, 9.6696000, 29.6249000,  32.7301000, 35.5988000, -39.5610000, -13.0720000, 6.0390000, 101220.870000,       0,       0,       0
28.070, 0.1836000 , -0.2943000, 9.6708000, 29.6860000,  32.8293000, 35.5530000, -39.7050000, -12.9790000, 5.9950000, 101223.770000,       0,       0,       0
28.080, 0.1860000 , -0.2943000, 9.6708000, 29.7623000,  32.8827000, 35.4156000, -39.4380000, -13.0190000, 5.8150000, 101223.770000,       0,       0,       0
28.090, 0.1824000 , -0.2823000, 9.6708000, 29.8309000,  32.8827000, 35.2631000, -39.5520000, -12.9400000, 6.6630000, 101225.120000,       0,       0,       0
28.100, 0.1765000 , -0.2644000, 9.6720000, 29.8691000,  32.7911000, 35.1639000, -39.6330000, -13.0790000, 5.9700000, 101225.120000,       0,       0,       0
28.110, 0.1729000 , -0.2488000, 9.6720000, 29.8615000,  32.6385000, 35.1410000, -39.5450000, -13.0270000, 6.0100000, 101222.020000,       0,       0,       0
28.120, 0.1717000 , -0.2393000, 9.6720000, 29.8004000,  32.5012000, 35.1944000, -39.8440000, -13.0680000, 6.0840000, 101222.020000,       0,       0,       0
28.130, 0.1776000 , -0.2417000, 9.6720000, 29.7241000,  32.4402000, 35.3088000, -39.6630000, -12.7420000, 6.2170000, 101224.110000,       0,       0,       0
28.140, 0.1836000 , -0.2560000, 9.6732000, 29.6326000,  32.5165000, 35.4767000, -39.9200000, -13.1080000, 5.8140000, 101224.110000,       0,       0,       0
28.150, 0.1872000 , -0.2728000, 9.6744000, 29.5258000,  32.6920000, 35.6750000, -39.9220000, -13.1880000, 5.7890000, 101224.200000,       0,       0,       0
28.160, 0.1884000 , -0.2883000, 9.6756000, 29.4342000,  32.9056000, 35.8353000, -40.0220000, -13.2110000, 6.2260000, 101224.200000,       0,       0,       0
28.170, 0.1848000 , -0.2967000, 9.6756000, 29.3655000,  33.0811000, 35.9116000, -39.8290000, -12.6140000, 5.6790000, 101222.480000,       0,       0,       0
28.180, 0.1788000 , -0.2979000, 9.6720000, 29.3655000,  33.1192000, 35.8734000, -39.9970000, -12.7320000, 5.8760000, 101222.480000,       0,       0,       0
28.190, 0.1717000 , -0.2895000, 9.6696000, 29.4418000,  33.0200000, 35.7285000, -39.9100000, -13.0910000, 6.3380000, 101224.820000,       0,       0,       0
28.200, 0.1657000 , -0.2763000, 9.6684000, 29.5715000,  32.8140000, 35.5682000, -39.6950000, -13.1690000, 6.4120000, 101224.820000,       0,       0,       0
28.210, 0.1669000 , -0.2620000, 9.6684000, 29.7165000,  32.5623000, 35.4462000, -39.6090000, -12.8820000, 6.0530000, 101225.450000,       0,       0,       0
28.220, 0.1765000 , -0.2536000, 9.6696000, 29.8157000,  32.3944000, 35.3775000, -39.6910000, -13.0000000, 5.8010000, 101225.450000,       0,       0,       0
28.230, 0.1872000 , -0.2524000, 9.6732000, 29.8309000,  32.4020000, 35.3928000, -40.0430000, -12.9660000, 6.1990000, 101223.740000,       0,       0,       0
28.240, 0.1932000 , -0.2608000, 9.6780000, 29.7318000,  32.5546000, 35.5148000, -39.7690000, -12.8710000, 6.1590000, 101223.740000,       0,       0,       0
28.250, 0.1920000 , -0.2763000, 9.6792000, 29.5486000,  32.7759000, 35.6979000, -39.6830000, -13.1210000, 6.1390000, 101224.270000,       0,       0,       0
28.260, 0.1848000 , -0.2919000, 9.6780000, 29.3503000,  32.9514000, 35.8582000, -39.6780000, -13.1020000, 5.9970000, 101224.270000,       0,       0,       0
28.270, 0.1776000 , -0.2967000, 9.6732000, 29.2130000,  33.0124000, 35.9192000, -39.8600000, -13.0400000, 7.0160000, 101224.070000,       0,       0,       0
28.280, 0.1717000 , -0.2847000, 9.6672000, 29.2282000,  32.9819000, 35.8658000, -39.6850000, -12.9580000, 6.4440000, 101224.070000,       0,       0,       0
28.290, 0.1681000 , -0.2620000, 9.6660000, 29.3121000,  32.8979000, 35.8200000, -39.7960000, -12.9610000, 6.6360000, 101225.440000,       0,       0,       0
28.300, 0.1621000 , -0.2345000, 9.6696000, 29.3350000,  32.7682000, 36.0184000, -39.9470000, -13.3370000, 6.1630000, 101225.440000,       0,       0,       0
28.310, 0.1693000 , -0.2345000, 9.6684000, 29.3427000,  32.7377000, 36.1862000, -39.8540000, -13.0920000, 6.5530000, 101224.530000,       0,       0,       0
28.320, 0.1800000 , -0.2464000, 9.6684000, 29.4342000,  32.7682000, 36.2244000, -39.8820000, -13.0130000, 6.3410000, 101224.530000,       0,       0,       0
28.330, 0.1884000 , -0.2656000, 9.6696000, 29.6021000,  32.8217000, 36.0336000, -39.7470000, -13.0710000, 6.8220000, 101225.270000,       0,       0,       0
28.340, 0.1944000 , -0.2847000, 9.6696000, 29.7928000,  32.8751000, 35.6674000, -39.8470000, -13.2790000, 6.3010000, 101225.270000,       0,       0,       0
28.350, 0.1944000 , -0.2943000, 9.6720000, 29.9911000,  32.9437000, 35.2478000, -40.1350000, -12.9370000, 6.0040000, 101222.620000,       0,       0,       0
28.360, 0.1896000 , -0.2931000, 9.6732000, 30.1819000,  33.0200000, 34.9426000, -40.0610000, -13.0770000, 6.0550000, 101222.620000,       0,       0,       0
28.370, 0.1800000 , -0.2799000, 9.6732000, 30.2963000,  33.0582000, 34.8358000, -39.8010000, -13.2470000, 5.4530000, 101224.950000,       0,       0,       0
28.380, 0.1705000 , -0.2632000, 9.6744000, 30.2963000,  33.0429000, 34.8816000, -39.8920000, -12.8440000, 5.6220000, 101224.950000,       0,       0,       0
28.390, 0.1657000 , -0.2512000, 9.6720000, 30.1971000,  32.9514000, 35.0266000, -39.8380000, -12.9180000, 5.4010000, 101226.810000,       0,       0,       0
28.400, 0.1633000 , -0.2512000, 9.6720000, 30.0827000,  32.8369000, 35.2631000, -39.9700000, -12.9280000, 5.8280000, 101226.810000,       0,       0,       0
28.410, 0.1609000 , -0.2632000, 9.6720000, 29.9606000,  32.7377000, 35.5682000, -39.9490000, -13.1730000, 5.5940000, 101224.420000,       0,       0,       0
28.420, 0.1657000 , -0.2835000, 9.6696000, 29.8843000,  32.6538000, 35.8429000, -39.7170000, -13.1500000, 5.5610000, 101224.420000,       0,       0,       0
28.430, 0.1729000 , -0.3086000, 9.6660000, 30.0140000,  32.5775000, 35.9650000, -39.7970000, -13.1210000, 6.4190000, 101223.020000,       0,       0,       0
28.440, 0.1729000 , -0.3254000, 9.6636000, 30.3802000,  32.5165000, 35.8582000, -39.6810000, -12.9260000, 6.8080000, 101223.020000,       0,       0,       0
28.450, 0.1753000 , -0.3170000, 9.6648000, 30.8304000,  32.5012000, 35.5530000, -39.5960000, -12.8610000, 6.3280000, 101221.130000,       0,       0,       0
28.460, 0.1872000 , -0.2847000, 9.6648000, 31.2500000,  32.5699000, 35.1257000, -39.5590000, -12.9610000, 6.0610000, 101221.130000,       0,       0,       0
28.470, 0.1980000 , -0.2428000, 9.6684000, 31.6086000,  32.7225000, 34.6985000, -39.5090000, -12.9900000, 6.7380000, 101224.530000,       0,       0,       0
28.480, 0.2028000 , -0.1926000, 9.6756000, 31.6925000,  32.9132000, 34.3552000, -39.6610000, -12.9480000, 5.8830000, 101224.530000,       0,       0,       0
28.490, 0.2088000 , -0.1495000, 9.6828000, 31.3568000,  33.1879000, 34.1797000, -39.5840000, -12.8280000, 5.8980000, 101224.300000,       0,       0,       0
28.500, 0.2088000 , -0.1352000, 9.6899000, 30.6931000,  33.5083000, 34.2255000, -39.5960000, -13.0490000, 5.8270000, 101224.300000,       0,       0,       0
28.510, 0.2004000 , -0.1531000, 9.6911000, 29.9072000,  33.7524000, 34.4925000, -39.3830000, -12.8350000, 5.9790000, 101224.780000,       0,       0,       0
28.520, 0.1920000 , -0.2010000, 9.6864000, 29.1901000,  33.9127000, 34.8892000, -39.5740000, -12.8330000, 6.0680000, 101224.780000,       0,       0,       0
28.530, 0.1705000 , -0.2692000, 9.6792000, 28.6636000,  33.9890000, 35.3699000, -39.6360000, -12.7430000, 5.9510000, 101224.010000,       0,       0,       0
28.540, 0.1382000 , -0.3457000, 9.6732000, 28.3737000,  33.8898000, 35.9879000, -39.4260000, -12.8770000, 5.9970000, 101224.010000,       0,       0,       0
28.550, 0.1047000 , -0.4115000, 9.6636000, 28.3051000,  33.5083000, 36.6974000, -39.6070000, -13.0310000, 5.8120000, 101224.420000,       0,       0,       0
28.560, 0.0819000 , -0.4438000, 9.6541000, 28.5187000,  32.8522000, 37.3917000, -39.5480000, -13.1080000, 5.6320000, 101224.420000,       0,       0,       0
28.570, 0.0736000 , -0.4307000, 9.6493000, 28.9917000,  32.0663000, 37.9868000, -39.7140000, -12.9160000, 5.5580000, 101225.300000,       0,       0,       0
28.580, 0.0927000 , -0.3816000, 9.6505000, 29.6707000,  31.3797000, 38.3682000, -40.0830000, -13.0410000, 5.8980000, 101225.300000,       0,       0,       0
28.590, 0.1334000 , -0.3003000, 9.6576000, 30.3879000,  30.9448000, 38.3835000, -39.9860000, -13.1020000, 5.7690000, 101224.070000,       0,       0,       0
28.600, 0.1932000 , -0.2177000, 9.6624000, 30.8914000,  30.8762000, 37.9333000, -39.7830000, -13.0430000, 6.0210000, 101224.070000,       0,       0,       0
28.610, 0.2470000 , -0.1531000, 9.6684000, 31.1966000,  31.3492000, 37.0865000, -39.9550000, -12.9560000, 5.6500000, 101225.040000,       0,       0,       0
28.620, 0.2889000 , -0.1268000, 9.6756000, 31.2881000,  32.3105000, 36.0794000, -39.9900000, -12.9990000, 6.4850000, 101225.040000,       0,       0,       0
28.630, 0.3009000 , -0.1459000, 9.6816000, 31.1432000,  33.4778000, 35.1257000, -39.7100000, -12.9980000, 6.6280000, 101225.700000,       0,       0,       0
28.640, 0.2829000 , -0.2070000, 9.6804000, 30.8838000,  34.5688000, 34.3475000, -39.9390000, -12.8690000, 6.7460000, 101225.700000,       0,       0,       0
28.650, 0.2399000 , -0.2859000, 9.6756000, 30.6778000,  35.3699000, 33.7601000, -39.9600000, -12.8250000, 6.4150000, 101224.550000,       0,       0,       0
28.660, 0.1812000 , -0.3481000, 9.6696000, 30.6931000,  35.6750000, 33.3328000, -39.6650000, -12.8450000, 6.8320000, 101224.550000,       0,       0,       0
28.670, 0.1310000 , -0.3661000, 9.6636000, 30.9830000,  35.4538000, 32.9895000, -39.5240000, -12.7890000, 6.6700000, 101224.370000,       0,       0,       0
28.680, 0.1011000 , -0.3266000, 9.6588000, 31.4255000,  34.8358000, 32.7301000, -39.7320000, -12.6180000, 6.7530000, 101224.370000,       0,       0,       0
28.690, 0.0939000 , -0.2464000, 9.6600000, 31.8146000,  34.0042000, 32.5394000, -39.8770000, -12.6120000, 6.4650000, 101221.260000,       0,       0,       0
28.700, 0.0975000 , -0.1627000, 9.6660000, 31.9443000,  33.1192000, 32.4326000, -40.0080000, -13.0520000, 6.0090000, 101221.260000,       0,       0,       0
28.710, 0.0987000 , -0.1065000, 9.6732000, 31.7230000,  32.1503000, 32.4249000, -39.6630000, -12.5330000, 6.8470000, 101221.960000,       0,       0,       0
28.720, 0.1011000 , -0.0957000, 9.6744000, 31.2347000,  31.0898000, 32.5241000, -39.6430000, -12.7650000, 6.2680000, 101221.960000,       0,       0,       0
28.730, 0.1023000 , -0.1292000, 9.6732000, 30.6854000,  30.1437000, 32.8903000, -39.8320000, -12.7830000, 7.1590000, 101224.420000,       0,       0,       0
28.740, 0.1047000 , -0.1866000, 9.6768000, 30.1666000,  29.4495000, 33.6075000, -39.6980000, -12.6620000, 6.2010000, 101224.420000,       0,       0,       0
28.750, 0.1214000 , -0.2464000, 9.6804000, 29.7165000,  28.9917000, 34.5306000, -39.4700000, -12.7990000, 6.6250000, 101221.840000,       0,       0,       0
28.760, 0.1501000 , -0.2967000, 9.6780000, 29.4113000,  28.8010000, 35.3088000, -39.8520000, -12.7810000, 5.8290000, 101221.840000,       0,       0,       0
28.770, 0.1800000 , -0.3350000, 9.6744000, 29.3503000,  28.8010000, 35.7208000, -39.6930000, -12.6350000, 5.5320000, 101224.650000,       0,       0,       0
28.780, 0.2076000 , -0.3601000, 9.6696000, 29.5639000,  28.9764000, 35.6750000, -39.8660000, -12.5080000, 6.2300000, 101224.650000,       0,       0,       0
28.790, 0.2339000 , -0.3649000, 9.6696000, 30.0140000,  29.2587000, 35.2554000, -39.8240000, -12.7670000, 6.3160000, 101222.710000,       0,       0,       0
28.800, 0.2614000 , -0.3469000, 9.6696000, 30.5862000,  29.6707000, 34.6222000, -40.0120000, -12.6680000, 6.6970000, 101222.710000,       0,       0,       0
28.810, 0.2805000 , -0.3063000, 9.6708000, 31.0745000,  30.3268000, 34.0042000, -39.7530000, -12.7890000, 6.4280000, 101224.620000,       0,       0,       0
28.820, 0.2901000 , -0.2464000, 9.6744000, 31.3568000,  31.2424000, 33.5922000, -39.6560000, -12.1970000, 5.9970000, 101224.620000,       0,       0,       0
28.830, 0.2889000 , -0.1878000, 9.6780000, 31.3568000,  32.2723000, 33.5159000, -39.2750000, -12.4530000, 6.5660000, 101224.590000,       0,       0,       0
28.840, 0.2722000 , -0.1471000, 9.6816000, 31.1661000,  33.1879000, 33.7372000, -39.7310000, -12.4140000, 6.3980000, 101224.590000,       0,       0,       0
28.850, 0.2458000 , -0.1304000, 9.6780000, 30.8990000,  33.7982000, 34.1034000, -39.7620000, -12.7620000, 6.1730000, 101224.340000,       0,       0,       0
28.860, 0.1944000 , -0.1448000, 9.6732000, 30.4794000,  33.8287000, 34.6298000, -39.5350000, -12.7210000, 5.8860000, 101224.340000,       0,       0,       0
28.870, 0.1609000 , -0.1759000, 9.6720000, 30.2658000,  33.3328000, 34.9655000, -39.7760000, -12.6390000, 5.7980000, 101221.960000,       0,       0,       0
28.880, 0.1430000 , -0.2034000, 9.6696000, 30.1666000,  32.5165000, 35.2936000, -40.0730000, -12.7380000, 6.2450000, 101221.960000,       0,       0,       0
28.890, 0.1501000 , -0.2189000, 9.6648000, 30.2353000,  31.6772000, 35.5453000, -39.5940000, -12.5580000, 5.6590000, 101223.130000,       0,       0,       0
28.900, 0.1765000 , -0.2153000, 9.6648000, 30.4184000,  31.1508000, 35.7513000, -39.6430000, -12.8650000, 5.5110000, 101223.130000,       0,       0,       0
28.910, 0.2171000 , -0.2010000, 9.6720000, 30.5786000,  31.1813000, 35.9955000, -39.8080000, -12.8880000, 6.0160000, 101223.840000,       0,       0,       0
28.920, 0.2518000 , -0.1794000, 9.6840000, 30.5099000,  31.8222000, 36.3541000, -39.9840000, -12.6340000, 5.6930000, 101223.840000,       0,       0,       0
28.930, 0.2781000 , -0.1579000, 9.6923000, 30.0140000,  32.7682000, 36.7813000, -39.8910000, -12.4750000, 6.1180000, 101224.480000,       0,       0,       0
28.940, 0.2865000 , -0.1507000, 9.6923000, 29.1977000,  33.7448000, 37.1246000, -39.9010000, -12.7870000, 6.2660000, 101224.480000,       0,       0,       0
28.950, 0.2710000 , -0.1639000, 9.6864000, 28.3890000,  34.4925000, 37.2620000, -39.7140000, -12.8000000, 5.7340000, 101224.590000,       0,       0,       0
28.960, 0.2411000 , -0.1962000, 9.6780000, 27.9007000,  34.8587000, 37.1552000, -39.8290000, -12.8150000, 5.9290000, 101224.590000,       0,       0,       0
28.970, 0.1980000 , -0.2452000, 9.6708000, 27.8168000,  34.6909000, 36.9339000, -39.6540000, -12.8250000, 5.5550000, 101223.820000,       0,       0,       0
28.980, 0.1573000 , -0.2835000, 9.6672000, 28.0380000,  34.0805000, 36.6898000, -39.9650000, -12.7150000, 5.6210000, 101223.820000,       0,       0,       0
28.990, 0.1418000 , -0.2943000, 9.6648000, 28.3737000,  33.2108000, 36.3922000, -39.5800000, -12.4930000, 5.6750000, 101224.820000,       0,       0,       0
29.000, 0.1406000 , -0.2835000, 9.6648000, 28.7781000,  32.2571000, 36.1176000, -39.4930000, -12.6360000, 5.8730000, 101224.820000,       0,       0,       0
29.010, 0.1513000 , -0.2584000, 9.6660000, 29.1519000,  31.4407000, 35.9497000, -39.7060000, -12.9870000, 6.3580000, 101224.720000,       0,       0,       0
29.020, 0.1717000 , -0.2297000, 9.6672000, 29.4647000,  30.8304000, 35.8658000, -39.4790000, -12.8230000, 5.9300000, 101224.720000,       0,       0,       0
29.030, 0.1920000 , -0.1998000, 9.6696000, 29.6783000,  30.4337000, 35.8276000, -39.4230000, -12.8530000, 5.7790000, 101216.540000,       0,       0,       0
29.040, 0.2171000 , -0.1818000, 9.6720000, 29.8691000,  30.3192000, 35.7666000, -39.5490000, -12.9440000, 5.5310000, 101216.540000,       0,       0,       0
29.050, 0.2482000 , -0.1830000, 9.6732000, 30.1437000,  30.4565000, 35.5530000, -39.5330000, -13.0790000, 5.8870000, 101224.570000,       0,       0,       0
29.060, 0.2865000 , -0.2010000, 9.6756000, 30.5252000,  30.8914000, 34.9350000, -39.5450000, -12.8020000, 5.9170000, 101224.570000,       0,       0,       0
29.070, 0.3248000 , -0.2237000, 9.6792000, 30.8914000,  31.6620000, 33.7448000, -39.8080000, -12.5780000, 6.1890000, 101224.720000,       0,       0,       0
29.080, 0.3415000 , -0.2440000, 9.6780000, 31.1050000,  32.6767000, 32.1426000, -39.9410000, -12.6110000, 5.7770000, 101224.720000,       0,       0,       0
29.090, 0.3200000 , -0.2584000, 9.6792000, 31.1966000,  33.5617000, 30.7312000, -40.2290000, -12.5480000, 5.7620000, 101222.440000,       0,       0,       0
29.100, 0.2674000 , -0.2716000, 9.6780000, 31.0974000,  34.1034000, 30.1971000, -40.0480000, -12.4540000, 5.3990000, 101222.440000,       0,       0,       0
29.110, 0.1932000 , -0.2799000, 9.6780000, 30.7999000,  34.4086000, 30.8914000, -39.7820000, -12.5090000, 5.4070000, 101222.840000,       0,       0,       0
29.120, 0.1406000 , -0.2775000, 9.6732000, 30.4184000,  34.4391000, 32.5317000, -39.7820000, -12.6740000, 5.5980000, 101222.840000,       0,       0,       0
29.130, 0.1238000 , -0.2644000, 9.6636000, 30.2124000,  34.0118000, 34.4009000, -39.7780000, -12.7700000, 5.0820000, 101225.530000,       0,       0,       0
29.140, 0.1262000 , -0.2464000, 9.6529000, 30.3268000,  33.2947000, 35.8353000, -39.8720000, -12.6500000, 5.6470000, 101225.530000,       0,       0,       0
29.150, 0.1334000 , -0.2201000, 9.6493000, 30.7465000,  32.4936000, 36.6058000, -40.0550000, -12.7120000, 5.6040000, 101223.130000,       0,       0,       0
29.160, 0.1489000 , -0.1806000, 9.6529000, 31.3339000,  31.6849000, 36.8271000, -39.8970000, -12.7400000, 6.1020000, 101223.130000,       0,       0,       0
29.170, 0.1788000 , -0.1340000, 9.6588000, 31.8909000,  31.0898000, 36.6364000, -39.6500000, -12.6850000, 6.3150000, 101224.650000,       0,       0,       0
29.180, 0.2267000 , -0.1005000, 9.6660000, 32.2952000,  30.9067000, 36.1404000, -39.9650000, -12.5210000, 5.9820000, 101224.650000,       0,       0,       0
29.190, 0.2745000 , -0.0945000, 9.6708000, 32.6385000,  31.0822000, 35.2859000, -39.9540000, -12.3660000, 6.1970000, 101224.780000,       0,       0,       0
29.200, 0.2961000 , -0.1160000, 9.6756000, 33.0276000,  31.4255000, 34.0805000, -39.9780000, -12.7130000, 6.1820000, 101224.780000,       0,       0,       0
29.210, 0.2937000 , -0.1424000, 9.6780000, 33.3710000,  31.6849000, 32.6080000, -40.0430000, -12.2390000, 6.2720000, 101223.840000,       0,       0,       0
29.220, 0.2805000 , -0.1615000, 9.6768000, 33.5464000,  31.7383000, 31.0516000, -39.9630000, -12.2250000, 5.9710000, 101223.840000,       0,       0,       0
29.230, 0.2554000 , -0.1723000, 9.6768000, 33.5846000,  31.6162000, 29.8462000, -40.1380000, -12.3430000, 6.0540000, 101224.650000,       0,       0,       0
29.240, 0.2339000 , -0.1818000, 9.6792000, 33.5541000,  31.4331000, 29.3198000, -40.2080000, -12.6070000, 5.8870000, 101224.650000,       0,       0,       0
29.250, 0.2255000 , -0.1878000, 9.6792000, 33.4473000,  31.2042000, 29.4037000, -40.0670000, -12.5590000, 6.1850000, 101225.040000,       0,       0,       0
29.260, 0.2279000 , -0.2034000, 9.6792000, 33.2108000,  31.0059000, 29.8233000, -40.0870000, -12.2760000, 6.7950000, 101225.040000,       0,       0,       0
29.270, 0.2315000 , -0.2201000, 9.6804000, 32.8445000,  30.9525000, 30.4108000, -40.1810000, -12.3140000, 6.3350000, 101222.230000,       0,       0,       0
29.280, 0.2399000 , -0.2273000, 9.6828000, 32.3486000,  31.0059000, 31.0974000, -40.1660000, -12.2270000, 5.8900000, 101222.230000,       0,       0,       0
29.290, 0.2554000 , -0.2273000, 9.6852000, 31.7001000,  31.1890000, 31.8756000, -40.0370000, -12.4500000, 5.6170000, 101224.530000,       0,       0,       0
29.300, 0.2542000 , -0.2249000, 9.6840000, 30.9830000,  31.4484000, 32.8217000, -39.9520000, -12.4790000, 5.6060000, 101224.530000,       0,       0,       0
29.310, 0.2315000 , -0.2117000, 9.6816000, 30.2505000,  31.5628000, 34.0195000, -40.3350000, -12.3240000, 5.5920000, 101224.820000,       0,       0,       0
29.320, 0.2004000 , -0.1842000, 9.6792000, 29.5258000,  31.4026000, 35.4996000, -39.8910000, -12.3600000, 5.3480000, 101224.820000,       0,       0,       0
29.330, 0.1788000 , -0.1579000, 9.6780000, 28.9001000,  31.0211000, 37.1552000, -40.2490000, -12.8280000, 5.3380000, 101224.820000,       0,       0,       0
29.340, 0.1824000 , -0.1316000, 9.6744000, 28.5339000,  30.4565000, 38.6429000, -40.3130000, -12.6550000, 4.8560000, 101224.820000,       0,       0,       0
29.350, 0.2123000 , -0.1005000, 9.6660000, 28.5645000,  29.8691000, 39.4821000, -40.4460000, -12.4510000, 5.4780000, 101224.820000,       0,       0,       0
29.360, 0.2530000 , -0.0610000, 9.6588000, 28.9459000,  29.3579000, 39.4821000, -40.2740000, -12.4930000, 5.3960000, 101224.820000,       0,       0,       0
29.370, 0.2841000 , -0.0323000, 9.6588000, 29.4342000,  29.0146000, 38.9023000, -40.3770000, -12.6910000, 5.3770000, 101224.660000,       0,       0,       0
29.380, 0.3092000 , -0.0191000, 9.6648000, 29.8157000,  28.9078000, 38.1546000, -40.1610000, -12.7030000, 4.7550000, 101224.660000,       0,       0,       0
29.390, 0.3296000 , -0.0191000, 9.6696000, 29.9454000,  29.2053000, 37.5137000, -40.0850000, -12.7490000, 4.9880000, 101224.650000,       0,       0,       0
29.400, 0.3463000 , -0.0263000, 9.6756000, 29.8538000,  29.8996000, 37.0407000, -39.9800000, -12.3700000, 4.5680000, 101224.650000,       0,       0,       0
29.410, 0.3726000 , -0.0514000, 9.6768000, 29.6936000,  30.8228000, 36.6745000, -40.1120000, -12.7190000, 4.8220000, 101224.690000,       0,       0,       0
29.420, 0.3798000 , -0.1160000, 9.6780000, 29.5715000,  32.1350000, 35.9726000, -39.9330000, -12.4020000, 4.7690000, 101224.690000,       0,       0,       0
29.430, 0.3607000 , -0.1663000, 9.6780000, 29.5639000,  32.5165000, 35.3012000, -40.0650000, -12.4700000, 5.7690000, 101222.440000,       0,       0,       0
29.440, 0.3332000 , -0.2237000, 9.6792000, 29.5486000,  32.4173000, 34.5688000, -40.0040000, -12.5310000, 5.5200000, 101222.440000,       0,       0,       0
29.450, 0.3176000 , -0.2787000, 9.6792000, 29.5868000,  31.9977000, 33.9432000, -39.9860000, -12.6480000, 5.5790000, 101224.680000,       0,       0,       0
29.460, 0.3200000 , -0.3242000, 9.6804000, 29.7623000,  31.6620000, 33.5693000, -40.1370000, -12.5280000, 5.3220000, 101224.680000,       0,       0,       0
29.470, 0.3391000 , -0.3374000, 9.6828000, 30.0140000,  31.6925000, 33.4702000, -39.9050000, -12.5750000, 5.6280000, 101224.370000,       0,       0,       0
29.480, 0.3643000 , -0.3086000, 9.6840000, 30.1666000,  32.1960000, 33.5312000, -40.0800000, -12.1190000, 5.9670000, 101224.370000,       0,       0,       0
29.490, 0.3738000 , -0.2417000, 9.6852000, 30.0980000,  33.1039000, 33.7753000, -39.9880000, -12.2910000, 5.4710000, 101225.020000,       0,       0,       0
29.500, 0.3619000 , -0.1663000, 9.6864000, 29.8080000,  34.0881000, 34.2865000, -40.1400000, -12.2010000, 4.9770000, 101225.020000,       0,       0,       0
29.510, 0.3284000 , -0.1089000, 9.6828000, 29.4037000,  34.7595000, 34.9808000, -40.0510000, -12.1240000, 6.2930000, 101224.650000,       0,       0,       0
29.520, 0.2841000 , -0.0754000, 9.6744000, 29.0604000,  34.8740000, 35.6140000, -40.1800000, -12.3050000, 5.9770000, 101224.650000,       0,       0,       0
29.530, 0.2387000 , -0.0658000, 9.6636000, 28.9230000,  34.2484000, 35.9344000, -40.1370000, -12.8580000, 6.5620000, 101224.780000,       0,       0,       0
29.540, 0.2004000 , -0.0706000, 9.6529000, 29.0909000,  33.0505000, 35.9192000, -39.9330000, -12.3310000, 6.1880000, 101224.780000,       0,       0,       0
29.550, 0.1788000 , -0.0790000, 9.6493000, 29.5258000,  31.5323000, 35.7513000, -39.7390000, -12.6090000, 6.5300000, 101224.570000,       0,       0,       0
29.560, 0.1800000 , -0.0837000, 9.6505000, 30.0827000,  29.9454000, 35.6293000, -40.0140000, -12.3190000, 6.1480000, 101224.570000,       0,       0,       0
29.570, 0.2040000 , -0.0802000, 9.6529000, 30.6244000,  28.4576000, 35.6827000, -40.0590000, -12.7650000, 5.7880000, 101224.440000,       0,       0,       0
29.580, 0.2375000 , -0.0718000, 9.6541000, 31.0669000,  27.4048000, 36.0336000, -40.2690000, -12.4510000, 6.5000000, 101224.440000,       0,       0,       0
29.590, 0.2734000 , -0.0646000, 9.6636000, 31.2653000,  26.9165000, 36.7203000, -39.8670000, -12.3780000, 6.1470000, 101224.820000,       0,       0,       0
29.600, 0.3152000 , -0.0646000, 9.6744000, 31.0440000,  26.9775000, 37.6129000, -40.2040000, -12.3720000, 5.9170000, 101224.820000,       0,       0,       0
29.610, 0.3619000 , -0.0718000, 9.6840000, 30.4489000,  27.4200000, 38.4827000, -40.1180000, -12.4300000, 6.6670000, 101216.560000,       0,       0,       0
29.620, 0.4073000 , -0.0861000, 9.6875000, 29.6249000,  28.0838000, 39.1312000, -39.8670000, -12.6010000, 6.4440000, 101216.560000,       0,       0,       0
29.630, 0.4480000 , -0.1089000, 9.6911000, 28.7399000,  28.9841000, 39.4516000, -39.9930000, -12.6780000, 6.1540000, 101222.200000,       0,       0,       0
29.640, 0.4636000 , -0.1436000, 9.6971000, 27.7557000,  29.9377000, 39.4745000, -40.3270000, -12.3960000, 5.9200000, 101222.200000,       0,       0,       0
29.650, 0.4672000 , -0.1699000, 9.6971000, 26.7487000,  30.7465000, 39.2685000, -40.2840000, -12.7400000, 5.4110000, 101224.910000,       0,       0,       0
29.660, 0.4791000 , -0.1818000, 9.6899000, 25.9781000,  31.8604000, 38.8565000, -39.9800000, -12.5940000, 6.5130000, 101224.910000,       0,       0,       0
29.670, 0.4839000 , -0.1806000, 9.6768000, 25.7416000,  33.2794000, 38.3072000, -40.2150000, -12.5630000, 5.7060000, 101223.060000,       0,       0,       0
29.680, 0.4624000 , -0.1711000, 9.6684000, 25.9857000,  34.7977000, 37.6740000, -39.8330000, -12.5670000, 5.9700000, 101223.060000,       0,       0,       0
29.690, 0.4169000 , -0.1579000, 9.6648000, 26.3062000,  36.3159000, 37.0560000, -39.9510000, -12.6570000, 5.6270000, 101224.910000,       0,       0,       0
29.700, 0.3786000 , -0.1519000, 9.6624000, 26.6342000,  37.2086000, 36.5524000, -39.9220000, -12.2550000, 5.5010000, 101224.910000,       0,       0,       0
29.710, 0.3415000 , -0.1459000, 9.6588000, 27.1072000,  37.3077000, 36.2930000, -39.8490000, -12.6840000, 5.3950000, 101225.020000,       0,       0,       0
29.720, 0.3176000 , -0.1448000, 9.6517000, 27.8015000,  37.0331000, 36.1633000, -40.0470000, -12.6750000, 5.9840000, 101225.020000,       0,       0,       0
29.730, 0.2961000 , -0.1543000, 9.6481000, 28.7247000,  36.3693000, 35.9573000, -39.9970000, -12.9260000, 5.5010000, 101223.940000,       0,       0,       0
29.740, 0.2745000 , -0.1747000, 9.6505000, 29.7089000,  35.3928000, 35.5759000, -40.0570000, -12.6280000, 5.6230000, 101223.940000,       0,       0,       0
29.750, 0.2614000 , -0.1914000, 9.6552000, 30.5328000,  34.2178000, 34.9884000, -40.1940000, -12.5570000, 5.1310000, 101222.250000,       0,       0,       0
29.760, 0.2542000 , -0.1998000, 9.6612000, 30.9219000,  33.1039000, 34.2331000, -40.1780000, -12.5620000, 4.9080000, 101222.250000,       0,       0,       0
29.770, 0.2482000 , -0.2117000, 9.6684000, 30.8609000,  31.8909000, 33.5007000, -40.0350000, -12.5120000, 6.0100000, 101224.780000,       0,       0,       0
29.780, 0.2482000 , -0.2034000, 9.6720000, 30.6396000,  30.1437000, 33.1573000, -40.0300000, -12.6300000, 5.4070000, 101224.780000,       0,       0,       0
29.790, 0.2650000 , -0.1830000, 9.6648000, 30.5634000,  28.9154000, 33.3023000, -40.5430000, -12.4110000, 5.5020000, 101223.330000,       0,       0,       0
29.800, 0.3009000 , -0.1747000, 9.6600000, 30.8456000,  28.3813000, 33.8287000, -40.2850000, -12.6770000, 6.0750000, 101223.330000,       0,       0,       0
29.810, 0.3391000 , -0.1830000, 9.6600000, 31.3110000,  28.0151000, 34.3781000, -40.4330000, -12.5950000, 6.4630000, 101224.910000,       0,       0,       0
29.820, 0.3822000 , -0.1794000, 9.6648000, 31.6849000,  27.8091000, 34.5078000, -40.3390000, -12.5000000, 5.8520000, 101224.910000,       0,       0,       0
29.830, 0.4217000 , -0.1735000, 9.6708000, 31.7917000,  27.7557000, 34.1492000, -40.1800000, -12.4060000, 6.2550000, 101223.090000,       0,       0,       0
29.840, 0.4456000 , -0.1782000, 9.6816000, 31.5018000,  27.8702000, 33.6761000, -40.2750000, -12.4220000, 5.8580000, 101223.090000,       0,       0,       0
29.850, 0.4576000 , -0.1794000, 9.6899000, 30.7312000,  28.2822000, 33.3786000, -40.2640000, -12.4470000, 6.0750000, 101224.720000,       0,       0,       0
29.860, 0.4636000 , -0.1723000, 9.6923000, 29.6783000,  28.9917000, 33.2642000, -40.2010000, -12.6000000, 5.7480000, 101224.720000,       0,       0,       0
29.870, 0.4707000 , -0.1639000, 9.6875000, 28.8162000,  29.8843000, 33.2565000, -40.3640000, -12.6630000, 5.7050000, 101224.720000,       0,       0,       0
29.880, 0.4767000 , -0.1531000, 9.6744000, 28.4424000,  30.9143000, 33.1955000, -40.0670000, -12.4940000, 5.7200000, 101224.720000,       0,       0,       0
29.890, 0.4731000 , -0.1388000, 9.6612000, 28.6102000,  31.8909000, 32.9437000, -40.4490000, -12.4900000, 5.7840000, 101224.370000,       0,       0,       0
29.900, 0.4468000 , -0.1376000, 9.6505000, 29.1672000,  32.5089000, 32.5851000, -40.4530000, -12.4790000, 6.0270000, 101224.370000,       0,       0,       0
29.910, 0.4037000 , -0.1591000, 9.6493000, 29.8996000,  32.5699000, 32.4554000, -40.2440000, -12.4920000, 5.6330000, 101224.920000,       0,       0,       0
29.920, 0.3619000 , -0.2022000, 9.6564000, 30.4947000,  32.1655000, 32.8598000, -40.1030000, -12.7020000, 5.0670000, 101224.920000,       0,       0,       0
29.930, 0.3320000 , -0.2464000, 9.6660000, 30.7388000,  31.5170000, 33.8287000, -40.4700000, -12.4600000, 5.1230000, 101224.780000,       0,       0,       0
29.940, 0.3344000 , -0.2692000, 9.6792000, 30.5405000,  30.7922000, 35.1181000, -40.1610000, -12.7530000, 5.8650000, 101224.780000,       0,       0,       0
29.950, 0.3691000 , -0.2656000, 9.6875000, 29.9454000,  30.3726000, 36.3922000, -40.4090000, -12.3190000, 5.1720000, 101222.190000,       0,       0,       0
29.960, 0.4205000 , -0.2405000, 9.6899000, 29.0985000,  30.3879000, 37.3230000, -40.0520000, -12.6790000, 5.3660000, 101222.190000,       0,       0,       0
29.970, 0.4767000 , -0.2010000, 9.6852000, 28.2822000,  30.8609000, 37.7808000, -40.2520000, -12.6650000, 5.1490000, 101222.450000,       0,       0,       0
29.980, 0.5198000 , -0.1352000, 9.6744000, 27.6108000,  32.2800000, 37.6358000, -40.5250000, -12.6590000, 5.1770000, 101222.450000,       0,       0,       0
29.990, 0.5018000 , -0.1113000, 9.6672000, 27.5650000,  33.1879000, 37.2620000, -40.3770000, -12.7760000, 5.3220000, 101224.680000,       0,       0,       0
30.000, 0.4528000 , -0.1136000, 9.6624000, 27.6871000,  33.6380000, 36.9568000, -40.4840000, -12.6110000, 4.8570000, 101224.680000,       0,       0,       0
30.010, 0.3846000 , -0.1459000, 9.6588000, 27.8702000,  33.3481000, 36.8805000, -40.5160000, -12.9230000, 4.9920000, 101225.270000,       0,       0,       0
30.020, 0.3200000 , -0.1854000, 9.6552000, 28.0533000,  32.2037000, 37.0560000, -40.2690000, -12.7120000, 4.9870000, 101225.270000,       0,       0,       0
30.030, 0.2901000 , -0.2129000, 9.6505000, 28.2364000,  30.5176000, 37.4603000, -40.7800000, -12.7500000, 4.8350000, 101224.570000,       0,       0,       0
30.040, 0.2997000 , -0.2261000, 9.6469000, 28.5416000,  28.9230000, 38.0859000, -40.4350000, -12.6400000, 5.0670000, 101224.570000,       0,       0,       0
30.050, 0.3415000 , -0.2249000, 9.6469000, 29.0375000,  27.7328000, 38.8184000, -40.5100000, -12.9320000, 5.4380000, 101225.020000,       0,       0,       0
30.060, 0.4002000 , -0.2070000, 9.6552000, 29.5715000,  27.1606000, 39.4287000, -40.3010000, -12.8430000, 4.9920000, 101225.020000,       0,       0,       0
30.070, 0.4707000 , -0.1723000, 9.6684000, 29.7394000,  27.2751000, 39.6652000, -40.2910000, -12.7690000, 5.3040000, 101222.270000,       0,       0,       0
30.080, 0.5413000 , -0.1292000, 9.6792000, 29.4189000,  27.9922000, 39.4516000, -40.3050000, -12.7690000, 5.1590000, 101222.270000,       0,       0,       0
30.090, 0.5987000 , -0.1005000, 9.6840000, 28.7704000,  29.2358000, 38.8641000, -40.4380000, -12.4850000, 4.6870000, 101221.690000,       0,       0,       0
30.100, 0.6239000 , -0.1005000, 9.6816000, 28.1372000,  30.8990000, 38.0936000, -40.7040000, -13.1690000, 5.1010000, 101221.690000,       0,       0,       0
30.110, 0.6167000 , -0.1244000, 9.6756000, 27.8015000,  32.6004000, 37.2696000, -40.3420000, -12.7990000, 5.5720000, 101221.340000,       0,       0,       0
30.120, 0.5832000 , -0.1543000, 9.6708000, 27.8015000,  34.0118000, 36.5372000, -40.1930000, -12.6770000, 6.0800000, 101221.340000,       0,       0,       0
30.130, 0.5365000 , -0.1723000, 9.6636000, 27.9999000,  35.0189000, 36.0336000, -39.9540000, -12.7400000, 5.7860000, 101224.920000,       0,       0,       0
30.140, 0.4803000 , -0.1782000, 9.6576000, 28.3051000,  35.5530000, 35.8582000, -40.4320000, -12.9680000, 5.6390000, 101224.920000,       0,       0,       0
30.150, 0.4205000 , -0.1842000, 9.6529000, 28.7094000,  35.5682000, 36.0565000, -40.2490000, -12.5900000, 5.0320000, 101222.980000,       0,       0,       0
30.160, 0.3726000 , -0.1938000, 9.6505000, 29.2053000,  35.0113000, 36.5372000, -40.0000000, -12.3040000, 6.1580000, 101222.980000,       0,       0,       0
30.170, 0.3427000 , -0.2058000, 9.6541000, 29.6783000,  33.9661000, 37.0789000, -40.3550000, -12.5090000, 5.2900000, 101224.910000,       0,       0,       0
30.180, 0.3403000 , -0.2117000, 9.6636000, 29.8309000,  32.5394000, 37.5061000, -40.3990000, -12.7620000, 5.2360000, 101224.910000,       0,       0,       0
30.190, 0.3655000 , -0.2105000, 9.6708000, 29.5715000,  31.0593000, 37.6587000, -40.3350000, -12.3100000, 5.7320000, 101222.210000,       0,       0,       0
30.200, 0.4145000 , -0.2046000, 9.6672000, 29.2435000,  29.7928000, 37.4603000, -40.1250000, -12.7960000, 5.3810000, 101222.210000,       0,       0,       0
30.210, 0.4719000 , -0.1938000, 9.6576000, 29.2587000,  29.2282000, 36.9949000, -40.0850000, -12.7060000, 5.9040000, 101224.370000,       0,       0,       0
30.220, 0.5102000 , -0.1854000, 9.6517000, 29.7623000,  29.5334000, 36.5219000, -40.0960000, -12.5510000, 6.2560000, 101224.370000,       0,       0,       0
30.230, 0.5282000 , -0.1806000, 9.6541000, 30.5099000,  30.3574000, 36.2549000, -40.2500000, -12.8640000, 5.8610000, 101224.680000,       0,       0,       0
30.240, 0.5329000 , -0.1782000, 9.6588000, 31.1050000,  31.3263000, 36.2015000, -40.1940000, -12.7710000, 5.8040000, 101224.680000,       0,       0,       0
30.250, 0.5258000 , -0.1854000, 9.6624000, 31.3339000,  32.1503000, 36.2473000, -40.3250000, -12.5000000, 5.3760000, 101222.560000,       0,       0,       0
30.260, 0.5138000 , -0.2046000, 9.6660000, 31.2500000,  32.6767000, 36.2015000, -40.2650000, -12.6060000, 5.2110000, 101222.560000,       0,       0,       0
30.270, 0.4971000 , -0.2345000, 9.6696000, 31.0593000,  32.8903000, 36.0107000, -40.0870000, -12.6710000, 5.0270000, 101225.270000,       0,       0,       0
30.280, 0.4899000 , -0.2524000, 9.6744000, 30.8075000,  32.7454000, 35.6750000, -40.1170000, -12.6010000, 5.3840000, 101225.270000,       0,       0,       0
30.290, 0.5006000 , -0.2464000, 9.6768000, 30.3802000,  32.6080000, 35.2020000, -40.0720000, -12.8070000, 5.1470000, 101224.440000,       0,       0,       0
30.300, 0.5174000 , -0.2357000, 9.6768000, 29.7928000,  32.6614000, 34.7519000, -40.1430000, -12.7490000, 5.6070000, 101224.440000,       0,       0,       0
30.310, 0.5150000 , -0.2440000, 9.6792000, 29.1977000,  32.9361000, 34.5230000, -40.1700000, -12.8850000, 5.8910000, 101222.980000,       0,       0,       0
30.320, 0.4935000 , -0.2608000, 9.6756000, 28.6789000,  33.3328000, 34.5612000, -40.2370000, -12.2910000, 5.5730000, 101222.980000,       0,       0,       0
30.330, 0.4851000 , -0.2584000, 9.6672000, 28.4653000,  33.5999000, 34.7748000, -40.2540000, -12.9460000, 5.7420000, 101224.680000,       0,       0,       0
30.340, 0.4779000 , -0.2488000, 9.6564000, 28.7552000,  33.8669000, 35.1257000, -40.1230000, -12.6510000, 4.8840000, 101224.680000,       0,       0,       0
30.350, 0.4624000 , -0.2417000, 9.6517000, 29.5181000,  34.0195000, 35.5301000, -40.0580000, -12.4770000, 4.7360000, 101224.680000,       0,       0,       0
30.360, 0.4564000 , -0.2333000, 9.6493000, 30.4565000,  33.8898000, 35.7208000, -40.0440000, -12.4210000, 5.8170000, 101224.680000,       0,       0,       0
30.370, 0.4576000 , -0.2189000, 9.6529000, 31.1890000,  33.5541000, 35.5072000, -40.3410000, -12.8470000, 6.0250000, 101223.270000,       0,       0,       0
30.380, 0.4648000 , -0.2082000, 9.6576000, 31.6544000,  33.1879000, 34.9655000, -40.3940000, -12.2040000, 5.5460000, 101223.270000,       0,       0,       0
30.390, 0.4743000 , -0.1962000, 9.6624000, 31.9366000,  32.9361000, 34.3094000, -40.3750000, -12.4070000, 5.5700000, 101224.370000,       0,       0,       0
30.400, 0.4851000 , -0.1723000, 9.6648000, 32.0663000,  32.8217000, 33.6227000, -40.2000000, -12.6480000, 5.5380000, 101224.370000,       0,       0,       0
30.410, 0.4887000 , -0.1483000, 9.6672000, 32.0435000,  32.9056000, 32.9437000, -39.9530000, -12.6950000, 5.2420000, 101224.760000,       0,       0,       0
30.420, 0.4791000 , -0.1220000, 9.6696000, 31.8298000,  32.9971000, 32.3563000, -39.8430000, -12.6570000, 5.8690000, 101224.760000,       0,       0,       0
30.430, 0.4755000 , -0.0969000, 9.6684000, 31.4713000,  32.9514000, 31.9519000, -40.0580000, -12.8650000, 6.1070000, 101222.240000,       0,       0,       0
30.440, 0.4719000 , -0.0921000, 9.6648000, 31.1050000,  33.0276000, 31.8069000, -40.2810000, -12.6660000, 5.3100000, 101222.240000,       0,       0,       0
30.450, 0.4660000 , -0.1220000, 9.6600000, 30.8609000,  33.1421000, 31.8756000, -40.1920000, -12.5390000, 5.4360000, 101224.570000,       0,       0,       0
30.460, 0.4588000 , -0.1687000, 9.6612000, 30.8533000,  32.9819000, 32.2418000, -39.8490000, -12.5680000, 5.5830000, 101224.570000,       0,       0,       0
30.470, 0.4624000 , -0.2094000, 9.6624000, 30.9753000,  32.8598000, 32.8827000, -40.2530000, -12.6590000, 5.4250000, 101222.170000,       0,       0,       0
30.480, 0.4779000 , -0.2464000, 9.6636000, 31.1279000,  33.0353000, 33.6609000, -40.1990000, -12.4970000, 5.3870000, 101222.170000,       0,       0,       0
30.490, 0.4923000 , -0.2823000, 9.6696000, 31.1966000,  33.4244000, 34.4772000, -40.2150000, -12.5270000, 5.2020000, 101222.450000,       0,       0,       0
30.500, 0.5006000 , -0.3086000, 9.6732000, 31.1508000,  33.9432000, 35.1410000, -40.1890000, -12.5010000, 5.3940000, 101222.450000,       0,       0,       0
30.510, 0.5042000 , -0.3134000, 9.6732000, 31.0745000,  34.4315000, 35.4843000, -39.8730000, -12.3270000, 5.1970000, 101224.570000,       0,       0,       0
30.520, 0.4983000 , -0.2967000, 9.6696000, 31.0593000,  34.7137000, 35.4156000, -39.9970000, -12.5310000, 5.7060000, 101224.570000,       0,       0,       0
30.530, 0.4827000 , -0.2572000, 9.6660000, 31.1127000,  34.7290000, 35.0418000, -40.2620000, -12.6320000, 5.2650000, 101224.910000,       0,       0,       0
30.540, 0.4683000 , -0.1986000, 9.6648000, 31.1813000,  34.4696000, 34.5230000, -40.0790000, -12.7350000, 4.8680000, 101224.910000,       0,       0,       0
30.550, 0.4648000 , -0.1077000, 9.6672000, 31.1050000,  33.8516000, 33.8058000, -40.4850000, -12.5320000, 4.9010000, 101223.380000,       0,       0,       0
30.560, 0.4636000 , -0.0742000, 9.6684000, 30.9067000,  33.5464000, 33.5617000, -40.2550000, -12.7680000, 5.6840000, 101223.380000,       0,       0,       0
30.570, 0.4552000 , -0.0730000, 9.6672000, 30.5939000,  33.3939000, 33.5922000, -40.4700000, -12.8410000, 6.0360000, 101224.680000,       0,       0,       0
30.580, 0.4408000 , -0.0981000, 9.6648000, 30.3116000,  33.2413000, 33.8287000, -40.0800000, -12.7650000, 6.0400000, 101224.680000,       0,       0,       0
30.590, 0.4205000 , -0.1364000, 9.6624000, 30.2200000,  32.9971000, 34.1568000, -40.0860000, -12.5260000, 5.9910000, 101222.470000,       0,       0,       0
30.600, 0.4026000 , -0.1687000, 9.6612000, 30.2963000,  32.6233000, 34.5001000, -40.5090000, -12.4840000, 5.6310000, 101222.470000,       0,       0,       0
30.610, 0.3990000 , -0.1771000, 9.6600000, 30.4337000,  32.1198000, 34.7672000, -40.1210000, -12.5110000, 5.3350000, 101225.410000,       0,       0,       0
30.620, 0.4049000 , -0.1651000, 9.6600000, 30.5557000,  31.5781000, 34.9274000, -40.2990000, -12.3600000, 5.1840000, 101225.410000,       0,       0,       0
30.630, 0.4193000 , -0.1400000, 9.6648000, 30.6320000,  31.1127000, 35.0571000, -40.3210000, -12.5680000, 4.8370000, 101224.570000,       0,       0,       0
30.640, 0.4444000 , -0.1113000, 9.6684000, 30.5557000,  30.8380000, 35.1868000, -40.1140000, -12.5190000, 5.6940000, 101224.570000,       0,       0,       0
30.650, 0.4695000 , -0.0861000, 9.6720000, 30.2505000,  30.8838000, 35.3546000, -40.4240000, -12.4340000, 6.0520000, 101224.570000,       0,       0,       0
30.660, 0.4815000 , -0.0766000, 9.6732000, 29.7546000,  31.2271000, 35.6140000, -40.1420000, -12.4540000, 5.7830000, 101224.570000,       0,       0,       0
30.670, 0.4803000 , -0.0837000, 9.6732000, 29.1748000,  31.6467000, 36.0184000, -39.8940000, -12.5640000, 5.6950000, 101225.270000,       0,       0,       0
30.680, 0.4707000 , -0.1053000, 9.6708000, 28.6865000,  32.0282000, 36.5219000, -40.0980000, -12.6320000, 5.8180000, 101225.270000,       0,       0,       0
30.690, 0.4612000 , -0.1316000, 9.6672000, 28.4042000,  32.2952000, 37.0102000, -40.3760000, -12.9180000, 5.7230000, 101219.890000,       0,       0,       0
30.700, 0.4588000 , -0.1531000, 9.6648000, 28.4119000,  32.4326000, 37.3459000, -40.4390000, -12.6020000, 5.3150000, 101219.890000,       0,       0,       0
30.710, 0.4660000 , -0.1615000, 9.6636000, 28.6407000,  32.4707000, 37.3306000, -40.5210000, -12.6190000, 5.7250000, 101224.630000,       0,       0,       0
30.720, 0.4815000 , -0.1531000, 9.6636000, 28.9383000,  32.4860000, 36.8881000, -40.1780000, -12.5970000, 5.8890000, 101224.630000,       0,       0,       0
30.730, 0.4959000 , -0.1280000, 9.6636000, 29.1748000,  32.5165000, 36.0794000, -40.0560000, -12.6900000, 5.7340000, 101222.980000,       0,       0,       0
30.740, 0.5030000 , -0.0981000, 9.6648000, 29.2816000,  32.5623000, 35.1334000, -40.3170000, -12.4280000, 5.5590000, 101222.980000,       0,       0,       0
30.750, 0.4947000 , -0.0778000, 9.6636000, 29.3198000,  32.6157000, 34.3781000, -40.3430000, -12.6630000, 6.0220000, 101222.210000,       0,       0,       0
30.760, 0.4743000 , -0.0730000, 9.6624000, 29.4037000,  32.6767000, 33.9890000, -40.3310000, -12.7520000, 6.2740000, 101222.210000,       0,       0,       0
30.770, 0.4492000 , -0.0825000, 9.6588000, 29.5563000,  32.5928000, 33.9508000, -40.3490000, -12.3370000, 5.5720000, 101224.570000,       0,       0,       0
30.780, 0.4265000 , -0.1041000, 9.6552000, 29.7852000,  32.2723000, 34.1415000, -40.2660000, -12.4990000, 6.1550000, 101224.570000,       0,       0,       0
30.790, 0.4145000 , -0.1304000, 9.6517000, 30.0980000,  31.7688000, 34.4315000, -40.2650000, -12.4840000, 5.6600000, 101224.570000,       0,       0,       0
30.800, 0.4145000 , -0.1627000, 9.6541000, 30.4413000,  31.1661000, 34.7900000, -40.3670000, -12.6150000, 5.7830000, 101224.570000,       0,       0,       0
30.810, 0.4325000 , -0.1938000, 9.6600000, 30.7159000,  30.6015000, 35.1181000, -40.5150000, -12.4400000, 6.2020000, 101226.040000,       0,       0,       0
30.820, 0.4683000 , -0.2129000, 9.6672000, 30.8151000,  30.2124000, 35.3317000, -40.5570000, -12.5260000, 5.6180000, 101226.040000,       0,       0,       0
30.830, 0.5078000 , -0.2237000, 9.6732000, 30.6854000,  30.1056000, 35.3851000, -40.3840000, -12.6180000, 5.8270000, 101223.480000,       0,       0,       0
30.840, 0.5425000 , -0.2345000, 9.6780000, 30.3345000,  30.2658000, 35.3546000, -40.7010000, -12.6630000, 5.1860000, 101223.480000,       0,       0,       0
30.850, 0.5664000 , -0.2464000, 9.6792000, 29.8233000,  30.5786000, 35.3165000, -40.1810000, -12.5870000, 6.1500000, 101225.480000,       0,       0,       0
30.860, 0.5736000 , -0.2584000, 9.6792000, 29.2282000,  30.9982000, 35.3012000, -40.3770000, -12.2650000, 6.0880000, 101225.480000,       0,       0,       0
30.870, 0.5712000 , -0.2644000, 9.6792000, 28.6560000,  31.5170000, 35.3394000, -40.5500000, -12.4970000, 5.3770000, 101221.560000,       0,       0,       0
30.880, 0.5641000 , -0.2668000, 9.6756000, 28.2288000,  32.0663000, 35.4004000, -40.6830000, -12.6240000, 5.5680000, 101221.560000,       0,       0,       0
30.890, 0.5497000 , -0.2668000, 9.6708000, 28.1143000,  32.5394000, 35.4767000, -40.4830000, -12.6090000, 5.6630000, 101224.910000,       0,       0,       0
30.900, 0.5365000 , -0.2560000, 9.6660000, 28.3661000,  32.9437000, 35.5759000, -40.2920000, -12.6760000, 4.8650000, 101224.910000,       0,       0,       0
30.910, 0.5246000 , -0.2249000, 9.6636000, 28.8315000,  33.2870000, 35.6979000, -40.6860000, -12.3760000, 5.5300000, 101221.690000,       0,       0,       0
30.920, 0.5090000 , -0.1771000, 9.6624000, 29.2435000,  33.6151000, 35.8124000, -40.6040000, -12.5520000, 5.8580000, 101221.690000,       0,       0,       0
30.930, 0.4947000 , -0.1220000, 9.6624000, 29.4189000,  33.9203000, 35.8658000, -40.0450000, -12.4190000, 5.4770000, 101224.630000,       0,       0,       0
30.940, 0.4839000 , -0.0682000, 9.6612000, 29.3655000,  34.1568000, 35.8200000, -40.3570000, -12.3820000, 5.7140000, 101224.630000,       0,       0,       0
30.950, 0.4767000 , -0.0203000, 9.6576000, 29.2892000,  34.2712000, 35.7056000, -40.3940000, -12.3120000, 5.9260000, 101221.980000,       0,       0,       0
30.960, 0.4672000 , 0.0060000 , 9.6552000, 29.3198000,  34.3170000, 35.6903000, -40.3210000, -12.9070000, 5.8540000, 101221.980000,       0,       0,       0
30.970, 0.4588000 , 0.0072000 , 9.6564000, 29.4037000,  34.3323000, 35.8505000, -40.5410000, -12.6750000, 5.4760000, 101225.060000,       0,       0,       0
30.980, 0.4588000 , -0.0120000, 9.6588000, 29.4266000,  34.2712000, 36.0489000, -40.2070000, -12.7840000, 5.7480000, 101225.060000,       0,       0,       0
30.990, 0.4660000 , -0.0455000, 9.6624000, 29.3350000,  34.1568000, 36.1023000, -40.2790000, -12.5830000, 5.9850000, 101222.510000,       0,       0,       0
