time,accel_x,accel_y,accel_z,gyro_x,gyro_y,gyro_z,mag_x,mag_y,mag_z,baro,gps_lat,gps_lon,gps_alt
1.020,0.0048000,-0.0018000,9.6541000,62.7594000,62.7136000,61.5005000,-37.1220000,-9.1590000,8.5450000,0.000000,0,0,0
1.030,0.0024000,-0.0018000,9.6529000,62.7518000,62.7441000,61.4929000,-37.0400000,-9.0130000,8.3500000,0.000000,0,0,0
1.040,0.0012000,-0.0030000,9.6529000,62.7441000,62.7594000,61.4929000,-37.2960000,-8.9110000,7.2450000,0.000000,0,0,0
1.050,0.0012000,-0.0018000,9.6529000,62.7441000,62.7518000,61.4929000,-37.3420000,-8.6920000,6.8880000,0.000000,0,0,0
1.060,0.0012000,-0.0006000,9.6529000,62.7518000,62.7289000,61.4853000,-37.2470000,-8.6170000,7.8630000,0.000000,0,0,0
1.070,0.0000000,-0.0006000,9.6529000,62.7518000,62.6907000,61.4853000,-37.4450000,-8.7950000,7.7550000,0.000000,0,0,0
1.080,0.0000000,-0.0006000,9.6529000,62.7518000,62.6526000,61.4929000,-37.4050000,-8.5320000,8.1950000,0.000000,0,0,0
1.090,0.0012000,-0.0006000,9.6517000,62.7594000,62.6221000,61.4929000,-37.4820000,-9.0260000,8.1730000,0.000000,0,0,0
1.100,0.0024000,-0.0018000,9.6505000,62.7594000,62.6144000,61.4929000,-37.7540000,-8.9610000,7.9420000,0.000000,0,0,0
1.110,0.0024000,-0.0042000,9.6517000,62.7518000,62.6221000,61.4929000,-37.2780000,-8.9220000,8.0790000,0.000000,0,0,0
1.120,0.0012000,-0.0054000,9.6517000,62.7441000,62.6373000,61.4929000,-37.1440000,-8.8880000,8.4640000,0.000000,0,0,0
1.130,0.0000000,-0.0078000,9.6529000,62.7365000,62.6602000,61.4929000,-37.3420000,-8.8420000,8.4220000,0.000000,0,0,0
1.140,0.0000000,-0.0078000,9.6529000,62.7365000,62.6678000,61.5005000,-37.1770000,-8.9770000,8.2990000,0.000000,0,0,0
1.150,0.0000000,-0.0042000,9.6517000,62.7441000,62.6755000,61.5005000,-37.1460000,-8.4220000,8.2540000,0.000000,0,0,0
1.160,0.0000000,-0.0030000,9.6529000,62.7518000,62.6755000,61.5005000,-37.0940000,-8.9170000,8.1130000,0.000000,0,0,0
1.170,0.0012000,0.0006000,9.6529000,62.7594000,62.6907000,61.5005000,-37.3410000,-8.6470000,8.3610000,0.000000,0,0,0
1.180,0.0012000,0.0030000,9.6529000,62.7594000,62.7060000,61.5005000,-37.0510000,-8.8160000,8.2990000,0.000000,0,0,0
1.190,0.0012000,0.0042000,9.6517000,62.7518000,62.7289000,61.5005000,-37.0290000,-8.6640000,7.9860000,0.000000,0,0,0
1.200,0.0000000,0.0030000,9.6505000,62.7441000,62.7518000,61.5005000,-37.3100000,-8.9750000,8.8780000,0.000000,0,0,0
1.210,0.0000000,0.0006000,9.6505000,62.7289000,62.7594000,61.5005000,-37.0600000,-8.8680000,8.2140000,0.000000,0,0,0
1.220,0.0000000,-0.0006000,9.6505000,62.7289000,62.7518000,61.5005000,-36.9560000,-8.9430000,8.5780000,0.000000,0,0,0
1.230,0.0000000,-0.0030000,9.6505000,62.7365000,62.7213000,61.4929000,-37.0480000,-8.8050000,8.4790000,0.000000,0,0,0
1.240,0.0012000,-0.0030000,9.6505000,62.7441000,62.6984000,61.5005000,-37.2260000,-9.1430000,7.9850000,0.000000,0,0,0
1.250,0.0024000,-0.0018000,9.6529000,62.7518000,62.6831000,61.5005000,-37.2200000,-9.2300000,8.7160000,0.000000,0,0,0
1.260,0.0024000,-0.0018000,9.6541000,62.7518000,62.6831000,61.5082000,-36.9820000,-8.9260000,8.7260000,0.000000,0,0,0
1.270,0.0024000,-0.0018000,9.6552000,62.7518000,62.6907000,61.5082000,-37.1710000,-8.7640000,8.5280000,0.000000,0,0,0
1.280,0.0024000,-0.0018000,9.6552000,62.7441000,62.7060000,61.5005000,-37.2160000,-8.7950000,7.4470000,0.000000,0,0,0
1.290,0.0036000,-0.0018000,9.6541000,62.7441000,62.7136000,61.5005000,-37.0680000,-8.8550000,7.4120000,0.000000,0,0,0
1.300,0.0048000,-0.0006000,9.6529000,62.7365000,62.7289000,61.4929000,-37.0140000,-9.2170000,7.1640000,0.000000,0,0,0
1.310,0.0048000,-0.0006000,9.6517000,62.7289000,62.7365000,61.4929000,-37.3570000,-9.2670000,7.6770000,0.000000,0,0,0
1.320,0.0036000,-0.0006000,9.6505000,62.7365000,62.7365000,61.4853000,-36.9090000,-9.0530000,7.7170000,0.000000,0,0,0
1.330,0.0036000,-0.0006000,9.6517000,62.7441000,62.7213000,61.4853000,-37.0230000,-8.6950000,7.6590000,0.000000,0,0,0
1.340,0.0036000,-0.0018000,9.6529000,62.7518000,62.7136000,61.4929000,-36.9360000,-8.9020000,8.4720000,0.000000,0,0,0
1.350,0.0036000,-0.0030000,9.6529000,62.7518000,62.7136000,61.5005000,-36.8940000,-8.8740000,8.6990000,0.000000,0,0,0
1.360,0.0024000,-0.0030000,9.6541000,62.7441000,62.7213000,61.5005000,-36.8140000,-9.0450000,8.2750000,0.000000,0,0,0
1.370,0.0024000,-0.0030000,9.6541000,62.7365000,62.7441000,61.5005000,-37.1160000,-8.9040000,7.9310000,0.000000,0,0,0
1.380,0.0024000,-0.0006000,9.6541000,62.7289000,62.7747000,61.4929000,-37.2430000,-9.0730000,8.3370000,0.000000,0,0,0
1.390,0.0012000,0.0006000,9.6529000,62.7289000,62.8052000,61.4853000,-37.0990000,-8.8070000,8.6320000,0.000000,0,0,0
1.400,0.0000000,0.0018000,9.6517000,62.7289000,62.8128000,61.4929000,-37.1380000,-9.4480000,8.7640000,0.000000,0,0,0
1.410,-0.0012000,0.0006000,9.6505000,62.7365000,62.7975000,61.4929000,-36.8640000,-9.0220000,8.2400000,0.000000,0,0,0
1.420,-0.0024000,-0.0006000,9.6517000,62.7441000,62.7823000,61.4929000,-37.2770000,-8.8560000,8.2710000,0.000000,0,0,0
1.430,-0.0012000,-0.0006000,9.6529000,62.7518000,62.7670000,61.4929000,-37.0900000,-9.1490000,8.1830000,0.000000,0,0,0
1.440,-0.0012000,-0.0018000,9.6541000,62.7518000,62.7441000,61.4929000,-37.0500000,-8.8870000,7.9280000,0.000000,0,0,0
1.450,-0.0012000,-0.0030000,9.6541000,62.7518000,62.7289000,61.5005000,-37.0270000,-9.2240000,8.7190000,0.000000,0,0,0
1.460,-0.0012000,-0.0030000,9.6541000,62.7518000,62.7136000,61.5082000,-36.9380000,-9.1490000,8.5420000,0.000000,0,0,0
1.470,-0.0012000,-0.0042000,9.6552000,62.7594000,62.6984000,61.5082000,-36.8530000,-8.9410000,8.6680000,0.000000,0,0,0
1.480,0.0000000,-0.0042000,9.6552000,62.7518000,62.6984000,61.5082000,-37.0740000,-8.8100000,8.4350000,0.000000,0,0,0
1.490,0.0012000,-0.0030000,9.6552000,62.7518000,62.6907000,61.5158000,-36.6140000,-8.9950000,8.3130000,0.000000,0,0,0
1.500,0.0024000,-0.0030000,9.6552000,62.7518000,62.6907000,61.5158000,-36.7670000,-8.9110000,8.6700000,0.000000,0,0,0
1.510,0.0024000,-0.0018000,9.6552000,62.7518000,62.6984000,61.5158000,-37.0000000,-8.8290000,8.7080000,0.000000,0,0,0
1.520,0.0036000,-0.0030000,9.6552000,62.7518000,62.7136000,61.5158000,-37.1270000,-8.5530000,8.1540000,0.000000,0,0,0
1.530,0.0048000,-0.0030000,9.6552000,62.7518000,62.7365000,61.5158000,-36.7990000,-8.7920000,8.3550000,0.000000,0,0,0
1.540,0.0036000,-0.0030000,9.6552000,62.7441000,62.7594000,61.5158000,-36.8200000,-8.8720000,7.9920000,0.000000,0,0,0
1.550,0.0024000,-0.0030000,9.6541000,62.7441000,62.7670000,61.5158000,-36.7700000,-8.8640000,8.5150000,0.000000,0,0,0
1.560,0.0012000,-0.0030000,9.6541000,62.7441000,62.7670000,61.5082000,-36.9260000,-8.9130000,8.1850000,0.000000,0,0,0
1.570,-0.0012000,-0.0018000,9.6552000,62.7441000,62.7594000,61.5082000,-36.9660000,-9.1110000,8.3320000,0.000000,0,0,0
1.580,-0.0012000,-0.0006000,9.6552000,62.7441000,62.7441000,61.5082000,-36.9440000,-9.0460000,8.1510000,0.000000,0,0,0
1.590,-0.0012000,0.0006000,9.6552000,62.7441000,62.7441000,61.5082000,-36.7180000,-8.9480000,7.9100000,0.000000,0,0,0
1.600,-0.0012000,0.0018000,9.6564000,62.7365000,62.7441000,61.5082000,-36.6970000,-8.6110000,8.6970000,0.000000,0,0,0
1.610,-0.0024000,0.0018000,9.6576000,62.7365000,62.7441000,61.5082000,-36.5780000,-8.8360000,7.8550000,0.000000,0,0,0
1.620,-0.0012000,0.0006000,9.6564000,62.7365000,62.7365000,61.5082000,-36.9000000,-8.8210000,8.9550000,0.000000,0,0,0
1.630,-0.0024000,-0.0006000,9.6552000,62.7365000,62.7213000,61.5082000,-36.5760000,-8.9580000,9.2110000,0.000000,0,0,0
1.640,-0.0012000,-0.0018000,9.6552000,62.7518000,62.7060000,61.5082000,-36.5040000,-8.8330000,8.8910000,0.000000,0,0,0
1.650,-0.0012000,-0.0018000,9.6541000,62.7670000,62.6755000,61.5082000,-36.6340000,-9.0000000,8.0360000,0.000000,0,0,0
1.660,0.0000000,-0.0042000,9.6541000,62.7747000,62.6602000,61.5005000,-36.9200000,-8.8920000,7.9360000,0.000000,0,0,0
1.670,0.0000000,-0.0054000,9.6541000,62.7823000,62.6526000,61.4929000,-36.7440000,-9.0890000,8.6940000,0.000000,0,0,0
1.680,0.0000000,-0.0054000,9.6552000,62.7823000,62.6602000,61.4929000,-36.5860000,-9.0460000,8.6720000,0.000000,0,0,0
1.690,0.0000000,-0.0030000,9.6552000,62.7747000,62.6831000,61.4929000,-37.0630000,-8.8290000,8.4050000,0.000000,0,0,0
1.700,0.0000000,-0.0030000,9.6552000,62.7670000,62.6984000,61.4929000,-36.9240000,-9.0610000,8.6420000,0.000000,0,0,0
1.710,-0.0012000,-0.0018000,9.6541000,62.7594000,62.7213000,61.4929000,-36.7220000,-8.6870000,8.2820000,0.000000,0,0,0
1.720,-0.0024000,-0.0018000,9.6541000,62.7518000,62.7365000,61.4929000,-36.6520000,-8.7890000,8.6120000,0.000000,0,0,0
1.730,-0.0036000,-0.0054000,9.6541000,62.7594000,62.7441000,61.5005000,-36.7240000,-8.7820000,8.4350000,0.000000,0,0,0
1.740,-0.0012000,-0.0078000,9.6541000,62.7670000,62.7441000,61.5005000,-37.0300000,-8.7520000,8.0080000,0.000000,0,0,0
1.750,-0.0012000,-0.0078000,9.6541000,62.7670000,62.7441000,61.5005000,-36.8320000,-8.9050000,8.4410000,0.000000,0,0,0
1.760,-0.0012000,-0.0078000,9.6541000,62.7670000,62.7441000,61.5005000,-36.8140000,-9.0510000,7.5140000,0.000000,0,0,0
1.770,-0.0024000,-0.0054000,9.6552000,62.7670000,62.7441000,61.5005000,-36.6410000,-9.1360000,7.8800000,0.000000,0,0,0
1.780,-0.0024000,-0.0030000,9.6552000,62.7594000,62.7441000,61.5005000,-36.3160000,-8.9600000,8.2810000,0.000000,0,0,0
1.790,-0.0024000,0.0006000,9.6552000,62.7441000,62.7441000,61.5005000,-36.6940000,-8.4790000,8.2420000,0.000000,0,0,0
1.800,-0.0036000,0.0018000,9.6564000,62.7441000,62.7441000,61.5005000,-36.5570000,-8.7930000,8.8070000,0.000000,0,0,0
1.810,-0.0048000,0.0018000,9.6576000,62.7365000,62.7289000,61.5005000,-36.4660000,-8.7520000,7.8240000,0.000000,0,0,0
1.820,-0.0048000,0.0006000,9.6564000,62.7441000,62.7136000,61.5005000,-36.6320000,-8.8540000,7.8690000,0.000000,0,0,0
1.830,-0.0036000,-0.0018000,9.6552000,62.7518000,62.7060000,61.5005000,-36.6670000,-8.8840000,7.5580000,0.000000,0,0,0
1.840,-0.0024000,-0.0054000,9.6552000,62.7594000,62.6984000,61.5082000,-36.5530000,-8.9190000,8.4410000,0.000000,0,0,0
1.850,-0.0012000,-0.0066000,9.6541000,62.7670000,62.6984000,61.5082000,-36.6650000,-8.7510000,8.0090000,0.000000,0,0,0
1.860,0.0000000,-0.0066000,9.6552000,62.7670000,62.7060000,61.5082000,-36.4110000,-9.2000000,8.0400000,0.000000,0,0,0
1.870,-0.0012000,-0.0054000,9.6541000,62.7670000,62.7060000,61.5082000,-36.6830000,-8.8620000,8.7120000,0.000000,0,0,0
1.880,-0.0024000,-0.0042000,9.6529000,62.7670000,62.7136000,61.5082000,-36.6760000,-9.0070000,8.0700000,0.000000,0,0,0
1.890,-0.0036000,-0.0018000,9.6541000,62.7670000,62.7136000,61.5082000,-36.4150000,-8.9370000,8.0600000,0.000000,0,0,0
1.900,-0.0036000,-0.0018000,9.6552000,62.7670000,62.7136000,61.5005000,-36.5450000,-8.8900000,7.8890000,0.000000,0,0,0
1.910,-0.0024000,-0.0030000,9.6552000,62.7594000,62.7136000,61.5005000,-36.7260000,-9.0430000,8.1920000,0.000000,0,0,0
1.920,-0.0024000,-0.0042000,9.6552000,62.7518000,62.7136000,61.5005000,-36.8580000,-9.0170000,8.0420000,0.000000,0,0,0
1.930,-0.0012000,-0.0054000,9.6552000,62.7441000,62.7060000,61.5005000,-36.6300000,-8.6010000,8.5410000,0.000000,0,0,0
1.940,-0.0012000,-0.0054000,9.6541000,62.7365000,62.6984000,61.5005000,-36.6720000,-9.0020000,8.0360000,0.000000,0,0,0
1.950,0.0000000,-0.0066000,9.6529000,62.7441000,62.6984000,61.4929000,-36.6580000,-8.9880000,8.1010000,0.000000,0,0,0
1.960,0.0012000,-0.0066000,9.6529000,62.7518000,62.7060000,61.5005000,-36.6840000,-8.7780000,8.5850000,0.000000,0,0,0
1.970,0.0012000,-0.0054000,9.6529000,62.7518000,62.7060000,61.5005000,-36.9160000,-9.1030000,8.6250000,0.000000,0,0,0
1.980,0.0012000,-0.0042000,9.6541000,62.7594000,62.7136000,61.5005000,-36.5200000,-9.1370000,8.2460000,0.000000,0,0,0
1.990,0.0012000,-0.0018000,9.6552000,62.7594000,62.7136000,61.5005000,-36.6120000,-8.7410000,8.1430000,0.000000,0,0,0
2.000,0.0024000,-0.0018000,9.6564000,62.7594000,62.7136000,61.5005000,-36.5890000,-9.3860000,8.6990000,0.000000,0,0,0
2.010,0.0024000,-0.0030000,9.6564000,62.7594000,62.7213000,61.4853000,-36.4850000,-9.2250000,7.9250000,0.000000,0,0,0
2.020,0.0000000,-0.0042000,9.6576000,62.7594000,62.7213000,61.4853000,-36.7950000,-9.1540000,8.2370000,0.000000,0,0,0
2.030,-0.0012000,-0.0042000,9.6576000,62.7518000,62.7213000,61.4853000,-36.3560000,-8.8430000,8.2800000,0.000000,0,0,0
2.040,-0.0012000,-0.0054000,9.6576000,62.7518000,62.7136000,61.4853000,-36.4340000,-8.8850000,8.8380000,0.000000,0,0,0
2.050,-0.0012000,-0.0054000,9.6576000,62.7518000,62.7060000,61.4929000,-36.6130000,-8.8850000,8.4880000,0.000000,0,0,0
2.060,0.0000000,-0.0054000,9.6576000,62.7594000,62.7136000,61.4929000,-36.6650000,-8.9380000,7.2890000,0.000000,0,0,0
2.070,-0.0012000,-0.0042000,9.6576000,62.7823000,62.7289000,61.4929000,-36.5820000,-8.7460000,7.5250000,0.000000,0,0,0
2.080,-0.0012000,-0.0030000,9.6576000,62.7899000,62.7441000,61.4929000,-36.5210000,-8.8790000,7.8940000,0.000000,0,0,0
2.090,-0.0024000,-0.0030000,9.6576000,62.7975000,62.7594000,61.4929000,-36.6860000,-9.0530000,7.6310000,0.000000,0,0,0
2.100,-0.0024000,-0.0042000,9.6588000,62.8052000,62.7670000,61.4929000,-36.5120000,-9.0070000,8.6420000,0.000000,0,0,0
2.110,-0.0024000,-0.0042000,9.6588000,62.7975000,62.7670000,61.4929000,-36.7790000,-8.9880000,7.9230000,0.000000,0,0,0
2.120,-0.0012000,-0.0054000,9.6588000,62.7747000,62.7747000,61.5005000,-36.5900000,-8.9770000,7.9290000,0.000000,0,0,0
2.130,-0.0012000,-0.0054000,9.6576000,62.7365000,62.7899000,61.5082000,-36.3660000,-8.8820000,7.2070000,0.000000,0,0,0
2.140,-0.0024000,-0.0042000,9.6576000,62.7060000,62.7899000,61.5158000,-36.4470000,-8.8850000,7.4560000,0.000000,0,0,0
2.150,-0.0036000,-0.0018000,9.6576000,62.6831000,62.7823000,61.5158000,-36.3560000,-8.8290000,8.0290000,0.000000,0,0,0
2.160,-0.0036000,-0.0006000,9.6564000,62.6755000,62.7747000,61.5158000,-36.5660000,-9.0610000,8.2710000,0.000000,0,0,0
2.170,-0.0036000,0.0006000,9.6564000,62.6831000,62.7594000,61.5158000,-36.3620000,-8.8490000,8.1470000,0.000000,0,0,0
2.180,-0.0036000,0.0006000,9.6564000,62.6984000,62.7365000,61.5082000,-36.5230000,-8.9100000,8.2880000,0.000000,0,0,0
2.190,-0.0024000,-0.0006000,9.6552000,62.7213000,62.7136000,61.5082000,-36.5700000,-8.8210000,8.5960000,0.000000,0,0,0
2.200,-0.0024000,-0.0018000,9.6552000,62.7365000,62.6831000,61.5005000,-36.5550000,-8.9080000,8.7450000,0.000000,0,0,0
2.210,-0.0024000,-0.0030000,9.6552000,62.7441000,62.6602000,61.5082000,-36.4500000,-9.0450000,8.3940000,0.000000,0,0,0
2.220,-0.0024000,-0.0042000,9.6564000,62.7518000,62.6450000,61.5082000,-36.7340000,-9.0150000,8.2760000,0.000000,0,0,0
2.230,-0.0012000,-0.0054000,9.6552000,62.7594000,62.6373000,61.5082000,-36.6190000,-8.8050000,8.2750000,0.000000,0,0,0
2.240,-0.0012000,-0.0042000,9.6541000,62.7670000,62.6373000,61.5005000,-36.5490000,-9.0150000,8.5810000,0.000000,0,0,0
2.250,0.0000000,-0.0042000,9.6541000,62.7670000,62.6450000,61.4929000,-36.1990000,-8.9150000,8.6520000,0.000000,0,0,0
2.260,0.0000000,-0.0030000,9.6541000,62.7670000,62.6907000,61.4929000,-36.8000000,-9.1160000,8.0740000,0.000000,0,0,0
2.270,0.0000000,-0.0018000,9.6529000,62.7670000,62.6984000,61.4853000,-36.6690000,-9.2510000,8.4350000,0.000000,0,0,0
2.280,0.0000000,-0.0006000,9.6529000,62.7594000,62.7060000,61.4853000,-36.7260000,-9.0630000,7.9830000,0.000000,0,0,0
2.290,0.0000000,-0.0006000,9.6552000,62.7441000,62.7136000,61.4929000,-36.5400000,-8.9420000,7.6980000,0.000000,0,0,0
2.300,0.0000000,-0.0006000,9.6564000,62.7441000,62.7136000,61.4929000,-36.2550000,-9.1080000,7.2120000,0.000000,0,0,0
2.310,-0.0024000,-0.0006000,9.6576000,62.7518000,62.6984000,61.4929000,-36.4770000,-8.7560000,8.0600000,0.000000,0,0,0
2.320,-0.0036000,-0.0018000,9.6576000,62.7594000,62.6755000,61.4929000,-36.3350000,-8.5700000,8.0840000,0.000000,0,0,0
2.330,-0.0036000,-0.0030000,9.6576000,62.7670000,62.6602000,61.5005000,-36.3710000,-8.7360000,7.9270000,0.000000,0,0,0
2.340,-0.0024000,-0.0030000,9.6564000,62.7823000,62.6221000,61.5005000,-36.4830000,-8.8840000,7.4800000,0.000000,0,0,0
2.350,-0.0036000,-0.0006000,9.6552000,62.7975000,62.5839000,61.5005000,-36.4150000,-8.7880000,7.7090000,0.000000,0,0,0
2.360,-0.0036000,0.0006000,9.6541000,62.8052000,62.5610000,61.4929000,-36.6740000,-8.9620000,8.0480000,0.000000,0,0,0
2.370,-0.0024000,0.0018000,9.6541000,62.8128000,62.5534000,61.4929000,-36.5450000,-9.0330000,7.9340000,0.000000,0,0,0
2.380,-0.0024000,0.0006000,9.6541000,62.8128000,62.5687000,61.4929000,-36.8450000,-8.8670000,8.3390000,0.000000,0,0,0
2.390,-0.0024000,-0.0006000,9.6541000,62.8204000,62.5687000,61.4929000,-36.5230000,-9.1610000,7.7270000,0.000000,0,0,0
2.400,-0.0036000,-0.0030000,9.6529000,62.8204000,62.5534000,61.4929000,-36.5650000,-8.7870000,7.7610000,0.000000,0,0,0
2.410,-0.0036000,-0.0042000,9.6529000,62.8357000,62.5153000,61.5005000,-36.5160000,-8.8890000,8.3460000,0.000000,0,0,0
2.420,-0.0012000,-0.0042000,9.6541000,62.8433000,62.4771000,61.5005000,-36.6070000,-9.0020000,8.5410000,0.000000,0,0,0
2.430,0.0000000,-0.0018000,9.6552000,62.8662000,62.4466000,61.5005000,-36.1820000,-9.0130000,7.9140000,0.000000,0,0,0
2.440,0.0012000,0.0018000,9.6552000,62.8815000,62.4619000,61.4929000,-36.4800000,-9.0970000,7.9760000,0.000000,0,0,0
2.450,0.0012000,0.0054000,9.6564000,62.8738000,62.4924000,61.4929000,-36.4650000,-9.1610000,7.9910000,0.000000,0,0,0
2.460,0.0012000,0.0054000,9.6588000,62.8738000,62.5534000,61.4929000,-36.5400000,-8.8700000,8.5650000,0.000000,0,0,0
2.470,0.0012000,0.0018000,9.6588000,62.8662000,62.6297000,61.4929000,-36.4980000,-9.0370000,8.2950000,0.000000,0,0,0
2.480,0.0012000,-0.0006000,9.6576000,62.8662000,62.6831000,61.5005000,-36.3510000,-9.0110000,8.6860000,0.000000,0,0,0
2.490,0.0012000,-0.0042000,9.6564000,62.8662000,62.7289000,61.5005000,-36.6240000,-8.9970000,8.6960000,0.000000,0,0,0
2.500,0.0000000,-0.0078000,9.6552000,62.8738000,62.7670000,61.5005000,-36.4820000,-8.9340000,8.8490000,0.000000,0,0,0
2.510,-0.0012000,-0.0090000,9.6541000,62.8967000,62.7747000,61.5005000,-36.4520000,-8.9260000,8.0390000,0.000000,0,0,0
2.520,-0.0012000,-0.0078000,9.6529000,62.9120000,62.7670000,61.5005000,-36.6400000,-8.8920000,8.0000000,0.000000,0,0,0
2.530,0.0000000,-0.0042000,9.6505000,62.9425000,62.7518000,61.5005000,-36.4510000,-8.8090000,8.2260000,0.000000,0,0,0
2.540,0.0012000,-0.0006000,9.6505000,62.9578000,62.7289000,61.5005000,-36.8910000,-8.8990000,8.7640000,0.000000,0,0,0
2.550,0.0000000,0.0018000,9.6541000,62.9654000,62.7136000,61.4929000,-36.3620000,-8.5030000,9.1860000,0.000000,0,0,0
2.560,0.0000000,0.0054000,9.6552000,62.9807000,62.7136000,61.4929000,-36.5580000,-8.8520000,8.9350000,0.000000,0,0,0
2.570,0.0000000,0.0066000,9.6529000,62.9959000,62.6984000,61.4929000,-36.3650000,-9.0100000,8.4250000,0.000000,0,0,0
2.580,0.0000000,0.0066000,9.6529000,63.0112000,62.6907000,61.4929000,-36.5100000,-9.0190000,8.1580000,0.000000,0,0,0
2.590,0.0024000,0.0042000,9.6552000,63.0264000,62.6984000,61.4929000,-36.5180000,-8.9410000,8.2060000,0.000000,0,0,0
2.600,0.0036000,0.0018000,9.6564000,63.0417000,62.7060000,61.4853000,-36.4560000,-9.3600000,8.3310000,0.000000,0,0,0
2.610,0.0036000,0.0006000,9.6564000,63.0493000,62.7136000,61.4929000,-36.4740000,-9.5430000,8.2750000,0.000000,0,0,0
2.620,0.0024000,-0.0006000,9.6576000,63.0341000,62.7136000,61.4853000,-36.7730000,-9.1470000,8.5050000,0.000000,0,0,0
2.630,0.0012000,-0.0006000,9.6588000,63.0035000,62.7213000,61.4777000,-36.5410000,-8.9710000,8.0850000,0.000000,0,0,0
2.640,0.0000000,0.0018000,9.6588000,62.9730000,62.6984000,61.4777000,-36.3700000,-9.1800000,8.0730000,0.000000,0,0,0
2.650,0.0000000,0.0054000,9.6576000,62.9501000,62.6755000,61.4777000,-36.3900000,-9.2440000,7.9650000,0.000000,0,0,0
2.660,0.0000000,0.0078000,9.6552000,62.9425000,62.6602000,61.4777000,-36.4060000,-9.4110000,7.7270000,0.000000,0,0,0
2.670,0.0000000,0.0090000,9.6552000,62.9578000,62.6450000,61.4777000,-36.4660000,-8.8600000,8.1490000,0.000000,0,0,0
2.680,0.0012000,0.0090000,9.6564000,62.9807000,62.6526000,61.4853000,-36.6810000,-9.1410000,8.2200000,0.000000,0,0,0
2.690,0.0024000,0.0078000,9.6576000,62.9959000,62.6602000,61.4853000,-36.6920000,-8.9220000,7.5550000,0.000000,0,0,0
2.700,0.0024000,0.0054000,9.6588000,63.0035000,62.6831000,61.4929000,-36.6160000,-9.0390000,7.9470000,0.000000,0,0,0
2.710,0.0024000,0.0018000,9.6600000,62.9959000,62.7136000,61.4929000,-36.6590000,-9.1990000,8.3200000,0.000000,0,0,0
2.720,0.0024000,0.0018000,9.6612000,62.9654000,62.7289000,61.5005000,-36.6600000,-9.1120000,7.8170000,0.000000,0,0,0
2.730,0.0000000,0.0030000,9.6612000,62.9272000,62.7060000,61.4929000,-36.5900000,-9.1430000,7.9550000,0.000000,0,0,0
2.740,0.0000000,0.0054000,9.6588000,62.9044000,62.6602000,61.4929000,-36.5980000,-8.9490000,8.0500000,0.000000,0,0,0
2.750,0.0000000,0.0102000,9.6564000,62.8967000,62.6144000,61.4929000,-36.6810000,-8.9460000,7.8460000,0.000000,0,0,0
2.760,0.0000000,0.0126000,9.6529000,62.9044000,62.5687000,61.4929000,-36.6990000,-8.8650000,7.8600000,0.000000,0,0,0
2.770,0.0000000,0.0138000,9.6517000,62.9120000,62.5381000,61.4929000,-36.4880000,-8.8980000,7.7910000,0.000000,0,0,0
2.780,0.0036000,0.0126000,9.6552000,62.9349000,62.6755000,61.4929000,-36.7470000,-9.1070000,8.1250000,0.000000,0,0,0
2.790,0.0012000,0.0102000,9.6552000,62.9501000,62.9730000,61.5082000,-36.7900000,-9.2280000,8.2620000,0.000000,0,0,0
2.800,0.0012000,0.0090000,9.6576000,62.9654000,63.2706000,61.5234000,-36.5230000,-9.0620000,8.1630000,0.000000,0,0,0
2.810,0.0012000,0.0066000,9.6612000,62.9807000,63.6292000,61.5234000,-36.2500000,-9.3900000,7.9340000,0.000000,0,0,0
2.820,0.0012000,0.0078000,9.6660000,63.0188000,64.1022000,61.5311000,-36.4390000,-8.9410000,8.3460000,0.000000,0,0,0
2.830,-0.0012000,0.0102000,9.6684000,63.0646000,64.5676000,61.5540000,-36.5490000,-9.1740000,8.7680000,0.000000,0,0,0
2.840,-0.0036000,0.0126000,9.6684000,63.1180000,65.0177000,61.5616000,-36.7860000,-9.0520000,7.9650000,0.000000,0,0,0
2.850,-0.0084000,0.0150000,9.6660000,63.1714000,65.4144000,61.5768000,-36.8640000,-9.0020000,7.8870000,0.000000,0,0,0
2.860,-0.0132000,0.0161000,9.6636000,63.2095000,65.8264000,61.5921000,-36.8870000,-8.9530000,8.0270000,0.000000,0,0,0
2.870,-0.0191000,0.0161000,9.6624000,63.2477000,66.2918000,61.5997000,-36.6850000,-9.0870000,7.8150000,0.000000,0,0,0
2.880,-0.0227000,0.0173000,9.6672000,63.2782000,66.9174000,61.6150000,-36.8160000,-9.4060000,8.2160000,0.000000,0,0,0
2.890,-0.0227000,0.0161000,9.6768000,63.3392000,67.9855000,61.6302000,-36.7080000,-9.1110000,8.5780000,0.000000,0,0,0
2.900,-0.0299000,0.0150000,9.6840000,63.4613000,69.6564000,61.6531000,-36.5840000,-9.2360000,8.7410000,0.000000,0,0,0
2.910,-0.0479000,0.0150000,9.6792000,63.5834000,71.1899000,61.6760000,-36.7750000,-9.2490000,8.7090000,0.000000,0,0,0
2.920,-0.0694000,0.0150000,9.6720000,63.6902000,72.2504000,61.7065000,-36.7620000,-9.0710000,8.6040000,0.000000,0,0,0
2.930,-0.0957000,0.0185000,9.6588000,63.7283000,72.6166000,61.7142000,-36.8380000,-9.3860000,8.7250000,0.000000,0,0,0
2.940,-0.1017000,0.0209000,9.6720000,63.7436000,72.9599000,61.7523000,-36.7060000,-9.3960000,8.7580000,0.000000,0,0,0
2.950,-0.1160000,0.0257000,9.6768000,63.7741000,73.9212000,61.7828000,-36.3340000,-9.2370000,8.7360000,0.000000,0,0,0
2.960,-0.1232000,0.0293000,9.7103000,64.0182000,77.8275000,61.8134000,-36.2260000,-9.4740000,9.2910000,0.000000,0,0,0
2.970,-0.2010000,0.0353000,9.6493000,64.1098000,78.8269000,61.8057000,-36.1260000,-9.5040000,8.2620000,0.000000,0,0,0
2.980,-0.2512000,0.0389000,9.6206000,63.9725000,76.7746000,61.7752000,-36.0710000,-9.2030000,9.1520000,0.000000,0,0,0
2.990,-0.2787000,0.0389000,9.6122000,63.7360000,73.4558000,61.7218000,-36.1000000,-9.1960000,8.8940000,0.000000,0,0,0
3.000,-0.2907000,0.0389000,9.6194000,63.4918000,69.9844000,61.6608000,-36.3470000,-9.2660000,8.8260000,0.000000,0,0,0
3.010,-0.2931000,0.0389000,9.6313000,63.3011000,67.0624000,61.6150000,-35.8830000,-9.1520000,9.0040000,0.000000,0,0,0
3.020,-0.2895000,0.0413000,9.6421000,63.1790000,64.8651000,61.5845000,-36.2040000,-9.1290000,8.9350000,0.000000,0,0,0
3.030,-0.2847000,0.0437000,9.6505000,63.0798000,63.3850000,61.5463000,-36.3850000,-8.9660000,8.9540000,0.000000,0,0,0
3.040,-0.2787000,0.0461000,9.6564000,62.9807000,62.5000000,61.5234000,-36.3570000,-9.0090000,8.4230000,0.000000,0,0,0
3.050,-0.2728000,0.0473000,9.6624000,62.8815000,62.0575000,61.5082000,-36.0850000,-9.1320000,8.9340000,0.000000,0,0,0
3.060,-0.2644000,0.0425000,9.6756000,62.8281000,62.1490000,61.5082000,-36.2140000,-9.1020000,8.6850000,0.000000,0,0,0
3.070,-0.2632000,0.0413000,9.6756000,62.8357000,62.3932000,61.5082000,-36.3040000,-9.1080000,8.7230000,0.000000,0,0,0
3.080,-0.2632000,0.0389000,9.6732000,62.8891000,62.5229000,61.5158000,-36.4380000,-9.2200000,9.8310000,0.000000,0,0,0
3.090,-0.2644000,0.0389000,9.6708000,62.9654000,62.5534000,61.5082000,-36.2170000,-9.2430000,8.5290000,0.000000,0,0,0
3.100,-0.2668000,0.0401000,9.6684000,63.0264000,62.4771000,61.5082000,-36.2430000,-8.8290000,8.2150000,0.000000,0,0,0
3.110,-0.2668000,0.0437000,9.6672000,63.0569000,62.3856000,61.5082000,-36.0580000,-8.8090000,8.7980000,0.000000,0,0,0
3.120,-0.2656000,0.0473000,9.6672000,63.0569000,62.4390000,61.5158000,-36.0530000,-8.4740000,8.5730000,0.000000,0,0,0
3.130,-0.2644000,0.0496000,9.6684000,63.0417000,62.5763000,61.5234000,-36.0760000,-8.7700000,8.7360000,0.000000,0,0,0
3.140,-0.2632000,0.0484000,9.6720000,63.0112000,62.7747000,61.5311000,-36.2510000,-9.2190000,8.7940000,0.000000,0,0,0
3.150,-0.2632000,0.0473000,9.6732000,63.0112000,62.9959000,61.5463000,-36.3170000,-9.2850000,8.6210000,0.000000,0,0,0
3.160,-0.2632000,0.0461000,9.6732000,63.0264000,63.2324000,61.5616000,-36.3040000,-9.0640000,8.6790000,0.000000,0,0,0
3.170,-0.2656000,0.0461000,9.6720000,63.0493000,63.4308000,61.5692000,-36.0790000,-9.1320000,8.7460000,0.000000,0,0,0
3.180,-0.2692000,0.0461000,9.6696000,63.0569000,63.5376000,61.5692000,-36.3950000,-8.7810000,9.6480000,0.000000,0,0,0
3.190,-0.2740000,0.0473000,9.6684000,63.0646000,63.4842000,61.5692000,-36.2290000,-8.7000000,9.3530000,0.000000,0,0,0
3.200,-0.2763000,0.0484000,9.6660000,63.0569000,63.3392000,61.5616000,-36.1600000,-8.7020000,9.2370000,0.000000,0,0,0
3.210,-0.2775000,0.0496000,9.6648000,63.0341000,63.1409000,61.5540000,-36.3280000,-8.9950000,8.5440000,0.000000,0,0,0
3.220,-0.2775000,0.0508000,9.6636000,63.0112000,62.9501000,61.5387000,-36.5070000,-8.8360000,8.7030000,0.000000,0,0,0
3.230,-0.2763000,0.0520000,9.6660000,62.9730000,62.8204000,61.5311000,-36.2560000,-8.7210000,8.3480000,0.000000,0,0,0
3.240,-0.2740000,0.0520000,9.6660000,62.9349000,62.7594000,61.5234000,-36.2000000,-8.9950000,8.9210000,0.000000,0,0,0
3.250,-0.2740000,0.0508000,9.6660000,62.9044000,62.7594000,61.5234000,-36.3670000,-8.8750000,8.6900000,0.000000,0,0,0
3.260,-0.2728000,0.0496000,9.6672000,62.8738000,62.7823000,61.5311000,-36.5810000,-8.6520000,8.7750000,0.000000,0,0,0
3.270,-0.2728000,0.0496000,9.6684000,62.8510000,62.7823000,61.5234000,-36.2260000,-8.7190000,8.4700000,0.000000,0,0,0
3.280,-0.2740000,0.0508000,9.6696000,62.8281000,62.7213000,61.5158000,-36.0530000,-8.8980000,8.6200000,0.000000,0,0,0
3.290,-0.2740000,0.0520000,9.6684000,62.8052000,62.6221000,61.5158000,-36.1470000,-8.6980000,8.5040000,0.000000,0,0,0
3.300,-0.2740000,0.0532000,9.6696000,62.7899000,62.5381000,61.5082000,-36.2080000,-8.7010000,8.0410000,0.000000,0,0,0
3.310,-0.2740000,0.0532000,9.6708000,62.7823000,62.4924000,61.5005000,-36.3540000,-8.4540000,7.9760000,0.000000,0,0,0
3.320,-0.2740000,0.0532000,9.6720000,62.7823000,62.4924000,61.5005000,-36.2590000,-8.6590000,8.8620000,0.000000,0,0,0
3.330,-0.2740000,0.0508000,9.6720000,62.7899000,62.5305000,61.5082000,-36.2990000,-9.0590000,9.1730000,0.000000,0,0,0
3.340,-0.2728000,0.0496000,9.6696000,62.7899000,62.5839000,61.5158000,-36.3080000,-9.1270000,8.8420000,0.000000,0,0,0
3.350,-0.2728000,0.0484000,9.6684000,62.7823000,62.5992000,61.5158000,-36.3190000,-8.8410000,8.8880000,0.000000,0,0,0
3.360,-0.2740000,0.0484000,9.6684000,62.7670000,62.5839000,61.5234000,-36.0010000,-8.9820000,9.1550000,0.000000,0,0,0
3.370,-0.2728000,0.0508000,9.6684000,62.7518000,62.5610000,61.5158000,-36.1940000,-8.8740000,9.3200000,0.000000,0,0,0
3.380,-0.2704000,0.0520000,9.6684000,62.7441000,62.5763000,61.5158000,-36.0550000,-9.1070000,9.2740000,0.000000,0,0,0
3.390,-0.2692000,0.0544000,9.6672000,62.7441000,62.6144000,61.5158000,-36.1810000,-8.9610000,9.1520000,0.000000,0,0,0
3.400,-0.2692000,0.0556000,9.6660000,62.7365000,62.6755000,61.5234000,-36.2560000,-8.8720000,8.7690000,0.000000,0,0,0
3.410,-0.2692000,0.0556000,9.6660000,62.7289000,62.7289000,61.5234000,-36.1320000,-8.7110000,8.8630000,0.000000,0,0,0
3.420,-0.2716000,0.0556000,9.6672000,62.7289000,62.7823000,61.5234000,-36.3240000,-8.7960000,8.7130000,0.000000,0,0,0
3.430,-0.2728000,0.0556000,9.6672000,62.7213000,62.7899000,61.5234000,-36.1660000,-8.8740000,8.6770000,0.000000,0,0,0
3.440,-0.2740000,0.0568000,9.6684000,62.7213000,62.7823000,61.5234000,-36.3380000,-9.1190000,8.7270000,0.000000,0,0,0
3.450,-0.2740000,0.0568000,9.6684000,62.7213000,62.7670000,61.5311000,-36.1280000,-9.2030000,9.3550000,0.000000,0,0,0
3.460,-0.2751000,0.0568000,9.6684000,62.7136000,62.7441000,61.5311000,-36.0650000,-9.1110000,8.9780000,0.000000,0,0,0
3.470,-0.2763000,0.0580000,9.6684000,62.7060000,62.7060000,61.5234000,-36.3850000,-9.0300000,9.3290000,0.000000,0,0,0
3.480,-0.2751000,0.0592000,9.6720000,62.7060000,62.6678000,61.5234000,-36.2820000,-9.0850000,8.6840000,0.000000,0,0,0
3.490,-0.2751000,0.0592000,9.6720000,62.7136000,62.6450000,61.5234000,-36.5440000,-9.0750000,8.1780000,0.000000,0,0,0
3.500,-0.2763000,0.0592000,9.6696000,62.7213000,62.6297000,61.5234000,-36.3940000,-8.8600000,8.6920000,0.000000,0,0,0
3.510,-0.2763000,0.0580000,9.6696000,62.7289000,62.6297000,61.5234000,-36.4140000,-9.0810000,8.5290000,0.000000,0,0,0
3.520,-0.2763000,0.0556000,9.6696000,62.7289000,62.6068000,61.5234000,-36.4490000,-8.7640000,8.9110000,0.000000,0,0,0
3.530,-0.2740000,0.0544000,9.6684000,62.7289000,62.5458000,61.5234000,-36.7110000,-8.8330000,8.2350000,0.000000,0,0,0
3.540,-0.2728000,0.0520000,9.6672000,62.7365000,62.4847000,61.5158000,-36.4450000,-8.8890000,8.5910000,0.000000,0,0,0
3.550,-0.2728000,0.0532000,9.6672000,62.7289000,62.4390000,61.5082000,-36.4050000,-9.0580000,7.7630000,0.000000,0,0,0
3.560,-0.2716000,0.0532000,9.6684000,62.7136000,62.4161000,61.4929000,-36.3050000,-8.8710000,8.5660000,0.000000,0,0,0
3.570,-0.2704000,0.0544000,9.6696000,62.7136000,62.4161000,61.4929000,-36.3630000,-8.7860000,8.3500000,0.000000,0,0,0
3.580,-0.2704000,0.0544000,9.6684000,62.7136000,62.4466000,61.5005000,-36.1220000,-9.3120000,8.4890000,0.000000,0,0,0
3.590,-0.2692000,0.0532000,9.6684000,62.7289000,62.5458000,61.5005000,-36.2330000,-9.0210000,8.8150000,0.000000,0,0,0
3.600,-0.2692000,0.0520000,9.6696000,62.7365000,62.6144000,61.5082000,-36.2940000,-8.8100000,8.9150000,0.000000,0,0,0
3.610,-0.2692000,0.0508000,9.6684000,62.7518000,62.6602000,61.5158000,-35.9280000,-8.7230000,9.5460000,0.000000,0,0,0
3.620,-0.2704000,0.0520000,9.6684000,62.7594000,62.6831000,61.5234000,-36.0230000,-8.4510000,9.2460000,0.000000,0,0,0
3.630,-0.2716000,0.0532000,9.6684000,62.7518000,62.6907000,61.5234000,-36.1940000,-8.7740000,8.6300000,0.000000,0,0,0
3.640,-0.2728000,0.0568000,9.6708000,62.7518000,62.6984000,61.5311000,-36.2610000,-9.0630000,9.1450000,0.000000,0,0,0
3.650,-0.2728000,0.0580000,9.6708000,62.7441000,62.6907000,61.5311000,-36.3280000,-8.8220000,9.2810000,0.000000,0,0,0
3.660,-0.2728000,0.0592000,9.6684000,62.7289000,62.6831000,61.5234000,-36.4040000,-8.9990000,9.2430000,0.000000,0,0,0
3.670,-0.2728000,0.0580000,9.6672000,62.7289000,62.6602000,61.5158000,-36.3080000,-9.1610000,9.2080000,0.000000,0,0,0
3.680,-0.2716000,0.0556000,9.6696000,62.7213000,62.6526000,61.5158000,-36.1040000,-8.6910000,9.3300000,0.000000,0,0,0
3.690,-0.2704000,0.0532000,9.6732000,62.7289000,62.6831000,61.5234000,-36.0780000,-8.9660000,8.9350000,0.000000,0,0,0
3.700,-0.2704000,0.0520000,9.6744000,62.7289000,62.7365000,61.5234000,-36.3200000,-8.7710000,9.6040000,0.000000,0,0,0
3.710,-0.2692000,0.0496000,9.6732000,62.7365000,62.7975000,61.5311000,-36.1910000,-8.7420000,10.1330000,0.000000,0,0,0
3.720,-0.2692000,0.0484000,9.6720000,62.7365000,62.8357000,61.5311000,-36.4180000,-9.0710000,9.5310000,0.000000,0,0,0
3.730,-0.2704000,0.0496000,9.6708000,62.7289000,62.8586000,61.5311000,-36.0870000,-8.9470000,9.5350000,0.000000,0,0,0
3.740,-0.2716000,0.0532000,9.6696000,62.7213000,62.8433000,61.5311000,-36.6650000,-9.0890000,9.5020000,0.000000,0,0,0
3.750,-0.2716000,0.0556000,9.6684000,62.7136000,62.8128000,61.5234000,-36.3880000,-8.7390000,10.0240000,0.000000,0,0,0
3.760,-0.2704000,0.0568000,9.6672000,62.7213000,62.7823000,61.5234000,-36.1550000,-8.9580000,9.3860000,0.000000,0,0,0
3.770,-0.2716000,0.0568000,9.6684000,62.7213000,62.7594000,61.5234000,-36.1930000,-8.9520000,9.1130000,0.000000,0,0,0
3.780,-0.2716000,0.0556000,9.6684000,62.7213000,62.7289000,61.5234000,-36.6930000,-9.2830000,9.1760000,0.000000,0,0,0
3.790,-0.2728000,0.0520000,9.6684000,62.7213000,62.7060000,61.5234000,-36.5280000,-8.9440000,9.9440000,0.000000,0,0,0
3.800,-0.2740000,0.0484000,9.6684000,62.7289000,62.6678000,61.5158000,-36.4470000,-8.9560000,9.0230000,0.000000,0,0,0
3.810,-0.2740000,0.0473000,9.6684000,62.7289000,62.6297000,61.5158000,-36.4490000,-8.9720000,9.2520000,0.000000,0,0,0
3.820,-0.2728000,0.0484000,9.6696000,62.7289000,62.5916000,61.5158000,-36.5300000,-9.2400000,9.1140000,0.000000,0,0,0
3.830,-0.2728000,0.0496000,9.6684000,62.7289000,62.5610000,61.5234000,-36.1970000,-9.2880000,8.8760000,0.000000,0,0,0
3.840,-0.2716000,0.0532000,9.6696000,62.7289000,62.5687000,61.5234000,-36.4970000,-8.6900000,9.0800000,0.000000,0,0,0
3.850,-0.2716000,0.0556000,9.6708000,62.7213000,62.5992000,61.5311000,-35.9520000,-8.8320000,8.7460000,0.000000,0,0,0
3.860,-0.2704000,0.0568000,9.6708000,62.7213000,62.6678000,61.5234000,-36.4550000,-9.2810000,8.7360000,0.000000,0,0,0
3.870,-0.2692000,0.0568000,9.6696000,62.7289000,62.7213000,61.5311000,-36.1960000,-8.9050000,8.2340000,0.000000,0,0,0
3.880,-0.2692000,0.0568000,9.6672000,62.7289000,62.7365000,61.5311000,-36.4160000,-9.1400000,9.0160000,0.000000,0,0,0
3.890,-0.2704000,0.0556000,9.6660000,62.7365000,62.7213000,61.5234000,-36.2310000,-9.1200000,9.2240000,0.000000,0,0,0
3.900,-0.2728000,0.0556000,9.6648000,62.7365000,62.6526000,61.5158000,-36.4900000,-9.1860000,8.9100000,0.000000,0,0,0
3.910,-0.2740000,0.0556000,9.6648000,62.7365000,62.5610000,61.5158000,-36.1270000,-9.1230000,9.2630000,0.000000,0,0,0
3.920,-0.2740000,0.0568000,9.6660000,62.7289000,62.4924000,61.5158000,-36.0970000,-9.0710000,8.9730000,0.000000,0,0,0
3.930,-0.2740000,0.0568000,9.6672000,62.7289000,62.4695000,61.5082000,-36.3330000,-9.0920000,9.2660000,0.000000,0,0,0
3.940,-0.2728000,0.0556000,9.6696000,62.7289000,62.4924000,61.5082000,-36.4480000,-9.1520000,9.3810000,0.000000,0,0,0
3.950,-0.2716000,0.0544000,9.6708000,62.7289000,62.5381000,61.5082000,-36.2960000,-9.0130000,8.5080000,0.000000,0,0,0
3.960,-0.2716000,0.0520000,9.6696000,62.7365000,62.5839000,61.5158000,-36.4720000,-9.0310000,9.2140000,0.000000,0,0,0
3.970,-0.2728000,0.0508000,9.6696000,62.7365000,62.6144000,61.5234000,-36.1000000,-8.9310000,9.4950000,0.000000,0,0,0
3.980,-0.2716000,0.0520000,9.6684000,62.7365000,62.6221000,61.5311000,-36.1580000,-8.8600000,8.6550000,0.000000,0,0,0
3.990,-0.2716000,0.0544000,9.6684000,62.7289000,62.6068000,61.5311000,-36.3120000,-8.7060000,9.1240000,0.000000,0,0,0
4.000,-0.2704000,0.0568000,9.6684000,62.7213000,62.5610000,61.5311000,-36.3320000,-9.1930000,9.7570000,0.000000,0,0,0
4.010,-0.2692000,0.0580000,9.6696000,62.7136000,62.5076000,61.5234000,-36.4160000,-8.5880000,8.6930000,0.000000,0,0,0
4.020,-0.2680000,0.0580000,9.6708000,62.7060000,62.4619000,61.5234000,-36.4650000,-8.8600000,8.9530000,0.000000,0,0,0
4.030,-0.2680000,0.0592000,9.6708000,62.7136000,62.4237000,61.5158000,-36.5710000,-8.9810000,8.9110000,0.000000,0,0,0
4.040,-0.2668000,0.0604000,9.6696000,62.7289000,62.4161000,61.5082000,-36.5580000,-8.7730000,8.5600000,0.000000,0,0,0
4.050,-0.2656000,0.0592000,9.6684000,62.7289000,62.4542000,61.5158000,-36.2780000,-8.9950000,8.8620000,0.000000,0,0,0
4.060,-0.2656000,0.0556000,9.6672000,62.7365000,62.5153000,61.5158000,-36.5700000,-8.6050000,8.4590000,0.000000,0,0,0
4.070,-0.2656000,0.0496000,9.6684000,62.7518000,62.6144000,61.5616000,-36.4570000,-8.5710000,8.2660000,0.000000,0,0,0
4.080,-0.2680000,0.0473000,9.6672000,62.7823000,62.7441000,61.6608000,-36.7780000,-8.5550000,8.4780000,0.000000,0,0,0
4.090,-0.2692000,0.0484000,9.6660000,62.7975000,62.8586000,61.7371000,-36.4880000,-8.4720000,8.7730000,0.000000,0,0,0
4.100,-0.2704000,0.0496000,9.6648000,62.8052000,62.9425000,61.8134000,-36.5330000,-8.8200000,8.6990000,0.000000,0,0,0
4.110,-0.2704000,0.0520000,9.6648000,62.7975000,62.9883000,61.8973000,-36.3980000,-8.8790000,8.6990000,0.000000,0,0,0
4.120,-0.2728000,0.0544000,9.6624000,62.7823000,62.9425000,61.9278000,-36.0640000,-8.9160000,8.4550000,0.000000,0,0,0
4.130,-0.2728000,0.0568000,9.6612000,62.7670000,62.8510000,61.8973000,-36.2400000,-8.6980000,8.8780000,0.000000,0,0,0
4.140,-0.2716000,0.0580000,9.6624000,62.7518000,62.7365000,61.8439000,-36.6920000,-8.9720000,9.6790000,0.000000,0,0,0
4.150,-0.2704000,0.0592000,9.6648000,62.7213000,62.6450000,61.7599000,-36.4940000,-9.0020000,9.1970000,0.000000,0,0,0
4.160,-0.2704000,0.0580000,9.6672000,62.6984000,62.5916000,61.6608000,-36.3640000,-8.9870000,8.8320000,0.000000,0,0,0
4.170,-0.2692000,0.0580000,9.6672000,62.6907000,62.5839000,61.5311000,-36.5880000,-8.6160000,8.9060000,0.000000,0,0,0
4.180,-0.2692000,0.0580000,9.6684000,62.7136000,62.5992000,61.3327000,-36.4620000,-8.5400000,8.9590000,0.000000,0,0,0
4.190,-0.2680000,0.0592000,9.6708000,62.7518000,62.6297000,61.1038000,-36.2390000,-8.7750000,9.0730000,0.000000,0,0,0
4.200,-0.2668000,0.0592000,9.6792000,62.8052000,62.8815000,60.8978000,-36.4370000,-8.6790000,9.5460000,0.000000,0,0,0
4.210,-0.2716000,0.0604000,9.6732000,62.8510000,63.2324000,60.6995000,-36.4060000,-8.8360000,9.2430000,0.000000,0,0,0
4.220,-0.2799000,0.0520000,9.6564000,62.8510000,62.9883000,60.7986000,-36.3520000,-8.9550000,8.5680000,0.000000,0,0,0
4.230,-0.2775000,0.0520000,9.6600000,62.7823000,62.4847000,61.1877000,-36.3210000,-8.7420000,8.2340000,0.000000,0,0,0
4.240,-0.2740000,0.0532000,9.6648000,62.7365000,62.2482000,61.4548000,-36.5140000,-8.9430000,8.5000000,0.000000,0,0,0
4.250,-0.2704000,0.0544000,9.6696000,62.6907000,62.2406000,61.6379000,-36.1380000,-8.8030000,8.7700000,0.000000,0,0,0
4.260,-0.2692000,0.0556000,9.6696000,62.6678000,62.3779000,61.6608000,-36.1910000,-9.0280000,9.3260000,0.000000,0,0,0
4.270,-0.2692000,0.0556000,9.6696000,62.6678000,62.5458000,61.6455000,-36.2900000,-8.8920000,9.2130000,0.000000,0,0,0
4.280,-0.2692000,0.0544000,9.6708000,62.6755000,62.6984000,61.6226000,-36.2490000,-8.7500000,8.9600000,0.000000,0,0,0
4.290,-0.2692000,0.0544000,9.6708000,62.6755000,62.8052000,61.5921000,-36.4120000,-8.6750000,9.0280000,0.000000,0,0,0
4.300,-0.2692000,0.0556000,9.6696000,62.6755000,62.8815000,61.5616000,-36.7810000,-8.7940000,8.5640000,0.000000,0,0,0
4.310,-0.2692000,0.0568000,9.6696000,62.6755000,62.8967000,61.5311000,-36.5460000,-8.4440000,8.7860000,0.000000,0,0,0
4.320,-0.2704000,0.0568000,9.6720000,62.6678000,62.8815000,61.5082000,-36.6140000,-8.8430000,9.5160000,0.000000,0,0,0
4.330,-0.2704000,0.0544000,9.6720000,62.6678000,62.8357000,61.4929000,-36.5270000,-8.9860000,9.6300000,0.000000,0,0,0
4.340,-0.2704000,0.0544000,9.6696000,62.6602000,62.7975000,61.4929000,-36.7310000,-8.5800000,9.3750000,0.000000,0,0,0
4.350,-0.2704000,0.0532000,9.6696000,62.6602000,62.7518000,61.4929000,-36.7480000,-8.9990000,9.4430000,0.000000,0,0,0
4.360,-0.2704000,0.0520000,9.6708000,62.6678000,62.7213000,61.4929000,-36.3180000,-9.0500000,9.0990000,0.000000,0,0,0
4.370,-0.2704000,0.0532000,9.6720000,62.6831000,62.7136000,61.5005000,-36.6990000,-8.5840000,9.1810000,0.000000,0,0,0
4.380,-0.2716000,0.0556000,9.6708000,62.6907000,62.7213000,61.5082000,-36.2270000,-8.8570000,9.4000000,0.000000,0,0,0
4.390,-0.2728000,0.0568000,9.6696000,62.7060000,62.7365000,61.5158000,-36.5500000,-8.7070000,8.8710000,0.000000,0,0,0
4.400,-0.2740000,0.0580000,9.6696000,62.7213000,62.7441000,61.5234000,-36.5310000,-8.6300000,9.4200000,0.000000,0,0,0
4.410,-0.2740000,0.0580000,9.6684000,62.7289000,62.7289000,61.5234000,-36.7490000,-8.6060000,8.5120000,0.000000,0,0,0
4.420,-0.2740000,0.0592000,9.6672000,62.7289000,62.6984000,61.5158000,-36.8070000,-8.7500000,8.4550000,0.000000,0,0,0
4.430,-0.2728000,0.0592000,9.6672000,62.7213000,62.6602000,61.5158000,-36.4310000,-8.8900000,8.8160000,0.000000,0,0,0
4.440,-0.2716000,0.0580000,9.6696000,62.7136000,62.6221000,61.5234000,-36.5160000,-8.9170000,8.9100000,0.000000,0,0,0
4.450,-0.2716000,0.0556000,9.6720000,62.7136000,62.5992000,61.5234000,-36.9850000,-8.7500000,8.8070000,0.000000,0,0,0
4.460,-0.2704000,0.0544000,9.6720000,62.7136000,62.6144000,61.5311000,-36.4770000,-8.8430000,8.4860000,0.000000,0,0,0
4.470,-0.2692000,0.0544000,9.6708000,62.7136000,62.6755000,61.5311000,-36.6060000,-9.0660000,8.4540000,0.000000,0,0,0
4.480,-0.2680000,0.0532000,9.6708000,62.7060000,62.7441000,61.5311000,-36.4870000,-8.8300000,8.5390000,0.000000,0,0,0
4.490,-0.2704000,0.0532000,9.6708000,62.7060000,62.8204000,61.5311000,-36.4850000,-8.7710000,8.4790000,0.000000,0,0,0
4.500,-0.2728000,0.0544000,9.6696000,62.7060000,62.8891000,61.5234000,-36.5780000,-8.8290000,8.9370000,0.000000,0,0,0
4.510,-0.2751000,0.0556000,9.6684000,62.7060000,62.9120000,61.5082000,-36.1200000,-9.3040000,8.1150000,0.000000,0,0,0
4.520,-0.2763000,0.0544000,9.6696000,62.7136000,62.8891000,61.5082000,-36.5790000,-9.0820000,8.9330000,0.000000,0,0,0
4.530,-0.2751000,0.0532000,9.6696000,62.7289000,62.8357000,61.5082000,-36.5150000,-9.1530000,7.7610000,0.000000,0,0,0
4.540,-0.2740000,0.0544000,9.6696000,62.7365000,62.7670000,61.5082000,-36.5050000,-8.9350000,8.0700000,0.000000,0,0,0
4.550,-0.2740000,0.0544000,9.6708000,62.7594000,62.7136000,61.5082000,-36.2010000,-9.1400000,7.9890000,0.000000,0,0,0
4.560,-0.2751000,0.0568000,9.6708000,62.7823000,62.6755000,61.5082000,-36.6900000,-8.8830000,8.7790000,0.000000,0,0,0
4.570,-0.2751000,0.0580000,9.6720000,62.7975000,62.6526000,61.5082000,-36.6000000,-8.7640000,8.4840000,0.000000,0,0,0
4.580,-0.2740000,0.0580000,9.6708000,62.8052000,62.6602000,61.5005000,-36.7930000,-8.9440000,9.2550000,0.000000,0,0,0
4.590,-0.2728000,0.0568000,9.6684000,62.7975000,62.6831000,61.4929000,-36.8220000,-8.6920000,9.2450000,0.000000,0,0,0
4.600,-0.2704000,0.0556000,9.6672000,62.7823000,62.7136000,61.5005000,-36.3720000,-8.6500000,9.4320000,0.000000,0,0,0
4.610,-0.2680000,0.0532000,9.6684000,62.7594000,62.7365000,61.5005000,-36.1720000,-8.8230000,8.7110000,0.000000,0,0,0
4.620,-0.2680000,0.0520000,9.6684000,62.7518000,62.7441000,61.4777000,-36.2580000,-8.8300000,9.2030000,0.000000,0,0,0
4.630,-0.2668000,0.0532000,9.6684000,62.7670000,62.7441000,61.4548000,-36.5320000,-8.5380000,8.6150000,0.000000,0,0,0
4.640,-0.2608000,0.0628000,9.6696000,62.7899000,62.7441000,61.3861000,-36.7340000,-8.7480000,8.4490000,0.000000,0,0,0
4.650,-0.2285000,0.0939000,9.6744000,62.8281000,62.8128000,60.9894000,-36.6190000,-8.6770000,8.9310000,0.000000,0,0,0
4.660,-0.2261000,0.1023000,9.6720000,62.8433000,62.9349000,60.1654000,-36.6590000,-8.7950000,9.0600000,0.000000,0,0,0
4.670,-0.2656000,0.0688000,9.6672000,62.8357000,62.9272000,59.6237000,-36.5720000,-8.6370000,8.8980000,0.000000,0,0,0
4.680,-0.2931000,0.0425000,9.6648000,62.8128000,62.7899000,59.6924000,-36.7920000,-8.9650000,9.0320000,0.000000,0,0,0
4.690,-0.3039000,0.0317000,9.6660000,62.7899000,62.6526000,60.0662000,-36.7810000,-8.9040000,8.8690000,0.000000,0,0,0
4.700,-0.3039000,0.0317000,9.6684000,62.7670000,62.5610000,60.5240000,-36.5570000,-8.8940000,8.5670000,0.000000,0,0,0
4.710,-0.2979000,0.0377000,9.6684000,62.7441000,62.5076000,60.9360000,-36.1610000,-8.8050000,9.1040000,0.000000,0,0,0
4.720,-0.2907000,0.0437000,9.6672000,62.7365000,62.4771000,61.2411000,-36.5800000,-8.7380000,9.4980000,0.000000,0,0,0
4.730,-0.2823000,0.0496000,9.6696000,62.7365000,62.4695000,61.4395000,-36.6140000,-8.9940000,9.0550000,0.000000,0,0,0
4.740,-0.2763000,0.0520000,9.6732000,62.7441000,62.5000000,61.5540000,-36.7360000,-8.6280000,8.8430000,0.000000,0,0,0
4.750,-0.2728000,0.0544000,9.6720000,62.7518000,62.5687000,61.5997000,-36.6650000,-8.4060000,8.4390000,0.000000,0,0,0
4.760,-0.2704000,0.0556000,9.6708000,62.7594000,62.6602000,61.6074000,-36.6150000,-8.6570000,8.9720000,0.000000,0,0,0
4.770,-0.2716000,0.0568000,9.6708000,62.7670000,62.7899000,61.5921000,-36.5470000,-8.5960000,8.7030000,0.000000,0,0,0
4.780,-0.2716000,0.0580000,9.6720000,62.7670000,62.9272000,61.5692000,-36.7870000,-8.7440000,8.7640000,0.000000,0,0,0
4.790,-0.2740000,0.0580000,9.6708000,62.7670000,63.0264000,61.5540000,-36.6550000,-8.4610000,8.8980000,0.000000,0,0,0
4.800,-0.2751000,0.0568000,9.6684000,62.7670000,63.0646000,61.5463000,-36.6310000,-8.7300000,8.8900000,0.000000,0,0,0
4.810,-0.2751000,0.0568000,9.6660000,62.7670000,63.0569000,61.5463000,-36.6060000,-8.6270000,9.1210000,0.000000,0,0,0
4.820,-0.2751000,0.0568000,9.6672000,62.7518000,63.0112000,61.5463000,-36.7010000,-8.7870000,8.9110000,0.000000,0,0,0
4.830,-0.2751000,0.0580000,9.6684000,62.7441000,62.9730000,61.5540000,-36.7970000,-8.6530000,8.7160000,0.000000,0,0,0
4.840,-0.2763000,0.0604000,9.6684000,62.7441000,62.9578000,61.5540000,-36.6490000,-8.9000000,8.6100000,0.000000,0,0,0
4.850,-0.2775000,0.0616000,9.6696000,62.7365000,62.9807000,61.5616000,-36.4860000,-8.6790000,8.7330000,0.000000,0,0,0
4.860,-0.2787000,0.0616000,9.6732000,62.7365000,63.0188000,61.5616000,-36.5330000,-8.8130000,8.6780000,0.000000,0,0,0
4.870,-0.2787000,0.0604000,9.6744000,62.7365000,63.0569000,61.5616000,-36.5940000,-8.7440000,9.0740000,0.000000,0,0,0
4.880,-0.2787000,0.0580000,9.6732000,62.7441000,63.0798000,61.5540000,-36.5700000,-8.7570000,9.1510000,0.000000,0,0,0
4.890,-0.2787000,0.0556000,9.6708000,62.7518000,63.0722000,61.5463000,-36.3740000,-8.8530000,9.0120000,0.000000,0,0,0
4.900,-0.2787000,0.0556000,9.6660000,62.7823000,63.0264000,61.5311000,-36.4560000,-8.9580000,9.0100000,0.000000,0,0,0
4.910,-0.2811000,0.0580000,9.6684000,62.7518000,62.9807000,61.5311000,-36.4260000,-8.6980000,9.3660000,0.000000,0,0,0
4.920,-0.2835000,0.0604000,9.6696000,62.7289000,62.9272000,61.5311000,-36.5660000,-8.6160000,9.1090000,0.000000,0,0,0
4.930,-0.2847000,0.0640000,9.6696000,62.6907000,62.8510000,61.5387000,-36.8100000,-8.6090000,8.9700000,0.000000,0,0,0
4.940,-0.2835000,0.0628000,9.6708000,62.6602000,62.7670000,61.5387000,-36.8180000,-8.7820000,8.6610000,0.000000,0,0,0
4.950,-0.2811000,0.0592000,9.6696000,62.6526000,62.6831000,61.5387000,-36.4090000,-8.6510000,8.6380000,0.000000,0,0,0
4.960,-0.2799000,0.0556000,9.6696000,62.6526000,62.6144000,61.5311000,-36.5330000,-8.8630000,8.3680000,0.000000,0,0,0
4.970,-0.2787000,0.0544000,9.6708000,62.6602000,62.5687000,61.5311000,-36.4310000,-8.5240000,8.8750000,0.000000,0,0,0
4.980,-0.2787000,0.0532000,9.6720000,62.6755000,62.5610000,61.5311000,-36.6440000,-8.9390000,8.8390000,0.000000,0,0,0
4.990,-0.2787000,0.0544000,9.6708000,62.6984000,62.6068000,61.5311000,-36.8930000,-8.8940000,8.1240000,0.000000,0,0,0
5.000,-0.2799000,0.0580000,9.6708000,62.7136000,62.6526000,61.5234000,-36.8020000,-8.9600000,8.4080000,0.000000,0,0,0
5.010,-0.2799000,0.0604000,9.6720000,62.7136000,62.6907000,61.5234000,-36.6620000,-8.8190000,8.8230000,0.000000,0,0,0
5.020,-0.2799000,0.0604000,9.6732000,62.7136000,62.7060000,61.5234000,-36.5550000,-8.7200000,8.1630000,0.000000,0,0,0
5.030,-0.2799000,0.0604000,9.6732000,62.7136000,62.7060000,61.5234000,-36.5070000,-8.8660000,8.0460000,0.000000,0,0,0
5.040,-0.2811000,0.0604000,9.6720000,62.7136000,62.6831000,61.5234000,-36.7770000,-8.8920000,8.3650000,0.000000,0,0,0
5.050,-0.2823000,0.0604000,9.6708000,62.7136000,62.6526000,61.5234000,-36.2510000,-8.7360000,7.9100000,0.000000,0,0,0
5.060,-0.2835000,0.0604000,9.6708000,62.6984000,62.6297000,61.5158000,-36.6680000,-8.7600000,8.6970000,0.000000,0,0,0
5.070,-0.2823000,0.0592000,9.6720000,62.6907000,62.6068000,61.5158000,-36.4750000,-8.8690000,9.0680000,0.000000,0,0,0
5.080,-0.2811000,0.0568000,9.6720000,62.6831000,62.5992000,61.5158000,-36.7700000,-8.8130000,8.3840000,0.000000,0,0,0
5.090,-0.2811000,0.0568000,9.6720000,62.6755000,62.5992000,61.5158000,-36.7590000,-8.7510000,8.4690000,0.000000,0,0,0
5.100,-0.2799000,0.0568000,9.6720000,62.6755000,62.6144000,61.5234000,-36.6730000,-8.5000000,8.3100000,0.000000,0,0,0
5.110,-0.2799000,0.0580000,9.6720000,62.6755000,62.6373000,61.5311000,-36.7820000,-8.8250000,8.7910000,0.000000,0,0,0
5.120,-0.2811000,0.0592000,9.6720000,62.6755000,62.6602000,61.5311000,-36.7160000,-8.8590000,8.6420000,0.000000,0,0,0
5.130,-0.2823000,0.0604000,9.6720000,62.6678000,62.6831000,61.5311000,-36.4800000,-8.5790000,8.5450000,0.000000,0,0,0
5.140,-0.2823000,0.0616000,9.6708000,62.6831000,62.6984000,61.5311000,-36.5420000,-8.8210000,8.5560000,0.000000,0,0,0
5.150,-0.2823000,0.0604000,9.6708000,62.6984000,62.6984000,61.5234000,-36.7800000,-9.0170000,8.6850000,0.000000,0,0,0
5.160,-0.2823000,0.0568000,9.6720000,62.6984000,62.6678000,61.5158000,-36.8810000,-8.8950000,8.6180000,0.000000,0,0,0
5.170,-0.2823000,0.0544000,9.6720000,62.6984000,62.6297000,61.5082000,-36.5290000,-8.7800000,8.1030000,0.000000,0,0,0
5.180,-0.2811000,0.0532000,9.6720000,62.6984000,62.6068000,61.5158000,-36.8060000,-8.8930000,8.8000000,0.000000,0,0,0
5.190,-0.2799000,0.0544000,9.6732000,62.7060000,62.6297000,61.5158000,-36.6020000,-8.6800000,8.7780000,0.000000,0,0,0
5.200,-0.2799000,0.0568000,9.6732000,62.7136000,62.6755000,61.5234000,-36.5330000,-8.7630000,9.2280000,0.000000,0,0,0
5.210,-0.2811000,0.0592000,9.6732000,62.7136000,62.7213000,61.5311000,-36.4740000,-8.8240000,8.8200000,0.000000,0,0,0
5.220,-0.2823000,0.0592000,9.6720000,62.7060000,62.7594000,61.5387000,-36.7590000,-9.0540000,8.5640000,0.000000,0,0,0
5.230,-0.2811000,0.0580000,9.6720000,62.6907000,62.7823000,61.5463000,-36.6530000,-8.7820000,9.0570000,0.000000,0,0,0
5.240,-0.2811000,0.0568000,9.6708000,62.6755000,62.7594000,61.5540000,-36.6510000,-9.0880000,9.2070000,0.000000,0,0,0
5.250,-0.2823000,0.0568000,9.6684000,62.6602000,62.7136000,61.5463000,-36.5880000,-8.7240000,8.9500000,0.000000,0,0,0
5.260,-0.2835000,0.0556000,9.6672000,62.6526000,62.6526000,61.5463000,-36.6510000,-8.8510000,8.7860000,0.000000,0,0,0
5.270,-0.2835000,0.0556000,9.6684000,62.6450000,62.6068000,61.5387000,-36.6230000,-8.8660000,8.6640000,0.000000,0,0,0
5.280,-0.2823000,0.0556000,9.6708000,62.6450000,62.5916000,61.5387000,-36.4600000,-8.9040000,9.0200000,0.000000,0,0,0
5.290,-0.2823000,0.0544000,9.6696000,62.6526000,62.6297000,61.5311000,-36.7180000,-9.0260000,9.0880000,0.000000,0,0,0
5.300,-0.2823000,0.0544000,9.6696000,62.6678000,62.6984000,61.5311000,-36.9810000,-8.8810000,8.5720000,0.000000,0,0,0
5.310,-0.2811000,0.0556000,9.6696000,62.6831000,62.7670000,61.5311000,-36.4530000,-9.1060000,8.5840000,0.000000,0,0,0
5.320,-0.2811000,0.0556000,9.6708000,62.7060000,62.8281000,61.5311000,-36.6940000,-9.0230000,8.9210000,0.000000,0,0,0
5.330,-0.2823000,0.0568000,9.6708000,62.7213000,62.8510000,61.5311000,-36.5400000,-8.9910000,8.9280000,0.000000,0,0,0
5.340,-0.2835000,0.0580000,9.6696000,62.7365000,62.8204000,61.5311000,-36.5880000,-9.0830000,9.0460000,0.000000,0,0,0
5.350,-0.2835000,0.0592000,9.6696000,62.7441000,62.7441000,61.5311000,-36.4570000,-9.0800000,8.8140000,0.000000,0,0,0
5.360,-0.2811000,0.0568000,9.6708000,62.7365000,62.6602000,61.5311000,-36.5310000,-9.3770000,8.5610000,0.000000,0,0,0
5.370,-0.2799000,0.0544000,9.6720000,62.7289000,62.5992000,61.5234000,-36.4800000,-8.9810000,8.0310000,0.000000,0,0,0
5.380,-0.2787000,0.0532000,9.6708000,62.7213000,62.5763000,61.5158000,-36.4530000,-9.0410000,9.3470000,0.000000,0,0,0
5.390,-0.2787000,0.0520000,9.6708000,62.7136000,62.5992000,61.5158000,-36.2440000,-8.7590000,9.1020000,0.000000,0,0,0
5.400,-0.2799000,0.0508000,9.6696000,62.6907000,62.6526000,61.5158000,-36.6460000,-8.7750000,8.2260000,0.000000,0,0,0
5.410,-0.2823000,0.0508000,9.6684000,62.6755000,62.7136000,61.5234000,-36.5710000,-8.8720000,8.3510000,0.000000,0,0,0
5.420,-0.2835000,0.0520000,9.6672000,62.6678000,62.7594000,61.5311000,-36.2970000,-8.6110000,9.1160000,0.000000,0,0,0
5.430,-0.2835000,0.0520000,9.6672000,62.6755000,62.7747000,61.5311000,-36.4580000,-9.0810000,8.5520000,0.000000,0,0,0
5.440,-0.2847000,0.0520000,9.6696000,62.6755000,62.7747000,61.5311000,-36.5860000,-9.2680000,8.4970000,0.000000,0,0,0
5.450,-0.2847000,0.0508000,9.6696000,62.6907000,62.7518000,61.5387000,-36.3940000,-8.7020000,8.1230000,0.000000,0,0,0
5.460,-0.2847000,0.0532000,9.6660000,62.7060000,62.7289000,61.5387000,-36.7100000,-9.3000000,8.7120000,0.000000,0,0,0
5.470,-0.2847000,0.0544000,9.6648000,62.7060000,62.6831000,61.5311000,-36.6980000,-8.6550000,8.8270000,0.000000,0,0,0
5.480,-0.2835000,0.0556000,9.6684000,62.7060000,62.6297000,61.5311000,-36.4070000,-8.8790000,9.0000000,0.000000,0,0,0
5.490,-0.2823000,0.0568000,9.6720000,62.6984000,62.5839000,61.5234000,-36.5540000,-8.8550000,9.4210000,0.000000,0,0,0
5.500,-0.2811000,0.0568000,9.6732000,62.6907000,62.5763000,61.5234000,-36.4140000,-9.0150000,8.9680000,0.000000,0,0,0
5.510,-0.2811000,0.0580000,9.6732000,62.6831000,62.5992000,61.5234000,-36.3660000,-8.8230000,8.9700000,0.000000,0,0,0
5.520,-0.2811000,0.0580000,9.6732000,62.6678000,62.6297000,61.5234000,-36.5720000,-8.8880000,8.7530000,0.000000,0,0,0
5.530,-0.2811000,0.0580000,9.6756000,62.6526000,62.6907000,61.5234000,-36.3690000,-8.9770000,8.5980000,0.000000,0,0,0
5.540,-0.2811000,0.0580000,9.6744000,62.6602000,62.7289000,61.5311000,-36.5290000,-8.7070000,8.8600000,0.000000,0,0,0
5.550,-0.2835000,0.0580000,9.6720000,62.6678000,62.7365000,61.5387000,-36.7030000,-8.7310000,8.9430000,0.000000,0,0,0
5.560,-0.2847000,0.0568000,9.6708000,62.6907000,62.6984000,61.5387000,-36.4100000,-8.8890000,9.1740000,0.000000,0,0,0
5.570,-0.2859000,0.0556000,9.6708000,62.7213000,62.6450000,61.5463000,-36.3970000,-8.7760000,9.1090000,0.000000,0,0,0
5.580,-0.2847000,0.0556000,9.6672000,62.7365000,62.6068000,61.5540000,-36.5540000,-8.4810000,8.7640000,0.000000,0,0,0
5.590,-0.2835000,0.0568000,9.6660000,62.7441000,62.5916000,61.5616000,-36.4860000,-8.6360000,8.7000000,0.000000,0,0,0
5.600,-0.2823000,0.0592000,9.6684000,62.7518000,62.5916000,61.5540000,-36.5710000,-8.9730000,9.0380000,0.000000,0,0,0
5.610,-0.2823000,0.0604000,9.6720000,62.7518000,62.6068000,61.5616000,-36.3770000,-8.8130000,8.7840000,0.000000,0,0,0
5.620,-0.2823000,0.0616000,9.6744000,62.7670000,62.6373000,61.5616000,-36.7110000,-8.7470000,8.2820000,0.000000,0,0,0
5.630,-0.2823000,0.0604000,9.6720000,62.7747000,62.6602000,61.5692000,-36.5110000,-8.8550000,8.6030000,0.000000,0,0,0
5.640,-0.2799000,0.0580000,9.6720000,62.8128000,62.6678000,61.5616000,-36.6580000,-9.0170000,8.6290000,0.000000,0,0,0
5.650,-0.2799000,0.0568000,9.6720000,62.8738000,62.6678000,61.5463000,-36.5050000,-9.1290000,8.5640000,0.000000,0,0,0
5.660,-0.2787000,0.0544000,9.6720000,62.9272000,62.6831000,61.5311000,-36.8870000,-9.0390000,9.1650000,0.000000,0,0,0
5.670,-0.2787000,0.0520000,9.6720000,63.0035000,62.7136000,61.5158000,-36.5550000,-8.8770000,8.7090000,0.000000,0,0,0
5.680,-0.2775000,0.0520000,9.6756000,63.0875000,62.7670000,61.5005000,-36.8260000,-8.8770000,8.5080000,0.000000,0,0,0
5.690,-0.2787000,0.0532000,9.6804000,63.1790000,62.8586000,61.4853000,-36.5880000,-8.8470000,8.5460000,0.000000,0,0,0
5.700,-0.2811000,0.0568000,9.6816000,63.2629000,62.9654000,61.4624000,-36.4460000,-9.0410000,8.0730000,0.000000,0,0,0
5.710,-0.2847000,0.0604000,9.6780000,63.3392000,63.0341000,61.4548000,-36.4420000,-8.9650000,8.4980000,0.000000,0,0,0
5.720,-0.2871000,0.0628000,9.6744000,63.4003000,63.0341000,61.4548000,-36.3930000,-9.1090000,8.5510000,0.000000,0,0,0
5.730,-0.2883000,0.0640000,9.6768000,63.4308000,62.9883000,61.4548000,-36.5980000,-8.7770000,8.9480000,0.000000,0,0,0
5.740,-0.2907000,0.0664000,9.6732000,63.4460000,62.9349000,61.4700000,-36.4370000,-8.7220000,8.4440000,0.000000,0,0,0
5.750,-0.2919000,0.0676000,9.6708000,63.4613000,62.8738000,61.4777000,-36.5290000,-8.6920000,8.9420000,0.000000,0,0,0
5.760,-0.2919000,0.0688000,9.6636000,63.3774000,62.8128000,61.4853000,-36.7050000,-8.7200000,8.7750000,0.000000,0,0,0
5.770,-0.2895000,0.0688000,9.6672000,63.3163000,62.7823000,61.4853000,-36.6500000,-8.9090000,8.8190000,0.000000,0,0,0
5.780,-0.2895000,0.0700000,9.6660000,63.2172000,62.7899000,61.4853000,-36.7220000,-9.0310000,8.6200000,0.000000,0,0,0
5.790,-0.2811000,0.0700000,9.6732000,63.1943000,62.8128000,61.4624000,-36.2290000,-8.8870000,9.6030000,0.000000,0,0,0
5.800,-0.2787000,0.0748000,9.6696000,63.1409000,62.8433000,61.3785000,-36.5200000,-9.3740000,8.9630000,0.000000,0,0,0
5.810,-0.2763000,0.0772000,9.6744000,63.1638000,62.8891000,61.2564000,-36.2260000,-8.7760000,8.6290000,0.000000,0,0,0
5.820,-0.2871000,0.0748000,9.6684000,63.1561000,62.9044000,61.1801000,-36.2860000,-8.5640000,9.0720000,0.000000,0,0,0
5.830,-0.2847000,0.0748000,9.6744000,63.1790000,62.9120000,61.1649000,-36.4060000,-8.8570000,8.9960000,0.000000,0,0,0
5.840,-0.2811000,0.0807000,9.6684000,63.1638000,62.9272000,61.1115000,-36.5910000,-9.1650000,9.4620000,0.000000,0,0,0
5.850,-0.2692000,0.0951000,9.6672000,63.1866000,62.9883000,60.9283000,-36.7150000,-8.9310000,8.5950000,0.000000,0,0,0
5.860,-0.2704000,0.0951000,9.6648000,63.1638000,63.0569000,60.6003000,-36.8630000,-8.7330000,8.8430000,0.000000,0,0,0
5.870,-0.2883000,0.0819000,9.6600000,63.0646000,63.0417000,60.4019000,-36.5820000,-8.7890000,9.5390000,0.000000,0,0,0
5.880,-0.3027000,0.0676000,9.6624000,62.9654000,62.9730000,60.4477000,-36.4920000,-8.6560000,9.1740000,0.000000,0,0,0
5.890,-0.3086000,0.0628000,9.6672000,62.8815000,62.9120000,60.6613000,-36.6150000,-8.4410000,9.2070000,0.000000,0,0,0
5.900,-0.3086000,0.0628000,9.6708000,62.8357000,62.8967000,60.9283000,-36.5420000,-9.1150000,9.7690000,0.000000,0,0,0
5.910,-0.3063000,0.0664000,9.6732000,62.8052000,62.9120000,61.1725000,-36.4740000,-8.6300000,9.3090000,0.000000,0,0,0
5.920,-0.3039000,0.0712000,9.6744000,62.7899000,62.9272000,61.3632000,-36.3390000,-8.5870000,9.9570000,0.000000,0,0,0
5.930,-0.3003000,0.0748000,9.6744000,62.7975000,62.9501000,61.4853000,-36.5560000,-8.9080000,9.2790000,0.000000,0,0,0
5.940,-0.2967000,0.0760000,9.6732000,62.8204000,62.9349000,61.5616000,-36.5390000,-8.9680000,9.0360000,0.000000,0,0,0
5.950,-0.2907000,0.0760000,9.6792000,62.8586000,62.8891000,61.5845000,-36.6720000,-8.6290000,9.0820000,0.000000,0,0,0
5.960,-0.2919000,0.0784000,9.6732000,62.9578000,62.8891000,61.5692000,-36.6840000,-8.5540000,9.4050000,0.000000,0,0,0
5.970,-0.2931000,0.0796000,9.6684000,62.9654000,62.8662000,61.5540000,-36.5640000,-8.7280000,9.1190000,0.000000,0,0,0
5.980,-0.2931000,0.0796000,9.6672000,62.9425000,62.8662000,61.5311000,-36.7090000,-8.4940000,9.0030000,0.000000,0,0,0
5.990,-0.2955000,0.0784000,9.6672000,62.9120000,62.8815000,61.5082000,-36.6650000,-8.6640000,9.0800000,0.000000,0,0,0
6.000,-0.2967000,0.0784000,9.6672000,62.8815000,62.9196000,61.5005000,-36.5200000,-8.9360000,9.0620000,0.000000,0,0,0
6.010,-0.2979000,0.0784000,9.6660000,62.8510000,62.9349000,61.4929000,-36.6710000,-8.6490000,9.1460000,0.000000,0,0,0
6.020,-0.2991000,0.0796000,9.6672000,62.8281000,62.9044000,61.5005000,-36.2890000,-8.7610000,9.5380000,0.000000,0,0,0
6.030,-0.2991000,0.0807000,9.6684000,62.7975000,62.8204000,61.5082000,-36.2560000,-8.8140000,8.5440000,0.000000,0,0,0
6.040,-0.2991000,0.0819000,9.6684000,62.7594000,62.6984000,61.5082000,-36.4990000,-8.9650000,8.4610000,0.000000,0,0,0
6.050,-0.3003000,0.0819000,9.6684000,62.7213000,62.5839000,61.5158000,-36.6870000,-8.6290000,9.1450000,0.000000,0,0,0
6.060,-0.3003000,0.0807000,9.6672000,62.6907000,62.4847000,61.5234000,-36.8290000,-8.4270000,8.9410000,0.000000,0,0,0
6.070,-0.2991000,0.0819000,9.6672000,62.6755000,62.4161000,61.5311000,-36.5300000,-8.7730000,8.9520000,0.000000,0,0,0
6.080,-0.2979000,0.0831000,9.6684000,62.6526000,62.3779000,61.5387000,-36.6870000,-8.7720000,8.9790000,0.000000,0,0,0
6.090,-0.2979000,0.0819000,9.6696000,62.6373000,62.3703000,61.5387000,-36.4730000,-8.6230000,8.4350000,0.000000,0,0,0
6.100,-0.2943000,0.0784000,9.6720000,62.6144000,62.4008000,61.5387000,-36.8020000,-8.7150000,8.9230000,0.000000,0,0,0
6.110,-0.2919000,0.0772000,9.6732000,62.6068000,62.4237000,61.5311000,-36.4160000,-8.5290000,8.8010000,0.000000,0,0,0
6.120,-0.2883000,0.0772000,9.6720000,62.5916000,62.4466000,61.5234000,-36.6640000,-9.0080000,8.8830000,0.000000,0,0,0
6.130,-0.2883000,0.0772000,9.6696000,62.5763000,62.4771000,61.5082000,-36.5840000,-8.5910000,8.1670000,0.000000,0,0,0
6.140,-0.2895000,0.0772000,9.6684000,62.5610000,62.5153000,61.4929000,-36.7590000,-8.4580000,9.5230000,0.000000,0,0,0
6.150,-0.2907000,0.0784000,9.6684000,62.5610000,62.5534000,61.4853000,-36.4420000,-8.3110000,8.8100000,0.000000,0,0,0
6.160,-0.2919000,0.0807000,9.6696000,62.5610000,62.5992000,61.4853000,-36.6000000,-8.6920000,8.5990000,0.000000,0,0,0
6.170,-0.2919000,0.0819000,9.6684000,62.5610000,62.6297000,61.4624000,-36.4100000,-8.5030000,8.8240000,0.000000,0,0,0
6.180,-0.2943000,0.0807000,9.6696000,62.5763000,62.6297000,61.4548000,-36.4580000,-8.3190000,8.6250000,0.000000,0,0,0
6.190,-0.2943000,0.0796000,9.6708000,62.5992000,62.6297000,61.4624000,-36.6090000,-8.3920000,8.9500000,0.000000,0,0,0
6.200,-0.2943000,0.0784000,9.6720000,62.6144000,62.6221000,61.4777000,-36.5090000,-8.3930000,8.7390000,0.000000,0,0,0
6.210,-0.2931000,0.0772000,9.6720000,62.6373000,62.5916000,61.4853000,-36.4010000,-8.6210000,8.8560000,0.000000,0,0,0
6.220,-0.2919000,0.0760000,9.6708000,62.6450000,62.5381000,61.5005000,-36.2600000,-8.6160000,9.0010000,0.000000,0,0,0
6.230,-0.2895000,0.0748000,9.6696000,62.6602000,62.4924000,61.5082000,-36.3450000,-8.4290000,9.2200000,0.000000,0,0,0
6.240,-0.2883000,0.0748000,9.6708000,62.6755000,62.4771000,61.5082000,-36.4220000,-8.3910000,9.2900000,0.000000,0,0,0
6.250,-0.2883000,0.0748000,9.6720000,62.6984000,62.4695000,61.5158000,-36.7760000,-8.6600000,8.9620000,0.000000,0,0,0
6.260,-0.2883000,0.0736000,9.6720000,62.7213000,62.4619000,61.5158000,-36.7160000,-8.6220000,8.9820000,0.000000,0,0,0
6.270,-0.2883000,0.0724000,9.6720000,62.7518000,62.4466000,61.5158000,-36.7170000,-8.7380000,8.9000000,0.000000,0,0,0
6.280,-0.2883000,0.0724000,9.6732000,62.7747000,62.4313000,61.5234000,-36.6320000,-8.8400000,9.2290000,0.000000,0,0,0
6.290,-0.2883000,0.0760000,9.6732000,62.8052000,62.4237000,61.5311000,-36.5570000,-8.5260000,9.2100000,0.000000,0,0,0
6.300,-0.2883000,0.0772000,9.6732000,62.8357000,62.4313000,61.5387000,-36.6220000,-8.6360000,8.9010000,0.000000,0,0,0
6.310,-0.2883000,0.0772000,9.6768000,62.8967000,62.4313000,61.5463000,-36.5420000,-8.5330000,9.3090000,0.000000,0,0,0
6.320,-0.2895000,0.0772000,9.6768000,62.9807000,62.4466000,61.5540000,-36.6970000,-8.7610000,9.0360000,0.000000,0,0,0
6.330,-0.2931000,0.0784000,9.6756000,63.0493000,62.4390000,61.5768000,-36.7850000,-8.6630000,9.4520000,0.000000,0,0,0
6.340,-0.2967000,0.0772000,9.6780000,63.1027000,62.4084000,61.6226000,-36.8340000,-8.4530000,9.7450000,0.000000,0,0,0
6.350,-0.2895000,0.0748000,9.7007000,63.2401000,62.4008000,61.6989000,-36.5760000,-8.3870000,9.4720000,0.000000,0,0,0
6.360,-0.2823000,0.0748000,9.7091000,63.5452000,62.5763000,61.7294000,-36.7410000,-8.5040000,8.8520000,0.000000,0,0,0
6.370,-0.2704000,0.0736000,9.7210000,63.9191000,62.9044000,61.7218000,-36.6230000,-8.4430000,9.3780000,0.000000,0,0,0
6.380,-0.2608000,0.0760000,9.7294000,64.3311000,63.4079000,61.6608000,-36.7430000,-8.6850000,8.8680000,0.000000,0,0,0
6.390,-0.2512000,0.0927000,9.7342000,64.7736000,64.0259000,61.4548000,-36.2710000,-8.4050000,9.3340000,0.000000,0,0,0
6.400,-0.2548000,0.1238000,9.7414000,65.2313000,64.6896000,61.0809000,-36.4030000,-8.7020000,9.5860000,0.000000,0,0,0
6.410,-0.2823000,0.1621000,9.7198000,65.5975000,65.3000000,60.6155000,-36.3660000,-8.7440000,9.7640000,0.000000,0,0,0
6.420,-0.3134000,0.1848000,9.7115000,65.7883000,65.6433000,60.2112000,-36.3490000,-8.3820000,10.2270000,0.000000,0,0,0
6.430,-0.3409000,0.1932000,9.7127000,65.9943000,65.8188000,59.8602000,-36.2280000,-8.4340000,9.9190000,0.000000,0,0,0
6.440,-0.3613000,0.1657000,9.7246000,66.2689000,65.8569000,59.6695000,-36.5310000,-8.7030000,10.4200000,0.000000,0,0,0
6.450,-0.3768000,0.1406000,9.7246000,66.5817000,65.8493000,59.6848000,-36.6390000,-8.7390000,9.6630000,0.000000,0,0,0
6.460,-0.3744000,0.1298000,9.7342000,66.9174000,65.8798000,59.7687000,-36.3010000,-8.4060000,10.3060000,0.000000,0,0,0
6.470,-0.3589000,0.1370000,9.7270000,67.2455000,66.0706000,59.7382000,-36.1230000,-8.3780000,9.3580000,0.000000,0,0,0
6.480,-0.3362000,0.1418000,9.7246000,67.4744000,66.3834000,59.7458000,-36.4490000,-8.3460000,9.2440000,0.000000,0,0,0
6.490,-0.3063000,0.1657000,9.7198000,67.6346000,66.8488000,59.7458000,-36.1890000,-8.3220000,9.6300000,0.000000,0,0,0
6.500,-0.3074000,0.1717000,9.7210000,67.6422000,67.4591000,59.8373000,-36.2900000,-8.2940000,9.7610000,0.000000,0,0,0
6.510,-0.3242000,0.1944000,9.7246000,67.5049000,68.3670000,60.0433000,-36.5500000,-8.1110000,9.8980000,0.000000,0,0,0
6.520,-0.3637000,0.1932000,9.7545000,67.2760000,69.4885000,60.3256000,-36.4200000,-8.3250000,10.3610000,0.000000,0,0,0
6.530,-0.3828000,0.1992000,9.8203000,67.3447000,70.7397000,60.3867000,-36.5640000,-8.5850000,9.9630000,0.000000,0,0,0
6.540,-0.4235000,0.1908000,9.9340000,68.0389000,72.0901000,59.9899000,-36.3210000,-8.3910000,9.8630000,0.000000,0,0,0
6.550,-0.4773000,0.2040000,10.0357000,69.4733000,73.7991000,59.0591000,-36.1540000,-7.7920000,10.3730000,0.000000,0,0,0
6.560,-0.5144000,0.2411000,10.1397000,70.9839000,76.7746000,57.7698000,-36.1950000,-7.8890000,9.8420000,0.000000,0,0,0
6.570,-0.5431000,0.2901000,10.2510000,72.1283000,84.2209000,56.4117000,-36.0630000,-7.8580000,10.0040000,0.000000,0,0,0
6.580,-0.5491000,0.3080000,10.2821000,72.6547000,94.6426000,54.9622000,-35.7920000,-7.8440000,10.2020000,0.000000,0,0,0
6.590,-0.5312000,0.2925000,10.1972000,72.4640000,103.8513000,53.4363000,-35.7270000,-7.9090000,10.0690000,0.000000,0,0,0
6.600,-0.5383000,0.2638000,10.0369000,71.0907000,108.0704000,52.5436000,-35.9040000,-8.0790000,10.2140000,0.000000,0,0,0
6.610,-0.5670000,0.2781000,9.8861000,68.1992000,106.2088000,52.4521000,-35.4690000,-7.9950000,10.3020000,0.000000,0,0,0
6.620,-0.6352000,0.3116000,9.7964000,64.0717000,100.2655000,52.8107000,-35.6820000,-7.9920000,11.0510000,0.000000,0,0,0
6.630,-0.7214000,0.3284000,9.7797000,59.4864000,93.4372000,53.3218000,-35.5910000,-7.9660000,10.7740000,0.000000,0,0,0
6.640,-0.8015000,0.2913000,9.7809000,55.0766000,87.4557000,53.7186000,-35.4920000,-8.2190000,10.0210000,0.000000,0,0,0
6.650,-0.8565000,0.1968000,9.7306000,51.0254000,80.3528000,53.9856000,-35.8690000,-8.0150000,9.6570000,0.000000,0,0,0
6.660,-0.8733000,0.0855000,9.6720000,47.2717000,69.4046000,54.2984000,-35.8340000,-8.2230000,10.3210000,0.000000,0,0,0
6.670,-0.8948000,-0.0066000,9.6947000,43.8461000,55.6030000,54.9698000,-36.0970000,-8.6760000,9.1000000,0.000000,0,0,0
6.680,-0.9092000,-0.0389000,9.8981000,41.1835000,44.0598000,56.0760000,-36.2150000,-8.5070000,10.3830000,0.000000,0,0,0
6.690,-0.9259000,-0.0807000,10.2570000,40.2374000,42.1066000,57.8918000,-35.9590000,-8.3070000,10.1490000,0.000000,0,0,0
6.700,-0.8733000,-0.0999000,10.3718000,40.8783000,46.1426000,58.9676000,-36.2180000,-8.6180000,10.1590000,0.000000,0,0,0
6.710,-0.8039000,-0.1119000,10.3922000,42.0074000,50.3311000,60.2341000,-35.8970000,-8.6340000,9.7770000,0.000000,0,0,0
6.720,-0.7680000,-0.1059000,10.3587000,43.2129000,53.0090000,61.8134000,-36.2460000,-8.9470000,9.2030000,0.000000,0,0,0
6.730,-0.7716000,-0.1119000,10.3156000,44.7006000,54.3976000,63.2172000,-36.2080000,-8.9450000,9.1030000,0.000000,0,0,0
6.740,-0.7919000,-0.1202000,10.3012000,46.9666000,54.8935000,64.0335000,-36.3030000,-9.0690000,9.5730000,0.000000,0,0,0
6.750,-0.8195000,-0.1154000,10.3264000,50.0946000,54.7485000,64.1403000,-36.3780000,-9.1160000,9.2820000,0.000000,0,0,0
6.760,-0.8494000,-0.0927000,10.3635000,53.7109000,54.4052000,63.5986000,-36.4960000,-9.0260000,9.4700000,0.000000,0,0,0
6.770,-0.8613000,-0.0508000,10.4089000,57.2968000,54.4052000,62.6297000,-36.5810000,-9.3120000,9.4400000,0.000000,0,0,0
6.780,-0.8458000,-0.0150000,10.4604000,60.5240000,55.0842000,61.3556000,-36.5590000,-9.4910000,9.5920000,0.000000,0,0,0
6.790,-0.7943000,-0.0114000,10.5046000,63.2935000,56.1523000,59.9976000,-36.2590000,-9.4780000,9.3810000,0.000000,0,0,0
6.800,-0.7190000,-0.0317000,10.5381000,65.4297000,57.3730000,58.9066000,-36.4460000,-9.4360000,9.5670000,0.000000,0,0,0
6.810,-0.6759000,-0.0329000,10.5477000,66.6504000,58.7921000,58.3801000,-36.5460000,-9.2840000,9.3040000,0.000000,0,0,0
6.820,-0.6795000,-0.0138000,10.5285000,66.8716000,60.3867000,58.2581000,-36.6890000,-9.1700000,9.3470000,0.000000,0,0,0
6.830,-0.6903000,0.0126000,10.5022000,66.3757000,61.7294000,58.1818000,-36.8660000,-9.4050000,9.7730000,0.000000,0,0,0
6.840,-0.6747000,0.0425000,10.4687000,65.5136000,62.5381000,58.0521000,-37.0240000,-9.5140000,9.1160000,0.000000,0,0,0
6.850,-0.6328000,0.0461000,10.4089000,64.5523000,62.3398000,57.9910000,-36.9730000,-9.2900000,9.3260000,0.000000,0,0,0
6.860,-0.5766000,0.0377000,10.3611000,63.6826000,60.7834000,58.1741000,-37.1760000,-9.4010000,9.2790000,0.000000,0,0,0
6.870,-0.5407000,0.0461000,10.3228000,62.8357000,58.5403000,58.4946000,-37.3010000,-9.7210000,9.0370000,0.000000,0,0,0
6.880,-0.5455000,0.0843000,10.2761000,61.8668000,56.5262000,58.7540000,-37.0970000,-9.4640000,9.5790000,0.000000,0,0,0
6.890,-0.5922000,0.1238000,10.2426000,60.7758000,55.5649000,58.6929000,-37.3840000,-9.5010000,8.9220000,0.000000,0,0,0
6.900,-0.6556000,0.1322000,10.2283000,59.8221000,55.9769000,58.1665000,-37.2930000,-9.7550000,9.9740000,0.000000,0,0,0
6.910,-0.6831000,0.1047000,10.2199000,59.2270000,57.3120000,57.3044000,-37.2940000,-10.0430000,9.3750000,0.000000,0,0,0
6.920,-0.6639000,0.0473000,10.1876000,58.8379000,58.5175000,56.5414000,-37.6210000,-9.6960000,9.3210000,0.000000,0,0,0
6.930,-0.6185000,-0.0102000,10.1278000,58.3801000,58.7845000,56.3431000,-37.5170000,-9.8070000,9.0850000,0.000000,0,0,0
6.940,-0.5730000,-0.0461000,10.0548000,57.6248000,58.0139000,56.8008000,-37.8680000,-9.8290000,9.4110000,0.000000,0,0,0
6.950,-0.5479000,-0.0712000,9.9830000,56.6864000,56.7856000,57.6477000,-37.8950000,-10.0360000,9.8420000,0.000000,0,0,0
6.960,-0.5491000,-0.0831000,9.9196000,56.0074000,55.6335000,58.4717000,-37.8040000,-10.1680000,9.1600000,0.000000,0,0,0
6.970,-0.5670000,-0.0927000,9.8670000,55.7785000,54.8096000,58.9523000,-37.6200000,-10.1480000,8.6960000,0.000000,0,0,0
6.980,-0.5910000,-0.0891000,9.8263000,55.9845000,54.5502000,59.1278000,-37.9940000,-10.1640000,9.7930000,0.000000,0,0,0
6.990,-0.6005000,-0.0891000,9.8084000,56.4651000,54.8096000,59.1278000,-37.9670000,-10.3090000,9.3510000,0.000000,0,0,0
7.000,-0.5886000,-0.1011000,9.8191000,57.2662000,55.1453000,59.0820000,-38.1190000,-10.4270000,9.1710000,0.000000,0,0,0
7.010,-0.5599000,-0.1178000,9.8371000,58.3801000,55.1910000,59.1278000,-38.0510000,-10.5310000,9.5230000,0.000000,0,0,0
7.020,-0.5347000,-0.1346000,9.8562000,59.6924000,55.0003000,59.2804000,-38.5870000,-10.6170000,8.5300000,0.000000,0,0,0
7.030,-0.5192000,-0.1394000,9.8790000,61.0809000,54.8019000,59.4330000,-38.3580000,-10.1700000,8.2390000,0.000000,0,0,0
7.040,-0.5156000,-0.1262000,9.9053000,62.3779000,54.8477000,59.4330000,-38.4430000,-10.4290000,8.8360000,0.000000,0,0,0
7.050,-0.5096000,-0.0987000,9.9340000,63.5223000,55.3589000,59.2346000,-38.3140000,-10.3570000,9.5810000,0.000000,0,0,0
7.060,-0.4845000,-0.0664000,9.9687000,64.5905000,56.2973000,58.8608000,-38.7300000,-10.7610000,9.1570000,0.000000,0,0,0
7.070,-0.4331000,-0.0365000,9.9998000,65.6586000,57.4188000,58.3420000,-38.3820000,-10.4830000,9.2860000,0.000000,0,0,0
7.080,-0.3697000,-0.0245000,10.0117000,66.5588000,58.1665000,57.8766000,-38.7230000,-10.9750000,9.1440000,0.000000,0,0,0
7.090,-0.3194000,-0.0293000,9.9962000,67.1082000,58.0215000,57.7469000,-38.4570000,-10.8160000,8.7110000,0.000000,0,0,0
7.100,-0.2991000,-0.0449000,9.9603000,67.1082000,57.0526000,58.0139000,-38.6250000,-10.8120000,8.8170000,0.000000,0,0,0
7.110,-0.3051000,-0.0664000,9.9184000,66.6504000,55.8929000,58.4793000,-38.6040000,-10.6980000,8.7830000,0.000000,0,0,0
7.120,-0.3326000,-0.0855000,9.8766000,65.9332000,55.0842000,58.9600000,-38.8400000,-10.8340000,9.3120000,0.000000,0,0,0
7.130,-0.3697000,-0.0975000,9.8419000,65.2084000,54.8325000,59.2499000,-38.9510000,-10.6580000,8.9200000,0.000000,0,0,0
7.140,-0.4079000,-0.1083000,9.8203000,64.6896000,55.0919000,59.3109000,-38.7970000,-10.9780000,9.0340000,0.000000,0,0,0
7.150,-0.4235000,-0.1190000,9.8120000,64.3997000,55.8090000,59.1812000,-38.6840000,-10.9870000,9.1110000,0.000000,0,0,0
7.160,-0.4091000,-0.1250000,9.8012000,64.2166000,56.8085000,58.9828000,-39.0190000,-10.8840000,9.0930000,0.000000,0,0,0
7.170,-0.3768000,-0.1274000,9.7928000,64.0030000,57.7240000,58.8226000,-38.9580000,-10.7670000,9.6280000,0.000000,0,0,0
7.180,-0.3421000,-0.1274000,9.7785000,63.6444000,58.3572000,58.7997000,-38.9420000,-10.8580000,9.3230000,0.000000,0,0,0
7.190,-0.3326000,-0.1274000,9.7510000,63.0646000,58.8303000,58.9828000,-39.1010000,-10.9970000,9.6200000,0.000000,0,0,0
7.200,-0.3553000,-0.1286000,9.7187000,62.3398000,59.4101000,59.3033000,-39.2240000,-11.0050000,9.8330000,0.000000,0,0,0
7.210,-0.3828000,-0.1298000,9.7031000,61.7828000,60.4706000,59.5474000,-39.3120000,-11.0360000,8.4420000,0.000000,0,0,0
7.220,-0.3852000,-0.1250000,9.7055000,61.6760000,62.0728000,59.5016000,-39.2760000,-11.1160000,9.3730000,0.000000,0,0,0
7.230,-0.3661000,-0.1286000,9.7222000,62.0270000,63.7665000,59.2270000,-39.4900000,-11.2230000,9.0710000,0.000000,0,0,0
7.240,-0.3338000,-0.1418000,9.7533000,62.7747000,64.8727000,58.9828000,-39.3920000,-11.0670000,8.8680000,0.000000,0,0,0
7.250,-0.2979000,-0.1453000,9.7833000,63.6749000,64.8956000,58.9752000,-39.3080000,-11.4850000,8.9430000,0.000000,0,0,0
7.260,-0.2716000,-0.1394000,9.7952000,64.2624000,63.8046000,59.3491000,-39.1590000,-11.2130000,9.2740000,0.000000,0,0,0
7.270,-0.2644000,-0.1298000,9.7797000,64.3311000,62.0575000,60.1349000,-39.3880000,-11.4720000,8.9390000,0.000000,0,0,0
7.280,-0.2847000,-0.1370000,9.7533000,63.9801000,60.3104000,61.1954000,-39.3410000,-11.0870000,8.9530000,0.000000,0,0,0
7.290,-0.3218000,-0.1729000,9.7294000,63.5223000,58.6090000,62.7365000,-39.5180000,-11.5150000,8.9130000,0.000000,0,0,0
7.300,-0.3278000,-0.1836000,9.7378000,63.5376000,58.2657000,63.2477000,-39.7330000,-11.5450000,8.7850000,0.000000,0,0,0
7.310,-0.3218000,-0.1824000,9.7749000,63.8580000,58.4183000,63.2629000,-39.7830000,-11.4810000,8.4660000,0.000000,0,0,0
7.320,-0.2919000,-0.1776000,9.8383000,64.3921000,58.6853000,62.9349000,-39.7510000,-11.2970000,8.6170000,0.000000,0,0,0
7.330,-0.2512000,-0.1729000,9.8885000,64.9109000,58.6395000,62.4619000,-39.7700000,-11.2230000,8.4840000,0.000000,0,0,0
7.340,-0.2201000,-0.1812000,9.9113000,65.1245000,58.1207000,62.0575000,-39.4790000,-11.4410000,8.8030000,0.000000,0,0,0
7.350,-0.2117000,-0.1956000,9.9208000,64.9796000,57.2815000,61.8973000,-39.8300000,-11.6000000,9.1520000,0.000000,0,0,0
7.360,-0.2285000,-0.2016000,9.9280000,64.4608000,56.3965000,61.9736000,-39.9660000,-11.5640000,9.2170000,0.000000,0,0,0
7.370,-0.2476000,-0.1944000,9.9424000,63.6826000,55.7632000,62.1414000,-39.7470000,-11.5670000,8.8220000,0.000000,0,0,0
7.380,-0.2536000,-0.1812000,9.9723000,62.9501000,55.5191000,62.3016000,-40.1130000,-11.4090000,8.9860000,0.000000,0,0,0
7.390,-0.2405000,-0.1609000,10.0034000,62.5153000,55.4657000,62.4695000,-39.9110000,-11.5440000,8.8840000,0.000000,0,0,0
7.400,-0.2010000,-0.1346000,10.0261000,62.3093000,55.2521000,62.5916000,-40.1650000,-11.6060000,8.4490000,0.000000,0,0,0
7.410,-0.1412000,-0.1130000,10.0369000,62.1719000,54.6875000,62.5839000,-40.0880000,-11.3120000,8.5470000,0.000000,0,0,0
7.420,-0.0861000,-0.1023000,10.0225000,61.9583000,53.6423000,62.4619000,-40.2030000,-11.4130000,8.1250000,0.000000,0,0,0
7.430,-0.0443000,-0.1023000,9.9818000,61.4624000,52.2308000,62.2330000,-39.8820000,-11.7090000,8.1350000,0.000000,0,0,0
7.440,-0.0287000,-0.1130000,9.9101000,60.5392000,50.7431000,61.8744000,-40.4720000,-11.9930000,7.8950000,0.000000,0,0,0
7.450,-0.0562000,-0.1262000,9.8179000,59.1583000,49.5682000,61.4395000,-40.1900000,-11.9750000,7.9010000,0.000000,0,0,0
7.460,-0.1184000,-0.1501000,9.7258000,57.5485000,49.1409000,60.9818000,-40.5210000,-11.8480000,8.0370000,0.000000,0,0,0
7.470,-0.1962000,-0.1896000,9.6385000,56.1981000,49.4843000,60.5316000,-40.2000000,-11.9430000,7.7160000,0.000000,0,0,0
7.480,-0.2500000,-0.2303000,9.5691000,55.4581000,50.1709000,60.2112000,-40.4480000,-12.2780000,7.6670000,0.000000,0,0,0
7.490,-0.2572000,-0.2494000,9.5260000,55.2750000,50.8194000,60.0891000,-40.2260000,-11.8610000,8.2350000,0.000000,0,0,0
7.500,-0.2369000,-0.2434000,9.5093000,55.4199000,51.3382000,60.1273000,-40.3790000,-11.6770000,7.7330000,0.000000,0,0,0
7.510,-0.2070000,-0.2267000,9.5165000,55.6946000,51.8417000,60.2570000,-40.5440000,-11.8570000,7.6080000,0.000000,0,0,0
7.520,-0.1711000,-0.2111000,9.5296000,56.0226000,52.4750000,60.3790000,-40.4440000,-12.1450000,7.4990000,0.000000,0,0,0
7.530,-0.1352000,-0.2183000,9.5356000,56.3583000,53.4286000,60.4172000,-40.1890000,-11.7300000,7.1300000,0.000000,0,0,0
7.540,-0.0921000,-0.2470000,9.5308000,56.6711000,54.6875000,60.4172000,-40.6170000,-11.7940000,7.2450000,0.000000,0,0,0
7.550,-0.0275000,-0.2781000,9.5320000,57.0068000,56.1981000,60.3638000,-40.2450000,-12.0810000,7.5070000,0.000000,0,0,0
7.560,0.0502000,-0.2973000,9.5380000,57.4417000,57.8613000,60.3409000,-40.2290000,-12.4540000,7.0300000,0.000000,0,0,0
7.570,0.1148000,-0.3033000,9.5476000,58.0521000,59.4254000,60.4324000,-40.1040000,-12.3070000,6.7700000,0.000000,0,0,0
7.580,0.1627000,-0.2985000,9.5703000,58.9371000,60.6308000,60.6537000,-40.6660000,-12.4110000,7.1040000,0.000000,0,0,0
7.590,0.1902000,-0.2853000,9.5811000,60.0739000,61.3708000,60.9360000,-40.2290000,-12.0660000,6.8920000,0.000000,0,0,0
7.600,0.1878000,-0.2710000,9.5595000,61.1725000,61.6913000,61.1801000,-40.5920000,-12.0420000,6.6480000,0.000000,0,0,0
7.610,0.1531000,-0.2662000,9.5165000,62.0270000,61.7142000,61.3556000,-40.2090000,-12.2520000,5.9960000,0.000000,0,0,0
7.620,0.1029000,-0.2769000,9.4758000,62.5763000,61.4853000,61.4014000,-40.5840000,-12.2270000,6.7580000,0.000000,0,0,0
7.630,0.0526000,-0.2997000,9.4567000,62.9883000,60.9970000,61.3403000,-40.1830000,-12.2700000,6.8400000,0.000000,0,0,0
7.640,0.0108000,-0.3260000,9.4555000,63.4766000,60.1730000,61.1877000,-40.4930000,-12.2650000,6.1710000,0.000000,0,0,0
7.650,-0.0036000,-0.3439000,9.4722000,64.1327000,58.8760000,61.0275000,-40.2310000,-12.3480000,6.5130000,0.000000,0,0,0
7.660,0.0167000,-0.3344000,9.4985000,64.8117000,57.4341000,60.9131000,-40.3950000,-12.2820000,6.6760000,0.000000,0,0,0
7.670,0.0479000,-0.3057000,9.5165000,65.1245000,56.3660000,60.8063000,-40.1500000,-12.2940000,6.3630000,0.000000,0,0,0
7.680,0.0790000,-0.2745000,9.5201000,64.8422000,56.1829000,60.6537000,-40.5290000,-12.2880000,6.4910000,0.000000,0,0,0
7.690,0.1232000,-0.2434000,9.4949000,63.9420000,57.1671000,60.3485000,-40.5900000,-12.4490000,5.9130000,0.000000,0,0,0
7.700,0.1854000,-0.2195000,9.4507000,62.5458000,59.2117000,59.8831000,-40.5380000,-12.5120000,6.6010000,0.000000,0,0,0
7.710,0.2417000,-0.2159000,9.3897000,60.9741000,61.7065000,59.2270000,-40.6790000,-12.2740000,6.5210000,0.000000,0,0,0
7.720,0.2656000,-0.2387000,9.3287000,59.6542000,63.6444000,58.4488000,-40.5720000,-12.3310000,6.0600000,0.000000,0,0,0
7.730,0.2560000,-0.2841000,9.2880000,58.9981000,64.4608000,57.7164000,-40.6430000,-12.4960000,7.1080000,0.000000,0,0,0
7.740,0.2237000,-0.3188000,9.2569000,59.0134000,64.2395000,57.1671000,-40.7510000,-12.5460000,6.7240000,0.000000,0,0,0
7.750,0.1782000,-0.3451000,9.2342000,59.2728000,63.5147000,56.8924000,-40.7370000,-12.3960000,6.6440000,0.000000,0,0,0
7.760,0.1340000,-0.3726000,9.2150000,59.4864000,62.6907000,57.0068000,-40.3920000,-12.4450000,6.3620000,0.000000,0,0,0
7.770,0.1077000,-0.3930000,9.1995000,59.5322000,61.8210000,57.4570000,-40.3920000,-12.5600000,6.4770000,0.000000,0,0,0
7.780,0.0993000,-0.4026000,9.1911000,59.4330000,60.9970000,58.1055000,-40.5270000,-12.5070000,5.9510000,0.000000,0,0,0
7.790,0.0981000,-0.3894000,9.1887000,59.3414000,60.2875000,58.7006000,-40.3280000,-12.6530000,5.8850000,0.000000,0,0,0
7.800,0.0897000,-0.3523000,9.2102000,59.4635000,59.8297000,59.0744000,-40.5280000,-12.4590000,6.5050000,0.000000,0,0,0
7.810,0.0742000,-0.2901000,9.2605000,59.9747000,59.8450000,59.1049000,-40.7010000,-12.2810000,6.8550000,0.000000,0,0,0
7.820,0.0502000,-0.2255000,9.3346000,60.9360000,60.5087000,58.7540000,-40.6170000,-12.5270000,6.8950000,0.000000,0,0,0
7.830,0.0263000,-0.1884000,9.4160000,62.3169000,61.6913000,58.2047000,-40.5620000,-12.4000000,6.6230000,0.000000,0,0,0
7.840,0.0215000,-0.1753000,9.4758000,63.8657000,63.0798000,57.7011000,-40.4100000,-12.5690000,6.3120000,0.000000,0,0,0
7.850,0.0359000,-0.1788000,9.5081000,65.1474000,64.5447000,57.3654000,-40.5450000,-12.4830000,6.8700000,0.000000,0,0,0
7.860,0.0490000,-0.2004000,9.5129000,66.0629000,65.9103000,57.1518000,-40.6450000,-12.2320000,6.4620000,0.000000,0,0,0
7.870,0.0562000,-0.2363000,9.5093000,66.7953000,66.8335000,57.0221000,-40.5070000,-12.3370000,6.3140000,0.000000,0,0,0
7.880,0.0550000,-0.2781000,9.5165000,67.6498000,67.2302000,57.0602000,-40.8650000,-12.3940000,6.4610000,0.000000,0,0,0
7.890,0.0395000,-0.3200000,9.5344000,68.8324000,66.9937000,57.3578000,-40.7990000,-12.3070000,5.8030000,0.000000,0,0,0
7.900,0.0108000,-0.3607000,9.5847000,71.1212000,65.3610000,58.6014000,-40.8560000,-12.4230000,6.2910000,0.000000,0,0,0
7.910,0.0024000,-0.3583000,9.6218000,72.6547000,63.7436000,59.9213000,-40.7650000,-12.3680000,6.0570000,0.000000,0,0,0
7.920,-0.0072000,-0.3296000,9.6421000,73.8831000,62.1643000,61.4624000,-40.8070000,-12.5890000,5.6060000,0.000000,0,0,0
7.930,-0.0215000,-0.2889000,9.6433000,74.6155000,60.9436000,62.9730000,-40.7530000,-12.2690000,6.7510000,0.000000,0,0,0
7.940,-0.0311000,-0.2482000,9.6421000,74.8596000,60.3790000,64.1479000,-40.5670000,-12.3600000,6.4670000,0.000000,0,0,0
7.950,-0.0407000,-0.2052000,9.6409000,74.7147000,60.7605000,64.7964000,-40.7690000,-12.4060000,6.3920000,0.000000,0,0,0
7.960,-0.0443000,-0.1633000,9.6373000,74.3179000,62.0346000,64.8727000,-40.6940000,-12.2380000,6.4680000,0.000000,0,0,0
7.970,-0.0335000,-0.1214000,9.6194000,73.7686000,63.7360000,64.5370000,-40.6350000,-12.1580000,6.0610000,0.000000,0,0,0
7.980,-0.0156000,-0.0784000,9.5859000,73.0438000,65.1321000,64.0640000,-40.6390000,-12.1390000,6.5260000,0.000000,0,0,0
7.990,0.0144000,-0.0341000,9.5488000,72.0673000,65.7043000,63.6673000,-40.4390000,-11.8880000,6.4920000,0.000000,0,0,0
8.000,0.0514000,-0.0030000,9.5332000,70.9152000,65.3992000,63.4460000,-40.8770000,-12.3850000,7.0930000,0.000000,0,0,0
8.010,0.0837000,0.0150000,9.5548000,69.8166000,64.6973000,63.4384000,-40.6200000,-12.2340000,6.1530000,0.000000,0,0,0
8.020,0.1101000,0.0281000,9.5954000,68.9697000,64.3005000,63.6749000,-40.5470000,-12.1690000,6.7120000,0.000000,0,0,0
8.030,0.1304000,0.0520000,9.6241000,68.4967000,64.6057000,64.1479000,-40.3850000,-12.0860000,6.6750000,0.000000,0,0,0
8.040,0.1495000,0.0987000,9.6301000,68.5730000,65.4984000,64.8270000,-40.3970000,-12.4350000,6.7560000,0.000000,0,0,0
8.050,0.1794000,0.1418000,9.6241000,69.3436000,66.6046000,65.6662000,-40.3460000,-12.4350000,6.2560000,0.000000,0,0,0
8.060,0.2297000,0.1669000,9.6098000,70.7016000,67.2150000,66.6733000,-40.3090000,-12.3900000,6.9720000,0.000000,0,0,0
8.070,0.3015000,0.1884000,9.5906000,72.2275000,66.8793000,67.8253000,-40.2510000,-12.7490000,6.2310000,0.000000,0,0,0
8.080,0.3816000,0.2207000,9.5500000,73.3109000,65.5441000,68.9621000,-40.4170000,-12.5200000,6.5560000,0.000000,0,0,0
8.090,0.4307000,0.2542000,9.4878000,73.5016000,63.4613000,69.7937000,-40.2740000,-12.6420000,7.0470000,0.000000,0,0,0
8.100,0.4151000,0.2638000,9.4160000,72.7997000,61.1267000,70.0455000,-40.3300000,-12.6690000,6.2990000,0.000000,0,0,0
8.110,0.3409000,0.2315000,9.3346000,71.5790000,58.9905000,69.5572000,-40.2680000,-12.5210000,6.2350000,0.000000,0,0,0
8.120,0.2225000,0.1717000,9.2617000,70.2515000,57.5104000,68.5120000,-40.3500000,-12.6390000,6.4160000,0.000000,0,0,0
8.130,0.0957000,0.1166000,9.2162000,69.0613000,56.9839000,67.2226000,-40.3010000,-12.4970000,6.4650000,0.000000,0,0,0
8.140,-0.0096000,0.0724000,9.2102000,68.2526000,57.3654000,65.9561000,-40.4170000,-12.4980000,7.0340000,0.000000,0,0,0
8.150,-0.0670000,0.0389000,9.2246000,68.0008000,57.9605000,64.9109000,-40.1040000,-12.4860000,6.3050000,0.000000,0,0,0
8.160,-0.0622000,0.0173000,9.2401000,68.1076000,57.7774000,64.3539000,-40.2570000,-12.4970000,7.0310000,0.000000,0,0,0
8.170,-0.0012000,0.0173000,9.2569000,68.0771000,56.2439000,64.3921000,-40.1990000,-12.4230000,6.6710000,0.000000,0,0,0
8.180,0.0658000,0.0461000,9.2880000,67.5583000,53.8101000,64.7888000,-40.2200000,-12.6160000,7.1830000,0.000000,0,0,0
8.190,0.0885000,0.0867000,9.3418000,66.5741000,51.4832000,65.1093000,-40.3590000,-12.5980000,6.9150000,0.000000,0,0,0
8.200,0.0610000,0.1238000,9.4184000,65.5899000,50.2167000,65.0635000,-40.4040000,-12.4500000,6.4640000,0.000000,0,0,0
8.210,0.0120000,0.1453000,9.5057000,65.1016000,50.3464000,64.5523000,-40.3710000,-12.7120000,6.4830000,0.000000,0,0,0
8.220,-0.0299000,0.1549000,9.5787000,65.2618000,51.4908000,63.6673000,-40.6340000,-12.5150000,6.2780000,0.000000,0,0,0
8.230,-0.0598000,0.1418000,9.6218000,65.8264000,53.0090000,62.5839000,-40.6230000,-12.3390000,6.1600000,0.000000,0,0,0
8.240,-0.0849000,0.1071000,9.6373000,66.4597000,54.4510000,61.3403000,-40.8400000,-12.2990000,6.1740000,0.000000,0,0,0
8.250,-0.0921000,0.0604000,9.6373000,66.6809000,55.8929000,60.0204000,-40.6030000,-12.4550000,6.4900000,0.000000,0,0,0
8.260,-0.0622000,-0.0006000,9.6529000,66.0477000,57.4722000,58.8684000,-40.8730000,-12.6770000,6.6640000,0.000000,0,0,0
8.270,0.0203000,-0.0628000,9.7091000,64.5752000,59.0668000,58.2733000,-40.6950000,-12.4550000,7.1820000,0.000000,0,0,0
8.280,0.1448000,-0.1023000,9.7928000,62.6373000,60.5927000,58.3572000,-40.6740000,-12.6420000,7.2030000,0.000000,0,0,0
8.290,0.2740000,-0.1178000,9.8754000,60.7300000,62.0651000,58.9828000,-40.3360000,-12.3540000,6.9820000,0.000000,0,0,0
8.300,0.3780000,-0.1035000,9.9232000,59.0744000,63.5757000,59.6771000,-40.5120000,-12.5430000,7.1870000,0.000000,0,0,0
8.310,0.4331000,-0.0891000,9.9292000,57.5943000,65.1550000,59.9518000,-40.5490000,-12.3860000,7.0770000,0.000000,0,0,0
8.320,0.4390000,-0.0843000,9.8945000,56.2286000,66.6656000,59.6313000,-40.4610000,-12.2260000,7.0790000,0.000000,0,0,0
8.330,0.4295000,-0.0915000,9.8443000,55.0690000,67.2989000,59.0515000,-40.6430000,-12.6030000,6.6260000,0.000000,0,0,0
8.340,0.4235000,-0.0867000,9.8251000,54.3518000,66.4673000,58.5175000,-40.4380000,-12.6490000,6.2030000,0.000000,0,0,0
8.350,0.4187000,-0.0640000,9.8514000,54.2984000,64.2929000,58.1589000,-40.6210000,-12.5010000,6.8770000,0.000000,0,0,0
8.360,0.4127000,-0.0269000,9.9077000,54.8401000,61.2946000,57.9910000,-40.5020000,-12.5120000,6.3280000,0.000000,0,0,0
8.370,0.4008000,0.0185000,9.9747000,55.6793000,58.2199000,57.9071000,-40.4800000,-12.2960000,6.4430000,0.000000,0,0,0
8.380,0.3744000,0.0496000,10.0177000,56.4804000,55.8853000,57.7927000,-40.8010000,-12.6530000,6.8910000,0.000000,0,0,0
8.390,0.3433000,0.0461000,10.0070000,57.1213000,54.6494000,57.7011000,-40.8100000,-12.5130000,6.1090000,0.000000,0,0,0
8.400,0.3218000,0.0221000,9.9376000,57.5714000,54.1534000,57.7621000,-40.8320000,-12.4910000,6.3400000,0.000000,0,0,0
8.410,0.3278000,0.0185000,9.8550000,57.8003000,53.5965000,58.0292000,-40.5640000,-12.6890000,6.0370000,0.000000,0,0,0
8.420,0.3433000,0.0461000,9.8072000,57.9071000,52.5131000,58.3038000,-40.8880000,-12.9580000,6.5510000,0.000000,0,0,0
8.430,0.3362000,0.0807000,9.7928000,58.0521000,51.0559000,58.3572000,-40.7600000,-12.4990000,6.1230000,0.000000,0,0,0
8.440,0.2943000,0.1023000,9.7952000,58.2886000,49.8352000,58.2199000,-40.8570000,-12.4150000,5.8440000,0.000000,0,0,0
8.450,0.2440000,0.0999000,9.7988000,58.4869000,49.5453000,58.0139000,-40.7910000,-12.5000000,5.2290000,0.000000,0,0,0
8.460,0.2129000,0.0819000,9.7833000,58.4946000,50.5447000,57.8461000,-41.0110000,-12.7000000,5.7320000,0.000000,0,0,0
8.470,0.2117000,0.0580000,9.7354000,58.2733000,52.7649000,57.7164000,-40.8360000,-12.7040000,5.7120000,0.000000,0,0,0
8.480,0.2488000,0.0401000,9.6493000,57.8842000,55.6335000,57.6630000,-40.9080000,-12.6540000,6.1070000,0.000000,0,0,0
8.490,0.3242000,0.0496000,9.5380000,57.4112000,58.2275000,57.8232000,-41.2290000,-12.5240000,5.8310000,0.000000,0,0,0
8.500,0.4654000,0.1095000,9.4040000,57.0297000,59.2270000,58.8684000,-40.9750000,-12.8210000,5.8600000,0.000000,0,0,0
8.510,0.5407000,0.1645000,9.3622000,57.5104000,57.5027000,59.9747000,-40.9620000,-12.6730000,6.3730000,0.000000,0,0,0
8.520,0.5814000,0.2207000,9.3466000,58.6319000,54.9469000,60.9741000,-40.9840000,-12.6230000,6.7570000,0.000000,0,0,0
8.530,0.5790000,0.2626000,9.3430000,60.0433000,53.0701000,61.4395000,-40.9510000,-12.6320000,5.9480000,0.000000,0,0,0
8.540,0.5623000,0.2734000,9.3334000,61.4014000,52.6657000,61.2869000,-41.1200000,-12.7810000,5.3320000,0.000000,0,0,0
8.550,0.5563000,0.2590000,9.3000000,62.4619000,53.5965000,60.6613000,-40.9460000,-12.8070000,5.8000000,0.000000,0,0,0
8.560,0.5790000,0.2387000,9.2425000,62.9578000,55.1224000,59.8602000,-41.2250000,-12.6850000,5.3750000,0.000000,0,0,0
8.570,0.6125000,0.2303000,9.1743000,62.7365000,56.3660000,59.1812000,-41.3650000,-12.8620000,5.6500000,0.000000,0,0,0
8.580,0.6245000,0.2111000,9.1157000,61.9812000,56.9687000,58.7692000,-41.2940000,-12.5180000,5.4360000,0.000000,0,0,0
8.590,0.6149000,0.1693000,9.0750000,61.1115000,56.9916000,58.6243000,-41.1560000,-12.6800000,5.4650000,0.000000,0,0,0
8.600,0.6017000,0.1142000,9.0667000,60.4172000,56.8619000,58.7463000,-41.4390000,-12.6480000,5.4940000,0.000000,0,0,0
8.610,0.5946000,0.0604000,9.0679000,59.9518000,56.9534000,59.1202000,-41.2240000,-12.8420000,5.3070000,0.000000,0,0,0
8.620,0.5898000,0.0161000,9.0607000,59.5627000,57.3425000,59.5779000,-41.0660000,-12.9990000,4.9860000,0.000000,0,0,0
8.630,0.5946000,-0.0161000,9.0463000,59.1965000,57.7621000,59.9976000,-41.2770000,-12.5000000,5.2010000,0.000000,0,0,0
8.640,0.6316000,-0.0329000,9.0320000,58.8760000,57.7774000,60.3256000,-40.9410000,-13.1690000,4.6840000,0.000000,0,0,0
8.650,0.7022000,-0.0269000,9.0320000,58.6090000,57.1365000,60.5164000,-41.0910000,-12.4710000,5.1220000,0.000000,0,0,0
8.660,0.7848000,-0.0066000,9.0451000,58.4183000,55.8624000,60.4858000,-41.3960000,-12.9570000,5.2190000,0.000000,0,0,0
8.670,0.8542000,0.0138000,9.0703000,58.2657000,54.2755000,60.2798000,-41.3030000,-12.9850000,4.9740000,0.000000,0,0,0
8.680,0.8757000,0.0173000,9.1062000,58.2199000,52.8564000,60.0357000,-41.2620000,-12.9950000,4.9720000,0.000000,0,0,0
8.690,0.8338000,0.0042000,9.1504000,58.3954000,51.7807000,59.9747000,-41.1020000,-12.7840000,5.0280000,0.000000,0,0,0
8.700,0.7441000,-0.0185000,9.1995000,58.9600000,51.2009000,60.2112000,-41.5120000,-12.7000000,4.5670000,0.000000,0,0,0
8.710,0.6615000,-0.0425000,9.2365000,59.9670000,51.1551000,60.7224000,-41.5310000,-13.0140000,4.6230000,0.000000,0,0,0
8.720,0.6376000,-0.0461000,9.2605000,61.1496000,51.4145000,61.4014000,-41.4480000,-12.7660000,4.4020000,0.000000,0,0,0
8.730,0.6783000,-0.0329000,9.2736000,62.1109000,51.6205000,62.1338000,-41.4030000,-13.0080000,4.8290000,0.000000,0,0,0
8.740,0.7465000,-0.0054000,9.2832000,62.6526000,51.5366000,62.7060000,-41.4370000,-12.6100000,4.5820000,0.000000,0,0,0
8.750,0.7991000,0.0197000,9.2844000,62.7365000,51.2009000,63.0112000,-41.3370000,-12.9630000,4.3790000,0.000000,0,0,0
8.760,0.8087000,0.0221000,9.2916000,62.5687000,50.6744000,63.2095000,-41.5330000,-13.0300000,4.8170000,0.000000,0,0,0
8.770,0.7824000,0.0090000,9.3095000,62.5458000,50.3616000,63.3621000,-41.5610000,-12.8000000,4.4760000,0.000000,0,0,0
8.780,0.7620000,-0.0150000,9.3215000,62.8281000,50.7431000,63.3545000,-41.4240000,-12.8850000,4.2910000,0.000000,0,0,0
8.790,0.7967000,-0.0532000,9.3179000,63.2858000,51.8341000,63.2782000,-41.4770000,-13.0330000,4.3170000,0.000000,0,0,0
8.800,0.8960000,-0.0903000,9.3035000,63.6063000,53.1387000,63.2706000,-41.6810000,-13.2010000,4.3660000,0.000000,0,0,0
8.810,1.0156000,-0.1190000,9.2784000,63.5147000,53.9780000,63.4689000,-41.6480000,-12.8720000,4.5040000,0.000000,0,0,0
8.820,1.1054000,-0.1382000,9.2425000,63.0188000,53.8864000,63.9114000,-41.7560000,-12.9020000,4.1560000,0.000000,0,0,0
8.830,1.1281000,-0.1406000,9.2042000,62.3169000,53.0548000,64.3463000,-41.7190000,-12.8660000,4.2110000,0.000000,0,0,0
8.840,1.0814000,-0.1310000,9.1731000,61.5997000,52.2232000,64.3768000,-41.7560000,-13.3410000,3.6320000,0.000000,0,0,0
8.850,0.9917000,-0.1310000,9.1528000,61.0275000,52.2461000,63.7970000,-41.6490000,-13.1250000,4.0350000,0.000000,0,0,0
8.860,0.9152000,-0.1465000,9.1492000,60.7071000,53.2150000,62.8357000,-41.6560000,-13.1830000,4.0860000,0.000000,0,0,0
8.870,0.8769000,-0.1753000,9.1612000,60.7834000,54.8096000,61.8210000,-41.6700000,-13.0110000,4.1900000,0.000000,0,0,0
8.880,0.8649000,-0.2040000,9.1911000,61.3403000,56.8314000,61.0352000,-41.9340000,-13.0680000,4.2550000,0.000000,0,0,0
8.890,0.8733000,-0.2195000,9.2377000,62.2787000,58.9752000,60.6308000,-41.5190000,-12.8440000,3.6950000,0.000000,0,0,0
8.900,0.8900000,-0.2159000,9.3035000,63.4384000,60.7986000,60.6232000,-41.7170000,-12.7910000,3.8410000,0.000000,0,0,0
8.910,0.9032000,-0.1920000,9.3945000,64.6820000,61.9278000,60.8444000,-41.5440000,-13.1070000,3.7730000,0.000000,0,0,0
8.920,0.9092000,-0.1609000,9.4973000,65.8264000,62.2025000,61.1343000,-41.8200000,-12.9160000,4.0200000,0.000000,0,0,0
8.930,0.9164000,-0.1334000,9.5918000,66.6656000,61.6531000,61.4624000,-41.8210000,-12.7880000,4.4220000,0.000000,0,0,0
8.940,0.9355000,-0.1107000,9.6732000,67.0090000,60.5621000,61.7447000,-41.7870000,-12.9840000,4.6810000,0.000000,0,0,0
8.950,0.9606000,-0.0951000,9.7426000,66.7725000,59.5856000,61.7371000,-41.5490000,-12.9610000,4.5330000,0.000000,0,0,0
8.960,0.9929000,-0.0879000,9.8191000,66.1469000,59.2957000,61.3480000,-41.6570000,-13.0540000,4.7950000,0.000000,0,0,0
8.970,1.0264000,-0.0760000,9.8921000,65.3687000,59.7916000,60.7376000,-41.2550000,-12.8670000,4.2710000,0.000000,0,0,0
8.980,1.0779000,-0.0437000,9.9507000,64.5523000,60.5698000,60.1044000,-41.4160000,-13.2080000,4.5840000,0.000000,0,0,0
8.990,1.1365000,0.0078000,9.9782000,63.7817000,60.9589000,59.5779000,-41.2450000,-12.8840000,5.2120000,0.000000,0,0,0
9.000,1.1867000,0.0652000,9.9639000,63.0264000,60.3943000,59.2194000,-41.2620000,-12.8160000,4.5780000,0.000000,0,0,0
9.010,1.2274000,0.1178000,9.9148000,62.2406000,58.8074000,59.0057000,-41.5650000,-13.0260000,4.7820000,0.000000,0,0,0
9.020,1.2501000,0.1561000,9.8526000,61.4243000,56.8237000,58.7082000,-41.6340000,-13.0020000,4.4430000,0.000000,0,0,0
9.030,1.2585000,0.1465000,9.7952000,60.7147000,55.1910000,58.2581000,-41.5970000,-12.9590000,4.3440000,0.000000,0,0,0
9.040,1.2525000,0.0879000,9.7438000,60.3714000,54.3671000,57.8003000,-41.8830000,-12.8800000,3.9580000,0.000000,0,0,0
9.050,1.2394000,0.0018000,9.6780000,60.5698000,54.3976000,57.5333000,-41.7260000,-12.6710000,3.8830000,0.000000,0,0,0
9.060,1.2346000,-0.0652000,9.5799000,61.2030000,55.1453000,57.4875000,-41.7510000,-13.0840000,4.3980000,0.000000,0,0,0
9.070,1.2537000,-0.0975000,9.4507000,61.9812000,56.2668000,57.5027000,-42.0410000,-13.0230000,4.3560000,0.000000,0,0,0
9.080,1.2920000,-0.1119000,9.2940000,62.6144000,57.4646000,57.4493000,-41.8410000,-12.9230000,3.9540000,0.000000,0,0,0
9.090,1.3327000,-0.1250000,9.1456000,62.9120000,58.4106000,57.3654000,-41.8230000,-13.0780000,3.7420000,0.000000,0,0,0
9.100,1.3482000,-0.1406000,9.0583000,62.9196000,59.0973000,57.3578000,-41.8760000,-12.9800000,4.2360000,0.000000,0,0,0
9.110,1.2968000,-0.1442000,9.0284000,62.7975000,60.5316000,57.4112000,-41.7550000,-12.8140000,4.2890000,0.000000,0,0,0
9.120,1.2190000,-0.1549000,9.0643000,62.8128000,62.1414000,57.5790000,-41.9620000,-13.2400000,3.7290000,0.000000,0,0,0
9.130,1.1401000,-0.1681000,9.1157000,63.0493000,64.1251000,57.8766000,-41.9230000,-13.0920000,4.0970000,0.000000,0,0,0
9.140,1.1102000,-0.1932000,9.1456000,63.3926000,66.0706000,58.5709000,-41.9060000,-12.7220000,4.8420000,0.000000,0,0,0
9.150,1.1700000,-0.2291000,9.1564000,63.5452000,67.2607000,59.8602000,-41.6320000,-12.9650000,4.4420000,0.000000,0,0,0
9.160,1.3087000,-0.2399000,9.1959000,63.4613000,67.3370000,61.5387000,-41.8740000,-12.6610000,3.9350000,0.000000,0,0,0
9.170,1.4547000,-0.2064000,9.2677000,63.3850000,66.6122000,62.9196000,-41.9900000,-12.7640000,4.0300000,0.000000,0,0,0
9.180,1.5061000,-0.1501000,9.3167000,63.4689000,65.7120000,63.2782000,-42.0220000,-12.8110000,4.0610000,0.000000,0,0,0
9.190,1.4427000,-0.1083000,9.3131000,63.7741000,64.9719000,62.7213000,-41.8190000,-12.9430000,4.5610000,0.000000,0,0,0
9.200,1.2944000,-0.0939000,9.2485000,64.3768000,64.3616000,61.6913000,-42.0070000,-12.9240000,4.1110000,0.000000,0,0,0
9.210,1.1305000,-0.0999000,9.1516000,65.2847000,63.9191000,60.7758000,-41.8400000,-12.7360000,4.2280000,0.000000,0,0,0
9.220,1.0360000,-0.1166000,9.0727000,66.0248000,63.6673000,60.3867000,-42.0510000,-12.9260000,4.2090000,0.000000,0,0,0
9.230,1.0372000,-0.1477000,9.0320000,66.1621000,63.5605000,60.7147000,-41.6430000,-12.7310000,4.3700000,0.000000,0,0,0
9.240,1.0874000,-0.1776000,9.0475000,65.5518000,63.3087000,61.5845000,-41.7940000,-12.7820000,4.0630000,0.000000,0,0,0
9.250,1.1018000,-0.1884000,9.1217000,64.3234000,62.9501000,62.3322000,-41.6450000,-12.8490000,4.3700000,0.000000,0,0,0
9.260,1.0551000,-0.1788000,9.2246000,62.9272000,63.0646000,62.2482000,-41.9260000,-12.6280000,3.2250000,0.000000,0,0,0
9.270,0.9762000,-0.1776000,9.3203000,61.6913000,63.6368000,61.3708000,-41.7670000,-12.6980000,3.8780000,0.000000,0,0,0
9.280,0.9499000,-0.1705000,9.4184000,60.5850000,63.9343000,60.2493000,-41.7110000,-12.7060000,4.3600000,0.000000,0,0,0
9.290,1.0312000,-0.1346000,9.5332000,59.3033000,63.2629000,59.3567000,-41.6910000,-12.5500000,4.2110000,0.000000,0,0,0
9.300,1.1987000,-0.0664000,9.6840000,57.6019000,61.4166000,58.8074000,-41.8470000,-12.9280000,3.8350000,0.000000,0,0,0
9.310,1.3458000,0.0018000,9.8467000,55.7404000,58.9066000,58.4717000,-41.5670000,-12.8560000,4.1450000,0.000000,0,0,0
9.320,1.4152000,0.0568000,9.9902000,54.2679000,56.7398000,58.1665000,-41.8510000,-12.8330000,3.6420000,0.000000,0,0,0
9.330,1.3769000,0.0855000,10.0680000,53.7262000,55.7861000,57.7621000,-41.6960000,-12.7630000,3.7980000,0.000000,0,0,0
9.340,1.2525000,0.0772000,10.0608000,54.4510000,56.1295000,57.5180000,-42.0540000,-12.8640000,4.3080000,0.000000,0,0,0
9.350,1.1125000,0.0305000,9.9627000,56.4651000,57.3196000,57.8384000,-41.8410000,-12.6630000,4.0940000,0.000000,0,0,0
9.360,1.0372000,-0.0317000,9.8144000,59.1431000,58.5556000,58.8913000,-41.8120000,-13.0370000,4.6420000,0.000000,0,0,0
9.370,1.0850000,-0.0807000,9.7007000,61.7752000,59.3338000,60.3104000,-41.7630000,-13.1170000,4.2650000,0.000000,0,0,0
9.380,1.2334000,-0.1071000,9.6576000,64.2014000,59.7992000,61.4548000,-41.5390000,-12.7910000,4.6130000,0.000000,0,0,0
9.390,1.3937000,-0.1095000,9.6564000,66.3757000,59.9060000,61.8820000,-41.9980000,-12.6860000,4.2080000,0.000000,0,0,0
9.400,1.4930000,-0.0915000,9.6529000,68.1839000,59.6390000,61.5540000,-42.0360000,-12.7810000,4.4130000,0.000000,0,0,0
9.410,1.4870000,-0.0604000,9.6110000,69.4656000,59.1736000,60.8063000,-42.2350000,-12.6220000,4.3200000,0.000000,0,0,0
9.420,1.4068000,-0.0484000,9.5189000,70.1370000,58.7082000,60.1730000,-42.0340000,-12.6140000,4.3800000,0.000000,0,0,0
9.430,1.3004000,-0.0760000,9.3825000,70.2438000,58.2428000,60.1578000,-41.9720000,-12.6600000,3.9720000,0.000000,0,0,0
9.440,1.2142000,-0.1262000,9.2354000,70.0073000,57.8079000,60.7529000,-42.1910000,-12.7870000,3.6710000,0.000000,0,0,0
9.450,1.1736000,-0.1609000,9.1373000,69.6564000,57.7393000,61.4624000,-42.1050000,-12.8230000,4.1980000,0.000000,0,0,0
9.460,1.1688000,-0.1753000,9.1085000,69.2444000,58.4717000,61.6455000,-41.8630000,-12.5850000,3.9030000,0.000000,0,0,0
9.470,1.1676000,-0.1920000,9.1157000,68.6493000,60.2417000,61.1115000,-41.8580000,-12.5240000,4.4890000,0.000000,0,0,0
9.480,1.1724000,-0.2183000,9.1325000,67.7719000,62.5916000,60.3256000,-42.0100000,-12.5460000,4.3980000,0.000000,0,0,0
9.490,1.1891000,-0.2422000,9.1528000,66.6199000,64.8727000,59.7687000,-41.5860000,-12.7600000,3.9520000,0.000000,0,0,0
9.500,1.2142000,-0.2578000,9.1708000,65.4144000,66.5131000,59.7153000,-41.9540000,-12.4190000,4.0500000,0.000000,0,0,0
9.510,1.2358000,-0.2291000,9.1791000,64.3387000,67.4515000,59.9976000,-41.8000000,-12.3070000,3.8380000,0.000000,0,0,0
9.520,1.2441000,-0.1501000,9.1815000,63.3469000,68.1229000,60.1807000,-42.0470000,-12.7420000,4.2460000,0.000000,0,0,0
9.530,1.2525000,-0.0461000,9.1731000,62.2864000,68.8477000,60.0815000,-41.8260000,-12.5420000,4.2770000,0.000000,0,0,0
9.540,1.2573000,0.0473000,9.1684000,61.0657000,69.3588000,59.8907000,-41.8030000,-12.4030000,4.3020000,0.000000,0,0,0
9.550,1.2597000,0.1083000,9.2114000,59.7610000,69.6869000,59.8526000,-41.9120000,-12.3970000,4.0930000,0.000000,0,0,0
9.560,1.2429000,0.1705000,9.3418000,58.5556000,70.7397000,59.7305000,-41.7450000,-12.5690000,4.6430000,0.000000,0,0,0
9.570,1.3422000,0.2434000,9.6959000,57.8003000,81.3828000,57.0068000,-41.5560000,-12.8450000,4.3780000,0.000000,0,0,0
9.580,1.2669000,0.1334000,9.6624000,57.4265000,93.2693000,54.4510000,-41.6320000,-12.4540000,4.7670000,0.000000,0,0,0
9.590,1.1903000,0.0353000,9.6253000,57.2586000,96.1838000,53.3218000,-41.6990000,-12.4860000,4.7410000,0.000000,0,0,0
9.600,1.1580000,-0.0185000,9.6038000,57.4188000,93.1625000,53.1845000,-41.5840000,-12.7090000,4.7770000,0.000000,0,0,0
9.610,1.1173000,-0.0461000,9.5835000,57.7545000,87.4481000,53.9856000,-41.5330000,-12.5050000,4.4450000,0.000000,0,0,0
9.620,1.0551000,-0.0831000,9.5655000,58.0978000,80.7037000,55.5878000,-41.5290000,-12.5240000,4.8500000,0.000000,0,0,0
9.630,0.9893000,-0.1250000,9.5703000,58.4564000,74.1425000,57.7698000,-41.7500000,-12.4440000,4.1780000,0.000000,0,0,0
9.640,0.9211000,-0.1585000,9.5691000,58.8684000,68.6569000,60.0662000,-42.0110000,-12.8500000,4.2630000,0.000000,0,0,0
9.650,0.8530000,-0.1549000,9.5308000,59.1812000,64.6896000,62.0117000,-41.8230000,-12.5240000,4.7160000,0.000000,0,0,0
9.660,0.8051000,-0.0975000,9.4447000,59.2804000,62.9807000,62.9959000,-41.6520000,-12.3520000,4.4410000,0.000000,0,0,0
9.670,0.7967000,-0.0652000,9.2688000,59.1812000,63.5529000,63.0341000,-41.4370000,-12.7330000,4.7010000,0.000000,0,0,0
9.680,0.8506000,-0.0867000,9.0236000,59.1888000,64.8499000,62.9196000,-41.5250000,-13.0090000,4.8230000,0.000000,0,0,0
9.690,0.9869000,-0.1585000,8.8011000,60.2570000,65.9866000,63.0646000,-41.5360000,-12.8470000,3.7770000,0.000000,0,0,0
9.700,1.0444000,-0.1932000,8.7915000,61.5845000,66.3757000,62.9959000,-41.3150000,-12.7750000,4.2530000,0.000000,0,0,0
9.710,1.0575000,-0.1992000,8.8633000,62.6984000,66.9937000,62.2864000,-41.3880000,-12.6630000,4.0360000,0.000000,0,0,0
9.720,1.0204000,-0.1920000,9.0045000,63.0569000,67.6651000,61.0504000,-41.5790000,-12.5090000,4.7540000,0.000000,0,0,0
9.730,0.9391000,-0.1812000,9.1839000,62.6068000,67.7872000,59.7382000,-41.5620000,-12.8450000,4.4140000,0.000000,0,0,0
9.740,0.8278000,-0.1657000,9.3705000,61.3022000,66.8793000,58.8837000,-41.7190000,-12.9950000,4.7310000,0.000000,0,0,0
9.750,0.6771000,-0.1418000,9.5452000,59.2346000,65.0024000,58.6090000,-41.5140000,-12.5380000,3.5830000,0.000000,0,0,0
9.760,0.4989000,-0.1202000,9.7175000,57.1136000,63.0417000,58.3572000,-41.6490000,-12.8170000,4.1400000,0.000000,0,0,0
9.770,0.3242000,-0.1322000,9.8813000,56.0608000,62.3016000,57.6630000,-41.7790000,-12.5440000,4.0280000,0.000000,0,0,0
9.780,0.1842000,-0.1800000,10.0321000,56.6025000,63.0951000,56.7856000,-41.4490000,-12.4710000,4.1070000,0.000000,0,0,0
9.790,0.1113000,-0.2195000,10.1732000,58.5098000,64.7964000,56.2973000,-41.4800000,-12.7540000,4.5770000,0.000000,0,0,0
9.800,0.1400000,-0.1908000,10.2965000,60.9741000,66.6962000,56.5567000,-41.7960000,-12.7340000,4.2490000,0.000000,0,0,0
9.810,0.2476000,-0.1166000,10.3778000,62.9883000,68.0847000,57.5562000,-41.7530000,-12.5340000,4.5200000,0.000000,0,0,0
9.820,0.4043000,-0.0401000,10.3958000,64.1556000,68.4052000,59.1202000,-41.6560000,-12.7160000,4.4430000,0.000000,0,0,0
9.830,0.5742000,0.0257000,10.3587000,64.6896000,67.5049000,60.7986000,-41.5410000,-12.7290000,4.5400000,0.000000,0,0,0
9.840,0.7345000,0.0819000,10.2761000,65.0635000,65.4449000,62.1490000,-41.6070000,-12.6240000,4.5900000,0.000000,0,0,0
9.850,0.8637000,0.1178000,10.1589000,65.7654000,62.6144000,62.9044000,-41.7290000,-12.4510000,4.8660000,0.000000,0,0,0
9.860,0.9403000,0.1250000,9.9986000,66.9632000,59.7153000,62.9730000,-41.4040000,-12.5410000,5.0600000,0.000000,0,0,0
9.870,0.9654000,0.0951000,9.7809000,68.5196000,57.4417000,62.5153000,-41.6900000,-12.7050000,4.9380000,0.000000,0,0,0
9.880,0.9630000,0.0484000,9.5332000,70.0684000,56.2973000,61.8820000,-41.6100000,-12.5460000,5.0140000,0.000000,0,0,0
9.890,0.9439000,-0.0018000,9.3131000,70.9991000,55.8624000,61.4853000,-41.4870000,-12.6610000,5.0940000,0.000000,0,0,0
9.900,0.9044000,-0.0413000,9.1743000,71.0526000,55.4276000,61.5845000,-41.4710000,-12.4660000,4.7850000,0.000000,0,0,0
9.910,0.8565000,-0.0592000,9.1253000,70.4575000,54.6646000,62.0270000,-41.6570000,-12.4360000,4.4770000,0.000000,0,0,0
9.920,0.8302000,-0.0508000,9.1313000,69.4885000,53.8177000,62.3093000,-41.4980000,-12.5850000,4.8260000,0.000000,0,0,0
9.930,0.8374000,-0.0257000,9.1552000,68.2220000,53.2455000,62.0346000,-41.4900000,-12.3390000,4.8830000,0.000000,0,0,0
9.940,0.8661000,0.0078000,9.1636000,66.7801000,53.1998000,61.1343000,-41.6410000,-12.8310000,4.2840000,0.000000,0,0,0
9.950,0.8960000,0.0269000,9.1373000,65.3381000,54.0237000,59.8373000,-41.3640000,-12.4220000,4.8480000,0.000000,0,0,0
9.960,0.9271000,0.0293000,9.0691000,64.1251000,55.8014000,58.5861000,-41.5970000,-12.3330000,4.0080000,0.000000,0,0,0
9.970,0.9810000,0.0161000,8.9770000,63.3926000,58.2581000,57.7850000,-41.6490000,-12.4140000,4.3930000,0.000000,0,0,0
9.980,1.0539000,-0.0090000,8.8824000,63.3698000,60.6842000,57.7469000,-41.6450000,-12.3520000,5.3380000,0.000000,0,0,0
9.990,1.1305000,-0.0245000,8.8059000,64.1251000,62.3322000,58.5327000,-41.4930000,-12.0780000,4.6310000,0.000000,0,0,0
10.000,1.2047000,-0.0197000,8.7473000,65.3915000,62.9959000,59.7839000,-41.5920000,-12.7100000,4.3570000,0.000000,0,0,0
10.010,1.2561000,-0.0161000,8.7126000,66.6809000,62.8128000,60.9970000,-41.3910000,-11.8820000,4.7290000,0.000000,0,0,0
10.020,1.2740000,-0.0197000,8.7281000,67.5659000,62.2559000,61.7828000,-41.6840000,-12.2050000,4.5580000,0.000000,0,0,0
10.030,1.2693000,-0.0126000,8.8095000,67.8482000,62.1262000,61.9659000,-41.5950000,-12.3090000,4.5610000,0.000000,0,0,0
10.040,1.2489000,-0.0030000,8.9255000,67.6193000,62.8510000,61.7371000,-42.0310000,-12.4390000,4.5240000,0.000000,0,0,0
10.050,1.2071000,-0.0090000,9.0224000,67.2302000,64.2090000,61.5692000,-41.9340000,-12.2990000,4.6350000,0.000000,0,0,0
10.060,1.1401000,-0.0281000,9.0870000,67.0776000,65.6891000,61.8210000,-41.8150000,-12.4520000,4.7450000,0.000000,0,0,0
10.070,1.0599000,-0.0413000,9.1205000,67.1692000,66.9098000,62.5229000,-41.8400000,-12.4560000,5.1640000,0.000000,0,0,0
10.080,0.9881000,-0.0544000,9.1325000,67.1768000,67.6651000,63.4995000,-41.6740000,-12.4170000,5.3900000,0.000000,0,0,0
10.090,0.9499000,-0.0724000,9.1504000,66.7114000,67.5354000,64.5752000,-41.7560000,-12.4720000,5.3040000,0.000000,0,0,0
10.100,0.9487000,-0.0712000,9.2019000,65.6662000,66.6656000,65.3458000,-41.7180000,-12.5050000,4.6660000,0.000000,0,0,0
10.110,0.9798000,-0.0377000,9.3071000,64.2014000,65.7272000,65.3687000,-41.7400000,-12.3250000,4.7980000,0.000000,0,0,0
10.120,1.0324000,0.0281000,9.4555000,62.7441000,65.1932000,64.5294000,-41.7080000,-12.5460000,4.8000000,0.000000,0,0,0
10.130,1.0575000,0.0999000,9.5978000,61.7981000,65.1169000,63.0951000,-41.7780000,-12.5150000,5.1720000,0.000000,0,0,0
10.140,1.0073000,0.1358000,9.6828000,61.6837000,65.2924000,61.6760000,-41.5260000,-12.4920000,5.0140000,0.000000,0,0,0
10.150,0.8924000,0.1226000,9.6959000,62.3627000,65.5365000,60.8444000,-41.6580000,-12.6020000,5.1420000,0.000000,0,0,0
10.160,0.7596000,0.0891000,9.6624000,63.3926000,65.8875000,60.8521000,-41.5070000,-12.6160000,4.9610000,0.000000,0,0,0
10.170,0.6711000,0.0473000,9.6074000,64.1174000,66.4139000,61.5387000,-41.4070000,-12.4810000,5.0240000,0.000000,0,0,0
10.180,0.6604000,0.0078000,9.5631000,64.3234000,67.0547000,62.4924000,-41.4190000,-12.6060000,4.7970000,0.000000,0,0,0
10.190,0.7309000,0.0006000,9.5560000,64.0640000,67.4744000,63.2324000,-41.3820000,-12.3190000,5.5960000,0.000000,0,0,0
10.200,0.8458000,0.0484000,9.5871000,63.4842000,67.3981000,63.4460000,-41.2780000,-12.6310000,4.7970000,0.000000,0,0,0
10.210,0.9487000,0.1358000,9.6385000,62.7747000,66.8945000,62.9654000,-41.4510000,-12.1570000,6.0660000,0.000000,0,0,0
10.220,0.9977000,0.2135000,9.6852000,62.3398000,66.1316000,61.9888000,-41.6960000,-12.4830000,5.4100000,0.000000,0,0,0
10.230,0.9869000,0.2554000,9.7055000,62.4542000,65.1474000,61.0809000,-41.1540000,-12.3480000,5.1450000,0.000000,0,0,0
10.240,0.9343000,0.2566000,9.6971000,63.0188000,64.0106000,60.7681000,-41.3950000,-12.4900000,4.6760000,0.000000,0,0,0
10.250,0.8542000,0.2267000,9.6684000,63.6520000,63.0264000,61.2793000,-41.4760000,-12.3330000,5.1280000,0.000000,0,0,0
10.260,0.7273000,0.1418000,9.6146000,63.9954000,62.1338000,63.2172000,-41.5040000,-12.1110000,5.5390000,0.000000,0,0,0
10.270,0.6855000,0.1190000,9.6241000,63.6520000,62.0804000,64.3997000,-41.5140000,-11.9760000,5.3400000,0.000000,0,0,0
10.280,0.7094000,0.1430000,9.6756000,62.8891000,62.7594000,64.5752000,-41.2920000,-12.1990000,5.4600000,0.000000,0,0,0
10.290,0.7764000,0.1788000,9.7414000,61.8286000,63.8657000,63.6444000,-41.3260000,-12.3050000,4.8630000,0.000000,0,0,0
10.300,0.8446000,0.2088000,9.7892000,60.6384000,64.7430000,62.1567000,-41.4600000,-12.1440000,5.2760000,0.000000,0,0,0
10.310,0.8745000,0.2243000,9.8000000,59.5398000,65.0253000,60.7681000,-41.1820000,-12.2540000,4.9990000,0.000000,0,0,0
10.320,0.8506000,0.2207000,9.7593000,58.6319000,64.6133000,60.0204000,-41.7460000,-11.9660000,5.2960000,0.000000,0,0,0
10.330,0.7931000,0.1824000,9.6660000,58.0139000,63.7589000,60.1730000,-41.1830000,-12.4490000,5.8140000,0.000000,0,0,0
10.340,0.7321000,0.1226000,9.5512000,57.8156000,62.8738000,60.9894000,-41.5420000,-12.4220000,4.9400000,0.000000,0,0,0
10.350,0.7010000,0.0664000,9.4567000,58.1512000,62.3627000,61.9812000,-41.3160000,-12.5260000,5.7020000,0.000000,0,0,0
10.360,0.7202000,0.0245000,9.4124000,58.9447000,62.5381000,62.7365000,-41.3860000,-12.6170000,5.5990000,0.000000,0,0,0
10.370,0.7919000,0.0054000,9.4196000,59.9136000,63.4460000,63.0341000,-41.6130000,-12.7020000,5.7950000,0.000000,0,0,0
10.380,0.8924000,0.0042000,9.4615000,60.8139000,64.5447000,62.9425000,-41.5670000,-12.9780000,5.8720000,0.000000,0,0,0
10.390,0.9905000,0.0245000,9.5237000,61.6608000,65.2390000,62.5687000,-41.4840000,-12.5870000,6.2150000,0.000000,0,0,0
10.400,1.0539000,0.0449000,9.5595000,62.5076000,65.3152000,61.9965000,-41.1320000,-12.4260000,5.7860000,0.000000,0,0,0
10.410,1.0635000,0.0461000,9.5368000,63.4689000,64.7125000,61.5158000,-41.4110000,-12.5770000,5.2550000,0.000000,0,0,0
10.420,1.0336000,0.0245000,9.4638000,64.5523000,63.5834000,61.4319000,-41.4220000,-12.6960000,4.8430000,0.000000,0,0,0
10.430,0.9738000,-0.0197000,9.3681000,65.6891000,62.3322000,61.9431000,-41.4740000,-12.5760000,5.2490000,0.000000,0,0,0
10.440,0.9128000,-0.0999000,9.2784000,66.7191000,61.6226000,62.9425000,-41.3280000,-12.3580000,5.1600000,0.000000,0,0,0
10.450,0.8757000,-0.1932000,9.2401000,67.5964000,62.0575000,64.0030000,-41.1550000,-12.3640000,5.3790000,0.000000,0,0,0
10.460,0.8853000,-0.2769000,9.2665000,68.2068000,63.5071000,64.7659000,-41.5390000,-12.1600000,4.8560000,0.000000,0,0,0
10.470,0.9439000,-0.3260000,9.3466000,68.4204000,65.2313000,65.0558000,-41.3020000,-12.3330000,4.8090000,0.000000,0,0,0
10.480,1.0061000,-0.3260000,9.4567000,68.0847000,66.4597000,64.8346000,-41.2260000,-12.5210000,4.8540000,0.000000,0,0,0
10.490,1.0228000,-0.2925000,9.5572000,67.3141000,66.7114000,64.1861000,-41.0160000,-12.7560000,4.6180000,0.000000,0,0,0
10.500,0.9881000,-0.2434000,9.6445000,66.3910000,66.0095000,63.3469000,-41.4080000,-12.4380000,4.6830000,0.000000,0,0,0
10.510,0.9223000,-0.2016000,9.7055000,65.5899000,64.7659000,62.5763000,-41.2650000,-12.6470000,4.2750000,0.000000,0,0,0
10.520,0.8350000,-0.1765000,9.7390000,65.0940000,63.4613000,62.1033000,-41.5470000,-12.7930000,4.8000000,0.000000,0,0,0
10.530,0.7501000,-0.1537000,9.7593000,64.8270000,62.6602000,61.9888000,-41.1910000,-12.2560000,4.9980000,0.000000,0,0,0
10.540,0.6938000,-0.1238000,9.7749000,64.5599000,62.8204000,62.1414000,-41.2210000,-12.7890000,4.4660000,0.000000,0,0,0
10.550,0.6903000,-0.0819000,9.7856000,64.1479000,63.7970000,62.3169000,-40.9670000,-12.4260000,4.4930000,0.000000,0,0,0
10.560,0.7321000,-0.0305000,9.7809000,63.5986000,65.0177000,62.3322000,-41.1670000,-12.2680000,4.5140000,0.000000,0,0,0
10.570,0.7800000,0.0353000,9.7557000,63.0569000,65.7959000,62.1185000,-41.1210000,-12.4430000,4.3080000,0.000000,0,0,0
10.580,0.8099000,0.0975000,9.7187000,62.7518000,65.8951000,61.6913000,-41.1040000,-12.5640000,3.9570000,0.000000,0,0,0
10.590,0.8230000,0.1442000,9.6672000,62.7670000,65.4221000,61.2488000,-41.1150000,-12.7540000,4.9650000,0.000000,0,0,0
10.600,0.8242000,0.1693000,9.6229000,62.9654000,64.6210000,60.9970000,-41.0560000,-12.3930000,4.1420000,0.000000,0,0,0
10.610,0.8254000,0.1776000,9.6014000,63.2401000,63.8657000,60.9894000,-41.4650000,-12.4020000,4.3410000,0.000000,0,0,0
10.620,0.8398000,0.1800000,9.6086000,63.5681000,63.3850000,61.0886000,-41.1630000,-12.4780000,4.9450000,0.000000,0,0,0
10.630,0.8613000,0.1812000,9.6265000,63.8351000,63.2401000,61.0886000,-41.1080000,-12.3960000,4.6410000,0.000000,0,0,0
10.640,0.8757000,0.1812000,9.6277000,63.8885000,63.2629000,60.9360000,-41.0180000,-12.3410000,4.1240000,0.000000,0,0,0
10.650,0.8817000,0.1776000,9.6050000,63.6978000,63.1943000,60.6995000,-41.0010000,-12.4310000,4.6030000,0.000000,0,0,0
10.660,0.8781000,0.1693000,9.5667000,63.3316000,62.8128000,60.5621000,-40.8780000,-12.5170000,5.5560000,0.000000,0,0,0
10.670,0.8721000,0.1681000,9.5332000,62.8433000,62.1567000,60.6918000,-41.0160000,-12.0850000,4.8570000,0.000000,0,0,0
10.680,0.8637000,0.1657000,9.5153000,62.2635000,61.5997000,61.0809000,-41.0230000,-12.6990000,5.0720000,0.000000,0,0,0
10.690,0.8482000,0.1609000,9.4949000,61.8362000,61.4090000,61.6074000,-41.0910000,-12.3490000,4.8850000,0.000000,0,0,0
10.700,0.8326000,0.1537000,9.4543000,61.7676000,61.7371000,62.1033000,-40.8720000,-12.4460000,5.4110000,0.000000,0,0,0
10.710,0.8326000,0.1501000,9.3945000,62.0728000,62.5687000,62.4771000,-41.1520000,-12.2600000,5.1240000,0.000000,0,0,0
10.720,0.8518000,0.1501000,9.3323000,62.6450000,63.5605000,62.7365000,-40.8990000,-12.4000000,4.8570000,0.000000,0,0,0
10.730,0.8781000,0.1549000,9.2832000,63.3316000,64.3005000,62.9120000,-40.8820000,-12.4200000,4.9700000,0.000000,0,0,0
10.740,0.8865000,0.1633000,9.2461000,63.9420000,64.5752000,63.0569000,-41.2230000,-12.7120000,4.9300000,0.000000,0,0,0
10.750,0.8589000,0.1681000,9.2282000,64.3768000,64.3387000,63.2629000,-41.0030000,-12.7140000,4.7070000,0.000000,0,0,0
10.760,0.8027000,0.1669000,9.2318000,64.6210000,63.7054000,63.4995000,-40.9320000,-12.5700000,5.1310000,0.000000,0,0,0
10.770,0.7357000,0.1681000,9.2605000,64.7125000,63.0493000,63.6902000,-41.0570000,-12.5170000,4.9820000,0.000000,0,0,0
10.780,0.6759000,0.1657000,9.3107000,64.7507000,62.9425000,63.6826000,-41.0090000,-12.3600000,4.8630000,0.000000,0,0,0
10.790,0.6496000,0.1597000,9.3741000,64.8804000,63.7817000,63.4842000,-40.8930000,-12.3660000,4.5020000,0.000000,0,0,0
10.800,0.6699000,0.1501000,9.4495000,65.1016000,65.4144000,63.2172000,-40.9720000,-12.3450000,4.6140000,0.000000,0,0,0
10.810,0.7226000,0.1370000,9.5284000,65.3763000,67.1463000,63.0493000,-40.6890000,-12.1750000,4.6130000,0.000000,0,0,0
10.820,0.7692000,0.1202000,9.6038000,65.6509000,68.2144000,63.1561000,-41.2510000,-12.3380000,4.9440000,0.000000,0,0,0
10.830,0.7788000,0.1059000,9.6672000,65.8951000,68.2678000,63.5529000,-40.8130000,-12.4080000,5.1250000,0.000000,0,0,0
10.840,0.7130000,0.1095000,9.7342000,66.3910000,66.9556000,64.4836000,-41.1000000,-12.2150000,4.5960000,0.000000,0,0,0
10.850,0.6484000,0.1465000,9.7617000,66.8030000,65.9790000,64.9490000,-41.0450000,-12.2020000,4.8340000,0.000000,0,0,0
10.860,0.6029000,0.1944000,9.7868000,67.1768000,65.5441000,65.0177000,-40.8560000,-12.3500000,5.4100000,0.000000,0,0,0
10.870,0.6089000,0.2434000,9.8275000,67.4515000,65.6357000,64.7812000,-40.9320000,-12.2470000,4.7630000,0.000000,0,0,0
10.880,0.6556000,0.2841000,9.8730000,67.6651000,65.8264000,64.4379000,-40.7130000,-12.2420000,5.1030000,0.000000,0,0,0
10.890,0.6950000,0.3057000,9.9005000,67.7872000,65.6738000,64.2014000,-40.8960000,-12.2540000,5.2920000,0.000000,0,0,0
10.900,0.6974000,0.3057000,9.9089000,67.7872000,65.0864000,64.1098000,-41.1180000,-12.4620000,5.1150000,0.000000,0,0,0
10.910,0.6484000,0.2997000,9.9160000,67.7338000,64.3387000,64.0717000,-40.9650000,-12.3750000,5.3870000,0.000000,0,0,0
10.920,0.5730000,0.3045000,9.9555000,67.7948000,63.6902000,64.0259000,-40.8040000,-12.1250000,5.2520000,0.000000,0,0,0
10.930,0.5168000,0.3224000,10.0213000,68.0847000,63.1104000,63.8962000,-40.8700000,-12.0480000,5.6240000,0.000000,0,0,0
10.940,0.4989000,0.3439000,10.0823000,68.5577000,62.3932000,63.6749000,-40.7880000,-12.1740000,5.4030000,0.000000,0,0,0
10.950,0.5144000,0.3643000,10.1027000,68.8705000,61.5463000,63.3698000,-40.7590000,-12.2320000,4.4910000,0.000000,0,0,0
10.960,0.5515000,0.3679000,10.0512000,68.7408000,60.8215000,62.9578000,-40.8520000,-12.4400000,4.7260000,0.000000,0,0,0
10.970,0.5969000,0.3439000,9.9148000,68.0695000,60.4172000,62.5076000,-40.9860000,-12.3380000,4.9760000,0.000000,0,0,0
10.980,0.6424000,0.2937000,9.7222000,66.9098000,60.3943000,62.1490000,-41.1250000,-12.6050000,5.1020000,0.000000,0,0,0
10.990,0.6771000,0.2303000,9.5093000,65.5212000,60.7910000,61.9507000,-40.6530000,-12.2620000,4.7480000,0.000000,0,0,0
11.000,0.7022000,0.1693000,9.3203000,64.2929000,61.3556000,61.9736000,-40.9250000,-12.2250000,4.9430000,0.000000,0,0,0
11.010,0.7130000,0.1322000,9.1791000,63.5529000,61.7676000,62.2864000,-41.1340000,-12.5510000,4.8130000,0.000000,0,0,0
11.020,0.7166000,0.1322000,9.1073000,63.3621000,61.9507000,62.8891000,-40.9460000,-12.5560000,4.7910000,0.000000,0,0,0
11.030,0.7261000,0.1621000,9.0930000,63.6749000,62.1338000,63.5986000,-40.7290000,-12.4230000,4.7050000,0.000000,0,0,0
11.040,0.7501000,0.2016000,9.1062000,64.2624000,62.6602000,64.1327000,-41.1600000,-12.2960000,4.6520000,0.000000,0,0,0
11.050,0.7860000,0.2339000,9.1337000,64.8422000,63.7436000,64.2929000,-41.0440000,-12.1370000,4.7150000,0.000000,0,0,0
11.060,0.8266000,0.2482000,9.1719000,65.2847000,65.1093000,64.0488000,-41.0430000,-12.2930000,4.5950000,0.000000,0,0,0
11.070,0.8542000,0.2351000,9.2186000,65.5975000,66.3986000,63.5300000,-41.1980000,-12.1550000,5.2030000,0.000000,0,0,0
11.080,0.8577000,0.2111000,9.2605000,65.6815000,67.3523000,62.9349000,-41.0790000,-12.4250000,5.4520000,0.000000,0,0,0
11.090,0.8314000,0.1896000,9.3047000,65.4907000,67.8558000,62.4313000,-40.9080000,-12.3520000,4.5880000,0.000000,0,0,0
11.100,0.7860000,0.1800000,9.3646000,65.1474000,67.8940000,62.2177000,-40.9030000,-12.3690000,5.0630000,0.000000,0,0,0
11.110,0.7297000,0.1824000,9.4339000,64.9261000,67.5125000,62.3856000,-40.8730000,-12.4400000,5.5490000,0.000000,0,0,0
11.120,0.6807000,0.1944000,9.5069000,64.9872000,66.9632000,62.8204000,-40.9160000,-12.2680000,5.2410000,0.000000,0,0,0
11.130,0.6544000,0.2147000,9.5751000,65.2771000,66.7038000,63.1485000,-40.9960000,-12.4260000,5.6630000,0.000000,0,0,0
11.140,0.6340000,0.2267000,9.6241000,65.5594000,66.9403000,63.0951000,-41.0770000,-12.1910000,5.5630000,0.000000,0,0,0
11.150,0.6029000,0.2303000,9.6564000,65.5746000,67.4973000,62.6450000,-40.6680000,-12.1770000,6.2170000,0.000000,0,0,0
11.160,0.5646000,0.2291000,9.6804000,65.2161000,68.1000000,61.8973000,-41.0330000,-12.3490000,5.6420000,0.000000,0,0,0
11.170,0.5276000,0.2315000,9.7055000,64.4989000,68.4509000,61.0809000,-41.0720000,-12.5020000,5.8600000,0.000000,0,0,0
11.180,0.5108000,0.2494000,9.7366000,63.4689000,68.2755000,60.4095000,-40.8880000,-12.5340000,5.7590000,0.000000,0,0,0
11.190,0.5072000,0.2829000,9.7725000,62.2635000,67.5812000,60.0204000,-40.8710000,-12.2360000,6.0140000,0.000000,0,0,0
11.200,0.5072000,0.3224000,9.8120000,61.1725000,66.5894000,59.9594000,-40.9300000,-12.2730000,5.6980000,0.000000,0,0,0
11.210,0.4965000,0.3571000,9.8395000,60.4324000,65.6967000,60.0967000,-41.1140000,-12.0780000,6.5410000,0.000000,0,0,0
11.220,0.4677000,0.3798000,9.8598000,60.1196000,65.1703000,60.3180000,-40.8140000,-12.2500000,6.3660000,0.000000,0,0,0
11.230,0.4283000,0.3954000,9.8897000,60.2341000,65.0253000,60.5545000,-40.8740000,-11.9150000,6.4810000,0.000000,0,0,0
11.240,0.3984000,0.4133000,9.9340000,60.7834000,65.1550000,60.7681000,-40.7970000,-12.2550000,6.2390000,0.000000,0,0,0
11.250,0.3948000,0.4349000,9.9771000,61.6684000,65.2161000,61.0733000,-40.9180000,-12.2410000,6.6250000,0.000000,0,0,0
11.260,0.4211000,0.4576000,9.9986000,62.6984000,64.9261000,61.5311000,-40.7960000,-12.4120000,5.6230000,0.000000,0,0,0
11.270,0.4654000,0.4660000,9.9699000,63.6597000,64.3921000,62.1033000,-40.9600000,-12.3830000,6.6420000,0.000000,0,0,0
11.280,0.5168000,0.4492000,9.8766000,64.3539000,63.8962000,62.6526000,-40.7280000,-12.3580000,5.6100000,0.000000,0,0,0
11.290,0.5635000,0.4085000,9.7354000,64.7278000,63.5452000,63.0264000,-40.7280000,-12.6810000,5.7350000,0.000000,0,0,0
11.300,0.5826000,0.3595000,9.5895000,64.8422000,63.3240000,63.1561000,-41.1060000,-12.2570000,5.7470000,0.000000,0,0,0
11.310,0.5802000,0.3236000,9.4914000,64.8193000,63.2477000,63.0493000,-40.7840000,-12.1200000,5.8710000,0.000000,0,0,0
11.320,0.5790000,0.3152000,9.4567000,64.6744000,63.3240000,62.6984000,-40.9200000,-12.3360000,6.2140000,0.000000,0,0,0
11.330,0.5934000,0.3248000,9.4698000,64.3997000,63.3926000,62.1796000,-40.7980000,-12.4210000,6.0400000,0.000000,0,0,0
11.340,0.6185000,0.3463000,9.5021000,63.9343000,63.1638000,61.6684000,-41.0840000,-12.7310000,5.5500000,0.000000,0,0,0
11.350,0.6424000,0.3655000,9.5272000,63.2401000,62.6373000,61.2488000,-40.9100000,-12.3970000,5.6360000,0.000000,0,0,0
11.360,0.6412000,0.3679000,9.5225000,62.3779000,62.0728000,60.9512000,-40.9020000,-12.1950000,5.6660000,0.000000,0,0,0
11.370,0.6089000,0.3583000,9.5117000,61.5311000,61.7294000,60.7300000,-40.7320000,-12.5490000,5.3950000,0.000000,0,0,0
11.380,0.5694000,0.3463000,9.5045000,60.9360000,61.8515000,60.5011000,-40.7590000,-12.3460000,5.5840000,0.000000,0,0,0
11.390,0.5371000,0.3332000,9.5081000,60.7300000,62.3932000,60.2570000,-40.7340000,-12.4950000,5.4630000,0.000000,0,0,0
11.400,0.5323000,0.3272000,9.5201000,60.8063000,63.1180000,60.0433000,-40.8590000,-12.3680000,5.9090000,0.000000,0,0,0
11.410,0.5563000,0.3224000,9.5189000,60.9741000,63.7665000,59.8831000,-40.9820000,-12.3700000,6.2510000,0.000000,0,0,0
11.420,0.5850000,0.3080000,9.4997000,61.0886000,64.0259000,59.8221000,-40.7710000,-12.4020000,6.1960000,0.000000,0,0,0
11.430,0.6005000,0.2877000,9.4662000,61.0962000,63.9038000,59.8679000,-40.6850000,-12.2580000,6.0470000,0.000000,0,0,0
11.440,0.5730000,0.2458000,9.4136000,60.9894000,63.5300000,60.0510000,-40.7750000,-12.3270000,6.2280000,0.000000,0,0,0
11.450,0.5467000,0.2279000,9.4256000,60.9512000,63.6520000,60.1349000,-40.7750000,-12.3480000,6.4200000,0.000000,0,0,0
11.460,0.5383000,0.2219000,9.4842000,61.0657000,64.2090000,60.1044000,-40.8640000,-12.4380000,6.0040000,0.000000,0,0,0
11.470,0.5419000,0.2267000,9.5691000,61.3861000,64.9261000,60.0662000,-40.7620000,-12.1840000,5.3480000,0.000000,0,0,0
11.480,0.5443000,0.2422000,9.6469000,61.7828000,65.3915000,60.1501000,-40.7320000,-12.6130000,5.4740000,0.000000,0,0,0
11.490,0.5359000,0.2614000,9.6971000,62.1567000,65.4449000,60.4095000,-40.9330000,-12.1750000,5.9480000,0.000000,0,0,0
11.500,0.5204000,0.2817000,9.7151000,62.4008000,65.0635000,60.8521000,-40.7550000,-12.3570000,5.8030000,0.000000,0,0,0
11.510,0.5072000,0.3057000,9.7127000,62.5000000,64.4913000,61.3556000,-40.8630000,-12.2280000,6.0010000,0.000000,0,0,0
11.520,0.5048000,0.3284000,9.7019000,62.5076000,64.1327000,61.7065000,-40.8750000,-12.2610000,6.3090000,0.000000,0,0,0
11.530,0.5204000,0.3475000,9.6959000,62.4390000,64.1708000,61.7599000,-40.9720000,-12.1360000,6.0850000,0.000000,0,0,0
11.540,0.5503000,0.3631000,9.6971000,62.3245000,64.4608000,61.5540000,-40.6940000,-12.5190000,5.3300000,0.000000,0,0,0
11.550,0.5742000,0.3738000,9.6971000,62.1872000,64.7507000,61.1725000,-40.9420000,-11.9830000,5.5270000,0.000000,0,0,0
11.560,0.5730000,0.3786000,9.6887000,62.0422000,64.9109000,60.7681000,-40.9800000,-12.2450000,5.6210000,0.000000,0,0,0
11.570,0.5443000,0.3750000,9.6732000,61.9354000,64.7278000,60.4782000,-40.8030000,-12.1180000,5.3350000,0.000000,0,0,0
11.580,0.4941000,0.3750000,9.6624000,61.8134000,64.1708000,60.3943000,-40.7690000,-12.3340000,5.8400000,0.000000,0,0,0
11.590,0.4354000,0.3762000,9.6624000,61.7294000,63.4537000,60.4706000,-40.4880000,-12.1970000,5.6850000,0.000000,0,0,0
11.600,0.3840000,0.3762000,9.6720000,61.7447000,62.7747000,60.6308000,-40.6540000,-12.2770000,4.9980000,0.000000,0,0,0
11.610,0.3553000,0.3762000,9.6947000,61.8515000,62.3398000,60.7986000,-40.5740000,-12.4980000,5.2730000,0.000000,0,0,0
11.620,0.3589000,0.3786000,9.7318000,62.0651000,62.2864000,60.8749000,-40.9740000,-12.3900000,5.0890000,0.000000,0,0,0
11.630,0.3864000,0.3846000,9.7569000,62.3398000,62.5381000,60.8063000,-41.0810000,-12.4760000,4.1780000,0.000000,0,0,0
11.640,0.4259000,0.3846000,9.7533000,62.4847000,62.8586000,60.6308000,-40.9840000,-12.4860000,5.4520000,0.000000,0,0,0
11.650,0.4642000,0.3786000,9.7258000,62.4847000,63.0875000,60.4324000,-40.8260000,-12.2780000,5.3360000,0.000000,0,0,0
11.660,0.4845000,0.3595000,9.6864000,62.3932000,63.0798000,60.3104000,-40.8580000,-12.3090000,4.9670000,0.000000,0,0,0
11.670,0.4809000,0.3332000,9.6421000,62.2559000,62.8052000,60.3485000,-40.6050000,-12.5370000,5.2020000,0.000000,0,0,0
11.680,0.4582000,0.3092000,9.5895000,62.0956000,62.4619000,60.5469000,-40.8020000,-12.5700000,5.1280000,0.000000,0,0,0
11.690,0.4343000,0.2853000,9.5380000,61.9965000,62.2635000,60.8292000,-40.7900000,-12.6870000,5.7500000,0.000000,0,0,0
11.700,0.4247000,0.2638000,9.5045000,62.0270000,62.4542000,61.1343000,-40.5690000,-12.4210000,5.0540000,0.000000,0,0,0
11.710,0.4462000,0.2578000,9.5081000,62.2101000,62.9959000,61.4471000,-40.4490000,-12.4220000,5.9500000,0.000000,0,0,0
11.720,0.4857000,0.2662000,9.5404000,62.4619000,63.5147000,61.7523000,-40.8010000,-12.4470000,5.7090000,0.000000,0,0,0
11.730,0.5240000,0.2913000,9.5930000,62.5839000,63.6368000,62.0346000,-40.7780000,-12.6240000,5.2610000,0.000000,0,0,0
11.740,0.5467000,0.3260000,9.6493000,62.5534000,63.3621000,62.1185000,-40.8550000,-12.3200000,6.0300000,0.000000,0,0,0
11.750,0.5407000,0.3475000,9.6875000,62.4542000,62.8662000,61.9278000,-40.8050000,-12.5860000,5.8810000,0.000000,0,0,0
11.760,0.5096000,0.3427000,9.6899000,62.3779000,62.2711000,61.5921000,-40.8780000,-12.2580000,6.0190000,0.000000,0,0,0
11.770,0.4701000,0.3164000,9.6564000,62.3550000,61.7828000,61.2946000,-40.8510000,-12.3820000,5.1440000,0.000000,0,0,0
11.780,0.4390000,0.2769000,9.5966000,62.3169000,61.6379000,61.1343000,-40.5760000,-12.5860000,4.8990000,0.000000,0,0,0
11.790,0.4271000,0.2387000,9.5332000,62.2330000,61.9049000,61.1038000,-40.7960000,-12.5700000,5.2450000,0.000000,0,0,0
11.800,0.4366000,0.2183000,9.4902000,62.1719000,62.5229000,61.1267000,-40.8230000,-12.4310000,5.8040000,0.000000,0,0,0
11.810,0.4677000,0.2231000,9.4770000,62.1338000,63.2858000,61.1191000,-40.9130000,-12.4290000,5.5750000,0.000000,0,0,0
11.820,0.5132000,0.2446000,9.4902000,62.1109000,63.9038000,61.0428000,-40.7090000,-12.6630000,5.6950000,0.000000,0,0,0
11.830,0.5563000,0.2698000,9.5069000,62.1033000,64.1022000,60.8902000,-40.7640000,-12.2070000,5.7200000,0.000000,0,0,0
11.840,0.5862000,0.2889000,9.5129000,62.0575000,63.8351000,60.7529000,-40.9250000,-12.4120000,6.1680000,0.000000,0,0,0
11.850,0.5969000,0.2985000,9.5057000,61.9812000,63.4079000,60.6766000,-40.9220000,-12.2080000,5.9360000,0.000000,0,0,0
11.860,0.5934000,0.2925000,9.4842000,61.9049000,63.1866000,60.6613000,-40.7620000,-12.3700000,5.9770000,0.000000,0,0,0
11.870,0.5790000,0.2793000,9.4626000,61.9354000,63.3011000,60.7147000,-40.5690000,-12.6440000,6.0520000,0.000000,0,0,0
11.880,0.5575000,0.2686000,9.4555000,62.1033000,63.7512000,60.7986000,-40.7640000,-12.6890000,6.0010000,0.000000,0,0,0
11.890,0.5347000,0.2614000,9.4674000,62.3474000,64.3768000,60.7834000,-40.9710000,-12.7310000,5.1970000,0.000000,0,0,0
11.900,0.5084000,0.2542000,9.4985000,62.5458000,64.9490000,60.6308000,-40.9050000,-12.4140000,5.5540000,0.000000,0,0,0
11.910,0.4785000,0.2494000,9.5356000,62.5534000,65.2161000,60.3867000,-40.5700000,-12.2860000,6.0360000,0.000000,0,0,0
11.920,0.4462000,0.2458000,9.5667000,62.3245000,65.1169000,60.1425000,-40.5950000,-12.4760000,5.8470000,0.000000,0,0,0
11.930,0.4187000,0.2446000,9.5883000,61.8134000,64.7507000,59.9976000,-40.7800000,-12.5700000,5.3240000,0.000000,0,0,0
11.940,0.4163000,0.2518000,9.6002000,61.0352000,64.4455000,59.9670000,-40.8100000,-12.4130000,5.5110000,0.000000,0,0,0
11.950,0.4474000,0.2781000,9.6110000,60.0815000,64.5752000,59.9136000,-40.8390000,-12.4990000,6.2180000,0.000000,0,0,0
11.960,0.4869000,0.3176000,9.6241000,59.2041000,65.1855000,59.6619000,-40.6410000,-12.3650000,5.7340000,0.000000,0,0,0
11.970,0.5012000,0.3643000,9.6373000,58.7769000,66.0248000,59.1660000,-40.7480000,-12.5300000,5.5370000,0.000000,0,0,0
11.980,0.4881000,0.4037000,9.6445000,58.8760000,66.7648000,58.5022000,-40.8250000,-12.5570000,5.5840000,0.000000,0,0,0
11.990,0.4546000,0.4181000,9.6445000,59.3872000,67.0929000,57.8842000,-40.7900000,-12.2840000,5.5980000,0.000000,0,0,0
12.000,0.4139000,0.4085000,9.6505000,60.0739000,66.7267000,57.5333000,-40.7760000,-12.6210000,6.0240000,0.000000,0,0,0
12.010,0.3888000,0.3810000,9.6756000,60.6766000,65.7043000,57.5333000,-41.0330000,-12.4130000,5.3270000,0.000000,0,0,0
12.020,0.3996000,0.3427000,9.7234000,61.0046000,64.3921000,57.8308000,-40.6700000,-12.4360000,5.8850000,0.000000,0,0,0
12.030,0.4390000,0.3033000,9.7773000,60.9283000,63.1561000,58.3038000,-40.8390000,-12.3910000,5.2700000,0.000000,0,0,0
12.040,0.4893000,0.2626000,9.8203000,60.5164000,62.3016000,58.8074000,-41.1550000,-12.2930000,5.6590000,0.000000,0,0,0
12.050,0.5288000,0.2183000,9.8275000,59.9976000,61.9202000,59.2194000,-40.9720000,-12.1580000,5.5900000,0.000000,0,0,0
12.060,0.5491000,0.1621000,9.7438000,59.4711000,61.9965000,59.7076000,-41.0300000,-12.4030000,5.7050000,0.000000,0,0,0
12.070,0.5467000,0.1286000,9.6421000,59.4711000,62.1109000,60.0891000,-40.9840000,-12.2270000,6.0200000,0.000000,0,0,0
12.080,0.5395000,0.1023000,9.5392000,59.7839000,61.9812000,60.6461000,-41.0220000,-12.4530000,5.5740000,0.000000,0,0,0
12.090,0.5228000,0.0855000,9.4758000,60.4019000,61.6760000,61.3785000,-40.9980000,-12.2060000,5.5240000,0.000000,0,0,0
12.100,0.5012000,0.0843000,9.4650000,61.2946000,61.5845000,62.1414000,-40.8580000,-12.5820000,6.1690000,0.000000,0,0,0
12.110,0.4809000,0.0951000,9.4938000,62.3093000,61.8973000,62.7441000,-40.8040000,-12.0900000,5.8240000,0.000000,0,0,0
12.120,0.4630000,0.1083000,9.5512000,63.2401000,62.3856000,63.1332000,-40.7350000,-12.5240000,6.0440000,0.000000,0,0,0
12.130,0.4522000,0.1262000,9.6206000,63.8885000,62.6907000,63.3316000,-40.7730000,-12.1520000,5.7350000,0.000000,0,0,0
12.140,0.4366000,0.1453000,9.6792000,64.1251000,62.5610000,63.3698000,-40.6220000,-12.4820000,4.9700000,0.000000,0,0,0
12.150,0.4127000,0.1681000,9.7210000,64.0335000,62.0728000,63.2935000,-40.6060000,-12.4000000,4.9860000,0.000000,0,0,0
12.160,0.3864000,0.1872000,9.7354000,63.8428000,61.5616000,63.1714000,-40.8950000,-12.3320000,5.2120000,0.000000,0,0,0
12.170,0.3649000,0.1992000,9.7163000,63.7817000,61.3556000,63.0112000,-40.5570000,-12.2870000,5.6150000,0.000000,0,0,0
12.180,0.3625000,0.2040000,9.6768000,63.9496000,61.6455000,62.7441000,-40.8380000,-12.4540000,4.6880000,0.000000,0,0,0
12.190,0.3804000,0.1956000,9.6277000,64.2395000,62.3474000,62.3932000,-40.7170000,-12.4770000,5.9480000,0.000000,0,0,0
12.200,0.4020000,0.1776000,9.5835000,64.4608000,63.2019000,62.0575000,-40.9770000,-12.3790000,5.6130000,0.000000,0,0,0
12.210,0.4199000,0.1669000,9.5500000,64.4913000,64.0106000,61.8134000,-40.8220000,-12.4530000,5.7250000,0.000000,0,0,0
12.220,0.4331000,0.1645000,9.5308000,64.3997000,64.5828000,61.6913000,-40.6100000,-12.7290000,5.7160000,0.000000,0,0,0
12.230,0.4474000,0.1705000,9.5225000,64.3234000,64.8117000,61.7142000,-40.8050000,-12.3570000,5.6820000,0.000000,0,0,0
12.240,0.4677000,0.1860000,9.5213000,64.2548000,64.7583000,61.8515000,-40.6910000,-12.5160000,5.4410000,0.000000,0,0,0
12.250,0.4857000,0.1992000,9.5249000,64.1861000,64.5370000,62.0346000,-40.7620000,-12.0690000,6.5070000,0.000000,0,0,0
12.260,0.5000000,0.2099000,9.5488000,64.1937000,64.3311000,62.1567000,-40.7440000,-12.4260000,6.1270000,0.000000,0,0,0
12.270,0.5156000,0.2207000,9.5895000,64.2853000,64.2395000,62.1109000,-40.6640000,-12.2940000,5.6480000,0.000000,0,0,0
12.280,0.5228000,0.2219000,9.6253000,64.3311000,64.1937000,61.8668000,-40.4440000,-12.5180000,5.4340000,0.000000,0,0,0
12.290,0.5144000,0.2183000,9.6397000,64.2090000,64.0411000,61.5234000,-40.7250000,-12.6220000,5.8660000,0.000000,0,0,0
12.300,0.4905000,0.2064000,9.6206000,63.8962000,63.7283000,61.1954000,-40.8650000,-12.2730000,5.6940000,0.000000,0,0,0
12.310,0.4546000,0.1968000,9.5739000,63.4689000,63.4003000,60.9283000,-40.5250000,-12.1620000,5.8070000,0.000000,0,0,0
12.320,0.4247000,0.1956000,9.5296000,63.0112000,63.2172000,60.7452000,-40.5520000,-12.5610000,6.0040000,0.000000,0,0,0
12.330,0.4163000,0.2076000,9.5177000,62.5916000,63.1943000,60.6003000,-40.7230000,-12.5330000,5.9110000,0.000000,0,0,0
12.340,0.4175000,0.2279000,9.5356000,62.1948000,63.2324000,60.4477000,-40.7450000,-12.2540000,5.8430000,0.000000,0,0,0
12.350,0.4067000,0.2506000,9.5763000,61.7981000,63.1714000,60.2264000,-40.8500000,-12.4100000,5.3920000,0.000000,0,0,0
12.360,0.3768000,0.2710000,9.6206000,61.4624000,63.0646000,59.8679000,-40.7210000,-12.3590000,5.4620000,0.000000,0,0,0
12.370,0.3385000,0.2817000,9.6576000,61.2488000,63.0264000,59.4254000,-40.9460000,-12.0460000,5.5590000,0.000000,0,0,0
12.380,0.3074000,0.2853000,9.6923000,61.1420000,63.0875000,59.0591000,-40.9360000,-12.1660000,4.7530000,0.000000,0,0,0
12.390,0.3027000,0.2781000,9.7246000,61.1115000,63.2401000,58.8913000,-40.6840000,-12.1270000,4.7600000,0.000000,0,0,0
12.400,0.3254000,0.2745000,9.7462000,61.2030000,63.4995000,58.9828000,-40.6800000,-12.1960000,5.6140000,0.000000,0,0,0
12.410,0.3780000,0.2781000,9.7486000,61.4243000,64.0030000,59.2194000,-40.6150000,-12.3460000,6.0700000,0.000000,0,0,0
12.420,0.4522000,0.2865000,9.7258000,61.7065000,64.5828000,59.5093000,-40.5210000,-12.0780000,5.7590000,0.000000,0,0,0
12.430,0.5228000,0.2913000,9.6875000,61.9583000,64.9719000,59.7763000,-40.8340000,-12.3430000,6.6050000,0.000000,0,0,0
12.440,0.5551000,0.2901000,9.6289000,62.1185000,64.9796000,59.9289000,-40.6300000,-12.1450000,6.5300000,0.000000,0,0,0
12.450,0.5371000,0.2829000,9.5691000,62.1643000,64.4684000,59.9899000,-40.9140000,-12.0490000,5.8350000,0.000000,0,0,0
12.460,0.4833000,0.2722000,9.5356000,62.1185000,63.5910000,59.9747000,-40.6530000,-11.9960000,6.2140000,0.000000,0,0,0
12.470,0.4055000,0.2626000,9.5356000,62.0346000,62.5458000,60.0281000,-40.6200000,-11.9060000,5.6370000,0.000000,0,0,0
12.480,0.3266000,0.2638000,9.5703000,62.0117000,61.6837000,60.2036000,-40.6190000,-12.2770000,6.3770000,0.000000,0,0,0
12.490,0.2775000,0.2841000,9.6349000,62.1490000,61.5082000,60.4553000,-40.6970000,-12.3980000,5.7660000,0.000000,0,0,0
12.500,0.2811000,0.3080000,9.7043000,62.5381000,62.1414000,60.6613000,-40.5110000,-12.3490000,5.9280000,0.000000,0,0,0
12.510,0.3290000,0.3212000,9.7569000,63.1104000,63.1638000,60.7681000,-40.7810000,-12.2390000,5.5480000,0.000000,0,0,0
12.520,0.3840000,0.3188000,9.7737000,63.6673000,64.0182000,60.7834000,-40.4360000,-12.4460000,5.2210000,0.000000,0,0,0
12.530,0.4115000,0.2973000,9.7569000,64.0717000,64.2929000,60.7376000,-40.3570000,-12.1590000,6.5550000,0.000000,0,0,0
12.540,0.4008000,0.2638000,9.7103000,64.2395000,63.9343000,60.6766000,-40.3570000,-12.0510000,5.8520000,0.000000,0,0,0
12.550,0.3649000,0.2303000,9.6529000,64.1403000,63.1256000,60.6537000,-40.4510000,-12.0230000,5.7070000,0.000000,0,0,0
12.560,0.3290000,0.2076000,9.6050000,63.7817000,62.3245000,60.7071000,-40.5890000,-12.0170000,5.9840000,0.000000,0,0,0
12.570,0.3122000,0.2004000,9.5811000,63.2935000,61.9812000,60.8139000,-40.6780000,-12.2440000,5.4180000,0.000000,0,0,0
12.580,0.3326000,0.2088000,9.5871000,62.8510000,62.2101000,60.9970000,-40.8280000,-12.1570000,5.6930000,0.000000,0,0,0
12.590,0.3685000,0.2303000,9.6170000,62.5839000,62.9044000,61.2106000,-40.6160000,-12.3170000,5.2690000,0.000000,0,0,0
12.600,0.3996000,0.2494000,9.6481000,62.5687000,63.8351000,61.3556000,-40.6830000,-12.1770000,5.8330000,0.000000,0,0,0
12.610,0.4139000,0.2590000,9.6552000,62.7289000,64.6896000,61.3251000,-40.7040000,-12.0760000,5.6570000,0.000000,0,0,0
12.620,0.4139000,0.2602000,9.6361000,62.8586000,65.2618000,61.1191000,-40.6820000,-12.3900000,6.0270000,0.000000,0,0,0
12.630,0.4091000,0.2434000,9.6050000,62.8510000,65.3687000,60.8368000,-40.8200000,-12.3430000,6.0650000,0.000000,0,0,0
12.640,0.4043000,0.2183000,9.5775000,62.7060000,64.9643000,60.6308000,-40.8090000,-11.7710000,6.0840000,0.000000,0,0,0
12.650,0.3960000,0.1980000,9.5643000,62.4695000,64.2700000,60.5316000,-40.7460000,-11.9820000,6.7860000,0.000000,0,0,0
12.660,0.3828000,0.1836000,9.5667000,62.1872000,63.6292000,60.4706000,-40.6600000,-11.9230000,6.5850000,0.000000,0,0,0
12.670,0.3529000,0.1693000,9.5847000,61.8134000,63.3545000,60.3027000,-40.6210000,-12.1070000,6.1630000,0.000000,0,0,0
12.680,0.3326000,0.1633000,9.5990000,61.6074000,63.6673000,60.1959000,-40.6910000,-11.8900000,6.5430000,0.000000,0,0,0
12.690,0.3194000,0.1633000,9.6134000,61.4014000,64.0106000,60.1959000,-40.7990000,-11.8690000,6.3060000,0.000000,0,0,0
12.700,0.3134000,0.1657000,9.6301000,61.2030000,64.1022000,60.3180000,-40.8210000,-11.8330000,6.4970000,0.000000,0,0,0
12.710,0.3074000,0.1693000,9.6433000,61.1038000,63.9191000,60.4935000,-40.5880000,-12.0800000,6.2100000,0.000000,0,0,0
12.720,0.2991000,0.1717000,9.6481000,61.0962000,63.5834000,60.6079000,-40.6330000,-12.0400000,6.3330000,0.000000,0,0,0
12.730,0.2895000,0.1657000,9.6541000,61.1191000,63.4842000,60.5545000,-40.7640000,-11.9560000,6.4760000,0.000000,0,0,0
12.740,0.2979000,0.1525000,9.6672000,61.1496000,64.0717000,60.2875000,-41.1910000,-12.3420000,6.5010000,0.000000,0,0,0
12.750,0.3362000,0.1346000,9.6947000,61.1115000,65.2542000,59.8831000,-40.7680000,-12.1620000,5.9060000,0.000000,0,0,0
12.760,0.3888000,0.1166000,9.7222000,60.9207000,66.4673000,59.4940000,-40.8470000,-11.9110000,5.5610000,0.000000,0,0,0
12.770,0.4366000,0.1059000,9.7306000,60.5850000,67.0242000,59.3109000,-40.9840000,-12.1050000,6.8680000,0.000000,0,0,0
12.780,0.4522000,0.1059000,9.7103000,60.1578000,66.6809000,59.3872000,-41.2520000,-12.1730000,6.7490000,0.000000,0,0,0
12.790,0.4283000,0.1154000,9.6636000,59.7534000,65.6738000,59.6695000,-40.6920000,-12.2860000,6.5630000,0.000000,0,0,0
12.800,0.3780000,0.1298000,9.6158000,59.5245000,64.5523000,60.0586000,-40.7700000,-11.8540000,6.4650000,0.000000,0,0,0
12.810,0.3278000,0.1525000,9.5763000,59.6161000,63.8123000,60.4019000,-40.6100000,-12.2190000,5.9020000,0.000000,0,0,0
12.820,0.2967000,0.1705000,9.5524000,60.0433000,63.6826000,60.5621000,-40.4630000,-11.9630000,5.5020000,0.000000,0,0,0
12.830,0.2931000,0.1836000,9.5440000,60.6766000,64.0717000,60.5469000,-40.5130000,-12.2860000,5.8520000,0.000000,0,0,0
12.840,0.3098000,0.1872000,9.5368000,61.2411000,64.5752000,60.4782000,-40.5610000,-12.1400000,6.6740000,0.000000,0,0,0
12.850,0.3254000,0.1824000,9.5332000,61.5387000,64.9033000,60.4858000,-40.4570000,-12.2220000,6.3610000,0.000000,0,0,0
12.860,0.3266000,0.1836000,9.5368000,61.5387000,64.8499000,60.6155000,-40.3610000,-12.0620000,6.3090000,0.000000,0,0,0
12.870,0.3134000,0.1920000,9.5452000,61.3480000,64.3311000,60.8826000,-40.6610000,-12.1390000,5.4240000,0.000000,0,0,0
12.880,0.2967000,0.2171000,9.5691000,61.1343000,63.5376000,61.2106000,-40.8410000,-12.3430000,6.1070000,0.000000,0,0,0
12.890,0.2811000,0.2530000,9.6122000,61.1496000,62.8662000,61.4777000,-40.6860000,-12.0870000,6.1060000,0.000000,0,0,0
12.900,0.2704000,0.2793000,9.6493000,61.5692000,62.6297000,61.5616000,-40.7810000,-12.2390000,6.3120000,0.000000,0,0,0
12.910,0.2656000,0.2853000,9.6744000,62.2864000,62.8510000,61.4548000,-40.4430000,-12.0070000,5.9210000,0.000000,0,0,0
12.920,0.2728000,0.2662000,9.6840000,63.0722000,63.3926000,61.3098000,-40.6730000,-11.9940000,6.2240000,0.000000,0,0,0
12.930,0.2991000,0.2315000,9.6756000,63.6673000,63.8885000,61.3174000,-40.2460000,-12.2760000,5.5990000,0.000000,0,0,0
12.940,0.3409000,0.1956000,9.6564000,63.9801000,64.0564000,61.6150000,-40.7190000,-12.2200000,6.6550000,0.000000,0,0,0
12.950,0.3864000,0.1788000,9.6325000,64.1022000,63.8733000,62.0956000,-40.6970000,-12.2340000,6.3110000,0.000000,0,0,0
12.960,0.4283000,0.1848000,9.6146000,64.1479000,63.5376000,62.5229000,-40.5420000,-12.2360000,6.6160000,0.000000,0,0,0
12.970,0.4510000,0.2052000,9.6110000,64.2014000,63.3469000,62.6831000,-40.5590000,-12.2030000,6.7790000,0.000000,0,0,0
12.980,0.4582000,0.2255000,9.6170000,64.3005000,63.5605000,62.5229000,-40.4750000,-12.2050000,6.4820000,0.000000,0,0,0
12.990,0.4546000,0.2327000,9.6170000,64.4455000,64.1861000,62.2330000,-40.3840000,-12.2870000,6.4090000,0.000000,0,0,0
13.000,0.4486000,0.2315000,9.6050000,64.5676000,65.1016000,62.1262000,-40.1160000,-12.1960000,6.2270000,0.000000,0,0,0
13.010,0.4378000,0.2243000,9.5751000,64.6133000,66.1011000,62.3016000,-40.4820000,-12.1610000,6.5010000,0.000000,0,0,0
13.020,0.4295000,0.2171000,9.5332000,64.5828000,66.9479000,62.7213000,-40.5090000,-12.2750000,6.7310000,0.000000,0,0,0
13.030,0.4283000,0.2207000,9.4961000,64.4760000,67.4820000,63.2706000,-40.7310000,-12.3760000,6.9390000,0.000000,0,0,0
13.040,0.4319000,0.2291000,9.4662000,64.3311000,67.6041000,63.7283000,-40.2830000,-12.0980000,6.4800000,0.000000,0,0,0
13.050,0.4235000,0.2363000,9.4471000,64.2014000,67.3294000,63.9877000,-40.2900000,-12.1060000,6.4970000,0.000000,0,0,0
13.060,0.4091000,0.2399000,9.4315000,64.1403000,66.5054000,63.9496000,-40.3610000,-12.1050000,6.3890000,0.000000,0,0,0
13.070,0.3948000,0.2506000,9.4280000,64.1632000,64.8880000,63.4995000,-40.4640000,-12.0790000,6.5090000,0.000000,0,0,0
13.080,0.3673000,0.2530000,9.4172000,64.1708000,62.7975000,62.8510000,-40.3610000,-12.5640000,6.2800000,0.000000,0,0,0
13.090,0.3290000,0.2446000,9.3717000,63.9420000,60.6766000,62.2635000,-40.6170000,-12.4480000,6.5670000,0.000000,0,0,0
13.100,0.2859000,0.2315000,9.3191000,63.3698000,59.0515000,61.9354000,-40.4220000,-12.0430000,6.3750000,0.000000,0,0,0
13.110,0.2405000,0.2231000,9.2796000,62.5000000,58.3267000,61.8134000,-40.2430000,-12.1440000,6.1190000,0.000000,0,0,0
13.120,0.2117000,0.2231000,9.2700000,61.5616000,58.4412000,61.7981000,-40.5650000,-12.1660000,6.4510000,0.000000,0,0,0
13.130,0.1902000,0.2339000,9.2892000,60.6995000,59.0820000,61.8210000,-40.3390000,-12.1030000,6.2400000,0.000000,0,0,0
13.140,0.1818000,0.2554000,9.3490000,60.0739000,59.8831000,61.8973000,-40.4640000,-12.2580000,6.0340000,0.000000,0,0,0
13.150,0.1890000,0.2889000,9.4327000,59.8068000,60.6689000,61.9125000,-40.3120000,-12.1210000,6.1460000,0.000000,0,0,0
13.160,0.2082000,0.3176000,9.5057000,59.9136000,61.5616000,61.6913000,-40.3740000,-12.2400000,6.0880000,0.000000,0,0,0
13.170,0.2201000,0.3272000,9.5428000,60.3027000,62.6678000,61.3022000,-40.2440000,-12.2230000,6.0750000,0.000000,0,0,0
13.180,0.2357000,0.3140000,9.5548000,60.9436000,63.9038000,60.8902000,-40.3700000,-12.3150000,6.3290000,0.000000,0,0,0
13.190,0.2704000,0.2901000,9.5643000,61.7828000,64.7736000,60.5698000,-40.2400000,-12.5150000,5.9610000,0.000000,0,0,0
13.200,0.3158000,0.2638000,9.5871000,62.6526000,64.9948000,60.4324000,-40.5230000,-12.5770000,6.3480000,0.000000,0,0,0
13.210,0.3481000,0.2327000,9.6194000,63.4689000,64.7202000,60.4935000,-40.3670000,-12.2680000,7.0010000,0.000000,0,0,0
13.220,0.3565000,0.1980000,9.6397000,64.1403000,64.0869000,60.6995000,-40.3850000,-12.2650000,6.6530000,0.000000,0,0,0
13.230,0.3505000,0.1681000,9.6564000,64.6210000,63.2324000,61.0580000,-40.3160000,-11.9950000,6.6180000,0.000000,0,0,0
13.240,0.3338000,0.1430000,9.6696000,64.8651000,62.5687000,61.5158000,-40.6050000,-12.4360000,6.6740000,0.000000,0,0,0
13.250,0.3134000,0.1250000,9.6648000,64.9185000,62.2635000,62.0499000,-40.5390000,-12.2680000,6.3720000,0.000000,0,0,0
13.260,0.2931000,0.1202000,9.6445000,64.9033000,62.2559000,62.6144000,-40.5040000,-12.3480000,6.5620000,0.000000,0,0,0
13.270,0.2811000,0.1298000,9.6146000,64.8804000,62.5458000,63.0417000,-40.4560000,-12.2800000,7.2370000,0.000000,0,0,0
13.280,0.2835000,0.1609000,9.5655000,64.8651000,63.1561000,63.4460000,-40.3680000,-12.0610000,6.9520000,0.000000,0,0,0
13.290,0.2931000,0.1872000,9.5500000,64.8041000,63.3774000,63.6520000,-40.6020000,-12.2680000,6.5790000,0.000000,0,0,0
13.300,0.3051000,0.2183000,9.5440000,64.6820000,63.4689000,63.8428000,-41.1180000,-12.4990000,6.0940000,0.000000,0,0,0
13.310,0.3098000,0.2375000,9.5368000,64.5828000,63.5300000,64.0106000,-40.5020000,-12.1180000,6.1010000,0.000000,0,0,0
13.320,0.3098000,0.2434000,9.5237000,64.5676000,63.5223000,64.2624000,-40.4650000,-12.3600000,6.4170000,0.000000,0,0,0
13.330,0.3098000,0.2458000,9.5093000,64.6439000,63.3850000,64.5828000,-40.3310000,-12.2690000,6.3900000,0.000000,0,0,0
13.340,0.3039000,0.2494000,9.4902000,64.7964000,63.0569000,64.8499000,-40.8070000,-12.4380000,5.9470000,0.000000,0,0,0
13.350,0.3098000,0.2650000,9.4794000,65.0177000,62.7441000,64.9872000,-40.9190000,-12.2700000,5.9660000,0.000000,0,0,0
13.360,0.3146000,0.2829000,9.4758000,65.3229000,62.6526000,64.9109000,-40.7370000,-12.2810000,6.4770000,0.000000,0,0,0
13.370,0.3218000,0.2937000,9.4806000,65.6128000,62.7518000,64.7202000,-40.9740000,-12.3540000,5.8290000,0.000000,0,0,0
13.380,0.3290000,0.2853000,9.4890000,65.7043000,63.0875000,64.5752000,-40.6650000,-12.5260000,5.9190000,0.000000,0,0,0
13.390,0.3409000,0.2518000,9.4866000,65.5365000,63.6063000,64.6286000,-40.5290000,-12.4450000,6.1590000,0.000000,0,0,0
13.400,0.3625000,0.2099000,9.4615000,65.2008000,64.1251000,64.9414000,-40.3950000,-12.6630000,6.6870000,0.000000,0,0,0
13.410,0.3912000,0.1872000,9.4232000,64.7888000,64.5370000,65.3610000,-40.7810000,-12.4460000,6.4790000,0.000000,0,0,0
13.420,0.4271000,0.1884000,9.3885000,64.4302000,64.9033000,65.5441000,-40.9440000,-12.4820000,6.6710000,0.000000,0,0,0
13.430,0.4594000,0.2123000,9.3729000,64.3005000,65.4373000,65.2084000,-40.7950000,-12.5550000,6.7430000,0.000000,0,0,0
13.440,0.4809000,0.2387000,9.3777000,64.4379000,66.0706000,64.3921000,-40.7750000,-12.7220000,6.5990000,0.000000,0,0,0
13.450,0.4905000,0.2542000,9.3992000,64.7507000,66.3834000,63.3774000,-40.6590000,-12.8640000,6.5120000,0.000000,0,0,0
13.460,0.4630000,0.2590000,9.4244000,65.0635000,66.0706000,62.4847000,-40.4870000,-12.6190000,6.6590000,0.000000,0,0,0
13.470,0.4020000,0.2602000,9.4495000,65.2466000,65.0940000,61.9888000,-40.4290000,-12.1360000,6.5070000,0.000000,0,0,0
13.480,0.3146000,0.2602000,9.4722000,65.2924000,63.7131000,61.9278000,-40.8750000,-12.2550000,6.9520000,0.000000,0,0,0
13.490,0.2285000,0.2590000,9.4818000,65.2771000,62.4695000,62.0804000,-40.3530000,-12.4340000,6.8000000,0.000000,0,0,0
13.500,0.1555000,0.2458000,9.4650000,65.1703000,62.0422000,62.1948000,-40.4810000,-12.4850000,6.7040000,0.000000,0,0,0
13.510,0.1125000,0.2231000,9.4256000,64.8346000,62.6831000,62.1338000,-40.4050000,-12.6010000,7.9110000,0.000000,0,0,0
13.520,0.1113000,0.1992000,9.3825000,64.1479000,64.2319000,61.8057000,-40.3110000,-12.5280000,7.6980000,0.000000,0,0,0
13.530,0.1448000,0.1776000,9.3418000,63.0951000,66.0477000,61.2717000,-40.1980000,-12.5310000,7.3350000,0.000000,0,0,0
13.540,0.1914000,0.1645000,9.3155000,61.8362000,67.2684000,60.6842000,-40.3920000,-12.5520000,7.5990000,0.000000,0,0,0
13.550,0.2249000,0.1645000,9.3239000,60.7147000,67.4133000,60.2798000,-40.4270000,-12.4790000,7.7840000,0.000000,0,0,0
13.560,0.2428000,0.1860000,9.3681000,59.9899000,66.5359000,60.2493000,-40.2040000,-12.5940000,7.4340000,0.000000,0,0,0
13.570,0.2500000,0.2279000,9.4483000,59.7305000,65.0558000,60.5927000,-40.3510000,-12.4750000,6.9730000,0.000000,0,0,0
13.580,0.2440000,0.2698000,9.5452000,59.9518000,63.4460000,61.0886000,-40.2350000,-12.4090000,7.4160000,0.000000,0,0,0
13.590,0.2141000,0.2913000,9.6409000,60.5240000,62.1262000,61.5768000,-40.3820000,-12.2850000,7.6710000,0.000000,0,0,0
13.600,0.1771000,0.2973000,9.7210000,61.3098000,61.5463000,61.9736000,-40.4510000,-12.2820000,7.4590000,0.000000,0,0,0
13.610,0.1483000,0.2889000,9.7725000,62.0270000,61.6150000,62.1643000,-40.6500000,-12.4590000,7.2000000,0.000000,0,0,0
13.620,0.1292000,0.2734000,9.8000000,62.4161000,61.9736000,62.1643000,-40.5620000,-12.1920000,6.4240000,0.000000,0,0,0
13.630,0.1148000,0.2626000,9.7952000,62.3398000,62.2025000,61.9736000,-40.4990000,-12.1780000,7.0880000,0.000000,0,0,0
13.640,0.0969000,0.2686000,9.7569000,61.7447000,62.0728000,61.6760000,-40.6880000,-12.4840000,6.7030000,0.000000,0,0,0
13.650,0.0730000,0.2949000,9.6804000,60.7376000,61.3632000,61.4014000,-40.7180000,-12.1690000,6.6490000,0.000000,0,0,0
13.660,0.0419000,0.3332000,9.5775000,59.6008000,60.1349000,61.1343000,-40.6310000,-12.6780000,6.9080000,0.000000,0,0,0
13.670,-0.0012000,0.3667000,9.4722000,58.5632000,59.0744000,60.8521000,-40.4900000,-12.3420000,6.7370000,0.000000,0,0,0
13.680,-0.0263000,0.3750000,9.3992000,57.7927000,59.0897000,60.4477000,-40.4520000,-12.5480000,6.3150000,0.000000,0,0,0
13.690,-0.0096000,0.3631000,9.3634000,57.2815000,60.4324000,59.9442000,-40.7350000,-12.5880000,7.1230000,0.000000,0,0,0
13.700,0.0479000,0.3475000,9.3717000,56.9839000,62.6678000,59.4177000,-40.7080000,-12.4020000,7.0530000,0.000000,0,0,0
13.710,0.1328000,0.3439000,9.3945000,56.8008000,64.8727000,58.9523000,-40.6360000,-12.2880000,6.9660000,0.000000,0,0,0
13.720,0.2273000,0.3571000,9.4160000,56.6101000,65.8340000,58.5098000,-40.3070000,-12.2290000,7.4350000,0.000000,0,0,0
13.730,0.3039000,0.3858000,9.4543000,56.4804000,64.8041000,58.0292000,-40.5950000,-12.2380000,7.3730000,0.000000,0,0,0
13.740,0.3254000,0.4205000,9.5177000,56.6254000,62.1948000,57.3807000,-40.5550000,-12.2000000,6.9240000,0.000000,0,0,0
13.750,0.2811000,0.4121000,9.5859000,57.1823000,59.1660000,56.6864000,-40.4780000,-12.1080000,6.7320000,0.000000,0,0,0
13.760,0.1806000,0.3463000,9.6373000,58.1055000,56.7398000,56.3431000,-40.6550000,-11.9180000,6.5870000,0.000000,0,0,0
13.770,0.0694000,0.2626000,9.7055000,59.2346000,55.5573000,56.4499000,-40.6570000,-12.1580000,6.3720000,0.000000,0,0,0
13.780,-0.0036000,0.1956000,9.8036000,60.5316000,55.7861000,56.9305000,-40.6730000,-12.1020000,6.6430000,0.000000,0,0,0
13.790,-0.0191000,0.1633000,9.9101000,61.8515000,56.8161000,57.5867000,-40.3730000,-11.9660000,6.9630000,0.000000,0,0,0
13.800,0.0120000,0.1513000,9.9854000,62.9501000,57.8690000,58.3420000,-40.9490000,-12.3000000,6.9560000,0.000000,0,0,0
13.810,0.0646000,0.1442000,10.0046000,63.7131000,58.4793000,59.1278000,-40.7500000,-12.1940000,6.3850000,0.000000,0,0,0
13.820,0.1172000,0.1370000,9.9675000,64.2471000,58.5709000,59.8679000,-40.5710000,-12.1640000,7.0190000,0.000000,0,0,0
13.830,0.1675000,0.1238000,9.9101000,64.7354000,58.3878000,60.4935000,-40.7870000,-12.0800000,7.1160000,0.000000,0,0,0
13.840,0.2177000,0.1107000,9.8383000,65.2237000,58.2886000,60.9665000,-40.7490000,-12.3070000,6.5750000,0.000000,0,0,0
13.850,0.2584000,0.0963000,9.7510000,65.6052000,58.3801000,61.3937000,-40.8420000,-11.5970000,6.6890000,0.000000,0,0,0
13.860,0.2883000,0.0855000,9.6552000,65.7654000,58.6090000,61.8820000,-40.8920000,-12.3930000,7.0170000,0.000000,0,0,0
13.870,0.3146000,0.0867000,9.5619000,65.6967000,58.8531000,62.4466000,-40.9880000,-12.1670000,7.2270000,0.000000,0,0,0
13.880,0.3350000,0.1011000,9.4794000,65.4449000,58.8989000,63.0112000,-41.0680000,-12.0230000,6.7160000,0.000000,0,0,0
13.890,0.3553000,0.1310000,9.4256000,65.1474000,58.5403000,63.4918000,-40.7190000,-12.1830000,6.4280000,0.000000,0,0,0
13.900,0.3816000,0.1800000,9.3992000,65.0940000,57.6401000,63.8504000,-40.7880000,-12.0800000,6.6830000,0.000000,0,0,0
13.910,0.3864000,0.2004000,9.4004000,65.3534000,57.3425000,63.7589000,-40.5570000,-12.2590000,6.7860000,0.000000,0,0,0
13.920,0.3816000,0.1980000,9.4160000,65.6586000,57.7545000,63.4308000,-40.8690000,-12.0690000,6.5800000,0.000000,0,0,0
13.930,0.3732000,0.1860000,9.4423000,65.7578000,58.9981000,63.0035000,-40.6430000,-11.8050000,6.1160000,0.000000,0,0,0
13.940,0.3625000,0.1669000,9.4674000,65.4373000,60.6766000,62.5916000,-40.6920000,-12.0630000,6.2430000,0.000000,0,0,0
13.950,0.3601000,0.1513000,9.4949000,64.7202000,62.2787000,62.2940000,-40.6470000,-12.2120000,6.9260000,0.000000,0,0,0
13.960,0.3601000,0.1537000,9.5249000,63.8199000,63.3621000,62.1567000,-40.7130000,-12.2200000,6.7370000,0.000000,0,0,0
13.970,0.3637000,0.1657000,9.5536000,63.0569000,63.5605000,62.2101000,-40.5380000,-12.0460000,6.4490000,0.000000,0,0,0
13.980,0.3661000,0.1896000,9.5572000,62.6907000,63.0493000,62.4161000,-41.0090000,-12.2460000,6.0560000,0.000000,0,0,0
13.990,0.3613000,0.2088000,9.5237000,62.7213000,62.4542000,62.6144000,-40.9620000,-12.2550000,5.9430000,0.000000,0,0,0
14.000,0.3661000,0.2135000,9.4734000,63.0646000,62.3703000,62.7289000,-40.8390000,-12.3700000,6.1480000,0.000000,0,0,0
14.010,0.3912000,0.1980000,9.4184000,63.4995000,63.2553000,62.6068000,-40.8440000,-12.2890000,6.1070000,0.000000,0,0,0
14.020,0.4319000,0.1681000,9.3562000,63.7970000,65.0253000,62.3627000,-40.5400000,-12.1690000,6.3570000,0.000000,0,0,0
14.030,0.5000000,0.1537000,9.3011000,63.7970000,67.1082000,61.9965000,-40.8500000,-12.2640000,6.2680000,0.000000,0,0,0
14.040,0.5886000,0.1501000,9.2521000,63.5300000,68.6569000,61.4471000,-40.7120000,-11.9690000,6.6330000,0.000000,0,0,0
14.050,0.6592000,0.1561000,9.1899000,63.1180000,68.9850000,60.8597000,-40.5820000,-12.2760000,6.4070000,0.000000,0,0,0
14.060,0.6795000,0.1501000,9.1133000,62.6755000,68.2144000,60.3638000,-40.7540000,-12.3980000,5.5660000,0.000000,0,0,0
14.070,0.6604000,0.1262000,9.0284000,62.3474000,66.8259000,60.1349000,-40.8120000,-12.1260000,6.8250000,0.000000,0,0,0
14.080,0.6053000,0.0987000,8.9686000,62.1948000,65.2542000,60.2264000,-40.6040000,-12.2830000,6.1050000,0.000000,0,0,0
14.090,0.5323000,0.0831000,8.9686000,62.2177000,64.0106000,60.5392000,-40.8000000,-12.3080000,6.8260000,0.000000,0,0,0
14.100,0.4534000,0.0939000,9.0284000,62.3016000,63.4766000,60.8292000,-40.6910000,-12.1920000,6.4690000,0.000000,0,0,0
14.110,0.3732000,0.1238000,9.1301000,62.2940000,63.7817000,60.8215000,-40.9200000,-11.9050000,6.5080000,0.000000,0,0,0
14.120,0.3098000,0.1609000,9.2509000,62.1490000,64.6133000,60.5850000,-40.9260000,-12.1190000,6.0350000,0.000000,0,0,0
14.130,0.2656000,0.2016000,9.3634000,61.8515000,65.3076000,60.4019000,-40.6710000,-11.8340000,6.1530000,0.000000,0,0,0
14.140,0.2333000,0.2387000,9.4447000,61.4243000,65.4297000,60.4782000,-40.6310000,-11.8720000,6.2320000,0.000000,0,0,0
14.150,0.2141000,0.2590000,9.4794000,61.0123000,65.0940000,60.7529000,-40.8030000,-12.0820000,6.2100000,0.000000,0,0,0
14.160,0.1926000,0.2638000,9.4890000,60.6918000,64.6362000,61.1649000,-40.9560000,-12.3560000,6.7260000,0.000000,0,0,0
14.170,0.1699000,0.2590000,9.4985000,60.6918000,64.4302000,61.6074000,-40.6430000,-12.4820000,6.6360000,0.000000,0,0,0
14.180,0.1651000,0.2650000,9.5165000,61.0199000,64.9338000,61.8744000,-40.7020000,-12.5120000,7.2920000,0.000000,0,0,0
14.190,0.1926000,0.2865000,9.5296000,61.3708000,66.2842000,61.7752000,-40.8420000,-12.1350000,6.8050000,0.000000,0,0,0
14.200,0.2428000,0.3057000,9.5213000,61.4319000,67.9245000,61.4014000,-40.8960000,-12.0110000,7.3710000,0.000000,0,0,0
14.210,0.2991000,0.3236000,9.4926000,61.1496000,68.9774000,60.9665000,-40.6590000,-12.0880000,6.6740000,0.000000,0,0,0
14.220,0.3469000,0.3320000,9.4543000,60.6766000,68.8324000,60.5774000,-40.6820000,-12.1600000,5.8220000,0.000000,0,0,0
14.230,0.3876000,0.3320000,9.4148000,60.2646000,67.1692000,60.3561000,-40.6540000,-12.2480000,6.1220000,0.000000,0,0,0
14.240,0.4199000,0.3260000,9.3873000,59.9976000,64.4684000,60.4706000,-40.6850000,-12.3140000,6.6310000,0.000000,0,0,0
14.250,0.4354000,0.3212000,9.3657000,59.9747000,61.7294000,60.7834000,-40.8350000,-12.1350000,7.0770000,0.000000,0,0,0
14.260,0.4677000,0.3415000,9.3622000,60.0815000,60.0281000,60.7529000,-41.0260000,-12.3190000,7.0910000,0.000000,0,0,0
14.270,0.5623000,0.3906000,9.4004000,60.0739000,60.0739000,59.5932000,-40.6370000,-12.2300000,6.8060000,0.000000,0,0,0
14.280,0.6807000,0.4217000,9.4339000,59.6619000,61.4395000,57.2891000,-40.7730000,-12.1810000,6.8900000,0.000000,0,0,0
14.290,0.7441000,0.4049000,9.4064000,58.6395000,62.6526000,54.6494000,-40.8820000,-12.2030000,6.7500000,0.000000,0,0,0
14.300,0.7022000,0.3236000,9.3275000,57.1671000,62.5305000,52.6199000,-40.9680000,-12.0660000,6.3930000,0.000000,0,0,0
14.310,0.5874000,0.2123000,9.2497000,55.6793000,60.6918000,51.7197000,-41.2130000,-12.0120000,6.8450000,0.000000,0,0,0
14.320,0.4307000,0.1095000,9.2090000,54.4434000,57.7774000,52.0401000,-40.8470000,-12.1470000,6.1970000,0.000000,0,0,0
14.330,0.2704000,0.0484000,9.2162000,53.3371000,54.9927000,53.1082000,-40.9530000,-11.6940000,6.7180000,0.000000,0,0,0
14.340,0.1507000,0.0150000,9.2677000,52.1851000,53.5431000,54.3976000,-41.4940000,-12.1070000,6.4550000,0.000000,0,0,0
14.350,0.0813000,0.0114000,9.3346000,50.9415000,53.7643000,55.6412000,-41.1150000,-11.9490000,6.3390000,0.000000,0,0,0
14.360,0.0502000,0.0173000,9.4028000,49.6445000,55.5954000,56.5643000,-41.2050000,-11.9170000,6.0790000,0.000000,0,0,0
14.370,0.0467000,0.0090000,9.4483000,48.4619000,58.8074000,57.1671000,-41.3370000,-12.0510000,7.0170000,0.000000,0,0,0
14.380,0.0694000,-0.0197000,9.4650000,47.7371000,62.5458000,57.6401000,-41.3330000,-12.0970000,6.2470000,0.000000,0,0,0
14.390,0.1041000,-0.0317000,9.4794000,47.9050000,65.8493000,58.2809000,-41.1850000,-12.2790000,6.5320000,0.000000,0,0,0
14.400,0.1495000,-0.0078000,9.5249000,49.2325000,67.9321000,59.1583000,-41.4560000,-12.1700000,6.5370000,0.000000,0,0,0
14.410,0.1950000,0.0484000,9.5990000,51.7731000,68.5577000,60.3180000,-40.9740000,-12.2820000,6.1910000,0.000000,0,0,0
14.420,0.2213000,0.0987000,9.6588000,54.9011000,68.2983000,61.7523000,-40.9650000,-12.3740000,5.8680000,0.000000,0,0,0
14.430,0.2010000,0.1358000,9.6744000,57.8308000,68.1229000,63.1332000,-41.0050000,-12.1760000,5.9580000,0.000000,0,0,0
14.440,0.1471000,0.1501000,9.6612000,60.2722000,68.3746000,64.0030000,-40.9700000,-12.4210000,6.1050000,0.000000,0,0,0
14.450,0.0957000,0.1430000,9.6493000,62.2787000,68.9621000,64.2624000,-40.9950000,-12.0520000,6.2240000,0.000000,0,0,0
14.460,0.0646000,0.1202000,9.6445000,63.8275000,69.5801000,64.1479000,-40.8200000,-11.9410000,7.1640000,0.000000,0,0,0
14.470,0.0682000,0.0831000,9.6493000,65.0024000,69.5724000,63.9572000,-40.8100000,-12.1170000,7.0900000,0.000000,0,0,0
14.480,0.1005000,0.0473000,9.6756000,65.9409000,68.4967000,63.9572000,-40.9310000,-11.8720000,6.3600000,0.000000,0,0,0
14.490,0.1316000,0.0161000,9.7187000,66.5894000,66.6351000,64.3158000,-41.2220000,-12.1150000,6.8380000,0.000000,0,0,0
14.500,0.1352000,-0.0078000,9.7665000,66.7877000,64.6591000,65.0024000,-40.9400000,-11.9380000,6.4420000,0.000000,0,0,0
14.510,0.1136000,-0.0114000,9.8239000,66.5131000,63.3163000,65.8722000,-40.9480000,-12.2060000,6.4910000,0.000000,0,0,0
14.520,0.0706000,0.0030000,9.8957000,65.9561000,62.9807000,66.6046000,-40.8520000,-12.3090000,6.5640000,0.000000,0,0,0
14.530,0.0323000,0.0365000,10.0237000,65.3381000,64.3082000,67.0776000,-41.0310000,-12.2800000,6.5760000,0.000000,0,0,0
14.540,0.0479000,0.0556000,10.0907000,65.1398000,65.5594000,67.0624000,-40.9860000,-12.3650000,6.6680000,0.000000,0,0,0
14.550,0.0742000,0.0592000,10.1134000,64.9033000,66.2766000,66.9632000,-40.9660000,-12.5760000,6.6100000,0.000000,0,0,0
14.560,0.0873000,0.0508000,10.0847000,64.5676000,66.2308000,66.9937000,-40.8980000,-12.4580000,6.7750000,0.000000,0,0,0
14.570,0.0813000,0.0365000,10.0105000,64.1708000,65.6738000,67.2531000,-40.6800000,-12.3540000,6.8010000,0.000000,0,0,0
14.580,0.0730000,0.0185000,9.9077000,63.6215000,64.9643000,67.6575000,-40.5780000,-12.3440000,6.6310000,0.000000,0,0,0
14.590,0.0825000,0.0185000,9.8096000,62.8128000,64.2700000,68.0695000,-40.8750000,-12.3120000,7.4760000,0.000000,0,0,0
14.600,0.1340000,0.0413000,9.7378000,61.6989000,63.6597000,68.2144000,-41.1410000,-12.2710000,6.8660000,0.000000,0,0,0
14.610,0.2094000,0.0676000,9.6864000,60.4248000,62.9501000,67.9550000,-40.8280000,-12.1630000,7.1520000,0.000000,0,0,0
14.620,0.2835000,0.0807000,9.6445000,59.3109000,61.7065000,67.3294000,-40.9770000,-12.1770000,7.4810000,0.000000,0,0,0
14.630,0.3338000,0.0831000,9.6194000,58.5785000,59.6085000,66.5359000,-40.8170000,-12.6340000,6.7700000,0.000000,0,0,0
14.640,0.3409000,0.0891000,9.6098000,58.2504000,56.9153000,65.6281000,-41.0490000,-12.4720000,6.6540000,0.000000,0,0,0
14.650,0.2871000,0.0939000,9.5954000,58.2581000,54.5654000,64.5828000,-40.9490000,-12.4650000,6.9680000,0.000000,0,0,0
14.660,0.1914000,0.0796000,9.5751000,58.5709000,53.2913000,63.4384000,-41.1920000,-12.3280000,6.7060000,0.000000,0,0,0
14.670,0.1017000,0.0532000,9.5619000,59.0668000,53.1998000,62.5076000,-41.1370000,-12.6390000,5.9060000,0.000000,0,0,0
14.680,0.0467000,0.0173000,9.5631000,59.4940000,53.9932000,62.0041000,-41.2200000,-12.5430000,6.0670000,0.000000,0,0,0
14.690,0.0502000,-0.0173000,9.5811000,59.7153000,55.2216000,61.9049000,-41.4180000,-12.3190000,5.9260000,0.000000,0,0,0
14.700,0.1125000,-0.0365000,9.6098000,59.7305000,56.5720000,61.9812000,-41.1530000,-12.4330000,6.2440000,0.000000,0,0,0
14.710,0.2129000,-0.0508000,9.6265000,59.5551000,57.6248000,62.0880000,-41.0560000,-12.2700000,5.9950000,0.000000,0,0,0
14.720,0.3182000,-0.0437000,9.6289000,59.2880000,57.9453000,62.2559000,-41.3330000,-12.4410000,6.3480000,0.000000,0,0,0
14.730,0.4079000,-0.0293000,9.6062000,59.0973000,57.6553000,62.4237000,-41.3680000,-12.2390000,6.3350000,0.000000,0,0,0
14.740,0.4666000,-0.0389000,9.5392000,59.2499000,56.9077000,62.5992000,-41.2640000,-12.2430000,5.9070000,0.000000,0,0,0
14.750,0.4809000,-0.0664000,9.4459000,59.8755000,55.7938000,62.8662000,-41.2850000,-12.5590000,5.5240000,0.000000,0,0,0
14.760,0.4390000,-0.1107000,9.3478000,60.7986000,54.8553000,63.1790000,-41.2620000,-12.4920000,6.0050000,0.000000,0,0,0
14.770,0.3505000,-0.1729000,9.2748000,61.9431000,54.6799000,63.5300000,-41.3930000,-12.3290000,6.1850000,0.000000,0,0,0
14.780,0.2584000,-0.2327000,9.2569000,63.2172000,55.4047000,63.9954000,-41.3940000,-12.5310000,7.0610000,0.000000,0,0,0
14.790,0.2022000,-0.2650000,9.2904000,64.4379000,56.7245000,64.5828000,-41.2880000,-12.3090000,6.7330000,0.000000,0,0,0
14.800,0.2010000,-0.2482000,9.3693000,65.3458000,58.3496000,65.0177000,-41.5150000,-12.7170000,6.3130000,0.000000,0,0,0
14.810,0.2596000,-0.1896000,9.4722000,65.7272000,60.2264000,65.0940000,-41.3380000,-12.3380000,6.3520000,0.000000,0,0,0
14.820,0.3421000,-0.1166000,9.5572000,65.6204000,61.9431000,64.8575000,-41.5430000,-12.5360000,7.1950000,0.000000,0,0,0
14.830,0.4043000,-0.0473000,9.6134000,65.2466000,63.1790000,64.4608000,-41.4090000,-12.2720000,7.2470000,0.000000,0,0,0
14.840,0.4366000,-0.0018000,9.6469000,65.0177000,63.8428000,64.0640000,-41.3800000,-12.3450000,6.2360000,0.000000,0,0,0
14.850,0.4462000,0.0066000,9.6708000,65.2390000,63.8275000,63.8046000,-41.3130000,-12.1410000,6.1390000,0.000000,0,0,0
14.860,0.4450000,-0.0221000,9.6911000,65.9027000,63.0646000,63.8351000,-41.6440000,-12.0350000,6.2180000,0.000000,0,0,0
14.870,0.4223000,-0.0760000,9.7127000,66.6504000,61.6455000,64.3158000,-41.3210000,-12.2720000,6.4120000,0.000000,0,0,0
14.880,0.3804000,-0.1202000,9.7378000,67.1158000,60.0204000,65.1627000,-41.4800000,-12.3950000,6.2440000,0.000000,0,0,0
14.890,0.3505000,-0.1310000,9.7689000,67.0319000,58.9676000,65.9103000,-41.1520000,-12.5610000,6.4970000,0.000000,0,0,0
14.900,0.3613000,-0.1083000,9.7916000,66.3071000,58.8531000,66.2308000,-41.4790000,-12.3010000,7.0850000,0.000000,0,0,0
14.910,0.4163000,-0.0640000,9.7737000,64.9948000,59.3719000,66.1316000,-41.2760000,-12.3040000,6.5040000,0.000000,0,0,0
14.920,0.4749000,-0.0269000,9.7163000,63.4460000,59.9518000,65.8646000,-41.2110000,-12.1310000,6.0590000,0.000000,0,0,0
14.930,0.5144000,-0.0150000,9.6361000,62.2253000,60.1730000,65.6586000,-41.7230000,-12.2730000,6.3970000,0.000000,0,0,0
14.940,0.5252000,-0.0138000,9.5572000,61.7676000,60.2722000,65.5823000,-41.5990000,-12.2920000,6.4200000,0.000000,0,0,0
14.950,0.5060000,-0.0221000,9.4961000,62.0880000,60.7452000,65.6128000,-41.2710000,-12.5370000,5.8860000,0.000000,0,0,0
14.960,0.4654000,-0.0305000,9.4519000,63.0264000,61.8591000,65.6967000,-41.4470000,-12.3040000,6.3940000,0.000000,0,0,0
14.970,0.4127000,-0.0365000,9.4112000,64.1708000,63.6292000,65.7425000,-41.5230000,-12.3450000,6.7570000,0.000000,0,0,0
14.980,0.3613000,-0.0389000,9.3657000,65.1169000,65.7883000,65.5212000,-41.2050000,-12.2410000,6.1850000,0.000000,0,0,0
14.990,0.3362000,-0.0401000,9.3394000,65.7425000,67.9398000,64.9643000,-41.0350000,-12.5080000,6.7570000,0.000000,0,0,0
15.000,0.3565000,-0.0389000,9.3394000,66.1774000,69.6411000,64.2395000,-41.2980000,-12.5930000,7.3340000,0.000000,0,0,0
15.010,0.4091000,-0.0305000,9.3562000,66.5741000,70.4956000,63.6292000,-41.1460000,-12.2600000,6.4650000,0.000000,0,0,0
15.020,0.4546000,-0.0221000,9.3610000,66.9098000,70.4803000,63.2706000,-41.7760000,-12.2400000,6.5010000,0.000000,0,0,0
15.030,0.4642000,-0.0305000,9.3490000,67.1921000,69.9921000,63.1180000,-41.3180000,-12.1960000,6.6230000,0.000000,0,0,0
15.040,0.4462000,-0.0556000,9.3311000,67.4820000,69.5801000,63.0493000,-41.6040000,-12.0390000,6.6010000,0.000000,0,0,0
15.050,0.4163000,-0.0867000,9.3059000,67.6498000,69.6564000,62.9654000,-41.4990000,-11.9910000,6.5780000,0.000000,0,0,0
15.060,0.3756000,-0.1119000,9.2856000,67.5125000,70.3201000,62.7441000,-41.2630000,-11.9460000,7.0980000,0.000000,0,0,0
15.070,0.3254000,-0.1286000,9.2964000,67.0853000,71.2357000,62.4084000,-41.4490000,-12.3430000,7.2360000,0.000000,0,0,0
15.080,0.2656000,-0.1298000,9.3562000,66.6122000,71.8536000,62.1262000,-40.9670000,-12.0090000,7.2260000,0.000000,0,0,0
15.090,0.2177000,-0.1119000,9.4531000,66.4139000,71.7850000,62.0041000,-41.0650000,-11.9340000,6.6830000,0.000000,0,0,0
15.100,0.2058000,-0.0819000,9.5595000,66.6275000,70.9152000,62.0804000,-41.3090000,-12.0570000,6.8160000,0.000000,0,0,0
15.110,0.2297000,-0.0449000,9.6517000,67.0166000,69.6106000,62.3093000,-40.9460000,-11.8940000,7.8490000,0.000000,0,0,0
15.120,0.2871000,-0.0126000,9.7222000,67.2531000,68.4891000,62.5000000,-41.2450000,-12.0720000,7.4350000,0.000000,0,0,0
15.130,0.3457000,0.0126000,9.7414000,67.1082000,68.1839000,62.4695000,-41.0230000,-12.1940000,7.3120000,0.000000,0,0,0
15.140,0.3589000,0.0090000,9.7043000,66.5359000,68.8934000,62.1490000,-41.3580000,-12.2710000,7.2850000,0.000000,0,0,0
15.150,0.3170000,-0.0305000,9.6253000,65.7578000,70.1447000,61.6608000,-40.9390000,-12.0160000,7.0500000,0.000000,0,0,0
15.160,0.2393000,-0.0867000,9.5440000,65.1016000,71.3577000,61.2793000,-41.3420000,-12.2060000,7.5810000,0.000000,0,0,0
15.170,0.1268000,-0.1585000,9.4567000,64.8651000,71.9299000,61.3174000,-41.1130000,-11.9400000,7.1130000,0.000000,0,0,0
15.180,0.0897000,-0.1597000,9.4196000,65.0253000,71.2585000,61.7218000,-40.9240000,-12.0430000,7.1210000,0.000000,0,0,0
15.190,0.0861000,-0.1226000,9.3945000,64.9872000,70.2820000,62.1719000,-40.8010000,-11.8210000,7.1400000,0.000000,0,0,0
15.200,0.1005000,-0.0760000,9.3526000,64.4073000,69.8547000,62.3932000,-41.2570000,-12.1130000,7.2340000,0.000000,0,0,0
15.210,0.1292000,-0.0532000,9.2892000,63.1409000,70.4422000,62.3322000,-40.9200000,-12.0760000,7.5560000,0.000000,0,0,0
15.220,0.1639000,-0.0532000,9.2066000,61.2869000,71.9833000,62.0728000,-40.8700000,-12.1480000,7.7020000,0.000000,0,0,0
15.230,0.1818000,-0.0652000,9.1253000,59.1812000,73.9059000,61.7218000,-40.7040000,-12.2760000,7.7520000,0.000000,0,0,0
15.240,0.1747000,-0.0784000,9.0798000,57.3959000,75.5615000,61.4624000,-40.9350000,-12.0130000,8.0110000,0.000000,0,0,0
15.250,0.1400000,-0.0796000,9.0739000,56.3812000,76.5305000,61.3327000,-40.3910000,-11.8540000,7.8200000,0.000000,0,0,0
15.260,0.0849000,-0.0652000,9.0870000,56.1600000,76.8051000,61.2640000,-40.7170000,-11.9800000,8.1200000,0.000000,0,0,0
15.270,0.0227000,-0.0508000,9.0870000,56.3049000,76.8051000,61.0886000,-40.3160000,-11.8650000,7.9760000,0.000000,0,0,0
15.280,-0.0347000,-0.0508000,9.0559000,56.3431000,77.1027000,60.8292000,-40.6660000,-12.0000000,7.8720000,0.000000,0,0,0
15.290,-0.0754000,-0.0604000,9.0248000,55.9235000,77.9190000,60.6155000,-40.7530000,-11.6000000,7.3370000,0.000000,0,0,0
15.300,-0.1196000,-0.0736000,9.0320000,54.9698000,79.3381000,60.5316000,-40.4780000,-11.7110000,7.7300000,0.000000,0,0,0
15.310,-0.1926000,-0.0784000,9.1014000,54.1687000,80.6656000,60.4782000,-40.4440000,-11.7620000,8.0110000,0.000000,0,0,0
15.320,-0.2297000,-0.0760000,9.2653000,53.8025000,81.0623000,60.6842000,-40.4630000,-11.7750000,7.7940000,0.000000,0,0,0
15.330,-0.1842000,-0.0640000,9.5249000,54.0848000,79.5135000,61.6150000,-40.3580000,-11.7500000,8.4610000,0.000000,0,0,0
15.340,-0.0670000,-0.0030000,9.8574000,55.0995000,75.5768000,63.2477000,-40.2790000,-12.0140000,8.8240000,0.000000,0,0,0
15.350,0.0514000,0.0915000,10.1685000,56.6788000,70.2362000,65.0253000,-40.1340000,-11.7820000,8.3610000,0.000000,0,0,0
15.360,0.0933000,0.1681000,10.3216000,58.5861000,65.3152000,66.3452000,-40.2730000,-12.0370000,8.4570000,0.000000,0,0,0
15.370,0.0550000,0.2076000,10.2725000,60.6842000,62.1719000,66.8564000,-40.3370000,-11.8650000,8.7500000,0.000000,0,0,0
15.380,-0.0514000,0.2064000,10.0668000,63.0112000,61.4395000,66.3757000,-40.1810000,-12.0810000,8.4530000,0.000000,0,0,0
15.390,-0.1723000,0.1788000,9.8263000,65.6052000,62.5153000,64.9185000,-40.2120000,-11.6820000,8.8290000,0.000000,0,0,0
15.400,-0.2644000,0.1358000,9.6648000,68.1305000,64.5905000,62.7365000,-40.4420000,-11.5950000,8.5720000,0.000000,0,0,0
15.410,-0.3110000,0.0784000,9.6397000,70.0684000,67.5201000,60.6232000,-40.2820000,-11.5510000,7.8740000,0.000000,0,0,0
15.420,-0.3565000,0.0389000,9.7007000,71.1212000,70.6329000,58.9294000,-40.0490000,-11.5030000,8.0090000,0.000000,0,0,0
15.430,-0.4115000,0.0102000,9.7988000,71.2585000,73.0362000,57.7011000,-40.1510000,-11.3970000,8.4950000,0.000000,0,0,0
15.440,-0.4558000,-0.0138000,9.8957000,70.5261000,73.8297000,56.9916000,-40.2950000,-11.5060000,8.5790000,0.000000,0,0,0
15.450,-0.5168000,-0.0628000,9.9663000,68.9697000,73.5474000,56.9382000,-40.3560000,-10.9790000,8.7260000,0.000000,0,0,0
15.460,-0.5814000,-0.1130000,9.9890000,66.9174000,73.2803000,57.5104000,-40.4440000,-11.2950000,8.1900000,0.000000,0,0,0
15.470,-0.6245000,-0.1394000,10.0177000,65.0330000,73.4711000,58.3878000,-40.1510000,-11.1020000,8.8440000,0.000000,0,0,0
15.480,-0.6400000,-0.1262000,10.0548000,64.1403000,73.6618000,59.2117000,-40.1420000,-11.3450000,8.8650000,0.000000,0,0,0
15.490,-0.6113000,-0.0532000,10.1062000,64.5828000,73.2117000,59.5551000,-40.2730000,-11.1890000,8.4810000,0.000000,0,0,0
15.500,-0.5646000,0.0173000,10.1816000,66.0629000,72.2885000,59.3185000,-40.3130000,-11.3450000,8.9670000,0.000000,0,0,0
15.510,-0.5312000,0.0652000,10.2558000,68.0008000,72.4258000,59.0515000,-40.0180000,-11.0050000,8.4610000,0.000000,0,0,0
15.520,-0.5371000,0.1190000,10.2845000,69.7327000,73.4634000,58.8226000,-39.6520000,-10.4650000,9.0540000,0.000000,0,0,0
15.530,-0.5742000,0.1669000,10.2666000,70.8923000,74.6384000,58.2504000,-39.7950000,-10.4500000,9.1360000,0.000000,0,0,0
15.540,-0.6125000,0.1824000,10.2163000,71.3120000,75.4547000,57.2739000,-39.8970000,-10.6540000,9.3180000,0.000000,0,0,0
15.550,-0.6149000,0.1585000,10.1529000,70.9915000,75.9506000,56.2134000,-39.9780000,-10.3830000,10.0000000,0.000000,0,0,0
15.560,-0.5910000,0.1023000,10.0668000,70.0912000,76.4542000,55.5878000,-39.6140000,-10.4700000,9.2120000,0.000000,0,0,0
15.570,-0.5611000,0.0437000,9.9567000,68.7408000,76.8280000,55.7022000,-39.7240000,-10.5640000,8.8980000,0.000000,0,0,0
15.580,-0.5371000,0.0030000,9.8682000,67.3294000,76.5381000,56.4041000,-39.8040000,-10.7110000,8.7660000,0.000000,0,0,0
15.590,-0.5192000,-0.0078000,9.8275000,66.2079000,75.3326000,57.3578000,-39.6580000,-10.4990000,9.3650000,0.000000,0,0,0
15.600,-0.5024000,0.0150000,9.8419000,65.4907000,73.4329000,58.3038000,-39.8870000,-10.6150000,9.8640000,0.000000,0,0,0
15.610,-0.4785000,0.0652000,9.8897000,65.1245000,70.8618000,59.0897000,-39.7430000,-10.7290000,9.2150000,0.000000,0,0,0
15.620,-0.4594000,0.1130000,9.9352000,64.9796000,67.5430000,59.7229000,-39.6740000,-10.7380000,9.3660000,0.000000,0,0,0
15.630,-0.4594000,0.1346000,9.9424000,64.7278000,64.1251000,60.2875000,-39.7370000,-10.2700000,8.8380000,0.000000,0,0,0
15.640,-0.4881000,0.1214000,9.8969000,64.2395000,61.4548000,60.7758000,-39.9090000,-10.5360000,9.3710000,0.000000,0,0,0
15.650,-0.5395000,0.1035000,9.8275000,63.5834000,59.8907000,61.1420000,-40.0990000,-10.4690000,9.6430000,0.000000,0,0,0
15.660,-0.5969000,0.0951000,9.7653000,62.9272000,59.2804000,61.3480000,-39.9730000,-10.4060000,9.6550000,0.000000,0,0,0
15.670,-0.6400000,0.0915000,9.7306000,62.4237000,59.0820000,61.4700000,-39.9080000,-10.3760000,9.5040000,0.000000,0,0,0
15.680,-0.6604000,0.0963000,9.7187000,62.0346000,58.9828000,61.6684000,-39.5510000,-10.4930000,9.3410000,0.000000,0,0,0
15.690,-0.6627000,0.1142000,9.7210000,61.5768000,58.9447000,61.9354000,-39.9220000,-10.2680000,9.5700000,0.000000,0,0,0
15.700,-0.6484000,0.1418000,9.7318000,60.9589000,59.0134000,62.1567000,-39.5300000,-10.3210000,9.9360000,0.000000,0,0,0
15.710,-0.6173000,0.1788000,9.7402000,60.2112000,59.1660000,62.2330000,-39.5050000,-10.4040000,9.1670000,0.000000,0,0,0
15.720,-0.5910000,0.2099000,9.7414000,59.5474000,59.3109000,62.0880000,-39.5440000,-10.2200000,9.4980000,0.000000,0,0,0
15.730,-0.5922000,0.2243000,9.7246000,59.2270000,59.2804000,61.8286000,-39.5840000,-10.3390000,9.1290000,0.000000,0,0,0
15.740,-0.5981000,0.2183000,9.6923000,59.2804000,58.7921000,61.6379000,-39.6930000,-10.2120000,8.8400000,0.000000,0,0,0
15.750,-0.6089000,0.1908000,9.6529000,59.5856000,57.7087000,61.6837000,-39.5340000,-10.5990000,9.0920000,0.000000,0,0,0
15.760,-0.6364000,0.1465000,9.6385000,60.0891000,56.3507000,61.9507000,-39.3630000,-10.5130000,9.0770000,0.000000,0,0,0
15.770,-0.6532000,0.1178000,9.6529000,60.7376000,55.2368000,62.2864000,-39.5980000,-10.2460000,8.9430000,0.000000,0,0,0
15.780,-0.6340000,0.1214000,9.6828000,61.2411000,54.6112000,62.6602000,-39.6130000,-10.2460000,9.4870000,0.000000,0,0,0
15.790,-0.5754000,0.1537000,9.7139000,61.4777000,54.2297000,63.0569000,-39.5060000,-10.3190000,9.2790000,0.000000,0,0,0
15.800,-0.4989000,0.1884000,9.7210000,61.5158000,53.8101000,63.4842000,-39.5070000,-10.7850000,9.2360000,0.000000,0,0,0
15.810,-0.4223000,0.2291000,9.6648000,61.2259000,53.1769000,64.1861000,-39.2410000,-10.2740000,8.8680000,0.000000,0,0,0
15.820,-0.4235000,0.2482000,9.6146000,61.0275000,52.9938000,64.3158000,-39.3430000,-10.5580000,8.7270000,0.000000,0,0,0
15.830,-0.4606000,0.2458000,9.5631000,60.9283000,53.3066000,63.9801000,-39.2400000,-10.2880000,8.8240000,0.000000,0,0,0
15.840,-0.5168000,0.2183000,9.5069000,60.8215000,54.3594000,63.3545000,-39.3360000,-10.3270000,9.8250000,0.000000,0,0,0
15.850,-0.5587000,0.1753000,9.4591000,60.4477000,56.2363000,62.7747000,-39.3100000,-10.2080000,9.1980000,0.000000,0,0,0
15.860,-0.5946000,0.1130000,9.4172000,59.6085000,58.6166000,62.5839000,-39.3180000,-10.1430000,9.0200000,0.000000,0,0,0
15.870,-0.6245000,0.0377000,9.3705000,58.3191000,60.6842000,63.0798000,-38.8620000,-10.0880000,9.2740000,0.000000,0,0,0
15.880,-0.6472000,-0.0138000,9.3526000,56.7780000,61.8744000,64.3005000,-39.4820000,-10.3010000,9.2280000,0.000000,0,0,0
15.890,-0.6807000,-0.0173000,9.3657000,55.2673000,62.5610000,65.8722000,-39.3500000,-10.0460000,9.1740000,0.000000,0,0,0
15.900,-0.7178000,0.0102000,9.3980000,54.0619000,63.7131000,67.1768000,-39.0080000,-9.8320000,9.3470000,0.000000,0,0,0
15.910,-0.7417000,0.0604000,9.4351000,53.3447000,65.9256000,67.8558000,-38.8140000,-10.2340000,8.3230000,0.000000,0,0,0
15.920,-0.7429000,0.1298000,9.4603000,52.9022000,69.3054000,67.7261000,-38.9740000,-10.7240000,8.3120000,0.000000,0,0,0
15.930,-0.7118000,0.1753000,9.4603000,52.3682000,73.7381000,66.8793000,-38.9110000,-10.3810000,8.2850000,0.000000,0,0,0
15.940,-0.6556000,0.1705000,9.4483000,51.5213000,78.1021000,65.7883000,-38.9460000,-10.4660000,8.7810000,0.000000,0,0,0
15.950,-0.5850000,0.1370000,9.4638000,50.6363000,80.9021000,64.9414000,-38.4400000,-10.4330000,8.6120000,0.000000,0,0,0
15.960,-0.5084000,0.0927000,9.5177000,50.1099000,81.2988000,64.3692000,-38.8590000,-10.4800000,9.1090000,0.000000,0,0,0
15.970,-0.4558000,0.0556000,9.6026000,50.1862000,79.6890000,63.8428000,-38.3500000,-10.2920000,8.6830000,0.000000,0,0,0
15.980,-0.4199000,0.0616000,9.7246000,51.0254000,76.9882000,62.9730000,-38.6390000,-10.4890000,9.1610000,0.000000,0,0,0
15.990,-0.3828000,0.0796000,9.8778000,52.6428000,73.9136000,61.7065000,-38.4350000,-10.0540000,8.7870000,0.000000,0,0,0
16.000,-0.3517000,0.0520000,10.0237000,55.0232000,70.7397000,60.4553000,-38.4390000,-10.3450000,8.7940000,0.000000,0,0,0
16.010,-0.3278000,-0.0293000,10.1338000,58.0139000,67.3981000,59.6237000,-38.5710000,-10.1620000,8.9970000,0.000000,0,0,0
16.020,-0.3134000,-0.1406000,10.1960000,60.8978000,63.9267000,59.5856000,-38.3890000,-10.2520000,9.4170000,0.000000,0,0,0
16.030,-0.2991000,-0.2315000,10.2163000,62.6907000,60.9436000,60.5698000,-38.3670000,-10.2730000,8.6530000,0.000000,0,0,0
16.040,-0.2907000,-0.2841000,10.2031000,62.8738000,58.8074000,62.3779000,-38.6630000,-10.3550000,8.9250000,0.000000,0,0,0
16.050,-0.2919000,-0.3057000,10.1673000,61.8286000,57.4570000,64.5294000,-38.1380000,-10.2880000,9.0470000,0.000000,0,0,0
16.060,-0.3039000,-0.3104000,10.1302000,60.4782000,56.5414000,66.5131000,-38.1460000,-9.9800000,9.0070000,0.000000,0,0,0
16.070,-0.3158000,-0.3021000,10.0919000,59.5551000,55.9464000,67.9779000,-37.9160000,-10.0930000,8.5920000,0.000000,0,0,0
16.080,-0.3218000,-0.2925000,10.0428000,59.3109000,55.6183000,68.9468000,-37.9420000,-10.1050000,8.4420000,0.000000,0,0,0
16.090,-0.3182000,-0.2913000,9.9830000,59.6619000,55.3055000,69.6640000,-38.1130000,-10.2770000,8.7980000,0.000000,0,0,0
16.100,-0.3242000,-0.2877000,9.9184000,60.0891000,54.9164000,70.3964000,-38.1820000,-10.3450000,9.0620000,0.000000,0,0,0
16.110,-0.3637000,-0.2793000,9.8526000,60.0815000,54.6112000,71.1441000,-38.0550000,-10.0240000,8.3380000,0.000000,0,0,0
16.120,-0.4450000,-0.2530000,9.7545000,59.4177000,54.3365000,71.4493000,-38.0310000,-9.9210000,8.5150000,0.000000,0,0,0
16.130,-0.5252000,-0.2375000,9.6457000,58.0368000,54.4281000,71.1212000,-37.5790000,-9.8920000,8.7720000,0.000000,0,0,0
16.140,-0.6029000,-0.2375000,9.5560000,56.1829000,55.4581000,70.3659000,-37.6510000,-9.9930000,8.6620000,0.000000,0,0,0
16.150,-0.6950000,-0.2566000,9.5225000,54.5807000,57.4493000,69.4199000,-37.7670000,-10.0370000,8.3840000,0.000000,0,0,0
16.160,-0.7991000,-0.2817000,9.5440000,53.9169000,60.1196000,68.3441000,-37.2990000,-9.9410000,8.1800000,0.000000,0,0,0
16.170,-0.8829000,-0.3152000,9.6277000,54.5578000,62.9196000,67.1921000,-37.2430000,-9.8540000,8.7710000,0.000000,0,0,0
16.180,-0.8960000,-0.3391000,9.7533000,56.3812000,65.2161000,66.1087000,-37.6260000,-9.9810000,8.6820000,0.000000,0,0,0
16.190,-0.8542000,-0.3403000,9.8981000,58.5098000,66.9174000,65.1932000,-37.4840000,-9.8090000,8.9600000,0.000000,0,0,0
16.200,-0.7955000,-0.3391000,10.0464000,60.0128000,68.5806000,64.4989000,-37.3700000,-10.1340000,8.9170000,0.000000,0,0,0
16.210,-0.7465000,-0.3272000,10.1708000,60.4019000,70.5185000,64.0259000,-37.4990000,-9.6590000,9.2370000,0.000000,0,0,0
16.220,-0.6938000,-0.3033000,10.2630000,59.7839000,72.3419000,63.7131000,-37.2580000,-9.5480000,8.9570000,0.000000,0,0,0
16.230,-0.6352000,-0.2889000,10.2953000,58.6624000,73.5168000,63.4613000,-37.0590000,-9.5270000,8.9690000,0.000000,0,0,0
16.240,-0.5981000,-0.3057000,10.2857000,57.8384000,74.0280000,63.2095000,-36.9150000,-9.5330000,8.6860000,0.000000,0,0,0
16.250,-0.5766000,-0.3391000,10.2642000,58.1284000,73.9059000,62.8128000,-37.0460000,-9.3550000,8.7840000,0.000000,0,0,0
16.260,-0.5599000,-0.3846000,10.2307000,59.9213000,73.0438000,62.2482000,-36.7870000,-9.2090000,8.5430000,0.000000,0,0,0
16.270,-0.5491000,-0.4193000,10.2103000,62.7823000,71.4111000,61.6379000,-36.8300000,-9.2740000,9.0060000,0.000000,0,0,0
16.280,-0.5359000,-0.4420000,10.2031000,65.7806000,69.5877000,61.1267000,-36.9190000,-9.2410000,8.5050000,0.000000,0,0,0
16.290,-0.5204000,-0.4576000,10.2043000,68.1000000,68.2373000,60.8444000,-36.6960000,-8.8310000,8.8700000,0.000000,0,0,0
16.300,-0.5012000,-0.4576000,10.2103000,69.3130000,67.9626000,60.8215000,-36.8240000,-9.1250000,8.6520000,0.000000,0,0,0
16.310,-0.4881000,-0.4468000,10.2115000,69.5038000,68.8782000,61.0123000,-36.3950000,-8.8170000,8.8980000,0.000000,0,0,0
16.320,-0.4881000,-0.4205000,10.1984000,69.2520000,70.6024000,61.2411000,-36.4590000,-8.9380000,8.6560000,0.000000,0,0,0
16.330,-0.4821000,-0.3631000,10.1984000,69.3283000,72.2656000,61.3403000,-36.3860000,-8.8220000,8.2280000,0.000000,0,0,0
16.340,-0.4366000,-0.2841000,10.2020000,70.2591000,72.3953000,61.1343000,-36.2570000,-8.7060000,7.5560000,0.000000,0,0,0
16.350,-0.3960000,-0.2183000,10.2008000,71.8689000,70.0607000,60.9131000,-36.1510000,-8.4980000,8.1260000,0.000000,0,0,0
16.360,-0.3685000,-0.1501000,10.1924000,73.5855000,65.6967000,60.8673000,-36.4850000,-8.8420000,8.5910000,0.000000,0,0,0
16.370,-0.3720000,-0.0903000,10.1780000,74.6613000,60.4782000,60.9131000,-35.9900000,-8.7900000,8.6940000,0.000000,0,0,0
16.380,-0.4091000,-0.0473000,10.1577000,74.5850000,56.3889000,60.9283000,-36.2450000,-8.4720000,8.8270000,0.000000,0,0,0
16.390,-0.4881000,-0.0341000,10.1003000,73.2040000,54.7409000,60.7224000,-36.1020000,-8.9530000,9.3220000,0.000000,0,0,0
16.400,-0.5802000,-0.0437000,10.0261000,70.7397000,55.4962000,60.3790000,-36.4870000,-8.9660000,8.3430000,0.000000,0,0,0
16.410,-0.6915000,-0.0676000,9.9579000,67.9855000,58.1131000,59.9518000,-36.2930000,-8.5480000,8.4210000,0.000000,0,0,0
16.420,-0.8003000,-0.0951000,9.8933000,65.8722000,61.2946000,59.4025000,-36.0660000,-8.4140000,9.2260000,0.000000,0,0,0
16.430,-0.8542000,-0.1130000,9.8323000,64.8880000,63.5986000,58.8226000,-36.2360000,-8.4620000,8.2520000,0.000000,0,0,0
16.440,-0.8506000,-0.1190000,9.7856000,64.9796000,64.4150000,58.3725000,-36.2180000,-8.2930000,8.7100000,0.000000,0,0,0
16.450,-0.7513000,-0.0903000,9.7833000,66.1926000,63.7970000,58.0673000,-36.3340000,-8.3100000,8.5760000,0.000000,0,0,0
16.460,-0.6580000,-0.0688000,9.8096000,66.8030000,63.4918000,58.0826000,-36.3810000,-8.1050000,8.7410000,0.000000,0,0,0
16.470,-0.5814000,-0.0568000,9.8275000,66.7343000,64.1174000,58.2352000,-36.3770000,-8.2580000,8.4660000,0.000000,0,0,0
16.480,-0.5455000,-0.0556000,9.8036000,65.9866000,65.6281000,58.4335000,-36.1830000,-7.7910000,8.3900000,0.000000,0,0,0
16.490,-0.5694000,-0.0724000,9.7521000,65.1321000,67.4820000,58.6090000,-36.2070000,-8.0600000,8.1530000,0.000000,0,0,0
16.500,-0.6340000,-0.0951000,9.7091000,64.7583000,68.9926000,58.6700000,-36.2480000,-8.0660000,8.9420000,0.000000,0,0,0
16.510,-0.6938000,-0.1095000,9.6816000,65.0482000,69.4504000,58.5709000,-35.6520000,-8.0480000,8.3520000,0.000000,0,0,0
16.520,-0.7297000,-0.1166000,9.6852000,65.7730000,68.6569000,58.4717000,-36.1300000,-7.9040000,8.5930000,0.000000,0,0,0
16.530,-0.7321000,-0.1047000,9.7127000,66.4291000,67.0013000,58.5175000,-36.1560000,-7.8870000,8.3290000,0.000000,0,0,0
16.540,-0.7022000,-0.0688000,9.7629000,66.5283000,65.3458000,58.7158000,-35.9920000,-7.8290000,8.4150000,0.000000,0,0,0
16.550,-0.6699000,-0.0305000,9.8144000,65.9409000,64.7278000,59.0439000,-36.1060000,-7.5490000,8.2010000,0.000000,0,0,0
16.560,-0.6651000,-0.0185000,9.8479000,65.0253000,65.3992000,59.4406000,-35.7730000,-7.5740000,8.0870000,0.000000,0,0,0
16.570,-0.6855000,-0.0317000,9.8778000,64.3463000,66.8564000,59.8450000,-35.4550000,-7.7780000,8.1840000,0.000000,0,0,0
16.580,-0.7142000,-0.0425000,9.8993000,64.1632000,68.2526000,60.2646000,-35.8930000,-7.6140000,8.7180000,0.000000,0,0,0
16.590,-0.7273000,-0.0413000,9.9065000,64.3234000,68.6188000,60.6003000,-35.8290000,-7.6010000,9.0820000,0.000000,0,0,0
16.600,-0.7190000,-0.0329000,9.9184000,64.5676000,68.0237000,60.9131000,-35.7480000,-7.5850000,8.4710000,0.000000,0,0,0
16.610,-0.6855000,-0.0161000,9.9567000,64.7354000,66.9174000,61.2183000,-35.8790000,-7.6730000,9.6130000,0.000000,0,0,0
16.620,-0.6269000,-0.0006000,10.0213000,64.8422000,65.6738000,61.4853000,-35.9100000,-7.8620000,8.7890000,0.000000,0,0,0
16.630,-0.5646000,0.0054000,10.0847000,64.9719000,64.4760000,61.7065000,-35.6580000,-7.6890000,8.4630000,0.000000,0,0,0
16.640,-0.5300000,0.0042000,10.1338000,65.1855000,63.3240000,61.8591000,-35.8110000,-7.4460000,8.4330000,0.000000,0,0,0
16.650,-0.5300000,-0.0173000,10.1780000,65.5365000,62.5381000,61.8668000,-35.6610000,-7.6340000,8.2360000,0.000000,0,0,0
16.660,-0.5479000,-0.0664000,10.2283000,65.9180000,62.8891000,61.9736000,-35.8300000,-7.5300000,8.9990000,0.000000,0,0,0
16.670,-0.5766000,-0.1119000,10.2319000,66.1163000,64.2700000,62.4237000,-35.7100000,-7.8400000,7.8790000,0.000000,0,0,0
16.680,-0.6352000,-0.1226000,10.1601000,65.9256000,65.0711000,62.9349000,-35.7650000,-7.4510000,8.9150000,0.000000,0,0,0
16.690,-0.7034000,-0.1023000,10.0440000,65.4907000,64.8880000,63.2553000,-35.8570000,-7.3640000,8.9320000,0.000000,0,0,0
16.700,-0.7644000,-0.0556000,9.9388000,65.0253000,63.9801000,63.2248000,-35.7320000,-7.5330000,8.7620000,0.000000,0,0,0
16.710,-0.8063000,-0.0018000,9.8646000,64.7049000,63.2095000,62.9120000,-36.0170000,-7.3230000,8.4830000,0.000000,0,0,0
16.720,-0.8111000,0.0461000,9.8072000,64.4913000,62.9196000,62.4847000,-35.8940000,-7.3640000,9.0730000,0.000000,0,0,0
16.730,-0.7967000,0.0676000,9.7462000,64.3005000,62.8281000,62.2253000,-35.9740000,-7.1570000,9.0540000,0.000000,0,0,0
16.740,-0.7872000,0.0819000,9.6792000,64.0640000,62.7213000,62.3093000,-35.8800000,-7.1780000,9.3450000,0.000000,0,0,0
16.750,-0.8075000,0.0843000,9.6086000,63.7512000,62.7594000,62.5916000,-35.8780000,-7.4360000,9.1640000,0.000000,0,0,0
16.760,-0.8470000,0.0843000,9.5428000,63.4842000,62.8510000,62.7975000,-35.6360000,-7.5790000,9.5540000,0.000000,0,0,0
16.770,-0.8709000,0.0772000,9.5081000,63.4689000,62.8662000,62.7289000,-35.4720000,-7.2920000,9.4300000,0.000000,0,0,0
16.780,-0.8685000,0.0652000,9.5081000,63.7131000,62.7441000,62.4847000,-35.7010000,-7.2430000,9.4930000,0.000000,0,0,0
16.790,-0.8410000,0.0544000,9.5416000,64.0411000,62.4390000,62.2330000,-35.7650000,-7.3640000,9.3040000,0.000000,0,0,0
16.800,-0.8027000,0.0580000,9.6038000,64.3234000,62.2177000,62.0499000,-35.7270000,-7.3260000,8.9590000,0.000000,0,0,0
16.810,-0.7764000,0.0592000,9.6636000,64.4913000,62.5076000,61.8515000,-35.7170000,-7.5390000,8.7350000,0.000000,0,0,0
16.820,-0.7716000,0.0413000,9.6935000,64.5752000,63.2248000,61.6760000,-35.7910000,-7.2240000,8.7650000,0.000000,0,0,0
16.830,-0.7764000,0.0197000,9.7079000,64.6439000,63.9114000,61.5616000,-35.8690000,-7.2740000,9.4200000,0.000000,0,0,0
16.840,-0.7860000,0.0114000,9.7994000,62.0193000,62.1719000,61.0809000,-35.9460000,-7.3020000,9.2070000,0.000000,0,0,0
16.850,-0.7991000,0.0030000,9.7079000,64.7583000,64.5599000,61.4166000,-35.9360000,-7.2290000,9.6690000,0.000000,0,0,0
16.860,-0.8015000,0.0054000,9.7151000,64.8270000,64.4302000,61.3785000,-36.0200000,-7.1170000,9.8530000,0.000000,0,0,0
16.870,-0.7955000,0.0173000,9.7294000,64.8804000,64.1632000,61.3785000,-35.8760000,-6.8790000,9.3380000,0.000000,0,0,0
16.880,-0.7919000,0.0377000,9.7426000,64.9490000,63.9114000,61.3861000,-36.0140000,-6.8890000,9.0070000,0.000000,0,0,0
16.890,-0.7907000,0.0628000,9.7462000,65.0940000,63.8351000,61.3556000,-35.8110000,-6.9870000,9.1260000,0.000000,0,0,0
16.900,-0.7943000,0.0891000,9.7438000,65.3000000,64.0411000,61.2869000,-35.7170000,-7.2080000,9.1440000,0.000000,0,0,0
16.910,-0.7967000,0.1166000,9.7426000,65.5823000,64.3997000,61.1649000,-35.7740000,-6.5820000,8.9580000,0.000000,0,0,0
16.920,-0.7824000,0.1370000,9.7366000,65.8493000,64.6133000,60.9741000,-35.5050000,-6.9530000,8.9830000,0.000000,0,0,0
16.930,-0.7608000,0.1358000,9.7139000,65.9332000,64.4150000,60.8139000,-35.4340000,-7.1900000,8.9790000,0.000000,0,0,0
16.940,-0.7429000,0.1059000,9.6828000,65.7120000,63.8885000,60.7147000,-35.8250000,-7.1160000,8.6010000,0.000000,0,0,0
16.950,-0.7357000,0.0592000,9.6493000,65.1016000,63.4537000,60.7224000,-35.7570000,-6.7960000,8.5130000,0.000000,0,0,0
16.960,-0.7465000,0.0090000,9.6313000,64.0564000,63.3698000,60.8673000,-35.6760000,-7.0880000,9.1990000,0.000000,0,0,0
16.970,-0.7692000,-0.0281000,9.6445000,62.8052000,63.6673000,61.1725000,-35.6630000,-6.8950000,9.6640000,0.000000,0,0,0
16.980,-0.8015000,-0.0473000,9.6768000,61.6226000,63.9114000,61.6150000,-35.2940000,-7.0850000,9.5470000,0.000000,0,0,0
16.990,-0.8195000,-0.0269000,9.7330000,60.7758000,63.6063000,62.2330000,-35.8050000,-7.0380000,9.0690000,0.000000,0,0,0
17.000,-0.7872000,0.0365000,9.8060000,60.3027000,62.4619000,62.9501000,-35.6690000,-7.3690000,9.3610000,0.000000,0,0,0
17.010,-0.7178000,0.1238000,9.8622000,60.0128000,60.4935000,63.8046000,-35.7030000,-7.1660000,9.1330000,0.000000,0,0,0
17.020,-0.6711000,0.2016000,9.8837000,59.6542000,58.2504000,64.6744000,-35.6940000,-7.3570000,9.1520000,0.000000,0,0,0
17.030,-0.6903000,0.2422000,9.8275000,59.2041000,56.4346000,65.2771000,-35.5790000,-7.1920000,9.4110000,0.000000,0,0,0
17.040,-0.7776000,0.2243000,9.7043000,58.9447000,55.6870000,65.4984000,-35.5060000,-7.1480000,9.4180000,0.000000,0,0,0
17.050,-0.8912000,0.1669000,9.5440000,59.2575000,56.3126000,65.2847000,-35.6310000,-7.2520000,9.1390000,0.000000,0,0,0
17.060,-0.9786000,0.0843000,9.4303000,60.1807000,57.9834000,64.7202000,-35.6370000,-7.3370000,9.5640000,0.000000,0,0,0
17.070,-0.9917000,0.0102000,9.3957000,61.6531000,60.0204000,64.0411000,-35.6470000,-7.1740000,9.0400000,0.000000,0,0,0
17.080,-0.9499000,-0.0305000,9.4232000,63.3621000,61.7523000,63.4232000,-35.6490000,-7.5500000,9.2310000,0.000000,0,0,0
17.090,-0.8793000,-0.0341000,9.4961000,64.9414000,63.0875000,62.9807000,-35.5630000,-7.4780000,9.3330000,0.000000,0,0,0
17.100,-0.8075000,-0.0042000,9.5895000,66.1316000,64.1479000,62.6907000,-35.3510000,-7.7100000,9.7330000,0.000000,0,0,0
17.110,-0.7561000,0.0365000,9.6792000,67.0547000,65.4221000,62.5763000,-35.1030000,-7.2670000,9.6120000,0.000000,0,0,0
17.120,-0.7632000,0.0544000,9.7067000,67.2607000,65.8493000,62.6526000,-35.4950000,-7.1150000,9.7450000,0.000000,0,0,0
17.130,-0.7919000,0.0640000,9.7414000,67.1387000,65.7806000,62.7289000,-35.6130000,-7.5570000,9.3290000,0.000000,0,0,0
17.140,-0.8195000,0.0664000,9.8191000,66.5894000,65.0558000,62.8204000,-35.2660000,-7.3370000,9.5180000,0.000000,0,0,0
17.150,-0.8362000,0.0748000,9.8957000,65.6738000,64.1861000,62.9501000,-35.4030000,-7.3240000,8.8820000,0.000000,0,0,0
17.160,-0.8506000,0.0831000,9.9125000,64.4455000,63.8885000,62.9883000,-35.3230000,-7.2950000,8.6900000,0.000000,0,0,0
17.170,-0.8553000,0.0867000,9.8778000,63.2401000,64.1403000,62.9349000,-35.2320000,-7.3110000,9.0440000,0.000000,0,0,0
17.180,-0.8506000,0.0927000,9.8084000,62.3550000,64.5599000,62.8052000,-35.4410000,-7.5350000,8.9250000,0.000000,0,0,0
17.190,-0.8446000,0.1047000,9.7306000,61.8820000,64.8117000,62.5916000,-35.0840000,-7.5000000,9.3900000,0.000000,0,0,0
17.200,-0.8362000,0.1095000,9.6732000,61.7523000,64.6973000,62.3627000,-35.7220000,-7.5090000,8.7250000,0.000000,0,0,0
17.210,-0.8254000,0.1047000,9.6337000,61.8439000,64.2090000,62.2253000,-35.5100000,-7.4180000,8.9830000,0.000000,0,0,0
17.220,-0.8183000,0.0939000,9.6098000,61.9888000,63.4079000,62.2559000,-35.5110000,-7.7490000,9.4950000,0.000000,0,0,0
17.230,-0.8219000,0.0879000,9.6062000,62.1262000,62.4390000,62.3932000,-35.4290000,-7.0050000,10.2680000,0.000000,0,0,0
17.240,-0.8266000,0.0975000,9.6229000,62.2253000,61.6074000,62.5076000,-35.1680000,-7.6060000,9.6460000,0.000000,0,0,0
17.250,-0.8230000,0.1023000,9.6445000,62.2482000,61.1191000,62.4847000,-35.4390000,-7.3170000,9.4210000,0.000000,0,0,0
17.260,-0.8219000,0.1011000,9.6517000,62.2406000,60.7910000,62.4313000,-35.4640000,-7.6380000,9.5090000,0.000000,0,0,0
17.270,-0.8266000,0.1011000,9.6493000,62.2101000,60.5087000,62.3856000,-35.5980000,-7.4270000,9.5460000,0.000000,0,0,0
17.280,-0.8290000,0.1011000,9.6421000,62.1719000,60.2112000,62.2940000,-35.3490000,-7.1910000,9.3500000,0.000000,0,0,0
17.290,-0.8207000,0.0987000,9.6313000,62.1490000,59.7916000,62.1719000,-35.4770000,-7.2700000,8.8330000,0.000000,0,0,0
17.300,-0.8111000,0.0855000,9.6158000,62.1567000,59.1354000,62.0728000,-35.3840000,-7.4920000,8.8170000,0.000000,0,0,0
17.310,-0.8015000,0.0712000,9.6014000,62.2635000,58.1436000,62.0270000,-35.7480000,-6.9750000,8.9080000,0.000000,0,0,0
17.320,-0.7955000,0.0688000,9.5966000,62.4008000,56.8314000,62.0117000,-35.8920000,-7.1330000,9.2940000,0.000000,0,0,0
17.330,-0.7919000,0.0676000,9.6038000,62.5381000,55.4352000,62.0117000,-35.9830000,-7.1880000,8.7990000,0.000000,0,0,0
17.340,-0.7919000,0.0712000,9.6014000,62.5916000,54.0848000,62.0041000,-35.9820000,-7.3240000,9.1430000,0.000000,0,0,0
17.350,-0.7967000,0.0855000,9.6026000,62.5534000,52.8030000,61.9736000,-35.5810000,-7.3020000,8.9230000,0.000000,0,0,0
17.360,-0.7955000,0.1059000,9.5859000,62.4695000,51.4984000,61.8362000,-35.7890000,-7.6830000,9.1870000,0.000000,0,0,0
17.370,-0.7668000,0.1142000,9.5811000,62.3856000,50.0412000,61.5692000,-35.9240000,-7.5240000,8.8240000,0.000000,0,0,0
17.380,-0.7142000,0.1142000,9.6074000,62.3169000,48.7747000,61.2259000,-36.0450000,-7.4890000,8.6710000,0.000000,0,0,0
17.390,-0.6592000,0.1047000,9.6517000,62.2330000,48.1720000,60.9131000,-36.0740000,-7.3020000,8.7610000,0.000000,0,0,0
17.400,-0.6197000,0.0784000,9.6756000,62.2330000,48.0042000,60.6689000,-36.2640000,-7.5000000,8.2320000,0.000000,0,0,0
17.410,-0.5910000,0.0628000,9.6804000,62.3169000,47.9279000,60.5469000,-36.1830000,-7.1670000,8.7300000,0.000000,0,0,0
17.420,-0.5682000,0.0628000,9.6959000,62.4466000,47.9355000,60.5774000,-36.2030000,-7.2510000,8.7180000,0.000000,0,0,0
17.430,-0.5407000,0.0688000,9.7270000,62.6755000,48.3932000,60.6842000,-36.2690000,-7.5640000,8.5790000,0.000000,0,0,0
17.440,-0.5192000,0.0736000,9.7342000,62.9120000,49.2630000,60.8521000,-36.3060000,-7.5780000,9.0480000,0.000000,0,0,0
17.450,-0.5012000,0.0772000,9.7222000,63.0722000,50.0259000,61.0123000,-36.5200000,-7.4330000,8.7800000,0.000000,0,0,0
17.460,-0.4857000,0.0831000,9.6935000,63.1638000,50.4761000,61.0962000,-36.3420000,-7.3470000,8.5640000,0.000000,0,0,0
17.470,-0.4354000,0.0784000,9.7605000,63.1638000,51.4069000,61.1954000,-36.1060000,-7.3120000,8.6020000,0.000000,0,0,0
17.480,-0.4043000,0.0760000,9.7880000,62.9959000,53.2837000,61.3708000,-36.0430000,-7.2560000,8.7370000,0.000000,0,0,0
17.490,-0.3900000,0.0760000,9.7916000,62.8052000,55.3894000,61.5463000,-35.9850000,-7.0910000,8.6480000,0.000000,0,0,0
17.500,-0.3852000,0.0784000,9.7749000,62.6602000,57.3120000,61.6837000,-36.1640000,-7.0540000,8.6830000,0.000000,0,0,0
17.510,-0.3840000,0.0831000,9.7486000,62.5381000,58.8989000,61.7447000,-36.0950000,-7.0280000,8.6610000,0.000000,0,0,0
17.520,-0.3864000,0.0855000,9.7234000,62.4390000,60.1273000,61.7523000,-35.7280000,-7.4070000,8.4840000,0.000000,0,0,0
17.530,-0.3888000,0.0855000,9.7067000,62.3550000,61.0352000,61.7294000,-35.8880000,-7.4090000,9.1620000,0.000000,0,0,0
17.540,-0.3900000,0.0831000,9.6923000,62.3016000,61.6760000,61.6684000,-36.2870000,-7.2720000,9.1870000,0.000000,0,0,0
17.550,-0.3912000,0.0807000,9.6792000,62.2559000,62.0804000,61.5997000,-35.9830000,-6.9730000,9.1610000,0.000000,0,0,0
17.560,-0.3960000,0.0772000,9.6708000,62.2253000,62.2711000,61.5387000,-36.2050000,-7.5620000,9.1720000,0.000000,0,0,0
17.570,-0.4008000,0.0748000,9.6648000,62.2330000,62.3169000,61.5082000,-36.4590000,-7.3650000,8.5670000,0.000000,0,0,0
17.580,-0.4055000,0.0724000,9.6636000,62.2559000,62.2711000,61.5005000,-36.1950000,-7.4600000,8.8090000,0.000000,0,0,0
17.590,-0.4055000,0.0712000,9.6648000,62.2864000,62.2101000,61.5158000,-36.1940000,-7.3300000,8.8150000,0.000000,0,0,0
17.600,-0.4031000,0.0700000,9.6660000,62.3093000,62.2330000,61.5463000,-36.1310000,-7.3810000,8.9450000,0.000000,0,0,0
17.610,-0.3984000,0.0712000,9.6696000,62.3245000,62.3322000,61.5692000,-36.1740000,-6.9420000,8.4230000,0.000000,0,0,0
17.620,-0.3960000,0.0712000,9.6720000,62.3474000,62.4771000,61.5768000,-35.9590000,-7.1570000,8.8840000,0.000000,0,0,0
17.630,-0.3960000,0.0712000,9.6696000,62.3474000,62.6068000,61.5540000,-36.1110000,-6.9870000,9.1310000,0.000000,0,0,0
17.640,-0.3996000,0.0712000,9.6672000,62.3245000,62.6602000,61.5311000,-35.8980000,-7.1460000,9.3480000,0.000000,0,0,0
17.650,-0.4055000,0.0688000,9.6684000,62.2787000,62.6297000,61.5082000,-36.0820000,-7.2310000,8.2530000,0.000000,0,0,0
17.660,-0.4091000,0.0676000,9.6732000,62.2635000,62.5534000,61.5005000,-36.1330000,-7.2890000,8.7130000,0.000000,0,0,0
17.670,-0.4091000,0.0676000,9.6768000,62.2787000,62.4847000,61.5082000,-36.1510000,-7.2490000,8.4160000,0.000000,0,0,0
17.680,-0.4067000,0.0688000,9.6768000,62.3322000,62.4466000,61.5234000,-36.5840000,-7.2030000,9.0050000,0.000000,0,0,0
17.690,-0.4043000,0.0688000,9.6780000,62.3856000,62.4542000,61.5463000,-36.0900000,-7.2310000,8.6950000,0.000000,0,0,0
17.700,-0.4008000,0.0700000,9.6780000,62.4542000,62.5000000,61.5616000,-36.1070000,-7.2130000,8.5930000,0.000000,0,0,0
17.710,-0.3984000,0.0700000,9.6756000,62.5000000,62.5229000,61.5692000,-36.0090000,-7.0990000,8.5040000,0.000000,0,0,0
17.720,-0.3948000,0.0700000,9.6696000,62.5610000,62.6068000,61.5616000,-36.2030000,-7.2880000,8.4990000,0.000000,0,0,0
17.730,-0.3948000,0.0700000,9.6708000,62.5839000,62.6678000,61.5540000,-36.2680000,-7.4170000,8.1010000,0.000000,0,0,0
17.740,-0.3960000,0.0676000,9.6744000,62.6221000,62.6984000,61.5616000,-36.0770000,-7.1470000,8.3180000,0.000000,0,0,0
17.750,-0.3984000,0.0640000,9.6732000,62.6602000,62.6984000,61.5921000,-36.1800000,-7.1270000,8.8400000,0.000000,0,0,0
17.760,-0.3996000,0.0604000,9.6672000,62.6984000,62.6831000,61.6608000,-35.9200000,-7.4130000,8.8920000,0.000000,0,0,0
17.770,-0.4008000,0.0592000,9.6636000,62.7365000,62.6678000,61.7371000,-36.2760000,-7.6120000,8.8150000,0.000000,0,0,0
17.780,-0.3984000,0.0616000,9.6660000,62.7518000,62.6297000,61.7905000,-36.2830000,-7.5760000,8.1640000,0.000000,0,0,0
17.790,-0.3972000,0.0652000,9.6684000,62.7594000,62.5916000,61.8057000,-36.1000000,-7.1190000,9.5890000,0.000000,0,0,0
17.800,-0.3948000,0.0688000,9.6672000,62.7441000,62.5458000,61.7828000,-36.2350000,-7.5560000,8.8250000,0.000000,0,0,0
17.810,-0.3936000,0.0700000,9.6660000,62.7213000,62.4771000,61.7218000,-35.9950000,-7.3720000,8.5940000,0.000000,0,0,0
17.820,-0.3936000,0.0700000,9.6672000,62.6831000,62.4161000,61.6531000,-36.0660000,-7.5960000,9.0830000,0.000000,0,0,0
17.830,-0.3948000,0.0688000,9.6684000,62.6373000,62.3550000,61.6074000,-36.2530000,-7.3170000,8.2080000,0.000000,0,0,0
17.840,-0.3936000,0.0676000,9.6684000,62.5839000,62.3093000,61.5768000,-36.0360000,-7.0840000,8.9570000,0.000000,0,0,0
17.850,-0.3924000,0.0676000,9.6684000,62.5305000,62.2864000,61.5616000,-36.1980000,-7.3760000,8.4630000,0.000000,0,0,0
17.860,-0.3888000,0.0676000,9.6684000,62.4771000,62.3016000,61.5463000,-36.1850000,-7.2760000,8.9300000,0.000000,0,0,0
17.870,-0.3864000,0.0688000,9.6708000,62.4390000,62.3550000,61.5311000,-35.9330000,-7.2600000,8.5560000,0.000000,0,0,0
17.880,-0.3876000,0.0676000,9.6744000,62.4390000,62.4008000,61.5158000,-36.0860000,-7.5940000,8.8230000,0.000000,0,0,0
17.890,-0.3900000,0.0664000,9.6756000,62.4695000,62.4390000,61.5158000,-36.1150000,-7.5290000,9.1550000,0.000000,0,0,0
17.900,-0.3948000,0.0616000,9.6744000,62.5153000,62.4771000,61.5692000,-36.3140000,-7.2330000,8.7020000,0.000000,0,0,0
17.910,-0.3960000,0.0604000,9.6744000,62.5534000,62.5076000,61.6608000,-36.2180000,-7.2440000,8.5670000,0.000000,0,0,0
17.920,-0.3948000,0.0592000,9.6744000,62.5839000,62.5229000,61.7371000,-36.4170000,-7.4890000,8.9570000,0.000000,0,0,0
17.930,-0.3900000,0.0604000,9.6732000,62.6068000,62.5458000,61.7981000,-35.8230000,-6.9840000,9.0330000,0.000000,0,0,0
17.940,-0.3888000,0.0592000,9.6708000,62.6297000,62.5839000,61.8286000,-36.2690000,-7.3470000,7.9040000,0.000000,0,0,0
17.950,-0.3864000,0.0604000,9.6696000,62.6297000,62.6297000,61.8439000,-35.7640000,-7.2550000,8.6050000,0.000000,0,0,0
17.960,-0.3852000,0.0616000,9.6744000,62.6450000,62.6831000,61.8210000,-35.9310000,-7.0850000,8.8550000,0.000000,0,0,0
17.970,-0.3840000,0.0616000,9.6744000,62.6602000,62.7289000,61.7676000,-36.0120000,-7.4550000,8.9080000,0.000000,0,0,0
17.980,-0.3852000,0.0628000,9.6720000,62.6602000,62.7670000,61.6989000,-36.1280000,-7.5200000,8.5220000,0.000000,0,0,0
17.990,-0.3864000,0.0640000,9.6696000,62.6602000,62.8052000,61.6302000,-36.1080000,-7.2490000,8.3120000,0.000000,0,0,0
18.000,-0.3876000,0.0640000,9.6708000,62.6526000,62.8281000,61.5692000,-35.9500000,-7.4290000,8.5760000,0.000000,0,0,0
18.010,-0.3900000,0.0640000,9.6708000,62.6450000,62.8357000,61.5311000,-35.7510000,-7.2420000,8.8540000,0.000000,0,0,0
18.020,-0.3912000,0.0640000,9.6696000,62.6297000,62.8128000,61.5082000,-36.0230000,-7.3150000,8.9440000,0.000000,0,0,0
18.030,-0.3924000,0.0628000,9.6696000,62.6144000,62.7670000,61.4929000,-36.1850000,-7.3260000,9.2420000,0.000000,0,0,0
18.040,-0.3924000,0.0604000,9.6708000,62.6144000,62.7365000,61.4929000,-36.2110000,-7.1020000,8.4150000,0.000000,0,0,0
18.050,-0.3936000,0.0592000,9.6720000,62.6144000,62.7136000,61.4853000,-36.4360000,-7.1270000,8.5800000,0.000000,0,0,0
18.060,-0.3936000,0.0592000,9.6720000,62.6144000,62.6984000,61.4777000,-36.4250000,-7.6690000,8.8710000,0.000000,0,0,0
18.070,-0.3948000,0.0580000,9.6708000,62.6068000,62.6755000,61.4777000,-36.3200000,-7.1670000,8.9580000,0.000000,0,0,0
18.080,-0.3936000,0.0568000,9.6708000,62.6068000,62.6602000,61.4777000,-36.3080000,-7.2140000,9.1080000,0.000000,0,0,0
18.090,-0.3948000,0.0580000,9.6696000,62.6144000,62.6450000,61.4700000,-36.1890000,-7.0020000,8.8560000,0.000000,0,0,0
18.100,-0.3948000,0.0592000,9.6708000,62.6297000,62.6221000,61.4700000,-36.1010000,-7.1560000,8.4460000,0.000000,0,0,0
18.110,-0.3936000,0.0604000,9.6708000,62.6450000,62.5916000,61.4777000,-36.2000000,-6.9890000,8.7760000,0.000000,0,0,0
18.120,-0.3924000,0.0616000,9.6708000,62.6602000,62.5687000,61.4853000,-36.1410000,-7.4690000,8.6490000,0.000000,0,0,0
18.130,-0.3924000,0.0616000,9.6732000,62.6755000,62.5610000,61.4929000,-36.2650000,-7.2130000,8.2380000,0.000000,0,0,0
18.140,-0.3912000,0.0604000,9.6744000,62.6984000,62.5610000,61.5082000,-36.1170000,-7.0500000,8.2790000,0.000000,0,0,0
18.150,-0.3900000,0.0604000,9.6744000,62.7136000,62.5610000,61.5158000,-36.2030000,-7.1640000,8.6860000,0.000000,0,0,0
18.160,-0.3888000,0.0592000,9.6732000,62.7213000,62.5687000,61.5234000,-36.3400000,-7.1230000,8.6940000,0.000000,0,0,0
18.170,-0.3888000,0.0568000,9.6720000,62.7365000,62.5839000,61.5234000,-36.6140000,-7.2690000,8.2910000,0.000000,0,0,0
18.180,-0.3888000,0.0568000,9.6720000,62.7518000,62.6068000,61.5158000,-36.1670000,-7.4320000,8.2270000,0.000000,0,0,0
18.190,-0.3888000,0.0580000,9.6732000,62.7594000,62.6373000,61.5158000,-36.3780000,-7.1750000,8.4530000,0.000000,0,0,0
18.200,-0.3876000,0.0604000,9.6732000,62.7594000,62.6678000,61.5082000,-36.2930000,-7.4370000,8.3840000,0.000000,0,0,0
18.210,-0.3900000,0.0604000,9.6732000,62.7594000,62.6907000,61.5082000,-36.5080000,-7.0770000,8.7670000,0.000000,0,0,0
18.220,-0.3900000,0.0604000,9.6720000,62.7670000,62.6907000,61.5158000,-36.5780000,-6.9090000,9.1420000,0.000000,0,0,0
18.230,-0.3912000,0.0604000,9.6696000,62.7594000,62.6755000,61.5311000,-36.0290000,-7.1700000,8.4990000,0.000000,0,0,0
18.240,-0.3912000,0.0604000,9.6684000,62.7441000,62.6450000,61.5463000,-36.0270000,-7.4260000,8.8790000,0.000000,0,0,0
18.250,-0.3924000,0.0604000,9.6684000,62.7289000,62.6221000,61.5463000,-36.0150000,-7.7520000,8.9510000,0.000000,0,0,0
18.260,-0.3924000,0.0604000,9.6684000,62.7213000,62.5992000,61.5616000,-36.5290000,-7.6510000,8.5820000,0.000000,0,0,0
18.270,-0.3912000,0.0592000,9.6696000,62.7136000,62.5839000,61.5616000,-36.2200000,-7.4540000,8.4560000,0.000000,0,0,0
18.280,-0.3912000,0.0604000,9.6696000,62.7136000,62.5839000,61.5540000,-36.3900000,-7.1370000,8.3530000,0.000000,0,0,0
18.290,-0.3912000,0.0592000,9.6684000,62.7213000,62.5839000,61.5463000,-36.3110000,-7.3590000,8.4990000,0.000000,0,0,0
18.300,-0.3912000,0.0580000,9.6684000,62.7289000,62.5916000,61.5387000,-36.2760000,-7.3320000,8.2490000,0.000000,0,0,0
18.310,-0.3888000,0.0592000,9.6696000,62.7365000,62.5992000,61.5463000,-36.1050000,-7.0380000,8.0050000,0.000000,0,0,0
18.320,-0.3876000,0.0616000,9.6696000,62.7441000,62.6221000,61.5463000,-36.3860000,-7.6360000,8.5930000,0.000000,0,0,0
18.330,-0.3876000,0.0628000,9.6696000,62.7365000,62.6450000,61.5540000,-36.4790000,-7.6660000,8.1520000,0.000000,0,0,0
18.340,-0.3912000,0.0616000,9.6708000,62.7365000,62.6755000,61.5616000,-36.3250000,-7.5970000,9.0420000,0.000000,0,0,0
18.350,-0.3972000,0.0544000,9.6708000,62.7441000,62.7060000,61.6226000,-36.4390000,-7.2950000,8.5480000,0.000000,0,0,0
18.360,-0.3924000,0.0544000,9.6708000,62.7518000,62.7365000,61.6913000,-36.0540000,-7.1880000,7.9320000,0.000000,0,0,0
18.370,-0.3888000,0.0544000,9.6708000,62.7670000,62.7594000,61.7294000,-36.1570000,-7.3550000,7.9550000,0.000000,0,0,0
18.380,-0.3888000,0.0532000,9.6720000,62.7823000,62.7899000,61.7447000,-36.2820000,-7.3730000,8.2820000,0.000000,0,0,0
18.390,-0.3852000,0.0568000,9.6708000,62.7975000,62.8128000,61.7371000,-35.9940000,-7.3780000,8.6860000,0.000000,0,0,0
18.400,-0.3840000,0.0580000,9.6672000,62.7899000,62.8357000,61.7065000,-36.3650000,-7.2130000,8.7250000,0.000000,0,0,0
18.410,-0.3840000,0.0592000,9.6672000,62.7899000,62.8662000,61.6608000,-36.3830000,-7.4820000,8.1990000,0.000000,0,0,0
18.420,-0.3876000,0.0616000,9.6684000,62.7823000,62.8586000,61.6074000,-36.4970000,-7.4170000,8.3360000,0.000000,0,0,0
18.430,-0.3912000,0.0628000,9.6684000,62.7747000,62.8128000,61.5692000,-36.4000000,-7.0180000,7.8970000,0.000000,0,0,0
18.440,-0.3936000,0.0640000,9.6684000,62.7670000,62.7441000,61.5311000,-36.4480000,-7.1100000,8.7570000,0.000000,0,0,0
18.450,-0.3936000,0.0628000,9.6696000,62.7518000,62.6755000,61.5158000,-36.4240000,-7.1080000,8.4570000,0.000000,0,0,0
18.460,-0.3936000,0.0616000,9.6696000,62.7441000,62.6221000,61.5082000,-36.1090000,-7.3510000,8.4230000,0.000000,0,0,0
18.470,-0.3936000,0.0592000,9.6696000,62.7289000,62.5916000,61.5082000,-36.2930000,-7.3490000,8.3470000,0.000000,0,0,0
18.480,-0.3924000,0.0592000,9.6684000,62.7213000,62.5992000,61.5082000,-36.2260000,-7.4470000,8.6300000,0.000000,0,0,0
18.490,-0.3900000,0.0580000,9.6672000,62.7136000,62.6297000,61.5082000,-36.2400000,-7.3100000,8.8920000,0.000000,0,0,0
18.500,-0.3876000,0.0580000,9.6684000,62.7136000,62.6831000,61.5082000,-36.4520000,-7.3790000,8.3370000,0.000000,0,0,0
18.510,-0.3864000,0.0592000,9.6672000,62.7136000,62.7213000,61.5082000,-36.1220000,-7.4070000,8.7280000,0.000000,0,0,0
18.520,-0.3888000,0.0604000,9.6672000,62.7213000,62.7365000,61.5005000,-36.5510000,-7.3990000,8.4980000,0.000000,0,0,0
18.530,-0.3912000,0.0616000,9.6672000,62.7289000,62.7441000,61.5005000,-36.2700000,-7.1400000,8.3270000,0.000000,0,0,0
18.540,-0.3936000,0.0616000,9.6684000,62.7365000,62.7365000,61.5005000,-36.3990000,-7.4050000,8.6420000,0.000000,0,0,0
18.550,-0.3936000,0.0616000,9.6684000,62.7365000,62.7213000,61.5082000,-36.3010000,-7.0330000,9.1270000,0.000000,0,0,0
18.560,-0.3936000,0.0604000,9.6684000,62.7289000,62.6984000,61.5082000,-36.5180000,-7.5750000,8.6540000,0.000000,0,0,0
18.570,-0.3924000,0.0592000,9.6672000,62.7213000,62.6831000,61.5082000,-36.5170000,-7.4510000,8.4580000,0.000000,0,0,0
18.580,-0.3912000,0.0580000,9.6672000,62.7136000,62.6678000,61.5158000,-36.5620000,-7.3900000,8.9650000,0.000000,0,0,0
18.590,-0.3912000,0.0580000,9.6672000,62.7136000,62.6526000,61.5158000,-36.3640000,-7.2900000,8.8940000,0.000000,0,0,0
18.600,-0.3912000,0.0592000,9.6672000,62.7136000,62.6450000,61.5082000,-36.3520000,-7.1280000,8.8050000,0.000000,0,0,0
18.610,-0.3912000,0.0592000,9.6672000,62.7213000,62.6373000,61.5082000,-36.0920000,-7.0260000,8.6630000,0.000000,0,0,0
18.620,-0.3900000,0.0592000,9.6660000,62.7289000,62.6297000,61.5082000,-36.1490000,-6.9100000,8.2180000,0.000000,0,0,0
18.630,-0.3888000,0.0604000,9.6660000,62.7441000,62.6373000,61.5082000,-36.3220000,-7.0330000,8.6080000,0.000000,0,0,0
18.640,-0.3888000,0.0616000,9.6660000,62.7518000,62.6526000,61.5158000,-36.0720000,-7.2910000,8.3070000,0.000000,0,0,0
18.650,-0.3900000,0.0616000,9.6672000,62.7594000,62.6755000,61.5158000,-36.5080000,-7.3060000,8.5730000,0.000000,0,0,0
18.660,-0.3912000,0.0616000,9.6672000,62.7518000,62.6984000,61.5158000,-36.2970000,-7.0140000,8.4760000,0.000000,0,0,0
18.670,-0.3900000,0.0628000,9.6672000,62.7441000,62.7136000,61.5082000,-36.2130000,-7.4630000,8.0640000,0.000000,0,0,0
18.680,-0.3900000,0.0628000,9.6672000,62.7441000,62.7213000,61.5005000,-36.1040000,-7.1880000,8.3560000,0.000000,0,0,0
18.690,-0.3900000,0.0628000,9.6660000,62.7365000,62.7289000,61.4929000,-36.3390000,-7.1440000,8.3710000,0.000000,0,0,0
18.700,-0.3900000,0.0640000,9.6672000,62.7289000,62.7289000,61.4777000,-36.3090000,-7.1270000,8.4000000,0.000000,0,0,0
18.710,-0.3912000,0.0652000,9.6684000,62.7289000,62.7289000,61.4777000,-36.3850000,-6.8160000,8.3290000,0.000000,0,0,0
18.720,-0.3912000,0.0640000,9.6696000,62.7289000,62.7213000,61.4853000,-36.3390000,-7.1080000,8.5770000,0.000000,0,0,0
18.730,-0.3912000,0.0628000,9.6684000,62.7365000,62.7060000,61.4929000,-36.7160000,-7.2210000,9.0210000,0.000000,0,0,0
18.740,-0.3900000,0.0616000,9.6672000,62.7365000,62.6984000,61.4929000,-36.2570000,-7.1190000,8.3870000,0.000000,0,0,0
18.750,-0.3900000,0.0580000,9.6672000,62.7365000,62.7060000,61.5005000,-37.0220000,-6.9680000,8.7810000,0.000000,0,0,0
18.760,-0.3900000,0.0568000,9.6672000,62.7441000,62.7213000,61.5082000,-36.6530000,-7.0570000,8.1950000,0.000000,0,0,0
18.770,-0.3900000,0.0556000,9.6672000,62.7518000,62.7365000,61.5082000,-36.0680000,-7.3170000,8.4170000,0.000000,0,0,0
18.780,-0.3912000,0.0580000,9.6672000,62.7594000,62.7594000,61.5158000,-36.4490000,-7.2320000,8.2370000,0.000000,0,0,0
18.790,-0.3936000,0.0592000,9.6684000,62.7670000,62.7594000,61.5234000,-36.5990000,-7.2470000,8.1090000,0.000000,0,0,0
18.800,-0.3960000,0.0592000,9.6708000,62.7747000,62.7518000,61.5234000,-36.5230000,-7.0060000,7.7620000,0.000000,0,0,0
18.810,-0.3960000,0.0580000,9.6720000,62.7823000,62.7289000,61.5311000,-36.5700000,-7.2900000,7.8350000,0.000000,0,0,0
18.820,-0.3948000,0.0580000,9.6708000,62.7823000,62.6984000,61.5311000,-36.3880000,-7.0190000,8.2470000,0.000000,0,0,0
18.830,-0.3936000,0.0568000,9.6684000,62.7823000,62.6678000,61.5311000,-36.6200000,-7.0380000,8.1280000,0.000000,0,0,0
18.840,-0.3912000,0.0568000,9.6684000,62.7823000,62.6526000,61.5311000,-36.0380000,-7.2790000,8.1050000,0.000000,0,0,0
18.850,-0.3876000,0.0580000,9.6696000,62.7747000,62.6450000,61.5387000,-36.3340000,-7.1030000,8.5970000,0.000000,0,0,0
18.860,-0.3864000,0.0604000,9.6708000,62.7594000,62.6526000,61.5387000,-36.4010000,-6.9270000,7.9480000,0.000000,0,0,0
18.870,-0.3864000,0.0628000,9.6708000,62.7441000,62.6678000,61.5311000,-36.6100000,-7.3590000,7.7650000,0.000000,0,0,0
18.880,-0.3876000,0.0640000,9.6732000,62.7365000,62.7060000,61.5158000,-36.4900000,-7.1440000,8.3620000,0.000000,0,0,0
18.890,-0.3900000,0.0640000,9.6744000,62.7365000,62.7594000,61.5082000,-36.8460000,-7.5740000,7.9610000,0.000000,0,0,0
18.900,-0.3900000,0.0628000,9.6732000,62.7441000,62.8128000,61.5005000,-36.2980000,-7.2670000,8.0530000,0.000000,0,0,0
18.910,-0.3912000,0.0616000,9.6708000,62.7518000,62.8433000,61.5005000,-36.5330000,-7.3530000,8.2950000,0.000000,0,0,0
18.920,-0.3924000,0.0616000,9.6696000,62.7670000,62.8510000,61.5005000,-36.2170000,-6.9790000,8.7570000,0.000000,0,0,0
18.930,-0.3924000,0.0628000,9.6672000,62.7747000,62.8510000,61.5082000,-36.4820000,-7.1300000,7.7780000,0.000000,0,0,0
18.940,-0.3936000,0.0628000,9.6672000,62.7747000,62.8433000,61.5082000,-36.4160000,-7.4790000,7.6320000,0.000000,0,0,0
18.950,-0.3936000,0.0640000,9.6672000,62.7823000,62.8510000,61.5082000,-36.4590000,-7.2500000,7.7060000,0.000000,0,0,0
18.960,-0.3924000,0.0640000,9.6672000,62.7899000,62.8510000,61.5005000,-36.4480000,-7.0740000,7.9450000,0.000000,0,0,0
18.970,-0.3936000,0.0652000,9.6684000,62.7975000,62.8433000,61.5005000,-36.2970000,-7.1940000,8.5570000,0.000000,0,0,0
18.980,-0.3948000,0.0652000,9.6696000,62.7975000,62.8281000,61.5082000,-36.4580000,-7.2420000,8.7220000,0.000000,0,0,0
18.990,-0.3960000,0.0652000,9.6684000,62.7899000,62.8052000,61.5082000,-36.7450000,-7.2070000,8.1620000,0.000000,0,0,0
19.000,-0.3972000,0.0664000,9.6672000,62.7823000,62.7594000,61.5082000,-36.4750000,-7.3950000,8.4430000,0.000000,0,0,0
19.010,-0.3960000,0.0664000,9.6660000,62.7670000,62.7289000,61.5082000,-36.6190000,-7.4680000,8.1120000,0.000000,0,0,0
19.020,-0.3960000,0.0640000,9.6648000,62.7594000,62.6984000,61.5082000,-36.2580000,-6.9690000,7.6320000,0.000000,0,0,0
19.030,-0.3948000,0.0628000,9.6660000,62.7518000,62.6831000,61.5082000,-36.5980000,-7.2310000,7.8680000,0.000000,0,0,0
19.040,-0.3948000,0.0628000,9.6672000,62.7441000,62.6678000,61.5158000,-36.6770000,-7.0230000,8.5910000,0.000000,0,0,0
19.050,-0.3948000,0.0628000,9.6684000,62.7441000,62.6602000,61.5158000,-36.6610000,-7.2450000,8.5160000,0.000000,0,0,0
19.060,-0.3960000,0.0628000,9.6684000,62.7518000,62.6602000,61.5158000,-36.0310000,-7.5460000,7.6730000,0.000000,0,0,0
19.070,-0.3960000,0.0640000,9.6684000,62.7518000,62.6602000,61.5082000,-36.8390000,-7.5670000,7.9780000,0.000000,0,0,0
19.080,-0.3948000,0.0628000,9.6696000,62.7518000,62.6602000,61.5082000,-36.4020000,-7.5670000,7.6640000,0.000000,0,0,0
19.090,-0.3948000,0.0616000,9.6696000,62.7441000,62.6602000,61.5005000,-35.9600000,-7.0010000,8.0270000,0.000000,0,0,0
19.100,-0.3948000,0.0604000,9.6684000,62.7441000,62.6602000,61.5005000,-36.3910000,-7.3110000,8.4670000,0.000000,0,0,0
19.110,-0.3936000,0.0604000,9.6684000,62.7365000,62.6526000,61.4929000,-36.3670000,-7.4020000,8.2290000,0.000000,0,0,0
19.120,-0.3936000,0.0616000,9.6684000,62.7289000,62.6526000,61.5082000,-36.5780000,-7.0830000,8.3290000,0.000000,0,0,0
19.130,-0.3924000,0.0640000,9.6684000,62.7365000,62.6450000,61.5082000,-36.5690000,-7.1450000,8.5790000,0.000000,0,0,0
19.140,-0.3924000,0.0652000,9.6684000,62.7365000,62.6450000,61.5082000,-36.5550000,-7.2670000,8.8090000,0.000000,0,0,0
19.150,-0.3912000,0.0652000,9.6672000,62.7441000,62.6602000,61.5158000,-36.6210000,-7.2400000,8.3310000,0.000000,0,0,0
19.160,-0.3912000,0.0640000,9.6672000,62.7518000,62.6755000,61.5158000,-36.3030000,-7.0150000,9.3800000,0.000000,0,0,0
19.170,-0.3912000,0.0616000,9.6672000,62.7518000,62.7060000,61.5158000,-36.5610000,-7.0440000,8.4160000,0.000000,0,0,0
19.180,-0.3912000,0.0604000,9.6672000,62.7594000,62.7213000,61.5158000,-36.3880000,-6.9130000,8.3970000,0.000000,0,0,0
19.190,-0.3924000,0.0604000,9.6660000,62.7594000,62.7365000,61.5158000,-36.2900000,-7.1520000,8.7890000,0.000000,0,0,0
19.200,-0.3936000,0.0616000,9.6660000,62.7518000,62.7594000,61.5082000,-36.3560000,-7.2410000,8.6490000,0.000000,0,0,0
19.210,-0.3948000,0.0628000,9.6672000,62.7441000,62.7670000,61.5005000,-36.3690000,-7.2970000,9.1700000,0.000000,0,0,0
19.220,-0.3960000,0.0640000,9.6672000,62.7441000,62.7670000,61.5005000,-36.2620000,-7.0460000,8.0040000,0.000000,0,0,0
19.230,-0.3972000,0.0664000,9.6660000,62.7441000,62.7441000,61.5082000,-36.4840000,-7.5480000,8.9220000,0.000000,0,0,0
19.240,-0.3972000,0.0664000,9.6660000,62.7441000,62.6984000,61.5082000,-36.2920000,-7.1680000,8.1750000,0.000000,0,0,0
19.250,-0.3948000,0.0664000,9.6672000,62.7441000,62.6602000,61.5158000,-36.6490000,-7.4270000,8.8940000,0.000000,0,0,0
19.260,-0.3924000,0.0664000,9.6672000,62.7518000,62.6450000,61.5158000,-36.1980000,-7.0240000,8.2580000,0.000000,0,0,0
19.270,-0.3912000,0.0652000,9.6672000,62.7441000,62.6450000,61.5234000,-36.4770000,-7.3260000,8.6260000,0.000000,0,0,0
19.280,-0.3912000,0.0652000,9.6684000,62.7289000,62.6526000,61.5234000,-36.3140000,-7.0120000,8.3670000,0.000000,0,0,0
19.290,-0.3924000,0.0640000,9.6708000,62.7213000,62.6602000,61.5158000,-36.6410000,-7.3970000,9.0110000,0.000000,0,0,0
19.300,-0.3936000,0.0628000,9.6720000,62.7213000,62.6526000,61.5158000,-36.3960000,-7.3070000,8.7760000,0.000000,0,0,0
19.310,-0.3948000,0.0616000,9.6708000,62.7213000,62.6373000,61.5158000,-36.3340000,-7.3190000,8.3510000,0.000000,0,0,0
19.320,-0.3948000,0.0604000,9.6696000,62.7213000,62.6221000,61.5158000,-36.6240000,-7.1420000,8.4840000,0.000000,0,0,0
19.330,-0.3948000,0.0604000,9.6708000,62.7289000,62.6144000,61.5234000,-36.3570000,-7.1620000,9.1340000,0.000000,0,0,0
19.340,-0.3936000,0.0604000,9.6696000,62.7365000,62.6068000,61.5234000,-36.2600000,-7.3450000,8.2790000,0.000000,0,0,0
19.350,-0.3912000,0.0616000,9.6696000,62.7441000,62.5992000,61.5311000,-36.4170000,-7.3440000,8.4930000,0.000000,0,0,0
19.360,-0.3924000,0.0628000,9.6684000,62.7365000,62.5992000,61.5311000,-36.2060000,-7.4050000,8.7290000,0.000000,0,0,0
19.370,-0.3912000,0.0628000,9.6696000,62.7289000,62.5992000,61.5234000,-36.2980000,-7.4900000,8.5940000,0.000000,0,0,0
19.380,-0.3924000,0.0628000,9.6696000,62.7213000,62.5992000,61.5158000,-36.2770000,-7.4260000,8.1210000,0.000000,0,0,0
19.390,-0.3924000,0.0628000,9.6708000,62.7136000,62.6068000,61.5005000,-36.6300000,-7.4790000,9.0100000,0.000000,0,0,0
19.400,-0.3936000,0.0640000,9.6708000,62.7060000,62.6144000,61.4929000,-36.1900000,-7.1680000,8.6640000,0.000000,0,0,0
19.410,-0.3948000,0.0652000,9.6708000,62.7060000,62.6144000,61.5005000,-36.2300000,-7.2640000,8.9180000,0.000000,0,0,0
19.420,-0.3960000,0.0652000,9.6720000,62.7136000,62.6144000,61.5082000,-36.5110000,-7.3030000,9.0830000,0.000000,0,0,0
19.430,-0.3960000,0.0652000,9.6720000,62.7136000,62.6297000,61.5082000,-36.2240000,-7.4020000,8.8530000,0.000000,0,0,0
19.440,-0.3960000,0.0652000,9.6708000,62.7213000,62.6602000,61.5082000,-36.3240000,-7.2730000,7.5890000,0.000000,0,0,0
19.450,-0.3948000,0.0640000,9.6708000,62.7289000,62.6831000,61.5082000,-36.4860000,-7.2630000,8.3870000,0.000000,0,0,0
19.460,-0.3960000,0.0628000,9.6708000,62.7365000,62.7136000,61.5082000,-36.4420000,-7.1320000,8.1780000,0.000000,0,0,0
19.470,-0.3960000,0.0640000,9.6696000,62.7365000,62.7365000,61.5005000,-36.6720000,-7.1910000,8.3490000,0.000000,0,0,0
19.480,-0.3960000,0.0664000,9.6696000,62.7365000,62.7518000,61.4929000,-36.1520000,-7.3580000,8.4480000,0.000000,0,0,0
19.490,-0.3972000,0.0676000,9.6696000,62.7365000,62.7365000,61.4929000,-36.2940000,-7.2560000,8.9690000,0.000000,0,0,0
19.500,-0.3972000,0.0700000,9.6684000,62.7289000,62.7060000,61.5005000,-36.2890000,-7.2730000,7.9750000,0.000000,0,0,0
19.510,-0.3948000,0.0700000,9.6684000,62.7213000,62.6831000,61.4929000,-36.3970000,-7.1440000,8.4160000,0.000000,0,0,0
19.520,-0.3936000,0.0700000,9.6672000,62.7213000,62.6755000,61.5005000,-36.3630000,-7.3460000,8.5920000,0.000000,0,0,0
19.530,-0.3924000,0.0676000,9.6684000,62.7213000,62.6907000,61.5082000,-36.5110000,-7.3320000,8.2450000,0.000000,0,0,0
19.540,-0.3912000,0.0628000,9.6696000,62.7213000,62.6984000,61.5158000,-36.1780000,-7.3260000,8.7540000,0.000000,0,0,0
19.550,-0.3900000,0.0592000,9.6696000,62.7365000,62.7213000,61.5234000,-36.3730000,-7.4300000,9.3850000,0.000000,0,0,0
19.560,-0.3900000,0.0580000,9.6684000,62.7365000,62.7289000,61.5234000,-36.0680000,-7.6260000,8.8190000,0.000000,0,0,0
19.570,-0.3900000,0.0580000,9.6684000,62.7365000,62.7365000,61.5311000,-36.7800000,-7.2130000,8.5280000,0.000000,0,0,0
19.580,-0.3888000,0.0592000,9.6684000,62.7365000,62.7365000,61.5311000,-36.4490000,-7.5340000,9.6770000,0.000000,0,0,0
19.590,-0.3888000,0.0616000,9.6696000,62.7289000,62.7365000,61.5234000,-36.6050000,-7.4250000,9.3950000,0.000000,0,0,0
19.600,-0.3900000,0.0628000,9.6696000,62.7289000,62.7289000,61.5158000,-36.2840000,-7.3840000,8.1300000,0.000000,0,0,0
19.610,-0.3900000,0.0640000,9.6696000,62.7289000,62.7213000,61.5082000,-36.4360000,-7.4780000,8.7680000,0.000000,0,0,0
19.620,-0.3912000,0.0640000,9.6696000,62.7289000,62.7136000,61.5082000,-36.4760000,-7.2090000,8.2460000,0.000000,0,0,0
19.630,-0.3912000,0.0628000,9.6696000,62.7289000,62.7060000,61.5082000,-36.4850000,-7.4630000,8.8160000,0.000000,0,0,0
19.640,-0.3924000,0.0616000,9.6696000,62.7365000,62.6907000,61.5158000,-36.3790000,-7.3990000,8.5570000,0.000000,0,0,0
19.650,-0.3936000,0.0604000,9.6696000,62.7365000,62.6602000,61.5234000,-36.3700000,-7.0380000,8.8940000,0.000000,0,0,0
19.660,-0.3936000,0.0616000,9.6696000,62.7289000,62.6373000,61.5234000,-36.4820000,-6.8990000,8.6620000,0.000000,0,0,0
19.670,-0.3924000,0.0628000,9.6696000,62.7289000,62.6144000,61.5311000,-36.5910000,-7.2970000,8.6820000,0.000000,0,0,0
19.680,-0.3912000,0.0628000,9.6672000,62.7213000,62.6144000,61.5311000,-36.2810000,-7.4520000,8.4280000,0.000000,0,0,0
19.690,-0.3912000,0.0628000,9.6672000,62.7289000,62.6144000,61.5311000,-36.1970000,-7.2240000,8.5350000,0.000000,0,0,0
19.700,-0.3912000,0.0640000,9.6684000,62.7365000,62.6221000,61.5234000,-36.1030000,-7.1720000,8.3400000,0.000000,0,0,0
19.710,-0.3924000,0.0652000,9.6696000,62.7441000,62.6297000,61.5234000,-36.4910000,-7.2320000,9.0790000,0.000000,0,0,0
19.720,-0.3936000,0.0652000,9.6696000,62.7518000,62.6373000,61.5234000,-36.3160000,-7.1350000,8.8420000,0.000000,0,0,0
19.730,-0.3948000,0.0652000,9.6696000,62.7441000,62.6297000,61.5158000,-36.5610000,-7.2870000,8.4080000,0.000000,0,0,0
19.740,-0.3948000,0.0640000,9.6696000,62.7365000,62.6144000,61.5082000,-36.2780000,-7.4920000,8.0770000,0.000000,0,0,0
19.750,-0.3948000,0.0640000,9.6708000,62.7289000,62.5916000,61.5005000,-36.6670000,-7.2860000,9.3760000,0.000000,0,0,0
19.760,-0.3936000,0.0640000,9.6708000,62.7289000,62.5763000,61.4929000,-36.1870000,-7.2640000,8.8750000,0.000000,0,0,0
19.770,-0.3924000,0.0640000,9.6696000,62.7213000,62.5687000,61.4853000,-36.4000000,-7.5420000,8.4500000,0.000000,0,0,0
19.780,-0.3912000,0.0652000,9.6696000,62.7213000,62.5687000,61.4853000,-36.3850000,-7.5280000,8.1290000,0.000000,0,0,0
19.790,-0.3900000,0.0664000,9.6708000,62.7213000,62.5839000,61.4853000,-36.5870000,-7.1340000,9.1360000,0.000000,0,0,0
19.800,-0.3900000,0.0652000,9.6720000,62.7213000,62.5916000,61.4929000,-36.3120000,-7.2680000,8.9240000,0.000000,0,0,0
19.810,-0.3900000,0.0652000,9.6708000,62.7213000,62.5992000,61.4929000,-36.4570000,-7.4040000,9.0850000,0.000000,0,0,0
19.820,-0.3912000,0.0652000,9.6708000,62.7213000,62.5992000,61.4929000,-36.0640000,-7.6580000,8.6080000,0.000000,0,0,0
19.830,-0.3924000,0.0652000,9.6708000,62.7213000,62.5992000,61.4929000,-36.4260000,-7.6400000,8.7950000,0.000000,0,0,0
19.840,-0.3924000,0.0664000,9.6708000,62.7213000,62.5992000,61.5005000,-36.4630000,-7.4680000,8.6790000,0.000000,0,0,0
19.850,-0.3924000,0.0664000,9.6720000,62.7136000,62.5992000,61.5005000,-36.3200000,-7.4470000,9.0510000,0.000000,0,0,0
19.860,-0.3924000,0.0664000,9.6720000,62.7136000,62.5992000,61.5005000,-36.3740000,-7.4880000,9.3600000,0.000000,0,0,0
19.870,-0.3912000,0.0652000,9.6732000,62.7136000,62.5992000,61.5082000,-36.5240000,-7.1200000,8.6690000,0.000000,0,0,0
19.880,-0.3900000,0.0652000,9.6732000,62.7060000,62.6068000,61.5158000,-36.0610000,-7.2820000,8.4550000,0.000000,0,0,0
19.890,-0.3888000,0.0652000,9.6732000,62.7136000,62.6144000,61.5234000,-36.3460000,-7.3450000,8.8320000,0.000000,0,0,0
19.900,-0.3876000,0.0652000,9.6720000,62.7136000,62.6297000,61.5234000,-36.2190000,-7.4980000,8.5060000,0.000000,0,0,0
19.910,-0.3864000,0.0640000,9.6708000,62.7213000,62.6450000,61.5158000,-36.1520000,-7.6100000,8.1620000,0.000000,0,0,0
19.920,-0.3864000,0.0640000,9.6720000,62.7213000,62.6678000,61.5158000,-36.2020000,-7.4860000,8.9350000,0.000000,0,0,0
19.930,-0.3876000,0.0640000,9.6720000,62.7289000,62.6755000,61.5158000,-36.1010000,-7.5290000,8.6910000,0.000000,0,0,0
19.940,-0.3900000,0.0640000,9.6708000,62.7365000,62.6831000,61.5234000,-35.9840000,-7.1750000,8.1170000,0.000000,0,0,0
19.950,-0.3900000,0.0640000,9.6708000,62.7441000,62.6755000,61.5234000,-36.1040000,-7.1450000,8.3740000,0.000000,0,0,0
19.960,-0.3900000,0.0640000,9.6708000,62.7518000,62.6678000,61.5234000,-36.1630000,-7.5560000,8.1740000,0.000000,0,0,0
19.970,-0.3900000,0.0628000,9.6696000,62.7594000,62.6678000,61.5234000,-36.1910000,-7.5700000,7.8840000,0.000000,0,0,0
19.980,-0.3912000,0.0616000,9.6684000,62.7594000,62.6602000,61.5158000,-36.1160000,-7.3940000,7.7730000,0.000000,0,0,0
19.990,-0.3912000,0.0616000,9.6672000,62.7594000,62.6450000,61.5158000,-36.4960000,-7.4820000,8.1460000,0.000000,0,0,0
20.000,-0.3912000,0.0616000,9.6672000,62.7518000,62.6297000,61.5082000,-35.9720000,-7.2860000,8.2350000,0.000000,0,0,0
20.010,-0.3900000,0.0616000,9.6672000,62.7518000,62.6297000,61.5082000,-36.4330000,-7.6120000,8.4690000,0.000000,0,0,0
20.020,-0.3900000,0.0640000,9.6684000,62.7518000,62.6221000,61.5082000,-36.1270000,-7.5340000,8.0950000,0.000000,0,0,0
20.030,-0.3900000,0.0652000,9.6696000,62.7594000,62.6144000,61.5158000,-36.3080000,-7.5660000,8.3280000,0.000000,0,0,0
20.040,-0.3912000,0.0664000,9.6720000,62.7823000,62.6068000,61.5311000,-36.3840000,-7.2610000,7.8710000,0.000000,0,0,0
20.050,-0.3912000,0.0664000,9.6708000,62.8052000,62.6068000,61.5463000,-36.3700000,-7.2610000,8.2550000,0.000000,0,0,0
20.060,-0.3900000,0.0652000,9.6696000,62.8204000,62.6221000,61.5463000,-36.0950000,-7.2220000,7.9130000,0.000000,0,0,0
20.070,-0.3900000,0.0640000,9.6684000,62.8204000,62.6526000,61.5387000,-36.2380000,-7.5810000,8.2850000,0.000000,0,0,0
20.080,-0.3912000,0.0640000,9.6684000,62.8204000,62.6755000,61.5311000,-36.2460000,-7.1720000,8.0450000,0.000000,0,0,0
20.090,-0.3912000,0.0628000,9.6696000,62.8128000,62.6831000,61.5234000,-36.1550000,-7.2900000,8.7650000,0.000000,0,0,0
20.100,-0.3912000,0.0628000,9.6684000,62.8052000,62.6984000,61.5234000,-36.0590000,-7.3490000,7.8430000,0.000000,0,0,0
20.110,-0.3912000,0.0628000,9.6696000,62.7975000,62.7060000,61.5311000,-36.1920000,-7.4200000,8.8930000,0.000000,0,0,0
20.120,-0.3912000,0.0628000,9.6696000,62.7975000,62.7136000,61.5311000,-36.0740000,-7.2220000,7.5590000,0.000000,0,0,0
20.130,-0.3912000,0.0628000,9.6696000,62.8052000,62.7213000,61.5311000,-36.2350000,-7.4130000,8.8030000,0.000000,0,0,0
20.140,-0.3900000,0.0640000,9.6684000,62.8357000,62.7365000,61.5311000,-36.2010000,-6.9400000,8.6200000,0.000000,0,0,0
20.150,-0.3900000,0.0664000,9.6696000,62.8433000,62.7518000,61.5234000,-36.4850000,-7.3830000,9.0650000,0.000000,0,0,0
20.160,-0.3888000,0.0688000,9.6696000,62.8357000,62.7594000,61.5158000,-36.1690000,-6.9510000,8.4970000,0.000000,0,0,0
20.170,-0.3888000,0.0688000,9.6696000,62.8281000,62.7594000,61.5082000,-36.5160000,-7.1690000,8.9530000,0.000000,0,0,0
20.180,-0.3888000,0.0688000,9.6684000,62.8052000,62.7365000,61.5082000,-36.2060000,-7.3190000,8.6640000,0.000000,0,0,0
20.190,-0.3888000,0.0664000,9.6696000,62.7823000,62.7060000,61.5082000,-36.4960000,-7.3150000,8.3000000,0.000000,0,0,0
20.200,-0.3888000,0.0640000,9.6708000,62.7594000,62.6831000,61.5082000,-36.1370000,-7.3940000,8.5230000,0.000000,0,0,0
20.210,-0.3900000,0.0640000,9.6708000,62.7441000,62.6755000,61.5005000,-36.2510000,-7.2700000,8.4750000,0.000000,0,0,0
20.220,-0.3912000,0.0652000,9.6720000,62.7441000,62.6755000,61.5005000,-36.1890000,-7.1730000,7.7190000,0.000000,0,0,0
20.230,-0.3912000,0.0664000,9.6720000,62.7441000,62.6984000,61.5005000,-36.1740000,-7.2710000,8.8550000,0.000000,0,0,0
20.240,-0.3912000,0.0664000,9.6744000,62.7441000,62.7289000,61.4929000,-36.4210000,-7.2550000,8.6550000,0.000000,0,0,0
20.250,-0.3912000,0.0676000,9.6744000,62.7441000,62.7594000,61.4929000,-36.3810000,-7.3730000,8.8890000,0.000000,0,0,0
20.260,-0.3912000,0.0676000,9.6732000,62.7518000,62.7823000,61.4929000,-36.2190000,-7.2820000,8.2460000,0.000000,0,0,0
20.270,-0.3924000,0.0664000,9.6720000,62.7518000,62.7823000,61.4929000,-36.9280000,-7.2040000,8.1660000,0.000000,0,0,0
20.280,-0.3924000,0.0664000,9.6708000,62.7518000,62.7747000,61.4929000,-36.4950000,-7.2930000,8.1220000,0.000000,0,0,0
20.290,-0.3936000,0.0676000,9.6696000,62.7441000,62.7289000,61.5005000,-36.2820000,-7.1370000,8.8320000,0.000000,0,0,0
20.300,-0.3924000,0.0688000,9.6708000,62.7594000,62.7060000,61.4929000,-36.1770000,-7.3760000,8.0120000,0.000000,0,0,0
20.310,-0.3912000,0.0700000,9.6696000,62.7823000,62.6984000,61.4929000,-36.2970000,-7.2300000,8.7330000,0.000000,0,0,0
20.320,-0.3900000,0.0700000,9.6708000,62.7975000,62.7060000,61.5005000,-36.3900000,-7.4400000,8.8820000,0.000000,0,0,0
20.330,-0.3900000,0.0700000,9.6720000,62.8128000,62.7289000,61.5005000,-36.3750000,-7.4170000,8.9210000,0.000000,0,0,0
20.340,-0.3900000,0.0688000,9.6720000,62.8281000,62.7365000,61.5082000,-36.4000000,-7.1400000,7.7290000,0.000000,0,0,0
20.350,-0.3900000,0.0688000,9.6696000,62.8510000,62.7518000,61.5082000,-36.4670000,-7.3310000,8.3460000,0.000000,0,0,0
20.360,-0.3912000,0.0688000,9.6672000,62.8662000,62.7670000,61.5082000,-36.4700000,-7.2820000,8.5090000,0.000000,0,0,0
20.370,-0.3912000,0.0688000,9.6660000,62.8586000,62.7670000,61.5082000,-36.4580000,-7.1700000,8.3430000,0.000000,0,0,0
20.380,-0.3912000,0.0688000,9.6660000,62.8281000,62.7594000,61.5082000,-36.2910000,-6.9720000,8.4710000,0.000000,0,0,0
20.390,-0.3912000,0.0700000,9.6672000,62.7975000,62.7441000,61.5005000,-36.5890000,-7.3300000,9.2090000,0.000000,0,0,0
20.400,-0.3912000,0.0712000,9.6672000,62.7670000,62.7365000,61.4929000,-36.5060000,-7.2390000,8.9530000,0.000000,0,0,0
20.410,-0.3924000,0.0712000,9.6684000,62.7518000,62.7213000,61.4929000,-36.1650000,-7.6080000,8.9790000,0.000000,0,0,0
20.420,-0.3924000,0.0700000,9.6684000,62.7365000,62.7213000,61.4929000,-36.3260000,-7.0230000,8.3330000,0.000000,0,0,0
20.430,-0.3924000,0.0700000,9.6672000,62.7289000,62.7136000,61.5005000,-36.5030000,-7.2710000,7.5960000,0.000000,0,0,0
20.440,-0.3924000,0.0700000,9.6660000,62.7136000,62.6984000,61.5005000,-36.2160000,-7.1790000,8.5100000,0.000000,0,0,0
20.450,-0.3912000,0.0700000,9.6672000,62.7136000,62.6831000,61.5005000,-36.6410000,-6.9220000,8.5560000,0.000000,0,0,0
20.460,-0.3900000,0.0688000,9.6684000,62.7060000,62.6755000,61.5005000,-36.4790000,-7.3780000,8.1330000,0.000000,0,0,0
20.470,-0.3900000,0.0676000,9.6684000,62.7060000,62.6678000,61.5082000,-36.4860000,-7.4280000,8.1110000,0.000000,0,0,0
20.480,-0.3912000,0.0676000,9.6672000,62.7060000,62.6755000,61.5005000,-36.5170000,-7.3660000,8.4610000,0.000000,0,0,0
20.490,-0.3924000,0.0688000,9.6684000,62.6984000,62.6755000,61.5005000,-36.5380000,-7.1430000,8.5370000,0.000000,0,0,0
20.500,-0.3924000,0.0700000,9.6696000,62.6984000,62.6907000,61.5005000,-36.3340000,-7.1040000,8.4610000,0.000000,0,0,0
20.510,-0.3924000,0.0700000,9.6696000,62.7136000,62.7060000,61.5082000,-36.4780000,-7.0750000,8.7620000,0.000000,0,0,0
20.520,-0.3936000,0.0724000,9.6696000,62.7213000,62.7136000,61.5082000,-36.4390000,-7.0930000,7.9960000,0.000000,0,0,0
20.530,-0.3936000,0.0724000,9.6708000,62.7289000,62.7213000,61.5158000,-36.5390000,-7.3450000,8.2630000,0.000000,0,0,0
20.540,-0.3936000,0.0712000,9.6720000,62.7289000,62.7136000,61.5082000,-36.6910000,-7.0950000,8.2590000,0.000000,0,0,0
20.550,-0.3936000,0.0712000,9.6720000,62.7213000,62.7060000,61.5082000,-36.4960000,-7.0720000,7.6680000,0.000000,0,0,0
20.560,-0.3912000,0.0700000,9.6708000,62.7136000,62.6907000,61.4929000,-36.3120000,-7.0450000,8.2860000,0.000000,0,0,0
20.570,-0.3912000,0.0676000,9.6720000,62.7060000,62.6831000,61.4929000,-36.7140000,-7.1390000,8.5570000,0.000000,0,0,0
20.580,-0.3900000,0.0676000,9.6708000,62.7060000,62.6755000,61.4929000,-36.3290000,-7.3570000,7.9670000,0.000000,0,0,0
20.590,-0.3888000,0.0676000,9.6708000,62.7060000,62.6678000,61.4929000,-36.5260000,-7.1090000,8.6890000,0.000000,0,0,0
20.600,-0.3888000,0.0676000,9.6696000,62.7060000,62.6755000,61.4929000,-36.4340000,-7.0240000,8.1240000,0.000000,0,0,0
20.610,-0.3876000,0.0676000,9.6684000,62.7136000,62.6907000,61.4853000,-36.3880000,-7.3580000,8.5630000,0.000000,0,0,0
20.620,-0.3876000,0.0676000,9.6696000,62.7213000,62.7136000,61.4929000,-36.4340000,-7.1090000,8.4880000,0.000000,0,0,0
20.630,-0.3888000,0.0664000,9.6696000,62.7289000,62.7365000,61.4929000,-36.2170000,-7.2660000,8.4850000,0.000000,0,0,0
20.640,-0.3888000,0.0652000,9.6684000,62.7365000,62.7441000,61.5082000,-36.4990000,-6.8800000,8.8310000,0.000000,0,0,0
20.650,-0.3900000,0.0652000,9.6660000,62.7289000,62.7594000,61.5082000,-36.8390000,-7.1720000,8.5450000,0.000000,0,0,0
20.660,-0.3900000,0.0652000,9.6636000,62.7213000,62.7441000,61.5158000,-36.6450000,-7.0490000,8.5900000,0.000000,0,0,0
20.670,-0.3912000,0.0664000,9.6648000,62.6984000,62.7213000,61.5234000,-36.5550000,-7.3540000,9.0500000,0.000000,0,0,0
20.680,-0.3912000,0.0676000,9.6684000,62.6831000,62.6984000,61.5311000,-36.4130000,-6.8720000,8.7380000,0.000000,0,0,0
20.690,-0.3912000,0.0688000,9.6708000,62.6755000,62.6907000,61.5311000,-36.3870000,-7.2660000,8.8880000,0.000000,0,0,0
20.700,-0.3912000,0.0688000,9.6708000,62.6907000,62.6984000,61.5311000,-36.2570000,-7.7520000,8.4910000,0.000000,0,0,0
20.710,-0.3912000,0.0688000,9.6720000,62.7136000,62.7136000,61.5311000,-36.6760000,-7.1520000,8.3090000,0.000000,0,0,0
20.720,-0.3912000,0.0688000,9.6744000,62.7289000,62.7289000,61.5311000,-36.6050000,-7.4680000,8.6580000,0.000000,0,0,0
20.730,-0.3900000,0.0676000,9.6744000,62.7518000,62.7441000,61.5311000,-36.3200000,-6.9300000,8.3240000,0.000000,0,0,0
20.740,-0.3900000,0.0676000,9.6732000,62.7518000,62.7518000,61.5234000,-36.3900000,-7.1310000,7.8070000,0.000000,0,0,0
20.750,-0.3900000,0.0676000,9.6720000,62.7594000,62.7747000,61.5234000,-36.1570000,-6.9600000,8.0210000,0.000000,0,0,0
20.760,-0.3924000,0.0688000,9.6720000,62.7594000,62.7747000,61.5234000,-36.2980000,-7.1600000,8.0490000,0.000000,0,0,0
20.770,-0.3948000,0.0688000,9.6708000,62.7518000,62.7670000,61.5234000,-36.4130000,-7.0330000,8.4280000,0.000000,0,0,0
20.780,-0.3960000,0.0688000,9.6708000,62.7365000,62.7518000,61.5234000,-36.5590000,-7.1790000,7.7950000,0.000000,0,0,0
20.790,-0.3972000,0.0688000,9.6708000,62.7289000,62.7365000,61.5234000,-36.3760000,-7.0810000,8.6790000,0.000000,0,0,0
20.800,-0.3972000,0.0688000,9.6720000,62.7136000,62.7289000,61.5311000,-36.5720000,-7.2690000,8.9940000,0.000000,0,0,0
20.810,-0.3972000,0.0688000,9.6732000,62.7136000,62.7213000,61.5311000,-36.3780000,-7.0460000,8.6700000,0.000000,0,0,0
20.820,-0.3984000,0.0676000,9.6732000,62.7213000,62.7060000,61.5311000,-36.2680000,-7.1150000,8.0730000,0.000000,0,0,0
20.830,-0.3984000,0.0664000,9.6720000,62.7365000,62.6831000,61.5387000,-36.2440000,-7.2490000,8.5250000,0.000000,0,0,0
20.840,-0.3984000,0.0652000,9.6720000,62.7670000,62.6450000,61.5616000,-36.3790000,-7.2130000,8.4660000,0.000000,0,0,0
20.850,-0.3984000,0.0640000,9.6720000,62.7975000,62.6068000,61.5845000,-36.3760000,-7.1090000,8.7180000,0.000000,0,0,0
20.860,-0.3996000,0.0616000,9.6708000,62.8281000,62.5687000,61.6302000,-36.1990000,-7.1260000,8.5270000,0.000000,0,0,0
20.870,-0.3996000,0.0616000,9.6696000,62.8510000,62.5534000,61.6989000,-36.5890000,-7.0860000,8.5890000,0.000000,0,0,0
20.880,-0.3960000,0.0652000,9.6672000,62.8433000,62.5458000,61.7523000,-36.2630000,-7.2180000,8.7000000,0.000000,0,0,0
20.890,-0.3912000,0.0700000,9.6684000,62.8281000,62.5229000,61.7599000,-36.4660000,-6.9410000,9.2600000,0.000000,0,0,0
20.900,-0.3852000,0.0748000,9.6744000,62.8052000,62.5000000,61.6913000,-36.4760000,-7.1460000,9.2300000,0.000000,0,0,0
20.910,-0.3852000,0.0748000,9.6768000,62.8357000,62.4924000,61.6226000,-36.0690000,-7.1750000,9.3040000,0.000000,0,0,0
20.920,-0.3876000,0.0724000,9.6744000,62.8738000,62.4466000,61.5692000,-36.3510000,-7.0990000,9.3580000,0.000000,0,0,0
20.930,-0.3948000,0.0688000,9.6732000,62.9196000,62.3245000,61.5540000,-36.4950000,-7.1140000,9.4500000,0.000000,0,0,0
20.940,-0.4091000,0.0676000,9.6780000,63.0112000,62.1796000,61.6074000,-36.4400000,-7.0010000,9.0590000,0.000000,0,0,0
20.950,-0.4295000,0.0700000,9.6852000,63.1561000,62.1414000,61.7981000,-36.5230000,-7.0270000,8.6370000,0.000000,0,0,0
20.960,-0.4402000,0.0712000,9.6995000,63.3392000,62.2025000,62.1109000,-36.4180000,-7.2810000,8.7330000,0.000000,0,0,0
20.970,-0.4438000,0.0796000,9.7198000,63.6215000,62.4313000,62.4924000,-36.4410000,-6.9300000,8.8600000,0.000000,0,0,0
20.980,-0.4378000,0.1130000,9.7330000,63.9877000,62.8357000,62.6297000,-36.4320000,-7.1440000,8.4300000,0.000000,0,0,0
20.990,-0.4295000,0.1465000,9.7414000,64.4302000,63.4308000,62.2482000,-36.3130000,-7.1760000,8.3770000,0.000000,0,0,0
21.000,-0.4055000,0.1717000,9.7390000,64.9185000,64.2395000,61.4014000,-36.3480000,-6.8730000,9.1320000,0.000000,0,0,0
21.010,-0.3625000,0.1765000,9.7210000,65.2924000,65.1779000,60.3333000,-36.5990000,-7.3330000,8.8830000,0.000000,0,0,0
21.020,-0.3146000,0.1394000,9.7222000,65.5289000,66.1621000,59.3948000,-36.3150000,-6.9610000,8.8490000,0.000000,0,0,0
21.030,-0.2799000,0.0688000,9.7438000,65.6738000,67.4820000,58.9218000,-36.3320000,-6.9710000,8.3440000,0.000000,0,0,0
21.040,-0.2775000,0.0209000,9.7617000,65.5975000,69.2139000,58.9828000,-36.1840000,-6.9950000,8.6480000,0.000000,0,0,0
21.050,-0.3003000,0.0090000,9.8012000,65.3381000,71.4417000,59.3033000,-36.2720000,-7.0910000,8.8280000,0.000000,0,0,0
21.060,-0.3625000,0.0090000,9.8311000,65.0635000,74.0814000,59.5474000,-36.1130000,-6.9810000,8.6580000,0.000000,0,0,0
21.070,-0.4594000,0.0173000,9.8120000,64.6820000,76.6144000,59.7153000,-36.1240000,-7.1430000,8.8890000,0.000000,0,0,0
21.080,-0.5682000,0.0377000,9.7677000,64.1251000,78.5294000,59.9365000,-36.0190000,-7.3400000,8.6950000,0.000000,0,0,0
21.090,-0.6592000,0.0700000,9.7246000,63.4308000,79.6890000,60.1654000,-36.2200000,-7.0230000,9.1420000,0.000000,0,0,0
21.100,-0.7190000,0.0975000,9.6947000,62.7136000,80.2841000,60.2951000,-35.8710000,-6.8530000,9.0050000,0.000000,0,0,0
21.110,-0.7596000,0.1190000,9.6816000,62.1338000,80.3604000,60.3561000,-36.2340000,-6.6790000,9.1110000,0.000000,0,0,0
21.120,-0.7764000,0.1418000,9.6983000,61.7676000,79.8798000,60.3485000,-35.9190000,-6.9950000,9.2440000,0.000000,0,0,0
21.130,-0.7549000,0.1645000,9.7450000,61.5768000,78.8574000,60.2036000,-36.1730000,-6.8540000,8.5020000,0.000000,0,0,0
21.140,-0.6974000,0.1633000,9.7976000,61.3327000,77.1942000,60.1044000,-36.0370000,-6.9340000,8.6710000,0.000000,0,0,0
21.150,-0.6412000,0.1406000,9.8526000,60.6995000,75.0122000,60.2951000,-35.9850000,-7.1620000,8.6680000,0.000000,0,0,0
21.160,-0.6233000,0.1166000,9.8945000,59.5627000,72.8149000,60.8139000,-36.1420000,-7.1110000,8.6750000,0.000000,0,0,0
21.170,-0.6615000,0.0831000,9.9172000,57.8918000,71.2357000,61.5005000,-36.1790000,-6.9980000,8.9190000,0.000000,0,0,0
21.180,-0.7214000,0.0616000,9.9184000,55.8395000,70.6177000,62.1948000,-36.1080000,-7.2580000,8.9220000,0.000000,0,0,0
21.190,-0.7764000,0.0461000,9.9101000,53.8635000,70.8084000,62.6144000,-36.1130000,-7.4630000,8.2180000,0.000000,0,0,0
21.200,-0.7967000,0.0185000,9.8873000,52.3758000,71.3501000,62.8204000,-35.9000000,-7.3210000,8.8750000,0.000000,0,0,0
21.210,-0.7884000,0.0018000,9.8610000,51.6739000,71.5942000,62.9883000,-35.8390000,-7.5690000,8.6580000,0.000000,0,0,0
21.220,-0.7860000,0.0042000,9.8646000,51.7044000,71.4188000,63.2019000,-35.9500000,-7.3630000,8.9120000,0.000000,0,0,0
21.230,-0.8314000,0.0197000,9.8897000,52.2385000,71.4340000,63.3850000,-36.0480000,-7.8280000,8.6700000,0.000000,0,0,0
21.240,-0.9247000,0.0329000,9.9160000,53.1540000,71.8002000,63.3469000,-35.6810000,-7.8920000,9.2110000,0.000000,0,0,0
21.250,-1.0204000,0.0233000,9.9304000,54.3060000,72.3038000,63.0798000,-35.5650000,-7.6670000,8.6990000,0.000000,0,0,0
21.260,-1.0922000,-0.0126000,9.9531000,55.4428000,72.5784000,62.8891000,-35.7350000,-7.6360000,9.0110000,0.000000,0,0,0
21.270,-1.1173000,-0.0532000,10.0070000,56.3660000,72.2275000,62.8586000,-35.8430000,-7.8100000,9.2330000,0.000000,0,0,0
21.280,-1.0946000,-0.0927000,10.0883000,57.0984000,71.3425000,62.9120000,-35.5580000,-7.4240000,8.8230000,0.000000,0,0,0
21.290,-1.0563000,-0.1166000,10.1816000,57.9376000,70.4193000,62.8891000,-35.6600000,-7.9850000,9.1730000,0.000000,0,0,0
21.300,-1.0145000,-0.1250000,10.2773000,59.1125000,69.9234000,62.5916000,-35.7580000,-7.5590000,8.8710000,0.000000,0,0,0
21.310,-0.9678000,-0.1226000,10.3635000,60.7986000,69.6716000,61.9812000,-35.9920000,-7.7660000,8.7730000,0.000000,0,0,0
21.320,-0.9020000,-0.1166000,10.4269000,62.8433000,69.1452000,61.2183000,-35.6620000,-7.5990000,9.4540000,0.000000,0,0,0
21.330,-0.8123000,-0.0939000,10.4735000,64.7430000,68.0695000,60.5240000,-35.8610000,-7.7850000,8.9240000,0.000000,0,0,0
21.340,-0.7202000,-0.0556000,10.5022000,66.0553000,66.3986000,59.9442000,-35.6590000,-7.7620000,8.4060000,0.000000,0,0,0
21.350,-0.6460000,-0.0090000,10.4974000,66.6199000,64.2090000,59.4635000,-35.9910000,-7.6430000,9.6000000,0.000000,0,0,0
21.360,-0.5946000,0.0197000,10.4627000,66.5283000,61.6989000,59.1354000,-36.1860000,-7.5730000,8.5680000,0.000000,0,0,0
21.370,-0.5670000,0.0269000,10.3934000,66.1240000,58.9294000,58.9371000,-36.3580000,-7.6810000,8.9340000,0.000000,0,0,0
21.380,-0.5587000,-0.0006000,10.3108000,65.7272000,56.4804000,58.8760000,-36.1880000,-7.9250000,9.1870000,0.000000,0,0,0
21.390,-0.5754000,-0.0532000,10.2139000,65.4984000,54.7409000,59.0057000,-36.2830000,-7.8120000,9.2430000,0.000000,0,0,0
21.400,-0.6161000,-0.1023000,10.1098000,65.5441000,53.6194000,59.3567000,-36.1980000,-7.7280000,8.8500000,0.000000,0,0,0
21.410,-0.6723000,-0.1250000,10.0213000,65.8722000,53.0624000,59.8297000,-36.2740000,-7.8820000,8.9650000,0.000000,0,0,0
21.420,-0.7226000,-0.1178000,9.9639000,66.3757000,52.8412000,60.2264000,-36.3590000,-7.9820000,8.6230000,0.000000,0,0,0
21.430,-0.7333000,-0.0819000,9.9412000,66.8411000,52.6352000,60.4553000,-36.5850000,-8.2170000,8.6970000,0.000000,0,0,0
21.440,-0.7058000,-0.0305000,9.9448000,67.0090000,52.2995000,60.5621000,-36.5810000,-8.0630000,8.9640000,0.000000,0,0,0
21.450,-0.6627000,0.0197000,9.9579000,66.6962000,51.7578000,60.6461000,-37.0420000,-8.3330000,9.3270000,0.000000,0,0,0
21.460,-0.6316000,0.0544000,9.9759000,66.0019000,51.2543000,60.7147000,-36.7720000,-8.5930000,9.0570000,0.000000,0,0,0
21.470,-0.6281000,0.0712000,10.0070000,65.1779000,51.2619000,60.7681000,-37.3610000,-8.4290000,9.8300000,0.000000,0,0,0
21.480,-0.6556000,0.0664000,10.0333000,64.4836000,52.3453000,60.8368000,-36.9700000,-8.3020000,9.9540000,0.000000,0,0,0
21.490,-0.7166000,0.0473000,10.0656000,64.1861000,54.2374000,61.0046000,-37.3790000,-8.7190000,9.2140000,0.000000,0,0,0
21.500,-0.7955000,0.0305000,10.1230000,64.5828000,56.5796000,61.3785000,-36.9590000,-8.6570000,9.3610000,0.000000,0,0,0
21.510,-0.8087000,0.0377000,10.1840000,65.0482000,57.2510000,61.7294000,-37.2280000,-8.6040000,9.6860000,0.000000,0,0,0
21.520,-0.8147000,0.0676000,10.2331000,65.3229000,57.3807000,62.1033000,-37.3840000,-8.5520000,9.3400000,0.000000,0,0,0
21.530,-0.8338000,0.1166000,10.2510000,65.1627000,57.0908000,62.2864000,-37.2860000,-8.9930000,9.1690000,0.000000,0,0,0
21.540,-0.8446000,0.1477000,10.2390000,64.5523000,56.9687000,62.1643000,-37.3830000,-8.6530000,9.0800000,0.000000,0,0,0
21.550,-0.8386000,0.1561000,10.2020000,63.6826000,57.4341000,61.7142000,-37.4400000,-9.1120000,9.5800000,0.000000,0,0,0
21.560,-0.8290000,0.1358000,10.1601000,62.5763000,58.7616000,61.0352000,-37.6580000,-8.9650000,9.0860000,0.000000,0,0,0
21.570,-0.8386000,0.0999000,10.0919000,61.2717000,60.6766000,60.2951000,-37.7610000,-9.2980000,9.3860000,0.000000,0,0,0
21.580,-0.8482000,0.0508000,10.0464000,60.1425000,63.1409000,59.6542000,-37.6850000,-8.9490000,9.2600000,0.000000,0,0,0
21.590,-0.8565000,0.0197000,10.0249000,59.5856000,65.6662000,59.2194000,-37.8510000,-9.2670000,9.0620000,0.000000,0,0,0
21.600,-0.8302000,0.0030000,10.0452000,59.6771000,67.2379000,58.9600000,-37.8270000,-9.1570000,9.2400000,0.000000,0,0,0
21.610,-0.7417000,0.0006000,10.0919000,60.2951000,67.0395000,59.0057000,-38.0630000,-9.3440000,9.8560000,0.000000,0,0,0
21.620,-0.6388000,-0.0006000,10.1362000,61.1267000,65.1016000,59.4025000,-37.8260000,-9.3930000,10.2040000,0.000000,0,0,0
21.630,-0.5635000,0.0042000,10.1565000,61.7905000,62.2559000,60.1044000,-38.1440000,-9.3370000,9.4590000,0.000000,0,0,0
21.640,-0.5395000,0.0150000,10.1541000,62.0880000,59.6695000,60.7681000,-38.2090000,-9.6550000,9.1750000,0.000000,0,0,0
21.650,-0.5575000,0.0233000,10.1350000,62.1033000,58.2733000,61.0886000,-38.3900000,-9.6570000,9.7890000,0.000000,0,0,0
21.660,-0.5946000,0.0150000,10.1170000,62.0804000,58.2733000,61.0504000,-38.1010000,-9.5020000,9.6100000,0.000000,0,0,0
21.670,-0.6125000,0.0078000,10.1194000,62.3779000,59.0286000,60.7300000,-38.1720000,-9.6110000,8.8490000,0.000000,0,0,0
21.680,-0.5922000,0.0042000,10.1385000,63.0875000,59.7229000,60.2036000,-38.3910000,-9.5510000,9.7150000,0.000000,0,0,0
21.690,-0.5682000,0.0066000,10.1601000,64.0182000,59.8373000,59.6466000,-38.3810000,-9.7630000,9.0160000,0.000000,0,0,0
21.700,-0.5551000,0.0090000,10.1661000,64.8880000,59.3948000,59.2270000,-38.5970000,-9.7210000,9.0870000,0.000000,0,0,0
21.710,-0.5623000,0.0054000,10.1314000,65.3152000,58.7997000,59.0057000,-38.7510000,-9.9190000,9.3120000,0.000000,0,0,0
21.720,-0.5934000,-0.0114000,10.0680000,65.2161000,58.3572000,58.9218000,-38.6190000,-9.8440000,9.1090000,0.000000,0,0,0
21.730,-0.6460000,-0.0269000,10.0070000,64.7736000,58.3954000,58.8913000,-38.7830000,-9.8370000,9.1800000,0.000000,0,0,0
21.740,-0.7130000,-0.0281000,9.9603000,64.3234000,59.1812000,58.7234000,-38.9230000,-9.8400000,9.5430000,0.000000,0,0,0
21.750,-0.7752000,-0.0209000,9.9376000,64.2471000,60.5698000,58.2581000,-38.7640000,-10.1050000,9.2060000,0.000000,0,0,0
21.760,-0.7967000,-0.0078000,9.9256000,64.6973000,61.8668000,57.3654000,-38.8530000,-9.8430000,9.0540000,0.000000,0,0,0
21.770,-0.7632000,-0.0114000,9.9352000,65.4449000,62.3398000,56.4499000,-38.9920000,-9.9310000,9.1120000,0.000000,0,0,0
21.780,-0.7273000,-0.0257000,9.9388000,65.9180000,61.7981000,56.0532000,-38.9150000,-9.6950000,8.4790000,0.000000,0,0,0
21.790,-0.7190000,-0.0389000,9.9376000,65.7349000,60.5087000,56.1447000,-39.2500000,-10.2690000,9.4180000,0.000000,0,0,0
21.800,-0.7381000,-0.0425000,9.9316000,64.9185000,59.4559000,56.3736000,-39.2850000,-9.7950000,9.1550000,0.000000,0,0,0
21.810,-0.7728000,-0.0556000,9.9196000,63.7589000,59.3338000,56.5109000,-39.2020000,-10.1710000,8.8560000,0.000000,0,0,0
21.820,-0.7967000,-0.0736000,9.8993000,62.5381000,60.1501000,56.6025000,-39.2700000,-9.9650000,9.2630000,0.000000,0,0,0
21.830,-0.8027000,-0.0867000,9.8981000,61.6150000,61.5616000,56.6864000,-39.5460000,-9.5820000,8.7140000,0.000000,0,0,0
21.840,-0.7955000,-0.0843000,9.9316000,61.2183000,63.1104000,56.7169000,-39.3360000,-9.8390000,9.1490000,0.000000,0,0,0
21.850,-0.7573000,-0.0664000,9.9794000,61.2946000,63.9191000,56.6483000,-39.4700000,-9.7940000,8.4680000,0.000000,0,0,0
21.860,-0.6915000,-0.0484000,10.0141000,61.4777000,63.2629000,56.6788000,-39.2610000,-10.2810000,8.7270000,0.000000,0,0,0
21.870,-0.6173000,-0.0329000,10.0141000,61.4014000,61.2106000,57.0221000,-39.4590000,-10.1710000,9.1300000,0.000000,0,0,0
21.880,-0.5658000,-0.0150000,9.9794000,60.9665000,58.3649000,57.5562000,-39.2940000,-10.0760000,9.3580000,0.000000,0,0,0
21.890,-0.5431000,0.0066000,9.9328000,60.2875000,55.6488000,58.0215000,-39.5390000,-10.4580000,9.5630000,0.000000,0,0,0
21.900,-0.5407000,0.0185000,9.8897000,59.6390000,53.9398000,58.1894000,-39.4990000,-10.3830000,8.6150000,0.000000,0,0,0
21.910,-0.5383000,0.0257000,9.8622000,59.3185000,53.7262000,57.9910000,-40.2580000,-10.2400000,8.5590000,0.000000,0,0,0
21.920,-0.5156000,0.0293000,9.8526000,59.4482000,54.6722000,57.4722000,-39.8220000,-10.0470000,9.1450000,0.000000,0,0,0
21.930,-0.4701000,0.0209000,9.8443000,59.8526000,55.9769000,56.8695000,-39.9400000,-10.1650000,9.2010000,0.000000,0,0,0
21.940,-0.4307000,-0.0030000,9.8263000,60.1959000,56.9305000,56.4804000,-39.7460000,-10.1130000,8.9770000,0.000000,0,0,0
21.950,-0.4127000,-0.0365000,9.8024000,60.2875000,57.3196000,56.4270000,-40.0710000,-10.1380000,8.3100000,0.000000,0,0,0
21.960,-0.4163000,-0.0772000,9.7665000,60.0815000,57.1136000,56.7474000,-40.0400000,-10.2940000,8.6050000,0.000000,0,0,0
21.970,-0.4319000,-0.1178000,9.7354000,59.6390000,56.3126000,57.4417000,-40.0480000,-10.4310000,9.0020000,0.000000,0,0,0
21.980,-0.4438000,-0.1334000,9.7222000,59.0515000,55.2216000,58.3420000,-39.7660000,-10.6290000,9.5100000,0.000000,0,0,0
21.990,-0.4570000,-0.1262000,9.7318000,58.4641000,54.3976000,59.0820000,-40.3660000,-10.8290000,9.4500000,0.000000,0,0,0
22.000,-0.4701000,-0.1083000,9.7414000,58.0444000,54.0466000,59.3338000,-40.3180000,-10.5810000,9.0180000,0.000000,0,0,0
22.010,-0.4630000,-0.0975000,9.7414000,57.8079000,54.2603000,59.0363000,-40.4110000,-10.7890000,8.8160000,0.000000,0,0,0
22.020,-0.4450000,-0.1011000,9.7270000,57.6782000,54.8248000,58.4030000,-40.0840000,-10.6690000,8.3890000,0.000000,0,0,0
22.030,-0.4151000,-0.1178000,9.7115000,57.5104000,55.1376000,57.8461000,-40.2530000,-10.6790000,8.5440000,0.000000,0,0,0
22.040,-0.3780000,-0.1406000,9.6959000,57.2433000,55.0385000,57.6706000,-40.0580000,-10.9150000,8.9240000,0.000000,0,0,0
22.050,-0.3673000,-0.1645000,9.6780000,56.9382000,54.7943000,57.9300000,-40.7150000,-11.0870000,8.3550000,0.000000,0,0,0
22.060,-0.3840000,-0.1860000,9.6564000,56.7093000,54.8019000,58.4412000,-40.2850000,-10.6760000,8.6170000,0.000000,0,0,0
22.070,-0.4091000,-0.2052000,9.6265000,56.6559000,55.3055000,59.0134000,-40.5810000,-10.7010000,8.7540000,0.000000,0,0,0
22.080,-0.4295000,-0.2171000,9.5895000,56.8390000,56.1752000,59.5398000,-40.3260000,-10.7760000,8.7780000,0.000000,0,0,0
22.090,-0.4402000,-0.2159000,9.5500000,57.2052000,57.2510000,59.9442000,-40.3680000,-10.9820000,8.6820000,0.000000,0,0,0
22.100,-0.4498000,-0.2028000,9.5189000,57.5790000,58.2886000,60.2646000,-40.4350000,-10.8930000,8.8360000,0.000000,0,0,0
22.110,-0.4606000,-0.1860000,9.5033000,57.8842000,59.0057000,60.5087000,-40.5260000,-11.3060000,8.2900000,0.000000,0,0,0
22.120,-0.4522000,-0.1645000,9.4985000,58.0368000,59.2880000,60.6766000,-40.4460000,-11.1390000,7.9930000,0.000000,0,0,0
22.130,-0.4402000,-0.1453000,9.4961000,57.9681000,59.2575000,60.8139000,-40.5540000,-11.1840000,7.8000000,0.000000,0,0,0
22.140,-0.4594000,-0.1310000,9.4914000,57.6096000,59.4025000,60.9818000,-40.4930000,-11.1730000,8.6010000,0.000000,0,0,0
22.150,-0.4761000,-0.1370000,9.4926000,57.4570000,59.9899000,60.9283000,-40.9210000,-11.2650000,8.2060000,0.000000,0,0,0
22.160,-0.4737000,-0.1406000,9.4866000,57.3807000,61.1496000,60.7300000,-40.4970000,-11.3200000,8.1470000,0.000000,0,0,0
22.170,-0.4534000,-0.1453000,9.4686000,57.2586000,62.8052000,60.4172000,-40.8380000,-11.3690000,8.0150000,0.000000,0,0,0
22.180,-0.4247000,-0.1465000,9.4483000,57.1136000,64.6667000,60.0662000,-40.7850000,-11.2500000,7.9860000,0.000000,0,0,0
22.190,-0.3960000,-0.1358000,9.4351000,56.9916000,66.1469000,59.7534000,-40.8250000,-11.1190000,7.6330000,0.000000,0,0,0
22.200,-0.3637000,-0.1214000,9.4519000,57.0221000,66.9022000,59.5169000,-40.4370000,-11.3540000,7.5610000,0.000000,0,0,0
22.210,-0.3326000,-0.1083000,9.4746000,57.3349000,66.6885000,59.3567000,-40.7180000,-11.4780000,7.1370000,0.000000,0,0,0
22.220,-0.3063000,-0.1071000,9.4878000,57.8384000,65.3992000,59.1736000,-40.4750000,-11.2270000,7.7630000,0.000000,0,0,0
22.230,-0.2823000,-0.1262000,9.4914000,58.2809000,63.4079000,58.9294000,-40.6590000,-11.5560000,7.6570000,0.000000,0,0,0
22.240,-0.2704000,-0.1717000,9.4734000,58.4946000,61.1267000,58.6014000,-40.8480000,-11.2070000,7.5290000,0.000000,0,0,0
22.250,-0.2871000,-0.2387000,9.4387000,58.3191000,59.2422000,58.3191000,-40.9580000,-11.5910000,7.8890000,0.000000,0,0,0
22.260,-0.3493000,-0.3248000,9.4124000,57.8308000,58.3344000,58.1665000,-40.7050000,-11.4230000,8.3670000,0.000000,0,0,0
22.270,-0.4343000,-0.4157000,9.4148000,57.4188000,58.2581000,58.2428000,-41.2630000,-11.6590000,7.4560000,0.000000,0,0,0
22.280,-0.5024000,-0.4791000,9.4447000,57.4188000,58.5327000,58.6014000,-41.0410000,-11.5300000,7.3110000,0.000000,0,0,0
22.290,-0.5204000,-0.4911000,9.5117000,57.8766000,58.9447000,59.1888000,-41.0840000,-11.9610000,7.7460000,0.000000,0,0,0
22.300,-0.4761000,-0.4408000,9.6146000,58.6853000,59.4177000,59.7610000,-40.8000000,-11.4960000,7.6220000,0.000000,0,0,0
22.310,-0.3852000,-0.3571000,9.7402000,59.6542000,59.9289000,59.9823000,-40.8240000,-11.4480000,8.5190000,0.000000,0,0,0
22.320,-0.2728000,-0.2722000,9.8574000,60.6461000,60.3714000,59.7076000,-40.9860000,-11.6550000,7.9400000,0.000000,0,0,0
22.330,-0.1806000,-0.2195000,9.9316000,61.4777000,60.4782000,59.1431000,-40.6010000,-11.6900000,7.9050000,0.000000,0,0,0
22.340,-0.1459000,-0.2195000,9.9567000,61.9659000,60.1730000,58.7234000,-40.9190000,-11.5160000,7.9710000,0.000000,0,0,0
22.350,-0.1651000,-0.2422000,9.9400000,62.1262000,59.7610000,58.6014000,-41.0840000,-11.6520000,7.1280000,0.000000,0,0,0
22.360,-0.2189000,-0.2722000,9.8837000,62.0956000,59.5856000,58.7158000,-40.8670000,-11.4760000,6.9140000,0.000000,0,0,0
22.370,-0.2847000,-0.3057000,9.8000000,61.9736000,59.6924000,58.9676000,-41.0870000,-11.6040000,7.1890000,0.000000,0,0,0
22.380,-0.3469000,-0.3332000,9.7103000,61.8286000,59.9670000,59.2651000,-40.8220000,-11.6110000,7.5540000,0.000000,0,0,0
22.390,-0.3888000,-0.3511000,9.6337000,61.6837000,60.2493000,59.4864000,-41.2690000,-11.9600000,7.7880000,0.000000,0,0,0
22.400,-0.4043000,-0.3559000,9.5906000,61.5616000,60.5850000,59.4864000,-40.8350000,-11.5110000,7.5740000,0.000000,0,0,0
22.410,-0.3900000,-0.3535000,9.5918000,61.4929000,61.1343000,59.2880000,-40.9920000,-11.6450000,7.2180000,0.000000,0,0,0
22.420,-0.3362000,-0.3451000,9.6229000,61.5387000,61.9431000,58.9218000,-41.0050000,-11.4500000,7.1700000,0.000000,0,0,0
22.430,-0.2668000,-0.3248000,9.6588000,61.7447000,62.5992000,58.4412000,-41.4030000,-11.8860000,7.7020000,0.000000,0,0,0
22.440,-0.1890000,-0.3212000,9.7019000,62.0575000,62.6984000,57.9147000,-40.8350000,-11.7030000,7.4720000,0.000000,0,0,0
22.450,-0.1436000,-0.3451000,9.7378000,62.5229000,62.1796000,57.4570000,-41.0940000,-11.6830000,7.8270000,0.000000,0,0,0
22.460,-0.1531000,-0.3906000,9.7593000,63.1332000,60.6918000,57.1671000,-41.2910000,-11.4940000,7.8650000,0.000000,0,0,0
22.470,-0.1986000,-0.4372000,9.7904000,63.9572000,58.1284000,57.0831000,-41.3180000,-11.6210000,7.6270000,0.000000,0,0,0
22.480,-0.2512000,-0.4624000,9.8526000,65.1627000,54.5883000,57.0984000,-41.2100000,-11.5830000,7.6700000,0.000000,0,0,0
22.490,-0.3015000,-0.4600000,9.9340000,66.7953000,50.7584000,57.0450000,-41.3310000,-11.3400000,7.3520000,0.000000,0,0,0
22.500,-0.3493000,-0.4313000,9.9962000,68.5196000,47.5845000,56.8161000,-41.5140000,-11.7380000,7.4150000,0.000000,0,0,0
22.510,-0.4067000,-0.3786000,10.0297000,69.8090000,45.8221000,56.3278000,-41.7300000,-11.5900000,7.5980000,0.000000,0,0,0
22.520,-0.4594000,-0.3248000,10.0524000,70.3354000,45.9366000,55.5420000,-41.3690000,-11.7000000,6.6230000,0.000000,0,0,0
22.530,-0.4941000,-0.2925000,10.0692000,70.1141000,48.0194000,54.7180000,-41.5940000,-11.4820000,7.1820000,0.000000,0,0,0
22.540,-0.5216000,-0.2889000,10.0572000,69.3207000,51.5289000,53.9551000,-41.4730000,-11.5480000,7.3970000,0.000000,0,0,0
22.550,-0.5539000,-0.3068000,10.0189000,68.1000000,55.7251000,53.3371000,-41.6080000,-11.6260000,7.1010000,0.000000,0,0,0
22.560,-0.5539000,-0.3391000,9.9806000,66.9022000,59.7382000,53.1082000,-41.6990000,-11.5000000,7.8130000,0.000000,0,0,0
22.570,-0.4941000,-0.3762000,9.9483000,66.0934000,62.8357000,53.4744000,-41.2590000,-11.3530000,7.1650000,0.000000,0,0,0
22.580,-0.4247000,-0.4014000,9.9148000,65.8264000,64.3158000,54.3518000,-41.3780000,-11.4300000,6.6430000,0.000000,0,0,0
22.590,-0.3541000,-0.4002000,9.8682000,65.8875000,64.2166000,55.5038000,-41.5440000,-11.7340000,6.9830000,0.000000,0,0,0
22.600,-0.3015000,-0.3882000,9.8000000,65.9485000,63.3087000,56.7245000,-41.4860000,-11.4170000,6.8450000,0.000000,0,0,0
22.610,-0.2895000,-0.3750000,9.6995000,65.7959000,62.5229000,57.9147000,-41.4190000,-11.6570000,6.7820000,0.000000,0,0,0
22.620,-0.3230000,-0.3631000,9.5703000,65.3381000,62.3550000,59.1431000,-41.4900000,-11.3560000,6.9570000,0.000000,0,0,0
22.630,-0.3637000,-0.3427000,9.4315000,64.7888000,62.6297000,60.4706000,-41.3610000,-11.5350000,6.7120000,0.000000,0,0,0
22.640,-0.3625000,-0.3116000,9.3095000,64.6057000,62.7823000,61.8210000,-41.5310000,-11.4040000,6.6530000,0.000000,0,0,0
22.650,-0.2859000,-0.2542000,9.2258000,65.2618000,62.0804000,63.0188000,-41.8550000,-11.4140000,6.8390000,0.000000,0,0,0
22.660,-0.1244000,-0.1693000,9.1947000,66.7419000,59.7000000,63.9114000,-41.5440000,-11.3890000,6.7060000,0.000000,0,0,0
22.670,0.0467000,-0.0724000,9.2461000,68.7180000,55.9616000,64.5447000,-41.3390000,-11.6850000,6.7600000,0.000000,0,0,0
22.680,0.1591000,0.0341000,9.3502000,70.6024000,52.4292000,64.8499000,-41.8960000,-11.2610000,6.6000000,0.000000,0,0,0
22.690,0.1998000,0.1346000,9.4555000,71.7773000,50.7355000,64.7354000,-41.4770000,-11.4080000,6.7760000,0.000000,0,0,0
22.700,0.1711000,0.1824000,9.5524000,71.9528000,51.4450000,64.2166000,-41.4630000,-11.3360000,6.0560000,0.000000,0,0,0
22.710,0.1148000,0.1884000,9.6110000,71.0831000,53.8940000,63.5681000,-41.6450000,-11.5190000,6.5000000,0.000000,0,0,0
22.720,0.0802000,0.1753000,9.6457000,69.3588000,56.0150000,63.0569000,-41.5120000,-11.4140000,6.3990000,0.000000,0,0,0
22.730,0.0993000,0.1609000,9.6935000,67.1997000,55.8853000,62.8433000,-41.9610000,-11.6280000,6.4630000,0.000000,0,0,0
22.740,0.1639000,0.1681000,9.7521000,65.0711000,53.0014000,62.8204000,-41.7930000,-11.5520000,6.1320000,0.000000,0,0,0
22.750,0.2428000,0.1908000,9.7749000,63.2324000,48.3322000,62.8433000,-41.7680000,-11.5700000,6.2030000,0.000000,0,0,0
22.760,0.3170000,0.1884000,9.6852000,61.2640000,40.6189000,63.0569000,-41.8110000,-11.4840000,5.4210000,0.000000,0,0,0
22.770,0.2943000,0.1597000,9.5691000,60.5392000,36.9339000,63.3774000,-42.0540000,-11.7710000,5.3290000,0.000000,0,0,0
22.780,0.2417000,0.1310000,9.4148000,60.0967000,35.6979000,63.6139000,-41.7000000,-11.7460000,5.1720000,0.000000,0,0,0
22.790,0.2022000,0.1023000,9.2389000,59.7687000,36.9873000,63.5910000,-42.0300000,-11.6960000,5.6350000,0.000000,0,0,0
22.800,0.1914000,0.0712000,9.0834000,59.5779000,40.1611000,63.3774000,-41.7440000,-11.7900000,6.0030000,0.000000,0,0,0
22.810,0.1938000,0.0389000,8.9746000,59.6771000,44.2276000,63.1409000,-42.0830000,-11.7290000,6.1900000,0.000000,0,0,0
22.820,0.2153000,0.0054000,8.9219000,60.2112000,48.0804000,62.9959000,-41.9260000,-11.9800000,5.6210000,0.000000,0,0,0
22.830,0.2680000,-0.0281000,8.9124000,61.1649000,50.9491000,63.0798000,-41.8200000,-11.7450000,5.5840000,0.000000,0,0,0
22.840,0.3457000,-0.0341000,8.9506000,62.1872000,52.9022000,63.4460000,-41.9490000,-11.9240000,5.7470000,0.000000,0,0,0
22.850,0.4307000,-0.0042000,9.0164000,62.8510000,54.1763000,63.9038000,-41.8260000,-12.0520000,6.1460000,0.000000,0,0,0
22.860,0.5012000,0.0317000,9.0882000,62.7365000,55.0003000,64.2471000,-41.6530000,-11.9220000,5.7030000,0.000000,0,0,0
22.870,0.5419000,0.0772000,9.1552000,61.7218000,55.9311000,64.3082000,-41.8980000,-11.9740000,6.2090000,0.000000,0,0,0
22.880,0.5539000,0.1190000,9.2162000,60.0967000,57.4417000,64.0411000,-41.5890000,-12.0510000,6.3670000,0.000000,0,0,0
22.890,0.5443000,0.1501000,9.2677000,58.3344000,59.4711000,63.6368000,-41.9700000,-12.0240000,6.1510000,0.000000,0,0,0
22.900,0.5168000,0.1585000,9.3227000,56.7703000,61.2717000,63.3850000,-41.6400000,-11.5000000,6.3850000,0.000000,0,0,0
22.910,0.4797000,0.1597000,9.4327000,55.6870000,62.6526000,63.5986000,-41.6950000,-11.6710000,6.0610000,0.000000,0,0,0
22.920,0.3924000,0.1717000,9.5595000,55.2292000,63.1332000,63.9801000,-41.7730000,-11.8780000,6.0050000,0.000000,0,0,0
22.930,0.4295000,0.1848000,9.7462000,55.6259000,63.6368000,63.9725000,-41.9720000,-12.1200000,6.2320000,0.000000,0,0,0
22.940,0.5156000,0.1537000,9.7210000,56.6864000,64.3768000,64.6439000,-41.5920000,-12.1340000,6.2380000,0.000000,0,0,0
22.950,0.5515000,0.1836000,9.7151000,57.8079000,61.0352000,64.4913000,-41.9550000,-12.2320000,5.6040000,0.000000,0,0,0
22.960,0.5407000,0.1418000,9.6301000,58.8150000,57.1060000,63.2324000,-41.7400000,-12.2750000,5.3430000,0.000000,0,0,0
22.970,0.5036000,0.0736000,9.4758000,59.5398000,53.7949000,61.6302000,-42.0050000,-12.2030000,6.0890000,0.000000,0,0,0
22.980,0.4737000,-0.0030000,9.3574000,60.1501000,52.0248000,60.0739000,-42.0840000,-12.3410000,5.6290000,0.000000,0,0,0
22.990,0.4630000,-0.1083000,9.2700000,60.9436000,52.0248000,58.8150000,-41.7040000,-12.0450000,4.7870000,0.000000,0,0,0
23.000,0.4725000,-0.2327000,9.2066000,61.9202000,52.5818000,58.1055000,-42.2110000,-12.3890000,5.2490000,0.000000,0,0,0
23.010,0.5000000,-0.3356000,9.1564000,62.8891000,52.7878000,58.1589000,-42.2190000,-12.1740000,5.7520000,0.000000,0,0,0
23.020,0.5455000,-0.3798000,9.0894000,63.6520000,52.4063000,58.6929000,-41.9940000,-12.0420000,5.7410000,0.000000,0,0,0
23.030,0.5623000,-0.4073000,8.9949000,64.2014000,52.0935000,59.3719000,-42.1290000,-12.0340000,5.1870000,0.000000,0,0,0
23.040,0.5383000,-0.4325000,8.8573000,64.8041000,52.2842000,59.9289000,-41.9210000,-12.3280000,4.8480000,0.000000,0,0,0
23.050,0.5359000,-0.4516000,8.7748000,65.4984000,53.1540000,60.1730000,-42.1970000,-12.3540000,4.5640000,0.000000,0,0,0
23.060,0.6029000,-0.4923000,8.7903000,66.1545000,55.0156000,60.3333000,-41.8380000,-11.9570000,5.1050000,0.000000,0,0,0
23.070,0.7178000,-0.5102000,8.8896000,66.6885000,57.2739000,60.9131000,-42.0470000,-12.1730000,4.6860000,0.000000,0,0,0
23.080,0.8266000,-0.4935000,9.0033000,66.7801000,59.2346000,62.0880000,-41.8840000,-12.0900000,4.8050000,0.000000,0,0,0
23.090,0.8697000,-0.4683000,9.0930000,66.4749000,60.4248000,63.4384000,-41.8210000,-12.1120000,5.2640000,0.000000,0,0,0
23.100,0.8506000,-0.4408000,9.1528000,66.1774000,60.7605000,64.4760000,-41.9830000,-11.9880000,4.7200000,0.000000,0,0,0
23.110,0.8015000,-0.3954000,9.1959000,66.1163000,60.3790000,64.8575000,-41.8830000,-12.0300000,5.2890000,0.000000,0,0,0
23.120,0.7489000,-0.3463000,9.2425000,66.2308000,59.4254000,64.5752000,-41.9320000,-11.8580000,5.5330000,0.000000,0,0,0
23.130,0.6986000,-0.2889000,9.3179000,66.4520000,58.4183000,64.0869000,-41.9460000,-12.0220000,5.1980000,0.000000,0,0,0
23.140,0.6735000,-0.2219000,9.4375000,66.8945000,57.7469000,63.6520000,-42.0240000,-11.9080000,5.0820000,0.000000,0,0,0
23.150,0.7010000,-0.1549000,9.5930000,67.7795000,57.7164000,63.3163000,-42.1650000,-12.2920000,4.6130000,0.000000,0,0,0
23.160,0.7608000,-0.1107000,9.7342000,69.2520000,58.0368000,63.1180000,-41.9580000,-11.9180000,5.2220000,0.000000,0,0,0
23.170,0.8326000,-0.0891000,9.8120000,71.2128000,57.9224000,63.0798000,-41.8090000,-12.1150000,4.7510000,0.000000,0,0,0
23.180,0.8865000,-0.0927000,9.8036000,73.2498000,56.9458000,63.2553000,-42.0710000,-12.0400000,5.5220000,0.000000,0,0,0
23.190,0.8793000,-0.1119000,9.6840000,74.8444000,55.3284000,63.5376000,-42.0090000,-12.1350000,4.8870000,0.000000,0,0,0
23.200,0.8135000,-0.1250000,9.4914000,75.5844000,53.5049000,63.8657000,-41.8470000,-12.0170000,4.7700000,0.000000,0,0,0
23.210,0.7333000,-0.1286000,9.3251000,75.4242000,52.2537000,64.2548000,-41.6410000,-12.0470000,5.5240000,0.000000,0,0,0
23.220,0.7142000,-0.1178000,9.2377000,74.5621000,52.3071000,64.5981000,-41.6350000,-12.1550000,5.1870000,0.000000,0,0,0
23.230,0.7692000,-0.0915000,9.2114000,73.2117000,53.8101000,64.7964000,-41.9330000,-12.2030000,4.7300000,0.000000,0,0,0
23.240,0.8494000,-0.0748000,9.2138000,71.5942000,56.0608000,64.9338000,-41.8400000,-12.3030000,4.9540000,0.000000,0,0,0
23.250,0.9116000,-0.0843000,9.2126000,70.1141000,58.3267000,65.0940000,-41.8790000,-12.1560000,4.5690000,0.000000,0,0,0
23.260,0.9319000,-0.0915000,9.1791000,69.2291000,60.0433000,65.2237000,-41.8980000,-12.0610000,4.3590000,0.000000,0,0,0
23.270,0.9092000,-0.0975000,9.0954000,69.0536000,60.9741000,65.0864000,-42.2200000,-12.1690000,4.5590000,0.000000,0,0,0
23.280,0.8613000,-0.1095000,8.9985000,69.2902000,60.8902000,64.7964000,-41.8960000,-11.9500000,4.6260000,0.000000,0,0,0
23.290,0.8302000,-0.1286000,8.9602000,69.5496000,60.1273000,64.6210000,-42.2130000,-12.1620000,5.5070000,0.000000,0,0,0
23.300,0.8482000,-0.1370000,9.0140000,69.4656000,59.7382000,64.5294000,-41.9410000,-11.9450000,5.0880000,0.000000,0,0,0
23.310,0.9056000,-0.1286000,9.1396000,68.8248000,60.3333000,64.3387000,-42.0350000,-12.1120000,5.3360000,0.000000,0,0,0
23.320,0.9798000,-0.1059000,9.2892000,67.5812000,61.5768000,63.8809000,-41.9010000,-12.2500000,5.1670000,0.000000,0,0,0
23.330,1.0288000,-0.0819000,9.3969000,65.8340000,62.6907000,63.1790000,-42.1780000,-12.0390000,5.0440000,0.000000,0,0,0
23.340,1.0192000,-0.0700000,9.4435000,63.9038000,62.7441000,62.4161000,-42.2150000,-12.1560000,5.1790000,0.000000,0,0,0
23.350,0.8733000,-0.0544000,9.3897000,61.3937000,60.8292000,61.5540000,-41.9520000,-12.1860000,5.4050000,0.000000,0,0,0
23.360,0.7226000,-0.0473000,9.3550000,60.1501000,58.9142000,61.2106000,-42.1090000,-11.9480000,5.0880000,0.000000,0,0,0
23.370,0.5814000,-0.0413000,9.3861000,59.3414000,57.2968000,60.7071000,-41.8370000,-11.9920000,5.2980000,0.000000,0,0,0
23.380,0.4941000,-0.0544000,9.4902000,58.8760000,56.8390000,59.9518000,-41.9080000,-11.9490000,5.0290000,0.000000,0,0,0
23.390,0.4402000,-0.0700000,9.6265000,58.5327000,57.6401000,59.2194000,-42.0510000,-11.8050000,4.9580000,0.000000,0,0,0
23.400,0.4187000,-0.0760000,9.7521000,58.3115000,59.1507000,58.5098000,-41.9650000,-12.2490000,5.0030000,0.000000,0,0,0
23.410,0.4307000,-0.0676000,9.8060000,58.4717000,60.4782000,57.3959000,-42.0210000,-12.2340000,4.6800000,0.000000,0,0,0
23.420,0.4438000,-0.0532000,9.7737000,59.0973000,61.5616000,55.6870000,-41.9660000,-11.8980000,5.4980000,0.000000,0,0,0
23.430,0.4331000,-0.0999000,9.6433000,59.8679000,62.7975000,53.3676000,-42.2190000,-12.2170000,5.5690000,0.000000,0,0,0
23.440,0.4151000,-0.2195000,9.4531000,60.2036000,62.9196000,51.0178000,-41.7900000,-11.9660000,5.0210000,0.000000,0,0,0
23.450,0.4235000,-0.3523000,9.2916000,59.5779000,62.4313000,49.4843000,-42.2610000,-12.0950000,5.9580000,0.000000,0,0,0
23.460,0.4833000,-0.4145000,9.1791000,57.8003000,62.0651000,49.0189000,-42.3440000,-11.9910000,5.5460000,0.000000,0,0,0
23.470,0.6137000,-0.4002000,9.1301000,55.4581000,62.3932000,49.0494000,-42.1060000,-12.1900000,5.1590000,0.000000,0,0,0
23.480,0.7931000,-0.3535000,9.1337000,53.5049000,63.0493000,49.0646000,-42.3750000,-12.1070000,5.1250000,0.000000,0,0,0
23.490,1.0037000,-0.3080000,9.1935000,52.7039000,63.9420000,49.3469000,-42.2360000,-11.7950000,4.5260000,0.000000,0,0,0
23.500,1.1879000,-0.2710000,9.2653000,53.3142000,64.6744000,50.2625000,-42.0580000,-12.0410000,4.4510000,0.000000,0,0,0
23.510,1.3028000,-0.2434000,9.3346000,54.9240000,65.0787000,52.0325000,-42.1290000,-12.0770000,4.1700000,0.000000,0,0,0
23.520,1.3363000,-0.2111000,9.3777000,56.8848000,65.0482000,54.5578000,-42.3130000,-12.0880000,4.1890000,0.000000,0,0,0
23.530,1.3159000,-0.1681000,9.4100000,58.6472000,64.3845000,57.2510000,-42.2960000,-12.0800000,3.9500000,0.000000,0,0,0
23.540,1.2729000,-0.1286000,9.4483000,59.9518000,63.4995000,59.6390000,-42.4150000,-11.9480000,4.3330000,0.000000,0,0,0
23.550,1.2441000,-0.0784000,9.4949000,60.7834000,62.7823000,61.3937000,-42.4360000,-12.0470000,5.0220000,0.000000,0,0,0
23.560,1.2238000,-0.0197000,9.5727000,61.2793000,62.6144000,62.2940000,-42.6150000,-12.1550000,4.6990000,0.000000,0,0,0
23.570,1.1903000,0.0473000,9.6409000,61.7294000,62.9349000,62.4466000,-42.2860000,-12.3700000,4.4340000,0.000000,0,0,0
23.580,1.1269000,0.0999000,9.6756000,62.3245000,63.2935000,62.1796000,-42.1930000,-12.1630000,4.6030000,0.000000,0,0,0
23.590,1.0479000,0.1274000,9.6600000,63.0569000,63.0188000,61.9278000,-42.4960000,-12.4450000,4.8580000,0.000000,0,0,0
23.600,0.9917000,0.1442000,9.5954000,63.7970000,61.8439000,62.0728000,-42.2270000,-12.0520000,5.0680000,0.000000,0,0,0
23.610,0.9857000,0.1753000,9.5105000,64.2853000,60.3027000,62.4161000,-42.4050000,-11.9440000,4.7990000,0.000000,0,0,0
23.620,1.0264000,0.2135000,9.4280000,64.3158000,59.3719000,62.4924000,-42.2520000,-12.2080000,5.1790000,0.000000,0,0,0
23.630,1.0826000,0.2339000,9.3454000,63.9267000,59.4025000,62.1490000,-42.4140000,-11.9450000,4.9390000,0.000000,0,0,0
23.640,1.1365000,0.2434000,9.2868000,63.2706000,60.1807000,61.5387000,-42.1800000,-12.1930000,4.7930000,0.000000,0,0,0
23.650,1.1783000,0.2363000,9.2521000,62.6144000,60.9360000,60.9207000,-42.1250000,-12.0870000,5.2660000,0.000000,0,0,0
23.660,1.1939000,0.2231000,9.2186000,62.1796000,61.0657000,60.4630000,-42.1210000,-12.0900000,4.7970000,0.000000,0,0,0
23.670,1.1688000,0.1980000,9.1504000,61.9888000,60.6232000,60.3485000,-42.1090000,-11.9340000,4.7500000,0.000000,0,0,0
23.680,1.1221000,0.1812000,9.0786000,61.9049000,59.8145000,60.5621000,-42.1990000,-12.0240000,4.4430000,0.000000,0,0,0
23.690,1.0779000,0.1896000,9.0475000,61.8362000,59.1278000,60.8902000,-42.7060000,-11.9750000,4.7970000,0.000000,0,0,0
23.700,1.0515000,0.2052000,9.0535000,61.8134000,59.0515000,60.9055000,-42.6120000,-11.8870000,5.1020000,0.000000,0,0,0
23.710,1.0396000,0.2099000,9.0822000,61.9278000,59.9136000,60.4324000,-42.4390000,-11.8060000,4.5920000,0.000000,0,0,0
23.720,1.0527000,0.2243000,9.1265000,62.2025000,61.2717000,59.6619000,-42.3480000,-11.9880000,4.8810000,0.000000,0,0,0
23.730,1.0898000,0.2399000,9.1839000,62.5610000,62.5610000,58.8608000,-42.0910000,-11.8300000,4.0830000,0.000000,0,0,0
23.740,1.0922000,0.2315000,9.2234000,62.8815000,63.2706000,58.3801000,-42.1960000,-11.9580000,4.3210000,0.000000,0,0,0
23.750,1.0503000,0.1992000,9.2258000,63.0417000,63.1104000,58.4946000,-42.4160000,-11.8410000,4.2720000,0.000000,0,0,0
23.760,1.0013000,0.1585000,9.2066000,62.8357000,62.2711000,59.2270000,-42.2130000,-11.8520000,4.5350000,0.000000,0,0,0
23.770,0.9738000,0.1226000,9.1731000,62.3322000,61.0123000,60.3790000,-41.9670000,-12.0500000,4.1100000,0.000000,0,0,0
23.780,0.9678000,0.1071000,9.1480000,61.7905000,59.6466000,61.5234000,-42.0690000,-11.9300000,3.7140000,0.000000,0,0,0
23.790,0.9798000,0.1047000,9.1420000,61.5997000,58.6243000,62.2635000,-42.4050000,-11.9230000,3.7560000,0.000000,0,0,0
23.800,0.9977000,0.1119000,9.1516000,61.9965000,58.1436000,62.6907000,-42.2210000,-12.0250000,3.7910000,0.000000,0,0,0
23.810,1.0025000,0.1274000,9.1839000,62.7670000,57.9376000,63.0798000,-42.2410000,-11.9650000,3.5520000,0.000000,0,0,0
23.820,0.9762000,0.1382000,9.2042000,63.7283000,57.7164000,63.5910000,-42.2310000,-11.7190000,3.4460000,0.000000,0,0,0
23.830,0.9104000,0.1370000,9.2330000,64.6973000,57.3959000,64.1251000,-42.1770000,-11.8000000,3.4380000,0.000000,0,0,0
23.840,0.8422000,0.1298000,9.2760000,65.4984000,57.2205000,64.5447000,-42.4810000,-11.8640000,3.5950000,0.000000,0,0,0
23.850,0.8087000,0.1142000,9.3119000,66.0400000,57.4112000,64.8270000,-42.6340000,-11.8020000,3.8170000,0.000000,0,0,0
23.860,0.7884000,0.0939000,9.3275000,66.3300000,57.9910000,64.8346000,-42.3590000,-11.6460000,3.7770000,0.000000,0,0,0
23.870,0.7692000,0.0580000,9.3215000,66.5665000,59.0210000,64.5294000,-42.3290000,-12.0830000,3.5630000,0.000000,0,0,0
23.880,0.7596000,0.0389000,9.3311000,66.7343000,60.6232000,64.0869000,-42.1890000,-12.0800000,3.7640000,0.000000,0,0,0
23.890,0.7656000,0.0532000,9.3837000,66.6962000,62.3245000,63.7207000,-42.1610000,-12.0360000,3.7840000,0.000000,0,0,0
23.900,0.7979000,0.0891000,9.4626000,66.6046000,63.3621000,63.5300000,-42.3850000,-12.0750000,3.7100000,0.000000,0,0,0
23.910,0.8302000,0.1310000,9.5440000,66.6504000,63.2782000,63.4460000,-42.2530000,-11.5470000,3.8230000,0.000000,0,0,0
23.920,0.8350000,0.1585000,9.5942000,66.7419000,62.2635000,63.4460000,-42.3190000,-12.1020000,3.7480000,0.000000,0,0,0
23.930,0.8326000,0.1430000,9.5895000,66.7801000,60.9589000,63.4232000,-42.2240000,-12.0720000,4.2560000,0.000000,0,0,0
23.940,0.8434000,0.0879000,9.5368000,66.6580000,60.0510000,63.2401000,-42.3430000,-12.0260000,3.9920000,0.000000,0,0,0
23.950,0.8876000,0.0042000,9.4543000,66.2689000,59.8450000,62.9272000,-42.5420000,-12.0380000,3.5890000,0.000000,0,0,0
23.960,0.9845000,-0.0736000,9.3909000,65.6128000,60.5469000,62.5153000,-42.3110000,-12.1870000,3.7410000,0.000000,0,0,0
23.970,1.1173000,-0.1190000,9.3813000,64.9109000,61.7599000,62.0880000,-42.4870000,-11.9850000,4.7280000,0.000000,0,0,0
23.980,1.2274000,-0.1418000,9.4052000,64.4608000,62.5076000,61.7752000,-42.5570000,-11.9670000,3.6960000,0.000000,0,0,0
23.990,1.2226000,-0.1669000,9.4734000,64.2853000,61.8362000,61.7294000,-42.4360000,-11.9610000,4.5570000,0.000000,0,0,0
24.000,1.0970000,-0.1776000,9.5057000,64.2090000,60.6537000,61.9354000,-42.6910000,-11.8660000,4.7510000,0.000000,0,0,0
24.010,0.9307000,-0.1872000,9.5105000,63.9572000,59.6161000,62.2025000,-42.2560000,-12.0100000,4.7790000,0.000000,0,0,0
24.020,0.8087000,-0.2099000,9.4866000,63.5376000,59.1583000,62.5534000,-42.4860000,-11.7820000,4.4280000,0.000000,0,0,0
24.030,0.7979000,-0.2375000,9.4615000,63.1790000,59.6085000,62.8967000,-42.4130000,-11.8880000,3.9850000,0.000000,0,0,0
24.040,0.8948000,-0.2279000,9.4567000,62.9044000,61.3327000,63.0264000,-42.3680000,-12.0090000,3.7870000,0.000000,0,0,0
24.050,1.0276000,-0.2028000,9.4411000,62.6221000,64.0717000,62.8891000,-42.2160000,-12.0490000,4.5080000,0.000000,0,0,0
24.060,1.1389000,-0.1860000,9.3909000,62.2787000,66.6046000,62.6831000,-42.2670000,-12.3950000,4.4520000,0.000000,0,0,0
24.070,1.2059000,-0.1669000,9.3179000,62.0346000,68.0923000,62.5916000,-42.5490000,-12.1390000,4.3530000,0.000000,0,0,0
24.080,1.2154000,-0.1525000,9.2377000,62.1109000,68.2220000,62.6144000,-42.3150000,-12.0190000,4.4700000,0.000000,0,0,0
24.090,1.1819000,-0.1525000,9.1755000,62.4771000,67.2989000,62.7365000,-42.3100000,-12.0500000,3.9190000,0.000000,0,0,0
24.100,1.1161000,-0.1609000,9.1444000,63.0341000,65.8875000,62.9959000,-42.0490000,-12.3120000,3.7210000,0.000000,0,0,0
24.110,1.0420000,-0.1776000,9.1612000,63.6597000,64.5676000,63.2858000,-42.2020000,-12.0280000,4.2370000,0.000000,0,0,0
24.120,0.9917000,-0.1717000,9.2306000,64.2166000,64.0640000,63.5223000,-42.4110000,-12.0740000,4.1400000,0.000000,0,0,0
24.130,0.9786000,-0.1178000,9.3466000,64.5676000,64.6744000,63.4689000,-42.1440000,-12.0060000,3.8090000,0.000000,0,0,0
24.140,0.9965000,-0.0269000,9.4866000,64.6286000,66.1850000,63.0264000,-42.2460000,-11.8870000,4.2020000,0.000000,0,0,0
24.150,1.0204000,0.0568000,9.6110000,64.5676000,67.5354000,62.3322000,-42.3350000,-11.7010000,4.2680000,0.000000,0,0,0
24.160,1.0324000,0.1119000,9.7043000,64.6362000,67.5812000,61.7218000,-42.1330000,-11.8940000,4.0910000,0.000000,0,0,0
24.170,1.0192000,0.1274000,9.7521000,64.8193000,66.0553000,61.3937000,-42.0400000,-11.9880000,3.8000000,0.000000,0,0,0
24.180,0.9642000,0.1059000,9.7498000,64.8956000,63.5376000,61.3937000,-42.1220000,-11.9830000,3.3690000,0.000000,0,0,0
24.190,0.8793000,0.0580000,9.7007000,64.5294000,61.1801000,61.4471000,-42.4270000,-11.9320000,4.3230000,0.000000,0,0,0
24.200,0.8326000,0.0030000,9.6277000,63.5757000,60.2798000,61.0886000,-42.3060000,-12.0260000,4.3630000,0.000000,0,0,0
24.210,0.8470000,-0.0473000,9.5619000,62.2559000,61.2030000,60.0510000,-42.2740000,-11.9790000,3.9190000,0.000000,0,0,0
24.220,0.9128000,-0.0879000,9.5260000,61.0428000,63.2401000,58.5556000,-42.3780000,-12.1040000,4.0900000,0.000000,0,0,0
24.230,0.9774000,-0.1154000,9.4997000,60.1120000,65.0787000,57.1594000,-42.2070000,-12.0120000,4.4560000,0.000000,0,0,0
24.240,0.9977000,-0.1430000,9.4842000,59.6542000,65.6586000,56.3202000,-42.1720000,-11.7310000,4.1750000,0.000000,0,0,0
24.250,0.9774000,-0.1513000,9.4914000,59.7153000,64.6133000,56.1676000,-42.3020000,-11.9340000,3.9730000,0.000000,0,0,0
24.260,0.9451000,-0.1298000,9.5225000,60.0281000,62.7365000,56.7398000,-42.2140000,-11.8890000,4.1440000,0.000000,0,0,0
24.270,0.9176000,-0.0724000,9.5799000,60.3561000,61.1115000,58.0597000,-42.4220000,-12.0910000,3.7660000,0.000000,0,0,0
24.280,0.9176000,0.0293000,9.6552000,60.7071000,60.1425000,59.6848000,-42.0560000,-12.0820000,3.5400000,0.000000,0,0,0
24.290,0.9487000,0.1573000,9.7318000,61.1649000,59.7687000,60.9207000,-42.2390000,-11.9220000,4.2910000,0.000000,0,0,0
24.300,0.9845000,0.2781000,9.8132000,61.8668000,60.0739000,61.5311000,-42.0260000,-11.8940000,4.5050000,0.000000,0,0,0
24.310,1.0001000,0.3499000,9.8634000,62.9654000,60.9436000,61.6379000,-42.2560000,-11.9240000,4.1670000,0.000000,0,0,0
24.320,0.9869000,0.3547000,9.8490000,64.3311000,61.9125000,61.6455000,-42.2360000,-11.8970000,3.8350000,0.000000,0,0,0
24.330,0.9582000,0.3068000,9.7653000,65.6052000,62.5000000,61.9049000,-41.9870000,-11.9920000,3.8130000,0.000000,0,0,0
24.340,0.9499000,0.2422000,9.6313000,66.3300000,62.6678000,62.4237000,-42.2940000,-12.0340000,4.1420000,0.000000,0,0,0
24.350,0.9941000,0.1968000,9.4770000,66.2460000,62.5458000,62.9349000,-42.3050000,-12.3190000,4.1630000,0.000000,0,0,0
24.360,1.0994000,0.1765000,9.3466000,65.4068000,62.4542000,63.0646000,-42.0590000,-12.1930000,4.1000000,0.000000,0,0,0
24.370,1.2370000,0.1693000,9.2521000,64.3005000,62.5000000,62.6907000,-42.0620000,-12.3040000,4.5170000,0.000000,0,0,0
24.380,1.3566000,0.1705000,9.2186000,63.5529000,62.7441000,61.9583000,-42.0720000,-11.9200000,4.0530000,0.000000,0,0,0
24.390,1.4068000,0.1585000,9.2270000,63.3163000,63.1027000,61.0886000,-42.3290000,-12.0700000,4.1780000,0.000000,0,0,0
24.400,1.3769000,0.1142000,9.2342000,63.3774000,63.3926000,60.3409000,-42.6020000,-11.8630000,3.9050000,0.000000,0,0,0
24.410,1.2908000,0.0437000,9.2138000,63.3698000,63.5376000,59.8679000,-42.4240000,-12.1220000,3.5250000,0.000000,0,0,0
24.420,1.1903000,-0.0281000,9.1719000,63.0112000,63.6902000,59.7000000,-42.5120000,-11.7280000,3.5290000,0.000000,0,0,0
24.430,1.1030000,-0.0784000,9.1301000,62.2406000,64.0259000,59.7153000,-42.7780000,-11.9040000,3.9730000,0.000000,0,0,0
24.440,1.0444000,-0.1035000,9.0942000,61.1877000,64.6896000,59.8221000,-42.7400000,-11.8290000,3.6800000,0.000000,0,0,0
24.450,1.0252000,-0.0951000,9.0966000,60.0510000,65.7730000,59.8984000,-42.5790000,-11.6740000,4.7320000,0.000000,0,0,0
24.460,1.0539000,-0.0496000,9.1612000,59.1125000,67.1082000,59.8068000,-42.1930000,-11.9840000,3.9840000,0.000000,0,0,0
24.470,1.1066000,0.0185000,9.2712000,58.5480000,68.2220000,59.5932000,-42.5020000,-12.2010000,4.1620000,0.000000,0,0,0
24.480,1.1437000,0.0819000,9.3789000,58.4030000,68.7637000,59.5093000,-42.4730000,-12.1500000,4.1360000,0.000000,0,0,0
24.490,1.1520000,0.1286000,9.4626000,58.6624000,68.6951000,59.7305000,-42.2020000,-11.7980000,4.4820000,0.000000,0,0,0
24.500,1.1472000,0.1573000,9.5129000,59.3338000,68.1763000,60.3180000,-42.2950000,-12.2930000,4.5480000,0.000000,0,0,0
24.510,1.1233000,0.1669000,9.5213000,60.3333000,67.3904000,61.1649000,-42.3440000,-12.1200000,4.0570000,0.000000,0,0,0
24.520,1.0719000,0.1525000,9.4949000,61.5540000,66.6275000,62.1338000,-42.2440000,-11.8770000,4.6680000,0.000000,0,0,0
24.530,1.0001000,0.1286000,9.4435000,62.9883000,66.1697000,62.9578000,-42.3970000,-11.8710000,4.7050000,0.000000,0,0,0
24.540,0.9307000,0.1047000,9.3992000,64.5523000,66.1240000,63.2401000,-42.2340000,-12.1460000,4.9080000,0.000000,0,0,0
24.550,0.8757000,0.0700000,9.3921000,65.9332000,66.4520000,63.1104000,-42.1930000,-11.7320000,4.6440000,0.000000,0,0,0
24.560,0.8350000,0.0305000,9.4208000,66.8640000,66.8259000,62.9654000,-41.8500000,-11.7170000,5.1320000,0.000000,0,0,0
24.570,0.8099000,0.0030000,9.4722000,67.1692000,66.9861000,63.0569000,-41.8440000,-11.9850000,5.3710000,0.000000,0,0,0
24.580,0.7943000,0.0030000,9.5320000,66.9250000,66.9479000,63.4155000,-42.3930000,-12.0980000,4.7110000,0.000000,0,0,0
24.590,0.7848000,0.0293000,9.5954000,66.4368000,67.1463000,63.7283000,-42.3140000,-11.9330000,4.5600000,0.000000,0,0,0
24.600,0.7955000,0.0772000,9.6576000,65.9561000,67.8101000,63.6597000,-42.0120000,-11.8080000,5.1710000,0.000000,0,0,0
24.610,0.8422000,0.1489000,9.7342000,65.4221000,68.9316000,62.7823000,-42.2500000,-11.9190000,4.9740000,0.000000,0,0,0
24.620,0.8577000,0.1717000,9.7641000,65.1169000,69.0536000,61.9736000,-42.1020000,-11.7480000,6.0780000,0.000000,0,0,0
24.630,0.8518000,0.1657000,9.7749000,64.7659000,68.5577000,61.2640000,-42.3430000,-11.9610000,5.4980000,0.000000,0,0,0
24.640,0.8254000,0.1298000,9.7617000,64.3387000,67.6727000,60.7910000,-42.0900000,-11.9520000,5.5640000,0.000000,0,0,0
24.650,0.7884000,0.0819000,9.7426000,63.8885000,66.5817000,60.5698000,-42.0690000,-11.8230000,5.3400000,0.000000,0,0,0
24.660,0.7668000,0.0508000,9.7222000,63.3926000,65.5975000,60.5392000,-42.1420000,-12.2550000,4.8120000,0.000000,0,0,0
24.670,0.7608000,0.0449000,9.7103000,62.9501000,64.7278000,60.5011000,-41.9280000,-11.9100000,4.9020000,0.000000,0,0,0
24.680,0.7561000,0.0568000,9.7198000,62.6526000,64.0717000,60.2646000,-41.8020000,-11.8500000,4.4920000,0.000000,0,0,0
24.690,0.7309000,0.0628000,9.7222000,62.5992000,63.5529000,59.8373000,-42.0170000,-11.7930000,5.0040000,0.000000,0,0,0
24.700,0.6950000,0.0484000,9.7175000,62.7594000,63.1485000,59.3719000,-41.9660000,-12.0280000,5.1990000,0.000000,0,0,0
24.710,0.6627000,0.0197000,9.7210000,62.9578000,62.7899000,59.1507000,-42.0830000,-11.8020000,4.8420000,0.000000,0,0,0
24.720,0.6412000,-0.0221000,9.7282000,63.0417000,62.3398000,59.3109000,-41.7490000,-11.3790000,5.0820000,0.000000,0,0,0
24.730,0.6352000,-0.0484000,9.7294000,62.9272000,61.9202000,59.8373000,-41.9620000,-11.4640000,4.5580000,0.000000,0,0,0
24.740,0.6484000,-0.0449000,9.7079000,62.6068000,62.0346000,60.3561000,-42.0350000,-11.7530000,5.1220000,0.000000,0,0,0
24.750,0.6915000,-0.0221000,9.6600000,62.1567000,62.7670000,60.5927000,-41.8980000,-11.8160000,4.9070000,0.000000,0,0,0
24.760,0.7573000,0.0161000,9.6158000,61.8057000,63.7817000,60.5011000,-42.1560000,-11.8960000,4.5720000,0.000000,0,0,0
24.770,0.8350000,0.0425000,9.5775000,61.7447000,64.7278000,60.2036000,-42.1150000,-11.6680000,4.9590000,0.000000,0,0,0
24.780,0.8948000,0.0437000,9.5500000,61.9812000,65.0558000,60.0586000,-42.1490000,-11.9320000,4.8850000,0.000000,0,0,0
24.790,0.9152000,0.0233000,9.5368000,62.4161000,64.6286000,60.2722000,-41.8690000,-11.7870000,5.2750000,0.000000,0,0,0
24.800,0.8972000,-0.0018000,9.5249000,62.9196000,63.7207000,60.8444000,-42.2120000,-11.5070000,4.8480000,0.000000,0,0,0
24.810,0.8577000,-0.0126000,9.5021000,63.3698000,62.7213000,61.6302000,-42.0450000,-11.5110000,4.5580000,0.000000,0,0,0
24.820,0.8195000,-0.0030000,9.4770000,63.7054000,62.1185000,62.3779000,-42.1890000,-11.6910000,4.8960000,0.000000,0,0,0
24.830,0.8039000,0.0293000,9.4626000,64.0182000,62.2635000,62.8510000,-42.1250000,-11.5500000,5.8070000,0.000000,0,0,0
24.840,0.8254000,0.0640000,9.4531000,64.4150000,63.1104000,62.9272000,-41.9500000,-11.8890000,5.6190000,0.000000,0,0,0
24.850,0.8625000,0.0843000,9.4459000,64.7354000,64.1785000,62.7670000,-42.2080000,-11.4520000,4.7150000,0.000000,0,0,0
24.860,0.8900000,0.0987000,9.4507000,64.7964000,65.0253000,62.6755000,-42.1440000,-11.6680000,4.5940000,0.000000,0,0,0
24.870,0.8876000,0.1083000,9.4650000,64.6591000,65.4831000,62.7213000,-42.0120000,-11.6570000,4.4830000,0.000000,0,0,0
24.880,0.8637000,0.1190000,9.4890000,64.3921000,65.5441000,62.8586000,-42.0670000,-11.6920000,5.3490000,0.000000,0,0,0
24.890,0.8326000,0.1358000,9.5153000,64.0717000,65.4068000,63.1180000,-41.8460000,-11.7000000,5.0240000,0.000000,0,0,0
24.900,0.8230000,0.1597000,9.5392000,63.8733000,65.4068000,63.3469000,-41.9850000,-11.7310000,5.1330000,0.000000,0,0,0
24.910,0.8458000,0.1729000,9.5548000,63.8199000,65.5594000,63.3392000,-41.9050000,-11.4500000,5.3600000,0.000000,0,0,0
24.920,0.8853000,0.1681000,9.5524000,63.8046000,65.6204000,63.1866000,-42.0070000,-11.6100000,5.0690000,0.000000,0,0,0
24.930,0.9199000,0.1453000,9.5380000,63.6597000,65.6128000,63.0569000,-42.0860000,-11.8680000,4.9520000,0.000000,0,0,0
24.940,0.9247000,0.1178000,9.5189000,63.3545000,65.6967000,63.0264000,-42.1320000,-11.6140000,5.1590000,0.000000,0,0,0
24.950,0.8865000,0.0867000,9.4938000,63.0875000,65.8493000,63.0112000,-41.8960000,-11.9140000,5.0350000,0.000000,0,0,0
24.960,0.8207000,0.0604000,9.4806000,62.9654000,66.0706000,63.0646000,-42.0170000,-11.9070000,4.5980000,0.000000,0,0,0
24.970,0.7573000,0.0604000,9.4973000,62.9501000,66.3528000,63.2706000,-42.0400000,-12.2110000,4.9540000,0.000000,0,0,0
24.980,0.6556000,0.0843000,9.5344000,62.9807000,66.4062000,63.3240000,-41.9590000,-12.1000000,5.5340000,0.000000,0,0,0
24.990,0.5754000,0.1142000,9.5918000,63.0341000,65.8722000,62.8967000,-41.8850000,-12.0330000,5.4410000,0.000000,0,0,0
25.000,0.5383000,0.1501000,9.6732000,63.1561000,65.3610000,62.2559000,-41.9430000,-11.9330000,5.4910000,0.000000,0,0,0
25.010,0.5455000,0.1753000,9.7653000,63.2629000,65.0635000,61.5997000,-42.1250000,-12.1670000,5.0780000,0.000000,0,0,0
25.020,0.5838000,0.1776000,9.8562000,63.3545000,64.9109000,61.1420000,-42.3110000,-12.0220000,5.2100000,0.000000,0,0,0
25.030,0.6269000,0.1597000,9.9220000,63.4232000,64.6820000,61.0275000,-41.8720000,-11.8110000,5.4860000,0.000000,0,0,0
25.040,0.6448000,0.1274000,9.9531000,63.4766000,64.2624000,61.2411000,-42.1440000,-11.8840000,5.4050000,0.000000,0,0,0
25.050,0.6173000,0.0891000,9.9436000,63.5529000,63.6978000,61.6531000,-42.1900000,-12.2040000,5.3520000,0.000000,0,0,0
25.060,0.5503000,0.0544000,9.8933000,63.6826000,63.0188000,62.1567000,-42.2680000,-12.0010000,5.7590000,0.000000,0,0,0
25.070,0.4809000,0.0389000,9.8359000,63.8962000,62.6068000,62.6755000,-41.8500000,-11.7460000,5.5890000,0.000000,0,0,0
25.080,0.4486000,0.0461000,9.7868000,64.1708000,62.9959000,63.0493000,-41.7900000,-11.7440000,5.6020000,0.000000,0,0,0
25.090,0.4677000,0.0592000,9.7354000,64.4760000,64.0717000,63.2553000,-41.9830000,-11.9810000,5.4030000,0.000000,0,0,0
25.100,0.5192000,0.0760000,9.6935000,64.7659000,65.2924000,63.2401000,-41.8890000,-11.8220000,5.8970000,0.000000,0,0,0
25.110,0.5802000,0.0963000,9.6696000,64.9796000,66.1316000,62.9959000,-41.8010000,-11.9050000,5.7090000,0.000000,0,0,0
25.120,0.6316000,0.1238000,9.6756000,65.0482000,66.2689000,62.5229000,-41.8420000,-11.8750000,5.3780000,0.000000,0,0,0
25.130,0.6496000,0.1453000,9.7079000,64.9414000,65.6128000,61.9812000,-42.0250000,-11.8580000,5.3490000,0.000000,0,0,0
25.140,0.6173000,0.1525000,9.7462000,64.6896000,64.2090000,61.5692000,-41.7380000,-11.8280000,5.5800000,0.000000,0,0,0
25.150,0.5455000,0.1537000,9.7581000,64.3234000,62.5610000,61.3327000,-41.8670000,-11.9510000,5.9120000,0.000000,0,0,0
25.160,0.4677000,0.1465000,9.7222000,63.9496000,61.3708000,61.1954000,-41.9830000,-12.0460000,5.5180000,0.000000,0,0,0
25.170,0.4271000,0.1322000,9.6457000,63.6597000,61.1649000,60.9818000,-42.0610000,-12.1310000,4.9580000,0.000000,0,0,0
25.180,0.4450000,0.1107000,9.5536000,63.4537000,61.8973000,60.6308000,-42.0300000,-11.8190000,5.7920000,0.000000,0,0,0
25.190,0.5084000,0.0999000,9.4758000,63.2553000,63.0722000,60.3561000,-41.9350000,-11.9900000,5.7600000,0.000000,0,0,0
25.200,0.6017000,0.1154000,9.4447000,63.0569000,64.2548000,60.2188000,-41.6460000,-12.0730000,5.5410000,0.000000,0,0,0
25.210,0.7010000,0.1489000,9.4507000,62.8586000,65.0330000,60.1044000,-41.8380000,-11.7060000,5.4470000,0.000000,0,0,0
25.220,0.7812000,0.1848000,9.4902000,62.5839000,65.1398000,59.9365000,-42.1270000,-11.5290000,4.8720000,0.000000,0,0,0
25.230,0.8458000,0.2207000,9.5308000,62.0956000,64.6591000,59.7534000,-41.9280000,-12.1200000,5.2250000,0.000000,0,0,0
25.240,0.9056000,0.2458000,9.5296000,61.0580000,63.3774000,59.6924000,-41.6800000,-11.8920000,4.9670000,0.000000,0,0,0
25.250,0.9056000,0.2494000,9.5057000,60.5621000,62.6068000,59.9976000,-41.9590000,-11.6830000,5.5070000,0.000000,0,0,0
25.260,0.8673000,0.2614000,9.4914000,60.5850000,62.1643000,60.4858000,-41.7410000,-11.8380000,6.0800000,0.000000,0,0,0
25.270,0.8039000,0.2817000,9.5009000,61.2259000,62.2330000,60.8826000,-41.7240000,-11.9000000,4.8700000,0.000000,0,0,0
25.280,0.7573000,0.3140000,9.5260000,62.1567000,62.8052000,60.9741000,-41.5860000,-11.7120000,5.8270000,0.000000,0,0,0
25.290,0.7477000,0.3535000,9.5560000,62.9120000,63.4842000,60.7452000,-41.8600000,-11.9140000,5.9210000,0.000000,0,0,0
25.300,0.7561000,0.3786000,9.5727000,63.2172000,63.8580000,60.3638000,-42.0230000,-11.7480000,5.6750000,0.000000,0,0,0
25.310,0.7584000,0.3834000,9.5679000,63.0798000,63.6749000,60.0586000,-42.0570000,-12.0330000,5.8730000,0.000000,0,0,0
25.320,0.7465000,0.3691000,9.5488000,62.7365000,63.0035000,59.9594000,-41.9740000,-11.7270000,5.7470000,0.000000,0,0,0
25.330,0.7142000,0.3463000,9.5225000,62.3932000,62.0651000,60.1349000,-41.9510000,-11.8920000,5.4010000,0.000000,0,0,0
25.340,0.6604000,0.3248000,9.5081000,62.1796000,61.1801000,60.5469000,-42.0540000,-12.0380000,5.4200000,0.000000,0,0,0
25.350,0.5958000,0.3033000,9.5141000,62.1643000,60.8597000,60.9741000,-41.9640000,-11.8970000,5.3490000,0.000000,0,0,0
25.360,0.5407000,0.2793000,9.5260000,62.3093000,61.2640000,61.1877000,-42.1110000,-11.8520000,5.6110000,0.000000,0,0,0
25.370,0.5192000,0.2518000,9.5416000,62.4695000,62.1033000,61.2183000,-41.7710000,-11.4740000,6.2440000,0.000000,0,0,0
25.380,0.5491000,0.2363000,9.5703000,62.5000000,62.8510000,61.1801000,-41.9480000,-11.5940000,5.5470000,0.000000,0,0,0
25.390,0.6221000,0.2446000,9.6134000,62.3932000,63.1638000,61.1572000,-42.0350000,-11.7750000,5.8010000,0.000000,0,0,0
25.400,0.7070000,0.2566000,9.6541000,62.3093000,62.9272000,61.1801000,-42.0360000,-11.9330000,6.0240000,0.000000,0,0,0
25.410,0.7764000,0.2566000,9.6732000,62.4619000,62.1948000,61.2640000,-42.0520000,-11.8140000,5.8520000,0.000000,0,0,0
25.420,0.8051000,0.2315000,9.6624000,62.8433000,61.2030000,61.4243000,-42.0590000,-11.7330000,6.1810000,0.000000,0,0,0
25.430,0.7872000,0.1812000,9.6253000,63.3240000,60.3638000,61.6302000,-41.9680000,-11.8790000,5.5740000,0.000000,0,0,0
25.440,0.7381000,0.1166000,9.5739000,63.7665000,60.0128000,61.8744000,-42.1100000,-11.7350000,5.5630000,0.000000,0,0,0
25.450,0.6950000,0.0640000,9.5308000,64.0717000,60.1807000,62.1262000,-41.6170000,-11.9140000,5.7620000,0.000000,0,0,0
25.460,0.6855000,0.0341000,9.4997000,64.1403000,60.6613000,62.3398000,-42.1760000,-12.0160000,5.7220000,0.000000,0,0,0
25.470,0.7106000,0.0269000,9.4818000,63.9420000,61.1343000,62.5153000,-42.2570000,-12.0770000,5.2760000,0.000000,0,0,0
25.480,0.7596000,0.0401000,9.4902000,63.5834000,61.5082000,62.6755000,-42.0610000,-11.7360000,6.0570000,0.000000,0,0,0
25.490,0.8230000,0.0676000,9.5201000,63.2553000,61.7752000,62.8738000,-41.9710000,-11.7380000,5.5350000,0.000000,0,0,0
25.500,0.8673000,0.0891000,9.5524000,63.1180000,61.8439000,63.1332000,-42.0450000,-11.8850000,5.4520000,0.000000,0,0,0
25.510,0.8661000,0.0999000,9.5739000,63.2324000,61.7676000,63.4613000,-42.2950000,-11.8270000,5.8400000,0.000000,0,0,0
25.520,0.8314000,0.1023000,9.5691000,63.4766000,61.7676000,63.7512000,-42.0790000,-11.9050000,5.5910000,0.000000,0,0,0
25.530,0.7824000,0.1011000,9.5428000,63.7131000,61.9965000,63.9267000,-42.3730000,-11.9130000,5.7120000,0.000000,0,0,0
25.540,0.7441000,0.0999000,9.5033000,63.8733000,62.6144000,63.9725000,-41.8190000,-12.0170000,6.2080000,0.000000,0,0,0
25.550,0.7381000,0.0927000,9.4662000,63.9877000,63.4918000,63.9343000,-41.9220000,-12.0420000,5.8000000,0.000000,0,0,0
25.560,0.7608000,0.0831000,9.4674000,64.1251000,64.3921000,63.9496000,-42.2100000,-12.0080000,6.4430000,0.000000,0,0,0
25.570,0.7943000,0.0748000,9.4985000,64.2242000,65.0406000,64.0488000,-41.8060000,-12.1190000,6.2750000,0.000000,0,0,0
25.580,0.8087000,0.0712000,9.5607000,64.1403000,65.1703000,64.3311000,-41.8470000,-11.4490000,6.7650000,0.000000,0,0,0
25.590,0.7788000,0.0831000,9.6361000,63.7741000,64.7583000,64.7354000,-42.1020000,-11.9780000,6.4140000,0.000000,0,0,0
25.600,0.7058000,0.1142000,9.7007000,63.1180000,63.7512000,64.7812000,-42.0640000,-11.9340000,5.8970000,0.000000,0,0,0
25.610,0.6233000,0.1465000,9.7521000,62.3016000,62.5305000,64.3387000,-42.0160000,-12.2230000,5.7730000,0.000000,0,0,0
25.620,0.5623000,0.1741000,9.7904000,61.4929000,61.5997000,63.5376000,-41.9620000,-12.1970000,6.2310000,0.000000,0,0,0
25.630,0.5479000,0.1932000,9.8287000,60.7529000,60.9207000,62.7441000,-41.8940000,-11.7910000,5.9520000,0.000000,0,0,0
25.640,0.5694000,0.2052000,9.8634000,60.2493000,60.3638000,62.1414000,-41.8150000,-11.9410000,6.1750000,0.000000,0,0,0
25.650,0.5981000,0.2135000,9.8730000,60.1654000,59.8602000,61.7218000,-42.2450000,-11.7400000,6.1430000,0.000000,0,0,0
25.660,0.6245000,0.2111000,9.8586000,60.6232000,59.2346000,61.4624000,-42.0160000,-12.0860000,5.9150000,0.000000,0,0,0
25.670,0.6532000,0.2111000,9.8227000,61.5234000,58.5022000,61.3861000,-41.9260000,-12.0380000,5.5270000,0.000000,0,0,0
25.680,0.6950000,0.2099000,9.7438000,62.6373000,57.4493000,61.4090000,-41.9150000,-11.8410000,5.7940000,0.000000,0,0,0
25.690,0.7656000,0.2004000,9.6481000,63.8275000,55.8395000,61.6837000,-42.0360000,-11.7680000,5.4150000,0.000000,0,0,0
25.700,0.8506000,0.1860000,9.5452000,64.8575000,54.0161000,62.2559000,-42.3020000,-11.5610000,6.1420000,0.000000,0,0,0
25.710,0.8912000,0.1669000,9.4387000,65.6815000,52.3224000,63.0646000,-42.3490000,-11.7450000,5.3400000,0.000000,0,0,0
25.720,0.8721000,0.1382000,9.3155000,66.3605000,51.0864000,63.8885000,-42.0900000,-11.8870000,5.3670000,0.000000,0,0,0
25.730,0.8242000,0.1107000,9.1851000,66.8716000,50.8652000,64.3463000,-42.1250000,-12.1310000,4.9520000,0.000000,0,0,0
25.740,0.7848000,0.0784000,9.0930000,67.1997000,52.0172000,64.2319000,-42.3670000,-12.0860000,5.6800000,0.000000,0,0,0
25.750,0.8075000,0.0532000,9.0679000,67.2150000,54.3213000,63.7894000,-42.4310000,-12.0790000,5.1400000,0.000000,0,0,0
25.760,0.8829000,0.0449000,9.1002000,66.8945000,57.1060000,63.2172000,-42.2980000,-11.6800000,5.3250000,0.000000,0,0,0
25.770,0.9702000,0.0305000,9.1576000,66.3376000,59.5856000,62.6602000,-42.5200000,-11.9240000,4.9860000,0.000000,0,0,0
25.780,1.0491000,0.0353000,9.2162000,65.6433000,61.0962000,62.3169000,-41.9690000,-11.9740000,5.6600000,0.000000,0,0,0
25.790,1.1006000,0.0640000,9.2569000,65.0253000,61.4777000,62.1796000,-41.6270000,-12.2410000,5.1310000,0.000000,0,0,0
25.800,1.1329000,0.1071000,9.2844000,64.7507000,60.8902000,62.1567000,-41.6820000,-11.8580000,5.6790000,0.000000,0,0,0
25.810,1.1628000,0.1597000,9.3107000,64.8193000,60.0052000,62.2787000,-42.0320000,-12.0590000,5.0730000,0.000000,0,0,0
25.820,1.1855000,0.2016000,9.3418000,64.9719000,59.4711000,62.5534000,-41.8140000,-12.1500000,5.6750000,0.000000,0,0,0
25.830,1.1975000,0.2171000,9.3729000,65.0635000,59.3948000,62.8510000,-42.2610000,-12.2390000,5.5400000,0.000000,0,0,0
25.840,1.1807000,0.1992000,9.4088000,65.3152000,59.2957000,63.0569000,-41.9090000,-11.6920000,4.6230000,0.000000,0,0,0
25.850,1.1544000,0.1812000,9.4351000,65.5823000,58.4717000,62.9730000,-42.0730000,-11.7990000,5.1100000,0.000000,0,0,0
25.860,1.1389000,0.1776000,9.4949000,66.0934000,56.5186000,62.8510000,-42.0340000,-11.6580000,5.3700000,0.000000,0,0,0
25.870,1.1568000,0.2064000,9.5512000,66.6656000,53.6575000,62.7060000,-41.9240000,-11.8930000,4.8530000,0.000000,0,0,0
25.880,1.1568000,0.2470000,9.5296000,66.5588000,50.8270000,62.5992000,-42.0000000,-12.0760000,4.4000000,0.000000,0,0,0
25.890,1.1078000,0.2674000,9.4244000,65.2924000,49.1714000,62.5534000,-41.9570000,-11.9550000,4.6350000,0.000000,0,0,0
25.900,1.0252000,0.2734000,9.2772000,63.2248000,49.8123000,62.2177000,-42.0560000,-12.3060000,4.8840000,0.000000,0,0,0
25.910,0.9630000,0.2722000,9.1612000,61.0809000,52.7115000,61.2946000,-42.2820000,-12.2250000,4.5060000,0.000000,0,0,0
25.920,0.9582000,0.2554000,9.1265000,59.6008000,56.4423000,59.9823000,-42.2580000,-12.2640000,4.6320000,0.000000,0,0,0
25.930,1.0085000,0.2399000,9.1600000,59.2194000,59.0057000,58.8379000,-42.3260000,-11.9510000,5.2920000,0.000000,0,0,0
25.940,1.0826000,0.2399000,9.2437000,59.9136000,59.2422000,58.3420000,-42.2740000,-12.0860000,4.4650000,0.000000,0,0,0
25.950,1.1580000,0.2542000,9.3466000,61.2946000,56.9458000,58.4717000,-42.5580000,-12.2920000,5.0880000,0.000000,0,0,0
25.960,1.2118000,0.2865000,9.4351000,62.7213000,53.3676000,59.1888000,-42.2060000,-12.0180000,5.2740000,0.000000,0,0,0
25.970,1.2106000,0.3272000,9.4710000,63.4689000,50.3159000,60.0662000,-42.6390000,-12.0650000,4.7540000,0.000000,0,0,0
25.980,1.1353000,0.3356000,9.4483000,63.2401000,49.4537000,60.7147000,-42.2870000,-11.9340000,4.9100000,0.000000,0,0,0
25.990,1.0324000,0.2997000,9.3765000,62.2330000,51.4832000,60.8826000,-42.4060000,-12.0600000,4.4770000,0.000000,0,0,0
26.000,0.9690000,0.2554000,9.3083000,61.0046000,55.9235000,60.5927000,-42.4230000,-12.0360000,4.9580000,0.000000,0,0,0
26.010,0.9750000,0.2088000,9.2712000,60.1807000,61.2335000,60.0433000,-42.5220000,-12.1050000,4.3110000,0.000000,0,0,0
26.020,1.0491000,0.1753000,9.2904000,60.0281000,65.6357000,59.6619000,-42.5780000,-11.6800000,4.6060000,0.000000,0,0,0
26.030,1.1413000,0.1645000,9.3717000,60.4248000,68.1152000,59.7382000,-42.1230000,-12.0490000,5.0900000,0.000000,0,0,0
26.040,1.2011000,0.1645000,9.4866000,61.3403000,68.3441000,60.3333000,-42.3100000,-11.8720000,4.7700000,0.000000,0,0,0
26.050,1.2106000,0.2016000,9.6122000,62.4771000,66.7343000,61.0123000,-42.2770000,-12.2990000,4.5820000,0.000000,0,0,0
26.060,1.1616000,0.2482000,9.6983000,63.3621000,64.4913000,61.3785000,-42.3340000,-11.5500000,4.4530000,0.000000,0,0,0
26.070,1.0731000,0.2841000,9.7306000,63.8199000,62.2330000,61.4548000,-42.3160000,-12.0710000,3.9100000,0.000000,0,0,0
26.080,0.9881000,0.3068000,9.7330000,63.9191000,60.5316000,61.3556000,-42.5140000,-11.6960000,3.8480000,0.000000,0,0,0
26.090,0.9355000,0.3140000,9.7438000,63.8046000,59.9594000,61.2030000,-42.5380000,-11.7910000,4.5770000,0.000000,0,0,0
26.100,0.9343000,0.3212000,9.7916000,63.6139000,60.8673000,61.0504000,-42.1750000,-12.0300000,4.5980000,0.000000,0,0,0
26.110,0.9714000,0.3152000,9.8598000,63.4918000,62.9272000,60.9741000,-42.7170000,-11.8490000,4.9140000,0.000000,0,0,0
26.120,1.0252000,0.2745000,9.9065000,63.6673000,64.7583000,61.2564000,-42.5000000,-11.7890000,4.4060000,0.000000,0,0,0
26.130,1.0791000,0.2303000,9.9136000,64.1174000,65.1093000,62.0041000,-42.5830000,-11.9510000,3.8990000,0.000000,0,0,0
26.140,1.1257000,0.1944000,9.8766000,64.6362000,63.6673000,63.0188000,-42.6010000,-11.7620000,4.5940000,0.000000,0,0,0
26.150,1.1556000,0.1776000,9.8048000,64.9567000,60.8597000,63.9954000,-42.5310000,-11.8200000,4.7530000,0.000000,0,0,0
26.160,1.1544000,0.1824000,9.7067000,64.9033000,57.5409000,64.7812000,-42.7260000,-12.0300000,4.0270000,0.000000,0,0,0
26.170,1.1281000,0.2052000,9.6026000,64.5218000,54.7638000,65.3229000,-42.8170000,-11.7620000,4.0030000,0.000000,0,0,0
26.180,1.0922000,0.2506000,9.5057000,63.9725000,53.5355000,65.5365000,-42.4490000,-11.6800000,4.4730000,0.000000,0,0,0
26.190,1.0731000,0.2937000,9.4256000,63.3469000,54.2374000,65.2924000,-42.7970000,-11.7340000,4.6200000,0.000000,0,0,0
26.200,1.0994000,0.3057000,9.3610000,62.8586000,56.2286000,64.7049000,-42.3650000,-11.9760000,4.7570000,0.000000,0,0,0
26.210,1.1795000,0.2769000,9.3131000,62.7747000,58.0215000,64.1327000,-42.4020000,-11.6100000,4.4870000,0.000000,0,0,0
26.220,1.2980000,0.2219000,9.2665000,63.0798000,58.3420000,63.9114000,-42.3130000,-12.3410000,4.3500000,0.000000,0,0,0
26.230,1.4128000,0.1609000,9.1863000,63.4308000,56.7169000,64.1937000,-42.2670000,-11.8920000,4.3230000,0.000000,0,0,0
26.240,1.4906000,0.1142000,9.0715000,63.3392000,53.6118000,64.9261000,-42.6940000,-12.1490000,3.8670000,0.000000,0,0,0
26.250,1.5241000,0.1190000,8.9207000,62.5458000,50.2090000,65.6357000,-42.5870000,-12.2210000,4.0400000,0.000000,0,0,0
26.260,1.4822000,0.1788000,8.7305000,60.8902000,48.2635000,65.7349000,-42.5880000,-12.1210000,2.7340000,0.000000,0,0,0
26.270,1.4092000,0.2267000,8.5152000,58.6243000,49.6140000,64.8270000,-42.7190000,-11.9870000,3.6660000,0.000000,0,0,0
26.280,1.3841000,0.2243000,8.2771000,56.4728000,54.1458000,63.1561000,-42.5790000,-12.1200000,3.9430000,0.000000,0,0,0
26.290,1.4499000,0.1645000,8.0678000,55.1758000,59.9289000,61.5463000,-42.5930000,-12.2500000,3.8480000,0.000000,0,0,0
26.300,1.5982000,0.0700000,7.9278000,55.0003000,64.5065000,60.6613000,-42.6790000,-12.2280000,3.0980000,0.000000,0,0,0
26.310,1.7920000,-0.0197000,7.8644000,55.6488000,65.9637000,60.7605000,-42.8640000,-12.1840000,3.8100000,0.000000,0,0,0
26.320,1.9260000,-0.0592000,7.8859000,56.3660000,64.0717000,61.6989000,-42.8630000,-12.0460000,4.0350000,0.000000,0,0,0
26.330,1.9691000,-0.0592000,8.0139000,56.6635000,60.7376000,63.0722000,-42.5670000,-12.0370000,4.2050000,0.000000,0,0,0
26.340,1.9368000,-0.0150000,8.1826000,56.4346000,58.8303000,64.6973000,-42.4730000,-12.2650000,3.8560000,0.000000,0,0,0
26.350,1.8411000,0.0616000,8.3393000,55.9921000,59.1202000,66.1697000,-42.7220000,-12.3130000,3.6050000,0.000000,0,0,0
26.360,1.7023000,0.1382000,8.4889000,55.7785000,61.4090000,67.2760000,-42.3350000,-12.3630000,3.7710000,0.000000,0,0,0
26.370,1.5707000,0.1896000,8.6181000,56.1905000,64.4760000,68.0313000,-42.7170000,-12.2800000,3.8710000,0.000000,0,0,0
26.380,1.5049000,0.2339000,8.6970000,57.0984000,66.3681000,68.7408000,-42.3520000,-12.3730000,3.3600000,0.000000,0,0,0
26.390,1.4559000,0.2626000,8.7521000,58.2199000,63.1332000,69.3970000,-42.6460000,-12.4400000,3.4690000,0.000000,0,0,0
26.400,1.3829000,0.2446000,8.9040000,59.3948000,58.6243000,69.2291000,-42.6390000,-12.2730000,4.3510000,0.000000,0,0,0
26.410,1.6138000,0.8165000,8.8382000,60.0128000,56.7093000,68.8095000,-42.5190000,-12.8010000,3.6210000,0.000000,0,0,0
26.420,2.1665000,0.5006000,8.7760000,62.1872000,45.6772000,72.1054000,-42.4010000,-12.4360000,2.6960000,0.000000,0,0,0
26.430,1.4379000,0.2135000,9.4519000,63.5986000,42.9001000,74.7299000,-42.9280000,-12.7000000,2.8790000,0.000000,0,0,0
26.440,0.6974000,0.0867000,9.5524000,61.2183000,49.3164000,73.0972000,-42.5790000,-12.6680000,3.2870000,0.000000,0,0,0
26.450,0.3158000,-0.1394000,9.2581000,58.2962000,56.7093000,68.7027000,-42.5610000,-12.8280000,3.6880000,0.000000,0,0,0
26.460,0.2321000,-0.3080000,9.0786000,57.1823000,61.8362000,63.9648000,-42.6160000,-12.7970000,4.1310000,0.000000,0,0,0
26.470,0.3685000,-0.4181000,9.0499000,56.0760000,66.1850000,60.4553000,-42.3990000,-12.6300000,3.8870000,0.000000,0,0,0
26.480,0.6173000,-0.4301000,8.9554000,52.6505000,69.3893000,58.6166000,-42.3060000,-12.5060000,3.4730000,0.000000,0,0,0
26.490,0.9546000,-0.3009000,8.7054000,45.9366000,71.4569000,57.0755000,-42.3980000,-12.9800000,3.4930000,0.000000,0,0,0
26.500,1.1867000,-0.1370000,8.4602000,36.7813000,74.2035000,54.7104000,-42.2370000,-12.4230000,2.9390000,0.000000,0,0,0
26.510,1.1939000,-0.0676000,8.3334000,27.9541000,79.7272000,51.4832000,-42.3070000,-12.6150000,2.9500000,0.000000,0,0,0
26.520,1.0611000,-0.1717000,8.3812000,22.9187000,86.2961000,49.3927000,-42.1400000,-12.7280000,3.4770000,0.000000,0,0,0
26.530,0.8350000,-0.2937000,8.6803000,24.0784000,90.7822000,49.6750000,-42.3460000,-12.5620000,3.4520000,0.000000,0,0,0
26.540,0.5599000,-0.3966000,9.1755000,31.9595000,91.0416000,51.9562000,-42.1150000,-12.3360000,3.4900000,0.000000,0,0,0
26.550,0.4319000,-0.4073000,9.6505000,44.7006000,87.2879000,55.3436000,-42.4570000,-12.5360000,3.4660000,0.000000,0,0,0
26.560,0.5024000,-0.3356000,9.9663000,58.8074000,81.1005000,59.0210000,-42.2000000,-12.6720000,4.2500000,0.000000,0,0,0
26.570,0.6831000,-0.2387000,10.1613000,71.1060000,74.2874000,62.3245000,-42.2200000,-12.5280000,3.9980000,0.000000,0,0,0
26.580,0.8805000,-0.1262000,10.2833000,79.6661000,68.4433000,64.7278000,-42.5880000,-12.3000000,4.2620000,0.000000,0,0,0
26.590,1.0432000,-0.0496000,10.3491000,83.9767000,64.4150000,65.9256000,-42.6600000,-12.1220000,4.3890000,0.000000,0,0,0
26.600,1.1700000,-0.0221000,10.3551000,84.7778000,61.8057000,65.8722000,-42.3050000,-12.2390000,3.9940000,0.000000,0,0,0
26.610,1.2621000,-0.0389000,10.3108000,83.1985000,59.8297000,64.9185000,-42.5380000,-12.3010000,4.2380000,0.000000,0,0,0
26.620,1.3554000,-0.0640000,10.2642000,80.2917000,57.9834000,63.5529000,-42.3850000,-12.0740000,4.3970000,0.000000,0,0,0
26.630,1.4834000,-0.0724000,10.2366000,76.8738000,55.8929000,62.2330000,-42.7540000,-12.1370000,4.0290000,0.000000,0,0,0
26.640,1.5875000,-0.0760000,10.1780000,73.2727000,53.1693000,61.4700000,-42.8080000,-12.1270000,3.7360000,0.000000,0,0,0
26.650,1.6305000,-0.0939000,10.0464000,69.4656000,49.5987000,61.4853000,-42.6990000,-12.0600000,3.6010000,0.000000,0,0,0
26.660,1.5863000,-0.1573000,9.8778000,65.4297000,46.2646000,62.2787000,-42.4670000,-12.2950000,3.6060000,0.000000,0,0,0
26.670,1.5037000,-0.2267000,9.7091000,61.6455000,44.2505000,63.7207000,-42.8260000,-12.3250000,3.9220000,0.000000,0,0,0
26.680,1.4355000,-0.2387000,9.5452000,58.4488000,43.9835000,65.3839000,-42.7590000,-12.3790000,3.3980000,0.000000,0,0,0
26.690,1.3865000,-0.2099000,9.3801000,56.1447000,45.3491000,66.8411000,-42.8550000,-12.3910000,3.1690000,0.000000,0,0,0
26.700,1.3769000,-0.1585000,9.2222000,55.1300000,47.6379000,67.6193000,-42.6180000,-12.4170000,3.0710000,0.000000,0,0,0
26.710,1.4116000,-0.1166000,9.0822000,55.4199000,50.2701000,67.6193000,-42.4890000,-12.5170000,3.2140000,0.000000,0,0,0
26.720,1.4655000,-0.1226000,8.9877000,56.5491000,52.7725000,67.1310000,-42.7390000,-12.5090000,2.8660000,0.000000,0,0,0
26.730,1.5073000,-0.1908000,8.9758000,58.0597000,54.5197000,66.6885000,-42.3560000,-12.7000000,3.4510000,0.000000,0,0,0
26.740,1.4918000,-0.3045000,9.0499000,59.5245000,54.6875000,66.8793000,-42.7890000,-12.6180000,3.2350000,0.000000,0,0,0
26.750,1.3327000,-0.4468000,9.1827000,60.5698000,52.5513000,67.7109000,-42.7170000,-12.5660000,3.2430000,0.000000,0,0,0
26.760,1.2417000,-0.5449000,9.2449000,61.5158000,48.7213000,69.3970000,-43.1060000,-12.7850000,3.1490000,0.000000,0,0,0
26.770,1.1831000,-0.4839000,9.3023000,62.6144000,45.0211000,71.9147000,-42.8680000,-12.6180000,3.4610000,0.000000,0,0,0
26.780,1.1185000,-0.2530000,9.4184000,62.8510000,43.6249000,73.3414000,-42.9980000,-12.8930000,2.4660000,0.000000,0,0,0
26.790,1.1114000,0.0413000,9.5308000,61.8134000,46.1197000,72.0825000,-42.7920000,-12.6650000,2.6760000,0.000000,0,0,0
26.800,1.1664000,0.2219000,9.6277000,60.0815000,51.8112000,68.2831000,-42.7050000,-12.5190000,2.9370000,0.000000,0,0,0
26.810,1.3123000,0.2255000,9.7175000,58.4641000,58.1589000,63.7817000,-42.8830000,-12.7200000,2.8280000,0.000000,0,0,0
26.820,1.5001000,0.0819000,9.7797000,57.5333000,62.4084000,60.4477000,-42.4910000,-12.7120000,2.9410000,0.000000,0,0,0
26.830,1.6210000,-0.1382000,9.8000000,57.4493000,63.4537000,59.1888000,-42.8840000,-12.4910000,2.9560000,0.000000,0,0,0
26.840,1.6341000,-0.3774000,9.7725000,58.1360000,61.9965000,59.9899000,-42.9210000,-12.8870000,2.6690000,0.000000,0,0,0
26.850,1.5659000,-0.5497000,9.7151000,59.2422000,59.3643000,62.2330000,-42.4960000,-12.5890000,2.7690000,0.000000,0,0,0
26.860,1.4559000,-0.6023000,9.6409000,59.9976000,57.0908000,64.8956000,-42.5040000,-13.0280000,3.1490000,0.000000,0,0,0
26.870,1.3518000,-0.5306000,9.5679000,59.9518000,56.0837000,66.7725000,-42.4680000,-12.8910000,3.5150000,0.000000,0,0,0
26.880,1.2836000,-0.4157000,9.4806000,59.2270000,56.3431000,67.2913000,-42.6180000,-13.3580000,2.7720000,0.000000,0,0,0
26.890,1.2693000,-0.3224000,9.3669000,58.3115000,57.1823000,66.8182000,-42.6270000,-13.0150000,3.0450000,0.000000,0,0,0
26.900,1.3052000,-0.2530000,9.2258000,57.8232000,57.8690000,65.9103000,-42.6980000,-12.5270000,3.2560000,0.000000,0,0,0
26.910,1.3530000,-0.2243000,9.1193000,58.2123000,57.6096000,65.0253000,-42.5940000,-12.8240000,2.8380000,0.000000,0,0,0
26.920,1.3853000,-0.2135000,9.0559000,59.5245000,56.4041000,64.3768000,-42.4690000,-12.9990000,2.9190000,0.000000,0,0,0
26.930,1.3674000,-0.2339000,9.0212000,61.1725000,55.0690000,64.0106000,-42.6220000,-12.8670000,2.8890000,0.000000,0,0,0
26.940,1.2920000,-0.2590000,8.9889000,62.4847000,54.3900000,63.8123000,-42.7340000,-12.6860000,2.4060000,0.000000,0,0,0
26.950,1.1843000,-0.2698000,8.9351000,62.9501000,54.9316000,63.1790000,-42.6350000,-12.7070000,2.6390000,0.000000,0,0,0
26.960,1.1006000,-0.2805000,8.8801000,62.4161000,57.1747000,61.8515000,-42.6480000,-12.7140000,2.5530000,0.000000,0,0,0
26.970,1.0994000,-0.3057000,8.8549000,61.3632000,60.5164000,59.9899000,-42.9860000,-12.6210000,3.0860000,0.000000,0,0,0
26.980,1.2106000,-0.3595000,8.9064000,60.6461000,63.8046000,58.2199000,-42.9520000,-12.4510000,3.1830000,0.000000,0,0,0
26.990,1.3877000,-0.4121000,8.9985000,60.8749000,65.9943000,57.1671000,-42.9890000,-12.5670000,2.7010000,0.000000,0,0,0
27.000,1.6210000,-0.4707000,9.1815000,63.0493000,65.0482000,57.3807000,-43.1660000,-12.4290000,2.8000000,0.000000,0,0,0
27.010,1.6628000,-0.5018000,9.2952000,65.3229000,62.4237000,58.5861000,-42.8200000,-12.4620000,2.3870000,0.000000,0,0,0
27.020,1.6114000,-0.5018000,9.3741000,67.4210000,59.5245000,60.2417000,-42.7130000,-12.6500000,3.2000000,0.000000,0,0,0
27.030,1.5085000,-0.4588000,9.4303000,68.8019000,57.4112000,61.7905000,-43.1660000,-12.8170000,2.1910000,0.000000,0,0,0
27.040,1.3841000,-0.3655000,9.4507000,69.2673000,56.6635000,62.4313000,-43.1500000,-12.4270000,2.8550000,0.000000,0,0,0
27.050,1.3016000,-0.2554000,9.4507000,68.7332000,57.6019000,61.8210000,-43.3480000,-12.3810000,2.7390000,0.000000,0,0,0
27.060,1.3040000,-0.1513000,9.4196000,67.4438000,59.8221000,60.3027000,-43.3930000,-12.7280000,3.0440000,0.000000,0,0,0
27.070,1.3781000,-0.0879000,9.3586000,65.9637000,62.0728000,58.3801000,-43.3390000,-12.4510000,3.4160000,0.000000,0,0,0
27.080,1.4379000,-0.0855000,9.2988000,65.0558000,63.7207000,56.5414000,-43.0810000,-12.6810000,3.2350000,0.000000,0,0,0
27.090,1.4427000,-0.1705000,9.2270000,65.1627000,64.9414000,55.2292000,-43.0780000,-12.5790000,2.5200000,0.000000,0,0,0
27.100,1.4296000,-0.2817000,9.1552000,66.2384000,65.3381000,54.9469000,-42.9710000,-12.1970000,2.9790000,0.000000,0,0,0
27.110,1.3889000,-0.3786000,9.1181000,68.0466000,65.0253000,55.7175000,-43.2760000,-12.3170000,2.9910000,0.000000,0,0,0
27.120,1.3231000,-0.4313000,9.1121000,70.1752000,64.4989000,57.2281000,-43.3170000,-12.1070000,3.4400000,0.000000,0,0,0
27.130,1.2657000,-0.3906000,9.1062000,71.9147000,65.0558000,58.8608000,-43.0540000,-12.3810000,2.9740000,0.000000,0,0,0
27.140,1.2417000,-0.2865000,9.0918000,72.5937000,67.3828000,59.9442000,-43.0500000,-12.0670000,3.2510000,0.000000,0,0,0
27.150,1.2884000,-0.1645000,9.0786000,72.2580000,71.1899000,60.1883000,-42.9610000,-11.8860000,2.9240000,0.000000,0,0,0
27.160,1.4021000,-0.0604000,9.0643000,71.4264000,75.2029000,59.6161000,-42.9610000,-11.9210000,3.4740000,0.000000,0,0,0
27.170,1.5097000,-0.0138000,9.0511000,70.8084000,77.9190000,58.6319000,-42.8500000,-11.9250000,3.2740000,0.000000,0,0,0
27.180,1.5719000,-0.0030000,9.0655000,71.2814000,78.8498000,57.6172000,-42.9870000,-11.6880000,3.4130000,0.000000,0,0,0
27.190,1.5899000,-0.0305000,9.1145000,73.0820000,78.4683000,56.8161000,-42.9020000,-11.7970000,3.4710000,0.000000,0,0,0
27.200,1.5755000,-0.0819000,9.1959000,75.5844000,77.8885000,56.7398000,-43.1500000,-11.6940000,3.6860000,0.000000,0,0,0
27.210,1.5241000,-0.0939000,9.2677000,77.6672000,77.9724000,57.4875000,-42.7940000,-11.6540000,4.0430000,0.000000,0,0,0
27.220,1.4391000,-0.0640000,9.3155000,78.6438000,78.6057000,58.6319000,-42.8940000,-11.6110000,4.3420000,0.000000,0,0,0
27.230,1.3446000,-0.0078000,9.3490000,78.4073000,79.6127000,59.8221000,-42.8200000,-11.4560000,3.9150000,0.000000,0,0,0
27.240,1.2848000,0.0700000,9.3789000,77.4307000,80.7877000,60.7376000,-43.2730000,-11.3500000,4.8940000,0.000000,0,0,0
27.250,1.2992000,0.1489000,9.4124000,76.2787000,81.3751000,61.2183000,-43.0700000,-11.1610000,4.5060000,0.000000,0,0,0
27.260,1.3662000,0.1992000,9.4471000,75.4242000,80.7114000,61.3861000,-42.9100000,-11.6400000,4.4260000,0.000000,0,0,0
27.270,1.4284000,0.2231000,9.4722000,74.7604000,78.9261000,61.5234000,-42.9170000,-11.1230000,4.7540000,0.000000,0,0,0
27.280,1.4272000,0.2363000,9.5057000,74.1425000,76.5610000,61.7828000,-42.8170000,-11.4820000,5.2030000,0.000000,0,0,0
27.290,1.3578000,0.2446000,9.5655000,73.5855000,74.3027000,62.2253000,-42.7300000,-11.3440000,4.9790000,0.000000,0,0,0
27.300,1.2549000,0.2686000,9.6612000,73.1354000,72.6318000,62.7518000,-42.9270000,-11.2830000,4.4030000,0.000000,0,0,0
27.310,1.1568000,0.3164000,9.7462000,72.7005000,71.9299000,63.1561000,-42.4160000,-11.2580000,4.4890000,0.000000,0,0,0
27.320,1.0862000,0.3822000,9.7821000,71.9299000,72.1283000,63.2706000,-42.7050000,-11.0960000,4.8310000,0.000000,0,0,0
27.330,1.0396000,0.4396000,9.7689000,70.8771000,73.1354000,62.8510000,-42.5330000,-11.2320000,5.4310000,0.000000,0,0,0
27.340,1.0061000,0.4480000,9.6923000,69.7632000,74.5316000,61.8057000,-42.6110000,-11.2240000,5.1430000,0.000000,0,0,0
27.350,1.0300000,0.4026000,9.5751000,68.5120000,75.4547000,60.6537000,-42.5800000,-11.3440000,5.1090000,0.000000,0,0,0
27.360,1.0743000,0.3092000,9.4698000,67.0242000,75.5920000,60.1807000,-42.5360000,-11.1330000,4.9110000,0.000000,0,0,0
27.370,1.0587000,0.2016000,9.3969000,65.3534000,75.2106000,60.7681000,-42.4520000,-11.1010000,5.7650000,0.000000,0,0,0
27.380,0.9798000,0.1406000,9.3741000,63.8657000,74.7910000,62.1338000,-42.6390000,-11.0300000,5.6500000,0.000000,0,0,0
27.390,0.8518000,0.1453000,9.3980000,63.0188000,74.5773000,63.4537000,-42.5000000,-10.8680000,5.7120000,0.000000,0,0,0
27.400,0.7226000,0.1968000,9.4543000,62.8510000,75.1114000,64.1861000,-42.3920000,-11.1270000,5.8260000,0.000000,0,0,0
27.410,0.6328000,0.2829000,9.4902000,62.9959000,76.5305000,64.0717000,-42.3620000,-10.9810000,5.6320000,0.000000,0,0,0
27.420,0.5934000,0.3643000,9.5069000,62.9044000,78.3157000,63.2019000,-42.0960000,-10.8570000,5.6810000,0.000000,0,0,0
27.430,0.5922000,0.4121000,9.5057000,62.0956000,79.8187000,62.0193000,-42.2560000,-11.0980000,5.8330000,0.000000,0,0,0
27.440,0.6113000,0.4181000,9.5213000,60.4782000,80.7495000,61.0886000,-41.9720000,-11.2140000,5.5120000,0.000000,0,0,0
27.450,0.6233000,0.3930000,9.5619000,58.4869000,81.2225000,60.8063000,-42.2020000,-11.0650000,5.7920000,0.000000,0,0,0
27.460,0.5934000,0.3750000,9.6194000,56.6025000,81.6345000,61.2030000,-42.3310000,-10.9940000,6.7750000,0.000000,0,0,0
27.470,0.5312000,0.3918000,9.6457000,55.0156000,81.6803000,61.9125000,-41.9870000,-10.6910000,6.4510000,0.000000,0,0,0
27.480,0.4414000,0.4145000,9.6529000,53.6804000,81.8634000,62.4466000,-41.8600000,-11.1600000,6.0880000,0.000000,0,0,0
27.490,0.3697000,0.4169000,9.6253000,52.5665000,82.2830000,62.5610000,-41.8520000,-11.0950000,5.5820000,0.000000,0,0,0
27.500,0.3445000,0.4073000,9.5691000,51.7807000,82.8323000,62.0956000,-41.7950000,-11.1810000,6.0950000,0.000000,0,0,0
27.510,0.3960000,0.3738000,9.4949000,51.3687000,82.5043000,60.9894000,-41.9690000,-10.7870000,6.1410000,0.000000,0,0,0
27.520,0.4917000,0.3057000,9.4638000,51.3840000,81.8787000,59.6848000,-41.7310000,-10.9450000,5.4820000,0.000000,0,0,0
27.530,0.5826000,0.2375000,9.4674000,51.7960000,81.5582000,58.5098000,-41.9210000,-11.2570000,6.5730000,0.000000,0,0,0
27.540,0.6580000,0.1765000,9.5105000,52.5208000,81.5506000,57.7087000,-41.9560000,-11.1120000,6.8690000,0.000000,0,0,0
27.550,0.6938000,0.1214000,9.5906000,53.5049000,81.9626000,57.6248000,-42.1250000,-10.7490000,6.2040000,0.000000,0,0,0
27.560,0.6819000,0.0664000,9.6696000,54.7028000,82.5729000,58.3420000,-41.7680000,-10.7280000,6.8100000,0.000000,0,0,0
27.570,0.6448000,-0.0042000,9.7438000,56.2515000,82.5653000,60.5545000,-41.5840000,-11.3150000,6.6380000,0.000000,0,0,0
27.580,0.6699000,-0.0329000,9.7617000,56.7017000,81.3599000,62.3322000,-41.6510000,-11.0570000,6.5610000,0.000000,0,0,0
27.590,0.7333000,-0.0413000,9.7821000,56.6483000,79.5059000,63.9191000,-41.5130000,-11.1560000,6.7130000,0.000000,0,0,0
27.600,0.8123000,-0.0221000,9.8036000,56.3507000,77.9343000,64.9490000,-41.5680000,-10.9450000,6.4940000,0.000000,0,0,0
27.610,0.8697000,0.0161000,9.8275000,56.0608000,76.6678000,65.3076000,-41.6160000,-11.1670000,6.9880000,0.000000,0,0,0
27.620,0.8685000,0.0377000,9.8658000,56.0074000,75.9659000,65.2771000,-41.5650000,-11.3380000,6.4410000,0.000000,0,0,0
27.630,0.8099000,0.0461000,9.8921000,56.3354000,75.6302000,65.2390000,-41.5070000,-11.1300000,7.6280000,0.000000,0,0,0
27.640,0.6867000,0.0329000,9.9005000,56.8237000,75.1038000,65.5365000,-41.6190000,-11.3140000,7.3420000,0.000000,0,0,0
27.650,0.5108000,0.0006000,9.9017000,57.1289000,74.8138000,66.3300000,-41.2070000,-10.9130000,7.3800000,0.000000,0,0,0
27.660,0.3182000,-0.0449000,9.8634000,57.0145000,74.9283000,67.4133000,-41.2710000,-11.1200000,7.3530000,0.000000,0,0,0
27.670,0.1639000,-0.0903000,9.8036000,56.4346000,75.0198000,68.4357000,-41.3920000,-11.3940000,7.6850000,0.000000,0,0,0
27.680,0.0742000,-0.1119000,9.7569000,55.5344000,74.9969000,69.0460000,-41.1970000,-11.3330000,7.2620000,0.000000,0,0,0
27.690,0.0287000,-0.1035000,9.7390000,54.4968000,75.2411000,69.1376000,-41.3050000,-11.0270000,7.5510000,0.000000,0,0,0
27.700,-0.0036000,-0.0532000,9.7462000,53.7033000,75.7675000,68.6951000,-40.9950000,-10.8450000,7.5540000,0.000000,0,0,0
27.710,-0.0395000,0.0233000,9.8132000,53.5126000,76.2329000,67.6880000,-41.2840000,-10.8330000,7.4730000,0.000000,0,0,0
27.720,-0.0825000,0.1035000,9.9459000,54.3518000,76.7593000,66.3147000,-41.1910000,-11.1420000,7.5370000,0.000000,0,0,0
27.730,-0.1148000,0.1705000,10.0919000,56.2897000,77.1332000,64.9719000,-40.8660000,-10.8940000,7.9980000,0.000000,0,0,0
27.740,-0.1424000,0.2076000,10.1876000,58.9828000,76.8738000,63.9114000,-41.1500000,-11.0640000,8.0360000,0.000000,0,0,0
27.750,-0.1519000,0.2052000,10.1816000,61.7294000,75.4395000,63.2019000,-40.6550000,-11.0280000,8.5450000,0.000000,0,0,0
27.760,-0.1412000,0.1489000,10.1074000,63.9572000,73.2803000,62.9349000,-40.7130000,-10.9490000,7.8040000,0.000000,0,0,0
27.770,-0.1400000,0.0592000,9.9747000,65.4984000,71.3730000,63.1561000,-40.6670000,-10.9390000,7.8000000,0.000000,0,0,0
27.780,-0.1567000,-0.0018000,9.8263000,66.2918000,70.5490000,63.7131000,-40.7300000,-10.8430000,7.7480000,0.000000,0,0,0
27.790,-0.1806000,-0.0078000,9.6935000,66.4902000,71.3730000,64.1098000,-40.8490000,-10.7620000,8.1630000,0.000000,0,0,0
27.800,-0.1926000,0.0030000,9.5847000,66.3452000,73.5550000,64.0564000,-40.6180000,-10.8960000,8.0430000,0.000000,0,0,0
27.810,-0.1938000,-0.0090000,9.5057000,66.2689000,76.2329000,63.7360000,-40.2270000,-10.8330000,7.4550000,0.000000,0,0,0
27.820,-0.1818000,-0.0520000,9.4626000,66.7496000,77.9419000,63.4384000,-40.4690000,-10.6160000,7.1610000,0.000000,0,0,0
27.830,-0.1316000,-0.1190000,9.4842000,68.0389000,77.8046000,63.3698000,-39.8020000,-10.7380000,7.5140000,0.000000,0,0,0
27.840,-0.0490000,-0.1872000,9.5548000,69.8166000,76.1261000,63.7207000,-40.0730000,-10.8880000,7.7310000,0.000000,0,0,0
27.850,0.0371000,-0.2399000,9.6517000,71.5408000,73.6084000,64.4226000,-40.2370000,-10.5860000,7.8110000,0.000000,0,0,0
27.860,0.0802000,-0.2542000,9.7450000,72.6852000,71.4874000,65.0482000,-39.9900000,-10.8980000,7.4880000,0.000000,0,0,0
27.870,0.0718000,-0.2375000,9.8227000,72.8531000,70.8618000,65.2084000,-39.7460000,-10.7170000,8.2390000,0.000000,0,0,0
27.880,0.0490000,-0.1992000,9.8754000,71.8842000,71.8231000,64.8346000,-39.5580000,-10.4700000,8.0560000,0.000000,0,0,0
27.890,0.0096000,-0.1741000,9.8957000,69.9310000,73.4024000,64.2548000,-39.6080000,-10.2480000,8.3190000,0.000000,0,0,0
27.900,-0.0467000,-0.1717000,9.9172000,67.7795000,74.6841000,63.8809000,-39.3300000,-10.2700000,8.1820000,0.000000,0,0,0
27.910,-0.1101000,-0.1717000,9.9699000,66.4749000,75.0198000,63.8046000,-39.2470000,-10.1880000,7.9180000,0.000000,0,0,0
27.920,-0.1627000,-0.1669000,10.0560000,66.6351000,73.8831000,63.8504000,-39.2970000,-10.3100000,8.1310000,0.000000,0,0,0
27.930,-0.1974000,-0.1633000,10.1457000,68.1458000,71.2662000,63.8657000,-39.6010000,-10.0460000,8.3820000,0.000000,0,0,0
27.940,-0.2345000,-0.1836000,10.2115000,70.3506000,67.8482000,63.7207000,-39.4700000,-9.9080000,8.6280000,0.000000,0,0,0
27.950,-0.2572000,-0.2147000,10.2462000,72.2504000,64.7583000,63.3926000,-39.3760000,-10.1660000,8.8520000,0.000000,0,0,0
27.960,-0.2620000,-0.2363000,10.2307000,72.6013000,62.9501000,63.0569000,-39.1120000,-9.8430000,8.5420000,0.000000,0,0,0
27.970,-0.2476000,-0.2506000,10.1972000,70.8466000,62.1796000,62.8433000,-39.5270000,-9.8360000,8.8100000,0.000000,0,0,0
27.980,-0.2357000,-0.2578000,10.1780000,67.6956000,62.1643000,62.9196000,-39.4490000,-10.0100000,9.1850000,0.000000,0,0,0
27.990,-0.2381000,-0.2482000,10.2079000,64.5370000,62.3016000,63.4537000,-39.2900000,-9.6560000,8.7250000,0.000000,0,0,0
28.000,-0.2524000,-0.2147000,10.2713000,62.7365000,62.1033000,64.4150000,-39.0360000,-9.6720000,8.8710000,0.000000,0,0,0
28.010,-0.2500000,-0.1561000,10.3084000,62.7136000,60.7986000,65.4373000,-39.2060000,-9.6780000,8.5430000,0.000000,0,0,0
28.020,-0.2201000,-0.0927000,10.2941000,63.5910000,58.2657000,66.2689000,-38.8430000,-9.5730000,7.9430000,0.000000,0,0,0
28.030,-0.1914000,-0.0341000,10.2618000,63.9877000,56.4880000,66.8411000,-38.7390000,-9.4110000,8.3420000,0.000000,0,0,0
28.040,-0.1998000,0.0173000,10.1888000,63.0493000,56.9839000,66.9327000,-38.8920000,-9.3060000,8.5980000,0.000000,0,0,0
28.050,-0.2452000,0.0401000,10.0835000,61.0123000,59.4177000,66.3300000,-38.9640000,-9.4510000,8.2230000,0.000000,0,0,0
28.060,-0.2919000,0.0365000,9.9938000,58.9523000,62.6144000,64.9490000,-38.9150000,-9.6800000,8.6450000,0.000000,0,0,0
28.070,-0.3182000,0.0078000,9.9448000,57.8690000,65.5441000,63.1409000,-39.0070000,-9.4150000,8.5530000,0.000000,0,0,0
28.080,-0.3146000,-0.0257000,9.9424000,58.2352000,67.3904000,61.4319000,-38.7700000,-9.3990000,8.6480000,0.000000,0,0,0
28.090,-0.2907000,-0.0496000,9.9735000,59.8602000,67.7261000,60.1349000,-38.9150000,-9.3860000,7.8790000,0.000000,0,0,0
28.100,-0.2548000,-0.0712000,10.0129000,61.9278000,66.7801000,59.3796000,-38.7320000,-9.4530000,7.8050000,0.000000,0,0,0
28.110,-0.2237000,-0.0963000,10.0452000,63.4155000,65.5975000,59.2728000,-38.8450000,-9.7910000,7.9330000,0.000000,0,0,0
28.120,-0.2105000,-0.1095000,10.0536000,63.6215000,64.9490000,59.6924000,-38.7920000,-9.5010000,8.5650000,0.000000,0,0,0
28.130,-0.2070000,-0.1154000,10.0440000,62.5381000,65.1474000,60.2875000,-38.8450000,-9.3370000,8.1420000,0.000000,0,0,0
28.140,-0.1986000,-0.1274000,10.0201000,60.7071000,66.1163000,60.7986000,-38.4900000,-9.1250000,8.7640000,0.000000,0,0,0
28.150,-0.1782000,-0.1358000,10.0034000,58.8455000,67.3523000,61.1801000,-38.2230000,-9.3230000,8.7630000,0.000000,0,0,0
28.160,-0.1663000,-0.1501000,9.9890000,57.5790000,68.0847000,61.5463000,-38.5910000,-9.2550000,8.2490000,0.000000,0,0,0
28.170,-0.1759000,-0.1765000,9.9866000,57.1671000,67.9474000,62.1109000,-38.2900000,-9.2330000,8.5040000,0.000000,0,0,0
28.180,-0.2058000,-0.1896000,9.9950000,57.4951000,66.9327000,62.9425000,-38.2860000,-9.5020000,8.9250000,0.000000,0,0,0
28.190,-0.2751000,-0.1753000,10.0405000,58.5709000,65.2466000,64.4302000,-38.2130000,-9.3000000,8.1500000,0.000000,0,0,0
28.200,-0.3302000,-0.1202000,10.0668000,58.8455000,65.3763000,65.3152000,-38.2160000,-9.6550000,8.5710000,0.000000,0,0,0
28.210,-0.3804000,-0.0389000,10.0728000,58.2504000,66.7877000,65.7578000,-38.1910000,-9.4570000,8.7490000,0.000000,0,0,0
28.220,-0.3972000,0.0353000,10.0608000,56.7932000,69.2291000,65.6357000,-37.9930000,-9.4300000,8.7040000,0.000000,0,0,0
28.230,-0.3912000,0.0568000,10.0309000,54.9393000,71.8536000,65.1703000,-38.2910000,-9.3920000,8.5510000,0.000000,0,0,0
28.240,-0.3876000,0.0508000,10.0249000,53.5049000,73.5626000,64.6667000,-38.1470000,-9.2760000,8.9690000,0.000000,0,0,0
28.250,-0.3972000,0.0305000,10.0357000,53.1540000,74.0585000,64.0488000,-37.6910000,-9.6440000,9.0400000,0.000000,0,0,0
28.260,-0.4199000,0.0066000,10.0440000,54.0085000,73.6160000,63.3087000,-37.7780000,-9.4230000,9.0540000,0.000000,0,0,0
28.270,-0.4486000,-0.0269000,10.0500000,55.8090000,72.9294000,62.5458000,-37.7290000,-9.4170000,8.9640000,0.000000,0,0,0
28.280,-0.4713000,-0.0580000,10.0321000,57.9987000,72.4258000,61.9278000,-37.7900000,-9.1980000,7.8520000,0.000000,0,0,0
28.290,-0.4809000,-0.0796000,10.0034000,59.8373000,72.2046000,61.6531000,-37.4360000,-9.0080000,7.9540000,0.000000,0,0,0
28.300,-0.4833000,-0.0772000,9.9603000,60.7529000,72.3343000,61.7065000,-37.5870000,-9.1380000,8.9750000,0.000000,0,0,0
28.310,-0.4917000,-0.0652000,9.9184000,60.7300000,72.7386000,61.8286000,-37.5200000,-9.1710000,8.3350000,0.000000,0,0,0
28.320,-0.4989000,-0.0473000,9.8945000,60.2264000,73.2498000,61.8057000,-37.5250000,-8.9960000,8.6200000,0.000000,0,0,0
28.330,-0.5084000,-0.0185000,9.9101000,59.8297000,73.6694000,61.6379000,-37.5820000,-8.9960000,8.3990000,0.000000,0,0,0
28.340,-0.5312000,0.0221000,9.9507000,59.8526000,73.5092000,61.4166000,-37.5120000,-9.0280000,8.2530000,0.000000,0,0,0
28.350,-0.5611000,0.0676000,9.9962000,60.2875000,72.5403000,61.1649000,-37.2770000,-8.8470000,8.7560000,0.000000,0,0,0
28.360,-0.5898000,0.1071000,10.0333000,60.9283000,70.9991000,60.8292000,-37.2040000,-9.0190000,8.6230000,0.000000,0,0,0
28.370,-0.5993000,0.1633000,10.0345000,61.3251000,69.3588000,60.4630000,-37.2740000,-8.7580000,8.3330000,0.000000,0,0,0
28.380,-0.5730000,0.0879000,9.9651000,60.7605000,63.8351000,59.8602000,-37.1740000,-8.8010000,8.6280000,0.000000,0,0,0
28.390,-0.5718000,0.0173000,9.9806000,61.3174000,59.9289000,59.7610000,-37.0520000,-8.6940000,8.9930000,0.000000,0,0,0
28.400,-0.5395000,-0.0341000,10.0165000,62.0422000,59.6924000,59.4788000,-37.3690000,-8.6240000,9.0600000,0.000000,0,0,0
28.410,-0.4749000,-0.0604000,9.9854000,62.7823000,61.3632000,59.1965000,-37.1630000,-8.7690000,8.9370000,0.000000,0,0,0
28.420,-0.4319000,-0.0532000,9.9507000,63.4079000,63.1714000,58.8379000,-37.2570000,-8.3600000,8.9930000,0.000000,0,0,0
28.430,-0.4067000,-0.0449000,9.9579000,63.9801000,64.7736000,58.4717000,-37.3700000,-8.6540000,9.1550000,0.000000,0,0,0
28.440,-0.4211000,-0.0389000,9.9890000,64.6515000,65.7425000,58.2809000,-37.2070000,-8.7920000,8.6660000,0.000000,0,0,0
28.450,-0.4462000,-0.0461000,10.0201000,65.1703000,65.6967000,58.4641000,-37.1170000,-8.0830000,9.4780000,0.000000,0,0,0
28.460,-0.4857000,-0.0544000,10.0393000,65.2313000,65.2542000,59.0591000,-37.2880000,-8.2710000,9.6680000,0.000000,0,0,0
28.470,-0.5204000,-0.0520000,10.0333000,64.4913000,65.2924000,59.7305000,-36.9040000,-8.5030000,9.2620000,0.000000,0,0,0
28.480,-0.5300000,-0.0365000,10.0129000,63.0112000,66.0706000,60.2341000,-37.0510000,-8.4630000,9.5520000,0.000000,0,0,0
28.490,-0.5156000,-0.0150000,9.9938000,61.3708000,67.0547000,60.3790000,-36.7650000,-8.5340000,8.9290000,0.000000,0,0,0
28.500,-0.4785000,-0.0090000,9.9782000,60.1044000,67.5049000,60.2875000,-36.8990000,-8.1810000,8.9480000,0.000000,0,0,0
28.510,-0.4247000,-0.0161000,9.9591000,59.4559000,67.1082000,60.1959000,-37.0610000,-8.1000000,7.9250000,0.000000,0,0,0
28.520,-0.3876000,-0.0449000,9.9184000,59.2499000,66.0782000,60.2646000,-37.1180000,-8.2350000,9.0540000,0.000000,0,0,0
28.530,-0.3864000,-0.0951000,9.8562000,59.2880000,64.9109000,60.4935000,-36.8880000,-8.2920000,9.0610000,0.000000,0,0,0
28.540,-0.4163000,-0.1537000,9.7785000,59.4711000,64.1556000,60.8215000,-37.1980000,-7.9710000,8.2700000,0.000000,0,0,0
28.550,-0.4785000,-0.2171000,9.7103000,59.8373000,64.0564000,61.2335000,-36.9850000,-8.2020000,7.6980000,0.000000,0,0,0
28.560,-0.5467000,-0.2518000,9.6660000,60.4935000,64.2624000,61.7065000,-36.9820000,-8.5510000,8.6440000,0.000000,0,0,0
28.570,-0.5898000,-0.2446000,9.6552000,61.4166000,64.6286000,62.0956000,-37.0120000,-8.2300000,8.2700000,0.000000,0,0,0
28.580,-0.6041000,-0.2111000,9.6696000,62.4237000,65.2084000,62.2940000,-36.7250000,-7.9560000,8.8520000,0.000000,0,0,0
28.590,-0.6005000,-0.1621000,9.6852000,63.3163000,65.8646000,62.3016000,-36.8900000,-8.3300000,8.5380000,0.000000,0,0,0
28.600,-0.5886000,-0.1238000,9.6971000,63.9801000,66.2918000,62.1490000,-36.6600000,-7.7890000,9.2350000,0.000000,0,0,0
28.610,-0.5778000,-0.1071000,9.7163000,64.4379000,66.2842000,62.0117000,-36.9240000,-8.0410000,8.3380000,0.000000,0,0,0
28.620,-0.5718000,-0.1011000,9.7282000,64.7583000,65.6815000,61.9507000,-36.8890000,-7.9840000,8.4660000,0.000000,0,0,0
28.630,-0.5862000,-0.1035000,9.7234000,65.0177000,64.6210000,62.0041000,-36.7260000,-8.0720000,8.6960000,0.000000,0,0,0
28.640,-0.6113000,-0.1035000,9.7055000,65.2313000,63.3392000,62.1490000,-36.5740000,-8.0630000,8.7670000,0.000000,0,0,0
28.650,-0.6364000,-0.0927000,9.6720000,65.3763000,62.1338000,62.2940000,-36.9170000,-8.1640000,9.0790000,0.000000,0,0,0
28.660,-0.6520000,-0.0760000,9.6349000,65.4526000,61.1649000,62.3245000,-36.6490000,-7.9370000,8.7880000,0.000000,0,0,0
28.670,-0.6532000,-0.0592000,9.6050000,65.4907000,60.6003000,62.2177000,-36.6980000,-8.0800000,8.6830000,0.000000,0,0,0
28.680,-0.6424000,-0.0496000,9.5715000,65.4755000,60.3104000,62.0346000,-36.5420000,-8.0600000,9.1040000,0.000000,0,0,0
28.690,-0.6245000,-0.0437000,9.5440000,65.5136000,59.9594000,61.8668000,-36.8020000,-7.7960000,8.4600000,0.000000,0,0,0
28.700,-0.6029000,-0.0473000,9.5272000,65.6738000,59.5856000,61.6760000,-36.8600000,-7.8910000,8.8830000,0.000000,0,0,0
28.710,-0.5862000,-0.0640000,9.5153000,66.0172000,59.2346000,61.5082000,-36.6440000,-7.8460000,8.6590000,0.000000,0,0,0
28.720,-0.5730000,-0.0855000,9.5081000,66.5970000,58.9752000,61.3708000,-36.6380000,-7.4590000,8.9870000,0.000000,0,0,0
28.730,-0.5718000,-0.1119000,9.5093000,67.3676000,58.8608000,61.3251000,-36.2610000,-7.5910000,8.8770000,0.000000,0,0,0
28.740,-0.5790000,-0.1334000,9.5153000,68.2678000,58.8989000,61.3937000,-36.6150000,-7.8170000,8.6270000,0.000000,0,0,0
28.750,-0.5934000,-0.1418000,9.5428000,69.1757000,59.0897000,61.5616000,-36.4620000,-7.4250000,8.9450000,0.000000,0,0,0
28.760,-0.6113000,-0.1382000,9.5859000,69.9081000,59.3719000,61.8134000,-36.4860000,-7.4420000,9.1190000,0.000000,0,0,0
28.770,-0.6209000,-0.1142000,9.6301000,70.1981000,59.6237000,62.0956000,-36.3360000,-7.3560000,9.1250000,0.000000,0,0,0
28.780,-0.6233000,-0.0831000,9.6756000,69.9692000,59.9518000,62.2940000,-36.0520000,-7.3520000,8.2520000,0.000000,0,0,0
28.790,-0.6125000,-0.0353000,9.7450000,68.9621000,60.7834000,62.1948000,-36.3730000,-7.0410000,8.9020000,0.000000,0,0,0
28.800,-0.6041000,-0.0209000,9.7785000,68.0084000,61.7981000,62.0346000,-36.5070000,-7.5500000,9.7370000,0.000000,0,0,0
28.810,-0.6005000,-0.0138000,9.7928000,66.9556000,62.8433000,62.0956000,-36.1260000,-7.0950000,8.4930000,0.000000,0,0,0
28.820,-0.6113000,-0.0102000,9.7964000,65.9180000,63.7283000,62.4084000,-36.1510000,-6.9910000,8.8520000,0.000000,0,0,0
28.830,-0.6173000,-0.0006000,9.7904000,64.9643000,64.3387000,62.8433000,-36.4440000,-7.0620000,8.8100000,0.000000,0,0,0
28.840,-0.6149000,0.0078000,9.7785000,64.0717000,64.7430000,63.2858000,-36.1570000,-6.8740000,8.4990000,0.000000,0,0,0
28.850,-0.6089000,0.0161000,9.7725000,63.2782000,65.0482000,63.6292000,-36.3710000,-6.9100000,8.5920000,0.000000,0,0,0
28.860,-0.5934000,0.0257000,9.7737000,62.6450000,65.2771000,63.7970000,-36.3990000,-6.9890000,8.8970000,0.000000,0,0,0
28.870,-0.5730000,0.0317000,9.7844000,62.2635000,65.5899000,63.8885000,-36.3270000,-6.8370000,8.3950000,0.000000,0,0,0
28.880,-0.5670000,0.0353000,9.7928000,62.0956000,66.1163000,64.0030000,-36.0090000,-6.8770000,8.7080000,0.000000,0,0,0
28.890,-0.5850000,0.0520000,9.7701000,62.1185000,66.5894000,63.9801000,-36.1710000,-6.8610000,8.4940000,0.000000,0,0,0
28.900,-0.5886000,0.0951000,9.8479000,61.7294000,66.8716000,63.7817000,-36.3820000,-7.0440000,8.6040000,0.000000,0,0,0
28.910,-0.5168000,0.1202000,10.1039000,59.3033000,67.7490000,63.8580000,-36.1980000,-7.1310000,8.2430000,0.000000,0,0,0
28.920,-0.4833000,0.1083000,10.3156000,56.1371000,69.1833000,64.2166000,-36.0660000,-7.0650000,7.7930000,0.000000,0,0,0
28.930,-0.5312000,0.0544000,10.4053000,53.6270000,70.1981000,64.5218000,-35.7330000,-7.1970000,8.4570000,0.000000,0,0,0
28.940,-0.6005000,-0.0413000,10.4005000,52.6428000,70.0378000,64.5294000,-35.5800000,-7.0280000,8.4020000,0.000000,0,0,0
28.950,-0.6388000,-0.1453000,10.3240000,53.3829000,68.4967000,64.4150000,-35.4270000,-7.0180000,8.9080000,0.000000,0,0,0
28.960,-0.6472000,-0.2207000,10.2043000,55.2368000,66.1392000,64.3997000,-35.6840000,-7.3130000,8.5320000,0.000000,0,0,0
28.970,-0.6424000,-0.2590000,10.0656000,57.4493000,63.6978000,64.5599000,-35.6750000,-7.1890000,8.3720000,0.000000,0,0,0
28.980,-0.6484000,-0.2530000,9.9280000,59.4711000,61.5005000,64.7888000,-35.8660000,-7.2880000,8.7150000,0.000000,0,0,0
28.990,-0.6783000,-0.2231000,9.7892000,60.9665000,59.9518000,64.8117000,-35.6000000,-7.2430000,8.7740000,0.000000,0,0,0
29.000,-0.7309000,-0.1765000,9.6720000,61.8515000,59.3262000,64.5599000,-35.9640000,-7.2990000,8.4920000,0.000000,0,0,0
29.010,-0.7788000,-0.1226000,9.6122000,62.1643000,59.9594000,63.9114000,-35.8910000,-7.0680000,8.5790000,0.000000,0,0,0
29.020,-0.7907000,-0.0867000,9.5883000,62.0880000,61.6684000,63.0722000,-35.9200000,-7.2050000,8.9880000,0.000000,0,0,0
29.030,-0.7704000,-0.0760000,9.5811000,61.8744000,63.6139000,62.3550000,-36.0950000,-7.1870000,8.4930000,0.000000,0,0,0
29.040,-0.7321000,-0.0867000,9.5775000,61.6989000,65.0635000,61.9431000,-35.5080000,-6.9490000,8.6500000,0.000000,0,0,0
29.050,-0.7010000,-0.1142000,9.5859000,61.6150000,65.8112000,61.8515000,-35.6800000,-7.2150000,8.4670000,0.000000,0,0,0
29.060,-0.6938000,-0.1406000,9.6002000,61.6074000,66.0782000,61.9736000,-35.9590000,-6.9350000,9.2580000,0.000000,0,0,0
29.070,-0.7034000,-0.1597000,9.6194000,61.5768000,66.1774000,62.1948000,-35.8170000,-7.2020000,8.2220000,0.000000,0,0,0
29.080,-0.7357000,-0.1597000,9.6385000,61.5463000,66.3452000,62.3932000,-35.8380000,-7.1870000,7.8880000,0.000000,0,0,0
29.090,-0.7644000,-0.1465000,9.6552000,61.4777000,66.6046000,62.4466000,-36.0370000,-7.3010000,7.9780000,0.000000,0,0,0
29.100,-0.7728000,-0.1274000,9.6648000,61.3327000,66.8488000,62.4008000,-35.9040000,-7.5780000,8.6850000,0.000000,0,0,0
29.110,-0.7656000,-0.1107000,9.6672000,61.1496000,66.9250000,62.3322000,-35.9580000,-7.2930000,9.4000000,0.000000,0,0,0
29.120,-0.7477000,-0.0975000,9.6648000,60.9741000,66.6275000,62.3398000,-35.8880000,-7.2520000,9.1040000,0.000000,0,0,0
29.130,-0.7333000,-0.0951000,9.6588000,60.9055000,66.0019000,62.3932000,-35.8060000,-7.2480000,8.9570000,0.000000,0,0,0
29.140,-0.7393000,-0.1059000,9.6493000,61.0046000,65.2084000,62.4771000,-35.6830000,-6.9590000,8.5090000,0.000000,0,0,0
29.150,-0.7549000,-0.1202000,9.6277000,61.2869000,64.3234000,62.5000000,-35.6010000,-7.1800000,9.0620000,0.000000,0,0,0
29.160,-0.7824000,-0.1430000,9.6026000,61.7218000,63.6292000,62.4161000,-35.6130000,-6.9110000,8.6330000,0.000000,0,0,0
29.170,-0.8051000,-0.1597000,9.5918000,62.0956000,63.3240000,62.2253000,-35.9570000,-7.3000000,8.7440000,0.000000,0,0,0
29.180,-0.8195000,-0.1705000,9.5823000,62.3856000,63.5223000,61.9659000,-35.8730000,-7.3380000,8.9470000,0.000000,0,0,0
29.190,-0.8290000,-0.1717000,9.5572000,62.7899000,64.0259000,61.6837000,-35.7600000,-6.9010000,8.7470000,0.000000,0,0,0
29.200,-0.8386000,-0.1788000,9.5284000,63.5910000,64.3845000,61.4548000,-36.0140000,-7.1410000,8.2660000,0.000000,0,0,0
29.210,-0.8326000,-0.1729000,9.5452000,64.5142000,64.3768000,61.4090000,-36.1420000,-7.1120000,8.6510000,0.000000,0,0,0
29.220,-0.8254000,-0.1561000,9.6050000,65.1474000,64.7125000,61.5997000,-35.9970000,-7.2380000,8.7040000,0.000000,0,0,0
29.230,-0.8326000,-0.1346000,9.6744000,65.4526000,65.4373000,61.9278000,-35.7080000,-6.9920000,8.4420000,0.000000,0,0,0
29.240,-0.8338000,-0.1166000,9.7282000,65.4602000,65.9256000,62.1872000,-36.1090000,-7.1500000,8.6320000,0.000000,0,0,0
29.250,-0.8362000,-0.1071000,9.7378000,65.3000000,66.3223000,62.2711000,-35.8850000,-7.1620000,8.9820000,0.000000,0,0,0
29.260,-0.8565000,-0.1071000,9.6744000,65.3152000,66.8488000,62.0499000,-36.0350000,-7.2330000,8.8190000,0.000000,0,0,0
29.270,-0.8936000,-0.1142000,9.5595000,65.7883000,67.3065000,61.3098000,-35.9810000,-7.0210000,8.7680000,0.000000,0,0,0
29.280,-0.9032000,-0.1501000,9.4363000,66.7725000,67.2226000,60.0510000,-35.9340000,-6.9170000,8.9730000,0.000000,0,0,0
29.290,-0.8745000,-0.2040000,9.3729000,67.9169000,66.2537000,58.9523000,-35.8400000,-6.8880000,8.8840000,0.000000,0,0,0
29.300,-0.8159000,-0.2219000,9.4447000,68.6569000,64.4379000,58.4793000,-35.6430000,-6.7750000,8.6690000,0.000000,0,0,0
29.310,-0.7214000,-0.1800000,9.6529000,68.6722000,62.2635000,58.7082000,-35.6820000,-6.6780000,8.8310000,0.000000,0,0,0
29.320,-0.6364000,-0.1035000,9.8969000,68.0695000,60.2341000,59.4254000,-35.8270000,-7.1040000,8.9970000,0.000000,0,0,0
29.330,-0.6101000,-0.0209000,10.0704000,67.1921000,58.7845000,60.2722000,-35.7650000,-7.0420000,8.7730000,0.000000,0,0,0
29.340,-0.6412000,0.0365000,10.1110000,66.2537000,58.1970000,60.9436000,-35.9200000,-6.8230000,8.9290000,0.000000,0,0,0
29.350,-0.7010000,0.0532000,10.0309000,65.2237000,58.5251000,61.3174000,-35.8010000,-6.9630000,8.2820000,0.000000,0,0,0
29.360,-0.7596000,0.0353000,9.8694000,64.1403000,59.5398000,61.4929000,-35.5000000,-7.0280000,9.2370000,0.000000,0,0,0
29.370,-0.8003000,-0.0042000,9.6911000,63.1714000,60.7834000,61.5616000,-35.7970000,-6.9090000,8.6370000,0.000000,0,0,0
29.380,-0.8075000,-0.0377000,9.5643000,62.4847000,61.9202000,61.6379000,-35.8720000,-7.0550000,8.3790000,0.000000,0,0,0
29.390,-0.7704000,-0.0449000,9.5057000,61.9812000,63.1866000,61.7523000,-35.7260000,-6.7210000,8.7880000,0.000000,0,0,0
29.400,-0.7405000,-0.0281000,9.5416000,61.8973000,63.8275000,61.8057000,-35.8000000,-6.9330000,8.6040000,0.000000,0,0,0
29.410,-0.7142000,-0.0126000,9.6110000,61.9431000,64.1708000,61.8057000,-35.6830000,-6.8740000,9.0950000,0.000000,0,0,0
29.420,-0.7010000,-0.0042000,9.6816000,62.0270000,64.1251000,61.8286000,-35.5250000,-7.0460000,9.4030000,0.000000,0,0,0
29.430,-0.6998000,-0.0090000,9.7258000,62.0346000,63.7054000,61.9583000,-35.4030000,-6.8870000,9.4000000,0.000000,0,0,0
29.440,-0.7094000,-0.0257000,9.7330000,61.9431000,63.0569000,62.2787000,-35.6180000,-7.2030000,9.1160000,0.000000,0,0,0
29.450,-0.7321000,-0.0461000,9.7007000,61.7905000,62.5839000,62.6984000,-35.4510000,-7.0650000,8.8650000,0.000000,0,0,0
29.460,-0.7537000,-0.0700000,9.6541000,61.7065000,62.5076000,63.0417000,-35.6010000,-6.8700000,9.0550000,0.000000,0,0,0
29.470,-0.7561000,-0.0939000,9.6146000,61.7218000,62.8662000,63.3545000,-35.4060000,-6.8750000,8.8430000,0.000000,0,0,0
29.480,-0.7549000,-0.1059000,9.6062000,61.7218000,63.3621000,63.6292000,-35.6860000,-7.3580000,8.5330000,0.000000,0,0,0
29.490,-0.7656000,-0.0951000,9.6313000,61.6379000,63.9496000,63.8809000,-35.2520000,-7.1950000,8.7230000,0.000000,0,0,0
29.500,-0.8039000,-0.0652000,9.6684000,61.4777000,64.5828000,64.0182000,-35.4740000,-7.2750000,8.4880000,0.000000,0,0,0
29.510,-0.8553000,-0.0317000,9.6959000,61.3632000,65.1855000,63.9191000,-35.5710000,-6.9340000,8.7690000,0.000000,0,0,0
29.520,-0.8853000,-0.0066000,9.7019000,61.3556000,65.6967000,63.6292000,-35.7160000,-6.8710000,8.6090000,0.000000,0,0,0
29.530,-0.8888000,-0.0090000,9.6828000,61.4014000,66.0095000,63.2858000,-35.4120000,-7.2630000,8.3020000,0.000000,0,0,0
29.540,-0.8745000,-0.0365000,9.6457000,61.4853000,65.9485000,63.0493000,-35.4540000,-7.1240000,8.4170000,0.000000,0,0,0
29.550,-0.8458000,-0.0819000,9.6253000,61.5845000,65.4831000,62.9883000,-35.5060000,-6.9390000,7.8390000,0.000000,0,0,0
29.560,-0.8207000,-0.1202000,9.6241000,61.7676000,64.7964000,63.0646000,-35.6190000,-7.1190000,8.7640000,0.000000,0,0,0
29.570,-0.8123000,-0.1418000,9.6385000,62.0346000,64.1403000,63.1332000,-35.3700000,-7.0410000,9.1090000,0.000000,0,0,0
29.580,-0.8159000,-0.1406000,9.6505000,62.3932000,63.6520000,63.1332000,-35.3270000,-7.1620000,8.3430000,0.000000,0,0,0
29.590,-0.8410000,-0.1214000,9.6469000,62.7975000,63.3316000,63.0188000,-35.4410000,-7.1840000,8.9110000,0.000000,0,0,0
29.600,-0.8876000,-0.0939000,9.6289000,63.3469000,63.1409000,62.7289000,-35.5150000,-7.2150000,8.8550000,0.000000,0,0,0
29.610,-0.9367000,-0.0664000,9.5978000,64.2700000,62.9730000,62.2787000,-35.3300000,-7.3020000,8.7060000,0.000000,0,0,0
29.620,-0.9726000,-0.0461000,9.5392000,65.6815000,62.8052000,61.7676000,-35.4710000,-7.1130000,8.8180000,0.000000,0,0,0
29.630,-0.9941000,-0.0389000,9.4662000,67.4438000,62.6526000,61.3556000,-35.5740000,-7.3820000,8.4020000,0.000000,0,0,0
29.640,-0.9833000,-0.0329000,9.4339000,69.2596000,62.4008000,61.0657000,-35.2070000,-7.3580000,8.5330000,0.000000,0,0,0
29.650,-0.9319000,-0.0281000,9.4674000,70.6711000,62.0651000,60.9436000,-35.6960000,-7.0800000,7.6820000,0.000000,0,0,0
29.660,-0.8637000,-0.0138000,9.5583000,71.4493000,61.7294000,60.9970000,-35.2890000,-6.9300000,8.3120000,0.000000,0,0,0
29.670,-0.8015000,0.0102000,9.6780000,71.4569000,61.6226000,61.1420000,-35.6540000,-7.0090000,7.9800000,0.000000,0,0,0
29.680,-0.7608000,0.0413000,9.7940000,70.7321000,61.8210000,61.3098000,-35.4290000,-6.6690000,8.7400000,0.000000,0,0,0
29.690,-0.7549000,0.0736000,9.8873000,69.5496000,62.1414000,61.4090000,-35.3800000,-6.6690000,8.5270000,0.000000,0,0,0
29.700,-0.7716000,0.1023000,9.9376000,68.1152000,62.5076000,61.4319000,-35.3630000,-6.7740000,8.8620000,0.000000,0,0,0
29.710,-0.7955000,0.1202000,9.9400000,66.6199000,62.9501000,61.4319000,-35.2880000,-6.8500000,8.3780000,0.000000,0,0,0
29.720,-0.8111000,0.1274000,9.8993000,65.2390000,63.3621000,61.4471000,-35.4000000,-6.9760000,8.8380000,0.000000,0,0,0
29.730,-0.8195000,0.1190000,9.8239000,64.0640000,63.6902000,61.4700000,-35.2690000,-7.1110000,8.2190000,0.000000,0,0,0
29.740,-0.8183000,0.0927000,9.7402000,63.1866000,63.9191000,61.4929000,-35.5530000,-6.8370000,9.1070000,0.000000,0,0,0
29.750,-0.8171000,0.0544000,9.6696000,62.5992000,64.0259000,61.5082000,-35.3330000,-6.8220000,8.8660000,0.000000,0,0,0
29.760,-0.8159000,0.0209000,9.6313000,62.2940000,63.9114000,61.5311000,-35.4970000,-6.9020000,8.4700000,0.000000,0,0,0
29.770,-0.8195000,0.0030000,9.6265000,62.2025000,63.5757000,61.6150000,-35.3240000,-7.0300000,8.3170000,0.000000,0,0,0
29.780,-0.8314000,0.0054000,9.6385000,62.2406000,63.0646000,61.7676000,-35.3740000,-6.7210000,8.6300000,0.000000,0,0,0
29.790,-0.8422000,0.0389000,9.6541000,62.3398000,62.6907000,61.9049000,-35.0650000,-6.8780000,8.3860000,0.000000,0,0,0
29.800,-0.8482000,0.0760000,9.6552000,62.4466000,62.7899000,61.8973000,-35.1310000,-7.0090000,8.3270000,0.000000,0,0,0
29.810,-0.8482000,0.0915000,9.6313000,62.5610000,63.2477000,61.7752000,-35.1430000,-6.6250000,8.0160000,0.000000,0,0,0
29.820,-0.8470000,0.0807000,9.5990000,62.7289000,63.8123000,61.6379000,-35.2380000,-6.5480000,8.3680000,0.000000,0,0,0
29.830,-0.8518000,0.0544000,9.5787000,62.9807000,64.2624000,61.5387000,-35.1020000,-6.5490000,8.2940000,0.000000,0,0,0
29.840,-0.8565000,0.0233000,9.5847000,63.3545000,64.4608000,61.4929000,-35.0780000,-6.6890000,8.8850000,0.000000,0,0,0
29.850,-0.8565000,0.0066000,9.6098000,63.7665000,64.3082000,61.5463000,-35.5290000,-6.7900000,8.1010000,0.000000,0,0,0
29.860,-0.8494000,0.0054000,9.6397000,64.0182000,63.8962000,61.6989000,-35.3630000,-6.7890000,8.8270000,0.000000,0,0,0
29.870,-0.8374000,0.0269000,9.6612000,64.0106000,63.4766000,61.9278000,-35.3930000,-7.2350000,9.3380000,0.000000,0,0,0
29.880,-0.8302000,0.0544000,9.6636000,63.7970000,63.4232000,62.0880000,-35.2860000,-7.0420000,8.6280000,0.000000,0,0,0
29.890,-0.8183000,0.0688000,9.6409000,63.5376000,63.7665000,62.1262000,-35.1900000,-6.8170000,8.8300000,0.000000,0,0,0
29.900,-0.8015000,0.0652000,9.5954000,63.3774000,64.2319000,62.0880000,-35.0070000,-6.9990000,8.6840000,0.000000,0,0,0
29.910,-0.8015000,0.0365000,9.5488000,63.4460000,64.4760000,62.1109000,-35.2030000,-7.2180000,8.2840000,0.000000,0,0,0
29.920,-0.8099000,0.0138000,9.5141000,63.8504000,64.2548000,62.2635000,-35.3170000,-6.7060000,8.6180000,0.000000,0,0,0
29.930,-0.8386000,0.0030000,9.5225000,64.5981000,63.5300000,62.5534000,-35.2220000,-6.7980000,8.8920000,0.000000,0,0,0
29.940,-0.8697000,0.0281000,9.5739000,65.5365000,62.5076000,62.8662000,-35.3210000,-6.9630000,8.6350000,0.000000,0,0,0
29.950,-0.8853000,0.0736000,9.6505000,66.3376000,61.5158000,63.1027000,-35.1730000,-6.8640000,8.8580000,0.000000,0,0,0
29.960,-0.8865000,0.1226000,9.7330000,66.7038000,60.7681000,63.2858000,-34.9870000,-6.6490000,9.0880000,0.000000,0,0,0
29.970,-0.8745000,0.1669000,9.8120000,66.5665000,60.3714000,63.4079000,-35.0410000,-6.8610000,9.3140000,0.000000,0,0,0
29.980,-0.8685000,0.1956000,9.8646000,65.9866000,60.3790000,63.4308000,-35.0390000,-6.7660000,9.2030000,0.000000,0,0,0
29.990,-0.8853000,0.1824000,9.8610000,64.6515000,61.0657000,63.1943000,-34.8470000,-6.7380000,9.5080000,0.000000,0,0,0
30.000,-0.9020000,0.1489000,9.8096000,63.8275000,61.5845000,62.9349000,-35.3380000,-6.7650000,9.3770000,0.000000,0,0,0
30.010,-0.9080000,0.1130000,9.7521000,63.2935000,61.9125000,62.6373000,-34.9260000,-6.9610000,8.8490000,0.000000,0,0,0
30.020,-0.8996000,0.0939000,9.7019000,63.0035000,62.0956000,62.4084000,-35.2880000,-6.8290000,9.6330000,0.000000,0,0,0
30.030,-0.8817000,0.0927000,9.6804000,62.8204000,62.3627000,62.2101000,-35.0790000,-6.4890000,9.6480000,0.000000,0,0,0
30.040,-0.8625000,0.0951000,9.6780000,62.6984000,62.5381000,62.0575000,-35.0580000,-6.8060000,9.3300000,0.000000,0,0,0
30.050,-0.8506000,0.0999000,9.6875000,62.5916000,62.5153000,61.9812000,-35.1010000,-6.5120000,9.1890000,0.000000,0,0,0
30.060,-0.8398000,0.1011000,9.6947000,62.4771000,62.3703000,61.9659000,-35.1620000,-6.5160000,9.9360000,0.000000,0,0,0
30.070,-0.8362000,0.0939000,9.6864000,62.3474000,62.2940000,62.0117000,-35.2260000,-7.0480000,9.4700000,0.000000,0,0,0
30.080,-0.8398000,0.0831000,9.6636000,62.2711000,62.3169000,62.0804000,-35.2360000,-6.7330000,9.5740000,0.000000,0,0,0
30.090,-0.8458000,0.0772000,9.6337000,62.3016000,62.3627000,62.1643000,-35.2020000,-6.6620000,9.7120000,0.000000,0,0,0
30.100,-0.8518000,0.0831000,9.6194000,62.4466000,62.4466000,62.2101000,-35.0270000,-6.5380000,9.4100000,0.000000,0,0,0
30.110,-0.8518000,0.0999000,9.6194000,62.6221000,62.4695000,62.1872000,-34.9290000,-6.7840000,8.8230000,0.000000,0,0,0
30.120,-0.8518000,0.1238000,9.6313000,62.7823000,62.3856000,62.1185000,-35.0670000,-6.6290000,8.2380000,0.000000,0,0,0
30.130,-0.8553000,0.1394000,9.6517000,62.8586000,62.1796000,62.0193000,-34.9290000,-6.5970000,9.3420000,0.000000,0,0,0
30.140,-0.8470000,0.1489000,9.6768000,62.8357000,62.0041000,61.9049000,-35.0500000,-6.6690000,8.6890000,0.000000,0,0,0
30.150,-0.8398000,0.1477000,9.6852000,62.7365000,61.9278000,61.7828000,-34.8580000,-6.4760000,8.9150000,0.000000,0,0,0
30.160,-0.8362000,0.1322000,9.6804000,62.6678000,61.7981000,61.7294000,-35.1560000,-6.5520000,8.8880000,0.000000,0,0,0
30.170,-0.8386000,0.1142000,9.6624000,62.6373000,61.6379000,61.7676000,-35.1730000,-6.8360000,9.1770000,0.000000,0,0,0
30.180,-0.8338000,0.1035000,9.6648000,62.6144000,61.4853000,61.8515000,-35.1120000,-6.5080000,8.7450000,0.000000,0,0,0
30.190,-0.8278000,0.1023000,9.6828000,62.5610000,61.4700000,61.9125000,-35.1430000,-6.8110000,8.9500000,0.000000,0,0,0
30.200,-0.8230000,0.1035000,9.6959000,62.5000000,61.5158000,61.9278000,-35.1720000,-7.0000000,9.1530000,0.000000,0,0,0
30.210,-0.8183000,0.1059000,9.7019000,62.4161000,61.6531000,61.8973000,-34.9950000,-6.6920000,8.3350000,0.000000,0,0,0
30.220,-0.8171000,0.1059000,9.6971000,62.3016000,61.8439000,61.8744000,-35.1800000,-6.6700000,8.9500000,0.000000,0,0,0
30.230,-0.8219000,0.1107000,9.6816000,62.2177000,62.0346000,61.8362000,-35.2290000,-6.6390000,9.1890000,0.000000,0,0,0
30.240,-0.8278000,0.1095000,9.6660000,62.1567000,62.1719000,61.8134000,-35.3450000,-6.6840000,8.8520000,0.000000,0,0,0
30.250,-0.8314000,0.1071000,9.6564000,62.1262000,62.2330000,61.8439000,-34.9890000,-6.5780000,8.4970000,0.000000,0,0,0
30.260,-0.8326000,0.1047000,9.6576000,62.1490000,62.2482000,61.8896000,-35.1180000,-6.4790000,9.1920000,0.000000,0,0,0
30.270,-0.8338000,0.1023000,9.6636000,62.2177000,62.1490000,61.9202000,-35.0930000,-7.0490000,8.5880000,0.000000,0,0,0
30.280,-0.8326000,0.0963000,9.6732000,62.3474000,61.9431000,61.9659000,-35.2980000,-6.8670000,9.0340000,0.000000,0,0,0
30.290,-0.8326000,0.0951000,9.6744000,62.5381000,61.6608000,62.0117000,-34.8970000,-6.9530000,9.3850000,0.000000,0,0,0
30.300,-0.8290000,0.0963000,9.6720000,62.7136000,61.3632000,62.0270000,-35.1690000,-6.6580000,8.8030000,0.000000,0,0,0
30.310,-0.8195000,0.1011000,9.6720000,62.8357000,61.1801000,61.9965000,-34.9700000,-6.6810000,9.4560000,0.000000,0,0,0
30.320,-0.8087000,0.1083000,9.6732000,62.8662000,61.1725000,61.9125000,-35.0850000,-6.6030000,9.0260000,0.000000,0,0,0
30.330,-0.7967000,0.1142000,9.6792000,62.7975000,61.3937000,61.7828000,-35.0450000,-6.7200000,8.7620000,0.000000,0,0,0
30.340,-0.7943000,0.1142000,9.6792000,62.6831000,61.7599000,61.6455000,-35.1940000,-6.6540000,8.6570000,0.000000,0,0,0
30.350,-0.7991000,0.1107000,9.6732000,62.5687000,62.0499000,61.5387000,-35.1000000,-6.7480000,8.9800000,0.000000,0,0,0
30.360,-0.8075000,0.1059000,9.6684000,62.4847000,62.1643000,61.4929000,-35.1090000,-6.4040000,9.0300000,0.000000,0,0,0
30.370,-0.8123000,0.1023000,9.6660000,62.4619000,62.0804000,61.4853000,-35.0590000,-6.7120000,9.2670000,0.000000,0,0,0
30.380,-0.8087000,0.0987000,9.6672000,62.4771000,61.9202000,61.5005000,-35.0460000,-6.8020000,9.7970000,0.000000,0,0,0
30.390,-0.8027000,0.0987000,9.6720000,62.4847000,61.8591000,61.5082000,-35.1390000,-6.2040000,8.8480000,0.000000,0,0,0
30.400,-0.7979000,0.0999000,9.6744000,62.4695000,61.9202000,61.5082000,-34.9610000,-6.6150000,9.3310000,0.000000,0,0,0
30.410,-0.7931000,0.1011000,9.6768000,62.4161000,62.0880000,61.5158000,-34.8750000,-6.5940000,9.3930000,0.000000,0,0,0
30.420,-0.7943000,0.0999000,9.6720000,62.3398000,62.2940000,61.5234000,-35.2700000,-6.4810000,8.8840000,0.000000,0,0,0
30.430,-0.8003000,0.0975000,9.6612000,62.2864000,62.3932000,61.5616000,-34.9010000,-7.0580000,9.0530000,0.000000,0,0,0
30.440,-0.8075000,0.0939000,9.6529000,62.2559000,62.3016000,61.6455000,-35.1510000,-6.7630000,8.8900000,0.000000,0,0,0
30.450,-0.8099000,0.0915000,9.6517000,62.2864000,62.0804000,61.7294000,-35.0080000,-6.8850000,9.3430000,0.000000,0,0,0
30.460,-0.8063000,0.0939000,9.6541000,62.3550000,61.8362000,61.7981000,-35.1860000,-6.7830000,8.8820000,0.000000,0,0,0
30.470,-0.7979000,0.0975000,9.6588000,62.3627000,61.6608000,61.8057000,-34.6230000,-6.6280000,9.1840000,0.000000,0,0,0
30.480,-0.7884000,0.0987000,9.6684000,62.3398000,61.5997000,61.7599000,-35.0610000,-6.8160000,9.8230000,0.000000,0,0,0
30.490,-0.7836000,0.0975000,9.6732000,62.3245000,61.6531000,61.6837000,-35.0790000,-6.9570000,9.4300000,0.000000,0,0,0
30.500,-0.7824000,0.0951000,9.6720000,62.2940000,61.6913000,61.6226000,-35.3400000,-6.6220000,9.8720000,0.000000,0,0,0
30.510,-0.7896000,0.0903000,9.6600000,62.2482000,61.6455000,61.5921000,-35.2820000,-6.7940000,9.3950000,0.000000,0,0,0
30.520,-0.7979000,0.0867000,9.6457000,62.2025000,61.3785000,61.6302000,-34.9340000,-6.7240000,9.4410000,0.000000,0,0,0
30.530,-0.8039000,0.0891000,9.6325000,62.2177000,60.8597000,61.6760000,-35.0940000,-6.6050000,9.3560000,0.000000,0,0,0
30.540,-0.7979000,0.0927000,9.6337000,62.3169000,60.0433000,61.6684000,-35.0940000,-6.6920000,9.4140000,0.000000,0,0,0
30.550,-0.7788000,0.0963000,9.6552000,62.4237000,59.5169000,61.6074000,-35.1750000,-6.7440000,9.6290000,0.000000,0,0,0
30.560,-0.7549000,0.0963000,9.6828000,62.5381000,59.4330000,61.4929000,-35.1910000,-6.7450000,9.5760000,0.000000,0,0,0
30.570,-0.7489000,0.0927000,9.6923000,62.5381000,59.7000000,61.4777000,-35.0250000,-6.9230000,9.9160000,0.000000,0,0,0
30.580,-0.7465000,0.0867000,9.7019000,62.5153000,60.0739000,61.5234000,-35.4000000,-7.0840000,9.6540000,0.000000,0,0,0
30.590,-0.7501000,0.0796000,9.6935000,62.5381000,60.3790000,61.6455000,-35.1540000,-6.8090000,9.7840000,0.000000,0,0,0
30.600,-0.7561000,0.0736000,9.6708000,62.5687000,60.4401000,61.8591000,-35.2610000,-6.9030000,9.2520000,0.000000,0,0,0
30.610,-0.7573000,0.0712000,9.6624000,62.5916000,60.3180000,62.1262000,-35.2410000,-6.6290000,9.1660000,0.000000,0,0,0
30.620,-0.7477000,0.0772000,9.6660000,62.6068000,60.2570000,62.3398000,-35.1340000,-6.4010000,8.9280000,0.000000,0,0,0
30.630,-0.7333000,0.0867000,9.6756000,62.5687000,60.3485000,62.4390000,-35.2920000,-6.6390000,9.2530000,0.000000,0,0,0
30.640,-0.7226000,0.0915000,9.6816000,62.5153000,60.5850000,62.4313000,-35.3600000,-6.7800000,9.5450000,0.000000,0,0,0
30.650,-0.7178000,0.0927000,9.6840000,62.4771000,60.8521000,62.3856000,-35.1140000,-6.7330000,8.7170000,0.000000,0,0,0
30.660,-0.7166000,0.0903000,9.6792000,62.4695000,61.0809000,62.3322000,-35.4350000,-6.9470000,9.3720000,0.000000,0,0,0
30.670,-0.7202000,0.0855000,9.6696000,62.4771000,61.1649000,62.3169000,-35.0600000,-6.5640000,9.0650000,0.000000,0,0,0
30.680,-0.7214000,0.0843000,9.6624000,62.5229000,61.0886000,62.3245000,-35.3030000,-6.7720000,9.3900000,0.000000,0,0,0
30.690,-0.7178000,0.0843000,9.6564000,62.5610000,60.8826000,62.3245000,-35.1270000,-6.7890000,9.3650000,0.000000,0,0,0
30.700,-0.7106000,0.0891000,9.6541000,62.6068000,60.6384000,62.2635000,-35.3550000,-6.8960000,9.6230000,0.000000,0,0,0
30.710,-0.7034000,0.0927000,9.6552000,62.6297000,60.3867000,62.1414000,-35.0840000,-6.8960000,9.4860000,0.000000,0,0,0
30.720,-0.6938000,0.0951000,9.6684000,62.6602000,60.2722000,61.9736000,-35.5550000,-6.7670000,8.9920000,0.000000,0,0,0
30.730,-0.6855000,0.0963000,9.6780000,62.6831000,60.3561000,61.7981000,-34.9130000,-6.7040000,9.1900000,0.000000,0,0,0
30.740,-0.6843000,0.0939000,9.6804000,62.6984000,60.5392000,61.6531000,-35.0420000,-6.7240000,8.7900000,0.000000,0,0,0
30.750,-0.6867000,0.0903000,9.6780000,62.7289000,60.6995000,61.5616000,-34.9510000,-6.8780000,8.6020000,0.000000,0,0,0
30.760,-0.6891000,0.0867000,9.6768000,62.7747000,60.8063000,61.5387000,-34.9520000,-6.7420000,8.8460000,0.000000,0,0,0
30.770,-0.6915000,0.0843000,9.6732000,62.8281000,60.8826000,61.5616000,-34.8580000,-6.8700000,8.2160000,0.000000,0,0,0
30.780,-0.6903000,0.0843000,9.6708000,62.8662000,60.9283000,61.6150000,-35.3880000,-7.1450000,8.0350000,0.000000,0,0,0
30.790,-0.6843000,0.0879000,9.6708000,62.8967000,60.9741000,61.6455000,-35.1760000,-6.7590000,8.7580000,0.000000,0,0,0
30.800,-0.6807000,0.0879000,9.6648000,62.9272000,60.9589000,61.6455000,-35.0670000,-6.9080000,8.5250000,0.000000,0,0,0
30.810,-0.6795000,0.0867000,9.6600000,62.9425000,60.8521000,61.6379000,-35.0540000,-7.0100000,8.9820000,0.000000,0,0,0
30.820,-0.6759000,0.0879000,9.6600000,62.9501000,60.6995000,61.6302000,-35.2650000,-6.8200000,9.0010000,0.000000,0,0,0
30.830,-0.6723000,0.0903000,9.6600000,62.9349000,60.5621000,61.6379000,-35.3820000,-6.9600000,8.4580000,0.000000,0,0,0
30.840,-0.6663000,0.0927000,9.6636000,62.9196000,60.4401000,61.6302000,-35.2840000,-7.0760000,8.9340000,0.000000,0,0,0
30.850,-0.6592000,0.0939000,9.6684000,62.9196000,60.4095000,61.5997000,-35.3920000,-7.0630000,8.7630000,0.000000,0,0,0
30.860,-0.6592000,0.0951000,9.6636000,62.9044000,60.3943000,61.5616000,-35.5750000,-6.7940000,9.0150000,0.000000,0,0,0
30.870,-0.6592000,0.0951000,9.6552000,62.8738000,60.2798000,61.5387000,-35.2500000,-7.2800000,7.8180000,0.000000,0,0,0
30.880,-0.6568000,0.0927000,9.6505000,62.8510000,60.0510000,61.5387000,-35.1650000,-6.9210000,8.5490000,0.000000,0,0,0
30.890,-0.6496000,0.0915000,9.6576000,62.8357000,59.8450000,61.5540000,-35.5590000,-6.9220000,8.8160000,0.000000,0,0,0
30.900,-0.6424000,0.0891000,9.6648000,62.8204000,59.7305000,61.5768000,-35.5010000,-6.7850000,8.4070000,0.000000,0,0,0
30.910,-0.6340000,0.0867000,9.6756000,62.8204000,59.7305000,61.5997000,-35.3450000,-6.8790000,8.0990000,0.000000,0,0,0
30.920,-0.6269000,0.0879000,9.6816000,62.8204000,59.8526000,61.5921000,-35.5310000,-6.7700000,8.0480000,0.000000,0,0,0
30.930,-0.6221000,0.0891000,9.6816000,62.8204000,60.0128000,61.5845000,-35.4880000,-6.7200000,8.3250000,0.000000,0,0,0
30.940,-0.6245000,0.0915000,9.6660000,62.8052000,60.0433000,61.5463000,-35.5380000,-6.8000000,8.0190000,0.000000,0,0,0
30.950,-0.6245000,0.0915000,9.6517000,62.7823000,59.7610000,61.5005000,-35.4120000,-6.5940000,7.9040000,0.000000,0,0,0
30.960,-0.6137000,0.0915000,9.6600000,62.7899000,59.4559000,61.4319000,-35.3360000,-6.6250000,8.6800000,0.000000,0,0,0
30.970,-0.6017000,0.0915000,9.6780000,62.7975000,59.4330000,61.3861000,-35.5340000,-6.8460000,8.1610000,0.000000,0,0,0
30.980,-0.5910000,0.0915000,9.6971000,62.7899000,59.6924000,61.3708000,-35.3420000,-6.9540000,7.9440000,0.000000,0,0,0
30.990,-0.5802000,0.0903000,9.7127000,62.7899000,60.2417000,61.3785000,-35.2150000,-6.7990000,7.9440000,0.000000,0,0,0
31.000,-0.5742000,0.0891000,9.7222000,62.7975000,61.0123000,61.4243000,-35.2170000,-6.9870000,8.1110000,0.000000,0,0,0
31.010,-0.5682000,0.0891000,9.7270000,62.8281000,61.9431000,61.4929000,-35.3060000,-6.9610000,8.9480000,0.000000,0,0,0
31.020,-0.5670000,0.0891000,9.7210000,62.8662000,62.8967000,61.5387000,-35.5390000,-6.6350000,8.3370000,0.000000,0,0,0
31.030,-0.5730000,0.0903000,9.7043000,62.8891000,63.6749000,61.5540000,-35.3080000,-6.5400000,8.3270000,0.000000,0,0,0
31.040,-0.5802000,0.0927000,9.6887000,62.8891000,64.1708000,61.5463000,-35.5630000,-7.0760000,8.4110000,0.000000,0,0,0
31.050,-0.5862000,0.0975000,9.6756000,62.8586000,64.4226000,61.4929000,-35.3390000,-6.9380000,8.2440000,0.000000,0,0,0
31.060,-0.5934000,0.1011000,9.6624000,62.7823000,64.4836000,61.4243000,-35.8990000,-6.5370000,8.4250000,0.000000,0,0,0
31.070,-0.6005000,0.1011000,9.6564000,62.6984000,64.3768000,61.3403000,-35.3080000,-6.6480000,8.3880000,0.000000,0,0,0
31.080,-0.6029000,0.0999000,9.6600000,62.5992000,64.2471000,61.2717000,-35.6150000,-6.6400000,8.1620000,0.000000,0,0,0
31.090,-0.6077000,0.0987000,9.6564000,62.5000000,64.1403000,61.2183000,-35.2090000,-6.7700000,7.9560000,0.000000,0,0,0
31.100,-0.6149000,0.0975000,9.6469000,62.4237000,63.8809000,61.1725000,-35.2510000,-6.8980000,7.4460000,0.000000,0,0,0
31.110,-0.6149000,0.0939000,9.6552000,62.3550000,63.5910000,61.1343000,-35.2540000,-6.5280000,7.9330000,0.000000,0,0,0
31.120,-0.6149000,0.0903000,9.6624000,62.3474000,63.3698000,61.1115000,-35.5610000,-6.4910000,7.5600000,0.000000,0,0,0
31.130,-0.6161000,0.0879000,9.6636000,62.3627000,63.1790000,61.0962000,-35.4290000,-6.7700000,7.8210000,0.000000,0,0,0
31.140,-0.6137000,0.0867000,9.6672000,62.3779000,63.0188000,61.0962000,-35.6960000,-6.7360000,8.5090000,0.000000,0,0,0
31.150,-0.6101000,0.0855000,9.6780000,62.4008000,63.0341000,61.1267000,-35.5950000,-6.7130000,7.9400000,0.000000,0,0,0
31.160,-0.6125000,0.0867000,9.6744000,62.4084000,63.1027000,61.1420000,-35.5390000,-6.7720000,8.1410000,0.000000,0,0,0
31.170,-0.6173000,0.0879000,9.6696000,62.4161000,63.1104000,61.1572000,-35.3890000,-6.6860000,7.1330000,0.000000,0,0,0
31.180,-0.6197000,0.0867000,9.6672000,62.4390000,63.0722000,61.1954000,-35.4740000,-6.5710000,7.4010000,0.000000,0,0,0
31.190,-0.6221000,0.0867000,9.6672000,62.4924000,63.0264000,61.2411000,-35.3690000,-6.6590000,8.1660000,0.000000,0,0,0
31.200,-0.6233000,0.0855000,9.6696000,62.5534000,62.9654000,61.2946000,-35.7410000,-6.7950000,8.1920000,0.000000,0,0,0
31.210,-0.6209000,0.0855000,9.6744000,62.6068000,62.9730000,61.3480000,-35.5960000,-6.6350000,8.1510000,0.000000,0,0,0
31.220,-0.6209000,0.0855000,9.6744000,62.6373000,63.0341000,61.4014000,-35.6430000,-6.9480000,8.9270000,0.000000,0,0,0
31.230,-0.6197000,0.0855000,9.6720000,62.6526000,63.0875000,61.4395000,-35.5030000,-7.1970000,7.7950000,0.000000,0,0,0
31.240,-0.6221000,0.0843000,9.6684000,62.6678000,63.0646000,61.4700000,-35.5850000,-7.1410000,7.6610000,0.000000,0,0,0
31.250,-0.6257000,0.0831000,9.6660000,62.7060000,62.9501000,61.4929000,-35.4970000,-7.0970000,7.6850000,0.000000,0,0,0
31.260,-0.6245000,0.0843000,9.6672000,62.7441000,62.7899000,61.4929000,-35.6220000,-6.9420000,8.1360000,0.000000,0,0,0
31.270,-0.6221000,0.0879000,9.6720000,62.7747000,62.6907000,61.4624000,-35.3130000,-6.8460000,7.2620000,0.000000,0,0,0
31.280,-0.6197000,0.0927000,9.6744000,62.7747000,62.6984000,61.4166000,-35.3990000,-7.1350000,8.0290000,0.000000,0,0,0
31.290,-0.6161000,0.0951000,9.6780000,62.7518000,62.8128000,61.3632000,-35.6590000,-6.9940000,7.7720000,0.000000,0,0,0
31.300,-0.6149000,0.0939000,9.6792000,62.7136000,63.0188000,61.3098000,-35.3480000,-6.8950000,7.6770000,0.000000,0,0,0
31.310,-0.6137000,0.0891000,9.6828000,62.6831000,63.2629000,61.2869000,-35.4400000,-6.9160000,8.1600000,0.000000,0,0,0
31.320,-0.6161000,0.0831000,9.6887000,62.6984000,63.5300000,61.3022000,-35.5870000,-6.8840000,7.7740000,0.000000,0,0,0
31.330,-0.6209000,0.0772000,9.6923000,62.7365000,63.7894000,61.3861000,-35.2660000,-6.7780000,7.8400000,0.000000,0,0,0
31.340,-0.6233000,0.0772000,9.6935000,62.7975000,64.0411000,61.5005000,-35.5970000,-6.7440000,8.2200000,0.000000,0,0,0
31.350,-0.6161000,0.0819000,9.6995000,62.8510000,64.3463000,61.5921000,-35.3060000,-6.6810000,7.9500000,0.000000,0,0,0
31.360,-0.6065000,0.0903000,9.7127000,62.8967000,64.9338000,61.5845000,-35.5330000,-6.9600000,8.3790000,0.000000,0,0,0
31.370,-0.6017000,0.0987000,9.7210000,62.8891000,65.7501000,61.4548000,-35.5190000,-6.4720000,8.7600000,0.000000,0,0,0
31.380,-0.6101000,0.0963000,9.7234000,62.8510000,66.6428000,61.2793000,-35.5470000,-6.9020000,8.5450000,0.000000,0,0,0
31.390,-0.6269000,0.0915000,9.7151000,62.8433000,67.4286000,61.1572000,-35.2850000,-6.7250000,8.4470000,0.000000,0,0,0
31.400,-0.6484000,0.0855000,9.6971000,62.8738000,67.8940000,61.1191000,-35.3190000,-6.6230000,8.7580000,0.000000,0,0,0
31.410,-0.6615000,0.0867000,9.6804000,62.9501000,67.9779000,61.1038000,-35.5050000,-6.8370000,8.6080000,0.000000,0,0,0
31.420,-0.6627000,0.0831000,9.6816000,63.0798000,67.7948000,61.0733000,-35.2860000,-6.7480000,8.9890000,0.000000,0,0,0
31.430,-0.6412000,0.0784000,9.6828000,63.3240000,67.5125000,61.0123000,-35.4440000,-6.8720000,8.8330000,0.000000,0,0,0
31.440,-0.6472000,0.0688000,9.6588000,63.6063000,66.9937000,60.9741000,-35.6120000,-7.0250000,8.9010000,0.000000,0,0,0
31.450,-0.6675000,0.0484000,9.6313000,63.7131000,66.2155000,61.0962000,-35.5640000,-6.9480000,7.9610000,0.000000,0,0,0
31.460,-0.7022000,0.0389000,9.6277000,63.6139000,65.5136000,61.4548000,-35.4650000,-7.1360000,8.4390000,0.000000,0,0,0
31.470,-0.7393000,0.0604000,9.6672000,63.4460000,65.1932000,61.8820000,-35.1870000,-6.7120000,8.5700000,0.000000,0,0,0
31.480,-0.7441000,0.1047000,9.7510000,63.4613000,65.7196000,62.1338000,-35.7400000,-6.8810000,8.4800000,0.000000,0,0,0
31.490,-0.7273000,0.1346000,9.8144000,63.6597000,67.1997000,62.0804000,-35.0690000,-6.8970000,8.6460000,0.000000,0,0,0
31.500,-0.7202000,0.1489000,9.8120000,63.8351000,69.0842000,61.8515000,-35.3940000,-6.8270000,8.8800000,0.000000,0,0,0
31.510,-0.7309000,0.1453000,9.7617000,63.9877000,70.4651000,61.5311000,-35.4300000,-7.1880000,8.5570000,0.000000,0,0,0
31.520,-0.7357000,0.1214000,9.6923000,64.0945000,70.9534000,61.3632000,-35.0930000,-6.8910000,8.0970000,0.000000,0,0,0
31.530,-0.7501000,0.0796000,9.6385000,64.0106000,70.6406000,61.5387000,-35.0050000,-6.5520000,8.6530000,0.000000,0,0,0
31.540,-0.7632000,0.0484000,9.6409000,63.9496000,69.7556000,61.9812000,-35.2660000,-6.8210000,8.7680000,0.000000,0,0,0
31.550,-0.7848000,0.0532000,9.6971000,64.0182000,68.7103000,62.4771000,-35.1700000,-7.0980000,8.6770000,0.000000,0,0,0
31.560,-0.8195000,0.0951000,9.7785000,64.0717000,68.0389000,62.9196000,-35.4140000,-6.6890000,8.5480000,0.000000,0,0,0
31.570,-0.8661000,0.1645000,9.8754000,64.0030000,68.2144000,63.1409000,-35.0130000,-7.0700000,9.0380000,0.000000,0,0,0
31.580,-0.9211000,0.2327000,9.9711000,63.7970000,69.6945000,63.1104000,-35.4670000,-7.0450000,8.9450000,0.000000,0,0,0
31.590,-0.9642000,0.2578000,10.0476000,63.4384000,72.2427000,62.8204000,-35.1130000,-6.8620000,8.5010000,0.000000,0,0,0
31.600,-0.9594000,0.2291000,10.1039000,62.9501000,74.9893000,62.4619000,-35.4430000,-6.7120000,8.8560000,0.000000,0,0,0
31.610,-0.9164000,0.1944000,10.1541000,62.2940000,77.0187000,62.3093000,-35.0260000,-6.8320000,9.6220000,0.000000,0,0,0
31.620,-0.8936000,0.1657000,10.1972000,61.5692000,77.6825000,62.3474000,-35.1680000,-6.9740000,9.5060000,0.000000,0,0,0
31.630,-0.9104000,0.1298000,10.2223000,60.8673000,77.0950000,62.4847000,-35.1740000,-6.9150000,8.7370000,0.000000,0,0,0
31.640,-0.9678000,0.0807000,10.2522000,60.3943000,76.0117000,62.6144000,-35.0720000,-7.1430000,9.0290000,0.000000,0,0,0
31.650,-1.0336000,0.0484000,10.2929000,60.3561000,75.0198000,62.6297000,-35.0780000,-6.9990000,8.9580000,0.000000,0,0,0
31.660,-1.0743000,0.0425000,10.3551000,60.8139000,74.0738000,62.5229000,-35.2040000,-6.9390000,8.7930000,0.000000,0,0,0
31.670,-1.0647000,0.0496000,10.4532000,61.8134000,73.0591000,62.4084000,-35.1000000,-7.0280000,8.5480000,0.000000,0,0,0
31.680,-1.0192000,0.0700000,10.5704000,63.0646000,71.9070000,62.2864000,-35.2110000,-7.0680000,8.7620000,0.000000,0,0,0
31.690,-0.9738000,0.0987000,10.6625000,64.1251000,70.6177000,62.0117000,-35.1750000,-7.1610000,9.3730000,0.000000,0,0,0
31.700,-0.9271000,0.1059000,10.6972000,64.7125000,69.0231000,61.5463000,-35.2390000,-7.2110000,9.3920000,0.000000,0,0,0
31.710,-0.8757000,0.0867000,10.6817000,64.7049000,66.9937000,61.1496000,-35.3800000,-7.5250000,8.9790000,0.000000,0,0,0
31.720,-0.8637000,0.0700000,10.6458000,63.9572000,65.1550000,60.9970000,-35.2520000,-7.3600000,8.7290000,0.000000,0,0,0
31.730,-0.8984000,0.0688000,10.6051000,62.6526000,64.2242000,60.8978000,-35.2070000,-7.4730000,9.3720000,0.000000,0,0,0
31.740,-0.9487000,0.0867000,10.5764000,61.2869000,64.4913000,60.6232000,-35.6290000,-7.7960000,8.6920000,0.000000,0,0,0
31.750,-0.9905000,0.1023000,10.5632000,60.3943000,65.2008000,60.1349000,-35.5600000,-7.8790000,8.5320000,0.000000,0,0,0
31.760,-0.9989000,0.1023000,10.5764000,60.6689000,65.0101000,59.3338000,-35.6120000,-7.7510000,9.6400000,0.000000,0,0,0
31.770,-0.9905000,0.0963000,10.5632000,61.5845000,63.2782000,59.0668000,-35.6640000,-8.1550000,8.6320000,0.000000,0,0,0
31.780,-1.0180000,0.0939000,10.5082000,62.4237000,60.7986000,59.1431000,-35.8170000,-8.0940000,9.1570000,0.000000,0,0,0
31.790,-1.0886000,0.1119000,10.4281000,62.6602000,58.7845000,59.4101000,-36.0300000,-8.3930000,9.1480000,0.000000,0,0,0
31.800,-1.1843000,0.1561000,10.3252000,62.3169000,58.2504000,59.4406000,-35.8750000,-8.3730000,9.6550000,0.000000,0,0,0
31.810,-1.2705000,0.2099000,10.2319000,61.9278000,59.3033000,58.8760000,-35.7680000,-8.1230000,8.8770000,0.000000,0,0,0
31.820,-1.3111000,0.2518000,10.1685000,62.0804000,61.1954000,57.6630000,-36.0480000,-8.4760000,9.3200000,0.000000,0,0,0
31.830,-1.3135000,0.2734000,10.1314000,63.0112000,62.7594000,56.0455000,-36.0820000,-8.6890000,9.6390000,0.000000,0,0,0
31.840,-1.2848000,0.2769000,10.1110000,64.4226000,63.1256000,54.2603000,-36.0410000,-8.5120000,8.9970000,0.000000,0,0,0
31.850,-1.2274000,0.2446000,10.1074000,65.9027000,62.7747000,52.8183000,-36.3720000,-8.5420000,9.5850000,0.000000,0,0,0
31.860,-1.1724000,0.1920000,10.1039000,66.9022000,62.0956000,52.1622000,-36.5790000,-8.3340000,9.0640000,0.000000,0,0,0
31.870,-1.1281000,0.1465000,10.0991000,67.1158000,61.0580000,52.3453000,-36.4900000,-8.7120000,9.4600000,0.000000,0,0,0
31.880,-1.0994000,0.1310000,10.1062000,66.5283000,60.1807000,53.2150000,-36.4600000,-8.7040000,9.3840000,0.000000,0,0,0
31.890,-1.1341000,0.1382000,10.1421000,65.4068000,59.9289000,54.0314000,-36.6010000,-8.5000000,9.9680000,0.000000,0,0,0
31.900,-1.1532000,0.1645000,10.1828000,64.0793000,60.4401000,54.4052000,-36.9170000,-8.6430000,9.3670000,0.000000,0,0,0
31.910,-1.1568000,0.1609000,10.2259000,62.7823000,61.4243000,54.0848000,-36.9540000,-8.8400000,9.8260000,0.000000,0,0,0
31.920,-0.9319000,0.1274000,10.2331000,61.6913000,62.5458000,54.2374000,-37.2590000,-8.9090000,9.2380000,0.000000,0,0,0
31.930,-0.7692000,0.1406000,10.2331000,61.0199000,63.7894000,54.9698000,-37.1180000,-9.1560000,9.6600000,0.000000,0,0,0
31.940,-0.7357000,0.1238000,10.2175000,60.7834000,65.1016000,55.6641000,-37.3240000,-9.4340000,9.9150000,0.000000,0,0,0
31.950,-0.7393000,0.1059000,10.1996000,60.7910000,66.1850000,56.1523000,-36.8910000,-9.0930000,9.5180000,0.000000,0,0,0
31.960,-0.7656000,0.0784000,10.1924000,60.9131000,66.7496000,56.6025000,-37.2180000,-9.6010000,9.8890000,0.000000,0,0,0
31.970,-0.8003000,0.0652000,10.1876000,60.8597000,66.3834000,57.1976000,-37.3060000,-9.5030000,9.9380000,0.000000,0,0,0
31.980,-0.8039000,0.0664000,10.1876000,60.5392000,65.3839000,57.9453000,-37.5390000,-9.2190000,9.5170000,0.000000,0,0,0
31.990,-0.7872000,0.0772000,10.1553000,59.8755000,64.0488000,58.7845000,-37.5160000,-9.2460000,9.9270000,0.000000,0,0,0
32.000,-0.7824000,0.0748000,10.0823000,58.9294000,62.3856000,59.6008000,-37.3420000,-9.5380000,10.5710000,0.000000,0,0,0
32.010,-0.8087000,0.0652000,10.0082000,57.9758000,60.5774000,60.3638000,-37.4630000,-9.4450000,9.5810000,0.000000,0,0,0
32.020,-0.8637000,0.0843000,9.9328000,57.2433000,59.2651000,60.8215000,-37.1790000,-9.5270000,9.4120000,0.000000,0,0,0
32.030,-0.9510000,0.0915000,9.8646000,56.9077000,58.9676000,60.7300000,-37.6180000,-9.7510000,9.9890000,0.000000,0,0,0
32.040,-1.0276000,0.0867000,9.8191000,57.2510000,59.4864000,60.2264000,-37.7790000,-9.7690000,9.9430000,0.000000,0,0,0
32.050,-1.0551000,0.0760000,9.7988000,58.2809000,60.0433000,59.4864000,-37.9910000,-9.8380000,10.0180000,0.000000,0,0,0
32.060,-1.0372000,0.0520000,9.7880000,59.6771000,59.9289000,58.7692000,-38.1870000,-9.8630000,10.0740000,0.000000,0,0,0
32.070,-0.9905000,0.0126000,9.7868000,60.9512000,58.9676000,58.2733000,-37.7190000,-9.8950000,10.1340000,0.000000,0,0,0
32.080,-0.9307000,-0.0281000,9.7952000,61.6531000,57.5409000,58.0521000,-38.0370000,-9.9060000,10.0210000,0.000000,0,0,0
32.090,-0.8996000,-0.0544000,9.7964000,61.5540000,56.0989000,58.1131000,-38.0810000,-10.1220000,9.6580000,0.000000,0,0,0
32.100,-0.8972000,-0.0640000,9.7904000,60.7910000,54.6646000,58.3649000,-38.3120000,-10.2690000,9.8810000,0.000000,0,0,0
32.110,-0.9247000,-0.0676000,9.8000000,59.7992000,53.4821000,58.7006000,-38.3550000,-10.2830000,9.9950000,0.000000,0,0,0
32.120,-0.9726000,-0.0604000,9.8179000,59.0591000,52.7115000,58.9523000,-38.4220000,-10.2640000,9.9010000,0.000000,0,0,0
32.130,-1.0288000,-0.0449000,9.8311000,58.8150000,52.5818000,59.0668000,-38.6410000,-10.3330000,9.6490000,0.000000,0,0,0
32.140,-1.0779000,-0.0221000,9.8419000,59.0591000,53.3829000,58.9142000,-38.3790000,-9.9850000,9.7580000,0.000000,0,0,0
32.150,-1.0946000,-0.0066000,9.8383000,59.6085000,54.9622000,58.4335000,-38.5620000,-10.6060000,10.3080000,0.000000,0,0,0
32.160,-1.0659000,-0.0054000,9.8191000,60.1196000,56.7703000,57.8842000,-38.6990000,-10.4200000,9.8850000,0.000000,0,0,0
32.170,-1.0121000,-0.0197000,9.7892000,60.3485000,58.0063000,57.5180000,-38.6890000,-10.1010000,9.5440000,0.000000,0,0,0
32.180,-0.9558000,-0.0353000,9.7557000,60.2570000,58.3801000,57.3959000,-38.8560000,-10.5060000,9.7030000,0.000000,0,0,0
32.190,-0.9271000,-0.0580000,9.7175000,59.9136000,58.0215000,57.4417000,-38.7800000,-10.4300000,9.5350000,0.000000,0,0,0
32.200,-0.9391000,-0.0879000,9.6875000,59.5627000,57.3883000,57.6096000,-38.6620000,-10.3110000,9.8910000,0.000000,0,0,0
32.210,-0.9798000,-0.1119000,9.6672000,59.3338000,57.2891000,57.8461000,-38.8290000,-10.3850000,9.4220000,0.000000,0,0,0
32.220,-1.0324000,-0.1262000,9.6529000,59.3491000,57.9758000,58.0521000,-39.2200000,-10.3910000,9.6850000,0.000000,0,0,0
32.230,-1.0719000,-0.1358000,9.6541000,59.7153000,59.2041000,58.1894000,-38.6320000,-10.6190000,10.4050000,0.000000,0,0,0
32.240,-1.0922000,-0.1394000,9.6660000,60.3333000,60.7300000,58.3420000,-39.0600000,-10.5750000,10.0320000,0.000000,0,0,0
32.250,-1.0958000,-0.1358000,9.6875000,60.9436000,62.3474000,58.5709000,-38.8240000,-10.5680000,10.1820000,0.000000,0,0,0
32.260,-1.0850000,-0.1142000,9.7151000,61.3327000,63.8962000,58.8760000,-39.1140000,-10.5350000,9.5910000,0.000000,0,0,0
32.270,-1.0491000,-0.0772000,9.7354000,61.4777000,64.6439000,59.1278000,-39.2200000,-10.6490000,9.4230000,0.000000,0,0,0
32.280,-1.0013000,-0.0281000,9.7342000,61.4471000,64.3311000,59.2957000,-39.2860000,-10.9670000,9.5220000,0.000000,0,0,0
32.290,-0.9606000,0.0245000,9.6995000,61.2335000,63.1561000,59.3643000,-39.1860000,-11.0540000,9.6550000,0.000000,0,0,0
32.300,-0.9295000,0.0664000,9.6421000,60.9360000,61.6379000,59.3033000,-39.2150000,-11.0110000,9.8040000,0.000000,0,0,0
32.310,-0.9032000,0.1047000,9.5619000,60.5927000,60.2722000,59.1049000,-39.2520000,-10.7810000,9.2230000,0.000000,0,0,0
32.320,-0.8709000,0.1214000,9.5045000,60.2188000,59.6390000,58.8989000,-39.4590000,-11.0320000,8.8500000,0.000000,0,0,0
32.330,-0.8565000,0.1214000,9.4973000,59.8450000,60.1807000,58.8684000,-39.3060000,-11.1150000,9.9980000,0.000000,0,0,0
32.340,-0.8757000,0.0999000,9.5249000,59.4711000,60.9970000,58.7997000,-39.1620000,-10.9500000,9.7220000,0.000000,0,0,0
32.350,-0.8589000,0.0473000,9.5572000,58.7845000,60.9665000,58.5785000,-39.3360000,-11.0530000,9.7400000,0.000000,0,0,0
32.360,-0.8195000,0.0030000,9.5488000,58.0750000,60.1425000,58.7387000,-39.4460000,-10.7610000,8.9340000,0.000000,0,0,0
32.370,-0.8769000,-0.0891000,9.5583000,57.1060000,58.9828000,59.0210000,-39.4540000,-11.0870000,9.4470000,0.000000,0,0,0
32.380,-0.9463000,-0.1705000,9.5117000,55.7251000,58.4717000,59.0439000,-39.5080000,-11.3260000,8.9990000,0.000000,0,0,0
32.390,-0.9522000,-0.2123000,9.3969000,54.3594000,58.7158000,59.0439000,-39.2080000,-11.1820000,8.7700000,0.000000,0,0,0
32.400,-0.9690000,-0.2351000,9.2868000,53.5889000,59.3185000,58.9752000,-39.6010000,-11.5720000,9.0340000,0.000000,0,0,0
32.410,-0.9630000,-0.2339000,9.2306000,53.7567000,59.8068000,58.9371000,-39.2650000,-11.4780000,8.8460000,0.000000,0,0,0
32.420,-0.9295000,-0.1992000,9.2222000,54.9469000,59.9594000,59.0286000,-39.5880000,-11.3490000,9.4760000,0.000000,0,0,0
32.430,-0.8900000,-0.1621000,9.2509000,56.9229000,59.8526000,59.2728000,-39.2770000,-11.2310000,8.9710000,0.000000,0,0,0
32.440,-0.9140000,-0.1190000,9.2760000,59.1812000,59.6466000,59.5703000,-39.6020000,-11.3130000,9.2720000,0.000000,0,0,0
32.450,-1.0145000,-0.1178000,9.2976000,61.0428000,59.4940000,59.3719000,-39.1760000,-11.2880000,9.4260000,0.000000,0,0,0
32.460,-1.0384000,-0.1418000,9.3059000,62.0956000,59.8831000,59.3109000,-39.5260000,-11.3740000,9.8130000,0.000000,0,0,0
32.470,-1.0192000,-0.1573000,9.3047000,62.4313000,60.8673000,59.5551000,-39.4680000,-11.4740000,9.3690000,0.000000,0,0,0
32.480,-0.9953000,-0.1621000,9.3023000,62.3398000,62.3932000,59.8602000,-39.4880000,-11.6020000,9.0700000,0.000000,0,0,0
32.490,-0.9654000,-0.1561000,9.3011000,62.1109000,64.4150000,59.9518000,-39.4110000,-11.3230000,8.4310000,0.000000,0,0,0
32.500,-0.9319000,-0.1537000,9.3107000,62.1185000,66.1011000,59.7687000,-39.4940000,-11.4360000,8.2450000,0.000000,0,0,0
32.510,-0.8888000,-0.1657000,9.3251000,62.5076000,66.8411000,59.4254000,-39.4750000,-11.0930000,8.2770000,0.000000,0,0,0
32.520,-0.8553000,-0.1944000,9.3323000,63.0951000,66.6885000,59.2346000,-39.2400000,-11.2300000,8.8670000,0.000000,0,0,0
32.530,-0.8278000,-0.2183000,9.3490000,63.6520000,65.9256000,59.4025000,-39.3530000,-11.4870000,8.8830000,0.000000,0,0,0
32.540,-0.7800000,-0.2267000,9.3837000,64.1479000,64.5981000,59.8068000,-39.6260000,-11.9330000,8.9630000,0.000000,0,0,0
32.550,-0.7106000,-0.2339000,9.4160000,64.5981000,62.5763000,60.2646000,-39.5690000,-11.5170000,9.1100000,0.000000,0,0,0
32.560,-0.6340000,-0.2434000,9.4459000,64.9338000,59.9442000,60.7376000,-39.6870000,-11.4840000,9.0610000,0.000000,0,0,0
32.570,-0.5754000,-0.2518000,9.4674000,65.0024000,57.3196000,61.1343000,-39.8040000,-11.3590000,8.5390000,0.000000,0,0,0
32.580,-0.5623000,-0.2614000,9.4698000,64.7125000,55.3131000,61.3022000,-39.7080000,-11.7870000,9.6650000,0.000000,0,0,0
32.590,-0.6065000,-0.2841000,9.4567000,64.0564000,54.3289000,61.2106000,-39.6900000,-11.6320000,8.9550000,0.000000,0,0,0
32.600,-0.6831000,-0.3068000,9.4555000,63.2019000,54.5120000,60.9512000,-39.9820000,-11.4870000,8.9590000,0.000000,0,0,0
32.610,-0.7525000,-0.3272000,9.4710000,62.3779000,55.5191000,60.6537000,-39.5950000,-11.3340000,8.4290000,0.000000,0,0,0
32.620,-0.7896000,-0.3320000,9.4973000,61.7599000,56.6559000,60.5698000,-39.9500000,-11.7190000,8.5930000,0.000000,0,0,0
32.630,-0.7872000,-0.3272000,9.5045000,61.3098000,57.3502000,60.8597000,-39.8080000,-11.7570000,8.7270000,0.000000,0,0,0
32.640,-0.7716000,-0.3415000,9.4734000,61.0275000,57.3044000,61.5997000,-40.3080000,-11.7770000,8.4260000,0.000000,0,0,0
32.650,-0.7561000,-0.3284000,9.4411000,60.9894000,56.6101000,62.7213000,-39.7690000,-11.9040000,7.8530000,0.000000,0,0,0
32.660,-0.7525000,-0.2590000,9.4507000,61.3327000,56.0684000,63.6063000,-39.9820000,-11.7030000,8.8710000,0.000000,0,0,0
32.670,-0.7644000,-0.1585000,9.5069000,62.2101000,56.4117000,63.8046000,-39.7640000,-11.8570000,8.5240000,0.000000,0,0,0
32.680,-0.7584000,-0.0760000,9.5775000,63.5300000,57.4570000,63.2248000,-39.8720000,-11.5700000,8.2140000,0.000000,0,0,0
32.690,-0.7441000,-0.0401000,9.6349000,65.0024000,58.3801000,62.1643000,-39.7290000,-11.5710000,8.0220000,0.000000,0,0,0
32.700,-0.7321000,-0.0592000,9.6732000,66.2766000,58.7769000,61.0428000,-40.0070000,-11.8140000,8.5120000,0.000000,0,0,0
32.710,-0.7202000,-0.1071000,9.6768000,67.1234000,58.7463000,60.2493000,-39.8400000,-11.3510000,8.6630000,0.000000,0,0,0
32.720,-0.7214000,-0.1513000,9.6564000,67.4820000,58.8837000,59.9594000,-39.7760000,-11.4230000,8.9390000,0.000000,0,0,0
32.730,-0.7573000,-0.1884000,9.6600000,67.5507000,59.2804000,59.8831000,-40.0970000,-11.4730000,8.7860000,0.000000,0,0,0
32.740,-0.7919000,-0.2088000,9.7151000,67.5659000,59.8907000,59.9136000,-40.0180000,-11.6240000,8.4550000,0.000000,0,0,0
32.750,-0.7967000,-0.2040000,9.8275000,67.7795000,60.4782000,60.0891000,-40.0290000,-11.8360000,8.7910000,0.000000,0,0,0
32.760,-0.7704000,-0.1776000,9.9663000,68.1305000,60.7300000,60.3790000,-40.0170000,-11.7590000,8.9800000,0.000000,0,0,0
32.770,-0.7202000,-0.1382000,10.0943000,68.2602000,60.5621000,60.7376000,-39.9140000,-11.4970000,8.4430000,0.000000,0,0,0
32.780,-0.6651000,-0.1047000,10.1864000,67.8406000,60.1044000,61.0809000,-40.3340000,-11.8770000,8.2420000,0.000000,0,0,0
32.790,-0.6292000,-0.0927000,10.2139000,66.7114000,59.3948000,61.3251000,-39.7590000,-12.2120000,9.2110000,0.000000,0,0,0
32.800,-0.6077000,-0.1011000,10.1912000,65.0253000,58.4641000,61.5311000,-40.2650000,-11.8140000,9.2700000,0.000000,0,0,0
32.810,-0.6233000,-0.1011000,10.1374000,63.0493000,57.5790000,61.5692000,-40.1380000,-11.7730000,8.8300000,0.000000,0,0,0
32.820,-0.6699000,-0.0915000,10.0907000,61.0275000,57.1594000,61.3098000,-39.8980000,-11.8550000,8.5860000,0.000000,0,0,0
32.830,-0.7118000,-0.0628000,10.0716000,59.2270000,57.7850000,60.8444000,-39.7280000,-11.9720000,9.0580000,0.000000,0,0,0
32.840,-0.7238000,-0.0257000,10.0668000,57.8003000,59.2422000,60.2188000,-40.0000000,-11.9500000,9.1930000,0.000000,0,0,0
32.850,-0.6974000,0.0018000,10.0273000,56.7703000,60.7834000,59.6085000,-39.8330000,-11.9120000,8.1690000,0.000000,0,0,0
32.860,-0.6615000,0.0030000,9.9591000,56.1295000,61.6608000,59.2117000,-40.2540000,-11.8390000,8.7750000,0.000000,0,0,0
32.870,-0.6304000,-0.0293000,9.8921000,55.8853000,61.6150000,59.1965000,-39.9130000,-11.8190000,8.5340000,0.000000,0,0,0
32.880,-0.6041000,-0.0760000,9.8203000,56.1829000,60.7300000,59.5932000,-39.8330000,-12.0270000,8.7990000,0.000000,0,0,0
32.890,-0.5850000,-0.1238000,9.7474000,57.0602000,58.9905000,60.2646000,-39.7730000,-11.9090000,8.3350000,0.000000,0,0,0
32.900,-0.5646000,-0.1477000,9.6923000,58.4793000,57.0374000,61.0580000,-39.9820000,-12.0530000,8.4820000,0.000000,0,0,0
32.910,-0.5048000,-0.1238000,9.6457000,61.0962000,55.1987000,61.8591000,-40.2730000,-12.0880000,7.7600000,0.000000,0,0,0
32.920,-0.4534000,-0.1071000,9.6158000,62.7060000,54.6875000,61.8744000,-40.2170000,-11.9820000,8.3790000,0.000000,0,0,0
32.930,-0.3984000,-0.0963000,9.5859000,63.9954000,54.3671000,61.5845000,-39.9960000,-12.0890000,8.2040000,0.000000,0,0,0
32.940,-0.3577000,-0.1023000,9.5524000,64.8804000,54.1687000,61.0886000,-40.1000000,-12.2230000,8.5490000,0.000000,0,0,0
32.950,-0.3433000,-0.1334000,9.5165000,65.4678000,53.8864000,60.5164000,-39.6650000,-11.9520000,8.9080000,0.000000,0,0,0
32.960,-0.3481000,-0.1729000,9.4854000,66.0553000,53.3295000,60.0510000,-40.1950000,-11.8520000,8.7830000,0.000000,0,0,0
32.970,-0.3541000,-0.2004000,9.4674000,66.6809000,52.4979000,59.8145000,-39.9970000,-11.7900000,8.4970000,0.000000,0,0,0
32.980,-0.3565000,-0.2111000,9.4650000,67.1463000,51.5518000,59.9213000,-40.5630000,-12.2860000,8.3390000,0.000000,0,0,0
32.990,-0.3553000,-0.2135000,9.4626000,67.2455000,50.5447000,60.4706000,-40.4010000,-12.0720000,8.7230000,0.000000,0,0,0
33.000,-0.3529000,-0.2159000,9.4638000,66.8488000,49.6902000,61.4624000,-40.4010000,-11.9150000,8.6840000,0.000000,0,0,0
33.010,-0.3637000,-0.2147000,9.4447000,65.8646000,49.4003000,62.7289000,-40.5340000,-11.9490000,7.7930000,0.000000,0,0,0
33.020,-0.3936000,-0.2195000,9.3980000,64.3311000,49.9954000,63.9343000,-40.4270000,-12.0280000,8.0430000,0.000000,0,0,0
33.030,-0.4211000,-0.2279000,9.3442000,62.6755000,51.3306000,64.8270000,-40.5380000,-12.3040000,7.8750000,0.000000,0,0,0
33.040,-0.4211000,-0.2183000,9.2928000,61.2640000,52.9556000,65.1855000,-40.3260000,-12.4720000,7.7280000,0.000000,0,0,0
33.050,-0.4008000,-0.2183000,9.2593000,60.3104000,54.3442000,65.2313000,-40.5630000,-12.1060000,7.4760000,0.000000,0,0,0
33.060,-0.3708000,-0.2339000,9.2665000,60.0967000,55.2673000,65.2695000,-40.3290000,-12.2450000,8.4150000,0.000000,0,0,0
33.070,-0.3254000,-0.2411000,9.3071000,60.6537000,55.9082000,65.4068000,-40.3720000,-12.2740000,8.7720000,0.000000,0,0,0
33.080,-0.2560000,-0.2315000,9.3406000,61.5540000,56.3431000,65.6509000,-40.5480000,-12.2010000,8.1660000,0.000000,0,0,0
33.090,-0.1782000,-0.1908000,9.3657000,62.2711000,56.5720000,66.0248000,-40.2700000,-12.3360000,8.4740000,0.000000,0,0,0
33.100,-0.1029000,-0.1166000,9.3945000,62.5992000,56.8848000,66.3300000,-40.5130000,-12.4370000,7.9330000,0.000000,0,0,0
33.110,-0.0538000,-0.0389000,9.4363000,62.6450000,57.5562000,66.1697000,-40.4960000,-12.2540000,7.5730000,0.000000,0,0,0
33.120,-0.0574000,0.0054000,9.4626000,62.7747000,58.0673000,65.2847000,-40.5840000,-12.2500000,8.0190000,0.000000,0,0,0
33.130,-0.0885000,-0.0102000,9.4818000,63.4689000,58.0444000,64.0488000,-40.4510000,-12.1230000,7.8900000,0.000000,0,0,0
33.140,-0.1172000,-0.0508000,9.4961000,64.8880000,57.4036000,62.9730000,-40.5470000,-12.1260000,7.2380000,0.000000,0,0,0
33.150,-0.1244000,-0.0915000,9.5009000,66.7572000,56.1752000,62.3093000,-40.5610000,-12.1390000,8.0410000,0.000000,0,0,0
33.160,-0.1220000,-0.1214000,9.5141000,68.6798000,54.5425000,62.1414000,-40.4980000,-12.1410000,8.2110000,0.000000,0,0,0
33.170,-0.1328000,-0.1525000,9.5476000,70.2362000,52.9556000,62.4466000,-40.6200000,-11.9480000,7.6350000,0.000000,0,0,0
33.180,-0.1304000,-0.1477000,9.5548000,71.1899000,52.0706000,63.0341000,-40.5240000,-12.2550000,7.1520000,0.000000,0,0,0
33.190,-0.1053000,-0.1322000,9.5332000,71.3348000,52.1011000,63.6063000,-40.5660000,-12.1230000,7.3490000,0.000000,0,0,0
33.200,-0.0873000,-0.1166000,9.5033000,70.6635000,52.8107000,64.2700000,-40.7020000,-12.0960000,7.7550000,0.000000,0,0,0
33.210,-0.1148000,-0.1035000,9.4902000,69.5572000,54.0085000,64.9796000,-40.4820000,-12.2190000,7.8650000,0.000000,0,0,0
33.220,-0.1830000,-0.0520000,9.5093000,68.6569000,55.6259000,65.2313000,-40.8600000,-12.1840000,7.3230000,0.000000,0,0,0
33.230,-0.2488000,0.0185000,9.5380000,68.3746000,57.6630000,64.5370000,-40.6520000,-11.7440000,7.8600000,0.000000,0,0,0
33.240,-0.2632000,0.0604000,9.5512000,68.6722000,59.5169000,63.0798000,-40.7340000,-12.2860000,8.1140000,0.000000,0,0,0
33.250,-0.2034000,0.0736000,9.5524000,69.0002000,60.4858000,61.5921000,-40.4950000,-12.1610000,8.0910000,0.000000,0,0,0
33.260,-0.0861000,0.0712000,9.5416000,68.7103000,60.2875000,60.6384000,-40.6510000,-12.1370000,7.8610000,0.000000,0,0,0
33.270,0.0359000,0.0592000,9.5213000,67.4057000,59.2194000,60.4630000,-40.6400000,-12.1480000,7.6170000,0.000000,0,0,0
33.280,0.1268000,0.0520000,9.5057000,65.1474000,58.3572000,61.0199000,-40.9290000,-12.4230000,7.1860000,0.000000,0,0,0
33.290,0.1388000,0.0568000,9.4806000,62.2482000,58.8684000,61.8744000,-40.4700000,-12.3950000,7.4220000,0.000000,0,0,0
33.300,0.0849000,0.0556000,9.4459000,59.3567000,60.5316000,62.6602000,-40.8740000,-12.2600000,7.6430000,0.000000,0,0,0
33.310,0.0060000,0.0628000,9.4220000,57.2281000,62.6221000,63.0798000,-40.8470000,-12.3560000,7.3030000,0.000000,0,0,0
33.320,-0.0766000,0.0736000,9.4124000,56.2515000,64.7278000,62.9272000,-40.5620000,-12.3430000,7.6630000,0.000000,0,0,0
33.330,-0.1208000,0.0664000,9.3861000,56.3354000,66.3452000,62.3322000,-40.6970000,-12.3700000,8.0380000,0.000000,0,0,0
33.340,-0.1208000,0.0580000,9.3155000,57.0984000,67.4057000,61.7371000,-40.8340000,-12.7090000,8.0820000,0.000000,0,0,0
33.350,-0.0861000,0.0437000,9.2246000,58.0063000,67.5735000,61.3174000,-40.8910000,-12.4440000,7.9010000,0.000000,0,0,0
33.360,-0.0431000,0.0245000,9.1564000,58.7769000,66.9632000,61.1038000,-40.6780000,-12.4740000,8.3180000,0.000000,0,0,0
33.370,0.0024000,0.0042000,9.1265000,59.3109000,65.9103000,61.0580000,-40.2140000,-12.2520000,7.6030000,0.000000,0,0,0
33.380,0.0299000,-0.0161000,9.1121000,59.6542000,64.8956000,61.0199000,-40.5210000,-12.2440000,7.4620000,0.000000,0,0,0
33.390,0.0419000,-0.0413000,9.1145000,59.9060000,63.9191000,60.9665000,-40.6040000,-12.6650000,7.2840000,0.000000,0,0,0
33.400,0.0287000,-0.0748000,9.1277000,60.1349000,62.8967000,60.8902000,-40.4070000,-12.3660000,7.6160000,0.000000,0,0,0
33.410,0.0000000,-0.1166000,9.1480000,60.3790000,61.9812000,60.8521000,-40.8120000,-12.5800000,6.6820000,0.000000,0,0,0
33.420,-0.0287000,-0.1465000,9.1719000,60.5850000,60.9436000,60.9741000,-40.6390000,-12.5420000,7.2130000,0.000000,0,0,0
33.430,-0.0335000,-0.1489000,9.2114000,60.7071000,59.7534000,61.2259000,-40.6850000,-12.6950000,7.2840000,0.000000,0,0,0
33.440,-0.0156000,-0.1346000,9.2665000,60.6995000,58.4946000,61.6074000,-40.7900000,-12.6730000,6.9710000,0.000000,0,0,0
33.450,0.0084000,-0.1238000,9.3311000,60.7376000,57.1289000,62.1414000,-40.6560000,-12.8250000,6.9020000,0.000000,0,0,0
33.460,0.0275000,-0.1083000,9.4064000,61.0046000,55.7175000,62.8433000,-40.9910000,-12.8740000,7.1280000,0.000000,0,0,0
33.470,0.0407000,-0.0855000,9.4830000,61.4700000,54.5807000,63.6292000,-40.6870000,-12.9560000,7.3390000,0.000000,0,0,0
33.480,0.0311000,-0.0461000,9.5631000,62.6221000,54.1229000,64.3082000,-40.7290000,-12.5030000,7.1020000,0.000000,0,0,0
33.490,0.0275000,-0.0030000,9.6289000,63.8504000,55.3055000,63.6368000,-40.4760000,-12.7230000,7.3140000,0.000000,0,0,0
33.500,0.0586000,0.0449000,9.6708000,65.2771000,57.9605000,61.6989000,-40.4850000,-12.4030000,7.7060000,0.000000,0,0,0
33.510,0.1448000,0.0724000,9.6624000,66.3376000,61.2564000,58.9523000,-40.5060000,-12.8330000,7.7460000,0.000000,0,0,0
33.520,0.2620000,0.0640000,9.6146000,66.6428000,64.1098000,56.2057000,-40.7590000,-12.8340000,7.2430000,0.000000,0,0,0
33.530,0.3637000,0.0161000,9.5368000,66.3223000,65.6357000,54.2374000,-40.6240000,-12.6640000,7.5350000,0.000000,0,0,0
33.540,0.4223000,-0.0389000,9.4423000,65.8035000,65.3839000,53.5126000,-40.6630000,-12.6520000,7.2650000,0.000000,0,0,0
33.550,0.4319000,-0.1023000,9.3526000,65.4221000,63.6902000,53.9856000,-40.7670000,-12.6490000,7.8120000,0.000000,0,0,0
33.560,0.3828000,-0.1705000,9.2712000,65.4755000,61.4853000,55.3970000,-40.7940000,-12.8280000,7.8270000,0.000000,0,0,0
33.570,0.2728000,-0.2303000,9.2066000,66.1850000,59.6237000,57.3120000,-40.6290000,-12.5170000,6.9860000,0.000000,0,0,0
33.580,0.1543000,-0.2530000,9.1923000,67.7643000,58.8760000,59.2194000,-40.8000000,-12.5890000,7.0410000,0.000000,0,0,0
33.590,0.0670000,-0.2279000,9.2174000,70.0226000,59.3262000,60.7605000,-40.7270000,-12.4080000,7.6700000,0.000000,0,0,0
33.600,0.0419000,-0.1860000,9.2832000,72.6089000,60.3485000,61.8668000,-40.8360000,-12.1950000,7.2850000,0.000000,0,0,0
33.610,0.0682000,-0.1406000,9.3358000,75.0961000,60.8521000,62.6297000,-40.7330000,-12.0330000,7.1000000,0.000000,0,0,0
33.620,0.0993000,-0.1107000,9.3765000,77.0111000,60.3104000,63.2019000,-40.6730000,-12.2610000,7.2830000,0.000000,0,0,0
33.630,0.0706000,-0.0819000,9.3992000,78.0563000,59.1888000,63.7894000,-40.6990000,-12.2650000,7.6830000,0.000000,0,0,0
33.640,0.0000000,-0.0329000,9.3921000,77.8656000,58.0826000,64.3539000,-41.0150000,-12.3310000,8.2840000,0.000000,0,0,0
33.650,-0.0778000,0.0269000,9.3992000,76.4084000,58.1207000,64.7736000,-40.6820000,-12.1900000,6.8760000,0.000000,0,0,0
33.660,-0.1340000,0.1071000,9.4399000,74.1272000,60.1807000,64.8270000,-40.8710000,-12.2860000,7.4220000,0.000000,0,0,0
33.670,-0.1591000,0.1800000,9.5021000,71.6858000,63.8733000,64.3921000,-40.8600000,-12.2250000,7.4450000,0.000000,0,0,0
33.680,-0.1591000,0.2219000,9.6002000,69.7250000,67.5583000,63.7207000,-40.7660000,-12.3900000,7.8610000,0.000000,0,0,0
33.690,-0.1471000,0.2315000,9.7330000,68.6340000,69.7784000,63.3011000,-40.6000000,-12.2440000,7.6270000,0.000000,0,0,0
33.700,-0.1089000,0.2195000,9.8849000,68.2602000,69.9310000,63.4155000,-40.3610000,-11.9970000,8.3400000,0.000000,0,0,0
33.710,-0.0754000,0.2303000,10.0141000,68.0542000,69.1147000,64.1861000,-40.6470000,-12.2120000,8.0430000,0.000000,0,0,0
33.720,-0.1005000,0.2434000,10.0572000,67.5507000,66.8030000,64.7354000,-40.7040000,-12.1610000,7.5720000,0.000000,0,0,0
33.730,-0.1316000,0.2602000,10.0668000,66.8182000,64.0030000,64.7278000,-40.7000000,-12.2580000,7.5530000,0.000000,0,0,0
33.740,-0.1412000,0.2985000,10.0560000,65.9027000,62.3398000,64.2624000,-40.8730000,-12.3890000,7.4690000,0.000000,0,0,0
33.750,-0.1364000,0.3391000,10.0309000,64.6057000,62.6907000,63.6292000,-40.5340000,-12.2560000,7.9160000,0.000000,0,0,0
33.760,-0.1400000,0.3714000,9.9878000,62.9272000,64.0259000,63.0112000,-40.5470000,-12.2340000,7.8520000,0.000000,0,0,0
33.770,-0.1531000,0.3679000,9.9172000,60.9436000,65.7043000,62.5381000,-40.6200000,-12.1350000,6.9730000,0.000000,0,0,0
33.780,-0.2189000,0.3045000,9.8167000,59.0439000,66.4368000,62.2787000,-40.8180000,-12.2530000,7.7880000,0.000000,0,0,0
33.790,-0.2584000,0.2422000,9.7019000,57.5104000,66.4597000,62.1719000,-40.8410000,-12.3290000,7.3490000,0.000000,0,0,0
33.800,-0.2428000,0.2052000,9.5895000,56.5567000,65.8417000,62.1262000,-40.9110000,-12.1190000,7.5150000,0.000000,0,0,0
33.810,-0.1950000,0.1800000,9.5117000,56.3660000,64.7202000,61.9354000,-40.9050000,-12.0550000,7.5320000,0.000000,0,0,0
33.820,-0.1340000,0.1597000,9.4615000,56.9763000,62.9959000,61.5616000,-40.4740000,-12.2250000,7.1660000,0.000000,0,0,0
33.830,-0.0790000,0.1561000,9.4399000,58.0826000,60.8215000,61.1115000,-40.6300000,-12.1380000,7.3990000,0.000000,0,0,0
33.840,-0.0407000,0.1609000,9.4315000,59.1812000,58.6166000,60.6842000,-40.5960000,-12.2540000,6.9000000,0.000000,0,0,0
33.850,-0.0167000,0.1645000,9.4399000,59.9289000,56.9229000,60.5392000,-40.5320000,-11.9680000,6.8340000,0.000000,0,0,0
33.860,-0.0012000,0.1453000,9.4638000,60.3104000,55.9692000,60.9131000,-41.0310000,-12.3030000,6.6230000,0.000000,0,0,0
33.870,0.0024000,0.1310000,9.5260000,60.4401000,55.0537000,61.5692000,-40.8470000,-12.3040000,7.7250000,0.000000,0,0,0
33.880,0.0060000,0.1430000,9.6158000,60.4553000,54.3365000,62.0422000,-40.8100000,-12.6280000,7.2020000,0.000000,0,0,0
33.890,0.0024000,0.1741000,9.6971000,60.3104000,54.0771000,62.1414000,-40.9880000,-12.4610000,6.5350000,0.000000,0,0,0
33.900,-0.0012000,0.2183000,9.7605000,60.0357000,54.3213000,61.8744000,-40.9970000,-12.5280000,6.8000000,0.000000,0,0,0
33.910,-0.0084000,0.2291000,9.7928000,59.7305000,54.9927000,61.2411000,-40.7800000,-12.3890000,6.7480000,0.000000,0,0,0
33.920,-0.0311000,0.1753000,9.7749000,59.5856000,55.6717000,60.6766000,-41.1270000,-12.5570000,6.9020000,0.000000,0,0,0
33.930,-0.0610000,0.0999000,9.7187000,59.5398000,56.1218000,60.5545000,-40.7900000,-12.9530000,6.7540000,0.000000,0,0,0
33.940,-0.0694000,0.0413000,9.6720000,59.5016000,56.5491000,60.9436000,-40.7820000,-12.2040000,6.6330000,0.000000,0,0,0
33.950,-0.0610000,0.0161000,9.6457000,59.4940000,57.2052000,61.5692000,-41.0260000,-12.5000000,6.9890000,0.000000,0,0,0
33.960,-0.0431000,0.0066000,9.6361000,59.6619000,57.8766000,62.1948000,-40.9820000,-12.4690000,7.4940000,0.000000,0,0,0
33.970,-0.0156000,0.0042000,9.6349000,60.1044000,58.2733000,62.7365000,-40.5470000,-12.7580000,7.1910000,0.000000,0,0,0
33.980,0.0191000,0.0078000,9.6122000,60.8292000,57.9834000,63.2401000,-40.5240000,-12.5340000,7.2140000,0.000000,0,0,0
33.990,0.0646000,0.0161000,9.5679000,61.7371000,56.9000000,63.7360000,-40.8410000,-12.8590000,7.4580000,0.000000,0,0,0
34.000,0.1089000,0.0221000,9.4997000,62.7136000,55.3055000,64.2090000,-41.1980000,-12.5790000,7.1040000,0.000000,0,0,0
34.010,0.1579000,0.0341000,9.4220000,63.8046000,53.4897000,64.6439000,-40.8880000,-12.4040000,6.6980000,0.000000,0,0,0
34.020,0.2141000,0.0676000,9.3610000,64.9948000,52.1698000,64.9948000,-40.9530000,-12.7060000,7.0130000,0.000000,0,0,0
34.030,0.2476000,0.1059000,9.3215000,66.1011000,51.7731000,65.2008000,-41.0760000,-12.5210000,6.7520000,0.000000,0,0,0
34.040,0.2261000,0.1418000,9.3083000,67.1005000,52.3834000,65.3152000,-41.0840000,-12.2990000,6.7550000,0.000000,0,0,0
34.050,0.1699000,0.1477000,9.3035000,68.0542000,53.7033000,65.3152000,-41.0160000,-12.6840000,6.2040000,0.000000,0,0,0
34.060,0.1065000,0.1059000,9.2916000,69.0613000,55.0308000,65.2542000,-40.7280000,-12.4660000,6.9220000,0.000000,0,0,0
34.070,0.0586000,0.0377000,9.2461000,70.2972000,56.1447000,65.1779000,-40.7640000,-12.5380000,6.9580000,0.000000,0,0,0
34.080,0.0526000,0.0126000,9.2234000,70.6329000,56.6254000,65.1703000,-40.7450000,-12.5990000,6.9470000,0.000000,0,0,0
34.090,0.0742000,0.0138000,9.2497000,70.5795000,57.5333000,65.0482000,-40.7220000,-12.3310000,6.9480000,0.000000,0,0,0
34.100,0.1208000,0.0281000,9.3239000,70.2515000,59.0744000,64.6744000,-40.8750000,-12.7510000,7.1250000,0.000000,0,0,0
34.110,0.1735000,0.0377000,9.4292000,69.7708000,60.9436000,64.0640000,-40.9880000,-12.5040000,6.7290000,0.000000,0,0,0
34.120,0.2129000,0.0413000,9.5344000,69.1757000,62.5305000,63.4537000,-41.0420000,-12.6600000,6.5590000,0.000000,0,0,0
34.130,0.2309000,0.0425000,9.6074000,68.4509000,63.3163000,62.9959000,-40.7470000,-12.8030000,6.2770000,0.000000,0,0,0
34.140,0.2405000,0.0293000,9.6349000,67.5888000,63.1409000,62.8281000,-40.8200000,-12.6590000,6.4180000,0.000000,0,0,0
34.150,0.2644000,0.0185000,9.6301000,66.5283000,62.3093000,62.8967000,-40.7880000,-12.5640000,6.4330000,0.000000,0,0,0
34.160,0.3086000,0.0245000,9.6289000,65.3076000,61.4700000,62.9425000,-41.2130000,-12.4720000,6.1290000,0.000000,0,0,0
34.170,0.3457000,0.0317000,9.6361000,63.9954000,60.9741000,62.8510000,-40.6040000,-12.4210000,6.6260000,0.000000,0,0,0
34.180,0.3673000,0.0449000,9.6768000,62.8967000,60.6766000,62.7365000,-40.7200000,-12.3790000,6.2760000,0.000000,0,0,0
34.190,0.3744000,0.0772000,9.7629000,62.2406000,60.6537000,62.6602000,-40.8150000,-12.4760000,6.9980000,0.000000,0,0,0
34.200,0.3780000,0.1166000,9.8634000,62.0499000,60.7758000,62.6526000,-41.0120000,-12.5790000,6.6010000,0.000000,0,0,0
34.210,0.3864000,0.1561000,9.9519000,62.1796000,60.7224000,62.7594000,-41.2720000,-12.4810000,6.3830000,0.000000,0,0,0
34.220,0.3996000,0.1956000,10.0022000,62.3627000,60.3638000,62.9883000,-40.7260000,-12.6010000,6.3830000,0.000000,0,0,0
34.230,0.3936000,0.2351000,10.0034000,62.4390000,59.5322000,63.3240000,-40.8570000,-12.7180000,6.1640000,0.000000,0,0,0
34.240,0.3960000,0.2817000,9.9711000,62.3169000,58.6548000,63.6597000,-40.6700000,-12.6100000,6.7950000,0.000000,0,0,0
34.250,0.4008000,0.3212000,9.9113000,61.9507000,58.6548000,63.6978000,-40.5130000,-12.5600000,6.3450000,0.000000,0,0,0
34.260,0.4115000,0.3260000,9.8502000,61.5234000,59.8679000,63.3545000,-41.0410000,-12.5650000,5.9520000,0.000000,0,0,0
34.270,0.4259000,0.3009000,9.8000000,61.1877000,61.8973000,62.8204000,-40.5420000,-12.6250000,6.1530000,0.000000,0,0,0
34.280,0.4235000,0.2638000,9.7569000,61.0199000,63.8580000,62.3474000,-40.8260000,-12.8310000,6.6450000,0.000000,0,0,0
34.290,0.3960000,0.2327000,9.7127000,61.0275000,64.8651000,62.0575000,-40.9500000,-12.8610000,6.1850000,0.000000,0,0,0
34.300,0.3481000,0.2159000,9.6636000,61.1725000,64.5905000,61.9812000,-40.8760000,-13.0030000,6.1250000,0.000000,0,0,0
34.310,0.3063000,0.2016000,9.6086000,61.4471000,63.3469000,62.0270000,-40.8340000,-12.6310000,6.6640000,0.000000,0,0,0
34.320,0.2883000,0.1896000,9.5787000,61.9202000,61.5845000,62.2025000,-40.6900000,-12.6800000,6.0620000,0.000000,0,0,0
34.330,0.3027000,0.1812000,9.5930000,62.5534000,59.9518000,62.5534000,-41.0160000,-12.6630000,5.3820000,0.000000,0,0,0
34.340,0.3158000,0.1597000,9.6325000,63.2935000,58.5632000,63.1409000,-41.1150000,-12.4900000,5.9810000,0.000000,0,0,0
34.350,0.3170000,0.1788000,9.6959000,64.0259000,57.3044000,64.0259000,-40.9580000,-12.6260000,5.9700000,0.000000,0,0,0
34.360,0.3098000,0.2494000,9.7761000,64.5676000,56.6025000,64.8117000,-40.8610000,-12.5570000,5.7350000,0.000000,0,0,0
34.370,0.2919000,0.3092000,9.8132000,64.7049000,56.7169000,65.1550000,-41.0000000,-12.2080000,5.8030000,0.000000,0,0,0
34.380,0.2835000,0.3439000,9.7928000,64.3005000,57.2281000,65.1398000,-40.9010000,-12.9000000,6.4230000,0.000000,0,0,0
34.390,0.3051000,0.3619000,9.7462000,63.3698000,57.9681000,64.7964000,-40.8810000,-12.6260000,6.2700000,0.000000,0,0,0
34.400,0.3529000,0.3571000,9.6911000,61.9888000,59.0286000,64.1861000,-40.8510000,-12.9140000,6.4130000,0.000000,0,0,0
34.410,0.3936000,0.3344000,9.6289000,60.2570000,60.3485000,63.4918000,-40.9610000,-12.6500000,6.4540000,0.000000,0,0,0
34.420,0.3972000,0.2997000,9.5476000,58.3572000,61.7981000,62.8052000,-41.0690000,-12.5940000,6.4960000,0.000000,0,0,0
34.430,0.3673000,0.2590000,9.4483000,56.6025000,62.6373000,62.0117000,-40.9960000,-12.7210000,6.4470000,0.000000,0,0,0
34.440,0.3433000,0.2111000,9.3598000,55.6793000,63.1180000,61.2488000,-40.6810000,-12.7350000,6.7740000,0.000000,0,0,0
34.450,0.3613000,0.1860000,9.2976000,55.6641000,63.1714000,60.6613000,-40.6510000,-12.7770000,6.1120000,0.000000,0,0,0
34.460,0.4151000,0.1848000,9.2712000,56.1676000,62.0880000,60.2493000,-40.7940000,-13.0790000,5.7010000,0.000000,0,0,0
34.470,0.4761000,0.2004000,9.2964000,56.8314000,59.6924000,59.8755000,-41.0590000,-12.5050000,5.9780000,0.000000,0,0,0
34.480,0.5300000,0.2111000,9.3442000,57.6172000,57.2128000,59.7229000,-40.7300000,-12.7840000,6.3460000,0.000000,0,0,0
34.490,0.5467000,0.2399000,9.3562000,58.2733000,55.0690000,59.8297000,-40.8720000,-12.9480000,5.7510000,0.000000,0,0,0
34.500,0.5204000,0.2614000,9.3550000,58.7311000,53.3142000,59.9976000,-40.9740000,-12.8930000,5.7090000,0.000000,0,0,0
34.510,0.4319000,0.2757000,9.3586000,59.2880000,51.7731000,60.3256000,-40.9240000,-12.8430000,5.3140000,0.000000,0,0,0
34.520,0.2871000,0.2722000,9.4088000,60.2722000,50.3540000,61.0657000,-40.8730000,-12.8060000,5.5540000,0.000000,0,0,0
34.530,0.1651000,0.2769000,9.5165000,61.7218000,49.4843000,62.1643000,-41.0030000,-12.9080000,4.9790000,0.000000,0,0,0
34.540,0.1388000,0.2578000,9.6541000,63.2477000,49.8810000,63.1561000,-41.0520000,-13.0800000,5.1900000,0.000000,0,0,0
34.550,0.2237000,0.2064000,9.7342000,64.3463000,51.6815000,63.6520000,-40.9600000,-12.9300000,5.1050000,0.000000,0,0,0
34.560,0.3649000,0.1322000,9.7486000,64.4684000,54.2145000,63.6902000,-41.2820000,-12.8280000,5.2620000,0.000000,0,0,0
34.570,0.5168000,0.0520000,9.7450000,63.5757000,56.5720000,63.5071000,-40.9150000,-13.0270000,4.8890000,0.000000,0,0,0
34.580,0.6639000,0.0006000,9.7175000,62.1643000,57.8690000,63.1027000,-41.0790000,-13.1060000,4.9900000,0.000000,0,0,0
34.590,0.7955000,-0.0245000,9.6792000,60.8215000,57.8842000,62.4619000,-40.9060000,-13.0050000,5.2900000,0.000000,0,0,0
34.600,0.8948000,-0.0269000,9.6229000,59.7687000,57.1289000,61.7065000,-41.1360000,-13.0560000,4.7890000,0.000000,0,0,0
34.610,0.9379000,-0.0185000,9.5512000,58.8150000,56.2820000,61.1954000,-40.8320000,-12.7150000,4.7590000,0.000000,0,0,0
34.620,0.9044000,-0.0341000,9.4662000,57.7545000,55.8167000,61.0886000,-41.0120000,-12.6510000,4.9620000,0.000000,0,0,0
34.630,0.8314000,-0.0855000,9.3825000,56.9458000,55.9998000,61.2946000,-40.9380000,-12.8790000,4.7880000,0.000000,0,0,0
34.640,0.7824000,-0.1597000,9.2940000,57.3349000,56.6864000,61.8362000,-40.9930000,-13.1200000,4.8640000,0.000000,0,0,0
34.650,0.8051000,-0.1836000,9.2712000,58.5327000,56.7856000,62.1872000,-40.7750000,-12.8370000,4.7530000,0.000000,0,0,0
34.660,0.8458000,-0.1788000,9.2856000,60.0967000,56.4270000,62.4619000,-41.3210000,-13.3200000,4.7520000,0.000000,0,0,0
34.670,0.8841000,-0.1501000,9.3263000,61.7065000,55.4962000,62.5381000,-41.3130000,-13.0540000,4.9080000,0.000000,0,0,0
34.680,0.9020000,-0.1083000,9.3980000,63.1027000,54.0085000,62.4390000,-41.0400000,-13.0450000,4.6610000,0.000000,0,0,0
34.690,0.9068000,-0.0508000,9.4686000,63.9648000,52.6657000,62.3016000,-41.2170000,-13.2670000,5.0690000,0.000000,0,0,0
34.700,0.8936000,0.0042000,9.5153000,63.9572000,52.1851000,62.2253000,-41.2540000,-13.1170000,4.7740000,0.000000,0,0,0
34.710,0.8661000,0.0461000,9.5512000,62.9501000,53.1387000,62.2482000,-41.1240000,-12.7570000,4.6720000,0.000000,0,0,0
34.720,0.8123000,0.0317000,9.5631000,61.3098000,55.3436000,62.2787000,-41.2180000,-13.1020000,4.8560000,0.000000,0,0,0
34.730,0.7477000,-0.0269000,9.5189000,59.8679000,57.6324000,62.1567000,-41.3230000,-12.9280000,4.5620000,0.000000,0,0,0
34.740,0.6903000,-0.1023000,9.4327000,59.3414000,59.2651000,61.9659000,-41.0480000,-12.9180000,4.7290000,0.000000,0,0,0
34.750,0.6508000,-0.1621000,9.3287000,59.8221000,60.1044000,61.7752000,-41.0550000,-13.0110000,5.1460000,0.000000,0,0,0
34.760,0.6388000,-0.1908000,9.2521000,60.9589000,60.2570000,61.6302000,-41.1920000,-13.3640000,4.8980000,0.000000,0,0,0
34.770,0.6556000,-0.1573000,9.2425000,62.2787000,60.0357000,61.5540000,-41.5430000,-12.9410000,5.0980000,0.000000,0,0,0
34.780,0.6735000,-0.0819000,9.2952000,63.4613000,59.8068000,61.5158000,-41.3930000,-13.2280000,4.9590000,0.000000,0,0,0
34.790,0.6723000,0.0018000,9.3789000,64.5370000,59.6848000,61.6608000,-41.1800000,-13.4390000,4.4110000,0.000000,0,0,0
34.800,0.6508000,0.0831000,9.4411000,65.7883000,59.4788000,62.1490000,-41.2720000,-13.4150000,4.6380000,0.000000,0,0,0
34.810,0.6257000,0.1394000,9.4459000,67.3218000,59.1583000,63.0264000,-41.2100000,-13.3170000,4.9400000,0.000000,0,0,0
34.820,0.6209000,0.1669000,9.3717000,69.1681000,59.0744000,64.0869000,-41.2750000,-13.2250000,4.4050000,0.000000,0,0,0
34.830,0.6532000,0.1621000,9.2461000,71.1517000,59.4940000,64.9261000,-41.2190000,-13.1540000,4.6180000,0.000000,0,0,0
34.840,0.6974000,0.1202000,9.1121000,73.1201000,60.6003000,65.2924000,-41.3070000,-13.3930000,4.9690000,0.000000,0,0,0
34.850,0.7477000,0.0604000,9.0140000,74.8367000,61.7981000,65.1855000,-41.0350000,-13.1490000,4.7550000,0.000000,0,0,0
34.860,0.8135000,0.0353000,8.9829000,75.9735000,62.6297000,64.6896000,-41.1870000,-13.0210000,4.7260000,0.000000,0,0,0
34.870,0.8793000,0.0449000,9.0200000,76.3321000,62.6450000,63.8046000,-40.9910000,-13.0030000,4.5730000,0.000000,0,0,0
34.880,0.9223000,0.0592000,9.1289000,75.8286000,62.0956000,62.8586000,-41.4470000,-12.9660000,4.3870000,0.000000,0,0,0
34.890,0.9295000,0.0748000,9.2605000,74.6231000,61.3403000,62.1567000,-41.4060000,-12.7960000,4.9120000,0.000000,0,0,0
34.900,0.9008000,0.0891000,9.3681000,73.0667000,60.6155000,61.8820000,-41.5410000,-12.7960000,5.0540000,0.000000,0,0,0
34.910,0.8482000,0.1035000,9.4303000,71.6400000,59.9899000,62.1109000,-41.3280000,-13.1050000,4.8290000,0.000000,0,0,0
34.920,0.8183000,0.1310000,9.4698000,70.6253000,59.6695000,62.6602000,-41.4220000,-13.5090000,5.2070000,0.000000,0,0,0
34.930,0.8338000,0.1753000,9.4985000,70.0378000,59.6466000,63.1866000,-41.3700000,-13.0760000,4.9030000,0.000000,0,0,0
34.940,0.9080000,0.2243000,9.5440000,69.7021000,59.8297000,63.4537000,-41.2990000,-13.1490000,5.2430000,0.000000,0,0,0
34.950,1.0288000,0.2781000,9.5990000,69.2368000,60.3943000,63.3926000,-41.2330000,-12.9310000,5.4830000,0.000000,0,0,0
34.960,1.1460000,0.3188000,9.6457000,68.1152000,60.9665000,62.9501000,-41.1420000,-13.2270000,5.2370000,0.000000,0,0,0
34.970,1.2154000,0.3248000,9.6648000,66.3834000,61.3556000,62.2864000,-41.5000000,-12.8610000,5.0390000,0.000000,0,0,0
34.980,1.2083000,0.3057000,9.6385000,64.3463000,61.5997000,61.7752000,-41.4920000,-13.2060000,4.8930000,0.000000,0,0,0
34.990,1.1161000,0.2674000,9.5763000,62.2940000,61.6837000,61.6684000,-41.7420000,-12.9460000,5.0040000,0.000000,0,0,0
35.000,0.9738000,0.2195000,9.5153000,60.6918000,61.6302000,61.9431000,-41.4230000,-12.9490000,5.1280000,0.000000,0,0,0
35.010,0.8565000,0.1992000,9.4926000,60.0586000,61.5311000,62.2482000,-41.4380000,-12.8920000,4.8190000,0.000000,0,0,0
35.020,0.8111000,0.2207000,9.5033000,60.4401000,61.4166000,62.2330000,-41.3680000,-13.4620000,4.3780000,0.000000,0,0,0
35.030,0.8386000,0.2722000,9.5177000,61.3251000,61.4243000,61.8591000,-41.2960000,-13.1660000,4.7630000,0.000000,0,0,0
35.040,0.8960000,0.3224000,9.4997000,61.7905000,61.9431000,61.2946000,-41.3530000,-13.2460000,4.6930000,0.000000,0,0,0
35.050,0.9475000,0.3296000,9.4638000,61.3708000,62.9654000,60.6995000,-41.2220000,-13.1430000,4.6160000,0.000000,0,0,0
35.060,0.9690000,0.2841000,9.4292000,60.2798000,64.0717000,60.1273000,-41.3500000,-13.1700000,4.8910000,0.000000,0,0,0
35.070,0.9594000,0.2135000,9.3945000,58.9600000,64.5905000,59.6771000,-41.4080000,-13.1070000,5.2570000,0.000000,0,0,0
35.080,0.9188000,0.1501000,9.3849000,57.8918000,64.4073000,59.4330000,-41.2940000,-13.2360000,5.4620000,0.000000,0,0,0
35.090,0.8769000,0.1310000,9.4100000,57.4265000,63.9343000,59.3338000,-41.1190000,-13.0680000,5.3030000,0.000000,0,0,0
35.100,0.8685000,0.1585000,9.4495000,57.5714000,63.4308000,59.2346000,-41.3020000,-13.1300000,5.2220000,0.000000,0,0,0
35.110,0.8912000,0.2135000,9.4662000,57.9987000,63.0569000,59.0515000,-41.4790000,-13.0270000,5.5410000,0.000000,0,0,0
35.120,0.9295000,0.2614000,9.4603000,58.3649000,63.1485000,58.7845000,-41.1210000,-13.0690000,5.0040000,0.000000,0,0,0
35.130,0.9762000,0.2698000,9.4351000,58.5175000,63.8733000,58.4869000,-41.2240000,-13.0580000,5.0360000,0.000000,0,0,0
35.140,1.0061000,0.2183000,9.3933000,58.5251000,64.7888000,58.2352000,-40.9830000,-13.0470000,5.4900000,0.000000,0,0,0
35.150,1.0037000,0.1346000,9.3478000,58.5403000,65.4907000,58.0978000,-40.9880000,-13.1380000,5.1850000,0.000000,0,0,0
35.160,0.9774000,0.0520000,9.2976000,58.5938000,65.8417000,58.0444000,-41.1600000,-12.8860000,4.5690000,0.000000,0,0,0
35.170,0.9499000,-0.0066000,9.2569000,58.6243000,65.9103000,58.0673000,-40.9410000,-13.0180000,5.1810000,0.000000,0,0,0
35.180,0.9475000,-0.0209000,9.2748000,58.6624000,66.0248000,58.1360000,-40.9660000,-13.2160000,5.6080000,0.000000,0,0,0
35.190,0.9822000,-0.0161000,9.3203000,58.7921000,66.1774000,58.2352000,-40.9770000,-13.2690000,4.6500000,0.000000,0,0,0
35.200,1.0204000,-0.0173000,9.3801000,59.2575000,65.9561000,58.4259000,-40.9620000,-13.3770000,4.7750000,0.000000,0,0,0
35.210,1.0372000,0.0197000,9.5368000,60.9131000,65.1627000,58.8837000,-40.9170000,-12.9730000,5.8910000,0.000000,0,0,0
35.220,1.0288000,0.0724000,9.6564000,62.3856000,64.4455000,59.2270000,-41.1470000,-13.0670000,5.1310000,0.000000,0,0,0
35.230,0.9941000,0.1202000,9.7593000,63.8123000,63.1638000,59.6619000,-40.9150000,-12.7760000,5.3270000,0.000000,0,0,0
35.240,0.9295000,0.1573000,9.8299000,64.9948000,61.2640000,60.1959000,-41.2330000,-13.0460000,5.6930000,0.000000,0,0,0
35.250,0.8446000,0.1836000,9.8371000,65.7883000,59.1278000,60.7224000,-41.0110000,-13.3970000,5.4890000,0.000000,0,0,0
35.260,0.7561000,0.2004000,9.7653000,65.9866000,57.4493000,61.1191000,-41.2360000,-13.1360000,5.3690000,0.000000,0,0,0
35.270,0.6927000,0.1896000,9.6529000,65.5975000,57.0068000,61.3632000,-41.3100000,-13.3390000,4.6430000,0.000000,0,0,0
35.280,0.6867000,0.1525000,9.5452000,64.8575000,58.0750000,61.4014000,-41.2450000,-12.9280000,4.8760000,0.000000,0,0,0
35.290,0.7573000,0.1154000,9.4746000,64.0411000,60.1044000,61.2717000,-40.9010000,-13.1660000,4.9590000,0.000000,0,0,0
35.300,0.8661000,0.1047000,9.4495000,63.2248000,62.4695000,61.0123000,-40.8510000,-13.0790000,4.7690000,0.000000,0,0,0
35.310,0.9606000,0.1262000,9.4603000,62.3550000,64.7202000,60.6689000,-40.7080000,-12.8260000,4.4080000,0.000000,0,0,0
35.320,1.0097000,0.1657000,9.4997000,61.5387000,66.2460000,60.2951000,-41.0500000,-13.0200000,4.6080000,0.000000,0,0,0
35.330,1.0037000,0.2111000,9.5440000,60.9360000,66.5970000,59.9747000,-41.0950000,-13.0220000,5.3980000,0.000000,0,0,0
35.340,0.9451000,0.2446000,9.5560000,60.6766000,65.9561000,59.8145000,-41.1870000,-13.0710000,5.0540000,0.000000,0,0,0
35.350,0.8613000,0.2518000,9.5296000,60.8597000,64.9185000,59.8907000,-40.9880000,-13.0290000,5.1020000,0.000000,0,0,0
35.360,0.8051000,0.2267000,9.4818000,61.5463000,63.8428000,60.1807000,-41.1540000,-12.9010000,5.5010000,0.000000,0,0,0
35.370,0.8075000,0.1848000,9.4567000,62.5534000,63.0646000,60.6232000,-41.1270000,-13.0690000,5.4850000,0.000000,0,0,0
35.380,0.8565000,0.1645000,9.4734000,63.5605000,62.9044000,61.0962000,-41.1010000,-13.3160000,4.6470000,0.000000,0,0,0
35.390,0.9211000,0.1729000,9.5225000,64.1937000,63.1561000,61.5158000,-40.9890000,-13.0170000,4.6030000,0.000000,0,0,0
35.400,0.9606000,0.2076000,9.5847000,64.2853000,63.4995000,61.8286000,-40.8070000,-12.9630000,5.3190000,0.000000,0,0,0
35.410,0.9582000,0.2458000,9.6218000,63.8657000,63.7589000,61.9888000,-41.2840000,-13.0400000,5.1120000,0.000000,0,0,0
35.420,0.9104000,0.2650000,9.6098000,63.2324000,63.7207000,62.0575000,-41.2110000,-12.8220000,5.5410000,0.000000,0,0,0
35.430,0.8482000,0.2686000,9.5763000,62.7670000,63.2935000,62.1109000,-40.9930000,-12.7480000,5.1070000,0.000000,0,0,0
35.440,0.8003000,0.2638000,9.5380000,62.7136000,62.7594000,62.2177000,-41.1680000,-12.6570000,5.3730000,0.000000,0,0,0
35.450,0.7848000,0.2339000,9.4961000,63.1180000,62.3474000,62.3779000,-41.0400000,-12.8880000,5.2230000,0.000000,0,0,0
35.460,0.7848000,0.1932000,9.4866000,63.9191000,62.2635000,62.5000000,-41.0980000,-12.8820000,5.5160000,0.000000,0,0,0
35.470,0.7919000,0.1788000,9.5117000,64.9261000,62.6602000,62.4161000,-41.0350000,-12.7820000,5.8990000,0.000000,0,0,0
35.480,0.7919000,0.1788000,9.5631000,65.8188000,63.3545000,62.1262000,-41.2800000,-12.5620000,5.7130000,0.000000,0,0,0
35.490,0.7848000,0.1896000,9.6433000,66.4215000,63.9877000,61.7981000,-41.2260000,-12.7360000,5.3250000,0.000000,0,0,0
35.500,0.7800000,0.2207000,9.7198000,66.7114000,63.9267000,61.5311000,-41.0940000,-12.6760000,5.7180000,0.000000,0,0,0
35.510,0.7716000,0.2422000,9.7761000,66.6656000,63.0188000,61.4471000,-41.2290000,-13.1630000,5.6930000,0.000000,0,0,0
35.520,0.7620000,0.2506000,9.7916000,66.2766000,61.7447000,61.5616000,-41.2200000,-12.6090000,5.7030000,0.000000,0,0,0
35.530,0.7549000,0.2399000,9.7689000,65.5823000,60.6766000,61.8057000,-41.4620000,-12.5290000,5.1940000,0.000000,0,0,0
35.540,0.7465000,0.2195000,9.7342000,64.7049000,60.2875000,62.1109000,-41.0640000,-12.7900000,4.8360000,0.000000,0,0,0
35.550,0.7333000,0.2052000,9.7091000,63.8428000,60.6384000,62.3627000,-41.1510000,-12.5970000,4.6740000,0.000000,0,0,0
35.560,0.7178000,0.1980000,9.7115000,63.1332000,61.4243000,62.5458000,-41.3500000,-12.6470000,5.0510000,0.000000,0,0,0
35.570,0.7070000,0.2064000,9.7462000,62.7136000,62.1796000,62.7060000,-41.2850000,-12.7240000,4.9110000,0.000000,0,0,0
35.580,0.7094000,0.2315000,9.7892000,62.5458000,62.5610000,62.8662000,-41.1200000,-12.6370000,5.3140000,0.000000,0,0,0
35.590,0.7154000,0.2494000,9.8012000,62.5305000,62.4237000,63.0341000,-41.4020000,-12.8130000,5.6710000,0.000000,0,0,0
35.600,0.7285000,0.2518000,9.7450000,62.5305000,62.0117000,63.1256000,-41.4240000,-12.7700000,5.1160000,0.000000,0,0,0
35.610,0.7584000,0.2291000,9.6134000,62.4237000,61.7371000,63.0264000,-41.3600000,-12.7070000,5.2650000,0.000000,0,0,0
35.620,0.8087000,0.1776000,9.4363000,62.2025000,61.8362000,62.7594000,-41.4910000,-12.5880000,5.2020000,0.000000,0,0,0
35.630,0.8661000,0.1142000,9.2593000,62.0651000,62.2482000,62.4771000,-41.3210000,-12.8250000,5.4720000,0.000000,0,0,0
35.640,0.9068000,0.0520000,9.1217000,62.2253000,62.8357000,62.2864000,-41.4170000,-12.8220000,4.9660000,0.000000,0,0,0
35.650,0.9211000,0.0054000,9.0499000,62.8738000,63.3774000,62.1872000,-41.1820000,-12.7580000,5.4940000,0.000000,0,0,0
35.660,0.9176000,-0.0197000,9.0571000,64.0335000,63.6368000,62.1948000,-41.0940000,-12.9210000,4.9410000,0.000000,0,0,0
35.670,0.8996000,-0.0030000,9.1217000,65.5212000,63.1790000,62.2940000,-41.0050000,-12.7460000,5.3500000,0.000000,0,0,0
35.680,0.9116000,0.0616000,9.2294000,66.9861000,61.8973000,62.4542000,-41.4050000,-12.9170000,5.2390000,0.000000,0,0,0
35.690,0.9510000,0.1513000,9.3610000,68.0542000,60.0052000,62.6678000,-41.3180000,-13.0300000,5.0050000,0.000000,0,0,0
35.700,1.0121000,0.2351000,9.4926000,68.5577000,57.6630000,62.8281000,-41.6260000,-13.1310000,5.6520000,0.000000,0,0,0
35.710,1.0958000,0.3224000,9.5918000,68.4204000,55.6107000,62.9196000,-41.1840000,-12.9030000,5.5550000,0.000000,0,0,0
35.720,1.1389000,0.3750000,9.6206000,67.4362000,54.4205000,62.8662000,-41.2480000,-12.6800000,5.6110000,0.000000,0,0,0
35.730,1.1197000,0.3942000,9.5751000,65.5975000,54.4510000,62.5000000,-41.4920000,-12.8960000,5.7020000,0.000000,0,0,0
35.740,1.0791000,0.3930000,9.4794000,63.3774000,56.0989000,61.6379000,-41.4490000,-12.9540000,5.8990000,0.000000,0,0,0
35.750,1.0408000,0.3571000,9.3466000,61.1877000,58.8379000,60.4935000,-41.4250000,-12.8430000,5.9080000,0.000000,0,0,0
35.760,1.0384000,0.2937000,9.2258000,59.3414000,61.2946000,59.5398000,-41.5230000,-13.0420000,6.4370000,0.000000,0,0,0
35.770,1.0575000,0.2375000,9.1265000,58.0444000,62.3550000,58.9828000,-41.3170000,-13.2820000,5.7040000,0.000000,0,0,0
35.780,1.0587000,0.1944000,9.0631000,57.3196000,61.8210000,58.9294000,-41.5850000,-13.0110000,5.9740000,0.000000,0,0,0
35.790,1.0396000,0.1956000,9.0535000,57.4188000,59.4177000,59.4788000,-41.4160000,-12.9930000,5.6560000,0.000000,0,0,0
35.800,1.0228000,0.2375000,9.1062000,58.0063000,57.7927000,59.9670000,-41.3990000,-12.7250000,5.5350000,0.000000,0,0,0
35.810,1.0073000,0.2997000,9.1672000,58.5403000,56.5338000,60.2875000,-41.5540000,-12.8360000,5.6550000,0.000000,0,0,0
35.820,0.9953000,0.3499000,9.2282000,58.7997000,55.8014000,60.3943000,-41.6850000,-12.8750000,5.4360000,0.000000,0,0,0
35.830,0.9857000,0.3655000,9.2736000,58.8379000,55.6259000,60.4401000,-41.4310000,-13.1380000,5.1070000,0.000000,0,0,0
35.840,0.9774000,0.3595000,9.2880000,58.8150000,55.7480000,60.5164000,-41.0810000,-12.9720000,6.1170000,0.000000,0,0,0
35.850,0.9654000,0.3391000,9.2724000,58.8455000,55.9769000,60.6537000,-41.3500000,-12.9270000,5.4690000,0.000000,0,0,0
35.860,0.9558000,0.3188000,9.2437000,59.0515000,56.1752000,60.7758000,-41.4020000,-12.7270000,5.5100000,0.000000,0,0,0
35.870,0.9499000,0.3140000,9.2270000,59.5093000,56.3736000,60.6842000,-41.3640000,-13.0110000,5.1780000,0.000000,0,0,0
35.880,0.9522000,0.3188000,9.2318000,60.1578000,56.9611000,60.4477000,-41.4780000,-12.9690000,5.9860000,0.000000,0,0,0
35.890,0.9750000,0.3487000,9.2330000,60.8063000,57.9758000,60.1044000,-41.3900000,-12.4640000,5.2930000,0.000000,0,0,0
35.900,1.0121000,0.3643000,9.2342000,61.4166000,58.9523000,59.7000000,-41.5580000,-12.8050000,5.4410000,0.000000,0,0,0
35.910,1.0360000,0.3607000,9.2282000,62.0422000,59.3033000,59.5169000,-41.4610000,-12.7800000,5.3790000,0.000000,0,0,0
35.920,1.0133000,0.3499000,9.2102000,62.7365000,58.9981000,59.7229000,-41.3600000,-12.8430000,5.4680000,0.000000,0,0,0
35.930,0.9307000,0.3320000,9.1767000,63.5529000,58.4641000,60.3485000,-41.2390000,-12.7780000,5.7660000,0.000000,0,0,0
35.940,0.8087000,0.3021000,9.1289000,64.6896000,57.9987000,61.2946000,-41.3360000,-12.8840000,5.7660000,0.000000,0,0,0
35.950,0.7393000,0.2578000,9.1373000,66.3757000,58.0063000,62.3779000,-41.2980000,-12.9240000,5.1770000,0.000000,0,0,0
35.960,0.7884000,0.2530000,9.2078000,68.5272000,58.8379000,63.1866000,-41.1610000,-12.8370000,5.2450000,0.000000,0,0,0
35.970,0.9666000,0.2949000,9.3119000,70.4880000,59.9365000,63.5071000,-41.4790000,-12.4610000,4.9420000,0.000000,0,0,0
35.980,1.1939000,0.3499000,9.3885000,71.3043000,60.5392000,63.4384000,-41.4700000,-12.7740000,5.0090000,0.000000,0,0,0
35.990,1.3769000,0.3619000,9.4387000,70.7855000,60.1044000,63.3240000,-41.6030000,-12.5270000,5.3690000,0.000000,0,0,0
36.000,1.4595000,0.3200000,9.4519000,69.7250000,58.4564000,63.4460000,-41.4930000,-12.9470000,5.0530000,0.000000,0,0,0
36.010,1.4212000,0.2506000,9.4184000,68.8477000,55.7938000,63.7970000,-41.4880000,-12.5550000,5.4160000,0.000000,0,0,0
36.020,1.2908000,0.1836000,9.3430000,68.2678000,52.8793000,64.1861000,-41.5540000,-12.8220000,4.7250000,0.000000,0,0,0
36.030,1.1389000,0.1274000,9.2497000,67.5812000,50.4990000,64.5065000,-41.5250000,-12.7350000,5.1510000,0.000000,0,0,0
36.040,1.0204000,0.0867000,9.1827000,66.3300000,49.0036000,64.7507000,-41.9600000,-12.7480000,4.2240000,0.000000,0,0,0
36.050,0.9833000,0.0867000,9.1684000,64.4379000,48.1873000,64.7278000,-41.6430000,-12.9180000,5.1180000,0.000000,0,0,0
36.060,1.0121000,0.1107000,9.2019000,62.1338000,47.7676000,64.1174000,-41.6880000,-13.1660000,4.4590000,0.000000,0,0,0
36.070,1.0958000,0.1465000,9.2521000,59.7305000,48.0423000,63.2706000,-41.6400000,-13.0450000,4.7060000,0.000000,0,0,0
36.080,1.1724000,0.1765000,9.2700000,57.4493000,48.7900000,62.5305000,-41.9570000,-13.1550000,4.1280000,0.000000,0,0,0
36.090,1.2453000,0.1824000,9.2581000,55.4504000,49.4156000,62.1109000,-41.4380000,-13.0290000,4.0580000,0.000000,0,0,0
36.100,1.2932000,0.1729000,9.2198000,53.8864000,49.2249000,62.0880000,-41.6710000,-12.9090000,4.2250000,0.000000,0,0,0
36.110,1.3279000,0.1705000,9.2078000,52.9404000,48.2178000,62.2864000,-41.7140000,-12.9610000,4.2960000,0.000000,0,0,0
36.120,1.3686000,0.1968000,9.2126000,52.9938000,47.6303000,62.4237000,-41.6820000,-13.0510000,4.2120000,0.000000,0,0,0
36.130,1.4164000,0.2470000,9.2306000,54.0924000,48.0270000,62.1185000,-41.6360000,-13.1630000,4.2620000,0.000000,0,0,0
36.140,1.4714000,0.2937000,9.2533000,56.0760000,49.4308000,61.3098000,-41.8870000,-13.3720000,3.8840000,0.000000,0,0,0
36.150,1.5301000,0.3009000,9.2533000,58.6090000,51.3306000,60.2570000,-42.1060000,-13.4480000,3.9140000,0.000000,0,0,0
36.160,1.5851000,0.2399000,9.2114000,61.3632000,52.8564000,59.4177000,-42.0270000,-13.2190000,4.0150000,0.000000,0,0,0
36.170,1.6102000,0.1286000,9.1229000,63.9572000,53.3600000,59.1583000,-41.7710000,-13.2340000,4.1020000,0.000000,0,0,0
36.180,1.5899000,-0.0030000,8.9865000,66.0400000,53.1235000,59.5779000,-42.0710000,-13.0750000,3.5560000,0.000000,0,0,0
36.190,1.5408000,-0.1083000,8.8430000,67.4210000,52.8107000,60.4172000,-41.8090000,-13.2220000,3.5500000,0.000000,0,0,0
36.200,1.5097000,-0.1453000,8.7461000,68.0923000,53.1540000,61.1343000,-41.8440000,-13.0780000,3.8450000,0.000000,0,0,0
36.210,1.5193000,-0.1214000,8.7150000,68.3212000,54.8630000,61.2030000,-41.7270000,-12.9240000,4.1350000,0.000000,0,0,0
36.220,1.5612000,-0.0748000,8.7293000,68.3060000,58.0215000,60.6155000,-41.5640000,-12.8610000,3.3700000,0.000000,0,0,0
36.230,1.6353000,-0.0508000,8.7844000,68.1229000,62.0956000,59.9442000,-41.7120000,-13.1030000,3.8740000,0.000000,0,0,0
36.240,1.6892000,-0.0688000,8.8214000,67.8864000,65.7501000,59.7382000,-41.7660000,-13.1070000,4.0810000,0.000000,0,0,0
36.250,1.6963000,-0.1119000,8.8501000,67.5583000,67.7719000,60.0967000,-41.5890000,-13.0740000,4.0160000,0.000000,0,0,0
36.260,1.6341000,-0.1657000,8.8525000,67.1768000,68.1915000,60.8902000,-41.7000000,-12.7470000,3.2770000,0.000000,0,0,0
36.270,1.4978000,-0.1848000,8.8334000,66.7572000,66.8945000,61.5463000,-41.8410000,-12.7880000,3.9230000,0.000000,0,0,0
36.280,1.3757000,-0.1681000,8.8765000,66.3528000,65.3152000,61.6150000,-41.4740000,-12.7930000,3.9480000,0.000000,0,0,0
36.290,1.3135000,-0.1059000,8.9411000,65.8875000,64.6515000,61.3556000,-41.3190000,-12.8530000,3.5880000,0.000000,0,0,0
36.300,1.3303000,0.0042000,9.0356000,64.8727000,65.1550000,60.9589000,-41.7450000,-12.9650000,3.7790000,0.000000,0,0,0
36.310,1.3769000,0.1178000,9.1456000,63.1714000,66.6046000,60.5850000,-41.3440000,-12.7770000,4.4400000,0.000000,0,0,0
36.320,1.4499000,0.2052000,9.2904000,61.1496000,68.0389000,60.3256000,-41.5200000,-12.8320000,4.0790000,0.000000,0,0,0
36.330,1.5061000,0.2351000,9.4244000,59.2957000,68.8629000,60.2417000,-41.5300000,-12.9130000,3.5140000,0.000000,0,0,0
36.340,1.5145000,0.2111000,9.4830000,57.6096000,68.6264000,60.4782000,-41.5050000,-12.7370000,4.2660000,0.000000,0,0,0
36.350,1.4858000,0.1800000,9.4626000,55.7632000,67.4744000,60.9970000,-41.5250000,-12.7140000,3.6280000,0.000000,0,0,0
36.360,1.4224000,0.1800000,9.3909000,53.3752000,65.8951000,61.4243000,-41.8520000,-12.9850000,3.8810000,0.000000,0,0,0
36.370,1.3506000,0.1992000,9.3346000,50.5829000,64.4760000,61.4929000,-41.6640000,-12.9890000,3.9100000,0.000000,0,0,0
36.380,1.3016000,0.2327000,9.2784000,47.7371000,63.7741000,61.0504000,-41.8420000,-12.9330000,3.6950000,0.000000,0,0,0
36.390,1.2693000,0.2554000,9.2222000,45.3033000,63.9420000,60.2570000,-41.7860000,-12.5600000,3.5770000,0.000000,0,0,0
36.400,1.2669000,0.2686000,9.1636000,43.6478000,64.7202000,59.3185000,-41.6810000,-13.0940000,3.2450000,0.000000,0,0,0
36.410,1.2812000,0.2494000,9.0966000,42.9916000,65.8264000,58.5327000,-41.6560000,-12.8310000,3.4660000,0.000000,0,0,0
36.420,1.3004000,0.1693000,9.0260000,44.1360000,66.9250000,58.2657000,-41.7840000,-12.9900000,3.2420000,0.000000,0,0,0
36.430,1.3040000,0.1214000,9.0116000,46.0205000,67.3523000,58.7616000,-41.8730000,-12.9560000,2.9150000,0.000000,0,0,0
36.440,1.3386000,0.0951000,9.0404000,48.2635000,67.6956000,59.4330000,-41.8670000,-13.0580000,3.9040000,0.000000,0,0,0
36.450,1.4104000,0.1071000,9.0882000,50.2014000,68.0618000,59.8221000,-41.7010000,-13.1640000,4.2280000,0.000000,0,0,0
36.460,1.4726000,0.1119000,9.1109000,51.1627000,68.1610000,59.7458000,-41.9640000,-12.9330000,3.9150000,0.000000,0,0,0
36.470,1.4870000,0.0748000,9.0870000,50.9720000,67.5278000,59.3262000,-41.7250000,-13.0310000,3.8300000,0.000000,0,0,0
36.480,1.4403000,-0.0066000,9.0344000,50.1556000,66.2003000,58.8760000,-41.9500000,-13.0850000,3.6260000,0.000000,0,0,0
36.490,1.3530000,-0.1035000,8.9781000,49.4766000,64.4913000,58.7234000,-41.9780000,-13.3190000,3.6750000,0.000000,0,0,0
36.500,1.2717000,-0.1741000,8.9387000,49.4614000,62.6907000,58.9676000,-42.0420000,-13.0670000,3.4140000,0.000000,0,0,0
36.510,1.1975000,-0.1992000,8.9100000,50.1099000,61.3022000,59.6390000,-41.7860000,-13.3420000,3.9950000,0.000000,0,0,0
36.520,1.1592000,-0.1765000,8.8932000,50.9796000,60.8597000,60.5392000,-41.9600000,-13.2230000,4.2480000,0.000000,0,0,0
36.530,1.1903000,-0.1334000,8.8824000,51.6663000,62.1643000,61.1115000,-41.8680000,-13.4750000,3.4220000,0.000000,0,0,0
36.540,1.2693000,-0.0963000,8.8633000,51.8570000,64.9796000,61.0886000,-42.0090000,-13.2940000,4.2920000,0.000000,0,0,0
36.550,1.3733000,-0.0891000,8.8585000,51.5594000,67.9703000,60.6079000,-41.8350000,-13.2270000,3.9090000,0.000000,0,0,0
36.560,1.4690000,-0.1370000,8.9028000,51.3687000,69.6411000,60.1807000,-41.8720000,-13.4870000,4.0630000,0.000000,0,0,0
36.570,1.5205000,-0.2040000,8.9614000,51.8417000,69.4275000,60.3638000,-42.1420000,-13.3200000,3.9980000,0.000000,0,0,0
36.580,1.5037000,-0.2518000,9.0200000,53.0319000,67.7185000,61.2488000,-42.1090000,-13.2580000,3.2260000,0.000000,0,0,0
36.590,1.4236000,-0.2434000,9.0499000,54.6036000,65.7806000,62.5839000,-41.8860000,-13.4930000,3.8160000,0.000000,0,0,0
36.600,1.2848000,-0.1932000,9.0284000,56.0760000,65.0711000,63.8275000,-42.0570000,-13.5430000,3.4430000,0.000000,0,0,0
36.610,1.1377000,-0.1633000,8.9602000,57.0755000,66.0934000,64.5370000,-42.0190000,-13.3180000,3.2690000,0.000000,0,0,0
36.620,1.0384000,-0.1645000,8.8765000,57.4875000,68.1763000,64.7278000,-41.8560000,-13.5070000,3.9220000,0.000000,0,0,0
36.630,0.9953000,-0.1920000,8.8513000,57.4265000,70.1675000,64.6133000,-41.5920000,-13.6080000,4.3770000,0.000000,0,0,0
36.640,0.9989000,-0.2351000,8.9064000,57.3349000,71.0449000,64.3616000,-41.7110000,-13.4680000,3.4310000,0.000000,0,0,0
36.650,1.0503000,-0.2554000,9.0164000,57.4036000,70.1981000,64.1632000,-41.6130000,-13.4070000,3.8520000,0.000000,0,0,0
36.660,1.1281000,-0.2482000,9.1420000,57.4570000,67.8787000,64.2090000,-42.0290000,-13.5870000,3.4250000,0.000000,0,0,0
36.670,1.1915000,-0.1992000,9.2222000,57.2815000,64.7125000,64.5828000,-42.0130000,-13.3990000,4.0030000,0.000000,0,0,0
36.680,1.2059000,-0.1262000,9.2330000,56.8085000,62.1872000,64.8956000,-41.8650000,-13.4560000,3.9620000,0.000000,0,0,0
36.690,1.1293000,-0.0652000,9.1947000,56.2973000,62.0346000,64.7354000,-41.9480000,-13.4120000,4.1610000,0.000000,0,0,0
36.700,1.0300000,-0.0484000,9.1708000,56.1905000,64.1479000,63.9496000,-41.9480000,-13.6070000,3.8170000,0.000000,0,0,0
36.710,0.9917000,-0.0736000,9.2246000,56.7703000,66.9022000,62.7441000,-41.7420000,-13.3190000,4.4670000,0.000000,0,0,0
36.720,1.0384000,-0.1142000,9.3693000,58.0215000,67.9626000,61.4243000,-41.7070000,-13.0990000,4.0230000,0.000000,0,0,0
36.730,1.1460000,-0.1597000,9.5775000,59.6542000,66.0095000,60.3943000,-41.8050000,-13.4620000,3.5860000,0.000000,0,0,0
36.740,1.2645000,-0.2004000,9.7868000,61.2564000,61.3861000,59.8297000,-41.7420000,-13.3550000,3.8250000,0.000000,0,0,0
36.750,1.3494000,-0.2303000,9.9400000,62.5916000,56.0684000,59.7000000,-41.9530000,-13.0500000,3.9060000,0.000000,0,0,0
36.760,1.3578000,-0.2267000,9.9771000,63.5681000,52.2995000,59.7992000,-41.7380000,-13.2000000,2.9390000,0.000000,0,0,0
36.770,1.2740000,-0.2387000,9.9591000,64.3387000,51.4832000,59.8602000,-41.7070000,-13.0270000,3.6650000,0.000000,0,0,0
36.780,1.1329000,-0.2602000,9.8718000,65.4755000,53.3829000,59.8450000,-42.1260000,-13.2240000,3.2090000,0.000000,0,0,0
36.790,1.0587000,-0.2590000,9.8012000,66.6885000,54.9088000,59.8145000,-42.0140000,-13.0830000,3.3960000,0.000000,0,0,0
36.800,1.0360000,-0.2722000,9.8395000,67.9474000,55.4962000,59.8526000,-41.9170000,-13.1440000,3.3600000,0.000000,0,0,0
36.810,1.0850000,-0.3033000,9.9316000,69.2291000,54.9927000,60.3561000,-42.0640000,-12.9970000,3.3780000,0.000000,0,0,0
36.820,1.2035000,-0.3116000,10.0141000,70.3888000,53.8177000,61.1572000,-42.1220000,-13.2060000,3.3340000,0.000000,0,0,0
36.830,1.3398000,-0.3068000,10.0524000,70.9991000,53.0090000,62.0117000,-42.2110000,-13.0800000,3.4180000,0.000000,0,0,0
36.840,1.4619000,-0.2937000,10.0333000,70.7474000,53.5736000,62.8281000,-42.1240000,-13.4880000,3.2600000,0.000000,0,0,0
36.850,1.5229000,-0.2817000,9.9806000,69.8776000,55.7251000,63.5223000,-42.4740000,-13.3160000,2.5740000,0.000000,0,0,0
36.860,1.4822000,-0.2937000,9.9256000,69.2215000,59.0591000,63.9420000,-42.3290000,-12.9970000,3.4520000,0.000000,0,0,0
36.870,1.3327000,-0.3344000,9.8897000,69.3970000,63.3316000,63.9343000,-42.1630000,-13.1460000,3.2210000,0.000000,0,0,0
36.880,1.1628000,-0.4037000,9.8778000,70.2515000,68.0695000,63.7741000,-41.8960000,-13.0290000,3.8330000,0.000000,0,0,0
36.890,1.0671000,-0.4552000,9.9029000,71.0144000,71.9833000,63.8580000,-41.9310000,-12.7270000,3.9460000,0.000000,0,0,0
36.900,1.0886000,-0.4528000,9.9424000,70.7779000,73.7076000,64.2776000,-41.9670000,-13.0000000,3.8210000,0.000000,0,0,0
36.910,1.1927000,-0.4109000,9.9651000,68.9850000,72.8836000,64.8651000,-41.8910000,-12.8230000,4.0210000,0.000000,0,0,0
36.920,1.3255000,-0.3535000,9.9208000,65.7578000,70.7474000,65.4068000,-41.7900000,-12.8720000,3.9710000,0.000000,0,0,0
36.930,1.4224000,-0.3068000,9.7892000,61.5997000,69.0384000,65.7043000,-41.6910000,-13.0390000,4.1640000,0.000000,0,0,0
36.940,1.4415000,-0.3116000,9.6182000,57.5790000,69.1605000,65.7120000,-41.6600000,-13.1150000,3.8790000,0.000000,0,0,0
36.950,1.4044000,-0.3475000,9.4531000,54.9393000,71.2738000,65.4907000,-41.4540000,-13.0310000,3.9060000,0.000000,0,0,0
36.960,1.3434000,-0.3822000,9.3382000,54.3747000,74.4553000,65.1169000,-41.6200000,-12.8810000,3.8380000,0.000000,0,0,0
36.970,1.2836000,-0.3942000,9.3131000,55.7556000,77.4765000,64.7583000,-41.5160000,-13.0140000,3.9170000,0.000000,0,0,0
36.980,1.2597000,-0.3750000,9.3897000,58.2962000,79.0710000,64.5142000,-41.9960000,-12.8850000,4.0480000,0.000000,0,0,0
36.990,1.2740000,-0.3284000,9.5320000,61.1191000,78.3005000,64.5142000,-41.4410000,-12.7600000,3.2780000,0.000000,0,0,0
37.000,1.3183000,-0.2674000,9.6780000,63.3774000,75.1495000,64.6896000,-41.6920000,-12.9390000,3.8330000,0.000000,0,0,0
37.010,1.3506000,-0.1968000,9.7737000,64.3311000,68.5883000,65.1093000,-41.5130000,-13.0750000,4.6110000,0.000000,0,0,0
37.020,1.2980000,-0.2004000,9.7366000,63.4613000,65.0024000,65.4449000,-41.4610000,-13.0730000,4.7740000,0.000000,0,0,0
37.030,1.1879000,-0.2076000,9.6469000,62.0270000,63.4766000,65.5594000,-41.4200000,-13.0680000,4.5330000,0.000000,0,0,0
37.040,1.0360000,-0.2231000,9.5536000,60.8292000,64.7964000,65.0024000,-41.7810000,-13.1440000,4.4850000,0.000000,0,0,0
37.050,0.8817000,-0.2734000,9.5033000,60.6155000,67.8558000,63.9496000,-41.6860000,-12.7250000,4.8100000,0.000000,0,0,0
37.060,0.8087000,-0.2937000,9.5344000,61.5311000,70.3659000,62.9959000,-41.8280000,-12.9390000,5.0050000,0.000000,0,0,0
37.070,0.8147000,-0.2542000,9.6325000,62.8815000,70.5872000,62.4542000,-41.5740000,-12.7210000,4.2240000,0.000000,0,0,0
37.080,0.8494000,-0.1956000,9.7533000,63.8428000,68.6722000,62.4237000,-41.5150000,-13.1700000,4.3150000,0.000000,0,0,0
37.090,0.8649000,-0.1370000,9.7880000,63.9191000,66.1163000,62.8967000,-41.4520000,-12.6690000,4.3830000,0.000000,0,0,0
37.100,0.8649000,-0.1107000,9.7318000,63.1104000,64.5676000,63.4003000,-41.5020000,-12.8360000,4.3170000,0.000000,0,0,0
37.110,0.8410000,-0.1812000,9.5895000,62.0728000,64.5981000,63.7283000,-41.5230000,-12.9340000,4.9690000,0.000000,0,0,0
37.120,0.7943000,-0.2877000,9.4292000,61.4624000,65.9790000,64.1022000,-41.5200000,-12.9670000,4.9400000,0.000000,0,0,0
37.130,0.7166000,-0.3655000,9.3215000,61.5234000,68.3136000,64.5752000,-41.1960000,-13.0450000,4.5260000,0.000000,0,0,0
37.140,0.6113000,-0.4037000,9.3239000,62.6450000,70.9229000,65.0330000,-41.4880000,-13.0150000,4.7900000,0.000000,0,0,0
37.150,0.5443000,-0.4085000,9.4435000,65.0253000,72.8226000,65.4526000,-41.2480000,-12.5300000,4.6750000,0.000000,0,0,0
37.160,0.5515000,-0.3774000,9.6229000,68.1686000,73.0133000,65.9485000,-41.4460000,-12.8710000,4.5010000,0.000000,0,0,0
37.170,0.6185000,-0.3224000,9.7892000,71.0754000,71.1136000,66.6275000,-41.0050000,-12.7590000,4.9830000,0.000000,0,0,0
37.180,0.7070000,-0.2458000,9.9125000,72.8989000,67.9245000,67.1539000,-41.3520000,-12.7060000,4.7980000,0.000000,0,0,0
37.190,0.8087000,-0.1776000,9.9747000,73.3261000,65.0101000,67.1997000,-41.1780000,-12.6530000,4.9970000,0.000000,0,0,0
37.200,0.9140000,-0.1322000,9.9974000,72.5708000,63.5376000,66.6428000,-41.2670000,-12.5560000,5.4710000,0.000000,0,0,0
37.210,0.9810000,-0.1047000,9.9818000,71.2662000,63.7817000,65.4755000,-41.3370000,-12.7910000,4.9180000,0.000000,0,0,0
37.220,1.0073000,-0.1047000,9.9459000,70.1752000,64.9643000,63.7360000,-41.2630000,-12.6370000,5.0900000,0.000000,0,0,0
37.230,1.0192000,-0.1310000,9.8957000,69.8242000,66.3376000,61.8134000,-41.3370000,-12.4390000,5.0470000,0.000000,0,0,0
37.240,1.0396000,-0.1681000,9.8383000,70.2972000,66.9708000,60.0662000,-41.3530000,-12.6280000,4.8640000,0.000000,0,0,0
37.250,1.0958000,-0.1992000,9.7785000,71.2280000,66.3452000,58.8913000,-41.1970000,-12.4270000,4.7360000,0.000000,0,0,0
37.260,1.1640000,-0.2207000,9.7127000,72.1283000,64.7888000,58.5480000,-41.3270000,-12.1190000,5.2440000,0.000000,0,0,0
37.270,1.2202000,-0.2327000,9.6457000,72.7310000,63.2782000,59.0973000,-41.1780000,-11.8900000,5.3640000,0.000000,0,0,0
37.280,1.2394000,-0.2255000,9.5703000,73.0820000,62.7518000,60.2875000,-41.4690000,-12.0770000,5.2110000,0.000000,0,0,0
37.290,1.2142000,-0.2111000,9.4926000,73.5931000,63.3240000,61.5005000,-41.2480000,-12.1990000,6.3040000,0.000000,0,0,0
37.300,1.1676000,-0.1956000,9.4519000,74.7452000,64.4989000,62.2635000,-41.4870000,-12.2670000,5.6090000,0.000000,0,0,0
37.310,1.1185000,-0.1729000,9.4567000,76.3550000,65.6357000,62.4466000,-41.2620000,-12.2410000,6.1430000,0.000000,0,0,0
37.320,1.0850000,-0.1442000,9.5117000,77.6443000,66.2460000,62.1872000,-41.3410000,-12.2060000,5.7720000,0.000000,0,0,0
37.330,1.0719000,-0.1346000,9.6026000,77.9343000,66.7648000,61.9125000,-41.2350000,-12.2290000,5.9230000,0.000000,0,0,0
37.340,1.0850000,-0.1130000,9.6875000,76.8967000,67.1005000,61.8439000,-41.5280000,-11.6400000,6.0070000,0.000000,0,0,0
37.350,1.1245000,-0.0724000,9.7486000,74.5239000,67.0319000,62.1109000,-41.2520000,-11.7570000,5.6420000,0.000000,0,0,0
37.360,1.1592000,-0.0317000,9.7689000,71.2585000,66.6199000,62.6221000,-41.1720000,-11.7770000,5.9080000,0.000000,0,0,0
37.370,1.1592000,0.0054000,9.7246000,67.7109000,66.4215000,63.1638000,-41.1490000,-11.7040000,6.0420000,0.000000,0,0,0
37.380,1.1137000,0.0305000,9.6349000,64.2929000,67.1310000,63.5452000,-41.1850000,-11.9200000,6.2740000,0.000000,0,0,0
37.390,1.0420000,0.0305000,9.5416000,61.5845000,68.8171000,63.6063000,-40.9130000,-11.7480000,5.6240000,0.000000,0,0,0
37.400,0.9798000,0.0197000,9.4806000,59.9594000,70.8694000,63.3621000,-40.6800000,-11.7720000,5.3680000,0.000000,0,0,0
37.410,0.9391000,-0.0054000,9.4567000,59.4635000,72.3343000,62.8891000,-41.1820000,-11.8880000,6.1420000,0.000000,0,0,0
37.420,0.9439000,-0.0221000,9.4842000,59.7305000,72.7234000,62.3627000,-41.2450000,-11.6130000,6.1470000,0.000000,0,0,0
37.430,0.9750000,-0.0425000,9.5380000,60.0815000,72.2275000,62.0804000,-40.8650000,-12.0300000,6.5740000,0.000000,0,0,0
37.440,0.9965000,-0.0772000,9.5883000,59.9899000,71.2738000,62.4084000,-41.0200000,-12.0200000,6.7760000,0.000000,0,0,0
37.450,0.9929000,-0.1047000,9.5918000,59.3719000,70.2057000,63.4460000,-40.7580000,-11.8350000,5.8770000,0.000000,0,0,0
37.460,0.9451000,-0.1047000,9.5416000,58.3649000,69.4351000,64.8117000,-40.8620000,-12.0990000,6.4370000,0.000000,0,0,0
37.470,0.8350000,-0.0903000,9.4567000,57.2891000,69.2978000,65.8798000,-40.9780000,-11.9060000,6.0480000,0.000000,0,0,0
37.480,0.6903000,-0.0867000,9.3657000,56.6177000,70.1141000,66.2689000,-41.2070000,-11.9920000,6.2770000,0.000000,0,0,0
37.490,0.5838000,-0.0784000,9.3035000,56.7627000,71.5408000,65.7196000,-40.7740000,-11.9020000,6.1690000,0.000000,0,0,0
37.500,0.5587000,-0.0796000,9.3047000,57.6706000,73.1125000,64.3997000,-40.4370000,-11.6860000,6.4210000,0.000000,0,0,0
37.510,0.6089000,-0.0927000,9.3610000,58.6853000,74.4858000,62.8586000,-40.4810000,-11.8730000,6.6540000,0.000000,0,0,0
37.520,0.6759000,-0.1011000,9.4292000,59.0591000,75.5005000,61.6302000,-40.8080000,-11.8430000,7.2010000,0.000000,0,0,0
37.530,0.7070000,-0.1226000,9.4914000,58.5098000,75.9888000,61.0123000,-40.5430000,-11.7410000,6.6370000,0.000000,0,0,0
37.540,0.6699000,-0.1549000,9.5237000,57.5409000,76.0345000,61.0886000,-40.7280000,-11.9920000,6.0210000,0.000000,0,0,0
37.550,0.5670000,-0.1788000,9.5476000,56.8161000,75.7446000,61.5158000,-40.3710000,-11.4470000,6.3960000,0.000000,0,0,0
37.560,0.4343000,-0.1896000,9.5787000,57.0221000,75.4852000,61.8362000,-40.6740000,-11.4860000,6.7850000,0.000000,0,0,0
37.570,0.3170000,-0.1753000,9.6194000,58.2199000,75.5539000,61.7599000,-40.5220000,-11.5700000,7.0710000,0.000000,0,0,0
37.580,0.2548000,-0.1525000,9.6780000,60.0586000,76.2405000,61.2717000,-40.2940000,-11.5630000,7.2670000,0.000000,0,0,0
37.590,0.2440000,-0.1418000,9.7426000,61.7981000,77.5223000,60.6537000,-39.9240000,-11.4940000,7.1500000,0.000000,0,0,0
37.600,0.2644000,-0.1489000,9.8108000,62.9807000,78.8574000,60.2875000,-40.3500000,-11.4680000,6.7740000,0.000000,0,0,0
37.610,0.3098000,-0.1525000,9.8766000,63.4079000,79.4754000,60.3333000,-40.1120000,-11.6750000,6.8420000,0.000000,0,0,0
37.620,0.3577000,-0.1453000,9.9292000,63.0798000,79.0558000,60.6995000,-39.9450000,-11.4930000,6.4920000,0.000000,0,0,0
37.630,0.3697000,-0.1370000,9.9782000,62.4390000,78.1250000,61.0886000,-39.8660000,-11.1980000,6.6380000,0.000000,0,0,0
37.640,0.3577000,-0.0843000,10.0704000,62.1490000,77.2858000,60.9894000,-39.9880000,-11.4010000,7.0570000,0.000000,0,0,0
37.650,0.3589000,-0.0496000,10.1565000,63.1104000,77.1713000,60.2798000,-39.9900000,-11.4300000,6.6440000,0.000000,0,0,0
37.660,0.3864000,-0.0341000,10.2354000,64.9643000,76.5915000,59.3872000,-40.1360000,-11.2400000,7.2250000,0.000000,0,0,0
37.670,0.4235000,-0.0413000,10.2821000,67.0929000,75.3403000,58.8074000,-39.8440000,-10.9680000,7.3170000,0.000000,0,0,0
37.680,0.4378000,-0.0652000,10.2725000,68.8171000,73.6160000,58.7540000,-39.6380000,-10.8820000,7.2080000,0.000000,0,0,0
37.690,0.4259000,-0.0951000,10.2115000,69.6716000,71.8155000,59.1202000,-39.4570000,-11.0750000,7.4730000,0.000000,0,0,0
37.700,0.3840000,-0.1262000,10.1146000,69.5343000,70.7321000,59.6695000,-39.5610000,-10.7620000,7.1470000,0.000000,0,0,0
37.710,0.3194000,-0.1549000,9.9974000,68.6493000,70.4803000,60.1730000,-39.6300000,-10.8820000,7.5120000,0.000000,0,0,0
37.720,0.2512000,-0.1669000,9.9017000,67.4973000,70.7550000,60.4630000,-39.5160000,-11.3210000,7.4260000,0.000000,0,0,0
37.730,0.2058000,-0.1561000,9.8598000,66.6351000,71.1746000,60.4858000,-39.2700000,-10.8220000,7.4960000,0.000000,0,0,0
37.740,0.1890000,-0.1226000,9.8730000,66.4825000,71.0373000,60.3333000,-39.6340000,-10.8080000,7.3840000,0.000000,0,0,0
37.750,0.2010000,-0.0724000,9.9220000,67.1234000,69.8929000,60.1578000,-39.5630000,-10.6290000,7.3340000,0.000000,0,0,0
37.760,0.2177000,-0.0269000,9.9711000,68.2144000,67.8482000,60.1349000,-39.4000000,-10.5370000,7.6200000,0.000000,0,0,0
37.770,0.2177000,0.0030000,9.9771000,69.1605000,65.7730000,60.3638000,-39.1900000,-10.5770000,7.8200000,0.000000,0,0,0
37.780,0.1818000,0.0102000,9.9232000,69.4122000,64.7659000,60.7224000,-39.3880000,-11.0210000,7.6720000,0.000000,0,0,0
37.790,0.1184000,-0.0054000,9.8203000,68.7180000,65.2084000,61.0809000,-39.3990000,-10.3640000,7.6170000,0.000000,0,0,0
37.800,0.0514000,-0.0293000,9.7067000,67.3218000,66.7114000,61.2869000,-39.5260000,-10.7280000,7.5660000,0.000000,0,0,0
37.810,0.0000000,-0.0508000,9.6122000,65.7425000,68.6493000,61.1801000,-39.1070000,-10.7090000,7.1630000,0.000000,0,0,0
37.820,-0.0203000,-0.0580000,9.5703000,64.5599000,70.5261000,60.7452000,-39.0080000,-10.8460000,7.9700000,0.000000,0,0,0
37.830,-0.0036000,-0.0449000,9.5799000,64.1785000,71.9147000,60.0433000,-39.0230000,-10.3590000,8.2090000,0.000000,0,0,0
37.840,0.0251000,-0.0257000,9.6158000,64.5523000,72.7844000,59.3262000,-39.2390000,-10.0720000,7.7750000,0.000000,0,0,0
37.850,0.0431000,-0.0054000,9.6624000,65.2618000,73.1506000,58.8913000,-38.9000000,-10.1840000,7.2540000,0.000000,0,0,0
37.860,0.0562000,-0.0018000,9.6947000,65.8340000,73.0286000,58.8684000,-38.8840000,-10.3410000,7.5910000,0.000000,0,0,0
37.870,0.0574000,0.0006000,9.6995000,65.7501000,72.4945000,59.2957000,-38.7560000,-9.9610000,7.4280000,0.000000,0,0,0
37.880,0.0419000,0.0090000,9.6732000,64.6439000,72.1588000,60.0052000,-38.8980000,-10.0330000,7.4300000,0.000000,0,0,0
37.890,0.0012000,0.0066000,9.6122000,62.5458000,72.3190000,60.6995000,-38.4230000,-10.1000000,7.6430000,0.000000,0,0,0
37.900,-0.0383000,-0.0090000,9.5512000,59.9747000,73.0591000,61.1954000,-38.2980000,-10.4130000,7.8730000,0.000000,0,0,0
37.910,-0.0634000,-0.0245000,9.5129000,57.6859000,74.1806000,61.4090000,-38.5600000,-9.9440000,7.4620000,0.000000,0,0,0
37.920,-0.0706000,-0.0365000,9.5093000,56.2439000,75.1877000,61.3174000,-38.3760000,-10.1110000,7.6140000,0.000000,0,0,0
37.930,-0.0742000,-0.0389000,9.5404000,55.8548000,75.5844000,61.0809000,-38.1510000,-10.2440000,7.7400000,0.000000,0,0,0
37.940,-0.0861000,-0.0353000,9.6098000,56.3278000,75.5157000,60.9055000,-38.1660000,-10.0510000,7.8710000,0.000000,0,0,0
37.950,-0.1101000,-0.0233000,9.6864000,57.1899000,75.3326000,60.9283000,-38.1570000,-9.8540000,8.0690000,0.000000,0,0,0
37.960,-0.1483000,-0.0126000,9.7665000,57.9681000,75.0351000,61.1954000,-38.2210000,-9.9910000,8.2440000,0.000000,0,0,0
37.970,-0.1998000,-0.0126000,9.8215000,58.3801000,74.4934000,61.6913000,-37.8740000,-9.9940000,7.5050000,0.000000,0,0,0
37.980,-0.2524000,-0.0281000,9.8419000,58.2657000,74.0204000,62.3016000,-37.9150000,-9.9220000,8.0770000,0.000000,0,0,0
37.990,-0.3003000,-0.0437000,9.8479000,57.6553000,74.0891000,62.9044000,-37.9110000,-9.7870000,8.4050000,0.000000,0,0,0
38.000,-0.3242000,-0.0425000,9.8550000,56.7703000,74.7528000,63.2935000,-38.1400000,-10.3190000,7.7660000,0.000000,0,0,0
38.010,-0.3254000,-0.0209000,9.8706000,55.9692000,75.5463000,63.3240000,-37.7890000,-10.2330000,7.5390000,0.000000,0,0,0
38.020,-0.3134000,0.0090000,9.9089000,55.5878000,76.0269000,62.9654000,-37.6840000,-9.9980000,7.6600000,0.000000,0,0,0
38.030,-0.2967000,0.0377000,9.9675000,55.9158000,75.9125000,62.3322000,-37.7450000,-9.9880000,7.8340000,0.000000,0,0,0
38.040,-0.2823000,0.0568000,10.0189000,56.8924000,74.9588000,61.6074000,-37.7850000,-9.7900000,8.0730000,0.000000,0,0,0
38.050,-0.2799000,0.0508000,10.0428000,58.2199000,73.3261000,61.0504000,-37.1840000,-9.8970000,7.4570000,0.000000,0,0,0
38.060,-0.2967000,0.0161000,10.0225000,59.5703000,71.1975000,60.8139000,-37.5590000,-9.6340000,7.7660000,0.000000,0,0,0
38.070,-0.3278000,-0.0341000,9.9723000,60.6689000,69.0079000,60.8597000,-37.2240000,-9.7880000,7.7800000,0.000000,0,0,0
38.080,-0.3685000,-0.0831000,9.9136000,61.4624000,67.3904000,61.0580000,-37.4270000,-9.7820000,8.0280000,0.000000,0,0,0
38.090,-0.4079000,-0.1202000,9.8682000,61.9736000,66.8716000,61.2411000,-37.0950000,-9.6140000,8.0380000,0.000000,0,0,0
38.100,-0.4414000,-0.1322000,9.8383000,62.2253000,67.6346000,61.3251000,-37.0880000,-9.6790000,7.7350000,0.000000,0,0,0
38.110,-0.4666000,-0.1214000,9.8383000,62.3169000,69.4351000,61.3098000,-37.0050000,-9.5450000,7.2840000,0.000000,0,0,0
38.120,-0.4761000,-0.0927000,9.8730000,62.4390000,71.6629000,61.1954000,-36.8730000,-9.3700000,8.3160000,0.000000,0,0,0
38.130,-0.4642000,-0.0520000,9.9208000,62.6526000,73.5855000,61.0657000,-36.7540000,-9.2140000,7.5680000,0.000000,0,0,0
38.140,-0.4414000,-0.0197000,9.9651000,62.8738000,74.7681000,61.0275000,-36.9030000,-9.1990000,8.0940000,0.000000,0,0,0
38.150,-0.4091000,-0.0042000,9.9866000,63.0035000,75.0275000,61.0886000,-36.9130000,-9.1660000,8.0240000,0.000000,0,0,0
38.160,-0.3852000,-0.0066000,9.9926000,62.7823000,74.5392000,61.2259000,-37.1670000,-9.4210000,8.2650000,0.000000,0,0,0
38.170,-0.3900000,-0.0233000,9.9938000,62.0880000,73.7610000,61.4243000,-36.7220000,-8.9810000,8.0760000,0.000000,0,0,0
38.180,-0.4175000,-0.0341000,10.0010000,60.9360000,72.9141000,61.6074000,-36.7400000,-9.0990000,8.1780000,0.000000,0,0,0
38.190,-0.4534000,-0.0245000,10.0309000,59.3719000,72.1207000,61.7218000,-36.5550000,-9.1880000,7.9030000,0.000000,0,0,0
38.200,-0.4749000,0.0018000,10.0644000,57.5790000,71.4798000,61.7294000,-36.8440000,-9.3700000,6.7940000,0.000000,0,0,0
38.210,-0.4869000,0.0221000,10.0931000,55.7175000,70.8160000,61.7371000,-36.3140000,-9.1110000,8.1150000,0.000000,0,0,0
38.220,-0.4917000,0.0150000,10.1170000,54.1916000,69.7174000,61.8896000,-36.3770000,-9.3100000,7.6540000,0.000000,0,0,0
38.230,-0.4881000,0.0281000,10.1314000,53.2455000,67.8177000,62.1948000,-36.1610000,-8.9420000,7.7600000,0.000000,0,0,0
38.240,-0.4833000,0.0628000,10.1445000,52.6581000,65.7425000,62.4237000,-36.3650000,-9.1120000,7.6720000,0.000000,0,0,0
38.250,-0.4965000,0.0676000,10.1362000,52.1851000,64.2014000,62.5381000,-36.2630000,-9.1390000,7.7960000,0.000000,0,0,0
38.260,-0.5551000,-0.0150000,10.0488000,51.4832000,63.4537000,62.5610000,-36.2040000,-8.9780000,7.9790000,0.000000,0,0,0
38.270,-0.5826000,-0.1023000,9.9436000,50.9567000,63.9954000,62.5381000,-36.1610000,-8.7550000,7.6060000,0.000000,0,0,0
38.280,-0.6029000,-0.1932000,9.8419000,50.4532000,65.2618000,62.5458000,-36.2170000,-9.2140000,7.7290000,0.000000,0,0,0
38.290,-0.6137000,-0.2614000,9.7904000,50.3845000,66.9861000,62.5992000,-35.6530000,-8.9000000,8.5530000,0.000000,0,0,0
38.300,-0.5742000,-0.2937000,9.7952000,51.2390000,68.3746000,62.5992000,-36.0470000,-9.0650000,8.5710000,0.000000,0,0,0
38.310,-0.5180000,-0.3248000,9.8311000,52.9633000,68.8324000,62.6602000,-35.8920000,-8.6010000,8.4540000,0.000000,0,0,0
38.320,-0.4414000,-0.3523000,9.8969000,55.1910000,68.1000000,62.9654000,-35.8580000,-8.8040000,8.1240000,0.000000,0,0,0
38.330,-0.3756000,-0.3643000,9.9448000,57.3349000,66.5436000,63.4460000,-35.5490000,-8.5510000,8.3720000,0.000000,0,0,0
38.340,-0.3445000,-0.3750000,9.9531000,58.8226000,65.0330000,63.9877000,-35.7470000,-8.9650000,7.7600000,0.000000,0,0,0
38.350,-0.3445000,-0.3846000,9.9280000,59.5398000,64.3692000,64.3311000,-35.8200000,-8.6000000,7.9120000,0.000000,0,0,0
38.360,-0.3804000,-0.4026000,9.8849000,59.7382000,64.8117000,64.3311000,-35.8360000,-8.8030000,8.1050000,0.000000,0,0,0
38.370,-0.4486000,-0.4277000,9.8562000,60.0052000,65.9332000,63.9496000,-35.8190000,-8.5710000,7.5120000,0.000000,0,0,0
38.380,-0.4953000,-0.4540000,9.8658000,60.7224000,66.6809000,63.4537000,-35.9540000,-8.8420000,7.8480000,0.000000,0,0,0
38.390,-0.5120000,-0.4540000,9.8981000,61.8286000,66.7343000,63.0569000,-35.7860000,-8.2640000,7.5230000,0.000000,0,0,0
38.400,-0.5000000,-0.4253000,9.9101000,62.9425000,66.3300000,62.7365000,-35.7560000,-8.5430000,7.5330000,0.000000,0,0,0
38.410,-0.4785000,-0.3846000,9.9220000,63.8657000,65.8417000,62.5076000,-35.9130000,-8.5130000,7.6120000,0.000000,0,0,0
38.420,-0.4713000,-0.3475000,9.9292000,64.4073000,65.5060000,62.3245000,-35.6430000,-8.5800000,7.0130000,0.000000,0,0,0
38.430,-0.5000000,-0.3188000,9.9555000,64.6057000,65.3534000,62.1719000,-35.5690000,-8.2030000,7.8340000,0.000000,0,0,0
38.440,-0.5527000,-0.2985000,9.9878000,64.6210000,65.0406000,61.9583000,-35.8580000,-8.5800000,7.9270000,0.000000,0,0,0
38.450,-0.6173000,-0.2841000,10.0117000,64.5294000,64.5218000,61.7523000,-35.7560000,-8.5000000,7.3150000,0.000000,0,0,0
38.460,-0.6927000,-0.2686000,10.0321000,64.3158000,63.8580000,61.5616000,-35.7430000,-8.1920000,7.6710000,0.000000,0,0,0
38.470,-0.7596000,-0.2626000,10.0321000,63.9420000,63.0493000,61.3785000,-35.5070000,-8.2990000,7.6560000,0.000000,0,0,0
38.480,-0.7919000,-0.2698000,9.9962000,63.2782000,62.3856000,61.3480000,-35.7860000,-8.3360000,7.3850000,0.000000,0,0,0
38.490,-0.7884000,-0.2889000,9.9268000,62.2101000,62.4008000,61.5540000,-35.2210000,-8.2220000,7.5980000,0.000000,0,0,0
38.500,-0.7740000,-0.3068000,9.8538000,60.8139000,63.3850000,61.9125000,-35.4000000,-8.2920000,7.4450000,0.000000,0,0,0
38.510,-0.7489000,-0.3224000,9.8048000,59.6008000,64.9109000,62.1262000,-35.4480000,-7.8030000,7.7240000,0.000000,0,0,0
38.520,-0.7130000,-0.3523000,9.8084000,59.1812000,66.3681000,62.0193000,-35.3440000,-8.0710000,7.6210000,0.000000,0,0,0
38.530,-0.6508000,-0.3858000,9.8562000,59.8602000,67.0013000,61.6455000,-35.2910000,-8.0460000,7.2660000,0.000000,0,0,0
38.540,-0.5706000,-0.4289000,9.9101000,61.3556000,66.3910000,61.2106000,-35.2530000,-8.1810000,7.3120000,0.000000,0,0,0
38.550,-0.5132000,-0.4755000,9.9328000,63.1332000,64.7507000,60.9360000,-35.2010000,-8.2790000,7.4350000,0.000000,0,0,0
38.560,-0.4965000,-0.5282000,9.9495000,64.8727000,62.8281000,60.8444000,-35.1800000,-8.1730000,7.2900000,0.000000,0,0,0
38.570,-0.4929000,-0.5581000,9.9459000,66.3681000,61.1649000,60.9436000,-35.3260000,-7.8300000,7.2240000,0.000000,0,0,0
38.580,-0.4833000,-0.5641000,9.9148000,67.2684000,60.2875000,61.1572000,-35.0830000,-8.1180000,7.5540000,0.000000,0,0,0
38.590,-0.4857000,-0.5617000,9.8586000,67.5354000,60.6918000,61.4548000,-34.9560000,-7.8550000,7.3410000,0.000000,0,0,0
38.600,-0.5120000,-0.5557000,9.7880000,67.5278000,62.3093000,61.7142000,-35.4190000,-7.8600000,7.2250000,0.000000,0,0,0
38.610,-0.5551000,-0.5377000,9.7210000,67.6498000,64.4608000,61.8591000,-34.9590000,-7.7430000,7.8890000,0.000000,0,0,0
38.620,-0.5862000,-0.4899000,9.6708000,68.0084000,66.2537000,61.8668000,-35.2410000,-8.1910000,7.6350000,0.000000,0,0,0
38.630,-0.5922000,-0.4253000,9.6349000,68.3975000,66.9098000,61.8439000,-35.1650000,-8.0140000,8.2020000,0.000000,0,0,0
38.640,-0.6041000,-0.3703000,9.6182000,68.5043000,66.3757000,62.0346000,-35.2080000,-7.6900000,7.8940000,0.000000,0,0,0
38.650,-0.6388000,-0.3188000,9.6086000,68.2297000,65.1093000,62.3550000,-34.9020000,-7.5840000,7.7140000,0.000000,0,0,0
38.660,-0.7010000,-0.2793000,9.6158000,67.6270000,63.9343000,62.6831000,-35.3310000,-8.1010000,7.8320000,0.000000,0,0,0
38.670,-0.7668000,-0.2422000,9.6397000,66.9174000,63.4079000,62.8128000,-35.0070000,-7.8260000,8.2020000,0.000000,0,0,0
38.680,-0.8147000,-0.2267000,9.6887000,66.2231000,63.3926000,62.6755000,-34.9990000,-7.7600000,8.3400000,0.000000,0,0,0
38.690,-0.8577000,-0.2207000,9.7629000,65.7272000,63.1943000,62.4542000,-35.1020000,-7.8710000,7.7610000,0.000000,0,0,0
38.700,-0.8697000,-0.2159000,9.8490000,65.4221000,62.3779000,62.1948000,-35.1090000,-7.8210000,7.7020000,0.000000,0,0,0
38.710,-0.8542000,-0.2064000,9.9304000,65.1245000,61.4777000,62.0117000,-35.1280000,-7.8260000,7.7160000,0.000000,0,0,0
38.720,-0.8075000,-0.2004000,9.9639000,64.7278000,60.8215000,61.8896000,-35.2120000,-7.7580000,7.5320000,0.000000,0,0,0
38.730,-0.7549000,-0.2147000,9.9208000,64.1174000,60.6461000,61.8973000,-35.2490000,-7.8040000,7.5300000,0.000000,0,0,0
38.740,-0.7082000,-0.2422000,9.8012000,63.3087000,61.2030000,61.9431000,-35.1410000,-7.8820000,8.0360000,0.000000,0,0,0
38.750,-0.6950000,-0.2997000,9.6433000,62.5839000,62.4619000,61.9888000,-34.9000000,-7.7110000,7.8880000,0.000000,0,0,0
38.760,-0.7142000,-0.3559000,9.5069000,62.4084000,63.7817000,62.0193000,-35.0150000,-7.6170000,7.9980000,0.000000,0,0,0
38.770,-0.7190000,-0.3691000,9.4363000,62.9349000,64.5065000,61.9354000,-34.8750000,-7.5570000,7.9750000,0.000000,0,0,0
38.780,-0.7190000,-0.3571000,9.4303000,63.9725000,64.5294000,61.7752000,-35.0680000,-7.8800000,8.1460000,0.000000,0,0,0
38.790,-0.7130000,-0.3224000,9.4579000,65.2161000,64.0945000,61.5845000,-34.9340000,-7.8320000,8.1330000,0.000000,0,0,0
38.800,-0.7058000,-0.2841000,9.4902000,66.4368000,63.9343000,61.4319000,-34.9630000,-7.6380000,7.5550000,0.000000,0,0,0
38.810,-0.6831000,-0.2470000,9.5033000,67.6041000,64.2624000,61.2793000,-35.1670000,-7.5340000,7.4070000,0.000000,0,0,0
38.820,-0.6472000,-0.2255000,9.4926000,68.6340000,65.0177000,61.2259000,-35.0200000,-7.4160000,8.2970000,0.000000,0,0,0
38.830,-0.6328000,-0.2279000,9.4710000,69.5648000,65.9027000,61.3708000,-34.7970000,-7.5720000,8.2860000,0.000000,0,0,0
38.840,-0.6508000,-0.2518000,9.4567000,70.5032000,66.3071000,61.7218000,-35.0400000,-7.7730000,8.1680000,0.000000,0,0,0
38.850,-0.6998000,-0.2650000,9.4854000,71.5485000,65.8112000,62.2101000,-35.1190000,-7.3500000,8.1930000,0.000000,0,0,0
38.860,-0.7704000,-0.2446000,9.5799000,72.5632000,64.3692000,62.7365000,-35.0700000,-7.5520000,8.1460000,0.000000,0,0,0
38.870,-0.8219000,-0.1800000,9.7067000,73.2193000,62.5534000,63.0951000,-34.8590000,-7.7560000,8.0290000,0.000000,0,0,0
38.880,-0.8087000,-0.0508000,9.9005000,72.8073000,60.7681000,63.2935000,-34.7690000,-7.5660000,7.8850000,0.000000,0,0,0
38.890,-0.7620000,0.0161000,9.9866000,71.6629000,60.2875000,63.3163000,-34.6740000,-7.7570000,8.5360000,0.000000,0,0,0
38.900,-0.7250000,0.0508000,9.9998000,70.0836000,60.4172000,63.2553000,-34.8300000,-7.6350000,8.4510000,0.000000,0,0,0
38.910,-0.6962000,0.0473000,9.9364000,68.4052000,61.1343000,63.0646000,-34.6700000,-7.2070000,7.8770000,0.000000,0,0,0
38.920,-0.6879000,0.0090000,9.8191000,66.9708000,62.3093000,62.8204000,-34.5820000,-7.4420000,9.1200000,0.000000,0,0,0
38.930,-0.7118000,-0.0484000,9.6923000,66.1926000,63.6597000,62.5534000,-34.7450000,-7.0530000,8.7470000,0.000000,0,0,0
38.940,-0.7369000,-0.1035000,9.5775000,66.2384000,64.6896000,62.3016000,-34.7840000,-7.2210000,8.2000000,0.000000,0,0,0
38.950,-0.7620000,-0.1465000,9.5069000,66.9937000,64.8880000,62.2177000,-34.8040000,-7.1990000,8.4500000,0.000000,0,0,0
38.960,-0.7752000,-0.1669000,9.4806000,68.1000000,63.9801000,62.3474000,-34.9520000,-7.5130000,8.2840000,0.000000,0,0,0
38.970,-0.7776000,-0.1501000,9.4997000,69.1910000,62.6907000,62.6450000,-34.7160000,-7.6140000,7.9880000,0.000000,0,0,0
38.980,-0.7740000,-0.1083000,9.5404000,70.0302000,61.6837000,62.9120000,-35.0150000,-7.3600000,7.7090000,0.000000,0,0,0
38.990,-0.7525000,-0.0413000,9.5883000,70.5719000,61.3556000,63.0112000,-34.6650000,-6.9660000,8.6170000,0.000000,0,0,0
39.000,-0.7333000,0.0114000,9.6194000,70.9076000,61.8286000,62.8510000,-34.7580000,-7.3740000,7.9720000,0.000000,0,0,0
39.010,-0.7321000,0.0341000,9.6541000,71.1975000,62.6526000,62.5534000,-34.6520000,-7.1750000,7.7700000,0.000000,0,0,0
39.020,-0.7321000,0.0556000,9.6887000,71.4493000,63.3621000,62.2177000,-34.8260000,-7.1190000,7.6900000,0.000000,0,0,0
39.030,-0.7489000,0.0592000,9.7163000,71.5179000,63.7512000,61.9965000,-34.8910000,-7.2070000,8.0570000,0.000000,0,0,0
39.040,-0.7644000,0.0688000,9.7545000,71.4035000,63.4460000,61.9202000,-34.8660000,-6.9510000,8.8900000,0.000000,0,0,0
39.050,-0.7561000,0.0867000,9.8036000,70.9381000,62.5381000,61.9431000,-34.5100000,-7.0900000,7.8160000,0.000000,0,0,0
39.060,-0.7381000,0.1107000,9.8479000,70.0455000,61.6302000,62.0651000,-34.5730000,-7.0160000,8.3990000,0.000000,0,0,0
39.070,-0.7178000,0.1346000,9.8562000,68.9011000,61.0428000,62.2177000,-34.4930000,-6.8560000,8.3100000,0.000000,0,0,0
39.080,-0.7130000,0.1549000,9.8443000,67.7567000,61.0657000,62.3932000,-34.6460000,-7.0320000,8.5760000,0.000000,0,0,0
39.090,-0.7190000,0.1681000,9.8167000,66.8488000,61.6302000,62.5000000,-34.5860000,-6.8990000,7.9540000,0.000000,0,0,0
39.100,-0.7082000,0.1765000,9.7833000,66.2079000,62.4542000,62.4924000,-34.5980000,-6.5170000,8.0610000,0.000000,0,0,0
39.110,-0.6843000,0.1741000,9.7641000,65.7272000,63.2553000,62.4237000,-34.3820000,-6.7890000,7.8320000,0.000000,0,0,0
39.120,-0.6496000,0.1657000,9.7450000,65.2847000,63.5681000,62.3627000,-34.6660000,-6.6490000,8.3530000,0.000000,0,0,0
39.130,-0.6281000,0.1370000,9.7318000,64.7278000,63.3316000,62.4084000,-34.6930000,-7.1590000,7.5540000,0.000000,0,0,0
39.140,-0.6436000,0.1059000,9.7210000,64.1632000,62.6678000,62.5992000,-34.9090000,-6.9730000,8.5580000,0.000000,0,0,0
39.150,-0.6915000,0.0843000,9.6887000,63.8123000,61.7981000,62.8357000,-34.5430000,-7.1160000,8.3470000,0.000000,0,0,0
39.160,-0.7477000,0.0951000,9.6493000,63.6368000,61.1115000,62.9883000,-34.7470000,-6.9970000,7.9610000,0.000000,0,0,0
39.170,-0.7872000,0.1226000,9.6218000,63.8046000,60.8902000,62.9120000,-34.6720000,-6.9580000,8.3190000,0.000000,0,0,0
39.180,-0.8015000,0.1513000,9.6074000,64.2090000,61.0733000,62.6678000,-34.8460000,-6.7020000,8.3610000,0.000000,0,0,0
39.190,-0.8015000,0.1657000,9.6050000,64.7049000,61.5082000,62.4237000,-34.6870000,-6.7280000,8.1810000,0.000000,0,0,0
39.200,-0.7848000,0.1741000,9.6529000,65.1169000,61.9888000,62.2101000,-34.8420000,-7.0710000,8.0470000,0.000000,0,0,0
39.210,-0.7453000,0.1896000,9.7498000,65.2924000,62.5153000,62.0651000,-34.4790000,-6.7790000,7.5670000,0.000000,0,0,0
39.220,-0.7106000,0.2016000,9.8347000,64.9643000,63.1332000,62.0193000,-34.7170000,-6.7360000,7.2420000,0.000000,0,0,0
39.230,-0.7046000,0.1920000,9.8706000,64.2471000,63.9191000,62.0346000,-34.4820000,-6.7880000,7.5350000,0.000000,0,0,0
39.240,-0.7261000,0.1657000,9.8407000,63.4155000,64.7964000,62.0575000,-34.2750000,-6.8390000,8.4050000,0.000000,0,0,0
39.250,-0.7441000,0.1334000,9.7569000,62.6831000,65.5212000,62.0422000,-34.7580000,-6.4910000,7.6710000,0.000000,0,0,0
39.260,-0.7441000,0.1095000,9.6481000,62.2253000,65.7501000,62.0422000,-34.6230000,-6.8650000,8.3950000,0.000000,0,0,0
39.270,-0.7333000,0.1095000,9.5536000,62.1109000,65.2847000,62.0193000,-34.5100000,-6.6940000,8.6190000,0.000000,0,0,0
39.280,-0.7381000,0.1286000,9.5213000,62.2559000,64.1251000,61.9659000,-34.7170000,-6.8740000,8.3000000,0.000000,0,0,0
39.290,-0.7453000,0.1657000,9.5727000,62.5458000,62.5458000,61.8744000,-34.3310000,-6.6510000,8.3020000,0.000000,0,0,0
39.300,-0.7573000,0.1992000,9.6373000,62.7670000,61.0352000,61.7752000,-34.7630000,-6.8410000,8.1690000,0.000000,0,0,0
39.310,-0.7931000,0.2088000,9.7031000,62.8204000,60.0662000,61.7065000,-34.2130000,-6.7120000,8.2620000,0.000000,0,0,0
39.320,-0.8254000,0.1968000,9.7426000,62.8204000,59.7534000,61.6379000,-34.7150000,-6.6700000,9.1360000,0.000000,0,0,0
39.330,-0.8242000,0.1800000,9.7474000,62.7289000,59.8679000,61.6531000,-34.4550000,-6.4090000,8.5840000,0.000000,0,0,0
39.340,-0.8003000,0.1693000,9.7306000,62.5763000,60.2341000,61.7142000,-34.5400000,-6.8250000,8.5830000,0.000000,0,0,0
39.350,-0.7740000,0.1669000,9.6959000,62.4390000,60.5469000,61.7447000,-34.6640000,-6.7490000,8.4340000,0.000000,0,0,0
39.360,-0.7453000,0.1657000,9.6660000,62.3169000,60.6537000,61.7371000,-34.4730000,-6.9800000,8.1220000,0.000000,0,0,0
39.370,-0.7273000,0.1657000,9.6481000,62.2101000,60.6079000,61.6913000,-34.7340000,-6.4880000,8.0650000,0.000000,0,0,0
39.380,-0.7166000,0.1669000,9.6409000,62.0804000,60.3943000,61.6379000,-34.6990000,-6.8560000,8.8040000,0.000000,0,0,0
39.390,-0.7082000,0.1681000,9.6505000,61.9736000,60.1273000,61.5692000,-34.2640000,-6.5980000,8.1170000,0.000000,0,0,0
39.400,-0.6986000,0.1681000,9.6588000,61.8973000,59.9136000,61.4929000,-34.5120000,-6.5680000,8.0780000,0.000000,0,0,0
39.410,-0.6962000,0.1669000,9.6576000,61.8134000,59.7229000,61.4090000,-34.6550000,-6.7400000,8.1240000,0.000000,0,0,0
39.420,-0.6962000,0.1633000,9.6433000,61.7294000,59.3719000,61.3251000,-34.4660000,-6.6150000,8.3210000,0.000000,0,0,0
39.430,-0.6962000,0.1633000,9.6194000,61.6302000,58.6853000,61.2183000,-34.7930000,-6.6770000,8.1430000,0.000000,0,0,0
39.440,-0.7058000,0.1645000,9.5727000,61.5158000,57.4341000,61.0199000,-34.7770000,-6.5960000,8.0200000,0.000000,0,0,0
39.450,-0.7788000,0.1753000,9.3634000,61.4929000,54.0009000,60.4706000,-34.3390000,-6.6450000,8.0650000,0.000000,0,0,0
39.460,-0.7931000,0.1776000,9.2174000,61.6074000,46.1655000,59.1125000,-35.1240000,-6.8450000,8.7960000,0.000000,0,0,0
39.470,-0.6974000,0.1729000,9.3215000,61.5005000,38.9786000,58.3725000,-34.5910000,-6.4740000,8.3970000,0.000000,0,0,0
39.480,-0.5646000,0.1633000,9.5871000,60.8368000,35.4156000,58.2657000,-34.9700000,-6.4460000,7.7130000,0.000000,0,0,0
39.490,-0.4462000,0.1322000,9.8766000,60.0815000,37.4680000,58.8531000,-34.8500000,-6.4980000,7.7220000,0.000000,0,0,0
39.500,-0.3577000,0.1071000,10.0201000,59.8297000,45.8755000,60.0739000,-34.9420000,-6.4960000,7.3450000,0.000000,0,0,0
39.510,-0.3493000,0.1059000,9.9471000,59.8679000,51.4450000,60.7529000,-34.9320000,-6.3930000,7.7230000,0.000000,0,0,0
39.520,-0.3685000,0.1130000,9.8156000,59.7382000,55.4352000,61.1877000,-35.0550000,-6.8760000,8.0040000,0.000000,0,0,0
39.530,-0.3948000,0.1190000,9.7091000,59.2422000,57.4722000,61.4319000,-35.0030000,-6.3990000,7.7000000,0.000000,0,0,0
39.540,-0.4115000,0.1166000,9.6708000,58.5709000,58.1512000,61.5768000,-35.1440000,-6.5980000,7.7110000,0.000000,0,0,0
39.550,-0.4067000,0.1071000,9.6899000,58.0597000,58.3267000,61.6684000,-34.9890000,-6.7450000,7.0920000,0.000000,0,0,0
39.560,-0.3912000,0.0927000,9.7306000,58.0597000,58.7311000,61.7142000,-34.9520000,-6.6280000,7.6750000,0.000000,0,0,0
39.570,-0.3852000,0.0807000,9.7510000,58.4564000,59.3338000,61.7523000,-34.9470000,-6.3010000,7.7470000,0.000000,0,0,0
39.580,-0.3768000,0.0688000,9.7593000,59.0744000,60.0281000,61.7905000,-35.1070000,-6.4900000,7.7280000,0.000000,0,0,0
39.590,-0.3697000,0.0616000,9.7510000,59.7839000,60.6995000,61.8210000,-34.8180000,-6.5870000,7.4520000,0.000000,0,0,0
39.600,-0.3649000,0.0568000,9.7330000,60.4553000,61.3174000,61.8439000,-34.8730000,-6.7370000,7.8280000,0.000000,0,0,0
39.610,-0.3613000,0.0544000,9.7198000,61.0504000,61.8134000,61.8515000,-34.9190000,-6.7020000,7.9050000,0.000000,0,0,0
39.620,-0.3613000,0.0544000,9.7127000,61.5311000,62.1796000,61.8210000,-34.9260000,-6.5730000,8.0410000,0.000000,0,0,0
39.630,-0.3661000,0.0532000,9.7019000,61.9202000,62.4161000,61.7981000,-34.9460000,-6.7160000,7.6930000,0.000000,0,0,0
39.640,-0.3661000,0.0556000,9.6899000,62.2101000,62.5839000,61.7828000,-35.1520000,-6.6630000,8.4270000,0.000000,0,0,0
39.650,-0.3637000,0.0580000,9.6828000,62.4084000,62.7060000,61.7371000,-35.1270000,-6.6670000,8.0860000,0.000000,0,0,0
39.660,-0.3637000,0.0592000,9.6828000,62.5381000,62.7975000,61.6989000,-35.0580000,-6.8790000,7.8070000,0.000000,0,0,0
39.670,-0.3661000,0.0604000,9.6804000,62.6373000,62.8510000,61.6531000,-34.9920000,-6.7690000,7.3980000,0.000000,0,0,0
39.680,-0.3673000,0.0628000,9.6744000,62.6907000,62.8738000,61.6074000,-35.2630000,-6.9540000,8.1040000,0.000000,0,0,0
39.690,-0.3708000,0.0640000,9.6696000,62.7060000,62.8738000,61.5616000,-35.0040000,-6.7380000,7.9250000,0.000000,0,0,0
39.700,-0.3732000,0.0640000,9.6696000,62.6984000,62.8738000,61.5311000,-34.9840000,-6.9550000,7.9650000,0.000000,0,0,0
39.710,-0.3732000,0.0604000,9.6720000,62.6831000,62.8815000,61.5158000,-34.8060000,-7.0140000,8.9720000,0.000000,0,0,0
39.720,-0.3756000,0.0556000,9.6708000,62.6755000,62.8815000,61.5158000,-35.2210000,-6.7830000,7.9940000,0.000000,0,0,0
39.730,-0.3792000,0.0508000,9.6708000,62.6831000,62.8891000,61.5768000,-34.8050000,-6.6740000,7.7510000,0.000000,0,0,0
39.740,-0.3756000,0.0544000,9.6732000,62.6831000,62.9044000,61.6226000,-35.2260000,-7.0410000,7.2820000,0.000000,0,0,0
39.750,-0.3732000,0.0592000,9.6768000,62.6907000,62.9120000,61.6302000,-34.9460000,-7.0400000,7.4770000,0.000000,0,0,0
39.760,-0.3732000,0.0652000,9.6756000,62.7441000,62.8891000,61.6150000,-35.0570000,-6.7340000,7.6720000,0.000000,0,0,0
39.770,-0.3744000,0.0700000,9.6708000,62.7823000,62.8510000,61.5921000,-34.8370000,-6.8650000,7.8360000,0.000000,0,0,0
39.780,-0.3756000,0.0736000,9.6696000,62.7975000,62.7899000,61.5692000,-35.3640000,-6.6260000,7.9830000,0.000000,0,0,0
39.790,-0.3756000,0.0724000,9.6708000,62.7975000,62.7365000,61.5387000,-35.1700000,-6.6970000,8.3230000,0.000000,0,0,0
39.800,-0.3756000,0.0676000,9.6696000,62.7670000,62.6907000,61.5158000,-35.2000000,-6.7850000,7.8190000,0.000000,0,0,0
39.810,-0.3768000,0.0628000,9.6660000,62.7060000,62.6450000,61.5005000,-35.0120000,-6.6090000,7.7750000,0.000000,0,0,0
39.820,-0.3768000,0.0592000,9.6660000,62.6450000,62.6144000,61.5082000,-35.0270000,-6.8180000,8.2130000,0.000000,0,0,0
39.830,-0.3768000,0.0592000,9.6696000,62.5839000,62.6068000,61.5158000,-34.9500000,-6.6410000,7.8810000,0.000000,0,0,0
39.840,-0.3780000,0.0592000,9.6744000,62.5610000,62.5992000,61.5387000,-35.0420000,-6.5690000,8.0640000,0.000000,0,0,0
39.850,-0.3804000,0.0592000,9.6756000,62.5916000,62.5839000,61.5692000,-35.0600000,-6.8670000,8.0050000,0.000000,0,0,0
39.860,-0.3840000,0.0604000,9.6708000,62.6297000,62.6068000,61.6684000,-35.3030000,-6.4710000,8.3940000,0.000000,0,0,0
39.870,-0.3661000,0.0616000,9.6612000,62.4771000,62.9501000,61.7218000,-34.8320000,-6.5870000,8.3490000,0.000000,0,0,0
39.880,-0.3637000,0.0544000,9.6672000,62.4161000,63.2324000,61.6684000,-34.8240000,-6.4920000,8.9670000,0.000000,0,0,0
39.890,-0.3697000,0.0484000,9.6780000,62.4542000,63.3087000,61.5921000,-35.1190000,-6.6460000,8.0850000,0.000000,0,0,0
39.900,-0.3804000,0.0437000,9.6875000,62.6297000,63.1714000,61.5311000,-34.9650000,-6.8070000,8.1740000,0.000000,0,0,0
39.910,-0.3816000,0.0508000,9.6804000,63.1180000,62.8891000,61.5158000,-35.2650000,-6.7770000,7.9800000,0.000000,0,0,0
39.920,-0.3828000,0.0628000,9.6708000,63.3087000,62.6831000,61.5082000,-35.2850000,-6.7390000,8.7600000,0.000000,0,0,0
39.930,-0.3816000,0.0640000,9.6792000,63.4003000,62.5687000,61.4929000,-34.9690000,-6.7110000,8.3230000,0.000000,0,0,0
39.940,-0.3732000,0.0604000,9.6947000,63.7131000,62.5458000,61.4700000,-34.8850000,-6.5610000,8.3700000,0.000000,0,0,0
39.950,-0.3732000,0.0628000,9.6720000,63.8428000,62.6068000,61.4395000,-35.1370000,-6.6280000,7.9110000,0.000000,0,0,0
39.960,-0.3744000,0.0628000,9.6600000,63.8275000,62.6984000,61.4166000,-35.1890000,-6.7520000,7.3710000,0.000000,0,0,0
39.970,-0.3792000,0.0640000,9.6588000,63.7054000,62.7747000,61.4090000,-34.9990000,-6.5250000,8.4150000,0.000000,0,0,0
39.980,-0.3828000,0.0688000,9.6660000,63.5605000,62.8357000,61.4166000,-35.0340000,-6.9480000,8.1300000,0.000000,0,0,0
39.990,-0.3864000,0.0724000,9.6624000,63.4155000,62.8662000,61.4319000,-35.0450000,-6.6280000,7.6970000,0.000000,0,0,0
40.000,-0.3852000,0.0760000,9.6564000,63.2324000,62.8510000,61.4395000,-34.8910000,-6.7970000,8.0710000,0.000000,0,0,0
40.010,-0.3828000,0.0760000,9.6588000,63.0646000,62.7975000,61.4471000,-35.0470000,-6.6170000,7.6560000,0.000000,0,0,0
40.020,-0.3792000,0.0784000,9.6648000,62.9501000,62.7213000,61.4166000,-35.3000000,-6.9780000,8.4730000,0.000000,0,0,0
40.030,-0.3792000,0.0784000,9.6636000,62.8357000,62.6144000,61.3632000,-35.1650000,-6.6920000,7.6490000,0.000000,0,0,0
40.040,-0.3816000,0.0760000,9.6612000,62.7441000,62.5076000,61.3327000,-35.0620000,-7.1910000,7.7780000,0.000000,0,0,0
40.050,-0.3816000,0.0724000,9.6612000,62.6907000,62.4466000,61.3403000,-35.1100000,-6.6430000,6.9270000,0.000000,0,0,0
40.060,-0.3804000,0.0700000,9.6684000,62.6678000,62.4313000,61.3785000,-34.7110000,-6.7600000,7.6610000,0.000000,0,0,0
40.070,-0.3780000,0.0676000,9.6720000,62.6755000,62.4771000,61.4243000,-34.9700000,-6.7970000,7.4740000,0.000000,0,0,0
40.080,-0.3756000,0.0664000,9.6696000,62.6907000,62.5381000,61.4624000,-35.2270000,-6.8690000,7.7800000,0.000000,0,0,0
40.090,-0.3756000,0.0676000,9.6672000,62.7060000,62.6144000,61.5005000,-34.6890000,-6.9170000,7.3610000,0.000000,0,0,0
40.100,-0.3768000,0.0712000,9.6708000,62.6907000,62.6221000,61.5234000,-35.3330000,-6.8390000,8.0120000,0.000000,0,0,0
40.110,-0.3780000,0.0748000,9.6708000,62.6755000,62.6144000,61.5311000,-35.0180000,-6.7590000,7.2950000,0.000000,0,0,0
40.120,-0.3780000,0.0772000,9.6708000,62.6678000,62.6297000,61.5387000,-35.0520000,-6.5270000,7.6180000,0.000000,0,0,0
40.130,-0.3780000,0.0772000,9.6696000,62.6678000,62.6526000,61.5463000,-35.2130000,-7.0630000,7.7880000,0.000000,0,0,0
40.140,-0.3780000,0.0760000,9.6720000,62.6602000,62.6678000,61.5463000,-34.9610000,-6.8310000,7.0710000,0.000000,0,0,0
40.150,-0.3768000,0.0724000,9.6732000,62.6678000,62.6984000,61.5463000,-34.9390000,-6.8090000,7.1860000,0.000000,0,0,0
40.160,-0.3768000,0.0712000,9.6696000,62.6678000,62.6984000,61.5387000,-35.0280000,-6.7420000,7.2480000,0.000000,0,0,0
40.170,-0.3768000,0.0700000,9.6708000,62.6602000,62.6984000,61.5387000,-35.0930000,-6.8340000,7.3150000,0.000000,0,0,0
40.180,-0.3768000,0.0700000,9.6720000,62.6602000,62.7060000,61.5311000,-35.2020000,-7.2820000,8.0580000,0.000000,0,0,0
40.190,-0.3780000,0.0700000,9.6732000,62.6678000,62.6984000,61.5311000,-34.7930000,-7.1500000,7.7430000,0.000000,0,0,0
40.200,-0.3804000,0.0724000,9.6708000,62.6602000,62.6678000,61.5234000,-35.1030000,-6.7670000,8.1890000,0.000000,0,0,0
40.210,-0.3840000,0.0736000,9.6660000,62.6068000,62.5610000,61.5158000,-35.1150000,-6.6760000,7.5590000,0.000000,0,0,0
40.220,-0.3840000,0.0736000,9.6648000,62.4924000,62.3550000,61.5082000,-34.9580000,-6.7280000,7.4330000,0.000000,0,0,0
40.230,-0.3828000,0.0724000,9.6648000,62.3550000,62.1490000,61.5005000,-35.1570000,-6.9350000,8.1340000,0.000000,0,0,0
40.240,-0.3792000,0.0712000,9.6636000,62.1948000,61.9583000,61.5005000,-35.2870000,-6.8000000,7.7510000,0.000000,0,0,0
40.250,-0.3768000,0.0724000,9.6624000,62.0422000,61.8210000,61.5005000,-35.3840000,-6.8970000,8.2070000,0.000000,0,0,0
40.260,-0.3744000,0.0736000,9.6636000,61.9125000,61.7142000,61.5005000,-35.0510000,-6.9650000,7.2850000,0.000000,0,0,0
40.270,-0.3708000,0.0724000,9.6672000,61.7981000,61.6455000,61.4853000,-34.8090000,-6.5560000,7.9400000,0.000000,0,0,0
40.280,-0.3649000,0.0748000,9.6696000,61.7523000,61.6379000,61.4471000,-35.1080000,-6.9280000,7.7030000,0.000000,0,0,0
40.290,-0.3517000,0.0831000,9.6708000,61.7599000,61.6989000,61.2488000,-35.1060000,-6.6030000,8.8730000,0.000000,0,0,0
40.300,-0.3445000,0.0831000,9.6756000,61.8210000,61.8057000,60.8902000,-35.2490000,-6.8970000,7.7420000,0.000000,0,0,0
40.310,-0.3445000,0.0724000,9.6768000,61.9125000,61.9125000,60.5316000,-35.3180000,-6.7020000,8.5230000,0.000000,0,0,0
40.320,-0.3481000,0.0616000,9.6756000,62.0041000,61.9965000,60.3027000,-35.1480000,-6.9620000,7.8820000,0.000000,0,0,0
40.330,-0.3493000,0.0580000,9.6732000,62.0804000,62.0575000,60.1654000,-34.8370000,-6.7360000,7.8620000,0.000000,0,0,0
40.340,-0.3517000,0.0580000,9.6720000,62.1567000,62.0956000,60.0586000,-34.9970000,-6.8610000,8.6050000,0.000000,0,0,0
40.350,-0.3589000,0.0508000,9.6720000,62.2101000,62.1262000,60.0357000,-35.1970000,-7.1260000,8.5980000,0.000000,0,0,0
40.360,-0.3673000,0.0389000,9.6720000,62.2330000,62.1643000,60.2264000,-34.9500000,-7.1080000,8.3700000,0.000000,0,0,0
40.370,-0.3685000,0.0353000,9.6720000,62.2406000,62.1948000,60.5621000,-35.3380000,-6.7220000,7.5000000,0.000000,0,0,0
40.380,-0.3649000,0.0377000,9.6708000,62.2101000,62.2559000,60.9131000,-35.3210000,-6.9840000,7.8530000,0.000000,0,0,0
40.390,-0.3613000,0.0389000,9.6720000,62.1643000,62.3169000,61.2030000,-35.2950000,-7.1680000,7.5430000,0.000000,0,0,0
40.400,-0.3577000,0.0401000,9.6732000,62.1338000,62.3703000,61.4090000,-35.3330000,-7.0260000,8.3630000,0.000000,0,0,0
40.410,-0.3529000,0.0437000,9.6696000,62.1109000,62.4084000,61.5387000,-35.4120000,-6.8960000,8.0620000,0.000000,0,0,0
40.420,-0.3505000,0.0461000,9.6684000,62.0728000,62.4466000,61.5997000,-34.9060000,-7.1780000,7.6470000,0.000000,0,0,0
40.430,-0.3493000,0.0473000,9.6696000,62.1185000,62.4542000,61.6150000,-35.1390000,-6.6730000,7.4440000,0.000000,0,0,0
40.440,-0.3505000,0.0473000,9.6708000,62.1948000,62.4466000,61.5997000,-35.2060000,-7.0270000,8.0640000,0.000000,0,0,0
40.450,-0.3493000,0.0484000,9.6720000,62.2177000,62.3856000,61.5692000,-34.8170000,-7.0750000,8.1030000,0.000000,0,0,0
40.460,-0.3493000,0.0473000,9.6708000,62.2177000,62.3245000,61.5234000,-35.0380000,-6.7510000,8.5440000,0.000000,0,0,0
40.470,-0.3481000,0.0473000,9.6684000,62.2101000,62.2711000,61.4777000,-34.9710000,-6.7700000,8.2930000,0.000000,0,0,0
40.480,-0.3481000,0.0437000,9.6684000,62.2253000,62.2940000,61.4624000,-35.1910000,-6.9620000,7.8520000,0.000000,0,0,0
40.490,-0.3457000,0.0413000,9.6684000,62.3016000,62.3322000,61.4624000,-34.8820000,-6.6300000,7.5190000,0.000000,0,0,0
40.500,-0.3481000,0.0413000,9.6672000,62.3703000,62.3245000,61.4624000,-35.2600000,-7.1320000,7.6070000,0.000000,0,0,0
40.510,-0.3457000,0.0401000,9.6672000,62.4161000,62.3322000,61.4700000,-35.4230000,-6.9070000,8.1200000,0.000000,0,0,0
40.520,-0.3433000,0.0389000,9.6672000,62.4695000,62.4008000,61.4853000,-35.1110000,-6.9320000,7.8520000,0.000000,0,0,0
40.530,-0.3409000,0.0401000,9.6672000,62.4847000,62.5153000,61.5005000,-35.1510000,-6.8010000,7.2870000,0.000000,0,0,0
40.540,-0.3409000,0.0401000,9.6660000,62.4695000,62.6221000,61.5005000,-35.1480000,-6.4950000,8.1010000,0.000000,0,0,0
40.550,-0.3433000,0.0389000,9.6660000,62.4847000,62.6831000,61.5005000,-35.3490000,-6.7110000,8.0370000,0.000000,0,0,0
40.560,-0.3457000,0.0377000,9.6672000,62.5305000,62.7060000,61.5005000,-35.4160000,-7.0230000,8.2700000,0.000000,0,0,0
40.570,-0.3469000,0.0365000,9.6696000,62.5687000,62.7060000,61.5082000,-35.3500000,-6.6460000,8.2150000,0.000000,0,0,0
40.580,-0.3469000,0.0365000,9.6696000,62.6068000,62.6907000,61.5082000,-35.2270000,-6.8410000,7.7860000,0.000000,0,0,0
40.590,-0.3457000,0.0365000,9.6696000,62.6373000,62.6831000,61.5005000,-35.0770000,-6.9630000,7.7670000,0.000000,0,0,0
40.600,-0.3445000,0.0353000,9.6696000,62.6602000,62.6678000,61.5005000,-35.3690000,-6.6670000,8.0370000,0.000000,0,0,0
40.610,-0.3457000,0.0353000,9.6696000,62.6755000,62.6526000,61.5005000,-35.3850000,-6.6900000,8.0870000,0.000000,0,0,0
40.620,-0.3457000,0.0341000,9.6684000,62.6831000,62.6450000,61.5082000,-35.1570000,-6.7990000,8.2610000,0.000000,0,0,0
40.630,-0.3469000,0.0341000,9.6672000,62.6907000,62.6373000,61.5082000,-35.3190000,-6.9480000,7.9200000,0.000000,0,0,0
40.640,-0.3469000,0.0365000,9.6660000,62.6907000,62.6297000,61.5082000,-35.3200000,-6.9050000,8.2160000,0.000000,0,0,0
40.650,-0.3469000,0.0365000,9.6672000,62.6984000,62.6297000,61.5082000,-34.9340000,-7.0920000,8.1850000,0.000000,0,0,0
40.660,-0.3457000,0.0377000,9.6672000,62.7060000,62.6297000,61.5082000,-35.1290000,-7.0430000,8.2680000,0.000000,0,0,0
40.670,-0.3457000,0.0377000,9.6672000,62.6984000,62.6297000,61.5005000,-35.2110000,-6.6230000,7.3330000,0.000000,0,0,0
40.680,-0.3457000,0.0389000,9.6672000,62.6907000,62.6297000,61.5005000,-35.3320000,-6.8160000,7.5840000,0.000000,0,0,0
40.690,-0.3457000,0.0389000,9.6672000,62.6907000,62.6297000,61.4929000,-34.8840000,-6.6820000,7.4220000,0.000000,0,0,0
40.700,-0.3457000,0.0377000,9.6672000,62.6907000,62.6373000,61.5005000,-35.0080000,-6.8210000,7.6160000,0.000000,0,0,0
40.710,-0.3433000,0.0365000,9.6684000,62.6984000,62.6373000,61.5005000,-35.1890000,-6.9600000,7.7050000,0.000000,0,0,0
40.720,-0.3433000,0.0365000,9.6696000,62.7060000,62.6450000,61.4929000,-35.1570000,-6.9860000,7.7730000,0.000000,0,0,0
40.730,-0.3445000,0.0377000,9.6696000,62.7060000,62.6450000,61.5005000,-35.0650000,-6.8270000,7.7450000,0.000000,0,0,0
40.740,-0.3457000,0.0377000,9.6708000,62.7060000,62.6450000,61.5082000,-35.3160000,-6.7930000,8.3270000,0.000000,0,0,0
40.750,-0.3457000,0.0377000,9.6696000,62.7136000,62.6526000,61.5082000,-35.2240000,-6.8590000,8.4230000,0.000000,0,0,0
40.760,-0.3457000,0.0365000,9.6684000,62.7136000,62.6602000,61.5082000,-35.4670000,-6.6570000,8.1290000,0.000000,0,0,0
40.770,-0.3445000,0.0365000,9.6684000,62.7060000,62.6602000,61.5082000,-35.0190000,-6.6810000,7.8090000,0.000000,0,0,0
40.780,-0.3433000,0.0365000,9.6684000,62.6984000,62.6602000,61.5082000,-35.2890000,-6.8530000,7.8930000,0.000000,0,0,0
40.790,-0.3421000,0.0365000,9.6684000,62.6984000,62.6678000,61.5082000,-35.2130000,-6.8690000,8.2050000,0.000000,0,0,0
40.800,-0.3421000,0.0353000,9.6696000,62.6984000,62.6678000,61.5082000,-34.9270000,-6.7760000,7.9190000,0.000000,0,0,0
40.810,-0.3421000,0.0353000,9.6684000,62.6984000,62.6678000,61.5082000,-35.0410000,-7.0420000,7.5780000,0.000000,0,0,0
40.820,-0.3421000,0.0353000,9.6684000,62.7060000,62.6678000,61.5005000,-34.9860000,-6.9370000,7.2760000,0.000000,0,0,0
40.830,-0.3421000,0.0341000,9.6672000,62.7060000,62.6678000,61.4929000,-35.0420000,-6.8980000,8.4320000,0.000000,0,0,0
40.840,-0.3421000,0.0353000,9.6684000,62.7060000,62.6755000,61.4929000,-35.0110000,-6.8240000,7.9310000,0.000000,0,0,0
40.850,-0.3421000,0.0353000,9.6696000,62.7136000,62.6678000,61.4929000,-35.3200000,-7.0050000,7.7220000,0.000000,0,0,0
40.860,-0.3433000,0.0365000,9.6696000,62.7136000,62.6678000,61.5005000,-35.5160000,-7.0370000,7.6180000,0.000000,0,0,0
40.870,-0.3433000,0.0389000,9.6696000,62.7213000,62.6602000,61.5082000,-35.1190000,-7.0840000,7.4620000,0.000000,0,0,0
40.880,-0.3433000,0.0389000,9.6696000,62.7136000,62.6678000,61.5082000,-35.1440000,-7.0590000,7.8560000,0.000000,0,0,0
40.890,-0.3433000,0.0377000,9.6696000,62.7136000,62.6755000,61.5082000,-35.0880000,-7.1400000,7.3500000,0.000000,0,0,0
40.900,-0.3445000,0.0377000,9.6708000,62.7060000,62.6755000,61.5082000,-34.9440000,-7.0950000,8.1330000,0.000000,0,0,0
40.910,-0.3445000,0.0389000,9.6732000,62.6984000,62.6678000,61.5082000,-34.7840000,-6.8990000,8.1170000,0.000000,0,0,0
40.920,-0.3457000,0.0389000,9.6732000,62.6984000,62.6678000,61.5158000,-34.9820000,-6.9310000,7.4270000,0.000000,0,0,0
40.930,-0.3469000,0.0389000,9.6720000,62.7060000,62.6678000,61.5082000,-35.0050000,-7.1560000,7.7620000,0.000000,0,0,0
40.940,-0.3469000,0.0389000,9.6708000,62.6984000,62.6678000,61.5082000,-34.9090000,-6.7370000,8.0940000,0.000000,0,0,0
40.950,-0.3457000,0.0377000,9.6684000,62.6984000,62.6678000,61.5005000,-35.0710000,-6.9630000,8.3700000,0.000000,0,0,0
40.960,-0.3445000,0.0377000,9.6672000,62.6984000,62.6755000,61.5005000,-35.2430000,-6.8990000,7.8770000,0.000000,0,0,0
40.970,-0.3445000,0.0365000,9.6672000,62.6984000,62.6755000,61.5005000,-35.3960000,-6.7520000,8.1730000,0.000000,0,0,0
40.980,-0.3433000,0.0365000,9.6684000,62.6984000,62.6755000,61.5005000,-35.3420000,-6.8410000,6.9960000,0.000000,0,0,0
40.990,-0.3433000,0.0377000,9.6684000,62.6984000,62.6755000,61.5082000,-34.7380000,-7.1320000,7.2810000,0.000000,0,0,0
41.000,-0.3433000,0.0389000,9.6696000,62.6984000,62.6678000,61.5082000,-35.1680000,-6.9960000,7.7970000,0.000000,0,0,0
41.010,-0.3433000,0.0401000,9.6684000,62.6984000,62.6678000,61.5158000,-35.0120000,-6.9120000,7.3950000,0.000000,0,0,0
41.020,-0.3433000,0.0401000,9.6684000,62.7060000,62.6602000,61.5158000,-34.8960000,-7.0680000,7.0020000,0.000000,0,0,0
41.030,-0.3433000,0.0401000,9.6684000,62.7136000,62.6678000,61.5158000,-34.7510000,-6.8010000,8.3540000,0.000000,0,0,0
41.040,-0.3433000,0.0389000,9.6684000,62.7136000,62.6678000,61.5158000,-35.0960000,-6.6870000,7.9220000,0.000000,0,0,0
41.050,-0.3433000,0.0365000,9.6684000,62.7136000,62.6755000,61.5158000,-35.3350000,-6.9410000,7.5740000,0.000000,0,0,0
41.060,-0.3433000,0.0365000,9.6684000,62.7136000,62.6755000,61.5158000,-35.3180000,-6.9740000,8.0270000,0.000000,0,0,0
41.070,-0.3433000,0.0377000,9.6672000,62.7136000,62.6831000,61.5158000,-35.4320000,-6.8080000,7.5140000,0.000000,0,0,0
41.080,-0.3421000,0.0377000,9.6672000,62.7136000,62.6831000,61.5158000,-35.4770000,-6.9130000,7.1270000,0.000000,0,0,0
41.090,-0.3421000,0.0377000,9.6660000,62.7213000,62.6831000,61.5082000,-35.1150000,-6.7070000,7.5900000,0.000000,0,0,0
41.100,-0.3433000,0.0365000,9.6648000,62.7136000,62.6755000,61.5082000,-35.5350000,-6.8270000,7.3670000,0.000000,0,0,0
41.110,-0.3433000,0.0353000,9.6648000,62.7136000,62.6831000,61.5005000,-35.2980000,-6.9410000,7.7940000,0.000000,0,0,0
41.120,-0.3445000,0.0365000,9.6648000,62.7136000,62.6831000,61.5005000,-35.4180000,-6.9970000,7.2040000,0.000000,0,0,0
41.130,-0.3433000,0.0365000,9.6636000,62.7060000,62.6831000,61.5005000,-35.0550000,-6.9830000,7.6110000,0.000000,0,0,0
41.140,-0.3421000,0.0377000,9.6624000,62.7060000,62.6755000,61.5082000,-34.9410000,-6.7180000,7.9520000,0.000000,0,0,0
41.150,-0.3433000,0.0365000,9.6636000,62.7060000,62.6831000,61.5158000,-35.0730000,-6.6350000,7.8820000,0.000000,0,0,0
41.160,-0.3445000,0.0365000,9.6660000,62.7060000,62.6831000,61.5158000,-35.1940000,-6.7560000,8.1890000,0.000000,0,0,0
41.170,-0.3445000,0.0365000,9.6672000,62.7060000,62.6831000,61.5158000,-35.2940000,-6.7560000,7.4790000,0.000000,0,0,0
41.180,-0.3433000,0.0365000,9.6672000,62.7060000,62.6831000,61.5158000,-35.1680000,-6.8750000,8.3350000,0.000000,0,0,0
41.190,-0.3433000,0.0365000,9.6684000,62.7136000,62.6831000,61.5082000,-35.0730000,-6.6500000,7.4900000,0.000000,0,0,0
41.200,-0.3433000,0.0365000,9.6684000,62.7136000,62.6755000,61.5082000,-35.0960000,-6.7800000,7.9640000,0.000000,0,0,0
41.210,-0.3421000,0.0365000,9.6696000,62.7136000,62.6755000,61.5005000,-35.1320000,-6.6960000,8.2590000,0.000000,0,0,0
41.220,-0.3409000,0.0365000,9.6684000,62.7136000,62.6678000,61.5005000,-35.1420000,-6.7420000,8.0940000,0.000000,0,0,0
41.230,-0.3397000,0.0377000,9.6684000,62.7136000,62.6755000,61.5005000,-35.0930000,-6.8200000,7.6580000,0.000000,0,0,0
41.240,-0.3409000,0.0353000,9.6672000,62.6755000,62.6984000,61.5082000,-35.1620000,-6.6460000,8.0550000,0.000000,0,0,0
41.250,-0.3421000,0.0353000,9.6684000,62.6755000,62.7060000,61.5158000,-35.1590000,-6.8300000,7.8190000,0.000000,0,0,0
41.260,-0.3421000,0.0353000,9.6696000,62.6831000,62.6984000,61.5234000,-35.0910000,-6.7240000,7.3570000,0.000000,0,0,0
