time,accel_x,accel_y,accel_z,gyro_x,gyro_y,gyro_z,mag_x,mag_y,mag_z,baro,gps_lat,gps_lon,gps_alt
0.780,-0.2763000,0.1148000,9.5583000,58.5938000,55.7632000,61.6608000,-40.4690000,-10.9120000,6.7660000,0.000000,0,0,0
0.790,-0.2763000,0.1148000,9.5583000,58.5938000,55.7632000,61.6608000,-40.4690000,-10.9120000,6.7660000,0.000000,0,0,0
0.800,-0.2955000,0.0754000,9.5536000,57.7011000,55.4123000,61.1496000,-40.2320000,-10.8320000,6.6120000,0.000000,0,0,0
0.810,-0.3063000,0.0167000,9.5560000,56.8619000,54.8935000,60.8597000,-40.4970000,-10.8400000,5.9080000,0.000000,0,0,0
0.820,-0.3098000,-0.0502000,9.5667000,56.5109000,54.1840000,60.6995000,-40.0420000,-10.8580000,6.5200000,0.000000,0,0,0
0.830,-0.3015000,-0.1172000,9.5763000,56.6483000,53.2913000,60.6003000,-40.2990000,-10.5040000,5.8200000,0.000000,0,0,0
0.840,-0.2823000,-0.1687000,9.5847000,56.9611000,52.3300000,60.5774000,-40.3800000,-10.7800000,6.4190000,0.000000,0,0,0
0.850,-0.2476000,-0.1998000,9.6002000,57.3807000,51.5213000,60.6155000,-40.6310000,-10.7730000,6.4730000,0.000000,0,0,0
0.860,-0.1974000,-0.2153000,9.6218000,57.7774000,51.1017000,60.7605000,-40.3870000,-10.5620000,5.7980000,0.000000,0,0,0
0.870,-0.1412000,-0.2225000,9.6445000,57.8995000,51.2695000,61.0733000,-40.0470000,-10.9850000,5.7380000,0.000000,0,0,0
0.880,-0.0897000,-0.2261000,9.6576000,57.8079000,51.8875000,61.4243000,-40.4930000,-10.5620000,5.8750000,0.000000,0,0,0
0.890,-0.0634000,-0.2165000,9.6576000,57.6477000,52.6047000,61.6608000,-40.1930000,-10.7570000,5.4160000,0.000000,0,0,0
0.900,-0.0658000,-0.1890000,9.6469000,57.5562000,53.1006000,61.6989000,-39.9510000,-10.9810000,6.3410000,0.000000,0,0,0
0.910,-0.0921000,-0.1424000,9.6301000,57.6859000,53.2074000,61.5005000,-40.3270000,-10.3590000,5.7660000,0.000000,0,0,0
0.920,-0.1268000,-0.0802000,9.6098000,57.9453000,52.9785000,61.1572000,-40.0970000,-10.4750000,5.2110000,0.000000,0,0,0
0.930,-0.1579000,-0.0215000,9.5895000,58.2047000,52.4979000,60.7758000,-40.4340000,-10.5470000,5.4580000,0.000000,0,0,0
0.940,-0.1771000,0.0144000,9.5823000,58.4030000,51.9485000,60.3561000,-40.5190000,-10.5310000,5.5970000,0.000000,0,0,0
0.950,-0.1818000,0.0227000,9.5847000,58.4793000,51.5976000,59.8297000,-40.3010000,-10.6780000,6.1680000,0.000000,0,0,0
0.960,-0.1818000,0.0108000,9.5930000,58.3649000,51.6205000,59.2194000,-40.3860000,-10.6280000,5.5190000,0.000000,0,0,0
0.970,-0.1806000,-0.0526000,9.6038000,57.8156000,52.2537000,58.7158000,-40.1290000,-10.5630000,5.3970000,0.000000,0,0,0
0.980,-0.1675000,-0.1125000,9.6134000,57.3883000,52.6962000,58.7769000,-40.3220000,-10.3910000,5.7300000,0.000000,0,0,0
0.990,-0.1436000,-0.1663000,9.6229000,57.1518000,52.9785000,58.9905000,-40.4930000,-10.6780000,5.7750000,0.000000,0,0,0
1.000,-0.1160000,-0.1986000,9.6289000,57.2281000,53.0014000,59.1660000,-40.3220000,-10.5930000,5.5140000,0.000000,0,0,0
1.010,-0.1005000,-0.1890000,9.6277000,57.5180000,52.8336000,59.2422000,-40.4960000,-10.8240000,5.3900000,0.000000,0,0,0
1.020,-0.1017000,-0.1519000,9.6182000,57.8537000,52.5131000,59.3338000,-40.3430000,-10.5260000,5.6810000,0.000000,0,0,0
1.030,-0.1184000,-0.1125000,9.6074000,58.0673000,52.1469000,59.5169000,-40.5480000,-10.6390000,5.3520000,0.000000,0,0,0
1.040,-0.1495000,-0.0825000,9.5978000,58.1589000,51.7731000,59.7534000,-40.6620000,-10.8400000,5.3490000,0.000000,0,0,0
1.050,-0.1854000,-0.0802000,9.5942000,58.1512000,51.4374000,59.9899000,-40.4630000,-10.6480000,5.2070000,0.000000,0,0,0
1.060,-0.2082000,-0.1017000,9.5954000,57.9987000,51.2924000,60.2646000,-40.3210000,-10.5700000,5.4240000,0.000000,0,0,0
1.070,-0.2082000,-0.1256000,9.6002000,57.7621000,51.3458000,60.5164000,-40.8730000,-10.9740000,5.7950000,0.000000,0,0,0
1.080,-0.1854000,-0.1364000,9.6062000,57.5485000,51.5747000,60.7071000,-40.4280000,-10.6470000,6.3020000,0.000000,0,0,0
1.090,-0.1483000,-0.1316000,9.6134000,57.3883000,51.9485000,60.8673000,-40.5360000,-10.7060000,6.3370000,0.000000,0,0,0
1.100,-0.1125000,-0.1208000,9.6194000,57.2968000,52.4292000,61.0275000,-40.1790000,-10.7210000,6.4890000,0.000000,0,0,0
1.110,-0.0873000,-0.1113000,9.6241000,57.3044000,52.8412000,61.1649000,-40.4740000,-10.6580000,6.0750000,0.000000,0,0,0
1.120,-0.0766000,-0.1101000,9.6253000,57.4570000,53.0853000,61.1801000,-40.4480000,-11.0770000,5.5380000,0.000000,0,0,0
1.130,-0.0813000,-0.1065000,9.6218000,57.7164000,53.1540000,60.9894000,-40.4650000,-10.6990000,5.3650000,0.000000,0,0,0
1.140,-0.0981000,-0.0945000,9.6158000,57.9071000,53.1540000,60.7071000,-40.4180000,-10.3440000,5.5640000,0.000000,0,0,0
1.150,-0.1268000,-0.0825000,9.6110000,57.8995000,53.2150000,60.5469000,-40.5610000,-10.5870000,5.1840000,0.000000,0,0,0
1.160,-0.1543000,-0.0849000,9.6062000,57.7316000,53.3371000,60.6232000,-40.4600000,-10.2190000,6.2190000,0.000000,0,0,0
1.170,-0.1735000,-0.0993000,9.6014000,57.4417000,53.4668000,60.8521000,-40.3990000,-10.6340000,5.7940000,0.000000,0,0,0
1.180,-0.1842000,-0.1101000,9.5990000,57.1365000,53.5202000,61.0962000,-40.4490000,-10.4540000,5.8500000,0.000000,0,0,0
1.190,-0.1842000,-0.1077000,9.6014000,56.9153000,53.5278000,61.2564000,-40.7040000,-10.8110000,6.7110000,0.000000,0,0,0
1.200,-0.1782000,-0.0945000,9.6026000,56.8085000,53.5126000,61.2793000,-40.6860000,-10.7150000,6.7900000,0.000000,0,0,0
1.210,-0.1699000,-0.0718000,9.6002000,56.7932000,53.3905000,61.1267000,-40.7800000,-10.7860000,6.8060000,0.000000,0,0,0
1.220,-0.1639000,-0.0467000,9.5954000,56.8390000,53.1387000,60.8444000,-40.7780000,-10.9210000,6.0550000,0.000000,0,0,0
1.230,-0.1615000,-0.0275000,9.5930000,56.9534000,52.7725000,60.4401000,-40.4930000,-10.9360000,6.6760000,0.000000,0,0,0
1.240,-0.1543000,-0.0191000,9.5966000,57.0908000,52.4521000,59.9670000,-40.6060000,-10.7040000,7.2180000,0.000000,0,0,0
1.250,-0.1519000,-0.0263000,9.6002000,57.0984000,52.3834000,59.5703000,-40.1240000,-10.8760000,6.2610000,0.000000,0,0,0
1.260,-0.1424000,-0.0490000,9.6062000,56.9992000,52.5436000,59.2651000,-40.3030000,-10.8240000,5.9370000,0.000000,0,0,0
1.270,-0.1244000,-0.0837000,9.6110000,56.8695000,52.8259000,59.0897000,-40.6380000,-10.8020000,6.1690000,0.000000,0,0,0
1.280,-0.1053000,-0.1232000,9.6170000,56.7703000,53.0624000,59.0363000,-40.5980000,-11.1000000,5.4460000,0.000000,0,0,0
1.290,-0.0873000,-0.1723000,9.6241000,56.8085000,53.1693000,59.1202000,-40.7170000,-10.6140000,5.6270000,0.000000,0,0,0
1.300,-0.0706000,-0.2213000,9.6301000,57.0221000,53.1387000,59.2575000,-40.7480000,-10.7680000,5.2190000,0.000000,0,0,0
1.310,-0.0658000,-0.2536000,9.6349000,57.3196000,53.0930000,59.4101000,-40.6540000,-10.6380000,5.8800000,0.000000,0,0,0
1.320,-0.0718000,-0.2596000,9.6373000,57.6324000,53.0930000,59.5932000,-40.8500000,-10.7280000,6.1370000,0.000000,0,0,0
1.330,-0.0885000,-0.2428000,9.6361000,57.8461000,53.2227000,59.8679000,-40.6730000,-11.0320000,5.4600000,0.000000,0,0,0
1.340,-0.1065000,-0.2058000,9.6289000,57.9147000,53.4210000,60.1959000,-40.9020000,-10.7430000,6.0330000,0.000000,0,0,0
1.350,-0.1232000,-0.1627000,9.6194000,57.9071000,53.6118000,60.4706000,-40.8180000,-10.8750000,6.1680000,0.000000,0,0,0
1.360,-0.1388000,-0.1244000,9.6098000,57.8995000,53.6728000,60.6079000,-40.5880000,-10.7650000,5.9670000,0.000000,0,0,0
1.370,-0.1483000,-0.0933000,9.6026000,57.8461000,53.6041000,60.6232000,-40.7520000,-10.9240000,5.8500000,0.000000,0,0,0
1.380,-0.1591000,-0.0778000,9.5978000,57.7927000,53.3829000,60.5469000,-40.6200000,-10.6110000,6.1100000,0.000000,0,0,0
1.390,-0.1699000,-0.0802000,9.5918000,57.7698000,52.9861000,60.4019000,-40.6480000,-10.8270000,5.2460000,0.000000,0,0,0
1.400,-0.1830000,-0.0873000,9.5883000,57.7774000,52.5055000,60.2493000,-40.7800000,-10.8590000,5.8480000,0.000000,0,0,0
1.410,-0.1890000,-0.0897000,9.5895000,57.7927000,52.0554000,60.1425000,-40.6080000,-10.4620000,6.1670000,0.000000,0,0,0
1.420,-0.1866000,-0.0933000,9.5942000,57.7469000,51.7654000,60.1883000,-40.5100000,-10.6020000,6.0930000,0.000000,0,0,0
1.430,-0.1759000,-0.1017000,9.6026000,57.6324000,51.7197000,60.4095000,-40.6540000,-10.7450000,5.9830000,0.000000,0,0,0
1.440,-0.1531000,-0.1160000,9.6122000,57.5027000,51.8417000,60.6918000,-40.7880000,-10.6080000,5.6850000,0.000000,0,0,0
1.450,-0.1244000,-0.1292000,9.6218000,57.3730000,52.1164000,60.9055000,-40.8510000,-10.8430000,5.7200000,0.000000,0,0,0
1.460,-0.1005000,-0.1400000,9.6277000,57.2815000,52.4826000,60.9741000,-40.8020000,-10.6080000,6.0960000,0.000000,0,0,0
1.470,-0.0861000,-0.1424000,9.6289000,57.2205000,52.8717000,60.9055000,-40.6880000,-10.6650000,6.6120000,0.000000,0,0,0
1.480,-0.0897000,-0.1280000,9.6229000,57.1671000,53.3829000,60.6918000,-40.5470000,-10.5450000,5.7740000,0.000000,0,0,0
1.490,-0.1125000,-0.1125000,9.6134000,57.1976000,53.5202000,60.5392000,-40.5550000,-10.7610000,5.7390000,0.000000,0,0,0
1.500,-0.1364000,-0.0981000,9.6038000,57.2815000,53.4439000,60.3561000,-40.4000000,-10.5710000,5.5850000,0.000000,0,0,0
1.510,-0.1603000,-0.0909000,9.5966000,57.3349000,53.2455000,60.1807000,-40.7210000,-10.5400000,6.1250000,0.000000,0,0,0
1.520,-0.1711000,-0.0933000,9.5966000,57.3578000,53.0014000,60.0586000,-40.6700000,-10.9480000,6.1840000,0.000000,0,0,0
1.530,-0.1711000,-0.1089000,9.6002000,57.3654000,52.7725000,59.9899000,-40.3880000,-10.9670000,6.4650000,0.000000,0,0,0
1.540,-0.1627000,-0.1232000,9.6026000,57.4036000,52.5284000,59.9060000,-40.2740000,-10.9100000,5.9500000,0.000000,0,0,0
1.550,-0.1507000,-0.1316000,9.6074000,57.4570000,52.3148000,59.8221000,-40.6260000,-10.6960000,6.0020000,0.000000,0,0,0
1.560,-0.1376000,-0.1364000,9.6110000,57.5027000,52.1622000,59.7839000,-40.4830000,-10.9190000,5.9380000,0.000000,0,0,0
1.570,-0.1232000,-0.1436000,9.6146000,57.5333000,52.0554000,59.8450000,-40.9660000,-10.7790000,5.9100000,0.000000,0,0,0
1.580,-0.1113000,-0.1531000,9.6194000,57.6019000,51.9867000,59.9747000,-40.8050000,-11.0910000,6.2690000,0.000000,0,0,0
1.590,-0.1005000,-0.1651000,9.6241000,57.6935000,52.0020000,60.1578000,-41.0050000,-10.9040000,6.2890000,0.000000,0,0,0
1.600,-0.0945000,-0.1711000,9.6253000,57.7545000,52.1317000,60.3409000,-40.4830000,-10.9190000,6.1140000,0.000000,0,0,0
1.610,-0.0993000,-0.1699000,9.6218000,57.7393000,52.2842000,60.5621000,-40.6460000,-10.6300000,6.3740000,0.000000,0,0,0
1.620,-0.1101000,-0.1639000,9.6182000,57.6935000,52.4216000,60.8368000,-40.7180000,-10.6090000,6.1130000,0.000000,0,0,0
1.630,-0.1184000,-0.1519000,9.6134000,57.6859000,52.5436000,61.0962000,-40.4270000,-10.6690000,6.3880000,0.000000,0,0,0
1.640,-0.1196000,-0.1328000,9.6110000,57.7087000,52.6581000,61.2335000,-40.9160000,-10.4270000,5.6570000,0.000000,0,0,0
1.650,-0.1148000,-0.1041000,9.6086000,57.6630000,52.8030000,61.2717000,-40.8360000,-10.6130000,5.7160000,0.000000,0,0,0
1.660,-0.1136000,-0.0825000,9.6074000,57.5409000,52.9556000,61.2869000,-40.5380000,-10.7150000,5.9040000,0.000000,0,0,0
1.670,-0.1136000,-0.0802000,9.6062000,57.4112000,53.0624000,61.3174000,-40.4570000,-10.8860000,5.7220000,0.000000,0,0,0
1.680,-0.1148000,-0.0969000,9.6026000,57.3502000,53.1006000,61.3861000,-40.4990000,-10.7770000,5.6910000,0.000000,0,0,0
1.690,-0.1172000,-0.1125000,9.6038000,57.5180000,52.8336000,61.5463000,-40.3920000,-10.8570000,5.8330000,0.000000,0,0,0
1.700,-0.1148000,-0.1160000,9.6098000,57.7164000,52.5742000,61.7371000,-40.4070000,-10.6990000,6.0190000,0.000000,0,0,0
1.710,-0.1136000,-0.1125000,9.6122000,57.7698000,52.4979000,61.8210000,-40.4560000,-10.8120000,6.1130000,0.000000,0,0,0
1.720,-0.1196000,-0.1077000,9.6098000,57.7240000,52.5208000,61.7676000,-40.5060000,-10.9130000,6.2440000,0.000000,0,0,0
1.730,-0.1232000,-0.0993000,9.6086000,57.6782000,52.5589000,61.5616000,-40.4580000,-10.9730000,6.3130000,0.000000,0,0,0
1.740,-0.1196000,-0.0897000,9.6086000,57.5943000,52.6276000,61.2411000,-40.3480000,-11.0500000,5.7440000,0.000000,0,0,0
1.750,-0.1089000,-0.0909000,9.6122000,57.4951000,52.7496000,60.8292000,-40.2260000,-10.8980000,5.4220000,0.000000,0,0,0
1.760,-0.1053000,-0.1065000,9.6122000,57.4188000,52.9251000,60.3714000,-40.8140000,-11.1360000,5.3330000,0.000000,0,0,0
1.770,-0.1077000,-0.1256000,9.6134000,57.4265000,53.1693000,59.8907000,-40.5890000,-11.1480000,5.5930000,0.000000,0,0,0
1.780,-0.1041000,-0.1412000,9.6194000,57.6859000,53.7338000,59.2041000,-40.5000000,-11.0530000,6.5970000,0.000000,0,0,0
1.790,-0.1005000,-0.1543000,9.6122000,57.9300000,54.1229000,58.5785000,-40.5470000,-10.9830000,6.4710000,0.000000,0,0,0
1.800,-0.1352000,-0.1519000,9.6002000,57.8308000,54.0466000,58.9600000,-40.5360000,-10.9430000,6.4160000,0.000000,0,0,0
1.810,-0.1352000,-0.1424000,9.6038000,57.7927000,53.7186000,59.9442000,-40.5620000,-10.7750000,6.4010000,0.000000,0,0,0
1.820,-0.1232000,-0.1471000,9.6026000,57.8308000,53.4744000,60.6689000,-40.4760000,-10.9910000,6.3610000,0.000000,0,0,0
1.830,-0.1184000,-0.1531000,9.6026000,57.9071000,53.1998000,60.8902000,-40.5120000,-10.7110000,5.8980000,0.000000,0,0,0
1.840,-0.1184000,-0.1471000,9.6086000,58.0139000,52.9861000,60.9589000,-40.1690000,-10.9340000,6.7160000,0.000000,0,0,0
1.850,-0.1208000,-0.1436000,9.6134000,57.9529000,53.0777000,61.1725000,-40.2540000,-10.7960000,6.4980000,0.000000,0,0,0
1.860,-0.1208000,-0.1483000,9.6158000,57.7240000,53.3524000,61.4548000,-40.3880000,-11.2770000,5.6290000,0.000000,0,0,0
1.870,-0.1148000,-0.1567000,9.6194000,57.4493000,53.6575000,61.6760000,-40.5570000,-11.0370000,5.4980000,0.000000,0,0,0
1.880,-0.1125000,-0.1603000,9.6206000,57.3502000,53.8483000,61.7981000,-40.7030000,-11.0110000,5.8480000,0.000000,0,0,0
1.890,-0.1077000,-0.1555000,9.6194000,57.4875000,53.8330000,61.7981000,-40.7470000,-10.8750000,5.6420000,0.000000,0,0,0
1.900,-0.1041000,-0.1424000,9.6146000,57.7393000,53.6957000,61.7218000,-40.5760000,-11.0840000,5.6870000,0.000000,0,0,0
1.910,-0.1101000,-0.1196000,9.6086000,57.9605000,53.4821000,61.6379000,-40.2070000,-10.9220000,5.7850000,0.000000,0,0,0
1.920,-0.1160000,-0.0993000,9.6062000,58.0444000,53.3142000,61.6226000,-40.5460000,-10.5650000,5.4200000,0.000000,0,0,0
1.930,-0.1268000,-0.0921000,9.6050000,58.0139000,53.2761000,61.6531000,-40.6120000,-10.6100000,5.6210000,0.000000,0,0,0
1.940,-0.1388000,-0.0957000,9.6038000,57.9300000,53.3600000,61.6913000,-40.3230000,-10.7290000,4.9230000,0.000000,0,0,0
1.950,-0.1507000,-0.1077000,9.6038000,57.8232000,53.4897000,61.7371000,-40.2330000,-10.8470000,6.3010000,0.000000,0,0,0
1.960,-0.1567000,-0.1196000,9.6038000,57.7011000,53.6041000,61.7523000,-40.4360000,-10.7850000,5.7110000,0.000000,0,0,0
1.970,-0.1543000,-0.1316000,9.6062000,57.5867000,53.5583000,61.6913000,-40.5730000,-10.6280000,6.0300000,0.000000,0,0,0
1.980,-0.1436000,-0.1364000,9.6062000,57.5027000,53.3524000,61.5692000,-40.4730000,-10.9450000,6.6120000,0.000000,0,0,0
1.990,-0.1280000,-0.1340000,9.6074000,57.4799000,53.0624000,61.3632000,-40.3810000,-10.9030000,6.1190000,0.000000,0,0,0
2.000,-0.1089000,-0.1184000,9.6098000,57.5333000,52.6505000,60.9131000,-40.7670000,-11.0680000,6.8270000,0.000000,0,0,0
2.010,-0.1053000,-0.0993000,9.6086000,57.6324000,52.4521000,60.6079000,-40.4470000,-10.9990000,6.3950000,0.000000,0,0,0
2.020,-0.1065000,-0.0778000,9.6050000,57.7698000,52.3224000,60.4172000,-40.5190000,-11.1200000,6.0780000,0.000000,0,0,0
2.030,-0.1065000,-0.0562000,9.6026000,57.8995000,52.2690000,60.3943000,-40.4610000,-11.1340000,6.4640000,0.000000,0,0,0
2.040,-0.1017000,-0.0395000,9.6038000,57.9300000,52.3529000,60.5164000,-40.5270000,-10.7980000,6.3870000,0.000000,0,0,0
2.050,-0.0945000,-0.0443000,9.6062000,57.8842000,52.5360000,60.7147000,-40.4440000,-10.5270000,5.6810000,0.000000,0,0,0
2.060,-0.0981000,-0.0718000,9.6074000,57.7698000,52.6810000,60.9741000,-40.6640000,-10.9430000,6.2140000,0.000000,0,0,0
2.070,-0.1113000,-0.1125000,9.6086000,57.6630000,52.6886000,61.2335000,-40.7150000,-10.8650000,6.1100000,0.000000,0,0,0
2.080,-0.1208000,-0.1495000,9.6122000,57.6477000,52.5436000,61.3937000,-40.5220000,-10.7940000,6.6100000,0.000000,0,0,0
2.090,-0.1316000,-0.1675000,9.6134000,57.6935000,52.3682000,61.3480000,-40.6910000,-10.6040000,6.3220000,0.000000,0,0,0
2.100,-0.1448000,-0.1615000,9.6122000,57.6935000,52.3453000,61.1725000,-40.6640000,-10.6480000,5.9920000,0.000000,0,0,0
2.110,-0.1555000,-0.1388000,9.6086000,57.5867000,52.4597000,61.0352000,-40.5550000,-10.8780000,6.0320000,0.000000,0,0,0
2.120,-0.1627000,-0.1184000,9.6026000,57.4188000,52.5970000,61.0352000,-40.6560000,-10.9920000,5.9160000,0.000000,0,0,0
2.130,-0.1615000,-0.1089000,9.5990000,57.2968000,52.6505000,61.1115000,-40.5470000,-10.9910000,6.2340000,0.000000,0,0,0
2.140,-0.1591000,-0.1089000,9.5954000,57.2586000,52.5208000,61.2106000,-40.5200000,-10.9850000,5.8890000,0.000000,0,0,0
2.150,-0.1543000,-0.1160000,9.5954000,57.3120000,52.1545000,61.3022000,-40.6330000,-10.9480000,6.0680000,0.000000,0,0,0
2.160,-0.1459000,-0.1220000,9.5990000,57.4722000,51.5823000,61.3403000,-40.7020000,-11.0390000,6.4000000,0.000000,0,0,0
2.170,-0.1268000,-0.1256000,9.6038000,57.7011000,50.8652000,61.2793000,-40.8130000,-10.6180000,5.4430000,0.000000,0,0,0
2.180,-0.1017000,-0.1328000,9.6110000,57.9453000,50.2090000,61.0657000,-40.3640000,-10.9790000,5.9620000,0.000000,0,0,0
2.190,-0.0813000,-0.1376000,9.6158000,58.1436000,49.7894000,60.7529000,-40.6200000,-10.8330000,5.6810000,0.000000,0,0,0
2.200,-0.0754000,-0.1400000,9.6182000,58.2047000,49.6674000,60.4706000,-40.4220000,-11.0000000,5.6580000,0.000000,0,0,0
2.210,-0.0790000,-0.1400000,9.6194000,58.1207000,49.8810000,60.3027000,-40.5900000,-10.9470000,6.0560000,0.000000,0,0,0
2.220,-0.0861000,-0.1436000,9.6122000,57.8766000,50.3998000,60.3104000,-40.8440000,-11.1310000,6.0920000,0.000000,0,0,0
2.230,-0.0993000,-0.1567000,9.6014000,57.6172000,50.9262000,60.4935000,-40.5440000,-11.1240000,5.9700000,0.000000,0,0,0
2.240,-0.0969000,-0.1711000,9.5942000,57.5104000,51.2085000,60.7452000,-40.4150000,-10.9230000,6.0230000,0.000000,0,0,0
2.250,-0.0861000,-0.1771000,9.5930000,57.5104000,51.2695000,60.9131000,-40.6310000,-10.7440000,5.5850000,0.000000,0,0,0
2.260,-0.0766000,-0.1759000,9.5978000,57.5333000,51.2619000,60.9818000,-40.4850000,-11.0440000,5.3670000,0.000000,0,0,0
2.270,-0.0598000,-0.1651000,9.6038000,57.5409000,51.3306000,61.0046000,-40.6510000,-10.7000000,5.3250000,0.000000,0,0,0
2.280,-0.0347000,-0.1567000,9.6122000,57.5180000,51.5213000,60.9970000,-40.6030000,-11.2980000,5.6460000,0.000000,0,0,0
2.290,-0.0084000,-0.1459000,9.6206000,57.5485000,51.8112000,60.8597000,-40.6650000,-11.0290000,5.7430000,0.000000,0,0,0
2.300,0.0108000,-0.1328000,9.6265000,57.6553000,52.1927000,60.6079000,-40.7820000,-11.0760000,5.9210000,0.000000,0,0,0
2.310,0.0144000,-0.1172000,9.6253000,57.7774000,52.5970000,60.3104000,-40.4000000,-11.0810000,6.1660000,0.000000,0,0,0
2.320,0.0060000,-0.0969000,9.6194000,57.8842000,52.9327000,60.0433000,-40.7680000,-10.9540000,5.4950000,0.000000,0,0,0
2.330,-0.0132000,-0.0706000,9.6110000,57.9376000,53.1464000,59.8526000,-40.7450000,-10.7650000,5.6950000,0.000000,0,0,0
2.340,-0.0383000,-0.0526000,9.6014000,57.9529000,53.2074000,59.7763000,-40.9840000,-10.6450000,5.8890000,0.000000,0,0,0
2.350,-0.0586000,-0.0479000,9.5930000,57.9605000,53.1158000,59.7992000,-40.9310000,-10.9730000,6.4430000,0.000000,0,0,0
2.360,-0.0682000,-0.0550000,9.5930000,57.9681000,52.9785000,59.8602000,-40.8480000,-10.6320000,6.3790000,0.000000,0,0,0
2.370,-0.0658000,-0.0706000,9.5978000,57.9300000,52.9556000,59.9518000,-40.5500000,-10.9360000,5.5980000,0.000000,0,0,0
2.380,-0.0502000,-0.0897000,9.6050000,57.8384000,53.1006000,59.9823000,-40.6980000,-10.6390000,6.5400000,0.000000,0,0,0
2.390,-0.0311000,-0.1017000,9.6122000,57.6935000,53.4668000,59.8679000,-40.7880000,-10.8440000,6.1400000,0.000000,0,0,0
2.400,-0.0275000,-0.1005000,9.6122000,57.4951000,53.9246000,59.7458000,-40.5960000,-10.6950000,5.8710000,0.000000,0,0,0
2.410,-0.0431000,-0.0957000,9.6062000,57.2662000,54.2374000,59.7839000,-40.7330000,-10.7680000,5.3850000,0.000000,0,0,0
2.420,-0.0634000,-0.1089000,9.5990000,57.1213000,54.3137000,60.0662000,-40.3050000,-10.9550000,6.1680000,0.000000,0,0,0
2.430,-0.0754000,-0.1352000,9.5966000,57.1365000,54.1458000,60.4858000,-40.7460000,-10.7600000,5.4910000,0.000000,0,0,0
2.440,-0.0825000,-0.1579000,9.5966000,57.2510000,53.8788000,60.9283000,-40.6750000,-10.6950000,5.8810000,0.000000,0,0,0
2.450,-0.0849000,-0.1711000,9.6026000,57.3349000,53.6346000,61.2946000,-40.6200000,-10.5030000,5.3900000,0.000000,0,0,0
2.460,-0.0825000,-0.1759000,9.6086000,57.2662000,53.5507000,61.4853000,-40.8830000,-10.9970000,5.9670000,0.000000,0,0,0
2.470,-0.0813000,-0.1663000,9.6110000,57.0145000,53.6957000,61.4853000,-40.6270000,-10.7410000,6.1100000,0.000000,0,0,0
2.480,-0.0981000,-0.1412000,9.6038000,56.5109000,54.1687000,61.2869000,-40.7570000,-11.0010000,6.3080000,0.000000,0,0,0
2.490,-0.1065000,-0.1280000,9.6002000,56.2820000,54.4586000,61.1572000,-40.5390000,-10.8950000,5.3520000,0.000000,0,0,0
2.500,-0.1101000,-0.1232000,9.5966000,56.2515000,54.5349000,61.1115000,-40.3320000,-11.1340000,6.1500000,0.000000,0,0,0
2.510,-0.1077000,-0.1184000,9.5954000,56.4117000,54.3747000,61.0962000,-40.6020000,-10.9450000,6.1950000,0.000000,0,0,0
2.520,-0.0993000,-0.1208000,9.5978000,56.6940000,54.0695000,61.0123000,-40.6730000,-10.8510000,6.1640000,0.000000,0,0,0
2.530,-0.0933000,-0.1268000,9.6002000,57.0068000,53.7872000,60.8368000,-40.6500000,-11.0300000,5.7270000,0.000000,0,0,0
2.540,-0.0945000,-0.1352000,9.6026000,57.2739000,53.4973000,60.6232000,-40.8020000,-10.9740000,6.1010000,0.000000,0,0,0
2.550,-0.1041000,-0.1495000,9.6038000,57.4951000,53.2303000,60.4248000,-40.4170000,-10.9100000,5.9940000,0.000000,0,0,0
2.560,-0.1125000,-0.1699000,9.6038000,57.6706000,52.9938000,60.2722000,-40.5360000,-11.1090000,6.8820000,0.000000,0,0,0
2.570,-0.1113000,-0.1830000,9.6062000,57.8003000,52.7725000,60.1120000,-40.4630000,-11.1290000,5.8130000,0.000000,0,0,0
2.580,-0.0981000,-0.1818000,9.6098000,57.9224000,52.6199000,59.9136000,-40.8200000,-11.0420000,6.6470000,0.000000,0,0,0
2.590,-0.0873000,-0.1711000,9.6098000,57.9758000,52.5818000,59.7458000,-40.7590000,-11.3830000,5.6890000,0.000000,0,0,0
2.600,-0.0813000,-0.1555000,9.6074000,57.9605000,52.6276000,59.6390000,-40.6940000,-11.0160000,5.5490000,0.000000,0,0,0
2.610,-0.0813000,-0.1448000,9.6062000,57.8537000,52.7496000,59.6161000,-40.6290000,-10.7790000,5.5880000,0.000000,0,0,0
2.620,-0.0897000,-0.1400000,9.6038000,57.6935000,52.8870000,59.7076000,-40.6970000,-11.2410000,5.8040000,0.000000,0,0,0
2.630,-0.1005000,-0.1412000,9.6026000,57.5485000,52.8870000,59.8984000,-40.6030000,-10.8090000,5.5800000,0.000000,0,0,0
2.640,-0.1017000,-0.1448000,9.6026000,57.4341000,52.7802000,60.1349000,-40.2710000,-11.0150000,5.4230000,0.000000,0,0,0
2.650,-0.0945000,-0.1471000,9.6026000,57.3883000,52.5894000,60.3333000,-40.5310000,-11.1110000,5.4130000,0.000000,0,0,0
2.660,-0.0813000,-0.1400000,9.6074000,57.4265000,52.3987000,60.3943000,-40.4970000,-11.1410000,6.3310000,0.000000,0,0,0
2.670,-0.0634000,-0.1292000,9.6098000,57.4799000,52.3071000,60.2722000,-40.5930000,-10.7770000,5.9520000,0.000000,0,0,0
2.680,-0.0538000,-0.1160000,9.6098000,57.5027000,52.2537000,60.0510000,-40.5110000,-10.9470000,5.3620000,0.000000,0,0,0
2.690,-0.0467000,-0.1029000,9.6086000,57.4646000,52.2308000,59.8221000,-40.5150000,-10.9800000,5.7470000,0.000000,0,0,0
2.700,-0.0479000,-0.0897000,9.6038000,57.3654000,52.2156000,59.6466000,-40.7790000,-10.8780000,5.5800000,0.000000,0,0,0
2.710,-0.0598000,-0.0861000,9.6002000,57.1899000,52.1927000,59.6237000,-40.5690000,-11.0050000,5.5650000,0.000000,0,0,0
2.720,-0.0766000,-0.0921000,9.5966000,57.0068000,52.1851000,59.7916000,-40.6160000,-10.7940000,5.7200000,0.000000,0,0,0
2.730,-0.0897000,-0.1053000,9.5942000,56.9153000,52.1088000,60.0510000,-40.5880000,-11.0330000,5.4450000,0.000000,0,0,0
2.740,-0.0921000,-0.1220000,9.5942000,56.9687000,51.9562000,60.2951000,-40.6000000,-11.0580000,5.9120000,0.000000,0,0,0
2.750,-0.0802000,-0.1364000,9.5990000,57.1060000,51.7807000,60.5087000,-40.3310000,-10.9460000,4.7260000,0.000000,0,0,0
2.760,-0.0586000,-0.1483000,9.6074000,57.2891000,51.6357000,60.6384000,-40.7810000,-11.0240000,5.6150000,0.000000,0,0,0
2.770,-0.0347000,0.4660000,-0.0006000,56.9992000,52.5360000,59.8450000,-40.7270000,-10.7470000,5.1040000,0.000000,0,0,0
2.780,-0.0108000,-0.1627000,9.6218000,57.6324000,51.8036000,60.4858000,-40.8200000,-11.0060000,5.8630000,0.000000,0,0,0
2.790,0.0012000,-0.1675000,9.6253000,57.7545000,52.0630000,60.4095000,-40.6240000,-10.9450000,5.3210000,0.000000,0,0,0
2.800,0.0060000,-0.1675000,9.6265000,57.8842000,52.3605000,60.4172000,-41.0900000,-10.6590000,5.9400000,0.000000,0,0,0
2.810,0.0012000,-0.1723000,9.6241000,58.0063000,52.6352000,60.4324000,-40.7600000,-10.8300000,5.3260000,0.000000,0,0,0
2.820,-0.0144000,-0.1794000,9.6182000,58.1741000,52.7802000,60.4401000,-40.7780000,-10.6770000,5.8840000,0.000000,0,0,0
2.830,-0.0323000,-0.1782000,9.6134000,58.3878000,52.7802000,60.4019000,-40.5340000,-10.9700000,5.4800000,0.000000,0,0,0
2.840,-0.0490000,-0.1735000,9.6110000,58.5938000,52.7115000,60.2875000,-40.3780000,-10.7770000,5.3900000,0.000000,0,0,0
2.850,-0.0658000,-0.1591000,9.6074000,58.7387000,52.6352000,60.1273000,-40.4450000,-10.9890000,5.8370000,0.000000,0,0,0
2.860,-0.0813000,-0.1412000,9.6014000,58.7769000,52.5818000,59.9747000,-40.6140000,-10.6690000,5.4680000,0.000000,0,0,0
2.870,-0.0909000,-0.1244000,9.5942000,58.6548000,52.5742000,59.9060000,-40.5990000,-10.6700000,5.9080000,0.000000,0,0,0
2.880,-0.0921000,-0.1148000,9.5918000,58.4259000,52.6047000,59.9060000,-40.7440000,-10.9090000,5.9450000,0.000000,0,0,0
2.890,-0.0849000,-0.1125000,9.5918000,58.1970000,52.6276000,59.9670000,-40.7440000,-10.9150000,6.4430000,0.000000,0,0,0
2.900,-0.0730000,-0.1125000,9.5918000,58.0444000,52.5818000,60.0739000,-41.1200000,-10.9920000,6.1490000,0.000000,0,0,0
2.910,-0.0598000,-0.1136000,9.5930000,58.0063000,52.4597000,60.1730000,-40.7510000,-11.0240000,6.2020000,0.000000,0,0,0
2.920,-0.0502000,-0.1160000,9.5966000,58.0673000,52.2614000,60.2188000,-40.7110000,-10.7670000,6.0290000,0.000000,0,0,0
2.930,-0.0419000,-0.1160000,9.5990000,58.1436000,52.0477000,60.2112000,-40.5320000,-10.5800000,6.0090000,0.000000,0,0,0
2.940,-0.0371000,-0.1196000,9.6002000,58.1970000,51.8951000,60.1501000,-40.6830000,-10.9550000,6.2920000,0.000000,0,0,0
2.950,-0.0359000,-0.1208000,9.6038000,58.1970000,51.8799000,60.0739000,-40.8970000,-10.7230000,6.3680000,0.000000,0,0,0
2.960,-0.0359000,-0.1220000,9.6074000,58.0063000,52.1545000,60.0128000,-40.6910000,-11.0350000,6.0720000,0.000000,0,0,0
2.970,-0.0347000,-0.1256000,9.6062000,57.8537000,52.3911000,60.0281000,-40.7790000,-10.9280000,6.1640000,0.000000,0,0,0
2.980,-0.0347000,-0.1280000,9.6062000,57.7850000,52.5284000,60.0739000,-40.9010000,-10.8930000,5.5300000,0.000000,0,0,0
2.990,-0.0347000,-0.1268000,9.6050000,57.8079000,52.5436000,60.1349000,-40.7400000,-10.7310000,5.3630000,0.000000,0,0,0
3.000,-0.0311000,-0.1208000,9.6038000,57.8766000,52.4826000,60.1883000,-40.5640000,-11.1220000,5.5730000,0.000000,0,0,0
3.010,-0.0251000,-0.1125000,9.6038000,57.9529000,52.3682000,60.1807000,-40.8280000,-10.9200000,5.7970000,0.000000,0,0,0
3.020,-0.0215000,-0.1065000,9.6026000,58.0215000,52.2385000,60.1425000,-40.9870000,-11.0010000,5.4010000,0.000000,0,0,0
3.030,-0.0263000,-0.1041000,9.6014000,58.0597000,52.1317000,60.1196000,-40.7630000,-10.8830000,4.9330000,0.000000,0,0,0
3.040,-0.0359000,-0.1065000,9.5990000,58.0521000,52.0630000,60.1349000,-40.9830000,-11.1270000,5.3970000,0.000000,0,0,0
3.050,-0.0455000,-0.1160000,9.5990000,58.0063000,52.0325000,60.2188000,-40.7220000,-10.7490000,5.3100000,0.000000,0,0,0
3.060,-0.0502000,-0.1280000,9.5990000,57.9453000,52.0096000,60.3333000,-40.7920000,-11.0070000,5.5350000,0.000000,0,0,0
3.070,-0.0455000,-0.1340000,9.6002000,57.9071000,52.0020000,60.4248000,-40.8200000,-11.0410000,5.0660000,0.000000,0,0,0
3.080,-0.0299000,-0.1352000,9.6014000,57.9147000,52.0248000,60.4553000,-40.8870000,-11.0510000,5.8510000,0.000000,0,0,0
3.090,-0.0096000,-0.1316000,9.6062000,57.9681000,52.1088000,60.4324000,-40.9780000,-10.6180000,5.4570000,0.000000,0,0,0
3.100,0.0072000,-0.1304000,9.6098000,58.0368000,52.2614000,60.3790000,-40.6950000,-10.5270000,5.1280000,0.000000,0,0,0
3.110,0.0132000,-0.1352000,9.6110000,58.1055000,52.5055000,60.3104000,-40.8620000,-10.9400000,6.0450000,0.000000,0,0,0
3.120,0.0024000,-0.1448000,9.6110000,58.1970000,52.7878000,60.3256000,-40.6530000,-10.5290000,6.0520000,0.000000,0,0,0
3.130,-0.0144000,-0.1519000,9.6074000,58.2657000,53.0548000,60.4324000,-40.6640000,-10.6480000,5.4280000,0.000000,0,0,0
3.140,-0.0347000,-0.1483000,9.6014000,58.2428000,53.2761000,60.6003000,-40.5050000,-10.8840000,5.7870000,0.000000,0,0,0
3.150,-0.0526000,-0.1304000,9.5930000,58.0902000,53.4134000,60.7910000,-40.8260000,-10.8320000,5.2720000,0.000000,0,0,0
3.160,-0.0586000,-0.1017000,9.5847000,57.8690000,53.4134000,60.9741000,-40.7940000,-10.9140000,5.9710000,0.000000,0,0,0
3.170,-0.0538000,-0.0706000,9.5811000,57.6096000,53.2761000,61.0886000,-40.6740000,-11.0830000,5.5670000,0.000000,0,0,0
3.180,-0.0383000,-0.0490000,9.5823000,57.4112000,53.0319000,61.1267000,-40.7330000,-10.8970000,5.9810000,0.000000,0,0,0
3.190,-0.0167000,-0.0455000,9.5895000,57.3425000,52.8030000,61.1115000,-40.6270000,-10.7330000,5.4420000,0.000000,0,0,0
3.200,0.0096000,-0.0562000,9.5990000,57.3654000,52.6962000,61.0275000,-40.6810000,-10.5710000,4.9380000,0.000000,0,0,0
3.210,0.0299000,-0.0730000,9.6074000,57.4341000,52.7191000,60.8444000,-40.9950000,-10.6790000,6.3310000,0.000000,0,0,0
3.220,0.0335000,-0.0921000,9.6110000,57.4951000,52.8336000,60.5698000,-40.6470000,-10.6450000,5.3490000,0.000000,0,0,0
3.230,0.0179000,-0.1125000,9.6098000,57.5485000,52.9785000,60.3256000,-40.8190000,-10.6950000,5.2220000,0.000000,0,0,0
3.240,-0.0060000,-0.1292000,9.6062000,57.5790000,53.0930000,60.1807000,-40.4810000,-10.5000000,5.8930000,0.000000,0,0,0
3.250,-0.0347000,-0.1376000,9.6014000,57.5790000,53.1616000,60.1654000,-40.5560000,-10.6540000,6.4410000,0.000000,0,0,0
3.260,-0.0562000,-0.1448000,9.5966000,57.5790000,53.1464000,60.2646000,-40.6300000,-10.6360000,6.0790000,0.000000,0,0,0
3.270,-0.0658000,-0.1495000,9.5930000,57.5790000,53.0624000,60.4324000,-40.7820000,-10.6510000,5.8380000,0.000000,0,0,0
3.280,-0.0622000,-0.1507000,9.5930000,57.5943000,52.9556000,60.6003000,-40.6750000,-10.9040000,5.8460000,0.000000,0,0,0
3.290,-0.0443000,-0.1483000,9.5966000,57.6096000,52.8641000,60.7147000,-40.5460000,-10.5010000,5.9560000,0.000000,0,0,0
3.300,-0.0191000,-0.1448000,9.6026000,57.6096000,52.8488000,60.7758000,-40.5460000,-10.3570000,5.5010000,0.000000,0,0,0
3.310,0.0012000,-0.1400000,9.6074000,57.6096000,52.8946000,60.7910000,-40.3380000,-10.5220000,5.4160000,0.000000,0,0,0
3.320,0.0144000,-0.1376000,9.6098000,57.6324000,52.9556000,60.7834000,-40.4680000,-10.5440000,5.6530000,0.000000,0,0,0
3.330,0.0156000,-0.1340000,9.6110000,57.6935000,52.9861000,60.7376000,-40.8450000,-10.5410000,6.4690000,0.000000,0,0,0
3.340,0.0108000,-0.1244000,9.6098000,57.7621000,53.0090000,60.6461000,-40.4970000,-10.7740000,5.3370000,0.000000,0,0,0
3.350,0.0000000,-0.1113000,9.6062000,57.8003000,53.0548000,60.5164000,-40.7490000,-10.9920000,5.2000000,0.000000,0,0,0
3.360,-0.0132000,-0.1005000,9.6026000,57.8079000,53.1311000,60.3943000,-40.6590000,-10.7500000,5.1800000,0.000000,0,0,0
3.370,-0.0227000,-0.0957000,9.5990000,57.7774000,53.2074000,60.3485000,-40.7960000,-10.8810000,5.3730000,0.000000,0,0,0
3.380,-0.0263000,-0.0969000,9.5990000,57.7316000,53.2837000,60.3714000,-40.7700000,-10.5810000,5.7240000,0.000000,0,0,0
3.390,-0.0239000,-0.0993000,9.6002000,57.6859000,53.3295000,60.4095000,-40.5820000,-10.7730000,5.1370000,0.000000,0,0,0
3.400,-0.0156000,-0.0969000,9.6002000,57.6782000,53.3447000,60.4401000,-40.7530000,-10.7810000,4.9590000,0.000000,0,0,0
3.410,-0.0096000,-0.0957000,9.6014000,57.6859000,53.3218000,60.4324000,-40.6330000,-10.6950000,5.4270000,0.000000,0,0,0
3.420,-0.0084000,-0.0993000,9.6038000,57.7393000,53.2684000,60.3714000,-40.6230000,-10.7430000,5.1320000,0.000000,0,0,0
3.430,-0.0048000,-0.1065000,9.6050000,57.8461000,53.2074000,60.2417000,-40.3670000,-10.6580000,5.6330000,0.000000,0,0,0
3.440,-0.0036000,-0.1125000,9.6050000,57.9529000,53.1769000,60.0510000,-40.7290000,-10.7350000,5.5280000,0.000000,0,0,0
3.450,-0.0036000,-0.1208000,9.6062000,58.0292000,53.2150000,59.8450000,-40.6180000,-10.7310000,5.5610000,0.000000,0,0,0
3.460,-0.0072000,-0.1232000,9.6050000,58.0521000,53.3218000,59.6695000,-40.9430000,-10.7990000,5.9610000,0.000000,0,0,0
3.470,-0.0191000,-0.1184000,9.6026000,58.0063000,53.4592000,59.5856000,-40.9020000,-10.7290000,5.3110000,0.000000,0,0,0
3.480,-0.0323000,-0.1160000,9.6014000,57.9147000,53.6041000,59.6542000,-40.8780000,-10.8420000,5.4920000,0.000000,0,0,0
3.490,-0.0443000,-0.1136000,9.5978000,57.8766000,53.6880000,59.8755000,-40.7230000,-10.9790000,5.0680000,0.000000,0,0,0
3.500,-0.0455000,-0.1077000,9.5942000,57.9376000,53.5736000,60.0433000,-40.8050000,-10.8750000,5.2420000,0.000000,0,0,0
3.510,-0.0383000,-0.1005000,9.5942000,58.0063000,53.3676000,60.1349000,-40.8160000,-10.7640000,4.7410000,0.000000,0,0,0
3.520,-0.0299000,-0.1005000,9.5966000,58.0444000,53.1769000,60.1273000,-40.9790000,-10.8990000,5.5580000,0.000000,0,0,0
3.530,-0.0227000,-0.1029000,9.5990000,58.0139000,53.0930000,60.0739000,-40.9820000,-10.8740000,5.7180000,0.000000,0,0,0
3.540,-0.0203000,-0.1077000,9.6014000,57.9071000,53.1235000,60.0281000,-40.9300000,-10.8790000,5.4490000,0.000000,0,0,0
3.550,-0.0263000,-0.1148000,9.6014000,57.7774000,53.1921000,60.0052000,-40.7940000,-10.9440000,5.4020000,0.000000,0,0,0
3.560,-0.0371000,-0.1220000,9.5990000,57.6782000,53.2303000,60.0128000,-40.9090000,-10.5340000,5.1760000,0.000000,0,0,0
3.570,-0.0479000,-0.1244000,9.5954000,57.6706000,53.1693000,60.0433000,-40.6870000,-10.4190000,6.1370000,0.000000,0,0,0
3.580,-0.0514000,-0.1136000,9.5942000,57.7469000,53.0014000,60.0891000,-40.6600000,-10.6720000,5.3820000,0.000000,0,0,0
3.590,-0.0502000,-0.0969000,9.5918000,57.8156000,52.7954000,60.1120000,-40.7560000,-10.7970000,5.0020000,0.000000,0,0,0
3.600,-0.0455000,-0.0813000,9.5918000,57.8461000,52.6047000,60.0662000,-40.8760000,-10.7600000,5.9140000,0.000000,0,0,0
3.610,-0.0383000,-0.0754000,9.5918000,57.8079000,52.4902000,59.9976000,-40.3750000,-10.8540000,5.4450000,0.000000,0,0,0
3.620,-0.0359000,-0.0813000,9.5966000,57.7393000,52.4521000,59.9747000,-40.8360000,-10.9930000,5.5340000,0.000000,0,0,0
3.630,-0.0299000,-0.0969000,9.6038000,57.6859000,52.4979000,59.9899000,-40.6040000,-10.8320000,5.1450000,0.000000,0,0,0
3.640,-0.0203000,-0.1101000,9.6074000,57.6324000,52.6276000,60.0052000,-40.7940000,-10.9720000,4.8500000,0.000000,0,0,0
3.650,-0.0120000,-0.1172000,9.6098000,57.5943000,52.8259000,59.9899000,-40.6460000,-10.8590000,5.8740000,0.000000,0,0,0
3.660,-0.0060000,-0.1148000,9.6086000,57.6172000,52.9861000,59.9747000,-40.9550000,-10.8690000,5.9710000,0.000000,0,0,0
3.670,-0.0012000,-0.1065000,9.6062000,57.6859000,53.0930000,59.9518000,-40.4550000,-10.8180000,5.9770000,0.000000,0,0,0
3.680,0.0000000,-0.0981000,9.6026000,57.7621000,53.1235000,59.9442000,-40.6610000,-11.0680000,5.8040000,0.000000,0,0,0
3.690,-0.0048000,-0.0957000,9.6002000,57.8156000,53.1082000,59.9670000,-40.6670000,-10.9880000,6.0450000,0.000000,0,0,0
3.700,-0.0132000,-0.0981000,9.5978000,57.8156000,53.0853000,60.0586000,-40.5550000,-10.8120000,5.3930000,0.000000,0,0,0
3.710,-0.0275000,-0.1065000,9.5954000,57.7393000,53.0853000,60.2646000,-40.4570000,-10.8290000,5.7220000,0.000000,0,0,0
3.720,-0.0407000,-0.1220000,9.5954000,57.6172000,53.0930000,60.5698000,-40.4980000,-10.8410000,5.4160000,0.000000,0,0,0
3.730,-0.0526000,-0.1364000,9.5966000,57.5027000,53.0624000,60.9283000,-40.7020000,-10.5930000,5.6650000,0.000000,0,0,0
3.740,-0.0586000,-0.1388000,9.5954000,57.4341000,52.9785000,61.2717000,-40.5010000,-11.1970000,4.7940000,0.000000,0,0,0
3.750,-0.0562000,-0.1292000,9.5954000,57.3959000,52.8641000,61.5005000,-40.5830000,-10.9680000,5.2340000,0.000000,0,0,0
3.760,-0.0443000,-0.1136000,9.5978000,57.4036000,52.7725000,61.5768000,-40.4600000,-10.7660000,5.3350000,0.000000,0,0,0
3.770,-0.0263000,-0.0957000,9.6002000,57.4341000,52.7267000,61.5387000,-40.6260000,-10.8660000,5.0240000,0.000000,0,0,0
3.780,-0.0084000,-0.0825000,9.6014000,57.4646000,52.7573000,61.4090000,-40.5380000,-10.7950000,5.4870000,0.000000,0,0,0
3.790,0.0024000,-0.0778000,9.6026000,57.4722000,52.8488000,61.2564000,-40.5670000,-10.7370000,5.8250000,0.000000,0,0,0
3.800,0.0060000,-0.0825000,9.6026000,57.4799000,52.9556000,61.0962000,-40.5150000,-10.7560000,5.5360000,0.000000,0,0,0
3.810,0.0000000,-0.0909000,9.6026000,57.5256000,53.0396000,60.9665000,-40.4690000,-10.7260000,5.4770000,0.000000,0,0,0
3.820,-0.0108000,-0.0945000,9.6014000,57.5867000,53.0701000,60.8521000,-40.4690000,-10.6820000,5.7150000,0.000000,0,0,0
3.830,-0.0227000,-0.0957000,9.5978000,57.6630000,53.0319000,60.7224000,-40.4680000,-10.5000000,5.4790000,0.000000,0,0,0
3.840,-0.0311000,-0.0909000,9.5954000,57.7545000,52.9327000,60.5698000,-40.4740000,-10.9890000,6.3200000,0.000000,0,0,0
3.850,-0.0311000,-0.0873000,9.5942000,57.8308000,52.8107000,60.4324000,-40.4960000,-10.6940000,5.8670000,0.000000,0,0,0
3.860,-0.0263000,-0.0873000,9.5954000,57.8384000,52.7344000,60.3256000,-40.8290000,-10.6130000,5.9790000,0.000000,0,0,0
3.870,-0.0156000,-0.0873000,9.5966000,57.7698000,52.7115000,60.2722000,-40.3750000,-10.8250000,5.9430000,0.000000,0,0,0
3.880,-0.0072000,-0.0885000,9.5966000,57.6630000,52.6962000,60.2493000,-40.4410000,-10.9630000,6.1060000,0.000000,0,0,0
3.890,-0.0048000,-0.0897000,9.5954000,57.5562000,52.6810000,60.2646000,-40.6370000,-10.4200000,5.3150000,0.000000,0,0,0
3.900,-0.0108000,-0.0933000,9.5930000,57.4875000,52.5970000,60.2951000,-40.6760000,-10.6470000,5.7640000,0.000000,0,0,0
3.910,-0.0227000,-0.0993000,9.5930000,57.4722000,52.4597000,60.3409000,-40.7920000,-10.9340000,5.2700000,0.000000,0,0,0
3.920,-0.0323000,-0.1041000,9.5942000,57.5027000,52.2995000,60.4248000,-40.6590000,-10.6710000,5.9950000,0.000000,0,0,0
3.930,-0.0311000,-0.1041000,9.5978000,57.5409000,52.2156000,60.5087000,-40.5070000,-10.6110000,6.0150000,0.000000,0,0,0
3.940,-0.0203000,-0.1065000,9.6014000,57.5562000,52.2614000,60.5469000,-40.4590000,-10.7940000,4.8110000,0.000000,0,0,0
3.950,-0.0060000,-0.1148000,9.6074000,57.5485000,52.3834000,60.5392000,-40.7650000,-10.8630000,5.5500000,0.000000,0,0,0
3.960,0.0096000,-0.1256000,9.6122000,57.5485000,52.5436000,60.4935000,-40.6940000,-10.6710000,5.4610000,0.000000,0,0,0
3.970,0.0227000,-0.1340000,9.6146000,57.6019000,52.6810000,60.4019000,-40.8260000,-10.9460000,5.4640000,0.000000,0,0,0
3.980,0.0287000,-0.1364000,9.6134000,57.6859000,52.8336000,60.2493000,-40.7570000,-10.8700000,5.3200000,0.000000,0,0,0
3.990,0.0215000,-0.1292000,9.6110000,57.7621000,52.9938000,60.0739000,-40.6250000,-10.6940000,5.3260000,0.000000,0,0,0
4.000,0.0048000,-0.1148000,9.6050000,57.8232000,53.1311000,59.8679000,-40.8460000,-10.5440000,5.3520000,0.000000,0,0,0
4.010,-0.0251000,-0.0993000,9.5942000,57.8461000,53.1998000,59.7076000,-40.6880000,-10.3760000,5.7800000,0.000000,0,0,0
4.020,-0.0550000,-0.0921000,9.5847000,57.8308000,53.1387000,59.6619000,-40.6070000,-10.5690000,4.6040000,0.000000,0,0,0
4.030,-0.0718000,-0.0873000,9.5787000,57.7774000,52.8488000,59.7763000,-40.5760000,-10.9110000,5.2230000,0.000000,0,0,0
4.040,-0.0634000,-0.0909000,9.5811000,57.6859000,52.6581000,59.9365000,-40.5630000,-10.7170000,5.7100000,0.000000,0,0,0
4.050,-0.0502000,-0.1005000,9.5859000,57.5867000,52.5284000,60.1273000,-40.3530000,-10.6720000,5.5110000,0.000000,0,0,0
4.060,-0.0263000,-0.1077000,9.5918000,57.5027000,52.4750000,60.2646000,-40.5060000,-10.9420000,5.8560000,0.000000,0,0,0
4.070,-0.0036000,-0.1125000,9.5990000,57.4570000,52.4750000,60.3027000,-40.7840000,-10.9980000,5.4900000,0.000000,0,0,0
4.080,0.0108000,-0.1136000,9.6026000,57.4570000,52.4673000,60.2493000,-40.3880000,-10.7290000,5.7900000,0.000000,0,0,0
4.090,0.0132000,-0.1089000,9.6026000,57.4951000,52.4216000,60.1654000,-40.3690000,-10.7960000,5.5580000,0.000000,0,0,0
4.100,0.0060000,-0.1089000,9.6002000,57.5485000,52.3529000,60.1044000,-40.4910000,-10.5590000,5.0750000,0.000000,0,0,0
4.110,-0.0024000,-0.1136000,9.6002000,57.6019000,52.3071000,60.1273000,-40.7070000,-10.8850000,5.5400000,0.000000,0,0,0
4.120,-0.0108000,-0.1184000,9.5990000,57.6096000,52.3071000,60.2036000,-40.4480000,-10.6530000,5.6040000,0.000000,0,0,0
4.130,-0.0167000,-0.1196000,9.5966000,57.5867000,52.3071000,60.3180000,-40.5570000,-10.2900000,5.7220000,0.000000,0,0,0
4.140,-0.0191000,-0.1172000,9.5942000,57.5562000,52.2842000,60.4477000,-40.7370000,-10.6930000,6.0870000,0.000000,0,0,0
4.150,-0.0120000,-0.1125000,9.5954000,57.5638000,52.2461000,60.5240000,-40.3440000,-10.3260000,5.5570000,0.000000,0,0,0
4.160,-0.0036000,-0.1017000,9.5966000,57.6248000,52.2003000,60.5087000,-40.5260000,-10.4590000,5.2360000,0.000000,0,0,0
4.170,0.0024000,-0.0861000,9.5942000,57.6935000,52.1393000,60.4553000,-40.5050000,-10.8470000,4.7930000,0.000000,0,0,0
4.180,0.0036000,-0.0754000,9.5906000,57.7545000,52.0248000,60.4553000,-40.4880000,-10.8950000,5.6580000,0.000000,0,0,0
4.190,0.0072000,-0.0766000,9.5918000,57.7850000,51.9180000,60.5316000,-40.4500000,-10.8140000,5.0080000,0.000000,0,0,0
4.200,0.0132000,-0.0885000,9.5966000,57.7927000,51.9638000,60.6384000,-40.4540000,-10.6520000,5.9570000,0.000000,0,0,0
4.210,0.0156000,-0.1017000,9.6002000,57.7393000,52.1393000,60.7758000,-40.4910000,-10.5670000,5.6810000,0.000000,0,0,0
4.220,0.0167000,-0.1172000,9.6026000,57.6477000,52.3605000,60.9207000,-40.4390000,-10.8460000,5.4900000,0.000000,0,0,0
4.230,0.0156000,-0.1292000,9.6014000,57.5867000,52.5436000,61.0504000,-40.5800000,-10.8510000,5.7350000,0.000000,0,0,0
4.240,0.0108000,-0.1304000,9.5966000,57.5714000,52.6047000,61.1496000,-40.5840000,-10.7970000,5.4530000,0.000000,0,0,0
4.250,0.0084000,-0.1220000,9.5918000,57.6172000,52.5436000,61.2030000,-40.4010000,-10.6350000,4.4350000,0.000000,0,0,0
4.260,0.0060000,-0.1065000,9.5883000,57.6706000,52.3911000,61.1954000,-40.6420000,-10.9560000,5.3950000,0.000000,0,0,0
4.270,0.0072000,-0.0921000,9.5859000,57.6935000,52.2461000,61.1343000,-40.5190000,-10.5520000,5.7860000,0.000000,0,0,0
4.280,0.0144000,-0.0909000,9.5906000,57.6782000,52.1851000,61.0580000,-40.8360000,-10.6820000,5.4560000,0.000000,0,0,0
4.290,0.0251000,-0.0969000,9.5966000,57.6324000,52.2003000,60.9970000,-40.6220000,-10.6200000,5.7890000,0.000000,0,0,0
4.300,0.0383000,-0.1065000,9.6014000,57.5790000,52.2690000,60.9512000,-40.5840000,-10.7460000,5.3550000,0.000000,0,0,0
4.310,0.0479000,-0.1208000,9.6050000,57.5867000,52.3682000,60.9207000,-40.3850000,-11.0280000,5.2470000,0.000000,0,0,0
4.320,0.0443000,-0.1280000,9.6038000,57.6706000,52.4673000,60.8826000,-40.8280000,-10.6400000,4.8020000,0.000000,0,0,0
4.330,0.0311000,-0.1304000,9.6014000,57.7621000,52.5436000,60.8368000,-40.8130000,-10.8980000,5.5980000,0.000000,0,0,0
4.340,0.0144000,-0.1244000,9.5954000,57.8461000,52.5436000,60.7986000,-40.6910000,-11.0560000,5.2620000,0.000000,0,0,0
4.350,-0.0012000,-0.1136000,9.5895000,57.9071000,52.4292000,60.8063000,-40.5240000,-10.7510000,5.3090000,0.000000,0,0,0
4.360,-0.0012000,-0.1017000,9.5859000,57.9529000,52.2156000,60.8521000,-40.4970000,-11.0400000,5.3710000,0.000000,0,0,0
4.370,0.0108000,-0.0885000,9.5859000,57.9834000,51.9714000,60.8749000,-40.6210000,-10.6460000,5.1580000,0.000000,0,0,0
4.380,0.0335000,-0.0813000,9.5906000,57.9758000,51.8188000,60.8978000,-40.8580000,-10.8500000,5.5380000,0.000000,0,0,0
4.390,0.0526000,-0.0825000,9.5942000,57.9453000,51.7807000,60.9207000,-40.4710000,-10.8780000,5.2980000,0.000000,0,0,0
4.400,0.0658000,-0.0885000,9.5990000,57.9071000,51.8570000,60.9283000,-40.8130000,-10.8900000,5.5560000,0.000000,0,0,0
4.410,0.0670000,-0.0969000,9.6002000,57.8918000,52.0096000,60.9283000,-40.6530000,-10.4270000,6.1380000,0.000000,0,0,0
4.420,0.0574000,-0.1053000,9.5990000,57.8995000,52.1317000,60.9436000,-40.4810000,-10.5710000,5.6570000,0.000000,0,0,0
4.430,0.0395000,-0.1101000,9.5954000,57.9453000,52.1698000,60.9741000,-40.3790000,-10.8490000,5.4580000,0.000000,0,0,0
4.440,0.0227000,-0.1101000,9.5906000,58.0215000,52.0935000,61.0199000,-40.6170000,-10.8810000,5.2010000,0.000000,0,0,0
4.450,0.0144000,-0.1101000,9.5871000,58.1284000,51.9104000,61.0428000,-40.4320000,-10.7080000,5.2020000,0.000000,0,0,0
4.460,0.0203000,-0.1077000,9.5883000,58.2352000,51.7273000,60.9894000,-39.9690000,-10.7530000,5.0750000,0.000000,0,0,0
4.470,0.0383000,-0.0993000,9.5930000,58.2809000,51.6663000,60.8521000,-40.6050000,-10.8180000,5.8050000,0.000000,0,0,0
4.480,0.0622000,-0.0981000,9.6002000,58.2428000,51.7654000,60.6689000,-40.6830000,-10.7590000,5.7710000,0.000000,0,0,0
4.490,0.0849000,-0.1005000,9.6050000,58.1970000,51.9867000,60.4401000,-40.3710000,-10.7470000,6.3230000,0.000000,0,0,0
4.500,0.0921000,-0.1041000,9.6086000,58.2123000,52.2690000,60.1807000,-40.4930000,-11.0660000,5.7300000,0.000000,0,0,0
4.510,0.0802000,-0.1053000,9.6122000,58.3344000,52.5284000,59.9670000,-40.5520000,-11.1100000,6.1190000,0.000000,0,0,0
4.520,0.0598000,-0.1029000,9.6074000,58.6090000,52.6886000,59.8297000,-40.7060000,-10.8180000,6.5020000,0.000000,0,0,0
4.530,0.0347000,-0.1005000,9.5942000,58.9218000,52.6047000,59.7687000,-40.6570000,-10.9290000,6.1760000,0.000000,0,0,0
4.540,0.0203000,-0.0909000,9.5811000,59.1660000,52.3148000,59.8068000,-40.7580000,-10.7340000,6.1090000,0.000000,0,0,0
4.550,0.0239000,-0.0754000,9.5715000,59.2499000,51.9180000,59.8679000,-40.9020000,-10.9730000,6.3250000,0.000000,0,0,0
4.560,0.0371000,-0.0598000,9.5703000,59.1431000,51.5671000,59.8984000,-40.7480000,-11.0120000,6.4180000,0.000000,0,0,0
4.570,0.0574000,-0.0479000,9.5739000,58.8913000,51.3916000,59.8907000,-40.5260000,-10.8680000,5.8960000,0.000000,0,0,0
4.580,0.0742000,-0.0443000,9.5775000,58.5175000,51.4603000,59.8831000,-40.5320000,-10.8300000,5.8240000,0.000000,0,0,0
4.590,0.0873000,-0.0670000,9.5859000,57.9529000,51.7731000,59.9670000,-40.3630000,-11.0210000,5.7700000,0.000000,0,0,0
4.600,0.0969000,-0.0825000,9.5918000,57.7774000,51.9485000,60.0739000,-40.5900000,-11.0100000,5.6610000,0.000000,0,0,0
4.610,0.1017000,-0.0861000,9.5942000,57.7545000,52.0706000,60.1501000,-40.5790000,-10.5910000,5.7200000,0.000000,0,0,0
4.620,0.1041000,-0.0813000,9.5966000,57.8232000,52.2003000,60.1883000,-40.7840000,-10.8540000,5.7290000,0.000000,0,0,0
4.630,0.1065000,-0.0682000,9.5978000,57.9147000,52.3605000,60.1730000,-40.4520000,-11.0100000,5.5080000,0.000000,0,0,0
4.640,0.1089000,-0.0514000,9.5954000,57.9224000,52.5589000,60.1425000,-40.6770000,-10.7970000,5.8270000,0.000000,0,0,0
4.650,0.1065000,-0.0455000,9.5918000,57.8537000,52.7344000,60.1349000,-40.5800000,-10.7930000,5.8850000,0.000000,0,0,0
4.660,0.0981000,-0.0502000,9.5859000,57.8079000,52.7725000,60.1654000,-40.6000000,-10.7130000,6.0320000,0.000000,0,0,0
4.670,0.0825000,-0.0598000,9.5811000,57.8232000,52.6962000,60.2493000,-40.8680000,-10.7660000,5.9510000,0.000000,0,0,0
4.680,0.0646000,-0.0706000,9.5799000,57.8690000,52.5818000,60.3409000,-40.6350000,-10.8190000,5.7670000,0.000000,0,0,0
4.690,0.0514000,-0.0825000,9.5799000,57.8918000,52.5131000,60.4401000,-40.4830000,-10.8040000,5.3560000,0.000000,0,0,0
4.700,0.0467000,-0.0945000,9.5799000,57.8537000,52.5055000,60.4935000,-40.7350000,-10.7680000,5.5920000,0.000000,0,0,0
4.710,0.0479000,-0.1029000,9.5811000,57.7698000,52.5436000,60.4630000,-40.6130000,-10.8830000,5.1280000,0.000000,0,0,0
4.720,0.0574000,-0.1053000,9.5847000,57.6859000,52.6123000,60.3714000,-40.8710000,-11.0550000,5.6690000,0.000000,0,0,0
4.730,0.0706000,-0.0969000,9.5859000,57.6096000,52.6657000,60.2798000,-40.6110000,-10.7160000,5.2350000,0.000000,0,0,0
4.740,0.0825000,-0.0813000,9.5859000,57.5562000,52.7039000,60.2188000,-40.5890000,-10.8890000,5.7210000,0.000000,0,0,0
4.750,0.0861000,-0.0658000,9.5835000,57.5256000,52.7191000,60.2188000,-40.4880000,-10.9590000,4.7950000,0.000000,0,0,0
4.760,0.0825000,-0.0538000,9.5799000,57.5180000,52.7344000,60.2646000,-40.6600000,-11.2170000,4.9030000,0.000000,0,0,0
4.770,0.0790000,-0.0479000,9.5799000,57.4951000,52.7573000,60.3333000,-40.4320000,-11.0830000,4.8360000,0.000000,0,0,0
4.780,0.0802000,-0.0490000,9.5811000,57.4722000,52.8259000,60.3714000,-40.4070000,-11.0790000,5.5240000,0.000000,0,0,0
4.790,0.0885000,-0.0538000,9.5847000,57.4036000,52.9785000,60.3561000,-40.6310000,-10.7870000,5.3500000,0.000000,0,0,0
4.800,0.0981000,-0.0610000,9.5895000,57.3349000,53.1464000,60.2570000,-40.5640000,-10.9200000,5.4030000,0.000000,0,0,0
4.810,0.1077000,-0.0646000,9.5930000,57.2968000,53.2913000,60.1044000,-40.9550000,-11.2200000,5.7390000,0.000000,0,0,0
4.820,0.1136000,-0.0646000,9.5918000,57.2739000,53.4134000,59.9289000,-40.4010000,-11.1950000,6.1630000,0.000000,0,0,0
4.830,0.1077000,-0.0670000,9.5895000,57.2357000,53.5278000,59.7839000,-40.0550000,-10.9560000,5.5190000,0.000000,0,0,0
4.840,0.0945000,-0.0670000,9.5859000,57.2052000,53.5812000,59.7000000,-40.4120000,-11.0970000,5.9110000,0.000000,0,0,0
4.850,0.0754000,-0.0682000,9.5811000,57.1671000,53.5507000,59.7000000,-40.7730000,-10.9150000,5.8940000,0.000000,0,0,0
4.860,0.0550000,-0.0742000,9.5751000,57.1594000,53.3829000,59.7763000,-40.7810000,-10.9370000,5.8690000,0.000000,0,0,0
4.870,0.0407000,-0.0790000,9.5715000,57.1747000,53.1082000,59.9136000,-40.3720000,-10.9000000,5.6130000,0.000000,0,0,0
4.880,0.0359000,-0.0766000,9.5715000,57.2128000,52.7802000,60.0815000,-40.6960000,-10.8730000,5.1150000,0.000000,0,0,0
4.890,0.0479000,-0.0706000,9.5763000,57.2357000,52.5208000,60.2036000,-40.9950000,-10.9430000,5.6680000,0.000000,0,0,0
4.900,0.0670000,-0.0694000,9.5799000,57.2052000,52.3453000,60.2570000,-40.7490000,-11.3070000,5.7430000,0.000000,0,0,0
4.910,0.0909000,-0.0754000,9.5835000,57.1823000,52.2385000,60.2341000,-40.6100000,-10.9170000,5.8710000,0.000000,0,0,0
4.920,0.1136000,-0.0873000,9.5883000,57.2281000,52.1698000,60.1578000,-40.6580000,-10.8850000,5.9780000,0.000000,0,0,0
4.930,0.1268000,-0.0957000,9.5942000,57.3502000,52.1393000,60.0433000,-40.5570000,-11.0420000,6.0380000,0.000000,0,0,0
4.940,0.1352000,-0.1017000,9.5990000,57.4799000,52.2461000,59.9518000,-40.7020000,-11.1880000,5.7860000,0.000000,0,0,0
4.950,0.1340000,-0.1065000,9.5990000,57.5790000,52.4521000,59.8984000,-40.7550000,-10.9390000,6.0630000,0.000000,0,0,0
4.960,0.1268000,-0.1089000,9.5954000,57.6553000,52.6047000,59.8984000,-40.3350000,-10.7770000,5.3770000,0.000000,0,0,0
4.970,0.1196000,-0.1077000,9.5918000,57.7545000,52.6581000,59.8984000,-40.4150000,-11.0590000,5.3620000,0.000000,0,0,0
4.980,0.1077000,-0.1053000,9.5883000,57.8537000,52.6199000,59.8679000,-40.7000000,-11.0570000,5.4070000,0.000000,0,0,0
4.990,0.0897000,-0.1041000,9.5835000,57.9529000,52.5284000,59.8755000,-40.3890000,-11.1620000,5.0950000,0.000000,0,0,0
5.000,0.0730000,-0.1005000,9.5799000,57.9910000,52.4139000,59.9670000,-40.6000000,-10.9630000,5.1700000,0.000000,0,0,0
5.010,0.0622000,-0.0957000,9.5787000,57.9529000,52.3376000,60.1349000,-40.7220000,-10.8780000,4.9840000,0.000000,0,0,0
5.020,0.0646000,-0.0861000,9.5787000,57.8384000,52.3300000,60.3333000,-40.6760000,-11.0900000,5.8710000,0.000000,0,0,0
5.030,0.0766000,-0.0742000,9.5823000,57.6935000,52.3834000,60.4706000,-40.6220000,-11.0580000,6.0610000,0.000000,0,0,0
5.040,0.0981000,-0.0586000,9.5871000,57.5714000,52.5360000,60.4706000,-40.8100000,-11.0380000,5.6270000,0.000000,0,0,0
5.050,0.1184000,-0.0479000,9.5895000,57.4951000,52.7344000,60.3104000,-40.6190000,-11.0470000,5.3350000,0.000000,0,0,0
5.060,0.1268000,-0.0455000,9.5895000,57.4951000,52.9251000,60.0662000,-40.7190000,-10.7880000,5.2910000,0.000000,0,0,0
5.070,0.1220000,-0.0490000,9.5895000,57.5256000,53.0777000,59.8526000,-40.4760000,-10.9750000,4.8760000,0.000000,0,0,0
5.080,0.1125000,-0.0586000,9.5895000,57.5638000,53.2608000,59.7305000,-40.7840000,-11.0060000,5.1410000,0.000000,0,0,0
5.090,0.1005000,-0.0730000,9.5883000,57.5485000,53.4668000,59.7153000,-40.5960000,-11.1320000,4.8810000,0.000000,0,0,0
5.100,0.0945000,-0.0873000,9.5883000,57.4951000,53.6728000,59.7992000,-40.5810000,-10.7230000,5.7960000,0.000000,0,0,0
5.110,0.0921000,-0.0969000,9.5871000,57.4493000,53.8101000,59.9136000,-40.5540000,-10.8530000,5.4980000,0.000000,0,0,0
5.120,0.0909000,-0.0969000,9.5847000,57.4265000,53.8635000,60.0281000,-40.8090000,-10.8720000,5.2620000,0.000000,0,0,0
5.130,0.0885000,-0.0909000,9.5811000,57.4112000,53.8330000,60.1501000,-40.6110000,-10.8880000,5.7390000,0.000000,0,0,0
5.140,0.0837000,-0.0825000,9.5787000,57.4112000,53.7262000,60.2722000,-40.7550000,-11.1050000,6.2620000,0.000000,0,0,0
5.150,0.0837000,-0.0730000,9.5787000,57.4570000,53.5355000,60.4172000,-40.7720000,-10.9930000,5.5300000,0.000000,0,0,0
5.160,0.0873000,-0.0682000,9.5811000,57.4646000,53.4363000,60.4706000,-40.6160000,-10.7920000,5.7360000,0.000000,0,0,0
5.170,0.0897000,-0.0670000,9.5835000,57.4646000,53.3829000,60.4782000,-40.8140000,-10.9410000,5.5870000,0.000000,0,0,0
5.180,0.0909000,-0.0718000,9.5847000,57.4722000,53.3600000,60.4401000,-40.4360000,-11.0010000,5.4600000,0.000000,0,0,0
5.190,0.0885000,-0.0790000,9.5847000,57.4875000,53.3371000,60.3790000,-40.7660000,-10.5980000,4.9700000,0.000000,0,0,0
5.200,0.0861000,-0.0861000,9.5859000,57.5104000,53.3295000,60.3409000,-40.4940000,-10.7280000,5.5820000,0.000000,0,0,0
5.210,0.0873000,-0.0921000,9.5895000,57.5104000,53.3447000,60.3104000,-40.3610000,-10.8090000,5.6780000,0.000000,0,0,0
5.220,0.0885000,-0.0909000,9.5895000,57.4875000,53.3829000,60.2798000,-40.7260000,-10.8100000,5.7130000,0.000000,0,0,0
5.230,0.0873000,-0.0897000,9.5871000,57.4493000,53.3905000,60.2951000,-40.3820000,-10.5360000,5.9120000,0.000000,0,0,0
5.240,0.0825000,-0.0885000,9.5847000,57.4112000,53.3295000,60.3790000,-40.8030000,-11.0670000,5.5000000,0.000000,0,0,0
5.250,0.0825000,-0.0873000,9.5859000,57.4265000,53.2150000,60.4935000,-40.4590000,-10.7000000,5.1650000,0.000000,0,0,0
5.260,0.0837000,-0.0837000,9.5859000,57.5027000,53.0853000,60.5927000,-40.3660000,-10.7500000,5.5860000,0.000000,0,0,0
5.270,0.0849000,-0.0813000,9.5859000,57.5790000,52.9709000,60.6308000,-40.5700000,-10.9340000,5.5900000,0.000000,0,0,0
5.280,0.0897000,-0.0790000,9.5871000,57.6248000,52.9556000,60.6155000,-40.3310000,-10.8870000,5.7120000,0.000000,0,0,0
5.290,0.0933000,-0.0790000,9.5906000,57.6401000,53.0472000,60.5316000,-40.3680000,-10.9240000,5.6440000,0.000000,0,0,0
5.300,0.0945000,-0.0802000,9.5906000,57.6324000,53.1845000,60.4248000,-40.6610000,-11.2620000,5.6780000,0.000000,0,0,0
5.310,0.0921000,-0.0849000,9.5906000,57.6172000,53.2837000,60.3485000,-40.5780000,-10.7630000,5.3700000,0.000000,0,0,0
5.320,0.0897000,-0.0861000,9.5883000,57.6248000,53.3142000,60.3180000,-40.6370000,-10.6050000,5.2500000,0.000000,0,0,0
5.330,0.0849000,-0.0861000,9.5871000,57.6401000,53.2913000,60.3256000,-40.8310000,-10.7790000,5.8470000,0.000000,0,0,0
5.340,0.0813000,-0.0873000,9.5871000,57.6553000,53.2455000,60.3714000,-40.7010000,-11.0000000,6.4600000,0.000000,0,0,0
5.350,0.0778000,-0.0909000,9.5859000,57.6630000,53.1769000,60.4172000,-40.2830000,-10.8820000,6.0960000,0.000000,0,0,0
5.360,0.0766000,-0.0933000,9.5847000,57.6935000,53.0930000,60.4477000,-40.6130000,-10.9190000,5.8500000,0.000000,0,0,0
5.370,0.0778000,-0.0909000,9.5859000,57.7469000,53.0319000,60.3943000,-40.2500000,-10.6190000,5.2420000,0.000000,0,0,0
5.380,0.0813000,-0.0861000,9.5871000,57.8003000,53.0243000,60.2646000,-40.5370000,-10.9510000,5.6840000,0.000000,0,0,0
5.390,0.0861000,-0.0813000,9.5883000,57.8232000,53.0548000,60.1196000,-40.2680000,-10.9610000,5.5000000,0.000000,0,0,0
5.400,0.0885000,-0.0790000,9.5871000,57.8079000,53.1082000,60.0052000,-40.8190000,-11.1400000,5.2870000,0.000000,0,0,0
5.410,0.0802000,-0.0778000,9.5835000,57.7469000,53.1387000,59.9899000,-40.6210000,-10.8190000,5.5160000,0.000000,0,0,0
5.420,0.0694000,-0.0790000,9.5799000,57.6859000,53.0930000,60.0891000,-40.5590000,-10.7420000,4.9960000,0.000000,0,0,0
5.430,0.0622000,-0.0802000,9.5799000,57.6477000,53.0167000,60.2417000,-40.6720000,-10.7700000,5.3470000,0.000000,0,0,0
5.440,0.0622000,-0.0790000,9.5823000,57.6324000,52.9785000,60.4019000,-40.7470000,-11.1320000,5.3410000,0.000000,0,0,0
5.450,0.0658000,-0.0778000,9.5847000,57.6019000,52.9861000,60.5164000,-40.5420000,-10.6530000,5.0340000,0.000000,0,0,0
5.460,0.0730000,-0.0778000,9.5871000,57.5562000,53.0243000,60.5774000,-40.7220000,-10.8850000,4.9560000,0.000000,0,0,0
5.470,0.0766000,-0.0778000,9.5883000,57.5333000,53.0624000,60.5698000,-40.7100000,-10.5350000,4.5740000,0.000000,0,0,0
5.480,0.0742000,-0.0778000,9.5859000,57.5333000,53.0624000,60.5392000,-40.6780000,-10.8980000,5.2760000,0.000000,0,0,0
5.490,0.0658000,-0.0802000,9.5823000,57.5409000,53.0090000,60.5316000,-40.8990000,-10.7680000,5.3320000,0.000000,0,0,0
5.500,0.0574000,-0.0790000,9.5775000,57.5409000,52.9175000,60.5698000,-40.4720000,-10.6270000,5.2360000,0.000000,0,0,0
5.510,0.0526000,-0.0766000,9.5763000,57.5027000,52.8183000,60.6613000,-40.7390000,-11.0170000,5.9990000,0.000000,0,0,0
5.520,0.0538000,-0.0754000,9.5763000,57.4493000,52.7115000,60.7452000,-40.4660000,-10.9380000,5.4370000,0.000000,0,0,0
5.530,0.0610000,-0.0706000,9.5763000,57.3959000,52.5970000,60.7834000,-40.4180000,-11.0100000,5.8060000,0.000000,0,0,0
5.540,0.0718000,-0.0658000,9.5763000,57.3730000,52.3605000,60.7910000,-40.8110000,-10.8090000,5.5600000,0.000000,0,0,0
5.550,0.0849000,-0.0598000,9.5775000,57.3959000,52.0630000,60.7300000,-40.5360000,-10.6260000,5.4660000,0.000000,0,0,0
5.560,0.0921000,-0.0574000,9.5787000,57.4570000,51.7654000,60.5698000,-40.6490000,-10.9340000,5.6740000,0.000000,0,0,0
5.570,0.0861000,-0.0658000,9.5775000,57.5180000,51.5060000,60.4324000,-40.7680000,-10.8740000,6.2310000,0.000000,0,0,0
5.580,0.0790000,-0.0766000,9.5775000,57.5943000,51.2314000,60.3638000,-40.5440000,-10.9080000,6.3470000,0.000000,0,0,0
5.590,0.0754000,-0.0861000,9.5799000,57.6477000,50.9720000,60.3790000,-40.5970000,-10.8390000,5.7440000,0.000000,0,0,0
5.600,0.0790000,-0.0897000,9.5787000,57.7164000,50.7278000,60.4706000,-40.7950000,-10.8790000,5.4350000,0.000000,0,0,0
5.610,0.0909000,-0.0921000,9.5799000,57.8003000,50.4990000,60.6461000,-40.6450000,-10.8880000,5.2520000,0.000000,0,0,0
5.620,0.1136000,-0.0993000,9.5859000,57.8537000,50.3693000,60.8902000,-40.9390000,-10.7370000,5.7890000,0.000000,0,0,0
5.630,0.1459000,-0.1113000,9.5966000,57.8766000,50.4379000,61.1115000,-40.8760000,-11.2770000,5.4900000,0.000000,0,0,0
5.640,0.1759000,-0.1232000,9.6026000,57.9300000,50.6363000,61.2106000,-40.4980000,-10.7390000,5.1540000,0.000000,0,0,0
5.650,0.1890000,-0.1280000,9.6026000,58.0444000,50.8347000,61.1877000,-40.9580000,-10.9570000,5.0900000,0.000000,0,0,0
5.660,0.1866000,-0.1196000,9.6002000,58.1818000,50.9872000,61.1038000,-40.5230000,-10.7360000,5.1290000,0.000000,0,0,0
5.670,0.1735000,-0.0969000,9.5942000,58.2962000,51.1322000,60.9665000,-40.6830000,-10.7460000,5.1210000,0.000000,0,0,0
5.680,0.1388000,-0.0610000,9.5823000,58.2886000,51.3077000,60.8521000,-40.5770000,-10.8470000,5.5060000,0.000000,0,0,0
5.690,0.1220000,-0.0479000,9.5751000,58.1665000,51.3763000,60.9055000,-40.6560000,-10.9700000,5.5190000,0.000000,0,0,0
5.700,0.1172000,-0.0443000,9.5715000,58.0292000,51.3840000,61.0199000,-40.7190000,-10.6890000,5.5820000,0.000000,0,0,0
5.710,0.1220000,-0.0502000,9.5727000,57.9147000,51.3229000,61.1343000,-40.4670000,-11.0390000,5.2200000,0.000000,0,0,0
5.720,0.1304000,-0.0610000,9.5751000,57.8766000,51.2238000,61.1877000,-40.5000000,-10.9860000,4.9350000,0.000000,0,0,0
5.730,0.1436000,-0.0682000,9.5775000,57.9224000,51.1551000,61.1038000,-40.9740000,-10.8790000,5.5540000,0.000000,0,0,0
5.740,0.1687000,-0.0718000,9.5823000,58.0368000,51.1475000,60.9055000,-40.8760000,-10.9530000,4.7720000,0.000000,0,0,0
5.750,0.1759000,-0.0742000,9.5859000,58.2352000,51.2238000,60.6003000,-40.6040000,-11.1550000,6.1200000,0.000000,0,0,0
5.760,0.1914000,-0.0706000,9.5871000,58.4106000,51.3992000,60.2951000,-40.6180000,-11.1110000,5.9300000,0.000000,0,0,0
5.770,0.2022000,-0.0706000,9.5883000,58.4946000,51.7120000,60.0204000,-40.5880000,-11.0880000,5.7860000,0.000000,0,0,0
5.780,0.2010000,-0.0742000,9.5883000,58.4488000,52.1545000,59.8450000,-40.3440000,-11.0170000,5.5880000,0.000000,0,0,0
5.790,0.1878000,-0.0825000,9.5859000,58.3267000,52.6199000,59.8068000,-40.7500000,-11.1650000,5.3960000,0.000000,0,0,0
5.800,0.1687000,-0.0909000,9.5811000,58.1894000,52.9861000,59.8907000,-40.4330000,-10.9460000,5.7520000,0.000000,0,0,0
5.810,0.1483000,-0.0897000,9.5751000,58.0826000,53.2150000,60.0662000,-40.3030000,-11.0040000,5.8650000,0.000000,0,0,0
5.820,0.1352000,-0.0802000,9.5715000,57.9529000,53.3371000,60.2417000,-40.4400000,-11.2560000,5.4300000,0.000000,0,0,0
5.830,0.1256000,-0.0670000,9.5667000,57.8003000,53.3600000,60.3790000,-40.3920000,-11.0060000,5.2650000,0.000000,0,0,0
5.840,0.1160000,-0.0550000,9.5631000,57.6324000,53.2990000,60.4706000,-40.5450000,-11.0960000,6.0880000,0.000000,0,0,0
5.850,0.1196000,-0.0467000,9.5631000,57.4799000,53.2150000,60.5392000,-40.5450000,-11.0670000,5.3020000,0.000000,0,0,0
5.860,0.1388000,-0.0419000,9.5667000,57.3502000,53.1540000,60.5698000,-40.4050000,-11.1270000,5.4970000,0.000000,0,0,0
5.870,0.1579000,-0.0431000,9.5715000,57.2891000,53.0930000,60.5240000,-40.7020000,-10.9870000,5.2400000,0.000000,0,0,0
5.880,0.1699000,-0.0490000,9.5751000,57.3044000,52.9861000,60.4401000,-40.5240000,-10.7060000,5.6830000,0.000000,0,0,0
5.890,0.1723000,-0.0562000,9.5763000,57.3730000,52.8641000,60.3104000,-40.4750000,-10.9900000,4.9280000,0.000000,0,0,0
5.900,0.1675000,-0.0610000,9.5775000,57.4265000,52.8259000,60.1578000,-40.6910000,-10.9610000,5.3580000,0.000000,0,0,0
5.910,0.1567000,-0.0706000,9.5799000,57.3959000,52.8488000,60.0357000,-40.6620000,-11.0690000,5.4270000,0.000000,0,0,0
5.920,0.1483000,-0.0813000,9.5787000,57.3273000,52.8717000,59.9823000,-40.8440000,-11.1510000,6.4300000,0.000000,0,0,0
5.930,0.1471000,-0.0921000,9.5775000,57.2739000,52.8717000,59.9747000,-40.8780000,-11.3370000,5.8200000,0.000000,0,0,0
5.940,0.1543000,-0.0969000,9.5775000,57.2586000,52.8717000,59.9823000,-40.8710000,-10.9700000,5.8280000,0.000000,0,0,0
5.950,0.1639000,-0.0969000,9.5823000,57.2739000,52.9099000,59.9976000,-40.5740000,-10.8080000,5.0790000,0.000000,0,0,0
5.960,0.1747000,-0.0933000,9.5859000,57.3196000,52.9861000,59.9976000,-40.8960000,-10.7510000,5.7640000,0.000000,0,0,0
5.970,0.1866000,-0.0861000,9.5871000,57.3883000,53.0930000,59.9594000,-40.6820000,-11.1030000,5.5870000,0.000000,0,0,0
5.980,0.1878000,-0.0766000,9.5847000,57.4570000,53.2150000,59.8831000,-40.5200000,-11.0270000,5.6060000,0.000000,0,0,0
5.990,0.1842000,-0.0694000,9.5835000,57.5027000,53.3371000,59.7992000,-40.5200000,-11.0910000,5.0470000,0.000000,0,0,0
6.000,0.1747000,-0.0706000,9.5811000,57.5256000,53.4134000,59.7076000,-40.6320000,-11.2900000,5.4280000,0.000000,0,0,0
6.010,0.1639000,-0.0730000,9.5787000,57.5790000,53.3371000,59.5856000,-40.5660000,-11.2680000,4.9240000,0.000000,0,0,0
6.020,0.1591000,-0.0706000,9.5739000,57.6477000,53.0853000,59.4330000,-40.5620000,-11.0850000,5.0600000,0.000000,0,0,0
6.030,0.1651000,-0.0586000,9.5715000,57.7164000,52.6962000,59.1583000,-40.6280000,-11.1710000,5.1510000,0.000000,0,0,0
6.040,0.1723000,-0.0455000,9.5703000,57.8003000,52.3376000,58.8303000,-40.9320000,-11.1400000,5.5390000,0.000000,0,0,0
6.050,0.1830000,-0.0335000,9.5715000,57.8308000,52.1011000,58.5175000,-40.3970000,-11.0040000,5.4070000,0.000000,0,0,0
6.060,0.1938000,-0.0335000,9.5739000,57.7850000,52.0630000,58.2504000,-40.6650000,-11.1160000,5.2530000,0.000000,0,0,0
6.070,0.1902000,-0.0467000,9.5763000,57.7240000,52.1393000,58.0902000,-40.3290000,-10.7060000,5.3180000,0.000000,0,0,0
6.080,0.1723000,-0.0634000,9.5787000,57.6706000,52.3071000,58.0673000,-40.9470000,-11.3550000,4.7240000,0.000000,0,0,0
6.090,0.1507000,-0.0766000,9.5763000,57.5867000,52.4979000,58.1589000,-40.7890000,-10.9590000,4.3780000,0.000000,0,0,0
6.100,0.1268000,-0.0813000,9.5715000,57.5256000,52.5665000,58.3191000,-40.5010000,-10.9210000,5.3970000,0.000000,0,0,0
6.110,0.1101000,-0.0802000,9.5643000,57.5180000,52.4445000,58.4412000,-40.7730000,-10.8560000,5.2870000,0.000000,0,0,0
6.120,0.1005000,-0.0706000,9.5572000,57.5409000,52.0782000,58.5403000,-40.8630000,-11.0700000,5.9990000,0.000000,0,0,0
6.130,0.0957000,-0.0562000,9.5548000,57.7164000,51.4374000,58.7540000,-40.4770000,-10.8980000,5.2370000,0.000000,0,0,0
6.140,0.1101000,-0.0431000,9.5583000,58.0063000,50.7278000,59.0820000,-40.7730000,-10.8990000,5.5550000,0.000000,0,0,0
6.150,0.1424000,-0.0407000,9.5667000,58.2199000,50.2319000,59.4177000,-40.6500000,-10.7770000,4.8940000,0.000000,0,0,0
6.160,0.1771000,-0.0526000,9.5763000,58.3191000,50.0717000,59.6619000,-40.7290000,-10.5030000,4.8650000,0.000000,0,0,0
6.170,0.2141000,-0.0742000,9.5823000,58.2886000,50.1862000,59.6924000,-40.9010000,-11.0070000,4.8850000,0.000000,0,0,0
6.180,0.2345000,-0.0933000,9.5799000,58.1207000,50.3159000,59.5398000,-40.7980000,-10.9900000,4.8730000,0.000000,0,0,0
6.190,0.2321000,-0.1005000,9.5751000,57.9987000,50.1862000,59.4254000,-40.7490000,-10.6020000,4.9560000,0.000000,0,0,0
6.200,0.2213000,-0.1041000,9.5715000,58.0292000,49.8810000,59.3948000,-40.7940000,-10.8060000,5.1300000,0.000000,0,0,0
6.210,0.2070000,-0.1041000,9.5643000,58.1360000,49.5682000,59.3414000,-40.7920000,-10.8260000,5.0040000,0.000000,0,0,0
6.220,0.1794000,-0.1053000,9.5560000,58.2581000,49.1867000,59.4254000,-40.6730000,-10.7480000,5.0640000,0.000000,0,0,0
6.230,0.1388000,-0.1184000,9.5488000,58.4946000,48.2407000,60.0357000,-40.9400000,-10.8590000,4.6680000,0.000000,0,0,0
6.240,0.1364000,-0.1208000,9.5500000,58.5938000,47.4930000,60.5392000,-41.0320000,-11.0450000,4.3070000,0.000000,0,0,0
6.250,0.1555000,-0.1101000,9.5524000,58.6853000,46.7987000,60.8292000,-40.8840000,-11.0390000,4.9270000,0.000000,0,0,0
6.260,0.1914000,-0.0825000,9.5560000,58.7616000,46.3028000,60.8368000,-40.7490000,-10.6960000,4.5890000,0.000000,0,0,0
6.270,0.2345000,-0.0467000,9.5572000,58.8303000,45.7840000,60.7605000,-41.1060000,-10.8610000,4.2210000,0.000000,0,0,0
6.280,0.2883000,-0.0132000,9.5572000,58.9218000,45.0821000,60.5087000,-40.9110000,-10.7090000,4.6690000,0.000000,0,0,0
6.290,0.3613000,0.0191000,9.5572000,58.9828000,44.3497000,60.0357000,-41.1270000,-10.8320000,5.1770000,0.000000,0,0,0
6.300,0.4271000,0.0419000,9.5619000,59.0515000,43.7317000,59.3872000,-41.2620000,-10.7080000,4.1630000,0.000000,0,0,0
6.310,0.4558000,0.0419000,9.5631000,59.1507000,43.1976000,58.7616000,-41.1320000,-10.6200000,4.1000000,0.000000,0,0,0
6.320,0.4426000,0.0251000,9.5583000,59.2575000,42.6941000,58.4106000,-41.1040000,-10.7150000,3.9580000,0.000000,0,0,0
6.330,0.4127000,0.0012000,9.5452000,59.3033000,42.2440000,58.4183000,-41.0110000,-10.9670000,4.2770000,0.000000,0,0,0
6.340,0.3649000,-0.0311000,9.5332000,59.2728000,41.8701000,58.7616000,-41.3150000,-10.8690000,4.1770000,0.000000,0,0,0
6.350,0.3134000,-0.0718000,9.5237000,59.1736000,41.5344000,59.3033000,-41.4380000,-10.7340000,4.4170000,0.000000,0,0,0
6.360,0.2943000,-0.0981000,9.5237000,58.9294000,41.3055000,60.0357000,-41.1680000,-10.8440000,4.5010000,0.000000,0,0,0
6.370,0.3385000,-0.1113000,9.5320000,58.5632000,41.2292000,60.6995000,-41.2710000,-10.7180000,4.0660000,0.000000,0,0,0
6.380,0.4187000,-0.1101000,9.5392000,58.1741000,41.2827000,60.9055000,-41.5170000,-10.6340000,4.0310000,0.000000,0,0,0
6.390,0.4977000,-0.0909000,9.5356000,57.8384000,41.0843000,60.6918000,-41.7000000,-10.6600000,4.1690000,0.000000,0,0,0
6.400,0.5539000,-0.0562000,9.5272000,57.5867000,40.3137000,60.3333000,-41.5920000,-10.6140000,3.3630000,0.000000,0,0,0
6.410,0.5670000,-0.0156000,9.5093000,57.3959000,38.9404000,60.0204000,-41.5340000,-10.6730000,3.4570000,0.000000,0,0,0
6.420,0.5539000,0.0227000,9.4878000,57.2433000,37.1552000,59.8373000,-41.7140000,-10.7170000,3.8160000,0.000000,0,0,0
6.430,0.5288000,0.0502000,9.4710000,57.1136000,35.3394000,59.7839000,-41.6480000,-10.6870000,4.0660000,0.000000,0,0,0
6.440,0.4917000,0.0622000,9.4638000,57.0374000,33.9661000,59.8373000,-41.6850000,-10.7520000,3.8890000,0.000000,0,0,0
6.450,0.4630000,0.0622000,9.4579000,57.0068000,33.2642000,59.9136000,-41.5590000,-10.5040000,3.1990000,0.000000,0,0,0
6.460,0.4785000,0.0502000,9.4579000,56.8924000,33.1573000,60.0967000,-41.8150000,-10.6170000,3.9290000,0.000000,0,0,0
6.470,0.5371000,0.0371000,9.4603000,56.5872000,33.3786000,60.3943000,-41.6120000,-10.8220000,3.2960000,0.000000,0,0,0
6.480,0.6292000,0.0215000,9.4710000,56.1829000,33.6990000,60.6232000,-41.9590000,-11.1430000,3.2170000,0.000000,0,0,0
6.490,0.7513000,-0.0012000,9.4878000,55.8701000,34.1187000,60.6995000,-41.7170000,-10.9430000,3.4770000,0.000000,0,0,0
6.500,0.8757000,-0.0156000,9.5009000,55.7480000,34.7214000,60.5316000,-41.9570000,-10.9600000,3.2130000,0.000000,0,0,0
6.510,0.9726000,-0.0132000,9.5081000,55.7785000,35.4996000,60.1654000,-41.7560000,-10.9610000,3.4420000,0.000000,0,0,0
6.520,1.0432000,0.0000000,9.5105000,55.8853000,36.3464000,59.7076000,-41.8880000,-10.9570000,3.9070000,0.000000,0,0,0
6.530,1.0814000,0.0120000,9.5057000,56.0226000,37.1323000,59.1965000,-42.0890000,-11.0510000,3.2710000,0.000000,0,0,0
6.540,1.0826000,0.0144000,9.4997000,56.1829000,37.9181000,58.6395000,-41.9320000,-10.9510000,3.4180000,0.000000,0,0,0
6.550,1.0671000,0.0000000,9.4949000,56.4346000,38.6734000,58.0673000,-42.1320000,-10.9710000,3.0630000,0.000000,0,0,0
6.560,1.0468000,-0.0203000,9.4890000,56.7703000,39.2303000,57.5333000,-42.1750000,-10.9940000,3.3030000,0.000000,0,0,0
6.570,1.0216000,-0.0395000,9.4734000,57.0221000,39.3982000,57.1365000,-42.3540000,-11.0430000,3.4130000,0.000000,0,0,0
6.580,1.0145000,-0.0431000,9.4591000,57.0068000,39.0091000,57.0526000,-42.1730000,-10.9110000,3.1800000,0.000000,0,0,0
6.590,1.0288000,-0.0383000,9.4483000,56.7245000,38.2843000,57.1899000,-42.5890000,-10.6820000,2.6170000,0.000000,0,0,0
6.600,1.0527000,-0.0347000,9.4435000,56.3431000,37.6129000,57.4341000,-42.1730000,-10.9110000,3.0770000,0.000000,0,0,0
6.610,1.0838000,-0.0323000,9.4351000,56.1523000,37.2849000,57.6248000,-42.0940000,-10.8690000,2.6600000,0.000000,0,0,0
6.620,1.1114000,-0.0203000,9.4232000,56.2363000,37.5137000,57.7087000,-42.2830000,-10.6350000,2.9100000,0.000000,0,0,0
6.630,1.1269000,-0.0048000,9.4184000,56.5033000,38.2309000,57.8232000,-42.3960000,-10.8690000,2.8190000,0.000000,0,0,0
6.640,1.1484000,0.0048000,9.4208000,56.7856000,38.8870000,58.0597000,-42.3660000,-10.8170000,2.8940000,0.000000,0,0,0
6.650,1.1807000,0.0144000,9.4268000,56.9077000,39.0015000,58.5175000,-42.4860000,-10.6730000,3.2030000,0.000000,0,0,0
6.660,1.2238000,0.0227000,9.4232000,56.7093000,38.3606000,59.2422000,-42.4720000,-10.8890000,2.0230000,0.000000,0,0,0
6.670,1.2740000,0.0108000,9.4040000,56.2744000,37.1552000,60.1273000,-42.5260000,-10.6840000,2.1510000,0.000000,0,0,0
6.680,1.3279000,-0.0179000,9.3669000,55.8701000,35.7742000,60.8749000,-42.5860000,-10.8310000,2.3030000,0.000000,0,0,0
6.690,1.3757000,-0.0526000,9.3275000,55.6259000,34.8969000,61.2106000,-42.9190000,-10.8850000,2.0360000,0.000000,0,0,0
6.700,1.3937000,-0.0790000,9.3071000,55.5801000,34.8740000,61.1038000,-43.0110000,-11.0290000,1.9500000,0.000000,0,0,0
6.710,1.3853000,-0.0993000,9.3071000,55.7632000,35.6522000,60.7758000,-42.5840000,-10.9860000,1.9910000,0.000000,0,0,0
6.720,1.3709000,-0.1113000,9.3215000,56.0303000,37.0331000,60.5392000,-42.8050000,-10.7640000,2.0030000,0.000000,0,0,0
6.730,1.3542000,-0.1077000,9.3466000,56.2210000,38.6505000,60.5087000,-42.6390000,-10.7400000,1.5290000,0.000000,0,0,0
6.740,1.3506000,-0.1005000,9.3657000,56.1676000,40.1382000,60.6537000,-42.8820000,-11.1350000,2.4010000,0.000000,0,0,0
6.750,1.3650000,-0.1029000,9.3741000,55.9082000,41.1301000,60.9970000,-42.6590000,-10.7380000,2.0490000,0.000000,0,0,0
6.760,1.4272000,-0.1136000,9.3610000,55.3894000,41.3895000,61.6150000,-42.7780000,-10.8080000,2.0290000,0.000000,0,0,0
6.770,1.4667000,-0.1172000,9.3394000,55.1758000,40.9012000,61.9049000,-42.3650000,-11.0330000,1.7070000,0.000000,0,0,0
6.780,1.4954000,-0.1220000,9.3155000,55.1910000,40.3366000,62.0651000,-42.7560000,-10.9440000,1.5460000,0.000000,0,0,0
6.790,1.5001000,-0.1184000,9.3000000,55.5191000,39.9399000,62.0880000,-42.6770000,-10.9710000,1.6050000,0.000000,0,0,0
6.800,1.4918000,-0.1089000,9.2928000,56.0760000,39.9399000,62.0651000,-42.4770000,-11.1880000,2.0620000,0.000000,0,0,0
6.810,1.4870000,-0.1029000,9.2964000,56.7245000,40.1993000,62.1262000,-42.5720000,-10.8660000,1.8260000,0.000000,0,0,0
6.820,1.4978000,-0.1005000,9.3035000,57.3273000,40.5045000,62.2559000,-42.6710000,-11.1020000,1.6720000,0.000000,0,0,0
6.830,1.5253000,-0.1005000,9.3023000,57.7850000,40.8173000,62.3550000,-42.9260000,-10.8340000,2.0500000,0.000000,0,0,0
6.840,1.5659000,-0.1065000,9.2928000,58.1512000,40.9698000,62.3856000,-42.6990000,-11.1380000,2.1080000,0.000000,0,0,0
6.850,1.6054000,-0.1148000,9.2796000,58.5327000,40.8478000,62.3779000,-42.5100000,-11.0700000,1.4130000,0.000000,0,0,0
6.860,1.6473000,-0.1113000,9.2665000,58.8455000,40.5426000,62.3169000,-42.6050000,-11.2020000,1.1060000,0.000000,0,0,0
6.870,1.6832000,-0.1041000,9.2593000,58.9447000,40.1154000,62.2253000,-42.4290000,-11.1120000,1.3440000,0.000000,0,0,0
6.880,1.7107000,-0.1005000,9.2569000,58.7997000,39.5432000,62.2025000,-42.7050000,-10.7060000,0.8680000,0.000000,0,0,0
6.890,1.7262000,-0.1101000,9.2605000,58.5480000,38.9938000,62.2635000,-42.6650000,-10.4860000,1.3930000,0.000000,0,0,0
6.900,1.7418000,-0.1232000,9.2581000,58.3649000,38.7192000,62.3398000,-42.8090000,-10.7810000,0.7580000,0.000000,0,0,0
6.910,1.7633000,-0.1304000,9.2533000,58.3038000,38.7573000,62.3322000,-42.8060000,-10.9300000,0.9520000,0.000000,0,0,0
6.920,1.7849000,-0.1328000,9.2533000,58.3038000,38.9481000,62.2787000,-43.1640000,-10.8930000,0.8920000,0.000000,0,0,0
6.930,1.7980000,-0.1328000,9.2581000,58.2428000,39.1006000,62.3245000,-42.8920000,-10.9860000,0.9710000,0.000000,0,0,0
6.940,1.8184000,-0.1376000,9.2581000,58.0444000,39.0244000,62.4695000,-43.1280000,-11.0720000,0.7140000,0.000000,0,0,0
6.950,1.8578000,-0.1400000,9.2569000,57.6935000,38.5818000,62.6144000,-42.8660000,-10.8020000,0.3370000,0.000000,0,0,0
6.960,1.8949000,-0.1376000,9.2437000,57.1899000,37.9868000,62.6144000,-42.9890000,-11.1990000,0.7890000,0.000000,0,0,0
6.970,1.9188000,-0.1340000,9.2174000,56.5491000,37.4985000,62.4619000,-42.9850000,-10.9800000,0.6980000,0.000000,0,0,0
6.980,1.9308000,-0.1244000,9.1851000,55.7556000,37.3535000,62.2864000,-43.1020000,-11.2200000,0.8520000,0.000000,0,0,0
6.990,1.9296000,-0.1089000,9.1696000,54.8553000,37.7121000,62.1185000,-43.0520000,-11.0890000,0.6590000,0.000000,0,0,0
7.000,1.9260000,-0.1053000,9.1708000,54.0848000,38.4598000,62.0270000,-43.4260000,-11.1920000,0.1090000,0.000000,0,0,0
7.010,1.9308000,-0.1125000,9.1815000,53.6728000,39.2456000,62.0575000,-43.2270000,-10.9860000,0.2620000,0.000000,0,0,0
7.020,1.9488000,-0.1292000,9.1935000,53.6652000,39.7568000,62.2177000,-43.2580000,-11.0600000,-0.0120000,0.000000,0,0,0
7.030,1.9882000,-0.1412000,9.1923000,53.9322000,39.8788000,62.3779000,-43.3140000,-10.9580000,0.3740000,0.000000,0,0,0
7.040,2.0349000,-0.1591000,9.1839000,54.2908000,39.5355000,62.4237000,-42.9010000,-10.9320000,0.0060000,0.000000,0,0,0
7.050,2.0839000,-0.1723000,9.1660000,54.6341000,38.8031000,62.4161000,-43.0710000,-11.2460000,-0.0550000,0.000000,0,0,0
7.060,2.1330000,-0.1878000,9.1456000,54.8172000,37.7579000,62.4695000,-43.0820000,-11.2780000,-0.1060000,0.000000,0,0,0
7.070,2.1725000,-0.1950000,9.1265000,54.8477000,36.6898000,62.5076000,-42.9660000,-11.3560000,-0.3170000,0.000000,0,0,0
7.080,2.2095000,-0.1890000,9.1145000,54.7867000,36.1099000,62.3856000,-43.1940000,-11.1170000,0.1840000,0.000000,0,0,0
7.090,2.2299000,-0.1866000,9.1097000,54.7333000,36.2320000,62.0804000,-42.9690000,-11.2650000,-0.6470000,0.000000,0,0,0
7.100,2.2502000,-0.1866000,9.1062000,54.7791000,36.9263000,61.6379000,-43.2180000,-11.2570000,-0.6160000,0.000000,0,0,0
7.110,2.2694000,-0.1890000,9.1085000,54.8706000,37.8876000,61.1572000,-43.1970000,-11.2210000,-0.8750000,0.000000,0,0,0
7.120,2.2861000,-0.1914000,9.1145000,54.9316000,38.7878000,60.7834000,-43.2030000,-11.1390000,-0.7310000,0.000000,0,0,0
7.130,2.3005000,-0.1914000,9.1181000,54.9088000,39.3982000,60.6155000,-43.3110000,-11.3570000,-0.9630000,0.000000,0,0,0
7.140,2.3184000,-0.1926000,9.1038000,54.7714000,39.7415000,60.6613000,-43.5970000,-11.2920000,-0.6590000,0.000000,0,0,0
7.150,2.3387000,-0.2082000,9.0762000,54.5883000,39.8102000,60.8368000,-43.3780000,-11.4680000,-0.4390000,0.000000,0,0,0
7.160,2.3483000,-0.2297000,9.0475000,54.4128000,39.7415000,61.0428000,-43.4900000,-11.1850000,-0.1680000,0.000000,0,0,0
7.170,2.3615000,-0.2381000,9.0308000,54.2374000,39.7797000,61.2106000,-43.2450000,-11.2410000,-0.7330000,0.000000,0,0,0
7.180,2.3818000,-0.2405000,9.0296000,54.1382000,40.0925000,61.2717000,-43.4580000,-11.6480000,-0.7550000,0.000000,0,0,0
7.190,2.4033000,-0.2440000,9.0356000,54.2755000,40.5273000,61.2869000,-43.4630000,-11.3090000,-0.7300000,0.000000,0,0,0
7.200,2.4261000,-0.2572000,9.0380000,54.7104000,40.7791000,61.3632000,-43.7230000,-11.4620000,-0.5410000,0.000000,0,0,0
7.210,2.4512000,-0.2871000,9.0308000,55.3970000,40.6265000,61.5082000,-43.3560000,-11.2440000,-0.4810000,0.000000,0,0,0
7.220,2.4763000,-0.3182000,9.0188000,56.1752000,40.1154000,61.6608000,-43.7380000,-11.3550000,-0.6330000,0.000000,0,0,0
7.230,2.5062000,-0.3278000,8.9997000,56.7703000,39.5660000,61.7447000,-43.6450000,-11.4420000,-0.6840000,0.000000,0,0,0
7.240,2.5230000,-0.3182000,8.9805000,56.9687000,39.2990000,61.6989000,-43.7160000,-11.4260000,-1.2100000,0.000000,0,0,0
7.250,2.5361000,-0.3015000,8.9542000,56.6940000,39.6423000,61.4548000,-43.5510000,-11.2890000,-1.3530000,0.000000,0,0,0
7.260,2.5445000,-0.2895000,8.9339000,56.1142000,40.5197000,61.0733000,-43.9600000,-11.3690000,-1.0440000,0.000000,0,0,0
7.270,2.5553000,-0.2931000,8.9363000,55.2902000,41.9388000,60.6308000,-43.8830000,-11.4790000,-1.1310000,0.000000,0,0,0
7.280,2.5648000,-0.2931000,8.9530000,55.0995000,42.4423000,60.5927000,-43.6770000,-11.3730000,-1.4760000,0.000000,0,0,0
7.290,2.5936000,-0.2835000,8.9614000,55.1300000,42.5110000,60.6766000,-43.7320000,-11.2630000,-1.3910000,0.000000,0,0,0
7.300,2.6271000,-0.2751000,8.9626000,55.2597000,42.3889000,60.7300000,-43.5410000,-11.5100000,-1.1540000,0.000000,0,0,0
7.310,2.6570000,-0.2728000,8.9710000,55.4199000,42.1982000,60.7529000,-43.5320000,-11.2200000,-1.3250000,0.000000,0,0,0
7.320,2.6881000,-0.2787000,8.9829000,55.6412000,41.8930000,60.7758000,-43.3900000,-11.4230000,-1.2810000,0.000000,0,0,0
7.330,2.7168000,-0.2907000,8.9925000,55.9540000,41.4276000,60.8063000,-43.6670000,-11.5140000,-1.6180000,0.000000,0,0,0
7.340,2.7383000,-0.3063000,8.9889000,56.3660000,40.8707000,60.8673000,-43.4950000,-11.1240000,-1.8040000,0.000000,0,0,0
7.350,2.7622000,-0.3206000,8.9710000,56.8848000,40.1993000,60.9818000,-43.7970000,-11.3210000,-1.9680000,0.000000,0,0,0
7.360,2.7838000,-0.3206000,8.9518000,57.3730000,39.5050000,61.1267000,-43.3090000,-11.3840000,-1.7040000,0.000000,0,0,0
7.370,2.8113000,-0.3074000,8.9255000,57.6172000,39.0625000,61.2106000,-43.5590000,-11.2470000,-1.9120000,0.000000,0,0,0
7.380,2.8340000,-0.2955000,8.9016000,57.5409000,39.0244000,61.1649000,-43.6230000,-11.3260000,-2.0420000,0.000000,0,0,0
7.390,2.8448000,-0.2907000,8.8860000,57.2433000,39.3066000,61.0733000,-43.8190000,-11.2860000,-1.6430000,0.000000,0,0,0
7.400,2.8520000,-0.2835000,8.8824000,56.8695000,39.5813000,61.0504000,-43.7470000,-11.2190000,-1.7990000,0.000000,0,0,0
7.410,2.8699000,-0.2787000,8.8860000,56.5338000,39.6881000,61.1115000,-43.5260000,-11.2000000,-1.4050000,0.000000,0,0,0
7.420,2.8926000,-0.2787000,8.8896000,56.3965000,39.5203000,61.1954000,-43.6880000,-11.2250000,-2.1550000,0.000000,0,0,0
7.430,2.9130000,-0.2859000,8.8848000,56.5948000,39.0396000,61.3174000,-43.9020000,-10.9600000,-2.3970000,0.000000,0,0,0
7.440,2.9429000,-0.2883000,8.8669000,57.0755000,38.6124000,61.3174000,-43.8690000,-11.2350000,-2.0690000,0.000000,0,0,0
7.450,2.9608000,-0.2871000,8.8418000,57.5867000,38.5132000,61.0886000,-43.4310000,-11.1260000,-2.3600000,0.000000,0,0,0
7.460,2.9680000,-0.2955000,8.8167000,57.8766000,38.4827000,60.8673000,-43.6310000,-11.1110000,-3.0170000,0.000000,0,0,0
7.470,2.9764000,-0.2955000,8.8023000,57.8461000,38.2614000,60.8063000,-43.7630000,-11.3590000,-3.3960000,0.000000,0,0,0
7.480,2.9859000,-0.2907000,8.8071000,57.5867000,37.8799000,60.8444000,-43.7610000,-11.4070000,-3.2990000,0.000000,0,0,0
7.490,3.0027000,-0.2943000,8.8178000,57.3578000,37.3764000,60.9589000,-43.7120000,-11.3070000,-2.7680000,0.000000,0,0,0
7.500,3.0290000,-0.3027000,8.8167000,57.4188000,36.6669000,61.1267000,-43.7750000,-11.4860000,-3.3470000,0.000000,0,0,0
7.510,3.0637000,-0.3086000,8.7987000,57.7316000,35.8505000,61.3022000,-43.8170000,-11.3130000,-3.2980000,0.000000,0,0,0
7.520,3.1127000,-0.3098000,8.7664000,58.0215000,34.9960000,61.4777000,-43.7650000,-11.2810000,-2.9510000,0.000000,0,0,0
7.530,3.1654000,-0.3110000,8.7353000,58.1207000,34.0271000,61.6150000,-43.4540000,-11.1840000,-3.3480000,0.000000,0,0,0
7.540,3.2156000,-0.3086000,8.7209000,57.9529000,32.9895000,61.6913000,-43.9800000,-11.1370000,-3.5720000,0.000000,0,0,0
7.550,3.2539000,-0.3027000,8.7233000,57.6019000,31.8985000,61.7218000,-43.8410000,-11.2650000,-3.3380000,0.000000,0,0,0
7.560,3.2898000,-0.2967000,8.7317000,57.1594000,30.9601000,61.6379000,-43.9110000,-11.5510000,-2.5820000,0.000000,0,0,0
7.570,3.3185000,-0.2859000,8.7353000,56.7017000,30.1971000,61.4548000,-43.9190000,-11.2720000,-2.8450000,0.000000,0,0,0
7.580,3.3544000,-0.2692000,8.7317000,56.1600000,29.5944000,61.2183000,-44.1060000,-11.4660000,-2.9640000,0.000000,0,0,0
7.590,3.3975000,-0.2656000,8.7198000,55.5801000,29.0146000,60.9970000,-44.0470000,-11.3340000,-3.1410000,0.000000,0,0,0
7.600,3.4477000,-0.2716000,8.7030000,55.1453000,28.3585000,60.8139000,-44.1800000,-11.2810000,-3.6120000,0.000000,0,0,0
7.610,3.4979000,-0.2871000,8.6791000,54.9927000,27.6337000,60.5774000,-44.1930000,-11.4390000,-3.9530000,0.000000,0,0,0
7.620,3.5386000,-0.3122000,8.6528000,55.1758000,26.7868000,60.3561000,-44.0220000,-11.2290000,-3.6540000,0.000000,0,0,0
7.630,3.5745000,-0.3385000,8.6276000,55.7175000,25.7950000,60.1730000,-44.2710000,-11.2370000,-3.9820000,0.000000,0,0,0
7.640,3.6020000,-0.3565000,8.6097000,56.4194000,24.8032000,60.0586000,-44.1250000,-11.1040000,-4.1640000,0.000000,0,0,0
7.650,3.6379000,-0.3661000,8.5941000,57.0221000,24.0402000,59.9747000,-44.1490000,-11.3220000,-4.2290000,0.000000,0,0,0
7.660,3.6894000,-0.3720000,8.5774000,57.3654000,23.6816000,59.8145000,-44.4340000,-11.3070000,-3.9650000,0.000000,0,0,0
7.670,3.7492000,-0.3744000,8.5559000,57.3959000,23.6969000,59.4711000,-44.1210000,-11.3300000,-4.4350000,0.000000,0,0,0
7.680,3.8006000,-0.3720000,8.5283000,57.1442000,23.9410000,59.0210000,-44.0920000,-11.4380000,-4.5770000,0.000000,0,0,0
7.690,3.8413000,-0.3613000,8.5008000,56.7703000,24.1394000,58.6166000,-44.1340000,-11.1280000,-4.6140000,0.000000,0,0,0
7.700,3.8700000,-0.3505000,8.4805000,56.4880000,24.1394000,58.3649000,-44.1450000,-11.2690000,-5.2240000,0.000000,0,0,0
7.710,3.8927000,-0.3457000,8.4697000,56.5262000,23.9792000,58.2199000,-44.0260000,-11.3710000,-4.8670000,0.000000,0,0,0
7.720,3.9131000,-0.3529000,8.4625000,56.9534000,23.6435000,58.1741000,-44.4270000,-11.0910000,-5.0200000,0.000000,0,0,0
7.730,3.9394000,-0.3601000,8.4494000,57.6553000,23.0789000,58.2733000,-44.3220000,-10.8710000,-5.0140000,0.000000,0,0,0
7.740,3.9717000,-0.3673000,8.4207000,58.4030000,22.2702000,58.4717000,-44.2800000,-10.9790000,-4.9150000,0.000000,0,0,0
7.750,4.0147000,-0.3708000,8.3704000,58.9142000,21.4615000,58.6395000,-44.0240000,-10.8790000,-5.4640000,0.000000,0,0,0
7.760,4.0626000,-0.3732000,8.3070000,59.0668000,20.9732000,58.6777000,-44.2570000,-11.0060000,-5.8930000,0.000000,0,0,0
7.770,4.1104000,-0.3649000,8.2508000,58.8913000,20.9656000,58.5861000,-44.1730000,-10.9450000,-5.3850000,0.000000,0,0,0
7.780,4.1571000,-0.3469000,8.2113000,58.4106000,21.5302000,58.3954000,-44.2700000,-10.8690000,-5.2080000,0.000000,0,0,0
7.790,4.1978000,-0.3302000,8.1862000,57.6859000,22.6059000,58.1284000,-44.3990000,-10.9190000,-6.2680000,0.000000,0,0,0
7.800,4.2301000,-0.3230000,8.1659000,56.8771000,23.8876000,57.9224000,-44.4260000,-10.9030000,-5.7820000,0.000000,0,0,0
7.810,4.2863000,-0.3362000,8.1324000,55.8472000,25.7797000,57.9605000,-44.3240000,-11.0660000,-5.3410000,0.000000,0,0,0
7.820,4.3234000,-0.3589000,8.1025000,55.6259000,26.7639000,58.1436000,-44.4890000,-10.9440000,-5.8850000,0.000000,0,0,0
7.830,4.3677000,-0.3816000,8.0678000,55.8624000,27.3056000,58.4641000,-44.5540000,-10.9320000,-6.6650000,0.000000,0,0,0
7.840,4.4215000,-0.4020000,8.0259000,56.4651000,27.3132000,58.8913000,-44.5310000,-10.8940000,-6.7150000,0.000000,0,0,0
7.850,4.4693000,-0.4235000,7.9757000,57.2281000,26.7105000,59.4177000,-44.4660000,-10.8800000,-6.8690000,0.000000,0,0,0
7.860,4.5303000,-0.4402000,7.9218000,57.9681000,25.7187000,60.0967000,-44.0470000,-10.9610000,-6.7330000,0.000000,0,0,0
7.870,4.5973000,-0.4366000,7.8728000,58.4793000,24.9329000,60.7071000,-44.3610000,-10.8090000,-7.0610000,0.000000,0,0,0
7.880,4.6464000,-0.4187000,7.8500000,58.7997000,24.7040000,61.0886000,-44.6210000,-11.1140000,-7.4080000,0.000000,0,0,0
7.890,4.6667000,-0.4008000,7.8465000,59.1125000,25.0626000,61.3098000,-44.1850000,-11.1350000,-6.7220000,0.000000,0,0,0
7.900,4.6739000,-0.3804000,7.8441000,59.5856000,25.7874000,61.4166000,-44.3470000,-11.1340000,-7.0810000,0.000000,0,0,0
7.910,4.6859000,-0.3469000,7.8393000,60.1959000,26.6495000,61.3861000,-44.3390000,-11.0380000,-7.2900000,0.000000,0,0,0
7.920,4.7038000,-0.3074000,7.8333000,60.8292000,27.6566000,61.1725000,-44.7080000,-11.1080000,-7.5770000,0.000000,0,0,0
7.930,4.7158000,-0.2668000,7.8345000,61.4395000,28.8391000,60.7986000,-44.6890000,-11.2470000,-7.1600000,0.000000,0,0,0
7.940,4.7265000,-0.2381000,7.8297000,62.0651000,29.8691000,60.4706000,-44.4300000,-11.2510000,-7.9040000,0.000000,0,0,0
7.950,4.7552000,-0.2249000,7.8034000,62.6068000,30.3955000,60.3943000,-44.1870000,-10.9790000,-7.9770000,0.000000,0,0,0
7.960,4.7935000,-0.2201000,7.7699000,62.8357000,30.0598000,60.6155000,-44.4690000,-10.9890000,-8.2020000,0.000000,0,0,0
7.970,4.8210000,-0.2153000,7.7508000,62.5381000,28.8162000,61.0809000,-44.2350000,-10.7680000,-8.3810000,0.000000,0,0,0
7.980,4.8510000,-0.2177000,7.7352000,61.7828000,26.8250000,61.7065000,-44.5330000,-11.0750000,-8.6810000,0.000000,0,0,0
7.990,4.9060000,-0.2201000,7.7053000,60.7376000,24.4751000,62.2940000,-44.5090000,-11.0300000,-8.3330000,0.000000,0,0,0
8.000,4.9730000,-0.2237000,7.6562000,59.6008000,22.4152000,62.6297000,-44.5370000,-10.8480000,-8.4260000,0.000000,0,0,0
8.010,5.0448000,-0.2261000,7.5940000,58.5938000,21.1868000,62.5610000,-44.4770000,-11.0050000,-8.4210000,0.000000,0,0,0
8.020,5.1165000,-0.2189000,7.5306000,57.6706000,21.0190000,62.0651000,-44.0950000,-11.2680000,-8.8430000,0.000000,0,0,0
8.030,5.1799000,-0.2094000,7.4756000,56.7017000,21.8735000,61.2488000,-44.4770000,-11.0400000,-8.7350000,0.000000,0,0,0
8.040,5.2326000,-0.2034000,7.4337000,55.6564000,23.5367000,60.2646000,-44.5450000,-10.7490000,-8.6660000,0.000000,0,0,0
8.050,5.2732000,-0.2094000,7.4038000,54.7943000,25.5661000,59.3109000,-44.2190000,-10.8170000,-8.9170000,0.000000,0,0,0
8.060,5.3008000,-0.2285000,7.3811000,54.2831000,27.4506000,58.5251000,-44.4560000,-10.6970000,-9.2400000,0.000000,0,0,0
8.070,5.3175000,-0.2381000,7.3572000,54.0695000,28.7704000,57.9834000,-44.0760000,-10.9250000,-9.4440000,0.000000,0,0,0
8.080,5.3354000,-0.2309000,7.3297000,53.8406000,29.4189000,57.6324000,-44.3120000,-10.8820000,-10.0800000,0.000000,0,0,0
8.090,5.3522000,-0.2225000,7.3093000,53.5583000,29.6249000,57.3807000,-44.3020000,-10.6630000,-9.5960000,0.000000,0,0,0
8.100,5.3701000,-0.2261000,7.2986000,53.5049000,29.6631000,57.1823000,-44.3700000,-11.1040000,-9.6490000,0.000000,0,0,0
8.110,5.3857000,-0.2381000,7.2962000,53.8864000,29.7394000,56.9000000,-44.5650000,-11.0280000,-10.0500000,0.000000,0,0,0
8.120,5.4000000,-0.2393000,7.2962000,54.6112000,29.9606000,56.5796000,-44.2720000,-10.9420000,-10.2390000,0.000000,0,0,0
8.130,5.4108000,-0.2440000,7.2878000,55.4047000,30.2277000,56.3965000,-44.1200000,-10.7740000,-9.1960000,0.000000,0,0,0
8.140,5.4132000,-0.2644000,7.2531000,56.1295000,30.3650000,56.5109000,-44.2620000,-10.6310000,-9.3680000,0.000000,0,0,0
8.150,5.4156000,-0.2871000,7.1957000,56.7856000,30.4184000,56.9229000,-44.2220000,-10.5040000,-10.1870000,0.000000,0,0,0
8.160,5.4204000,-0.3074000,7.1263000,57.3578000,30.4871000,57.6019000,-44.1590000,-10.3250000,-9.4120000,0.000000,0,0,0
8.170,5.4431000,-0.3194000,7.0593000,57.8537000,30.5099000,58.4946000,-44.1740000,-10.3760000,-10.2870000,0.000000,0,0,0
8.180,5.4910000,-0.3254000,7.0222000,58.2962000,30.3345000,59.4406000,-44.3260000,-10.6510000,-9.9190000,0.000000,0,0,0
8.190,5.5364000,-0.3254000,7.0126000,58.8760000,29.9072000,60.2875000,-44.5020000,-10.6200000,-9.7110000,0.000000,0,0,0
8.200,5.5747000,-0.3242000,7.0115000,59.7610000,29.3732000,61.0123000,-44.4910000,-10.3720000,-10.1010000,0.000000,0,0,0
8.210,5.6118000,-0.3314000,6.9887000,60.9055000,28.8773000,61.5768000,-44.5080000,-10.6470000,-10.4570000,0.000000,0,0,0
8.220,5.6584000,-0.3374000,6.9361000,62.0499000,28.5797000,61.9583000,-44.3860000,-10.6540000,-10.4770000,0.000000,0,0,0
8.230,5.7075000,-0.3385000,6.8751000,62.9349000,28.6789000,62.1414000,-44.4610000,-10.4840000,-10.6950000,0.000000,0,0,0
8.240,5.7506000,-0.3362000,6.8248000,63.4460000,29.1290000,62.1262000,-44.4490000,-10.5820000,-10.4790000,0.000000,0,0,0
8.250,5.7841000,-0.3302000,6.8021000,63.6292000,29.7012000,62.0422000,-44.2250000,-10.5490000,-10.6670000,0.000000,0,0,0
8.260,5.7888000,-0.3242000,6.8105000,63.6673000,29.8996000,62.0651000,-44.5800000,-10.5470000,-10.7800000,0.000000,0,0,0
8.270,5.7841000,-0.3134000,6.8248000,63.7741000,29.3121000,62.3474000,-44.3550000,-10.8320000,-10.7940000,0.000000,0,0,0
8.280,5.7924000,-0.2943000,6.8224000,63.9954000,28.0457000,62.8433000,-44.4800000,-10.5260000,-10.8930000,0.000000,0,0,0
8.290,5.8283000,-0.2740000,6.7889000,64.2014000,26.7029000,63.2858000,-44.1850000,-10.6540000,-11.4550000,0.000000,0,0,0
8.300,5.8869000,-0.2488000,6.7315000,64.1556000,26.2299000,63.3545000,-44.0470000,-10.6370000,-11.2540000,0.000000,0,0,0
8.310,5.9527000,-0.2237000,6.6729000,63.6215000,27.2751000,62.8738000,-44.0940000,-10.6690000,-11.8600000,0.000000,0,0,0
8.320,6.0042000,-0.2070000,6.6262000,62.4847000,29.6555000,62.0499000,-44.3680000,-10.7220000,-11.9510000,0.000000,0,0,0
8.330,6.0245000,-0.2022000,6.6011000,60.9589000,32.6080000,61.2869000,-44.0440000,-10.5990000,-11.5770000,0.000000,0,0,0
8.340,6.0365000,-0.2022000,6.5916000,59.3719000,35.2783000,60.7681000,-44.1080000,-10.6760000,-11.5120000,0.000000,0,0,0
8.350,6.0568000,-0.2082000,6.5951000,57.4036000,37.5290000,60.5240000,-43.8580000,-10.5400000,-11.9160000,0.000000,0,0,0
8.360,6.0748000,-0.2189000,6.6059000,56.7474000,37.8036000,60.6537000,-44.2930000,-10.8270000,-12.0640000,0.000000,0,0,0
8.370,6.1011000,-0.2297000,6.6095000,56.6711000,37.5900000,60.8673000,-44.1830000,-10.9470000,-12.2220000,0.000000,0,0,0
8.380,6.1322000,-0.2417000,6.5975000,56.9534000,37.2314000,61.0504000,-43.9660000,-10.7500000,-12.2340000,0.000000,0,0,0
8.390,6.1621000,-0.2464000,6.5712000,57.2662000,37.0026000,61.1267000,-43.6850000,-10.9070000,-12.4100000,0.000000,0,0,0
8.400,6.1920000,-0.2464000,6.5317000,57.4646000,37.2391000,61.0580000,-43.6890000,-10.5440000,-12.0040000,0.000000,0,0,0
8.410,6.2087000,-0.2464000,6.4875000,57.5027000,38.0783000,60.8292000,-43.6990000,-10.8120000,-12.1700000,0.000000,0,0,0
8.420,6.2099000,-0.2440000,6.4468000,57.3349000,39.4821000,60.5164000,-43.8720000,-10.6070000,-11.9240000,0.000000,0,0,0
8.430,6.1956000,-0.2405000,6.4157000,56.9687000,41.2369000,60.2188000,-43.8630000,-10.6760000,-12.5140000,0.000000,0,0,0
8.440,6.1740000,-0.2452000,6.3918000,56.4804000,42.8543000,60.1120000,-43.6340000,-10.7820000,-12.4760000,0.000000,0,0,0
8.450,6.1705000,-0.2512000,6.3810000,56.0532000,43.8004000,60.2417000,-43.7320000,-10.5940000,-12.8270000,0.000000,0,0,0
8.460,6.1884000,-0.2548000,6.3882000,55.9464000,43.8919000,60.5087000,-43.9130000,-10.7330000,-12.3150000,0.000000,0,0,0
8.470,6.2183000,-0.2596000,6.4085000,56.3583000,43.4189000,60.6918000,-43.7330000,-10.7810000,-12.2960000,0.000000,0,0,0
8.480,6.2446000,-0.2572000,6.4277000,57.2662000,42.7856000,60.6766000,-43.8390000,-10.9390000,-12.1580000,0.000000,0,0,0
8.490,6.2709000,-0.2476000,6.4205000,58.2809000,42.4042000,60.4172000,-43.8410000,-10.8260000,-12.3980000,0.000000,0,0,0
8.500,6.2961000,-0.2381000,6.3810000,58.9218000,42.5568000,59.9899000,-43.9570000,-10.6540000,-12.5910000,0.000000,0,0,0
8.510,6.3104000,-0.2309000,6.3248000,58.9142000,43.2739000,59.5245000,-43.7470000,-10.6380000,-12.3920000,0.000000,0,0,0
8.520,6.3068000,-0.2261000,6.2745000,58.2581000,44.3954000,59.1965000,-43.8980000,-10.2860000,-12.3270000,0.000000,0,0,0
8.530,6.2817000,-0.2213000,6.2482000,57.1747000,45.3949000,59.1888000,-43.7900000,-10.2360000,-12.0770000,0.000000,0,0,0
8.540,6.2626000,-0.2177000,6.2446000,55.9692000,45.7382000,59.6695000,-43.7600000,-10.6800000,-12.7480000,0.000000,0,0,0
8.550,6.2626000,-0.2117000,6.2542000,54.8782000,45.3186000,60.4782000,-43.8300000,-10.6710000,-13.0570000,0.000000,0,0,0
8.560,6.2662000,-0.2058000,6.2674000,54.0543000,44.4946000,61.3632000,-43.9280000,-10.8770000,-12.9060000,0.000000,0,0,0
8.570,6.2841000,-0.2034000,6.2853000,53.6194000,43.7317000,62.1338000,-43.4790000,-10.7270000,-12.9110000,0.000000,0,0,0
8.580,6.3224000,-0.2082000,6.2961000,53.5278000,43.3273000,62.6373000,-43.6960000,-10.7020000,-12.5060000,0.000000,0,0,0
8.590,6.3786000,-0.2165000,6.3032000,53.6041000,43.4036000,62.7060000,-44.0150000,-10.6270000,-13.0980000,0.000000,0,0,0
8.600,6.4301000,-0.2321000,6.3044000,53.6652000,44.0063000,62.3093000,-43.9960000,-10.8150000,-13.1700000,0.000000,0,0,0
8.610,6.4576000,-0.2464000,6.2901000,53.5736000,45.0745000,61.5845000,-43.4190000,-10.7820000,-12.9390000,0.000000,0,0,0
8.620,6.4743000,-0.2644000,6.2458000,53.2532000,46.5393000,60.7605000,-43.9620000,-10.7520000,-13.1440000,0.000000,0,0,0
8.630,6.4875000,-0.2799000,6.1896000,52.6581000,48.2864000,60.0433000,-43.4970000,-10.8460000,-12.5620000,0.000000,0,0,0
8.640,6.4803000,-0.2907000,6.1501000,51.7502000,50.1099000,59.5779000,-43.9330000,-10.7950000,-12.8220000,0.000000,0,0,0
8.650,6.4719000,-0.3051000,6.1310000,50.7278000,51.8417000,59.4025000,-43.7850000,-10.7840000,-14.0160000,0.000000,0,0,0
8.660,6.4683000,-0.3278000,6.1406000,50.0183000,53.3905000,59.3796000,-44.0010000,-10.7280000,-13.0990000,0.000000,0,0,0
8.670,6.4659000,-0.3457000,6.1800000,50.0031000,54.6036000,59.4482000,-43.6110000,-10.7880000,-13.2490000,0.000000,0,0,0
8.680,6.4540000,-0.3529000,6.2446000,50.8194000,55.2292000,59.6466000,-43.5620000,-10.5180000,-13.8580000,0.000000,0,0,0
8.690,6.4289000,-0.3577000,6.3092000,52.2995000,54.7791000,60.0815000,-43.9020000,-10.5630000,-13.2300000,0.000000,0,0,0
8.700,6.4109000,-0.3589000,6.3391000,54.0466000,53.1540000,60.8139000,-43.4900000,-10.4080000,-13.0000000,0.000000,0,0,0
8.710,6.4157000,-0.3433000,6.3367000,55.6259000,50.9491000,61.6226000,-44.0250000,-10.6300000,-12.9270000,0.000000,0,0,0
8.720,6.4253000,-0.3230000,6.3188000,56.7474000,48.9349000,62.2253000,-43.9090000,-10.6860000,-13.0210000,0.000000,0,0,0
8.730,6.4289000,-0.3051000,6.2913000,57.2891000,47.4930000,62.5534000,-43.5840000,-10.5450000,-13.1200000,0.000000,0,0,0
8.740,6.4253000,-0.2907000,6.2578000,57.2739000,46.7148000,62.6678000,-43.8930000,-10.7050000,-13.3740000,0.000000,0,0,0
8.750,6.4265000,-0.2871000,6.2231000,56.8542000,46.4859000,62.6526000,-43.9210000,-10.5390000,-13.3780000,0.000000,0,0,0
8.760,6.4468000,-0.2955000,6.1980000,56.2668000,46.5469000,62.5534000,-43.9670000,-10.4710000,-12.9910000,0.000000,0,0,0
8.770,6.4659000,-0.3110000,6.1896000,55.7175000,46.4859000,62.4542000,-43.8410000,-10.8400000,-13.2510000,0.000000,0,0,0
8.780,6.4815000,-0.3302000,6.1980000,55.3741000,46.1197000,62.4466000,-43.8290000,-10.7570000,-13.6700000,0.000000,0,0,0
8.790,6.4982000,-0.3493000,6.2183000,55.4047000,45.4636000,62.4619000,-43.8620000,-10.5510000,-13.7580000,0.000000,0,0,0
8.800,6.5042000,-0.3601000,6.2434000,55.8319000,44.6472000,62.4695000,-43.8920000,-11.0280000,-13.8180000,0.000000,0,0,0
8.810,6.5102000,-0.3649000,6.2590000,56.5720000,43.7775000,62.4466000,-43.7080000,-10.6770000,-13.7410000,0.000000,0,0,0
8.820,6.5293000,-0.3744000,6.2446000,57.4265000,43.0298000,62.3322000,-43.9420000,-10.7610000,-13.9860000,0.000000,0,0,0
8.830,6.5509000,-0.3804000,6.2063000,58.1741000,42.5797000,62.0651000,-43.7410000,-10.8250000,-13.8980000,0.000000,0,0,0
8.840,6.5593000,-0.3840000,6.1537000,58.6090000,42.5720000,61.7142000,-43.7360000,-10.7630000,-13.4900000,0.000000,0,0,0
8.850,6.5509000,-0.3912000,6.1011000,58.6548000,42.8543000,61.4090000,-43.8110000,-10.6580000,-13.5870000,0.000000,0,0,0
8.860,6.5281000,-0.3924000,6.0568000,58.3725000,43.0679000,61.3098000,-43.5930000,-10.8720000,-14.2150000,0.000000,0,0,0
8.870,6.5102000,-0.3888000,6.0341000,57.9300000,43.0298000,61.4319000,-43.3530000,-10.8810000,-13.9230000,0.000000,0,0,0
8.880,6.5126000,-0.3840000,6.0209000,57.4799000,42.8162000,61.6379000,-43.6730000,-10.8020000,-14.3200000,0.000000,0,0,0
8.890,6.5521000,-0.3708000,6.0006000,56.7703000,42.9001000,61.7294000,-43.4340000,-10.6610000,-14.7340000,0.000000,0,0,0
8.900,6.5652000,-0.3661000,5.9934000,56.3049000,43.4570000,61.5845000,-43.6430000,-10.8640000,-14.4590000,0.000000,0,0,0
8.910,6.5736000,-0.3792000,5.9874000,55.9692000,44.1742000,61.4700000,-43.3810000,-10.6510000,-14.4340000,0.000000,0,0,0
8.920,6.5927000,-0.4031000,5.9683000,55.7480000,44.7617000,61.4929000,-43.6950000,-10.8800000,-14.0360000,0.000000,0,0,0
8.930,6.6155000,-0.4271000,5.9539000,55.6183000,45.2805000,61.5616000,-43.6060000,-10.7690000,-13.7090000,0.000000,0,0,0
8.940,6.6298000,-0.4498000,5.9479000,55.7175000,45.7916000,61.5921000,-43.4020000,-10.8300000,-14.1150000,0.000000,0,0,0
8.950,6.6334000,-0.4618000,5.9539000,56.1752000,46.2723000,61.5768000,-43.5810000,-10.7090000,-13.8330000,0.000000,0,0,0
8.960,6.6274000,-0.4677000,5.9647000,56.9916000,46.5393000,61.5463000,-43.7350000,-10.7560000,-13.8070000,0.000000,0,0,0
8.970,6.6262000,-0.4654000,5.9599000,57.8918000,46.5393000,61.5234000,-43.3910000,-11.0860000,-14.0810000,0.000000,0,0,0
8.980,6.6286000,-0.4558000,5.9396000,58.5403000,46.4096000,61.4929000,-43.7630000,-11.0140000,-14.2990000,0.000000,0,0,0
8.990,6.6394000,-0.4474000,5.9133000,58.7616000,46.3181000,61.4319000,-43.6500000,-11.0220000,-14.1400000,0.000000,0,0,0
9.000,6.6514000,-0.4378000,5.8929000,58.6472000,46.4401000,61.2946000,-43.4450000,-10.7940000,-13.8030000,0.000000,0,0,0
9.010,6.6657000,-0.4331000,5.8822000,58.4030000,46.8445000,61.0886000,-43.5420000,-10.9060000,-14.1410000,0.000000,0,0,0
9.020,6.6813000,-0.4319000,5.8833000,58.1970000,47.4472000,60.8521000,-43.5350000,-10.7190000,-14.6880000,0.000000,0,0,0
9.030,6.6849000,-0.4295000,5.8977000,58.0368000,48.0042000,60.6155000,-43.5240000,-10.6860000,-14.6890000,0.000000,0,0,0
9.040,6.6813000,-0.4295000,5.9085000,57.8995000,48.2407000,60.4782000,-43.5750000,-10.7170000,-14.2840000,0.000000,0,0,0
9.050,6.6789000,-0.4343000,5.9097000,57.7774000,48.0804000,60.4553000,-43.2700000,-10.5820000,-14.6310000,0.000000,0,0,0
9.060,6.6873000,-0.4354000,5.9121000,57.7698000,47.6990000,60.4477000,-43.6990000,-10.5240000,-13.9470000,0.000000,0,0,0
9.070,6.6992000,-0.4331000,5.9204000,57.8766000,47.1954000,60.4401000,-43.4230000,-10.6000000,-13.4690000,0.000000,0,0,0
9.080,6.7052000,-0.4271000,5.9204000,57.9834000,46.7072000,60.4477000,-43.7630000,-10.5020000,-14.1350000,0.000000,0,0,0
9.090,6.7028000,-0.4187000,5.9156000,57.9300000,46.3181000,60.4782000,-43.7050000,-10.6880000,-13.9260000,0.000000,0,0,0
9.100,6.7064000,-0.4139000,5.9001000,57.6935000,45.9137000,60.5927000,-43.7780000,-10.8480000,-13.8260000,0.000000,0,0,0
9.110,6.7219000,-0.4151000,5.8774000,57.3349000,45.4941000,60.7376000,-43.6270000,-10.6180000,-14.4350000,0.000000,0,0,0
9.120,6.7399000,-0.4175000,5.8582000,57.0068000,45.0745000,60.8521000,-43.2330000,-11.0330000,-14.7450000,0.000000,0,0,0
9.130,6.7662000,-0.4175000,5.8367000,56.8466000,44.8608000,60.8749000,-43.4480000,-10.9570000,-14.4320000,0.000000,0,0,0
9.140,6.7877000,-0.4115000,5.8140000,56.9000000,45.1050000,60.6842000,-43.5620000,-10.7550000,-13.9720000,0.000000,0,0,0
9.150,6.7925000,-0.4043000,5.7960000,57.0908000,45.6924000,60.3638000,-43.4510000,-10.7280000,-14.0510000,0.000000,0,0,0
9.160,6.7937000,-0.3972000,5.7697000,57.2433000,46.2799000,60.0891000,-43.4240000,-10.7940000,-14.5800000,0.000000,0,0,0
9.170,6.7973000,-0.3864000,5.7506000,57.2052000,46.6003000,59.9213000,-43.2870000,-10.6140000,-14.4430000,0.000000,0,0,0
9.180,6.8129000,-0.3840000,5.7434000,57.0068000,46.5393000,59.8831000,-43.4700000,-10.9420000,-14.3990000,0.000000,0,0,0
9.190,6.8272000,-0.3876000,5.7565000,56.8466000,46.2265000,59.9060000,-43.3140000,-10.9060000,-14.5440000,0.000000,0,0,0
9.200,6.8368000,-0.3912000,5.7817000,56.8848000,45.9213000,59.9594000,-43.4760000,-10.8690000,-14.8000000,0.000000,0,0,0
9.210,6.8416000,-0.3960000,5.8008000,57.1442000,45.8069000,59.9976000,-43.5100000,-10.6440000,-15.2570000,0.000000,0,0,0
9.220,6.8368000,-0.4031000,5.7948000,57.5104000,45.8832000,60.0662000,-43.5300000,-10.7010000,-15.2820000,0.000000,0,0,0
9.230,6.8308000,-0.4043000,5.7577000,57.7545000,46.1731000,60.1349000,-43.3100000,-10.5930000,-14.7010000,0.000000,0,0,0
9.240,6.8284000,-0.4043000,5.7051000,57.7240000,46.7529000,60.1578000,-43.2570000,-10.9710000,-14.6060000,0.000000,0,0,0
9.250,6.8260000,-0.4103000,5.6596000,57.4341000,47.6151000,60.1501000,-43.2250000,-10.7470000,-14.7690000,0.000000,0,0,0
9.260,6.8153000,-0.4151000,5.6501000,57.1213000,48.5535000,60.1578000,-43.3270000,-10.9570000,-15.0460000,0.000000,0,0,0
9.270,6.7997000,-0.4271000,5.6644000,57.0755000,49.2477000,60.2951000,-43.3010000,-10.7430000,-15.1140000,0.000000,0,0,0
9.280,6.7877000,-0.4354000,5.6752000,57.3807000,49.6063000,60.5392000,-43.2290000,-10.6780000,-15.2120000,0.000000,0,0,0
9.290,6.7865000,-0.4354000,5.6740000,57.8079000,49.6674000,60.8444000,-43.3160000,-10.6930000,-15.0470000,0.000000,0,0,0
9.300,6.7961000,-0.4319000,5.6608000,58.1207000,49.6063000,61.1038000,-43.8700000,-10.9110000,-14.8610000,0.000000,0,0,0
9.310,6.8129000,-0.4247000,5.6429000,58.1665000,49.6750000,61.2183000,-43.0870000,-11.0740000,-14.6430000,0.000000,0,0,0
9.320,6.8332000,-0.4175000,5.6369000,57.9834000,49.9039000,61.1877000,-43.1710000,-10.8190000,-14.9770000,0.000000,0,0,0
9.330,6.8488000,-0.4127000,5.6584000,57.7698000,50.1404000,61.0886000,-43.1280000,-10.8930000,-14.9320000,0.000000,0,0,0
9.340,6.8667000,-0.4199000,5.6788000,57.6630000,50.1251000,61.0199000,-43.4140000,-10.9350000,-15.3030000,0.000000,0,0,0
9.350,6.8846000,-0.4271000,5.6836000,57.6630000,49.9496000,60.9665000,-43.2030000,-10.7580000,-14.9690000,0.000000,0,0,0
9.360,6.9038000,-0.4319000,5.6800000,57.6324000,49.7894000,60.9283000,-43.5510000,-10.9360000,-15.1540000,0.000000,0,0,0
9.370,6.9277000,-0.4414000,5.6824000,57.5104000,49.7665000,60.8521000,-43.1600000,-11.0240000,-15.4210000,0.000000,0,0,0
9.380,6.9504000,-0.4546000,5.6860000,57.4036000,49.9496000,60.7071000,-43.4550000,-11.0070000,-15.3230000,0.000000,0,0,0
9.390,6.9612000,-0.4677000,5.6907000,57.4646000,50.4150000,60.4706000,-43.2770000,-11.0070000,-15.1040000,0.000000,0,0,0
9.400,6.9624000,-0.4773000,5.6943000,57.7469000,51.0025000,60.2188000,-43.3270000,-10.8910000,-14.9130000,0.000000,0,0,0
9.410,6.9600000,-0.4809000,5.6907000,58.1512000,51.4526000,59.9976000,-42.9750000,-10.7740000,-15.4330000,0.000000,0,0,0
9.420,6.9612000,-0.4737000,5.6692000,58.6319000,51.8265000,59.7763000,-43.2700000,-10.5160000,-15.2350000,0.000000,0,0,0
9.430,6.9576000,-0.4618000,5.6704000,58.7311000,52.0325000,59.6542000,-43.3160000,-10.8000000,-15.3010000,0.000000,0,0,0
9.440,6.9421000,-0.4558000,5.6872000,58.7692000,52.1469000,59.6390000,-43.2640000,-10.7120000,-15.2200000,0.000000,0,0,0
9.450,6.9205000,-0.4534000,5.7075000,58.8684000,51.9562000,59.7992000,-43.2390000,-11.0760000,-15.0450000,0.000000,0,0,0
9.460,6.9062000,-0.4486000,5.7051000,59.0286000,51.4755000,60.1120000,-43.4210000,-10.9350000,-14.7740000,0.000000,0,0,0
9.470,6.9038000,-0.4366000,5.6812000,59.1049000,51.0025000,60.4401000,-43.1230000,-10.8730000,-15.3270000,0.000000,0,0,0
9.480,6.9157000,-0.4259000,5.6525000,58.9752000,50.7965000,60.6613000,-43.1800000,-10.9090000,-15.1460000,0.000000,0,0,0
9.490,6.9277000,-0.4211000,5.6357000,58.7006000,50.9262000,60.7300000,-43.4230000,-10.5930000,-14.9530000,0.000000,0,0,0
9.500,6.9265000,-0.4223000,5.6393000,58.4259000,51.1932000,60.7071000,-43.3200000,-10.8550000,-15.2020000,0.000000,0,0,0
9.510,6.9253000,-0.4271000,5.6489000,58.2657000,51.2619000,60.7147000,-43.2020000,-10.8240000,-15.2110000,0.000000,0,0,0
9.520,6.9217000,-0.4295000,5.6561000,58.1818000,51.1093000,60.7376000,-43.3680000,-10.8750000,-14.6360000,0.000000,0,0,0
9.530,6.9169000,-0.4259000,5.6561000,58.1055000,50.9033000,60.7452000,-43.0640000,-10.9140000,-14.8730000,0.000000,0,0,0
9.540,6.9110000,-0.4247000,5.6465000,58.0063000,50.7736000,60.7300000,-43.0850000,-10.6330000,-15.1210000,0.000000,0,0,0
9.550,6.9098000,-0.4307000,5.6285000,57.8537000,50.7278000,60.6995000,-43.2000000,-10.6350000,-14.7920000,0.000000,0,0,0
9.560,6.9110000,-0.4414000,5.6130000,57.6859000,50.8423000,60.6308000,-43.3720000,-11.1300000,-15.1580000,0.000000,0,0,0
9.570,6.9122000,-0.4546000,5.6082000,57.5867000,51.0864000,60.5545000,-43.1610000,-11.1410000,-15.0920000,0.000000,0,0,0
9.580,6.9146000,-0.4606000,5.6130000,57.6172000,51.3077000,60.4935000,-43.1390000,-10.5580000,-15.1350000,0.000000,0,0,0
9.590,6.9193000,-0.4594000,5.6190000,57.7316000,51.3916000,60.4630000,-43.0600000,-11.1120000,-14.8550000,0.000000,0,0,0
9.600,6.9181000,-0.4486000,5.6357000,57.8003000,51.1246000,60.5087000,-43.2780000,-10.9210000,-15.1170000,0.000000,0,0,0
9.610,6.9146000,-0.4354000,5.6525000,57.8537000,50.4227000,60.6689000,-43.0640000,-10.7130000,-15.2520000,0.000000,0,0,0
9.620,6.9193000,-0.4235000,5.6453000,57.8766000,49.4385000,60.8444000,-43.0020000,-11.0380000,-15.0440000,0.000000,0,0,0
9.630,6.9337000,-0.4115000,5.6202000,57.7850000,48.6069000,60.8902000,-43.2300000,-10.7590000,-15.2570000,0.000000,0,0,0
9.640,6.9433000,-0.4079000,5.5855000,57.5638000,48.2483000,60.7605000,-43.3740000,-11.0740000,-15.3350000,0.000000,0,0,0
9.650,6.9516000,-0.4127000,5.5508000,57.2510000,48.3475000,60.5545000,-43.3550000,-10.7680000,-14.5580000,0.000000,0,0,0
9.660,6.9660000,-0.4211000,5.5185000,56.8771000,48.7061000,60.3409000,-43.5990000,-10.9980000,-15.0130000,0.000000,0,0,0
9.670,6.9839000,-0.4307000,5.4993000,56.4804000,49.1104000,60.1654000,-43.5150000,-11.0580000,-15.0400000,0.000000,0,0,0
9.680,6.9959000,-0.4390000,5.5101000,56.1523000,49.2783000,60.1349000,-43.4840000,-10.8330000,-15.6880000,0.000000,0,0,0
9.690,7.0031000,-0.4474000,5.5436000,56.0379000,49.0875000,60.2570000,-42.8230000,-10.7730000,-16.0320000,0.000000,0,0,0
9.700,7.0043000,-0.4534000,5.5604000,56.1981000,48.6374000,60.4630000,-43.3410000,-10.8970000,-16.1370000,0.000000,0,0,0
9.710,7.0019000,-0.4522000,5.5627000,56.5109000,48.3170000,60.6155000,-43.4370000,-10.5780000,-15.2560000,0.000000,0,0,0
9.720,7.0031000,-0.4438000,5.5639000,56.8085000,48.2635000,60.6613000,-43.8140000,-10.7480000,-15.4620000,0.000000,0,0,0
9.730,7.0067000,-0.4366000,5.5604000,57.0068000,48.3704000,60.6308000,-43.3760000,-10.6320000,-15.2310000,0.000000,0,0,0
9.740,7.0150000,-0.4295000,5.5472000,57.0984000,48.6679000,60.5011000,-43.5260000,-10.5590000,-14.5020000,0.000000,0,0,0
9.750,7.0270000,-0.4271000,5.5340000,57.1594000,49.1943000,60.2951000,-43.4580000,-10.5830000,-15.5190000,0.000000,0,0,0
9.760,7.0438000,-0.4307000,5.5245000,57.2433000,49.9649000,59.9899000,-43.6550000,-10.8610000,-15.3990000,0.000000,0,0,0
9.770,7.0521000,-0.4366000,5.5281000,57.3883000,50.9109000,59.6542000,-43.3400000,-10.8810000,-15.0890000,0.000000,0,0,0
9.780,7.0485000,-0.4474000,5.5436000,57.6248000,51.6968000,59.4177000,-43.1830000,-10.8610000,-15.3900000,0.000000,0,0,0
9.790,7.0426000,-0.4546000,5.5592000,57.9376000,51.9791000,59.3796000,-43.0070000,-10.7060000,-15.0510000,0.000000,0,0,0
9.800,7.0294000,-0.4486000,5.5723000,58.2428000,51.7731000,59.5169000,-43.2500000,-10.7210000,-14.8760000,0.000000,0,0,0
9.810,7.0174000,-0.4307000,5.5795000,58.4793000,51.2695000,59.7534000,-43.0030000,-11.0400000,-15.2600000,0.000000,0,0,0
9.820,7.0138000,-0.4079000,5.5723000,58.5403000,50.7355000,59.9594000,-43.0020000,-10.5210000,-15.3050000,0.000000,0,0,0
9.830,7.0174000,-0.3864000,5.5532000,58.3801000,50.4532000,60.0739000,-43.1380000,-10.7440000,-15.1110000,0.000000,0,0,0
9.840,7.0318000,-0.3732000,5.5316000,58.0139000,50.6134000,60.0815000,-43.2860000,-10.8340000,-15.0390000,0.000000,0,0,0
9.850,7.0497000,-0.3697000,5.5221000,57.5104000,51.2238000,59.9899000,-43.2030000,-10.6870000,-15.6310000,0.000000,0,0,0
9.860,7.0557000,-0.3744000,5.5304000,57.0679000,52.0020000,59.8755000,-43.5250000,-10.5870000,-15.5560000,0.000000,0,0,0
9.870,7.0497000,-0.3852000,5.5508000,56.9229000,52.5436000,59.8373000,-43.1590000,-10.6220000,-15.5130000,0.000000,0,0,0
9.880,7.0282000,-0.3936000,5.5639000,57.0526000,52.6962000,59.8755000,-43.1380000,-10.7510000,-15.3790000,0.000000,0,0,0
9.890,6.9887000,-0.3936000,5.5651000,57.3959000,52.4673000,60.0357000,-43.2220000,-10.6560000,-15.4970000,0.000000,0,0,0
9.900,6.9540000,-0.3912000,5.5364000,57.7164000,51.8494000,60.3104000,-43.3890000,-11.1900000,-15.4250000,0.000000,0,0,0
9.910,6.9349000,-0.3768000,5.4969000,57.6782000,51.0941000,60.5850000,-43.3880000,-10.7290000,-16.0730000,0.000000,0,0,0
9.920,6.9349000,-0.3673000,5.4646000,57.2662000,50.5524000,60.7376000,-43.0410000,-10.8040000,-15.8810000,0.000000,0,0,0
9.930,6.9433000,-0.3708000,5.4503000,56.7703000,50.3616000,60.7147000,-43.2220000,-10.7210000,-15.8610000,0.000000,0,0,0
9.940,6.9516000,-0.3840000,5.4575000,56.4957000,50.4379000,60.6003000,-43.2170000,-10.9160000,-16.4510000,0.000000,0,0,0
9.950,6.9516000,-0.4043000,5.4766000,56.5720000,50.4913000,60.5316000,-43.0450000,-10.9090000,-16.4020000,0.000000,0,0,0
9.960,6.9361000,-0.4319000,5.4766000,57.1594000,50.2930000,60.7071000,-43.3420000,-10.9210000,-16.3180000,0.000000,0,0,0
9.970,6.9253000,-0.4331000,5.4539000,57.5333000,50.0946000,60.9055000,-43.2610000,-10.7740000,-16.3260000,0.000000,0,0,0
9.980,6.9301000,-0.4307000,5.4144000,57.6630000,49.9802000,61.0504000,-43.2090000,-10.8290000,-15.1910000,0.000000,0,0,0
9.990,6.9469000,-0.4283000,5.3713000,57.5562000,50.1709000,60.9665000,-43.2250000,-10.4860000,-15.7300000,0.000000,0,0,0
10.000,6.9648000,-0.4307000,5.3498000,57.3196000,50.7278000,60.6689000,-43.2590000,-10.7000000,-15.3870000,0.000000,0,0,0
10.010,6.9803000,-0.4426000,5.3486000,57.0908000,51.3458000,60.3027000,-43.2750000,-10.5650000,-15.7610000,0.000000,0,0,0
10.020,6.9971000,-0.4582000,5.3689000,56.9611000,51.5976000,59.9976000,-43.3300000,-10.7630000,-15.0150000,0.000000,0,0,0
10.030,7.0115000,-0.4773000,5.4036000,56.9763000,51.3382000,59.8373000,-42.9610000,-10.5600000,-15.8760000,0.000000,0,0,0
10.040,7.0186000,-0.4881000,5.4419000,57.1136000,50.7050000,59.7305000,-43.2610000,-10.9380000,-15.3640000,0.000000,0,0,0
10.050,7.0246000,-0.4821000,5.4718000,57.2586000,49.9573000,59.5856000,-43.2330000,-11.1350000,-15.4300000,0.000000,0,0,0
10.060,7.0378000,-0.4594000,5.4874000,57.3044000,49.4385000,59.3033000,-43.3430000,-10.8560000,-15.7630000,0.000000,0,0,0
10.070,7.0581000,-0.4366000,5.4922000,57.2205000,49.3240000,58.8837000,-43.2550000,-10.6680000,-16.0050000,0.000000,0,0,0
10.080,7.0784000,-0.4211000,5.4886000,57.0450000,49.5605000,58.3801000,-43.2770000,-11.0480000,-15.5890000,0.000000,0,0,0
10.090,7.0928000,-0.4115000,5.4766000,56.7932000,50.0565000,57.8384000,-43.4000000,-10.5760000,-15.5990000,0.000000,0,0,0
10.100,7.0964000,-0.4103000,5.4635000,56.5338000,50.7889000,57.3349000,-43.3190000,-10.8460000,-15.6770000,0.000000,0,0,0
10.110,7.0880000,-0.4067000,5.4575000,56.4041000,51.5518000,57.0450000,-42.9770000,-10.7760000,-15.7660000,0.000000,0,0,0
10.120,7.0808000,-0.4091000,5.4527000,56.5262000,51.9867000,57.0908000,-43.1370000,-10.5330000,-15.2840000,0.000000,0,0,0
10.130,7.0880000,-0.4103000,5.4419000,56.8771000,51.9562000,57.4341000,-43.1050000,-11.0760000,-15.7610000,0.000000,0,0,0
10.140,7.1024000,-0.4008000,5.4276000,57.2205000,51.6434000,57.8995000,-43.0900000,-10.6960000,-15.7120000,0.000000,0,0,0
10.150,7.1167000,-0.3876000,5.4108000,57.3959000,51.2848000,58.3496000,-43.2390000,-10.5060000,-15.9440000,0.000000,0,0,0
10.160,7.1311000,-0.3804000,5.3869000,57.3654000,51.0864000,58.7311000,-42.9400000,-10.3650000,-15.7110000,0.000000,0,0,0
10.170,7.1454000,-0.3780000,5.3713000,57.2510000,51.2085000,58.9752000,-43.1290000,-10.5250000,-15.8610000,0.000000,0,0,0
10.180,7.1526000,-0.3876000,5.3654000,57.2510000,51.6129000,59.1202000,-42.9930000,-10.1440000,-16.4970000,0.000000,0,0,0
10.190,7.1502000,-0.4020000,5.3582000,57.4570000,52.1698000,59.2194000,-42.9800000,-10.3110000,-15.8540000,0.000000,0,0,0
10.200,7.1335000,-0.4151000,5.3438000,57.7774000,52.8030000,59.3109000,-43.0050000,-10.6590000,-16.3630000,0.000000,0,0,0
10.210,7.1083000,-0.4211000,5.3247000,58.0978000,53.4592000,59.4482000,-43.2220000,-10.5400000,-17.0010000,0.000000,0,0,0
10.220,7.0820000,-0.4163000,5.3079000,58.2809000,54.1611000,59.6237000,-42.9800000,-10.5360000,-16.6790000,0.000000,0,0,0
10.230,7.0557000,-0.4103000,5.3043000,58.2275000,54.8630000,59.8373000,-43.2220000,-10.5050000,-16.7400000,0.000000,0,0,0
10.240,7.0306000,-0.4067000,5.3163000,57.9681000,55.4810000,60.0815000,-43.4400000,-10.5650000,-16.0140000,0.000000,0,0,0
10.250,7.0091000,-0.3984000,5.3462000,57.5638000,55.9311000,60.3714000,-43.0760000,-10.3290000,-16.0860000,0.000000,0,0,0
10.260,6.9995000,-0.3948000,5.3881000,57.1442000,56.0608000,60.7071000,-43.1130000,-10.5250000,-16.0400000,0.000000,0,0,0
10.270,7.0055000,-0.3960000,5.4276000,56.8237000,55.8701000,61.0275000,-42.9780000,-10.2950000,-16.2830000,0.000000,0,0,0
10.280,7.0186000,-0.4008000,5.4646000,56.6788000,55.5496000,61.2335000,-43.7160000,-10.3040000,-16.4160000,0.000000,0,0,0
10.290,7.0366000,-0.4079000,5.4850000,56.7551000,55.3055000,61.2717000,-43.3610000,-10.4940000,-16.4470000,0.000000,0,0,0
10.300,7.0509000,-0.4199000,5.4874000,56.9763000,55.1987000,61.1725000,-43.3100000,-10.5920000,-16.6980000,0.000000,0,0,0
10.310,7.0593000,-0.4295000,5.4814000,57.2357000,55.1910000,61.0123000,-43.2540000,-10.4850000,-15.9060000,0.000000,0,0,0
10.320,7.0641000,-0.4354000,5.4790000,57.5180000,55.2826000,60.8444000,-43.2370000,-10.6490000,-15.8990000,0.000000,0,0,0
10.330,7.0677000,-0.4462000,5.4766000,57.8156000,55.4352000,60.6918000,-43.2750000,-10.7440000,-16.5260000,0.000000,0,0,0
10.340,7.0677000,-0.4510000,5.4718000,58.0978000,55.5725000,60.5774000,-42.8750000,-10.5880000,-16.8900000,0.000000,0,0,0
10.350,7.0557000,-0.4486000,5.4718000,58.4106000,55.6107000,60.5316000,-43.1170000,-10.7140000,-15.8420000,0.000000,0,0,0
10.360,7.0378000,-0.4390000,5.4670000,58.7463000,55.4581000,60.5621000,-43.1840000,-10.4300000,-16.2140000,0.000000,0,0,0
10.370,7.0210000,-0.4187000,5.4455000,58.9523000,55.1071000,60.6537000,-42.7940000,-10.8580000,-16.1200000,0.000000,0,0,0
10.380,7.0115000,-0.3936000,5.4192000,58.8684000,54.7180000,60.7300000,-43.1970000,-10.8310000,-15.6010000,0.000000,0,0,0
10.390,7.0126000,-0.3744000,5.3953000,58.5098000,54.4586000,60.7452000,-43.2910000,-10.7530000,-15.7730000,0.000000,0,0,0
10.400,7.0222000,-0.3708000,5.3857000,58.0750000,54.4968000,60.6384000,-43.2980000,-10.9620000,-16.4180000,0.000000,0,0,0
10.410,7.0294000,-0.3804000,5.3977000,57.7545000,54.8248000,60.4324000,-42.9850000,-10.8620000,-16.0340000,0.000000,0,0,0
10.420,7.0330000,-0.3984000,5.4228000,57.6706000,55.2521000,60.2188000,-43.5010000,-10.4310000,-15.7720000,0.000000,0,0,0
10.430,7.0330000,-0.4139000,5.4467000,57.8003000,55.5573000,60.0739000,-43.2980000,-10.9980000,-16.0830000,0.000000,0,0,0
10.440,7.0342000,-0.4235000,5.4623000,58.0521000,55.6488000,60.0204000,-43.5460000,-10.4340000,-15.8810000,0.000000,0,0,0
10.450,7.0330000,-0.4211000,5.4670000,58.2809000,55.6259000,60.0204000,-43.5990000,-10.5750000,-15.2500000,0.000000,0,0,0
10.460,7.0306000,-0.4115000,5.4623000,58.4183000,55.7098000,59.9899000,-43.4750000,-10.4910000,-15.6700000,0.000000,0,0,0
10.470,7.0246000,-0.3984000,5.4575000,58.4412000,56.0989000,59.8984000,-43.3170000,-10.6710000,-15.4980000,0.000000,0,0,0
10.480,7.0126000,-0.3876000,5.4575000,58.4106000,56.8695000,59.7839000,-43.5240000,-10.5280000,-15.9110000,0.000000,0,0,0
10.490,6.9947000,-0.3840000,5.4551000,58.3115000,58.5785000,59.6848000,-43.2870000,-10.3040000,-15.7930000,0.000000,0,0,0
10.500,6.9875000,-0.3888000,5.4539000,58.0902000,59.7305000,59.7610000,-43.3260000,-10.4210000,-15.0280000,0.000000,0,0,0
10.510,6.9815000,-0.3924000,5.4635000,57.6935000,60.5927000,59.9670000,-43.2090000,-10.7500000,-15.6550000,0.000000,0,0,0
10.520,6.9827000,-0.3936000,5.4838000,57.2281000,61.1877000,60.2188000,-43.2540000,-10.6300000,-15.2380000,0.000000,0,0,0
10.530,6.9875000,-0.3948000,5.5185000,56.8542000,61.5387000,60.4019000,-43.5030000,-10.5930000,-15.2590000,0.000000,0,0,0
10.540,6.9911000,-0.3960000,5.5532000,56.6559000,61.5845000,60.5087000,-43.5000000,-10.6850000,-15.1320000,0.000000,0,0,0
10.550,6.9971000,-0.3984000,5.5723000,56.7245000,61.5845000,60.4935000,-43.3110000,-10.2490000,-15.5660000,0.000000,0,0,0
10.560,6.9971000,-0.4020000,5.5795000,57.0221000,61.9431000,60.2417000,-43.1060000,-10.4600000,-15.2150000,0.000000,0,0,0
10.570,6.9995000,-0.4091000,5.5771000,57.4493000,62.8357000,59.8221000,-43.5320000,-10.3920000,-15.9600000,0.000000,0,0,0
10.580,7.0103000,-0.4271000,5.5807000,57.9376000,64.3387000,59.2880000,-43.6390000,-10.4550000,-15.1350000,0.000000,0,0,0
10.590,7.0103000,-0.4462000,5.6166000,58.5251000,66.3376000,58.6395000,-43.3580000,-10.4540000,-15.3060000,0.000000,0,0,0
10.600,6.9983000,-0.4498000,5.6991000,59.3262000,68.4433000,57.9987000,-43.5660000,-10.7140000,-15.2120000,0.000000,0,0,0
10.610,6.9792000,-0.4510000,5.7829000,60.4935000,70.0150000,57.4951000,-43.8070000,-10.6970000,-14.7900000,0.000000,0,0,0
10.620,6.9445000,-0.4319000,5.8487000,61.8820000,70.6711000,57.1594000,-43.5600000,-10.5570000,-15.3980000,0.000000,0,0,0
10.630,6.9062000,-0.3876000,5.8774000,63.0875000,70.5490000,57.0221000,-43.5100000,-10.3930000,-15.0010000,0.000000,0,0,0
10.640,6.8775000,-0.3385000,5.8606000,63.6673000,70.0989000,56.9916000,-43.9130000,-10.6670000,-15.2910000,0.000000,0,0,0
10.650,6.8500000,-0.2979000,5.8259000,63.4384000,69.8395000,56.9992000,-43.6230000,-10.4460000,-14.2880000,0.000000,0,0,0
10.660,6.8236000,-0.2716000,5.7984000,62.5687000,70.1752000,57.0450000,-43.7140000,-10.4230000,-15.0760000,0.000000,0,0,0
10.670,6.8105000,-0.2596000,5.7876000,61.3327000,71.3348000,57.0755000,-43.6240000,-10.2250000,-14.6110000,0.000000,0,0,0
10.680,6.8021000,-0.2560000,5.8020000,60.1120000,73.2727000,56.9839000,-43.7350000,-10.2080000,-13.8630000,0.000000,0,0,0
10.690,6.7865000,-0.2620000,5.8355000,59.2804000,75.7370000,56.7932000,-43.7460000,-10.2330000,-14.2680000,0.000000,0,0,0
10.700,6.7602000,-0.2728000,5.8774000,58.9676000,78.2623000,56.6177000,-44.2320000,-10.5050000,-14.0250000,0.000000,0,0,0
10.710,6.7016000,-0.2847000,5.9300000,59.1507000,80.2231000,56.6483000,-43.8240000,-10.4110000,-14.0070000,0.000000,0,0,0
10.720,6.6334000,-0.2919000,5.9767000,59.6924000,81.0089000,57.0984000,-43.6760000,-10.4070000,-13.2240000,0.000000,0,0,0
10.730,6.5748000,-0.2895000,5.9982000,60.2722000,80.5435000,57.9071000,-43.9010000,-10.4090000,-14.1080000,0.000000,0,0,0
10.740,6.5258000,-0.2787000,5.9898000,60.5392000,79.3457000,58.8684000,-44.0250000,-10.3760000,-13.8530000,0.000000,0,0,0
10.750,6.4887000,-0.2632000,5.9647000,60.3180000,78.1937000,59.8373000,-44.0430000,-10.2870000,-13.8450000,0.000000,0,0,0
10.760,6.4671000,-0.2500000,5.9408000,59.5932000,77.8732000,60.5927000,-44.1270000,-10.2900000,-13.6160000,0.000000,0,0,0
10.770,6.4492000,-0.2500000,5.9276000,58.5175000,78.7582000,61.0809000,-44.0480000,-10.4710000,-13.8300000,0.000000,0,0,0
10.780,6.4336000,-0.2644000,5.9300000,57.3349000,80.8411000,61.4166000,-43.9700000,-10.4290000,-13.6030000,0.000000,0,0,0
10.790,6.4133000,-0.2871000,5.9623000,56.4194000,84.0683000,61.5616000,-44.1210000,-10.4660000,-13.0360000,0.000000,0,0,0
10.800,6.3762000,-0.3074000,6.0353000,56.0608000,88.2416000,61.5005000,-44.5500000,-10.3570000,-12.7270000,0.000000,0,0,0
10.810,6.3212000,-0.3182000,6.1358000,56.2668000,92.6666000,61.3785000,-43.8190000,-10.3270000,-12.2790000,0.000000,0,0,0
10.820,6.2578000,-0.3182000,6.2386000,56.6483000,96.4737000,61.3785000,-43.8800000,-10.6540000,-11.9940000,0.000000,0,0,0
10.830,6.1980000,-0.3206000,6.3188000,56.7398000,99.1440000,61.5311000,-44.4830000,-10.5420000,-11.9140000,0.000000,0,0,0
10.840,6.1370000,-0.3290000,6.3798000,56.3202000,100.6317000,61.8439000,-44.3030000,-10.4630000,-11.4950000,0.000000,0,0,0
10.850,6.0724000,-0.3409000,6.4468000,55.5191000,101.2115000,62.2253000,-44.0880000,-10.4320000,-11.6070000,0.000000,0,0,0
10.860,6.0018000,-0.3625000,6.5198000,54.7180000,101.5930000,62.6221000,-44.4020000,-10.7910000,-11.8800000,0.000000,0,0,0
10.870,5.9288000,-0.3936000,6.5868000,54.2526000,102.3712000,62.9959000,-44.2360000,-10.7030000,-11.7870000,0.000000,0,0,0
10.880,5.8750000,-0.4199000,6.6478000,54.1000000,103.7445000,63.2782000,-44.3290000,-10.8480000,-11.2440000,0.000000,0,0,0
10.890,5.8546000,-0.4283000,6.7231000,53.9322000,105.4611000,63.5223000,-44.0880000,-10.8800000,-10.8660000,0.000000,0,0,0
10.900,5.8463000,-0.4223000,6.8380000,53.6575000,106.8878000,63.7512000,-44.3950000,-10.7480000,-10.4100000,0.000000,0,0,0
10.910,5.8104000,-0.3948000,7.0126000,53.3829000,107.3074000,64.0869000,-44.3620000,-10.8010000,-10.6710000,0.000000,0,0,0
10.920,5.7745000,-0.3744000,7.1849000,53.1616000,106.2088000,64.5447000,-44.5330000,-10.9380000,-10.2640000,0.000000,0,0,0
10.930,5.7518000,-0.3613000,7.3105000,53.0167000,103.6377000,64.8880000,-44.4720000,-10.7170000,-9.9210000,0.000000,0,0,0
10.940,5.7266000,-0.3553000,7.3823000,52.9099000,100.0977000,64.9643000,-44.3910000,-10.7950000,-9.4510000,0.000000,0,0,0
10.950,5.6896000,-0.3613000,7.4098000,52.8641000,96.2448000,64.7736000,-44.2970000,-11.0020000,-9.9410000,0.000000,0,0,0
10.960,5.6429000,-0.3708000,7.4074000,52.9099000,92.8268000,64.3539000,-44.3710000,-10.8910000,-9.1670000,0.000000,0,0,0
10.970,5.5974000,-0.3673000,7.3943000,52.9022000,90.5075000,63.7512000,-44.5750000,-10.9220000,-9.6450000,0.000000,0,0,0
10.980,5.5663000,-0.3445000,7.4026000,52.5284000,89.3936000,62.9959000,-44.3950000,-11.0650000,-8.9930000,0.000000,0,0,0
10.990,5.5304000,-0.3338000,7.4409000,51.7731000,88.7680000,62.2635000,-44.3300000,-11.0920000,-9.7610000,0.000000,0,0,0
11.000,5.4706000,-0.3493000,7.4948000,51.0483000,87.9059000,61.8210000,-44.4250000,-10.9070000,-9.0840000,0.000000,0,0,0
11.010,5.3905000,-0.3852000,7.5546000,50.8575000,86.6089000,61.7523000,-44.5030000,-10.9500000,-9.1940000,0.000000,0,0,0
11.020,5.2792000,-0.4618000,7.6024000,51.9791000,84.0225000,62.1948000,-44.4970000,-10.8000000,-8.0190000,0.000000,0,0,0
11.030,5.2266000,-0.5012000,7.5928000,53.2837000,82.4203000,62.5916000,-44.5820000,-10.6550000,-8.8810000,0.000000,0,0,0
11.040,5.1883000,-0.5264000,7.5582000,54.5349000,81.4819000,62.8204000,-44.4370000,-10.5020000,-8.1630000,0.000000,0,0,0
11.050,5.1536000,-0.5359000,7.5151000,55.3665000,81.5353000,62.7670000,-44.5940000,-11.0050000,-8.4140000,0.000000,0,0,0
11.060,5.1201000,-0.5395000,7.4696000,55.6412000,82.9163000,62.4542000,-44.3120000,-10.8300000,-8.0500000,0.000000,0,0,0
11.070,5.0723000,-0.5300000,7.4337000,55.4123000,85.6018000,61.9049000,-44.1560000,-10.6600000,-7.4700000,0.000000,0,0,0
11.080,5.0017000,-0.5096000,7.4254000,54.7028000,88.8062000,61.3556000,-44.3710000,-10.6450000,-7.9060000,0.000000,0,0,0
11.090,4.9227000,-0.4857000,7.4732000,53.5736000,91.2094000,61.1267000,-44.2920000,-11.1130000,-7.4130000,0.000000,0,0,0
11.100,4.8462000,-0.4666000,7.5797000,52.4826000,92.1326000,61.3785000,-44.4590000,-10.5180000,-7.5290000,0.000000,0,0,0
11.110,4.7840000,-0.4618000,7.7197000,52.1011000,91.8884000,61.8896000,-44.4350000,-10.4140000,-7.2140000,0.000000,0,0,0
11.120,4.7433000,-0.4701000,7.8489000,52.7802000,91.2857000,62.3093000,-44.3170000,-11.0800000,-6.9040000,0.000000,0,0,0
11.130,4.7265000,-0.4773000,7.9194000,54.2526000,91.0263000,62.3779000,-44.3420000,-10.7160000,-6.9060000,0.000000,0,0,0
11.140,4.7218000,-0.4929000,7.9218000,55.9387000,91.6824000,62.0041000,-44.2380000,-10.7470000,-5.9050000,0.000000,0,0,0
11.150,4.6930000,-0.5132000,7.8716000,57.3196000,93.7347000,61.1496000,-44.3140000,-10.6300000,-6.2030000,0.000000,0,0,0
11.160,4.6189000,-0.5335000,7.7866000,58.1741000,97.5189000,59.9442000,-44.2290000,-10.7260000,-6.3750000,0.000000,0,0,0
11.170,4.5064000,-0.5575000,7.7041000,58.4793000,102.8519000,58.6777000,-43.9910000,-10.6590000,-6.5260000,0.000000,0,0,0
11.180,4.3593000,-0.5635000,7.6598000,58.2428000,108.7036000,57.7011000,-44.2540000,-10.9520000,-5.9290000,0.000000,0,0,0
11.190,4.2050000,-0.5383000,7.7029000,57.3425000,113.4644000,57.4341000,-44.1580000,-10.8190000,-6.1500000,0.000000,0,0,0
11.200,4.0722000,-0.5000000,7.8309000,55.9692000,115.8676000,58.0826000,-44.3200000,-10.8590000,-5.0530000,0.000000,0,0,0
11.210,3.9860000,-0.4761000,8.0211000,54.7180000,115.7532000,59.4788000,-44.2290000,-10.4750000,-5.1330000,0.000000,0,0,0
11.220,3.9501000,-0.4677000,8.2412000,54.4128000,114.1739000,61.0275000,-44.1350000,-10.6740000,-4.9390000,0.000000,0,0,0
11.230,3.9394000,-0.4797000,8.4410000,55.5878000,112.2971000,62.1643000,-44.2840000,-10.7150000,-5.4550000,0.000000,0,0,0
11.240,3.9250000,-0.4917000,8.5714000,58.0521000,111.1526000,62.6297000,-44.0090000,-10.7770000,-4.8450000,0.000000,0,0,0
11.250,3.9119000,-0.5012000,8.6205000,61.1038000,111.5875000,62.3245000,-44.1680000,-10.7290000,-4.2910000,0.000000,0,0,0
11.260,3.8772000,-0.5204000,8.6013000,64.0335000,114.0289000,61.3632000,-44.0600000,-10.9520000,-3.3520000,0.000000,0,0,0
11.270,3.7922000,-0.5527000,8.5355000,66.3681000,118.0038000,60.0128000,-43.6880000,-10.6130000,-2.3770000,0.000000,0,0,0
11.280,3.6451000,-0.5635000,8.4602000,67.6575000,122.1771000,58.7692000,-43.8310000,-10.4700000,-2.7950000,0.000000,0,0,0
11.290,3.4453000,-0.5312000,8.4338000,67.2607000,124.5880000,58.2352000,-43.5500000,-10.4890000,-2.4310000,0.000000,0,0,0
11.300,3.2336000,-0.4857000,8.4889000,65.0711000,123.7869000,58.9905000,-43.8170000,-10.6420000,-1.8470000,0.000000,0,0,0
11.310,3.0781000,-0.4438000,8.6157000,61.9049000,119.9493000,60.9512000,-43.7120000,-11.0690000,-2.1620000,0.000000,0,0,0
11.320,3.0003000,-0.4187000,8.7796000,59.0439000,114.6774000,63.1485000,-43.6360000,-11.0150000,-1.8760000,0.000000,0,0,0
11.330,2.9668000,-0.4163000,8.9375000,57.5485000,109.5734000,64.6896000,-43.4760000,-10.7970000,-1.8450000,0.000000,0,0,0
11.340,2.9453000,-0.4307000,9.0451000,57.6782000,105.5069000,65.2847000,-43.3940000,-10.7640000,-1.2850000,0.000000,0,0,0
11.350,2.9189000,-0.4522000,9.0715000,58.9294000,102.6993000,65.0558000,-43.2290000,-10.8210000,-0.7010000,0.000000,0,0,0
11.360,2.8723000,-0.4833000,9.0081000,60.4553000,101.1658000,64.2853000,-43.4670000,-10.6720000,-0.3090000,0.000000,0,0,0
11.370,2.8089000,-0.5312000,8.8789000,61.5158000,100.7385000,63.2782000,-43.2360000,-10.6700000,-0.8160000,0.000000,0,0,0
11.380,2.7228000,-0.5814000,8.7221000,61.6684000,101.0742000,62.2330000,-43.0230000,-10.6920000,-0.8390000,0.000000,0,0,0
11.390,2.5924000,-0.5910000,8.5929000,60.5621000,101.5396000,61.4319000,-43.0210000,-10.5620000,0.2360000,0.000000,0,0,0
11.400,2.4333000,-0.5635000,8.5331000,58.0673000,101.3489000,61.2717000,-42.8510000,-10.6940000,-0.3310000,0.000000,0,0,0
11.410,2.2969000,-0.5288000,8.5260000,54.4205000,100.4181000,61.8210000,-42.9890000,-10.7250000,-0.4150000,0.000000,0,0,0
11.420,2.1976000,-0.4953000,8.5427000,50.0259000,99.5712000,62.7365000,-42.7150000,-11.0310000,-0.2980000,0.000000,0,0,0
11.430,2.1162000,-0.4929000,8.6013000,45.6390000,99.6246000,63.5757000,-42.5520000,-10.9310000,0.3970000,0.000000,0,0,0
11.440,2.0421000,-0.5323000,8.7257000,42.3660000,100.7309000,64.1327000,-42.5100000,-10.7310000,0.3920000,0.000000,0,0,0
11.450,1.9787000,-0.6017000,8.9016000,41.1453000,102.4933000,64.3845000,-42.5250000,-11.0470000,0.6850000,0.000000,0,0,0
11.460,1.9308000,-0.6675000,9.0750000,42.2516000,104.2633000,64.3158000,-42.3810000,-11.0400000,0.8310000,0.000000,0,0,0
11.470,1.8794000,-0.7273000,9.2007000,45.0516000,105.4916000,63.8199000,-42.4250000,-10.9040000,0.9230000,0.000000,0,0,0
11.480,1.8255000,-0.7561000,9.2413000,48.1644000,106.4148000,63.0646000,-42.3090000,-11.0820000,1.2340000,0.000000,0,0,0
11.490,1.7693000,-0.7441000,9.2174000,50.3159000,106.6437000,62.2940000,-42.0670000,-11.3350000,1.2480000,0.000000,0,0,0
11.500,1.7107000,-0.7094000,9.1791000,50.7660000,105.6671000,61.6608000,-41.9380000,-11.3790000,1.3640000,0.000000,0,0,0
11.510,1.6425000,-0.6711000,9.1648000,49.6826000,103.5995000,61.3174000,-41.7940000,-11.2780000,1.6600000,0.000000,0,0,0
11.520,1.5540000,-0.6496000,9.1696000,48.0499000,100.9598000,61.4090000,-41.8500000,-10.8940000,2.0580000,0.000000,0,0,0
11.530,1.4391000,-0.6376000,9.1815000,46.7834000,98.8159000,61.7523000,-41.8230000,-11.2200000,2.0540000,0.000000,0,0,0
11.540,1.3159000,-0.6304000,9.2318000,46.0892000,98.0835000,62.0956000,-41.6440000,-11.1830000,2.3710000,0.000000,0,0,0
11.550,1.2047000,-0.6292000,9.3502000,45.7764000,98.7854000,62.3550000,-41.3490000,-11.4910000,2.6080000,0.000000,0,0,0
11.560,1.0898000,-0.6508000,9.5272000,45.7458000,100.0214000,62.5687000,-41.6190000,-11.3460000,2.9680000,0.000000,0,0,0
11.570,0.9546000,-0.7333000,9.8167000,46.7758000,100.4562000,62.8433000,-41.1420000,-11.1840000,3.2990000,0.000000,0,0,0
11.580,0.8960000,-0.7884000,9.9352000,48.7518000,99.2432000,62.9425000,-41.3300000,-11.5090000,3.2740000,0.000000,0,0,0
11.590,0.8530000,-0.8230000,9.9639000,51.7426000,97.3511000,62.9349000,-41.0920000,-11.5560000,3.7540000,0.000000,0,0,0
11.600,0.8386000,-0.8195000,9.9160000,54.9698000,95.0394000,62.7441000,-40.8270000,-11.8090000,3.1340000,0.000000,0,0,0
11.610,0.8207000,-0.7728000,9.8215000,57.3273000,92.6056000,62.4161000,-40.8350000,-11.4780000,3.9260000,0.000000,0,0,0
11.620,0.7752000,-0.7226000,9.7342000,58.2581000,90.3625000,62.2940000,-40.9460000,-11.3600000,4.4800000,0.000000,0,0,0
11.630,0.7261000,-0.7022000,9.6911000,58.0902000,88.2111000,62.3627000,-40.7440000,-11.7690000,4.4390000,0.000000,0,0,0
11.640,0.6962000,-0.7082000,9.7067000,57.5638000,86.2198000,62.4008000,-40.4630000,-11.6010000,3.4680000,0.000000,0,0,0
11.650,0.6699000,-0.7345000,9.7545000,57.3349000,84.2819000,62.2864000,-40.7590000,-11.5810000,3.8780000,0.000000,0,0,0
11.660,0.6364000,-0.7632000,9.7916000,57.6935000,82.1686000,62.0880000,-40.4880000,-11.7910000,4.6190000,0.000000,0,0,0
11.670,0.5958000,-0.7872000,9.7892000,58.5175000,79.6967000,61.9049000,-40.6930000,-11.6520000,4.9050000,0.000000,0,0,0
11.680,0.5515000,-0.8039000,9.7426000,59.3643000,77.0569000,61.6760000,-40.5280000,-11.4430000,4.5730000,0.000000,0,0,0
11.690,0.4905000,-0.8051000,9.6636000,59.6924000,74.8444000,61.3098000,-40.3720000,-11.7250000,4.6650000,0.000000,0,0,0
11.700,0.4211000,-0.7979000,9.5739000,58.9066000,73.4558000,60.8902000,-40.4280000,-11.6890000,4.4080000,0.000000,0,0,0
11.710,0.3529000,-0.7955000,9.5117000,56.8848000,72.9446000,60.4706000,-40.4270000,-11.7020000,4.7290000,0.000000,0,0,0
11.720,0.2859000,-0.8099000,9.5165000,54.2297000,73.0133000,60.0433000,-39.9550000,-11.9670000,4.3600000,0.000000,0,0,0
11.730,0.2225000,-0.8362000,9.6038000,52.0706000,73.2269000,59.6313000,-40.1110000,-11.6350000,5.0690000,0.000000,0,0,0
11.740,0.1735000,-0.8601000,9.7581000,51.4450000,73.0896000,59.3262000,-40.1700000,-11.8320000,4.8650000,0.000000,0,0,0
11.750,0.1364000,-0.8733000,9.9352000,52.7725000,72.2809000,59.2041000,-40.0480000,-11.5650000,4.7390000,0.000000,0,0,0
11.760,0.0993000,-0.8697000,10.0692000,55.6335000,70.7855000,59.2499000,-40.4910000,-11.4280000,4.9440000,0.000000,0,0,0
11.770,0.0622000,-0.8506000,10.1182000,58.9905000,68.7866000,59.4788000,-40.1810000,-11.5470000,4.7690000,0.000000,0,0,0
11.780,0.0287000,-0.8219000,10.0751000,61.7599000,66.7725000,59.8221000,-39.9780000,-11.4870000,5.1840000,0.000000,0,0,0
11.790,0.0060000,-0.7955000,9.9842000,63.3316000,65.0635000,60.1730000,-39.9390000,-11.6500000,5.0500000,0.000000,0,0,0
11.800,0.0132000,-0.7740000,9.8658000,63.4308000,63.4460000,60.5011000,-40.0950000,-11.7770000,4.9780000,0.000000,0,0,0
11.810,0.0335000,-0.7680000,9.7342000,62.0499000,61.9202000,60.6842000,-39.8130000,-11.8110000,5.1270000,0.000000,0,0,0
11.820,0.0407000,-0.7943000,9.6050000,59.5703000,60.6842000,60.6308000,-40.1120000,-11.6230000,5.9020000,0.000000,0,0,0
11.830,0.0490000,-0.8266000,9.5009000,56.6559000,59.9823000,60.2798000,-39.9260000,-11.5780000,5.9450000,0.000000,0,0,0
11.840,0.0562000,-0.8482000,9.4447000,53.8177000,59.7305000,59.7687000,-40.2870000,-11.5240000,6.0770000,0.000000,0,0,0
11.850,0.0586000,-0.8530000,9.4375000,51.3992000,59.6924000,59.2422000,-39.9530000,-11.5270000,5.3160000,0.000000,0,0,0
11.860,0.0538000,-0.8470000,9.4686000,49.6826000,59.7076000,58.8074000,-40.1260000,-11.7580000,4.9070000,0.000000,0,0,0
11.870,0.0407000,-0.8470000,9.5260000,48.9883000,59.6771000,58.5480000,-39.6290000,-11.7130000,5.0350000,0.000000,0,0,0
11.880,0.0167000,-0.8577000,9.5847000,49.5758000,59.5398000,58.4946000,-39.7130000,-11.6170000,5.6610000,0.000000,0,0,0
11.890,-0.0156000,-0.8709000,9.6134000,51.3000000,59.3491000,58.6624000,-39.8450000,-11.7500000,5.3000000,0.000000,0,0,0
11.900,-0.0323000,-0.8805000,9.5942000,53.4973000,59.0210000,58.9828000,-39.7760000,-11.5000000,4.9580000,0.000000,0,0,0
11.910,-0.0323000,-0.8865000,9.5284000,55.3436000,58.5327000,59.2728000,-39.7780000,-11.7610000,5.2770000,0.000000,0,0,0
11.920,-0.0371000,-0.8900000,9.4411000,56.3354000,58.0902000,59.4559000,-39.7600000,-11.3910000,5.6770000,0.000000,0,0,0
11.930,-0.0574000,-0.8924000,9.3622000,56.4194000,57.9224000,59.5322000,-39.8310000,-11.3970000,4.6550000,0.000000,0,0,0
11.940,-0.0849000,-0.9032000,9.3239000,56.0074000,58.1284000,59.5779000,-39.8440000,-11.4250000,5.0910000,0.000000,0,0,0
11.950,-0.1196000,-0.9164000,9.3287000,55.6030000,58.4641000,59.7229000,-39.8910000,-11.4020000,4.6600000,0.000000,0,0,0
11.960,-0.1543000,-0.9235000,9.3622000,55.5496000,58.6929000,60.0739000,-39.7830000,-11.6220000,5.6540000,0.000000,0,0,0
11.970,-0.1747000,-0.9247000,9.4016000,55.8472000,58.8150000,60.5316000,-40.1560000,-11.6020000,4.7960000,0.000000,0,0,0
11.980,-0.1878000,-0.9188000,9.4244000,56.2820000,59.0134000,60.8597000,-39.6550000,-11.5220000,5.4670000,0.000000,0,0,0
11.990,-0.2046000,-0.9164000,9.4399000,56.6101000,59.4406000,60.9436000,-39.8720000,-11.5240000,5.5670000,0.000000,0,0,0
12.000,-0.2129000,-0.9188000,9.4626000,56.6788000,59.9289000,60.8292000,-39.8250000,-11.6210000,5.6200000,0.000000,0,0,0
12.010,-0.2213000,-0.9199000,9.4997000,56.5033000,60.2188000,60.6079000,-39.9320000,-11.5060000,5.4660000,0.000000,0,0,0
12.020,-0.2357000,-0.9116000,9.5464000,56.2057000,60.0815000,60.4782000,-39.9720000,-11.4520000,5.9700000,0.000000,0,0,0
12.030,-0.2488000,-0.8984000,9.6014000,55.9692000,59.4711000,60.5392000,-40.1570000,-11.8110000,5.6160000,0.000000,0,0,0
12.040,-0.2608000,-0.8865000,9.6529000,56.0150000,58.5175000,60.7605000,-39.7910000,-11.6950000,5.7660000,0.000000,0,0,0
12.050,-0.2680000,-0.8829000,9.6911000,56.4499000,57.4341000,61.0657000,-39.7260000,-11.6880000,5.4190000,0.000000,0,0,0
12.060,-0.2668000,-0.8888000,9.6983000,57.2205000,56.4423000,61.3480000,-39.8980000,-11.6880000,5.5620000,0.000000,0,0,0
12.070,-0.2572000,-0.9080000,9.6816000,58.1284000,55.8624000,61.4548000,-39.7850000,-11.6460000,5.2250000,0.000000,0,0,0
12.080,-0.2357000,-0.9331000,9.6648000,58.9066000,55.8167000,61.2869000,-39.8720000,-11.8190000,6.0020000,0.000000,0,0,0
12.090,-0.1974000,-0.9630000,9.6756000,59.3948000,56.1523000,60.7986000,-39.6990000,-11.9340000,5.3840000,0.000000,0,0,0
12.100,-0.1663000,-0.9810000,9.7198000,59.7000000,56.4880000,60.0586000,-39.8010000,-11.8930000,5.6710000,0.000000,0,0,0
12.110,-0.1567000,-0.9833000,9.7785000,60.0128000,56.5872000,59.2728000,-39.7580000,-11.5680000,6.0360000,0.000000,0,0,0
12.120,-0.1735000,-0.9510000,9.8395000,60.6995000,56.1905000,58.3878000,-39.9110000,-11.6650000,5.5270000,0.000000,0,0,0
12.130,-0.1926000,-0.9152000,9.8395000,61.1115000,55.7175000,58.1436000,-40.1080000,-11.6530000,5.6420000,0.000000,0,0,0
12.140,-0.2177000,-0.8757000,9.8060000,61.2411000,55.2673000,58.2047000,-40.0410000,-11.6140000,5.9400000,0.000000,0,0,0
12.150,-0.2512000,-0.8470000,9.7545000,60.9894000,55.1147000,58.5175000,-39.6880000,-11.9370000,5.3870000,0.000000,0,0,0
12.160,-0.2524000,-0.8290000,9.6959000,60.4858000,55.3284000,58.8989000,-40.0440000,-11.6400000,5.9120000,0.000000,0,0,0
12.170,-0.2417000,-0.8242000,9.6588000,59.9060000,55.6717000,59.1812000,-40.0090000,-11.6410000,5.8910000,0.000000,0,0,0
12.180,-0.2345000,-0.8278000,9.6397000,59.3338000,55.7938000,59.4101000,-39.9300000,-11.8630000,5.5380000,0.000000,0,0,0
12.190,-0.2201000,-0.8314000,9.6194000,58.7387000,55.5038000,59.6161000,-40.1390000,-11.4480000,5.5390000,0.000000,0,0,0
12.200,-0.1962000,-0.8446000,9.5859000,58.0215000,54.8325000,59.7382000,-40.0930000,-11.7890000,6.0880000,0.000000,0,0,0
12.210,-0.1818000,-0.8625000,9.5595000,57.1594000,54.0237000,59.7534000,-39.9290000,-11.8900000,5.6970000,0.000000,0,0,0
12.220,-0.1878000,-0.8829000,9.5476000,56.2286000,53.3371000,59.6848000,-39.9140000,-12.1710000,5.2580000,0.000000,0,0,0
12.230,-0.2058000,-0.9020000,9.5404000,55.3513000,52.9633000,59.5169000,-40.0310000,-11.9570000,5.0000000,0.000000,0,0,0
12.240,-0.2285000,-0.9140000,9.5428000,54.6646000,52.9785000,59.2651000,-40.1740000,-12.0420000,5.8090000,0.000000,0,0,0
12.250,-0.2500000,-0.9152000,9.5536000,54.1916000,53.3371000,58.9371000,-39.7290000,-12.2860000,5.8640000,0.000000,0,0,0
12.260,-0.2763000,-0.9080000,9.5691000,53.9474000,53.9932000,58.5709000,-39.9180000,-11.9310000,5.4670000,0.000000,0,0,0
12.270,-0.3182000,-0.8984000,9.5954000,54.0161000,54.8248000,58.2809000,-39.9690000,-12.0390000,5.6980000,0.000000,0,0,0
12.280,-0.3577000,-0.8936000,9.6373000,54.4662000,55.6946000,58.1665000,-40.2090000,-12.2950000,5.4610000,0.000000,0,0,0
12.290,-0.3864000,-0.8924000,9.6840000,55.3360000,56.3965000,58.2581000,-40.0250000,-11.8660000,5.2520000,0.000000,0,0,0
12.300,-0.3900000,-0.9020000,9.7127000,56.5033000,56.7245000,58.5632000,-40.2360000,-11.9980000,5.4610000,0.000000,0,0,0
12.310,-0.3708000,-0.9176000,9.7127000,57.6630000,56.6330000,58.9066000,-39.7610000,-11.9240000,5.1530000,0.000000,0,0,0
12.320,-0.3517000,-0.9307000,9.6840000,58.4717000,56.2668000,59.1660000,-39.9980000,-12.3920000,6.2680000,0.000000,0,0,0
12.330,-0.3421000,-0.9379000,9.6421000,58.7158000,55.8014000,59.3719000,-39.8980000,-12.0620000,5.1390000,0.000000,0,0,0
12.340,-0.3397000,-0.9355000,9.6098000,58.4946000,55.3665000,59.5398000,-39.9910000,-12.4060000,5.5630000,0.000000,0,0,0
12.350,-0.3314000,-0.9295000,9.6086000,58.1284000,54.9469000,59.6771000,-39.9040000,-12.0890000,5.3720000,0.000000,0,0,0
12.360,-0.3122000,-0.9223000,9.6409000,57.9376000,54.5883000,59.7382000,-39.9430000,-12.1770000,5.9520000,0.000000,0,0,0
12.370,-0.2979000,-0.9188000,9.6816000,58.1512000,54.3213000,59.6848000,-39.9220000,-12.4090000,5.5460000,0.000000,0,0,0
12.380,-0.3027000,-0.9199000,9.7043000,58.7311000,54.2145000,59.5779000,-40.0260000,-12.2330000,5.2320000,0.000000,0,0,0
12.390,-0.3194000,-0.9199000,9.7031000,59.4025000,54.2831000,59.5093000,-39.8350000,-11.8760000,5.9990000,0.000000,0,0,0
12.400,-0.3445000,-0.9116000,9.6899000,59.9594000,54.4052000,59.5932000,-39.9070000,-12.1640000,5.8980000,0.000000,0,0,0
12.410,-0.3744000,-0.8984000,9.6720000,60.2722000,54.4510000,59.8831000,-39.7890000,-12.1170000,6.4810000,0.000000,0,0,0
12.420,-0.3972000,-0.8817000,9.6576000,60.3333000,54.4815000,60.3409000,-39.9690000,-12.3630000,6.1960000,0.000000,0,0,0
12.430,-0.4079000,-0.8685000,9.6505000,60.2798000,54.5044000,60.7986000,-40.1490000,-12.1260000,5.4410000,0.000000,0,0,0
12.440,-0.4079000,-0.8625000,9.6481000,60.2798000,54.5502000,61.1343000,-39.7950000,-12.3460000,6.2030000,0.000000,0,0,0
12.450,-0.4008000,-0.8553000,9.6505000,60.3256000,54.6112000,61.3098000,-39.9120000,-12.4420000,6.0530000,0.000000,0,0,0
12.460,-0.3900000,-0.8482000,9.6517000,60.2798000,54.6112000,61.3403000,-40.3210000,-12.2780000,6.1140000,0.000000,0,0,0
12.470,-0.3744000,-0.8482000,9.6541000,60.0586000,54.4128000,61.2640000,-39.7480000,-11.8450000,5.8960000,0.000000,0,0,0
12.480,-0.3529000,-0.8542000,9.6600000,59.6924000,54.0161000,61.1572000,-39.9290000,-12.3010000,6.0230000,0.000000,0,0,0
12.490,-0.3266000,-0.8613000,9.6672000,59.2117000,53.5660000,61.0046000,-39.6520000,-12.2600000,5.2620000,0.000000,0,0,0
12.500,-0.3098000,-0.8661000,9.6792000,58.7387000,53.1693000,60.8063000,-39.7860000,-12.2070000,5.4420000,0.000000,0,0,0
12.510,-0.3051000,-0.8685000,9.6875000,58.3801000,52.8641000,60.6079000,-39.6470000,-12.0890000,5.9500000,0.000000,0,0,0
12.520,-0.3086000,-0.8733000,9.6887000,58.2581000,52.7344000,60.4248000,-40.0860000,-12.3360000,5.8030000,0.000000,0,0,0
12.530,-0.3158000,-0.8697000,9.6852000,58.2809000,52.8336000,60.2417000,-39.6090000,-12.2510000,5.7810000,0.000000,0,0,0
12.540,-0.3266000,-0.8601000,9.6792000,58.3038000,53.1311000,60.0891000,-39.9900000,-12.3840000,6.0170000,0.000000,0,0,0
12.550,-0.3397000,-0.8553000,9.6684000,58.2809000,53.5355000,59.9747000,-39.6710000,-12.2000000,6.4590000,0.000000,0,0,0
12.560,-0.3637000,-0.8565000,9.6529000,58.3038000,53.9169000,59.9289000,-39.7660000,-12.3380000,6.0510000,0.000000,0,0,0
12.570,-0.3840000,-0.8601000,9.6349000,58.3115000,54.1992000,60.0052000,-39.7020000,-12.2810000,5.8280000,0.000000,0,0,0
12.580,-0.3804000,-0.8613000,9.6194000,58.2428000,54.3365000,60.1959000,-39.5520000,-12.1740000,6.2180000,0.000000,0,0,0
12.590,-0.3768000,-0.8637000,9.6050000,58.0368000,54.2526000,60.4630000,-39.8190000,-12.2050000,6.2740000,0.000000,0,0,0
12.600,-0.3744000,-0.8613000,9.6026000,57.7774000,54.1153000,60.7986000,-39.8390000,-12.5560000,5.9850000,0.000000,0,0,0
12.610,-0.3613000,-0.8506000,9.6146000,57.5562000,54.0543000,61.0733000,-39.7380000,-12.2460000,5.7830000,0.000000,0,0,0
12.620,-0.3541000,-0.8613000,9.6265000,57.4722000,54.0695000,61.1877000,-39.9390000,-12.2960000,5.7340000,0.000000,0,0,0
12.630,-0.3804000,-0.8613000,9.6289000,57.7545000,54.1840000,61.2640000,-39.8080000,-12.2440000,6.1780000,0.000000,0,0,0
12.640,-0.4175000,-0.8494000,9.6134000,58.1360000,54.4205000,61.4014000,-39.9480000,-12.1630000,6.2450000,0.000000,0,0,0
12.650,-0.4008000,-0.8254000,9.6134000,58.3878000,54.9316000,61.3937000,-39.8230000,-12.3100000,6.1500000,0.000000,0,0,0
12.660,-0.3708000,-0.8171000,9.6158000,58.6777000,55.5725000,61.1572000,-39.9370000,-12.4240000,6.6810000,0.000000,0,0,0
12.670,-0.3685000,-0.8254000,9.5978000,58.9828000,56.1371000,60.9131000,-39.7950000,-12.2450000,6.0720000,0.000000,0,0,0
12.680,-0.3685000,-0.8350000,9.5835000,59.1354000,56.6330000,60.8063000,-39.8860000,-12.3650000,6.1460000,0.000000,0,0,0
12.690,-0.3661000,-0.8338000,9.5978000,59.1049000,57.2128000,60.7224000,-39.6610000,-12.2190000,5.9770000,0.000000,0,0,0
12.700,-0.3744000,-0.8326000,9.6265000,58.9752000,57.8613000,60.6232000,-39.7000000,-12.4440000,6.1060000,0.000000,0,0,0
12.710,-0.3840000,-0.8398000,9.6696000,58.9294000,58.3267000,60.5545000,-40.0320000,-12.0520000,5.9600000,0.000000,0,0,0
12.720,-0.3924000,-0.8506000,9.7127000,59.0591000,58.4335000,60.5850000,-39.7730000,-12.1580000,6.5810000,0.000000,0,0,0
12.730,-0.3960000,-0.8613000,9.7629000,59.3414000,58.0368000,60.6918000,-39.7240000,-12.0450000,6.3930000,0.000000,0,0,0
12.740,-0.3900000,-0.8601000,9.7964000,59.4635000,57.5104000,60.7147000,-39.6850000,-12.1340000,6.5720000,0.000000,0,0,0
12.750,-0.3888000,-0.8494000,9.8227000,59.6161000,56.8161000,60.6461000,-39.6540000,-12.3480000,6.8570000,0.000000,0,0,0
12.760,-0.4103000,-0.8314000,9.8335000,59.8907000,56.0150000,60.5621000,-39.7830000,-12.3550000,6.5490000,0.000000,0,0,0
12.770,-0.4402000,-0.8063000,9.8239000,60.2798000,55.1910000,60.5087000,-39.5720000,-12.2950000,6.4290000,0.000000,0,0,0
12.780,-0.4677000,-0.7788000,9.7964000,60.6537000,54.5731000,60.4324000,-39.4720000,-12.5610000,6.6830000,0.000000,0,0,0
12.790,-0.4797000,-0.7549000,9.7725000,60.8292000,54.2068000,60.3409000,-39.2660000,-12.3760000,6.5240000,0.000000,0,0,0
12.800,-0.4773000,-0.7345000,9.7773000,60.7376000,53.9627000,60.2417000,-39.5900000,-12.2550000,6.5530000,0.000000,0,0,0
12.810,-0.4689000,-0.7309000,9.8096000,60.5087000,53.7415000,60.1425000,-39.2990000,-12.0070000,6.8160000,0.000000,0,0,0
12.820,-0.4689000,-0.7357000,9.8502000,60.2112000,53.5126000,60.0739000,-39.6660000,-12.2150000,6.4630000,0.000000,0,0,0
12.830,-0.4905000,-0.7477000,9.8574000,59.7839000,53.1693000,60.0967000,-39.5260000,-12.1700000,6.8350000,0.000000,0,0,0
12.840,-0.5288000,-0.7680000,9.8179000,59.1812000,52.6886000,60.2798000,-39.6730000,-12.2670000,6.5260000,0.000000,0,0,0
12.850,-0.5623000,-0.7824000,9.7533000,58.5175000,52.1240000,60.6537000,-39.6090000,-12.3020000,6.3730000,0.000000,0,0,0
12.860,-0.5718000,-0.7800000,9.6875000,57.8690000,51.5518000,61.1725000,-39.6840000,-12.2060000,6.2670000,0.000000,0,0,0
12.870,-0.5479000,-0.7608000,9.6457000,57.2205000,51.1703000,61.7065000,-39.2780000,-12.2440000,6.7560000,0.000000,0,0,0
12.880,-0.5036000,-0.7429000,9.6277000,56.5948000,51.1398000,62.0499000,-39.7180000,-12.2690000,7.1900000,0.000000,0,0,0
12.890,-0.4642000,-0.7381000,9.6241000,56.0684000,51.4374000,62.1948000,-39.5530000,-12.3480000,6.9560000,0.000000,0,0,0
12.900,-0.4307000,-0.7561000,9.6194000,55.7175000,51.8188000,62.2101000,-39.4800000,-12.3240000,6.7890000,0.000000,0,0,0
12.910,-0.4091000,-0.7776000,9.6241000,55.5420000,52.1088000,62.1719000,-39.2200000,-12.2710000,6.8710000,0.000000,0,0,0
12.920,-0.4043000,-0.7991000,9.6433000,55.4581000,52.4445000,62.0728000,-39.7060000,-12.0980000,6.8210000,0.000000,0,0,0
12.930,-0.4067000,-0.8111000,9.6696000,55.3741000,52.9022000,61.9202000,-39.5340000,-12.3130000,7.0780000,0.000000,0,0,0
12.940,-0.4319000,-0.8230000,9.6971000,55.2673000,53.3829000,61.7905000,-39.5520000,-12.4110000,7.2010000,0.000000,0,0,0
12.950,-0.4725000,-0.8410000,9.7055000,55.2521000,53.7262000,61.7371000,-39.6530000,-12.1380000,7.3110000,0.000000,0,0,0
12.960,-0.5120000,-0.8542000,9.6792000,55.2902000,53.8864000,61.7981000,-39.9370000,-12.3880000,7.1260000,0.000000,0,0,0
12.970,-0.5395000,-0.8553000,9.6469000,55.3589000,53.7949000,62.0193000,-39.5450000,-12.3530000,6.7130000,0.000000,0,0,0
12.980,-0.5371000,-0.8793000,9.6194000,55.4123000,53.4439000,62.4008000,-39.7040000,-12.6500000,6.6630000,0.000000,0,0,0
12.990,-0.4977000,-0.8829000,9.5954000,55.1834000,53.0930000,62.7136000,-39.6900000,-12.3400000,6.3180000,0.000000,0,0,0
13.000,-0.5204000,-0.8673000,9.6564000,54.8248000,53.4744000,63.0722000,-39.5600000,-12.1960000,6.6590000,0.000000,0,0,0
13.010,-0.5898000,-0.8314000,9.8467000,55.3894000,54.4510000,63.5452000,-39.7900000,-12.1680000,7.0720000,0.000000,0,0,0
13.020,-0.6328000,-0.7800000,10.0261000,57.5180000,55.5649000,64.0411000,-39.6150000,-12.3010000,6.4290000,0.000000,0,0,0
13.030,-0.6328000,-0.7537000,10.0644000,60.4019000,56.8695000,64.2319000,-39.5630000,-12.3710000,6.4200000,0.000000,0,0,0
13.040,-0.6089000,-0.7477000,9.9639000,62.8433000,58.4412000,64.0259000,-39.7110000,-12.5140000,6.6310000,0.000000,0,0,0
13.050,-0.5862000,-0.7620000,9.8287000,64.5981000,59.8145000,63.4842000,-39.6120000,-12.5200000,6.9020000,0.000000,0,0,0
13.060,-0.5623000,-0.7584000,9.7354000,65.7578000,60.6079000,62.8738000,-39.4130000,-12.4440000,6.4770000,0.000000,0,0,0
13.070,-0.5347000,-0.7297000,9.6899000,66.3834000,60.8902000,62.2177000,-39.4210000,-12.5750000,6.8780000,0.000000,0,0,0
13.080,-0.5060000,-0.6950000,9.6780000,66.6656000,60.9894000,61.3785000,-39.3160000,-12.5620000,7.2930000,0.000000,0,0,0
13.090,-0.4785000,-0.6735000,9.6840000,66.8488000,61.4395000,60.1578000,-39.2810000,-12.6360000,6.8860000,0.000000,0,0,0
13.100,-0.4677000,-0.6627000,9.6792000,67.1158000,62.3550000,58.8074000,-39.3190000,-12.0470000,6.3340000,0.000000,0,0,0
13.110,-0.4630000,-0.6747000,9.6253000,67.4515000,63.3163000,57.6324000,-39.5370000,-11.9440000,6.9140000,0.000000,0,0,0
13.120,-0.4522000,-0.6891000,9.5213000,67.3752000,64.0106000,56.7627000,-39.1280000,-11.9640000,6.6650000,0.000000,0,0,0
13.130,-0.4474000,-0.6867000,9.3885000,66.2384000,64.6286000,56.1218000,-39.4380000,-11.9940000,6.1620000,0.000000,0,0,0
13.140,-0.4833000,-0.6687000,9.2988000,63.8351000,65.3229000,55.6030000,-39.4380000,-11.6840000,6.5430000,0.000000,0,0,0
13.150,-0.5814000,-0.6412000,9.3538000,61.2259000,65.7578000,55.3970000,-38.9920000,-11.7320000,7.7290000,0.000000,0,0,0
13.160,-0.6950000,-0.6125000,9.4878000,59.5474000,65.7043000,55.7251000,-39.0880000,-11.8950000,6.5880000,0.000000,0,0,0
13.170,-0.7728000,-0.5838000,9.6158000,58.8608000,65.3229000,56.5109000,-39.3400000,-11.7240000,7.2960000,0.000000,0,0,0
13.180,-0.8171000,-0.5658000,9.7210000,58.7997000,64.8575000,57.5409000,-39.4850000,-11.9260000,6.9870000,0.000000,0,0,0
13.190,-0.8577000,-0.5658000,9.8275000,59.4177000,64.3539000,58.6472000,-39.0860000,-11.5900000,7.1600000,0.000000,0,0,0
13.200,-0.8912000,-0.5754000,9.9304000,60.9970000,63.7436000,59.8526000,-39.3300000,-11.9940000,6.9940000,0.000000,0,0,0
13.210,-0.8900000,-0.5778000,9.9806000,63.2172000,63.1180000,61.0428000,-39.1440000,-11.6490000,7.2480000,0.000000,0,0,0
13.220,-0.8506000,-0.5718000,9.9627000,65.1855000,62.8204000,62.0117000,-38.8890000,-11.6790000,7.4600000,0.000000,0,0,0
13.230,-0.8087000,-0.5670000,9.8897000,66.2003000,63.1180000,62.5458000,-38.8260000,-11.7040000,7.7320000,0.000000,0,0,0
13.240,-0.8075000,-0.5694000,9.7880000,66.0477000,64.2624000,62.5687000,-38.8960000,-11.6660000,7.4750000,0.000000,0,0,0
13.250,-0.8565000,-0.5694000,9.6935000,64.9261000,66.4902000,62.1796000,-38.6500000,-11.7640000,7.3470000,0.000000,0,0,0
13.260,-0.9211000,-0.5563000,9.6660000,63.3774000,69.5038000,61.6074000,-38.6680000,-11.8170000,7.6950000,0.000000,0,0,0
13.270,-0.9690000,-0.5300000,9.7354000,62.2025000,72.4792000,61.0580000,-38.7820000,-11.4930000,7.3580000,0.000000,0,0,0
13.280,-0.9774000,-0.5036000,9.8407000,61.9736000,74.7528000,60.6308000,-38.4760000,-11.4890000,7.7280000,0.000000,0,0,0
13.290,-0.9630000,-0.4857000,9.9244000,62.7365000,76.1337000,60.2646000,-38.2590000,-11.5300000,8.1730000,0.000000,0,0,0
13.300,-0.9738000,-0.4821000,9.9364000,64.1403000,76.8814000,59.8602000,-38.4700000,-11.8340000,7.8360000,0.000000,0,0,0
13.310,-1.0228000,-0.4977000,9.8742000,65.7501000,77.2781000,59.5627000,-38.3630000,-11.1950000,8.1000000,0.000000,0,0,0
13.320,-1.0755000,-0.5000000,9.7701000,67.1768000,77.7283000,59.4711000,-38.2210000,-11.2110000,7.7880000,0.000000,0,0,0
13.330,-1.1197000,-0.4881000,9.6648000,68.0313000,78.4912000,59.5627000,-37.9910000,-11.3380000,8.2920000,0.000000,0,0,0
13.340,-1.1377000,-0.4773000,9.6026000,68.0847000,79.8569000,59.7610000,-38.3050000,-11.3590000,8.3320000,0.000000,0,0,0
13.350,-1.1401000,-0.4749000,9.5859000,67.2989000,81.8481000,59.8984000,-38.3160000,-11.3430000,8.9310000,0.000000,0,0,0
13.360,-1.1317000,-0.4809000,9.6481000,65.6509000,83.8928000,59.9976000,-38.0740000,-11.4510000,8.1750000,0.000000,0,0,0
13.370,-1.0934000,-0.4438000,10.0512000,62.3932000,88.3179000,59.9060000,-37.6470000,-11.5830000,9.0710000,0.000000,0,0,0
13.380,-1.2262000,-0.4127000,10.2701000,60.8292000,92.4225000,59.1660000,-37.6820000,-11.4530000,8.3450000,0.000000,0,0,0
13.390,-1.4607000,-0.4510000,10.2725000,60.1730000,96.2982000,58.6624000,-37.5810000,-11.3660000,8.7750000,0.000000,0,0,0
13.400,-1.6700000,-0.5168000,10.1003000,60.4935000,98.8464000,58.9828000,-37.3760000,-11.3110000,9.3550000,0.000000,0,0,0
13.410,-1.7992000,-0.5635000,9.8347000,61.3403000,99.8306000,60.0281000,-36.8720000,-11.1990000,8.8020000,0.000000,0,0,0
13.420,-1.8339000,-0.5742000,9.5703000,61.8668000,99.7772000,61.2946000,-36.9680000,-11.2530000,9.0030000,0.000000,0,0,0
13.430,-1.8160000,-0.5599000,9.3801000,61.5005000,99.1821000,62.3016000,-37.0020000,-11.2370000,8.7910000,0.000000,0,0,0
13.440,-1.8004000,-0.5455000,9.2820000,60.3180000,98.0988000,62.9349000,-37.0320000,-11.2520000,8.9350000,0.000000,0,0,0
13.450,-1.8016000,-0.5491000,9.2629000,58.9066000,96.6263000,63.1790000,-36.5320000,-11.3110000,10.1440000,0.000000,0,0,0
13.460,-1.8231000,-0.5599000,9.2808000,57.9376000,95.1843000,63.0112000,-36.3870000,-11.3380000,9.6530000,0.000000,0,0,0
13.470,-1.8674000,-0.5575000,9.2880000,57.5485000,94.0628000,62.4313000,-36.2270000,-11.1990000,9.7660000,0.000000,0,0,0
13.480,-1.9452000,-0.5276000,9.2581000,57.1899000,93.1015000,61.6913000,-35.9400000,-11.1410000,10.0480000,0.000000,0,0,0
13.490,-2.0600000,-0.4893000,9.2138000,56.3583000,92.0792000,61.1725000,-35.8700000,-10.8400000,10.4740000,0.000000,0,0,0
13.500,-2.1832000,-0.4474000,9.1923000,55.1071000,91.0187000,61.0275000,-35.6970000,-11.1700000,10.6510000,0.000000,0,0,0
13.510,-2.2897000,-0.3996000,9.2174000,53.7567000,90.1489000,61.1038000,-35.6800000,-11.0600000,10.7230000,0.000000,0,0,0
13.520,-2.3818000,-0.3601000,9.2988000,52.4979000,89.7903000,61.1572000,-35.7900000,-11.3860000,11.0440000,0.000000,0,0,0
13.530,-2.4775000,-0.3397000,9.4208000,51.5671000,90.0040000,61.1115000,-35.6120000,-11.3500000,11.6540000,0.000000,0,0,0
13.540,-2.6055000,-0.3469000,9.5536000,51.2543000,90.5838000,61.0580000,-35.5930000,-11.4540000,10.9390000,0.000000,0,0,0
13.550,-2.7586000,-0.3661000,9.6588000,51.7197000,91.3696000,61.1496000,-35.2010000,-11.3260000,11.6680000,0.000000,0,0,0
13.560,-2.8902000,-0.3792000,9.7127000,52.7725000,92.3691000,61.3708000,-34.9280000,-11.0950000,12.0710000,0.000000,0,0,0
13.570,-2.9704000,-0.3864000,9.7007000,53.9932000,93.8034000,61.5463000,-35.0430000,-10.9650000,11.9850000,0.000000,0,0,0
13.580,-2.9919000,-0.3876000,9.6301000,54.8859000,95.6421000,61.5387000,-34.5000000,-11.1170000,12.0820000,0.000000,0,0,0
13.590,-2.9979000,-0.3948000,9.5213000,55.0308000,97.2366000,61.4319000,-34.5730000,-11.3000000,12.2110000,0.000000,0,0,0
13.600,-3.0278000,-0.4199000,9.4100000,54.3060000,97.9004000,61.5311000,-34.6050000,-11.0730000,11.9340000,0.000000,0,0,0
13.610,-3.0745000,-0.4618000,9.3442000,53.0624000,97.5571000,61.9736000,-34.2060000,-11.3470000,12.7650000,0.000000,0,0,0
13.620,-3.1139000,-0.5048000,9.3430000,51.8265000,96.6721000,62.5610000,-34.3370000,-11.6660000,12.4390000,0.000000,0,0,0
13.630,-3.1558000,-0.5383000,9.3825000,51.0483000,95.9091000,62.9349000,-33.8180000,-11.6120000,12.5820000,0.000000,0,0,0
13.640,-3.2108000,-0.5575000,9.4315000,50.8652000,95.9396000,62.9120000,-33.8320000,-11.5320000,12.2890000,0.000000,0,0,0
13.650,-3.2683000,-0.5599000,9.4734000,51.2009000,97.2214000,62.4542000,-33.5840000,-11.2760000,12.4520000,0.000000,0,0,0
13.660,-3.3317000,-0.5395000,9.4818000,51.8494000,99.7543000,61.6760000,-33.2720000,-11.5300000,12.1470000,0.000000,0,0,0
13.670,-3.4154000,-0.5048000,9.4327000,52.5208000,102.7756000,60.8826000,-33.1910000,-11.9740000,12.3730000,0.000000,0,0,0
13.680,-3.5446000,-0.4845000,9.3203000,53.0319000,104.8126000,60.6079000,-33.1860000,-11.5600000,12.6490000,0.000000,0,0,0
13.690,-3.6917000,-0.4737000,9.1887000,53.2379000,104.9728000,61.3022000,-32.8700000,-11.5870000,12.9930000,0.000000,0,0,0
13.700,-3.8102000,-0.4689000,9.1097000,53.3524000,103.5461000,62.7823000,-32.5940000,-11.5890000,13.0750000,0.000000,0,0,0
13.710,-3.8760000,-0.4606000,9.1301000,53.6804000,101.8372000,64.4073000,-32.2850000,-11.4740000,13.1180000,0.000000,0,0,0
13.720,-3.9167000,-0.4558000,9.2114000,54.3518000,101.1963000,65.5212000,-32.3180000,-11.6640000,13.2040000,0.000000,0,0,0
13.730,-3.9669000,-0.4713000,9.2796000,55.2826000,102.2415000,65.8722000,-31.8170000,-11.6220000,13.4040000,0.000000,0,0,0
13.740,-4.0339000,-0.4989000,9.2772000,56.3583000,104.4693000,65.6967000,-31.7920000,-11.5110000,13.6880000,0.000000,0,0,0
13.750,-4.1164000,-0.5168000,9.2019000,57.3349000,106.7810000,65.3534000,-31.4790000,-11.5620000,13.6940000,0.000000,0,0,0
13.760,-4.1990000,-0.5156000,9.0834000,58.0292000,108.5358000,65.0940000,-31.1250000,-11.4520000,14.3030000,0.000000,0,0,0
13.770,-4.2743000,-0.4905000,8.9722000,58.4335000,109.6039000,65.0330000,-30.8750000,-11.4740000,14.2450000,0.000000,0,0,0
13.780,-4.3533000,-0.4450000,8.9147000,58.5709000,109.9243000,65.2313000,-30.7960000,-11.5310000,14.2260000,0.000000,0,0,0
13.790,-4.4729000,-0.4031000,8.9052000,58.4183000,109.3674000,65.7272000,-30.2540000,-11.9280000,14.0060000,0.000000,0,0,0
13.800,-4.6332000,-0.3828000,8.9076000,58.1360000,108.0856000,66.5436000,-30.2980000,-11.3610000,14.6230000,0.000000,0,0,0
13.810,-4.7840000,-0.3876000,8.8932000,58.0215000,106.5598000,67.5125000,-30.0050000,-11.5060000,14.9020000,0.000000,0,0,0
13.820,-4.8868000,-0.4055000,8.8561000,58.3115000,105.1254000,68.3289000,-29.9660000,-11.6970000,14.7180000,0.000000,0,0,0
13.830,-4.9395000,-0.4211000,8.7975000,58.9828000,104.1489000,68.7408000,-29.5100000,-11.5120000,14.7150000,0.000000,0,0,0
13.840,-4.9550000,-0.4271000,8.7329000,59.7992000,103.9200000,68.6340000,-29.6600000,-11.5770000,15.1340000,0.000000,0,0,0
13.850,-4.9526000,-0.4259000,8.6743000,60.5469000,104.5074000,67.9474000,-29.3910000,-11.1110000,15.6320000,0.000000,0,0,0
13.860,-4.9766000,-0.4343000,8.5989000,61.1801000,105.5832000,66.8335000,-29.2760000,-11.5220000,15.0260000,0.000000,0,0,0
13.870,-5.0507000,-0.4438000,8.5116000,61.6455000,106.3614000,65.7578000,-28.6790000,-11.3100000,15.1680000,0.000000,0,0,0
13.880,-5.1704000,-0.4354000,8.4482000,61.7218000,106.0181000,65.2313000,-28.5230000,-11.2180000,15.7610000,0.000000,0,0,0
13.890,-5.3163000,-0.4139000,8.4422000,61.2640000,104.4464000,65.4221000,-28.2750000,-11.2920000,16.1380000,0.000000,0,0,0
13.900,-5.4539000,-0.3900000,8.4996000,60.4324000,102.4017000,66.1163000,-28.1340000,-10.8480000,15.9740000,0.000000,0,0,0
13.910,-5.5556000,-0.3744000,8.5894000,59.8068000,100.7996000,66.9250000,-28.2740000,-11.4920000,15.2540000,0.000000,0,0,0
13.920,-5.6369000,-0.3720000,8.6540000,59.9518000,100.1053000,67.5354000,-27.7620000,-11.5110000,15.6430000,0.000000,0,0,0
13.930,-5.7075000,-0.3685000,8.6695000,60.7986000,100.4791000,67.8329000,-27.6390000,-11.4590000,15.7500000,0.000000,0,0,0
13.940,-5.7721000,-0.3589000,8.6396000,61.9354000,101.8753000,67.8558000,-27.4260000,-11.4740000,15.5060000,0.000000,0,0,0
13.950,-5.8917000,-0.3517000,8.5343000,63.7283000,104.7058000,67.7948000,-27.1750000,-11.5460000,16.0070000,0.000000,0,0,0
13.960,-5.9886000,-0.3433000,8.4518000,64.7888000,106.0562000,68.0466000,-26.8970000,-11.4760000,16.1050000,0.000000,0,0,0
13.970,-6.0783000,-0.3218000,8.3764000,65.6281000,106.7276000,68.6188000,-26.3710000,-11.4720000,16.5110000,0.000000,0,0,0
13.980,-6.1537000,-0.2931000,8.3190000,66.3300000,106.8573000,69.3207000,-26.3880000,-11.3310000,16.0740000,0.000000,0,0,0
13.990,-6.1980000,-0.2548000,8.2831000,66.9479000,106.7505000,69.9615000,-25.8100000,-11.4970000,16.3540000,0.000000,0,0,0
14.000,-6.2219000,-0.2141000,8.2544000,67.4820000,106.8497000,70.2362000,-25.8530000,-11.1810000,16.6860000,0.000000,0,0,0
14.010,-6.2482000,-0.1818000,8.2137000,67.8940000,107.3380000,70.0836000,-25.5480000,-11.1410000,16.6840000,0.000000,0,0,0
14.020,-6.2877000,-0.1663000,8.1419000,68.2297000,107.9254000,69.7327000,-25.3690000,-10.7160000,16.1610000,0.000000,0,0,0
14.030,-6.3332000,-0.1615000,8.0403000,68.4433000,108.0475000,69.3893000,-25.3020000,-10.7000000,15.8760000,0.000000,0,0,0
14.040,-6.4001000,-0.1448000,7.9051000,68.2220000,107.2083000,69.1376000,-24.7880000,-11.0320000,16.7140000,0.000000,0,0,0
14.050,-6.4970000,-0.1244000,7.7508000,67.1158000,105.0873000,69.1681000,-24.6670000,-10.8520000,16.6210000,0.000000,0,0,0
14.060,-6.5892000,-0.1196000,7.6240000,65.1855000,101.9821000,69.4580000,-24.5550000,-10.8340000,16.4540000,0.000000,0,0,0
14.070,-6.6310000,-0.1113000,7.5725000,62.8586000,98.9532000,69.6030000,-23.9180000,-10.8770000,16.8460000,0.000000,0,0,0
14.080,-6.6262000,-0.0945000,7.5893000,60.7529000,97.2290000,69.0079000,-23.9510000,-10.8890000,16.1180000,0.000000,0,0,0
14.090,-6.6394000,-0.0813000,7.6084000,59.4101000,97.5113000,67.3370000,-23.6310000,-10.8120000,16.2360000,0.000000,0,0,0
14.100,-6.6873000,-0.0993000,7.5940000,58.8913000,99.5789000,64.6744000,-23.7030000,-10.8770000,16.7420000,0.000000,0,0,0
14.110,-6.7519000,-0.1041000,7.5031000,58.5098000,102.5543000,61.4166000,-23.2460000,-10.8060000,16.6180000,0.000000,0,0,0
14.120,-6.8344000,-0.0813000,7.3356000,57.4875000,104.8050000,58.0597000,-22.9720000,-11.2060000,17.4530000,0.000000,0,0,0
14.130,-6.9492000,-0.0287000,7.1741000,55.4199000,104.8431000,55.1147000,-22.7570000,-11.2270000,16.3180000,0.000000,0,0,0
14.140,-7.1036000,0.0311000,7.1072000,52.4139000,102.4017000,53.0777000,-22.5810000,-11.3890000,17.2030000,0.000000,0,0,0
14.150,-7.2591000,0.0502000,7.1478000,49.3164000,98.3429000,52.1240000,-22.6110000,-11.1170000,16.5700000,0.000000,0,0,0
14.160,-7.3787000,0.0371000,7.2447000,47.2946000,93.9713000,52.1088000,-22.6610000,-11.2390000,16.8330000,0.000000,0,0,0
14.170,-7.4613000,-0.0144000,7.3404000,46.8063000,90.6219000,52.6810000,-22.3200000,-10.8810000,17.3150000,0.000000,0,0,0
14.180,-7.5031000,-0.0742000,7.3835000,47.5235000,88.9359000,53.4515000,-21.9890000,-11.3120000,17.1880000,0.000000,0,0,0
14.190,-7.5151000,-0.1268000,7.3560000,48.7823000,88.8138000,54.1153000,-21.8050000,-11.1340000,16.9640000,0.000000,0,0,0
14.200,-7.5462000,-0.1687000,7.2722000,49.9420000,89.4699000,54.7409000,-21.7650000,-11.2590000,16.8770000,0.000000,0,0,0
14.210,-7.6323000,-0.2141000,7.1849000,50.7507000,89.8132000,55.5801000,-21.8120000,-11.1120000,17.1270000,0.000000,0,0,0
14.220,-7.7352000,-0.2440000,7.1442000,51.2390000,89.3021000,56.8466000,-21.7610000,-11.4060000,17.2680000,0.000000,0,0,0
14.230,-7.8034000,-0.2428000,7.1706000,51.6663000,88.2492000,58.4183000,-21.0310000,-11.2410000,17.5000000,0.000000,0,0,0
14.240,-7.8142000,-0.2261000,7.2340000,52.4216000,87.4863000,59.8602000,-21.4030000,-11.3630000,17.4520000,0.000000,0,0,0
14.250,-7.8046000,-0.2213000,7.2734000,53.7186000,87.6694000,60.7910000,-21.2230000,-11.1320000,17.7550000,0.000000,0,0,0
14.260,-7.7974000,-0.2345000,7.2603000,55.4581000,88.9664000,61.1725000,-20.8090000,-11.0610000,18.0220000,0.000000,0,0,0
14.270,-7.7878000,-0.2476000,7.1993000,57.2891000,90.9653000,61.1649000,-20.6460000,-11.1850000,18.2150000,0.000000,0,0,0
14.280,-7.7950000,-0.2668000,7.0988000,58.7997000,93.2007000,60.9512000,-20.2220000,-10.8960000,17.8470000,0.000000,0,0,0
14.290,-7.8441000,-0.2895000,6.9732000,59.8221000,95.1843000,60.8826000,-20.1910000,-10.9500000,17.7300000,0.000000,0,0,0
14.300,-7.9398000,-0.2967000,6.8356000,60.4401000,96.2753000,61.4624000,-19.8750000,-10.9930000,17.6980000,0.000000,0,0,0
14.310,-8.0546000,-0.2763000,6.7124000,60.5927000,95.9473000,62.8510000,-19.5500000,-10.9180000,17.3260000,0.000000,0,0,0
14.320,-8.1407000,-0.2309000,6.6239000,60.2036000,94.4824000,64.7659000,-19.6220000,-10.7810000,17.5470000,0.000000,0,0,0
14.330,-8.1695000,-0.1902000,6.5652000,59.5398000,92.6437000,66.6733000,-19.4390000,-11.0000000,17.9640000,0.000000,0,0,0
14.340,-8.1396000,-0.1651000,6.5090000,59.0515000,90.9958000,68.1000000,-19.2520000,-10.7480000,17.3530000,0.000000,0,0,0
14.350,-8.0869000,-0.1615000,6.4145000,58.7769000,89.7827000,68.8171000,-19.0550000,-11.3260000,17.3860000,0.000000,0,0,0
14.360,-8.0474000,-0.1806000,6.2817000,58.3725000,89.0732000,68.9240000,-19.2140000,-11.0410000,18.0360000,0.000000,0,0,0
14.370,-8.0474000,-0.2165000,6.1370000,57.5714000,88.6765000,68.6874000,-18.5810000,-10.8940000,17.8260000,0.000000,0,0,0
14.380,-8.0893000,-0.2512000,6.0353000,56.4575000,88.3484000,68.3289000,-18.3290000,-10.8560000,18.4770000,0.000000,0,0,0
14.390,-8.1563000,-0.2500000,6.0018000,55.3818000,88.0051000,67.9932000,-18.3700000,-10.9620000,17.9170000,0.000000,0,0,0
14.400,-8.2185000,-0.2034000,6.0425000,54.6799000,87.7686000,67.7032000,-18.2840000,-10.7030000,17.6880000,0.000000,0,0,0
14.410,-8.2472000,-0.1448000,6.1154000,54.6112000,87.8830000,67.3218000,-18.0130000,-10.7760000,17.1310000,0.000000,0,0,0
14.420,-8.2544000,-0.0981000,6.1465000,55.2292000,88.4171000,66.7267000,-17.7830000,-11.1050000,17.9400000,0.000000,0,0,0
14.430,-8.2688000,-0.0837000,6.0987000,56.1371000,89.0274000,66.0172000,-17.6100000,-10.9170000,16.5600000,0.000000,0,0,0
14.440,-8.3094000,-0.0885000,5.9862000,56.7322000,89.3097000,65.3152000,-17.5130000,-10.7840000,17.2970000,0.000000,0,0,0
14.450,-8.3884000,-0.1136000,5.8510000,56.5872000,89.0121000,64.7812000,-17.0090000,-11.1120000,16.8570000,0.000000,0,0,0
14.460,-8.4960000,-0.1471000,5.7494000,55.8548000,88.0966000,64.5447000,-17.4720000,-10.8220000,16.4760000,0.000000,0,0,0
14.470,-8.5917000,-0.1675000,5.7278000,54.9927000,87.0132000,64.4226000,-17.0580000,-10.8800000,16.3080000,0.000000,0,0,0
14.480,-8.6575000,-0.1699000,5.7709000,54.4434000,86.1130000,64.1479000,-17.0490000,-10.6920000,16.9630000,0.000000,0,0,0
14.490,-8.7102000,-0.1555000,5.8164000,54.3900000,85.3119000,63.7436000,-16.8380000,-10.8180000,16.9470000,0.000000,0,0,0
14.500,-8.7509000,-0.1280000,5.8199000,54.6265000,84.2590000,63.4003000,-16.5180000,-11.1510000,16.8340000,0.000000,0,0,0
14.510,-8.7736000,-0.0837000,5.7685000,54.7562000,82.5577000,63.2706000,-16.6410000,-10.9000000,16.3370000,0.000000,0,0,0
14.520,-8.7832000,-0.0347000,5.6824000,54.4205000,80.2231000,63.3392000,-16.5930000,-11.0540000,16.2900000,0.000000,0,0,0
14.530,-8.7736000,0.0167000,5.6154000,53.5965000,77.8503000,63.3926000,-16.4870000,-11.1490000,16.8490000,0.000000,0,0,0
14.540,-8.7628000,0.0562000,5.5998000,52.6199000,75.9811000,63.1714000,-16.2150000,-10.9820000,16.8540000,0.000000,0,0,0
14.550,-8.8083000,0.0694000,5.6345000,51.5060000,74.3866000,62.4237000,-15.9240000,-10.9780000,17.4840000,0.000000,0,0,0
14.560,-8.8669000,0.0395000,5.6728000,51.1703000,74.0509000,61.9888000,-16.1450000,-10.9630000,17.7460000,0.000000,0,0,0
14.570,-8.9064000,-0.0167000,5.7159000,51.2848000,74.1196000,61.7065000,-15.9470000,-10.8140000,17.6880000,0.000000,0,0,0
14.580,-8.9088000,-0.0873000,5.7398000,51.9257000,74.5850000,61.4166000,-15.6100000,-10.8210000,17.0510000,0.000000,0,0,0
14.590,-8.8992000,-0.1531000,5.7123000,52.9404000,75.5463000,60.9436000,-15.7730000,-10.8840000,16.4760000,0.000000,0,0,0
14.600,-8.9231000,-0.2070000,5.6333000,53.9780000,76.8661000,60.3638000,-15.4140000,-10.8760000,16.6860000,0.000000,0,0,0
14.610,-9.0212000,-0.2393000,5.5364000,54.8706000,78.1631000,60.0433000,-15.4950000,-10.9280000,17.1580000,0.000000,0,0,0
14.620,-9.1588000,-0.2476000,5.4754000,55.7938000,79.0024000,60.3333000,-15.5480000,-10.4710000,17.1310000,0.000000,0,0,0
14.630,-9.2653000,-0.2464000,5.4718000,56.9992000,79.2694000,61.1649000,-14.9810000,-10.5980000,16.8510000,0.000000,0,0,0
14.640,-9.2760000,-0.2464000,5.5053000,58.6853000,79.2007000,62.0346000,-15.1160000,-11.0360000,16.7260000,0.000000,0,0,0
14.650,-9.1947000,-0.2560000,5.5233000,60.7376000,79.1550000,62.3627000,-14.9650000,-11.0790000,16.8490000,0.000000,0,0,0
14.660,-9.0511000,-0.2775000,5.4802000,62.8281000,79.3915000,61.8668000,-14.7940000,-10.7990000,17.2590000,0.000000,0,0,0
14.670,-8.9136000,-0.2979000,5.3534000,64.5905000,79.8416000,60.6308000,-14.5260000,-10.8830000,17.2260000,0.000000,0,0,0
14.680,-8.8478000,-0.3039000,5.1680000,65.7730000,80.0858000,59.1278000,-14.6970000,-10.8240000,17.2840000,0.000000,0,0,0
14.690,-8.8741000,-0.2692000,4.9897000,66.1774000,79.6127000,57.8995000,-14.6540000,-10.8450000,17.2220000,0.000000,0,0,0
14.700,-8.9590000,-0.1854000,4.8904000,65.8188000,78.3615000,57.1899000,-14.6050000,-11.0410000,16.8400000,0.000000,0,0,0
14.710,-9.0762000,-0.0766000,4.8892000,64.9872000,77.0340000,56.9305000,-14.4190000,-10.7900000,16.6600000,0.000000,0,0,0
14.720,-9.2007000,0.0156000,4.9658000,64.2548000,76.1871000,57.0374000,-14.3670000,-10.8520000,16.8630000,0.000000,0,0,0
14.730,-9.3095000,0.0646000,5.0699000,64.1632000,75.9430000,57.4722000,-14.1160000,-10.7940000,16.4970000,0.000000,0,0,0
14.740,-9.4040000,0.0885000,5.1417000,64.7583000,76.2177000,58.2047000,-14.3130000,-10.7690000,16.3750000,0.000000,0,0,0
14.750,-9.4949000,0.0993000,5.1464000,65.5746000,76.8127000,59.1583000,-14.1400000,-10.4160000,16.4830000,0.000000,0,0,0
14.760,-9.5524000,0.1077000,5.0890000,66.2079000,77.3621000,60.2112000,-13.7970000,-10.3870000,16.7320000,0.000000,0,0,0
14.770,-9.5619000,0.1113000,4.9802000,66.4978000,77.7283000,61.1725000,-13.7270000,-10.3670000,16.6190000,0.000000,0,0,0
14.780,-9.5320000,0.0885000,4.8378000,66.3986000,77.9419000,61.8515000,-13.4800000,-10.3850000,16.2690000,0.000000,0,0,0
14.790,-9.4830000,0.0455000,4.6895000,65.8188000,78.0182000,62.2406000,-13.4340000,-10.3530000,16.7220000,0.000000,0,0,0
14.800,-9.4232000,-0.0048000,4.5662000,64.8193000,77.9419000,62.4008000,-13.2850000,-10.5700000,16.5710000,0.000000,0,0,0
14.810,-9.3586000,-0.0490000,4.4669000,63.4995000,77.9114000,62.3322000,-13.1750000,-10.1000000,16.5860000,0.000000,0,0,0
14.820,-9.3203000,-0.0790000,4.3832000,61.9202000,78.0334000,62.0346000,-13.1750000,-10.1870000,16.5650000,0.000000,0,0,0
14.830,-9.3083000,-0.1017000,4.3222000,60.1807000,78.1784000,61.5387000,-12.7710000,-10.3050000,16.4810000,0.000000,0,0,0
14.840,-9.3107000,-0.1065000,4.2911000,58.3115000,77.9724000,60.8902000,-13.0000000,-10.5360000,16.8490000,0.000000,0,0,0
14.850,-9.3239000,-0.0981000,4.2803000,56.3126000,77.2324000,60.1883000,-12.9290000,-10.6440000,17.1750000,0.000000,0,0,0
14.860,-9.3466000,-0.0885000,4.2863000,54.2297000,76.1795000,59.5245000,-12.7030000,-10.6470000,16.9350000,0.000000,0,0,0
14.870,-9.3526000,-0.0778000,4.3102000,52.3529000,75.2182000,58.8837000,-12.9500000,-10.4500000,17.2240000,0.000000,0,0,0
14.880,-9.3299000,-0.0586000,4.3557000,51.0483000,74.6841000,58.1055000,-12.6800000,-11.0270000,17.2680000,0.000000,0,0,0
14.890,-9.2880000,-0.0395000,4.4167000,50.5066000,74.8062000,56.9077000,-12.5570000,-10.9750000,17.3100000,0.000000,0,0,0
14.900,-9.2617000,-0.0251000,4.4586000,50.6592000,75.6683000,55.1910000,-12.2670000,-10.7050000,17.3160000,0.000000,0,0,0
14.910,-9.3035000,-0.0263000,4.4478000,51.1932000,77.0187000,53.3295000,-12.2770000,-10.7230000,16.8900000,0.000000,0,0,0
14.920,-9.4244000,-0.0479000,4.3964000,51.8265000,78.1708000,51.9485000,-12.2910000,-10.5710000,17.0490000,0.000000,0,0,0
14.930,-9.5906000,-0.0873000,4.3461000,52.5055000,78.6743000,51.3992000,-12.1120000,-10.8010000,16.6620000,0.000000,0,0,0
14.940,-9.7533000,-0.1316000,4.3078000,53.3142000,78.6057000,51.6357000,-11.8610000,-10.6720000,16.5720000,0.000000,0,0,0
14.950,-9.8682000,-0.1687000,4.2708000,54.2679000,78.1784000,52.3911000,-11.8650000,-10.4880000,16.7190000,0.000000,0,0,0
14.960,-9.9041000,-0.1926000,4.2265000,55.2521000,77.7054000,53.3066000,-12.0440000,-11.1720000,16.8970000,0.000000,0,0,0
14.970,-9.8778000,-0.1950000,4.1547000,56.0608000,77.5070000,53.9017000,-11.6260000,-11.0750000,17.5560000,0.000000,0,0,0
14.980,-9.8371000,-0.1782000,4.0590000,56.4651000,77.5528000,53.9856000,-11.8790000,-10.9270000,16.4800000,0.000000,0,0,0
14.990,-9.8490000,-0.1687000,3.9693000,56.3889000,77.3849000,53.8177000,-11.7180000,-10.8950000,16.5830000,0.000000,0,0,0
15.000,-9.9495000,-0.1830000,3.9490000,56.0303000,76.4465000,53.9474000,-11.4590000,-10.9860000,17.1060000,0.000000,0,0,0
15.010,-10.1003000,-0.2022000,4.0339000,55.8548000,74.4858000,54.8553000,-11.5190000,-10.8810000,16.5760000,0.000000,0,0,0
15.020,-10.2247000,-0.2153000,4.2169000,56.2897000,71.8460000,56.5338000,-11.3460000,-10.7730000,17.6740000,0.000000,0,0,0
15.030,-10.2654000,-0.2249000,4.4203000,57.4799000,69.2368000,58.5480000,-11.3230000,-10.9510000,16.8430000,0.000000,0,0,0
15.040,-10.2247000,-0.2393000,4.5471000,59.1888000,67.0471000,60.3943000,-11.0820000,-10.5430000,16.6950000,0.000000,0,0,0
15.050,-10.1290000,-0.2751000,4.5292000,60.9512000,65.2771000,61.7752000,-11.2530000,-10.8300000,16.7600000,0.000000,0,0,0
15.060,-10.0201000,-0.3134000,4.3665000,62.3016000,63.7894000,62.6144000,-11.0790000,-10.6190000,17.1940000,0.000000,0,0,0
15.070,-9.9220000,-0.3338000,4.1284000,62.8128000,62.5687000,62.9501000,-11.2240000,-10.6490000,16.3860000,0.000000,0,0,0
15.080,-9.8562000,-0.3230000,3.8903000,62.4008000,61.6913000,62.9272000,-11.0300000,-10.8080000,16.5170000,0.000000,0,0,0
15.090,-9.8359000,-0.2716000,3.7013000,61.2411000,61.1420000,62.7899000,-10.8160000,-10.8510000,17.1150000,0.000000,0,0,0
15.100,-9.8706000,-0.1998000,3.6140000,59.6390000,60.7147000,62.8281000,-11.2270000,-10.8750000,16.4890000,0.000000,0,0,0
15.110,-9.9304000,-0.1268000,3.6475000,58.1055000,60.2264000,63.2477000,-11.1430000,-10.8420000,16.0560000,0.000000,0,0,0
15.120,-9.9723000,-0.0682000,3.7707000,57.1747000,59.5627000,63.9877000,-11.1560000,-10.7180000,15.7490000,0.000000,0,0,0
15.130,-9.9747000,-0.0371000,3.8951000,57.0221000,58.8226000,64.8270000,-11.1260000,-10.6520000,16.5010000,0.000000,0,0,0
15.140,-9.9292000,-0.0455000,3.9298000,57.4493000,58.2428000,65.3610000,-11.0870000,-10.7640000,16.5300000,0.000000,0,0,0
15.150,-9.8646000,-0.0861000,3.8640000,58.0368000,57.9758000,65.2847000,-11.2820000,-10.6790000,16.2610000,0.000000,0,0,0
15.160,-9.8215000,-0.1471000,3.7492000,58.4641000,57.9453000,64.6133000,-11.1630000,-10.7180000,16.6210000,0.000000,0,0,0
15.170,-9.8239000,-0.2177000,3.6164000,58.6166000,57.8537000,63.2324000,-10.8860000,-10.7780000,16.0980000,0.000000,0,0,0
15.180,-9.8574000,-0.2213000,3.5925000,58.4793000,57.7087000,62.5153000,-11.0430000,-10.7990000,16.5250000,0.000000,0,0,0
15.190,-9.9029000,-0.1926000,3.6188000,58.2428000,57.5790000,62.1490000,-10.8590000,-10.6640000,16.8230000,0.000000,0,0,0
15.200,-9.9471000,-0.1591000,3.6810000,58.1055000,57.5027000,62.1109000,-10.8830000,-10.7030000,16.1740000,0.000000,0,0,0
15.210,-9.9878000,-0.1519000,3.7623000,58.3038000,57.3196000,62.3093000,-10.7850000,-10.9200000,16.8430000,0.000000,0,0,0
15.220,-10.0010000,-0.1806000,3.8341000,58.9523000,56.8085000,62.5839000,-10.7070000,-10.4110000,17.2750000,0.000000,0,0,0
15.230,-9.9735000,-0.2201000,3.8509000,59.8068000,55.9769000,62.7136000,-11.0200000,-10.2790000,16.3400000,0.000000,0,0,0
15.240,-9.9244000,-0.2524000,3.7982000,60.3561000,54.9316000,62.5916000,-10.8900000,-10.6380000,16.2400000,0.000000,0,0,0
15.250,-9.8706000,-0.2656000,3.7145000,60.3943000,53.7796000,62.2330000,-10.9530000,-10.4490000,16.4170000,0.000000,0,0,0
15.260,-9.8263000,-0.2500000,3.6618000,60.1425000,52.6199000,61.7218000,-10.5460000,-10.4290000,16.3690000,0.000000,0,0,0
15.270,-9.7892000,-0.2094000,3.6678000,59.9136000,51.7807000,61.0886000,-10.8900000,-10.7030000,16.7610000,0.000000,0,0,0
15.280,-9.7521000,-0.1699000,3.6929000,59.9899000,51.5366000,60.3485000,-10.7220000,-10.7210000,17.0660000,0.000000,0,0,0
15.290,-9.7103000,-0.1436000,3.6882000,60.3485000,51.9333000,59.5245000,-10.8390000,-10.3710000,16.5900000,0.000000,0,0,0
15.300,-9.6612000,-0.1280000,3.6116000,60.6461000,52.9175000,58.6319000,-11.2180000,-10.5580000,16.5460000,0.000000,0,0,0
15.310,-9.6241000,-0.1172000,3.4716000,60.3714000,54.2221000,57.7164000,-10.8780000,-10.7410000,16.5770000,0.000000,0,0,0
15.320,-9.6241000,-0.1125000,3.3353000,59.2575000,55.3970000,56.8314000,-10.7500000,-10.7780000,16.3490000,0.000000,0,0,0
15.330,-9.6947000,-0.1136000,3.2623000,57.4799000,56.0989000,56.2057000,-10.6230000,-10.5280000,16.2360000,0.000000,0,0,0
15.340,-9.8275000,-0.1113000,3.3077000,55.4504000,56.1218000,56.1371000,-10.7180000,-10.7530000,16.4970000,0.000000,0,0,0
15.350,-9.9902000,-0.1053000,3.4800000,53.7491000,55.4886000,56.7169000,-10.8170000,-10.7660000,16.3330000,0.000000,0,0,0
15.360,-10.1230000,-0.1017000,3.7240000,53.0090000,54.4968000,57.8079000,-10.8390000,-10.8310000,16.6080000,0.000000,0,0,0
15.370,-10.1948000,-0.1017000,3.9370000,53.4439000,53.5660000,59.0363000,-10.8390000,-10.6300000,16.7830000,0.000000,0,0,0
15.380,-10.2079000,-0.1184000,4.0327000,54.7638000,52.8336000,60.1807000,-10.9540000,-10.6870000,16.9170000,0.000000,0,0,0
15.390,-10.1720000,-0.1495000,3.9968000,56.3736000,52.2232000,61.1115000,-10.7660000,-10.5280000,16.0380000,0.000000,0,0,0
15.400,-10.1146000,-0.1771000,3.8772000,57.6706000,51.8036000,61.7065000,-10.4730000,-10.7580000,15.6200000,0.000000,0,0,0
15.410,-10.0536000,-0.1842000,3.7432000,58.3420000,51.6052000,61.9888000,-10.7830000,-10.3570000,16.2540000,0.000000,0,0,0
15.420,-9.9974000,-0.1687000,3.6571000,58.4488000,51.5518000,62.0270000,-10.8770000,-10.8410000,15.8680000,0.000000,0,0,0
15.430,-9.9651000,-0.1400000,3.6439000,58.2352000,51.5137000,61.9278000,-10.8780000,-10.7910000,16.9790000,0.000000,0,0,0
15.440,-9.9591000,-0.1065000,3.7013000,58.0139000,51.3458000,61.8668000,-10.7410000,-10.8330000,16.8240000,0.000000,0,0,0
15.450,-9.9663000,-0.0825000,3.7922000,58.0978000,50.9033000,62.0346000,-11.1900000,-10.6300000,16.3140000,0.000000,0,0,0
15.460,-9.9651000,-0.0658000,3.8784000,58.5709000,50.1251000,62.4008000,-11.2750000,-10.5790000,16.3510000,0.000000,0,0,0
15.470,-9.9316000,-0.0574000,3.9322000,59.3109000,49.1486000,62.6755000,-10.6720000,-10.8210000,16.2590000,0.000000,0,0,0
15.480,-9.8778000,-0.0670000,3.9178000,60.1120000,48.1262000,62.6450000,-10.7160000,-10.5350000,16.4400000,0.000000,0,0,0
15.490,-9.8215000,-0.0933000,3.8269000,60.6461000,46.9589000,62.2711000,-11.1770000,-10.4010000,16.8340000,0.000000,0,0,0
15.500,-9.7725000,-0.1208000,3.7025000,60.6232000,45.5933000,61.6074000,-11.3040000,-10.1410000,16.4580000,0.000000,0,0,0
15.510,-9.7474000,-0.1328000,3.6116000,59.9213000,44.0063000,60.7529000,-11.2120000,-10.3280000,16.7370000,0.000000,0,0,0
15.520,-9.7629000,-0.1280000,3.6080000,58.7463000,42.2974000,59.8526000,-11.4240000,-10.5120000,17.0910000,0.000000,0,0,0
15.530,-9.8215000,-0.1244000,3.6917000,57.5943000,40.4892000,59.1431000,-11.2890000,-10.4700000,17.3080000,0.000000,0,0,0
15.540,-9.9089000,-0.1220000,3.8150000,56.8848000,38.5666000,58.8608000,-11.1510000,-10.7850000,17.5360000,0.000000,0,0,0
15.550,-9.9962000,-0.1208000,3.9155000,56.6483000,36.3007000,59.2346000,-11.4960000,-10.5210000,17.0880000,0.000000,0,0,0
15.560,-10.0381000,-0.1220000,3.9657000,56.6254000,33.4702000,60.2188000,-11.7240000,-10.4110000,17.9330000,0.000000,0,0,0
15.570,-9.9890000,-0.1220000,3.9693000,56.5796000,30.5176000,61.3403000,-11.6490000,-10.5880000,17.4820000,0.000000,0,0,0
15.580,-9.8658000,-0.1232000,3.9382000,56.3431000,28.2059000,61.9202000,-11.6860000,-10.5680000,17.7700000,0.000000,0,0,0
15.590,-9.7246000,-0.1256000,3.8879000,55.8395000,27.0081000,61.5768000,-11.6670000,-10.2470000,17.4920000,0.000000,0,0,0
15.600,-9.6313000,-0.1256000,3.8401000,54.9469000,26.7639000,60.3485000,-11.9730000,-10.5970000,16.7840000,0.000000,0,0,0
15.610,-9.6206000,-0.1340000,3.8353000,53.6346000,26.5656000,58.8226000,-11.8870000,-10.7550000,16.3980000,0.000000,0,0,0
15.620,-9.6756000,-0.1483000,3.9131000,52.1317000,25.3754000,57.5333000,-12.1670000,-10.7420000,16.5060000,0.000000,0,0,0
15.630,-9.7486000,-0.1747000,4.0913000,50.8652000,22.6898000,56.7856000,-12.9690000,-11.0730000,16.6440000,0.000000,0,0,0
15.640,-9.7797000,-0.2022000,4.3342000,50.3235000,18.8599000,56.4651000,-12.8400000,-10.8570000,17.3920000,0.000000,0,0,0
15.650,-9.7438000,-0.2141000,4.5483000,50.6973000,15.0452000,56.2897000,-13.1420000,-10.9080000,17.1120000,0.000000,0,0,0
15.660,-9.6636000,-0.2082000,4.6595000,51.7578000,12.2223000,55.9692000,-13.2690000,-10.9280000,16.7460000,0.000000,0,0,0
15.670,-9.5751000,-0.2010000,4.6476000,53.2074000,10.7040000,55.3589000,-13.3610000,-10.7330000,17.0380000,0.000000,0,0,0
15.680,-9.5165000,-0.1926000,4.5268000,54.6341000,10.3531000,54.6722000,-13.3140000,-10.9160000,16.0880000,0.000000,0,0,0
15.690,-9.4997000,-0.1782000,4.3545000,55.4276000,10.8566000,54.1229000,-13.7580000,-10.9810000,16.8710000,0.000000,0,0,0
15.700,-9.5129000,-0.1627000,4.2193000,55.1834000,11.9629000,53.7415000,-13.9710000,-10.9350000,16.8010000,0.000000,0,0,0
15.710,-9.5308000,-0.1579000,4.1894000,53.9856000,13.3514000,53.5126000,-14.0570000,-10.8490000,16.6520000,0.000000,0,0,0
15.720,-9.5452000,-0.1639000,4.2755000,52.3071000,14.5493000,53.4363000,-14.3900000,-10.9680000,16.3880000,0.000000,0,0,0
15.730,-9.5595000,-0.1854000,4.4502000,50.6058000,15.0604000,53.5126000,-14.5640000,-10.9710000,17.0020000,0.000000,0,0,0
15.740,-9.5679000,-0.2213000,4.6775000,49.2401000,14.6027000,53.7109000,-14.5760000,-11.2270000,17.7230000,0.000000,0,0,0
15.750,-9.5464000,-0.2775000,5.0471000,48.3170000,12.1613000,54.1306000,-14.4690000,-11.1990000,17.6630000,0.000000,0,0,0
15.760,-9.4985000,-0.3015000,5.2673000,48.5611000,10.0708000,54.3671000,-15.1910000,-11.1550000,17.0770000,0.000000,0,0,0
15.770,-9.4315000,-0.3242000,5.4264000,49.5224000,8.2321000,54.4128000,-15.3450000,-11.0940000,18.0550000,0.000000,0,0,0
15.780,-9.3598000,-0.3457000,5.4993000,51.0330000,6.9275000,54.2450000,-15.5360000,-11.2140000,17.1110000,0.000000,0,0,0
15.790,-9.3047000,-0.3697000,5.4922000,52.6199000,6.1417000,53.9398000,-15.8690000,-10.9950000,17.5430000,0.000000,0,0,0
15.800,-9.2808000,-0.3924000,5.4575000,53.8864000,5.5542000,53.6957000,-16.1130000,-11.0530000,16.9410000,0.000000,0,0,0
15.810,-9.2688000,-0.4091000,5.4658000,54.8172000,4.7989000,53.7415000,-15.9480000,-11.2830000,17.0840000,0.000000,0,0,0
15.820,-9.2437000,-0.4127000,5.5400000,55.7327000,3.9291000,54.1382000,-16.4840000,-11.1380000,17.2670000,0.000000,0,0,0
15.830,-9.1851000,-0.3984000,5.6596000,57.0068000,3.3340000,54.8706000,-16.7040000,-10.8770000,17.6580000,0.000000,0,0,0
15.840,-9.0954000,-0.3828000,5.7757000,58.8455000,3.3798000,55.8701000,-16.6190000,-11.0360000,17.1250000,0.000000,0,0,0
15.850,-8.9925000,-0.3828000,5.8319000,61.2564000,3.9444000,57.1213000,-17.0620000,-11.1940000,17.0570000,0.000000,0,0,0
15.860,-8.8992000,-0.3960000,5.7960000,63.8580000,4.4708000,58.5556000,-17.3190000,-10.9920000,17.0320000,0.000000,0,0,0
15.870,-8.8178000,-0.4259000,5.6824000,65.9180000,4.4327000,60.0357000,-17.3510000,-11.0520000,17.4280000,0.000000,0,0,0
15.880,-8.7293000,-0.4677000,5.5484000,66.9098000,3.5934000,61.3556000,-17.5780000,-10.8930000,17.4670000,0.000000,0,0,0
15.890,-8.6109000,-0.5192000,5.4551000,66.8488000,2.1362000,62.2559000,-17.9010000,-10.9000000,17.4850000,0.000000,0,0,0
15.900,-8.4661000,-0.5646000,5.4228000,66.0934000,0.6485000,62.4390000,-18.4790000,-10.9990000,17.4390000,0.000000,0,0,0
15.910,-8.3166000,-0.5790000,5.4503000,64.8880000,-0.5569000,61.7981000,-18.2570000,-10.9570000,17.4130000,0.000000,0,0,0
15.920,-8.2089000,-0.5539000,5.5137000,63.3545000,-1.5717000,60.4782000,-18.7550000,-11.0390000,17.4930000,0.000000,0,0,0
15.930,-8.1671000,-0.4869000,5.5986000,61.4929000,-2.7466000,58.9600000,-19.2250000,-11.2670000,17.2940000,0.000000,0,0,0
15.940,-8.1695000,-0.3708000,5.7207000,59.3262000,-4.3793000,57.7469000,-19.3130000,-10.9740000,16.9260000,0.000000,0,0,0
15.950,-8.1910000,-0.2273000,5.8893000,57.1594000,-6.5994000,57.1365000,-19.7200000,-10.9380000,16.8170000,0.000000,0,0,0
15.960,-8.2006000,-0.1806000,6.0939000,55.5801000,-9.2163000,57.2205000,-20.2590000,-11.0620000,17.1370000,0.000000,0,0,0
15.970,-8.1826000,-0.2261000,6.3009000,55.2216000,-11.2991000,57.5790000,-20.7340000,-11.2080000,17.7120000,0.000000,0,0,0
15.980,-8.1108000,-0.3254000,6.4624000,56.1295000,-11.8256000,57.6782000,-20.4250000,-11.2440000,17.2200000,0.000000,0,0,0
15.990,-8.0283000,-0.4319000,6.5329000,57.6096000,-10.7803000,57.2815000,-20.9240000,-11.0620000,17.0160000,0.000000,0,0,0
16.000,-7.9984000,-0.5240000,6.5066000,58.7997000,-9.1476000,56.7474000,-21.1460000,-11.3850000,16.8270000,0.000000,0,0,0
16.010,-8.0020000,-0.5742000,6.4324000,59.0210000,-8.0490000,56.6864000,-21.5500000,-11.1730000,17.2400000,0.000000,0,0,0
16.020,-7.9637000,-0.5623000,6.3726000,58.0444000,-8.0261000,57.2510000,-21.6470000,-11.3560000,17.6040000,0.000000,0,0,0
16.030,-7.8321000,-0.4893000,6.3535000,55.9998000,-8.8425000,58.0673000,-21.9570000,-11.3080000,17.4430000,0.000000,0,0,0
16.040,-7.6467000,-0.4067000,6.3762000,53.2379000,-9.7198000,58.5632000,-22.1410000,-11.2560000,16.7220000,0.000000,0,0,0
16.050,-7.4804000,-0.3601000,6.4456000,50.2319000,-10.0174000,58.3115000,-22.2330000,-11.3340000,16.6270000,0.000000,0,0,0
16.060,-7.3656000,-0.3625000,6.5593000,47.4472000,-9.4376000,57.3273000,-22.6720000,-11.2500000,16.3080000,0.000000,0,0,0
16.070,-7.3033000,-0.4079000,6.7004000,45.1050000,-8.1863000,55.9464000,-23.0100000,-11.7990000,16.7670000,0.000000,0,0,0
16.080,-7.2782000,-0.4797000,6.8607000,43.1595000,-6.8893000,54.6875000,-23.4270000,-11.6630000,16.2970000,0.000000,0,0,0
16.090,-7.2531000,-0.5539000,7.0438000,41.5344000,-5.9967000,53.8406000,-23.6050000,-11.9790000,17.0560000,0.000000,0,0,0
16.100,-7.1993000,-0.6053000,7.2435000,40.2679000,-5.4703000,53.2532000,-23.6850000,-11.8080000,17.1730000,0.000000,0,0,0
16.110,-7.1179000,-0.6221000,7.4469000,39.4287000,-4.8981000,52.6428000,-24.2550000,-12.0560000,16.8120000,0.000000,0,0,0
16.120,-7.0414000,-0.6065000,7.6335000,39.2075000,-4.1122000,51.9104000,-24.4760000,-12.1700000,16.3780000,0.000000,0,0,0
16.130,-6.9875000,-0.5754000,7.7795000,39.6881000,-3.1891000,51.1780000,-24.6920000,-12.4020000,16.8350000,0.000000,0,0,0
16.140,-6.9552000,-0.5479000,7.8728000,40.7791000,-2.2659000,50.7126000,-25.1230000,-12.2820000,16.3690000,0.000000,0,0,0
16.150,-6.9265000,-0.5479000,7.9194000,42.2058000,-1.3275000,50.6744000,-25.5340000,-12.2270000,15.6320000,0.000000,0,0,0
16.160,-6.8894000,-0.5838000,7.9314000,43.6172000,-0.2060000,50.9720000,-25.4750000,-12.1750000,16.5330000,0.000000,0,0,0
16.170,-6.8440000,-0.6388000,7.9386000,44.7311000,1.1902000,51.3611000,-25.3380000,-12.4610000,16.1450000,0.000000,0,0,0
16.180,-6.7985000,-0.6950000,7.9601000,45.4330000,2.8152000,51.6815000,-25.6800000,-12.3740000,15.7010000,0.000000,0,0,0
16.190,-6.7590000,-0.7405000,8.0115000,45.7840000,4.3564000,51.9638000,-25.9620000,-12.3690000,15.6480000,0.000000,0,0,0
16.200,-6.7172000,-0.7620000,8.1025000,45.8679000,5.3940000,52.3071000,-26.1860000,-12.4930000,16.3330000,0.000000,0,0,0
16.210,-6.6801000,-0.7596000,8.2245000,45.9290000,5.5847000,52.7573000,-26.4900000,-12.4970000,15.6480000,0.000000,0,0,0
16.220,-6.6442000,-0.7345000,8.3573000,46.3486000,4.8828000,53.4058000,-26.8680000,-12.5600000,15.7230000,0.000000,0,0,0
16.230,-6.5916000,-0.7070000,8.4793000,47.4014000,3.5248000,54.3137000,-27.1180000,-12.4520000,16.4150000,0.000000,0,0,0
16.240,-6.5317000,-0.7166000,8.5535000,49.2706000,2.0294000,55.4733000,-27.2080000,-12.4630000,15.8860000,0.000000,0,0,0
16.250,-6.4564000,-0.7680000,8.5511000,51.8646000,0.9308000,56.7398000,-27.3030000,-12.3290000,16.0870000,0.000000,0,0,0
16.260,-6.3523000,-0.8470000,8.4757000,54.7104000,0.3586000,57.8918000,-27.7170000,-12.5570000,15.6700000,0.000000,0,0,0
16.270,-6.2303000,-0.9223000,8.3573000,57.1747000,0.3128000,58.7997000,-27.5860000,-12.4190000,15.0690000,0.000000,0,0,0
16.280,-6.0999000,-0.9606000,8.2412000,58.7616000,0.6332000,59.4864000,-27.9790000,-12.5620000,14.7720000,0.000000,0,0,0
16.290,-5.9707000,-0.9451000,8.1826000,59.2728000,1.0681000,60.0128000,-28.0300000,-12.4480000,14.6920000,0.000000,0,0,0
16.300,-5.8463000,-0.8745000,8.2221000,58.9523000,1.6556000,60.5164000,-28.0060000,-12.6110000,15.0080000,0.000000,0,0,0
16.310,-5.7207000,-0.7836000,8.3537000,58.3496000,2.5635000,60.8673000,-28.3850000,-12.4230000,15.2580000,0.000000,0,0,0
16.320,-5.5950000,-0.7202000,8.5212000,58.1284000,3.9139000,60.8292000,-28.7110000,-12.5140000,15.1870000,0.000000,0,0,0
16.330,-5.4946000,-0.7118000,8.6300000,58.6014000,5.6381000,60.2951000,-28.7930000,-12.3660000,14.5840000,0.000000,0,0,0
16.340,-5.4264000,-0.7513000,8.6372000,59.5703000,7.2250000,59.5627000,-29.0230000,-12.3600000,14.4880000,0.000000,0,0,0
16.350,-5.3905000,-0.8207000,8.5571000,60.5774000,8.1024000,58.9828000,-29.0500000,-12.3870000,14.4400000,0.000000,0,0,0
16.360,-5.3103000,-0.9056000,8.4422000,61.3022000,8.1940000,58.6090000,-29.2680000,-12.4690000,14.4100000,0.000000,0,0,0
16.370,-5.2242000,-0.9056000,8.4578000,61.2030000,8.5449000,58.5098000,-29.6360000,-12.3280000,14.2300000,0.000000,0,0,0
16.380,-5.1512000,-0.8817000,8.5331000,61.1343000,9.6283000,58.4564000,-29.7710000,-12.4210000,13.9850000,0.000000,0,0,0
16.390,-5.1201000,-0.8530000,8.6193000,61.5692000,11.0703000,58.6700000,-29.5590000,-12.4520000,14.2970000,0.000000,0,0,0
16.400,-5.1070000,-0.8135000,8.7042000,62.5534000,12.3291000,59.3567000,-29.8930000,-12.6080000,14.2250000,0.000000,0,0,0
16.410,-5.0782000,-0.7800000,8.7939000,63.8657000,13.1836000,60.4019000,-30.5490000,-12.6710000,13.8720000,0.000000,0,0,0
16.420,-5.0208000,-0.7943000,8.8824000,65.4678000,14.0457000,61.4014000,-30.7800000,-12.3350000,14.0060000,0.000000,0,0,0
16.430,-4.9311000,-0.8661000,8.9554000,67.4362000,15.5945000,61.9354000,-30.5490000,-12.7280000,13.9540000,0.000000,0,0,0
16.440,-4.8246000,-0.9702000,8.9829000,69.6106000,18.0130000,61.8744000,-30.7890000,-12.3080000,13.7050000,0.000000,0,0,0
16.450,-4.7457000,-1.0707000,8.9566000,71.5942000,20.7062000,61.4929000,-30.9370000,-12.3480000,14.0030000,0.000000,0,0,0
16.460,-4.7074000,-1.1149000,8.9159000,73.0209000,22.7356000,61.2411000,-31.0670000,-12.1770000,14.3370000,0.000000,0,0,0
16.470,-4.7026000,-1.0791000,8.9052000,73.6542000,23.5596000,61.4166000,-30.9710000,-12.0020000,14.2240000,0.000000,0,0,0
16.480,-4.7265000,-0.9953000,8.9339000,73.5550000,23.1628000,61.9507000,-31.1080000,-11.8230000,13.7160000,0.000000,0,0,0
16.490,-4.7660000,-0.8972000,8.9853000,73.1583000,21.9955000,62.6526000,-31.3380000,-11.9380000,13.4940000,0.000000,0,0,0
16.500,-4.8079000,-0.8099000,9.0392000,72.9675000,20.6680000,63.3621000,-31.3520000,-12.0530000,14.0850000,0.000000,0,0,0
16.510,-4.8282000,-0.7333000,9.0715000,73.2956000,19.6838000,64.0945000,-31.5530000,-11.6450000,14.0600000,0.000000,0,0,0
16.520,-4.7768000,-0.6627000,9.0774000,74.0280000,19.2184000,64.8956000,-31.5720000,-11.3900000,13.7480000,0.000000,0,0,0
16.530,-4.6512000,-0.5969000,9.0655000,74.7604000,18.9362000,65.6815000,-31.7290000,-11.2180000,13.8650000,0.000000,0,0,0
16.540,-4.5172000,-0.5503000,9.0739000,75.0198000,18.3334000,66.4520000,-31.7540000,-11.3070000,14.1180000,0.000000,0,0,0
16.550,-4.4095000,-0.5455000,9.1145000,74.6384000,17.1814000,67.3752000,-32.0150000,-11.3960000,14.0860000,0.000000,0,0,0
16.560,-4.2947000,-0.5479000,9.1660000,73.4482000,15.6174000,68.3975000,-31.9790000,-11.4400000,13.3840000,0.000000,0,0,0
16.570,-4.1619000,-0.5503000,9.2042000,71.4569000,13.9236000,68.9392000,-32.3130000,-11.5660000,13.1370000,0.000000,0,0,0
16.580,-4.0243000,-0.5467000,9.2162000,69.2062000,12.3291000,68.3975000,-32.6320000,-11.3610000,13.5740000,0.000000,0,0,0
16.590,-3.8903000,-0.5120000,9.1911000,67.1844000,11.0016000,66.7877000,-32.7130000,-11.0980000,13.3920000,0.000000,0,0,0
16.600,-3.7599000,-0.4366000,9.1289000,65.2771000,10.2692000,64.5218000,-32.4650000,-11.2450000,13.8110000,0.000000,0,0,0
16.610,-3.6080000,-0.3362000,9.0571000,62.9654000,10.5667000,61.9354000,-32.8570000,-11.3650000,13.1280000,0.000000,0,0,0
16.620,-3.4764000,-0.2488000,9.0093000,60.0967000,11.7722000,59.1965000,-33.0360000,-11.5590000,12.9580000,0.000000,0,0,0
16.630,-3.4262000,-0.2129000,9.0152000,57.0374000,13.3057000,56.7627000,-33.4470000,-11.2820000,12.8730000,0.000000,0,0,0
16.640,-3.4621000,-0.2369000,9.0990000,54.5044000,14.4958000,55.0690000,-33.4120000,-11.5920000,12.2920000,0.000000,0,0,0
16.650,-3.5506000,-0.3027000,9.2473000,53.2303000,15.0375000,54.3060000,-33.5280000,-11.4070000,12.2380000,0.000000,0,0,0
16.660,-3.6403000,-0.3720000,9.4268000,53.5126000,15.0604000,54.3976000,-34.1000000,-11.3560000,12.6270000,0.000000,0,0,0
16.670,-3.7097000,-0.4175000,9.5871000,55.0003000,15.0375000,55.0308000,-33.9580000,-11.2770000,12.4450000,0.000000,0,0,0
16.680,-3.7205000,-0.4187000,9.6947000,57.0755000,15.2817000,55.9235000,-33.9800000,-11.3140000,11.8840000,0.000000,0,0,0
16.690,-3.6583000,-0.3828000,9.7210000,59.1965000,15.8005000,56.8466000,-34.1780000,-11.3690000,11.7010000,0.000000,0,0,0
16.700,-3.5434000,-0.3338000,9.6576000,60.9512000,16.3651000,57.6401000,-34.1570000,-11.2260000,11.6740000,0.000000,0,0,0
16.710,-3.4094000,-0.2847000,9.5536000,62.0499000,16.8228000,58.1589000,-34.2830000,-11.2590000,11.6550000,0.000000,0,0,0
16.720,-3.2802000,-0.2524000,9.4638000,62.4924000,17.3111000,58.3191000,-34.2430000,-11.4200000,11.5450000,0.000000,0,0,0
16.730,-3.1809000,-0.2524000,9.4136000,62.4161000,17.7612000,58.0978000,-34.7140000,-11.3390000,11.2060000,0.000000,0,0,0
16.740,-3.1092000,-0.2859000,9.3969000,62.0041000,17.9367000,57.6477000,-34.4690000,-11.1590000,12.1550000,0.000000,0,0,0
16.750,-3.0517000,-0.3457000,9.3897000,61.5158000,17.6620000,57.2128000,-34.6410000,-11.4170000,11.9630000,0.000000,0,0,0
16.760,-2.9967000,-0.4020000,9.3669000,61.0580000,17.1432000,56.9611000,-35.2870000,-11.3610000,11.1760000,0.000000,0,0,0
16.770,-2.9297000,-0.4307000,9.3311000,60.5621000,16.9296000,56.8314000,-35.3630000,-11.2370000,11.1560000,0.000000,0,0,0
16.780,-2.8496000,-0.4247000,9.2868000,59.9365000,17.4179000,56.6635000,-35.2460000,-11.0460000,11.3470000,0.000000,0,0,0
16.790,-2.7957000,-0.3996000,9.2365000,59.2499000,18.0588000,56.5491000,-35.5370000,-11.4830000,11.2360000,0.000000,0,0,0
16.800,-2.7539000,-0.3708000,9.2174000,58.7540000,18.1122000,56.7474000,-35.6760000,-11.1700000,11.4300000,0.000000,0,0,0
16.810,-2.7012000,-0.3553000,9.2342000,58.6853000,17.4179000,57.1899000,-35.8700000,-11.2360000,10.8430000,0.000000,0,0,0
16.820,-2.6474000,-0.3553000,9.2521000,58.9066000,16.2888000,57.5943000,-35.7660000,-11.0590000,10.8200000,0.000000,0,0,0
16.830,-2.5983000,-0.3637000,9.2545000,58.8913000,15.2359000,57.8308000,-35.8370000,-11.3890000,10.3220000,0.000000,0,0,0
16.840,-2.5325000,-0.3768000,9.2700000,58.2199000,14.6561000,57.8766000,-36.1950000,-11.1390000,9.9150000,0.000000,0,0,0
16.850,-2.4392000,-0.3816000,9.3358000,56.9611000,14.8315000,57.7011000,-36.1490000,-11.1060000,9.9310000,0.000000,0,0,0
16.860,-2.3495000,-0.3900000,9.4220000,55.5038000,15.6708000,57.2891000,-36.2860000,-11.0410000,9.8850000,0.000000,0,0,0
16.870,-2.2909000,-0.4091000,9.4973000,54.3671000,16.7770000,56.7932000,-36.5020000,-11.3030000,10.4360000,0.000000,0,0,0
16.880,-2.2395000,-0.4307000,9.5643000,53.8406000,17.8833000,56.4423000,-36.5960000,-11.2450000,9.8090000,0.000000,0,0,0
16.890,-2.1892000,-0.4390000,9.6337000,53.8712000,18.8522000,56.2897000,-36.4980000,-11.1840000,9.8920000,0.000000,0,0,0
16.900,-2.1569000,-0.4331000,9.7103000,54.2068000,19.5618000,56.4194000,-37.0710000,-11.4070000,9.3600000,0.000000,0,0,0
16.910,-2.1342000,-0.4295000,9.7833000,54.6188000,20.2713000,56.8619000,-36.6120000,-11.4490000,9.4040000,0.000000,0,0,0
16.920,-2.1067000,-0.4426000,9.8263000,54.9011000,21.3318000,57.5027000,-36.9150000,-10.9190000,9.3540000,0.000000,0,0,0
16.930,-2.0552000,-0.4582000,9.8227000,54.7562000,22.9111000,58.1436000,-37.4180000,-11.2090000,9.2180000,0.000000,0,0,0
16.940,-1.9823000,-0.4773000,9.7988000,54.0543000,24.9405000,58.5785000,-37.2810000,-11.0430000,9.5610000,0.000000,0,0,0
16.950,-1.8961000,-0.5060000,9.8227000,53.1616000,27.2675000,58.6853000,-37.0540000,-11.1730000,8.8870000,0.000000,0,0,0
16.960,-1.8303000,-0.5359000,9.9017000,52.8107000,29.6860000,58.4641000,-37.4420000,-11.3120000,9.1470000,0.000000,0,0,0
16.970,-1.8064000,-0.5575000,9.9663000,53.3066000,31.7154000,58.1360000,-37.3560000,-11.4560000,9.2780000,0.000000,0,0,0
16.980,-1.7849000,-0.5766000,9.9603000,55.1376000,33.5464000,57.9605000,-37.0860000,-11.4860000,9.9080000,0.000000,0,0,0
16.990,-1.7597000,-0.5790000,9.8849000,56.4804000,34.0347000,58.1131000,-37.1610000,-11.2590000,9.6130000,0.000000,0,0,0
17.000,-1.7442000,-0.5730000,9.7833000,57.3959000,34.0958000,58.4488000,-37.7250000,-11.3730000,9.6070000,0.000000,0,0,0
17.010,-1.7322000,-0.5623000,9.6816000,57.6477000,34.1263000,58.8150000,-37.6430000,-11.5140000,9.3650000,0.000000,0,0,0
17.020,-1.7239000,-0.5515000,9.5918000,57.3425000,34.3170000,59.0820000,-37.5630000,-11.3830000,9.2920000,0.000000,0,0,0
17.030,-1.7095000,-0.5383000,9.5416000,56.7627000,34.4467000,59.2804000,-37.4480000,-11.4040000,9.5790000,0.000000,0,0,0
17.040,-1.6748000,-0.5216000,9.5536000,56.2210000,34.4543000,59.4788000,-37.5730000,-11.1780000,9.1220000,0.000000,0,0,0
17.050,-1.6305000,-0.5072000,9.5930000,55.9921000,34.5154000,59.5932000,-37.8810000,-11.2140000,9.7820000,0.000000,0,0,0
17.060,-1.5935000,-0.5036000,9.6026000,56.0303000,34.7137000,59.6085000,-37.5400000,-10.8570000,8.6280000,0.000000,0,0,0
17.070,-1.5564000,-0.5084000,9.5691000,56.0150000,35.0342000,59.5779000,-37.8970000,-11.1230000,9.0170000,0.000000,0,0,0
17.080,-1.5241000,-0.5192000,9.5081000,55.6107000,35.4080000,59.5398000,-37.7960000,-11.0130000,8.6960000,0.000000,0,0,0
17.090,-1.4978000,-0.5323000,9.4387000,54.7180000,35.7437000,59.4482000,-37.7930000,-11.0540000,8.5570000,0.000000,0,0,0
17.100,-1.4774000,-0.5467000,9.3813000,53.5049000,35.7742000,59.3414000,-37.7900000,-10.8500000,8.1980000,0.000000,0,0,0
17.110,-1.4595000,-0.5623000,9.3598000,52.3529000,35.2707000,59.3338000,-38.1580000,-11.0890000,8.5650000,0.000000,0,0,0
17.120,-1.4272000,-0.5718000,9.3777000,51.5976000,34.4009000,59.4177000,-37.9100000,-11.0350000,8.6280000,0.000000,0,0,0
17.130,-1.3733000,-0.5754000,9.3957000,51.2390000,33.4778000,59.4406000,-38.1010000,-11.2550000,8.5920000,0.000000,0,0,0
17.140,-1.3063000,-0.5862000,9.3885000,50.9949000,32.7606000,59.2957000,-38.0560000,-10.9800000,7.6950000,0.000000,0,0,0
17.150,-1.2394000,-0.6029000,9.3681000,50.6058000,32.4783000,58.9981000,-38.1040000,-11.0140000,7.9000000,0.000000,0,0,0
17.160,-1.1783000,-0.6137000,9.3514000,49.8581000,32.7072000,58.6166000,-38.4880000,-11.1540000,7.7620000,0.000000,0,0,0
17.170,-1.1269000,-0.6221000,9.3454000,48.6679000,33.2260000,58.1894000,-38.5410000,-11.0710000,8.0900000,0.000000,0,0,0
17.180,-1.0922000,-0.6364000,9.3598000,47.2336000,33.8593000,57.7698000,-38.6560000,-11.3240000,7.7400000,0.000000,0,0,0
17.190,-1.0695000,-0.6520000,9.4148000,46.0205000,34.5459000,57.4036000,-38.3860000,-11.2320000,8.0970000,0.000000,0,0,0
17.200,-1.0563000,-0.6675000,9.5332000,45.5933000,35.4309000,57.0450000,-38.4210000,-11.3610000,7.5930000,0.000000,0,0,0
17.210,-1.0635000,-0.6783000,9.6792000,46.3181000,36.6058000,56.7093000,-38.6150000,-11.2470000,7.8040000,0.000000,0,0,0
17.220,-1.0862000,-0.6795000,9.7964000,47.9584000,37.9333000,56.4880000,-38.7100000,-10.8600000,7.3250000,0.000000,0,0,0
17.230,-1.1066000,-0.6735000,9.8622000,49.8962000,39.2990000,56.4499000,-38.5750000,-10.8900000,6.8500000,0.000000,0,0,0
17.240,-1.1066000,-0.6711000,9.8813000,51.5137000,40.7257000,56.5643000,-38.8770000,-11.2000000,7.2440000,0.000000,0,0,0
17.250,-1.0802000,-0.6855000,9.8706000,52.6123000,42.2363000,56.7017000,-38.7840000,-11.2930000,7.5020000,0.000000,0,0,0
17.260,-1.0456000,-0.7178000,9.8371000,53.3142000,43.8232000,56.7703000,-38.8780000,-11.1080000,7.3870000,0.000000,0,0,0
17.270,-1.0121000,-0.7584000,9.7844000,53.8101000,45.2728000,56.7703000,-38.7690000,-10.8620000,7.1970000,0.000000,0,0,0
17.280,-0.9714000,-0.7896000,9.7270000,54.2068000,46.4401000,56.7017000,-39.1010000,-10.9150000,6.9720000,0.000000,0,0,0
17.290,-0.9283000,-0.8051000,9.6696000,54.4510000,47.2412000,56.5109000,-38.7700000,-11.1790000,7.4780000,0.000000,0,0,0
17.300,-0.8972000,-0.7931000,9.6337000,54.3518000,47.5769000,56.2820000,-38.8880000,-11.2340000,7.1440000,0.000000,0,0,0
17.310,-0.8805000,-0.7596000,9.6421000,53.8483000,47.5616000,56.1905000,-39.1270000,-10.9920000,7.6930000,0.000000,0,0,0
17.320,-0.8853000,-0.7309000,9.6887000,53.1082000,47.4319000,56.2744000,-38.9420000,-11.0930000,7.7070000,0.000000,0,0,0
17.330,-0.8972000,-0.7226000,9.7414000,52.3834000,47.3633000,56.5109000,-38.8850000,-11.4310000,7.8290000,0.000000,0,0,0
17.340,-0.9056000,-0.7285000,9.7653000,51.8112000,47.3938000,56.8619000,-38.6340000,-11.1140000,8.0010000,0.000000,0,0,0
17.350,-0.8972000,-0.7441000,9.7653000,51.3992000,47.4777000,57.2968000,-38.9050000,-11.3500000,7.3270000,0.000000,0,0,0
17.360,-0.8613000,-0.7608000,9.7749000,51.2466000,47.5159000,57.7164000,-39.1840000,-11.3280000,7.8910000,0.000000,0,0,0
17.370,-0.8207000,-0.7728000,9.8191000,51.4908000,47.3404000,58.1055000,-38.8020000,-11.3620000,7.6350000,0.000000,0,0,0
17.380,-0.8063000,-0.7788000,9.8837000,52.1469000,46.9131000,58.5098000,-38.8310000,-11.0390000,6.9270000,0.000000,0,0,0
17.390,-0.8123000,-0.7884000,9.9459000,53.1235000,46.3715000,58.9066000,-38.8860000,-11.2890000,7.1690000,0.000000,0,0,0
17.400,-0.8254000,-0.8099000,9.9759000,54.3289000,45.9213000,59.2117000,-38.9800000,-10.8930000,7.1580000,0.000000,0,0,0
17.410,-0.8350000,-0.8422000,9.9651000,55.6107000,45.7840000,59.4330000,-38.8670000,-11.2120000,6.7790000,0.000000,0,0,0
17.420,-0.8314000,-0.8637000,9.9196000,56.7474000,46.0968000,59.5474000,-39.1280000,-10.9060000,7.2730000,0.000000,0,0,0
17.430,-0.8242000,-0.8769000,9.8467000,57.5333000,46.8216000,59.5322000,-39.0020000,-10.9890000,6.7430000,0.000000,0,0,0
17.440,-0.8159000,-0.8793000,9.7773000,57.9300000,47.6532000,59.4940000,-38.9670000,-11.1620000,7.4070000,0.000000,0,0,0
17.450,-0.8051000,-0.8709000,9.7390000,58.0826000,48.2178000,59.5551000,-39.0430000,-11.0070000,6.8010000,0.000000,0,0,0
17.460,-0.7943000,-0.8613000,9.7330000,58.2275000,48.3170000,59.7687000,-39.1710000,-11.0580000,6.7790000,0.000000,0,0,0
17.470,-0.7800000,-0.8482000,9.7486000,58.5709000,48.1796000,60.0815000,-39.0240000,-11.2690000,7.3580000,0.000000,0,0,0
17.480,-0.7561000,-0.8374000,9.7581000,59.0973000,48.1796000,60.3333000,-38.7700000,-11.0930000,7.5020000,0.000000,0,0,0
17.490,-0.7345000,-0.8290000,9.7426000,59.6542000,48.5001000,60.4477000,-38.7870000,-11.0670000,7.2460000,0.000000,0,0,0
17.500,-0.7190000,-0.8195000,9.6947000,60.0052000,49.1409000,60.4477000,-39.0830000,-11.3560000,6.7820000,0.000000,0,0,0
17.510,-0.7022000,-0.8075000,9.6218000,59.9976000,49.9191000,60.3561000,-38.8880000,-11.2830000,7.0220000,0.000000,0,0,0
17.520,-0.6867000,-0.7979000,9.5428000,59.6619000,50.6821000,60.1425000,-39.2740000,-11.0600000,6.6980000,0.000000,0,0,0
17.530,-0.6735000,-0.7931000,9.4710000,59.1278000,51.4984000,59.7610000,-39.0190000,-11.2930000,7.2080000,0.000000,0,0,0
17.540,-0.6639000,-0.7884000,9.4196000,58.4488000,52.4063000,59.2270000,-38.9530000,-11.2690000,6.6200000,0.000000,0,0,0
17.550,-0.6615000,-0.7896000,9.4028000,57.6782000,53.2303000,58.7006000,-39.1840000,-11.0690000,6.3990000,0.000000,0,0,0
17.560,-0.6723000,-0.7919000,9.4387000,56.9382000,53.7643000,58.3649000,-39.1640000,-11.1230000,6.4650000,0.000000,0,0,0
17.570,-0.6950000,-0.8015000,9.5237000,56.4728000,53.9627000,58.2886000,-39.1110000,-11.1490000,7.6150000,0.000000,0,0,0
17.580,-0.7142000,-0.8111000,9.6397000,56.5796000,53.9017000,58.4488000,-39.1810000,-11.0750000,7.0000000,0.000000,0,0,0
17.590,-0.7357000,-0.8147000,9.7940000,57.8003000,53.6270000,58.9447000,-39.3050000,-11.2570000,6.7740000,0.000000,0,0,0
17.600,-0.7333000,-0.8063000,9.8359000,58.8379000,53.6804000,59.2117000,-39.2560000,-11.3020000,6.7000000,0.000000,0,0,0
17.610,-0.7154000,-0.7943000,9.8120000,59.5779000,54.0619000,59.2728000,-39.3440000,-11.0290000,7.7700000,0.000000,0,0,0
17.620,-0.6962000,-0.7860000,9.7450000,59.8450000,54.6265000,59.1354000,-39.0070000,-11.1590000,7.3490000,0.000000,0,0,0
17.630,-0.6819000,-0.7812000,9.6684000,59.6313000,55.2063000,58.8913000,-39.0260000,-11.0120000,7.0210000,0.000000,0,0,0
17.640,-0.6795000,-0.7776000,9.6158000,59.0591000,55.7556000,58.6319000,-39.2000000,-11.1290000,7.3300000,0.000000,0,0,0
17.650,-0.6927000,-0.7836000,9.6002000,58.4335000,56.2973000,58.4106000,-39.1890000,-11.0690000,7.0950000,0.000000,0,0,0
17.660,-0.7202000,-0.7955000,9.6170000,58.0292000,56.7551000,58.2809000,-39.0320000,-11.0330000,6.6010000,0.000000,0,0,0
17.670,-0.7573000,-0.8003000,9.6517000,57.9300000,57.0450000,58.2733000,-39.3840000,-11.1340000,7.2530000,0.000000,0,0,0
17.680,-0.7955000,-0.7931000,9.6828000,58.0597000,57.1976000,58.3801000,-39.1940000,-11.1170000,7.3200000,0.000000,0,0,0
17.690,-0.8219000,-0.7764000,9.6911000,58.1818000,57.1671000,58.5556000,-39.1750000,-11.0750000,7.8150000,0.000000,0,0,0
17.700,-0.8338000,-0.7632000,9.6768000,58.1360000,56.8466000,58.7616000,-39.0280000,-10.9420000,7.1450000,0.000000,0,0,0
17.710,-0.8278000,-0.7573000,9.6600000,57.9529000,56.3965000,58.9600000,-39.1720000,-10.9440000,6.7520000,0.000000,0,0,0
17.720,-0.8123000,-0.7549000,9.6529000,57.7240000,56.0760000,59.0286000,-39.1350000,-11.0870000,6.3740000,0.000000,0,0,0
17.730,-0.8003000,-0.7596000,9.6564000,57.4493000,55.9769000,58.9523000,-39.2210000,-10.9130000,7.2250000,0.000000,0,0,0
17.740,-0.7955000,-0.7740000,9.6840000,57.1899000,56.1066000,58.8303000,-39.0210000,-10.9860000,7.1850000,0.000000,0,0,0
17.750,-0.8015000,-0.7919000,9.7330000,57.1213000,56.3354000,58.7158000,-39.1420000,-11.0060000,7.4080000,0.000000,0,0,0
17.760,-0.8230000,-0.8039000,9.7725000,57.2891000,56.4499000,58.6700000,-39.0890000,-10.9820000,7.6500000,0.000000,0,0,0
17.770,-0.8470000,-0.8051000,9.7904000,57.5943000,56.3889000,58.7387000,-39.0660000,-10.9940000,7.4690000,0.000000,0,0,0
17.780,-0.8577000,-0.8015000,9.7797000,57.8918000,56.1981000,58.8150000,-39.3450000,-11.1740000,7.4910000,0.000000,0,0,0
17.790,-0.8565000,-0.7943000,9.7486000,58.0597000,56.0532000,58.8150000,-39.2440000,-11.0660000,7.5340000,0.000000,0,0,0
17.800,-0.8589000,-0.7836000,9.7103000,58.0215000,56.0837000,58.7387000,-39.2740000,-11.1680000,6.8170000,0.000000,0,0,0
17.810,-0.8661000,-0.7776000,9.6792000,57.7545000,56.2057000,58.6700000,-39.3850000,-11.0990000,6.8600000,0.000000,0,0,0
17.820,-0.8829000,-0.7764000,9.6624000,57.3196000,56.1829000,58.7311000,-39.1290000,-11.1080000,6.9730000,0.000000,0,0,0
17.830,-0.8984000,-0.7800000,9.6696000,56.9534000,55.9311000,58.9905000,-38.9560000,-11.0060000,6.8400000,0.000000,0,0,0
17.840,-0.9080000,-0.7860000,9.6923000,56.8237000,55.4123000,59.3643000,-38.9830000,-11.0330000,6.3300000,0.000000,0,0,0
17.850,-0.9068000,-0.7872000,9.7151000,56.9382000,54.8172000,59.7458000,-38.8020000,-10.9740000,6.3240000,0.000000,0,0,0
17.860,-0.8972000,-0.7848000,9.7246000,57.1594000,54.3518000,59.9899000,-38.9680000,-11.1060000,6.2950000,0.000000,0,0,0
17.870,-0.8805000,-0.7800000,9.7163000,57.3578000,54.1000000,60.0357000,-39.1500000,-11.1440000,6.7210000,0.000000,0,0,0
17.880,-0.8661000,-0.7740000,9.6959000,57.4265000,54.0619000,59.8984000,-39.2520000,-11.2460000,6.5920000,0.000000,0,0,0
17.890,-0.8613000,-0.7692000,9.6696000,57.3807000,54.1382000,59.6695000,-38.8140000,-11.1950000,7.2310000,0.000000,0,0,0
17.900,-0.8745000,-0.7668000,9.6445000,57.2891000,54.2603000,59.4482000,-39.1120000,-11.0050000,7.0880000,0.000000,0,0,0
17.910,-0.8948000,-0.7644000,9.6361000,57.2128000,54.3671000,59.3033000,-38.7830000,-11.0690000,7.2680000,0.000000,0,0,0
17.920,-0.9176000,-0.7656000,9.6457000,57.1976000,54.3900000,59.2804000,-39.0430000,-10.9640000,6.9610000,0.000000,0,0,0
17.930,-0.9415000,-0.7752000,9.6696000,57.3044000,54.2984000,59.3567000,-38.8720000,-11.0950000,7.1090000,0.000000,0,0,0
17.940,-0.9582000,-0.7931000,9.6935000,57.6019000,54.2221000,59.5169000,-38.9600000,-10.9240000,7.2510000,0.000000,0,0,0
17.950,-0.9630000,-0.8087000,9.7007000,58.0063000,54.1687000,59.7076000,-39.0290000,-10.8860000,6.8560000,0.000000,0,0,0
17.960,-0.9534000,-0.8123000,9.6864000,58.3572000,54.0924000,59.8831000,-38.7890000,-10.9030000,7.0020000,0.000000,0,0,0
17.970,-0.9271000,-0.8087000,9.6576000,58.4946000,54.0543000,60.0281000,-38.8240000,-10.8810000,7.2290000,0.000000,0,0,0
17.980,-0.8900000,-0.7991000,9.6277000,58.3649000,54.1840000,60.0586000,-38.5160000,-10.6150000,7.6840000,0.000000,0,0,0
17.990,-0.8613000,-0.7907000,9.6038000,58.0750000,54.5349000,59.9442000,-38.8320000,-10.9760000,7.1900000,0.000000,0,0,0
18.000,-0.8470000,-0.7836000,9.5942000,57.7087000,55.0385000,59.7687000,-38.8070000,-10.7360000,6.8520000,0.000000,0,0,0
18.010,-0.8494000,-0.7788000,9.6002000,57.2815000,55.5115000,59.5856000,-38.5040000,-11.0340000,7.3420000,0.000000,0,0,0
18.020,-0.8673000,-0.7776000,9.6170000,56.8237000,55.8624000,59.4711000,-38.4630000,-10.7490000,6.4170000,0.000000,0,0,0
18.030,-0.9020000,-0.7812000,9.6433000,56.3965000,56.0226000,59.4635000,-38.5970000,-11.0270000,6.7800000,0.000000,0,0,0
18.040,-0.9367000,-0.7824000,9.6672000,56.0379000,55.9464000,59.5627000,-38.7320000,-11.1900000,6.5510000,0.000000,0,0,0
18.050,-0.9618000,-0.7812000,9.6768000,55.7404000,55.6412000,59.7534000,-38.6870000,-11.3830000,7.2810000,0.000000,0,0,0
18.060,-0.9774000,-0.7836000,9.6672000,55.4352000,55.1453000,59.9365000,-38.6980000,-11.0560000,7.1140000,0.000000,0,0,0
18.070,-0.9893000,-0.7896000,9.6433000,55.0842000,54.6494000,60.0739000,-38.8120000,-10.9550000,6.8140000,0.000000,0,0,0
18.080,-0.9941000,-0.7931000,9.6229000,54.6722000,54.3518000,60.1196000,-39.0270000,-10.8620000,7.0220000,0.000000,0,0,0
18.090,-0.9929000,-0.7931000,9.6206000,54.1916000,54.1992000,60.1044000,-38.5510000,-10.9160000,6.5210000,0.000000,0,0,0
18.100,-0.9905000,-0.7919000,9.6481000,53.7872000,54.1000000,60.0815000,-38.6500000,-11.0660000,6.8500000,0.000000,0,0,0
18.110,-0.9810000,-0.7955000,9.7055000,53.7109000,53.9169000,60.1120000,-38.9210000,-10.8850000,7.0150000,0.000000,0,0,0
18.120,-0.9678000,-0.8051000,9.7689000,54.0695000,53.5736000,60.2264000,-38.7410000,-11.1940000,6.4650000,0.000000,0,0,0
18.130,-0.9463000,-0.8242000,9.8215000,54.8248000,53.0777000,60.4095000,-38.6560000,-11.2230000,6.7610000,0.000000,0,0,0
18.140,-0.9188000,-0.8434000,9.8526000,55.8319000,52.6199000,60.5087000,-38.6580000,-10.9450000,6.4160000,0.000000,0,0,0
18.150,-0.8972000,-0.8589000,9.8502000,56.8771000,52.3605000,60.4553000,-38.5810000,-11.0470000,7.0420000,0.000000,0,0,0
18.160,-0.8900000,-0.8685000,9.8239000,57.7240000,52.3911000,60.2646000,-38.7150000,-10.8930000,7.2410000,0.000000,0,0,0
18.170,-0.8924000,-0.8649000,9.7928000,58.3038000,52.7191000,60.0128000,-38.6480000,-10.8120000,7.1310000,0.000000,0,0,0
18.180,-0.9044000,-0.8458000,9.7689000,58.6090000,53.2608000,59.7992000,-38.6680000,-10.9390000,6.8790000,0.000000,0,0,0
18.190,-0.9331000,-0.8219000,9.7510000,58.6624000,53.8101000,59.6313000,-38.8260000,-11.0060000,6.7280000,0.000000,0,0,0
18.200,-0.9630000,-0.8039000,9.7366000,58.5709000,54.2068000,59.6237000,-38.9130000,-10.7480000,6.7970000,0.000000,0,0,0
18.210,-0.9786000,-0.7979000,9.7151000,58.4564000,54.3976000,59.7610000,-39.0470000,-10.8980000,7.0120000,0.000000,0,0,0
18.220,-0.9798000,-0.8051000,9.6852000,58.3954000,54.4357000,59.9060000,-38.9450000,-10.9880000,7.6700000,0.000000,0,0,0
18.230,-0.9774000,-0.8147000,9.6517000,58.3572000,54.4662000,59.9976000,-38.9960000,-10.8380000,7.8210000,0.000000,0,0,0
18.240,-0.9738000,-0.8159000,9.6110000,58.1207000,54.4128000,60.0662000,-38.4570000,-11.1310000,7.3350000,0.000000,0,0,0
18.250,-0.9750000,-0.8123000,9.5954000,57.8156000,54.1687000,60.1120000,-38.6170000,-10.9460000,7.5680000,0.000000,0,0,0
18.260,-0.9762000,-0.8111000,9.5918000,57.5485000,53.8177000,60.1654000,-38.8900000,-11.0630000,7.4520000,0.000000,0,0,0
18.270,-0.9738000,-0.8087000,9.5990000,57.4265000,53.4973000,60.1959000,-38.8440000,-11.2250000,7.0980000,0.000000,0,0,0
18.280,-0.9726000,-0.8075000,9.6098000,57.4036000,53.2684000,60.1959000,-39.1780000,-11.0360000,6.8330000,0.000000,0,0,0
18.290,-0.9678000,-0.8075000,9.6349000,57.4265000,53.1845000,60.1883000,-38.8590000,-10.8230000,7.2170000,0.000000,0,0,0
18.300,-0.9630000,-0.8123000,9.6708000,57.5256000,53.2303000,60.1425000,-38.5130000,-10.9780000,7.4230000,0.000000,0,0,0
18.310,-0.9666000,-0.8207000,9.7019000,57.6935000,53.2608000,60.0739000,-38.8070000,-11.0010000,7.5920000,0.000000,0,0,0
18.320,-0.9750000,-0.8314000,9.7258000,57.9071000,53.1693000,60.0586000,-38.8280000,-11.0860000,7.5560000,0.000000,0,0,0
18.330,-0.9833000,-0.8386000,9.7426000,58.1665000,53.0090000,60.0967000,-38.5370000,-10.8590000,7.2550000,0.000000,0,0,0
18.340,-0.9905000,-0.8398000,9.7474000,58.4412000,52.8717000,60.1349000,-38.7200000,-10.7410000,6.4330000,0.000000,0,0,0
18.350,-0.9905000,-0.8338000,9.7390000,58.6624000,52.7573000,60.1654000,-38.8580000,-10.9230000,7.3360000,0.000000,0,0,0
18.360,-0.9810000,-0.8195000,9.7246000,58.8455000,52.6505000,60.2036000,-38.5030000,-11.1550000,6.5840000,0.000000,0,0,0
18.370,-0.9690000,-0.8051000,9.7067000,58.9523000,52.5131000,60.2112000,-38.7430000,-11.1520000,7.3820000,0.000000,0,0,0
18.380,-0.9618000,-0.7979000,9.6864000,58.9752000,52.3758000,60.1883000,-38.5910000,-10.9850000,6.9530000,0.000000,0,0,0
18.390,-0.9558000,-0.8015000,9.6672000,58.9447000,52.2766000,60.1273000,-38.7600000,-10.9820000,6.8500000,0.000000,0,0,0
18.400,-0.9534000,-0.8159000,9.6457000,58.8684000,52.1774000,60.0739000,-38.7030000,-11.1910000,7.1750000,0.000000,0,0,0
18.410,-0.9534000,-0.8302000,9.6218000,58.6624000,52.1011000,60.0739000,-38.6300000,-11.0890000,7.5430000,0.000000,0,0,0
18.420,-0.9522000,-0.8422000,9.6062000,58.3115000,52.1164000,60.1120000,-38.6040000,-10.8560000,7.2480000,0.000000,0,0,0
18.430,-0.9475000,-0.8494000,9.6050000,57.9224000,52.2995000,60.1349000,-38.5000000,-11.2180000,7.1820000,0.000000,0,0,0
18.440,-0.9415000,-0.8518000,9.6170000,57.6630000,52.5589000,60.1501000,-38.6570000,-11.1020000,7.3510000,0.000000,0,0,0
18.450,-0.9355000,-0.8446000,9.6433000,57.5714000,52.8412000,60.1807000,-38.6180000,-10.9550000,6.8080000,0.000000,0,0,0
18.460,-0.9307000,-0.8302000,9.6708000,57.5714000,53.0319000,60.2417000,-38.5370000,-10.6720000,6.5510000,0.000000,0,0,0
18.470,-0.9295000,-0.8195000,9.6887000,57.5714000,53.0548000,60.3027000,-38.7400000,-10.9620000,7.0660000,0.000000,0,0,0
18.480,-0.9307000,-0.8207000,9.6935000,57.6019000,52.8793000,60.3561000,-38.8150000,-11.0020000,6.6280000,0.000000,0,0,0
18.490,-0.9367000,-0.8278000,9.6828000,57.6782000,52.5436000,60.3943000,-38.4870000,-10.8160000,6.9650000,0.000000,0,0,0
18.500,-0.9427000,-0.8302000,9.6636000,57.7011000,52.1851000,60.4095000,-38.8480000,-11.1710000,6.8820000,0.000000,0,0,0
18.510,-0.9451000,-0.8266000,9.6529000,57.6248000,51.9867000,60.3561000,-38.7110000,-10.8310000,7.2460000,0.000000,0,0,0
18.520,-0.9463000,-0.8195000,9.6505000,57.4875000,52.0096000,60.2188000,-38.7550000,-10.7400000,7.1110000,0.000000,0,0,0
18.530,-0.9534000,-0.8111000,9.6552000,57.3578000,52.2079000,60.0433000,-38.9150000,-11.0370000,7.2750000,0.000000,0,0,0
18.540,-0.9642000,-0.8003000,9.6588000,57.2815000,52.4673000,59.9213000,-38.7640000,-11.0000000,7.4530000,0.000000,0,0,0
18.550,-0.9666000,-0.7943000,9.6541000,57.2739000,52.6886000,59.8907000,-38.8750000,-10.9830000,7.1290000,0.000000,0,0,0
18.560,-0.9642000,-0.8027000,9.6385000,57.3425000,52.8412000,59.9213000,-38.8860000,-11.1460000,7.4160000,0.000000,0,0,0
18.570,-0.9594000,-0.8219000,9.6158000,57.4493000,52.9099000,60.0052000,-38.4670000,-11.1770000,7.7450000,0.000000,0,0,0
18.580,-0.9522000,-0.8434000,9.5918000,57.4112000,52.8717000,60.0891000,-38.5440000,-11.3770000,7.2310000,0.000000,0,0,0
18.590,-0.9403000,-0.8601000,9.5763000,57.1136000,52.7115000,60.1654000,-38.4620000,-10.8340000,7.1780000,0.000000,0,0,0
18.600,-0.9319000,-0.8673000,9.5775000,56.6406000,52.3376000,60.2188000,-38.7420000,-11.1730000,7.5380000,0.000000,0,0,0
18.610,-0.9307000,-0.8601000,9.6014000,56.1447000,51.8112000,60.2493000,-38.7540000,-11.1690000,7.2050000,0.000000,0,0,0
18.620,-0.9295000,-0.8410000,9.6373000,55.7251000,51.3306000,60.2493000,-38.6640000,-11.0650000,7.0730000,0.000000,0,0,0
18.630,-0.9223000,-0.8183000,9.6816000,55.4199000,51.0864000,60.2188000,-38.8530000,-11.2050000,7.7870000,0.000000,0,0,0
18.640,-0.9176000,-0.8015000,9.7198000,55.2216000,51.1703000,60.1349000,-38.7040000,-10.8540000,7.0160000,0.000000,0,0,0
18.650,-0.9199000,-0.8027000,9.7438000,55.1682000,51.4679000,60.0891000,-38.8560000,-11.0870000,7.2830000,0.000000,0,0,0
18.660,-0.9283000,-0.8171000,9.7605000,55.3131000,51.8570000,60.1654000,-38.6080000,-11.1100000,7.3990000,0.000000,0,0,0
18.670,-0.9331000,-0.8350000,9.7677000,55.6412000,52.2842000,60.3180000,-38.6380000,-11.1110000,7.4810000,0.000000,0,0,0
18.680,-0.9343000,-0.8470000,9.7629000,56.0455000,52.6733000,60.4782000,-38.7930000,-11.3460000,7.1250000,0.000000,0,0,0
18.690,-0.9319000,-0.8518000,9.7557000,56.4499000,52.9556000,60.5927000,-38.4030000,-10.8750000,7.3720000,0.000000,0,0,0
18.700,-0.9199000,-0.8470000,9.7474000,56.8466000,53.0930000,60.6232000,-38.6560000,-11.1510000,7.1700000,0.000000,0,0,0
18.710,-0.9020000,-0.8362000,9.7306000,57.2205000,53.1921000,60.5392000,-38.7630000,-11.2230000,7.0930000,0.000000,0,0,0
18.720,-0.8888000,-0.8207000,9.7079000,57.4951000,53.3447000,60.3485000,-38.9020000,-11.2040000,7.1130000,0.000000,0,0,0
18.730,-0.8841000,-0.8099000,9.6804000,57.6019000,53.6270000,60.0815000,-38.5110000,-11.1270000,7.6080000,0.000000,0,0,0
18.740,-0.8888000,-0.8075000,9.6541000,57.5714000,53.9703000,59.8068000,-38.5290000,-10.9860000,7.4190000,0.000000,0,0,0
18.750,-0.9128000,-0.8171000,9.6313000,57.4341000,54.2297000,59.6237000,-38.5490000,-11.0800000,7.9220000,0.000000,0,0,0
18.760,-0.9522000,-0.8290000,9.6194000,57.2739000,54.2526000,59.6771000,-38.4800000,-11.1540000,7.2720000,0.000000,0,0,0
18.770,-0.9893000,-0.8362000,9.6218000,57.1671000,54.0543000,59.9365000,-38.7570000,-11.0440000,7.5610000,0.000000,0,0,0
18.780,-1.0097000,-0.8386000,9.6277000,57.1899000,53.7338000,60.2798000,-38.5090000,-10.9450000,7.8870000,0.000000,0,0,0
18.790,-1.0049000,-0.8374000,9.6301000,57.3349000,53.3981000,60.5621000,-38.8380000,-10.8440000,7.5930000,0.000000,0,0,0
18.800,-0.9798000,-0.8326000,9.6289000,57.5180000,53.1082000,60.7071000,-38.8310000,-11.1900000,7.5150000,0.000000,0,0,0
18.810,-0.9546000,-0.8302000,9.6218000,57.6324000,52.9633000,60.6689000,-38.4750000,-11.3650000,7.7900000,0.000000,0,0,0
18.820,-0.9391000,-0.8314000,9.6158000,57.6630000,53.0167000,60.5087000,-38.5800000,-11.3130000,7.6450000,0.000000,0,0,0
18.830,-0.9319000,-0.8338000,9.6170000,57.6019000,53.2532000,60.2951000,-38.9290000,-11.2890000,7.4350000,0.000000,0,0,0
18.840,-0.9403000,-0.8362000,9.6265000,57.4417000,53.6499000,60.1044000,-38.6980000,-10.9560000,7.3540000,0.000000,0,0,0
18.850,-0.9690000,-0.8398000,9.6469000,57.2968000,54.0619000,59.9747000,-38.5170000,-11.3130000,7.6140000,0.000000,0,0,0
18.860,-1.0001000,-0.8410000,9.6648000,57.3349000,54.3213000,59.9670000,-38.5890000,-11.4640000,7.2410000,0.000000,0,0,0
18.870,-1.0133000,-0.8350000,9.6564000,57.6401000,54.2221000,60.1425000,-38.8760000,-11.2280000,7.7540000,0.000000,0,0,0
18.880,-1.0013000,-0.8278000,9.6253000,57.7621000,53.8559000,60.2722000,-38.8970000,-11.1840000,7.0820000,0.000000,0,0,0
18.890,-0.9774000,-0.8230000,9.5966000,57.6172000,53.4515000,60.3790000,-38.9520000,-11.0820000,7.7580000,0.000000,0,0,0
18.900,-0.9451000,-0.8242000,9.5835000,57.2052000,53.2837000,60.3638000,-38.9480000,-11.2360000,7.7760000,0.000000,0,0,0
18.910,-0.9188000,-0.8338000,9.5871000,56.7245000,53.4134000,60.2188000,-38.8700000,-11.5170000,8.4000000,0.000000,0,0,0
18.920,-0.9104000,-0.8506000,9.6026000,56.3889000,53.7796000,59.9899000,-38.9180000,-11.2780000,7.7810000,0.000000,0,0,0
18.930,-0.9128000,-0.8625000,9.6229000,56.3126000,54.2679000,59.7229000,-38.5050000,-11.4810000,7.2940000,0.000000,0,0,0
18.940,-0.9176000,-0.8601000,9.6373000,56.4270000,54.7104000,59.4559000,-38.8700000,-11.4310000,7.8130000,0.000000,0,0,0
18.950,-0.9259000,-0.8506000,9.6445000,56.5948000,54.9622000,59.2346000,-38.7980000,-11.1130000,8.0750000,0.000000,0,0,0
18.960,-0.9355000,-0.8422000,9.6541000,56.7474000,55.0385000,59.0820000,-38.8630000,-11.3380000,7.7090000,0.000000,0,0,0
18.970,-0.9451000,-0.8410000,9.6708000,56.8466000,55.1224000,59.0057000,-38.7880000,-11.4400000,7.7530000,0.000000,0,0,0
18.980,-0.9618000,-0.8542000,9.6923000,56.9229000,55.3055000,59.0363000,-38.5600000,-11.2340000,6.8140000,0.000000,0,0,0
18.990,-0.9810000,-0.8757000,9.7079000,56.9916000,55.5267000,59.1965000,-38.9660000,-11.1390000,6.8650000,0.000000,0,0,0
19.000,-1.0025000,-0.8960000,9.7187000,57.0374000,55.7480000,59.4254000,-39.0410000,-11.4660000,7.1350000,0.000000,0,0,0
19.010,-1.0264000,-0.9080000,9.7210000,57.0602000,55.9082000,59.6848000,-38.7280000,-11.3310000,7.2590000,0.000000,0,0,0
19.020,-1.0408000,-0.9116000,9.7151000,57.0526000,55.9540000,59.9213000,-38.7730000,-11.4330000,7.3850000,0.000000,0,0,0
19.030,-1.0444000,-0.9056000,9.7019000,57.0221000,55.8929000,60.0815000,-38.6620000,-11.4010000,7.4200000,0.000000,0,0,0
19.040,-1.0432000,-0.8912000,9.6911000,56.9763000,55.6259000,60.1730000,-38.7070000,-11.1170000,7.9950000,0.000000,0,0,0
19.050,-1.0408000,-0.8721000,9.6911000,56.8619000,55.0919000,60.2646000,-38.8590000,-11.3330000,7.4110000,0.000000,0,0,0
19.060,-1.0300000,-0.8565000,9.7067000,56.7474000,54.4052000,60.3256000,-38.5360000,-10.9950000,7.5810000,0.000000,0,0,0
19.070,-1.0168000,-0.8494000,9.7294000,56.7169000,53.8025000,60.3027000,-38.5270000,-10.9200000,7.8980000,0.000000,0,0,0
19.080,-1.0097000,-0.8506000,9.7486000,56.7703000,53.4134000,60.1883000,-38.5350000,-11.0580000,7.2780000,0.000000,0,0,0
19.090,-1.0097000,-0.8589000,9.7533000,56.8390000,53.2150000,60.0510000,-38.4240000,-11.4200000,7.6240000,0.000000,0,0,0
19.100,-1.0180000,-0.8733000,9.7474000,56.9000000,53.1464000,59.9442000,-38.5830000,-11.1570000,7.7000000,0.000000,0,0,0
19.110,-1.0264000,-0.8865000,9.7354000,56.9992000,53.1845000,59.8984000,-38.7360000,-10.9640000,7.7550000,0.000000,0,0,0
19.120,-1.0300000,-0.8900000,9.7175000,57.0755000,53.2455000,59.9289000,-38.6720000,-11.2610000,7.8490000,0.000000,0,0,0
19.130,-1.0288000,-0.8853000,9.6995000,57.1136000,53.2608000,60.0052000,-38.7170000,-11.0240000,7.4200000,0.000000,0,0,0
19.140,-1.0288000,-0.8781000,9.6852000,57.1747000,53.2684000,60.0891000,-38.7760000,-11.3370000,7.2000000,0.000000,0,0,0
19.150,-1.0276000,-0.8685000,9.6756000,57.2739000,53.3524000,60.1654000,-38.8130000,-11.4380000,7.1340000,0.000000,0,0,0
19.160,-1.0288000,-0.8601000,9.6744000,57.3883000,53.5126000,60.2341000,-38.8160000,-11.3610000,6.8600000,0.000000,0,0,0
19.170,-1.0300000,-0.8530000,9.6768000,57.4875000,53.7720000,60.2798000,-38.7820000,-11.7450000,7.9620000,0.000000,0,0,0
19.180,-1.0312000,-0.8553000,9.6648000,57.5562000,54.0848000,60.2951000,-38.7300000,-11.7720000,7.4160000,0.000000,0,0,0
19.190,-1.0360000,-0.8601000,9.6337000,57.5256000,54.2526000,60.3027000,-38.8620000,-11.4010000,7.4340000,0.000000,0,0,0
19.200,-1.0360000,-0.8613000,9.5954000,57.2968000,54.1687000,60.3333000,-38.7580000,-11.5410000,7.6010000,0.000000,0,0,0
19.210,-1.0288000,-0.8613000,9.5607000,56.8695000,53.8788000,60.3790000,-38.7140000,-11.4970000,7.7640000,0.000000,0,0,0
19.220,-1.0180000,-0.8673000,9.5428000,56.3431000,53.5355000,60.3867000,-38.5940000,-11.5410000,7.4740000,0.000000,0,0,0
19.230,-1.0085000,-0.8781000,9.5440000,55.9311000,53.2532000,60.3333000,-38.6580000,-11.6700000,7.0050000,0.000000,0,0,0
19.240,-1.0001000,-0.8876000,9.5607000,55.7632000,53.1158000,60.2493000,-38.9870000,-11.4050000,6.5170000,0.000000,0,0,0
19.250,-0.9929000,-0.8936000,9.5906000,55.8243000,53.1235000,60.1425000,-38.9020000,-11.7000000,7.5000000,0.000000,0,0,0
19.260,-0.9881000,-0.8900000,9.6229000,55.9845000,53.2227000,60.0052000,-38.5220000,-11.4700000,7.9400000,0.000000,0,0,0
19.270,-0.9905000,-0.8841000,9.6409000,56.0760000,53.3066000,59.8526000,-38.7690000,-11.3290000,7.6210000,0.000000,0,0,0
19.280,-0.9989000,-0.8781000,9.6361000,55.9845000,53.2150000,59.7229000,-38.9210000,-11.5260000,7.1850000,0.000000,0,0,0
19.290,-1.0049000,-0.8721000,9.6086000,55.6488000,52.8564000,59.6313000,-38.6970000,-11.9180000,7.0940000,0.000000,0,0,0
19.300,-1.0121000,-0.8697000,9.5739000,55.0613000,52.2766000,59.5932000,-38.8160000,-11.7860000,6.9200000,0.000000,0,0,0
19.310,-1.0240000,-0.8745000,9.5524000,54.3060000,51.5518000,59.6237000,-38.7020000,-11.5860000,7.7110000,0.000000,0,0,0
19.320,-1.0288000,-0.8888000,9.5619000,53.4592000,50.9491000,59.6695000,-38.8750000,-11.8080000,7.0580000,0.000000,0,0,0
19.330,-1.0252000,-0.9104000,9.5978000,52.7496000,50.6744000,59.6313000,-38.9190000,-11.7390000,7.5050000,0.000000,0,0,0
19.340,-1.0216000,-0.9343000,9.6445000,52.2995000,50.8194000,59.4864000,-38.5530000,-11.7880000,6.6990000,0.000000,0,0,0
19.350,-1.0240000,-0.9522000,9.6923000,52.1698000,51.2390000,59.2728000,-39.0420000,-11.9560000,6.6800000,0.000000,0,0,0
19.360,-1.0312000,-0.9642000,9.7354000,52.3682000,51.7426000,59.0897000,-38.7630000,-11.9350000,7.2310000,0.000000,0,0,0
19.370,-1.0360000,-0.9690000,9.7665000,52.8488000,52.1469000,58.9828000,-39.1060000,-11.9480000,7.5940000,0.000000,0,0,0
19.380,-1.0360000,-0.9762000,9.7833000,53.4973000,52.4216000,58.9676000,-38.8860000,-11.6410000,7.8270000,0.000000,0,0,0
19.390,-1.0348000,-0.9833000,9.7833000,54.1534000,52.6886000,59.0210000,-38.8790000,-11.7190000,8.2020000,0.000000,0,0,0
19.400,-1.0324000,-0.9929000,9.7785000,54.7333000,53.0777000,59.1049000,-38.7630000,-11.5880000,7.5860000,0.000000,0,0,0
19.410,-1.0276000,-1.0049000,9.7737000,55.2673000,53.5507000,59.1888000,-38.6390000,-11.9460000,7.5010000,0.000000,0,0,0
19.420,-1.0288000,-1.0192000,9.7737000,55.8701000,54.0161000,59.2499000,-38.7440000,-11.9360000,7.8030000,0.000000,0,0,0
19.430,-1.0348000,-1.0276000,9.7809000,56.5643000,54.4434000,59.2957000,-38.8360000,-12.0580000,7.4810000,0.000000,0,0,0
19.440,-1.0360000,-1.0288000,9.7904000,57.2739000,54.7638000,59.3033000,-38.6740000,-12.0890000,7.2320000,0.000000,0,0,0
19.450,-1.0360000,-1.0264000,9.7928000,57.9071000,54.8782000,59.2651000,-38.7300000,-11.8150000,7.8920000,0.000000,0,0,0
19.460,-1.0372000,-1.0216000,9.7797000,58.4259000,54.7791000,59.1812000,-38.7270000,-11.8410000,7.6660000,0.000000,0,0,0
19.470,-1.0360000,-1.0109000,9.7474000,58.7234000,54.6036000,59.0668000,-38.7450000,-11.7860000,7.6230000,0.000000,0,0,0
19.480,-1.0408000,-0.9977000,9.7043000,58.7234000,54.4281000,58.9600000,-38.8330000,-11.6590000,7.7690000,0.000000,0,0,0
19.490,-1.0599000,-0.9786000,9.6600000,58.3115000,54.1611000,58.9905000,-38.7380000,-11.7940000,8.6030000,0.000000,0,0,0
19.500,-1.0707000,-0.9738000,9.6552000,57.9910000,54.1229000,59.1278000,-38.8160000,-11.5190000,8.2800000,0.000000,0,0,0
19.510,-1.0743000,-0.9798000,9.6600000,57.8384000,54.2603000,59.2728000,-38.8040000,-11.8740000,7.5960000,0.000000,0,0,0
19.520,-1.0719000,-0.9857000,9.6684000,57.8613000,54.4357000,59.4177000,-38.6930000,-11.7340000,7.9180000,0.000000,0,0,0
19.530,-1.0671000,-0.9869000,9.6792000,57.9376000,54.5120000,59.5245000,-38.9700000,-11.5680000,7.7500000,0.000000,0,0,0
19.540,-1.0551000,-0.9857000,9.6864000,57.9224000,54.5120000,59.5627000,-38.8440000,-11.7420000,7.7330000,0.000000,0,0,0
19.550,-1.0444000,-0.9810000,9.6911000,57.8079000,54.4281000,59.5398000,-38.8550000,-11.4440000,7.2580000,0.000000,0,0,0
19.560,-1.0456000,-0.9750000,9.6875000,57.6248000,54.1840000,59.5016000,-38.9870000,-11.6920000,7.9140000,0.000000,0,0,0
19.570,-1.0611000,-0.9654000,9.6660000,57.4112000,53.8483000,59.5474000,-38.9500000,-11.8700000,8.0600000,0.000000,0,0,0
19.580,-1.0838000,-0.9546000,9.6325000,57.1442000,53.5889000,59.6924000,-38.9630000,-11.9550000,7.7380000,0.000000,0,0,0
19.590,-1.1078000,-0.9463000,9.5942000,56.8085000,53.5660000,59.8907000,-39.0030000,-12.2040000,7.5000000,0.000000,0,0,0
19.600,-1.1233000,-0.9463000,9.5619000,56.3583000,53.7262000,60.1578000,-38.8950000,-11.8360000,8.2840000,0.000000,0,0,0
19.610,-1.1173000,-0.9594000,9.5572000,55.9082000,53.7949000,60.4782000,-38.7830000,-11.8680000,7.0320000,0.000000,0,0,0
19.620,-1.0898000,-0.9750000,9.5895000,55.5725000,53.5736000,60.7681000,-39.0400000,-11.9530000,8.2580000,0.000000,0,0,0
19.630,-1.0635000,-0.9905000,9.6409000,55.3589000,53.2455000,60.8902000,-38.7390000,-12.0390000,8.1710000,0.000000,0,0,0
19.640,-1.0539000,-1.0049000,9.6875000,55.2673000,53.0014000,60.7758000,-38.8430000,-12.3220000,8.0940000,0.000000,0,0,0
19.650,-1.0587000,-1.0156000,9.7258000,55.3131000,52.8793000,60.5392000,-38.9080000,-11.9650000,7.2760000,0.000000,0,0,0
19.660,-1.0659000,-1.0192000,9.7605000,55.5573000,52.9099000,60.2875000,-38.8560000,-12.0840000,7.9270000,0.000000,0,0,0
19.670,-1.0671000,-1.0156000,9.7833000,56.0837000,53.1006000,60.0586000,-38.5260000,-11.9920000,7.8030000,0.000000,0,0,0
19.680,-1.0683000,-1.0085000,9.7892000,56.8924000,53.3676000,59.8755000,-38.4250000,-12.1120000,7.8200000,0.000000,0,0,0
19.690,-1.0683000,-1.0013000,9.7833000,57.8461000,53.6423000,59.7763000,-38.7600000,-12.1820000,7.9840000,0.000000,0,0,0
19.700,-1.0671000,-0.9965000,9.7737000,58.8455000,53.9093000,59.7305000,-38.4250000,-11.7950000,8.1680000,0.000000,0,0,0
19.710,-1.0647000,-0.9953000,9.7629000,59.7000000,54.3060000,59.7076000,-38.9100000,-11.9810000,7.8050000,0.000000,0,0,0
19.720,-1.0611000,-0.9977000,9.7557000,60.3409000,54.8172000,59.6619000,-38.7620000,-11.9470000,7.9510000,0.000000,0,0,0
19.730,-1.0563000,-0.9989000,9.7402000,60.6689000,55.2597000,59.6237000,-38.8330000,-12.0910000,7.3700000,0.000000,0,0,0
19.740,-1.0515000,-1.0013000,9.7115000,60.6232000,55.4657000,59.5856000,-38.7850000,-11.9840000,7.7280000,0.000000,0,0,0
19.750,-1.0551000,-1.0013000,9.6732000,60.2798000,55.3436000,59.5322000,-38.8530000,-11.9520000,7.5710000,0.000000,0,0,0
19.760,-1.0647000,-0.9941000,9.6385000,59.7839000,54.9240000,59.4559000,-38.7740000,-11.9890000,7.4420000,0.000000,0,0,0
19.770,-1.0671000,-0.9845000,9.6206000,59.3338000,54.2984000,59.3796000,-39.0280000,-11.9910000,7.7400000,0.000000,0,0,0
19.780,-1.0659000,-0.9750000,9.6146000,59.1049000,53.6575000,59.2651000,-38.7670000,-11.7720000,7.8800000,0.000000,0,0,0
19.790,-1.0719000,-0.9666000,9.6038000,59.0057000,53.2303000,59.1507000,-38.9610000,-11.8370000,7.4750000,0.000000,0,0,0
19.800,-1.0814000,-0.9582000,9.6014000,58.9142000,52.9327000,59.1125000,-38.9520000,-11.6490000,8.0880000,0.000000,0,0,0
19.810,-1.0946000,-0.9451000,9.6170000,58.8150000,52.5436000,59.1812000,-38.9400000,-11.8460000,8.2030000,0.000000,0,0,0
19.820,-1.1161000,-0.9188000,9.6588000,58.6319000,51.7120000,59.4330000,-39.0280000,-11.1070000,8.3140000,0.000000,0,0,0
19.830,-1.1341000,-0.8948000,9.7210000,58.4030000,50.4379000,59.8831000,-39.0000000,-11.6110000,8.1470000,0.000000,0,0,0
19.840,-1.1401000,-0.8781000,9.7677000,58.2886000,49.0112000,60.3714000,-38.9940000,-11.2310000,7.5800000,0.000000,0,0,0
19.850,-1.1341000,-0.8769000,9.7737000,58.3267000,47.8058000,60.7071000,-39.0020000,-11.4190000,7.5740000,0.000000,0,0,0
19.860,-1.1102000,-0.8805000,9.7438000,58.3954000,47.0581000,60.7834000,-39.3450000,-11.6690000,7.5280000,0.000000,0,0,0
19.870,-1.0779000,-0.8769000,9.7019000,58.1970000,46.8292000,60.5927000,-39.2570000,-11.5950000,7.1100000,0.000000,0,0,0
19.880,-1.0551000,-0.8805000,9.6648000,57.6553000,47.0276000,60.2493000,-38.9350000,-11.4460000,7.4660000,0.000000,0,0,0
19.890,-1.0396000,-0.8960000,9.6337000,56.8848000,47.4167000,59.8526000,-39.0680000,-11.7370000,8.1810000,0.000000,0,0,0
19.900,-1.0396000,-0.9164000,9.6158000,56.0379000,47.7600000,59.5169000,-38.9400000,-11.7460000,8.3690000,0.000000,0,0,0
19.910,-1.0515000,-0.9439000,9.6265000,55.4047000,47.9126000,59.3872000,-38.9570000,-11.5610000,7.2120000,0.000000,0,0,0
19.920,-1.0659000,-0.9690000,9.6624000,55.3131000,47.9965000,59.4711000,-39.1660000,-11.9080000,7.9300000,0.000000,0,0,0
19.930,-1.0838000,-0.9881000,9.7019000,55.8472000,48.2101000,59.7229000,-38.9220000,-11.6630000,7.7800000,0.000000,0,0,0
19.940,-1.0970000,-1.0001000,9.7210000,56.7780000,48.6069000,60.0891000,-38.8460000,-11.8940000,7.0100000,0.000000,0,0,0
19.950,-1.0958000,-1.0073000,9.7103000,57.8537000,49.0570000,60.5316000,-39.1470000,-11.3980000,7.2170000,0.000000,0,0,0
19.960,-1.0814000,-1.0073000,9.6660000,58.8303000,49.2554000,60.9970000,-38.9650000,-11.4540000,7.1880000,0.000000,0,0,0
19.970,-1.0563000,-1.0037000,9.5906000,59.3948000,48.9731000,61.4853000,-39.2830000,-11.5930000,7.3530000,0.000000,0,0,0
19.980,-1.0240000,-0.9953000,9.5057000,59.3033000,48.1186000,61.9431000,-39.3100000,-11.9450000,7.3580000,0.000000,0,0,0
19.990,-0.9845000,-0.9845000,9.4531000,58.5785000,46.5393000,62.3474000,-38.9960000,-11.9300000,6.9570000,0.000000,0,0,0
20.000,-0.9439000,-0.9798000,9.4483000,57.4875000,44.3497000,62.6144000,-39.1800000,-11.9940000,7.0040000,0.000000,0,0,0
20.010,-0.9044000,-0.9774000,9.4842000,56.3965000,41.9083000,62.7060000,-39.4350000,-11.8830000,7.3000000,0.000000,0,0,0
20.020,-0.8625000,-0.9786000,9.5440000,55.5649000,39.3982000,62.6450000,-39.2270000,-11.9610000,6.5400000,0.000000,0,0,0
20.030,-0.8087000,-0.9798000,9.6158000,55.1300000,36.8500000,62.4313000,-39.5600000,-11.4620000,6.5950000,0.000000,0,0,0
20.040,-0.7549000,-0.9774000,9.6852000,55.1224000,34.3475000,62.0117000,-39.2060000,-11.7170000,6.6960000,0.000000,0,0,0
20.050,-0.7154000,-0.9702000,9.7450000,55.4657000,31.8909000,61.4624000,-39.3580000,-11.6900000,6.0650000,0.000000,0,0,0
20.060,-0.7022000,-0.9594000,9.7844000,56.0150000,29.3427000,60.9741000,-39.4430000,-11.2010000,6.4900000,0.000000,0,0,0
20.070,-0.7106000,-0.9510000,9.8144000,56.6330000,26.6953000,60.6766000,-39.3450000,-11.6930000,6.0690000,0.000000,0,0,0
20.080,-0.7118000,-0.9391000,9.8311000,57.2586000,23.9029000,60.5927000,-39.5000000,-11.3230000,5.7260000,0.000000,0,0,0
20.090,-0.6592000,-0.9343000,9.7940000,58.2352000,19.2719000,60.9207000,-39.6580000,-11.6480000,5.5790000,0.000000,0,0,0
20.100,-0.5874000,-0.9331000,9.7486000,58.6853000,15.9302000,61.3480000,-39.9130000,-11.4500000,5.8650000,0.000000,0,0,0
20.110,-0.5060000,-0.9307000,9.7139000,58.8226000,12.7640000,61.7828000,-39.8950000,-11.1730000,6.0470000,0.000000,0,0,0
20.120,-0.4271000,-0.9439000,9.6947000,58.8074000,10.1471000,62.0651000,-40.0070000,-11.2710000,5.0910000,0.000000,0,0,0
20.130,-0.3362000,-0.9654000,9.6792000,58.7769000,8.4381000,62.0575000,-40.0030000,-11.3680000,4.8020000,0.000000,0,0,0
20.140,-0.2333000,-0.9786000,9.6600000,58.6700000,7.4768000,61.6989000,-40.1280000,-11.2280000,4.0490000,0.000000,0,0,0
20.150,-0.1304000,-0.9845000,9.6385000,58.3954000,6.6910000,61.1877000,-40.4030000,-10.9650000,4.3340000,0.000000,0,0,0
20.160,-0.0323000,-0.9845000,9.6373000,58.0368000,5.7068000,60.7681000,-40.5180000,-11.4320000,4.1900000,0.000000,0,0,0
20.170,0.0646000,-0.9738000,9.6756000,57.8384000,4.5013000,60.5164000,-40.7200000,-11.0460000,3.8120000,0.000000,0,0,0
20.180,0.1412000,-0.9594000,9.7306000,58.0215000,3.3340000,60.4019000,-40.5560000,-11.3050000,3.7440000,0.000000,0,0,0
20.190,0.1962000,-0.9534000,9.7844000,58.7082000,2.4261000,60.3867000,-40.8790000,-11.3410000,3.9690000,0.000000,0,0,0
20.200,0.2452000,-0.9546000,9.8132000,59.7992000,2.1057000,60.3714000,-40.7230000,-11.0630000,3.5840000,0.000000,0,0,0
20.210,0.3051000,-0.9522000,9.7940000,60.8597000,2.4033000,60.2570000,-41.0860000,-11.2980000,3.4400000,0.000000,0,0,0
20.220,0.3840000,-0.9499000,9.7318000,61.3556000,3.0518000,60.0052000,-41.3640000,-11.2250000,3.3220000,0.000000,0,0,0
20.230,0.4701000,-0.9487000,9.6361000,61.0428000,3.6316000,59.6924000,-41.3240000,-11.5160000,2.7700000,0.000000,0,0,0
20.240,0.5563000,-0.9379000,9.5607000,60.0739000,3.8834000,59.3719000,-41.1270000,-11.3540000,3.5330000,0.000000,0,0,0
20.250,0.6364000,-0.9164000,9.5452000,58.9294000,3.6850000,59.1202000,-41.4740000,-11.2640000,3.4150000,0.000000,0,0,0
20.260,0.6950000,-0.8948000,9.5895000,58.2657000,2.8992000,59.0134000,-41.4840000,-11.0800000,2.6900000,0.000000,0,0,0
20.270,0.7202000,-0.8781000,9.6636000,58.5251000,1.5640000,59.1431000,-41.3380000,-10.8550000,2.4600000,0.000000,0,0,0
20.280,0.7441000,-0.8673000,9.7103000,59.5856000,0.0000000,59.4635000,-41.6010000,-10.9960000,2.4830000,0.000000,0,0,0
20.290,0.8015000,-0.8697000,9.6899000,60.9360000,-1.3580000,59.8450000,-41.6320000,-11.3790000,2.1430000,0.000000,0,0,0
20.300,0.8984000,-0.8721000,9.6026000,61.8439000,-2.1515000,60.0357000,-41.9230000,-10.8520000,1.3120000,0.000000,0,0,0
20.310,1.0276000,-0.8673000,9.4806000,61.7752000,-2.3422000,60.0357000,-41.9210000,-10.9930000,1.2670000,0.000000,0,0,0
20.320,1.1676000,-0.8733000,9.3610000,60.7605000,-2.2278000,59.9289000,-42.1270000,-10.7620000,1.1520000,0.000000,0,0,0
20.330,1.2896000,-0.8948000,9.2844000,59.2270000,-1.9302000,59.9060000,-42.2450000,-11.1400000,1.2970000,0.000000,0,0,0
20.340,1.4104000,-0.9032000,9.2509000,57.7011000,-1.5411000,60.1883000,-41.9360000,-11.2460000,0.4750000,0.000000,0,0,0
20.350,1.5384000,-0.8888000,9.2700000,56.5720000,-1.2970000,60.3027000,-42.1790000,-11.3470000,0.8420000,0.000000,0,0,0
20.360,1.6545000,-0.8888000,9.3191000,55.9311000,-0.6180000,60.0510000,-42.2760000,-10.8830000,0.8520000,0.000000,0,0,0
20.370,1.7550000,-0.9032000,9.3442000,55.7175000,0.6256000,59.6313000,-42.4670000,-11.2980000,0.5500000,0.000000,0,0,0
20.380,1.8447000,-0.9235000,9.3251000,55.7327000,2.3727000,59.1125000,-42.7910000,-11.2580000,0.4680000,0.000000,0,0,0
20.390,1.9224000,-0.9499000,9.2545000,55.7785000,4.2648000,58.6548000,-42.8310000,-11.0600000,-0.3060000,0.000000,0,0,0
20.400,1.9870000,-0.9714000,9.1516000,55.7556000,5.9280000,58.4335000,-43.0000000,-10.9340000,-0.1390000,0.000000,0,0,0
20.410,2.0552000,-0.9786000,9.0523000,55.6335000,7.1487000,58.4793000,-43.0410000,-11.0480000,-0.4700000,0.000000,0,0,0
20.420,2.1246000,-0.9726000,8.9853000,55.5725000,7.8888000,58.6700000,-42.9220000,-10.8780000,-0.5610000,0.000000,0,0,0
20.430,2.1988000,-0.9570000,8.9722000,55.7022000,8.2626000,58.8684000,-42.6960000,-10.7440000,-0.3790000,0.000000,0,0,0
20.440,2.2753000,-0.9343000,8.9949000,56.0532000,8.3618000,59.0057000,-42.8550000,-10.7600000,-1.5380000,0.000000,0,0,0
20.450,2.3435000,-0.9140000,9.0296000,56.5872000,8.3542000,59.0591000,-43.1350000,-10.9920000,-1.2710000,0.000000,0,0,0
20.460,2.4045000,-0.8936000,9.0487000,57.2281000,8.5297000,59.0134000,-43.0030000,-10.9960000,-0.9680000,0.000000,0,0,0
20.470,2.4667000,-0.8721000,9.0392000,57.7545000,8.9722000,58.8531000,-43.0600000,-10.9880000,-1.5860000,0.000000,0,0,0
20.480,2.5266000,-0.8589000,9.0152000,57.9376000,9.6512000,58.5785000,-43.0600000,-10.7580000,-1.5940000,0.000000,0,0,0
20.490,2.5684000,-0.8613000,8.9913000,57.7545000,10.4599000,58.1512000,-43.3410000,-10.6730000,-1.7470000,0.000000,0,0,0
20.500,2.5936000,-0.8817000,8.9734000,57.4341000,11.2305000,57.6859000,-43.2830000,-10.8960000,-1.1620000,0.000000,0,0,0
20.510,2.6342000,-0.9068000,8.9554000,57.1899000,11.8484000,57.3502000,-43.4470000,-10.6280000,-1.6470000,0.000000,0,0,0
20.520,2.7048000,-0.9235000,8.9255000,56.9839000,12.4054000,57.1136000,-43.3080000,-10.7050000,-2.5060000,0.000000,0,0,0
20.530,2.7933000,-0.9247000,8.8824000,56.5643000,12.8937000,56.9382000,-43.3780000,-10.9550000,-3.2710000,0.000000,0,0,0
20.540,2.8819000,-0.9164000,8.8394000,55.9082000,13.2217000,56.8008000,-43.3330000,-11.0250000,-3.1810000,0.000000,0,0,0
20.550,2.9548000,-0.9116000,8.7915000,55.2292000,13.2980000,56.7169000,-43.4280000,-10.7900000,-3.0860000,0.000000,0,0,0
20.560,3.0158000,-0.9128000,8.7413000,54.8477000,13.1302000,56.7017000,-43.6970000,-10.8800000,-2.1960000,0.000000,0,0,0
20.570,3.0697000,-0.9223000,8.6851000,54.8706000,12.9166000,56.6483000,-43.9020000,-10.8700000,-2.9040000,0.000000,0,0,0
20.580,3.1199000,-0.9367000,8.6240000,55.1910000,12.9242000,56.5262000,-43.5540000,-10.5280000,-2.8400000,0.000000,0,0,0
20.590,3.1726000,-0.9487000,8.5594000,55.5573000,13.2141000,56.3354000,-43.6200000,-10.9970000,-2.9700000,0.000000,0,0,0
20.600,3.2264000,-0.9522000,8.5032000,55.7098000,13.5498000,56.1295000,-43.6360000,-10.9200000,-3.1940000,0.000000,0,0,0
20.610,3.2754000,-0.9439000,8.4470000,55.4886000,13.5880000,56.0303000,-43.8390000,-10.6130000,-4.0850000,0.000000,0,0,0
20.620,3.3137000,-0.9343000,8.3908000,54.9545000,12.9776000,56.1295000,-43.7710000,-10.7530000,-4.5280000,0.000000,0,0,0
20.630,3.3604000,-0.9295000,8.3525000,54.3289000,11.7340000,56.4575000,-43.7950000,-10.5470000,-4.3080000,0.000000,0,0,0
20.640,3.4345000,-0.9283000,8.3465000,53.8254000,10.2386000,56.8619000,-43.8390000,-10.4900000,-4.2300000,0.000000,0,0,0
20.650,3.5398000,-0.9355000,8.3860000,53.4515000,9.0714000,57.0755000,-44.1310000,-10.2950000,-4.9800000,0.000000,0,0,0
20.660,3.6523000,-0.9522000,8.4673000,53.2684000,8.7738000,56.9153000,-44.0910000,-10.6510000,-4.9930000,0.000000,0,0,0
20.670,3.7563000,-0.9738000,8.5606000,53.3905000,9.5215000,56.3889000,-44.1230000,-10.6170000,-5.9130000,0.000000,0,0,0
20.680,3.8425000,-0.9881000,8.6348000,53.8025000,10.9253000,55.6946000,-44.3640000,-10.5860000,-5.5760000,0.000000,0,0,0
20.690,3.9095000,-0.9929000,8.6683000,54.3289000,12.4207000,55.0461000,-44.2820000,-10.4110000,-5.8810000,0.000000,0,0,0
20.700,4.0147000,-0.9905000,8.6240000,55.0461000,14.2441000,54.1916000,-44.4760000,-10.5630000,-5.5570000,0.000000,0,0,0
20.710,4.0877000,-0.9905000,8.5618000,55.4886000,15.0146000,53.6118000,-44.1990000,-10.6000000,-5.5690000,0.000000,0,0,0
20.720,4.1595000,-0.9869000,8.4948000,56.0455000,15.4724000,53.1006000,-44.2720000,-10.4010000,-5.8750000,0.000000,0,0,0
20.730,4.2133000,-0.9881000,8.4279000,56.8008000,15.9149000,52.6276000,-44.0490000,-10.4360000,-6.4100000,0.000000,0,0,0
20.740,4.2420000,-0.9917000,8.3597000,57.7011000,16.5405000,52.2079000,-44.2620000,-10.1750000,-6.3290000,0.000000,0,0,0
20.750,4.2612000,-0.9965000,8.2807000,58.6014000,17.3340000,51.9485000,-44.3890000,-10.1010000,-7.0310000,0.000000,0,0,0
20.760,4.2947000,-0.9905000,8.2018000,59.3338000,18.2724000,51.8646000,-44.3080000,-10.4010000,-7.2940000,0.000000,0,0,0
20.770,4.3342000,-0.9702000,8.1300000,59.7687000,19.3405000,51.9409000,-44.7610000,-10.4100000,-7.1410000,0.000000,0,0,0
20.780,4.3736000,-0.9463000,8.0738000,59.9060000,20.4620000,52.1545000,-44.2750000,-10.1290000,-7.0850000,0.000000,0,0,0
20.790,4.4083000,-0.9283000,8.0355000,59.9747000,21.5836000,52.4826000,-44.3110000,-10.2810000,-6.7290000,0.000000,0,0,0
20.800,4.4358000,-0.9104000,8.0139000,60.1959000,22.5601000,52.9099000,-44.2910000,-10.3920000,-7.0140000,0.000000,0,0,0
20.810,4.4729000,-0.8865000,7.9972000,60.6232000,23.1781000,53.4134000,-44.4990000,-10.1820000,-7.0920000,0.000000,0,0,0
20.820,4.5172000,-0.8553000,7.9673000,61.0352000,23.4222000,53.9246000,-44.3610000,-10.4180000,-7.4170000,0.000000,0,0,0
20.830,4.5591000,-0.8219000,7.9218000,61.0962000,23.3917000,54.3518000,-44.5210000,-9.8960000,-7.6070000,0.000000,0,0,0
20.840,4.5854000,-0.7931000,7.8668000,60.6461000,23.0560000,54.7562000,-44.1770000,-9.9610000,-7.9680000,0.000000,0,0,0
20.850,4.6045000,-0.7788000,7.8034000,59.8221000,22.3160000,55.2673000,-44.3470000,-10.1890000,-8.4410000,0.000000,0,0,0
20.860,4.6332000,-0.7716000,7.7484000,58.9523000,21.2326000,55.9158000,-44.2670000,-9.9860000,-8.3260000,0.000000,0,0,0
20.870,4.6775000,-0.7656000,7.7220000,58.3115000,20.0424000,56.5720000,-44.4870000,-9.9330000,-8.0570000,0.000000,0,0,0
20.880,4.7361000,-0.7668000,7.7220000,58.0673000,19.1345000,57.0984000,-44.4200000,-9.9740000,-8.8720000,0.000000,0,0,0
20.890,4.8067000,-0.7752000,7.7232000,58.2352000,18.8065000,57.3578000,-44.2880000,-9.9340000,-9.0180000,0.000000,0,0,0
20.900,4.8773000,-0.7848000,7.7101000,58.5556000,19.1269000,57.3730000,-44.4980000,-9.9020000,-8.3710000,0.000000,0,0,0
20.910,4.9419000,-0.7967000,7.6850000,58.7387000,19.9585000,57.2586000,-44.5340000,-9.9090000,-8.0860000,0.000000,0,0,0
20.920,4.9897000,-0.8075000,7.6467000,58.6929000,21.1029000,57.1213000,-44.5010000,-9.6680000,-8.7300000,0.000000,0,0,0
20.930,5.0172000,-0.8135000,7.6000000,58.5175000,22.1786000,57.0602000,-44.3940000,-10.1350000,-9.4550000,0.000000,0,0,0
20.940,5.0244000,-0.8123000,7.5534000,58.3267000,22.8348000,57.2128000,-44.1440000,-9.6030000,-8.3020000,0.000000,0,0,0
20.950,5.0304000,-0.8063000,7.5127000,58.2428000,22.7432000,57.6553000,-44.3110000,-10.0740000,-9.1040000,0.000000,0,0,0
20.960,5.0555000,-0.7991000,7.4660000,58.3725000,21.8964000,58.2733000,-44.4400000,-9.6860000,-9.5400000,0.000000,0,0,0
20.970,5.0878000,-0.7919000,7.4158000,58.6548000,20.7367000,58.8989000,-44.4380000,-9.7540000,-9.4570000,0.000000,0,0,0
20.980,5.1177000,-0.7812000,7.3679000,58.9218000,19.8669000,59.4177000,-44.2700000,-9.7370000,-9.1140000,0.000000,0,0,0
20.990,5.1524000,-0.7608000,7.3309000,59.0057000,19.7144000,59.7458000,-44.4920000,-9.9250000,-9.0440000,0.000000,0,0,0
21.000,5.1967000,-0.7369000,7.3129000,58.8303000,20.2866000,59.9136000,-44.5700000,-9.6360000,-9.7450000,0.000000,0,0,0
21.010,5.2469000,-0.7190000,7.3093000,58.5480000,21.3089000,60.0052000,-44.5350000,-9.8800000,-9.7070000,0.000000,0,0,0
21.020,5.3055000,-0.7106000,7.2998000,58.3496000,22.4380000,60.0662000,-44.0980000,-9.6850000,-10.0570000,0.000000,0,0,0
21.030,5.3749000,-0.7130000,7.2746000,58.2352000,23.3688000,60.1578000,-44.4690000,-9.7850000,-10.1040000,0.000000,0,0,0
21.040,5.4407000,-0.7190000,7.2352000,58.0826000,23.9716000,60.2493000,-44.2080000,-9.4080000,-9.7010000,0.000000,0,0,0
21.050,5.4946000,-0.7214000,7.1945000,57.7240000,24.1165000,60.3714000,-44.4480000,-10.0960000,-10.4810000,0.000000,0,0,0
21.060,5.5340000,-0.7238000,7.1610000,57.1442000,23.8342000,60.5850000,-43.9670000,-9.4540000,-10.9170000,0.000000,0,0,0
21.070,5.5687000,-0.7345000,7.1406000,56.5491000,23.4070000,60.7986000,-43.9440000,-9.5300000,-11.4290000,0.000000,0,0,0
21.080,5.6034000,-0.7537000,7.1215000,56.0989000,23.0484000,61.0123000,-44.1560000,-9.8610000,-11.0250000,0.000000,0,0,0
21.090,5.6453000,-0.7680000,7.0988000,55.7251000,22.8043000,61.2564000,-44.4740000,-9.6750000,-11.3050000,0.000000,0,0,0
21.100,5.6991000,-0.7764000,7.0784000,55.4123000,22.6288000,61.5463000,-43.9560000,-9.8170000,-11.1160000,0.000000,0,0,0
21.110,5.7577000,-0.7824000,7.0641000,55.3360000,22.4991000,61.7828000,-44.0520000,-9.7910000,-11.2400000,0.000000,0,0,0
21.120,5.8211000,-0.7836000,7.0461000,55.5649000,22.6593000,61.7981000,-44.1550000,-9.9580000,-11.7100000,0.000000,0,0,0
21.130,5.8905000,-0.7860000,7.0222000,56.0532000,23.3002000,61.5692000,-44.4840000,-9.9810000,-12.2470000,0.000000,0,0,0
21.140,5.9683000,-0.7991000,6.9935000,56.8008000,24.2920000,61.1267000,-43.8550000,-9.5860000,-12.6660000,0.000000,0,0,0
21.150,6.0437000,-0.8063000,6.9708000,57.8003000,25.5051000,60.4630000,-44.0920000,-9.5580000,-11.8830000,0.000000,0,0,0
21.160,6.0987000,-0.8063000,6.9492000,59.0057000,26.8631000,59.5627000,-44.0890000,-9.7060000,-11.8190000,0.000000,0,0,0
21.170,6.1262000,-0.7979000,6.9110000,60.2264000,28.2593000,58.5632000,-44.1850000,-10.0030000,-12.3410000,0.000000,0,0,0
21.180,6.1322000,-0.7788000,6.8583000,61.1572000,29.6860000,57.6477000,-44.1800000,-10.0780000,-11.9480000,0.000000,0,0,0
21.190,6.1154000,-0.7573000,6.8021000,61.6531000,31.0211000,56.9305000,-44.0100000,-9.8840000,-11.1170000,0.000000,0,0,0
21.200,6.0879000,-0.7429000,6.7483000,61.8057000,31.8985000,56.5720000,-44.1710000,-9.7580000,-12.2560000,0.000000,0,0,0
21.210,6.0724000,-0.7369000,6.6980000,61.8515000,32.1808000,56.5796000,-44.1950000,-9.8050000,-12.2110000,0.000000,0,0,0
21.220,6.0760000,-0.7297000,6.6597000,61.9202000,32.0282000,56.7551000,-44.2000000,-9.7000000,-12.0910000,0.000000,0,0,0
21.230,6.0903000,-0.7178000,6.6322000,61.9736000,31.8298000,56.8924000,-44.1200000,-9.9380000,-12.3270000,0.000000,0,0,0
21.240,6.0987000,-0.7082000,6.5975000,61.9583000,31.9061000,56.9077000,-44.0150000,-9.4740000,-11.9890000,0.000000,0,0,0
21.250,6.0939000,-0.7010000,6.5593000,61.9202000,32.2495000,56.9153000,-43.9710000,-9.5160000,-12.5790000,0.000000,0,0,0
21.260,6.0867000,-0.6903000,6.5281000,61.9125000,32.5623000,57.0602000,-44.0460000,-9.5550000,-12.2630000,0.000000,0,0,0
21.270,6.0915000,-0.6771000,6.4982000,61.9049000,32.7606000,57.3654000,-44.3390000,-9.6190000,-12.5120000,0.000000,0,0,0
21.280,6.1059000,-0.6544000,6.4301000,61.5005000,33.1802000,57.9681000,-44.2150000,-9.5950000,-12.4040000,0.000000,0,0,0
21.290,6.1023000,-0.6364000,6.3798000,60.6842000,33.5312000,58.4869000,-43.8740000,-9.5980000,-12.2990000,0.000000,0,0,0
21.300,6.0831000,-0.6269000,6.3355000,59.4025000,33.8364000,59.1049000,-43.9930000,-9.7160000,-12.8970000,0.000000,0,0,0
21.310,6.0724000,-0.6185000,6.3176000,57.8842000,33.7982000,59.8755000,-44.3620000,-9.9580000,-12.7130000,0.000000,0,0,0
21.320,6.0891000,-0.6149000,6.3140000,56.5491000,33.2489000,60.6918000,-43.9820000,-9.8210000,-12.8480000,0.000000,0,0,0
21.330,6.1441000,-0.6125000,6.3224000,55.7632000,32.0740000,61.3022000,-43.9110000,-9.9580000,-13.3190000,0.000000,0,0,0
21.340,6.2171000,-0.6113000,6.3367000,55.7556000,30.5176000,61.5692000,-43.7110000,-9.7000000,-12.9530000,0.000000,0,0,0
21.350,6.2841000,-0.6125000,6.3332000,56.5109000,29.2511000,61.4090000,-44.0700000,-9.8950000,-13.4310000,0.000000,0,0,0
21.360,6.3403000,-0.6173000,6.3068000,57.7011000,29.0680000,60.9436000,-44.1880000,-10.0000000,-13.3440000,0.000000,0,0,0
21.370,6.3906000,-0.6233000,6.2590000,58.7921000,30.3802000,60.3256000,-43.9660000,-9.6630000,-13.8380000,0.000000,0,0,0
21.380,6.4408000,-0.6316000,6.2063000,59.3185000,32.8979000,59.7076000,-44.0490000,-9.8810000,-13.3390000,0.000000,0,0,0
21.390,6.4731000,-0.6484000,6.1729000,59.2575000,35.8887000,59.1965000,-43.8060000,-9.8970000,-13.5200000,0.000000,0,0,0
21.400,6.4827000,-0.6723000,6.1561000,58.9676000,38.7268000,58.9523000,-43.9650000,-9.8260000,-14.7390000,0.000000,0,0,0
21.410,6.4911000,-0.6998000,6.1406000,58.7387000,41.0690000,58.9600000,-43.9130000,-9.9090000,-14.5910000,0.000000,0,0,0
21.420,6.5090000,-0.7214000,6.1118000,58.6700000,42.9382000,59.1202000,-43.7880000,-9.8360000,-14.3600000,0.000000,0,0,0
21.430,6.5222000,-0.7226000,6.0676000,58.7692000,44.4717000,59.2651000,-43.8620000,-9.8740000,-14.3820000,0.000000,0,0,0
21.440,6.5317000,-0.7166000,6.0221000,58.9905000,45.7687000,59.3567000,-43.6170000,-9.8570000,-14.1300000,0.000000,0,0,0
21.450,6.5473000,-0.6986000,5.9934000,59.3491000,47.2336000,59.4101000,-43.6000000,-9.8250000,-14.2550000,0.000000,0,0,0
21.460,6.5700000,-0.6723000,5.9982000,59.7916000,49.0112000,59.3643000,-43.4470000,-9.3480000,-14.4160000,0.000000,0,0,0
21.470,6.5904000,-0.6472000,6.0401000,60.1959000,50.9033000,59.3109000,-43.8130000,-9.8800000,-13.7160000,0.000000,0,0,0
21.480,6.5951000,-0.6340000,6.1071000,60.5240000,52.3987000,59.3719000,-43.8370000,-9.9130000,-13.8040000,0.000000,0,0,0
21.490,6.5904000,-0.6364000,6.1705000,60.9283000,53.0472000,59.6848000,-43.6230000,-10.0860000,-13.3320000,0.000000,0,0,0
21.500,6.5856000,-0.6412000,6.2016000,61.5692000,52.8107000,60.1501000,-43.8170000,-10.0290000,-13.4450000,0.000000,0,0,0
21.510,6.5760000,-0.6340000,6.1968000,62.2711000,51.7654000,60.6232000,-43.9170000,-9.7570000,-13.0530000,0.000000,0,0,0
21.520,6.5676000,-0.6137000,6.1657000,62.7365000,50.2472000,61.0123000,-43.9300000,-9.6760000,-13.0910000,0.000000,0,0,0
21.530,6.5676000,-0.5946000,6.1178000,62.7899000,48.8892000,61.2488000,-43.9400000,-10.0940000,-13.4610000,0.000000,0,0,0
21.540,6.5796000,-0.5790000,6.0700000,62.4313000,48.3398000,61.2335000,-43.5980000,-9.8450000,-13.5390000,0.000000,0,0,0
21.550,6.5880000,-0.5742000,6.0389000,61.7828000,48.7061000,60.9894000,-43.7070000,-9.7530000,-13.9480000,0.000000,0,0,0
21.560,6.5880000,-0.5754000,6.0437000,60.9665000,49.4766000,60.7147000,-43.7450000,-10.0520000,-14.0150000,0.000000,0,0,0
21.570,6.5856000,-0.5850000,6.0748000,60.1349000,49.8505000,60.6003000,-44.1000000,-9.8090000,-14.4220000,0.000000,0,0,0
21.580,6.5820000,-0.5946000,6.1142000,59.3948000,49.3164000,60.6995000,-43.9400000,-10.0800000,-14.0990000,0.000000,0,0,0
21.590,6.5832000,-0.5981000,6.1513000,58.8303000,47.8210000,60.9512000,-43.7480000,-10.1460000,-14.1880000,0.000000,0,0,0
21.600,6.5880000,-0.6089000,6.1693000,58.5556000,45.8221000,61.2640000,-43.8210000,-9.8670000,-14.1820000,0.000000,0,0,0
21.610,6.6023000,-0.6257000,6.1597000,58.6853000,44.0140000,61.5158000,-43.8130000,-9.9960000,-14.0690000,0.000000,0,0,0
21.620,6.6239000,-0.6376000,6.1286000,59.1965000,42.9764000,61.5387000,-43.9390000,-9.7060000,-13.9620000,0.000000,0,0,0
21.630,6.6322000,-0.6412000,6.0867000,59.8450000,43.1519000,61.2640000,-43.5390000,-9.8070000,-13.6160000,0.000000,0,0,0
21.640,6.6322000,-0.6364000,6.0377000,60.3561000,44.4870000,60.7758000,-43.7240000,-9.7200000,-13.7980000,0.000000,0,0,0
21.650,6.6191000,-0.6233000,5.9874000,60.6308000,46.3715000,60.2341000,-44.0310000,-9.7120000,-13.8950000,0.000000,0,0,0
21.660,6.5951000,-0.6077000,5.9360000,60.5545000,48.1720000,59.7992000,-43.8650000,-9.9890000,-13.5600000,0.000000,0,0,0
21.670,6.5736000,-0.5910000,5.8965000,60.1120000,49.3698000,59.5856000,-43.9770000,-10.1250000,-14.1410000,0.000000,0,0,0
21.680,6.5628000,-0.5910000,5.8786000,59.4940000,49.7131000,59.6542000,-43.9560000,-9.7810000,-13.6230000,0.000000,0,0,0
21.690,6.5700000,-0.5946000,5.8726000,58.8989000,49.4156000,59.9213000,-43.8780000,-10.1340000,-13.5950000,0.000000,0,0,0
21.700,6.5904000,-0.6029000,5.8678000,58.3878000,48.9655000,60.2798000,-43.6050000,-9.6000000,-14.0050000,0.000000,0,0,0
21.710,6.6143000,-0.6113000,5.8594000,57.9376000,48.8281000,60.5927000,-43.7610000,-10.2900000,-14.4060000,0.000000,0,0,0
21.720,6.6298000,-0.6173000,5.8499000,57.4722000,49.2477000,60.8368000,-43.5170000,-9.7430000,-14.1890000,0.000000,0,0,0
21.730,6.6250000,-0.6173000,5.8475000,57.0297000,50.1785000,61.0657000,-43.5860000,-10.0350000,-13.5310000,0.000000,0,0,0
21.740,6.6083000,-0.6113000,5.8522000,56.7169000,51.5747000,61.2869000,-43.6140000,-9.6240000,-14.0110000,0.000000,0,0,0
21.750,6.5951000,-0.5993000,5.8654000,56.5720000,53.3524000,61.4700000,-43.6120000,-10.0530000,-14.0020000,0.000000,0,0,0
21.760,6.5832000,-0.5826000,5.8845000,56.4499000,55.1834000,61.6074000,-43.4970000,-10.0810000,-14.0530000,0.000000,0,0,0
21.770,6.5676000,-0.5670000,5.9168000,56.1981000,56.3812000,61.8210000,-43.6030000,-10.2450000,-14.4530000,0.000000,0,0,0
21.780,6.5521000,-0.5563000,5.9647000,55.8701000,56.2820000,62.2177000,-43.6080000,-9.9360000,-13.8000000,0.000000,0,0,0
21.790,6.5545000,-0.5587000,6.0137000,55.7251000,55.0232000,62.7136000,-44.2190000,-10.0150000,-14.4660000,0.000000,0,0,0
21.800,6.5832000,-0.5635000,6.0592000,55.9235000,53.3829000,63.0875000,-43.6490000,-9.8020000,-14.2730000,0.000000,0,0,0
21.810,6.6322000,-0.5706000,6.0975000,56.4651000,52.1088000,63.1332000,-44.1220000,-10.0340000,-14.1190000,0.000000,0,0,0
21.820,6.6777000,-0.5706000,6.1226000,57.2586000,51.5976000,62.7670000,-43.5550000,-10.0610000,-14.9270000,0.000000,0,0,0
21.830,6.7040000,-0.5718000,6.1370000,58.1894000,51.8112000,62.1185000,-43.6360000,-9.9260000,-14.0670000,0.000000,0,0,0
21.840,6.7124000,-0.5730000,6.1226000,59.1202000,52.3148000,61.4319000,-43.6620000,-9.9960000,-14.0740000,0.000000,0,0,0
21.850,6.7088000,-0.5754000,6.0795000,59.8831000,52.7115000,60.8139000,-43.8230000,-10.1490000,-14.2740000,0.000000,0,0,0
21.860,6.7040000,-0.5886000,6.0269000,60.1578000,53.0624000,60.3790000,-43.5930000,-9.9040000,-14.4310000,0.000000,0,0,0
21.870,6.7028000,-0.5993000,5.9791000,59.7763000,53.4286000,60.0967000,-43.7520000,-9.9630000,-14.4660000,0.000000,0,0,0
21.880,6.6920000,-0.6137000,5.9563000,58.8989000,53.7186000,59.9518000,-43.7810000,-10.1930000,-14.1490000,0.000000,0,0,0
21.890,6.6729000,-0.6281000,5.9611000,57.4875000,53.5507000,59.9594000,-44.0040000,-9.9650000,-13.7870000,0.000000,0,0,0
21.900,6.6777000,-0.6281000,5.9779000,56.9839000,53.3066000,59.8984000,-43.7270000,-9.7730000,-13.6450000,0.000000,0,0,0
21.910,6.7040000,-0.6245000,6.0018000,56.9916000,53.3905000,59.6466000,-44.0180000,-10.0150000,-13.7670000,0.000000,0,0,0
21.920,6.7375000,-0.6209000,6.0269000,57.3883000,53.8940000,59.1736000,-43.8320000,-10.1370000,-13.7180000,0.000000,0,0,0
21.930,6.7542000,-0.6185000,6.0425000,57.9834000,54.6341000,58.6624000,-43.6940000,-10.0120000,-12.8520000,0.000000,0,0,0
21.940,6.7542000,-0.6233000,6.0353000,58.5785000,55.3207000,58.3572000,-43.6360000,-9.6740000,-14.0040000,0.000000,0,0,0
21.950,6.7375000,-0.6281000,6.0090000,59.0134000,55.7938000,58.3572000,-43.7670000,-9.7480000,-13.3230000,0.000000,0,0,0
21.960,6.7028000,-0.6257000,5.9743000,59.1278000,55.9921000,58.6014000,-43.7570000,-9.7660000,-13.8400000,0.000000,0,0,0
21.970,6.6741000,-0.6149000,5.9408000,58.8226000,55.8929000,59.0439000,-43.8970000,-9.7700000,-13.1390000,0.000000,0,0,0
21.980,6.6657000,-0.6017000,5.9121000,58.1055000,55.6717000,59.4864000,-43.7570000,-10.0550000,-13.8920000,0.000000,0,0,0
21.990,6.6753000,-0.5910000,5.9013000,57.1823000,55.5344000,59.7763000,-43.8080000,-10.1490000,-13.2790000,0.000000,0,0,0
22.000,6.6980000,-0.5958000,5.9192000,56.3660000,55.4962000,59.9289000,-43.7140000,-10.0180000,-14.0940000,0.000000,0,0,0
22.010,6.7279000,-0.6161000,5.9587000,55.9540000,55.5496000,60.0204000,-43.6560000,-10.0600000,-13.8130000,0.000000,0,0,0
22.020,6.7542000,-0.6412000,6.0030000,55.9845000,55.5954000,60.1196000,-43.4750000,-9.6480000,-14.2450000,0.000000,0,0,0
22.030,6.7626000,-0.6615000,6.0413000,56.3736000,55.6030000,60.2112000,-43.5450000,-9.6040000,-13.6020000,0.000000,0,0,0
22.040,6.7519000,-0.6687000,6.0628000,56.9763000,55.7785000,60.1883000,-43.8270000,-9.9380000,-14.1040000,0.000000,0,0,0
22.050,6.7267000,-0.6568000,6.0676000,57.5790000,56.2897000,59.9976000,-43.7940000,-9.9760000,-13.6960000,0.000000,0,0,0
22.060,6.6896000,-0.6316000,6.0628000,57.9681000,57.1594000,59.7000000,-43.5750000,-9.9080000,-13.3190000,0.000000,0,0,0
22.070,6.6514000,-0.6005000,6.0556000,57.9681000,58.1360000,59.3872000,-43.8580000,-10.0620000,-13.2520000,0.000000,0,0,0
22.080,6.6119000,-0.5742000,6.0628000,57.6172000,58.7845000,59.1736000,-43.5990000,-10.0040000,-13.2470000,0.000000,0,0,0
22.090,6.5748000,-0.5551000,6.0903000,57.1213000,58.8150000,59.1202000,-43.7670000,-10.0570000,-13.7310000,0.000000,0,0,0
22.100,6.5449000,-0.5455000,6.1250000,56.7627000,58.1131000,59.2499000,-43.9100000,-10.2220000,-13.1000000,0.000000,0,0,0
22.110,6.5258000,-0.5443000,6.1501000,56.7093000,56.9153000,59.4788000,-44.0960000,-9.8190000,-13.9390000,0.000000,0,0,0
22.120,6.5174000,-0.5467000,6.1477000,56.8008000,55.7022000,59.6619000,-43.7440000,-9.6460000,-13.8540000,0.000000,0,0,0
22.130,6.5162000,-0.5527000,6.1250000,56.8008000,54.9011000,59.7305000,-43.9670000,-9.6250000,-14.1550000,0.000000,0,0,0
22.140,6.5210000,-0.5646000,6.0951000,56.6864000,54.7714000,59.6771000,-43.8530000,-9.9350000,-14.0770000,0.000000,0,0,0
22.150,6.5210000,-0.5802000,6.0604000,56.5338000,55.3894000,59.5169000,-44.0530000,-9.4730000,-13.4790000,0.000000,0,0,0
22.160,6.5186000,-0.5981000,6.0281000,56.4423000,56.6940000,59.3719000,-43.9340000,-9.6640000,-13.5030000,0.000000,0,0,0
22.170,6.5162000,-0.6173000,6.0233000,56.4880000,58.3801000,59.3033000,-43.9440000,-9.7030000,-13.6150000,0.000000,0,0,0
22.180,6.5150000,-0.6316000,6.0508000,56.7093000,59.9365000,59.3796000,-43.9790000,-9.3200000,-13.6050000,0.000000,0,0,0
22.190,6.5174000,-0.6424000,6.0879000,57.1136000,60.8826000,59.6161000,-43.6540000,-9.7710000,-13.3270000,0.000000,0,0,0
22.200,6.5210000,-0.6436000,6.1118000,57.6172000,61.1191000,59.8907000,-43.7160000,-9.5400000,-13.4900000,0.000000,0,0,0
22.210,6.5174000,-0.6388000,6.1214000,58.1360000,60.7376000,60.1425000,-43.6850000,-9.7880000,-13.3680000,0.000000,0,0,0
22.220,6.5066000,-0.6257000,6.1286000,58.6624000,59.9747000,60.3104000,-43.3470000,-9.5420000,-13.0770000,0.000000,0,0,0
22.230,6.4911000,-0.6101000,6.1262000,59.2041000,59.0210000,60.4019000,-43.8180000,-9.7270000,-12.9520000,0.000000,0,0,0
22.240,6.4791000,-0.5910000,6.1106000,59.6848000,58.1055000,60.4324000,-43.5910000,-9.7580000,-12.9660000,0.000000,0,0,0
22.250,6.4755000,-0.5742000,6.0915000,59.9136000,57.3654000,60.4324000,-43.8510000,-9.7970000,-13.1870000,0.000000,0,0,0
22.260,6.4839000,-0.5658000,6.0760000,59.8145000,56.8771000,60.4019000,-43.9900000,-9.9510000,-14.0060000,0.000000,0,0,0
22.270,6.4994000,-0.5635000,6.0831000,59.4864000,56.6864000,60.3714000,-43.9580000,-10.1420000,-13.8460000,0.000000,0,0,0
22.280,6.5102000,-0.5658000,6.1250000,59.1431000,56.7017000,60.3638000,-44.0780000,-10.0330000,-13.8880000,0.000000,0,0,0
22.290,6.4994000,-0.5742000,6.1848000,59.0591000,56.5720000,60.4782000,-43.9680000,-9.7280000,-13.4350000,0.000000,0,0,0
22.300,6.4743000,-0.5766000,6.2255000,59.3185000,56.0760000,60.7300000,-44.0390000,-9.9630000,-13.0080000,0.000000,0,0,0
22.310,6.4504000,-0.5682000,6.2279000,59.6695000,55.3284000,61.0428000,-43.9460000,-9.9270000,-13.9660000,0.000000,0,0,0
22.320,6.4396000,-0.5527000,6.1992000,59.7458000,54.6646000,61.2869000,-43.8960000,-9.7780000,-13.4930000,0.000000,0,0,0
22.330,6.4396000,-0.5347000,6.1561000,59.3643000,54.4586000,61.3403000,-43.6070000,-9.7250000,-13.3380000,0.000000,0,0,0
22.340,6.4480000,-0.5276000,6.1178000,58.6090000,54.8172000,61.2183000,-43.9040000,-9.8940000,-13.3250000,0.000000,0,0,0
22.350,6.4612000,-0.5347000,6.1011000,57.7316000,55.6183000,61.0504000,-43.6900000,-9.6270000,-13.1090000,0.000000,0,0,0
22.360,6.4827000,-0.5551000,6.1047000,56.9839000,56.7093000,60.8978000,-43.7850000,-9.3340000,-12.5750000,0.000000,0,0,0
22.370,6.5078000,-0.5790000,6.1262000,56.5033000,58.0826000,60.7376000,-43.9320000,-9.9710000,-13.0040000,0.000000,0,0,0
22.380,6.5246000,-0.6041000,6.1609000,56.3583000,59.6390000,60.5621000,-43.8910000,-9.5200000,-13.4230000,0.000000,0,0,0
22.390,6.5281000,-0.6245000,6.1956000,56.4957000,61.3327000,60.3867000,-43.8570000,-9.9390000,-13.5560000,0.000000,0,0,0
22.400,6.5234000,-0.6328000,6.2219000,56.8390000,63.1866000,60.1578000,-44.1380000,-9.5030000,-12.6990000,0.000000,0,0,0
22.410,6.5138000,-0.6316000,6.2386000,57.2891000,65.2695000,59.8145000,-44.1000000,-9.7450000,-12.4970000,0.000000,0,0,0
22.420,6.5030000,-0.6233000,6.2554000,57.7698000,67.7567000,59.3719000,-44.0510000,-9.7380000,-13.1540000,0.000000,0,0,0
22.430,6.4887000,-0.6161000,6.2709000,58.2047000,70.7169000,58.8531000,-44.0420000,-9.5430000,-13.2260000,0.000000,0,0,0
22.440,6.4683000,-0.6161000,6.2973000,58.6014000,74.1882000,58.3115000,-43.9960000,-9.9220000,-12.5780000,0.000000,0,0,0
22.450,6.4360000,-0.6113000,6.3344000,58.8989000,77.9114000,57.8461000,-44.0740000,-9.5090000,-12.4970000,0.000000,0,0,0
22.460,6.3930000,-0.5993000,6.3834000,59.0134000,81.2378000,57.5180000,-43.9130000,-9.5350000,-12.4790000,0.000000,0,0,0
22.470,6.3403000,-0.5898000,6.4408000,59.0057000,83.6029000,57.4036000,-44.1600000,-9.7610000,-12.0910000,0.000000,0,0,0
22.480,6.2877000,-0.5754000,6.5114000,58.9447000,84.6558000,57.5104000,-44.2840000,-9.7500000,-12.0530000,0.000000,0,0,0
22.490,6.2446000,-0.5575000,6.5820000,58.9066000,84.4955000,57.7927000,-44.3740000,-9.4510000,-11.5610000,0.000000,0,0,0
22.500,6.1800000,-0.5431000,6.6322000,58.8226000,83.0154000,58.2809000,-44.2530000,-9.4590000,-10.9820000,0.000000,0,0,0
22.510,6.1417000,-0.5276000,6.6227000,58.5175000,81.9778000,58.5403000,-44.3640000,-9.4840000,-10.9180000,0.000000,0,0,0
22.520,6.1035000,-0.5180000,6.6035000,57.8995000,81.1615000,58.7769000,-44.4310000,-9.5520000,-11.2790000,0.000000,0,0,0
22.530,6.0628000,-0.5156000,6.5963000,57.1060000,80.4977000,59.0820000,-44.3230000,-9.3860000,-11.8260000,0.000000,0,0,0
22.540,6.0317000,-0.5144000,6.6155000,56.3049000,79.8035000,59.4864000,-44.3230000,-9.4580000,-11.2070000,0.000000,0,0,0
22.550,6.0030000,-0.5120000,6.6729000,55.6946000,79.0100000,59.9213000,-44.5970000,-9.6040000,-11.7530000,0.000000,0,0,0
22.560,5.9719000,-0.5120000,6.7471000,55.3970000,78.0869000,60.3027000,-44.5920000,-9.3680000,-12.3210000,0.000000,0,0,0
22.570,5.9360000,-0.5132000,6.8129000,55.4199000,77.1713000,60.5621000,-44.3960000,-9.4800000,-11.8190000,0.000000,0,0,0
22.580,5.8869000,-0.5192000,6.8500000,55.6793000,76.4542000,60.6995000,-44.3490000,-9.3260000,-11.6670000,0.000000,0,0,0
22.590,5.8331000,-0.5300000,6.8655000,55.8853000,75.9201000,60.8444000,-44.4600000,-9.3300000,-10.8560000,0.000000,0,0,0
22.600,5.7829000,-0.5443000,6.8763000,55.8395000,75.3174000,61.1877000,-44.0180000,-9.4750000,-11.3470000,0.000000,0,0,0
22.610,5.7338000,-0.5635000,6.8882000,55.6793000,74.5850000,61.6531000,-44.3710000,-9.2970000,-11.3220000,0.000000,0,0,0
22.620,5.6824000,-0.5838000,6.9050000,55.6107000,73.8525000,62.1643000,-44.3490000,-9.4190000,-10.6560000,0.000000,0,0,0
22.630,5.6441000,-0.5981000,6.9253000,55.7480000,73.2422000,62.6755000,-44.3750000,-9.8410000,-10.1310000,0.000000,0,0,0
22.640,5.6261000,-0.6065000,6.9445000,56.0150000,72.9828000,63.0798000,-44.2860000,-9.2830000,-10.7540000,0.000000,0,0,0
22.650,5.6285000,-0.5969000,6.9660000,56.2439000,73.1964000,63.2248000,-44.4190000,-9.6400000,-11.1810000,0.000000,0,0,0
22.660,5.6345000,-0.5862000,6.9959000,56.3431000,73.9594000,63.0951000,-44.4240000,-9.8190000,-10.6300000,0.000000,0,0,0
22.670,5.6345000,-0.5790000,7.0258000,56.1676000,75.1419000,62.8281000,-44.3770000,-9.4550000,-9.8340000,0.000000,0,0,0
22.680,5.6261000,-0.5790000,7.0521000,55.7022000,76.3474000,62.5763000,-44.3250000,-9.7480000,-9.7060000,0.000000,0,0,0
22.690,5.6082000,-0.5850000,7.0844000,55.1071000,77.2476000,62.4390000,-44.3850000,-9.6140000,-9.8170000,0.000000,0,0,0
22.700,5.5879000,-0.5958000,7.1299000,54.6875000,77.7588000,62.4084000,-44.4480000,-9.7920000,-9.5420000,0.000000,0,0,0
22.710,5.5735000,-0.6053000,7.1897000,54.6417000,77.9800000,62.4008000,-44.6320000,-9.6530000,-9.7410000,0.000000,0,0,0
22.720,5.5783000,-0.6113000,7.2507000,54.8935000,78.2394000,62.3474000,-44.7030000,-9.8690000,-9.9150000,0.000000,0,0,0
22.730,5.5903000,-0.6149000,7.3057000,55.3436000,78.6743000,62.1414000,-44.7570000,-9.7800000,-8.8970000,0.000000,0,0,0
22.740,5.5962000,-0.6161000,7.3368000,55.9006000,79.1473000,61.7676000,-44.7150000,-9.7090000,-9.6250000,0.000000,0,0,0
22.750,5.5855000,-0.6125000,7.3392000,56.4194000,79.4449000,61.2488000,-44.4580000,-9.7080000,-9.0910000,0.000000,0,0,0
22.760,5.5627000,-0.6053000,7.3213000,56.7017000,79.5288000,60.6842000,-44.4310000,-10.1190000,-9.8270000,0.000000,0,0,0
22.770,5.5328000,-0.5969000,7.2998000,56.6025000,79.4983000,60.1807000,-44.7460000,-10.0550000,-9.3780000,0.000000,0,0,0
22.780,5.4922000,-0.5946000,7.2878000,56.1905000,79.3533000,59.6848000,-44.5670000,-9.7600000,-9.4140000,0.000000,0,0,0
22.790,5.4347000,-0.6029000,7.2890000,55.6259000,79.0634000,59.1965000,-44.4270000,-9.8860000,-9.1900000,0.000000,0,0,0
22.800,5.3737000,-0.6137000,7.3201000,55.1071000,78.5294000,58.7921000,-44.5050000,-9.7700000,-8.9200000,0.000000,0,0,0
22.810,5.3103000,-0.6173000,7.3883000,54.8782000,77.7969000,58.4793000,-44.4050000,-9.8130000,-9.5220000,0.000000,0,0,0
22.820,5.2589000,-0.6173000,7.4636000,55.0461000,77.0645000,58.1970000,-44.4560000,-9.6270000,-8.6170000,0.000000,0,0,0
22.830,5.2254000,-0.6173000,7.5187000,55.5115000,76.6754000,57.8232000,-44.4280000,-9.8010000,-8.8160000,0.000000,0,0,0
22.840,5.1955000,-0.6161000,7.5522000,56.0913000,76.9730000,57.3044000,-44.5890000,-9.6240000,-8.5610000,0.000000,0,0,0
22.850,5.1668000,-0.6197000,7.5617000,56.6254000,78.1937000,56.7017000,-44.5130000,-9.7000000,-8.2050000,0.000000,0,0,0
22.860,5.1273000,-0.6257000,7.5629000,56.9534000,80.2917000,56.0837000,-44.6580000,-9.3410000,-7.8450000,0.000000,0,0,0
22.870,5.0699000,-0.6376000,7.5629000,57.0450000,83.0307000,55.5725000,-44.6590000,-9.5940000,-7.9610000,0.000000,0,0,0
22.880,5.0053000,-0.6544000,7.5677000,57.0602000,86.0748000,55.2444000,-44.6670000,-9.8550000,-8.0990000,0.000000,0,0,0
22.890,4.9347000,-0.6627000,7.5821000,57.0908000,89.0884000,55.0842000,-44.6390000,-9.6460000,-7.3340000,0.000000,0,0,0
22.900,4.8617000,-0.6520000,7.6216000,57.1136000,91.7130000,55.0461000,-44.7150000,-9.5990000,-7.4040000,0.000000,0,0,0
22.910,4.8043000,-0.6209000,7.6885000,57.0145000,93.5898000,55.1147000,-44.5870000,-9.7380000,-7.0610000,0.000000,0,0,0
22.920,11.6196000,3.6439000,0.0000000,57.0068000,52.5436000,59.8526000,-44.6880000,-9.6520000,-7.1130000,0.000000,0,0,0
22.930,4.7265000,-0.5670000,7.8572000,57.0374000,94.5282000,55.3513000,-44.7970000,-9.4310000,-6.6280000,0.000000,0,0,0
22.940,4.6679000,-0.5682000,7.9254000,57.7164000,94.0628000,55.4123000,-44.8140000,-9.3320000,-6.7650000,0.000000,0,0,0
22.950,4.6009000,-0.5790000,7.9757000,58.9142000,93.5440000,55.5038000,-44.7200000,-9.2450000,-6.8200000,0.000000,0,0,0
22.960,4.5459000,-0.5874000,8.0127000,60.3943000,93.4906000,55.5878000,-44.5830000,-9.4160000,-6.6880000,0.000000,0,0,0
22.970,4.5064000,-0.5898000,8.0295000,61.8515000,94.3222000,55.5420000,-44.5130000,-9.4040000,-5.5800000,0.000000,0,0,0
22.980,4.4717000,-0.5862000,8.0343000,62.9425000,96.1609000,55.2750000,-44.5420000,-9.2970000,-5.6690000,0.000000,0,0,0
22.990,4.4334000,-0.5694000,8.0438000,63.3087000,98.7930000,54.8401000,-44.2650000,-9.1190000,-5.1280000,0.000000,0,0,0
23.000,4.3748000,-0.5443000,8.0618000,62.8204000,101.6235000,54.3594000,-44.4890000,-9.0420000,-5.0150000,0.000000,0,0,0
23.010,4.2911000,-0.5276000,8.0965000,61.7294000,104.0115000,54.0390000,-44.4940000,-9.1250000,-5.1250000,0.000000,0,0,0
23.020,4.2038000,-0.5192000,8.1742000,60.5621000,105.3619000,54.1534000,-44.3560000,-9.4690000,-4.8480000,0.000000,0,0,0
23.030,4.1320000,-0.5072000,8.2927000,59.9289000,105.3772000,54.7409000,-44.5150000,-9.1320000,-5.2640000,0.000000,0,0,0
23.040,4.0674000,-0.5012000,8.3884000,60.1501000,104.2938000,55.5801000,-44.4740000,-9.0560000,-5.1650000,0.000000,0,0,0
23.050,4.0004000,-0.4989000,8.4099000,60.9283000,102.6993000,56.3660000,-44.3270000,-9.1820000,-4.6330000,0.000000,0,0,0
23.060,3.9250000,-0.5024000,8.3561000,61.6913000,101.3565000,56.9611000,-44.1620000,-8.8630000,-4.9390000,0.000000,0,0,0
23.070,3.8568000,-0.5276000,8.2819000,62.2635000,100.6470000,57.4722000,-44.1920000,-9.1540000,-3.9870000,0.000000,0,0,0
23.080,3.8126000,-0.5312000,8.2030000,62.3245000,101.1276000,57.9300000,-44.3130000,-9.0230000,-3.6160000,0.000000,0,0,0
23.090,3.7575000,-0.5407000,8.1216000,61.3937000,103.2715000,57.8461000,-44.1370000,-9.1330000,-3.5280000,0.000000,0,0,0
23.100,3.6594000,-0.5551000,8.0893000,59.5856000,106.6818000,57.3654000,-44.0460000,-8.7830000,-2.9350000,0.000000,0,0,0
23.110,3.4788000,-0.5180000,8.3142000,55.7098000,111.2747000,57.0221000,-44.4770000,-9.2460000,-3.2300000,0.000000,0,0,0
23.120,3.3305000,-0.4677000,8.6157000,53.0167000,112.2208000,57.4799000,-44.3360000,-9.0470000,-2.8150000,0.000000,0,0,0
23.130,3.1809000,-0.4486000,8.9016000,51.3916000,110.9695000,58.5938000,-43.8990000,-8.9590000,-2.7200000,0.000000,0,0,0
23.140,3.0577000,-0.4570000,9.0667000,51.6281000,108.2535000,59.9899000,-43.6530000,-8.8720000,-1.9040000,0.000000,0,0,0
23.150,2.9847000,-0.4677000,9.0822000,53.4134000,105.2399000,61.2183000,-43.7720000,-8.9910000,-1.8130000,0.000000,0,0,0
23.160,2.9477000,-0.4666000,8.9853000,55.7022000,103.0884000,62.0041000,-43.5490000,-8.7800000,-2.2500000,0.000000,0,0,0
23.170,2.9369000,-0.4642000,8.8490000,57.5714000,102.7679000,62.1414000,-43.6260000,-9.0800000,-1.5880000,0.000000,0,0,0
23.180,2.9142000,-0.4773000,8.7221000,58.7311000,104.5914000,61.5616000,-43.6830000,-8.9590000,-1.0490000,0.000000,0,0,0
23.190,2.8340000,-0.4965000,8.6097000,58.9371000,107.7194000,60.5011000,-43.6890000,-9.3110000,-1.4870000,0.000000,0,0,0
23.200,2.6833000,-0.5036000,8.5379000,57.7927000,110.2142000,59.7458000,-43.5930000,-9.2710000,-0.9260000,0.000000,0,0,0
23.210,2.5038000,-0.5072000,8.5642000,55.4276000,110.3363000,60.0433000,-43.3400000,-8.9800000,-0.4950000,0.000000,0,0,0
23.220,2.3615000,-0.4941000,8.7796000,52.8412000,108.1085000,61.5387000,-43.1970000,-9.1260000,0.1230000,0.000000,0,0,0
23.230,2.2957000,-0.4677000,9.1145000,51.2619000,104.9652000,63.5223000,-43.2920000,-9.1120000,0.4670000,0.000000,0,0,0
23.240,2.2825000,-0.4606000,9.3897000,51.2543000,102.3560000,65.1398000,-43.3620000,-8.9380000,0.4090000,0.000000,0,0,0
23.250,2.2598000,-0.4821000,9.5237000,52.6352000,101.1581000,65.9790000,-43.3100000,-9.2890000,0.9900000,0.000000,0,0,0
23.260,2.2095000,-0.5216000,9.5452000,54.7867000,101.7456000,66.0477000,-43.1040000,-9.0740000,1.2430000,0.000000,0,0,0
23.270,2.1485000,-0.5599000,9.4985000,57.1060000,104.1260000,65.5212000,-42.7320000,-9.0670000,1.3580000,0.000000,0,0,0
23.280,2.0744000,-0.6017000,9.3945000,59.0591000,107.8873000,64.6057000,-42.6950000,-8.9220000,1.4420000,0.000000,0,0,0
23.290,1.9787000,-0.6388000,9.2521000,60.0739000,112.0071000,63.6902000,-42.9630000,-9.1990000,1.8480000,0.000000,0,0,0
23.300,1.8542000,-0.6257000,9.1289000,59.4330000,115.0284000,63.1866000,-42.6700000,-9.2860000,2.5870000,0.000000,0,0,0
23.310,1.7047000,-0.5790000,9.0870000,56.9229000,115.8752000,63.4918000,-42.3770000,-9.0780000,2.4870000,0.000000,0,0,0
23.320,1.5600000,-0.5192000,9.1684000,53.3524000,115.0055000,64.3997000,-42.2790000,-9.2820000,2.5470000,0.000000,0,0,0
23.330,1.4296000,-0.4534000,9.3394000,50.0412000,113.6017000,65.3381000,-42.1950000,-9.5060000,2.7920000,0.000000,0,0,0
23.340,1.3028000,-0.4103000,9.5464000,48.0652000,112.3505000,66.0095000,-42.2940000,-9.3690000,2.6260000,0.000000,0,0,0
23.350,1.1951000,-0.3864000,9.7175000,47.8363000,111.2747000,66.2994000,-42.1300000,-9.3410000,3.0100000,0.000000,0,0,0
23.360,1.0886000,-0.3984000,9.7785000,49.1638000,110.2676000,66.2918000,-42.1420000,-9.6750000,3.7130000,0.000000,0,0,0
23.370,0.9881000,-0.4534000,9.7198000,51.3306000,109.2300000,66.2308000,-41.7470000,-9.5310000,3.8300000,0.000000,0,0,0
23.380,0.9403000,-0.5240000,9.6373000,53.5965000,108.3145000,66.1621000,-41.6050000,-9.4310000,3.5230000,0.000000,0,0,0
23.390,0.9475000,-0.5754000,9.6170000,55.4657000,108.0246000,65.8417000,-41.4390000,-9.3930000,3.9470000,0.000000,0,0,0
23.400,0.9546000,-0.5993000,9.6409000,56.5186000,108.6121000,65.0101000,-41.2690000,-9.2290000,4.2200000,0.000000,0,0,0
23.410,0.9116000,-0.6005000,9.6624000,56.3965000,109.4894000,63.7970000,-41.2270000,-9.5260000,4.5260000,0.000000,0,0,0
23.420,0.8087000,-0.5838000,9.6624000,55.1682000,109.5963000,62.8052000,-41.3260000,-9.4600000,4.9080000,0.000000,0,0,0
23.430,0.6711000,-0.5694000,9.6361000,53.4668000,108.4518000,62.4084000,-41.1870000,-9.5070000,4.4120000,0.000000,0,0,0
23.440,0.5515000,-0.5611000,9.5942000,51.9943000,106.4911000,62.4847000,-41.4390000,-9.5950000,4.6710000,0.000000,0,0,0
23.450,0.4666000,-0.5611000,9.5464000,51.1627000,104.8203000,62.6297000,-41.0140000,-9.6210000,5.4080000,0.000000,0,0,0
23.460,0.4115000,-0.5838000,9.5069000,51.0406000,104.2175000,62.5229000,-40.8540000,-9.5120000,5.3210000,0.000000,0,0,0
23.470,0.3732000,-0.6352000,9.5021000,51.6357000,104.8889000,62.1262000,-40.8170000,-9.7260000,5.6110000,0.000000,0,0,0
23.480,0.3170000,-0.7130000,9.5464000,53.0853000,106.5292000,61.5768000,-40.8080000,-9.6440000,5.2340000,0.000000,0,0,0
23.490,0.2249000,-0.7860000,9.6074000,55.2673000,108.4137000,61.0657000,-40.3330000,-9.7340000,6.0160000,0.000000,0,0,0
23.500,0.0885000,-0.8314000,9.6421000,57.6248000,109.4666000,60.9741000,-40.2620000,-9.5140000,6.3060000,0.000000,0,0,0
23.510,-0.0586000,-0.8374000,9.6313000,59.4940000,109.0927000,61.6608000,-40.0300000,-9.7330000,6.9790000,0.000000,0,0,0
23.520,-0.1794000,-0.8183000,9.5775000,60.6384000,107.4905000,62.9501000,-40.0310000,-9.7330000,5.9890000,0.000000,0,0,0
23.530,-0.2584000,-0.7716000,9.4938000,61.2030000,105.3238000,64.3616000,-39.6920000,-9.7310000,7.1810000,0.000000,0,0,0
23.540,-0.3003000,-0.7130000,9.4172000,61.3785000,103.3325000,65.3687000,-39.5480000,-9.7590000,6.6710000,0.000000,0,0,0
23.550,-0.3314000,-0.6568000,9.3765000,61.4548000,102.1500000,65.6281000,-39.6350000,-9.8320000,7.1780000,0.000000,0,0,0
23.560,-0.3840000,-0.6185000,9.3729000,61.8057000,101.9669000,65.1169000,-39.4760000,-9.8730000,7.6410000,0.000000,0,0,0
23.570,-0.4713000,-0.6089000,9.3801000,62.5687000,102.6993000,64.0335000,-39.3500000,-9.4240000,7.7170000,0.000000,0,0,0
23.580,-0.5814000,-0.6161000,9.3921000,63.5529000,104.1946000,62.7060000,-39.1050000,-9.5370000,8.2180000,0.000000,0,0,0
23.590,-0.6998000,-0.6149000,9.4244000,64.3158000,106.3385000,61.3403000,-38.9730000,-9.5620000,8.1760000,0.000000,0,0,0
23.600,-0.8099000,-0.5993000,9.4770000,64.3005000,108.8867000,59.9823000,-38.8280000,-9.6540000,7.7860000,0.000000,0,0,0
23.610,-0.9343000,-0.5838000,9.5440000,63.1409000,111.1603000,58.7463000,-38.6010000,-9.6340000,8.7570000,0.000000,0,0,0
23.620,-1.1233000,-0.5886000,9.6146000,61.2183000,111.9766000,58.0368000,-38.5380000,-9.6440000,8.7990000,0.000000,0,0,0
23.630,-1.3614000,-0.6245000,9.6541000,59.5016000,110.2600000,58.3649000,-38.2940000,-9.7860000,8.8240000,0.000000,0,0,0
23.640,-1.5839000,-0.6615000,9.6409000,58.6929000,105.7358000,59.8755000,-38.5350000,-9.8060000,9.0600000,0.000000,0,0,0
23.650,-1.7239000,-0.6663000,9.5883000,58.7540000,99.2432000,62.1185000,-37.8820000,-9.7600000,9.1370000,0.000000,0,0,0
23.660,-1.7585000,-0.6352000,9.5129000,59.0363000,92.3157000,64.2624000,-37.8790000,-9.9240000,8.6730000,0.000000,0,0,0
23.670,-1.7215000,-0.5826000,9.4268000,58.7082000,86.2579000,65.5594000,-37.7810000,-9.8390000,9.0300000,0.000000,0,0,0
23.680,-1.6581000,-0.5323000,9.3346000,56.4117000,79.7806000,65.5746000,-37.7700000,-9.8000000,8.5540000,0.000000,0,0,0
23.690,-1.6437000,-0.5371000,9.3454000,54.3823000,76.8814000,64.7202000,-37.8120000,-9.8420000,8.9600000,0.000000,0,0,0
23.700,-1.6533000,-0.5563000,9.4280000,52.6352000,74.6994000,63.6597000,-37.7680000,-9.9930000,9.1770000,0.000000,0,0,0
23.710,-1.6856000,-0.5754000,9.5344000,51.3458000,72.9141000,62.6144000,-37.8900000,-10.0500000,8.9300000,0.000000,0,0,0
23.720,-1.7382000,-0.6017000,9.6098000,50.4456000,71.1594000,61.8057000,-37.6430000,-10.1390000,8.9570000,0.000000,0,0,0
23.730,-1.7837000,-0.6352000,9.6265000,49.8199000,69.2444000,61.4243000,-37.6260000,-10.0860000,9.6750000,0.000000,0,0,0
23.740,-1.8016000,-0.6592000,9.6038000,49.3774000,67.3370000,61.3403000,-37.4500000,-10.4410000,9.6700000,0.000000,0,0,0
23.750,-1.7992000,-0.6675000,9.5811000,49.0189000,65.8569000,61.3174000,-37.6810000,-10.4080000,9.3310000,0.000000,0,0,0
23.760,-1.7956000,-0.6651000,9.5906000,48.8358000,65.2313000,61.1420000,-37.3790000,-10.5000000,9.3010000,0.000000,0,0,0
23.770,-1.8040000,-0.6699000,9.6385000,49.0875000,65.5975000,60.7986000,-37.5920000,-10.8570000,9.5810000,0.000000,0,0,0
23.780,-1.8447000,-0.6974000,9.7079000,49.9725000,66.5970000,60.5164000,-37.5950000,-10.1040000,9.2240000,0.000000,0,0,0
23.790,-1.8997000,-0.7549000,9.7689000,51.6281000,67.8253000,60.4630000,-37.2920000,-10.3690000,9.4240000,0.000000,0,0,0
23.800,-1.9511000,-0.8207000,9.8012000,53.8712000,68.9545000,60.6766000,-37.3080000,-10.4280000,10.0890000,0.000000,0,0,0
23.810,-1.9858000,-0.8697000,9.7797000,56.1676000,69.7479000,61.0809000,-37.3340000,-10.4760000,9.5300000,0.000000,0,0,0
23.820,-2.0062000,-0.8829000,9.7067000,57.8079000,69.9158000,61.5311000,-37.0040000,-10.2890000,9.1220000,0.000000,0,0,0
23.830,-2.0229000,-0.8601000,9.6182000,58.3572000,69.4351000,61.9354000,-37.4850000,-10.3840000,9.1280000,0.000000,0,0,0
23.840,-2.0457000,-0.8171000,9.5691000,58.0215000,68.4204000,62.2330000,-36.8800000,-10.3140000,9.7830000,0.000000,0,0,0
23.850,-2.0792000,-0.7620000,9.5847000,57.4646000,66.9937000,62.4084000,-37.4200000,-10.5830000,10.2680000,0.000000,0,0,0
23.860,-2.1174000,-0.7058000,9.6481000,57.2052000,65.3610000,62.4542000,-37.3270000,-10.2760000,9.5980000,0.000000,0,0,0
23.870,-2.1605000,-0.6651000,9.7234000,57.4493000,63.7512000,62.3093000,-37.3670000,-10.4230000,9.3780000,0.000000,0,0,0
23.880,-2.2000000,-0.6520000,9.7701000,58.2504000,62.3398000,61.9583000,-36.9310000,-10.3880000,9.8580000,0.000000,0,0,0
23.890,-2.2251000,-0.6615000,9.7617000,59.3185000,61.2259000,61.4777000,-37.0870000,-10.5660000,9.2290000,0.000000,0,0,0
23.900,-2.2442000,-0.6855000,9.7043000,60.2188000,60.3104000,60.9665000,-36.7690000,-10.3470000,10.2130000,0.000000,0,0,0
23.910,-2.2526000,-0.7082000,9.6313000,60.6461000,59.3719000,60.5698000,-37.0500000,-10.3490000,10.2650000,0.000000,0,0,0
23.920,-2.2406000,-0.7202000,9.5667000,60.5469000,58.3420000,60.3180000,-37.0350000,-10.3550000,10.1950000,0.000000,0,0,0
23.930,-2.2215000,-0.7238000,9.5296000,60.0815000,57.3425000,60.1425000,-36.9220000,-10.1550000,10.1220000,0.000000,0,0,0
23.940,-2.2083000,-0.7202000,9.5249000,59.5627000,56.5948000,59.9976000,-36.9070000,-10.3200000,9.5700000,0.000000,0,0,0
23.950,-2.2083000,-0.7022000,9.5440000,59.2270000,56.0760000,59.9442000,-37.3260000,-10.6050000,9.8470000,0.000000,0,0,0
23.960,-2.2167000,-0.6795000,9.5811000,59.1125000,55.5496000,60.0967000,-37.2730000,-10.4940000,9.2810000,0.000000,0,0,0
23.970,-2.2203000,-0.6639000,9.6289000,59.2880000,54.9469000,60.4324000,-37.2200000,-10.2020000,10.5510000,0.000000,0,0,0
23.980,-2.2203000,-0.6580000,9.6648000,59.7916000,54.5197000,60.7681000,-37.2330000,-10.3450000,9.9820000,0.000000,0,0,0
23.990,-2.2167000,-0.6496000,9.6660000,60.3867000,54.4815000,60.9589000,-37.2400000,-10.4250000,10.2000000,0.000000,0,0,0
24.000,-2.2083000,-0.6376000,9.6517000,60.7834000,54.7028000,60.9818000,-37.4110000,-10.2450000,10.7490000,0.000000,0,0,0
24.010,-2.2060000,-0.6316000,9.6409000,60.9436000,54.9850000,60.8902000,-37.5810000,-10.0910000,10.1220000,0.000000,0,0,0
24.020,-2.2095000,-0.6388000,9.6361000,61.0733000,55.1605000,60.7605000,-37.1800000,-10.1490000,10.1520000,0.000000,0,0,0
24.030,-2.2083000,-0.6520000,9.6241000,61.2564000,55.2063000,60.5850000,-37.1080000,-10.0980000,10.0960000,0.000000,0,0,0
24.040,-2.2107000,-0.6639000,9.5954000,61.4243000,55.0919000,60.3867000,-36.8150000,-10.2930000,10.5480000,0.000000,0,0,0
24.050,-2.2239000,-0.6711000,9.5607000,61.4243000,54.8019000,60.2264000,-36.9420000,-10.2840000,9.8960000,0.000000,0,0,0
24.060,-2.2371000,-0.6663000,9.5368000,61.2564000,54.4815000,60.1501000,-36.9090000,-9.9700000,10.3440000,0.000000,0,0,0
24.070,-2.2466000,-0.6604000,9.5284000,61.0580000,54.2755000,60.1044000,-37.1280000,-10.0110000,10.4610000,0.000000,0,0,0
24.080,-2.2466000,-0.6544000,9.5296000,60.9665000,54.1992000,60.0739000,-36.9120000,-10.0450000,10.9080000,0.000000,0,0,0
24.090,-2.2418000,-0.6424000,9.5296000,60.9360000,54.0695000,60.1120000,-37.1320000,-10.0720000,9.9440000,0.000000,0,0,0
24.100,-2.2395000,-0.6245000,9.5260000,60.7834000,53.8483000,60.2417000,-36.8820000,-10.0440000,10.1410000,0.000000,0,0,0
24.110,-2.2371000,-0.6173000,9.5225000,60.3714000,53.6880000,60.3256000,-37.0410000,-10.2900000,10.2690000,0.000000,0,0,0
24.120,-2.2347000,-0.6245000,9.5284000,59.8297000,53.6728000,60.2951000,-37.0420000,-10.0460000,9.8110000,0.000000,0,0,0
24.130,-2.2311000,-0.6376000,9.5428000,59.3262000,53.6804000,60.1730000,-36.8420000,-9.8730000,9.6340000,0.000000,0,0,0
24.140,-2.2371000,-0.6460000,9.5560000,58.8684000,53.5431000,60.0357000,-36.8530000,-9.8130000,9.9770000,0.000000,0,0,0
24.150,-2.2526000,-0.6448000,9.5691000,58.4259000,53.1616000,59.9747000,-37.3260000,-9.7700000,9.8130000,0.000000,0,0,0
24.160,-2.2718000,-0.6388000,9.5811000,58.0444000,52.5589000,60.0281000,-37.1720000,-9.8080000,10.8310000,0.000000,0,0,0
24.170,-2.2801000,-0.6328000,9.5883000,57.8156000,51.8494000,60.1654000,-37.0260000,-9.8430000,10.3170000,0.000000,0,0,0
24.180,-2.2849000,-0.6209000,9.5966000,57.7850000,51.2238000,60.3333000,-37.1160000,-9.7820000,9.3810000,0.000000,0,0,0
24.190,-2.2861000,-0.6101000,9.6098000,57.8766000,50.8881000,60.4935000,-37.2320000,-10.0870000,9.7380000,0.000000,0,0,0
24.200,-2.2765000,-0.6065000,9.6337000,58.0368000,50.8652000,60.5927000,-36.9510000,-9.9330000,10.0940000,0.000000,0,0,0
24.210,-2.2514000,-0.6101000,9.6600000,58.2199000,51.0406000,60.6003000,-37.0350000,-10.2690000,9.8360000,0.000000,0,0,0
24.220,-2.2275000,-0.6185000,9.6732000,58.3649000,51.2314000,60.5698000,-36.9520000,-9.9270000,9.6400000,0.000000,0,0,0
24.230,-2.2119000,-0.6269000,9.6732000,58.4335000,51.3458000,60.5469000,-37.1600000,-9.9420000,10.0800000,0.000000,0,0,0
24.240,-2.1928000,-0.6233000,9.6600000,58.3649000,51.5442000,60.4248000,-36.8990000,-9.7590000,9.7980000,0.000000,0,0,0
24.250,-2.1868000,-0.6125000,9.6636000,58.3649000,51.6968000,60.3485000,-37.1360000,-9.9240000,9.4370000,0.000000,0,0,0
24.260,-2.1832000,-0.6077000,9.6612000,58.4641000,51.8723000,60.2875000,-37.1760000,-9.8420000,9.0680000,0.000000,0,0,0
24.270,-2.1784000,-0.6053000,9.6445000,58.5175000,52.1622000,60.1883000,-37.1210000,-9.9890000,9.8180000,0.000000,0,0,0
24.280,-2.1784000,-0.6005000,9.6194000,58.4106000,52.4750000,60.0739000,-37.1750000,-9.6040000,10.3490000,0.000000,0,0,0
24.290,-2.1844000,-0.5981000,9.5930000,58.1589000,52.6657000,59.9823000,-36.9390000,-9.5330000,9.9330000,0.000000,0,0,0
24.300,-2.1940000,-0.6005000,9.5739000,57.8918000,52.7420000,59.8831000,-37.3630000,-9.7510000,9.5470000,0.000000,0,0,0
24.310,-2.2095000,-0.6029000,9.5607000,57.7240000,52.6962000,59.7992000,-37.3950000,-9.8540000,10.2720000,0.000000,0,0,0
24.320,-2.2215000,-0.5969000,9.5560000,57.6477000,52.5284000,59.7382000,-37.1500000,-9.6930000,9.5880000,0.000000,0,0,0
24.330,-2.2275000,-0.5862000,9.5536000,57.5409000,52.2842000,59.7153000,-37.3420000,-10.0740000,9.2550000,0.000000,0,0,0
24.340,-2.2227000,-0.5802000,9.5488000,57.3730000,51.9791000,59.7000000,-37.0380000,-9.8830000,9.7540000,0.000000,0,0,0
24.350,-2.2119000,-0.5838000,9.5428000,57.1899000,51.7960000,59.6008000,-37.1220000,-10.0180000,10.2440000,0.000000,0,0,0
24.360,-2.2000000,-0.5934000,9.5416000,57.0831000,51.8112000,59.4406000,-37.0720000,-10.1050000,10.6120000,0.000000,0,0,0
24.370,-2.1892000,-0.6053000,9.5476000,57.0526000,51.9791000,59.2804000,-37.2130000,-9.9880000,10.4900000,0.000000,0,0,0
24.380,-2.1868000,-0.6161000,9.5631000,57.0908000,52.2232000,59.1660000,-37.0700000,-10.1960000,9.4900000,0.000000,0,0,0
24.390,-2.2060000,-0.6328000,9.5847000,57.2205000,52.5208000,59.1278000,-37.0440000,-10.0410000,10.2630000,0.000000,0,0,0
24.400,-2.2406000,-0.6460000,9.6086000,57.5409000,52.7954000,59.2499000,-36.9150000,-10.0050000,10.0060000,0.000000,0,0,0
24.410,-2.2765000,-0.6484000,9.6277000,58.0444000,52.9861000,59.5551000,-36.9960000,-9.7190000,10.3980000,0.000000,0,0,0
24.420,-2.3005000,-0.6400000,9.6397000,58.6243000,53.0167000,59.9976000,-37.1000000,-9.9180000,9.9480000,0.000000,0,0,0
24.430,-2.2933000,-0.6149000,9.6445000,59.1049000,52.9404000,60.4401000,-37.0100000,-9.8920000,9.7360000,0.000000,0,0,0
24.440,-2.2670000,-0.5814000,9.6373000,59.2804000,52.8870000,60.7071000,-36.7610000,-9.7350000,9.2010000,0.000000,0,0,0
24.450,-2.2418000,-0.5587000,9.6206000,59.1202000,52.8336000,60.7758000,-37.0510000,-10.0480000,9.9040000,0.000000,0,0,0
24.460,-2.2155000,-0.5467000,9.6014000,58.7921000,52.7191000,60.6842000,-36.7360000,-9.8330000,9.8190000,0.000000,0,0,0
24.470,-2.1940000,-0.5395000,9.5847000,58.4488000,52.5284000,60.4935000,-37.0730000,-9.7970000,9.9320000,0.000000,0,0,0
24.480,-2.1868000,-0.5407000,9.5787000,58.2275000,52.2461000,60.2646000,-37.0480000,-9.7360000,9.6400000,0.000000,0,0,0
24.490,-2.1832000,-0.5491000,9.5787000,58.2657000,52.0096000,60.0586000,-36.9980000,-9.8010000,9.5350000,0.000000,0,0,0
24.500,-2.1737000,-0.5587000,9.5703000,58.5327000,51.8570000,59.9060000,-37.1810000,-9.8620000,9.5390000,0.000000,0,0,0
24.510,-2.1617000,-0.5682000,9.5560000,58.9142000,51.8494000,59.8221000,-37.2460000,-9.8980000,10.3000000,0.000000,0,0,0
24.520,-2.1473000,-0.5742000,9.5416000,59.2117000,52.0325000,59.7687000,-37.0720000,-9.8880000,9.8780000,0.000000,0,0,0
24.530,-2.1294000,-0.5778000,9.5249000,59.2880000,52.4063000,59.7076000,-37.2780000,-10.0030000,10.2490000,0.000000,0,0,0
24.540,-2.1198000,-0.5826000,9.5069000,59.0668000,52.8259000,59.6237000,-37.0210000,-9.8230000,9.4280000,0.000000,0,0,0
24.550,-2.1246000,-0.5826000,9.5069000,58.5785000,53.1464000,59.5856000,-37.2340000,-9.7930000,9.2330000,0.000000,0,0,0
24.560,-2.1485000,-0.5766000,9.5320000,57.9300000,53.3752000,59.5932000,-37.2040000,-9.7630000,9.4090000,0.000000,0,0,0
24.570,-2.1868000,-0.5694000,9.5811000,57.4112000,53.4744000,59.6542000,-37.2770000,-10.0240000,9.2670000,0.000000,0,0,0
24.580,-2.2263000,-0.5623000,9.6433000,57.3044000,53.3752000,59.7992000,-37.0310000,-9.9200000,8.9600000,0.000000,0,0,0
24.590,-2.2514000,-0.5515000,9.6911000,57.6401000,53.0930000,59.9899000,-37.2620000,-10.1810000,9.6010000,0.000000,0,0,0
24.600,-2.2586000,-0.5371000,9.7079000,58.1512000,52.8183000,60.1578000,-37.1260000,-9.9430000,9.4390000,0.000000,0,0,0
24.610,-2.2526000,-0.5252000,9.6959000,58.4946000,52.6428000,60.2493000,-37.2230000,-9.7250000,10.3500000,0.000000,0,0,0
24.620,-2.2395000,-0.5228000,9.6732000,58.5709000,52.5360000,60.2722000,-36.9200000,-9.9380000,10.1510000,0.000000,0,0,0
24.630,-2.2263000,-0.5335000,9.6588000,58.4717000,52.4292000,60.2570000,-37.1970000,-10.2660000,10.3630000,0.000000,0,0,0
24.640,-2.2155000,-0.5539000,9.6529000,58.3725000,52.3529000,60.2036000,-37.4290000,-10.1260000,9.9760000,0.000000,0,0,0
24.650,-2.2083000,-0.5838000,9.6445000,58.3496000,52.3758000,60.0891000,-37.1860000,-10.2040000,10.3650000,0.000000,0,0,0
24.660,-2.2024000,-0.6173000,9.6146000,58.4412000,52.4597000,59.9442000,-37.1720000,-10.0680000,10.4210000,0.000000,0,0,0
24.670,-2.1916000,-0.6316000,9.5715000,58.5098000,52.5131000,59.7839000,-37.3390000,-10.0210000,10.0540000,0.000000,0,0,0
24.680,-2.1808000,-0.6245000,9.5284000,58.3572000,52.4292000,59.5932000,-37.4760000,-10.0430000,10.0640000,0.000000,0,0,0
24.690,-2.1593000,-0.5910000,9.5081000,57.9453000,52.3605000,59.3796000,-36.7720000,-10.1560000,9.7380000,0.000000,0,0,0
24.700,-2.1426000,-0.5599000,9.5081000,57.3807000,52.4979000,59.2041000,-37.1820000,-10.0580000,9.9250000,0.000000,0,0,0
24.710,-2.1378000,-0.5419000,9.5260000,56.8924000,52.7420000,59.0668000,-37.3270000,-10.0660000,9.9530000,0.000000,0,0,0
24.720,-2.1461000,-0.5288000,9.5560000,56.6254000,53.0548000,58.9905000,-37.0590000,-10.0270000,10.6620000,0.000000,0,0,0
24.730,-2.1617000,-0.5228000,9.5883000,56.5948000,53.3981000,59.0134000,-37.2170000,-10.1790000,10.3420000,0.000000,0,0,0
24.740,-2.1808000,-0.5192000,9.6110000,56.7398000,53.7109000,59.1202000,-37.1580000,-10.0330000,10.1180000,0.000000,0,0,0
24.750,-2.2024000,-0.5156000,9.6265000,57.0145000,53.8712000,59.3491000,-37.1100000,-10.2790000,10.7070000,0.000000,0,0,0
24.760,-2.2203000,-0.5108000,9.6397000,57.4570000,53.7872000,59.7153000,-37.1910000,-10.2020000,10.9190000,0.000000,0,0,0
24.770,-2.2215000,-0.5024000,9.6493000,58.0444000,53.5812000,60.0586000,-37.5080000,-10.2050000,10.7970000,0.000000,0,0,0
24.780,-2.2155000,-0.4989000,9.6457000,58.6853000,53.4286000,60.3027000,-37.0300000,-9.8540000,10.3260000,0.000000,0,0,0
24.790,-2.2060000,-0.4989000,9.6253000,59.2499000,53.4515000,60.3790000,-37.0450000,-9.9270000,9.7660000,0.000000,0,0,0
24.800,-2.1940000,-0.5036000,9.5978000,59.5779000,53.5965000,60.3256000,-37.0220000,-10.1050000,10.5010000,0.000000,0,0,0
24.810,-2.1808000,-0.5156000,9.5607000,59.5169000,53.9627000,60.1120000,-37.4350000,-10.1460000,10.3850000,0.000000,0,0,0
24.820,-2.1820000,-0.5216000,9.5512000,59.2804000,54.1916000,59.9976000,-37.3410000,-9.9500000,10.0810000,0.000000,0,0,0
24.830,-2.1880000,-0.5264000,9.5560000,59.1431000,54.3289000,59.9747000,-37.5670000,-10.1780000,9.9450000,0.000000,0,0,0
24.840,-2.1868000,-0.5312000,9.5763000,59.3109000,54.4052000,60.0204000,-37.3530000,-10.3010000,10.0280000,0.000000,0,0,0
24.850,-2.1737000,-0.5383000,9.6134000,59.9365000,54.4968000,60.0357000,-37.3250000,-10.0780000,9.9000000,0.000000,0,0,0
24.860,-2.1545000,-0.5527000,9.6552000,61.0123000,54.6799000,59.9976000,-37.1870000,-9.7590000,10.5790000,0.000000,0,0,0
24.870,-2.1210000,-0.5635000,9.7007000,62.2940000,55.0613000,59.9442000,-37.3570000,-10.0310000,11.4230000,0.000000,0,0,0
24.880,-2.0732000,-0.5575000,9.7414000,63.2706000,55.9006000,59.8221000,-37.2610000,-9.8280000,11.2940000,0.000000,0,0,0
24.890,-2.0504000,-0.5419000,9.7557000,63.5757000,57.2662000,59.5169000,-37.6030000,-9.7900000,10.7530000,0.000000,0,0,0
24.900,-2.0708000,-0.5216000,9.7270000,63.2248000,58.9600000,59.1583000,-37.4580000,-9.7800000,10.5470000,0.000000,0,0,0
24.910,-2.1031000,-0.4941000,9.6612000,62.4695000,60.6232000,58.8837000,-37.2720000,-9.7810000,11.0820000,0.000000,0,0,0
24.920,-2.1258000,-0.4677000,9.5763000,61.5463000,62.3245000,58.7540000,-37.1670000,-9.5530000,10.4070000,0.000000,0,0,0
24.930,-2.1414000,-0.4534000,9.5057000,60.5164000,64.3768000,58.6929000,-37.1070000,-9.6510000,10.6950000,0.000000,0,0,0
24.940,-2.1808000,-0.4486000,9.4985000,59.4025000,67.2073000,58.5861000,-36.8060000,-10.0890000,10.9690000,0.000000,0,0,0
24.950,-2.2550000,-0.4546000,9.5500000,58.4488000,70.9381000,58.4335000,-36.8800000,-9.6460000,11.0310000,0.000000,0,0,0
24.960,-2.3591000,-0.4773000,9.6313000,57.8308000,75.2106000,58.3496000,-36.9790000,-9.7170000,11.1470000,0.000000,0,0,0
24.970,-2.4883000,-0.5108000,9.7079000,57.6324000,79.4525000,58.4717000,-36.7290000,-9.6230000,10.9720000,0.000000,0,0,0
24.980,-2.6151000,-0.5300000,9.7605000,57.8690000,82.9773000,58.9218000,-36.4280000,-9.6880000,10.9390000,0.000000,0,0,0
24.990,-2.7000000,-0.5359000,9.7892000,58.4946000,85.3806000,59.7153000,-36.6760000,-9.5560000,11.0680000,0.000000,0,0,0
25.000,-2.7335000,-0.5323000,9.7868000,59.2346000,86.6623000,60.6232000,-36.2910000,-9.5720000,11.0040000,0.000000,0,0,0
25.010,-2.7216000,-0.4989000,9.7474000,59.7076000,87.5015000,61.4471000,-36.2500000,-9.8390000,11.5110000,0.000000,0,0,0
25.020,-2.6905000,-0.4594000,9.6660000,59.6695000,88.6993000,61.9202000,-35.9170000,-9.6060000,12.2580000,0.000000,0,0,0
25.030,-2.6761000,-0.4474000,9.5607000,59.0286000,90.6525000,61.8973000,-35.9350000,-9.8470000,11.8080000,0.000000,0,0,0
25.040,-2.7000000,-0.4534000,9.4794000,57.9071000,93.2922000,61.4471000,-35.8940000,-10.0070000,12.2080000,0.000000,0,0,0
25.050,-2.7515000,-0.4785000,9.4507000,56.6864000,96.3593000,60.7986000,-35.7710000,-9.7330000,12.1760000,0.000000,0,0,0
25.060,-2.8340000,-0.5156000,9.4626000,55.8090000,99.5255000,60.0891000,-35.2740000,-10.1250000,12.7460000,0.000000,0,0,0
25.070,-2.9441000,-0.5383000,9.5069000,55.5573000,102.6993000,59.4330000,-35.0130000,-9.5760000,12.0890000,0.000000,0,0,0
25.080,-3.0661000,-0.5347000,9.5607000,55.9235000,105.6671000,58.9066000,-34.9930000,-9.5990000,12.8480000,0.000000,0,0,0
25.090,-3.1929000,-0.5204000,9.5871000,56.6711000,108.1848000,58.5709000,-34.9780000,-9.8710000,12.9880000,0.000000,0,0,0
25.100,-3.3257000,-0.5072000,9.5619000,57.5409000,110.0616000,58.4488000,-34.6870000,-9.4490000,13.3370000,0.000000,0,0,0
25.110,-3.4513000,-0.4929000,9.4961000,58.3115000,111.0153000,58.5632000,-34.4670000,-9.8040000,13.2220000,0.000000,0,0,0
25.120,-3.5709000,-0.4701000,9.4148000,58.8455000,111.1374000,58.8913000,-34.1090000,-9.7020000,13.4770000,0.000000,0,0,0
25.130,-3.6786000,-0.4498000,9.3287000,59.1202000,110.7330000,59.3185000,-33.8570000,-9.8520000,14.1470000,0.000000,0,0,0
25.140,-3.7707000,-0.4283000,9.2377000,59.1812000,110.0159000,59.7534000,-33.5110000,-9.7920000,13.7420000,0.000000,0,0,0
25.150,-3.8509000,-0.4079000,9.1361000,59.0057000,109.1690000,60.0891000,-33.2190000,-9.7780000,14.1710000,0.000000,0,0,0
25.160,-3.9143000,-0.3924000,9.0368000,58.4793000,108.2230000,60.3561000,-33.0370000,-9.7190000,13.8520000,0.000000,0,0,0
25.170,-3.9633000,-0.3852000,8.9734000,57.5790000,107.1625000,60.5698000,-33.1280000,-9.7450000,14.1060000,0.000000,0,0,0
25.180,-4.0088000,-0.3924000,8.9411000,56.4423000,106.2469000,60.6689000,-32.6950000,-9.7200000,14.3230000,0.000000,0,0,0
25.190,-4.0554000,-0.4163000,8.9279000,55.2063000,105.6061000,60.6079000,-32.7100000,-9.8360000,13.9660000,0.000000,0,0,0
25.200,-4.1176000,-0.4438000,8.9028000,54.0161000,105.2322000,60.3867000,-32.4250000,-9.8370000,14.1080000,0.000000,0,0,0
25.210,-4.2002000,-0.4642000,8.8585000,52.9556000,104.8355000,60.0815000,-32.2040000,-9.8810000,14.6050000,0.000000,0,0,0
25.220,-4.3102000,-0.4749000,8.8334000,52.0554000,104.1565000,59.8602000,-31.7870000,-9.7360000,14.3860000,0.000000,0,0,0
25.230,-4.4454000,-0.4725000,8.8549000,51.4526000,103.1647000,59.9594000,-31.8780000,-10.1000000,14.2430000,0.000000,0,0,0
25.240,-4.5938000,-0.4630000,8.9052000,51.2772000,101.9592000,60.4553000,-31.3780000,-10.1800000,14.7360000,0.000000,0,0,0
25.250,-4.7074000,-0.4570000,8.9602000,51.4908000,100.9369000,61.1801000,-31.3080000,-10.4900000,14.7290000,0.000000,0,0,0
25.260,-4.7612000,-0.4630000,8.9949000,52.0020000,100.6165000,61.7905000,-30.9200000,-9.9220000,14.3950000,0.000000,0,0,0
25.270,-4.7792000,-0.4857000,8.9662000,52.6047000,101.1734000,62.0117000,-31.1640000,-9.9090000,14.7220000,0.000000,0,0,0
25.280,-4.7971000,-0.5168000,8.8884000,52.9785000,102.3102000,61.8744000,-30.6680000,-10.2730000,14.8090000,0.000000,0,0,0
25.290,-4.8354000,-0.5407000,8.8250000,52.9861000,103.7064000,61.4853000,-30.3980000,-10.1450000,14.6670000,0.000000,0,0,0
25.300,-4.9275000,-0.5575000,8.7975000,52.6886000,104.7592000,61.0504000,-30.3280000,-10.3190000,14.9920000,0.000000,0,0,0
25.310,-5.0818000,-0.5670000,8.8250000,52.3376000,105.0797000,60.9970000,-30.0950000,-10.2290000,14.2570000,0.000000,0,0,0
25.320,-5.2864000,-0.5563000,8.9076000,52.2690000,104.9652000,61.6302000,-29.8090000,-10.2150000,14.4980000,0.000000,0,0,0
25.330,-5.5197000,-0.5312000,9.0332000,52.7954000,105.1254000,62.8281000,-29.6880000,-10.3730000,15.3690000,0.000000,0,0,0
25.340,-5.7721000,-0.4893000,9.1815000,54.1382000,106.5521000,64.2395000,-29.6230000,-10.6540000,15.9900000,0.000000,0,0,0
25.350,-6.0269000,-0.4414000,9.3167000,56.4499000,109.9167000,65.4907000,-29.0870000,-10.5030000,15.7160000,0.000000,0,0,0
25.360,-6.2351000,-0.3888000,9.4052000,59.7687000,114.8682000,66.5359000,-28.4880000,-10.1970000,16.2190000,0.000000,0,0,0
25.370,-6.3655000,-0.3338000,9.4208000,63.8657000,120.1019000,67.6422000,-28.4310000,-10.3830000,16.5190000,0.000000,0,0,0
25.380,-6.4085000,-0.3146000,9.3454000,68.0313000,124.3515000,68.9697000,-27.9500000,-10.2390000,16.1920000,0.000000,0,0,0
25.390,-6.3798000,-0.3182000,9.1719000,71.3806000,127.0676000,70.4498000,-27.3200000,-10.1530000,16.8450000,0.000000,0,0,0
25.400,-6.3140000,-0.3457000,8.9112000,73.3414000,127.9831000,71.7621000,-27.1650000,-10.2330000,16.9400000,0.000000,0,0,0
25.410,-6.2375000,-0.3948000,8.5750000,73.6313000,127.0370000,72.6547000,-26.6840000,-9.9940000,16.8960000,0.000000,0,0,0
25.420,-6.1286000,-0.4845000,8.0068000,71.0449000,122.2153000,73.0362000,-26.5530000,-9.7840000,16.4280000,0.000000,0,0,0
25.430,-6.0520000,-0.5240000,7.6658000,67.5583000,117.3325000,72.4411000,-26.5490000,-9.9740000,16.7630000,0.000000,0,0,0
25.440,-5.9767000,-0.5323000,7.3955000,63.0264000,112.0758000,70.9991000,-26.1640000,-10.1120000,16.9380000,0.000000,0,0,0
25.450,-5.9288000,-0.5036000,7.2112000,57.8766000,107.0023000,68.7866000,-26.0300000,-10.0790000,16.7210000,0.000000,0,0,0
25.460,-5.9216000,-0.4522000,7.1323000,52.6123000,102.3636000,66.0858000,-25.6110000,-10.2110000,16.4740000,0.000000,0,0,0
25.470,-5.9539000,-0.4055000,7.1502000,47.8363000,98.2666000,63.1943000,-25.6080000,-10.1580000,16.3760000,0.000000,0,0,0
25.480,-6.0161000,-0.3828000,7.2208000,44.1360000,94.7647000,60.3867000,-25.6590000,-10.1290000,16.9400000,0.000000,0,0,0
25.490,-6.0963000,-0.3912000,7.2854000,41.6794000,91.9724000,57.8079000,-25.2690000,-10.2560000,16.8910000,0.000000,0,0,0
25.500,-6.1968000,-0.4247000,7.3093000,40.2069000,90.0192000,55.5573000,-25.2130000,-9.9120000,17.0660000,0.000000,0,0,0
25.510,-6.3296000,-0.4630000,7.3069000,39.2380000,88.9664000,53.7796000,-25.0150000,-10.5540000,16.4710000,0.000000,0,0,0
25.520,-6.5042000,-0.4941000,7.3093000,38.4674000,88.9206000,52.6352000,-24.8400000,-10.3790000,17.3980000,0.000000,0,0,0
25.530,-6.6992000,-0.5204000,7.3380000,38.0249000,89.9887000,52.2079000,-24.7390000,-10.6580000,16.8370000,0.000000,0,0,0
25.540,-6.8607000,-0.5347000,7.4062000,38.1546000,92.2470000,52.3605000,-24.4820000,-10.4500000,16.9600000,0.000000,0,0,0
25.550,-6.9528000,-0.5575000,7.4852000,39.0244000,95.5276000,52.7573000,-24.2680000,-10.5300000,17.0060000,0.000000,0,0,0
25.560,-6.9815000,-0.5946000,7.5163000,40.5807000,99.4949000,52.9861000,-24.0090000,-10.6230000,16.7900000,0.000000,0,0,0
25.570,-7.0067000,-0.6221000,7.4720000,42.2745000,103.3707000,52.7725000,-23.9960000,-10.7390000,17.3280000,0.000000,0,0,0
25.580,-7.0713000,-0.6496000,7.3799000,43.5028000,106.4148000,52.3148000,-23.4680000,-10.5750000,17.7880000,0.000000,0,0,0
25.590,-7.1873000,-0.6795000,7.2722000,44.1971000,108.3374000,51.9714000,-23.2970000,-10.6980000,17.3940000,0.000000,0,0,0
25.600,-7.3333000,-0.7106000,7.1694000,44.6701000,108.8867000,52.0477000,-23.0490000,-10.6640000,16.9980000,0.000000,0,0,0
25.610,-7.4625000,-0.7309000,7.0952000,45.2271000,108.2535000,52.6047000,-22.8500000,-10.7520000,17.2730000,0.000000,0,0,0
25.620,-7.5617000,-0.7441000,7.0593000,46.0052000,107.2006000,53.4439000,-22.3740000,-10.9860000,17.0950000,0.000000,0,0,0
25.630,-7.6359000,-0.7501000,7.0617000,46.8979000,106.6437000,54.3518000,-22.2820000,-10.9720000,17.1100000,0.000000,0,0,0
25.640,-7.6969000,-0.7405000,7.0904000,47.7905000,107.1091000,55.2902000,-21.7470000,-10.8160000,17.3190000,0.000000,0,0,0
25.650,-7.7771000,-0.7345000,7.1359000,48.8052000,108.7723000,56.3278000,-21.6700000,-10.9040000,17.2710000,0.000000,0,0,0
25.660,-7.8788000,-0.7465000,7.1718000,50.2548000,111.3663000,57.6324000,-21.4790000,-11.0070000,17.2410000,0.000000,0,0,0
25.670,-7.9924000,-0.7752000,7.1670000,52.4139000,114.3341000,59.2346000,-21.0830000,-10.9040000,17.6840000,0.000000,0,0,0
25.680,-8.1144000,-0.8123000,7.1119000,55.2444000,117.1722000,61.0580000,-20.6840000,-10.8630000,17.5160000,0.000000,0,0,0
25.690,-8.2329000,-0.8350000,6.9947000,58.2809000,119.2932000,62.8510000,-20.2600000,-11.1210000,17.9240000,0.000000,0,0,0
25.700,-8.3597000,-0.8290000,6.8452000,60.7300000,119.7205000,64.5905000,-20.3070000,-10.6280000,17.7770000,0.000000,0,0,0
25.710,-8.4984000,-0.8039000,6.7495000,61.9049000,118.2175000,66.4368000,-19.8600000,-10.8340000,17.7580000,0.000000,0,0,0
25.720,-8.5894000,-0.7848000,6.7507000,61.9202000,115.5396000,68.2602000,-19.7080000,-10.8970000,18.1050000,0.000000,0,0,0
25.730,-8.5953000,-0.7896000,6.8141000,61.7294000,112.5412000,69.8090000,-19.4630000,-10.8660000,17.5740000,0.000000,0,0,0
25.740,-8.5236000,-0.8159000,6.8787000,62.4542000,109.6802000,70.8389000,-19.1410000,-10.6440000,17.6240000,0.000000,0,0,0
25.750,-8.3896000,-0.8374000,6.8715000,64.5676000,107.4600000,71.0754000,-19.2260000,-10.4840000,18.0120000,0.000000,0,0,0
25.760,-8.2556000,-0.8302000,6.7351000,67.6193000,106.3461000,70.3201000,-18.6940000,-10.4750000,17.5550000,0.000000,0,0,0
25.770,-8.1838000,-0.7860000,6.4647000,70.6253000,106.0638000,68.7866000,-18.3410000,-10.3580000,18.0430000,0.000000,0,0,0
25.780,-8.1886000,-0.7429000,6.1286000,72.7615000,106.0410000,66.9327000,-18.3300000,-10.3250000,17.7270000,0.000000,0,0,0
25.790,-8.2460000,-0.6938000,5.7984000,73.5321000,105.9036000,65.1398000,-18.0300000,-10.3180000,18.5350000,0.000000,0,0,0
25.800,-8.3058000,-0.6352000,5.5149000,72.8149000,105.3619000,63.5910000,-17.4080000,-10.3830000,18.1530000,0.000000,0,0,0
25.810,-8.3537000,-0.5850000,5.2936000,70.9534000,104.1107000,62.2559000,-17.5680000,-10.2640000,18.3020000,0.000000,0,0,0
25.820,-8.4099000,-0.5551000,5.1417000,68.3899000,102.2034000,61.1191000,-17.3160000,-10.0470000,18.5360000,0.000000,0,0,0
25.830,-8.5140000,-0.5395000,5.0627000,65.3229000,100.1358000,60.2570000,-16.9370000,-10.0040000,18.5040000,0.000000,0,0,0
25.840,-8.6827000,-0.5479000,5.0723000,61.9431000,98.3505000,59.9289000,-16.8260000,-10.2450000,17.4960000,0.000000,0,0,0
25.850,-8.8621000,-0.5730000,5.1751000,58.7921000,96.8704000,60.3485000,-16.7830000,-10.4540000,18.1360000,0.000000,0,0,0
25.860,-8.9746000,-0.6005000,5.3235000,56.6788000,95.7870000,61.2946000,-16.7860000,-10.2550000,17.4800000,0.000000,0,0,0
25.870,-9.0009000,-0.6328000,5.4383000,56.0760000,95.1920000,62.2482000,-16.4470000,-10.2880000,17.5390000,0.000000,0,0,0
25.880,-8.9638000,-0.6604000,5.4635000,56.7551000,95.1004000,62.7670000,-16.1980000,-10.3040000,17.7740000,0.000000,0,0,0
25.890,-8.8908000,-0.6759000,5.3881000,57.9147000,95.5276000,62.5763000,-16.2480000,-10.1460000,17.7330000,0.000000,0,0,0
25.900,-8.8358000,-0.6867000,5.2445000,58.7158000,96.2372000,61.7905000,-15.8040000,-10.3250000,17.6370000,0.000000,0,0,0
25.910,-8.8561000,-0.6879000,5.0747000,58.5480000,96.4737000,60.8063000,-15.6720000,-10.1790000,18.3400000,0.000000,0,0,0
25.920,-8.9554000,-0.6759000,4.9359000,57.2052000,95.5200000,60.2112000,-15.0990000,-10.3500000,17.8340000,0.000000,0,0,0
25.930,-9.0966000,-0.6639000,4.8821000,55.0385000,93.2541000,60.3333000,-15.2920000,-10.1210000,18.4950000,0.000000,0,0,0
25.940,-9.2114000,-0.6460000,4.9311000,52.8107000,90.0345000,61.0275000,-15.1330000,-10.0400000,18.2320000,0.000000,0,0,0
25.950,-9.2748000,-0.6149000,5.0495000,51.3306000,87.0590000,61.7294000,-15.0760000,-10.2770000,18.1840000,0.000000,0,0,0
25.960,-9.2964000,-0.5838000,5.1572000,51.0483000,85.4187000,61.8820000,-15.0410000,-10.2710000,17.9420000,0.000000,0,0,0
25.970,-9.3179000,-0.5611000,5.1871000,51.9409000,85.3882000,61.3861000,-14.7800000,-10.2750000,17.2290000,0.000000,0,0,0
25.980,-9.3693000,-0.5479000,5.1117000,53.5965000,86.6470000,60.4935000,-14.2470000,-10.2350000,17.6520000,0.000000,0,0,0
25.990,-9.4854000,-0.5431000,4.9562000,55.3894000,88.5315000,59.6848000,-14.1890000,-10.1410000,17.6020000,0.000000,0,0,0
26.000,-9.6636000,-0.5479000,4.7852000,56.7322000,90.3168000,59.4711000,-13.8360000,-10.2610000,17.8490000,0.000000,0,0,0
26.010,-9.8694000,-0.5599000,4.6560000,57.3273000,91.4154000,60.1425000,-13.9560000,-10.3960000,17.5160000,0.000000,0,0,0
26.020,-10.0488000,-0.5862000,4.5973000,57.4570000,91.6748000,61.7294000,-13.5230000,-10.2410000,17.5990000,0.000000,0,0,0
26.030,-10.1493000,-0.6089000,4.6057000,57.5485000,91.3620000,63.9572000,-13.5970000,-10.3660000,17.8430000,0.000000,0,0,0
26.040,-10.1469000,-0.6328000,4.6452000,58.0139000,90.7974000,66.2842000,-13.4430000,-10.1760000,18.1510000,0.000000,0,0,0
26.050,-9.9890000,-0.6615000,4.6536000,59.8068000,90.2634000,68.5425000,-13.1540000,-10.0570000,18.0930000,0.000000,0,0,0
26.060,-9.8479000,-0.6496000,4.6033000,61.3861000,90.3473000,68.7943000,-13.1560000,-10.1110000,17.6060000,0.000000,0,0,0
26.070,-9.7438000,-0.6245000,4.5232000,62.8128000,90.7288000,68.1152000,-13.1290000,-10.2560000,17.5610000,0.000000,0,0,0
26.080,-9.7127000,-0.5886000,4.4454000,63.7436000,91.0568000,66.9556000,-13.0280000,-10.1470000,18.2010000,0.000000,0,0,0
26.090,-9.7282000,-0.5527000,4.3940000,64.1937000,90.8432000,65.8493000,-12.6760000,-10.0880000,18.4390000,0.000000,0,0,0
26.100,-9.7569000,-0.5120000,4.3665000,64.4226000,89.8209000,65.2008000,-12.4340000,-9.9750000,17.9710000,0.000000,0,0,0
26.110,-9.7569000,-0.4869000,4.3365000,64.7125000,88.0661000,65.0101000,-12.0810000,-10.3250000,17.1910000,0.000000,0,0,0
26.120,-9.7187000,-0.4845000,4.2588000,65.1703000,86.0825000,64.8651000,-12.0600000,-9.9290000,18.3030000,0.000000,0,0,0
26.130,-9.6875000,-0.4857000,4.1248000,65.5289000,84.4879000,64.5142000,-12.0640000,-9.9410000,17.9240000,0.000000,0,0,0
26.140,-9.7163000,-0.4797000,3.9645000,65.3458000,83.7021000,63.9496000,-11.8600000,-10.0450000,18.2790000,0.000000,0,0,0
26.150,-9.8610000,-0.4642000,3.8449000,64.3616000,83.6105000,63.5757000,-11.9700000,-10.0400000,17.8820000,0.000000,0,0,0
26.160,-10.0955000,-0.4462000,3.8425000,62.7594000,83.4656000,64.0945000,-11.8520000,-9.8710000,17.3910000,0.000000,0,0,0
26.170,-10.2845000,-0.4295000,3.9621000,61.4166000,82.2449000,65.8417000,-11.5220000,-9.9000000,17.5470000,0.000000,0,0,0
26.180,-10.3431000,-0.4199000,4.1224000,61.2640000,79.8264000,68.3212000,-11.2480000,-9.6380000,18.2420000,0.000000,0,0,0
26.190,-10.2666000,-0.4067000,4.2169000,62.4313000,77.1103000,70.5490000,-11.3710000,-9.6040000,17.6270000,0.000000,0,0,0
26.200,-10.0991000,-0.4043000,4.1715000,64.2700000,75.0198000,71.7316000,-11.0800000,-9.3770000,17.2200000,0.000000,0,0,0
26.210,-9.8969000,-0.4283000,3.9753000,65.9714000,73.8144000,71.5332000,-10.9990000,-9.3960000,17.6440000,0.000000,0,0,0
26.220,-9.7091000,-0.4546000,3.6774000,66.8030000,73.1659000,70.1523000,-10.6260000,-9.5310000,17.5790000,0.000000,0,0,0
26.230,-9.5500000,-0.4713000,3.3592000,66.3834000,72.5861000,68.0466000,-10.7630000,-9.2810000,17.0390000,0.000000,0,0,0
26.240,-9.4196000,-0.4570000,3.0924000,64.6439000,71.6400000,65.6281000,-10.7830000,-9.2790000,17.5470000,0.000000,0,0,0
26.250,-9.3466000,-0.4103000,2.9285000,61.8439000,70.4269000,63.1332000,-10.4370000,-9.5140000,17.5470000,0.000000,0,0,0
26.260,-9.3825000,-0.3529000,2.9058000,58.5480000,69.4885000,60.7910000,-10.5330000,-9.4960000,17.3780000,0.000000,0,0,0
26.270,-9.5177000,-0.3194000,3.0398000,55.6030000,69.0994000,58.8455000,-10.6000000,-9.5410000,16.6930000,0.000000,0,0,0
26.280,-9.6935000,-0.3230000,3.2659000,53.9322000,69.1223000,57.6096000,-10.4530000,-9.6890000,17.3160000,0.000000,0,0,0
26.290,-9.8634000,-0.3493000,3.4740000,53.9703000,69.1147000,57.0221000,-10.4690000,-9.3600000,17.3180000,0.000000,0,0,0
26.300,-9.9986000,-0.3876000,3.5829000,55.3360000,69.0308000,56.7627000,-10.1170000,-9.6530000,16.8800000,0.000000,0,0,0
26.310,-10.0740000,-0.4223000,3.5542000,57.2205000,68.9621000,56.6025000,-10.1900000,-9.3820000,17.1900000,0.000000,0,0,0
26.320,-10.0907000,-0.4474000,3.4070000,58.9447000,68.8858000,56.3889000,-10.2050000,-9.3740000,17.0270000,0.000000,0,0,0
26.330,-10.1098000,-0.4510000,3.2061000,60.0281000,68.8629000,56.0684000,-10.2240000,-9.5160000,17.4760000,0.000000,0,0,0
26.340,-10.1780000,-0.4247000,3.0517000,60.1196000,68.7866000,55.8777000,-10.2910000,-9.6910000,17.5860000,0.000000,0,0,0
26.350,-10.2522000,-0.3816000,3.0135000,59.4788000,68.2449000,56.1905000,-10.0000000,-9.5140000,17.4530000,0.000000,0,0,0
26.360,-10.2749000,-0.3362000,3.0601000,58.8226000,67.0929000,57.0145000,-9.7380000,-9.0430000,17.2840000,0.000000,0,0,0
26.370,-10.2378000,-0.2979000,3.1259000,58.5861000,65.6815000,57.8690000,-9.8750000,-9.0650000,17.2070000,0.000000,0,0,0
26.380,-10.1697000,-0.2823000,3.1558000,58.7845000,64.4760000,58.2657000,-10.0030000,-9.2080000,16.3510000,0.000000,0,0,0
26.390,-10.1074000,-0.2859000,3.1474000,59.0439000,63.5376000,58.0902000,-9.7140000,-9.2910000,16.8360000,0.000000,0,0,0
26.400,-10.0811000,-0.2967000,3.1271000,58.9676000,62.7441000,57.5027000,-9.7930000,-9.3560000,16.4310000,0.000000,0,0,0
26.410,-10.1098000,-0.3158000,3.1259000,58.4488000,61.9583000,56.8771000,-9.9450000,-9.3220000,16.8100000,0.000000,0,0,0
26.420,-10.1828000,-0.3266000,3.1594000,57.7087000,61.1115000,56.6559000,-9.7180000,-9.4170000,17.5680000,0.000000,0,0,0
26.430,-10.2582000,-0.3230000,3.2240000,57.1823000,60.2798000,56.9839000,-9.4380000,-9.6110000,17.3910000,0.000000,0,0,0
26.440,-10.3072000,-0.3170000,3.2802000,57.2205000,59.6466000,57.6706000,-9.7100000,-9.2510000,17.5800000,0.000000,0,0,0
26.450,-10.3383000,-0.3098000,3.2898000,57.8537000,59.3109000,58.4335000,-9.4750000,-9.3680000,17.2460000,0.000000,0,0,0
26.460,-10.3407000,-0.3110000,3.2384000,58.8455000,59.0820000,59.1965000,-9.6470000,-9.0580000,16.5870000,0.000000,0,0,0
26.470,-10.3168000,-0.3051000,3.1415000,59.7763000,58.8074000,59.8679000,-9.7440000,-9.3720000,16.6530000,0.000000,0,0,0
26.480,-10.2797000,-0.2919000,3.0386000,60.2646000,58.5632000,60.3561000,-9.7950000,-9.2790000,16.7690000,0.000000,0,0,0
26.490,-10.2402000,-0.2716000,2.9524000,60.2646000,58.5251000,60.5927000,-9.8080000,-9.4940000,17.1860000,0.000000,0,0,0
26.500,-10.2378000,-0.2512000,2.9046000,59.9594000,58.6929000,60.6766000,-9.9080000,-9.3560000,17.2300000,0.000000,0,0,0
26.510,-10.2953000,-0.2357000,2.9177000,59.6161000,58.9828000,60.8902000,-9.6830000,-9.4330000,17.4350000,0.000000,0,0,0
26.520,-10.4185000,-0.2273000,3.0039000,59.5016000,59.2194000,61.5463000,-9.7800000,-9.4220000,17.2220000,0.000000,0,0,0
26.530,-10.5513000,-0.2333000,3.1594000,59.8526000,59.0820000,62.7823000,-9.8800000,-9.1560000,17.7880000,0.000000,0,0,0
26.540,-10.6183000,-0.2596000,3.3400000,60.8978000,58.5480000,64.3997000,-9.7240000,-9.0290000,17.6820000,0.000000,0,0,0
26.550,-10.5800000,-0.2967000,3.4609000,62.6602000,57.9224000,65.8646000,-9.6420000,-9.3270000,16.9030000,0.000000,0,0,0
26.560,-10.4436000,-0.3290000,3.4668000,64.7812000,57.4188000,66.6809000,-9.4450000,-9.2870000,17.4230000,0.000000,0,0,0
26.570,-10.2474000,-0.3445000,3.3149000,66.6122000,57.1823000,66.6122000,-9.5600000,-8.8560000,17.4520000,0.000000,0,0,0
26.580,-10.0536000,-0.3529000,3.0374000,67.4973000,57.0526000,65.7272000,-9.2640000,-9.1130000,17.8080000,0.000000,0,0,0
26.590,-9.9136000,-0.3493000,2.7204000,66.9479000,56.8390000,64.2776000,-9.4180000,-9.1160000,17.4220000,0.000000,0,0,0
26.600,-9.8778000,-0.3182000,2.4775000,64.7049000,56.4499000,62.6602000,-9.5440000,-9.0410000,17.5390000,0.000000,0,0,0
26.610,-9.9304000,-0.2775000,2.4093000,61.2411000,55.7709000,61.4166000,-9.6750000,-9.3460000,17.8470000,0.000000,0,0,0
26.620,-10.0129000,-0.2381000,2.5146000,57.7927000,54.7714000,60.8749000,-9.4710000,-8.9540000,17.1390000,0.000000,0,0,0
26.630,-10.0895000,-0.2046000,2.7335000,55.4504000,53.9551000,60.8521000,-9.3420000,-9.0690000,17.4120000,0.000000,0,0,0
26.640,-10.1816000,-0.1735000,3.0314000,54.8782000,54.2831000,61.0504000,-9.3130000,-8.8960000,17.1080000,0.000000,0,0,0
26.650,-10.2247000,-0.1854000,3.0816000,55.9235000,55.3589000,61.1649000,-9.4630000,-9.1690000,17.2390000,0.000000,0,0,0
26.660,-10.2378000,-0.2201000,3.0027000,57.2586000,56.5033000,61.1877000,-9.6640000,-9.0040000,16.9110000,0.000000,0,0,0
26.670,-10.2534000,-0.2560000,2.8579000,58.0597000,57.2815000,61.1649000,-9.4760000,-8.7430000,17.7270000,0.000000,0,0,0
26.680,-10.2821000,-0.2835000,2.7455000,57.9453000,57.3273000,61.2488000,-9.3600000,-8.7770000,17.2480000,0.000000,0,0,0
26.690,-10.2989000,-0.2907000,2.7275000,57.1442000,56.4880000,61.5540000,-9.1840000,-8.8020000,16.9150000,0.000000,0,0,0
26.700,-10.2773000,-0.2763000,2.7885000,56.2210000,55.2216000,61.9888000,-9.4030000,-9.0080000,16.8950000,0.000000,0,0,0
26.710,-10.2271000,-0.2656000,2.8854000,55.6412000,54.1916000,62.3169000,-9.1190000,-9.1330000,16.6500000,0.000000,0,0,0
26.720,-10.1625000,-0.2560000,2.9680000,55.6564000,53.9169000,62.3627000,-9.2000000,-8.6590000,16.8110000,0.000000,0,0,0
26.730,-10.1027000,-0.2464000,2.9919000,56.0684000,54.3900000,62.1033000,-9.0640000,-9.0050000,16.8440000,0.000000,0,0,0
26.740,-10.0656000,-0.2452000,2.9608000,56.5033000,55.2139000,61.6379000,-9.2380000,-8.8060000,16.9500000,0.000000,0,0,0
26.750,-10.0608000,-0.2417000,2.9082000,56.6406000,56.0532000,61.0886000,-9.2760000,-8.7800000,16.3850000,0.000000,0,0,0
26.760,-10.1266000,-0.2321000,2.8914000,56.3736000,56.6635000,60.6918000,-9.2180000,-8.7140000,16.8460000,0.000000,0,0,0
26.770,-10.2510000,-0.2225000,2.9489000,55.9464000,56.8848000,60.7758000,-9.2140000,-9.0120000,16.9370000,0.000000,0,0,0
26.780,-10.3802000,-0.2117000,3.0661000,55.9235000,56.5491000,61.5616000,-9.1750000,-8.8440000,16.8400000,0.000000,0,0,0
26.790,-10.4699000,-0.2034000,3.1929000,56.7474000,55.8853000,62.8967000,-9.4050000,-8.8810000,16.5960000,0.000000,0,0,0
26.800,-10.4915000,-0.1986000,3.2707000,58.4106000,55.2216000,64.3311000,-9.0530000,-8.7570000,17.0740000,0.000000,0,0,0
26.810,-10.4436000,-0.2082000,3.2515000,60.5164000,54.8401000,65.4068000,-9.1570000,-8.9840000,17.5620000,0.000000,0,0,0
26.820,-10.3754000,-0.2261000,3.1438000,62.4619000,54.7485000,65.8875000,-9.2380000,-8.4530000,17.3020000,0.000000,0,0,0
26.830,-10.3312000,-0.2440000,3.0146000,63.6902000,54.6570000,65.9180000,-9.2870000,-8.4380000,16.9920000,0.000000,0,0,0
26.840,-10.3300000,-0.2524000,2.9441000,64.0717000,54.3289000,65.8493000,-9.3570000,-8.5590000,16.7540000,0.000000,0,0,0
26.850,-10.3323000,-0.2357000,2.9704000,63.9496000,53.7949000,65.8951000,-9.6400000,-8.6140000,17.4840000,0.000000,0,0,0
26.860,-10.3168000,-0.1890000,3.0529000,63.7894000,53.3676000,66.1087000,-9.5620000,-8.8940000,17.5410000,0.000000,0,0,0
26.870,-10.2905000,-0.1376000,3.1163000,63.9343000,53.3829000,66.3223000,-9.2950000,-8.4750000,17.4830000,0.000000,0,0,0
26.880,-10.2474000,-0.1101000,3.0912000,64.5676000,53.9551000,66.3452000,-9.3970000,-8.5710000,17.2590000,0.000000,0,0,0
26.890,-10.1816000,-0.1017000,2.9489000,65.3992000,54.9545000,65.9790000,-9.3970000,-8.5200000,17.9820000,0.000000,0,0,0
26.900,-10.0931000,-0.1101000,2.6928000,65.8569000,56.2286000,65.0864000,-9.2550000,-8.4350000,17.2430000,0.000000,0,0,0
26.910,-9.9998000,-0.1256000,2.3722000,65.2008000,57.4112000,63.6673000,-9.2010000,-8.5900000,17.5540000,0.000000,0,0,0
26.920,-9.9555000,-0.1328000,2.0780000,62.9959000,58.2275000,61.9659000,-9.1410000,-8.7230000,17.7700000,0.000000,0,0,0
26.930,-10.0141000,-0.1136000,1.9236000,59.3033000,58.5403000,60.4553000,-9.1290000,-8.7970000,17.4370000,0.000000,0,0,0
26.940,-10.1756000,-0.0837000,1.9954000,54.8782000,58.1665000,59.7229000,-9.0520000,-8.7700000,16.7790000,0.000000,0,0,0
26.950,-10.3766000,-0.0502000,2.2825000,51.0941000,56.9305000,60.1730000,-9.2720000,-8.5820000,16.6670000,0.000000,0,0,0
26.960,-10.5297000,-0.0299000,2.6857000,49.1028000,55.2292000,61.5616000,-8.8240000,-8.6200000,18.3580000,0.000000,0,0,0
26.970,-10.5752000,-0.0371000,3.0697000,49.2859000,53.7872000,63.1104000,-9.1240000,-8.5990000,16.9080000,0.000000,0,0,0
26.980,-10.5202000,-0.0694000,3.3173000,51.2619000,53.2227000,64.1022000,-8.9160000,-8.7770000,17.5930000,0.000000,0,0,0
26.990,-10.4161000,-0.1268000,3.3592000,54.0848000,53.5202000,64.2929000,-8.7180000,-8.9020000,17.4430000,0.000000,0,0,0
27.000,-10.3084000,-0.1806000,3.2228000,56.7169000,54.1153000,63.8885000,-8.4210000,-8.7180000,17.1880000,0.000000,0,0,0
27.010,-10.2259000,-0.2058000,3.0003000,58.3878000,54.3900000,63.3087000,-8.6740000,-8.7360000,16.7040000,0.000000,0,0,0
27.020,-10.1900000,-0.1866000,2.7885000,58.7540000,54.1382000,62.8967000,-8.9980000,-8.7870000,17.4370000,0.000000,0,0,0
27.030,-10.1984000,-0.1352000,2.6737000,57.9834000,53.5507000,62.7975000,-8.7730000,-8.7490000,16.7290000,0.000000,0,0,0
27.040,-10.2331000,-0.0766000,2.6821000,56.7398000,52.8564000,62.9807000,-8.7610000,-8.7800000,17.2820000,0.000000,0,0,0
27.050,-10.2689000,-0.0395000,2.7778000,55.7556000,52.2079000,63.3163000,-8.7800000,-8.7190000,17.2020000,0.000000,0,0,0
27.060,-10.2725000,-0.0311000,2.8747000,55.4352000,51.7044000,63.6063000,-8.9790000,-8.7690000,16.5660000,0.000000,0,0,0
27.070,-10.2414000,-0.0562000,2.8950000,55.6259000,51.5518000,63.5529000,-9.2630000,-8.5650000,17.0770000,0.000000,0,0,0
27.080,-10.1888000,-0.0945000,2.8280000,55.8701000,51.8646000,63.0722000,-8.7890000,-8.2330000,16.6580000,0.000000,0,0,0
27.090,-10.1278000,-0.1184000,2.7120000,55.8167000,52.3682000,62.3932000,-8.5990000,-8.3870000,16.8190000,0.000000,0,0,0
27.100,-10.0704000,-0.1184000,2.5900000,55.3589000,52.8412000,61.7523000,-8.6990000,-8.4950000,16.9750000,0.000000,0,0,0
27.110,-10.0405000,-0.0873000,2.5062000,54.5273000,53.2684000,61.2411000,-8.7570000,-8.7390000,16.9890000,0.000000,0,0,0
27.120,-10.0751000,-0.0287000,2.5074000,53.3905000,53.7033000,60.9665000,-8.4560000,-8.7390000,17.2370000,0.000000,0,0,0
27.130,-10.1792000,0.0263000,2.6139000,52.2995000,54.1229000,61.1038000,-8.4950000,-9.0740000,17.1260000,0.000000,0,0,0
27.140,-10.2929000,0.0490000,2.7826000,51.8188000,54.2831000,61.7523000,-8.6880000,-8.8580000,17.2920000,0.000000,0,0,0
27.150,-10.3611000,0.0323000,2.9512000,52.2614000,54.2603000,62.5916000,-8.6440000,-8.8200000,16.7710000,0.000000,0,0,0
27.160,-10.3623000,-0.0144000,3.0505000,53.3447000,54.3137000,63.2248000,-8.7170000,-9.0800000,16.4630000,0.000000,0,0,0
27.170,-10.3036000,-0.0802000,3.0505000,54.7180000,54.5425000,63.4766000,-8.7800000,-8.8780000,17.0670000,0.000000,0,0,0
27.180,-10.2031000,-0.1495000,2.9680000,56.0684000,54.7104000,63.3240000,-8.5310000,-9.0950000,17.2710000,0.000000,0,0,0
27.190,-10.0787000,-0.1938000,2.8364000,57.0602000,54.6722000,62.7518000,-8.6740000,-9.0670000,16.5110000,0.000000,0,0,0
27.200,-9.9759000,-0.1926000,2.7108000,57.3578000,54.5731000,61.8210000,-8.2050000,-8.7750000,16.5040000,0.000000,0,0,0
27.210,-9.9316000,-0.1615000,2.6414000,56.9229000,54.4586000,60.7681000,-8.8330000,-8.8880000,16.6300000,0.000000,0,0,0
27.220,-9.9388000,-0.1208000,2.6749000,56.2057000,54.1000000,59.8450000,-8.5980000,-9.0400000,18.1510000,0.000000,0,0,0
27.230,-9.9782000,-0.0813000,2.8041000,55.7709000,53.5202000,59.1202000,-8.6020000,-8.8140000,17.3120000,0.000000,0,0,0
27.240,-10.0285000,-0.0610000,2.9668000,55.9921000,53.0014000,58.5327000,-8.6610000,-8.8380000,17.3740000,0.000000,0,0,0
27.250,-10.0775000,-0.0766000,3.0661000,56.8771000,52.7725000,58.0292000,-8.6480000,-8.6950000,17.3540000,0.000000,0,0,0
27.260,-10.1182000,-0.1232000,3.0422000,58.0673000,52.7267000,57.5638000,-8.7290000,-8.5540000,17.3310000,0.000000,0,0,0
27.270,-10.1577000,-0.1962000,2.7969000,59.0515000,52.5055000,56.8848000,-8.9940000,-9.0000000,16.7400000,0.000000,0,0,0
27.280,-10.1840000,-0.2237000,2.6007000,58.5175000,51.9867000,56.4957000,-8.5190000,-8.9680000,16.8810000,0.000000,0,0,0
27.290,-10.2043000,-0.2225000,2.4608000,57.0526000,51.3916000,56.1142000,-8.7750000,-8.7870000,16.9480000,0.000000,0,0,0
27.300,-10.2211000,-0.1974000,2.4165000,55.1529000,51.0254000,55.7175000,-8.4890000,-8.7660000,17.1070000,0.000000,0,0,0
27.310,-10.2582000,-0.1651000,2.4632000,53.3905000,51.0635000,55.3055000,-8.8110000,-9.1030000,16.5130000,0.000000,0,0,0
27.320,-10.3264000,-0.1280000,2.5852000,52.1393000,51.4450000,55.0995000,-8.8330000,-9.2330000,16.6070000,0.000000,0,0,0
27.330,-10.4269000,-0.0981000,2.7551000,51.5671000,51.9867000,55.2826000,-8.5690000,-9.1410000,17.1430000,0.000000,0,0,0
27.340,-10.5273000,-0.0921000,2.9417000,51.7960000,52.4292000,55.9311000,-8.5540000,-9.2550000,17.2160000,0.000000,0,0,0
27.350,-10.5848000,-0.1113000,3.1020000,52.8259000,52.6962000,56.9077000,-8.7640000,-9.3220000,17.5630000,0.000000,0,0,0
27.360,-10.5776000,-0.1424000,3.1797000,54.4662000,52.9785000,57.9453000,-8.4540000,-9.0260000,16.9460000,0.000000,0,0,0
27.370,-10.5297000,-0.1794000,3.1522000,56.2820000,53.3218000,58.8226000,-8.6200000,-9.0550000,16.9670000,0.000000,0,0,0
27.380,-10.4699000,-0.2141000,3.0481000,57.7545000,53.5736000,59.4711000,-8.4830000,-9.1480000,16.9360000,0.000000,0,0,0
27.390,-10.4077000,-0.2369000,2.9189000,58.6090000,53.6194000,59.8831000,-8.7550000,-9.0900000,16.7990000,0.000000,0,0,0
27.400,-10.3527000,-0.2381000,2.8208000,58.8074000,53.5736000,60.0433000,-8.7620000,-9.5000000,16.8330000,0.000000,0,0,0
27.410,-10.3276000,-0.2237000,2.7921000,58.5480000,53.5965000,59.9823000,-8.7240000,-9.2030000,16.6500000,0.000000,0,0,0
27.420,-10.3228000,-0.2082000,2.8280000,58.2657000,53.7643000,59.8907000,-8.6970000,-9.3340000,16.2390000,0.000000,0,0,0
27.430,-10.3252000,-0.1830000,2.8819000,58.3038000,54.0771000,59.8755000,-8.7250000,-9.2400000,16.7470000,0.000000,0,0,0
27.440,-10.3467000,-0.1459000,2.9010000,58.6243000,54.4739000,60.0052000,-8.9180000,-9.2690000,16.5180000,0.000000,0,0,0
27.450,-10.3862000,-0.1125000,2.8783000,58.9828000,54.7485000,60.3180000,-8.8450000,-8.8420000,16.9820000,0.000000,0,0,0
27.460,-10.4077000,-0.0849000,2.8280000,59.2422000,54.8325000,60.7834000,-9.0340000,-9.1120000,17.1420000,0.000000,0,0,0
27.470,-10.3934000,-0.0730000,2.7718000,59.3567000,54.7562000,61.2335000,-9.1270000,-8.9900000,17.2580000,0.000000,0,0,0
27.480,-10.3551000,-0.0730000,2.7240000,59.2880000,54.5883000,61.5463000,-8.8850000,-9.2490000,17.2730000,0.000000,0,0,0
27.490,-10.3060000,-0.0873000,2.6964000,59.0057000,54.3442000,61.6837000,-8.8830000,-8.8660000,17.1520000,0.000000,0,0,0
27.500,-10.2426000,-0.1113000,2.6881000,58.5785000,54.0924000,61.6531000,-8.6740000,-8.8360000,16.7600000,0.000000,0,0,0
27.510,-10.1756000,-0.1316000,2.6905000,58.0063000,53.9780000,61.3785000,-8.7180000,-8.8440000,16.2050000,0.000000,0,0,0
27.520,-10.1290000,-0.1436000,2.7036000,57.3349000,53.9627000,60.9207000,-8.8240000,-9.1520000,16.5950000,0.000000,0,0,0
27.530,-10.1134000,-0.1483000,2.7323000,56.7017000,53.7796000,60.4630000,-8.9730000,-9.0580000,16.5400000,0.000000,0,0,0
27.540,-10.1134000,-0.1483000,2.7826000,56.2363000,53.2684000,60.0891000,-8.6260000,-9.3130000,16.0850000,0.000000,0,0,0
27.550,-10.1134000,-0.1483000,2.8508000,56.0455000,52.5513000,59.7687000,-9.0660000,-9.3530000,16.8540000,0.000000,0,0,0
27.560,-10.1182000,-0.1555000,2.9034000,56.1981000,51.8875000,59.4482000,-8.7190000,-8.9830000,17.3260000,0.000000,0,0,0
27.570,-10.1385000,-0.1639000,2.9094000,56.5720000,51.4908000,59.1888000,-8.6610000,-9.0390000,17.0140000,0.000000,0,0,0
27.580,-10.1685000,-0.1663000,2.8675000,56.9611000,51.4450000,59.0439000,-9.2000000,-8.9180000,16.6280000,0.000000,0,0,0
27.590,-10.1876000,-0.1579000,2.7874000,57.1518000,51.6434000,59.0134000,-8.9080000,-9.1870000,17.0970000,0.000000,0,0,0
27.600,-10.1960000,-0.1507000,2.6905000,57.0602000,51.9333000,58.9981000,-9.0400000,-9.2910000,17.1100000,0.000000,0,0,0
27.610,-10.2067000,-0.1459000,2.6043000,56.6788000,52.2614000,58.9142000,-8.7480000,-9.0040000,16.7450000,0.000000,0,0,0
27.620,-10.2438000,-0.1304000,2.5541000,56.0226000,52.5665000,58.8608000,-8.7380000,-9.0800000,17.1740000,0.000000,0,0,0
27.630,-10.3144000,-0.1184000,2.5660000,55.3055000,52.7191000,59.0363000,-8.7950000,-9.2590000,17.3760000,0.000000,0,0,0
27.640,-10.3910000,-0.1065000,2.6474000,54.8630000,52.6123000,59.5779000,-8.8750000,-8.9300000,16.8470000,0.000000,0,0,0
27.650,-10.4412000,-0.0945000,2.7850000,54.9469000,52.5284000,60.3409000,-9.0280000,-9.0050000,16.7400000,0.000000,0,0,0
27.660,-10.4651000,-0.1005000,2.9333000,55.7022000,52.7878000,61.0886000,-8.6610000,-8.9310000,16.8550000,0.000000,0,0,0
27.670,-10.4556000,-0.1268000,3.0302000,57.0297000,53.5736000,61.7142000,-8.8520000,-8.8930000,16.5490000,0.000000,0,0,0
27.680,-10.4185000,-0.1567000,3.0326000,58.5175000,54.6799000,62.1643000,-8.7100000,-8.8650000,16.6750000,0.000000,0,0,0
27.690,-10.3658000,-0.1854000,2.9500000,59.6008000,55.6870000,62.4695000,-8.8690000,-9.0960000,16.3570000,0.000000,0,0,0
27.700,-10.3072000,-0.2070000,2.8340000,59.9594000,56.1829000,62.6602000,-8.9010000,-9.1720000,16.2380000,0.000000,0,0,0
27.710,-10.2450000,-0.2129000,2.7491000,59.6619000,56.0226000,62.7289000,-8.8720000,-9.1570000,16.8220000,0.000000,0,0,0
27.720,-10.1876000,-0.2046000,2.7335000,59.0210000,55.3589000,62.5916000,-8.8430000,-9.1000000,15.9240000,0.000000,0,0,0
27.730,-10.1445000,-0.1890000,2.7742000,58.4488000,54.5197000,62.1414000,-8.9500000,-9.0630000,16.6070000,0.000000,0,0,0
27.740,-10.1242000,-0.1735000,2.8340000,58.1589000,53.7796000,61.4319000,-9.1690000,-8.7510000,16.8340000,0.000000,0,0,0
27.750,-10.1350000,-0.1603000,2.8735000,58.1436000,53.2532000,60.5774000,-9.1000000,-9.1280000,15.6540000,0.000000,0,0,0
27.760,-10.1852000,-0.1543000,2.8735000,58.2504000,52.9099000,59.8755000,-8.7300000,-9.1010000,17.0150000,0.000000,0,0,0
27.770,-10.2558000,-0.1567000,2.8424000,58.4030000,52.6505000,59.5627000,-9.1580000,-8.6180000,16.7440000,0.000000,0,0,0
27.780,-10.3168000,-0.1555000,2.7993000,58.5175000,52.4521000,59.6466000,-8.6280000,-8.9550000,16.6740000,0.000000,0,0,0
27.790,-10.3599000,-0.1555000,2.7551000,58.5098000,52.3148000,59.9747000,-8.7940000,-9.1790000,16.8880000,0.000000,0,0,0
27.800,-10.3766000,-0.1591000,2.7144000,58.3725000,52.2766000,60.3790000,-8.8680000,-9.1170000,17.0950000,0.000000,0,0,0
27.810,-10.3611000,-0.1639000,2.6809000,58.1360000,52.3453000,60.6537000,-8.9930000,-9.1280000,16.0350000,0.000000,0,0,0
27.820,-10.3216000,-0.1627000,2.6534000,57.7850000,52.5436000,60.6689000,-8.7850000,-8.9190000,16.2540000,0.000000,0,0,0
27.830,-10.2881000,-0.1531000,2.6366000,57.3120000,52.7573000,60.5164000,-8.9480000,-9.3490000,16.5940000,0.000000,0,0,0
27.840,-10.2797000,-0.1483000,2.6390000,56.7627000,52.8641000,60.4019000,-8.8320000,-8.8290000,16.9720000,0.000000,0,0,0
27.850,-10.2893000,-0.1483000,2.6725000,56.2820000,52.8412000,60.4782000,-8.6420000,-8.8760000,17.0910000,0.000000,0,0,0
27.860,-10.3036000,-0.1459000,2.7323000,56.0226000,52.8183000,60.7376000,-8.8420000,-9.0260000,16.7610000,0.000000,0,0,0
27.870,-10.3240000,-0.1471000,2.7969000,56.0608000,52.8870000,61.0962000,-8.8590000,-8.9070000,16.5370000,0.000000,0,0,0
27.880,-10.3479000,-0.1603000,2.8520000,56.3812000,52.9709000,61.4853000,-8.8450000,-8.8210000,17.0550000,0.000000,0,0,0
27.890,-10.3455000,-0.1747000,2.8866000,56.9153000,53.0777000,61.7981000,-9.0730000,-8.9060000,16.9690000,0.000000,0,0,0
27.900,-10.3132000,-0.1818000,2.8938000,57.5180000,53.1616000,61.9125000,-8.8840000,-9.2490000,16.6930000,0.000000,0,0,0
27.910,-10.2761000,-0.1782000,2.8723000,58.1589000,53.1464000,61.7599000,-8.7960000,-9.0380000,16.9830000,0.000000,0,0,0
27.920,-10.3048000,-0.1675000,2.8699000,58.2886000,53.0090000,61.7294000,-8.9810000,-9.2020000,17.1670000,0.000000,0,0,0
27.930,-10.3742000,-0.1555000,2.8950000,58.3801000,52.6886000,62.0422000,-8.7430000,-8.8560000,16.8560000,0.000000,0,0,0
27.940,-10.4448000,-0.1436000,2.9393000,58.6624000,52.1317000,62.7747000,-9.0060000,-9.0830000,15.8480000,0.000000,0,0,0
27.950,-10.4831000,-0.1340000,2.9632000,59.1965000,51.3916000,63.7436000,-8.5110000,-8.7520000,16.4690000,0.000000,0,0,0
27.960,-10.4592000,-0.1328000,2.9477000,59.8679000,50.6439000,64.5905000,-8.6750000,-9.0610000,16.4940000,0.000000,0,0,0
27.970,-10.3718000,-0.1268000,2.8890000,60.4019000,50.1404000,64.9490000,-8.8180000,-8.9670000,17.1590000,0.000000,0,0,0
27.980,-10.2522000,-0.1113000,2.8017000,60.6079000,49.9268000,64.7202000,-8.9560000,-8.9980000,16.3970000,0.000000,0,0,0
27.990,-10.1589000,-0.0825000,2.7012000,60.4019000,49.9725000,64.1022000,-8.8520000,-8.6920000,16.9530000,0.000000,0,0,0
28.000,-10.1110000,-0.0443000,2.6103000,59.8373000,50.2548000,63.3850000,-8.7920000,-8.8040000,16.7240000,0.000000,0,0,0
28.010,-10.0955000,-0.0036000,2.5565000,59.0363000,50.6973000,62.7518000,-9.1220000,-9.0060000,16.3950000,0.000000,0,0,0
28.020,-10.1015000,0.0251000,2.5385000,58.1665000,51.3611000,62.2864000,-8.9700000,-8.8680000,16.5390000,0.000000,0,0,0
28.030,-10.1182000,0.0347000,2.5529000,57.3654000,52.1622000,61.9736000,-8.7430000,-8.8490000,16.9140000,0.000000,0,0,0
28.040,-10.1409000,0.0215000,2.5971000,56.7398000,52.8717000,61.7676000,-8.8620000,-8.9970000,16.0610000,0.000000,0,0,0
28.050,-10.1673000,-0.0072000,2.6617000,56.2820000,53.2761000,61.5768000,-8.9930000,-9.1640000,16.3860000,0.000000,0,0,0
28.060,-10.1936000,-0.0419000,2.7359000,55.9540000,53.2532000,61.4090000,-8.7330000,-8.7520000,16.4530000,0.000000,0,0,0
28.070,-10.2271000,-0.0778000,2.8161000,55.8090000,52.7649000,61.2717000,-8.8720000,-8.7330000,16.5050000,0.000000,0,0,0
28.080,-10.2677000,-0.1041000,2.8962000,55.9311000,51.9562000,61.2259000,-8.7980000,-8.9610000,16.1550000,0.000000,0,0,0
28.090,-10.3024000,-0.1148000,2.9668000,56.2973000,51.1398000,61.2106000,-8.6840000,-9.0190000,16.2350000,0.000000,0,0,0
28.100,-10.3120000,-0.1101000,3.0135000,56.8314000,50.5600000,61.1649000,-8.9740000,-8.9430000,16.0990000,0.000000,0,0,0
28.110,-10.2929000,-0.0957000,3.0194000,57.4265000,50.3006000,60.9970000,-8.9150000,-8.9560000,16.6500000,0.000000,0,0,0
28.120,-10.2594000,-0.0754000,2.9728000,57.9453000,50.3464000,60.6766000,-9.1280000,-9.0190000,16.3220000,0.000000,0,0,0
28.130,-10.2331000,-0.0538000,2.8878000,58.2352000,50.5981000,60.2264000,-8.7190000,-8.7240000,16.3930000,0.000000,0,0,0
28.140,-10.2163000,-0.0323000,2.7969000,58.1818000,50.9491000,59.7916000,-8.7150000,-8.9850000,16.4270000,0.000000,0,0,0
28.150,-10.2067000,-0.0156000,2.7275000,57.8232000,51.3153000,59.4788000,-8.9370000,-8.7480000,16.6450000,0.000000,0,0,0
28.160,-10.2103000,-0.0096000,2.6869000,57.2815000,51.6357000,59.3338000,-8.9550000,-8.8160000,16.1460000,0.000000,0,0,0
28.170,-10.2295000,-0.0167000,2.6821000,56.6483000,51.8646000,59.3338000,-8.7510000,-9.0070000,16.7750000,0.000000,0,0,0
28.180,-10.2594000,-0.0335000,2.7144000,56.0226000,51.9638000,59.4864000,-8.9360000,-8.7830000,16.7580000,0.000000,0,0,0
28.190,-10.2929000,-0.0586000,2.7730000,55.5573000,51.8494000,59.7839000,-8.6740000,-8.8220000,16.9750000,0.000000,0,0,0
28.200,-10.3192000,-0.0825000,2.8508000,55.3360000,51.5213000,60.1501000,-8.9890000,-9.0020000,16.3160000,0.000000,0,0,0
28.210,-10.3276000,-0.0993000,2.9321000,55.3894000,51.0712000,60.4858000,-9.0510000,-9.0000000,16.6460000,0.000000,0,0,0
28.220,-10.3180000,-0.1065000,2.9967000,55.7709000,50.7202000,60.6613000,-8.9310000,-8.9720000,16.5890000,0.000000,0,0,0
28.230,-10.2953000,-0.1005000,3.0230000,56.3965000,50.5829000,60.6689000,-8.7130000,-8.9690000,17.4390000,0.000000,0,0,0
28.240,-10.2725000,-0.0897000,3.0027000,57.0908000,50.6363000,60.5621000,-8.8760000,-9.0530000,17.3670000,0.000000,0,0,0
28.250,-10.2510000,-0.0790000,2.9489000,57.6706000,50.8804000,60.4095000,-8.8110000,-9.0530000,17.0810000,0.000000,0,0,0
28.260,-10.2319000,-0.0694000,2.8819000,58.0368000,51.3077000,60.3027000,-8.8510000,-9.1940000,17.3380000,0.000000,0,0,0
28.270,-10.2223000,-0.0682000,2.8232000,58.1665000,51.8112000,60.2722000,-8.8970000,-9.1390000,17.0440000,0.000000,0,0,0
28.280,-10.2187000,-0.0730000,2.7945000,58.0673000,52.2308000,60.2646000,-8.8220000,-9.1440000,17.3120000,0.000000,0,0,0
28.290,-10.2103000,-0.0885000,2.7909000,57.8384000,52.4445000,60.2264000,-8.9060000,-8.9400000,17.6220000,0.000000,0,0,0
28.300,-10.1912000,-0.1089000,2.7969000,57.5638000,52.4139000,60.0739000,-8.9670000,-9.3030000,17.5960000,0.000000,0,0,0
28.310,-10.1697000,-0.1208000,2.8065000,57.2281000,52.1851000,59.7763000,-9.0460000,-8.9360000,17.3760000,0.000000,0,0,0
28.320,-10.1577000,-0.1316000,2.8208000,56.8619000,51.6663000,59.3719000,-9.1910000,-8.8600000,18.0390000,0.000000,0,0,0
28.330,-10.1541000,-0.1400000,2.8448000,56.5414000,50.9109000,58.9828000,-9.1630000,-8.7380000,17.0240000,0.000000,0,0,0
28.340,-10.1601000,-0.1412000,2.8699000,56.3126000,50.2548000,58.6395000,-9.1160000,-8.7910000,17.0750000,0.000000,0,0,0
28.350,-10.1780000,-0.1436000,2.8783000,56.1829000,49.9191000,58.3801000,-9.0800000,-8.8630000,17.0430000,0.000000,0,0,0
28.360,-10.2043000,-0.1400000,2.8591000,56.1218000,49.9878000,58.2962000,-8.9640000,-8.9980000,16.5560000,0.000000,0,0,0
28.370,-10.2283000,-0.1304000,2.8208000,56.1142000,50.2472000,58.4106000,-9.0860000,-8.8550000,16.6910000,0.000000,0,0,0
28.380,-10.2474000,-0.1244000,2.7909000,56.0837000,50.5981000,58.6929000,-8.7470000,-9.0750000,16.8790000,0.000000,0,0,0
28.390,-10.2558000,-0.1101000,2.7885000,55.9998000,50.9949000,59.0439000,-9.0280000,-9.0190000,17.4350000,0.000000,0,0,0
28.400,-10.2570000,-0.0909000,2.8316000,55.9235000,51.2848000,59.3719000,-8.8890000,-8.9580000,17.3590000,0.000000,0,0,0
28.410,-10.2606000,-0.0849000,2.9154000,56.0226000,51.4221000,59.6619000,-8.5990000,-8.7610000,17.4270000,0.000000,0,0,0
28.420,-10.2666000,-0.0921000,3.0099000,56.4499000,51.4984000,59.8984000,-8.7290000,-8.6970000,17.4620000,0.000000,0,0,0
28.430,-10.2749000,-0.1089000,3.0828000,57.1518000,51.6281000,60.0662000,-9.3500000,-8.7680000,16.5710000,0.000000,0,0,0
28.440,-10.2845000,-0.1340000,3.1235000,57.9910000,51.7960000,60.1578000,-9.1230000,-8.9200000,16.9090000,0.000000,0,0,0
28.450,-10.2869000,-0.1519000,3.1259000,58.8303000,51.9104000,60.2341000,-9.2210000,-8.9830000,17.2720000,0.000000,0,0,0
28.460,-10.2857000,-0.1603000,3.0972000,59.5474000,51.9791000,60.2951000,-8.8260000,-8.7520000,16.8390000,0.000000,0,0,0
28.470,-10.2737000,-0.1579000,3.0410000,60.0739000,51.9943000,60.3333000,-9.0960000,-8.9000000,16.4530000,0.000000,0,0,0
28.480,-10.2534000,-0.1471000,2.9644000,60.3561000,51.9333000,60.2570000,-9.1570000,-8.7610000,16.7100000,0.000000,0,0,0
28.490,-10.2354000,-0.1304000,2.8783000,60.3714000,51.8494000,60.0052000,-9.4260000,-8.7510000,17.1970000,0.000000,0,0,0
28.500,-10.2319000,-0.1136000,2.8017000,60.0891000,51.6968000,59.6695000,-9.2020000,-8.7620000,17.5650000,0.000000,0,0,0
28.510,-10.2462000,-0.0981000,2.7574000,59.5016000,51.4221000,59.4025000,-9.3190000,-8.7080000,17.3000000,0.000000,0,0,0
28.520,-10.2737000,-0.0885000,2.7634000,58.7158000,51.0101000,59.3262000,-9.2080000,-8.6180000,17.1900000,0.000000,0,0,0
28.530,-10.2965000,-0.0897000,2.8232000,57.9605000,50.4913000,59.4940000,-9.4380000,-9.0140000,17.0850000,0.000000,0,0,0
28.540,-10.2845000,-0.0993000,2.9596000,57.4112000,49.7971000,59.9213000,-9.0690000,-8.7300000,17.4110000,0.000000,0,0,0
28.550,-10.2546000,-0.1005000,3.0230000,57.5562000,49.4461000,60.1273000,-9.1880000,-8.7770000,16.9640000,0.000000,0,0,0
28.560,-10.2151000,-0.0921000,3.0326000,57.9224000,49.0646000,60.2722000,-9.2370000,-9.1790000,17.2200000,0.000000,0,0,0
28.570,-10.1720000,-0.0790000,2.9967000,58.2581000,48.7289000,60.3561000,-9.3750000,-8.8430000,17.8260000,0.000000,0,0,0
28.580,-10.1362000,-0.0694000,2.9405000,58.4717000,48.5535000,60.3943000,-9.1900000,-8.8370000,17.6290000,0.000000,0,0,0
28.590,-10.1206000,-0.0610000,2.8902000,58.5175000,48.6069000,60.3867000,-9.2370000,-8.8340000,17.1520000,0.000000,0,0,0
28.600,-10.1421000,-0.0550000,2.8759000,58.3496000,48.9120000,60.4019000,-9.4370000,-8.7470000,17.9870000,0.000000,0,0,0
28.610,-10.1996000,-0.0586000,2.9094000,58.0826000,49.3317000,60.5850000,-9.3240000,-9.0150000,17.4100000,0.000000,0,0,0
28.620,-10.2642000,-0.0742000,2.9704000,57.9529000,49.5605000,61.0580000,-9.2820000,-8.8940000,17.5770000,0.000000,0,0,0
28.630,-10.3000000,-0.1017000,3.0338000,58.0826000,49.5300000,61.7294000,-9.3880000,-8.7840000,16.8530000,0.000000,0,0,0
28.640,-10.2857000,-0.1352000,3.0769000,58.4106000,49.3851000,62.3398000,-9.2760000,-8.8660000,17.7880000,0.000000,0,0,0
28.650,-10.2175000,-0.1675000,3.0769000,58.8150000,49.3164000,62.6144000,-9.4080000,-8.9050000,17.7330000,0.000000,0,0,0
28.660,-10.1254000,-0.1747000,3.0278000,59.0744000,49.3393000,62.3932000,-9.7530000,-8.8130000,17.4400000,0.000000,0,0,0
28.670,-10.0512000,-0.1579000,2.9572000,58.8608000,49.4156000,61.7371000,-9.5000000,-8.6090000,17.2840000,0.000000,0,0,0
28.680,-10.0393000,-0.1244000,2.9082000,58.0750000,49.5148000,60.9436000,-9.4150000,-8.6740000,17.6360000,0.000000,0,0,0
28.690,-10.0979000,-0.0849000,2.9130000,57.0068000,49.4690000,60.4630000,-9.4170000,-8.8140000,17.0530000,0.000000,0,0,0
28.700,-10.1864000,-0.0479000,2.9704000,56.0760000,49.2249000,60.5164000,-9.2570000,-8.7820000,16.8360000,0.000000,0,0,0
28.710,-10.2630000,-0.0251000,3.0481000,55.5420000,48.8663000,60.9665000,-9.7390000,-8.5760000,17.6620000,0.000000,0,0,0
28.720,-10.3120000,-0.0275000,3.1068000,55.4733000,48.5764000,61.5616000,-9.5920000,-8.8100000,17.4380000,0.000000,0,0,0
28.730,-10.3312000,-0.0550000,3.1283000,55.6641000,48.3932000,62.0575000,-9.2850000,-8.9110000,17.0590000,0.000000,0,0,0
28.740,-10.3228000,-0.0849000,3.1044000,55.8014000,48.2559000,62.3627000,-9.4310000,-9.0000000,17.8360000,0.000000,0,0,0
28.750,-10.2881000,-0.0969000,3.0529000,55.6412000,47.9507000,62.5229000,-9.4380000,-8.6760000,17.7700000,0.000000,0,0,0
28.760,-10.2319000,-0.1113000,3.0146000,55.2979000,47.2870000,62.6144000,-9.2920000,-8.8390000,17.9780000,0.000000,0,0,0
28.770,-10.1565000,-0.1172000,3.0111000,55.0156000,46.5164000,62.5916000,-9.4440000,-8.9410000,17.6610000,0.000000,0,0,0
28.780,-10.0763000,-0.1184000,3.0374000,54.9088000,46.0205000,62.2864000,-9.5020000,-9.3230000,17.6080000,0.000000,0,0,0
28.790,-10.0141000,-0.1184000,3.0673000,55.0156000,45.9595000,61.6760000,-9.6210000,-9.1760000,17.9270000,0.000000,0,0,0
28.800,-9.9986000,-0.1268000,3.0888000,55.2216000,46.0358000,60.9055000,-9.5420000,-9.1050000,18.0300000,0.000000,0,0,0
28.810,-10.0309000,-0.1424000,3.1008000,55.3741000,45.8221000,60.2341000,-9.7980000,-9.0950000,17.8920000,0.000000,0,0,0
28.820,-10.0931000,-0.1555000,3.1080000,55.3436000,44.8303000,59.8526000,-9.8170000,-9.1720000,17.6580000,0.000000,0,0,0
28.830,-10.1697000,-0.1651000,3.1223000,55.1071000,42.7170000,59.8907000,-9.7040000,-9.1370000,18.0660000,0.000000,0,0,0
28.840,-10.2378000,-0.1794000,3.1702000,54.7562000,39.4516000,60.3180000,-9.9950000,-9.3790000,17.5000000,0.000000,0,0,0
28.850,-10.2666000,-0.1998000,3.2539000,54.4739000,35.3165000,60.8597000,-10.1620000,-9.1230000,17.7140000,0.000000,0,0,0
28.860,-10.2378000,-0.2153000,3.3460000,54.3213000,30.8914000,61.2030000,-10.0850000,-9.5200000,18.5640000,0.000000,0,0,0
28.870,-10.1577000,-0.2237000,3.4106000,54.3289000,26.7639000,61.0886000,-10.6690000,-9.3590000,18.3540000,0.000000,0,0,0
28.880,-10.0488000,-0.2129000,3.4274000,54.4205000,23.1552000,60.4553000,-10.2390000,-9.5450000,17.6010000,0.000000,0,0,0
28.890,-9.9412000,-0.1806000,3.3975000,54.3060000,20.2179000,59.4177000,-10.5920000,-9.3690000,17.4790000,0.000000,0,0,0
28.900,-9.8658000,-0.1352000,3.3400000,53.6575000,17.8604000,58.2123000,-11.1410000,-9.3520000,17.5740000,0.000000,0,0,0
28.910,-9.8467000,-0.0778000,3.2850000,52.3529000,15.3580000,57.1823000,-11.3330000,-9.2930000,17.1610000,0.000000,0,0,0
28.920,-9.8909000,-0.0251000,3.2766000,50.4608000,11.7493000,56.7398000,-11.3790000,-9.3390000,17.9060000,0.000000,0,0,0
28.930,-9.9591000,0.0072000,3.3604000,48.2407000,6.6681000,57.1289000,-11.5720000,-9.4180000,18.4930000,0.000000,0,0,0
28.940,-10.0046000,0.0239000,3.5494000,46.0739000,0.5798000,58.1741000,-11.8320000,-9.6070000,18.0100000,0.000000,0,0,0
28.950,-9.9962000,0.0156000,3.8102000,44.4183000,-5.5084000,59.4559000,-12.5720000,-9.6530000,18.1200000,0.000000,0,0,0
28.960,-9.9280000,-0.0323000,4.0901000,43.8080000,-10.5515000,60.4401000,-12.4690000,-10.0740000,18.2470000,0.000000,0,0,0
28.970,-9.8191000,-0.1196000,4.3222000,44.5023000,-13.7558000,60.7758000,-12.7460000,-9.7420000,18.4650000,0.000000,0,0,0
28.980,-9.7043000,-0.1974000,4.4454000,46.1121000,-15.0452000,60.3485000,-13.0280000,-9.7590000,18.1980000,0.000000,0,0,0
28.990,-9.6134000,-0.2632000,4.4693000,47.8821000,-14.9765000,59.2880000,-13.6670000,-9.7830000,18.0090000,0.000000,0,0,0
29.000,-9.5619000,-0.3242000,4.4466000,49.1562000,-14.2288000,57.9376000,-13.9440000,-9.7940000,18.2420000,0.000000,0,0,0
29.010,-9.5356000,-0.3565000,4.4251000,49.6368000,-13.6719000,56.7245000,-14.0440000,-10.3340000,18.5890000,0.000000,0,0,0
29.020,-9.5416000,-0.3493000,4.4418000,49.4003000,-14.1830000,56.0074000,-14.6240000,-9.9390000,18.4790000,0.000000,0,0,0
29.030,-9.5895000,-0.3122000,4.5375000,48.6298000,-16.1133000,56.0989000,-15.0190000,-10.0900000,18.1570000,0.000000,0,0,0
29.040,-9.6421000,-0.2692000,4.7349000,47.6990000,-19.2108000,56.9305000,-15.2720000,-10.0790000,18.3820000,0.000000,0,0,0
29.050,-9.6505000,-0.2417000,5.0220000,47.2107000,-22.4991000,57.8156000,-15.8220000,-10.2570000,18.1160000,0.000000,0,0,0
29.060,-9.5763000,-0.2405000,5.3259000,47.7753000,-24.7498000,58.0215000,-15.8830000,-10.3470000,17.8050000,0.000000,0,0,0
29.070,-9.4519000,-0.2763000,5.5568000,49.7513000,-25.2914000,57.3273000,-15.9910000,-9.9960000,18.0110000,0.000000,0,0,0
29.080,-9.3071000,-0.3350000,5.6584000,52.7573000,-24.3835000,55.9464000,-16.7400000,-9.8280000,17.8690000,0.000000,0,0,0
29.090,-9.1672000,-0.3792000,5.6094000,55.8167000,-22.9187000,54.2908000,-16.9760000,-9.8410000,18.7200000,0.000000,0,0,0
29.100,-9.0475000,-0.3936000,5.4718000,57.8232000,-21.7819000,52.8030000,-17.3900000,-9.9340000,19.2320000,0.000000,0,0,0
29.110,-8.9291000,-0.3828000,5.3259000,58.1512000,-21.2479000,51.6205000,-17.5460000,-9.9390000,18.6910000,0.000000,0,0,0
29.120,-8.8095000,-0.3565000,5.2421000,56.9611000,-21.1258000,50.7431000,-17.8750000,-10.2630000,18.1100000,0.000000,0,0,0
29.130,-8.6611000,-0.3421000,5.2960000,53.9169000,-21.0037000,50.0412000,-18.2120000,-10.1990000,18.0360000,0.000000,0,0,0
29.140,-8.5917000,-0.3637000,5.4419000,52.2079000,-20.8130000,50.0259000,-18.4850000,-10.0350000,19.1290000,0.000000,0,0,0
29.150,-8.5427000,-0.4079000,5.6405000,51.2924000,-20.4163000,50.2472000,-18.9160000,-10.1950000,17.7640000,0.000000,0,0,0
29.160,-8.4984000,-0.4510000,5.8499000,51.2085000,-19.7830000,50.5905000,-19.3100000,-10.3310000,18.4920000,0.000000,0,0,0
29.170,-8.4386000,-0.4797000,6.0329000,51.6357000,-19.0582000,50.8423000,-19.7430000,-10.1550000,17.4820000,0.000000,0,0,0
29.180,-8.3585000,-0.4881000,6.1609000,52.1317000,-18.4097000,50.8499000,-20.1300000,-10.5290000,18.0210000,0.000000,0,0,0
29.190,-8.2652000,-0.4821000,6.2111000,52.4368000,-17.9596000,50.5981000,-20.4790000,-10.2550000,18.3650000,0.000000,0,0,0
29.200,-8.1778000,-0.4725000,6.1800000,52.3071000,-17.7155000,50.2548000,-20.5810000,-10.3860000,18.1960000,0.000000,0,0,0
29.210,-8.1061000,-0.4582000,6.1083000,51.4832000,-17.5781000,50.1099000,-21.1840000,-10.5960000,17.5380000,0.000000,0,0,0
29.220,-8.0474000,-0.4438000,6.0604000,49.8428000,-17.7231000,50.4150000,-21.3520000,-10.2900000,18.0030000,0.000000,0,0,0
29.230,-7.9936000,-0.4414000,6.0891000,47.5388000,-18.1351000,51.2466000,-21.5970000,-10.6590000,17.8210000,0.000000,0,0,0
29.240,-7.9350000,-0.4522000,6.2135000,44.9677000,-18.4250000,52.4063000,-22.0440000,-10.3960000,17.9610000,0.000000,0,0,0
29.250,-7.8644000,-0.4809000,6.4313000,42.6331000,-18.2877000,53.5049000,-22.2900000,-10.6360000,17.8960000,0.000000,0,0,0
29.260,-7.7843000,-0.5323000,6.7088000,41.0156000,-17.5018000,54.2831000,-22.5920000,-11.0750000,17.3190000,0.000000,0,0,0
29.270,-7.7113000,-0.5922000,6.9851000,40.3976000,-16.0675000,54.7791000,-22.9030000,-11.0070000,17.4190000,0.000000,0,0,0
29.280,-7.6431000,-0.6448000,7.2268000,40.8020000,-14.3204000,55.1605000,-23.1120000,-11.0730000,17.6590000,0.000000,0,0,0
29.290,-7.5653000,-0.6723000,7.4158000,42.0456000,-12.9013000,55.6335000,-23.4120000,-11.3100000,17.4790000,0.000000,0,0,0
29.300,-7.4625000,-0.6783000,7.5546000,43.9453000,-12.1155000,56.2439000,-23.6600000,-11.3860000,17.8840000,0.000000,0,0,0
29.310,-7.3392000,-0.6938000,7.6263000,46.2265000,-11.8408000,56.7703000,-23.9920000,-11.1440000,17.7580000,0.000000,0,0,0
29.320,-7.2041000,-0.7106000,7.6263000,48.5001000,-11.8179000,56.9458000,-24.6090000,-11.6060000,17.6420000,0.000000,0,0,0
29.330,-7.0844000,-0.7261000,7.5617000,50.3311000,-11.8484000,56.8008000,-24.7920000,-11.1710000,16.7730000,0.000000,0,0,0
29.340,-6.9959000,-0.7584000,7.4660000,51.4450000,-11.8561000,56.5567000,-24.5850000,-11.3370000,17.1860000,0.000000,0,0,0
29.350,-6.9193000,-0.8063000,7.3787000,51.8188000,-11.5891000,56.3278000,-25.2080000,-11.5460000,17.1340000,0.000000,0,0,0
29.360,-6.8344000,-0.8494000,7.3404000,51.5137000,-10.8871000,56.0837000,-25.5050000,-11.7160000,16.2420000,0.000000,0,0,0
29.370,-6.7519000,-0.8817000,7.3943000,50.6592000,-9.9411000,55.8853000,-25.8610000,-11.2740000,16.6620000,0.000000,0,0,0
29.380,-6.6813000,-0.9020000,7.5474000,49.6445000,-9.1095000,55.7556000,-25.9460000,-11.1870000,16.2510000,0.000000,0,0,0
29.390,-6.6131000,-0.8996000,7.7675000,49.0036000,-8.6365000,55.7251000,-26.0740000,-11.3730000,16.2830000,0.000000,0,0,0
29.400,-6.5293000,-0.8793000,8.0068000,49.1028000,-8.4915000,55.6259000,-26.7250000,-11.5810000,16.0540000,0.000000,0,0,0
29.410,-6.4456000,-0.8542000,8.2113000,49.9878000,-8.4000000,55.2902000,-26.6830000,-11.7410000,16.5950000,0.000000,0,0,0
29.420,-6.3738000,-0.8374000,8.3393000,51.4832000,-8.2245000,54.7943000,-27.0730000,-11.6790000,17.3430000,0.000000,0,0,0
29.430,-6.3308000,-0.8577000,8.3633000,53.3218000,-7.7896000,54.3900000,-27.1770000,-11.7190000,16.4340000,0.000000,0,0,0
29.440,-6.3080000,-0.9044000,8.2831000,55.1453000,-7.0572000,54.3213000,-27.3880000,-11.7160000,17.3240000,0.000000,0,0,0
29.450,-6.2698000,-0.9367000,8.1503000,56.4270000,-6.1188000,54.7180000,-28.1330000,-11.5800000,16.6150000,0.000000,0,0,0
29.460,-6.2028000,-0.9546000,8.0271000,56.7703000,-5.1880000,55.5191000,-28.1020000,-11.4840000,16.5080000,0.000000,0,0,0
29.470,-6.1094000,-0.9762000,7.9625000,56.2668000,-4.2801000,56.5109000,-28.2520000,-11.5980000,16.2010000,0.000000,0,0,0
29.480,-5.9886000,-0.9953000,7.9661000,55.2826000,-3.4409000,57.4875000,-28.9900000,-11.5850000,15.9600000,0.000000,0,0,0
29.490,-5.8546000,-1.0037000,8.0319000,54.1306000,-2.9984000,58.3191000,-28.8420000,-11.6370000,15.6070000,0.000000,0,0,0
29.500,-5.7338000,-1.0061000,8.1503000,52.9633000,-3.2120000,58.9752000,-29.1540000,-11.7710000,15.2360000,0.000000,0,0,0
29.510,-5.6273000,-0.9857000,8.3046000,52.0020000,-4.0741000,59.3567000,-29.2050000,-11.4110000,15.4190000,0.000000,0,0,0
29.520,-5.5304000,-0.9391000,8.4829000,51.4908000,-5.6000000,59.4101000,-29.7760000,-11.8710000,15.0090000,0.000000,0,0,0
29.530,-5.4503000,-0.8960000,8.6827000,51.6052000,-7.6370000,59.1354000,-30.0620000,-11.5970000,14.9830000,0.000000,0,0,0
29.540,-5.4048000,-0.8757000,8.8968000,52.4673000,-9.7351000,58.6319000,-30.1620000,-11.4320000,14.9480000,0.000000,0,0,0
29.550,-5.4036000,-0.8745000,9.0966000,54.2145000,-11.3983000,58.0826000,-30.7060000,-11.7910000,13.7910000,0.000000,0,0,0
29.560,-5.4204000,-0.8876000,9.2246000,56.8771000,-12.6114000,57.6477000,-30.7660000,-11.6860000,15.1460000,0.000000,0,0,0
29.570,-5.4288000,-0.9080000,9.2533000,60.3561000,-14.0305000,57.6782000,-31.0560000,-11.6320000,14.4040000,0.000000,0,0,0
29.580,-5.3773000,-0.9199000,9.2078000,64.1403000,-16.2277000,58.4717000,-31.4480000,-11.7390000,14.6610000,0.000000,0,0,0
29.590,-5.2314000,-0.8805000,9.1408000,67.3370000,-18.8141000,59.7000000,-31.4680000,-11.4350000,14.1720000,0.000000,0,0,0
29.600,-5.0125000,-0.7979000,9.0858000,69.0308000,-21.0342000,60.7376000,-31.9360000,-11.6970000,14.4860000,0.000000,0,0,0
29.610,-4.7816000,-0.7273000,9.0332000,68.9392000,-22.6212000,61.2488000,-32.1460000,-11.7280000,13.5570000,0.000000,0,0,0
29.620,-4.5782000,-0.7130000,8.9746000,67.5659000,-23.9182000,61.1877000,-32.5030000,-11.6400000,14.2750000,0.000000,0,0,0
29.630,-4.4215000,-0.7537000,8.9183000,65.7349000,-25.2991000,60.8215000,-32.6920000,-11.7080000,13.6730000,0.000000,0,0,0
29.640,-4.2923000,-0.7991000,8.8956000,63.8123000,-27.0691000,60.5011000,-33.0780000,-11.4920000,13.7110000,0.000000,0,0,0
29.650,-4.1547000,-0.8219000,8.9339000,61.8362000,-29.4113000,60.3714000,-33.4700000,-11.6770000,13.1190000,0.000000,0,0,0
29.660,-3.9980000,-0.8099000,9.0380000,59.9899000,-32.2189000,60.3104000,-33.8840000,-11.4900000,12.7480000,0.000000,0,0,0
29.670,-3.8269000,-0.7620000,9.1935000,58.6014000,-34.9426000,60.1425000,-33.8850000,-11.4250000,12.4520000,0.000000,0,0,0
29.680,-3.6415000,-0.6843000,9.3813000,57.8537000,-36.7966000,59.7229000,-34.1640000,-11.7130000,12.4710000,0.000000,0,0,0
29.690,-3.4501000,-0.5946000,9.5691000,57.6706000,-37.2467000,58.8455000,-34.5790000,-11.3970000,11.5600000,0.000000,0,0,0
29.700,-3.2946000,-0.5635000,9.7426000,57.9834000,-35.9802000,57.6477000,-35.0990000,-11.4370000,11.9920000,0.000000,0,0,0
29.710,-3.2073000,-0.6257000,9.8479000,58.8150000,-33.3405000,56.5948000,-35.2000000,-11.3950000,12.1420000,0.000000,0,0,0
29.720,-3.1295000,-0.8613000,9.8586000,61.0962000,-28.9230000,56.2286000,-35.8890000,-11.4690000,11.7820000,0.000000,0,0,0
29.730,-3.0434000,-1.0300000,9.8203000,63.0951000,-26.5579000,56.7932000,-35.9420000,-11.2480000,11.8660000,0.000000,0,0,0
29.740,-2.8986000,-1.1472000,9.7928000,65.1474000,-24.1547000,57.3273000,-35.8250000,-11.4830000,11.7770000,0.000000,0,0,0
29.750,-2.7263000,-1.2190000,9.7462000,66.8488000,-20.9122000,57.2510000,-36.3750000,-11.1600000,11.1870000,0.000000,0,0,0
29.760,-2.5493000,-1.2465000,9.6313000,67.7643000,-16.7618000,56.5872000,-36.4410000,-11.3900000,10.5390000,0.000000,0,0,0
29.770,-2.3962000,-1.2142000,9.4411000,67.4667000,-12.5961000,55.6488000,-36.7170000,-11.2150000,10.6900000,0.000000,0,0,0
29.780,-2.2813000,-1.1365000,9.2174000,65.8264000,-9.4986000,54.8325000,-36.9980000,-11.3450000,10.2610000,0.000000,0,0,0
29.790,-2.1784000,-1.0372000,9.0236000,63.1256000,-8.2245000,54.4968000,-37.3050000,-11.1870000,10.3490000,0.000000,0,0,0
29.800,-2.0624000,-0.9427000,8.9147000,59.9976000,-9.0103000,54.6494000,-37.3200000,-11.1660000,9.3020000,0.000000,0,0,0
29.810,-1.9739000,-0.9068000,8.9124000,57.2357000,-11.2381000,55.2063000,-37.7650000,-11.1240000,9.6950000,0.000000,0,0,0
29.820,-1.9165000,-0.9367000,9.0069000,55.5038000,-13.5956000,56.1600000,-37.8160000,-11.2400000,9.5580000,0.000000,0,0,0
29.830,-1.8375000,-0.9881000,9.1636000,54.8935000,-14.6484000,57.3120000,-37.9890000,-11.4350000,9.1360000,0.000000,0,0,0
29.840,-1.7167000,-1.0324000,9.3346000,55.0003000,-13.4430000,58.1741000,-38.1460000,-11.3330000,8.7030000,0.000000,0,0,0
29.850,-1.5695000,-1.0515000,9.4638000,55.4352000,-9.9792000,58.3878000,-38.4340000,-11.2860000,8.7450000,0.000000,0,0,0
29.860,-1.4188000,-1.0599000,9.5272000,55.8472000,-4.9438000,57.8461000,-38.6350000,-11.3000000,8.8110000,0.000000,0,0,0
29.870,-1.2932000,-1.0575000,9.5165000,55.9540000,0.3662000,56.9077000,-38.7120000,-11.3770000,7.9920000,0.000000,0,0,0
29.880,-1.2059000,-1.0336000,9.4686000,55.6717000,4.5853000,56.1752000,-38.7390000,-10.9510000,7.9590000,0.000000,0,0,0
29.890,-1.1293000,-0.9917000,9.4303000,55.0919000,7.1106000,55.9616000,-39.0650000,-11.0060000,7.4870000,0.000000,0,0,0
29.900,-1.0515000,-0.9570000,9.4327000,54.5120000,8.3084000,56.2439000,-39.1740000,-10.8640000,7.7270000,0.000000,0,0,0
29.910,-0.9893000,-0.9439000,9.4758000,54.2145000,9.2316000,56.8619000,-39.3440000,-10.9560000,7.0700000,0.000000,0,0,0
29.920,-0.9451000,-0.9499000,9.5249000,54.2450000,10.7651000,57.5104000,-39.2680000,-10.8710000,7.3720000,0.000000,0,0,0
29.930,-0.9211000,-0.9546000,9.5488000,54.2984000,13.3743000,57.9910000,-39.5320000,-10.9650000,7.2940000,0.000000,0,0,0
29.940,-0.8960000,-0.9594000,9.5524000,54.1077000,16.5634000,58.3649000,-39.7590000,-11.1930000,7.1720000,0.000000,0,0,0
29.950,-0.8446000,-0.9822000,9.5715000,53.7262000,19.5618000,58.7997000,-39.3930000,-10.7810000,6.6650000,0.000000,0,0,0
29.960,-0.7477000,-1.0037000,9.6277000,53.5202000,21.8811000,59.3643000,-39.4620000,-11.0880000,6.4470000,0.000000,0,0,0
29.970,-0.6185000,-1.0037000,9.7091000,53.7949000,23.4451000,59.9136000,-39.6850000,-11.0970000,6.2930000,0.000000,0,0,0
29.980,-0.4953000,-0.9654000,9.8036000,54.4434000,24.5590000,60.2417000,-39.6070000,-11.1190000,6.3360000,0.000000,0,0,0
29.990,-0.4103000,-0.9044000,9.8802000,55.0308000,25.8102000,60.2188000,-39.4950000,-11.0130000,6.4710000,0.000000,0,0,0
30.000,-0.3685000,-0.8589000,9.8993000,55.2826000,27.4658000,59.8755000,-39.8390000,-11.0220000,6.2550000,0.000000,0,0,0
30.010,-0.3720000,-0.8601000,9.8658000,55.3513000,29.5868000,59.3491000,-39.5870000,-10.6460000,6.3810000,0.000000,0,0,0
30.020,-0.3972000,-0.8936000,9.8179000,55.5649000,32.4554000,58.8303000,-39.5610000,-10.8350000,6.5360000,0.000000,0,0,0
30.030,-0.4091000,-0.9403000,9.7761000,55.9998000,36.2167000,58.4030000,-39.9100000,-10.9120000,6.8170000,0.000000,0,0,0
30.040,-0.3948000,-0.9822000,9.7521000,56.5796000,40.5121000,58.1207000,-39.8810000,-10.8190000,6.1490000,0.000000,0,0,0
30.050,-0.3673000,-0.9965000,9.7557000,57.2891000,44.3726000,58.0902000,-39.9250000,-11.0210000,6.2300000,0.000000,0,0,0
30.060,-0.3409000,-0.9845000,9.7833000,58.1512000,46.8597000,58.4412000,-40.0250000,-11.0070000,6.5180000,0.000000,0,0,0
30.070,-0.3230000,-0.9499000,9.8167000,59.0668000,47.3785000,59.1431000,-39.8210000,-10.7590000,6.6330000,0.000000,0,0,0
30.080,-0.3374000,-0.8948000,9.8586000,59.9289000,46.0434000,60.1349000,-39.7920000,-10.6230000,6.1610000,0.000000,0,0,0
30.090,-0.3756000,-0.8302000,9.8969000,60.6079000,43.7393000,61.3785000,-39.9000000,-10.8740000,5.8700000,0.000000,0,0,0
30.100,-0.3876000,-0.7573000,9.9077000,61.0962000,41.4886000,62.5305000,-39.9660000,-10.8540000,6.0860000,0.000000,0,0,0
30.110,-0.3708000,-0.7082000,9.8969000,61.5005000,39.8254000,63.1027000,-40.2180000,-10.9480000,6.1490000,0.000000,0,0,0
30.120,-0.3505000,-0.7178000,9.8682000,61.9965000,39.1159000,63.0417000,-40.2510000,-10.8320000,6.3290000,0.000000,0,0,0
30.130,-0.3242000,-0.7632000,9.8215000,62.7594000,39.4592000,62.5000000,-40.2180000,-10.8270000,6.2860000,0.000000,0,0,0
30.140,-0.2955000,-0.8147000,9.7414000,63.6749000,40.5884000,61.7065000,-39.7700000,-10.7710000,6.2110000,0.000000,0,0,0
30.150,-0.2775000,-0.8506000,9.6349000,64.3311000,41.8930000,60.9741000,-40.2970000,-10.8570000,5.5020000,0.000000,0,0,0
30.160,-0.2572000,-0.8565000,9.5344000,64.2548000,42.8238000,60.5469000,-40.1680000,-10.7060000,5.6140000,0.000000,0,0,0
30.170,-0.2369000,-0.8362000,9.4591000,63.3545000,42.9535000,60.3943000,-39.9400000,-10.6570000,5.4820000,0.000000,0,0,0
30.180,-0.2249000,-0.8003000,9.4268000,61.9278000,42.1524000,60.4782000,-40.1720000,-10.9970000,5.5390000,0.000000,0,0,0
30.190,-0.2082000,-0.7668000,9.4375000,60.4477000,40.8859000,60.6766000,-40.0710000,-10.9530000,5.8050000,0.000000,0,0,0
30.200,-0.1830000,-0.7537000,9.4866000,59.3491000,39.8636000,60.7986000,-40.3350000,-10.9590000,5.9030000,0.000000,0,0,0
30.210,-0.1663000,-0.7668000,9.5524000,59.0057000,39.5889000,60.7452000,-40.1020000,-10.5450000,5.9830000,0.000000,0,0,0
30.220,-0.1555000,-0.7979000,9.5978000,59.3796000,40.3976000,60.5011000,-39.9900000,-10.7490000,6.1190000,0.000000,0,0,0
30.230,-0.1400000,-0.8278000,9.6050000,59.9976000,42.3126000,60.1196000,-40.1670000,-10.7030000,6.2900000,0.000000,0,0,0
30.240,-0.1232000,-0.8542000,9.5799000,60.2875000,45.0974000,59.6848000,-40.3000000,-10.5650000,6.0100000,0.000000,0,0,0
30.250,-0.1077000,-0.8745000,9.5464000,59.9823000,48.2178000,59.2957000,-40.1380000,-10.6900000,6.2630000,0.000000,0,0,0
30.260,-0.0909000,-0.8817000,9.5356000,59.1202000,51.1017000,59.0897000,-40.1840000,-10.4910000,5.9930000,0.000000,0,0,0
30.270,-0.0861000,-0.8841000,9.5488000,58.0368000,53.5278000,59.0591000,-40.0930000,-10.9240000,6.4360000,0.000000,0,0,0
30.280,-0.0921000,-0.8936000,9.5679000,57.1136000,55.5191000,59.0973000,-40.2270000,-10.7720000,6.4990000,0.000000,0,0,0
30.290,-0.0945000,-0.9044000,9.5763000,56.6025000,57.1213000,59.2041000,-40.5030000,-10.4530000,6.5080000,0.000000,0,0,0
30.300,-0.0802000,-0.9080000,9.5679000,56.3889000,58.3801000,59.3338000,-40.1630000,-10.7220000,6.1250000,0.000000,0,0,0
30.310,-0.0550000,-0.9020000,9.5488000,56.1218000,59.6390000,59.4559000,-40.5350000,-10.6710000,6.0220000,0.000000,0,0,0
30.320,-0.0455000,-0.8912000,9.5619000,55.7938000,60.2036000,59.4635000,-40.1680000,-10.8200000,5.7590000,0.000000,0,0,0
30.330,-0.0467000,-0.8745000,9.6026000,55.4352000,60.5774000,59.3643000,-40.4210000,-10.9370000,6.3080000,0.000000,0,0,0
30.340,-0.0670000,-0.8565000,9.6612000,55.2521000,60.6308000,59.2117000,-40.4140000,-10.8170000,6.5490000,0.000000,0,0,0
30.350,-0.0993000,-0.8422000,9.7139000,55.3970000,60.4019000,59.1049000,-40.0190000,-10.7560000,6.9610000,0.000000,0,0,0
30.360,-0.1376000,-0.8302000,9.7569000,55.8090000,60.0739000,59.0210000,-40.4450000,-10.8460000,6.9530000,0.000000,0,0,0
30.370,-0.1711000,-0.8290000,9.7928000,56.4117000,59.9594000,58.8379000,-40.1170000,-10.5750000,6.3260000,0.000000,0,0,0
30.380,-0.1986000,-0.8434000,9.8108000,57.0984000,60.3638000,58.4030000,-40.2220000,-10.9390000,6.4260000,0.000000,0,0,0
30.390,-0.2249000,-0.8625000,9.8024000,57.7240000,61.3785000,57.7698000,-39.8800000,-10.6030000,6.2310000,0.000000,0,0,0
30.400,-0.2524000,-0.8805000,9.7773000,58.1818000,62.7518000,57.0984000,-39.9430000,-10.6580000,6.3710000,0.000000,0,0,0
30.410,-0.2775000,-0.9008000,9.7474000,58.5022000,64.0030000,56.5872000,-39.9870000,-10.3940000,6.0530000,0.000000,0,0,0
30.420,-0.2967000,-0.9176000,9.7414000,58.8837000,64.7964000,56.3583000,-39.8520000,-10.6890000,6.2110000,0.000000,0,0,0
30.430,-0.3051000,-0.9116000,9.7785000,59.4635000,65.1550000,56.4117000,-39.9610000,-10.2880000,5.9910000,0.000000,0,0,0
30.440,-0.3086000,-0.8865000,9.8467000,60.2493000,65.0406000,56.6635000,-39.6220000,-10.5090000,6.4400000,0.000000,0,0,0
30.450,-0.3158000,-0.8589000,9.9089000,61.1343000,64.4836000,57.0297000,-39.6800000,-10.4670000,6.5640000,0.000000,0,0,0
30.460,-0.3182000,-0.8362000,9.9280000,61.9659000,63.7970000,57.3730000,-40.0540000,-10.6330000,6.7030000,0.000000,0,0,0
30.470,-0.3146000,-0.8219000,9.8909000,62.5076000,63.3163000,57.5409000,-39.5000000,-10.3720000,6.4250000,0.000000,0,0,0
30.480,-0.3134000,-0.8147000,9.8120000,62.5763000,63.1180000,57.4493000,-39.9140000,-10.5280000,7.0500000,0.000000,0,0,0
30.490,-0.3302000,-0.8171000,9.7270000,62.1796000,62.9730000,57.1518000,-39.8270000,-10.2250000,7.0180000,0.000000,0,0,0
30.500,-0.3673000,-0.8266000,9.6588000,61.5463000,62.6907000,56.8237000,-39.5550000,-10.3920000,6.7680000,0.000000,0,0,0
30.510,-0.4151000,-0.8326000,9.6206000,60.9970000,62.2406000,56.6025000,-39.5360000,-10.0990000,7.2470000,0.000000,0,0,0
30.520,-0.4582000,-0.8230000,9.6146000,60.6766000,61.7142000,56.5262000,-39.6020000,-10.3820000,7.1200000,0.000000,0,0,0
30.530,-0.4893000,-0.7979000,9.6349000,60.5164000,61.2030000,56.6101000,-39.3290000,-10.1710000,7.0480000,0.000000,0,0,0
30.540,-0.5108000,-0.7632000,9.6612000,60.3333000,60.6995000,56.8542000,-39.4680000,-10.2460000,7.9920000,0.000000,0,0,0
30.550,-0.5335000,-0.7357000,9.6660000,59.9747000,60.2112000,57.2128000,-39.5160000,-10.1150000,7.5570000,0.000000,0,0,0
30.560,-0.5527000,-0.7250000,9.6421000,59.4177000,59.8755000,57.6324000,-39.3680000,-10.2460000,7.1710000,0.000000,0,0,0
30.570,-0.5635000,-0.7250000,9.6026000,58.7769000,59.7305000,58.0673000,-39.6140000,-10.0840000,6.5050000,0.000000,0,0,0
30.580,-0.5694000,-0.7273000,9.5679000,58.1284000,59.8221000,58.4869000,-39.6060000,-10.5420000,7.8490000,0.000000,0,0,0
30.590,-0.5706000,-0.7321000,9.5536000,57.6553000,60.2036000,58.7997000,-39.7500000,-10.2640000,6.9970000,0.000000,0,0,0
30.600,-0.5706000,-0.7453000,9.5524000,57.5485000,60.7071000,59.0057000,-39.4940000,-10.0350000,7.4390000,0.000000,0,0,0
30.610,-0.5611000,-0.7584000,9.5500000,57.7774000,61.0580000,59.1660000,-39.5210000,-10.0910000,6.8540000,0.000000,0,0,0
30.620,-0.5455000,-0.7608000,9.5476000,58.0978000,60.9818000,59.3262000,-39.6270000,-10.3210000,7.0740000,0.000000,0,0,0
30.630,-0.5347000,-0.7537000,9.5572000,58.3191000,60.4477000,59.5093000,-39.7300000,-10.5170000,7.5090000,0.000000,0,0,0
30.640,-0.5288000,-0.7393000,9.5799000,58.3878000,59.6695000,59.6848000,-39.4550000,-10.3130000,7.4290000,0.000000,0,0,0
30.650,-0.5323000,-0.7261000,9.6050000,58.3191000,58.9218000,59.7763000,-39.5410000,-10.0980000,7.9840000,0.000000,0,0,0
30.660,-0.5479000,-0.7226000,9.6229000,58.1970000,58.3725000,59.7382000,-39.4110000,-9.9600000,7.1900000,0.000000,0,0,0
30.670,-0.5694000,-0.7202000,9.6313000,58.0673000,57.9758000,59.6313000,-39.2820000,-10.2760000,7.2780000,0.000000,0,0,0
30.680,-0.5934000,-0.7178000,9.6277000,57.9453000,57.5256000,59.5093000,-39.6230000,-10.2730000,7.5900000,0.000000,0,0,0
30.690,-0.6221000,-0.7142000,9.6110000,57.8384000,56.9153000,59.4177000,-39.4800000,-10.0140000,7.5710000,0.000000,0,0,0
30.700,-0.6496000,-0.7106000,9.5883000,57.7087000,56.1981000,59.4177000,-39.7770000,-9.9600000,7.6580000,0.000000,0,0,0
30.710,-0.6651000,-0.7034000,9.5703000,57.5180000,55.4810000,59.5169000,-39.5410000,-10.0470000,8.2310000,0.000000,0,0,0
30.720,-0.6699000,-0.6962000,9.5739000,57.2052000,54.8477000,59.7000000,-39.4710000,-10.1700000,7.8090000,0.000000,0,0,0
30.730,-0.6687000,-0.6998000,9.5978000,56.8848000,54.3671000,59.9213000,-39.3020000,-10.1590000,7.3070000,0.000000,0,0,0
30.740,-0.6651000,-0.7154000,9.6253000,56.7398000,53.9703000,60.1730000,-39.5190000,-10.0450000,6.6910000,0.000000,0,0,0
30.750,-0.6544000,-0.7357000,9.6529000,56.8390000,53.6346000,60.4401000,-39.7240000,-10.1160000,7.5020000,0.000000,0,0,0
30.760,-0.6412000,-0.7453000,9.6840000,57.0526000,53.4973000,60.6232000,-39.5980000,-10.2980000,7.0500000,0.000000,0,0,0
30.770,-0.6328000,-0.7453000,9.7043000,57.3044000,53.5736000,60.6384000,-39.3560000,-10.4070000,7.3240000,0.000000,0,0,0
30.780,-0.6364000,-0.7405000,9.7151000,57.5638000,53.7415000,60.5469000,-39.4350000,-10.4510000,7.2940000,0.000000,0,0,0
30.790,-0.6436000,-0.7309000,9.7127000,57.7393000,53.9551000,60.4172000,-39.7540000,-9.8230000,7.3160000,0.000000,0,0,0
30.800,-0.6484000,-0.7250000,9.7019000,57.7393000,54.1840000,60.2798000,-39.5170000,-10.3030000,7.2150000,0.000000,0,0,0
30.810,-0.6532000,-0.7238000,9.6923000,57.5104000,54.3594000,60.1578000,-39.2280000,-10.1840000,6.8480000,0.000000,0,0,0
30.820,-0.6615000,-0.7309000,9.6947000,57.0984000,54.4434000,60.0815000,-39.4980000,-10.1180000,7.0950000,0.000000,0,0,0
30.830,-0.6711000,-0.7417000,9.7175000,56.7017000,54.4739000,60.0510000,-39.2770000,-10.2330000,7.2250000,0.000000,0,0,0
30.840,-0.6807000,-0.7501000,9.7581000,56.5414000,54.4052000,60.0815000,-39.3900000,-9.9380000,7.1600000,0.000000,0,0,0
30.850,-0.6891000,-0.7561000,9.7928000,56.7245000,54.1687000,60.2188000,-39.5070000,-9.9990000,6.7790000,0.000000,0,0,0
30.860,-0.6879000,-0.7584000,9.7988000,57.1594000,53.7720000,60.3943000,-39.6340000,-10.1830000,7.1080000,0.000000,0,0,0
30.870,-0.6735000,-0.7525000,9.7713000,57.6096000,53.3371000,60.5316000,-39.3190000,-10.1830000,7.0520000,0.000000,0,0,0
30.880,-0.6544000,-0.7393000,9.7294000,57.7927000,53.0548000,60.5621000,-39.7760000,-10.0750000,7.2800000,0.000000,0,0,0
30.890,-0.6400000,-0.7297000,9.6923000,57.6706000,53.0243000,60.4553000,-39.7690000,-10.2610000,7.1670000,0.000000,0,0,0
30.900,-0.6388000,-0.7285000,9.6780000,57.3807000,53.1387000,60.3256000,-39.7030000,-10.2460000,7.0780000,0.000000,0,0,0
30.910,-0.6472000,-0.7381000,9.6899000,57.1289000,53.2990000,60.2417000,-39.4760000,-10.2400000,6.7220000,0.000000,0,0,0
30.920,-0.6627000,-0.7513000,9.7139000,57.1060000,53.4592000,60.2264000,-39.7440000,-10.1640000,7.7910000,0.000000,0,0,0
30.930,-0.6807000,-0.7656000,9.7258000,57.3654000,53.5507000,60.2722000,-39.6770000,-10.2700000,6.8310000,0.000000,0,0,0
30.940,-0.6938000,-0.7776000,9.7151000,57.7698000,53.5126000,60.4019000,-39.5910000,-10.0670000,7.3290000,0.000000,0,0,0
30.950,-0.6891000,-0.7752000,9.6660000,58.0978000,53.3295000,60.6232000,-39.4720000,-10.2000000,7.4890000,0.000000,0,0,0
30.960,-0.6819000,-0.7644000,9.6313000,57.9987000,53.2227000,60.6918000,-39.2950000,-10.4240000,7.3210000,0.000000,0,0,0
30.970,-0.6783000,-0.7525000,9.6110000,57.7545000,53.1464000,60.6842000,-39.7520000,-10.1650000,7.3360000,0.000000,0,0,0
30.980,-0.6795000,-0.7477000,9.6110000,57.5027000,53.0472000,60.6766000,-39.5740000,-10.4390000,7.3480000,0.000000,0,0,0
30.990,-0.6795000,-0.7525000,9.6253000,57.3883000,52.8259000,60.6766000,-39.3870000,-10.0990000,7.1160000,0.000000,0,0,0
31.000,-0.6783000,-0.7644000,9.6397000,57.4875000,52.4445000,60.6689000,-39.2230000,-10.1520000,7.5070000,0.000000,0,0,0
31.010,-0.6711000,-0.7800000,9.6397000,57.7393000,51.9943000,60.6003000,-39.7070000,-10.0260000,7.3470000,0.000000,0,0,0
31.020,-0.6580000,-0.7931000,9.6229000,57.9758000,51.5060000,60.4706000,-39.6560000,-10.0680000,7.9300000,0.000000,0,0,0
31.030,-0.6400000,-0.8039000,9.5978000,58.0597000,51.0254000,60.2722000,-39.5970000,-9.9010000,7.7040000,0.000000,0,0,0
31.040,-0.6269000,-0.8147000,9.5763000,57.9529000,50.6287000,60.0281000,-39.2520000,-10.0660000,7.6270000,0.000000,0,0,0
31.050,-0.6209000,-0.8195000,9.5643000,57.6859000,50.2625000,59.7839000,-39.7040000,-9.8510000,7.1880000,0.000000,0,0,0
31.060,-0.6173000,-0.8230000,9.5655000,57.3807000,49.7589000,59.6161000,-39.4380000,-10.1880000,7.3870000,0.000000,0,0,0
31.070,-0.6113000,-0.8290000,9.5739000,57.1594000,49.0646000,59.5398000,-39.6530000,-10.1090000,6.9030000,0.000000,0,0,0
31.080,-0.6029000,-0.8314000,9.5847000,57.0221000,48.2788000,59.4711000,-39.6930000,-9.9910000,6.8810000,0.000000,0,0,0
31.090,-0.5934000,-0.8266000,9.6014000,56.9153000,47.4625000,59.3567000,-39.5830000,-10.4840000,6.7330000,0.000000,0,0,0
31.100,-0.5886000,-0.8147000,9.6241000,56.8085000,46.5927000,59.1736000,-39.6620000,-10.2320000,7.0110000,0.000000,0,0,0
31.110,-0.5981000,-0.8027000,9.6529000,56.8771000,45.6009000,58.9447000,-39.6020000,-10.0290000,6.5670000,0.000000,0,0,0
31.120,-0.6185000,-0.7848000,9.6852000,57.2891000,44.4183000,58.7540000,-39.5540000,-10.5050000,6.3840000,0.000000,0,0,0
31.130,-0.6269000,-0.7596000,9.7222000,58.0215000,42.7399000,58.7540000,-39.9250000,-9.9720000,6.1310000,0.000000,0,0,0
31.140,-0.6137000,-0.7333000,9.7510000,58.9523000,40.1611000,59.0363000,-39.9470000,-10.1890000,7.4570000,0.000000,0,0,0
31.150,-0.5874000,-0.7154000,9.7569000,59.9823000,36.0947000,59.5932000,-39.8750000,-10.1950000,6.7100000,0.000000,0,0,0
31.160,-0.5443000,-0.7094000,9.7617000,61.1420000,30.5557000,60.3256000,-39.9180000,-10.1310000,6.0980000,0.000000,0,0,0
31.170,-0.4749000,-0.7058000,9.7892000,62.4313000,23.9258000,61.0352000,-40.1630000,-9.8870000,6.6410000,0.000000,0,0,0
31.180,-0.3936000,-0.7106000,9.8275000,63.8657000,16.7999000,61.4166000,-40.3790000,-10.1340000,6.4230000,0.000000,0,0,0
31.190,-0.3170000,-0.7082000,9.8395000,65.2390000,10.0555000,61.3327000,-40.5880000,-10.2350000,5.9380000,0.000000,0,0,0
31.200,-0.2405000,-0.6879000,9.8108000,66.1469000,4.4403000,60.8215000,-40.4010000,-10.3070000,6.2090000,0.000000,0,0,0
31.210,-0.1591000,-0.6568000,9.7486000,66.2994000,0.2060000,60.0052000,-40.5580000,-10.2120000,5.7430000,0.000000,0,0,0
31.220,-0.0730000,-0.6173000,9.6756000,65.5975000,-2.9755000,59.1202000,-40.9680000,-10.2650000,4.7480000,0.000000,0,0,0
31.230,0.0120000,-0.5694000,9.6253000,64.0717000,-5.7297000,58.3725000,-40.9490000,-10.2090000,4.4420000,0.000000,0,0,0
31.240,0.0742000,-0.5264000,9.6158000,62.1033000,-8.4839000,57.9300000,-41.3100000,-10.0910000,5.0380000,0.000000,0,0,0
31.250,0.1268000,-0.5072000,9.6277000,60.2188000,-11.6043000,57.9376000,-41.2440000,-10.3050000,4.2690000,0.000000,0,0,0
31.260,0.2070000,-0.5252000,9.6505000,58.9066000,-15.1367000,58.4183000,-41.3080000,-10.5420000,3.8700000,0.000000,0,0,0
31.270,0.3517000,-0.5563000,9.6672000,58.5327000,-19.0582000,59.0973000,-41.4440000,-10.0810000,3.4890000,0.000000,0,0,0
31.280,0.5694000,-0.5838000,9.6648000,59.1431000,-23.4909000,59.6771000,-41.8110000,-10.2420000,2.6600000,0.000000,0,0,0
31.290,0.8254000,-0.5969000,9.6421000,60.3638000,-28.2135000,59.8679000,-42.0630000,-9.9630000,1.9710000,0.000000,0,0,0
31.300,1.0647000,-0.5946000,9.6134000,61.4319000,-32.6614000,59.4406000,-42.5460000,-10.2050000,2.7450000,0.000000,0,0,0
31.310,1.2358000,-0.5910000,9.5787000,61.6455000,-36.2320000,58.3725000,-42.4980000,-10.0900000,2.0480000,0.000000,0,0,0
31.320,1.3231000,-0.6125000,9.5344000,60.8444000,-38.4674000,57.0221000,-42.6000000,-10.1560000,1.3770000,0.000000,0,0,0
31.330,1.3662000,-0.6484000,9.4794000,59.2728000,-39.4211000,55.8929000,-42.7090000,-10.0940000,0.6210000,0.000000,0,0,0
31.340,1.4272000,-0.6855000,9.4280000,57.4341000,-39.6042000,55.2826000,-43.1080000,-10.3370000,0.7010000,0.000000,0,0,0
31.350,1.5336000,-0.7118000,9.3897000,55.8929000,-39.4058000,55.1758000,-42.8920000,-9.9610000,0.9480000,0.000000,0,0,0
31.360,1.6904000,-0.7226000,9.3586000,55.1376000,-39.2075000,55.3284000,-43.3200000,-10.4200000,-0.1840000,0.000000,0,0,0
31.370,1.8686000,-0.6986000,9.3227000,55.3360000,-39.6423000,55.5038000,-43.6810000,-10.3230000,-1.0130000,0.000000,0,0,0
31.380,2.0229000,-0.6627000,9.2449000,56.3965000,-41.5726000,55.6564000,-43.8340000,-10.3480000,-1.2330000,0.000000,0,0,0
31.390,2.1282000,-0.6639000,9.1121000,58.0368000,-45.4559000,55.8624000,-43.8920000,-10.0250000,-1.9670000,0.000000,0,0,0
31.400,2.2191000,-0.6771000,8.9255000,59.6085000,-50.4684000,56.0760000,-43.6040000,-10.2090000,-1.9890000,0.000000,0,0,0
31.410,2.3471000,-0.6771000,8.7042000,60.1578000,-54.7485000,56.0684000,-43.7210000,-10.2900000,-2.4610000,0.000000,0,0,0
31.420,2.5206000,-0.6532000,8.4817000,58.8989000,-56.5720000,55.5496000,-43.9610000,-10.0500000,-2.6010000,0.000000,0,0,0
31.430,2.7311000,-0.6185000,8.3130000,55.7938000,-55.3513000,54.2221000,-44.4000000,-10.1160000,-3.2050000,0.000000,0,0,0
31.440,2.9357000,-0.6101000,8.2568000,51.5976000,-52.1164000,52.2995000,-44.3420000,-10.3540000,-3.1590000,0.000000,0,0,0
31.450,3.1163000,-0.6161000,8.3250000,47.6990000,-48.5153000,50.4532000,-44.4940000,-9.9030000,-3.8330000,0.000000,0,0,0
31.460,3.2874000,-0.6137000,8.4745000,45.2652000,-46.4249000,49.1409000,-44.7310000,-10.0270000,-4.1230000,0.000000,0,0,0
31.470,3.4656000,-0.6065000,8.6707000,44.7617000,-46.6995000,48.4619000,-44.4750000,-9.8760000,-4.7380000,0.000000,0,0,0
31.480,3.6786000,-0.6077000,8.8789000,45.9137000,-49.0875000,48.1796000,-45.0300000,-10.0030000,-5.1140000,0.000000,0,0,0
31.490,3.8568000,-0.6412000,9.0057000,48.2330000,-52.3911000,48.0957000,-44.9110000,-9.7260000,-6.0360000,0.000000,0,0,0
31.500,3.9322000,-0.7046000,8.9542000,51.2009000,-54.7104000,48.1262000,-44.7590000,-9.8600000,-5.7440000,0.000000,0,0,0
31.510,3.9669000,-0.7573000,8.7102000,53.8177000,-54.3365000,48.1949000,-44.8530000,-9.6080000,-6.2940000,0.000000,0,0,0
31.520,4.1535000,-0.7345000,8.1910000,54.5044000,-48.4238000,48.3170000,-44.9540000,-9.7970000,-7.1410000,0.000000,0,0,0
31.530,4.4011000,-0.6938000,7.9051000,52.4292000,-42.9306000,48.0042000,-44.9490000,-9.4530000,-7.6410000,0.000000,0,0,0
31.540,4.6380000,-0.6448000,7.7304000,48.9502000,-38.5513000,47.2412000,-45.0510000,-9.6710000,-8.4130000,0.000000,0,0,0
31.550,4.7852000,-0.6041000,7.6682000,44.8456000,-37.5137000,46.5012000,-44.8210000,-9.5390000,-8.8520000,0.000000,0,0,0
31.560,4.8306000,-0.5706000,7.6766000,40.7944000,-41.2827000,46.3638000,-44.9980000,-9.7630000,-9.5640000,0.000000,0,0,0
31.570,4.8581000,-0.5563000,7.7268000,37.5290000,-49.1180000,46.9208000,-44.7990000,-9.7200000,-9.6650000,0.000000,0,0,0
31.580,4.9538000,-0.5682000,7.7950000,36.1633000,-58.2581000,47.7524000,-44.9310000,-9.3780000,-10.5670000,0.000000,0,0,0
31.590,5.1871000,-0.5706000,7.8154000,37.2543000,-66.0172000,48.1644000,-44.7510000,-9.2910000,-10.6160000,0.000000,0,0,0
31.600,5.5269000,-0.5730000,7.7412000,40.1535000,-71.0526000,47.4854000,-45.0640000,-8.9360000,-11.1910000,0.000000,0,0,0
31.610,5.8929000,-0.5814000,7.5773000,43.5028000,-73.4558000,45.7153000,-45.0810000,-8.9260000,-12.5060000,0.000000,0,0,0
31.620,6.2063000,-0.5993000,7.3679000,46.0281000,-74.3179000,43.2281000,-44.6950000,-8.7030000,-12.2560000,0.000000,0,0,0
31.630,6.4396000,-0.5862000,7.1550000,46.7682000,-75.1266000,40.4053000,-44.1840000,-8.8150000,-12.8790000,0.000000,0,0,0
31.640,6.6035000,-0.5646000,7.0174000,45.6161000,-77.6138000,37.6129000,-44.8570000,-8.5790000,-13.9350000,0.000000,0,0,0
31.650,6.6633000,-0.5599000,6.9756000,43.3807000,-81.9855000,35.2631000,-44.3190000,-8.3530000,-14.4330000,0.000000,0,0,0
31.660,6.6430000,-0.5778000,6.9469000,40.9851000,-87.3642000,33.8058000,-44.2740000,-8.3510000,-14.7870000,0.000000,0,0,0
31.670,6.6083000,-0.6269000,6.8308000,39.1388000,-92.1173000,33.5159000,-43.8710000,-8.0470000,-16.0470000,0.000000,0,0,0
31.680,6.6155000,-0.6915000,6.5509000,38.0783000,-94.0552000,34.3475000,-43.9410000,-8.3910000,-15.9250000,0.000000,0,0,0
31.690,6.7124000,-0.7644000,6.1370000,37.7045000,-91.3162000,35.9879000,-43.7130000,-7.8390000,-17.2260000,0.000000,0,0,0
31.700,6.9445000,-0.8254000,5.7015000,37.9410000,-83.4122000,37.9486000,-43.4000000,-7.8750000,-17.4820000,0.000000,0,0,0
31.710,7.2543000,-0.8553000,5.3534000,38.8870000,-71.8307000,39.8178000,-43.0560000,-7.2780000,-17.1130000,0.000000,0,0,0
31.720,7.4840000,-0.8553000,5.1249000,40.5731000,-58.7006000,41.2979000,-43.1850000,-7.9040000,-17.6000000,0.000000,0,0,0
31.730,7.5462000,-0.8266000,4.9766000,42.8848000,-46.6461000,42.6483000,-42.9160000,-7.5190000,-17.9550000,0.000000,0,0,0
31.740,7.4660000,-0.7740000,4.8665000,45.7306000,-37.5214000,44.6167000,-42.9010000,-7.4240000,-18.8580000,0.000000,0,0,0
31.750,7.3452000,-0.7238000,4.7493000,49.0494000,-31.8909000,47.5616000,-42.9550000,-7.3280000,-18.9750000,0.000000,0,0,0
31.760,7.2651000,-0.6783000,4.5949000,52.6810000,-28.7933000,51.0254000,-43.0780000,-7.6250000,-19.3670000,0.000000,0,0,0
31.770,7.2567000,-0.6340000,4.4000000,56.5186000,-25.9171000,54.1687000,-42.4960000,-7.4270000,-19.6570000,0.000000,0,0,0
31.780,7.3165000,-0.5886000,4.1691000,60.4172000,-20.8359000,56.2897000,-42.6740000,-7.5270000,-19.6710000,0.000000,0,0,0
31.790,7.4385000,-0.5407000,3.9226000,64.2471000,-11.9095000,56.9000000,-42.7100000,-7.2980000,-19.5410000,0.000000,0,0,0
31.800,7.5881000,-0.5156000,3.6690000,67.7032000,1.0071000,56.0989000,-42.6920000,-7.7050000,-20.1920000,0.000000,0,0,0
31.810,7.7496000,-0.4953000,3.4836000,70.4193000,16.6931000,54.4662000,-42.3690000,-7.3580000,-19.4620000,0.000000,0,0,0
31.820,7.8716000,-0.4725000,3.4250000,72.2809000,32.9056000,52.8412000,-42.7580000,-7.3760000,-19.2760000,0.000000,0,0,0
31.830,7.8823000,-0.4582000,3.4549000,73.3032000,46.9818000,52.1927000,-42.2660000,-7.2470000,-19.3960000,0.000000,0,0,0
31.840,7.7854000,-0.4187000,3.5458000,73.4329000,57.1442000,53.0930000,-42.4870000,-7.3120000,-19.9940000,0.000000,0,0,0
31.850,7.5928000,-0.3553000,3.6439000,72.6166000,62.5076000,55.5725000,-42.3960000,-7.4930000,-19.9400000,0.000000,0,0,0
31.860,7.4038000,-0.2859000,3.7468000,71.0068000,63.9343000,59.0591000,-42.7640000,-7.6470000,-19.8550000,0.000000,0,0,0
31.870,7.2974000,-0.2321000,3.8269000,69.0536000,63.4232000,62.5381000,-42.3720000,-7.5270000,-19.4660000,0.000000,0,0,0
31.880,7.2854000,-0.1974000,3.8413000,66.9861000,62.9959000,65.2161000,-42.7240000,-7.5630000,-18.8530000,0.000000,0,0,0
31.890,7.3428000,-0.1878000,3.8066000,64.6591000,64.5447000,66.8488000,-42.8890000,-7.2550000,-18.8650000,0.000000,0,0,0
31.900,7.4493000,-0.1950000,3.7875000,61.9278000,69.2902000,67.5964000,-42.6470000,-7.4730000,-19.4650000,0.000000,0,0,0
31.910,7.5594000,-0.2189000,3.8317000,58.8684000,77.1713000,67.7719000,-42.7990000,-7.4530000,-18.4250000,0.000000,0,0,0
31.920,7.6240000,-0.2680000,3.9633000,55.8548000,87.2574000,67.8787000,-43.0620000,-7.3730000,-18.0540000,0.000000,0,0,0
31.930,7.6407000,-0.3326000,4.1786000,53.6346000,98.3429000,68.3136000,-42.9880000,-7.7500000,-17.6000000,0.000000,0,0,0
31.940,7.6407000,-0.4103000,4.4454000,53.0319000,109.7717000,69.1299000,-43.2870000,-7.6400000,-18.2160000,0.000000,0,0,0
31.950,7.6634000,-0.5144000,4.6739000,54.5044000,120.4910000,70.0912000,-43.3400000,-7.9230000,-17.1080000,0.000000,0,0,0
31.960,7.7197000,-0.6185000,4.8366000,58.0139000,129.0894000,70.7703000,-43.8950000,-8.0790000,-17.0370000,0.000000,0,0,0
31.970,7.7531000,-0.6759000,4.9526000,62.7823000,135.0708000,70.7016000,-43.7210000,-7.8510000,-16.6930000,0.000000,0,0,0
31.980,7.6969000,-0.6747000,5.0328000,67.5354000,139.0762000,69.7632000,-43.9620000,-7.8730000,-16.2740000,0.000000,0,0,0
31.990,7.5462000,-0.6424000,5.0615000,71.2433000,142.2958000,68.3746000,-43.9090000,-8.2080000,-16.0340000,0.000000,0,0,0
32.000,7.3452000,-0.6017000,5.0328000,73.3795000,145.9808000,67.0776000,-44.1090000,-8.2650000,-16.1440000,0.000000,0,0,0
32.010,7.1897000,-0.5790000,4.9813000,73.8602000,151.0696000,66.0706000,-44.3240000,-8.2570000,-14.8510000,0.000000,0,0,0
32.020,7.1765000,-0.5563000,5.0232000,73.0820000,157.4554000,65.4221000,-44.2850000,-8.2040000,-14.6010000,0.000000,0,0,0
32.030,7.2471000,-0.5048000,5.2553000,71.8460000,163.9099000,64.7049000,-44.6430000,-8.3200000,-13.6880000,0.000000,0,0,0
32.040,7.2675000,-0.4331000,5.6214000,70.7092000,169.2963000,63.4613000,-44.8010000,-8.2260000,-13.4140000,0.000000,0,0,0
32.050,7.1263000,-0.3732000,5.9635000,69.7708000,172.8210000,62.0651000,-44.6870000,-8.4290000,-12.7220000,0.000000,0,0,0
32.060,6.8057000,-0.3804000,6.1884000,69.2902000,173.7137000,61.4853000,-44.7740000,-8.3130000,-12.0000000,0.000000,0,0,0
32.070,6.4013000,-0.4283000,6.2614000,69.3588000,172.1039000,62.3093000,-45.1110000,-8.6600000,-12.0350000,0.000000,0,0,0
32.080,6.0365000,-0.4785000,6.2123000,69.3817000,169.0598000,64.5065000,-44.8930000,-8.8570000,-11.4760000,0.000000,0,0,0
32.090,5.7685000,-0.5204000,6.0867000,68.0695000,164.9780000,69.1757000,-45.0960000,-8.8110000,-10.3660000,0.000000,0,0,0
32.100,5.8833000,-0.4977000,6.0891000,66.3528000,164.7034000,71.8918000,-45.3110000,-8.5240000,-10.5280000,0.000000,0,0,0
32.110,6.1896000,-0.4103000,6.2398000,64.4455000,167.8543000,72.5784000,-45.0550000,-8.9550000,-9.6840000,0.000000,0,0,0
32.120,6.4145000,-0.2991000,6.5341000,62.9425000,174.4308000,70.1141000,-45.0200000,-8.6700000,-8.9350000,0.000000,0,0,0
32.130,6.3236000,-0.2010000,6.8906000,61.9888000,182.5714000,65.4602000,-45.1590000,-8.5500000,-8.3060000,0.000000,0,0,0
32.140,5.8750000,-0.1651000,7.2292000,61.4395000,189.3692000,60.8826000,-45.1390000,-8.7730000,-7.7360000,0.000000,0,0,0
32.150,5.2158000,-0.2117000,7.4876000,61.3251000,192.3523000,58.6700000,-44.9480000,-8.7830000,-6.5840000,0.000000,0,0,0
32.160,4.5591000,-0.3051000,7.6216000,61.7523000,190.4755000,59.7992000,-45.1740000,-8.6660000,-6.8530000,0.000000,0,0,0
32.170,4.0530000,-0.3852000,7.6359000,62.8433000,184.2422000,63.5605000,-44.9390000,-9.0490000,-5.5020000,0.000000,0,0,0
32.180,3.7839000,-0.4343000,7.6132000,64.4455000,175.8347000,68.5425000,-44.8740000,-9.1200000,-5.4280000,0.000000,0,0,0
32.190,3.8401000,-0.4546000,7.6778000,66.0706000,167.9916000,73.3871000,-45.0910000,-9.1570000,-4.9860000,0.000000,0,0,0
32.200,4.1643000,-0.4259000,7.9434000,67.3599000,162.8036000,76.8585000,-44.9730000,-9.0690000,-3.7750000,0.000000,0,0,0
32.210,4.4717000,-0.3661000,8.3381000,68.4662000,161.1099000,77.9266000,-44.7790000,-8.8660000,-3.7080000,0.000000,0,0,0
32.220,4.5531000,-0.3086000,8.6767000,69.2902000,162.1094000,76.6907000,-44.5340000,-9.0010000,-3.4060000,0.000000,0,0,0
32.230,4.4203000,-0.2584000,8.8346000,69.3130000,164.7110000,74.1959000,-44.7470000,-9.0560000,-3.2870000,0.000000,0,0,0
32.240,4.1487000,-0.2237000,8.7939000,68.1305000,167.5491000,71.4417000,-44.4440000,-8.9820000,-3.0920000,0.000000,0,0,0
32.250,3.8018000,-0.1818000,8.6193000,65.8340000,169.1971000,69.0613000,-44.0320000,-8.9260000,-2.6740000,0.000000,0,0,0
32.260,3.4022000,-0.1507000,8.3991000,62.9807000,168.7698000,67.4210000,-44.3220000,-9.2480000,-1.7680000,0.000000,0,0,0
32.270,3.0146000,-0.1364000,8.1922000,60.1196000,166.6107000,66.8259000,-44.0090000,-9.0260000,-1.2490000,0.000000,0,0,0
32.280,2.7885000,-0.1376000,8.1192000,57.3425000,163.7878000,67.1005000,-43.7710000,-8.8740000,-1.0490000,0.000000,0,0,0
32.290,2.6964000,-0.1579000,8.3022000,54.7409000,161.4609000,67.5812000,-43.7770000,-8.9300000,-0.1600000,0.000000,0,0,0
32.300,2.5876000,-0.1639000,8.7748000,52.6428000,159.6832000,68.1000000,-43.4890000,-9.2220000,0.0710000,0.000000,0,0,0
32.310,2.3663000,-0.1723000,9.3394000,51.3992000,156.7917000,69.3741000,-43.3460000,-9.2100000,0.7820000,0.000000,0,0,0
32.320,2.0863000,-0.2524000,9.7139000,51.2619000,151.2527000,72.0444000,-43.3300000,-9.3450000,1.3210000,0.000000,0,0,0
32.330,1.8542000,-0.3864000,9.7689000,52.2308000,143.1503000,75.7980000,-42.9180000,-9.7650000,1.8660000,0.000000,0,0,0
32.340,1.7023000,-0.5383000,9.5452000,54.0695000,134.0027000,79.7119000,-42.9040000,-9.6780000,1.6880000,0.000000,0,0,0
32.350,1.6246000,-0.6735000,9.1385000,56.1905000,125.8926000,82.8705000,-42.9070000,-9.6950000,1.8740000,0.000000,0,0,0
32.360,1.6150000,-0.7333000,8.6181000,57.6706000,120.4529000,84.5413000,-42.5780000,-9.7020000,2.7140000,0.000000,0,0,0
32.370,1.6210000,-0.7309000,8.0379000,57.4188000,118.4769000,84.2285000,-42.0090000,-9.7410000,2.5970000,0.000000,0,0,0
32.380,1.6270000,-0.6974000,7.5426000,54.3671000,119.5297000,82.0999000,-42.0420000,-10.0990000,3.3640000,0.000000,0,0,0
32.390,1.6844000,-0.6161000,7.4577000,48.1644000,122.1542000,78.9642000,-41.9160000,-10.2690000,3.2630000,0.000000,0,0,0
32.400,1.7286000,-0.5599000,7.9505000,40.5807000,125.0153000,75.4623000,-41.7430000,-10.1360000,4.0470000,0.000000,0,0,0
32.410,1.6377000,-0.5946000,8.7760000,34.7748000,127.7161000,72.1588000,-41.8850000,-10.2220000,4.1680000,0.000000,0,0,0
32.420,1.4056000,-0.7214000,9.5057000,33.1879000,129.3259000,69.6564000,-41.6420000,-10.0790000,4.1480000,0.000000,0,0,0
32.430,1.0994000,-0.9140000,9.9436000,36.8958000,128.9673000,68.5196000,-41.3760000,-10.0910000,4.2560000,0.000000,0,0,0
32.440,0.7776000,-1.0659000,10.0452000,45.2881000,126.4420000,68.6340000,-41.4180000,-9.8820000,5.0290000,0.000000,0,0,0
32.450,0.4905000,-1.1137000,9.8203000,55.9082000,122.0703000,69.3130000,-40.8210000,-10.0730000,4.9780000,0.000000,0,0,0
32.460,0.2369000,-1.0312000,9.3323000,65.1932000,116.3254000,69.7250000,-40.8180000,-9.9560000,5.6200000,0.000000,0,0,0
32.470,0.0395000,-0.8518000,8.7772000,70.3201000,110.3134000,69.4199000,-40.3470000,-9.9630000,5.4800000,0.000000,0,0,0
32.480,-0.0574000,-0.6233000,8.4302000,70.6329000,105.6747000,68.1763000,-40.3640000,-10.0820000,5.6680000,0.000000,0,0,0
32.490,-0.0036000,-0.4187000,8.5044000,67.3294000,103.2791000,65.9790000,-40.5130000,-10.1740000,5.8450000,0.000000,0,0,0
32.500,0.1172000,-0.3051000,8.9734000,62.7136000,102.5162000,62.8510000,-40.1290000,-10.0760000,6.3110000,0.000000,0,0,0
32.510,0.1316000,-0.3110000,9.5883000,59.4711000,101.8295000,59.3872000,-40.1860000,-9.8600000,6.7460000,0.000000,0,0,0
32.520,-0.0120000,-0.4115000,10.1003000,58.8608000,100.0900000,56.7932000,-40.0930000,-10.0330000,6.2040000,0.000000,0,0,0
32.530,-0.1866000,-0.5252000,10.4029000,59.9976000,97.7554000,55.6488000,-40.0600000,-10.3080000,6.6440000,0.000000,0,0,0
32.540,-0.2919000,-0.5886000,10.4962000,61.4319000,96.0464000,55.4581000,-40.1670000,-10.2930000,6.9220000,0.000000,0,0,0
32.550,-0.3457000,-0.5934000,10.4304000,62.1185000,95.6192000,55.5878000,-39.6110000,-10.0800000,6.3750000,0.000000,0,0,0
32.560,-0.3864000,-0.5371000,10.2857000,61.6913000,96.5042000,55.7709000,-39.8010000,-9.9910000,7.2510000,0.000000,0,0,0
32.570,-0.4307000,-0.4426000,10.1326000,60.4248000,98.4650000,56.0303000,-39.5910000,-9.8870000,6.9590000,0.000000,0,0,0
32.580,-0.4606000,-0.3505000,10.0440000,58.9447000,101.5091000,56.4804000,-39.5560000,-9.9750000,6.9210000,0.000000,0,0,0
32.590,-0.4031000,-0.3003000,10.0835000,57.7621000,105.8884000,57.0221000,-39.3300000,-9.7410000,8.2570000,0.000000,0,0,0
32.600,-0.2524000,-0.3350000,10.2642000,57.0068000,111.7859000,57.3883000,-39.1740000,-10.2950000,7.9140000,0.000000,0,0,0
32.610,-0.1448000,-0.4139000,10.4855000,56.6025000,118.4464000,57.3502000,-38.9060000,-10.1550000,8.6280000,0.000000,0,0,0
32.620,-0.1567000,-0.5108000,10.6697000,56.2515000,124.7406000,57.1060000,-38.6470000,-10.2830000,8.2650000,0.000000,0,0,0
32.630,-0.2859000,-0.6077000,10.7642000,55.7175000,129.7684000,57.0984000,-38.2940000,-9.8220000,8.4940000,0.000000,0,0,0
32.640,-0.4893000,-0.6604000,10.7499000,55.1376000,132.1640000,57.7316000,-38.5010000,-10.1520000,8.4660000,0.000000,0,0,0
32.650,-0.7405000,-0.6388000,10.6254000,54.6951000,130.7907000,59.2499000,-38.0030000,-9.8890000,8.9240000,0.000000,0,0,0
32.660,-0.9798000,-0.5587000,10.4292000,54.3594000,126.6251000,61.3708000,-37.8000000,-9.8930000,8.6140000,0.000000,0,0,0
32.670,-1.1676000,-0.4630000,10.2079000,54.3594000,121.9254000,63.2477000,-37.6900000,-10.1850000,9.3690000,0.000000,0,0,0
32.680,-1.3650000,-0.4307000,9.8144000,55.3818000,117.5461000,64.4150000,-37.4810000,-10.2500000,10.1030000,0.000000,0,0,0
32.690,-1.4583000,-0.4522000,9.5177000,55.9235000,117.6453000,64.0869000,-37.1500000,-9.9080000,10.1060000,0.000000,0,0,0
32.700,-1.5289000,-0.4713000,9.2509000,55.0613000,120.0714000,62.7823000,-37.2250000,-10.1720000,9.6990000,0.000000,0,0,0
32.710,-1.5504000,-0.4869000,9.1564000,52.0935000,123.7564000,60.6995000,-37.0570000,-10.4980000,10.0680000,0.000000,0,0,0
32.720,-1.5408000,-0.5108000,9.3777000,47.8592000,127.3956000,58.3801000,-36.6000000,-10.2910000,10.6810000,0.000000,0,0,0
32.730,-1.5803000,-0.5443000,9.8514000,44.7693000,129.5929000,56.3126000,-36.2460000,-10.4320000,11.0160000,0.000000,0,0,0
32.740,-1.7729000,-0.5969000,10.3670000,44.9448000,129.5013000,54.9393000,-36.2570000,-10.6440000,11.0330000,0.000000,0,0,0
32.750,-2.1318000,-0.6592000,10.7391000,48.5840000,127.1591000,54.7104000,-35.9510000,-10.8040000,11.4990000,0.000000,0,0,0
32.760,-2.5433000,-0.6903000,10.8575000,54.0085000,123.9090000,55.7251000,-35.4490000,-10.5950000,10.8550000,0.000000,0,0,0
32.770,-2.8866000,-0.7010000,10.7032000,59.0591000,121.1929000,57.3730000,-35.2940000,-10.6410000,11.2330000,0.000000,0,0,0
32.780,-3.1175000,-0.7058000,10.3264000,62.1872000,119.9112000,58.9676000,-35.3840000,-10.7020000,11.7490000,0.000000,0,0,0
32.790,-3.2623000,-0.7142000,9.8191000,62.8510000,120.2393000,60.0967000,-35.2940000,-10.4310000,11.7140000,0.000000,0,0,0
32.800,-3.3723000,-0.7226000,9.3143000,61.3785000,122.2076000,60.6689000,-34.8440000,-10.7630000,11.8280000,0.000000,0,0,0
32.810,-3.4417000,-0.7285000,8.9530000,58.5632000,125.7782000,60.8292000,-34.4070000,-10.7490000,12.3390000,0.000000,0,0,0
32.820,-3.4214000,-0.7369000,8.7975000,55.3818000,130.5389000,60.7910000,-33.8970000,-10.8110000,12.5930000,0.000000,0,0,0
32.830,-3.3496000,-0.7692000,8.7867000,52.5589000,135.7117000,60.6079000,-33.6310000,-10.9830000,12.7200000,0.000000,0,0,0
32.840,-3.2910000,-0.8338000,8.8143000,50.1556000,141.0599000,60.3638000,-33.0930000,-10.9960000,13.0670000,0.000000,0,0,0
32.850,-3.2108000,-0.8865000,8.8346000,47.6608000,146.8201000,60.0510000,-32.8840000,-11.0520000,13.3600000,0.000000,0,0,0
32.860,-3.1761000,-0.8960000,8.8382000,44.7083000,153.1525000,59.2117000,-32.3160000,-11.0340000,14.5260000,0.000000,0,0,0
32.870,-3.3580000,-0.9176000,8.8167000,41.6412000,159.7595000,58.2504000,-31.8660000,-11.2160000,14.6690000,0.000000,0,0,0
32.880,-3.6906000,-0.9307000,8.7401000,39.1159000,165.7791000,58.1284000,-31.4040000,-11.0040000,14.2970000,0.000000,0,0,0
32.890,-4.0482000,-0.9427000,8.6001000,37.2772000,170.4407000,59.2346000,-30.8740000,-11.1540000,14.4530000,0.000000,0,0,0
32.900,-4.3342000,-0.9654000,8.4446000,35.7285000,174.1333000,61.0046000,-30.5380000,-11.6220000,15.0110000,0.000000,0,0,0
32.910,-4.5184000,-1.0097000,8.3489000,34.0881000,178.1845000,62.5153000,-29.8230000,-11.3710000,15.1700000,0.000000,0,0,0
32.920,-4.6500000,-1.0683000,8.3238000,32.5470000,183.6700000,63.0264000,-29.0700000,-11.6070000,15.0770000,0.000000,0,0,0
32.930,-4.8282000,-1.1508000,8.3441000,31.9901000,190.2161000,62.7060000,-28.3830000,-11.4280000,15.8150000,0.000000,0,0,0
32.940,-5.1082000,-1.2370000,8.3668000,33.3405000,195.6329000,62.6907000,-28.0490000,-11.6740000,16.6450000,0.000000,0,0,0
32.950,-5.4742000,-1.2824000,8.3812000,36.5982000,197.0215000,64.1251000,-27.2410000,-11.6040000,16.4230000,0.000000,0,0,0
32.960,-5.8415000,-1.2956000,8.4422000,40.9698000,193.4433000,67.7109000,-26.9970000,-11.3220000,16.7340000,0.000000,0,0,0
32.970,-6.1764000,-1.3327000,8.5654000,45.9442000,187.0728000,73.2880000,-26.2450000,-11.2860000,16.8440000,0.000000,0,0,0
32.980,-6.4875000,-1.3243000,8.7018000,51.7349000,182.0755000,79.6509000,-25.7130000,-11.6580000,17.2090000,0.000000,0,0,0
32.990,-6.6717000,-1.1401000,8.7401000,58.1436000,181.3202000,84.6176000,-24.7480000,-11.6020000,17.3510000,0.000000,0,0,0
33.000,-6.7399000,-0.9714000,8.6922000,64.2776000,185.4401000,85.9299000,-24.1350000,-11.8990000,17.2530000,0.000000,0,0,0
33.010,-6.8380000,-0.9247000,8.5547000,69.9463000,193.5806000,83.7936000,-23.5080000,-11.3630000,17.1390000,0.000000,0,0,0
33.020,-7.0461000,-0.9654000,8.3106000,75.7065000,202.3468000,80.5588000,-22.7060000,-11.2040000,17.7670000,0.000000,0,0,0
33.030,-7.3177000,-0.9798000,7.9840000,81.5353000,208.0612000,78.2394000,-21.8810000,-11.1590000,17.7610000,0.000000,0,0,0
33.040,-7.5857000,-0.8841000,7.6491000,86.1130000,208.8089000,77.5299000,-21.4620000,-11.2060000,17.7280000,0.000000,0,0,0
33.050,-7.7759000,-0.7369000,7.3727000,88.4628000,204.9866000,78.0029000,-20.7520000,-10.7220000,17.5770000,0.000000,0,0,0
33.060,-7.8764000,-0.5969000,7.1323000,88.9664000,198.6465000,78.4454000,-20.4120000,-10.8410000,17.3670000,0.000000,0,0,0
33.070,-7.9745000,-0.5240000,6.8535000,88.6841000,191.4673000,78.2318000,-19.8290000,-10.8020000,17.6200000,0.000000,0,0,0
33.080,-8.1455000,-0.5395000,6.5186000,88.3408000,183.9371000,77.8198000,-19.0400000,-10.3480000,17.5610000,0.000000,0,0,0
33.090,-8.3704000,-0.6041000,6.1776000,88.0051000,176.1627000,77.8580000,-18.9550000,-10.2760000,17.9690000,0.000000,0,0,0
33.100,-8.5989000,-0.6663000,5.9037000,87.4481000,168.5486000,78.5522000,-18.1410000,-9.9700000,17.8490000,0.000000,0,0,0
33.110,-8.7497000,-0.6855000,5.7817000,86.6776000,161.7889000,79.6585000,-17.5420000,-9.8350000,18.5330000,0.000000,0,0,0
33.120,-8.7473000,-0.6496000,5.7888000,86.1588000,156.9443000,80.4443000,-17.1650000,-9.7730000,17.8060000,0.000000,0,0,0
33.130,-8.6324000,-0.5862000,5.7972000,86.1816000,154.6249000,80.1010000,-16.6190000,-9.7270000,17.9750000,0.000000,0,0,0
33.140,-8.5044000,-0.5084000,5.6943000,86.5097000,154.1061000,78.3310000,-16.1650000,-9.7030000,17.8920000,0.000000,0,0,0
33.150,-8.4637000,-0.4175000,5.4694000,86.3113000,153.9154000,75.7065000,-15.7820000,-9.4830000,18.5070000,0.000000,0,0,0
33.160,-8.5295000,-0.3218000,5.2074000,84.9152000,153.5034000,73.1964000,-15.4210000,-9.4370000,18.5600000,0.000000,0,0,0
33.170,-8.6575000,-0.2309000,5.0017000,82.4585000,152.9694000,71.2738000,-15.0190000,-9.5730000,17.7690000,0.000000,0,0,0
33.180,-8.7891000,-0.1495000,4.9048000,79.8645000,152.8015000,69.9463000,-14.4660000,-9.4920000,18.1600000,0.000000,0,0,0
33.190,-8.9040000,-0.0766000,4.9215000,78.1174000,153.4653000,68.8934000,-13.9720000,-9.1180000,18.2640000,0.000000,0,0,0
33.200,-8.9889000,-0.0167000,4.9981000,77.7588000,155.0903000,67.7490000,-13.4000000,-8.7880000,18.5160000,0.000000,0,0,0
33.210,-9.0559000,0.0275000,5.0459000,78.7201000,157.0435000,66.2155000,-12.8900000,-8.7140000,18.7870000,0.000000,0,0,0
33.220,-9.1193000,0.0586000,5.0136000,80.2307000,158.3405000,64.2624000,-12.3820000,-8.8010000,18.5790000,0.000000,0,0,0
33.230,-9.2078000,0.0825000,4.8856000,81.1920000,157.9895000,62.0804000,-11.9440000,-8.4830000,18.3800000,0.000000,0,0,0
33.240,-9.3574000,0.1256000,4.7026000,80.5054000,155.5481000,60.1807000,-11.9010000,-8.7700000,17.8570000,0.000000,0,0,0
33.250,-9.5332000,0.1830000,4.5292000,77.7054000,151.5427000,59.1965000,-11.4310000,-8.7150000,18.7410000,0.000000,0,0,0
33.260,-9.6947000,0.2357000,4.3856000,73.5016000,146.9421000,59.2117000,-10.8500000,-9.2250000,18.0100000,0.000000,0,0,0
33.270,-9.8371000,0.2704000,4.2779000,69.3817000,142.3950000,59.8373000,-10.8030000,-8.5510000,18.0280000,0.000000,0,0,0
33.280,-9.9292000,0.2859000,4.1954000,66.4825000,137.8174000,60.4858000,-10.3860000,-8.4130000,17.7250000,0.000000,0,0,0
33.290,-9.9950000,0.3146000,4.0889000,64.8880000,132.3242000,60.7147000,-10.1670000,-8.7040000,17.9130000,0.000000,0,0,0
33.300,-10.0656000,0.3577000,3.9202000,63.7817000,125.0992000,60.4095000,-10.0710000,-8.8520000,17.6830000,0.000000,0,0,0
33.310,-10.2020000,0.3134000,3.5673000,61.4166000,111.9919000,59.6008000,-9.8220000,-8.4940000,17.2260000,0.000000,0,0,0
33.320,-10.2857000,0.1974000,3.3365000,59.2346000,103.1952000,59.0134000,-9.6610000,-8.6630000,16.9510000,0.000000,0,0,0
33.330,-10.3635000,0.0670000,3.1738000,56.6940000,96.0922000,58.5403000,-9.4420000,-8.4220000,17.2440000,0.000000,0,0,0
33.340,-10.4508000,-0.0526000,3.0996000,54.1306000,91.3925000,58.3801000,-9.2140000,-8.5950000,16.8190000,0.000000,0,0,0
33.350,-10.5489000,-0.1459000,3.1127000,52.1469000,88.2721000,58.8379000,-9.3420000,-8.5860000,16.5010000,0.000000,0,0,0
33.360,-10.5967000,-0.1818000,3.2001000,51.2695000,85.2203000,60.0281000,-9.0190000,-8.4560000,16.9590000,0.000000,0,0,0
33.370,-10.5620000,-0.1412000,3.3006000,51.5976000,81.0089000,61.5387000,-8.8630000,-8.3140000,16.7070000,0.000000,0,0,0
33.380,-10.4639000,-0.0526000,3.3532000,52.6581000,75.1495000,62.7747000,-9.0630000,-8.6370000,16.3220000,0.000000,0,0,0
33.390,-10.3551000,0.0395000,3.3137000,53.8940000,67.8024000,63.4460000,-9.0650000,-8.5030000,16.5570000,0.000000,0,0,0
33.400,-10.2570000,0.0957000,3.1893000,54.9088000,59.4330000,63.5452000,-9.1350000,-8.6170000,17.4690000,0.000000,0,0,0
33.410,-10.1780000,0.1005000,3.0278000,55.4123000,51.0559000,62.9654000,-9.0810000,-8.4760000,17.0350000,0.000000,0,0,0
33.420,-10.1565000,0.0634000,2.8615000,55.2139000,43.4113000,61.7981000,-9.1630000,-8.5730000,17.1230000,0.000000,0,0,0
33.430,-10.2103000,0.0012000,2.7359000,54.2221000,36.0413000,60.3943000,-9.5910000,-8.5280000,16.5030000,0.000000,0,0,0
33.440,-10.2953000,-0.0550000,2.6773000,52.3376000,27.7252000,59.1965000,-9.6780000,-8.4280000,17.4640000,0.000000,0,0,0
33.450,-10.3467000,-0.0813000,2.6881000,49.4919000,17.2195000,58.4564000,-9.9770000,-8.3910000,17.2550000,0.000000,0,0,0
33.460,-10.3240000,-0.0778000,2.7311000,45.8603000,3.3646000,58.2809000,-10.3660000,-8.7600000,17.9530000,0.000000,0,0,0
33.470,-10.1768000,-0.0694000,2.7969000,41.7404000,-13.9236000,58.3801000,-10.9650000,-8.9380000,17.6620000,0.000000,0,0,0
33.480,-9.9184000,-0.0813000,2.8783000,37.2238000,-32.7454000,57.8995000,-11.5390000,-9.3350000,17.7150000,0.000000,0,0,0
33.490,-9.6373000,-0.1113000,2.9692000,32.0816000,-50.3311000,55.9998000,-12.2470000,-9.1970000,17.4340000,0.000000,0,0,0
33.500,-9.4040000,-0.1591000,3.0792000,26.3367000,-64.3997000,52.7344000,-12.6660000,-9.4960000,17.6880000,0.000000,0,0,0
33.510,-9.2760000,-0.2285000,3.2216000,20.5231000,-74.2111000,48.9426000,-13.3160000,-9.6450000,18.1540000,0.000000,0,0,0
33.520,-9.2294000,-0.2692000,3.4345000,15.3961000,-80.5283000,45.6924000,-14.0890000,-10.2490000,18.0460000,0.000000,0,0,0
33.530,-9.1995000,-0.2333000,3.7563000,11.6425000,-84.5795000,43.7088000,-14.6360000,-10.0010000,18.4280000,0.000000,0,0,0
33.540,-9.1253000,-0.1184000,4.2217000,9.7122000,-86.9675000,43.0298000,-15.2910000,-10.4500000,17.4070000,0.000000,0,0,0
33.550,-9.0116000,0.0227000,4.7935000,9.8114000,-88.0203000,43.0832000,-16.2350000,-10.9230000,17.2100000,0.000000,0,0,0
33.560,-8.9578000,0.1089000,5.4288000,11.9934000,-88.2568000,43.4570000,-16.7170000,-10.8320000,17.5800000,0.000000,0,0,0
33.570,-9.0655000,0.0383000,6.0700000,16.1438000,-87.9822000,44.4183000,-17.2760000,-10.7470000,18.0350000,0.000000,0,0,0
33.580,-9.2892000,-0.1687000,6.5712000,22.0108000,-87.0895000,46.6843000,-18.1170000,-11.2680000,17.7960000,0.000000,0,0,0
33.590,-9.4782000,-0.4271000,6.8380000,28.7704000,-85.4111000,50.4456000,-18.6580000,-10.8620000,17.4270000,0.000000,0,0,0
33.600,-9.5464000,-0.6723000,6.8631000,35.0266000,-82.7713000,55.1300000,-19.2450000,-11.0570000,18.1120000,0.000000,0,0,0
33.610,-9.4961000,-0.8518000,6.6729000,39.5279000,-79.5593000,59.8755000,-19.9110000,-11.4960000,17.7060000,0.000000,0,0,0
33.620,-9.3191000,-0.9068000,6.3535000,41.4581000,-76.7441000,64.1861000,-20.2590000,-11.7520000,17.7700000,0.000000,0,0,0
33.630,-8.9973000,-0.8147000,6.0460000,41.0080000,-75.0580000,67.6727000,-20.6190000,-11.5530000,17.2900000,0.000000,0,0,0
33.640,-8.5798000,-0.6233000,5.8534000,39.2532000,-74.7604000,69.9005000,-21.5020000,-11.7920000,16.6060000,0.000000,0,0,0
33.650,-8.1384000,-0.4378000,5.8247000,37.5977000,-75.7294000,70.8160000,-21.6930000,-11.6680000,16.7070000,0.000000,0,0,0
33.660,-7.7065000,-0.3290000,5.9767000,37.0255000,-77.4231000,70.6635000,-22.4350000,-12.0620000,16.5940000,0.000000,0,0,0
33.670,-7.3500000,-0.3146000,6.2721000,37.9028000,-78.5904000,69.7632000,-22.9420000,-11.8800000,16.7120000,0.000000,0,0,0
33.680,-7.1072000,-0.3529000,6.6621000,40.1917000,-78.6438000,68.2907000,-23.6780000,-11.6120000,16.5590000,0.000000,0,0,0
33.690,-6.9660000,-0.4187000,7.1024000,43.7698000,-78.4531000,66.6580000,-24.0140000,-11.6840000,16.5120000,0.000000,0,0,0
33.700,-6.8236000,-0.4558000,7.5247000,48.5229000,-79.6890000,65.2084000,-24.8850000,-11.7400000,15.8280000,0.000000,0,0,0
33.710,-6.6011000,-0.4701000,7.8500000,54.2908000,-82.7713000,63.7054000,-25.4570000,-11.5020000,15.8640000,0.000000,0,0,0
33.720,-6.2937000,-0.4749000,7.9601000,60.5698000,-86.2732000,61.1343000,-25.9590000,-11.4160000,15.5830000,0.000000,0,0,0
33.730,-6.0018000,-0.4905000,7.7663000,66.0477000,-88.0814000,56.8390000,-26.5750000,-11.5100000,15.3740000,0.000000,0,0,0
33.740,-5.8403000,-0.5694000,7.2758000,68.8324000,-86.9827000,51.5289000,-27.3740000,-11.5720000,15.5980000,0.000000,0,0,0
33.750,-5.8427000,-0.6986000,6.6131000,67.7719000,-83.2672000,46.8826000,-28.0790000,-11.5460000,15.3040000,0.000000,0,0,0
33.760,-5.9097000,-0.7848000,6.0317000,62.7441000,-78.1708000,44.1589000,-28.4140000,-11.2940000,14.9170000,0.000000,0,0,0
33.770,-5.9156000,-0.7800000,5.8128000,54.8096000,-72.7844000,43.5104000,-28.6910000,-11.6300000,14.8990000,0.000000,0,0,0
33.780,-5.7853000,-0.7010000,6.0939000,46.4172000,-67.1387000,44.2123000,-29.0100000,-11.7980000,15.1340000,0.000000,0,0,0
33.790,-5.5316000,-0.5778000,6.7590000,40.3671000,-61.2259000,45.2499000,-29.4570000,-11.8460000,14.8860000,0.000000,0,0,0
33.800,-5.2230000,-0.4654000,7.5785000,37.7960000,-54.9850000,46.0815000,-29.8910000,-11.8790000,15.1420000,0.000000,0,0,0
33.810,-4.9120000,-0.4271000,8.3034000,37.7960000,-47.7448000,46.1655000,-30.5150000,-11.6850000,14.7310000,0.000000,0,0,0
33.820,-4.6583000,-0.4869000,8.7832000,38.8336000,-39.5279000,45.1584000,-30.5040000,-11.7820000,14.5850000,0.000000,0,0,0
33.830,-4.5351000,-0.6077000,9.0416000,39.9857000,-31.1966000,43.6172000,-30.9590000,-11.8440000,14.4180000,0.000000,0,0,0
33.840,-4.5626000,-0.7214000,9.2222000,41.2750000,-23.3078000,42.3355000,-31.3400000,-12.1270000,14.2470000,0.000000,0,0,0
33.850,-4.6691000,-0.7896000,9.4148000,43.0374000,-15.8997000,41.7709000,-31.4320000,-12.1620000,14.0350000,0.000000,0,0,0
33.860,-4.8079000,-0.8302000,9.6086000,45.6161000,-9.3765000,42.1677000,-31.6450000,-11.8360000,14.1050000,0.000000,0,0,0
33.870,-4.9371000,-0.8745000,9.7498000,49.1333000,-4.3259000,43.7241000,-31.8420000,-12.1350000,14.0030000,0.000000,0,0,0
33.880,-4.9897000,-0.9247000,9.7833000,53.0777000,-1.2054000,46.3181000,-32.3030000,-12.0940000,13.3790000,0.000000,0,0,0
33.890,-4.9060000,-0.9857000,9.7091000,56.4041000,0.2899000,49.4080000,-32.1830000,-12.0960000,12.9740000,0.000000,0,0,0
33.900,-4.6895000,-1.0587000,9.5583000,58.1055000,1.3580000,52.1164000,-32.4090000,-12.1070000,12.3540000,0.000000,0,0,0
33.910,-4.4251000,-1.1185000,9.4220000,57.8384000,2.9984000,53.8101000,-32.5630000,-12.0460000,12.7480000,0.000000,0,0,0
33.920,-4.1930000,-1.1413000,9.4232000,56.3889000,5.4932000,54.4815000,-32.8040000,-11.7270000,12.4570000,0.000000,0,0,0
33.930,-4.0255000,-1.1030000,9.6038000,55.0613000,8.4000000,54.5883000,-33.0500000,-12.1400000,12.4530000,0.000000,0,0,0
33.940,-3.9095000,-1.0145000,9.8933000,54.9622000,10.8795000,54.4891000,-33.3440000,-11.9040000,13.0880000,0.000000,0,0,0
33.950,-3.8257000,-0.9140000,10.1469000,56.4651000,12.2147000,54.3594000,-33.4920000,-12.0520000,12.7620000,0.000000,0,0,0
33.960,-3.7324000,-0.8219000,10.1984000,60.4477000,10.8032000,54.2068000,-33.7620000,-12.0420000,12.9580000,0.000000,0,0,0
33.970,-3.6666000,-0.8075000,10.0070000,62.4695000,7.6065000,54.0085000,-33.7420000,-11.7990000,12.8870000,0.000000,0,0,0
33.980,-3.6176000,-0.8266000,9.7581000,62.9501000,2.9907000,53.5583000,-34.2860000,-11.4470000,11.8590000,0.000000,0,0,0
33.990,-3.6236000,-0.8637000,9.5679000,61.9965000,-2.4338000,52.9327000,-34.3720000,-11.7780000,12.0420000,0.000000,0,0,0
34.000,-3.7025000,-0.9032000,9.5153000,60.6689000,-8.2169000,52.3987000,-34.8160000,-11.7500000,11.9640000,0.000000,0,0,0
34.010,-3.7623000,-0.9128000,9.6170000,60.3867000,-14.3738000,52.3529000,-34.7150000,-11.5620000,10.7190000,0.000000,0,0,0
34.020,-3.7073000,-0.8793000,9.8179000,61.8362000,-20.8130000,52.8336000,-35.1860000,-11.7830000,10.7820000,0.000000,0,0,0
34.030,-3.5183000,-0.8302000,9.9986000,64.8270000,-27.0996000,53.5278000,-35.7730000,-11.5460000,10.9620000,0.000000,0,0,0
34.040,-3.2216000,-0.7955000,10.0309000,68.6417000,-33.1497000,54.0619000,-35.8210000,-11.7030000,11.2550000,0.000000,0,0,0
34.050,-2.8771000,-0.7967000,9.8730000,71.7697000,-39.1006000,54.0237000,-36.3500000,-11.2920000,11.0930000,0.000000,0,0,0
34.060,-2.5876000,-0.8565000,9.5835000,72.8683000,-44.4717000,53.2455000,-36.5050000,-11.4180000,10.6790000,0.000000,0,0,0
34.070,-2.4584000,-0.9702000,9.2820000,71.8765000,-49.1257000,51.9943000,-36.7440000,-11.1620000,9.2710000,0.000000,0,0,0
34.080,-2.4213000,-1.0659000,9.1325000,69.7784000,-53.4439000,50.9491000,-37.2170000,-10.9690000,9.8130000,0.000000,0,0,0
34.090,-2.3328000,-1.0982000,9.2365000,68.0771000,-57.7698000,50.4227000,-37.5590000,-10.7090000,9.2920000,0.000000,0,0,0
34.100,-2.1366000,-1.0515000,9.5667000,68.1381000,-62.0422000,50.1480000,-38.0010000,-10.6570000,8.5220000,0.000000,0,0,0
34.110,-1.8889000,-0.9463000,9.9376000,70.3888000,-66.7038000,50.0031000,-38.4310000,-10.7790000,8.2220000,0.000000,0,0,0
34.120,-1.6401000,-0.8290000,10.1876000,74.0204000,-72.3877000,50.3387000,-39.0310000,-10.6110000,7.3280000,0.000000,0,0,0
34.130,-1.4296000,-0.7118000,10.2402000,76.9272000,-78.8193000,51.4450000,-39.3830000,-10.2980000,7.3620000,0.000000,0,0,0
34.140,-1.2059000,-0.6221000,10.1290000,77.1103000,-85.7010000,52.8793000,-39.6180000,-10.4900000,6.8420000,0.000000,0,0,0
34.150,-0.9546000,-0.6041000,9.9172000,73.8297000,-91.8121000,53.6652000,-40.2480000,-10.2960000,5.4580000,0.000000,0,0,0
34.160,-0.6592000,-0.6053000,9.7234000,67.7185000,-96.1456000,53.1006000,-40.6190000,-10.1590000,5.1470000,0.000000,0,0,0
34.170,-0.3134000,-0.5730000,9.6899000,60.7147000,-98.9151000,51.2085000,-40.8040000,-10.2150000,4.7730000,0.000000,0,0,0
34.180,0.0203000,-0.5323000,9.8407000,55.1987000,-101.0056000,48.5992000,-41.0480000,-10.1430000,4.1830000,0.000000,0,0,0
34.190,0.2811000,-0.5419000,10.0787000,52.6199000,-103.1647000,46.3333000,-41.5470000,-9.8040000,2.4700000,0.000000,0,0,0
34.200,0.4474000,-0.6233000,10.2630000,52.9175000,-105.4916000,45.4788000,-41.7140000,-10.0280000,2.4250000,0.000000,0,0,0
34.210,0.6173000,-0.7441000,10.3048000,55.0995000,-107.9102000,46.1426000,-41.7710000,-9.8410000,1.9290000,0.000000,0,0,0
34.220,0.8661000,-0.8577000,10.2103000,58.0063000,-110.4660000,47.7982000,-42.5260000,-9.7020000,1.3590000,0.000000,0,0,0
34.230,1.1843000,-0.9822000,10.0153000,60.7681000,-113.2660000,49.8657000,-42.5100000,-9.7720000,1.0640000,0.000000,0,0,0
34.240,1.5277000,-1.1293000,9.7510000,62.8738000,-116.1652000,51.0330000,-43.1660000,-9.6540000,0.2440000,0.000000,0,0,0
34.250,1.8590000,-1.2322000,9.4507000,64.1861000,-119.8196000,50.1709000,-43.1920000,-9.6500000,-0.3710000,0.000000,0,0,0
34.260,2.1820000,-1.2585000,9.2102000,64.6286000,-125.4578000,47.5922000,-43.5440000,-9.7320000,-1.4950000,0.000000,0,0,0
34.270,2.5074000,-1.2047000,9.1313000,64.2166000,-133.8348000,44.3039000,-43.8280000,-9.7420000,-2.8570000,0.000000,0,0,0
34.280,2.8328000,-1.1197000,9.1899000,63.7360000,-144.5618000,41.0995000,-44.2460000,-9.4230000,-3.8940000,0.000000,0,0,0
34.290,3.0840000,-1.0779000,9.2330000,64.2319000,-156.7383000,38.8947000,-44.4480000,-9.3160000,-4.9160000,0.000000,0,0,0
34.300,3.2037000,-1.1413000,9.0906000,66.2384000,-168.8080000,39.1617000,-44.6040000,-9.5450000,-5.5780000,0.000000,0,0,0
34.310,3.3365000,-1.1999000,8.7221000,68.9392000,-179.0466000,41.8549000,-44.6010000,-9.0600000,-6.9200000,0.000000,0,0,0
34.320,3.5841000,-1.2094000,8.2652000,70.3354000,-185.4706000,45.3491000,-44.6350000,-9.1150000,-7.9940000,0.000000,0,0,0
34.330,3.9286000,-1.1317000,7.9158000,68.5425000,-186.4853000,47.6074000,-44.5240000,-8.9470000,-9.1450000,0.000000,0,0,0
34.340,4.1798000,-0.9092000,7.7496000,63.1866000,-182.6172000,47.1725000,-44.6350000,-9.1370000,-9.5950000,0.000000,0,0,0
34.350,4.1152000,-0.6783000,7.5235000,55.5496000,-177.9709000,45.1050000,-44.7950000,-8.8450000,-10.2780000,0.000000,0,0,0
34.360,3.8820000,-0.5527000,7.0832000,46.8445000,-176.0788000,43.6554000,-44.5830000,-8.7700000,-11.7340000,0.000000,0,0,0
34.370,3.7480000,-0.3948000,6.5437000,37.0331000,-177.2690000,43.8690000,-44.1330000,-8.8340000,-13.0050000,0.000000,0,0,0
34.380,3.8413000,-0.1830000,6.1370000,25.6042000,-179.2679000,45.4330000,-44.2480000,-8.6050000,-14.3900000,0.000000,0,0,0
34.390,4.2265000,-0.0550000,6.0233000,13.5651000,-177.8259000,47.5540000,-43.4570000,-8.6880000,-15.0590000,0.000000,0,0,0
34.400,4.9993000,-0.0610000,6.2159000,4.1733000,-169.5862000,48.4848000,-43.5600000,-8.4890000,-15.2590000,0.000000,0,0,0
34.410,6.0102000,-0.2345000,6.6131000,0.8774000,-155.0674000,46.7606000,-43.5900000,-8.0740000,-16.7290000,0.000000,0,0,0
34.420,6.8308000,-0.5132000,6.9959000,5.3253000,-137.0316000,42.6636000,-43.4070000,-7.8380000,-17.3010000,0.000000,0,0,0
34.430,7.1921000,-0.7955000,7.0473000,16.3574000,-119.7662000,38.4369000,-42.9950000,-7.8290000,-18.4220000,0.000000,0,0,0
34.440,7.1741000,-0.9558000,6.6896000,30.3421000,-108.2840000,37.1246000,-42.8170000,-7.9660000,-18.8530000,0.000000,0,0,0
34.450,6.9827000,-0.9331000,6.0987000,43.1900000,-104.8050000,39.8254000,-42.5870000,-8.1090000,-19.0600000,0.000000,0,0,0
34.460,6.8284000,-0.8374000,5.4096000,52.5742000,-107.1014000,45.4102000,-42.0630000,-8.1940000,-20.3890000,0.000000,0,0,0
34.470,6.7997000,-0.7596000,4.6595000,58.2047000,-110.8398000,52.2385000,-41.3930000,-8.0830000,-21.5290000,0.000000,0,0,0
34.480,6.9839000,-0.7082000,3.9119000,60.4706000,-110.5576000,58.6777000,-41.8140000,-7.9130000,-21.4680000,0.000000,0,0,0
34.490,7.3847000,-0.6843000,3.1953000,59.9670000,-102.1271000,63.4460000,-41.3630000,-7.8360000,-21.5870000,0.000000,0,0,0
34.500,7.9170000,-0.6986000,2.5589000,57.7545000,-84.9762000,66.0324000,-41.1150000,-7.6800000,-21.4110000,0.000000,0,0,0
34.510,8.4602000,-0.7154000,2.1354000,54.8859000,-60.7986000,66.1316000,-40.9900000,-7.9140000,-21.7770000,0.000000,0,0,0
34.520,8.8370000,-0.7309000,2.0026000,52.2079000,-32.5241000,63.9572000,-41.2100000,-7.8900000,-21.6720000,0.000000,0,0,0
34.530,8.9064000,-0.7369000,2.1545000,50.0488000,-4.7226000,60.8292000,-41.0670000,-7.6810000,-21.7800000,0.000000,0,0,0
34.540,8.6420000,-0.7166000,2.5397000,48.3246000,16.7084000,58.8913000,-40.9010000,-7.8520000,-21.8760000,0.000000,0,0,0
34.550,8.0259000,-0.7022000,3.2695000,48.7213000,30.0598000,61.4548000,-41.1190000,-8.3080000,-21.7310000,0.000000,0,0,0
34.560,7.7962000,-0.7142000,3.5733000,52.7039000,28.3432000,66.5207000,-40.7590000,-7.8530000,-22.5230000,0.000000,0,0,0
34.570,7.8010000,-0.7226000,3.5637000,59.3185000,23.2849000,72.3724000,-40.6870000,-8.5430000,-22.2470000,0.000000,0,0,0
34.580,8.0534000,-0.7190000,3.2730000,66.3300000,19.8822000,76.9882000,-40.4260000,-8.2820000,-22.1350000,0.000000,0,0,0
34.590,8.5594000,-0.6927000,2.8890000,71.0068000,21.5530000,78.7277000,-40.2310000,-8.5110000,-22.9810000,0.000000,0,0,0
34.600,9.1265000,-0.6520000,2.6163000,72.2656000,30.0751000,76.7670000,-40.6130000,-8.5200000,-22.6730000,0.000000,0,0,0
34.610,9.4591000,-0.6269000,2.5325000,70.9915000,45.0211000,71.8079000,-40.7860000,-8.2540000,-22.2020000,0.000000,0,0,0
34.620,9.4196000,-0.6137000,2.6235000,68.6035000,63.3011000,65.9027000,-40.7820000,-8.6470000,-21.4780000,0.000000,0,0,0
34.630,9.1373000,-0.6053000,2.8543000,65.8035000,80.6122000,61.2564000,-41.0280000,-8.4040000,-21.7470000,0.000000,0,0,0
34.640,8.7927000,-0.6077000,3.1307000,63.3926000,93.5974000,58.9066000,-41.2600000,-8.4080000,-21.3500000,0.000000,0,0,0
34.650,8.4972000,-0.6340000,3.3556000,62.0956000,100.9216000,58.6777000,-41.3510000,-8.5710000,-20.8640000,0.000000,0,0,0
34.660,8.3310000,-0.6723000,3.4716000,61.9659000,103.5080000,59.7916000,-41.2560000,-8.5900000,-21.3870000,0.000000,0,0,0
34.670,8.3118000,-0.7142000,3.5015000,62.4466000,103.8437000,61.1572000,-41.4720000,-8.4900000,-21.1210000,0.000000,0,0,0
34.680,8.4482000,-0.7584000,3.5147000,63.0341000,104.3930000,61.8820000,-41.4900000,-8.5010000,-20.2920000,0.000000,0,0,0
34.690,8.6599000,-0.7728000,3.6068000,63.6902000,106.8344000,61.3251000,-41.8160000,-8.4910000,-19.7580000,0.000000,0,0,0
34.700,8.8214000,-0.7632000,3.7671000,64.6591000,112.1368000,59.2041000,-42.1050000,-8.7670000,-19.9490000,0.000000,0,0,0
34.710,8.8490000,-0.7333000,3.9250000,66.0934000,120.5215000,55.8624000,-42.2710000,-8.3580000,-19.7350000,0.000000,0,0,0
34.720,8.7054000,-0.6938000,4.0279000,67.4591000,131.3095000,52.0477000,-42.8360000,-8.4020000,-19.0040000,0.000000,0,0,0
34.730,8.4291000,-0.6651000,4.0554000,67.6498000,143.2724000,48.6832000,-42.8880000,-8.4320000,-18.3510000,0.000000,0,0,0
34.740,8.0702000,-0.6615000,4.0052000,66.1545000,154.9072000,46.6919000,-43.3390000,-8.4030000,-18.2390000,0.000000,0,0,0
34.750,7.6862000,-0.7202000,3.9250000,63.4613000,164.7644000,46.5317000,-43.5080000,-8.0770000,-17.3190000,0.000000,0,0,0
34.760,7.3644000,-0.8266000,3.8401000,60.5164000,172.3404000,48.2254000,-43.9620000,-8.3390000,-16.4840000,0.000000,0,0,0
34.770,7.2435000,-0.9558000,3.7946000,58.0215000,177.9709000,51.0254000,-43.8540000,-8.5030000,-16.6040000,0.000000,0,0,0
34.780,7.4122000,-1.0539000,3.8269000,56.3049000,182.8613000,53.3066000,-44.0810000,-8.2210000,-15.6510000,0.000000,0,0,0
34.790,7.7328000,-0.9893000,3.9585000,54.9927000,188.4537000,52.8259000,-44.0490000,-8.3970000,-15.0680000,0.000000,0,0,0
34.800,7.8644000,-0.8015000,4.1990000,53.1921000,196.7163000,48.4924000,-44.6500000,-8.4330000,-14.8950000,0.000000,0,0,0
34.810,7.6096000,-0.6137000,4.4969000,50.3311000,208.2367000,41.8015000,-45.0740000,-7.9670000,-12.8720000,0.000000,0,0,0
34.820,7.0174000,-0.4953000,4.7899000,46.6003000,221.4203000,35.7742000,-45.0840000,-8.0130000,-12.2360000,0.000000,0,0,0
34.830,6.2422000,-0.4893000,5.0220000,42.8467000,233.5205000,32.7759000,-45.2500000,-7.7200000,-10.4470000,0.000000,0,0,0
34.840,5.4323000,-0.5898000,5.1584000,39.3066000,242.5079000,34.0500000,-45.5710000,-7.8480000,-10.0970000,0.000000,0,0,0
34.850,4.7612000,-0.7465000,5.2170000,35.3012000,247.6730000,39.7263000,-45.2840000,-7.8040000,-9.5520000,0.000000,0,0,0
34.860,4.5387000,-0.9283000,5.3498000,30.3879000,248.6115000,48.5535000,-45.5060000,-8.0850000,-8.3770000,0.000000,0,0,0
34.870,4.8557000,-0.9869000,5.8666000,25.4517000,245.1477000,57.4188000,-45.1800000,-7.7570000,-8.1850000,0.000000,0,0,0
34.880,5.2218000,-0.8219000,6.8583000,22.0413000,238.8687000,63.0264000,-45.4370000,-8.0240000,-6.6630000,0.000000,0,0,0
34.890,5.2266000,-0.5993000,8.0510000,22.1024000,231.5979000,65.1703000,-45.3020000,-7.6500000,-6.6680000,0.000000,0,0,0
34.900,4.8916000,-0.4390000,9.0870000,27.1683000,224.2508000,65.8722000,-45.2890000,-7.7140000,-6.1830000,0.000000,0,0,0
34.910,4.4035000,-0.3697000,9.6277000,36.8271000,217.3843000,66.6580000,-45.2410000,-7.8320000,-5.7220000,0.000000,0,0,0
34.920,3.8987000,-0.3960000,9.5631000,48.4085000,211.4716000,67.8558000,-45.0290000,-8.2290000,-4.8280000,0.000000,0,0,0
34.930,3.4190000,-0.5168000,9.0033000,58.5480000,206.9855000,69.5343000,-44.8490000,-8.0000000,-3.9790000,0.000000,0,0,0
34.940,3.0135000,-0.6879000,8.1862000,64.7430000,204.2694000,71.9299000,-44.7240000,-7.9310000,-4.0240000,0.000000,0,0,0
34.950,2.8077000,-0.8709000,7.4266000,65.9561000,204.3152000,74.9741000,-44.6650000,-8.1250000,-3.1330000,0.000000,0,0,0
34.960,2.8866000,-1.0300000,6.9815000,62.6907000,208.8699000,77.6596000,-44.8040000,-8.0330000,-2.6070000,0.000000,0,0,0
34.970,3.1415000,-1.1317000,6.9732000,56.9382000,218.9484000,78.5751000,-44.4000000,-8.5130000,-1.2990000,0.000000,0,0,0
34.980,3.3652000,-1.1879000,7.3979000,51.2924000,234.2377000,77.1179000,-44.1220000,-8.2990000,0.0500000,0.000000,0,0,0
34.990,3.3089000,-1.1927000,8.1407000,47.9813000,-248.4436000,73.9899000,-43.6730000,-8.6080000,0.4160000,0.000000,0,0,0
35.000,2.8316000,-1.1664000,8.8765000,47.5006000,-235.3287000,71.5790000,-43.4030000,-8.5600000,1.8950000,0.000000,0,0,0
35.010,2.0923000,-1.1425000,9.3562000,48.8510000,-231.5979000,72.4564000,-42.9300000,-8.9560000,2.7040000,0.000000,0,0,0
35.020,1.3398000,-1.1161000,9.5308000,51.1856000,-238.3041000,77.2018000,-42.5490000,-9.5000000,3.7640000,0.000000,0,0,0
35.030,0.7788000,-1.1125000,9.4758000,54.4205000,247.4747000,84.2285000,-42.4970000,-9.4270000,3.5330000,0.000000,0,0,0
35.040,0.4666000,-1.1269000,9.2844000,58.4030000,230.3085000,91.6138000,-41.8290000,-9.6830000,4.4290000,0.000000,0,0,0
35.050,0.3625000,-1.1042000,9.0750000,62.5839000,214.5462000,97.7020000,-41.3750000,-9.7590000,5.4020000,0.000000,0,0,0
35.060,0.4893000,-0.9845000,9.0308000,66.1774000,202.8427000,100.8911000,-41.2340000,-9.6970000,6.0490000,0.000000,0,0,0
35.070,0.7812000,-0.7501000,9.3514000,68.9850000,195.2362000,99.8993000,-40.5400000,-9.8480000,6.2270000,0.000000,0,0,0
35.080,0.9738000,-0.4773000,10.0919000,71.8384000,189.3234000,94.9783000,-40.4750000,-9.9550000,6.2070000,0.000000,0,0,0
35.090,0.8374000,-0.2811000,10.9448000,75.7675000,181.5948000,88.8824000,-40.1660000,-10.0690000,7.0340000,0.000000,0,0,0
35.100,0.4211000,-0.1615000,11.4868000,80.3452000,169.5023000,84.4193000,-40.2240000,-9.7610000,7.3230000,0.000000,0,0,0
35.110,-0.0790000,-0.0909000,11.5777000,84.1599000,152.8549000,82.1915000,-39.6210000,-9.7020000,7.1950000,0.000000,0,0,0
35.120,-0.5288000,-0.0694000,11.2547000,86.1893000,133.7891000,81.3828000,-39.8930000,-9.6950000,7.5630000,0.000000,0,0,0
35.130,-0.8530000,-0.1663000,10.2091000,84.7473000,106.5903000,80.0018000,-39.6840000,-9.7580000,7.4090000,0.000000,0,0,0
35.140,-0.8278000,-0.2321000,9.4160000,79.9408000,92.3004000,77.4078000,-39.5910000,-9.7370000,7.2930000,0.000000,0,0,0
35.150,-0.7178000,-0.2751000,8.8322000,71.9528000,81.7566000,73.2269000,-39.5680000,-9.7990000,6.9260000,0.000000,0,0,0
35.160,-0.6233000,-0.3278000,8.6085000,62.0117000,74.4247000,68.2220000,-39.2750000,-10.0870000,7.0910000,0.000000,0,0,0
35.170,-0.5706000,-0.4020000,8.7162000,52.0172000,69.8853000,63.4384000,-39.5470000,-9.9650000,7.7500000,0.000000,0,0,0
35.180,-0.5611000,-0.5132000,8.9937000,43.5638000,67.8864000,59.5932000,-39.4490000,-10.3550000,7.3520000,0.000000,0,0,0
35.190,-0.5910000,-0.6556000,9.2856000,37.7121000,68.0618000,57.1594000,-39.4220000,-9.8900000,8.0350000,0.000000,0,0,0
35.200,-0.6496000,-0.7943000,9.5129000,35.0037000,69.8624000,56.1371000,-39.3130000,-10.1690000,7.5400000,0.000000,0,0,0
35.210,-0.7094000,-0.8996000,9.6445000,35.1639000,72.7997000,56.2286000,-39.2260000,-10.3610000,7.6440000,0.000000,0,0,0
35.220,-0.7501000,-0.9558000,9.6959000,37.3383000,76.7670000,56.9916000,-39.2820000,-10.1220000,7.5170000,0.000000,0,0,0
35.230,-0.7501000,-0.9750000,9.7163000,40.5350000,82.1075000,57.8384000,-38.9950000,-10.2220000,8.4620000,0.000000,0,0,0
35.240,-0.7381000,-0.9774000,9.7342000,43.9529000,89.3707000,58.1741000,-38.8840000,-10.1550000,8.5350000,0.000000,0,0,0
35.250,-0.7477000,-0.9786000,9.7569000,47.0886000,98.6557000,57.7240000,-38.8430000,-10.1200000,8.5660000,0.000000,0,0,0
35.260,-0.8099000,-0.9869000,9.7713000,49.5758000,109.4055000,56.5491000,-38.5150000,-9.9060000,8.4130000,0.000000,0,0,0
35.270,-0.9463000,-1.0061000,9.7510000,51.2466000,120.2545000,54.9927000,-38.0970000,-10.2200000,8.8260000,0.000000,0,0,0
35.280,-1.1556000,-1.0372000,9.6804000,51.9943000,129.5853000,53.6804000,-38.0550000,-9.9180000,9.5340000,0.000000,0,0,0
35.290,-1.4056000,-1.0623000,9.5823000,51.8188000,136.2228000,53.1235000,-37.6390000,-9.9900000,9.7390000,0.000000,0,0,0
35.300,-1.6461000,-1.0575000,9.4842000,50.9491000,139.8010000,53.4210000,-37.5310000,-9.7300000,9.8130000,0.000000,0,0,0
35.310,-1.8554000,-1.0312000,9.4052000,49.5529000,140.8234000,54.2984000,-37.4400000,-9.8250000,9.9370000,0.000000,0,0,0
35.320,-2.0277000,-0.9989000,9.3741000,47.7905000,140.4495000,55.4276000,-36.8370000,-10.0040000,10.6380000,0.000000,0,0,0
35.330,-2.1796000,-0.9750000,9.4064000,45.8374000,140.1215000,56.4117000,-36.6390000,-10.0220000,11.2390000,0.000000,0,0,0
35.340,-2.3483000,-0.9606000,9.4399000,43.8843000,140.6326000,56.9611000,-36.6980000,-9.8070000,10.8250000,0.000000,0,0,0
35.350,-2.5708000,-0.9881000,9.4363000,41.8091000,142.5705000,57.0831000,-35.7940000,-10.0420000,11.7890000,0.000000,0,0,0
35.360,-2.8400000,-1.0599000,9.3418000,39.1388000,146.1792000,57.1442000,-35.6650000,-10.0350000,11.7730000,0.000000,0,0,0
35.370,-3.1522000,-1.1783000,9.1660000,35.4767000,151.0315000,57.6553000,-35.1770000,-10.2130000,11.6670000,0.000000,0,0,0
35.380,-3.5195000,-1.3159000,8.9805000,30.8456000,156.7688000,58.8303000,-34.8530000,-10.5280000,11.6420000,0.000000,0,0,0
35.390,-3.8855000,-1.4056000,8.9136000,25.5814000,163.2919000,60.7300000,-34.4530000,-10.2630000,12.0350000,0.000000,0,0,0
35.400,-4.1978000,-1.4308000,9.1564000,20.7748000,170.5017000,63.1561000,-33.6340000,-10.7060000,12.6990000,0.000000,0,0,0
35.410,-4.4478000,-1.3925000,9.7258000,18.7454000,177.3453000,66.0477000,-33.2250000,-11.0060000,13.8910000,0.000000,0,0,0
35.420,-4.6452000,-1.3363000,10.3850000,21.5836000,181.9534000,69.3817000,-32.7180000,-11.0150000,13.7670000,0.000000,0,0,0
35.430,-4.7612000,-1.3135000,10.8587000,29.5181000,183.0444000,73.0133000,-32.1200000,-10.8740000,14.7390000,0.000000,0,0,0
35.440,-4.7541000,-1.3470000,10.9819000,40.5273000,181.4651000,76.4847000,-31.6480000,-10.8960000,15.2110000,0.000000,0,0,0
35.450,-4.6930000,-1.3721000,10.7271000,51.2314000,179.6494000,79.1092000,-31.1210000,-10.8770000,15.1900000,0.000000,0,0,0
35.460,-4.6308000,-1.4056000,10.2474000,58.5632000,180.4657000,80.1620000,-30.2980000,-11.0360000,15.5790000,0.000000,0,0,0
35.470,-4.4466000,-1.3865000,9.7498000,61.3022000,186.2183000,79.4525000,-29.7940000,-11.0900000,16.0350000,0.000000,0,0,0
35.480,-4.3413000,-1.4021000,9.2533000,60.7147000,195.2438000,76.9119000,-29.2760000,-10.9440000,16.2160000,0.000000,0,0,0
35.490,-4.4323000,-1.4738000,8.8119000,58.9218000,203.6438000,73.9594000,-28.7020000,-11.1290000,16.0900000,0.000000,0,0,0
35.500,-4.7086000,-1.5336000,8.4793000,57.1747000,208.0307000,72.2961000,-27.6130000,-11.2580000,15.6570000,0.000000,0,0,0
35.510,-5.0148000,-1.4846000,8.2699000,55.5649000,207.3288000,72.6471000,-27.5230000,-11.2400000,16.5510000,0.000000,0,0,0
35.520,-5.2517000,-1.3398000,8.1814000,53.7415000,202.6138000,73.5474000,-26.8030000,-11.2780000,16.5650000,0.000000,0,0,0
35.530,-5.4491000,-1.2202000,8.1874000,51.5366000,197.3267000,73.6847000,-26.4480000,-11.4400000,16.5250000,0.000000,0,0,0
35.540,-5.6584000,-1.1783000,8.1671000,49.7437000,194.1299000,72.7921000,-25.4460000,-11.5410000,16.8930000,0.000000,0,0,0
35.550,-5.9850000,-1.2334000,8.0486000,49.5300000,193.7943000,71.2814000,-25.0530000,-11.2970000,17.4430000,0.000000,0,0,0
35.560,-6.4408000,-1.3267000,7.8536000,51.1856000,196.2967000,70.0378000,-23.9440000,-11.4700000,18.0780000,0.000000,0,0,0
35.570,-6.9193000,-1.4188000,7.6263000,53.9017000,201.5991000,69.5343000,-23.2780000,-11.5920000,18.1950000,0.000000,0,0,0
35.580,-7.3632000,-1.5061000,7.4026000,56.6330000,208.8623000,69.8624000,-22.3080000,-11.3510000,17.7040000,0.000000,0,0,0
35.590,-7.7460000,-1.5540000,7.1945000,58.9066000,215.9424000,70.8771000,-21.8410000,-11.6010000,18.3590000,0.000000,0,0,0
35.600,-8.1001000,-1.5528000,6.9899000,60.6003000,220.0317000,72.6395000,-21.3790000,-11.5390000,18.5620000,0.000000,0,0,0
35.610,-8.4554000,-1.4990000,6.7997000,61.8744000,219.1315000,75.5157000,-20.4240000,-11.3280000,18.4480000,0.000000,0,0,0
35.620,-8.7700000,-1.3997000,6.6861000,63.0798000,213.4018000,79.5517000,-20.0890000,-11.3720000,18.5420000,0.000000,0,0,0
35.630,-8.9530000,-1.2764000,6.6837000,64.7507000,205.0476000,83.9615000,-19.3390000,-11.0650000,18.8610000,0.000000,0,0,0
35.640,-8.9399000,-1.1448000,6.7243000,67.3981000,197.0978000,87.3337000,-18.4610000,-11.1970000,18.4730000,0.000000,0,0,0
35.650,-8.7951000,-1.0384000,6.6717000,71.0449000,191.9174000,88.4857000,-17.8400000,-10.9180000,18.1700000,0.000000,0,0,0
35.660,-8.6528000,-0.9654000,6.4564000,74.9817000,190.0101000,87.2116000,-17.1310000,-10.6450000,18.3570000,0.000000,0,0,0
35.670,-8.6193000,-0.9343000,6.1035000,78.2547000,190.0101000,84.3277000,-16.4240000,-10.6820000,17.8950000,0.000000,0,0,0
35.680,-8.7532000,-0.9152000,5.6656000,80.0858000,189.2776000,81.2378000,-16.1750000,-10.6400000,17.5190000,0.000000,0,0,0
35.690,-9.0152000,-0.9008000,5.2409000,80.0858000,185.1807000,79.4678000,-15.8120000,-10.4990000,18.5130000,0.000000,0,0,0
35.700,-9.3669000,-0.8577000,4.8282000,77.2400000,172.4701000,80.4062000,-15.0980000,-10.0620000,18.5520000,0.000000,0,0,0
35.710,-9.4387000,-0.7872000,4.7289000,74.5621000,162.6663000,82.2220000,-14.7010000,-10.1240000,18.1460000,0.000000,0,0,0
35.720,-9.4076000,-0.7178000,4.7337000,72.3648000,154.6707000,83.6563000,-14.0740000,-10.1910000,18.4580000,0.000000,0,0,0
35.730,-9.3478000,-0.6711000,4.7720000,71.3654000,149.7726000,84.1827000,-13.6680000,-10.2080000,18.4420000,0.000000,0,0,0
35.740,-9.3059000,-0.6615000,4.7672000,71.8536000,147.3770000,83.8852000,-12.8490000,-9.9960000,18.9340000,0.000000,0,0,0
35.750,-9.3119000,-0.6711000,4.6775000,73.5321000,146.0037000,83.0612000,-12.6860000,-9.9610000,18.0560000,0.000000,0,0,0
35.760,-9.3717000,-0.6723000,4.5208000,75.6149000,144.1574000,82.0847000,-12.5060000,-9.6940000,18.1460000,0.000000,0,0,0
35.770,-9.4818000,-0.6304000,4.3653000,77.2629000,141.0294000,81.2759000,-12.0660000,-9.9060000,18.4890000,0.000000,0,0,0
35.780,-9.6206000,-0.5276000,4.2660000,77.8809000,136.3678000,80.8487000,-11.6190000,-9.5150000,17.5190000,0.000000,0,0,0
35.790,-9.7222000,-0.4020000,4.2564000,77.4155000,130.6152000,80.9631000,-11.5740000,-9.2690000,17.8430000,0.000000,0,0,0
35.800,-9.7665000,-0.2811000,4.2971000,76.5305000,124.7482000,81.5735000,-10.9860000,-9.3320000,18.1350000,0.000000,0,0,0
35.810,-9.7486000,-0.1663000,4.3162000,76.1108000,119.3924000,82.3517000,-10.6930000,-8.7860000,18.0210000,0.000000,0,0,0
35.820,-9.6899000,-0.0670000,4.2588000,76.5839000,114.8224000,82.9315000,-10.3410000,-8.9790000,17.7570000,0.000000,0,0,0
35.830,-9.6158000,0.0000000,4.0841000,77.9190000,110.9314000,82.9849000,-10.1670000,-8.4600000,17.1770000,0.000000,0,0,0
35.840,-9.5572000,0.0395000,3.8162000,79.5593000,107.1854000,82.1991000,-10.1330000,-8.4470000,18.2750000,0.000000,0,0,0
35.850,-9.5452000,0.0443000,3.5123000,80.5588000,103.0426000,80.4749000,-10.2660000,-8.4160000,17.6550000,0.000000,0,0,0
35.860,-9.5691000,0.0203000,3.2431000,80.2460000,98.4116000,78.0411000,-10.0650000,-8.4360000,18.0750000,0.000000,0,0,0
35.870,-9.6182000,-0.0132000,3.0577000,78.5828000,93.2465000,75.3174000,-9.6680000,-8.1520000,18.2150000,0.000000,0,0,0
35.880,-9.7139000,-0.0502000,2.9752000,76.2100000,87.3032000,72.9218000,-9.6530000,-8.2020000,18.2330000,0.000000,0,0,0
35.890,-9.8251000,-0.0790000,2.9632000,73.9136000,80.7571000,71.3272000,-9.2090000,-8.2740000,18.0160000,0.000000,0,0,0
35.900,-9.8921000,-0.0909000,2.9835000,72.3190000,74.3561000,70.3735000,-9.5840000,-8.3190000,18.1710000,0.000000,0,0,0
35.910,-9.9065000,-0.0778000,2.9895000,71.6095000,68.5806000,69.3283000,-9.3390000,-7.8220000,17.5030000,0.000000,0,0,0
35.920,-9.9220000,-0.0586000,2.9166000,71.4493000,63.4232000,67.7261000,-9.5790000,-7.6900000,18.0390000,0.000000,0,0,0
35.930,-9.9998000,-0.0538000,2.7371000,71.1365000,58.2733000,65.7349000,-9.4110000,-7.6500000,18.0740000,0.000000,0,0,0
35.940,-10.1254000,-0.0574000,2.4871000,69.8166000,52.3148000,63.7436000,-9.3050000,-7.8600000,17.9710000,0.000000,0,0,0
35.950,-10.2570000,-0.0682000,2.2574000,66.8869000,44.6625000,62.2177000,-9.7810000,-8.0210000,18.2070000,0.000000,0,0,0
35.960,-10.3551000,-0.0778000,2.1270000,62.3474000,34.8740000,61.4548000,-9.8560000,-8.2270000,18.5290000,0.000000,0,0,0
35.970,-10.3946000,-0.0658000,2.1509000,56.7398000,23.1094000,61.3480000,-10.3340000,-8.2030000,17.8210000,0.000000,0,0,0
35.980,-10.3431000,-0.0251000,2.3387000,50.8881000,9.7198000,61.5005000,-10.6280000,-8.4050000,18.1340000,0.000000,0,0,0
35.990,-10.2031000,0.0431000,2.6546000,45.5627000,-4.0512000,61.4090000,-10.7810000,-8.3430000,18.6270000,0.000000,0,0,0
36.000,-10.0464000,0.1376000,3.0278000,41.2140000,-15.7776000,60.5011000,-11.2270000,-8.6680000,18.5170000,0.000000,0,0,0
36.010,-9.8993000,0.2237000,3.3879000,38.0707000,-22.9340000,58.6472000,-11.7350000,-8.5890000,18.6030000,0.000000,0,0,0
36.020,-9.8167000,0.2692000,3.6630000,36.4151000,-24.5972000,56.0989000,-11.7310000,-8.7730000,18.7310000,0.000000,0,0,0
36.030,-9.8419000,0.2560000,3.8209000,36.2625000,-21.9650000,53.6041000,-12.2960000,-8.9950000,18.8400000,0.000000,0,0,0
36.040,-9.9782000,0.2058000,3.8772000,37.1017000,-17.7231000,52.1011000,-12.5190000,-8.9020000,18.9790000,0.000000,0,0,0
36.050,-10.1505000,0.1579000,3.8915000,38.0020000,-15.0223000,52.2614000,-12.8340000,-8.8300000,18.8560000,0.000000,0,0,0
36.060,-10.2725000,0.1029000,3.9406000,38.0402000,-16.1514000,54.1763000,-13.3470000,-9.1010000,18.6190000,0.000000,0,0,0
36.070,-10.2977000,0.0024000,4.0734000,36.8347000,-21.6675000,57.4188000,-13.4870000,-9.3860000,18.2500000,0.000000,0,0,0
36.080,-10.2055000,-0.1041000,4.2851000,34.5917000,-30.4565000,60.8521000,-14.0500000,-9.4480000,18.8410000,0.000000,0,0,0
36.090,-10.0213000,-0.2213000,4.5459000,31.7764000,-40.2374000,63.0341000,-14.6140000,-9.7620000,18.7550000,0.000000,0,0,0
36.100,-9.8036000,-0.3565000,4.8067000,28.9001000,-48.3398000,63.1256000,-15.2890000,-9.9090000,19.1070000,0.000000,0,0,0
36.110,-9.6182000,-0.4761000,5.0077000,26.5121000,-53.2150000,61.2793000,-15.3100000,-9.7710000,19.1920000,0.000000,0,0,0
36.120,-9.5153000,-0.5539000,5.1464000,25.0244000,-55.2597000,58.4106000,-16.0310000,-10.0500000,18.9110000,0.000000,0,0,0
36.130,-9.4842000,-0.5551000,5.2900000,24.4217000,-56.1676000,55.7098000,-16.5980000,-9.9220000,19.0660000,0.000000,0,0,0
36.140,-9.4555000,-0.4582000,5.5269000,24.6506000,-57.5256000,54.0771000,-17.7360000,-10.0800000,19.1990000,0.000000,0,0,0
36.150,-9.3849000,-0.3266000,5.9109000,26.0315000,-59.6848000,53.8406000,-18.0810000,-10.2620000,18.7600000,0.000000,0,0,0
36.160,-9.2031000,-0.1794000,6.3308000,29.2053000,-62.5153000,54.8248000,-18.2660000,-10.2610000,18.9720000,0.000000,0,0,0
36.170,-8.9853000,-0.1029000,6.6992000,34.4925000,-66.5436000,55.9158000,-19.2520000,-10.2950000,18.7630000,0.000000,0,0,0
36.180,-8.7879000,-0.1603000,6.9636000,41.3437000,-70.6329000,56.7551000,-19.7470000,-9.7780000,18.6470000,0.000000,0,0,0
36.190,-8.6001000,-0.2967000,7.0844000,48.7747000,-73.8983000,57.2510000,-20.2920000,-9.8070000,18.9180000,0.000000,0,0,0
36.200,-8.4087000,-0.4390000,7.0653000,55.8701000,-76.4771000,57.2662000,-20.7240000,-9.9540000,18.9860000,0.000000,0,0,0
36.210,-8.2113000,-0.5300000,6.9277000,61.7752000,-78.7048000,56.9000000,-21.4760000,-9.8900000,18.8130000,0.000000,0,0,0
36.220,-8.0139000,-0.5443000,6.7076000,65.7883000,-81.1234000,56.5033000,-21.8930000,-9.8120000,18.2830000,0.000000,0,0,0
36.230,-7.8022000,-0.4594000,6.4827000,67.5278000,-84.1522000,56.4728000,-22.6660000,-9.7760000,17.9090000,0.000000,0,0,0
36.240,-7.5402000,-0.2751000,6.3571000,67.2455000,-88.1805000,56.8161000,-23.5200000,-10.0380000,18.1000000,0.000000,0,0,0
36.250,-7.2567000,-0.0790000,6.4061000,65.7425000,-93.0328000,57.2662000,-24.5080000,-9.7930000,17.6250000,0.000000,0,0,0
36.260,-6.9995000,-0.0024000,6.5820000,64.2395000,-97.7554000,57.7316000,-25.2150000,-9.8200000,17.1360000,0.000000,0,0,0
36.270,-6.7626000,-0.0263000,6.7782000,63.8580000,-101.6998000,58.0215000,-25.6800000,-9.3020000,17.8190000,0.000000,0,0,0
36.280,-6.5078000,-0.1818000,6.9684000,64.9109000,-104.3625000,58.3420000,-26.0810000,-9.5180000,17.4440000,0.000000,0,0,0
36.290,-6.3894000,-0.3039000,7.0246000,65.0482000,-103.8895000,58.7540000,-26.8350000,-9.2920000,16.7440000,0.000000,0,0,0
36.300,-6.2291000,-0.3816000,7.0916000,63.5757000,-102.0889000,59.2041000,-27.4370000,-9.5350000,16.6050000,0.000000,0,0,0
36.310,-5.9791000,-0.3673000,7.2052000,60.2875000,-99.4415000,59.2880000,-28.3100000,-9.5130000,16.2720000,0.000000,0,0,0
36.320,-5.6441000,-0.2548000,7.3632000,55.8472000,-97.2672000,58.6929000,-28.9390000,-9.6420000,16.2120000,0.000000,0,0,0
36.330,-5.2768000,-0.0945000,7.6000000,51.4984000,-96.9772000,57.3730000,-29.6690000,-9.3980000,15.2030000,0.000000,0,0,0
36.340,-4.9227000,0.0969000,7.9087000,48.3856000,-98.7396000,55.3894000,-30.0730000,-10.0480000,14.8750000,0.000000,0,0,0
36.350,-4.5902000,0.2189000,8.2388000,47.1649000,-101.7685000,52.6886000,-30.9500000,-9.6780000,14.7410000,0.000000,0,0,0
36.360,-4.4215000,0.1077000,8.5044000,47.9813000,-104.1260000,49.6750000,-31.3210000,-9.8780000,14.8880000,0.000000,0,0,0
36.370,-4.4945000,-0.1471000,8.6563000,50.6897000,-104.0497000,47.3862000,-32.0850000,-9.8470000,13.6940000,0.000000,0,0,0
36.380,-4.6775000,-0.4450000,8.6767000,54.1306000,-100.1282000,46.3562000,-32.6340000,-9.9460000,13.9100000,0.000000,0,0,0
36.390,-4.7959000,-0.6843000,8.5882000,56.3507000,-92.3843000,46.4706000,-33.5170000,-9.7610000,13.0430000,0.000000,0,0,0
36.400,-4.7541000,-0.7872000,8.5032000,55.8472000,-82.2067000,47.2412000,-33.5470000,-9.9070000,13.6570000,0.000000,0,0,0
36.410,-4.5411000,-0.7584000,8.5176000,52.5360000,-71.2280000,48.1949000,-33.9470000,-9.7690000,12.8930000,0.000000,0,0,0
36.420,-4.1918000,-0.6412000,8.6659000,47.8668000,-60.7758000,49.0646000,-34.2690000,-9.9050000,12.6310000,0.000000,0,0,0
36.430,-3.7587000,-0.5072000,8.9423000,44.1818000,-51.8875000,49.6597000,-34.6090000,-9.9670000,12.7370000,0.000000,0,0,0
36.440,-3.3568000,-0.4534000,9.2569000,43.6325000,-45.7077000,49.8123000,-34.9400000,-9.7670000,12.9610000,0.000000,0,0,0
36.450,-3.0996000,-0.5120000,9.5045000,47.2336000,-42.2440000,49.7513000,-35.2130000,-9.8040000,12.5430000,0.000000,0,0,0
36.460,-2.9883000,-0.6328000,9.5918000,53.9398000,-40.0543000,49.7513000,-35.8280000,-10.0340000,11.9090000,0.000000,0,0,0
36.470,-2.9728000,-0.7549000,9.5057000,60.8978000,-37.5061000,49.7284000,-35.9480000,-9.7450000,11.4440000,0.000000,0,0,0
36.480,-3.0015000,-0.8410000,9.3323000,65.1398000,-33.4549000,49.5987000,-36.4130000,-9.4850000,11.3010000,0.000000,0,0,0
36.490,-3.0182000,-0.8721000,9.2054000,65.3458000,-27.8625000,49.4766000,-36.7110000,-9.4110000,11.3080000,0.000000,0,0,0
36.500,-2.9823000,-0.8506000,9.2246000,62.3474000,-21.4539000,49.4690000,-36.8370000,-9.4790000,11.0930000,0.000000,0,0,0
36.510,-2.8819000,-0.7728000,9.4052000,58.1207000,-14.9460000,49.6674000,-36.6620000,-9.5620000,11.1690000,0.000000,0,0,0
36.520,-2.7467000,-0.6496000,9.6923000,54.6417000,-8.9035000,50.0717000,-36.9310000,-9.4870000,10.4230000,0.000000,0,0,0
36.530,-2.6211000,-0.5264000,9.9771000,53.0701000,-3.2806000,50.6744000,-37.2610000,-9.5600000,9.8920000,0.000000,0,0,0
36.540,-2.5302000,-0.4558000,10.1397000,53.5965000,2.2049000,51.5671000,-37.4650000,-9.4990000,10.3170000,0.000000,0,0,0
36.550,-2.4596000,-0.4534000,10.1350000,55.5573000,7.6904000,52.7573000,-37.3440000,-9.5860000,10.4420000,0.000000,0,0,0
36.560,-2.3902000,-0.5096000,9.9950000,57.8690000,13.3209000,54.1000000,-37.3510000,-9.6850000,10.0240000,0.000000,0,0,0
36.570,-2.3100000,-0.5862000,9.8000000,59.5627000,19.2795000,55.3970000,-37.6800000,-9.7590000,9.4460000,0.000000,0,0,0
36.580,-2.2060000,-0.6508000,9.6373000,60.0586000,25.7034000,56.3583000,-37.5150000,-9.6570000,8.9820000,0.000000,0,0,0
36.590,-2.0732000,-0.6807000,9.5739000,59.3262000,32.6691000,56.8161000,-37.4590000,-9.6940000,9.5910000,0.000000,0,0,0
36.600,-1.9452000,-0.6675000,9.6313000,57.8766000,39.5203000,56.7856000,-37.6050000,-9.7910000,9.8880000,0.000000,0,0,0
36.610,-1.8590000,-0.6197000,9.7809000,56.3736000,45.0287000,56.5338000,-37.6240000,-9.5010000,9.9400000,0.000000,0,0,0
36.620,-1.8160000,-0.5599000,9.9603000,55.4886000,48.3551000,56.4270000,-37.7310000,-9.5010000,9.0790000,0.000000,0,0,0
36.630,-1.8040000,-0.5180000,10.0955000,55.6259000,49.5071000,56.5948000,-38.0240000,-9.6220000,10.0680000,0.000000,0,0,0
36.640,-1.8136000,-0.5012000,10.1338000,56.6254000,49.1943000,56.9916000,-37.9430000,-9.5480000,9.2550000,0.000000,0,0,0
36.650,-1.8315000,-0.4953000,10.0668000,57.8918000,48.2712000,57.4951000,-38.0090000,-9.7150000,9.9760000,0.000000,0,0,0
36.660,-1.8375000,-0.5036000,9.9483000,58.7997000,47.5159000,57.9529000,-37.9110000,-9.3500000,9.5980000,0.000000,0,0,0
36.670,-1.8243000,-0.5228000,9.8299000,59.0363000,47.5540000,58.2809000,-37.9160000,-9.8010000,9.5680000,0.000000,0,0,0
36.680,-1.7932000,-0.5455000,9.7474000,58.7616000,48.4390000,58.4641000,-38.1510000,-9.9800000,9.7140000,0.000000,0,0,0
36.690,-1.7478000,-0.5551000,9.7031000,58.2352000,50.0107000,58.5480000,-38.0620000,-9.5730000,9.7710000,0.000000,0,0,0
36.700,-1.7131000,-0.5539000,9.6875000,57.5790000,52.1774000,58.4564000,-37.9780000,-9.7270000,9.4850000,0.000000,0,0,0
36.710,-1.7143000,-0.5455000,9.6947000,56.9000000,54.6036000,58.2428000,-37.9550000,-9.8550000,9.9990000,0.000000,0,0,0
36.720,-1.7526000,-0.5359000,9.7175000,56.4041000,56.6254000,58.1207000,-37.9910000,-9.9340000,10.1570000,0.000000,0,0,0
36.730,-1.8148000,-0.5180000,9.7486000,56.2897000,57.3883000,58.3115000,-37.9590000,-9.8520000,9.9140000,0.000000,0,0,0
36.740,-1.8806000,-0.4893000,9.7892000,56.6483000,56.5262000,58.9371000,-38.0010000,-10.0300000,9.9000000,0.000000,0,0,0
36.750,-1.9308000,-0.4546000,9.8359000,57.6324000,54.4586000,59.9442000,-37.7580000,-9.6640000,9.6510000,0.000000,0,0,0
36.760,-1.9715000,-0.4366000,9.8490000,59.6390000,51.8417000,61.2030000,-37.7530000,-9.6080000,9.3680000,0.000000,0,0,0
36.770,-1.9811000,-0.4319000,9.8179000,62.8662000,49.4080000,62.5076000,-38.0270000,-9.6750000,10.3590000,0.000000,0,0,0
36.780,-1.9547000,-0.4295000,9.7306000,67.0319000,47.6608000,63.6673000,-37.6500000,-9.2670000,10.1940000,0.000000,0,0,0
36.790,-1.9212000,-0.4474000,9.5835000,71.5027000,46.7072000,64.6591000,-37.7860000,-9.6930000,10.0310000,0.000000,0,0,0
36.800,-1.8889000,-0.4833000,9.4088000,75.4318000,46.2036000,65.4831000,-37.6080000,-9.4770000,9.7730000,0.000000,0,0,0
36.810,-1.8614000,-0.5060000,9.2401000,78.0411000,46.1121000,66.0248000,-37.8150000,-9.4340000,10.2710000,0.000000,0,0,0
36.820,-1.8578000,-0.4953000,9.1169000,78.7430000,46.4706000,66.2231000,-37.7530000,-9.5660000,10.5010000,0.000000,0,0,0
36.830,-1.8686000,-0.4510000,9.0667000,77.5223000,47.2794000,66.1545000,-37.6880000,-9.3850000,10.0070000,0.000000,0,0,0
36.840,-1.8818000,-0.3864000,9.0978000,74.9207000,48.3551000,66.0248000,-37.6040000,-9.3350000,9.9200000,0.000000,0,0,0
36.850,-1.8889000,-0.3134000,9.1791000,71.8079000,49.1867000,66.0172000,-37.8720000,-9.4200000,10.6490000,0.000000,0,0,0
36.860,-1.8698000,-0.2620000,9.3071000,67.6727000,49.2935000,66.1926000,-37.9000000,-9.1810000,10.4650000,0.000000,0,0,0
36.870,-1.8459000,-0.2704000,9.3215000,65.5289000,48.9197000,66.1774000,-37.6580000,-9.4200000,10.2610000,0.000000,0,0,0
36.880,-1.8112000,-0.2883000,9.2820000,63.4766000,48.4924000,65.8112000,-37.9170000,-9.2840000,10.0620000,0.000000,0,0,0
36.890,-1.7741000,-0.3182000,9.2282000,61.0657000,48.1720000,65.0253000,-37.9170000,-9.4140000,9.8590000,0.000000,0,0,0
36.900,-1.7322000,-0.3565000,9.1983000,58.1741000,48.0499000,63.8580000,-37.6300000,-9.4050000,9.9000000,0.000000,0,0,0
36.910,-1.6975000,-0.3744000,9.2174000,54.9011000,47.9889000,62.5076000,-37.8940000,-9.6280000,9.5070000,0.000000,0,0,0
36.920,-1.7023000,-0.3661000,9.2868000,51.4755000,47.5235000,61.3022000,-37.7130000,-9.3020000,9.4050000,0.000000,0,0,0
36.930,-1.7370000,-0.3362000,9.4028000,48.2635000,46.1578000,60.5240000,-37.9160000,-9.7650000,9.9490000,0.000000,0,0,0
36.940,-1.7825000,-0.2943000,9.5464000,45.6619000,43.8995000,60.3027000,-37.8170000,-9.8170000,10.2370000,0.000000,0,0,0
36.950,-1.8148000,-0.2560000,9.6864000,43.9682000,41.2064000,60.5011000,-37.9110000,-9.9400000,9.3570000,0.000000,0,0,0
36.960,-1.8267000,-0.2345000,9.7916000,43.1824000,38.5590000,60.8597000,-38.3900000,-10.0750000,9.2360000,0.000000,0,0,0
36.970,-1.8124000,-0.2273000,9.8514000,43.0679000,36.1710000,61.1115000,-38.1600000,-10.3120000,9.4580000,0.000000,0,0,0
36.980,-1.7801000,-0.2476000,9.8718000,43.3350000,34.1644000,61.2106000,-38.1440000,-10.4980000,9.3470000,0.000000,0,0,0
36.990,-1.7597000,-0.2991000,9.8778000,43.8919000,32.5241000,61.4624000,-38.3940000,-9.9510000,9.0930000,0.000000,0,0,0
37.000,-1.7562000,-0.3481000,9.8885000,44.8914000,31.0364000,62.1872000,-38.3920000,-10.6240000,9.3580000,0.000000,0,0,0
37.010,-1.7346000,-0.3840000,9.9041000,46.4859000,29.4571000,63.4537000,-38.4950000,-10.5400000,9.4610000,0.000000,0,0,0
37.020,-1.6569000,-0.4067000,9.9041000,48.5611000,27.7100000,64.8804000,-38.6620000,-10.6440000,8.7360000,0.000000,0,0,0
37.030,-1.5360000,-0.4378000,9.8706000,50.8728000,25.9628000,66.1240000,-38.5530000,-10.6350000,8.0480000,0.000000,0,0,0
37.040,-1.3949000,-0.4773000,9.7940000,52.9938000,24.5285000,66.8182000,-38.5160000,-10.7420000,8.2000000,0.000000,0,0,0
37.050,-1.2585000,-0.5120000,9.6995000,54.3594000,23.8037000,66.7725000,-38.5230000,-10.8350000,7.8540000,0.000000,0,0,0
37.060,-1.1341000,-0.5323000,9.6253000,54.5959000,24.0402000,66.0019000,-38.7230000,-10.7560000,7.8140000,0.000000,0,0,0
37.070,-1.0360000,-0.5383000,9.6062000,53.7415000,25.1694000,64.6439000,-38.9310000,-10.6910000,8.2400000,0.000000,0,0,0
37.080,-0.9810000,-0.5371000,9.6529000,52.3682000,26.6495000,62.9959000,-38.7360000,-10.8480000,8.4050000,0.000000,0,0,0
37.090,-0.9726000,-0.5371000,9.7270000,51.2161000,27.6489000,61.5158000,-39.4210000,-10.5580000,7.6740000,0.000000,0,0,0
37.100,-0.9833000,-0.5515000,9.8012000,50.7126000,27.5726000,60.6613000,-39.1450000,-11.0430000,7.7770000,0.000000,0,0,0
37.110,-0.9917000,-0.5742000,9.8359000,50.8804000,26.4435000,60.6689000,-39.3430000,-11.0480000,8.3790000,0.000000,0,0,0
37.120,-0.9750000,-0.6029000,9.7976000,51.4145000,24.8337000,61.2946000,-39.4600000,-10.9070000,8.4770000,0.000000,0,0,0
37.130,-0.9367000,-0.6316000,9.6875000,51.8036000,23.7198000,62.0499000,-39.4990000,-10.8370000,7.6540000,0.000000,0,0,0
37.140,-0.8757000,-0.6496000,9.5560000,51.6205000,23.8190000,62.5610000,-39.6990000,-10.9950000,7.5670000,0.000000,0,0,0
37.150,-0.7943000,-0.6580000,9.4794000,50.8194000,25.3448000,62.5458000,-39.5280000,-10.9460000,7.4370000,0.000000,0,0,0
37.160,-0.7058000,-0.6627000,9.5009000,49.6826000,28.1219000,61.7905000,-39.5750000,-11.2160000,7.5990000,0.000000,0,0,0
37.170,-0.6388000,-0.6771000,9.5966000,48.7671000,31.6162000,60.3790000,-39.7500000,-10.7310000,7.7100000,0.000000,0,0,0
37.180,-0.6245000,-0.7082000,9.7175000,48.5992000,35.0418000,58.7997000,-39.7070000,-10.9810000,7.1300000,0.000000,0,0,0
37.190,-0.6460000,-0.7453000,9.8239000,49.4385000,37.7350000,57.5027000,-39.6150000,-11.2850000,7.8540000,0.000000,0,0,0
37.200,-0.6735000,-0.7752000,9.9029000,51.2314000,39.3066000,56.7398000,-39.8950000,-11.1780000,7.6550000,0.000000,0,0,0
37.210,-0.7022000,-0.7884000,9.9412000,53.6270000,39.9399000,56.4651000,-39.6450000,-11.2130000,8.0900000,0.000000,0,0,0
37.220,-0.7118000,-0.7884000,9.9268000,56.1066000,39.9475000,56.5567000,-39.8550000,-11.1090000,7.9160000,0.000000,0,0,0
37.230,-0.7070000,-0.8063000,9.8622000,58.1131000,39.9094000,56.9611000,-39.6160000,-11.2200000,7.5930000,0.000000,0,0,0
37.240,-0.7238000,-0.8637000,9.7294000,59.3185000,40.3290000,57.7011000,-39.6250000,-10.8850000,7.5130000,0.000000,0,0,0
37.250,-0.7525000,-0.9235000,9.5667000,59.6313000,41.4124000,58.6548000,-39.9060000,-11.4260000,7.7450000,0.000000,0,0,0
37.260,-0.7776000,-0.9594000,9.4674000,59.1812000,43.0374000,59.7687000,-39.7950000,-11.2070000,7.2590000,0.000000,0,0,0
37.270,-0.7872000,-0.9546000,9.4902000,58.3267000,44.8761000,60.8063000,-39.7720000,-11.5860000,6.8730000,0.000000,0,0,0
37.280,-0.7680000,-0.8876000,9.6170000,57.3883000,46.5164000,61.6150000,-39.8480000,-11.3250000,7.5480000,0.000000,0,0,0
37.290,-0.7106000,-0.7800000,9.7809000,56.6101000,47.6303000,62.0804000,-39.7830000,-11.5830000,6.9530000,0.000000,0,0,0
37.300,-0.6364000,-0.6807000,9.8981000,56.1981000,48.0576000,62.1643000,-39.8720000,-11.5210000,6.8870000,0.000000,0,0,0
37.310,-0.5838000,-0.6257000,9.9101000,56.3431000,47.8592000,61.9431000,-40.0090000,-11.1910000,6.8970000,0.000000,0,0,0
37.320,-0.5467000,-0.6017000,9.8323000,56.9229000,47.2260000,61.6074000,-39.7040000,-11.1360000,6.9230000,0.000000,0,0,0
37.330,-0.4917000,-0.6053000,9.7222000,57.5027000,46.6690000,61.3022000,-39.7130000,-11.1670000,6.8820000,0.000000,0,0,0
37.340,-0.4091000,-0.6316000,9.6206000,57.6477000,46.6461000,60.8444000,-39.6760000,-11.2310000,6.9150000,0.000000,0,0,0
37.350,-0.3051000,-0.6711000,9.5404000,57.2662000,47.1420000,60.0204000,-39.7220000,-11.0900000,7.0010000,0.000000,0,0,0
37.360,-0.2225000,-0.7226000,9.4902000,56.5109000,48.0957000,58.8531000,-39.6010000,-11.2710000,6.5840000,0.000000,0,0,0
37.370,-0.1938000,-0.7716000,9.4603000,55.4962000,49.3393000,57.6477000,-39.5410000,-11.4920000,6.9860000,0.000000,0,0,0
37.380,-0.2046000,-0.8027000,9.4519000,54.1763000,50.8347000,56.7093000,-39.8270000,-11.3330000,7.6070000,0.000000,0,0,0
37.390,-0.2452000,-0.8027000,9.4650000,52.5208000,52.6886000,56.0303000,-39.8120000,-11.1240000,7.7060000,0.000000,0,0,0
37.400,-0.3397000,-0.7919000,9.4985000,50.6668000,54.9927000,55.7022000,-39.6490000,-11.3690000,7.6050000,0.000000,0,0,0
37.410,-0.4677000,-0.7860000,9.5153000,48.7823000,57.8232000,55.8929000,-39.7120000,-11.1810000,7.8510000,0.000000,0,0,0
37.420,-0.5670000,-0.7716000,9.5380000,46.0663000,62.5534000,56.9763000,-39.7020000,-11.0980000,7.4350000,0.000000,0,0,0
37.430,-0.5156000,-0.7596000,9.6289000,44.8456000,65.3458000,57.5943000,-39.7240000,-11.6890000,7.9800000,0.000000,0,0,0
37.440,-0.4091000,-0.7680000,9.7725000,44.7693000,67.3294000,57.5638000,-39.6600000,-11.4450000,7.8340000,0.000000,0,0,0
37.450,-0.3242000,-0.8159000,9.9101000,46.2112000,68.2449000,56.7398000,-39.7940000,-11.4800000,7.6370000,0.000000,0,0,0
37.460,-0.3170000,-0.8853000,9.9854000,48.9655000,68.0695000,55.4657000,-39.7930000,-11.3640000,7.7410000,0.000000,0,0,0
37.470,-0.3912000,-0.9379000,9.9938000,52.4826000,66.8564000,54.3442000,-39.8050000,-11.3900000,7.3200000,0.000000,0,0,0
37.480,-0.5276000,-0.9618000,9.9352000,56.1295000,64.9948000,53.8483000,-39.7320000,-11.2450000,7.5290000,0.000000,0,0,0
37.490,-0.6855000,-0.9510000,9.8179000,59.0591000,63.1332000,54.0237000,-39.6030000,-11.3590000,6.7410000,0.000000,0,0,0
37.500,-0.8147000,-0.9116000,9.6720000,60.4401000,61.9202000,54.7485000,-39.4180000,-11.2090000,7.3580000,0.000000,0,0,0
37.510,-0.8888000,-0.8530000,9.5583000,59.9518000,61.6989000,55.7175000,-39.5530000,-11.2660000,7.0930000,0.000000,0,0,0
37.520,-0.9271000,-0.7967000,9.5404000,58.2275000,62.4161000,56.5948000,-39.4790000,-11.2060000,7.0710000,0.000000,0,0,0
37.530,-0.9451000,-0.7584000,9.6361000,56.4880000,63.8809000,57.3273000,-39.4700000,-11.0960000,7.4660000,0.000000,0,0,0
37.540,-0.9355000,-0.7465000,9.7833000,55.7327000,65.5212000,57.9834000,-39.5750000,-11.0070000,8.0390000,0.000000,0,0,0
37.550,-0.9020000,-0.7537000,9.8993000,56.3278000,66.5894000,58.5938000,-39.4220000,-11.2710000,7.7120000,0.000000,0,0,0
37.560,-0.8625000,-0.7836000,9.9136000,57.8690000,66.6351000,59.1202000,-39.3300000,-11.3070000,7.5010000,0.000000,0,0,0
37.570,-0.8242000,-0.8302000,9.8263000,59.4864000,65.7272000,59.4864000,-39.3740000,-11.0790000,7.5910000,0.000000,0,0,0
37.580,-0.7967000,-0.8805000,9.6780000,60.2798000,64.3082000,59.6619000,-39.2770000,-11.1180000,7.6440000,0.000000,0,0,0
37.590,-0.7836000,-0.9116000,9.5296000,59.6466000,62.9349000,59.6313000,-39.3970000,-11.4180000,7.4930000,0.000000,0,0,0
37.600,-0.7824000,-0.9116000,9.4351000,57.5409000,61.8744000,59.3491000,-39.4670000,-11.2800000,7.9990000,0.000000,0,0,0
37.610,-0.8039000,-0.8900000,9.4232000,54.4662000,60.8444000,58.8913000,-39.6350000,-11.3190000,7.5180000,0.000000,0,0,0
37.620,-0.8362000,-0.8685000,9.4985000,51.3535000,59.5932000,58.4488000,-39.2810000,-11.3730000,7.6840000,0.000000,0,0,0
37.630,-0.8661000,-0.8649000,9.6158000,49.2172000,58.0139000,58.0750000,-39.4020000,-11.4740000,8.3700000,0.000000,0,0,0
37.640,-0.8876000,-0.8829000,9.7210000,48.5306000,56.0760000,57.8003000,-39.3960000,-11.3170000,7.8730000,0.000000,0,0,0
37.650,-0.9068000,-0.9104000,9.7833000,49.2096000,53.9398000,57.6630000,-39.4040000,-11.1160000,8.3550000,0.000000,0,0,0
37.660,-0.9283000,-0.9295000,9.8072000,50.6516000,51.9714000,57.7087000,-39.5550000,-11.3680000,8.0080000,0.000000,0,0,0
37.670,-0.9427000,-0.9295000,9.8167000,52.1393000,50.6363000,57.9071000,-39.5610000,-11.3740000,7.9620000,0.000000,0,0,0
37.680,-0.9439000,-0.9259000,9.8287000,53.4363000,50.1099000,58.1589000,-39.3190000,-11.7150000,7.4420000,0.000000,0,0,0
37.690,-0.9319000,-0.9295000,9.8455000,54.7333000,50.0793000,58.3115000,-39.5120000,-11.3900000,7.5660000,0.000000,0,0,0
37.700,-0.9008000,-0.9367000,9.8490000,56.1905000,50.2548000,58.1970000,-39.4240000,-11.2940000,8.0040000,0.000000,0,0,0
37.710,-0.8398000,-0.9415000,9.8144000,57.7164000,50.5829000,57.7545000,-39.3420000,-11.3120000,7.6330000,0.000000,0,0,0
37.720,-0.7943000,-0.9534000,9.7498000,58.9142000,51.2466000,56.9992000,-39.6490000,-11.5630000,7.7320000,0.000000,0,0,0
37.730,-0.8039000,-0.9845000,9.6768000,59.6085000,51.9867000,56.2668000,-39.4040000,-11.3100000,7.5430000,0.000000,0,0,0
37.740,-0.8386000,-1.0085000,9.6086000,59.8221000,52.4826000,55.9845000,-39.4570000,-11.1550000,8.1390000,0.000000,0,0,0
37.750,-0.8841000,-1.0085000,9.5619000,59.5932000,52.7420000,56.1829000,-39.5290000,-11.3940000,7.7650000,0.000000,0,0,0
37.760,-0.9439000,-0.9857000,9.5643000,59.2880000,52.9785000,56.5643000,-39.6690000,-11.3680000,7.7670000,0.000000,0,0,0
37.770,-1.0049000,-0.9427000,9.6182000,59.5474000,53.2761000,56.9229000,-39.6180000,-11.2730000,7.9460000,0.000000,0,0,0
37.780,-1.0432000,-0.8912000,9.6947000,60.7529000,53.5278000,57.3730000,-39.4620000,-11.3610000,8.1600000,0.000000,0,0,0
37.790,-1.0491000,-0.8518000,9.7677000,62.8433000,53.5049000,57.9605000,-39.6200000,-10.9380000,8.0740000,0.000000,0,0,0
37.800,-1.0228000,-0.8398000,9.8179000,65.4984000,53.2837000,58.5022000,-39.6160000,-11.3720000,8.1060000,0.000000,0,0,0
37.810,-0.9798000,-0.8530000,9.8215000,68.0084000,52.8336000,58.9218000,-39.6370000,-11.4730000,7.8520000,0.000000,0,0,0
37.820,-0.9307000,-0.8769000,9.7892000,69.5267000,52.2919000,59.3567000,-39.7330000,-11.1800000,8.0060000,0.000000,0,0,0
37.830,-0.8960000,-0.8912000,9.7366000,69.4351000,51.9104000,59.7610000,-39.7460000,-11.2940000,8.8440000,0.000000,0,0,0
37.840,-0.8829000,-0.8829000,9.7043000,67.7109000,52.0096000,59.9136000,-39.8750000,-11.5820000,8.2520000,0.000000,0,0,0
37.850,-0.8769000,-0.8446000,9.7390000,65.0024000,52.8259000,59.8221000,-39.7060000,-11.3320000,8.6670000,0.000000,0,0,0
37.860,-0.8793000,-0.7860000,9.8467000,62.4771000,54.0848000,59.5474000,-39.4160000,-11.4010000,7.7360000,0.000000,0,0,0
37.870,-0.8829000,-0.7309000,9.9866000,61.2183000,55.3131000,59.3109000,-39.2730000,-11.2730000,8.1680000,0.000000,0,0,0
37.880,-0.8805000,-0.6771000,10.0692000,61.7142000,56.1295000,59.3338000,-39.3210000,-11.4070000,7.2570000,0.000000,0,0,0
37.890,-0.8769000,-0.6424000,10.0405000,63.5071000,56.3431000,59.5932000,-39.3700000,-11.2540000,7.6250000,0.000000,0,0,0
37.900,-0.8865000,-0.6436000,9.8993000,65.7120000,56.0226000,59.9365000,-39.3320000,-11.2520000,7.7580000,0.000000,0,0,0
37.910,-0.8936000,-0.6735000,9.6911000,67.4438000,55.2368000,60.2951000,-39.5200000,-11.1250000,7.4140000,0.000000,0,0,0
37.920,-0.9044000,-0.7261000,9.4854000,68.0771000,54.0848000,60.6232000,-39.3840000,-11.1180000,7.8660000,0.000000,0,0,0
37.930,-0.9211000,-0.7752000,9.3622000,67.4438000,52.7420000,60.9436000,-39.1990000,-11.1330000,7.7880000,0.000000,0,0,0
37.940,-0.9439000,-0.7979000,9.3490000,65.8646000,51.5518000,61.3708000,-39.4900000,-11.4480000,7.3810000,0.000000,0,0,0
37.950,-0.9857000,-0.8003000,9.4172000,63.8580000,50.6897000,61.8210000,-39.5160000,-11.2150000,7.7430000,0.000000,0,0,0
37.960,-1.0396000,-0.7955000,9.5093000,61.9507000,50.1556000,62.3016000,-39.3800000,-11.2430000,7.6230000,0.000000,0,0,0
37.970,-1.0791000,-0.7991000,9.5763000,60.5392000,49.7589000,62.8815000,-39.4680000,-11.2600000,7.3080000,0.000000,0,0,0
37.980,-1.0551000,-0.8159000,9.5883000,59.4711000,49.3469000,63.6444000,-39.7660000,-11.5090000,7.1490000,0.000000,0,0,0
37.990,-0.9881000,-0.8087000,9.5739000,59.2728000,49.3317000,63.7436000,-39.3940000,-11.6310000,7.3550000,0.000000,0,0,0
38.000,-0.9104000,-0.7668000,9.6062000,59.3796000,49.7513000,63.4003000,-39.3790000,-11.3270000,7.8490000,0.000000,0,0,0
38.010,-0.8542000,-0.7010000,9.7067000,59.8602000,50.7431000,62.7289000,-39.5420000,-11.2190000,8.3680000,0.000000,0,0,0
38.020,-0.8314000,-0.6245000,9.8359000,60.7681000,52.3300000,61.8744000,-39.5080000,-11.2850000,8.2710000,0.000000,0,0,0
38.030,-0.8601000,-0.5682000,9.9017000,61.8591000,54.0771000,61.1572000,-39.4880000,-11.3950000,8.0710000,0.000000,0,0,0
38.040,-0.9319000,-0.5611000,9.8263000,62.7670000,55.1758000,60.8978000,-39.2960000,-11.2880000,7.9120000,0.000000,0,0,0
38.050,-0.9690000,-0.6041000,9.6206000,63.1866000,55.0232000,61.1954000,-39.3370000,-11.2140000,8.6190000,0.000000,0,0,0
38.060,-0.9283000,-0.6639000,9.3801000,63.2095000,53.4744000,61.8744000,-39.6450000,-11.3590000,8.4940000,0.000000,0,0,0
38.070,-0.8266000,-0.7214000,9.2066000,63.2553000,50.9949000,62.5992000,-39.4300000,-11.0130000,7.7730000,0.000000,0,0,0
38.080,-0.7154000,-0.7405000,9.1672000,63.7131000,48.5382000,63.0646000,-39.4940000,-10.9480000,7.8210000,0.000000,0,0,0
38.090,-0.6400000,-0.7250000,9.2377000,64.7507000,46.7987000,63.1409000,-39.8030000,-10.9920000,7.9630000,0.000000,0,0,0
38.100,-0.5946000,-0.7010000,9.3669000,66.2842000,45.9290000,62.9578000,-39.5980000,-10.9510000,8.0300000,0.000000,0,0,0
38.110,-0.5587000,-0.6604000,9.5296000,68.2983000,45.9671000,62.3932000,-39.5760000,-10.5340000,8.1050000,0.000000,0,0,0
38.120,-0.5455000,-0.5826000,9.7055000,70.6863000,47.0963000,61.1954000,-39.5270000,-10.8800000,8.2090000,0.000000,0,0,0
38.130,-0.5670000,-0.4869000,9.8347000,73.2193000,49.2401000,59.4864000,-39.4350000,-10.6950000,8.4950000,0.000000,0,0,0
38.140,-0.6101000,-0.4139000,9.8921000,75.2945000,51.9638000,57.8156000,-39.2670000,-10.4320000,8.1160000,0.000000,0,0,0
38.150,-0.6400000,-0.3708000,9.9125000,76.3321000,54.9011000,56.5796000,-39.6260000,-10.3970000,8.9220000,0.000000,0,0,0
38.160,-0.6783000,-0.3421000,9.9220000,76.2329000,57.4036000,55.9845000,-39.5160000,-10.5250000,8.3020000,0.000000,0,0,0
38.170,-0.7226000,-0.3338000,9.9125000,75.0885000,58.8837000,56.1981000,-39.3350000,-10.8020000,8.1090000,0.000000,0,0,0
38.180,-0.7501000,-0.3433000,9.8909000,73.0896000,59.2346000,57.0221000,-39.7210000,-10.5930000,8.2640000,0.000000,0,0,0
38.190,-0.7776000,-0.3457000,9.8718000,70.6177000,58.7845000,57.9376000,-39.6690000,-10.6140000,8.2020000,0.000000,0,0,0
38.200,-0.7931000,-0.3266000,9.8479000,68.1458000,58.1131000,58.2733000,-39.5930000,-10.5800000,8.7860000,0.000000,0,0,0
38.210,-0.7800000,-0.2871000,9.8156000,65.8417000,57.8766000,57.8537000,-39.3640000,-9.9470000,8.9000000,0.000000,0,0,0
38.220,-0.7596000,-0.2476000,9.7821000,63.7360000,58.1894000,56.9611000,-39.5270000,-10.0320000,8.6000000,0.000000,0,0,0
38.230,-0.7907000,-0.2273000,9.7462000,61.8973000,58.5938000,56.2057000,-39.5650000,-10.3220000,8.7200000,0.000000,0,0,0
38.240,-0.8290000,-0.2141000,9.7091000,60.3180000,58.6319000,56.1371000,-39.2210000,-10.2790000,9.4270000,0.000000,0,0,0
38.250,-0.8506000,-0.2094000,9.6864000,58.9676000,58.0750000,56.8542000,-39.2570000,-10.4580000,8.9740000,0.000000,0,0,0
38.260,-0.8745000,-0.2070000,9.6660000,57.6935000,56.7627000,58.2733000,-39.4320000,-10.3890000,8.6590000,0.000000,0,0,0
38.270,-0.9176000,-0.2177000,9.6373000,56.6254000,54.8477000,60.0357000,-39.2810000,-10.5470000,9.4450000,0.000000,0,0,0
38.280,-0.9726000,-0.2716000,9.6146000,56.5491000,53.0014000,61.4700000,-39.4820000,-10.5400000,8.8570000,0.000000,0,0,0
38.290,-1.0097000,-0.3421000,9.6229000,57.8384000,52.1545000,62.4161000,-39.1210000,-10.7600000,8.9490000,0.000000,0,0,0
38.300,-1.0312000,-0.3529000,9.6397000,59.7076000,52.1240000,63.1409000,-39.2550000,-10.9230000,8.3660000,0.000000,0,0,0
38.310,-1.0228000,-0.3086000,9.6588000,60.8978000,52.5818000,63.5910000,-39.4140000,-10.6160000,8.5600000,0.000000,0,0,0
38.320,-0.9750000,-0.2500000,9.6708000,60.6155000,53.3752000,63.6063000,-39.5440000,-10.4230000,8.3510000,0.000000,0,0,0
38.330,-0.8865000,-0.2201000,9.6828000,59.0057000,54.3976000,63.0035000,-39.4590000,-10.5250000,8.4210000,0.000000,0,0,0
38.340,-0.8063000,-0.2201000,9.6864000,56.7398000,55.4581000,62.0422000,-39.3120000,-10.3050000,9.1570000,0.000000,0,0,0
38.350,-0.7824000,-0.2345000,9.6816000,54.5197000,56.1676000,61.0809000,-39.3460000,-10.5980000,8.8330000,0.000000,0,0,0
38.360,-0.8039000,-0.2668000,9.6744000,52.9251000,56.4041000,60.5545000,-39.1360000,-10.8840000,8.5780000,0.000000,0,0,0
38.370,-0.8422000,-0.2979000,9.6696000,52.1011000,56.3583000,60.9360000,-39.4730000,-10.6900000,8.8520000,0.000000,0,0,0
38.380,-0.8793000,-0.3242000,9.6624000,52.1088000,56.5033000,62.1948000,-39.0020000,-10.7990000,8.5360000,0.000000,0,0,0
38.390,-0.9152000,-0.3385000,9.6600000,52.7725000,56.7627000,64.0945000,-39.1120000,-11.2410000,8.1410000,0.000000,0,0,0
38.400,-0.9534000,-0.3218000,9.6588000,53.6270000,56.7551000,66.3223000,-38.9350000,-10.9260000,8.4820000,0.000000,0,0,0
38.410,-0.9678000,-0.3158000,9.6576000,54.3747000,56.4499000,68.1992000,-39.5440000,-10.6740000,8.1990000,0.000000,0,0,0
38.420,-0.9702000,-0.3565000,9.6564000,54.8782000,55.7175000,68.9621000,-39.0330000,-10.8360000,8.5140000,0.000000,0,0,0
38.430,-0.9499000,-0.4127000,9.6541000,55.1834000,54.6875000,68.1000000,-39.0490000,-10.8320000,8.5380000,0.000000,0,0,0
38.440,-0.9319000,-0.4522000,9.6457000,55.2902000,53.8406000,65.8112000,-38.9960000,-10.8570000,8.2500000,0.000000,0,0,0
38.450,-0.9487000,-0.4785000,9.6445000,55.5191000,53.4210000,63.0112000,-38.9260000,-10.7800000,8.8150000,0.000000,0,0,0
38.460,-0.9534000,-0.4558000,9.6481000,55.9921000,53.6880000,60.6384000,-38.9830000,-10.8370000,8.1980000,0.000000,0,0,0
38.470,-1.0025000,-0.3685000,9.6385000,56.0989000,54.4739000,59.3262000,-39.0650000,-10.8550000,8.5760000,0.000000,0,0,0
38.480,-1.0348000,-0.2668000,9.6433000,55.8472000,54.9469000,59.0973000,-39.0000000,-10.7610000,7.5500000,0.000000,0,0,0
38.490,-1.0384000,-0.1782000,9.6385000,55.2673000,54.9850000,59.7305000,-39.1780000,-10.6300000,8.2330000,0.000000,0,0,0
38.500,-1.0468000,-0.1280000,9.6313000,54.6875000,54.4662000,60.7605000,-39.0340000,-10.7370000,8.1780000,0.000000,0,0,0
38.510,-1.0695000,-0.1304000,9.6253000,54.4128000,53.5355000,61.8668000,-38.8730000,-10.8270000,8.3010000,0.000000,0,0,0
38.520,-1.1054000,-0.1986000,9.6218000,54.9164000,52.2690000,63.0188000,-39.1400000,-10.7140000,8.1350000,0.000000,0,0,0
38.530,-1.1425000,-0.2955000,9.6325000,55.7022000,51.3840000,63.1104000,-38.9550000,-10.8020000,8.5570000,0.000000,0,0,0
38.540,-1.1831000,-0.4163000,9.6505000,56.6254000,49.7360000,62.8128000,-39.3810000,-10.8920000,8.4100000,0.000000,0,0,0
38.550,-1.1688000,-0.5204000,9.6684000,57.4951000,47.0734000,62.4313000,-39.3420000,-10.8380000,8.0470000,0.000000,0,0,0
38.560,-1.0826000,-0.5766000,9.6780000,58.1589000,44.0598000,62.2406000,-39.2910000,-10.4560000,7.6080000,0.000000,0,0,0
38.570,-0.9475000,-0.5850000,9.6780000,58.7769000,41.8167000,62.2482000,-39.2600000,-11.0360000,8.1900000,0.000000,0,0,0
38.580,-0.8254000,-0.5551000,9.6732000,59.6390000,40.9698000,62.4771000,-39.0210000,-10.4080000,7.8970000,0.000000,0,0,0
38.590,-0.7429000,-0.5120000,9.6672000,60.7910000,41.3666000,62.9883000,-39.6850000,-10.6570000,8.4230000,0.000000,0,0,0
38.600,-0.6783000,-0.4618000,9.6672000,61.8134000,42.5873000,63.7741000,-39.5840000,-10.8800000,8.3860000,0.000000,0,0,0
38.610,-0.6484000,-0.4103000,9.6672000,62.2253000,44.0674000,64.5370000,-39.3750000,-11.0010000,8.2090000,0.000000,0,0,0
38.620,-0.6364000,-0.3697000,9.6720000,61.7065000,45.3186000,64.8727000,-39.2260000,-10.8150000,8.1560000,0.000000,0,0,0
38.630,-0.6400000,-0.3266000,9.6744000,60.1425000,46.2341000,64.6362000,-39.2640000,-10.9250000,7.6730000,0.000000,0,0,0
38.640,-0.6627000,-0.2656000,9.6756000,57.5485000,46.6690000,63.9801000,-39.4180000,-10.8070000,8.0740000,0.000000,0,0,0
38.650,-0.7094000,-0.2034000,9.6696000,54.4205000,46.8521000,63.2324000,-39.3960000,-10.8130000,8.1080000,0.000000,0,0,0
38.660,-0.7716000,-0.1615000,9.6648000,51.5060000,46.7148000,62.7136000,-39.3430000,-10.9830000,9.0180000,0.000000,0,0,0
38.670,-0.8015000,-0.1555000,9.6541000,49.4614000,46.3943000,62.6450000,-39.5530000,-11.0150000,8.5990000,0.000000,0,0,0
38.680,-0.7907000,-0.1830000,9.6409000,48.7137000,46.2341000,62.8586000,-39.5550000,-10.8220000,8.0540000,0.000000,0,0,0
38.690,-0.7620000,-0.2680000,9.6325000,49.2783000,46.3486000,63.2782000,-39.2520000,-10.7120000,7.7580000,0.000000,0,0,0
38.700,-0.7477000,-0.3732000,9.6409000,50.6744000,46.3409000,63.8351000,-39.2500000,-11.1120000,6.6620000,0.000000,0,0,0
38.710,-0.7333000,-0.4522000,9.6552000,52.0554000,46.3181000,64.3463000,-39.3780000,-10.7230000,7.7690000,0.000000,0,0,0
38.720,-0.7094000,-0.4905000,9.6636000,52.8030000,46.5698000,64.6744000,-39.4590000,-11.2070000,7.6090000,0.000000,0,0,0
38.730,-0.6615000,-0.5036000,9.6517000,53.0624000,47.5006000,64.5752000,-39.4500000,-10.9260000,7.5690000,0.000000,0,0,0
38.740,-0.6005000,-0.5312000,9.6385000,53.7033000,49.5682000,63.8733000,-39.4970000,-10.9220000,7.6850000,0.000000,0,0,0
38.750,-0.5599000,-0.5682000,9.6421000,55.1147000,52.2919000,63.0951000,-39.4630000,-11.3620000,7.9880000,0.000000,0,0,0
38.760,-0.5479000,-0.5910000,9.6505000,56.9687000,54.6112000,62.7060000,-39.3650000,-10.8830000,7.8940000,0.000000,0,0,0
38.770,-0.5467000,-0.6029000,9.6636000,58.6853000,56.0837000,62.5992000,-39.6260000,-11.1310000,7.9960000,0.000000,0,0,0
38.780,-0.5467000,-0.5922000,9.6756000,59.7076000,56.8542000,62.5916000,-39.2810000,-11.3740000,8.1290000,0.000000,0,0,0
38.790,-0.5670000,-0.5455000,9.6720000,59.8373000,57.4036000,62.4390000,-39.3630000,-11.4200000,7.7960000,0.000000,0,0,0
38.800,-0.6149000,-0.4797000,9.6672000,59.4559000,58.3801000,61.9812000,-39.1970000,-11.4110000,7.6160000,0.000000,0,0,0
38.810,-0.6962000,-0.4115000,9.6648000,58.8913000,59.4482000,61.6760000,-39.0950000,-11.1800000,7.8900000,0.000000,0,0,0
38.820,-0.7907000,-0.3374000,9.6505000,58.2809000,60.0739000,61.6531000,-39.1300000,-11.3370000,7.7780000,0.000000,0,0,0
38.830,-0.8733000,-0.2967000,9.6265000,58.0673000,60.0662000,61.5921000,-39.5210000,-11.2980000,8.1010000,0.000000,0,0,0
38.840,-0.9451000,-0.3122000,9.6122000,58.6166000,59.2728000,61.4014000,-39.3800000,-11.3150000,8.1610000,0.000000,0,0,0
38.850,-0.9989000,-0.3481000,9.6218000,59.5551000,57.4722000,61.3251000,-39.1880000,-11.1860000,8.0860000,0.000000,0,0,0
38.860,-1.0312000,-0.3601000,9.6361000,59.9899000,54.7562000,61.6150000,-39.0720000,-11.2070000,8.0120000,0.000000,0,0,0
38.870,-1.0384000,-0.3350000,9.6361000,59.5016000,52.0477000,61.9736000,-39.4230000,-11.2290000,8.0370000,0.000000,0,0,0
38.880,-1.0288000,-0.3146000,9.6289000,58.4869000,50.0107000,62.1490000,-38.9820000,-11.4470000,8.0090000,0.000000,0,0,0
38.890,-1.0061000,-0.3290000,9.6229000,57.6477000,48.6832000,62.2482000,-38.9970000,-11.4420000,7.9850000,0.000000,0,0,0
38.900,-0.9702000,-0.3756000,9.6146000,57.6096000,48.1186000,62.1872000,-38.9840000,-11.0250000,7.7220000,0.000000,0,0,0
38.910,-0.9176000,-0.4558000,9.6146000,58.6395000,48.2101000,61.7981000,-39.0140000,-11.1200000,7.3740000,0.000000,0,0,0
38.920,-0.8553000,-0.5395000,9.6361000,60.2951000,48.6374000,61.1343000,-39.3500000,-11.1550000,7.7320000,0.000000,0,0,0
38.930,-0.7872000,-0.5718000,9.6624000,61.5692000,49.0646000,60.2646000,-39.2250000,-11.2090000,7.6450000,0.000000,0,0,0
38.940,-0.7142000,-0.5312000,9.6840000,61.5616000,49.4614000,59.1888000,-39.2820000,-10.9430000,7.5330000,0.000000,0,0,0
38.950,-0.6508000,-0.4510000,9.6911000,60.1044000,49.8810000,58.0521000,-39.4710000,-10.9170000,7.8160000,0.000000,0,0,0
38.960,-0.6185000,-0.3637000,9.6923000,57.7316000,50.1251000,57.1976000,-39.7200000,-11.1470000,7.6340000,0.000000,0,0,0
38.970,-0.6149000,-0.2895000,9.6828000,55.2368000,49.8657000,56.9000000,-39.4550000,-11.0740000,7.3400000,0.000000,0,0,0
38.980,-0.6352000,-0.2369000,9.6541000,53.3905000,49.1791000,57.0984000,-39.2210000,-10.8970000,7.5110000,0.000000,0,0,0
38.990,-0.6831000,-0.2285000,9.6218000,52.8336000,48.5840000,57.4799000,-39.6050000,-11.1610000,7.0400000,0.000000,0,0,0
39.000,-0.7477000,-0.2692000,9.6182000,53.5889000,48.2635000,58.0826000,-39.2960000,-10.9580000,7.3200000,0.000000,0,0,0
39.010,-0.7716000,-0.3397000,9.6349000,54.9088000,48.1415000,59.0668000,-39.3780000,-10.8670000,7.3470000,0.000000,0,0,0
39.020,-0.7453000,-0.4079000,9.6493000,55.9158000,48.2330000,59.9899000,-39.3490000,-10.9380000,7.6840000,0.000000,0,0,0
39.030,-0.6340000,-0.4618000,9.6744000,55.5801000,48.7289000,60.9131000,-39.4390000,-11.2740000,7.4290000,0.000000,0,0,0
39.040,-0.5563000,-0.4761000,9.6852000,53.8177000,48.9426000,61.5692000,-39.6030000,-11.3660000,8.0850000,0.000000,0,0,0
39.050,-0.5084000,-0.4618000,9.6935000,51.1551000,48.7823000,62.5381000,-39.7780000,-11.6790000,8.1710000,0.000000,0,0,0
39.060,-0.4797000,-0.4414000,9.6768000,48.4924000,48.8281000,63.6826000,-39.7140000,-11.7290000,8.2080000,0.000000,0,0,0
39.070,-0.4845000,-0.4618000,9.6588000,47.0123000,49.7437000,64.5828000,-39.7340000,-11.6190000,8.1190000,0.000000,0,0,0
39.080,-0.5036000,-0.5144000,9.6576000,47.0505000,51.1703000,65.2084000,-39.6570000,-11.2550000,8.2720000,0.000000,0,0,0
39.090,-0.5168000,-0.5383000,9.6624000,48.0042000,52.6352000,65.5212000,-39.5620000,-11.3760000,7.6930000,0.000000,0,0,0
39.100,-0.5180000,-0.5192000,9.6708000,48.9807000,54.0695000,65.3992000,-39.5690000,-11.4980000,7.4220000,0.000000,0,0,0
39.110,-0.5192000,-0.4893000,9.6744000,49.3088000,55.3360000,64.7736000,-39.6690000,-11.5460000,7.3100000,0.000000,0,0,0
39.120,-0.5312000,-0.4630000,9.6708000,48.8892000,56.2592000,63.7512000,-39.3590000,-11.6530000,7.2780000,0.000000,0,0,0
39.130,-0.5658000,-0.4558000,9.6469000,48.3170000,57.0145000,62.4161000,-39.3600000,-11.8630000,7.7960000,0.000000,0,0,0
39.140,-0.6209000,-0.4737000,9.6349000,48.3093000,57.6248000,61.2183000,-39.1470000,-11.5620000,7.4730000,0.000000,0,0,0
39.150,-0.6627000,-0.5240000,9.6337000,49.2172000,58.0673000,60.5698000,-39.1530000,-11.4890000,7.4460000,0.000000,0,0,0
39.160,-0.6807000,-0.5838000,9.6277000,51.1475000,58.4259000,60.2570000,-39.1510000,-11.5450000,7.7450000,0.000000,0,0,0
39.170,-0.6771000,-0.6281000,9.6301000,53.9627000,59.0210000,59.7992000,-39.1110000,-11.4550000,7.3370000,0.000000,0,0,0
39.180,-0.6723000,-0.6364000,9.6457000,57.0679000,59.9213000,59.0057000,-39.1070000,-11.1760000,7.0120000,0.000000,0,0,0
39.190,-0.6663000,-0.6089000,9.6660000,59.6085000,61.0123000,57.9376000,-39.1720000,-11.5660000,8.1920000,0.000000,0,0,0
39.200,-0.6496000,-0.5766000,9.6768000,61.3632000,62.4161000,56.4728000,-39.2260000,-11.3540000,7.4500000,0.000000,0,0,0
39.210,-0.6651000,-0.5527000,9.6720000,62.5458000,63.7589000,54.6341000,-39.1540000,-11.1890000,7.8450000,0.000000,0,0,0
39.220,-0.7094000,-0.5312000,9.6576000,63.3850000,64.5065000,52.8564000,-39.4220000,-10.9840000,7.6540000,0.000000,0,0,0
39.230,-0.7764000,-0.4845000,9.6373000,64.0564000,64.2624000,51.5747000,-38.8400000,-11.0100000,8.0430000,0.000000,0,0,0
39.240,-0.8374000,-0.4020000,9.6289000,64.6820000,63.4232000,50.9567000,-38.8210000,-11.0980000,8.0350000,0.000000,0,0,0
39.250,-0.8960000,-0.3254000,9.6301000,65.3000000,62.4771000,51.0864000,-38.9590000,-11.0500000,8.5120000,0.000000,0,0,0
39.260,-0.9355000,-0.3146000,9.6481000,65.6433000,61.5387000,52.0706000,-39.1310000,-10.7190000,8.1950000,0.000000,0,0,0
39.270,-0.9499000,-0.3924000,9.6696000,65.3152000,60.7376000,53.6575000,-39.1040000,-10.7790000,7.3090000,0.000000,0,0,0
39.280,-0.9403000,-0.5431000,9.6947000,63.9267000,60.0128000,55.2521000,-39.0190000,-10.8880000,7.6720000,0.000000,0,0,0
39.290,-0.9020000,-0.7273000,9.7187000,61.2259000,58.9523000,56.3507000,-39.0900000,-10.7080000,8.0660000,0.000000,0,0,0
39.300,-0.8601000,-0.8793000,9.7294000,57.3502000,57.4646000,56.8695000,-39.0550000,-11.2330000,8.0940000,0.000000,0,0,0
39.310,-0.8266000,-0.9642000,9.7055000,53.4744000,56.2515000,56.8924000,-39.3260000,-10.7940000,7.8750000,0.000000,0,0,0
39.320,-0.8374000,-0.9929000,9.6696000,51.4679000,55.8319000,56.7245000,-39.1840000,-10.9460000,7.7430000,0.000000,0,0,0
39.330,-0.8865000,-0.9810000,9.6517000,51.9943000,55.5496000,57.2586000,-38.9940000,-11.0420000,8.5280000,0.000000,0,0,0
39.340,-0.9176000,-0.9283000,9.6397000,54.3137000,54.8477000,58.6548000,-39.2070000,-10.7320000,7.4790000,0.000000,0,0,0
39.350,-0.9283000,-0.8506000,9.6313000,57.3044000,53.9398000,60.1578000,-39.1650000,-10.8620000,7.8460000,0.000000,0,0,0
39.360,-0.9463000,-0.7800000,9.6325000,59.9976000,53.0396000,61.1496000,-39.0030000,-10.7700000,7.6840000,0.000000,0,0,0
39.370,-0.9786000,-0.7309000,9.6385000,61.9354000,52.2995000,61.6302000,-39.1650000,-10.8840000,8.1910000,0.000000,0,0,0
39.380,-1.0156000,-0.6735000,9.6529000,63.0493000,51.6739000,61.9812000,-39.1580000,-11.0630000,8.0610000,0.000000,0,0,0
39.390,-1.0168000,-0.6005000,9.6660000,63.4613000,51.2543000,62.4466000,-39.3870000,-11.0280000,8.4750000,0.000000,0,0,0
39.400,-0.9917000,-0.5084000,9.6600000,63.3621000,51.0178000,62.8433000,-39.0290000,-11.0130000,8.5720000,0.000000,0,0,0
39.410,-0.9510000,-0.3960000,9.6552000,62.9730000,50.8575000,63.0035000,-39.3330000,-10.8430000,8.4300000,0.000000,0,0,0
39.420,-0.9032000,-0.2919000,9.6576000,62.4847000,50.7431000,63.0341000,-39.3210000,-11.0750000,8.1400000,0.000000,0,0,0
39.430,-0.8613000,-0.2369000,9.6576000,61.9965000,50.6210000,62.9272000,-39.0270000,-11.1330000,8.0060000,0.000000,0,0,0
39.440,-0.8350000,-0.2596000,9.6517000,61.6226000,50.2930000,62.5916000,-38.7810000,-10.8350000,8.8840000,0.000000,0,0,0
39.450,-0.8494000,-0.3481000,9.6505000,61.4090000,49.8505000,61.9583000,-38.7890000,-10.9140000,8.3900000,0.000000,0,0,0
39.460,-0.8841000,-0.4546000,9.6612000,61.2717000,49.5987000,61.0428000,-39.2720000,-11.1050000,8.4680000,0.000000,0,0,0
39.470,-0.9020000,-0.5479000,9.6756000,60.9970000,49.4843000,59.9899000,-39.2020000,-10.9700000,8.2500000,0.000000,0,0,0
39.480,-0.8829000,-0.5874000,9.6875000,60.2646000,49.4843000,59.0134000,-39.2250000,-10.7350000,7.7160000,0.000000,0,0,0
39.490,-0.8314000,-0.5611000,9.6852000,58.9828000,49.6140000,58.0750000,-39.4530000,-11.0140000,8.3440000,0.000000,0,0,0
39.500,-0.7860000,-0.4821000,9.6732000,57.4951000,49.8505000,57.1823000,-39.3560000,-10.7360000,7.4620000,0.000000,0,0,0
39.510,-0.7704000,-0.3720000,9.6648000,56.2439000,50.1785000,56.6406000,-38.8760000,-10.7070000,8.5910000,0.000000,0,0,0
39.520,-0.7836000,-0.2692000,9.6541000,55.4581000,50.5295000,56.9687000,-39.1230000,-10.8480000,8.1200000,0.000000,0,0,0
39.530,-0.8063000,-0.2117000,9.6469000,55.1376000,50.6821000,58.3038000,-39.1030000,-10.7990000,7.9230000,0.000000,0,0,0
39.540,-0.8147000,-0.2249000,9.6433000,55.2444000,50.7050000,60.2036000,-39.2750000,-10.8500000,7.9740000,0.000000,0,0,0
39.550,-0.8207000,-0.3744000,9.6469000,55.9692000,50.4913000,62.7594000,-39.2110000,-10.8500000,7.8260000,0.000000,0,0,0
39.560,-0.8219000,-0.5096000,9.6576000,56.6330000,50.2396000,63.7436000,-39.1510000,-11.0560000,7.8450000,0.000000,0,0,0
39.570,-0.8159000,-0.6125000,9.6696000,57.0755000,49.9344000,64.0564000,-39.1820000,-10.9720000,8.2850000,0.000000,0,0,0
39.580,-0.8063000,-0.6580000,9.6780000,57.0831000,49.6521000,63.7589000,-39.2460000,-11.0220000,7.6710000,0.000000,0,0,0
39.590,-0.7943000,-0.6496000,9.6792000,56.6788000,49.3698000,63.0188000,-39.1290000,-10.8970000,8.4130000,0.000000,0,0,0
39.600,-0.7860000,-0.5993000,9.6684000,56.1676000,49.2630000,62.0499000,-39.2310000,-10.7400000,8.0170000,0.000000,0,0,0
39.610,-0.7836000,-0.5419000,9.6552000,55.9921000,49.4080000,61.1343000,-39.2800000,-10.9700000,7.3860000,0.000000,0,0,0
39.620,-0.7848000,-0.4989000,9.6493000,56.2668000,49.6368000,60.5392000,-39.3050000,-10.7420000,7.7610000,0.000000,0,0,0
39.630,-0.7860000,-0.4606000,9.6469000,56.8008000,49.8352000,60.3409000,-39.6680000,-11.0790000,8.3380000,0.000000,0,0,0
39.640,-0.7884000,-0.4354000,9.6505000,57.3044000,49.9268000,60.4324000,-39.2570000,-11.1910000,7.4740000,0.000000,0,0,0
39.650,-0.7848000,-0.4163000,9.6552000,57.5638000,49.9115000,60.6461000,-39.6330000,-11.0800000,8.0750000,0.000000,0,0,0
39.660,-0.7704000,-0.3888000,9.6600000,57.4188000,49.8734000,60.7910000,-39.1640000,-10.8820000,8.0930000,0.000000,0,0,0
39.670,-0.7501000,-0.3577000,9.6612000,56.8848000,49.7437000,60.9055000,-39.4280000,-10.9600000,8.1390000,0.000000,0,0,0
39.680,-0.7214000,-0.3421000,9.6600000,56.1371000,49.5682000,61.0733000,-39.7680000,-11.0300000,7.9940000,0.000000,0,0,0
39.690,-0.6974000,-0.3517000,9.6517000,55.5496000,49.5148000,61.3098000,-39.7050000,-11.0730000,8.3830000,0.000000,0,0,0
39.700,-0.6879000,-0.3924000,9.6517000,55.3131000,49.6216000,61.6989000,-39.1420000,-11.1900000,7.5590000,0.000000,0,0,0
39.710,-0.6891000,-0.4630000,9.6564000,55.3818000,49.8810000,62.2253000,-39.2480000,-11.3480000,7.8150000,0.000000,0,0,0
39.720,-0.6903000,-0.5539000,9.6624000,55.6030000,50.2625000,62.7136000,-39.4530000,-11.4380000,7.9350000,0.000000,0,0,0
39.730,-0.6855000,-0.6424000,9.6672000,55.8319000,50.7278000,62.9807000,-39.5320000,-11.3310000,7.7310000,0.000000,0,0,0
39.740,-0.6783000,-0.7094000,9.6696000,56.0455000,51.2848000,62.9501000,-39.5510000,-11.2630000,7.8000000,0.000000,0,0,0
39.750,-0.6759000,-0.7489000,9.6720000,56.2973000,51.7502000,62.6678000,-39.7080000,-11.3790000,7.4950000,0.000000,0,0,0
39.760,-0.6675000,-0.7513000,9.6732000,56.6559000,51.9638000,62.1872000,-39.3870000,-11.2490000,7.1200000,0.000000,0,0,0
39.770,-0.6544000,-0.7058000,9.6648000,57.1518000,52.0020000,61.5311000,-39.5760000,-11.2600000,7.3230000,0.000000,0,0,0
39.780,-0.6520000,-0.6137000,9.6588000,57.7469000,51.8799000,60.8139000,-39.4260000,-11.2170000,6.9470000,0.000000,0,0,0
39.790,-0.6568000,-0.4977000,9.6600000,58.1818000,51.6815000,60.4630000,-39.4490000,-11.3840000,6.6440000,0.000000,0,0,0
39.800,-0.6592000,-0.4020000,9.6648000,58.2733000,51.5518000,60.7071000,-39.3110000,-11.1730000,7.6320000,0.000000,0,0,0
39.810,-0.6532000,-0.3577000,9.6648000,58.0750000,51.6205000,61.3785000,-39.3110000,-11.1310000,7.3530000,0.000000,0,0,0
39.820,-0.6424000,-0.3720000,9.6648000,57.7164000,51.8799000,62.0880000,-39.5160000,-10.7620000,7.6300000,0.000000,0,0,0
39.830,-0.6376000,-0.4247000,9.6648000,57.2510000,52.2308000,62.5763000,-39.5250000,-11.1360000,7.5800000,0.000000,0,0,0
39.840,-0.6412000,-0.4953000,9.6636000,56.7780000,52.4673000,62.6526000,-38.9190000,-11.2110000,7.6490000,0.000000,0,0,0
39.850,-0.6675000,-0.5682000,9.6576000,56.5186000,52.5131000,62.2406000,-39.0470000,-11.5400000,7.2990000,0.000000,0,0,0
39.860,-0.7058000,-0.6137000,9.6505000,56.6483000,52.3300000,61.4624000,-39.2080000,-11.0410000,6.9690000,0.000000,0,0,0
39.870,-0.7453000,-0.6161000,9.6445000,57.1442000,52.0401000,60.5392000,-39.4160000,-11.1130000,6.7270000,0.000000,0,0,0
39.880,-0.7800000,-0.5778000,9.6433000,57.7850000,51.7120000,59.8526000,-39.4100000,-10.9860000,6.8590000,0.000000,0,0,0
39.890,-0.7896000,-0.5228000,9.6445000,58.3038000,51.3992000,59.6390000,-39.2580000,-11.1340000,7.5840000,0.000000,0,0,0
39.900,-0.7668000,-0.4701000,9.6493000,58.5251000,51.2085000,59.8373000,-39.3360000,-11.1990000,7.1590000,0.000000,0,0,0
39.910,-0.7250000,-0.4343000,9.6517000,58.4564000,51.2161000,60.1196000,-39.1300000,-11.0630000,7.7860000,0.000000,0,0,0
39.920,-0.6831000,-0.4163000,9.6541000,58.2123000,51.3763000,60.3409000,-39.3000000,-11.0760000,6.9560000,0.000000,0,0,0
39.930,-0.6556000,-0.4199000,9.6576000,57.9300000,51.5518000,60.5316000,-39.1440000,-11.0560000,7.0510000,0.000000,0,0,0
39.940,-0.6304000,-0.4390000,9.6576000,57.7621000,51.6281000,60.6689000,-39.3420000,-11.0390000,7.4650000,0.000000,0,0,0
39.950,-0.6149000,-0.4713000,9.6552000,57.8384000,51.5823000,60.7071000,-39.4090000,-11.0420000,7.7100000,0.000000,0,0,0
39.960,-0.6161000,-0.5096000,9.6588000,58.0978000,51.4679000,60.6995000,-39.3130000,-11.4280000,6.7190000,0.000000,0,0,0
39.970,-0.6173000,-0.5467000,9.6636000,58.3420000,51.4145000,60.6537000,-39.2950000,-10.8770000,6.6040000,0.000000,0,0,0
