time,accel_x,accel_y,accel_z,gyro_x,gyro_y,gyro_z,mag_x,mag_y,mag_z,baro,gps_lat,gps_lon,gps_alt
0.780,-0.1465000,-0.0963000,9.6241000,36.7203000,26.7410000,36.4609000,-40.3520000,-12.2150000,5.8020000,0.000000,0,0,0
0.790,-0.1465000,-0.0963000,9.6241000,36.7203000,26.7410000,36.4609000,-40.3520000,-12.2150000,5.8020000,0.000000,0,0,0
0.800,-0.1382000,-0.1083000,9.6170000,36.3770000,26.8021000,36.8500000,-40.3130000,-12.3640000,5.2600000,0.000000,0,0,0
0.810,-0.1250000,-0.0987000,9.6110000,36.4380000,26.4969000,36.7126000,-40.4520000,-12.0930000,4.7910000,0.000000,0,0,0
0.820,-0.1107000,-0.0676000,9.6074000,36.6058000,26.0620000,36.3388000,-40.3780000,-12.1920000,5.3780000,0.000000,0,0,0
0.830,-0.0915000,-0.0293000,9.6098000,36.6974000,25.7568000,35.8505000,-40.4630000,-12.1180000,4.6050000,0.000000,0,0,0
0.840,-0.0676000,0.0018000,9.6098000,36.6135000,25.6805000,35.3317000,-40.3390000,-12.0160000,5.8500000,0.000000,0,0,0
0.850,-0.0484000,0.0102000,9.6086000,36.3388000,25.8102000,34.8358000,-40.5580000,-12.3660000,5.3850000,0.000000,0,0,0
0.860,-0.0401000,-0.0006000,9.6110000,35.9802000,26.1078000,34.4086000,-40.5060000,-12.2710000,5.0470000,0.000000,0,0,0
0.870,-0.0449000,-0.0269000,9.6146000,35.6674000,26.5045000,34.1034000,-40.3170000,-11.9730000,5.4330000,0.000000,0,0,0
0.880,-0.0580000,-0.0640000,9.6206000,35.5225000,26.9394000,33.8974000,-40.3540000,-12.1100000,5.0710000,0.000000,0,0,0
0.890,-0.0724000,-0.0939000,9.6229000,35.5225000,27.3438000,33.7067000,-40.3190000,-12.0890000,5.0930000,0.000000,0,0,0
0.900,-0.0796000,-0.0987000,9.6218000,35.6064000,27.6794000,33.4549000,-40.4170000,-12.2600000,5.2860000,0.000000,0,0,0
0.910,-0.0831000,-0.0819000,9.6194000,35.6979000,27.8931000,33.1955000,-40.5840000,-12.0600000,4.6570000,0.000000,0,0,0
0.920,-0.0760000,-0.0544000,9.6146000,35.7666000,27.9541000,33.0200000,-40.7470000,-12.1600000,5.0970000,0.000000,0,0,0
0.930,-0.0592000,-0.0317000,9.6062000,35.8505000,27.8244000,32.8827000,-40.4960000,-12.4470000,5.3550000,0.000000,0,0,0
0.940,-0.0389000,-0.0161000,9.6014000,35.9726000,27.5192000,32.7148000,-40.4010000,-12.0050000,4.6930000,0.000000,0,0,0
0.950,-0.0257000,-0.0042000,9.6026000,36.1023000,27.2446000,32.4707000,-40.3700000,-11.9250000,4.5770000,0.000000,0,0,0
0.960,-0.0209000,0.0054000,9.6074000,36.1633000,27.1530000,32.1808000,-40.7030000,-11.7980000,4.9630000,0.000000,0,0,0
0.970,-0.0257000,-0.0102000,9.6098000,36.0565000,27.2522000,31.9748000,-40.5760000,-12.0090000,5.2040000,0.000000,0,0,0
0.980,-0.0341000,-0.0377000,9.6134000,35.7971000,27.5574000,31.8680000,-40.5570000,-11.7450000,5.0140000,0.000000,0,0,0
0.990,-0.0425000,-0.0664000,9.6170000,35.4996000,27.9922000,31.8146000,-40.5940000,-12.1210000,5.0060000,0.000000,0,0,0
1.000,-0.0556000,-0.0975000,9.6218000,35.2554000,28.4271000,31.9061000,-40.3760000,-11.8960000,4.9890000,0.000000,0,0,0
1.010,-0.0724000,-0.1346000,9.6229000,35.0876000,28.7628000,32.2113000,-40.4080000,-11.9570000,4.9290000,0.000000,0,0,0
1.020,-0.0784000,-0.1669000,9.6194000,35.0494000,28.8696000,32.6004000,-40.4360000,-12.1510000,4.6090000,0.000000,0,0,0
1.030,-0.0819000,-0.1860000,9.6146000,35.2097000,28.6713000,32.8903000,-40.4710000,-11.9840000,4.7340000,0.000000,0,0,0
1.040,-0.0855000,-0.1848000,9.6110000,35.5072000,28.2745000,33.0582000,-40.2180000,-12.2970000,4.8280000,0.000000,0,0,0
1.050,-0.0891000,-0.1573000,9.6122000,35.7513000,27.8549000,33.1345000,-40.3000000,-12.0560000,5.8140000,0.000000,0,0,0
1.060,-0.0903000,-0.1130000,9.6146000,35.8047000,27.5726000,33.1802000,-40.5490000,-11.9310000,5.3300000,0.000000,0,0,0
1.070,-0.0915000,-0.0676000,9.6122000,35.7361000,27.4124000,33.2489000,-40.5360000,-11.9690000,5.1510000,0.000000,0,0,0
1.080,-0.0927000,-0.0377000,9.6098000,35.6140000,27.3209000,33.3862000,-40.6250000,-12.0310000,5.2490000,0.000000,0,0,0
1.090,-0.0903000,-0.0305000,9.6086000,35.4996000,27.2369000,33.5922000,-40.2400000,-11.8880000,6.0610000,0.000000,0,0,0
1.100,-0.0784000,-0.0389000,9.6110000,35.5072000,27.1454000,33.7143000,-40.3240000,-11.9280000,5.5060000,0.000000,0,0,0
1.110,-0.0604000,-0.0592000,9.6134000,35.6522000,27.1378000,33.6227000,-40.2710000,-11.7680000,4.9940000,0.000000,0,0,0
1.120,-0.0473000,-0.0867000,9.6170000,35.8124000,27.2980000,33.4396000,-40.4390000,-11.9370000,5.1250000,0.000000,0,0,0
1.130,-0.0437000,-0.1071000,9.6206000,35.8429000,27.6718000,33.3862000,-40.4640000,-11.9680000,5.0070000,0.000000,0,0,0
1.140,-0.0484000,-0.1214000,9.6241000,35.7361000,28.1830000,33.5999000,-40.3080000,-11.6480000,5.1200000,0.000000,0,0,0
1.150,-0.0712000,-0.1346000,9.6229000,35.4919000,28.8162000,34.3704000,-40.4100000,-11.9350000,4.8120000,0.000000,0,0,0
1.160,-0.0867000,-0.1334000,9.6170000,35.5072000,28.9078000,34.8740000,-40.4300000,-12.1080000,4.8280000,0.000000,0,0,0
1.170,-0.0939000,-0.1178000,9.6110000,35.7132000,28.6636000,35.1181000,-40.4820000,-11.8000000,4.9630000,0.000000,0,0,0
1.180,-0.0927000,-0.0831000,9.6074000,35.9650000,28.1601000,35.0342000,-40.3260000,-12.1550000,5.2640000,0.000000,0,0,0
1.190,-0.0903000,-0.0449000,9.6062000,36.1557000,27.6260000,34.6756000,-40.1730000,-11.9210000,4.5420000,0.000000,0,0,0
1.200,-0.0867000,-0.0197000,9.6074000,36.2625000,27.1835000,34.2178000,-40.3510000,-12.2880000,4.2420000,0.000000,0,0,0
1.210,-0.0784000,-0.0114000,9.6098000,36.3007000,26.9012000,33.7219000,-40.5160000,-12.0940000,4.3920000,0.000000,0,0,0
1.220,-0.0676000,-0.0197000,9.6110000,36.2549000,26.7868000,33.2260000,-40.5170000,-11.8140000,4.6370000,0.000000,0,0,0
1.230,-0.0592000,-0.0377000,9.6122000,36.1176000,26.8555000,32.7988000,-40.3410000,-12.0340000,5.0120000,0.000000,0,0,0
1.240,-0.0568000,-0.0640000,9.6122000,35.9268000,27.0386000,32.5470000,-40.5920000,-11.8960000,4.9290000,0.000000,0,0,0
1.250,-0.0580000,-0.0879000,9.6146000,35.7590000,27.2827000,32.5470000,-40.3820000,-12.1590000,5.1090000,0.000000,0,0,0
1.260,-0.0640000,-0.1059000,9.6146000,35.6903000,27.5116000,32.7606000,-40.3870000,-11.7480000,4.7030000,0.000000,0,0,0
1.270,-0.0664000,-0.1190000,9.6122000,35.7513000,27.6566000,33.0811000,-40.3330000,-11.7940000,4.3420000,0.000000,0,0,0
1.280,-0.0664000,-0.1226000,9.6098000,35.9039000,27.6794000,33.3862000,-40.2090000,-12.0720000,5.1180000,0.000000,0,0,0
1.290,-0.0628000,-0.1119000,9.6098000,36.0718000,27.6642000,33.6075000,-40.3230000,-12.1300000,4.6850000,0.000000,0,0,0
1.300,-0.0544000,-0.0879000,9.6098000,36.1481000,27.6794000,33.6609000,-40.2240000,-11.9870000,4.5180000,0.000000,0,0,0
1.310,-0.0413000,-0.0592000,9.6098000,36.0641000,27.8320000,33.5236000,-40.3040000,-12.0670000,4.9270000,0.000000,0,0,0
1.320,-0.0317000,-0.0389000,9.6074000,35.8658000,28.0609000,33.2565000,-40.2600000,-12.0230000,4.2270000,0.000000,0,0,0
1.330,-0.0329000,-0.0317000,9.6062000,35.6216000,28.2669000,32.9514000,-40.1000000,-11.9120000,4.3160000,0.000000,0,0,0
1.340,-0.0413000,-0.0389000,9.6050000,35.4080000,28.3051000,32.6691000,-40.1760000,-12.3270000,4.3780000,0.000000,0,0,0
1.350,-0.0532000,-0.0568000,9.6050000,35.3241000,28.1525000,32.4326000,-40.3120000,-12.2700000,4.7280000,0.000000,0,0,0
1.360,-0.0628000,-0.0736000,9.6062000,35.4080000,27.8320000,32.2189000,-40.2830000,-12.1100000,4.9720000,0.000000,0,0,0
1.370,-0.0664000,-0.0819000,9.6062000,35.6903000,27.4124000,31.9901000,-40.3170000,-12.0440000,4.6200000,0.000000,0,0,0
1.380,-0.0664000,-0.0807000,9.6098000,36.0947000,27.0538000,31.7612000,-40.5250000,-11.8790000,4.6360000,0.000000,0,0,0
1.390,-0.0616000,-0.0712000,9.6122000,36.3998000,26.9089000,31.6238000,-40.3050000,-11.7880000,4.9780000,0.000000,0,0,0
1.400,-0.0592000,-0.0556000,9.6134000,36.4532000,27.0996000,31.6696000,-40.7140000,-11.6880000,4.8340000,0.000000,0,0,0
1.410,-0.0712000,-0.0473000,9.6170000,36.3083000,27.5879000,32.0053000,-40.3590000,-12.0280000,4.4570000,0.000000,0,0,0
1.420,-0.0891000,-0.0520000,9.6170000,35.9879000,28.1677000,32.7072000,-40.4010000,-11.9700000,4.9560000,0.000000,0,0,0
1.430,-0.1011000,-0.0664000,9.6194000,35.6216000,28.7323000,33.5541000,-39.9910000,-12.0040000,3.9170000,0.000000,0,0,0
1.440,-0.1035000,-0.0855000,9.6182000,35.3699000,29.0680000,34.2789000,-40.5010000,-11.8540000,5.0710000,0.000000,0,0,0
1.450,-0.0963000,-0.1059000,9.6170000,35.3775000,29.1367000,34.6603000,-40.4550000,-11.7220000,5.3600000,0.000000,0,0,0
1.460,-0.0796000,-0.1202000,9.6134000,35.6216000,28.8773000,34.7366000,-40.4150000,-11.9830000,4.8270000,0.000000,0,0,0
1.470,-0.0604000,-0.1274000,9.6110000,35.9268000,28.4424000,34.6603000,-40.4330000,-12.2540000,5.3620000,0.000000,0,0,0
1.480,-0.0401000,-0.1250000,9.6122000,36.2015000,28.0151000,34.5154000,-40.3400000,-11.8800000,4.7810000,0.000000,0,0,0
1.490,-0.0209000,-0.1154000,9.6134000,36.3617000,27.7786000,34.3552000,-40.3210000,-12.1560000,4.6170000,0.000000,0,0,0
1.500,-0.0090000,-0.0975000,9.6146000,36.2930000,27.7634000,34.2026000,-40.2040000,-12.2110000,4.7110000,0.000000,0,0,0
1.510,-0.0114000,-0.0819000,9.6146000,36.0641000,27.9388000,34.1187000,-40.4980000,-12.1400000,5.4370000,0.000000,0,0,0
1.520,-0.0233000,-0.0700000,9.6134000,35.7590000,28.1754000,34.1187000,-40.5850000,-12.2200000,4.7280000,0.000000,0,0,0
1.530,-0.0413000,-0.0652000,9.6122000,35.4767000,28.3508000,34.1492000,-40.2730000,-11.8780000,4.9920000,0.000000,0,0,0
1.540,-0.0616000,-0.0712000,9.6134000,35.3165000,28.4042000,34.1263000,-40.3010000,-12.1300000,4.9810000,0.000000,0,0,0
1.550,-0.0807000,-0.0784000,9.6134000,35.3699000,28.3127000,34.0042000,-40.0270000,-11.8820000,5.1070000,0.000000,0,0,0
1.560,-0.0963000,-0.0784000,9.6134000,35.5453000,28.0991000,33.8440000,-39.9450000,-12.0230000,3.9560000,0.000000,0,0,0
1.570,-0.1059000,-0.0748000,9.6122000,35.6827000,27.8625000,33.7296000,-40.3410000,-11.9820000,4.9020000,0.000000,0,0,0
1.580,-0.1071000,-0.0712000,9.6110000,35.7513000,27.6108000,33.6990000,-40.4490000,-11.9610000,4.8100000,0.000000,0,0,0
1.590,-0.1035000,-0.0736000,9.6122000,35.7895000,27.4200000,33.7372000,-40.5020000,-12.3670000,4.7240000,0.000000,0,0,0
1.600,-0.0951000,-0.0796000,9.6146000,35.7971000,27.3590000,33.7830000,-40.4640000,-11.9270000,4.8780000,0.000000,0,0,0
1.610,-0.0843000,-0.0915000,9.6158000,35.7971000,27.4048000,33.8058000,-40.0740000,-11.9440000,5.4050000,0.000000,0,0,0
1.620,-0.0712000,-0.1035000,9.6170000,35.7895000,27.5192000,33.7982000,-40.4160000,-12.0150000,5.5000000,0.000000,0,0,0
1.630,-0.0484000,-0.1071000,9.6158000,35.8200000,27.7328000,33.7448000,-40.5750000,-12.2320000,4.9790000,0.000000,0,0,0
1.640,-0.0353000,-0.0939000,9.6122000,35.7971000,27.8320000,33.6838000,-40.3300000,-11.8930000,4.7980000,0.000000,0,0,0
1.650,-0.0245000,-0.0724000,9.6110000,35.6827000,27.8931000,33.5922000,-40.2100000,-11.8150000,5.5330000,0.000000,0,0,0
1.660,-0.0233000,-0.0544000,9.6098000,35.4843000,27.9160000,33.5236000,-40.2720000,-11.8330000,5.0610000,0.000000,0,0,0
1.670,-0.0329000,-0.0473000,9.6098000,35.2707000,27.8778000,33.5693000,-40.3640000,-11.8190000,5.0840000,0.000000,0,0,0
1.680,-0.0580000,-0.0532000,9.6110000,35.1028000,27.7863000,33.7524000,-40.3960000,-12.0520000,5.2870000,0.000000,0,0,0
1.690,-0.0831000,-0.0724000,9.6122000,35.0418000,27.6489000,33.9966000,-40.3030000,-11.9790000,4.9450000,0.000000,0,0,0
1.700,-0.1023000,-0.0915000,9.6134000,35.1334000,27.4963000,34.1721000,-40.3230000,-12.1370000,5.4350000,0.000000,0,0,0
1.710,-0.1119000,-0.1071000,9.6146000,35.3317000,27.3514000,34.1797000,-39.9880000,-11.9810000,5.1360000,0.000000,0,0,0
1.720,-0.1107000,-0.1130000,9.6134000,35.5377000,27.2064000,34.0576000,-40.0220000,-12.2230000,4.4110000,0.000000,0,0,0
1.730,-0.1023000,-0.1095000,9.6146000,35.6903000,27.1072000,33.9279000,-40.4500000,-12.3580000,5.4130000,0.000000,0,0,0
1.740,-0.0927000,-0.1011000,9.6170000,35.7742000,27.1454000,33.9584000,-39.8520000,-12.1090000,5.3430000,0.000000,0,0,0
1.750,-0.0784000,-0.0951000,9.6194000,35.7666000,27.3285000,34.1949000,-40.3930000,-12.0420000,4.7830000,0.000000,0,0,0
1.760,-0.0604000,-0.0915000,9.6194000,35.6750000,27.6108000,34.5001000,-40.4120000,-12.0170000,5.2660000,0.000000,0,0,0
1.770,-0.0413000,-0.0939000,9.6170000,35.5530000,27.9007000,34.6985000,-40.1090000,-12.2820000,5.3670000,0.000000,0,0,0
1.780,-0.0269000,-0.0927000,9.6134000,35.4767000,28.0914000,34.6909000,-40.1740000,-12.1030000,4.7470000,0.000000,0,0,0
1.790,-0.0221000,-0.0855000,9.6110000,35.5072000,28.1448000,34.4696000,-40.4220000,-12.4800000,4.9480000,0.000000,0,0,0
1.800,-0.0245000,-0.0748000,9.6086000,35.6445000,28.0685000,34.1110000,-40.3080000,-12.1430000,5.0950000,0.000000,0,0,0
1.810,-0.0341000,-0.0604000,9.6074000,35.7895000,27.9160000,33.7677000,-40.4840000,-12.1400000,5.5480000,0.000000,0,0,0
1.820,-0.0508000,-0.0496000,9.6074000,35.8887000,27.7557000,33.5388000,-40.4650000,-12.0420000,5.1950000,0.000000,0,0,0
1.830,-0.0652000,-0.0473000,9.6110000,35.9116000,27.6871000,33.4473000,-40.1910000,-12.1900000,4.9970000,0.000000,0,0,0
1.840,-0.0784000,-0.0580000,9.6146000,35.8810000,27.7557000,33.5007000,-40.2690000,-11.9520000,5.6260000,0.000000,0,0,0
1.850,-0.0843000,-0.0760000,9.6182000,35.7742000,27.9388000,33.6380000,-40.4540000,-12.2760000,5.2260000,0.000000,0,0,0
1.860,-0.0843000,-0.0927000,9.6182000,35.6064000,28.1372000,33.7372000,-40.4200000,-11.9310000,5.2680000,0.000000,0,0,0
1.870,-0.0796000,-0.1047000,9.6158000,35.4767000,28.2364000,33.6761000,-40.1660000,-11.9990000,4.0670000,0.000000,0,0,0
1.880,-0.0772000,-0.1095000,9.6122000,35.4691000,28.1601000,33.4854000,-40.1670000,-11.9810000,4.7620000,0.000000,0,0,0
1.890,-0.0760000,-0.1107000,9.6110000,35.6140000,27.9236000,33.2794000,-40.0850000,-12.2650000,5.2050000,0.000000,0,0,0
1.900,-0.0724000,-0.1011000,9.6110000,35.8658000,27.6413000,33.1116000,-40.2600000,-12.1090000,4.9600000,0.000000,0,0,0
1.910,-0.0640000,-0.0819000,9.6134000,36.0870000,27.4353000,32.9666000,-40.1990000,-12.1410000,5.7850000,0.000000,0,0,0
1.920,-0.0568000,-0.0628000,9.6146000,36.1633000,27.3819000,32.8979000,-40.3570000,-12.2350000,4.5790000,0.000000,0,0,0
1.930,-0.0484000,-0.0544000,9.6134000,36.0870000,27.4429000,32.9361000,-40.4720000,-12.1560000,4.1490000,0.000000,0,0,0
1.940,-0.0437000,-0.0592000,9.6110000,35.9421000,27.5269000,33.0963000,-40.4770000,-11.8310000,4.7050000,0.000000,0,0,0
1.950,-0.0461000,-0.0748000,9.6086000,35.8582000,27.5269000,33.2870000,-40.5220000,-12.3650000,5.1020000,0.000000,0,0,0
1.960,-0.0461000,-0.0891000,9.6062000,36.0184000,27.1530000,33.4396000,-40.3920000,-12.0330000,4.6710000,0.000000,0,0,0
1.970,-0.0484000,-0.0975000,9.6062000,36.3998000,26.6495000,33.4778000,-40.2820000,-12.3330000,4.5430000,0.000000,0,0,0
1.980,-0.0401000,-0.0736000,9.6062000,36.7279000,26.1230000,33.4244000,-40.4260000,-12.0740000,4.9170000,0.000000,0,0,0
1.990,-0.0281000,-0.0413000,9.6074000,36.7737000,25.8408000,33.1573000,-40.5600000,-12.1370000,4.6050000,0.000000,0,0,0
2.000,-0.0353000,-0.0413000,9.6122000,36.5829000,26.0010000,32.9208000,-40.3710000,-12.1480000,4.8380000,0.000000,0,0,0
2.010,-0.0389000,-0.0389000,9.6146000,36.3235000,26.3214000,32.7988000,-40.5920000,-12.3490000,5.3260000,0.000000,0,0,0
2.020,-0.0449000,-0.0592000,9.6182000,36.1557000,26.6113000,32.7225000,-40.5390000,-12.2600000,4.7920000,0.000000,0,0,0
2.030,-0.0700000,-0.1142000,9.6218000,36.1176000,26.9852000,32.9056000,-40.2970000,-12.1250000,5.0140000,0.000000,0,0,0
2.040,-0.0772000,-0.1609000,9.6241000,36.1710000,27.2598000,33.1802000,-40.6010000,-12.0340000,4.6170000,0.000000,0,0,0
2.050,-0.0807000,-0.1788000,9.6229000,36.2778000,27.4277000,33.3405000,-40.4770000,-12.0310000,5.1590000,0.000000,0,0,0
2.060,-0.0676000,-0.1621000,9.6194000,36.3922000,27.4963000,33.3557000,-40.4500000,-12.0190000,4.2640000,0.000000,0,0,0
2.070,-0.0580000,-0.1358000,9.6158000,36.4380000,27.6031000,33.4549000,-40.2160000,-12.0280000,4.5630000,0.000000,0,0,0
2.080,-0.0449000,-0.0963000,9.6110000,36.3464000,27.6794000,33.7448000,-40.5260000,-12.2750000,4.9400000,0.000000,0,0,0
2.090,-0.0257000,-0.0628000,9.6110000,36.2167000,27.7405000,33.9584000,-40.3550000,-12.1110000,5.1140000,0.000000,0,0,0
2.100,-0.0114000,-0.0496000,9.6146000,36.0184000,28.1296000,34.0042000,-40.4760000,-12.0020000,5.2800000,0.000000,0,0,0
2.110,-0.0042000,-0.0329000,9.6146000,35.6445000,28.9154000,33.9890000,-40.2110000,-12.1240000,5.3820000,0.000000,0,0,0
2.120,0.0006000,-0.0305000,9.6134000,35.3088000,29.5105000,34.0042000,-40.2780000,-11.8610000,5.0940000,0.000000,0,0,0
2.130,-0.0138000,-0.0640000,9.6086000,35.1868000,29.9530000,34.2712000,-40.3810000,-11.8130000,4.3530000,0.000000,0,0,0
2.140,-0.0281000,-0.0831000,9.6050000,35.3394000,29.7318000,34.3399000,-40.1880000,-12.0370000,5.1750000,0.000000,0,0,0
2.150,-0.0484000,-0.0975000,9.6038000,35.6598000,29.1748000,34.1568000,-40.3230000,-11.7540000,4.6880000,0.000000,0,0,0
2.160,-0.0688000,-0.1011000,9.6038000,36.0565000,28.3966000,33.8211000,-40.7340000,-12.0460000,5.2150000,0.000000,0,0,0
2.170,-0.0831000,-0.0903000,9.6074000,36.3846000,27.6413000,33.5083000,-40.2950000,-12.1510000,5.2690000,0.000000,0,0,0
2.180,-0.0867000,-0.0724000,9.6122000,36.5219000,27.1912000,33.3710000,-40.4780000,-12.2350000,4.6870000,0.000000,0,0,0
2.190,-0.0772000,-0.0556000,9.6158000,36.4456000,27.0844000,33.4091000,-40.4870000,-12.1200000,5.5390000,0.000000,0,0,0
2.200,-0.0628000,-0.0484000,9.6158000,36.2396000,27.2369000,33.4854000,-40.3890000,-12.1520000,5.1520000,0.000000,0,0,0
2.210,-0.0484000,-0.0508000,9.6146000,36.0336000,27.5116000,33.4702000,-40.3480000,-12.1330000,5.4200000,0.000000,0,0,0
2.220,-0.0341000,-0.0616000,9.6146000,35.9039000,27.8168000,33.3862000,-40.1640000,-11.8180000,4.9530000,0.000000,0,0,0
2.230,-0.0293000,-0.0736000,9.6146000,35.8429000,28.0991000,33.3252000,-40.3820000,-11.9650000,5.2070000,0.000000,0,0,0
2.240,-0.0293000,-0.0819000,9.6146000,35.8429000,28.3432000,33.3176000,-40.1360000,-11.9200000,4.9980000,0.000000,0,0,0
2.250,-0.0317000,-0.0867000,9.6146000,35.8582000,28.4958000,33.3023000,-40.5380000,-12.1500000,5.0170000,0.000000,0,0,0
2.260,-0.0437000,-0.0855000,9.6134000,35.8887000,28.5492000,33.2489000,-40.5330000,-12.1750000,5.2440000,0.000000,0,0,0
2.270,-0.0568000,-0.0796000,9.6134000,35.9344000,28.4805000,33.1573000,-40.3720000,-12.0130000,5.1360000,0.000000,0,0,0
2.280,-0.0688000,-0.0688000,9.6146000,36.0260000,28.3356000,33.0582000,-40.3380000,-11.8710000,4.9940000,0.000000,0,0,0
2.290,-0.0748000,-0.0628000,9.6146000,36.1252000,28.1219000,32.9361000,-40.5030000,-11.7990000,4.9640000,0.000000,0,0,0
2.300,-0.0784000,-0.0544000,9.6134000,36.2778000,27.9160000,32.8827000,-40.4590000,-12.2150000,5.1280000,0.000000,0,0,0
2.310,-0.0784000,-0.0473000,9.6122000,36.4532000,27.7557000,32.9285000,-40.5730000,-12.4010000,4.8170000,0.000000,0,0,0
2.320,-0.0712000,-0.0508000,9.6122000,36.6745000,27.6337000,33.0505000,-40.4990000,-12.0400000,4.8120000,0.000000,0,0,0
2.330,-0.0616000,-0.0580000,9.6122000,36.9415000,27.5726000,33.1955000,-40.5800000,-12.2930000,4.7710000,0.000000,0,0,0
2.340,-0.0461000,-0.0640000,9.6110000,37.2086000,27.5421000,33.2870000,-40.5140000,-12.1060000,4.9400000,0.000000,0,0,0
2.350,-0.0341000,-0.0700000,9.6062000,37.3840000,27.4811000,33.3252000,-40.2290000,-12.2360000,5.5490000,0.000000,0,0,0
2.360,-0.0257000,-0.0712000,9.6014000,37.3306000,27.3895000,33.3405000,-40.6070000,-12.4000000,6.0410000,0.000000,0,0,0
2.370,-0.0185000,-0.0592000,9.6050000,37.0789000,27.4353000,33.3405000,-40.3480000,-12.2190000,6.0750000,0.000000,0,0,0
2.380,-0.0209000,-0.0461000,9.6086000,36.7355000,27.7100000,33.4015000,-40.6260000,-12.0960000,5.4170000,0.000000,0,0,0
2.390,-0.0341000,-0.0508000,9.6122000,36.3541000,28.1067000,33.6685000,-40.3850000,-12.4140000,6.0970000,0.000000,0,0,0
2.400,-0.0496000,-0.0700000,9.6146000,36.0641000,28.4729000,34.1339000,-40.1980000,-12.0960000,6.0740000,0.000000,0,0,0
2.410,-0.0616000,-0.0891000,9.6170000,36.0184000,28.6407000,34.5993000,-40.4780000,-12.2120000,5.6790000,0.000000,0,0,0
2.420,-0.0676000,-0.0867000,9.6170000,36.1404000,28.5950000,34.8587000,-40.2450000,-12.1580000,6.0650000,0.000000,0,0,0
2.430,-0.0676000,-0.0640000,9.6170000,36.2320000,28.4805000,34.7900000,-40.2430000,-12.1570000,5.2360000,0.000000,0,0,0
2.440,-0.0664000,-0.0317000,9.6134000,36.2625000,28.2822000,34.4391000,-40.5770000,-12.4200000,5.3740000,0.000000,0,0,0
2.450,-0.0664000,-0.0054000,9.6098000,36.2320000,28.0457000,33.9432000,-40.3430000,-12.2640000,5.6270000,0.000000,0,0,0
2.460,-0.0664000,0.0090000,9.6074000,36.1557000,27.8091000,33.4549000,-40.3800000,-12.3590000,5.3370000,0.000000,0,0,0
2.470,-0.0664000,0.0042000,9.6098000,36.0565000,27.6566000,33.0505000,-40.5890000,-12.2450000,5.8970000,0.000000,0,0,0
2.480,-0.0700000,-0.0150000,9.6146000,35.9573000,27.6108000,32.7759000,-40.4930000,-12.0490000,5.6340000,0.000000,0,0,0
2.490,-0.0736000,-0.0413000,9.6170000,35.8887000,27.6489000,32.6614000,-40.5790000,-12.0700000,6.4100000,0.000000,0,0,0
2.500,-0.0736000,-0.0604000,9.6158000,35.8658000,27.7481000,32.6767000,-40.5300000,-12.3660000,5.3600000,0.000000,0,0,0
2.510,-0.0712000,-0.0688000,9.6134000,35.8810000,27.8244000,32.8140000,-40.4830000,-12.1020000,5.8850000,0.000000,0,0,0
2.520,-0.0688000,-0.0712000,9.6098000,35.9268000,27.7710000,33.0353000,-40.6290000,-12.0200000,6.0850000,0.000000,0,0,0
2.530,-0.0604000,-0.0712000,9.6062000,35.9802000,27.6184000,33.3023000,-40.2610000,-12.0170000,5.6120000,0.000000,0,0,0
2.540,-0.0496000,-0.0712000,9.6038000,36.0031000,27.4048000,33.5388000,-40.3830000,-12.0880000,5.6750000,0.000000,0,0,0
2.550,-0.0401000,-0.0724000,9.6062000,35.9879000,27.2064000,33.6914000,-40.4860000,-12.1770000,5.6640000,0.000000,0,0,0
2.560,-0.0365000,-0.0796000,9.6146000,35.9497000,27.2980000,33.8211000,-40.4430000,-11.7600000,5.3160000,0.000000,0,0,0
2.570,-0.0425000,-0.0879000,9.6194000,35.8582000,27.7405000,34.0576000,-40.1640000,-12.0190000,5.1920000,0.000000,0,0,0
2.580,-0.0413000,-0.0927000,9.6229000,35.8353000,28.2593000,34.3475000,-40.3830000,-11.9010000,5.9370000,0.000000,0,0,0
2.590,-0.0473000,-0.0927000,9.6241000,35.8353000,28.7781000,34.6451000,-40.5530000,-12.0220000,5.6120000,0.000000,0,0,0
2.600,-0.0568000,-0.0855000,9.6206000,35.8658000,29.0604000,34.9045000,-40.3840000,-11.7880000,5.1410000,0.000000,0,0,0
2.610,-0.0748000,-0.0748000,9.6134000,35.9573000,28.9307000,35.0647000,-40.6750000,-12.0230000,5.2490000,0.000000,0,0,0
2.620,-0.0855000,-0.0544000,9.6086000,36.1023000,28.4424000,35.0266000,-40.3940000,-12.0850000,5.3860000,0.000000,0,0,0
2.630,-0.0903000,-0.0185000,9.6050000,36.3846000,27.5421000,34.5001000,-40.2100000,-12.3750000,5.5700000,0.000000,0,0,0
2.640,-0.0843000,0.0018000,9.6062000,36.4685000,27.1835000,34.0881000,-40.1260000,-12.0460000,5.8290000,0.000000,0,0,0
2.650,-0.0736000,0.0078000,9.6098000,36.4609000,27.0691000,33.8211000,-40.3390000,-12.2680000,5.4930000,0.000000,0,0,0
2.660,-0.0520000,0.0030000,9.6134000,36.3846000,27.2064000,33.7143000,-40.3310000,-12.1730000,5.5660000,0.000000,0,0,0
2.670,-0.0293000,-0.0114000,9.6146000,36.2091000,27.5345000,33.7219000,-40.2420000,-11.9970000,5.7010000,0.000000,0,0,0
2.680,-0.0161000,-0.0317000,9.6146000,36.0413000,27.9007000,33.7830000,-40.3450000,-11.8640000,5.8960000,0.000000,0,0,0
2.690,-0.0173000,-0.0484000,9.6146000,35.8963000,28.2593000,33.8669000,-40.3910000,-12.1190000,5.0800000,0.000000,0,0,0
2.700,-0.0245000,-0.0592000,9.6122000,35.8429000,28.4042000,33.8440000,-40.5380000,-11.8340000,4.7330000,0.000000,0,0,0
2.710,-0.0329000,-0.0616000,9.6098000,35.8047000,28.4729000,33.5999000,-40.6170000,-11.9850000,5.2020000,0.000000,0,0,0
2.720,-0.0425000,-0.0532000,9.6086000,35.6674000,28.6102000,33.1497000,-40.0280000,-12.1340000,5.2410000,0.000000,0,0,0
2.730,-0.0616000,-0.0473000,9.6098000,35.5072000,28.7399000,32.7530000,-40.4570000,-11.9330000,4.8560000,0.000000,0,0,0
2.740,-0.0855000,-0.0496000,9.6122000,35.4156000,28.8086000,32.7072000,-40.2950000,-12.0370000,4.6260000,0.000000,0,0,0
2.750,-0.1011000,-0.0604000,9.6134000,35.3775000,28.8162000,33.0887000,-40.3900000,-12.3460000,4.7710000,0.000000,0,0,0
2.760,-0.1047000,-0.0724000,9.6134000,35.4614000,28.6942000,33.6151000,-40.4590000,-11.9920000,4.8140000,0.000000,0,0,0
2.770,-0.0999000,-0.0772000,9.6122000,35.6293000,28.4729000,33.9813000,-40.3420000,-12.0970000,4.9450000,0.000000,0,0,0
2.780,-0.0891000,-0.0748000,9.6110000,35.8124000,28.1372000,34.0424000,-40.3900000,-11.9890000,5.1190000,0.000000,0,0,0
2.790,-0.0736000,-0.0568000,9.6086000,35.9497000,27.7863000,33.8593000,-40.7970000,-12.0940000,3.9960000,0.000000,0,0,0
2.800,-0.0604000,-0.0317000,9.6074000,35.9955000,27.4734000,33.5770000,-40.4290000,-12.0190000,4.9500000,0.000000,0,0,0
2.810,-0.0544000,-0.0126000,9.6062000,35.9802000,27.2751000,33.3176000,-40.5390000,-12.3240000,4.7880000,0.000000,0,0,0
2.820,-0.0544000,-0.0066000,9.6074000,35.9039000,27.1835000,33.1802000,-40.2800000,-12.0650000,5.0440000,0.000000,0,0,0
2.830,-0.0604000,-0.0150000,9.6110000,35.8124000,27.2217000,33.1497000,-40.1950000,-12.0650000,4.9840000,0.000000,0,0,0
2.840,-0.0676000,-0.0269000,9.6134000,35.7437000,27.3285000,33.2108000,-40.2190000,-12.3120000,5.4380000,0.000000,0,0,0
2.850,-0.0736000,-0.0413000,9.6146000,35.6903000,27.4429000,33.3252000,-40.2990000,-12.0540000,5.6000000,0.000000,0,0,0
2.860,-0.0796000,-0.0532000,9.6146000,35.6369000,27.4887000,33.4930000,-40.3290000,-11.9840000,5.7040000,0.000000,0,0,0
2.870,-0.0772000,-0.0592000,9.6134000,35.6064000,27.4353000,33.6151000,-40.3680000,-12.1810000,5.7270000,0.000000,0,0,0
2.880,-0.0700000,-0.0556000,9.6134000,35.6522000,27.3361000,33.6380000,-40.3330000,-12.0950000,5.7290000,0.000000,0,0,0
2.890,-0.0568000,-0.0520000,9.6146000,35.7285000,27.3132000,33.5922000,-40.3510000,-12.0340000,5.4810000,0.000000,0,0,0
2.900,-0.0425000,-0.0473000,9.6146000,35.7361000,27.4124000,33.4702000,-40.0450000,-12.1730000,5.5430000,0.000000,0,0,0
2.910,-0.0281000,-0.0449000,9.6134000,35.6827000,27.6184000,33.3252000,-39.9320000,-12.2890000,5.2930000,0.000000,0,0,0
2.920,-0.0245000,-0.0437000,9.6110000,35.6140000,27.8549000,33.2413000,-40.4960000,-12.2530000,5.3910000,0.000000,0,0,0
2.930,-0.0365000,-0.0437000,9.6110000,35.5301000,28.1067000,33.3023000,-40.4370000,-12.5310000,5.5640000,0.000000,0,0,0
2.940,-0.0544000,-0.0520000,9.6122000,35.5225000,28.2669000,33.4778000,-40.7580000,-12.0700000,5.6680000,0.000000,0,0,0
2.950,-0.0736000,-0.0616000,9.6110000,35.5530000,28.2745000,33.6838000,-40.4330000,-12.3260000,5.7750000,0.000000,0,0,0
2.960,-0.0903000,-0.0664000,9.6098000,35.5911000,28.0685000,33.8287000,-40.5350000,-12.3130000,5.7230000,0.000000,0,0,0
2.970,-0.0987000,-0.0640000,9.6098000,35.6522000,27.6871000,33.9050000,-40.5000000,-12.4070000,5.5000000,0.000000,0,0,0
2.980,-0.0963000,-0.0580000,9.6086000,35.7132000,27.2064000,33.9203000,-40.4830000,-12.4190000,5.2670000,0.000000,0,0,0
2.990,-0.0867000,-0.0508000,9.6098000,35.7361000,26.7487000,33.8440000,-40.1800000,-12.4600000,5.0950000,0.000000,0,0,0
3.000,-0.0748000,-0.0473000,9.6122000,35.7513000,26.4587000,33.6990000,-40.2140000,-12.3560000,5.4040000,0.000000,0,0,0
3.010,-0.0652000,-0.0461000,9.6146000,35.7361000,26.3824000,33.5541000,-40.1750000,-12.5700000,5.7000000,0.000000,0,0,0
3.020,-0.0544000,-0.0425000,9.6146000,35.7056000,26.4664000,33.4244000,-40.3410000,-12.4500000,5.1340000,0.000000,0,0,0
3.030,-0.0425000,-0.0317000,9.6134000,35.6903000,26.6037000,33.3176000,-40.4630000,-12.4710000,5.2610000,0.000000,0,0,0
3.040,-0.0317000,-0.0197000,9.6110000,35.7285000,26.7487000,33.3023000,-40.1530000,-12.3970000,5.2320000,0.000000,0,0,0
3.050,-0.0221000,-0.0173000,9.6098000,35.7971000,26.9394000,33.4396000,-40.5940000,-12.0850000,5.3990000,0.000000,0,0,0
3.060,-0.0138000,-0.0257000,9.6110000,35.8429000,27.1912000,33.6838000,-40.3100000,-12.1730000,5.1590000,0.000000,0,0,0
3.070,-0.0054000,-0.0437000,9.6122000,35.8505000,27.5192000,33.8898000,-40.5110000,-11.9860000,4.6700000,0.000000,0,0,0
3.080,0.0006000,-0.0628000,9.6134000,35.8124000,27.9541000,33.9127000,-40.0700000,-12.3270000,5.1140000,0.000000,0,0,0
3.090,-0.0066000,-0.0748000,9.6146000,35.7208000,28.3966000,33.7753000,-40.5520000,-12.5310000,5.4350000,0.000000,0,0,0
3.100,-0.0209000,-0.0760000,9.6146000,35.6293000,28.7323000,33.5999000,-40.5320000,-12.4250000,4.9250000,0.000000,0,0,0
3.110,-0.0425000,-0.0664000,9.6122000,35.5682000,28.8696000,33.4854000,-40.6520000,-12.1580000,5.1420000,0.000000,0,0,0
3.120,-0.0640000,-0.0568000,9.6110000,35.5530000,28.7781000,33.4702000,-40.8480000,-12.2900000,4.5540000,0.000000,0,0,0
3.130,-0.0796000,-0.0484000,9.6074000,35.5682000,28.4958000,33.4854000,-40.4430000,-12.0260000,4.9880000,0.000000,0,0,0
3.140,-0.0796000,-0.0413000,9.6062000,35.6293000,28.0991000,33.3939000,-40.5850000,-12.2260000,4.5960000,0.000000,0,0,0
3.150,-0.0688000,-0.0317000,9.6062000,35.6674000,27.7328000,33.1497000,-40.5280000,-12.2400000,4.2410000,0.000000,0,0,0
3.160,-0.0556000,-0.0293000,9.6062000,35.6750000,27.5040000,32.8827000,-40.2990000,-12.3920000,4.7370000,0.000000,0,0,0
3.170,-0.0437000,-0.0389000,9.6086000,35.6674000,27.4506000,32.7682000,-40.3820000,-12.1090000,4.6600000,0.000000,0,0,0
3.180,-0.0341000,-0.0568000,9.6110000,35.6598000,27.6489000,33.0353000,-40.5140000,-12.3780000,4.9780000,0.000000,0,0,0
3.190,-0.0305000,-0.0652000,9.6134000,35.6598000,27.8397000,33.3176000,-40.5550000,-12.2960000,4.7460000,0.000000,0,0,0
3.200,-0.0329000,-0.0736000,9.6122000,35.6445000,28.0151000,33.5236000,-40.7220000,-12.3060000,4.5940000,0.000000,0,0,0
3.210,-0.0365000,-0.0772000,9.6122000,35.6216000,28.0838000,33.5464000,-40.5430000,-12.3710000,4.5710000,0.000000,0,0,0
3.220,-0.0449000,-0.0724000,9.6098000,35.6216000,27.9846000,33.4091000,-40.4370000,-12.3510000,5.1120000,0.000000,0,0,0
3.230,-0.0544000,-0.0628000,9.6086000,35.6369000,27.7405000,33.2108000,-40.5880000,-12.3080000,4.7070000,0.000000,0,0,0
3.240,-0.0592000,-0.0508000,9.6086000,35.6750000,27.4200000,33.0429000,-40.5600000,-12.0930000,4.2410000,0.000000,0,0,0
3.250,-0.0592000,-0.0377000,9.6074000,35.7437000,27.0615000,32.8827000,-40.5950000,-12.4730000,4.6390000,0.000000,0,0,0
3.260,-0.0568000,-0.0317000,9.6074000,35.7819000,26.7487000,32.7606000,-40.6050000,-12.3320000,5.4150000,0.000000,0,0,0
3.270,-0.0580000,-0.0377000,9.6074000,35.7361000,26.5121000,32.7148000,-40.5410000,-12.1250000,4.4870000,0.000000,0,0,0
3.280,-0.0580000,-0.0520000,9.6086000,35.6522000,26.3672000,32.7682000,-40.5460000,-12.4750000,4.3330000,0.000000,0,0,0
3.290,-0.0544000,-0.0580000,9.6098000,35.5377000,26.3672000,32.8903000,-40.5300000,-12.3870000,4.4830000,0.000000,0,0,0
3.300,-0.0461000,-0.0508000,9.6098000,35.4156000,26.4587000,33.0353000,-40.5760000,-12.3110000,4.5690000,0.000000,0,0,0
3.310,-0.0401000,-0.0449000,9.6098000,35.2936000,26.6190000,33.2947000,-40.4350000,-12.5220000,4.6700000,0.000000,0,0,0
3.320,-0.0389000,-0.0496000,9.6098000,35.2325000,26.8097000,33.7677000,-40.6870000,-12.2720000,4.2010000,0.000000,0,0,0
3.330,-0.0329000,-0.0592000,9.6098000,35.2402000,26.9928000,34.3399000,-40.8290000,-12.2850000,5.3850000,0.000000,0,0,0
3.340,-0.0281000,-0.0748000,9.6110000,35.3012000,27.1454000,34.7900000,-40.4360000,-12.3140000,5.4400000,0.000000,0,0,0
3.350,-0.0209000,-0.0891000,9.6110000,35.4156000,27.2598000,34.9274000,-40.3670000,-12.3240000,5.9670000,0.000000,0,0,0
3.360,-0.0150000,-0.0939000,9.6110000,35.5606000,27.3819000,34.7519000,-40.4670000,-12.6330000,5.1080000,0.000000,0,0,0
3.370,-0.0102000,-0.0819000,9.6110000,35.6827000,27.6184000,34.4162000,-40.3260000,-12.2040000,5.1640000,0.000000,0,0,0
3.380,-0.0078000,-0.0616000,9.6086000,35.7285000,27.9694000,34.0805000,-40.3720000,-12.2060000,5.2360000,0.000000,0,0,0
3.390,-0.0090000,-0.0413000,9.6062000,35.6827000,28.2974000,33.8364000,-40.6540000,-11.8360000,5.6270000,0.000000,0,0,0
3.400,-0.0161000,-0.0269000,9.6026000,35.6369000,28.4805000,33.7143000,-40.1510000,-12.1650000,5.5500000,0.000000,0,0,0
3.410,-0.0173000,-0.0209000,9.6002000,35.6445000,28.4348000,33.6380000,-40.1950000,-11.8780000,5.7440000,0.000000,0,0,0
3.420,-0.0197000,-0.0245000,9.6002000,35.6598000,28.2669000,33.5617000,-40.2020000,-12.0640000,6.0040000,0.000000,0,0,0
3.430,-0.0257000,-0.0341000,9.6026000,35.6369000,28.0838000,33.5846000,-40.4330000,-12.2460000,5.9780000,0.000000,0,0,0
3.440,-0.0329000,-0.0496000,9.6050000,35.6064000,27.9160000,33.7372000,-40.4200000,-12.1190000,5.6140000,0.000000,0,0,0
3.450,-0.0389000,-0.0664000,9.6074000,35.5835000,27.8091000,33.9203000,-40.3120000,-12.1180000,5.8890000,0.000000,0,0,0
3.460,-0.0425000,-0.0807000,9.6086000,35.5225000,27.7405000,34.0347000,-40.3660000,-12.3650000,5.2340000,0.000000,0,0,0
3.470,-0.0437000,-0.0903000,9.6098000,35.4767000,27.6566000,34.0195000,-40.0950000,-12.4100000,5.4650000,0.000000,0,0,0
3.480,-0.0425000,-0.0975000,9.6098000,35.5225000,27.5192000,33.8821000,-40.2080000,-12.4220000,5.4240000,0.000000,0,0,0
3.490,-0.0425000,-0.1083000,9.6086000,35.6674000,27.3666000,33.6456000,-40.6870000,-12.3640000,5.6030000,0.000000,0,0,0
3.500,-0.0437000,-0.1166000,9.6098000,35.8887000,27.1454000,33.2718000,-40.4610000,-12.1800000,4.5940000,0.000000,0,0,0
3.510,-0.0449000,-0.1095000,9.6110000,36.0718000,27.0309000,32.9285000,-40.2030000,-12.1800000,5.3890000,0.000000,0,0,0
3.520,-0.0425000,-0.0951000,9.6110000,36.1938000,26.9699000,32.8140000,-40.3980000,-12.1760000,5.7630000,0.000000,0,0,0
3.530,-0.0353000,-0.0867000,9.6074000,36.3464000,26.8860000,32.8827000,-40.2960000,-12.3810000,5.0570000,0.000000,0,0,0
3.540,-0.0221000,-0.0784000,9.6050000,36.5143000,26.6953000,32.8827000,-40.2250000,-12.3320000,4.7870000,0.000000,0,0,0
3.550,-0.0126000,-0.0640000,9.6050000,36.6440000,26.5808000,32.7148000,-40.3080000,-12.1430000,4.4300000,0.000000,0,0,0
3.560,-0.0161000,-0.0508000,9.6074000,36.6821000,26.6418000,32.6462000,-40.3900000,-12.3460000,3.9910000,0.000000,0,0,0
3.570,-0.0281000,-0.0449000,9.6110000,36.5906000,26.8860000,32.9208000,-40.5070000,-12.3710000,4.7570000,0.000000,0,0,0
3.580,-0.0365000,-0.0473000,9.6122000,36.4304000,27.1988000,33.4396000,-40.3800000,-12.2500000,4.9390000,0.000000,0,0,0
3.590,-0.0401000,-0.0532000,9.6110000,36.2396000,27.4582000,33.9661000,-40.2670000,-12.0790000,4.9060000,0.000000,0,0,0
3.600,-0.0401000,-0.0616000,9.6086000,36.0794000,27.5650000,34.3323000,-40.2500000,-12.0400000,4.7710000,0.000000,0,0,0
3.610,-0.0365000,-0.0712000,9.6074000,36.0413000,27.4582000,34.5383000,-40.4670000,-11.9000000,4.7980000,0.000000,0,0,0
3.620,-0.0257000,-0.0688000,9.6050000,36.0870000,27.2598000,34.6603000,-40.5330000,-12.2820000,4.6910000,0.000000,0,0,0
3.630,-0.0138000,-0.0532000,9.6026000,36.1481000,27.0309000,34.7519000,-40.2650000,-12.4510000,5.0570000,0.000000,0,0,0
3.640,0.0018000,-0.0365000,9.6026000,36.1710000,26.9012000,34.8740000,-40.2030000,-12.4170000,4.9860000,0.000000,0,0,0
3.650,0.0150000,-0.0305000,9.6014000,36.1557000,26.8707000,35.0266000,-40.1990000,-12.5860000,4.7690000,0.000000,0,0,0
3.660,0.0233000,-0.0377000,9.6014000,36.1328000,26.9318000,35.0952000,-40.3050000,-12.1110000,4.8270000,0.000000,0,0,0
3.670,0.0257000,-0.0413000,9.6026000,36.0565000,27.0844000,35.0266000,-40.2420000,-12.3930000,5.2140000,0.000000,0,0,0
3.680,0.0209000,-0.0389000,9.6050000,35.9268000,27.3132000,34.8206000,-40.3650000,-12.3290000,4.7020000,0.000000,0,0,0
3.690,0.0066000,-0.0317000,9.6050000,35.7895000,27.5192000,34.5993000,-40.3680000,-12.3240000,4.6830000,0.000000,0,0,0
3.700,-0.0090000,-0.0233000,9.6050000,35.6979000,27.6337000,34.4620000,-40.3470000,-12.5630000,4.7360000,0.000000,0,0,0
3.710,-0.0281000,-0.0209000,9.6050000,35.6293000,27.6108000,34.3246000,-40.0500000,-11.9690000,4.5140000,0.000000,0,0,0
3.720,-0.0353000,-0.0365000,9.6062000,35.6598000,27.4963000,34.2026000,-40.2140000,-12.1700000,4.9260000,0.000000,0,0,0
3.730,-0.0353000,-0.0568000,9.6074000,35.7742000,27.3361000,34.0424000,-40.3700000,-12.4050000,5.3910000,0.000000,0,0,0
3.740,-0.0245000,-0.0712000,9.6086000,35.8963000,27.2751000,33.9050000,-40.1330000,-11.9730000,4.7620000,0.000000,0,0,0
3.750,-0.0066000,-0.0760000,9.6086000,36.0260000,27.3209000,33.8440000,-40.1810000,-12.3300000,4.3460000,0.000000,0,0,0
3.760,0.0102000,-0.0736000,9.6098000,36.0947000,27.4506000,33.8516000,-40.2230000,-12.3660000,4.4670000,0.000000,0,0,0
3.770,0.0257000,-0.0652000,9.6098000,36.0870000,27.6413000,33.9127000,-40.1470000,-12.4330000,4.7940000,0.000000,0,0,0
3.780,0.0293000,-0.0604000,9.6074000,36.0107000,27.8473000,33.9890000,-39.9860000,-12.3360000,5.0010000,0.000000,0,0,0
3.790,0.0281000,-0.0628000,9.6062000,35.8963000,28.0304000,34.0195000,-39.9840000,-12.0840000,5.1380000,0.000000,0,0,0
3.800,0.0209000,-0.0724000,9.6062000,35.8047000,28.1677000,33.9890000,-40.0730000,-12.1000000,4.4410000,0.000000,0,0,0
3.810,0.0054000,-0.0819000,9.6074000,35.7513000,28.2822000,33.9661000,-40.5940000,-11.8750000,4.7640000,0.000000,0,0,0
3.820,-0.0078000,-0.0879000,9.6086000,35.7361000,28.3813000,33.9966000,-40.1100000,-11.9580000,4.9010000,0.000000,0,0,0
3.830,-0.0126000,-0.0855000,9.6074000,35.7285000,28.5034000,34.0500000,-40.3910000,-12.3330000,4.6180000,0.000000,0,0,0
3.840,-0.0078000,-0.0736000,9.6062000,35.7056000,28.6255000,34.0958000,-40.4960000,-12.3950000,4.9010000,0.000000,0,0,0
3.850,-0.0042000,-0.0568000,9.6038000,35.6598000,28.7247000,34.1415000,-40.3300000,-12.4950000,5.0540000,0.000000,0,0,0
3.860,-0.0018000,-0.0401000,9.6038000,35.6293000,28.8010000,34.1949000,-40.4830000,-11.8720000,4.8410000,0.000000,0,0,0
3.870,0.0006000,-0.0317000,9.6026000,35.6140000,28.8544000,34.2178000,-40.2220000,-12.1640000,4.5040000,0.000000,0,0,0
3.880,-0.0030000,-0.0293000,9.6014000,35.6064000,28.8849000,34.1721000,-40.3910000,-12.4630000,4.9200000,0.000000,0,0,0
3.890,-0.0078000,-0.0317000,9.6038000,35.6140000,28.9078000,33.9966000,-39.9320000,-12.3540000,5.1840000,0.000000,0,0,0
3.900,-0.0138000,-0.0377000,9.6062000,35.6216000,28.9459000,33.7601000,-40.1580000,-12.2650000,4.9680000,0.000000,0,0,0
3.910,-0.0150000,-0.0425000,9.6074000,35.6293000,28.9841000,33.5464000,-40.2980000,-12.2400000,4.7280000,0.000000,0,0,0
3.920,-0.0161000,-0.0449000,9.6074000,35.6522000,29.0298000,33.4625000,-40.4070000,-12.3050000,4.9850000,0.000000,0,0,0
3.930,-0.0161000,-0.0449000,9.6062000,35.6522000,29.0527000,33.5846000,-40.3050000,-12.7640000,4.6820000,0.000000,0,0,0
3.940,-0.0126000,-0.0437000,9.6062000,35.6674000,28.9993000,33.8516000,-40.4860000,-12.3780000,5.0990000,0.000000,0,0,0
3.950,-0.0078000,-0.0377000,9.6050000,35.6903000,28.9230000,34.1568000,-40.4010000,-12.2720000,4.8510000,0.000000,0,0,0
3.960,-0.0054000,-0.0281000,9.6038000,35.6827000,28.8925000,34.3933000,-40.3610000,-12.4050000,4.7510000,0.000000,0,0,0
3.970,-0.0066000,-0.0233000,9.6026000,35.6522000,28.9383000,34.4620000,-40.3310000,-12.0710000,5.0840000,0.000000,0,0,0
3.980,-0.0114000,-0.0281000,9.6026000,35.6064000,29.0070000,34.3704000,-40.1980000,-12.2980000,5.1430000,0.000000,0,0,0
3.990,-0.0197000,-0.0425000,9.6026000,35.5988000,28.9841000,34.1873000,-40.0640000,-12.0700000,4.6500000,0.000000,0,0,0
4.000,-0.0293000,-0.0580000,9.6050000,35.6369000,28.8467000,33.9737000,-40.3860000,-12.2060000,4.8660000,0.000000,0,0,0
4.010,-0.0413000,-0.0724000,9.6062000,35.6674000,28.6713000,33.8593000,-40.2220000,-12.3570000,5.0550000,0.000000,0,0,0
4.020,-0.0484000,-0.0855000,9.6086000,35.6674000,28.5263000,33.8516000,-40.4520000,-12.4010000,4.6640000,0.000000,0,0,0
4.030,-0.0437000,-0.0891000,9.6086000,35.6445000,28.3966000,33.8745000,-40.1100000,-12.3230000,4.4180000,0.000000,0,0,0
4.040,-0.0341000,-0.0831000,9.6074000,35.6064000,28.2822000,33.8898000,-40.2320000,-12.3610000,4.9310000,0.000000,0,0,0
4.050,-0.0293000,-0.0748000,9.6062000,35.5911000,28.2135000,33.9127000,-40.3720000,-12.3420000,4.9470000,0.000000,0,0,0
4.060,-0.0257000,-0.0712000,9.6050000,35.6293000,28.2440000,33.8516000,-40.2460000,-12.5250000,4.1090000,0.000000,0,0,0
4.070,-0.0209000,-0.0760000,9.6074000,35.7056000,28.4424000,33.5083000,-40.3070000,-12.2350000,4.8740000,0.000000,0,0,0
4.080,-0.0221000,-0.0796000,9.6134000,35.7513000,28.8849000,32.7759000,-40.1850000,-12.3850000,4.8170000,0.000000,0,0,0
4.090,-0.0341000,-0.0891000,9.6182000,35.7056000,29.6249000,31.6544000,-40.1890000,-11.9510000,4.6010000,0.000000,0,0,0
4.100,-0.0473000,-0.1047000,9.6218000,35.6216000,30.5023000,30.2582000,-40.2080000,-12.2000000,4.7060000,0.000000,0,0,0
4.110,-0.0628000,-0.1107000,9.6206000,35.5530000,31.2042000,28.9154000,-40.0340000,-11.9240000,4.5360000,0.000000,0,0,0
4.120,-0.0748000,-0.0963000,9.6170000,35.5453000,31.5247000,28.0991000,-40.0910000,-11.9900000,4.3070000,0.000000,0,0,0
4.130,-0.0796000,-0.0604000,9.6098000,35.5682000,31.3721000,28.1448000,-40.1180000,-12.3970000,4.5140000,0.000000,0,0,0
4.140,-0.0724000,-0.0150000,9.6026000,35.6064000,30.8533000,28.9841000,-39.9790000,-12.5460000,4.8770000,0.000000,0,0,0
4.150,-0.0544000,0.0197000,9.5990000,35.6674000,30.1208000,30.2353000,-40.0300000,-12.2580000,4.9520000,0.000000,0,0,0
4.160,-0.0329000,0.0413000,9.5966000,35.7361000,29.3732000,31.4941000,-40.0810000,-12.0860000,4.6050000,0.000000,0,0,0
4.170,-0.0138000,0.0532000,9.5954000,35.7742000,28.7170000,32.5623000,-39.8950000,-12.1590000,4.0300000,0.000000,0,0,0
4.180,-0.0138000,0.0473000,9.5966000,35.7895000,28.1830000,33.4396000,-39.9850000,-12.3430000,4.7740000,0.000000,0,0,0
4.190,-0.0305000,0.0209000,9.6014000,35.7895000,27.7863000,34.2026000,-39.8020000,-12.4750000,4.8810000,0.000000,0,0,0
4.200,-0.0616000,-0.0161000,9.6074000,35.8047000,27.5192000,34.8587000,-39.8970000,-12.3260000,4.5750000,0.000000,0,0,0
4.210,-0.0951000,-0.0437000,9.6146000,35.8658000,27.3972000,35.3775000,-40.0190000,-12.4490000,4.6040000,0.000000,0,0,0
4.220,-0.1238000,-0.0712000,9.6194000,35.9650000,27.4277000,35.7666000,-40.3670000,-12.1070000,4.2950000,0.000000,0,0,0
4.230,-0.1406000,-0.1107000,9.6206000,36.0336000,27.4353000,35.9421000,-40.3290000,-12.2930000,3.6790000,0.000000,0,0,0
4.240,-0.1418000,-0.1418000,9.6206000,36.0184000,27.4124000,35.7208000,-40.1750000,-12.1960000,4.8370000,0.000000,0,0,0
4.250,-0.1346000,-0.1621000,9.6218000,35.9726000,27.4124000,35.1715000,-40.0070000,-12.3580000,5.0590000,0.000000,0,0,0
4.260,-0.1071000,-0.1609000,9.6194000,35.9650000,27.4963000,34.2941000,-40.1100000,-12.1870000,4.7340000,0.000000,0,0,0
4.270,-0.0855000,-0.1430000,9.6182000,35.9955000,27.5574000,33.9127000,-39.9050000,-12.1970000,4.5480000,0.000000,0,0,0
4.280,-0.0616000,-0.1154000,9.6158000,36.0413000,27.5879000,33.7296000,-39.9600000,-12.3740000,4.3870000,0.000000,0,0,0
4.290,-0.0437000,-0.0879000,9.6134000,36.0489000,27.6337000,33.7067000,-40.1660000,-12.2080000,5.1200000,0.000000,0,0,0
4.300,-0.0341000,-0.0652000,9.6098000,36.0413000,27.6794000,33.7753000,-39.8930000,-12.0410000,4.7030000,0.000000,0,0,0
4.310,-0.0329000,-0.0508000,9.6086000,36.0336000,27.7328000,33.8974000,-40.1430000,-12.0920000,4.6880000,0.000000,0,0,0
4.320,-0.0389000,-0.0425000,9.6086000,36.0031000,27.7939000,34.0347000,-40.0710000,-12.3000000,4.3710000,0.000000,0,0,0
4.330,-0.0508000,-0.0425000,9.6098000,35.9650000,27.8931000,34.1721000,-39.8670000,-12.0440000,4.6840000,0.000000,0,0,0
4.340,-0.0616000,-0.0437000,9.6110000,35.9192000,27.9922000,34.2636000,-39.9100000,-11.9290000,4.5980000,0.000000,0,0,0
4.350,-0.0736000,-0.0449000,9.6110000,35.8582000,28.1067000,34.3094000,-39.9260000,-12.0750000,4.3140000,0.000000,0,0,0
4.360,-0.0831000,-0.0484000,9.6122000,35.7819000,28.1982000,34.2865000,-39.9580000,-12.2580000,4.9720000,0.000000,0,0,0
4.370,-0.0891000,-0.0484000,9.6110000,35.7285000,28.2516000,34.2102000,-39.9460000,-12.3820000,4.3210000,0.000000,0,0,0
4.380,-0.0915000,-0.0449000,9.6122000,35.7132000,28.2440000,34.1492000,-40.0400000,-12.0020000,4.2960000,0.000000,0,0,0
4.390,-0.0879000,-0.0377000,9.6146000,35.7437000,28.1982000,34.1492000,-39.9460000,-12.1960000,4.5640000,0.000000,0,0,0
4.400,-0.0760000,-0.0293000,9.6146000,35.7437000,28.1982000,34.2026000,-40.1640000,-12.2130000,5.0490000,0.000000,0,0,0
4.410,-0.0592000,-0.0257000,9.6122000,35.6979000,28.2593000,34.1873000,-40.0880000,-12.2370000,5.0740000,0.000000,0,0,0
4.420,-0.0473000,-0.0245000,9.6098000,35.6293000,28.3585000,34.0500000,-40.0820000,-12.1460000,5.3320000,0.000000,0,0,0
4.430,-0.0473000,-0.0305000,9.6086000,35.5453000,28.4653000,33.8593000,-40.0420000,-12.3130000,4.2730000,0.000000,0,0,0
4.440,-0.0592000,-0.0413000,9.6086000,35.4767000,28.5492000,33.6838000,-40.0370000,-12.0860000,5.0020000,0.000000,0,0,0
4.450,-0.0784000,-0.0556000,9.6098000,35.4614000,28.5110000,33.5693000,-39.8940000,-12.1140000,4.9910000,0.000000,0,0,0
4.460,-0.0999000,-0.0676000,9.6098000,35.4996000,28.3203000,33.5770000,-40.0960000,-12.2020000,4.6080000,0.000000,0,0,0
4.470,-0.1142000,-0.0724000,9.6122000,35.5835000,28.0838000,33.7296000,-40.0570000,-12.3500000,5.3790000,0.000000,0,0,0
4.480,-0.1166000,-0.0748000,9.6146000,35.6750000,27.9694000,33.9203000,-40.1120000,-12.2390000,5.1790000,0.000000,0,0,0
4.490,-0.1047000,-0.0831000,9.6182000,35.7361000,28.0609000,33.9890000,-40.0850000,-12.1920000,5.2430000,0.000000,0,0,0
4.500,-0.0879000,-0.0927000,9.6182000,35.7285000,28.2822000,33.8745000,-39.9230000,-12.4750000,5.3490000,0.000000,0,0,0
4.510,-0.0712000,-0.0939000,9.6170000,35.6445000,28.5645000,33.5999000,-39.8000000,-12.1350000,5.7310000,0.000000,0,0,0
4.520,-0.0580000,-0.0879000,9.6146000,35.5148000,28.7933000,33.2718000,-39.7200000,-12.4360000,5.5030000,0.000000,0,0,0
4.530,-0.0604000,-0.0736000,9.6122000,35.3699000,28.8467000,33.0505000,-40.0130000,-12.2420000,5.9410000,0.000000,0,0,0
4.540,-0.0676000,-0.0520000,9.6098000,35.2783000,28.6789000,33.0124000,-40.1950000,-12.2720000,5.0460000,0.000000,0,0,0
4.550,-0.0831000,-0.0377000,9.6098000,35.2707000,28.3279000,33.1497000,-40.3330000,-12.1890000,5.1740000,0.000000,0,0,0
4.560,-0.0987000,-0.0341000,9.6122000,35.3775000,27.8778000,33.3862000,-40.1160000,-12.4230000,4.9240000,0.000000,0,0,0
4.570,-0.1107000,-0.0389000,9.6182000,35.5301000,27.5192000,33.6075000,-39.9700000,-12.2130000,5.0050000,0.000000,0,0,0
4.580,-0.1154000,-0.0377000,9.6206000,35.6979000,27.3666000,33.7601000,-39.9500000,-12.2780000,4.8690000,0.000000,0,0,0
4.590,-0.1154000,-0.0508000,9.6194000,35.8047000,27.3209000,33.9050000,-39.8960000,-12.0660000,5.3050000,0.000000,0,0,0
4.600,-0.1059000,-0.0676000,9.6170000,35.8582000,27.2903000,33.9966000,-40.0490000,-11.8520000,4.8240000,0.000000,0,0,0
4.610,-0.0915000,-0.0819000,9.6170000,35.8963000,27.2751000,33.9890000,-40.0100000,-12.0870000,5.4790000,0.000000,0,0,0
4.620,-0.0819000,-0.0999000,9.6194000,35.9421000,27.3514000,33.9432000,-39.7210000,-11.9980000,5.3070000,0.000000,0,0,0
4.630,-0.0772000,-0.1154000,9.6218000,35.9726000,27.5421000,33.8440000,-40.1160000,-12.2860000,4.9180000,0.000000,0,0,0
4.640,-0.0688000,-0.1190000,9.6229000,35.9573000,27.8091000,33.6380000,-39.8080000,-12.1650000,5.4190000,0.000000,0,0,0
4.650,-0.0604000,-0.1071000,9.6206000,35.8810000,28.0838000,33.4015000,-40.0270000,-12.4060000,5.3380000,0.000000,0,0,0
4.660,-0.0580000,-0.0879000,9.6170000,35.7971000,28.2364000,33.2718000,-40.0350000,-12.2270000,4.8170000,0.000000,0,0,0
4.670,-0.0604000,-0.0652000,9.6134000,35.7437000,28.2593000,33.3099000,-40.0550000,-12.4550000,5.8170000,0.000000,0,0,0
4.680,-0.0676000,-0.0461000,9.6134000,35.7437000,28.2288000,33.4702000,-39.8780000,-12.2980000,5.1580000,0.000000,0,0,0
4.690,-0.0784000,-0.0353000,9.6122000,35.7742000,28.2211000,33.6990000,-40.1920000,-12.3990000,5.1860000,0.000000,0,0,0
4.700,-0.0903000,-0.0353000,9.6134000,35.7971000,28.2059000,33.9661000,-39.9410000,-12.4280000,5.4240000,0.000000,0,0,0
4.710,-0.0975000,-0.0437000,9.6134000,35.8124000,28.1830000,34.1339000,-40.0530000,-12.4100000,5.1860000,0.000000,0,0,0
4.720,-0.1035000,-0.0532000,9.6134000,35.8124000,28.1601000,34.1339000,-39.8060000,-12.5010000,5.3060000,0.000000,0,0,0
4.730,-0.1107000,-0.0592000,9.6146000,35.7895000,28.1296000,34.0424000,-39.7000000,-12.4290000,4.9880000,0.000000,0,0,0
4.740,-0.1154000,-0.0652000,9.6158000,35.7742000,28.1296000,33.9203000,-39.7470000,-12.1680000,4.7410000,0.000000,0,0,0
4.750,-0.1142000,-0.0688000,9.6158000,35.7513000,28.1830000,33.7524000,-39.9630000,-12.2560000,4.9260000,0.000000,0,0,0
4.760,-0.1119000,-0.0700000,9.6170000,35.7361000,28.2822000,33.5693000,-40.1260000,-12.0950000,4.8830000,0.000000,0,0,0
4.770,-0.1071000,-0.0676000,9.6146000,35.7513000,28.3051000,33.4778000,-40.1250000,-12.1150000,5.2880000,0.000000,0,0,0
4.780,-0.0987000,-0.0628000,9.6134000,35.8047000,28.2211000,33.5236000,-40.0320000,-12.4530000,4.7750000,0.000000,0,0,0
4.790,-0.0879000,-0.0544000,9.6122000,35.8734000,28.0838000,33.6838000,-40.1680000,-12.2750000,5.0220000,0.000000,0,0,0
4.800,-0.0784000,-0.0544000,9.6134000,35.9192000,27.9846000,33.9127000,-40.0390000,-12.1160000,4.8360000,0.000000,0,0,0
4.810,-0.0688000,-0.0592000,9.6146000,35.9268000,27.9770000,34.1034000,-40.0180000,-12.2110000,4.3730000,0.000000,0,0,0
4.820,-0.0640000,-0.0819000,9.6134000,35.8810000,28.2059000,34.0729000,-39.9240000,-12.1520000,4.8430000,0.000000,0,0,0
4.830,-0.0700000,-0.1011000,9.6134000,35.8200000,28.3966000,33.8516000,-40.1620000,-12.1170000,5.3610000,0.000000,0,0,0
4.840,-0.0843000,-0.1083000,9.6158000,35.7971000,28.4882000,33.6456000,-39.9540000,-12.2830000,4.6050000,0.000000,0,0,0
4.850,-0.0951000,-0.0987000,9.6170000,35.7742000,28.5645000,33.5693000,-39.8350000,-12.3570000,5.1550000,0.000000,0,0,0
4.860,-0.1059000,-0.0891000,9.6170000,35.7361000,28.5950000,33.5846000,-39.7190000,-12.3130000,4.5030000,0.000000,0,0,0
4.870,-0.1059000,-0.0831000,9.6158000,35.7285000,28.5492000,33.6533000,-39.8840000,-12.2330000,4.2380000,0.000000,0,0,0
4.880,-0.1083000,-0.0772000,9.6158000,35.7666000,28.3966000,33.6990000,-39.5650000,-12.2430000,4.6550000,0.000000,0,0,0
4.890,-0.1059000,-0.0736000,9.6170000,35.8276000,28.2135000,33.6914000,-39.7860000,-12.5880000,4.6430000,0.000000,0,0,0
4.900,-0.1047000,-0.0736000,9.6182000,35.8734000,28.0457000,33.5617000,-40.0760000,-12.3110000,5.0230000,0.000000,0,0,0
4.910,-0.1059000,-0.0784000,9.6194000,35.8963000,27.9922000,33.2718000,-39.6740000,-12.3110000,4.8020000,0.000000,0,0,0
4.920,-0.1083000,-0.0819000,9.6206000,35.8963000,28.0991000,32.8293000,-40.1980000,-12.1030000,5.6840000,0.000000,0,0,0
4.930,-0.1059000,-0.0819000,9.6206000,35.8887000,28.3279000,32.3105000,-39.9750000,-11.9510000,5.2780000,0.000000,0,0,0
4.940,-0.0987000,-0.0760000,9.6182000,35.8887000,28.5568000,31.8375000,-40.1480000,-12.1090000,4.6850000,0.000000,0,0,0
4.950,-0.0879000,-0.0724000,9.6158000,35.8734000,28.7094000,31.4484000,-40.2260000,-11.9730000,4.4320000,0.000000,0,0,0
4.960,-0.0748000,-0.0724000,9.6158000,35.8582000,28.7781000,31.0745000,-39.7390000,-12.1950000,4.9290000,0.000000,0,0,0
4.970,-0.0712000,-0.0640000,9.6158000,35.8429000,28.7323000,30.7846000,-39.7480000,-12.1110000,3.9340000,0.000000,0,0,0
4.980,-0.0748000,-0.0508000,9.6146000,35.8353000,28.5568000,30.7236000,-40.1100000,-11.9780000,4.3500000,0.000000,0,0,0
4.990,-0.0796000,-0.0401000,9.6122000,35.8429000,28.2516000,30.9525000,-40.1390000,-12.1880000,4.4160000,0.000000,0,0,0
5.000,-0.0867000,-0.0341000,9.6110000,35.8963000,27.7939000,31.4865000,-40.3060000,-12.4860000,4.6190000,0.000000,0,0,0
5.010,-0.0987000,-0.0281000,9.6098000,35.9955000,27.2980000,32.2418000,-40.0930000,-12.0270000,4.6250000,0.000000,0,0,0
5.020,-0.1107000,-0.0269000,9.6098000,36.0718000,26.9089000,33.0048000,-39.8560000,-12.4070000,4.9170000,0.000000,0,0,0
5.030,-0.1178000,-0.0341000,9.6122000,36.1023000,26.7715000,33.5312000,-39.9480000,-11.9680000,5.1310000,0.000000,0,0,0
5.040,-0.1178000,-0.0437000,9.6146000,36.0718000,26.9089000,33.6990000,-39.8210000,-11.9040000,5.0880000,0.000000,0,0,0
5.050,-0.1250000,-0.0556000,9.6170000,35.9726000,27.2217000,33.6227000,-39.7770000,-12.0400000,5.5620000,0.000000,0,0,0
5.060,-0.1334000,-0.0736000,9.6218000,35.8582000,27.6184000,33.4320000,-39.7280000,-12.0260000,5.6590000,0.000000,0,0,0
5.070,-0.1382000,-0.0927000,9.6241000,35.7513000,28.0151000,33.2642000,-39.7220000,-11.9410000,5.5820000,0.000000,0,0,0
5.080,-0.1394000,-0.1071000,9.6229000,35.6750000,28.2669000,33.1879000,-39.7220000,-11.5820000,4.9640000,0.000000,0,0,0
5.090,-0.1346000,-0.1107000,9.6218000,35.6522000,28.2822000,33.2413000,-39.9120000,-11.6140000,4.4300000,0.000000,0,0,0
5.100,-0.1226000,-0.1023000,9.6206000,35.7132000,28.1067000,33.4167000,-40.0380000,-11.7120000,5.0880000,0.000000,0,0,0
5.110,-0.1071000,-0.0855000,9.6182000,35.7895000,27.8625000,33.6609000,-39.8840000,-11.7230000,4.6640000,0.000000,0,0,0
5.120,-0.0903000,-0.0676000,9.6170000,35.8276000,27.6718000,33.8516000,-40.0060000,-12.0470000,4.1240000,0.000000,0,0,0
5.130,-0.0784000,-0.0556000,9.6170000,35.8353000,27.6031000,33.9508000,-40.2210000,-12.0110000,4.7400000,0.000000,0,0,0
5.140,-0.0772000,-0.0508000,9.6158000,35.8124000,27.6260000,34.0271000,-39.6590000,-11.8140000,4.5930000,0.000000,0,0,0
5.150,-0.0843000,-0.0496000,9.6146000,35.7895000,27.6108000,34.1644000,-39.7640000,-12.0410000,4.1380000,0.000000,0,0,0
5.160,-0.0975000,-0.0532000,9.6158000,35.7971000,27.4887000,34.4543000,-39.8870000,-12.1000000,5.0690000,0.000000,0,0,0
5.170,-0.1047000,-0.0520000,9.6170000,35.8505000,27.3132000,34.8358000,-39.9250000,-11.8940000,4.4610000,0.000000,0,0,0
5.180,-0.1011000,-0.0461000,9.6182000,35.8887000,27.1835000,35.1257000,-39.9570000,-11.9190000,5.2820000,0.000000,0,0,0
5.190,-0.0903000,-0.0353000,9.6182000,35.8658000,27.1454000,35.2325000,-39.9530000,-12.2100000,5.2330000,0.000000,0,0,0
5.200,-0.0748000,-0.0257000,9.6182000,35.8124000,27.1606000,35.1486000,-39.8380000,-11.9870000,4.6620000,0.000000,0,0,0
5.210,-0.0664000,-0.0209000,9.6158000,35.7590000,27.1225000,34.9503000,-40.0610000,-12.0800000,4.2970000,0.000000,0,0,0
5.220,-0.0676000,-0.0245000,9.6134000,35.7132000,27.0081000,34.6909000,-39.8520000,-12.4470000,4.1800000,0.000000,0,0,0
5.230,-0.0807000,-0.0365000,9.6134000,35.7361000,26.8021000,34.4238000,-39.8330000,-11.8730000,4.1250000,0.000000,0,0,0
5.240,-0.1023000,-0.0556000,9.6146000,35.8200000,26.5656000,34.1949000,-39.9600000,-12.0220000,4.3480000,0.000000,0,0,0
5.250,-0.1190000,-0.0772000,9.6182000,35.9573000,26.4206000,33.9355000,-39.9460000,-12.3390000,4.1970000,0.000000,0,0,0
5.260,-0.1334000,-0.0951000,9.6206000,36.1099000,26.4511000,33.6609000,-40.2170000,-11.9710000,4.5530000,0.000000,0,0,0
5.270,-0.1430000,-0.1059000,9.6206000,36.1633000,26.6113000,33.4549000,-40.0700000,-12.0040000,4.8240000,0.000000,0,0,0
5.280,-0.1453000,-0.1142000,9.6194000,36.1557000,26.7792000,33.4091000,-40.2130000,-11.8740000,4.4530000,0.000000,0,0,0
5.290,-0.1298000,-0.1166000,9.6182000,36.1481000,26.9318000,33.5159000,-39.9220000,-12.1780000,4.5180000,0.000000,0,0,0
5.300,-0.1047000,-0.1071000,9.6146000,36.1328000,27.0538000,33.6761000,-40.0560000,-12.0460000,4.6810000,0.000000,0,0,0
5.310,-0.0784000,-0.0915000,9.6146000,36.0947000,27.1835000,33.8669000,-39.8650000,-11.9910000,4.9670000,0.000000,0,0,0
5.320,-0.0580000,-0.0819000,9.6134000,36.0336000,27.3590000,34.0347000,-40.0270000,-11.9740000,4.9200000,0.000000,0,0,0
5.330,-0.0449000,-0.0807000,9.6134000,35.9497000,27.5879000,34.1187000,-39.6920000,-12.3930000,4.8390000,0.000000,0,0,0
5.340,-0.0425000,-0.0807000,9.6122000,35.8810000,27.8168000,34.1568000,-39.8580000,-11.9830000,4.7070000,0.000000,0,0,0
5.350,-0.0508000,-0.0807000,9.6110000,35.8353000,27.9236000,34.2331000,-39.9340000,-12.0680000,4.1600000,0.000000,0,0,0
5.360,-0.0628000,-0.0760000,9.6122000,35.8429000,27.8549000,34.3933000,-39.8480000,-12.1610000,4.7600000,0.000000,0,0,0
5.370,-0.0724000,-0.0580000,9.6122000,35.9573000,27.6489000,34.6985000,-39.9620000,-12.2040000,4.5360000,0.000000,0,0,0
5.380,-0.0712000,-0.0437000,9.6110000,36.0413000,27.6184000,34.7900000,-39.8990000,-12.2630000,4.3570000,0.000000,0,0,0
5.390,-0.0664000,-0.0305000,9.6122000,36.0718000,27.7176000,34.7137000,-39.9680000,-12.1890000,4.6650000,0.000000,0,0,0
5.400,-0.0628000,-0.0221000,9.6134000,36.0184000,27.9083000,34.5001000,-39.9510000,-12.2000000,4.0370000,0.000000,0,0,0
5.410,-0.0652000,-0.0245000,9.6122000,35.9268000,28.1219000,34.2026000,-40.1700000,-11.9320000,4.3720000,0.000000,0,0,0
5.420,-0.0724000,-0.0377000,9.6110000,35.8505000,28.2974000,33.9203000,-39.8390000,-12.1380000,3.9320000,0.000000,0,0,0
5.430,-0.0831000,-0.0532000,9.6122000,35.7971000,28.3890000,33.7219000,-39.8370000,-12.0790000,4.2320000,0.000000,0,0,0
5.440,-0.0951000,-0.0688000,9.6134000,35.7819000,28.4042000,33.6533000,-39.9860000,-12.1420000,4.5370000,0.000000,0,0,0
5.450,-0.1011000,-0.0807000,9.6146000,35.8047000,28.3356000,33.7296000,-39.7140000,-12.1780000,3.7860000,0.000000,0,0,0
5.460,-0.0975000,-0.0819000,9.6146000,35.8276000,28.2440000,33.9050000,-40.0640000,-11.9760000,4.1590000,0.000000,0,0,0
5.470,-0.0903000,-0.0784000,9.6146000,35.8582000,28.1296000,34.0729000,-39.8100000,-12.0240000,4.3830000,0.000000,0,0,0
5.480,-0.0843000,-0.0736000,9.6158000,35.8887000,28.0304000,34.2102000,-40.1170000,-12.0000000,4.1200000,0.000000,0,0,0
5.490,-0.0772000,-0.0688000,9.6158000,35.9039000,27.9922000,34.2636000,-40.0550000,-12.0680000,4.3790000,0.000000,0,0,0
5.500,-0.0724000,-0.0688000,9.6158000,35.9116000,28.0380000,34.2331000,-39.7230000,-11.9700000,4.2430000,0.000000,0,0,0
5.510,-0.0700000,-0.0700000,9.6146000,35.9039000,28.1143000,34.1187000,-40.1530000,-12.0580000,4.5360000,0.000000,0,0,0
5.520,-0.0700000,-0.0676000,9.6134000,35.8963000,28.1754000,33.9737000,-39.8650000,-11.8050000,5.3050000,0.000000,0,0,0
5.530,-0.0760000,-0.0616000,9.6134000,35.8582000,28.1830000,33.8287000,-39.4910000,-11.8380000,5.2760000,0.000000,0,0,0
5.540,-0.0819000,-0.0580000,9.6134000,35.7895000,28.1296000,33.6761000,-39.6450000,-12.3460000,4.6250000,0.000000,0,0,0
5.550,-0.0843000,-0.0556000,9.6134000,35.7285000,28.0533000,33.4930000,-39.7290000,-11.9270000,4.5710000,0.000000,0,0,0
5.560,-0.0855000,-0.0461000,9.6134000,35.6598000,27.9922000,33.3023000,-40.0900000,-12.0160000,5.1220000,0.000000,0,0,0
5.570,-0.0867000,-0.0353000,9.6146000,35.5606000,27.9999000,33.1192000,-39.7950000,-12.2590000,4.5920000,0.000000,0,0,0
5.580,-0.0855000,-0.0293000,9.6158000,35.4614000,28.0609000,32.9666000,-39.6180000,-12.1970000,4.8980000,0.000000,0,0,0
5.590,-0.0855000,-0.0281000,9.6146000,35.4080000,28.1296000,32.8903000,-39.7290000,-12.0770000,4.8200000,0.000000,0,0,0
5.600,-0.0891000,-0.0257000,9.6146000,35.4309000,28.2059000,32.8979000,-39.9440000,-12.0060000,4.8960000,0.000000,0,0,0
5.610,-0.0939000,-0.0269000,9.6146000,35.4767000,28.2745000,33.0276000,-40.0800000,-12.0500000,4.1310000,0.000000,0,0,0
5.620,-0.0963000,-0.0341000,9.6146000,35.4919000,28.2822000,33.1955000,-40.1010000,-12.0410000,4.3640000,0.000000,0,0,0
5.630,-0.0975000,-0.0473000,9.6134000,35.4919000,28.2745000,33.3405000,-39.8850000,-12.2920000,4.4700000,0.000000,0,0,0
5.640,-0.0963000,-0.0604000,9.6122000,35.4691000,28.2745000,33.4015000,-39.7450000,-12.1020000,4.7920000,0.000000,0,0,0
5.650,-0.0891000,-0.0736000,9.6110000,35.4462000,28.2974000,33.3786000,-39.8130000,-12.2490000,4.6770000,0.000000,0,0,0
5.660,-0.0807000,-0.0831000,9.6134000,35.4538000,28.2898000,33.3481000,-39.6080000,-12.2000000,4.7130000,0.000000,0,0,0
5.670,-0.0772000,-0.0903000,9.6158000,35.4767000,28.2745000,33.3862000,-39.9470000,-12.1460000,5.0290000,0.000000,0,0,0
5.680,-0.0819000,-0.0975000,9.6170000,35.4385000,28.2440000,33.4854000,-40.0350000,-12.1700000,4.8340000,0.000000,0,0,0
5.690,-0.0891000,-0.1059000,9.6158000,35.3699000,28.2059000,33.6151000,-40.1490000,-11.9390000,5.1670000,0.000000,0,0,0
5.700,-0.0951000,-0.1071000,9.6158000,35.3012000,28.1982000,33.6761000,-40.1290000,-12.2210000,4.5830000,0.000000,0,0,0
5.710,-0.1023000,-0.0999000,9.6158000,35.2707000,28.2135000,33.6533000,-39.7250000,-12.3970000,4.4070000,0.000000,0,0,0
5.720,-0.1142000,-0.0915000,9.6170000,35.2707000,28.2059000,33.5999000,-39.8970000,-12.2970000,5.1830000,0.000000,0,0,0
5.730,-0.1262000,-0.0819000,9.6158000,35.3241000,28.1219000,33.5846000,-39.8080000,-12.2360000,4.8390000,0.000000,0,0,0
5.740,-0.1298000,-0.0784000,9.6158000,35.4080000,27.9312000,33.6151000,-40.1370000,-12.1860000,4.6360000,0.000000,0,0,0
5.750,-0.1262000,-0.0796000,9.6146000,35.4767000,27.6337000,33.6838000,-40.1400000,-12.2030000,4.8210000,0.000000,0,0,0
5.760,-0.1190000,-0.0843000,9.6134000,35.5225000,27.3285000,33.7524000,-39.6740000,-11.8210000,4.6220000,0.000000,0,0,0
5.770,-0.1071000,-0.0903000,9.6134000,35.5682000,27.1301000,33.7830000,-39.7880000,-12.2520000,4.4060000,0.000000,0,0,0
5.780,-0.0915000,-0.0963000,9.6158000,35.6445000,27.1225000,33.7143000,-39.9360000,-12.3430000,4.4920000,0.000000,0,0,0
5.790,-0.0736000,-0.1035000,9.6182000,35.7437000,27.2980000,33.5236000,-40.0770000,-12.2330000,4.4700000,0.000000,0,0,0
5.800,-0.0652000,-0.1059000,9.6194000,35.8276000,27.5574000,33.3099000,-40.0480000,-12.1250000,4.2330000,0.000000,0,0,0
5.810,-0.0616000,-0.1035000,9.6182000,35.9116000,27.7786000,33.1879000,-39.8570000,-12.0910000,4.5570000,0.000000,0,0,0
5.820,-0.0616000,-0.0963000,9.6170000,35.9802000,27.9694000,33.1497000,-40.0230000,-12.0570000,4.8690000,0.000000,0,0,0
5.830,-0.0628000,-0.0879000,9.6158000,35.9879000,28.1372000,33.1421000,-40.1130000,-12.0960000,4.8930000,0.000000,0,0,0
5.840,-0.0700000,-0.0796000,9.6134000,35.9650000,28.2211000,33.1726000,-40.1560000,-12.1550000,4.8900000,0.000000,0,0,0
5.850,-0.0796000,-0.0724000,9.6122000,35.9421000,28.2059000,33.2642000,-40.1530000,-12.1580000,4.5330000,0.000000,0,0,0
5.860,-0.0831000,-0.0580000,9.6122000,35.9192000,28.1525000,33.4167000,-40.1580000,-11.9250000,4.7870000,0.000000,0,0,0
5.870,-0.0819000,-0.0389000,9.6134000,35.8429000,28.1067000,33.5693000,-40.0960000,-12.1020000,5.2810000,0.000000,0,0,0
5.880,-0.0855000,-0.0233000,9.6146000,35.7208000,28.0457000,33.7296000,-39.8210000,-12.3650000,5.2280000,0.000000,0,0,0
5.890,-0.0903000,-0.0114000,9.6134000,35.5835000,27.9160000,33.9203000,-40.2500000,-11.8170000,4.3780000,0.000000,0,0,0
5.900,-0.0975000,-0.0114000,9.6122000,35.4614000,27.7328000,34.1187000,-40.0040000,-12.0670000,4.4870000,0.000000,0,0,0
5.910,-0.1023000,-0.0221000,9.6122000,35.4004000,27.5497000,34.2407000,-40.0110000,-12.3830000,5.1240000,0.000000,0,0,0
5.920,-0.1059000,-0.0377000,9.6110000,35.4080000,27.3590000,34.3094000,-40.1180000,-12.4970000,5.1170000,0.000000,0,0,0
5.930,-0.1035000,-0.0604000,9.6098000,35.4691000,27.1759000,34.3781000,-40.1000000,-12.5020000,4.5070000,0.000000,0,0,0
5.940,-0.0891000,-0.0927000,9.6158000,35.7208000,27.0386000,34.4391000,-40.1920000,-12.0610000,4.6570000,0.000000,0,0,0
5.950,-0.0724000,-0.1047000,9.6182000,35.8124000,27.2369000,34.3781000,-40.0800000,-12.0840000,4.9440000,0.000000,0,0,0
5.960,-0.0568000,-0.1154000,9.6194000,35.8124000,27.5726000,34.1949000,-40.3630000,-12.1400000,5.0540000,0.000000,0,0,0
5.970,-0.0508000,-0.1226000,9.6182000,35.8200000,27.9541000,33.9432000,-40.0300000,-12.4310000,4.8520000,0.000000,0,0,0
5.980,-0.0568000,-0.1262000,9.6170000,35.8429000,28.2898000,33.7219000,-40.0450000,-12.1720000,4.9490000,0.000000,0,0,0
5.990,-0.0700000,-0.1250000,9.6170000,35.8582000,28.5416000,33.5388000,-40.1120000,-12.1830000,5.1060000,0.000000,0,0,0
6.000,-0.0831000,-0.1166000,9.6170000,35.8810000,28.6789000,33.3939000,-39.9610000,-12.4330000,5.0410000,0.000000,0,0,0
6.010,-0.0975000,-0.1071000,9.6158000,35.8810000,28.7399000,33.2947000,-40.0020000,-12.5020000,4.6470000,0.000000,0,0,0
6.020,-0.1107000,-0.0939000,9.6146000,35.8734000,28.7170000,33.2413000,-39.9510000,-11.9120000,5.1890000,0.000000,0,0,0
6.030,-0.1119000,-0.0843000,9.6158000,35.8734000,28.6407000,33.1955000,-40.1820000,-12.0650000,5.1980000,0.000000,0,0,0
6.040,-0.1119000,-0.0772000,9.6170000,35.9039000,28.5645000,33.1726000,-40.0980000,-12.1950000,5.6280000,0.000000,0,0,0
6.050,-0.1119000,-0.0676000,9.6158000,35.8963000,28.5263000,33.2184000,-39.8100000,-11.8930000,5.1370000,0.000000,0,0,0
6.060,-0.1142000,-0.0628000,9.6134000,35.8505000,28.4424000,33.3633000,-39.8420000,-12.0180000,4.4520000,0.000000,0,0,0
6.070,-0.1178000,-0.0628000,9.6122000,35.8276000,28.2059000,33.5999000,-39.7650000,-11.8830000,4.9290000,0.000000,0,0,0
6.080,-0.1178000,-0.0652000,9.6110000,35.8582000,27.8168000,33.8821000,-39.7710000,-11.9550000,5.2280000,0.000000,0,0,0
6.090,-0.1190000,-0.0676000,9.6098000,35.9039000,27.3590000,34.1415000,-39.7060000,-11.9970000,4.9460000,0.000000,0,0,0
6.100,-0.1166000,-0.0748000,9.6110000,35.9650000,26.9394000,34.3552000,-39.9320000,-11.9290000,5.2690000,0.000000,0,0,0
6.110,-0.1083000,-0.0843000,9.6122000,36.0489000,26.6571000,34.4696000,-40.2420000,-12.3560000,4.9000000,0.000000,0,0,0
6.120,-0.0975000,-0.0939000,9.6158000,36.0794000,26.6037000,34.4238000,-39.9990000,-12.1770000,4.6210000,0.000000,0,0,0
6.130,-0.0915000,-0.1047000,9.6182000,36.0641000,26.7258000,34.2712000,-40.1990000,-12.2620000,5.2120000,0.000000,0,0,0
6.140,-0.0879000,-0.1119000,9.6194000,36.0489000,26.9012000,34.1415000,-40.1880000,-12.3730000,5.2990000,0.000000,0,0,0
6.150,-0.0807000,-0.1083000,9.6182000,36.0336000,27.0767000,34.0424000,-39.8610000,-12.2240000,5.2760000,0.000000,0,0,0
6.160,-0.0736000,-0.0951000,9.6158000,35.9879000,27.2675000,33.9584000,-39.9940000,-12.0060000,5.0600000,0.000000,0,0,0
6.170,-0.0676000,-0.0760000,9.6146000,35.9268000,27.4506000,33.8745000,-40.1410000,-11.9310000,4.9730000,0.000000,0,0,0
6.180,-0.0592000,-0.0568000,9.6122000,35.8353000,27.5726000,33.8287000,-39.8920000,-12.4000000,5.2650000,0.000000,0,0,0
6.190,-0.0604000,-0.0401000,9.6110000,35.7285000,27.5497000,33.9279000,-39.9790000,-12.0910000,4.4740000,0.000000,0,0,0
6.200,-0.0664000,-0.0365000,9.6110000,35.6216000,27.4582000,34.0958000,-39.8710000,-12.2270000,5.1260000,0.000000,0,0,0
6.210,-0.0724000,-0.0461000,9.6146000,35.5377000,27.4124000,34.2026000,-39.9810000,-12.4540000,4.4930000,0.000000,0,0,0
6.220,-0.0831000,-0.0640000,9.6170000,35.4843000,27.4200000,34.2407000,-39.8990000,-11.9100000,4.6080000,0.000000,0,0,0
6.230,-0.0903000,-0.0819000,9.6170000,35.4767000,27.3972000,34.2636000,-39.8070000,-12.2280000,4.8370000,0.000000,0,0,0
6.240,-0.0891000,-0.0903000,9.6182000,35.5225000,27.3438000,34.3018000,-40.0120000,-12.4490000,4.5030000,0.000000,0,0,0
6.250,-0.0855000,-0.0867000,9.6170000,35.6064000,27.2903000,34.3552000,-39.7850000,-12.1620000,4.5570000,0.000000,0,0,0
6.260,-0.0819000,-0.0796000,9.6170000,35.6750000,27.2751000,34.4009000,-39.8760000,-12.1610000,5.2860000,0.000000,0,0,0
6.270,-0.0784000,-0.0724000,9.6182000,35.6827000,27.3666000,34.4009000,-39.8750000,-12.1810000,5.0150000,0.000000,0,0,0
6.280,-0.0784000,-0.0736000,9.6170000,35.6827000,27.5040000,34.3857000,-40.0770000,-12.1040000,5.2560000,0.000000,0,0,0
6.290,-0.0796000,-0.0784000,9.6182000,35.6674000,27.6566000,34.3704000,-40.0220000,-12.2570000,4.4520000,0.000000,0,0,0
6.300,-0.0784000,-0.0867000,9.6182000,35.6369000,27.8320000,34.3399000,-39.9240000,-11.9370000,5.1050000,0.000000,0,0,0
6.310,-0.0784000,-0.0963000,9.6182000,35.5988000,28.0151000,34.2636000,-39.9090000,-12.1290000,5.2300000,0.000000,0,0,0
6.320,-0.0784000,-0.1035000,9.6170000,35.5682000,28.1906000,34.1187000,-39.8860000,-12.1640000,4.9490000,0.000000,0,0,0
6.330,-0.0784000,-0.1083000,9.6170000,35.5530000,28.3432000,33.9279000,-40.2760000,-12.4260000,5.0430000,0.000000,0,0,0
6.340,-0.0807000,-0.1071000,9.6170000,35.5911000,28.4576000,33.7219000,-40.0060000,-12.1910000,5.3290000,0.000000,0,0,0
6.350,-0.0843000,-0.1035000,9.6146000,35.6674000,28.4805000,33.5541000,-39.9450000,-11.9360000,4.4710000,0.000000,0,0,0
6.360,-0.0903000,-0.0975000,9.6122000,35.7742000,28.3966000,33.4702000,-40.1710000,-12.3700000,4.9380000,0.000000,0,0,0
6.370,-0.0987000,-0.0891000,9.6134000,35.8734000,28.2440000,33.4854000,-39.9800000,-11.8480000,5.2430000,0.000000,0,0,0
6.380,-0.1071000,-0.0796000,9.6158000,35.9344000,28.0991000,33.5922000,-39.9310000,-12.3380000,4.7270000,0.000000,0,0,0
6.390,-0.1095000,-0.0760000,9.6158000,35.9650000,27.9465000,33.7372000,-39.9570000,-11.9770000,4.4970000,0.000000,0,0,0
6.400,-0.1047000,-0.0712000,9.6146000,35.9955000,27.8015000,33.8898000,-39.9440000,-12.2570000,4.1000000,0.000000,0,0,0
6.410,-0.0951000,-0.0604000,9.6146000,36.0184000,27.7405000,33.9966000,-40.1590000,-12.1430000,4.9770000,0.000000,0,0,0
6.420,-0.0855000,-0.0568000,9.6134000,35.9726000,27.8244000,34.0271000,-40.0350000,-12.2120000,4.5470000,0.000000,0,0,0
6.430,-0.0784000,-0.0616000,9.6122000,35.8887000,28.0075000,33.9584000,-39.9970000,-12.2670000,4.7750000,0.000000,0,0,0
6.440,-0.0772000,-0.0700000,9.6098000,35.8124000,28.1754000,33.8745000,-40.3000000,-12.0830000,4.4400000,0.000000,0,0,0
6.450,-0.0772000,-0.0724000,9.6110000,35.7208000,28.2974000,33.8364000,-40.0040000,-12.2460000,4.2090000,0.000000,0,0,0
6.460,-0.0760000,-0.0724000,9.6110000,35.6064000,28.3585000,33.8669000,-39.9610000,-12.0160000,4.9560000,0.000000,0,0,0
6.470,-0.0736000,-0.0712000,9.6122000,35.5148000,28.3203000,33.9737000,-39.8180000,-12.0940000,5.2460000,0.000000,0,0,0
6.480,-0.0688000,-0.0688000,9.6122000,35.4919000,28.1601000,34.2102000,-40.0260000,-12.0740000,4.9390000,0.000000,0,0,0
6.490,-0.0676000,-0.0760000,9.6134000,35.5148000,28.0991000,34.3246000,-39.7430000,-12.1570000,4.4450000,0.000000,0,0,0
6.500,-0.0724000,-0.0867000,9.6158000,35.5453000,28.1067000,34.3399000,-39.7940000,-12.3880000,4.6690000,0.000000,0,0,0
6.510,-0.0867000,-0.0999000,9.6170000,35.5606000,28.0991000,34.2712000,-39.9030000,-12.0080000,4.9220000,0.000000,0,0,0
6.520,-0.1035000,-0.1083000,9.6170000,35.5835000,28.0609000,34.1568000,-39.8560000,-12.4790000,5.4450000,0.000000,0,0,0
6.530,-0.1142000,-0.1107000,9.6158000,35.6216000,28.0609000,34.0042000,-39.9240000,-12.3090000,5.4550000,0.000000,0,0,0
6.540,-0.1166000,-0.1083000,9.6170000,35.6445000,28.0457000,33.8745000,-39.7740000,-12.4820000,4.8730000,0.000000,0,0,0
6.550,-0.1107000,-0.1023000,9.6170000,35.6369000,27.9617000,33.8211000,-39.7740000,-12.3450000,4.9630000,0.000000,0,0,0
6.560,-0.1011000,-0.0987000,9.6182000,35.6216000,27.8473000,33.8058000,-40.0070000,-12.5510000,5.0530000,0.000000,0,0,0
6.570,-0.0915000,-0.0975000,9.6170000,35.6293000,27.8015000,33.7372000,-39.8370000,-12.4950000,5.2820000,0.000000,0,0,0
6.580,-0.0879000,-0.0999000,9.6182000,35.6598000,27.8244000,33.5922000,-40.0310000,-12.1520000,4.8110000,0.000000,0,0,0
6.590,-0.0903000,-0.1059000,9.6182000,35.6903000,27.8473000,33.4473000,-39.7790000,-12.3730000,4.8460000,0.000000,0,0,0
6.600,-0.0975000,-0.1107000,9.6182000,35.7513000,27.7863000,33.3786000,-39.7200000,-12.2400000,4.4480000,0.000000,0,0,0
6.610,-0.1023000,-0.1083000,9.6170000,35.8276000,27.6871000,33.3710000,-39.6500000,-12.4380000,4.5780000,0.000000,0,0,0
6.620,-0.1035000,-0.1035000,9.6170000,35.8734000,27.6413000,33.4015000,-39.5270000,-12.3910000,4.3700000,0.000000,0,0,0
6.630,-0.1035000,-0.0975000,9.6158000,35.9268000,27.6108000,33.4396000,-39.6670000,-12.2810000,4.2840000,0.000000,0,0,0
6.640,-0.1071000,-0.0951000,9.6146000,35.9955000,27.5650000,33.5236000,-39.5760000,-12.2460000,4.9580000,0.000000,0,0,0
6.650,-0.1071000,-0.0939000,9.6158000,36.0336000,27.5497000,33.6075000,-39.8870000,-12.5600000,4.9040000,0.000000,0,0,0
6.660,-0.0951000,-0.0939000,9.6158000,36.0260000,27.6184000,33.6151000,-40.2250000,-12.4240000,4.9300000,0.000000,0,0,0
6.670,-0.0796000,-0.0927000,9.6146000,35.9573000,27.7634000,33.5464000,-39.6790000,-12.4300000,4.7980000,0.000000,0,0,0
6.680,-0.0664000,-0.0903000,9.6134000,35.8429000,27.9007000,33.4778000,-39.9610000,-12.0230000,5.1440000,0.000000,0,0,0
6.690,-0.0568000,-0.0855000,9.6134000,35.7742000,27.9770000,33.4320000,-39.9490000,-12.2710000,4.4910000,0.000000,0,0,0
6.700,-0.0544000,-0.0807000,9.6146000,35.7666000,28.0151000,33.3939000,-39.8210000,-12.3930000,5.4860000,0.000000,0,0,0
6.710,-0.0592000,-0.0796000,9.6146000,35.7971000,28.0151000,33.3328000,-39.8210000,-12.3210000,4.4340000,0.000000,0,0,0
6.720,-0.0700000,-0.0819000,9.6158000,35.8505000,28.0151000,33.2565000,-39.8870000,-12.0560000,4.6980000,0.000000,0,0,0
6.730,-0.0879000,-0.0831000,9.6170000,35.8887000,28.0151000,33.1726000,-40.0980000,-12.2190000,4.0560000,0.000000,0,0,0
6.740,-0.0999000,-0.0807000,9.6182000,35.8810000,27.9922000,33.1268000,-39.8610000,-12.3390000,4.5330000,0.000000,0,0,0
6.750,-0.1083000,-0.0772000,9.6170000,35.8276000,27.9236000,33.1268000,-39.8400000,-12.2320000,5.2600000,0.000000,0,0,0
6.760,-0.1107000,-0.0760000,9.6158000,35.7742000,27.8320000,33.1802000,-40.0320000,-12.2670000,5.1880000,0.000000,0,0,0
6.770,-0.1095000,-0.0784000,9.6170000,35.7361000,27.7328000,33.3176000,-39.8840000,-12.1400000,4.8170000,0.000000,0,0,0
6.780,-0.1023000,-0.0867000,9.6170000,35.7132000,27.6794000,33.4778000,-39.6820000,-12.2390000,4.2570000,0.000000,0,0,0
6.790,-0.0939000,-0.0999000,9.6170000,35.6903000,27.6718000,33.6380000,-39.8870000,-12.4810000,4.4270000,0.000000,0,0,0
6.800,-0.0915000,-0.1107000,9.6158000,35.6979000,27.6413000,33.8058000,-39.7810000,-12.6690000,4.7700000,0.000000,0,0,0
6.810,-0.0915000,-0.1130000,9.6158000,35.7132000,27.5650000,34.0042000,-39.5310000,-12.3600000,4.4970000,0.000000,0,0,0
6.820,-0.0915000,-0.1047000,9.6146000,35.7361000,27.4353000,34.2026000,-39.8450000,-12.6110000,4.6720000,0.000000,0,0,0
6.830,-0.0927000,-0.0915000,9.6146000,35.7971000,27.2751000,34.3399000,-39.7080000,-12.5680000,4.4830000,0.000000,0,0,0
6.840,-0.0927000,-0.0760000,9.6146000,35.8887000,27.1072000,34.4162000,-39.9320000,-12.1370000,4.4540000,0.000000,0,0,0
6.850,-0.0843000,-0.0736000,9.6158000,35.9573000,27.0767000,34.3781000,-40.0480000,-12.5500000,4.6750000,0.000000,0,0,0
6.860,-0.0724000,-0.0831000,9.6170000,36.0031000,27.2141000,34.1949000,-39.7520000,-12.4310000,4.8360000,0.000000,0,0,0
6.870,-0.0628000,-0.0963000,9.6158000,36.0031000,27.4582000,33.9203000,-39.7680000,-12.2830000,4.9760000,0.000000,0,0,0
6.880,-0.0604000,-0.1095000,9.6146000,35.9650000,27.7176000,33.6533000,-39.6600000,-12.2320000,4.5120000,0.000000,0,0,0
6.890,-0.0640000,-0.1202000,9.6158000,35.9497000,27.9160000,33.5007000,-39.6340000,-12.0680000,5.1080000,0.000000,0,0,0
6.900,-0.0712000,-0.1178000,9.6158000,35.9573000,28.0380000,33.4625000,-39.5390000,-12.4840000,5.2220000,0.000000,0,0,0
6.910,-0.0831000,-0.1023000,9.6146000,35.9192000,28.0838000,33.5236000,-39.7140000,-12.3060000,5.0000000,0.000000,0,0,0
6.920,-0.0903000,-0.0903000,9.6122000,35.8505000,28.0533000,33.6380000,-39.6150000,-12.3000000,5.1440000,0.000000,0,0,0
6.930,-0.0927000,-0.0807000,9.6098000,35.8276000,27.9617000,33.7143000,-39.6710000,-12.5810000,4.8470000,0.000000,0,0,0
6.940,-0.0927000,-0.0724000,9.6098000,35.8353000,27.8320000,33.7296000,-40.1500000,-12.2920000,4.6770000,0.000000,0,0,0
6.950,-0.0951000,-0.0676000,9.6110000,35.8353000,27.7023000,33.7296000,-39.8900000,-12.1460000,4.9650000,0.000000,0,0,0
6.960,-0.0951000,-0.0724000,9.6122000,35.8276000,27.5955000,33.7296000,-39.9590000,-12.3020000,5.3080000,0.000000,0,0,0
6.970,-0.0939000,-0.0819000,9.6146000,35.8200000,27.5421000,33.7601000,-40.0070000,-12.2570000,4.8970000,0.000000,0,0,0
6.980,-0.0915000,-0.0939000,9.6170000,35.8124000,27.5421000,33.8211000,-39.5150000,-12.2580000,5.0840000,0.000000,0,0,0
6.990,-0.0855000,-0.1035000,9.6194000,35.8124000,27.6337000,33.8745000,-39.4950000,-12.3520000,5.3140000,0.000000,0,0,0
7.000,-0.0724000,-0.1154000,9.6182000,35.8047000,27.8320000,33.8669000,-39.8470000,-12.3260000,5.3610000,0.000000,0,0,0
7.010,-0.0604000,-0.1214000,9.6158000,35.8124000,27.9312000,33.7830000,-39.8270000,-12.3410000,5.1840000,0.000000,0,0,0
7.020,-0.0520000,-0.1214000,9.6158000,35.8505000,28.0609000,33.6227000,-39.8230000,-12.5030000,4.8380000,0.000000,0,0,0
7.030,-0.0508000,-0.1130000,9.6170000,35.8963000,28.2364000,33.3939000,-39.9530000,-12.4030000,4.8800000,0.000000,0,0,0
7.040,-0.0568000,-0.1011000,9.6170000,35.9192000,28.4348000,33.1421000,-39.4420000,-12.1840000,4.8990000,0.000000,0,0,0
7.050,-0.0700000,-0.0903000,9.6170000,35.9268000,28.6331000,32.8979000,-39.7110000,-12.1970000,4.9890000,0.000000,0,0,0
7.060,-0.0879000,-0.0831000,9.6146000,35.9192000,28.7781000,32.7072000,-39.8710000,-12.5290000,5.1850000,0.000000,0,0,0
7.070,-0.1023000,-0.0796000,9.6122000,35.9039000,28.8467000,32.6004000,-40.0090000,-12.5090000,5.0590000,0.000000,0,0,0
7.080,-0.1142000,-0.0784000,9.6098000,35.8887000,28.8086000,32.5928000,-39.8350000,-12.4570000,5.3400000,0.000000,0,0,0
7.090,-0.1190000,-0.0807000,9.6098000,35.8658000,28.6713000,32.7148000,-39.5200000,-12.5650000,5.2820000,0.000000,0,0,0
7.100,-0.1190000,-0.0843000,9.6122000,35.8429000,28.4958000,32.9666000,-39.9160000,-12.3370000,5.1740000,0.000000,0,0,0
7.110,-0.1142000,-0.0891000,9.6158000,35.7971000,28.3966000,33.2718000,-39.6780000,-12.4720000,4.4170000,0.000000,0,0,0
7.120,-0.1071000,-0.0951000,9.6158000,35.7285000,28.4042000,33.5693000,-39.7880000,-12.2740000,4.9910000,0.000000,0,0,0
7.130,-0.1047000,-0.1023000,9.6170000,35.6750000,28.4882000,33.8135000,-39.8920000,-12.1700000,4.8580000,0.000000,0,0,0
7.140,-0.1023000,-0.1083000,9.6158000,35.6674000,28.5187000,34.0195000,-39.5970000,-12.0810000,5.0730000,0.000000,0,0,0
7.150,-0.0987000,-0.1023000,9.6158000,35.7132000,28.4500000,34.2102000,-39.4250000,-12.2460000,4.7450000,0.000000,0,0,0
7.160,-0.0915000,-0.0891000,9.6146000,35.7361000,28.3890000,34.3628000,-39.5400000,-12.1680000,4.3350000,0.000000,0,0,0
7.170,-0.0867000,-0.0819000,9.6146000,35.7208000,28.3737000,34.4467000,-39.7650000,-12.4590000,4.8320000,0.000000,0,0,0
7.180,-0.0879000,-0.0843000,9.6146000,35.6827000,28.3737000,34.4849000,-39.6480000,-12.2400000,4.7180000,0.000000,0,0,0
7.190,-0.0951000,-0.0903000,9.6158000,35.6598000,28.3432000,34.4772000,-39.7560000,-12.4780000,5.0780000,0.000000,0,0,0
7.200,-0.1059000,-0.0915000,9.6158000,35.6598000,28.2516000,34.4543000,-39.8540000,-12.1390000,4.5650000,0.000000,0,0,0
7.210,-0.1178000,-0.0903000,9.6146000,35.6903000,28.1143000,34.4162000,-39.7710000,-12.4580000,4.7220000,0.000000,0,0,0
7.220,-0.1286000,-0.0879000,9.6146000,35.7513000,27.9236000,34.3933000,-39.6520000,-12.3320000,4.7710000,0.000000,0,0,0
7.230,-0.1346000,-0.0867000,9.6158000,35.8582000,27.6871000,34.3704000,-39.9190000,-12.4700000,5.4390000,0.000000,0,0,0
7.240,-0.1310000,-0.0855000,9.6182000,35.9421000,27.5269000,34.3323000,-39.7470000,-12.2460000,5.0880000,0.000000,0,0,0
7.250,-0.1107000,-0.0927000,9.6194000,35.9650000,27.4963000,34.2255000,-40.0980000,-12.4840000,4.7000000,0.000000,0,0,0
7.260,-0.0879000,-0.0999000,9.6194000,35.9497000,27.5650000,33.9966000,-39.8740000,-12.5180000,4.3190000,0.000000,0,0,0
7.270,-0.0748000,-0.1107000,9.6206000,35.9116000,27.7481000,33.7448000,-39.7650000,-12.3800000,4.2960000,0.000000,0,0,0
7.280,-0.0628000,-0.1178000,9.6218000,35.8887000,27.9694000,33.5312000,-39.7340000,-12.1970000,5.1680000,0.000000,0,0,0
7.290,-0.0616000,-0.1178000,9.6218000,35.8810000,28.1906000,33.3710000,-39.6450000,-11.9860000,4.8760000,0.000000,0,0,0
7.300,-0.0676000,-0.1142000,9.6218000,35.8810000,28.3813000,33.2565000,-39.9300000,-12.4380000,4.3110000,0.000000,0,0,0
7.310,-0.0807000,-0.1071000,9.6218000,35.8887000,28.5339000,33.1802000,-39.7910000,-12.3260000,4.0870000,0.000000,0,0,0
7.320,-0.0987000,-0.0951000,9.6206000,35.8963000,28.6331000,33.1421000,-40.0010000,-12.3790000,4.5460000,0.000000,0,0,0
7.330,-0.1119000,-0.0855000,9.6194000,35.8810000,28.6407000,33.1650000,-39.8460000,-12.5480000,4.2300000,0.000000,0,0,0
7.340,-0.1166000,-0.0807000,9.6170000,35.8810000,28.5187000,33.2336000,-39.8750000,-12.3540000,4.2060000,0.000000,0,0,0
7.350,-0.1142000,-0.0760000,9.6146000,35.9039000,28.3279000,33.3328000,-39.8610000,-12.2750000,4.2790000,0.000000,0,0,0
7.360,-0.1095000,-0.0760000,9.6146000,35.8963000,28.1754000,33.4167000,-39.5760000,-12.4270000,4.7530000,0.000000,0,0,0
7.370,-0.1023000,-0.0843000,9.6158000,35.8810000,28.1372000,33.4320000,-39.9080000,-12.2940000,4.1150000,0.000000,0,0,0
7.380,-0.0987000,-0.0939000,9.6182000,35.8658000,28.1677000,33.3862000,-39.6530000,-12.1370000,4.2260000,0.000000,0,0,0
7.390,-0.1023000,-0.0987000,9.6182000,35.8353000,28.2364000,33.2870000,-39.8870000,-12.4240000,4.5050000,0.000000,0,0,0
7.400,-0.1107000,-0.0987000,9.6170000,35.7971000,28.2822000,33.2184000,-39.9720000,-12.5220000,4.3960000,0.000000,0,0,0
7.410,-0.1202000,-0.0939000,9.6170000,35.8276000,28.2211000,33.2260000,-39.8370000,-12.2140000,4.4050000,0.000000,0,0,0
7.420,-0.1286000,-0.0855000,9.6170000,35.8734000,28.1067000,33.3023000,-39.8950000,-12.4170000,4.6080000,0.000000,0,0,0
7.430,-0.1310000,-0.0831000,9.6194000,35.9039000,28.0151000,33.4015000,-40.0800000,-12.2580000,4.4960000,0.000000,0,0,0
7.440,-0.1262000,-0.0879000,9.6206000,35.9192000,27.9922000,33.4778000,-40.1780000,-11.9890000,4.7540000,0.000000,0,0,0
7.450,-0.1166000,-0.0951000,9.6218000,35.9268000,28.0228000,33.5464000,-39.9090000,-12.4740000,5.1120000,0.000000,0,0,0
7.460,-0.1107000,-0.1035000,9.6229000,35.9344000,28.0838000,33.6075000,-39.9620000,-12.3690000,5.2540000,0.000000,0,0,0
7.470,-0.1071000,-0.1071000,9.6229000,35.9344000,28.1830000,33.6456000,-39.9320000,-12.3110000,4.8360000,0.000000,0,0,0
7.480,-0.1071000,-0.1071000,9.6206000,35.9116000,28.2669000,33.6380000,-39.9200000,-12.1200000,4.9120000,0.000000,0,0,0
7.490,-0.1095000,-0.1011000,9.6182000,35.9116000,28.2669000,33.5922000,-39.8200000,-12.3410000,4.8340000,0.000000,0,0,0
7.500,-0.1190000,-0.0951000,9.6170000,35.9268000,28.2135000,33.5083000,-39.9140000,-12.3000000,4.4960000,0.000000,0,0,0
7.510,-0.1298000,-0.0927000,9.6170000,35.9650000,28.1601000,33.3862000,-39.7960000,-12.2740000,4.3780000,0.000000,0,0,0
7.520,-0.1406000,-0.0939000,9.6194000,36.0336000,28.0991000,33.2718000,-40.1060000,-12.0460000,4.2990000,0.000000,0,0,0
7.530,-0.1453000,-0.0915000,9.6218000,36.1023000,28.0533000,33.2031000,-39.9330000,-12.3610000,4.1210000,0.000000,0,0,0
7.540,-0.1430000,-0.0891000,9.6241000,36.1481000,28.0228000,33.1879000,-40.2170000,-12.4310000,4.0730000,0.000000,0,0,0
7.550,-0.1346000,-0.0915000,9.6253000,36.2244000,28.0304000,33.2489000,-39.9260000,-12.1750000,4.5190000,0.000000,0,0,0
7.560,-0.1238000,-0.0939000,9.6229000,36.2854000,28.0685000,33.2870000,-39.9780000,-12.2340000,4.5700000,0.000000,0,0,0
7.570,-0.1130000,-0.0927000,9.6206000,36.3083000,28.0685000,33.3405000,-39.8410000,-12.2040000,4.2800000,0.000000,0,0,0
7.580,-0.1047000,-0.0879000,9.6194000,36.3235000,28.0533000,33.3786000,-39.8280000,-12.1920000,4.7260000,0.000000,0,0,0
7.590,-0.1023000,-0.0831000,9.6170000,36.3083000,28.0609000,33.3710000,-39.9520000,-12.5610000,4.5830000,0.000000,0,0,0
7.600,-0.1071000,-0.0807000,9.6158000,36.2701000,28.0228000,33.3328000,-39.7250000,-12.1020000,4.6980000,0.000000,0,0,0
7.610,-0.1226000,-0.0784000,9.6146000,36.2320000,27.9160000,33.3710000,-39.7930000,-12.1350000,4.6870000,0.000000,0,0,0
7.620,-0.1262000,-0.0784000,9.6146000,36.1786000,27.7710000,33.4930000,-39.5460000,-12.3110000,3.8550000,0.000000,0,0,0
7.630,-0.1298000,-0.0796000,9.6146000,36.1557000,27.6108000,33.6456000,-39.8430000,-12.2990000,4.6660000,0.000000,0,0,0
7.640,-0.1346000,-0.0784000,9.6146000,36.1481000,27.4811000,33.7830000,-39.8130000,-12.4840000,4.4780000,0.000000,0,0,0
7.650,-0.1346000,-0.0760000,9.6170000,36.1557000,27.4124000,33.8821000,-39.9770000,-12.1110000,5.2340000,0.000000,0,0,0
7.660,-0.1298000,-0.0748000,9.6194000,36.1404000,27.4048000,33.8898000,-39.9280000,-12.5150000,4.8190000,0.000000,0,0,0
7.670,-0.1214000,-0.0712000,9.6206000,36.1176000,27.4506000,33.8135000,-39.6760000,-12.3980000,4.8870000,0.000000,0,0,0
7.680,-0.1119000,-0.0676000,9.6206000,36.0870000,27.5421000,33.6761000,-39.6580000,-12.5950000,5.1830000,0.000000,0,0,0
7.690,-0.1035000,-0.0688000,9.6206000,36.0565000,27.6489000,33.5541000,-40.0130000,-12.0390000,4.2320000,0.000000,0,0,0
7.700,-0.0939000,-0.0760000,9.6206000,36.0184000,27.7710000,33.4854000,-39.9550000,-12.2390000,4.5830000,0.000000,0,0,0
7.710,-0.0867000,-0.0879000,9.6229000,35.9955000,27.9236000,33.4549000,-39.7750000,-12.4530000,4.8290000,0.000000,0,0,0
7.720,-0.0819000,-0.0975000,9.6229000,35.9573000,28.1219000,33.4244000,-39.4200000,-12.6950000,4.4290000,0.000000,0,0,0
7.730,-0.0819000,-0.0975000,9.6229000,35.8963000,28.3661000,33.3633000,-39.5880000,-12.4240000,5.2350000,0.000000,0,0,0
7.740,-0.0903000,-0.0891000,9.6218000,35.8200000,28.5950000,33.2870000,-39.9070000,-12.4430000,4.8620000,0.000000,0,0,0
7.750,-0.1047000,-0.0760000,9.6182000,35.7285000,28.7704000,33.2336000,-39.7700000,-12.5570000,5.2320000,0.000000,0,0,0
7.760,-0.1226000,-0.0616000,9.6158000,35.6369000,28.8086000,33.2413000,-39.7740000,-12.2950000,5.1150000,0.000000,0,0,0
7.770,-0.1394000,-0.0520000,9.6146000,35.5988000,28.7170000,33.3023000,-39.8320000,-12.3750000,5.6650000,0.000000,0,0,0
7.780,-0.1525000,-0.0461000,9.6158000,35.5911000,28.5568000,33.4015000,-39.4820000,-12.4120000,5.7340000,0.000000,0,0,0
7.790,-0.1573000,-0.0484000,9.6170000,35.5835000,28.3890000,33.5083000,-39.5780000,-12.2350000,5.0900000,0.000000,0,0,0
7.800,-0.1561000,-0.0592000,9.6206000,35.5988000,28.2211000,33.6075000,-39.5350000,-11.9760000,5.5370000,0.000000,0,0,0
7.810,-0.1501000,-0.0736000,9.6218000,35.6293000,28.0685000,33.6685000,-39.7270000,-12.1180000,5.3230000,0.000000,0,0,0
7.820,-0.1406000,-0.0855000,9.6241000,35.6827000,27.9236000,33.6533000,-39.7310000,-12.2150000,5.7450000,0.000000,0,0,0
7.830,-0.1274000,-0.0903000,9.6229000,35.7513000,27.8168000,33.5617000,-39.6790000,-12.4570000,5.7940000,0.000000,0,0,0
7.840,-0.1166000,-0.0915000,9.6206000,35.8124000,27.7863000,33.3939000,-39.7600000,-12.5840000,5.4400000,0.000000,0,0,0
7.850,-0.1119000,-0.0927000,9.6194000,35.8505000,27.8397000,33.1802000,-39.6840000,-12.4430000,5.1250000,0.000000,0,0,0
7.860,-0.1119000,-0.0939000,9.6170000,35.8734000,27.9236000,32.9895000,-40.0220000,-12.4220000,5.1680000,0.000000,0,0,0
7.870,-0.1178000,-0.0963000,9.6170000,35.9116000,27.9922000,32.8522000,-39.5210000,-12.4720000,5.1580000,0.000000,0,0,0
7.880,-0.1238000,-0.0999000,9.6182000,35.9497000,28.0762000,32.7911000,-40.0880000,-12.3220000,4.5820000,0.000000,0,0,0
7.890,-0.1262000,-0.1011000,9.6194000,35.9344000,28.1982000,32.7835000,-39.8330000,-12.4470000,5.1720000,0.000000,0,0,0
7.900,-0.1286000,-0.1011000,9.6194000,35.8505000,28.2822000,32.8369000,-39.5770000,-12.3920000,4.7400000,0.000000,0,0,0
7.910,-0.1346000,-0.0975000,9.6194000,35.7666000,28.2822000,32.9819000,-39.8990000,-12.1690000,4.3190000,0.000000,0,0,0
7.920,-0.1406000,-0.0879000,9.6194000,35.7285000,28.2211000,33.1879000,-39.9670000,-12.4030000,5.7860000,0.000000,0,0,0
7.930,-0.1442000,-0.0784000,9.6206000,35.6979000,28.1601000,33.4167000,-40.0650000,-12.5370000,5.2230000,0.000000,0,0,0
7.940,-0.1453000,-0.0688000,9.6218000,35.6750000,28.0991000,33.5922000,-39.8260000,-12.1450000,5.3640000,0.000000,0,0,0
7.950,-0.1430000,-0.0652000,9.6206000,35.6750000,27.9846000,33.6761000,-40.0830000,-12.3400000,5.0710000,0.000000,0,0,0
7.960,-0.1406000,-0.0628000,9.6194000,35.6903000,27.8397000,33.7067000,-39.6500000,-12.6590000,5.3480000,0.000000,0,0,0
7.970,-0.1394000,-0.0616000,9.6194000,35.6903000,27.6871000,33.7067000,-39.6150000,-12.2570000,4.8620000,0.000000,0,0,0
7.980,-0.1430000,-0.0664000,9.6206000,35.6903000,27.5574000,33.6990000,-39.6020000,-12.1500000,5.2030000,0.000000,0,0,0
7.990,-0.1453000,-0.0724000,9.6206000,35.6903000,27.4734000,33.6914000,-39.7370000,-12.1570000,5.1400000,0.000000,0,0,0
8.000,-0.1430000,-0.0796000,9.6194000,35.7056000,27.4200000,33.7067000,-39.6410000,-11.9080000,5.3190000,0.000000,0,0,0
8.010,-0.1310000,-0.0843000,9.6194000,35.7590000,27.4048000,33.7372000,-39.4030000,-12.3250000,4.8310000,0.000000,0,0,0
8.020,-0.1178000,-0.0891000,9.6194000,35.8276000,27.4200000,33.7372000,-39.6110000,-12.4770000,4.6290000,0.000000,0,0,0
8.030,-0.1071000,-0.0927000,9.6194000,35.8963000,27.4811000,33.6990000,-39.2870000,-12.3740000,4.9090000,0.000000,0,0,0
8.040,-0.1011000,-0.0975000,9.6194000,35.9192000,27.6108000,33.5846000,-39.5760000,-12.4830000,5.2660000,0.000000,0,0,0
8.050,-0.1035000,-0.1023000,9.6218000,35.9039000,27.7939000,33.4244000,-39.2620000,-12.3770000,4.8810000,0.000000,0,0,0
8.060,-0.1130000,-0.1047000,9.6206000,35.8505000,27.9770000,33.2947000,-39.6460000,-12.2950000,5.2060000,0.000000,0,0,0
8.070,-0.1238000,-0.1035000,9.6206000,35.7895000,28.0991000,33.2108000,-39.8120000,-12.3850000,4.9260000,0.000000,0,0,0
8.080,-0.1346000,-0.0939000,9.6182000,35.7666000,28.1067000,33.1879000,-39.7380000,-12.2010000,4.6060000,0.000000,0,0,0
8.090,-0.1370000,-0.0831000,9.6182000,35.7590000,28.0457000,33.2336000,-39.7750000,-12.2250000,4.7060000,0.000000,0,0,0
8.100,-0.1394000,-0.0760000,9.6206000,35.7590000,27.9999000,33.3176000,-39.6570000,-11.9610000,4.6520000,0.000000,0,0,0
8.110,-0.1382000,-0.0784000,9.6206000,35.8124000,27.9388000,33.4015000,-39.7960000,-12.1510000,5.0400000,0.000000,0,0,0
8.120,-0.1346000,-0.0819000,9.6194000,35.8582000,27.8625000,33.4854000,-39.7280000,-11.9540000,4.6380000,0.000000,0,0,0
8.130,-0.1298000,-0.0867000,9.6206000,35.8582000,27.8244000,33.5388000,-39.5060000,-12.2410000,4.9870000,0.000000,0,0,0
8.140,-0.1238000,-0.0903000,9.6206000,35.8429000,27.8549000,33.5236000,-39.6390000,-12.1390000,5.2320000,0.000000,0,0,0
8.150,-0.1190000,-0.0891000,9.6218000,35.8200000,27.9160000,33.4473000,-39.7070000,-12.1980000,5.3810000,0.000000,0,0,0
8.160,-0.1190000,-0.0796000,9.6206000,35.8047000,27.9770000,33.3862000,-39.5090000,-12.3600000,5.5110000,0.000000,0,0,0
8.170,-0.1226000,-0.0724000,9.6206000,35.8124000,27.9922000,33.3939000,-39.7170000,-12.1800000,5.0810000,0.000000,0,0,0
8.180,-0.1286000,-0.0652000,9.6206000,35.8582000,27.9312000,33.4930000,-39.5090000,-12.5250000,4.8520000,0.000000,0,0,0
8.190,-0.1346000,-0.0640000,9.6218000,35.9116000,27.8397000,33.6380000,-39.6050000,-12.4190000,5.3830000,0.000000,0,0,0
8.200,-0.1382000,-0.0676000,9.6218000,35.9344000,27.7634000,33.7677000,-39.4710000,-12.2640000,5.3130000,0.000000,0,0,0
8.210,-0.1346000,-0.0700000,9.6218000,35.9192000,27.7252000,33.8440000,-39.4350000,-12.4140000,5.2990000,0.000000,0,0,0
8.220,-0.1286000,-0.0712000,9.6218000,35.8658000,27.7481000,33.8440000,-39.6530000,-12.2460000,5.2000000,0.000000,0,0,0
8.230,-0.1238000,-0.0736000,9.6229000,35.8200000,27.8244000,33.7677000,-39.5220000,-12.4870000,5.2030000,0.000000,0,0,0
8.240,-0.1226000,-0.0748000,9.6229000,35.7819000,27.9083000,33.6990000,-39.6450000,-12.2380000,5.2480000,0.000000,0,0,0
8.250,-0.1238000,-0.0748000,9.6229000,35.7437000,27.9617000,33.6685000,-39.5280000,-12.1700000,5.3980000,0.000000,0,0,0
8.260,-0.1298000,-0.0772000,9.6218000,35.7437000,27.9541000,33.6914000,-39.4560000,-11.9040000,5.0310000,0.000000,0,0,0
8.270,-0.1394000,-0.0807000,9.6229000,35.7666000,27.8854000,33.7601000,-39.3000000,-12.1570000,5.5420000,0.000000,0,0,0
8.280,-0.1489000,-0.0843000,9.6229000,35.7971000,27.8244000,33.8135000,-39.2810000,-12.0870000,5.7850000,0.000000,0,0,0
8.290,-0.1501000,-0.0891000,9.6229000,35.8200000,27.8091000,33.8287000,-39.6530000,-12.0370000,5.9860000,0.000000,0,0,0
8.300,-0.1465000,-0.0927000,9.6229000,35.8429000,27.8244000,33.7982000,-39.6270000,-12.0890000,5.7540000,0.000000,0,0,0
8.310,-0.1358000,-0.0987000,9.6241000,35.8505000,27.8702000,33.7677000,-39.4750000,-12.0740000,5.2240000,0.000000,0,0,0
8.320,-0.1238000,-0.1035000,9.6241000,35.8505000,27.9236000,33.7448000,-39.4560000,-12.0190000,5.2330000,0.000000,0,0,0
8.330,-0.1154000,-0.1071000,9.6241000,35.8582000,27.9999000,33.7296000,-39.9360000,-12.2640000,5.0850000,0.000000,0,0,0
8.340,-0.1190000,-0.1083000,9.6241000,35.8734000,28.0914000,33.7372000,-39.2580000,-12.5400000,5.1090000,0.000000,0,0,0
8.350,-0.1298000,-0.1059000,9.6229000,35.8963000,28.1677000,33.8058000,-39.3800000,-12.4100000,4.7780000,0.000000,0,0,0
8.360,-0.1406000,-0.0987000,9.6218000,35.9116000,28.1525000,33.9203000,-39.6050000,-12.2610000,5.2480000,0.000000,0,0,0
8.370,-0.1513000,-0.0843000,9.6206000,35.9192000,28.0762000,34.0729000,-39.8040000,-12.2660000,4.8270000,0.000000,0,0,0
8.380,-0.1537000,-0.0676000,9.6182000,35.9192000,27.9236000,34.2407000,-39.8770000,-12.2900000,4.8960000,0.000000,0,0,0
8.390,-0.1501000,-0.0532000,9.6146000,35.9116000,27.7405000,34.3857000,-39.6460000,-12.3540000,5.0070000,0.000000,0,0,0
8.400,-0.1418000,-0.0449000,9.6170000,35.8734000,27.5803000,34.4696000,-39.6510000,-12.3590000,5.4160000,0.000000,0,0,0
8.410,-0.1310000,-0.0473000,9.6194000,35.8276000,27.4887000,34.4772000,-39.7830000,-12.1100000,5.4110000,0.000000,0,0,0
8.420,-0.1202000,-0.0592000,9.6218000,35.7895000,27.5040000,34.4162000,-39.5760000,-12.1230000,5.4540000,0.000000,0,0,0
8.430,-0.1107000,-0.0700000,9.6229000,35.7437000,27.6260000,34.2789000,-39.8270000,-12.2260000,5.1730000,0.000000,0,0,0
8.440,-0.1083000,-0.0796000,9.6218000,35.6827000,27.8015000,34.0729000,-39.4580000,-12.2640000,5.1140000,0.000000,0,0,0
8.450,-0.1130000,-0.0891000,9.6229000,35.6598000,27.9770000,33.8593000,-39.7150000,-12.2200000,5.7020000,0.000000,0,0,0
8.460,-0.1262000,-0.0927000,9.6206000,35.6827000,28.1067000,33.6914000,-39.5010000,-12.0570000,5.2770000,0.000000,0,0,0
8.470,-0.1394000,-0.0915000,9.6194000,35.7056000,28.2059000,33.6075000,-39.4340000,-12.3200000,5.8640000,0.000000,0,0,0
8.480,-0.1513000,-0.0903000,9.6182000,35.7285000,28.2593000,33.6151000,-39.4170000,-12.2320000,4.9530000,0.000000,0,0,0
8.490,-0.1573000,-0.0927000,9.6182000,35.7437000,28.2364000,33.7143000,-39.3260000,-11.8880000,5.1570000,0.000000,0,0,0
8.500,-0.1537000,-0.0951000,9.6194000,35.7513000,28.1525000,33.8593000,-39.3060000,-11.9680000,5.5730000,0.000000,0,0,0
8.510,-0.1430000,-0.0999000,9.6194000,35.7666000,28.0151000,33.9813000,-39.5860000,-12.3640000,5.0790000,0.000000,0,0,0
8.520,-0.1310000,-0.1023000,9.6182000,35.7971000,27.8397000,34.0271000,-39.5430000,-12.0330000,4.9540000,0.000000,0,0,0
8.530,-0.1178000,-0.0939000,9.6170000,35.8353000,27.7176000,33.9737000,-39.4850000,-12.2840000,4.8650000,0.000000,0,0,0
8.540,-0.1130000,-0.0724000,9.6158000,35.8658000,27.6566000,33.8440000,-39.5050000,-12.4060000,5.2010000,0.000000,0,0,0
8.550,-0.1166000,-0.0508000,9.6134000,35.9268000,27.5879000,33.6838000,-39.6500000,-12.2140000,5.0310000,0.000000,0,0,0
8.560,-0.1226000,-0.0449000,9.6134000,36.0489000,27.4658000,33.5464000,-39.2890000,-12.2970000,5.4480000,0.000000,0,0,0
8.570,-0.1322000,-0.0544000,9.6158000,36.1710000,27.3209000,33.4091000,-39.5360000,-12.2290000,4.9110000,0.000000,0,0,0
8.580,-0.1442000,-0.0819000,9.6218000,36.2320000,27.2141000,33.3099000,-39.4180000,-11.9660000,5.7570000,0.000000,0,0,0
8.590,-0.1525000,-0.1154000,9.6265000,36.1862000,27.2064000,33.2718000,-39.4200000,-12.2120000,5.4540000,0.000000,0,0,0
8.600,-0.1513000,-0.1406000,9.6301000,36.0336000,27.4048000,33.3023000,-39.3080000,-11.9560000,5.3180000,0.000000,0,0,0
8.610,-0.1465000,-0.1489000,9.6301000,35.8734000,27.7252000,33.4091000,-39.1940000,-12.4090000,5.1030000,0.000000,0,0,0
8.620,-0.1382000,-0.1262000,9.6253000,35.7666000,28.1143000,33.7982000,-39.4940000,-11.9630000,5.1950000,0.000000,0,0,0
8.630,-0.1274000,-0.0927000,9.6194000,35.7742000,28.2288000,34.0881000,-39.5790000,-12.3430000,5.0680000,0.000000,0,0,0
8.640,-0.1154000,-0.0628000,9.6134000,35.8047000,28.2822000,34.2712000,-39.5690000,-12.3480000,5.0600000,0.000000,0,0,0
8.650,-0.1071000,-0.0461000,9.6110000,35.8429000,28.3127000,34.3094000,-39.3000000,-12.0350000,4.7680000,0.000000,0,0,0
8.660,-0.1047000,-0.0425000,9.6110000,35.8582000,28.3051000,34.2331000,-39.4330000,-12.0890000,4.7170000,0.000000,0,0,0
8.670,-0.1095000,-0.0520000,9.6134000,35.8276000,28.2593000,34.0958000,-39.3860000,-12.1490000,5.2080000,0.000000,0,0,0
8.680,-0.1190000,-0.0616000,9.6158000,35.7513000,28.2059000,33.9432000,-39.5840000,-12.1890000,4.9520000,0.000000,0,0,0
8.690,-0.1322000,-0.0652000,9.6158000,35.6674000,28.1372000,33.8287000,-39.7340000,-12.0890000,5.1070000,0.000000,0,0,0
8.700,-0.1465000,-0.0628000,9.6158000,35.6293000,28.0151000,33.8211000,-39.6220000,-12.1210000,5.4410000,0.000000,0,0,0
8.710,-0.1537000,-0.0580000,9.6158000,35.6445000,27.8473000,33.8821000,-39.5320000,-12.3170000,5.5450000,0.000000,0,0,0
8.720,-0.1585000,-0.0532000,9.6170000,35.6827000,27.7176000,33.9508000,-39.4760000,-12.1830000,5.0910000,0.000000,0,0,0
8.730,-0.1621000,-0.0544000,9.6182000,35.7056000,27.6642000,34.0271000,-39.6840000,-12.6000000,5.4290000,0.000000,0,0,0
8.740,-0.1657000,-0.0604000,9.6206000,35.7285000,27.6489000,34.1415000,-39.5430000,-12.2630000,5.9480000,0.000000,0,0,0
8.750,-0.1657000,-0.0855000,9.6170000,35.6903000,27.6031000,34.3399000,-39.5990000,-12.5220000,5.7740000,0.000000,0,0,0
8.760,-0.1561000,-0.1214000,9.6182000,35.6674000,27.4811000,34.5612000,-39.6720000,-12.2860000,5.6190000,0.000000,0,0,0
8.770,-0.1489000,-0.1418000,9.6182000,35.7208000,27.3666000,34.6680000,-39.5550000,-12.1970000,5.9290000,0.000000,0,0,0
8.780,-0.1453000,-0.1453000,9.6194000,35.7361000,27.3819000,34.7519000,-39.3850000,-11.7750000,4.9470000,0.000000,0,0,0
8.790,-0.1274000,-0.1370000,9.6206000,35.7285000,27.4811000,34.7748000,-39.5400000,-12.3120000,5.0570000,0.000000,0,0,0
8.800,-0.1119000,-0.1262000,9.6182000,35.7208000,27.5955000,34.6756000,-39.6710000,-11.9250000,5.1210000,0.000000,0,0,0
8.810,-0.0987000,-0.1119000,9.6158000,35.7437000,27.6718000,34.5078000,-39.6860000,-12.1920000,5.1110000,0.000000,0,0,0
8.820,-0.0951000,-0.0975000,9.6158000,35.8276000,27.6871000,34.3170000,-39.4750000,-12.0230000,4.6370000,0.000000,0,0,0
8.830,-0.1059000,-0.0855000,9.6170000,35.9192000,27.6566000,34.1492000,-39.5840000,-12.3270000,4.7150000,0.000000,0,0,0
8.840,-0.1250000,-0.0784000,9.6170000,35.9497000,27.6337000,34.0500000,-39.9010000,-11.8760000,5.2100000,0.000000,0,0,0
8.850,-0.1418000,-0.0796000,9.6182000,35.9268000,27.6642000,33.9737000,-39.6050000,-12.2120000,5.2010000,0.000000,0,0,0
8.860,-0.1525000,-0.0807000,9.6182000,35.8963000,27.7786000,33.8516000,-39.2550000,-12.1540000,4.6010000,0.000000,0,0,0
8.870,-0.1537000,-0.0855000,9.6194000,35.8429000,27.9236000,33.6838000,-39.5230000,-12.2800000,4.7420000,0.000000,0,0,0
8.880,-0.1453000,-0.0879000,9.6206000,35.7666000,28.1143000,33.4625000,-39.6440000,-12.3870000,4.9370000,0.000000,0,0,0
8.890,-0.1286000,-0.0855000,9.6194000,35.6903000,28.3127000,33.2108000,-39.7140000,-12.3420000,5.5350000,0.000000,0,0,0
8.900,-0.1095000,-0.0796000,9.6170000,35.6369000,28.4195000,33.0200000,-39.4010000,-12.4300000,5.0430000,0.000000,0,0,0
8.910,-0.0987000,-0.0712000,9.6146000,35.6140000,28.3813000,32.9285000,-39.6200000,-11.8390000,4.7880000,0.000000,0,0,0
8.920,-0.0987000,-0.0628000,9.6146000,35.6064000,28.2898000,32.9208000,-39.7530000,-12.2020000,5.4760000,0.000000,0,0,0
8.930,-0.1083000,-0.0604000,9.6158000,35.5911000,28.1906000,33.0353000,-39.6320000,-12.1650000,5.1910000,0.000000,0,0,0
8.940,-0.1214000,-0.0616000,9.6158000,35.5682000,28.0762000,33.2642000,-39.6040000,-12.2460000,5.4810000,0.000000,0,0,0
8.950,-0.1334000,-0.0700000,9.6158000,35.5530000,27.9312000,33.5541000,-39.6110000,-12.1310000,5.5000000,0.000000,0,0,0
8.960,-0.1406000,-0.0819000,9.6170000,35.5835000,27.7710000,33.7982000,-39.5330000,-11.8230000,5.2160000,0.000000,0,0,0
8.970,-0.1442000,-0.0999000,9.6182000,35.6598000,27.6718000,33.8898000,-39.7760000,-12.2030000,6.0030000,0.000000,0,0,0
8.980,-0.1442000,-0.1166000,9.6182000,35.7590000,27.6642000,33.8135000,-39.8030000,-11.7490000,5.1150000,0.000000,0,0,0
8.990,-0.1394000,-0.1274000,9.6206000,35.8582000,27.7176000,33.6609000,-39.8580000,-11.9750000,4.9880000,0.000000,0,0,0
9.000,-0.1346000,-0.1334000,9.6206000,35.9344000,27.7710000,33.5236000,-40.0980000,-11.8490000,4.8190000,0.000000,0,0,0
9.010,-0.1298000,-0.1334000,9.6206000,35.9879000,27.8091000,33.4625000,-39.9970000,-12.0720000,5.2150000,0.000000,0,0,0
9.020,-0.1274000,-0.1298000,9.6194000,36.0184000,27.8091000,33.4625000,-39.4230000,-11.8060000,5.5490000,0.000000,0,0,0
9.030,-0.1298000,-0.1238000,9.6170000,36.0336000,27.7710000,33.5159000,-39.6850000,-11.9830000,5.0170000,0.000000,0,0,0
9.040,-0.1358000,-0.1178000,9.6170000,36.0641000,27.7023000,33.5846000,-39.7490000,-11.8960000,5.6830000,0.000000,0,0,0
9.050,-0.1430000,-0.1142000,9.6194000,36.1023000,27.6871000,33.5999000,-39.7270000,-12.1670000,4.9180000,0.000000,0,0,0
9.060,-0.1453000,-0.1059000,9.6194000,36.1328000,27.7252000,33.5693000,-39.7310000,-12.1070000,5.4170000,0.000000,0,0,0
9.070,-0.1430000,-0.0927000,9.6194000,36.1328000,27.8168000,33.5159000,-39.5960000,-12.2670000,5.3710000,0.000000,0,0,0
9.080,-0.1370000,-0.0796000,9.6194000,36.0870000,27.9083000,33.5007000,-39.8220000,-11.9480000,5.5680000,0.000000,0,0,0
9.090,-0.1322000,-0.0676000,9.6182000,35.9955000,27.9770000,33.5922000,-39.8000000,-11.9400000,5.7390000,0.000000,0,0,0
9.100,-0.1274000,-0.0652000,9.6170000,35.8963000,28.0075000,33.8058000,-39.7540000,-11.9730000,4.6590000,0.000000,0,0,0
9.110,-0.1202000,-0.0664000,9.6182000,35.8047000,28.0075000,34.0729000,-39.8240000,-11.9860000,5.7570000,0.000000,0,0,0
9.120,-0.1178000,-0.0724000,9.6182000,35.7208000,28.0609000,34.3170000,-39.9850000,-12.3200000,5.2220000,0.000000,0,0,0
9.130,-0.1178000,-0.0843000,9.6182000,35.6445000,28.1982000,34.4315000,-39.2450000,-12.2380000,5.7940000,0.000000,0,0,0
9.140,-0.1190000,-0.0927000,9.6206000,35.5988000,28.3661000,34.3323000,-39.4500000,-12.2360000,5.3860000,0.000000,0,0,0
9.150,-0.1262000,-0.0891000,9.6218000,35.5682000,28.5492000,34.0958000,-39.8520000,-12.3380000,5.6150000,0.000000,0,0,0
9.160,-0.1370000,-0.0819000,9.6229000,35.5453000,28.6636000,33.8516000,-39.8780000,-12.3710000,5.8770000,0.000000,0,0,0
9.170,-0.1442000,-0.0760000,9.6218000,35.5530000,28.6713000,33.6914000,-39.5820000,-12.3680000,4.9990000,0.000000,0,0,0
9.180,-0.1489000,-0.0796000,9.6206000,35.5988000,28.5339000,33.6761000,-39.6940000,-12.0340000,5.6470000,0.000000,0,0,0
9.190,-0.1465000,-0.0879000,9.6194000,35.6064000,28.4119000,33.7753000,-39.6050000,-12.3480000,4.9200000,0.000000,0,0,0
9.200,-0.1442000,-0.0975000,9.6194000,35.5988000,28.2822000,33.8898000,-39.8220000,-12.4230000,5.3770000,0.000000,0,0,0
9.210,-0.1430000,-0.1059000,9.6170000,35.6293000,28.1601000,33.9508000,-39.7880000,-12.3370000,5.5000000,0.000000,0,0,0
9.220,-0.1406000,-0.1083000,9.6170000,35.6979000,28.0304000,33.9584000,-39.5700000,-12.3200000,5.8190000,0.000000,0,0,0
9.230,-0.1346000,-0.1023000,9.6170000,35.7742000,27.9617000,33.8516000,-39.7810000,-12.2590000,5.3950000,0.000000,0,0,0
9.240,-0.1334000,-0.0927000,9.6182000,35.8200000,27.9617000,33.6456000,-39.6670000,-12.3740000,5.7490000,0.000000,0,0,0
9.250,-0.1346000,-0.0855000,9.6194000,35.8353000,28.0075000,33.4091000,-39.8980000,-12.0670000,5.4000000,0.000000,0,0,0
9.260,-0.1406000,-0.0855000,9.6194000,35.8276000,28.0609000,33.2184000,-39.9190000,-12.4330000,4.8510000,0.000000,0,0,0
9.270,-0.1501000,-0.0915000,9.6206000,35.8200000,28.1372000,33.0963000,-39.8910000,-12.4190000,4.7460000,0.000000,0,0,0
9.280,-0.1597000,-0.0975000,9.6218000,35.8124000,28.1754000,33.0811000,-39.6830000,-12.2740000,4.4130000,0.000000,0,0,0
9.290,-0.1645000,-0.1011000,9.6206000,35.8200000,28.1525000,33.1879000,-39.8290000,-12.2630000,5.1590000,0.000000,0,0,0
9.300,-0.1597000,-0.0999000,9.6206000,35.8353000,28.1143000,33.3405000,-39.7220000,-12.2920000,5.0360000,0.000000,0,0,0
9.310,-0.1477000,-0.0963000,9.6206000,35.8200000,28.0838000,33.4625000,-39.6520000,-12.5100000,5.5280000,0.000000,0,0,0
9.320,-0.1382000,-0.0927000,9.6206000,35.7895000,28.0685000,33.5007000,-39.7450000,-12.4600000,4.8150000,0.000000,0,0,0
9.330,-0.1310000,-0.0891000,9.6194000,35.7666000,28.0685000,33.4549000,-39.6160000,-12.4310000,5.1140000,0.000000,0,0,0
9.340,-0.1310000,-0.0843000,9.6170000,35.7819000,28.0457000,33.3557000,-39.6530000,-12.5030000,5.1530000,0.000000,0,0,0
9.350,-0.1346000,-0.0784000,9.6158000,35.7819000,27.9846000,33.2947000,-39.7220000,-12.5810000,5.8380000,0.000000,0,0,0
9.360,-0.1418000,-0.0772000,9.6170000,35.7819000,27.8854000,33.3176000,-39.4750000,-12.3830000,5.5530000,0.000000,0,0,0
9.370,-0.1465000,-0.0819000,9.6182000,35.7971000,27.7863000,33.3786000,-39.7650000,-12.4860000,5.3930000,0.000000,0,0,0
9.380,-0.1465000,-0.0891000,9.6194000,35.8047000,27.7481000,33.4244000,-39.6660000,-12.1580000,5.2830000,0.000000,0,0,0
9.390,-0.1477000,-0.0975000,9.6218000,35.8047000,27.7710000,33.4396000,-39.4970000,-12.2110000,5.5390000,0.000000,0,0,0
9.400,-0.1489000,-0.1059000,9.6241000,35.8047000,27.8473000,33.4244000,-39.8350000,-12.2980000,5.0680000,0.000000,0,0,0
9.410,-0.1453000,-0.1083000,9.6253000,35.8047000,27.9465000,33.3939000,-39.7550000,-12.1170000,5.8750000,0.000000,0,0,0
9.420,-0.1418000,-0.1059000,9.6241000,35.7895000,28.0380000,33.3405000,-39.6740000,-12.2940000,5.8780000,0.000000,0,0,0
9.430,-0.1430000,-0.1035000,9.6206000,35.7819000,28.0762000,33.2947000,-40.0280000,-12.2980000,5.9540000,0.000000,0,0,0
9.440,-0.1442000,-0.0963000,9.6182000,35.7895000,28.0533000,33.2718000,-39.9150000,-12.0620000,6.2280000,0.000000,0,0,0
9.450,-0.1501000,-0.0903000,9.6170000,35.8200000,28.0151000,33.2794000,-39.8760000,-12.1160000,6.0620000,0.000000,0,0,0
9.460,-0.1585000,-0.0879000,9.6182000,35.8505000,27.9770000,33.3099000,-39.7230000,-12.3720000,5.6820000,0.000000,0,0,0
9.470,-0.1645000,-0.0891000,9.6206000,35.8505000,27.9312000,33.3710000,-39.5550000,-12.0880000,6.2260000,0.000000,0,0,0
9.480,-0.1657000,-0.0915000,9.6218000,35.8200000,27.9007000,33.4320000,-39.7640000,-12.0980000,6.0000000,0.000000,0,0,0
9.490,-0.1621000,-0.0939000,9.6241000,35.7513000,27.9236000,33.4473000,-39.7760000,-12.4130000,5.5920000,0.000000,0,0,0
9.500,-0.1537000,-0.0975000,9.6241000,35.6522000,27.9694000,33.4320000,-39.7080000,-12.4870000,5.5940000,0.000000,0,0,0
9.510,-0.1489000,-0.1047000,9.6229000,35.5682000,27.9999000,33.4244000,-39.8250000,-12.2950000,5.2750000,0.000000,0,0,0
9.520,-0.1489000,-0.1107000,9.6229000,35.5453000,27.9846000,33.4625000,-39.9530000,-12.0870000,5.5460000,0.000000,0,0,0
9.530,-0.1537000,-0.1142000,9.6229000,35.5682000,27.9465000,33.5312000,-39.8950000,-12.3940000,5.8480000,0.000000,0,0,0
9.540,-0.1597000,-0.1130000,9.6229000,35.6369000,27.9160000,33.6075000,-39.5800000,-12.2730000,5.6060000,0.000000,0,0,0
9.550,-0.1633000,-0.1059000,9.6229000,35.7208000,27.9007000,33.6914000,-39.8280000,-12.3710000,5.3380000,0.000000,0,0,0
9.560,-0.1609000,-0.0999000,9.6218000,35.7971000,27.8931000,33.7524000,-39.5150000,-12.5450000,5.0620000,0.000000,0,0,0
9.570,-0.1525000,-0.0963000,9.6194000,35.8429000,27.8778000,33.7677000,-39.5340000,-12.5200000,4.6230000,0.000000,0,0,0
9.580,-0.1442000,-0.0963000,9.6194000,35.8810000,27.8473000,33.7143000,-39.7300000,-12.5100000,5.0630000,0.000000,0,0,0
9.590,-0.1358000,-0.0975000,9.6206000,35.8887000,27.8625000,33.5770000,-39.6930000,-12.3780000,4.9430000,0.000000,0,0,0
9.600,-0.1310000,-0.0987000,9.6206000,35.8582000,27.9465000,33.3939000,-39.6770000,-12.3050000,4.9100000,0.000000,0,0,0
9.610,-0.1358000,-0.0975000,9.6206000,35.8047000,28.0304000,33.2413000,-39.7630000,-12.4410000,5.1850000,0.000000,0,0,0
9.620,-0.1442000,-0.0927000,9.6194000,35.7590000,28.0838000,33.1726000,-39.6680000,-12.2090000,5.1920000,0.000000,0,0,0
9.630,-0.1561000,-0.0879000,9.6182000,35.7361000,28.0914000,33.1802000,-39.8540000,-11.8350000,5.6520000,0.000000,0,0,0
9.640,-0.1693000,-0.0831000,9.6170000,35.7513000,28.0151000,33.2565000,-39.8260000,-12.1660000,5.5850000,0.000000,0,0,0
9.650,-0.1824000,-0.0831000,9.6182000,35.7971000,27.8625000,33.3862000,-39.7760000,-12.4480000,5.7820000,0.000000,0,0,0
9.660,-0.1860000,-0.0831000,9.6182000,35.8505000,27.7100000,33.5159000,-39.7870000,-12.5380000,5.4200000,0.000000,0,0,0
9.670,-0.1776000,-0.0843000,9.6206000,35.8658000,27.6260000,33.5999000,-39.6440000,-12.3580000,5.2200000,0.000000,0,0,0
9.680,-0.1621000,-0.0891000,9.6229000,35.8276000,27.6718000,33.6227000,-39.6210000,-12.0620000,5.1850000,0.000000,0,0,0
9.690,-0.1430000,-0.0987000,9.6253000,35.7590000,27.8168000,33.6075000,-39.4870000,-12.3010000,5.0010000,0.000000,0,0,0
9.700,-0.1238000,-0.1083000,9.6241000,35.6979000,27.9922000,33.5541000,-39.6470000,-12.4120000,5.5100000,0.000000,0,0,0
9.710,-0.1142000,-0.1142000,9.6229000,35.6750000,28.1219000,33.5159000,-39.5010000,-12.5590000,5.1760000,0.000000,0,0,0
9.720,-0.1142000,-0.1130000,9.6218000,35.6827000,28.1982000,33.4930000,-39.6050000,-12.5280000,5.1260000,0.000000,0,0,0
9.730,-0.1250000,-0.1059000,9.6182000,35.7285000,28.1677000,33.4930000,-40.0210000,-12.1550000,4.9580000,0.000000,0,0,0
9.740,-0.1406000,-0.0951000,9.6182000,35.7895000,28.0762000,33.5083000,-39.6490000,-11.9680000,5.0010000,0.000000,0,0,0
9.750,-0.1633000,-0.0831000,9.6218000,35.8276000,27.9999000,33.4854000,-39.8630000,-12.1680000,4.7210000,0.000000,0,0,0
9.760,-0.1693000,-0.0855000,9.6229000,35.7971000,27.9999000,33.4625000,-39.6040000,-12.2320000,4.8650000,0.000000,0,0,0
9.770,-0.1681000,-0.0903000,9.6218000,35.7666000,27.9846000,33.4625000,-39.5410000,-12.2550000,4.9300000,0.000000,0,0,0
9.780,-0.1645000,-0.0999000,9.6218000,35.7437000,27.9694000,33.4854000,-39.5930000,-12.3210000,4.7410000,0.000000,0,0,0
9.790,-0.1573000,-0.1095000,9.6218000,35.7513000,27.9770000,33.5083000,-39.6610000,-12.6630000,5.0670000,0.000000,0,0,0
9.800,-0.1501000,-0.1130000,9.6229000,35.7971000,27.9770000,33.5312000,-39.3990000,-12.3130000,5.1300000,0.000000,0,0,0
9.810,-0.1465000,-0.1107000,9.6241000,35.8200000,27.9999000,33.5312000,-39.5030000,-12.3030000,5.4710000,0.000000,0,0,0
9.820,-0.1501000,-0.1083000,9.6229000,35.8429000,28.0151000,33.4854000,-39.4460000,-12.2240000,4.8790000,0.000000,0,0,0
9.830,-0.1597000,-0.1047000,9.6206000,35.8810000,28.0151000,33.4015000,-39.7010000,-12.3870000,5.1350000,0.000000,0,0,0
9.840,-0.1657000,-0.0999000,9.6218000,35.9192000,28.0228000,33.3099000,-39.3750000,-12.3470000,4.8050000,0.000000,0,0,0
9.850,-0.1705000,-0.0987000,9.6229000,35.9192000,28.0533000,33.2489000,-39.6810000,-12.1720000,5.1600000,0.000000,0,0,0
9.860,-0.1705000,-0.1011000,9.6229000,35.9039000,28.0838000,33.2489000,-39.6140000,-12.2630000,5.2010000,0.000000,0,0,0
9.870,-0.1621000,-0.1095000,9.6218000,35.8734000,28.1525000,33.3023000,-39.6720000,-12.3150000,5.6670000,0.000000,0,0,0
9.880,-0.1537000,-0.1178000,9.6218000,35.8810000,28.2288000,33.3710000,-39.5910000,-12.2610000,5.1190000,0.000000,0,0,0
9.890,-0.1513000,-0.1190000,9.6218000,35.9192000,28.2745000,33.4625000,-39.5160000,-12.1590000,5.4930000,0.000000,0,0,0
9.900,-0.1525000,-0.1130000,9.6206000,35.9573000,28.2440000,33.5922000,-39.6530000,-12.1010000,4.7030000,0.000000,0,0,0
9.910,-0.1561000,-0.1071000,9.6206000,36.0260000,28.1601000,33.7219000,-39.7310000,-12.5400000,5.2310000,0.000000,0,0,0
9.920,-0.1597000,-0.0975000,9.6194000,36.0947000,28.0838000,33.7982000,-39.7030000,-12.2590000,4.6670000,0.000000,0,0,0
9.930,-0.1645000,-0.0867000,9.6182000,36.1252000,28.0228000,33.7906000,-39.7490000,-12.0550000,5.1300000,0.000000,0,0,0
9.940,-0.1657000,-0.0807000,9.6182000,36.1023000,27.9770000,33.7219000,-39.7280000,-12.1260000,5.3430000,0.000000,0,0,0
9.950,-0.1657000,-0.0748000,9.6182000,36.0413000,27.9388000,33.6456000,-39.5980000,-12.4200000,5.0540000,0.000000,0,0,0
9.960,-0.1753000,-0.0736000,9.6182000,35.9802000,27.8244000,33.6075000,-39.8210000,-12.2560000,4.8620000,0.000000,0,0,0
9.970,-0.1872000,-0.0796000,9.6206000,35.9573000,27.5803000,33.7219000,-39.3340000,-12.2760000,4.7950000,0.000000,0,0,0
9.980,-0.1920000,-0.0927000,9.6229000,36.0184000,27.2293000,33.9890000,-39.7100000,-12.3670000,4.9380000,0.000000,0,0,0
9.990,-0.1836000,-0.0999000,9.6253000,36.1481000,26.8707000,34.2789000,-39.5200000,-12.5500000,4.8820000,0.000000,0,0,0
10.000,-0.1657000,-0.1059000,9.6277000,36.2396000,26.6953000,34.4696000,-39.5720000,-12.5520000,4.6500000,0.000000,0,0,0
10.010,-0.1442000,-0.1059000,9.6265000,36.2701000,26.7334000,34.4772000,-39.7600000,-12.6610000,5.3860000,0.000000,0,0,0
10.020,-0.1214000,-0.1095000,9.6241000,36.2473000,26.9089000,34.2941000,-39.5520000,-12.6030000,4.5840000,0.000000,0,0,0
10.030,-0.1071000,-0.1154000,9.6206000,36.2091000,27.1149000,34.0042000,-39.5790000,-12.9040000,5.1620000,0.000000,0,0,0
10.040,-0.1095000,-0.1178000,9.6182000,36.2167000,27.2598000,33.7372000,-40.0140000,-12.4060000,4.5780000,0.000000,0,0,0
10.050,-0.1226000,-0.1178000,9.6194000,36.2167000,27.3590000,33.6075000,-39.7330000,-12.5700000,5.4030000,0.000000,0,0,0
10.060,-0.1418000,-0.1166000,9.6206000,36.1862000,27.4048000,33.6533000,-39.8390000,-12.3390000,5.2460000,0.000000,0,0,0
10.070,-0.1597000,-0.1142000,9.6218000,36.1786000,27.3895000,33.8364000,-39.9160000,-12.3730000,5.3870000,0.000000,0,0,0
10.080,-0.1669000,-0.1047000,9.6206000,36.1862000,27.3209000,34.0652000,-39.7750000,-12.4610000,5.1490000,0.000000,0,0,0
10.090,-0.1669000,-0.0903000,9.6194000,36.1633000,27.1988000,34.2789000,-39.6360000,-12.2420000,5.0560000,0.000000,0,0,0
10.100,-0.1621000,-0.0760000,9.6170000,36.1099000,27.0081000,34.4467000,-39.8620000,-12.2610000,4.5750000,0.000000,0,0,0
10.110,-0.1513000,-0.0640000,9.6146000,36.0565000,26.7487000,34.5612000,-39.5830000,-12.4190000,4.9650000,0.000000,0,0,0
10.120,-0.1406000,-0.0580000,9.6134000,36.0107000,26.4587000,34.6222000,-39.4330000,-12.5920000,4.8380000,0.000000,0,0,0
10.130,-0.1358000,-0.0592000,9.6134000,36.0260000,26.1917000,34.5840000,-39.5860000,-12.6880000,5.4780000,0.000000,0,0,0
10.140,-0.1334000,-0.0628000,9.6158000,36.0718000,26.0391000,34.4772000,-39.8320000,-12.1950000,5.6110000,0.000000,0,0,0
10.150,-0.1346000,-0.0676000,9.6182000,36.1023000,26.0239000,34.3475000,-39.6340000,-12.1960000,5.3450000,0.000000,0,0,0
10.160,-0.1334000,-0.0772000,9.6194000,36.0718000,26.1383000,34.2407000,-39.7760000,-12.3100000,5.2290000,0.000000,0,0,0
10.170,-0.1298000,-0.0903000,9.6218000,36.0107000,26.2985000,34.1797000,-39.7190000,-12.3030000,5.0240000,0.000000,0,0,0
10.180,-0.1262000,-0.1011000,9.6229000,35.9955000,26.3977000,34.1797000,-39.7570000,-12.1550000,4.7990000,0.000000,0,0,0
10.190,-0.1202000,-0.1083000,9.6218000,36.0031000,26.3596000,34.2789000,-39.5520000,-12.5680000,5.0380000,0.000000,0,0,0
10.200,-0.1119000,-0.1083000,9.6194000,36.0107000,26.1688000,34.4162000,-39.5740000,-12.3020000,5.1390000,0.000000,0,0,0
10.210,-0.1023000,-0.1035000,9.6182000,36.0565000,25.8484000,34.4925000,-39.8340000,-12.3480000,5.4510000,0.000000,0,0,0
10.220,-0.0987000,-0.0951000,9.6158000,36.1176000,25.5127000,34.4543000,-39.6050000,-12.4560000,4.9290000,0.000000,0,0,0
10.230,-0.0987000,-0.0879000,9.6158000,36.1938000,25.2609000,34.2941000,-39.3730000,-12.3440000,5.4650000,0.000000,0,0,0
10.240,-0.1035000,-0.0843000,9.6158000,36.2320000,25.1389000,34.0805000,-39.6650000,-12.6590000,4.9040000,0.000000,0,0,0
10.250,-0.1119000,-0.0843000,9.6182000,36.2091000,25.1083000,33.9050000,-39.9040000,-12.3240000,4.3740000,0.000000,0,0,0
10.260,-0.1214000,-0.0891000,9.6194000,36.1176000,25.0397000,33.8898000,-39.5820000,-12.3020000,4.6960000,0.000000,0,0,0
10.270,-0.1250000,-0.0903000,9.6158000,36.1023000,24.7421000,34.1110000,-39.8000000,-12.4580000,4.8100000,0.000000,0,0,0
10.280,-0.1238000,-0.0843000,9.6098000,36.1023000,24.1318000,34.5001000,-39.6520000,-12.6040000,4.9980000,0.000000,0,0,0
10.290,-0.1166000,-0.0819000,9.6074000,36.0413000,23.3917000,34.9655000,-39.8520000,-12.2730000,4.9580000,0.000000,0,0,0
10.300,-0.1047000,-0.0784000,9.6050000,35.9879000,22.6440000,35.3546000,-39.8440000,-12.3720000,4.9490000,0.000000,0,0,0
10.310,-0.0784000,-0.0748000,9.6050000,35.8887000,21.9955000,35.6445000,-39.9210000,-12.6720000,4.9300000,0.000000,0,0,0
10.320,-0.0484000,-0.0772000,9.6050000,35.7208000,21.4081000,35.8429000,-39.5200000,-12.6360000,5.0760000,0.000000,0,0,0
10.330,-0.0209000,-0.0867000,9.6038000,35.5225000,20.7901000,35.9268000,-39.6480000,-12.6140000,4.8460000,0.000000,0,0,0
10.340,0.0054000,-0.0987000,9.6002000,35.2936000,20.0500000,35.9497000,-39.6190000,-12.5190000,5.3790000,0.000000,0,0,0
10.350,0.0221000,-0.1107000,9.5966000,35.0876000,19.1345000,35.9879000,-39.6370000,-12.5810000,4.9290000,0.000000,0,0,0
10.360,0.0269000,-0.1202000,9.5942000,35.0418000,18.1122000,36.0413000,-39.5180000,-12.3960000,4.9330000,0.000000,0,0,0
10.370,0.0233000,-0.1238000,9.5978000,35.1562000,17.2806000,36.0565000,-39.8770000,-12.6930000,4.4840000,0.000000,0,0,0
10.380,0.0257000,-0.1166000,9.6038000,35.3928000,16.9144000,35.9879000,-39.8690000,-12.6120000,4.8030000,0.000000,0,0,0
10.390,0.0365000,-0.1130000,9.6074000,35.5530000,17.0135000,35.7971000,-39.8900000,-12.5400000,4.7150000,0.000000,0,0,0
10.400,0.0568000,-0.1142000,9.6038000,35.5453000,17.3416000,35.5606000,-39.7250000,-12.6480000,4.6250000,0.000000,0,0,0
10.410,0.0843000,-0.1166000,9.5966000,35.4004000,17.5781000,35.3622000,-39.8030000,-12.1360000,4.6190000,0.000000,0,0,0
10.420,0.1071000,-0.1178000,9.5871000,35.1944000,17.4866000,35.2707000,-39.8360000,-12.5370000,4.7320000,0.000000,0,0,0
10.430,0.1238000,-0.1166000,9.5775000,34.9731000,16.9449000,35.3165000,-39.8250000,-12.6830000,4.5130000,0.000000,0,0,0
10.440,0.1394000,-0.1083000,9.5715000,34.7748000,16.0370000,35.4233000,-39.9800000,-12.6230000,4.3460000,0.000000,0,0,0
10.450,0.1501000,-0.1035000,9.5703000,34.6909000,14.9765000,35.5682000,-40.0630000,-12.9300000,4.6790000,0.000000,0,0,0
10.460,0.1693000,-0.1011000,9.5703000,34.8282000,14.0152000,35.6903000,-40.2150000,-12.8090000,4.4760000,0.000000,0,0,0
10.470,0.1968000,-0.1035000,9.5739000,35.2020000,13.4354000,35.6750000,-40.1660000,-13.0540000,4.4940000,0.000000,0,0,0
10.480,0.2315000,-0.1071000,9.5787000,35.6903000,13.4735000,35.4843000,-40.3060000,-12.4690000,4.1670000,0.000000,0,0,0
10.490,0.2781000,-0.1130000,9.5835000,36.0718000,14.1068000,35.1105000,-40.4930000,-12.7940000,3.9230000,0.000000,0,0,0
10.500,0.3248000,-0.1274000,9.5847000,36.3388000,15.1138000,34.5917000,-40.3330000,-12.8990000,4.2080000,0.000000,0,0,0
10.510,0.3726000,-0.1465000,9.5823000,36.5067000,16.1667000,33.9966000,-40.1160000,-12.7960000,3.8020000,0.000000,0,0,0
10.520,0.4229000,-0.1513000,9.5751000,36.5982000,17.0288000,33.3405000,-40.2310000,-12.5960000,4.0380000,0.000000,0,0,0
10.530,0.4624000,-0.1465000,9.5679000,36.6440000,17.4637000,32.6233000,-40.2150000,-12.5360000,3.6900000,0.000000,0,0,0
10.540,0.4815000,-0.1238000,9.5595000,36.7126000,17.3492000,31.9214000,-40.4060000,-12.4980000,3.4620000,0.000000,0,0,0
10.550,0.4803000,-0.0831000,9.5512000,36.7661000,16.6931000,31.3568000,-40.6570000,-12.5480000,3.4060000,0.000000,0,0,0
10.560,0.4695000,-0.0484000,9.5416000,36.7661000,15.5487000,31.0516000,-40.4130000,-12.6200000,3.9350000,0.000000,0,0,0
10.570,0.4540000,-0.0281000,9.5284000,36.7126000,14.0610000,31.0516000,-40.6180000,-12.3370000,3.8130000,0.000000,0,0,0
10.580,0.4408000,-0.0245000,9.5249000,36.5143000,12.5504000,31.2805000,-40.4230000,-12.2630000,3.3620000,0.000000,0,0,0
10.590,0.4313000,-0.0401000,9.5272000,36.2473000,11.2839000,31.6238000,-40.7730000,-12.4140000,3.5700000,0.000000,0,0,0
10.600,0.4325000,-0.0676000,9.5320000,36.0031000,10.4218000,31.9519000,-40.6690000,-12.5540000,2.9880000,0.000000,0,0,0
10.610,0.4444000,-0.0915000,9.5368000,35.8734000,9.9640000,32.2342000,-40.9750000,-12.7450000,3.4210000,0.000000,0,0,0
10.620,0.4779000,-0.1071000,9.5380000,35.8200000,9.8648000,32.4631000,-40.8110000,-12.6960000,2.8820000,0.000000,0,0,0
10.630,0.5222000,-0.1166000,9.5344000,35.8429000,9.9945000,32.5775000,-40.8920000,-12.7060000,2.8090000,0.000000,0,0,0
10.640,0.5736000,-0.1119000,9.5260000,35.9726000,10.2310000,32.5928000,-41.1120000,-12.4160000,2.7170000,0.000000,0,0,0
10.650,0.6227000,-0.1011000,9.5165000,36.1099000,10.4294000,32.5928000,-40.7670000,-12.5520000,2.3070000,0.000000,0,0,0
10.660,0.6574000,-0.0796000,9.5069000,36.2091000,10.5209000,32.6157000,-40.5950000,-12.5800000,2.7910000,0.000000,0,0,0
10.670,0.6944000,-0.0556000,9.4985000,36.2244000,10.5667000,32.6767000,-40.9810000,-12.8590000,2.6570000,0.000000,0,0,0
10.680,0.7160000,-0.0484000,9.4949000,36.2396000,10.4752000,32.7759000,-41.0540000,-12.8030000,2.6970000,0.000000,0,0,0
10.690,0.7255000,-0.0568000,9.4902000,36.3388000,10.2463000,32.9666000,-40.9870000,-12.6570000,2.7960000,0.000000,0,0,0
10.700,0.7399000,-0.0784000,9.4854000,36.5372000,10.0403000,33.1345000,-40.9280000,-12.7710000,1.9450000,0.000000,0,0,0
10.710,0.7543000,-0.0987000,9.4794000,36.7661000,9.9716000,33.1802000,-41.2660000,-12.4350000,2.1840000,0.000000,0,0,0
10.720,0.7913000,-0.1130000,9.4734000,36.9263000,10.0861000,33.1345000,-41.2010000,-12.6500000,2.3460000,0.000000,0,0,0
10.730,0.8332000,-0.1190000,9.4698000,36.9873000,10.2310000,32.9590000,-41.4020000,-12.6150000,2.5250000,0.000000,0,0,0
10.740,0.8763000,-0.1154000,9.4603000,36.9415000,10.1318000,32.7454000,-41.2230000,-12.3340000,2.4050000,0.000000,0,0,0
10.750,0.9193000,-0.0999000,9.4495000,36.8271000,9.5520000,32.5851000,-41.4910000,-12.8400000,2.9320000,0.000000,0,0,0
10.760,0.9540000,-0.0784000,9.4351000,36.7203000,8.4839000,32.5165000,-41.4060000,-12.7330000,2.2510000,0.000000,0,0,0
10.770,0.9792000,-0.0580000,9.4220000,36.6821000,7.1793000,32.5165000,-41.5410000,-12.4580000,1.7640000,0.000000,0,0,0
10.780,1.0139000,-0.0329000,9.4124000,36.7355000,5.5237000,32.4631000,-41.3290000,-12.4610000,2.2240000,0.000000,0,0,0
10.790,1.0438000,-0.0341000,9.4100000,36.8271000,4.9896000,32.4478000,-41.6670000,-12.5710000,2.0740000,0.000000,0,0,0
10.800,1.0844000,-0.0508000,9.4100000,36.9186000,4.9973000,32.4936000,-41.5010000,-12.4980000,1.7030000,0.000000,0,0,0
10.810,1.1395000,-0.0724000,9.4076000,36.9568000,5.5008000,32.5394000,-41.4870000,-12.3550000,2.0240000,0.000000,0,0,0
10.820,1.1945000,-0.0927000,9.4016000,36.9186000,6.2943000,32.6080000,-41.6360000,-12.5250000,1.6910000,0.000000,0,0,0
10.830,1.2435000,-0.1023000,9.3909000,36.8042000,7.1030000,32.7759000,-41.7210000,-12.6760000,1.6850000,0.000000,0,0,0
10.840,1.2890000,-0.1023000,9.3801000,36.6516000,7.5684000,33.1116000,-41.2550000,-12.3580000,1.5740000,0.000000,0,0,0
10.850,1.3261000,-0.0963000,9.3657000,36.5067000,7.5455000,33.5770000,-41.6910000,-12.6450000,0.8220000,0.000000,0,0,0
10.860,1.3620000,-0.0879000,9.3502000,36.3693000,7.2556000,34.0347000,-41.5320000,-12.5360000,0.8160000,0.000000,0,0,0
10.870,1.4086000,-0.0688000,9.3358000,36.2396000,6.9275000,34.2636000,-41.5350000,-12.7110000,0.6060000,0.000000,0,0,0
10.880,1.4505000,-0.0425000,9.3239000,36.0870000,6.6452000,34.1873000,-41.5030000,-12.3130000,0.5960000,0.000000,0,0,0
10.890,1.4768000,-0.0221000,9.3143000,35.9192000,6.4011000,33.9050000,-41.8850000,-12.3730000,1.1000000,0.000000,0,0,0
10.900,1.4900000,-0.0114000,9.3071000,35.7361000,6.1569000,33.5693000,-41.7740000,-12.3330000,0.6390000,0.000000,0,0,0
10.910,1.5007000,-0.0126000,9.3011000,35.5301000,5.8441000,33.3252000,-41.9320000,-12.1900000,0.6330000,0.000000,0,0,0
10.920,1.5211000,-0.0221000,9.2976000,35.2783000,5.4321000,33.2260000,-42.0890000,-12.2180000,0.3790000,0.000000,0,0,0
10.930,1.5546000,-0.0365000,9.2952000,35.0037000,5.0812000,33.1421000,-41.9190000,-12.4710000,-0.1200000,0.000000,0,0,0
10.940,1.5976000,-0.0544000,9.2868000,34.7748000,4.8599000,32.9666000,-41.9590000,-12.2960000,0.2900000,0.000000,0,0,0
10.950,1.6431000,-0.0700000,9.2736000,34.6069000,4.6616000,32.6767000,-42.0350000,-12.3160000,0.1670000,0.000000,0,0,0
10.960,1.6814000,-0.0664000,9.2581000,34.4696000,4.2953000,32.4097000,-41.6770000,-12.3730000,0.4930000,0.000000,0,0,0
10.970,1.7137000,-0.0556000,9.2425000,34.3857000,3.7384000,32.2495000,-42.1810000,-12.2310000,0.4300000,0.000000,0,0,0
10.980,1.7400000,-0.0437000,9.2270000,34.3018000,3.0746000,32.2342000,-42.1810000,-12.2240000,0.6310000,0.000000,0,0,0
10.990,1.7675000,-0.0353000,9.2150000,34.3018000,2.4490000,32.3410000,-42.5330000,-12.3690000,0.2370000,0.000000,0,0,0
11.000,1.8058000,-0.0425000,9.2042000,34.3628000,2.0523000,32.4631000,-42.3220000,-12.3440000,0.7490000,0.000000,0,0,0
11.010,1.8465000,-0.0616000,9.1959000,34.4543000,1.9989000,32.5241000,-42.3750000,-12.3900000,0.3150000,0.000000,0,0,0
11.020,1.8895000,-0.0807000,9.1851000,34.4849000,2.1362000,32.5546000,-42.3860000,-11.9340000,-0.1060000,0.000000,0,0,0
11.030,1.9374000,-0.0915000,9.1719000,34.3933000,2.1896000,32.6843000,-42.8090000,-12.3960000,-0.3840000,0.000000,0,0,0
11.040,1.9840000,-0.0855000,9.1576000,34.1644000,1.8845000,32.9514000,-42.5010000,-12.5460000,-0.8080000,0.000000,0,0,0
11.050,2.0331000,-0.0772000,9.1396000,33.8287000,1.0376000,33.3252000,-42.5440000,-12.3080000,-0.7070000,0.000000,0,0,0
11.060,2.0821000,-0.0724000,9.1217000,33.5999000,-0.3586000,33.7219000,-42.5790000,-12.2860000,-1.3750000,0.000000,0,0,0
11.070,2.1264000,-0.0652000,9.1014000,33.6456000,-2.1591000,34.0042000,-42.5230000,-12.5160000,-1.1480000,0.000000,0,0,0
11.080,2.1755000,-0.0580000,9.0822000,33.9127000,-4.0283000,34.0652000,-42.4190000,-12.3330000,-1.2970000,0.000000,0,0,0
11.090,2.2317000,-0.0532000,9.0655000,34.1873000,-5.5695000,33.8364000,-42.7300000,-12.3230000,-1.7840000,0.000000,0,0,0
11.100,2.2927000,-0.0544000,9.0487000,34.2789000,-6.5613000,33.3557000,-42.5660000,-12.3950000,-1.9690000,0.000000,0,0,0
11.110,2.3417000,-0.0616000,9.0332000,34.1949000,-7.0801000,32.8369000,-42.7190000,-12.3400000,-1.8280000,0.000000,0,0,0
11.120,2.3920000,-0.0796000,9.0140000,33.9050000,-7.3013000,32.4783000,-42.7510000,-12.5230000,-2.6320000,0.000000,0,0,0
11.130,2.4458000,-0.1059000,8.9925000,33.4702000,-7.4310000,32.3639000,-42.6600000,-12.4970000,-2.6400000,0.000000,0,0,0
11.140,2.5068000,-0.1322000,8.9686000,33.0505000,-7.6370000,32.4402000,-42.8420000,-12.5350000,-2.4760000,0.000000,0,0,0
11.150,2.5726000,-0.1489000,8.9435000,32.7606000,-7.9956000,32.6080000,-43.0240000,-12.3020000,-3.5790000,0.000000,0,0,0
11.160,2.6300000,-0.1465000,8.9195000,32.6385000,-8.5373000,32.7835000,-42.6990000,-12.2770000,-3.2680000,0.000000,0,0,0
11.170,2.6899000,-0.1382000,8.8896000,32.6462000,-9.1553000,32.8903000,-43.0910000,-12.6290000,-3.2560000,0.000000,0,0,0
11.180,2.7580000,-0.1346000,8.8585000,32.7759000,-9.5749000,32.7301000,-43.2720000,-12.3280000,-3.3120000,0.000000,0,0,0
11.190,2.8274000,-0.1358000,8.8322000,33.0734000,-9.5291000,32.2647000,-43.3390000,-12.5050000,-3.0400000,0.000000,0,0,0
11.200,2.9004000,-0.1358000,8.8107000,33.4396000,-8.9493000,31.6086000,-43.1150000,-12.5370000,-3.6840000,0.000000,0,0,0
11.210,2.9770000,-0.1370000,8.7927000,33.7601000,-7.8964000,30.8838000,-43.0300000,-12.3950000,-3.4020000,0.000000,0,0,0
11.220,3.0428000,-0.1346000,8.7736000,34.0118000,-6.5765000,30.2200000,-43.0790000,-12.4560000,-2.8620000,0.000000,0,0,0
11.230,3.0930000,-0.1430000,8.7521000,34.2178000,-5.3253000,29.7775000,-43.1290000,-12.5380000,-3.9820000,0.000000,0,0,0
11.240,3.1289000,-0.1681000,8.7221000,34.4238000,-4.3640000,29.6249000,-43.1780000,-12.5420000,-3.6780000,0.000000,0,0,0
11.250,3.1588000,-0.1968000,8.6934000,34.7977000,-3.7766000,29.6478000,-43.4940000,-12.1630000,-3.8960000,0.000000,0,0,0
11.260,3.1959000,-0.1932000,8.6707000,35.3546000,-3.3188000,29.6783000,-43.2350000,-12.3330000,-4.3090000,0.000000,0,0,0
11.270,3.2449000,-0.1573000,8.6480000,35.8047000,-2.7390000,29.5639000,-43.4580000,-12.1630000,-4.4230000,0.000000,0,0,0
11.280,3.2988000,-0.1178000,8.6276000,36.1023000,-2.0370000,29.3808000,-43.2530000,-12.1500000,-4.7180000,0.000000,0,0,0
11.290,3.3598000,-0.0879000,8.6061000,36.3388000,-1.3123000,29.2435000,-43.2780000,-12.3340000,-4.6610000,0.000000,0,0,0
11.300,3.4124000,-0.0760000,8.5834000,36.5448000,-0.6790000,29.2206000,-43.3290000,-12.2980000,-5.0670000,0.000000,0,0,0
11.310,3.4591000,-0.0760000,8.5606000,36.6516000,-0.2365000,29.3732000,-43.1300000,-12.1340000,-4.8150000,0.000000,0,0,0
11.320,3.4938000,-0.0879000,8.5391000,36.6516000,-0.0687000,29.6555000,-43.3360000,-12.2840000,-4.7190000,0.000000,0,0,0
11.330,3.5285000,-0.1214000,8.5092000,36.5982000,-0.3052000,30.1208000,-43.1620000,-12.5920000,-5.6270000,0.000000,0,0,0
11.340,3.5596000,-0.1286000,8.4853000,36.5219000,-0.6790000,30.2963000,-43.4070000,-12.3270000,-5.3740000,0.000000,0,0,0
11.350,3.5919000,-0.1166000,8.4602000,36.3922000,-1.3123000,30.4260000,-43.6410000,-12.3750000,-5.0900000,0.000000,0,0,0
11.360,3.6277000,-0.0903000,8.4362000,36.2091000,-2.2430000,30.6396000,-43.4700000,-12.3890000,-5.1030000,0.000000,0,0,0
11.370,3.6684000,-0.0628000,8.4087000,36.0718000,-3.3569000,30.9067000,-43.7760000,-12.2210000,-5.2850000,0.000000,0,0,0
11.380,3.7127000,-0.0425000,8.3788000,36.0413000,-4.3106000,31.1737000,-43.5010000,-12.4580000,-5.5170000,0.000000,0,0,0
11.390,3.7653000,-0.0269000,8.3489000,36.1176000,-4.8218000,31.3110000,-43.4660000,-12.3860000,-5.5360000,0.000000,0,0,0
11.400,3.8192000,-0.0233000,8.3214000,36.2549000,-4.7531000,31.2958000,-43.5250000,-12.0570000,-6.4880000,0.000000,0,0,0
11.410,3.8742000,-0.0365000,8.2939000,36.4380000,-4.2801000,31.1966000,-43.7410000,-12.4970000,-5.8210000,0.000000,0,0,0
11.420,3.9316000,-0.0580000,8.2664000,36.6669000,-3.6697000,31.1432000,-43.5390000,-12.1440000,-5.8840000,0.000000,0,0,0
11.430,3.9807000,-0.0819000,8.2400000,36.8500000,-3.0594000,31.1966000,-43.6670000,-12.2560000,-5.7190000,0.000000,0,0,0
11.440,4.0273000,-0.1023000,8.2161000,36.8958000,-2.5787000,31.4331000,-44.0390000,-12.1130000,-6.2020000,0.000000,0,0,0
11.450,4.0716000,-0.1166000,8.1934000,36.9263000,-2.5635000,31.9595000,-43.7700000,-12.0800000,-5.6810000,0.000000,0,0,0
11.460,4.1146000,-0.1226000,8.1611000,36.9797000,-3.0212000,32.7454000,-43.7040000,-12.6100000,-6.6820000,0.000000,0,0,0
11.470,4.1613000,-0.1202000,8.1300000,37.1017000,-3.6087000,33.6304000,-43.7990000,-12.5400000,-6.0310000,0.000000,0,0,0
11.480,4.1984000,-0.1130000,8.1013000,37.3230000,-3.9673000,34.4696000,-43.8120000,-12.3100000,-6.8700000,0.000000,0,0,0
11.490,4.2331000,-0.1023000,8.0738000,37.4146000,-3.7994000,35.0266000,-43.8630000,-12.2380000,-6.5110000,0.000000,0,0,0
11.500,4.2714000,-0.0891000,8.0474000,37.3383000,-3.0594000,35.1868000,-43.8440000,-12.3700000,-7.0730000,0.000000,0,0,0
11.510,4.3168000,-0.0831000,8.0163000,37.2238000,-1.9760000,35.1105000,-43.9820000,-12.0060000,-7.0700000,0.000000,0,0,0
11.520,4.3671000,-0.0760000,7.9840000,37.1933000,-0.7858000,34.8969000,-43.8730000,-11.9890000,-7.1130000,0.000000,0,0,0
11.530,4.4101000,-0.0760000,7.9565000,37.2543000,0.3281000,34.5993000,-44.1220000,-12.1330000,-8.5180000,0.000000,0,0,0
11.540,4.4508000,-0.0891000,7.9326000,37.3611000,1.3046000,34.2789000,-43.3320000,-12.0000000,-7.6360000,0.000000,0,0,0
11.550,4.4903000,-0.1023000,7.9135000,37.5290000,1.9913000,33.9966000,-43.8520000,-12.4510000,-8.1130000,0.000000,0,0,0
11.560,4.5405000,-0.1119000,7.8907000,37.7121000,2.1896000,33.8364000,-43.8530000,-12.3510000,-7.9110000,0.000000,0,0,0
11.570,4.5932000,-0.1083000,7.8704000,37.9028000,1.8921000,33.7906000,-43.6440000,-12.3840000,-7.7690000,0.000000,0,0,0
11.580,4.6386000,-0.0879000,7.8489000,38.0783000,1.3580000,33.7982000,-43.5950000,-12.2060000,-8.2360000,0.000000,0,0,0
11.590,4.6805000,-0.0413000,7.8225000,38.1012000,0.9918000,33.6380000,-43.6450000,-12.4580000,-8.2960000,0.000000,0,0,0
11.600,4.7044000,0.0138000,7.7902000,37.8723000,1.0605000,33.2413000,-43.7700000,-12.1510000,-8.6310000,0.000000,0,0,0
11.610,4.7176000,0.0401000,7.7543000,37.5137000,1.4343000,32.8064000,-44.2300000,-12.1470000,-8.7930000,0.000000,0,0,0
11.620,4.7295000,0.0484000,7.7208000,37.2543000,1.8311000,32.4783000,-43.7270000,-12.4260000,-9.1120000,0.000000,0,0,0
11.630,4.7511000,0.0532000,7.6921000,37.0636000,2.1133000,32.3257000,-43.8130000,-12.4110000,-9.1080000,0.000000,0,0,0
11.640,4.7810000,0.0496000,7.6706000,36.8881000,2.3499000,32.3868000,-43.7370000,-12.1550000,-8.4350000,0.000000,0,0,0
11.650,4.8181000,0.0317000,7.6503000,36.7355000,2.5864000,32.6309000,-43.7800000,-12.3710000,-8.7600000,0.000000,0,0,0
11.660,4.8599000,0.0090000,7.6275000,36.6898000,2.7695000,33.0582000,-43.9020000,-12.2280000,-9.2890000,0.000000,0,0,0
11.670,4.9102000,-0.0185000,7.6024000,36.7813000,2.6474000,33.6914000,-43.5960000,-12.5310000,-9.1740000,0.000000,0,0,0
11.680,4.9604000,-0.0341000,7.5761000,36.9797000,2.0752000,34.5535000,-43.8910000,-12.6980000,-9.8290000,0.000000,0,0,0
11.690,5.0083000,-0.0353000,7.5486000,37.1857000,1.2512000,35.5072000,-43.8150000,-12.5640000,-9.5580000,0.000000,0,0,0
11.700,5.0537000,-0.0317000,7.5187000,37.3306000,0.6104000,36.3235000,-43.7110000,-12.4740000,-9.3470000,0.000000,0,0,0
11.710,5.0992000,-0.0233000,7.4852000,37.3840000,0.5798000,36.7126000,-43.7790000,-12.4490000,-9.3060000,0.000000,0,0,0
11.720,5.1422000,-0.0185000,7.4529000,37.3535000,1.3733000,36.5448000,-43.8650000,-12.5630000,-9.4460000,0.000000,0,0,0
11.730,5.1793000,-0.0150000,7.4254000,37.2009000,2.8610000,35.8963000,-43.8010000,-12.5790000,-9.5800000,0.000000,0,0,0
11.740,5.2140000,-0.0197000,7.3979000,36.9492000,4.6539000,35.0189000,-43.7540000,-12.7110000,-9.3790000,0.000000,0,0,0
11.750,5.2356000,-0.0413000,7.3727000,36.6821000,6.2027000,34.1797000,-43.9760000,-12.4460000,-9.7640000,0.000000,0,0,0
11.760,5.2427000,-0.0664000,7.3560000,36.5524000,7.0343000,33.6838000,-43.7920000,-12.5050000,-9.7930000,0.000000,0,0,0
11.770,5.2487000,-0.0796000,7.3416000,36.5753000,7.0114000,33.6380000,-43.6480000,-12.5830000,-10.0680000,0.000000,0,0,0
11.780,5.2559000,-0.0807000,7.3261000,36.6669000,6.2637000,33.9508000,-43.7200000,-12.3310000,-10.4460000,0.000000,0,0,0
11.790,5.2583000,-0.0831000,7.3045000,36.8042000,5.0735000,34.5001000,-43.7320000,-12.4300000,-10.3720000,0.000000,0,0,0
11.800,5.2631000,-0.0915000,7.2746000,36.9949000,3.8605000,35.0494000,-43.4000000,-12.5780000,-9.8510000,0.000000,0,0,0
11.810,5.2726000,-0.0891000,7.2399000,37.1552000,3.0975000,35.3546000,-43.6220000,-12.3630000,-10.0560000,0.000000,0,0,0
11.820,5.2906000,-0.0712000,7.2088000,37.1399000,3.1128000,35.3851000,-43.2980000,-12.5040000,-10.2890000,0.000000,0,0,0
11.830,5.3205000,-0.0449000,7.1825000,36.9263000,3.7766000,35.2020000,-43.7720000,-12.6580000,-10.7660000,0.000000,0,0,0
11.840,5.3576000,-0.0233000,7.1586000,36.5753000,4.5471000,35.0113000,-43.5350000,-12.3040000,-10.1400000,0.000000,0,0,0
11.850,5.4270000,-0.0114000,7.1203000,36.0489000,4.9210000,35.0418000,-43.6480000,-12.2010000,-10.2940000,0.000000,0,0,0
11.860,5.4724000,-0.0126000,7.0940000,35.8429000,4.4861000,35.3470000,-43.6790000,-12.4910000,-10.1430000,0.000000,0,0,0
11.870,5.5143000,-0.0185000,7.0677000,35.7895000,3.8147000,35.8200000,-43.4690000,-12.2230000,-10.3930000,0.000000,0,0,0
11.880,5.5526000,-0.0197000,7.0378000,35.8963000,3.4332000,36.2320000,-43.7440000,-12.2770000,-10.7840000,0.000000,0,0,0
11.890,5.5909000,-0.0150000,7.0043000,36.0870000,3.8223000,36.3388000,-43.6990000,-12.5480000,-10.2190000,0.000000,0,0,0
11.900,5.6303000,-0.0173000,6.9684000,36.2778000,4.9820000,36.1252000,-43.5320000,-12.5180000,-10.4170000,0.000000,0,0,0
11.910,5.6734000,-0.0221000,6.9373000,36.4532000,6.4240000,35.7895000,-43.8110000,-12.7750000,-11.0900000,0.000000,0,0,0
11.920,5.7105000,-0.0293000,6.9157000,36.5601000,7.6065000,35.5759000,-43.5030000,-12.4530000,-11.0770000,0.000000,0,0,0
11.930,5.7380000,-0.0365000,6.8978000,36.6211000,8.2703000,35.5911000,-43.5310000,-12.4590000,-10.8450000,0.000000,0,0,0
11.940,5.7547000,-0.0437000,6.8846000,36.6669000,8.4915000,35.7971000,-43.3720000,-12.3210000,-10.9700000,0.000000,0,0,0
11.950,5.7715000,-0.0449000,6.8667000,36.7279000,8.4229000,36.0413000,-43.7700000,-12.4260000,-11.1480000,0.000000,0,0,0
11.960,5.8002000,-0.0425000,6.8452000,36.8271000,8.1482000,36.1404000,-43.7890000,-12.5090000,-10.9600000,0.000000,0,0,0
11.970,5.8301000,-0.0389000,6.8200000,36.9568000,7.6675000,36.0260000,-43.7210000,-12.3250000,-11.5810000,0.000000,0,0,0
11.980,5.8505000,-0.0389000,6.7877000,37.0331000,7.1259000,35.7513000,-43.0940000,-12.4940000,-11.5100000,0.000000,0,0,0
11.990,5.8648000,-0.0556000,6.7519000,37.0407000,6.8436000,35.3394000,-43.6340000,-12.5330000,-11.6180000,0.000000,0,0,0
12.000,5.8804000,-0.0712000,6.7196000,37.0102000,7.1259000,34.8053000,-43.6070000,-12.5570000,-11.2310000,0.000000,0,0,0
12.010,5.9091000,-0.0855000,6.6932000,36.9110000,7.9498000,34.2026000,-43.7250000,-12.6890000,-11.6290000,0.000000,0,0,0
12.020,5.9378000,-0.0999000,6.6717000,36.7508000,9.0485000,33.6761000,-43.3860000,-12.6080000,-11.8530000,0.000000,0,0,0
12.030,5.9605000,-0.1119000,6.6526000,36.5677000,10.1776000,33.3328000,-43.4900000,-12.7050000,-12.2620000,0.000000,0,0,0
12.040,5.9773000,-0.1119000,6.6346000,36.3617000,11.2000000,33.2260000,-43.5490000,-12.8560000,-12.4200000,0.000000,0,0,0
12.050,5.9904000,-0.1035000,6.6167000,36.1786000,12.1307000,33.2947000,-43.5640000,-12.8010000,-11.9640000,0.000000,0,0,0
12.060,6.0120000,-0.0915000,6.5987000,36.0565000,13.0386000,33.3481000,-43.4050000,-12.9220000,-11.9800000,0.000000,0,0,0
12.070,6.0431000,-0.0748000,6.5808000,36.0336000,13.8092000,33.3252000,-43.4820000,-12.6320000,-12.0350000,0.000000,0,0,0
12.080,6.0766000,-0.0592000,6.5616000,36.0718000,14.5111000,33.1650000,-43.5210000,-12.5630000,-12.1860000,0.000000,0,0,0
12.090,6.1041000,-0.0389000,6.5461000,36.1176000,15.3351000,32.8445000,-43.4700000,-12.6980000,-11.5670000,0.000000,0,0,0
12.100,6.1160000,-0.0281000,6.5305000,36.0947000,16.2888000,32.4631000,-43.0310000,-12.5300000,-12.9350000,0.000000,0,0,0
12.110,6.1136000,-0.0281000,6.5198000,36.0260000,17.1051000,32.2495000,-43.2780000,-12.8720000,-12.3110000,0.000000,0,0,0
12.120,6.1029000,-0.0305000,6.5102000,35.9344000,17.5171000,32.3792000,-43.1910000,-12.8280000,-12.5860000,0.000000,0,0,0
12.130,6.0969000,-0.0341000,6.5006000,35.8505000,17.5705000,32.8369000,-42.9570000,-12.5860000,-12.7380000,0.000000,0,0,0
12.140,6.0957000,-0.0365000,6.4911000,35.8124000,17.3416000,33.4778000,-43.1200000,-12.9510000,-12.7820000,0.000000,0,0,0
12.150,6.1017000,-0.0401000,6.4779000,35.8582000,16.9220000,34.1568000,-43.6030000,-12.6960000,-12.5800000,0.000000,0,0,0
12.160,6.1089000,-0.0461000,6.4624000,35.9497000,16.3574000,34.7824000,-43.0270000,-12.5840000,-12.7570000,0.000000,0,0,0
12.170,6.1160000,-0.0484000,6.4456000,36.0031000,15.6555000,35.3699000,-43.2700000,-12.7280000,-12.7270000,0.000000,0,0,0
12.180,6.1292000,-0.0496000,6.4289000,35.9802000,14.9231000,35.8887000,-43.0550000,-12.7060000,-12.6850000,0.000000,0,0,0
12.190,6.1519000,-0.0484000,6.4121000,35.8734000,14.2975000,36.2778000,-42.8040000,-12.7340000,-12.9250000,0.000000,0,0,0
12.200,6.1842000,-0.0473000,6.3942000,35.7437000,13.9771000,36.5143000,-43.1140000,-12.9020000,-12.6830000,0.000000,0,0,0
12.210,6.2189000,-0.0532000,6.3738000,35.6522000,14.1296000,36.5677000,-43.1210000,-12.8450000,-13.1310000,0.000000,0,0,0
12.220,6.2524000,-0.0652000,6.3547000,35.6216000,14.7400000,36.4838000,-43.0900000,-12.8490000,-13.1800000,0.000000,0,0,0
12.230,6.2787000,-0.0772000,6.3379000,35.6369000,15.5411000,36.3388000,-43.1000000,-12.9090000,-12.7010000,0.000000,0,0,0
12.240,6.2931000,-0.0879000,6.3248000,35.6598000,16.2354000,36.2244000,-43.0910000,-12.7560000,-13.4770000,0.000000,0,0,0
12.250,6.2907000,-0.0891000,6.3176000,35.6827000,16.7084000,36.1633000,-43.5360000,-12.7810000,-13.0780000,0.000000,0,0,0
12.260,6.2739000,-0.0724000,6.3128000,35.6750000,16.9449000,36.2091000,-42.9580000,-12.9620000,-13.1660000,0.000000,0,0,0
12.270,6.2404000,-0.0377000,6.3176000,35.5225000,16.8610000,36.4990000,-43.1750000,-12.5540000,-13.1290000,0.000000,0,0,0
12.280,6.1986000,0.0066000,6.3212000,35.1715000,16.1667000,37.2086000,-42.9270000,-12.5700000,-13.3350000,0.000000,0,0,0
12.290,6.1639000,0.0042000,6.3009000,34.6756000,14.5493000,38.4750000,-43.0150000,-12.6880000,-13.7180000,0.000000,0,0,0
12.300,6.1639000,-0.0437000,6.2709000,34.3628000,12.1994000,40.0162000,-42.8600000,-12.6830000,-13.1910000,0.000000,0,0,0
12.310,6.2261000,-0.0879000,6.2386000,34.5001000,10.0708000,41.2064000,-42.8960000,-12.7200000,-13.7720000,0.000000,0,0,0
12.320,6.3266000,-0.1107000,6.2075000,34.8206000,9.1324000,41.5268000,-42.9180000,-12.8920000,-14.1290000,0.000000,0,0,0
12.330,6.4187000,-0.1226000,6.1812000,34.9503000,9.5596000,41.0309000,-43.1650000,-12.8740000,-13.6130000,0.000000,0,0,0
12.340,6.4881000,-0.1453000,6.1513000,34.8206000,10.8261000,40.1306000,-43.0780000,-13.0310000,-14.2330000,0.000000,0,0,0
12.350,6.5144000,-0.1788000,6.1274000,34.6146000,12.2147000,39.2151000,-43.2090000,-12.7750000,-14.7100000,0.000000,0,0,0
12.360,6.5144000,-0.2099000,6.0975000,34.5917000,13.1226000,38.6353000,-42.9400000,-12.9790000,-13.7680000,0.000000,0,0,0
12.370,6.5072000,-0.2446000,6.0604000,34.7137000,13.3591000,38.4293000,-42.7620000,-12.8500000,-14.4110000,0.000000,0,0,0
12.380,6.5000000,-0.2698000,6.0293000,34.9579000,13.1989000,38.4216000,-42.7140000,-12.7810000,-14.3870000,0.000000,0,0,0
12.390,6.5072000,-0.2853000,5.9922000,35.3470000,13.0310000,38.4445000,-42.9630000,-13.3620000,-13.9320000,0.000000,0,0,0
12.400,6.5264000,-0.2913000,5.9755000,35.5377000,13.1989000,38.3148000,-42.9690000,-13.2810000,-14.5750000,0.000000,0,0,0
12.410,6.5622000,-0.2877000,5.9623000,35.7666000,13.6185000,37.9715000,-43.1860000,-13.0610000,-15.1870000,0.000000,0,0,0
12.420,6.6101000,-0.2698000,5.9468000,36.0336000,14.3738000,37.2543000,-43.0810000,-12.8830000,-14.9490000,0.000000,0,0,0
12.430,6.6579000,-0.2566000,5.9180000,36.1786000,15.7394000,36.0565000,-42.8680000,-13.2300000,-15.4300000,0.000000,0,0,0
12.440,6.6950000,-0.2470000,5.9013000,36.1786000,17.7307000,34.4620000,-43.0690000,-13.2680000,-14.9440000,0.000000,0,0,0
12.450,6.7022000,-0.2267000,5.9049000,36.0947000,19.9509000,32.7835000,-42.9600000,-13.0710000,-15.1150000,0.000000,0,0,0
12.460,6.6747000,-0.1992000,5.9180000,35.9955000,21.8048000,31.4713000,-42.9750000,-13.2730000,-14.3470000,0.000000,0,0,0
12.470,6.6209000,-0.1812000,5.9264000,35.9116000,22.9034000,30.7693000,-42.9660000,-13.4780000,-14.5880000,0.000000,0,0,0
12.480,6.5742000,-0.1693000,5.9240000,35.8505000,23.2391000,30.6015000,-43.0730000,-13.2060000,-14.8670000,0.000000,0,0,0
12.490,6.5539000,-0.1645000,5.9216000,35.8276000,22.9034000,30.7922000,-42.9180000,-12.8490000,-14.6890000,0.000000,0,0,0
12.500,6.5539000,-0.1585000,5.9133000,35.9344000,22.0871000,31.1813000,-42.8290000,-13.2200000,-14.3610000,0.000000,0,0,0
12.510,6.5706000,-0.1681000,5.8929000,36.1252000,21.0495000,31.6010000,-42.9170000,-12.9350000,-14.3000000,0.000000,0,0,0
12.520,6.6029000,-0.1848000,5.8714000,36.3922000,19.9890000,31.9672000,-42.6050000,-12.8370000,-14.6220000,0.000000,0,0,0
12.530,6.6364000,-0.1956000,5.8534000,36.6669000,19.1498000,32.2342000,-42.8260000,-13.0810000,-14.6540000,0.000000,0,0,0
12.540,6.6508000,-0.1848000,5.8499000,36.7966000,18.8141000,32.3715000,-42.7390000,-13.0140000,-14.9440000,0.000000,0,0,0
12.550,6.6400000,-0.1633000,5.8439000,36.6745000,19.1193000,32.5089000,-42.9350000,-12.9030000,-14.8730000,0.000000,0,0,0
12.560,6.6185000,-0.1561000,5.8319000,36.3159000,19.7906000,32.7530000,-42.5350000,-12.9680000,-14.7540000,0.000000,0,0,0
12.570,6.6185000,-0.1537000,5.8211000,35.8658000,20.5002000,33.0734000,-42.8120000,-13.1590000,-14.6480000,0.000000,0,0,0
12.580,6.6496000,-0.1489000,5.8116000,35.3775000,20.9808000,33.3557000,-42.7320000,-12.9420000,-15.1730000,0.000000,0,0,0
12.590,6.6891000,-0.1525000,5.8032000,34.8587000,20.9961000,33.6227000,-42.6920000,-13.0250000,-15.2930000,0.000000,0,0,0
12.600,6.7237000,-0.1621000,5.7960000,34.4238000,20.6146000,33.7677000,-42.7150000,-12.9680000,-15.4700000,0.000000,0,0,0
12.610,6.7309000,-0.1765000,5.7888000,34.1949000,20.1645000,33.7296000,-42.9000000,-13.2480000,-15.3810000,0.000000,0,0,0
12.620,6.7202000,-0.1956000,5.7781000,34.2865000,19.9509000,33.5846000,-42.6670000,-12.8200000,-15.7120000,0.000000,0,0,0
12.630,6.7070000,-0.2231000,5.7637000,34.7214000,20.0272000,33.3405000,-42.8640000,-12.9890000,-15.3910000,0.000000,0,0,0
12.640,6.7034000,-0.2494000,5.7482000,35.4156000,20.3705000,33.0124000,-42.4070000,-12.9030000,-15.2200000,0.000000,0,0,0
12.650,6.7166000,-0.2626000,5.7350000,36.1710000,20.7825000,32.6462000,-42.7860000,-13.1550000,-14.6820000,0.000000,0,0,0
12.660,6.7381000,-0.2590000,5.7278000,36.8271000,21.0571000,32.3639000,-42.4500000,-13.4070000,-15.6610000,0.000000,0,0,0
12.670,6.7572000,-0.2375000,5.7254000,37.2925000,21.2708000,32.1274000,-42.6600000,-13.1220000,-15.1040000,0.000000,0,0,0
12.680,6.7620000,-0.2052000,5.7230000,37.5366000,21.4996000,31.9748000,-42.8070000,-13.2550000,-15.6270000,0.000000,0,0,0
12.690,6.7477000,-0.1776000,5.7159000,37.5366000,21.6446000,32.0206000,-42.7150000,-13.1620000,-15.4780000,0.000000,0,0,0
12.700,6.7321000,-0.1597000,5.7051000,37.3611000,21.6217000,32.2800000,-42.4600000,-13.2960000,-15.6060000,0.000000,0,0,0
12.710,6.7333000,-0.1489000,5.6931000,37.1399000,21.4233000,32.6462000,-42.5320000,-13.5250000,-15.3280000,0.000000,0,0,0
12.720,6.7560000,-0.1477000,5.6812000,36.9492000,21.1716000,33.0276000,-42.6930000,-12.9740000,-15.3030000,0.000000,0,0,0
12.730,6.8015000,-0.1465000,5.6632000,36.7279000,21.1182000,33.2489000,-42.5460000,-13.6400000,-15.1920000,0.000000,0,0,0
12.740,6.8398000,-0.1513000,5.6465000,36.4990000,21.3470000,33.2794000,-42.9300000,-13.2710000,-15.3060000,0.000000,0,0,0
12.750,6.8613000,-0.1585000,5.6369000,36.2854000,21.6064000,33.2413000,-42.5310000,-12.8830000,-15.2720000,0.000000,0,0,0
12.760,6.8673000,-0.1585000,5.6369000,36.1633000,21.6675000,33.2870000,-42.7600000,-13.1420000,-15.7490000,0.000000,0,0,0
12.770,6.8553000,-0.1513000,5.6321000,36.1023000,21.6599000,33.3862000,-42.9050000,-13.4390000,-15.2150000,0.000000,0,0,0
12.780,6.8350000,-0.1561000,5.6250000,36.0260000,21.8353000,33.5159000,-42.7190000,-13.0870000,-15.2190000,0.000000,0,0,0
12.790,6.8230000,-0.1633000,5.6178000,36.0031000,22.2549000,33.6075000,-42.7070000,-13.3570000,-15.8370000,0.000000,0,0,0
12.800,6.8254000,-0.1669000,5.6118000,36.0107000,22.8882000,33.6151000,-42.4980000,-13.1820000,-15.9870000,0.000000,0,0,0
12.810,6.8386000,-0.1657000,5.6082000,35.9802000,23.6511000,33.5312000,-42.8660000,-13.2850000,-15.9130000,0.000000,0,0,0
12.820,6.8494000,-0.1585000,5.6046000,35.8734000,24.4751000,33.3633000,-42.4680000,-13.4100000,-15.2570000,0.000000,0,0,0
12.830,6.8517000,-0.1513000,5.5998000,35.7208000,25.2838000,33.1650000,-42.5080000,-13.2500000,-15.4260000,0.000000,0,0,0
12.840,6.8470000,-0.1489000,5.5974000,35.5988000,25.8484000,33.0582000,-42.6840000,-13.2090000,-15.8340000,0.000000,0,0,0
12.850,6.8374000,-0.1549000,5.5950000,35.5682000,25.9476000,33.0658000,-42.7490000,-13.2750000,-15.1760000,0.000000,0,0,0
12.860,6.8278000,-0.1597000,5.5938000,35.6827000,25.5280000,33.1497000,-42.8920000,-13.3690000,-16.0500000,0.000000,0,0,0
12.870,6.8242000,-0.1597000,5.5927000,35.8429000,24.8184000,33.2565000,-42.7880000,-13.5020000,-15.6720000,0.000000,0,0,0
12.880,6.8242000,-0.1633000,5.5867000,35.9573000,24.2233000,33.2794000,-42.6570000,-13.0040000,-15.4110000,0.000000,0,0,0
12.890,6.8314000,-0.1693000,5.5819000,35.9879000,24.0860000,33.1650000,-42.7160000,-13.3510000,-15.5480000,0.000000,0,0,0
12.900,6.8386000,-0.1729000,5.5735000,35.9650000,24.5514000,32.9590000,-42.6580000,-13.0270000,-15.8680000,0.000000,0,0,0
12.910,6.8458000,-0.1800000,5.5675000,35.8810000,25.3448000,32.8369000,-42.8620000,-13.1950000,-15.8460000,0.000000,0,0,0
12.920,6.8541000,-0.1788000,5.5651000,35.7590000,25.9171000,32.9514000,-42.8900000,-13.0860000,-15.6730000,0.000000,0,0,0
12.930,6.8637000,-0.1705000,5.5615000,35.6140000,26.0391000,33.2642000,-42.8650000,-13.2920000,-15.4400000,0.000000,0,0,0
12.940,6.8661000,-0.1621000,5.5568000,35.4614000,25.5661000,33.8135000,-42.7510000,-13.2420000,-15.2100000,0.000000,0,0,0
12.950,6.8661000,-0.1573000,5.5556000,35.4919000,24.8642000,34.1187000,-42.6650000,-13.0260000,-15.4430000,0.000000,0,0,0
12.960,6.8649000,-0.1561000,5.5508000,35.6293000,24.0097000,34.2865000,-42.8530000,-13.3720000,-15.9730000,0.000000,0,0,0
12.970,6.8649000,-0.1561000,5.5448000,35.8429000,23.3231000,34.2865000,-42.6430000,-13.2770000,-16.0750000,0.000000,0,0,0
12.980,6.8709000,-0.1513000,5.5376000,36.0718000,23.2162000,34.0805000,-42.7630000,-13.3680000,-15.7940000,0.000000,0,0,0
12.990,6.8805000,-0.1489000,5.5304000,36.1862000,23.8800000,33.7067000,-42.7770000,-13.3610000,-15.9320000,0.000000,0,0,0
13.000,6.8936000,-0.1477000,5.5292000,36.2167000,25.0092000,33.3252000,-42.5550000,-13.1170000,-15.7560000,0.000000,0,0,0
13.010,6.9020000,-0.1442000,5.5257000,36.1862000,26.2070000,33.0811000,-42.7510000,-13.1110000,-15.9790000,0.000000,0,0,0
13.020,6.9092000,-0.1430000,5.5221000,36.0947000,27.2446000,32.9971000,-42.8440000,-13.4570000,-15.6620000,0.000000,0,0,0
13.030,6.9128000,-0.1430000,5.5185000,35.9650000,28.0075000,33.0505000,-42.7630000,-13.2400000,-15.8080000,0.000000,0,0,0
13.040,6.9175000,-0.1406000,5.5185000,35.7819000,28.5339000,33.1573000,-42.6920000,-13.5850000,-15.7090000,0.000000,0,0,0
13.050,6.9211000,-0.1418000,5.5197000,35.5377000,28.7094000,33.3252000,-42.8000000,-13.3690000,-16.0740000,0.000000,0,0,0
13.060,6.9211000,-0.1489000,5.5221000,35.3546000,28.4653000,33.5388000,-42.5450000,-13.0630000,-16.0740000,0.000000,0,0,0
13.070,6.9175000,-0.1561000,5.5233000,35.3241000,28.0533000,33.7067000,-42.6050000,-13.0670000,-15.5960000,0.000000,0,0,0
13.080,6.9068000,-0.1633000,5.5245000,35.4080000,27.7634000,33.7906000,-42.8520000,-13.3570000,-15.0980000,0.000000,0,0,0
13.090,6.8912000,-0.1693000,5.5269000,35.5606000,27.6794000,33.7906000,-43.0810000,-13.3930000,-15.5450000,0.000000,0,0,0
13.100,6.8757000,-0.1717000,5.5281000,35.7285000,27.8015000,33.7448000,-42.8450000,-13.6450000,-15.2200000,0.000000,0,0,0
13.110,6.8589000,-0.1657000,5.5316000,35.8429000,27.9541000,33.7448000,-42.6710000,-13.3050000,-15.8080000,0.000000,0,0,0
13.120,6.8458000,-0.1513000,5.5364000,35.8276000,27.9465000,33.8669000,-42.8180000,-13.2300000,-15.9850000,0.000000,0,0,0
13.130,6.8302000,-0.1370000,5.5400000,35.6674000,27.6413000,34.1644000,-42.7200000,-13.2030000,-15.7880000,0.000000,0,0,0
13.140,6.8182000,-0.1346000,5.5376000,35.4309000,26.9775000,34.6527000,-42.5320000,-13.4810000,-15.6360000,0.000000,0,0,0
13.150,6.8242000,-0.1334000,5.5352000,35.2249000,26.1841000,35.1791000,-42.9010000,-12.8310000,-16.2900000,0.000000,0,0,0
13.160,6.8434000,-0.1334000,5.5316000,35.0418000,25.6958000,35.5530000,-42.7420000,-13.3400000,-16.0440000,0.000000,0,0,0
13.170,6.8589000,-0.1418000,5.5269000,34.8969000,25.6729000,35.7285000,-42.5060000,-13.2490000,-16.4690000,0.000000,0,0,0
13.180,6.8661000,-0.1609000,5.5209000,34.8282000,25.7263000,35.8658000,-42.5750000,-13.3090000,-16.1910000,0.000000,0,0,0
13.190,6.8745000,-0.1788000,5.5137000,34.8282000,25.5203000,36.1023000,-42.6080000,-13.1200000,-16.0240000,0.000000,0,0,0
13.200,6.8912000,-0.1896000,5.5053000,34.7824000,25.1312000,36.3464000,-42.5150000,-12.9330000,-16.3920000,0.000000,0,0,0
13.210,6.9116000,-0.1956000,5.4981000,34.6756000,24.8718000,36.4532000,-42.9370000,-13.2420000,-16.5140000,0.000000,0,0,0
13.220,6.9283000,-0.2040000,5.4934000,34.5230000,24.9176000,36.3998000,-42.5590000,-13.5390000,-16.7010000,0.000000,0,0,0
13.230,6.9427000,-0.2159000,5.4886000,34.4238000,25.1389000,36.2167000,-42.5080000,-13.2060000,-16.7470000,0.000000,0,0,0
13.240,6.9558000,-0.2267000,5.4838000,34.5154000,25.2609000,35.9650000,-42.5310000,-13.7110000,-16.3150000,0.000000,0,0,0
13.250,6.9714000,-0.2363000,5.4766000,34.8434000,25.3143000,35.5530000,-42.3880000,-13.5170000,-16.0690000,0.000000,0,0,0
13.260,6.9821000,-0.2434000,5.4706000,35.3012000,25.6195000,34.8816000,-42.6040000,-13.3240000,-16.4290000,0.000000,0,0,0
13.270,6.9845000,-0.2518000,5.4635000,35.8124000,26.3901000,33.9737000,-42.8870000,-13.5000000,-15.8680000,0.000000,0,0,0
13.280,6.9833000,-0.2578000,5.4623000,36.3235000,27.4963000,32.9971000,-42.8850000,-13.3770000,-15.7940000,0.000000,0,0,0
13.290,6.9738000,-0.2494000,5.4718000,36.7813000,28.7018000,32.1045000,-42.3900000,-13.3610000,-15.5330000,0.000000,0,0,0
13.300,6.9474000,-0.2291000,5.4850000,37.0407000,29.6021000,31.5628000,-42.7810000,-13.4300000,-15.4130000,0.000000,0,0,0
13.310,6.9080000,-0.2135000,5.4946000,37.0789000,29.8004000,31.5475000,-42.8560000,-13.3900000,-15.3790000,0.000000,0,0,0
13.320,6.8757000,-0.1956000,5.5005000,37.0102000,29.3045000,31.9519000,-42.5770000,-13.4470000,-16.4780000,0.000000,0,0,0
13.330,6.8601000,-0.1788000,5.5041000,36.8423000,28.4042000,32.5470000,-42.5970000,-13.1000000,-16.2950000,0.000000,0,0,0
13.340,6.8673000,-0.1657000,5.5017000,36.5982000,27.5040000,33.0734000,-42.4340000,-13.5050000,-16.4370000,0.000000,0,0,0
13.350,6.8876000,-0.1609000,5.4981000,36.3007000,27.0157000,33.3176000,-42.7230000,-13.3710000,-15.7590000,0.000000,0,0,0
13.360,6.9068000,-0.1669000,5.4934000,36.0336000,26.8860000,33.3557000,-42.4820000,-13.4820000,-16.2810000,0.000000,0,0,0
13.370,6.9163000,-0.1776000,5.4934000,35.8505000,26.7563000,33.3633000,-42.5010000,-13.2420000,-16.3790000,0.000000,0,0,0
13.380,6.9151000,-0.1872000,5.4910000,35.7513000,26.4511000,33.4396000,-42.7440000,-13.2920000,-15.8260000,0.000000,0,0,0
13.390,6.9044000,-0.2028000,5.4874000,35.7361000,26.0544000,33.5541000,-42.4900000,-13.1950000,-15.6790000,0.000000,0,0,0
13.400,6.9044000,-0.2099000,5.4826000,35.8429000,25.8102000,33.6304000,-42.4800000,-13.2640000,-16.1010000,0.000000,0,0,0
13.410,6.9163000,-0.2135000,5.4766000,36.0413000,25.8942000,33.5693000,-42.5910000,-13.1810000,-15.8700000,0.000000,0,0,0
13.420,6.9367000,-0.2195000,5.4706000,36.2625000,26.2985000,33.3633000,-42.7680000,-13.3450000,-15.9070000,0.000000,0,0,0
13.430,6.9570000,-0.2183000,5.4694000,36.4304000,26.8555000,33.0658000,-42.6660000,-13.1480000,-16.0440000,0.000000,0,0,0
13.440,6.9582000,-0.2076000,5.4718000,36.5067000,27.3972000,32.7911000,-42.4880000,-13.1420000,-15.7200000,0.000000,0,0,0
13.450,6.9379000,-0.1956000,5.4754000,36.4380000,27.6260000,32.7148000,-42.6080000,-12.9750000,-16.0960000,0.000000,0,0,0
13.460,6.9092000,-0.1872000,5.4778000,36.3159000,27.2980000,32.8903000,-42.4800000,-13.2200000,-16.2160000,0.000000,0,0,0
13.470,6.8948000,-0.1753000,5.4790000,36.1786000,26.5045000,33.1497000,-42.3960000,-13.2080000,-16.2950000,0.000000,0,0,0
13.480,6.8900000,-0.1657000,5.4754000,36.0184000,25.5737000,33.3099000,-42.6290000,-13.1180000,-16.0020000,0.000000,0,0,0
13.490,6.8960000,-0.1645000,5.4706000,35.9344000,24.8260000,33.2794000,-42.2410000,-13.4330000,-15.9920000,0.000000,0,0,0
13.500,6.9140000,-0.1729000,5.4611000,36.0718000,24.5361000,32.8140000,-42.6220000,-13.2550000,-17.0110000,0.000000,0,0,0
13.510,6.9223000,-0.1824000,5.4527000,36.2625000,24.9710000,32.3563000,-42.5210000,-13.1400000,-16.7180000,0.000000,0,0,0
13.520,6.9319000,-0.1872000,5.4455000,36.4227000,25.6348000,31.9214000,-42.1680000,-13.2160000,-16.3740000,0.000000,0,0,0
13.530,6.9439000,-0.1860000,5.4419000,36.5067000,26.3367000,31.6315000,-42.3180000,-13.1230000,-15.7920000,0.000000,0,0,0
13.540,6.9606000,-0.1800000,5.4431000,36.5448000,26.7639000,31.5552000,-42.6060000,-13.0310000,-15.8170000,0.000000,0,0,0
13.550,6.9726000,-0.1621000,5.4455000,36.4990000,26.7792000,31.6772000,-42.5720000,-13.0890000,-15.8400000,0.000000,0,0,0
13.560,6.9726000,-0.1489000,5.4443000,36.3312000,26.4893000,31.9672000,-42.4170000,-13.2650000,-16.3250000,0.000000,0,0,0
13.570,6.9714000,-0.1418000,5.4407000,36.1557000,26.1078000,32.3181000,-42.2870000,-13.2000000,-16.0580000,0.000000,0,0,0
13.580,6.9726000,-0.1394000,5.4371000,36.0413000,25.8331000,32.6004000,-42.7420000,-13.0880000,-15.8290000,0.000000,0,0,0
13.590,6.9666000,-0.1430000,5.4347000,36.0184000,25.7874000,32.7682000,-42.6880000,-13.2270000,-16.0090000,0.000000,0,0,0
13.600,6.9522000,-0.1489000,5.4312000,36.0489000,25.9552000,32.8751000,-42.5900000,-13.3670000,-15.5650000,0.000000,0,0,0
13.610,6.9403000,-0.1513000,5.4288000,36.0947000,26.2604000,32.9514000,-42.8040000,-13.3220000,-15.9520000,0.000000,0,0,0
13.620,6.9391000,-0.1489000,5.4276000,36.1023000,26.6113000,33.0124000,-42.4930000,-13.2410000,-15.4140000,0.000000,0,0,0
13.630,6.9451000,-0.1477000,5.4276000,36.0489000,26.8173000,33.0658000,-42.4720000,-13.1900000,-15.7840000,0.000000,0,0,0
13.640,6.9558000,-0.1501000,5.4252000,35.9650000,26.7334000,33.1192000,-42.6030000,-13.1570000,-15.7350000,0.000000,0,0,0
13.650,6.9630000,-0.1573000,5.4204000,35.9039000,26.4359000,33.1039000,-42.5470000,-13.4460000,-16.7050000,0.000000,0,0,0
13.660,6.9594000,-0.1645000,5.4204000,35.8810000,26.0620000,33.0658000,-42.2850000,-13.1250000,-15.9810000,0.000000,0,0,0
13.670,6.9534000,-0.1693000,5.4216000,35.9268000,25.7492000,33.0658000,-42.3740000,-13.5810000,-16.4700000,0.000000,0,0,0
13.680,6.9510000,-0.1717000,5.4204000,36.0336000,25.6653000,33.0582000,-42.6830000,-13.2220000,-15.8340000,0.000000,0,0,0
13.690,6.9546000,-0.1693000,5.4204000,36.1710000,25.7797000,33.0582000,-42.6450000,-13.1920000,-15.6380000,0.000000,0,0,0
13.700,6.9570000,-0.1657000,5.4192000,36.2930000,25.9323000,33.0963000,-42.5810000,-13.6100000,-16.1680000,0.000000,0,0,0
13.710,6.9594000,-0.1609000,5.4156000,36.3541000,26.1307000,33.1497000,-42.3880000,-13.2720000,-16.6010000,0.000000,0,0,0
13.720,6.9666000,-0.1525000,5.4108000,36.3159000,26.3596000,33.1497000,-42.4280000,-13.3260000,-16.6900000,0.000000,0,0,0
13.730,6.9786000,-0.1430000,5.4060000,36.1786000,26.5884000,33.0811000,-42.5600000,-13.1640000,-16.2170000,0.000000,0,0,0
13.740,6.9917000,-0.1406000,5.3989000,35.9726000,26.7715000,32.9666000,-42.2880000,-13.0780000,-16.5110000,0.000000,0,0,0
13.750,6.9989000,-0.1442000,5.3965000,35.8429000,26.8326000,32.8979000,-42.4220000,-13.1260000,-16.1700000,0.000000,0,0,0
13.760,6.9977000,-0.1465000,5.3941000,35.8047000,26.7410000,32.9666000,-42.3670000,-13.1140000,-15.6660000,0.000000,0,0,0
13.770,6.9917000,-0.1465000,5.3941000,35.8505000,26.5274000,33.1573000,-42.5100000,-13.3370000,-15.7120000,0.000000,0,0,0
13.780,6.9821000,-0.1442000,5.3953000,35.9650000,26.2985000,33.4091000,-42.3360000,-13.0890000,-15.7530000,0.000000,0,0,0
13.790,6.9666000,-0.1382000,5.3953000,36.0565000,26.1307000,33.6685000,-42.6330000,-13.0710000,-16.2640000,0.000000,0,0,0
13.800,6.9498000,-0.1238000,5.3989000,36.1404000,25.9628000,33.9127000,-42.2830000,-13.0360000,-16.5670000,0.000000,0,0,0
13.810,6.9415000,-0.1107000,5.3941000,36.1481000,25.7721000,34.0958000,-42.3670000,-13.2990000,-16.6520000,0.000000,0,0,0
13.820,6.9439000,-0.1083000,5.3905000,36.1099000,25.4745000,34.2255000,-42.3770000,-12.9090000,-16.4760000,0.000000,0,0,0
13.830,6.9582000,-0.1095000,5.3833000,36.0641000,25.1465000,34.2712000,-42.5000000,-13.0310000,-16.4220000,0.000000,0,0,0
13.840,6.9774000,-0.1142000,5.3773000,35.9955000,24.8795000,34.1873000,-42.1130000,-12.7790000,-16.3230000,0.000000,0,0,0
13.850,6.9953000,-0.1238000,5.3725000,35.9268000,24.8184000,33.9890000,-42.2980000,-13.0660000,-15.9060000,0.000000,0,0,0
13.860,7.0085000,-0.1346000,5.3677000,35.8582000,25.0015000,33.7296000,-42.1930000,-13.0970000,-15.7590000,0.000000,0,0,0
13.870,7.0120000,-0.1501000,5.3654000,35.8353000,25.3448000,33.4930000,-42.3810000,-12.8330000,-16.1140000,0.000000,0,0,0
13.880,7.0097000,-0.1609000,5.3630000,35.8734000,25.6653000,33.3405000,-42.4130000,-13.0810000,-15.9150000,0.000000,0,0,0
13.890,7.0085000,-0.1681000,5.3582000,35.9192000,25.8408000,33.3099000,-42.4170000,-12.8980000,-16.5150000,0.000000,0,0,0
13.900,7.0120000,-0.1717000,5.3546000,35.9421000,25.8942000,33.3328000,-42.5710000,-12.8660000,-16.0990000,0.000000,0,0,0
13.910,7.0228000,-0.1681000,5.3498000,35.9116000,25.9628000,33.3252000,-42.1970000,-13.0220000,-15.6680000,0.000000,0,0,0
13.920,7.0324000,-0.1633000,5.3474000,35.8429000,26.1078000,33.2413000,-42.6910000,-12.9360000,-16.6360000,0.000000,0,0,0
13.930,7.0324000,-0.1597000,5.3462000,35.7742000,26.3290000,33.1268000,-42.2690000,-12.8860000,-16.8060000,0.000000,0,0,0
13.940,7.0240000,-0.1585000,5.3450000,35.7819000,26.5350000,33.0582000,-42.5460000,-12.8830000,-16.6530000,0.000000,0,0,0
13.950,7.0109000,-0.1549000,5.3438000,35.8734000,26.5656000,33.0963000,-42.4010000,-12.9400000,-16.7040000,0.000000,0,0,0
13.960,6.9989000,-0.1489000,5.3438000,35.9726000,26.3977000,33.2108000,-42.7380000,-13.1270000,-16.4060000,0.000000,0,0,0
13.970,6.9917000,-0.1406000,5.3426000,36.0489000,26.0773000,33.3710000,-42.6080000,-13.2410000,-17.2850000,0.000000,0,0,0
13.980,6.9929000,-0.1334000,5.3390000,36.0794000,25.7416000,33.5083000,-42.5250000,-12.9500000,-17.1900000,0.000000,0,0,0
13.990,7.0001000,-0.1298000,5.3343000,36.0260000,25.5890000,33.5770000,-42.4130000,-13.2250000,-16.7870000,0.000000,0,0,0
14.000,7.0132000,-0.1286000,5.3295000,35.9039000,25.7034000,33.5693000,-42.3540000,-13.1290000,-16.8100000,0.000000,0,0,0
14.010,7.0300000,-0.1310000,5.3259000,35.7513000,26.0849000,33.4854000,-42.3760000,-13.0370000,-17.0940000,0.000000,0,0,0
14.020,7.0455000,-0.1346000,5.3235000,35.6293000,26.6418000,33.3633000,-42.4300000,-13.0910000,-16.8480000,0.000000,0,0,0
14.030,7.0551000,-0.1406000,5.3223000,35.5530000,27.1225000,33.2718000,-42.0500000,-13.0540000,-17.0250000,0.000000,0,0,0
14.040,7.0491000,-0.1477000,5.3199000,35.5759000,27.3438000,33.3252000,-42.2160000,-13.3220000,-16.7490000,0.000000,0,0,0
14.050,7.0348000,-0.1477000,5.3199000,35.6903000,27.3056000,33.4091000,-42.4130000,-13.0880000,-16.2920000,0.000000,0,0,0
14.060,7.0192000,-0.1394000,5.3211000,35.8276000,27.3132000,33.4702000,-42.2700000,-13.1960000,-16.3500000,0.000000,0,0,0
14.070,7.0109000,-0.1286000,5.3247000,35.9421000,27.3438000,33.5083000,-42.6290000,-13.0540000,-16.4570000,0.000000,0,0,0
14.080,7.0109000,-0.1262000,5.3247000,36.0260000,27.2293000,33.5770000,-42.4780000,-12.9800000,-16.3150000,0.000000,0,0,0
14.090,7.0156000,-0.1286000,5.3235000,36.0565000,26.8631000,33.7143000,-42.5410000,-12.8070000,-16.7070000,0.000000,0,0,0
14.100,7.0204000,-0.1334000,5.3199000,36.0489000,26.4511000,33.8440000,-42.4430000,-13.2840000,-16.9050000,0.000000,0,0,0
14.110,7.0216000,-0.1406000,5.3175000,36.0413000,26.1841000,33.9279000,-42.3220000,-13.1620000,-16.6070000,0.000000,0,0,0
14.120,7.0216000,-0.1477000,5.3163000,36.0336000,26.0162000,34.0195000,-42.1000000,-13.1260000,-16.5550000,0.000000,0,0,0
14.130,7.0264000,-0.1489000,5.3139000,36.0336000,25.8713000,34.0881000,-42.1870000,-13.1490000,-17.1910000,0.000000,0,0,0
14.140,7.0348000,-0.1477000,5.3079000,36.0260000,25.8255000,34.0652000,-42.0810000,-12.9190000,-16.0210000,0.000000,0,0,0
14.150,7.0396000,-0.1477000,5.3031000,36.0031000,25.9399000,33.9279000,-42.2980000,-13.2100000,-16.6480000,0.000000,0,0,0
14.160,7.0408000,-0.1489000,5.3008000,35.9879000,26.1765000,33.7601000,-42.2570000,-13.0890000,-15.9510000,0.000000,0,0,0
14.170,7.0420000,-0.1489000,5.3008000,36.0184000,26.4587000,33.6456000,-42.3190000,-13.6550000,-16.6590000,0.000000,0,0,0
14.180,7.0443000,-0.1513000,5.2996000,36.0718000,26.7410000,33.6227000,-42.0770000,-13.3400000,-16.2740000,0.000000,0,0,0
14.190,7.0539000,-0.1525000,5.2984000,36.1328000,27.0081000,33.6685000,-42.3080000,-13.2490000,-16.3430000,0.000000,0,0,0
14.200,7.0683000,-0.1453000,5.2960000,36.1633000,27.0920000,33.7372000,-42.1270000,-13.1390000,-16.8210000,0.000000,0,0,0
14.210,7.0778000,-0.1394000,5.2924000,36.1481000,26.9318000,33.7524000,-42.5480000,-13.1800000,-16.9250000,0.000000,0,0,0
14.220,7.0755000,-0.1370000,5.2888000,36.0947000,26.6800000,33.6533000,-42.4970000,-13.4820000,-16.4740000,0.000000,0,0,0
14.230,7.0563000,-0.1370000,5.2864000,36.0489000,26.4511000,33.5312000,-42.5730000,-13.0690000,-16.8180000,0.000000,0,0,0
14.240,7.0324000,-0.1418000,5.2864000,36.0489000,26.3214000,33.4930000,-42.5460000,-13.2280000,-16.7050000,0.000000,0,0,0
14.250,7.0180000,-0.1465000,5.2876000,36.0870000,26.3519000,33.5770000,-42.5200000,-13.2450000,-16.6770000,0.000000,0,0,0
14.260,7.0204000,-0.1465000,5.2876000,36.1099000,26.5656000,33.7448000,-42.3820000,-13.2660000,-16.0870000,0.000000,0,0,0
14.270,7.0360000,-0.1442000,5.2864000,36.0641000,26.9775000,33.8974000,-42.3780000,-13.2110000,-16.3450000,0.000000,0,0,0
14.280,7.0575000,-0.1418000,5.2840000,35.9726000,27.4582000,33.9661000,-42.3510000,-13.4860000,-16.6820000,0.000000,0,0,0
14.290,7.0790000,-0.1406000,5.2816000,35.8963000,27.8625000,33.9432000,-42.9290000,-13.3040000,-16.5820000,0.000000,0,0,0
14.300,7.0910000,-0.1406000,5.2780000,35.8429000,28.0457000,33.8440000,-42.2950000,-13.3940000,-16.3590000,0.000000,0,0,0
14.310,7.0886000,-0.1418000,5.2780000,35.8200000,28.0685000,33.6761000,-42.4980000,-13.2230000,-16.5910000,0.000000,0,0,0
14.320,7.0719000,-0.1406000,5.2804000,35.8353000,28.1143000,33.4930000,-42.5230000,-13.1700000,-17.0140000,0.000000,0,0,0
14.330,7.0503000,-0.1430000,5.2828000,35.8734000,28.1830000,33.3710000,-42.7360000,-13.1960000,-16.9230000,0.000000,0,0,0
14.340,7.0360000,-0.1442000,5.2864000,35.9497000,28.1754000,33.3786000,-42.7270000,-13.1950000,-16.5550000,0.000000,0,0,0
14.350,7.0324000,-0.1418000,5.2888000,35.9879000,28.1525000,33.4549000,-42.4240000,-13.1650000,-16.1370000,0.000000,0,0,0
14.360,7.0336000,-0.1442000,5.2852000,35.9421000,28.2059000,33.5388000,-42.6900000,-13.1430000,-16.2380000,0.000000,0,0,0
14.370,7.0420000,-0.1489000,5.2840000,35.8505000,28.2288000,33.6227000,-42.5080000,-13.1400000,-16.0780000,0.000000,0,0,0
14.380,7.0563000,-0.1501000,5.2840000,35.7819000,28.1754000,33.6990000,-42.2430000,-12.6150000,-16.4830000,0.000000,0,0,0
14.390,7.0659000,-0.1513000,5.2852000,35.7361000,28.1372000,33.7067000,-42.5600000,-13.2290000,-16.8260000,0.000000,0,0,0
14.400,7.0635000,-0.1513000,5.2840000,35.7132000,28.2364000,33.6380000,-42.6410000,-12.8620000,-16.4800000,0.000000,0,0,0
14.410,7.0563000,-0.1501000,5.2852000,35.7056000,28.4882000,33.5236000,-42.6820000,-12.8620000,-16.5740000,0.000000,0,0,0
14.420,7.0467000,-0.1465000,5.2888000,35.7208000,28.8773000,33.3862000,-42.4370000,-13.1260000,-16.5160000,0.000000,0,0,0
14.430,7.0420000,-0.1418000,5.2912000,35.7513000,29.3961000,33.2565000,-42.7310000,-13.0910000,-16.0270000,0.000000,0,0,0
14.440,7.0432000,-0.1394000,5.2936000,35.7513000,29.9072000,33.1802000,-42.8110000,-13.0120000,-17.2460000,0.000000,0,0,0
14.450,7.0443000,-0.1430000,5.2960000,35.7208000,30.1361000,33.2489000,-42.6340000,-13.0940000,-16.8040000,0.000000,0,0,0
14.460,7.0479000,-0.1453000,5.2996000,35.6903000,30.0903000,33.4167000,-42.5250000,-13.3230000,-16.2160000,0.000000,0,0,0
14.470,7.0503000,-0.1442000,5.3008000,35.6522000,29.9835000,33.5617000,-42.3300000,-12.9890000,-16.6830000,0.000000,0,0,0
14.480,7.0479000,-0.1406000,5.3043000,35.5911000,29.9454000,33.6380000,-42.5530000,-12.8110000,-15.3700000,0.000000,0,0,0
14.490,7.0420000,-0.1382000,5.3079000,35.5606000,29.9606000,33.6456000,-42.6130000,-12.8650000,-16.7320000,0.000000,0,0,0
14.500,7.0360000,-0.1394000,5.3127000,35.5835000,30.0064000,33.5770000,-42.5690000,-13.0140000,-16.2500000,0.000000,0,0,0
14.510,7.0288000,-0.1453000,5.3139000,35.6750000,30.0217000,33.4473000,-42.3250000,-12.9430000,-16.1950000,0.000000,0,0,0
14.520,7.0204000,-0.1489000,5.3187000,35.7819000,29.9072000,33.3481000,-42.2720000,-13.1400000,-16.4850000,0.000000,0,0,0
14.530,7.0168000,-0.1477000,5.3223000,35.8810000,29.5715000,33.3633000,-42.3870000,-12.9900000,-16.3340000,0.000000,0,0,0
14.540,7.0120000,-0.1465000,5.3259000,35.9421000,29.0833000,33.4625000,-42.4290000,-12.9960000,-17.0960000,0.000000,0,0,0
14.550,7.0097000,-0.1465000,5.3259000,35.9650000,28.6636000,33.5312000,-42.5880000,-13.3210000,-16.0340000,0.000000,0,0,0
14.560,7.0132000,-0.1418000,5.3259000,35.9573000,28.4958000,33.5007000,-42.2490000,-13.0520000,-16.0410000,0.000000,0,0,0
14.570,7.0192000,-0.1370000,5.3259000,35.9116000,28.6102000,33.3633000,-42.2450000,-12.9770000,-15.8560000,0.000000,0,0,0
14.580,7.0240000,-0.1346000,5.3271000,35.8887000,28.7323000,33.2336000,-42.5100000,-12.9110000,-16.2780000,0.000000,0,0,0
14.590,7.0264000,-0.1334000,5.3259000,35.8887000,28.6713000,33.2108000,-42.3460000,-13.1360000,-16.1790000,0.000000,0,0,0
14.600,7.0216000,-0.1310000,5.3271000,35.8734000,28.3966000,33.3328000,-42.3840000,-13.3390000,-16.6700000,0.000000,0,0,0
14.610,7.0192000,-0.1310000,5.3295000,35.8429000,28.1067000,33.5159000,-42.4260000,-13.2810000,-16.6520000,0.000000,0,0,0
14.620,7.0192000,-0.1298000,5.3319000,35.8276000,27.8168000,33.6914000,-42.6030000,-13.1630000,-16.6850000,0.000000,0,0,0
14.630,7.0192000,-0.1310000,5.3307000,35.8276000,27.6947000,33.7601000,-42.6210000,-13.2970000,-16.7500000,0.000000,0,0,0
14.640,7.0168000,-0.1334000,5.3295000,35.8276000,27.8091000,33.7143000,-42.8300000,-12.9590000,-17.0580000,0.000000,0,0,0
14.650,7.0156000,-0.1382000,5.3307000,35.8353000,28.0991000,33.6075000,-42.6310000,-13.0980000,-16.8620000,0.000000,0,0,0
14.660,7.0168000,-0.1430000,5.3307000,35.8429000,28.4424000,33.4854000,-42.5910000,-13.3460000,-16.4800000,0.000000,0,0,0
14.670,7.0228000,-0.1442000,5.3307000,35.8353000,28.8620000,33.3633000,-42.7340000,-13.3460000,-16.9550000,0.000000,0,0,0
14.680,7.0288000,-0.1453000,5.3319000,35.7742000,29.3350000,33.2565000,-42.3510000,-13.3350000,-17.0110000,0.000000,0,0,0
14.690,7.0312000,-0.1442000,5.3343000,35.7132000,29.8157000,33.2184000,-42.3730000,-13.1480000,-16.8100000,0.000000,0,0,0
14.700,7.0300000,-0.1418000,5.3378000,35.6522000,30.2048000,33.2565000,-42.2430000,-13.3550000,-16.4310000,0.000000,0,0,0
14.710,7.0264000,-0.1394000,5.3402000,35.6216000,30.4260000,33.3557000,-42.5430000,-12.9660000,-16.8920000,0.000000,0,0,0
14.720,7.0252000,-0.1394000,5.3426000,35.5911000,30.4947000,33.4549000,-42.5850000,-13.2170000,-17.5120000,0.000000,0,0,0
14.730,7.0228000,-0.1358000,5.3450000,35.5682000,30.5252000,33.4625000,-42.6000000,-13.2320000,-16.6910000,0.000000,0,0,0
14.740,7.0180000,-0.1346000,5.3486000,35.5530000,30.6320000,33.3862000,-42.4240000,-12.8550000,-17.0290000,0.000000,0,0,0
14.750,7.0144000,-0.1358000,5.3558000,35.5682000,30.9219000,33.2565000,-42.4430000,-13.2540000,-16.8230000,0.000000,0,0,0
14.760,7.0144000,-0.1370000,5.3666000,35.6216000,31.4789000,33.0734000,-42.4780000,-13.0370000,-16.4900000,0.000000,0,0,0
14.770,7.0132000,-0.1394000,5.3761000,35.7208000,32.2876000,32.8979000,-42.4640000,-13.2750000,-16.2110000,0.000000,0,0,0
14.780,7.0061000,-0.1453000,5.3833000,35.8429000,33.1726000,32.8217000,-42.2610000,-13.4240000,-16.4280000,0.000000,0,0,0
14.790,7.0013000,-0.1489000,5.3893000,35.9726000,33.9584000,32.8903000,-42.3850000,-13.3690000,-16.5650000,0.000000,0,0,0
14.800,7.0001000,-0.1442000,5.3965000,36.1099000,34.4620000,33.0200000,-42.2920000,-13.0820000,-16.2310000,0.000000,0,0,0
14.810,6.9977000,-0.1322000,5.4024000,36.2167000,34.6832000,33.1268000,-42.6780000,-13.1880000,-15.4290000,0.000000,0,0,0
14.820,6.9857000,-0.1178000,5.4096000,36.2473000,34.6756000,33.1421000,-42.5120000,-13.2020000,-15.6680000,0.000000,0,0,0
14.830,6.9666000,-0.1095000,5.4180000,36.2244000,34.4391000,33.1268000,-42.6070000,-13.1320000,-15.3460000,0.000000,0,0,0
14.840,6.9439000,-0.1059000,5.4276000,36.2091000,34.0424000,33.1268000,-42.3700000,-13.0010000,-15.1500000,0.000000,0,0,0
14.850,6.9235000,-0.1059000,5.4407000,36.2320000,33.5617000,33.1802000,-42.2850000,-13.0520000,-15.4750000,0.000000,0,0,0
14.860,6.9104000,-0.1119000,5.4551000,36.3312000,32.9742000,33.3176000,-42.1890000,-13.0640000,-16.1190000,0.000000,0,0,0
14.870,6.9080000,-0.1238000,5.4635000,36.5219000,32.3868000,33.4244000,-42.4780000,-13.1090000,-15.4830000,0.000000,0,0,0
14.880,6.9151000,-0.1322000,5.4658000,36.6898000,32.0053000,33.4091000,-42.3790000,-13.3200000,-15.6560000,0.000000,0,0,0
14.890,6.9271000,-0.1382000,5.4646000,36.7355000,31.9290000,33.2947000,-42.7950000,-13.2770000,-16.2140000,0.000000,0,0,0
14.900,6.9379000,-0.1453000,5.4670000,36.6821000,32.0206000,33.1268000,-42.7090000,-13.5280000,-16.0890000,0.000000,0,0,0
14.910,6.9451000,-0.1501000,5.4706000,36.6058000,32.0892000,33.0124000,-42.6900000,-13.1490000,-15.9940000,0.000000,0,0,0
14.920,6.9474000,-0.1489000,5.4754000,36.5143000,32.0358000,32.9819000,-42.3350000,-13.3760000,-16.2230000,0.000000,0,0,0
14.930,6.9391000,-0.1418000,5.4838000,36.3998000,31.8985000,33.0048000,-42.5970000,-13.0130000,-15.5990000,0.000000,0,0,0
14.940,6.9140000,-0.1322000,5.4910000,36.3312000,31.6620000,33.1192000,-42.7290000,-13.2530000,-15.3780000,0.000000,0,0,0
14.950,6.8805000,-0.1238000,5.4981000,36.3007000,31.3110000,33.3405000,-42.8440000,-13.1030000,-15.6850000,0.000000,0,0,0
14.960,6.8517000,-0.1142000,5.5029000,36.2854000,30.9830000,33.6533000,-42.5560000,-13.1740000,-15.6280000,0.000000,0,0,0
14.970,6.8422000,-0.1059000,5.5089000,36.2930000,30.7388000,33.9508000,-42.5140000,-13.0230000,-14.9480000,0.000000,0,0,0
14.980,6.8482000,-0.1011000,5.5137000,36.2930000,30.6625000,34.1568000,-42.6590000,-13.0540000,-15.2650000,0.000000,0,0,0
14.990,6.8649000,-0.1023000,5.5185000,36.2473000,30.7083000,34.2331000,-42.4410000,-12.9770000,-15.2740000,0.000000,0,0,0
15.000,6.8864000,-0.1095000,5.5209000,36.1938000,30.6931000,34.2102000,-42.7140000,-12.7340000,-16.0310000,0.000000,0,0,0
15.010,6.9056000,-0.1190000,5.5233000,36.1557000,30.5786000,34.1034000,-42.8480000,-12.8690000,-15.2690000,0.000000,0,0,0
15.020,6.9163000,-0.1250000,5.5292000,36.1710000,30.4184000,33.9203000,-42.5450000,-13.0180000,-15.3380000,0.000000,0,0,0
15.030,6.9151000,-0.1262000,5.5340000,36.2396000,30.2658000,33.6761000,-42.6590000,-13.2620000,-15.2560000,0.000000,0,0,0
15.040,6.8996000,-0.1262000,5.5376000,36.3464000,30.1208000,33.4702000,-42.2560000,-12.9220000,-15.8530000,0.000000,0,0,0
15.050,6.8793000,-0.1238000,5.5376000,36.4456000,29.9759000,33.3405000,-42.4630000,-13.1600000,-15.7980000,0.000000,0,0,0
15.060,6.8589000,-0.1202000,5.5376000,36.5219000,29.7775000,33.3176000,-42.8640000,-13.0370000,-15.7700000,0.000000,0,0,0
15.070,6.8505000,-0.1142000,5.5352000,36.5143000,29.5334000,33.4015000,-42.5310000,-13.0390000,-16.2110000,0.000000,0,0,0
15.080,6.8505000,-0.1107000,5.5364000,36.4227000,29.2358000,33.5388000,-42.6880000,-13.0970000,-15.9220000,0.000000,0,0,0
15.090,6.8601000,-0.1071000,5.5376000,36.2930000,28.8773000,33.6761000,-42.4680000,-12.9700000,-15.9740000,0.000000,0,0,0
15.100,6.8757000,-0.1047000,5.5388000,36.1710000,28.6179000,33.7143000,-42.4810000,-13.1400000,-15.8290000,0.000000,0,0,0
15.110,6.8864000,-0.1035000,5.5412000,36.0718000,28.5797000,33.6456000,-42.6600000,-13.2560000,-16.3430000,0.000000,0,0,0
15.120,6.8864000,-0.1035000,5.5448000,36.0260000,28.7170000,33.5312000,-42.4120000,-13.0860000,-16.1000000,0.000000,0,0,0
15.130,6.8781000,-0.1047000,5.5472000,36.0336000,28.8620000,33.4473000,-42.6670000,-12.8960000,-15.9160000,0.000000,0,0,0
15.140,6.8661000,-0.1083000,5.5484000,36.0565000,28.8925000,33.4473000,-42.5290000,-12.6930000,-15.7430000,0.000000,0,0,0
15.150,6.8589000,-0.1083000,5.5508000,36.0947000,28.7628000,33.5159000,-42.3880000,-12.8030000,-16.2680000,0.000000,0,0,0
15.160,6.8613000,-0.1059000,5.5520000,36.1023000,28.5797000,33.5999000,-42.4250000,-12.6690000,-16.0790000,0.000000,0,0,0
15.170,6.8721000,-0.1095000,5.5520000,36.0718000,28.3813000,33.6914000,-42.9620000,-13.0050000,-15.7180000,0.000000,0,0,0
15.180,6.8817000,-0.1142000,5.5520000,36.0641000,28.3890000,33.6914000,-42.6870000,-12.9960000,-15.4640000,0.000000,0,0,0
15.190,6.8864000,-0.1190000,5.5520000,36.0794000,28.5110000,33.6227000,-42.5970000,-13.1420000,-15.6060000,0.000000,0,0,0
15.200,6.8876000,-0.1202000,5.5556000,36.1252000,28.6789000,33.5159000,-42.6130000,-12.7640000,-15.5390000,0.000000,0,0,0
15.210,6.8817000,-0.1190000,5.5580000,36.1786000,28.8239000,33.4244000,-42.6670000,-12.9550000,-15.3680000,0.000000,0,0,0
15.220,6.8721000,-0.1154000,5.5592000,36.2396000,28.9154000,33.3481000,-42.4150000,-12.9520000,-15.5320000,0.000000,0,0,0
15.230,6.8589000,-0.1095000,5.5592000,36.2549000,28.9764000,33.2870000,-42.7320000,-12.9550000,-15.8360000,0.000000,0,0,0
15.240,6.8482000,-0.1023000,5.5592000,36.1862000,29.0070000,33.2870000,-42.4460000,-13.1140000,-16.8420000,0.000000,0,0,0
15.250,6.8410000,-0.1011000,5.5604000,36.0718000,28.9154000,33.3557000,-42.5120000,-12.9490000,-17.1000000,0.000000,0,0,0
15.260,6.8458000,-0.1023000,5.5627000,35.9650000,28.7247000,33.4396000,-42.2100000,-13.1280000,-16.2640000,0.000000,0,0,0
15.270,6.8529000,-0.1047000,5.5639000,35.8963000,28.5721000,33.4625000,-42.7530000,-12.9830000,-16.0620000,0.000000,0,0,0
15.280,6.8577000,-0.1107000,5.5639000,35.8658000,28.5568000,33.4015000,-42.3190000,-12.9280000,-16.3590000,0.000000,0,0,0
15.290,6.8529000,-0.1154000,5.5687000,35.8658000,28.5873000,33.3405000,-42.6090000,-13.0040000,-15.8480000,0.000000,0,0,0
15.300,6.8410000,-0.1154000,5.5711000,35.8963000,28.5721000,33.3252000,-42.6540000,-12.7250000,-15.8310000,0.000000,0,0,0
15.310,6.8242000,-0.1107000,5.5735000,35.9344000,28.5187000,33.3481000,-42.4550000,-12.9000000,-15.5120000,0.000000,0,0,0
15.320,6.8111000,-0.0987000,5.5747000,35.9650000,28.4424000,33.3862000,-42.7240000,-12.7800000,-16.2870000,0.000000,0,0,0
15.330,6.8063000,-0.0867000,5.5747000,35.9573000,28.3966000,33.3939000,-42.6920000,-12.9990000,-16.4090000,0.000000,0,0,0
15.340,6.8099000,-0.0796000,5.5759000,35.9573000,28.4195000,33.3557000,-42.4220000,-12.9440000,-16.1740000,0.000000,0,0,0
15.350,6.8218000,-0.0784000,5.5771000,35.9955000,28.4882000,33.2947000,-42.9620000,-12.8260000,-16.1260000,0.000000,0,0,0
15.360,6.8338000,-0.0831000,5.5759000,36.0489000,28.5873000,33.2413000,-42.3740000,-13.2350000,-16.2850000,0.000000,0,0,0
15.370,6.8446000,-0.0915000,5.5747000,36.1252000,28.6331000,33.2565000,-42.6720000,-12.8500000,-15.3510000,0.000000,0,0,0
15.380,6.8553000,-0.0975000,5.5735000,36.1786000,28.5797000,33.3252000,-42.5390000,-12.8250000,-15.6920000,0.000000,0,0,0
15.390,6.8673000,-0.1011000,5.5735000,36.1633000,28.4882000,33.3939000,-42.6190000,-12.8050000,-16.2810000,0.000000,0,0,0
15.400,6.8781000,-0.1035000,5.5723000,36.0947000,28.3813000,33.4320000,-42.7000000,-12.9800000,-16.2870000,0.000000,0,0,0
15.410,6.8840000,-0.1095000,5.5723000,36.0031000,28.2898000,33.4320000,-42.9370000,-13.0820000,-16.0850000,0.000000,0,0,0
15.420,6.8852000,-0.1166000,5.5735000,35.9116000,28.2440000,33.4167000,-42.2590000,-12.8960000,-16.3870000,0.000000,0,0,0
15.430,6.8817000,-0.1238000,5.5747000,35.8582000,28.3051000,33.3939000,-42.6660000,-13.0610000,-15.6180000,0.000000,0,0,0
15.440,6.8733000,-0.1298000,5.5771000,35.8047000,28.4805000,33.3710000,-42.6360000,-12.9650000,-15.6390000,0.000000,0,0,0
15.450,6.8601000,-0.1322000,5.5771000,35.7361000,28.7018000,33.3710000,-42.7250000,-13.0260000,-16.0610000,0.000000,0,0,0
15.460,6.8505000,-0.1274000,5.5795000,35.6445000,28.8467000,33.4091000,-42.4670000,-12.8750000,-15.7960000,0.000000,0,0,0
15.470,6.8458000,-0.1190000,5.5819000,35.5072000,28.9154000,33.4473000,-42.6480000,-12.9780000,-15.7740000,0.000000,0,0,0
15.480,6.8410000,-0.1130000,5.5855000,35.3851000,28.9688000,33.4549000,-42.4510000,-13.0900000,-15.5570000,0.000000,0,0,0
15.490,6.8398000,-0.1047000,5.5891000,35.3317000,29.0222000,33.4015000,-42.4960000,-12.8030000,-16.0320000,0.000000,0,0,0
15.500,6.8398000,-0.0975000,5.5915000,35.3546000,29.0909000,33.3176000,-42.5660000,-12.6380000,-15.5630000,0.000000,0,0,0
15.510,6.8410000,-0.0963000,5.5915000,35.4233000,29.1443000,33.2489000,-42.8810000,-12.7310000,-16.0510000,0.000000,0,0,0
15.520,6.8398000,-0.0963000,5.5927000,35.5072000,29.0909000,33.2642000,-42.5340000,-12.5900000,-15.3810000,0.000000,0,0,0
15.530,6.8410000,-0.0951000,5.5950000,35.5530000,28.9154000,33.3481000,-42.6870000,-12.8370000,-15.9550000,0.000000,0,0,0
15.540,6.8446000,-0.0975000,5.5950000,35.5148000,28.7399000,33.4320000,-42.6340000,-12.9790000,-15.5380000,0.000000,0,0,0
15.550,6.8458000,-0.0987000,5.5950000,35.4080000,28.6789000,33.4778000,-42.6850000,-12.9860000,-15.1410000,0.000000,0,0,0
15.560,6.8458000,-0.1011000,5.5950000,35.2707000,28.7552000,33.4473000,-42.7680000,-13.0620000,-15.7530000,0.000000,0,0,0
15.570,6.8422000,-0.1035000,5.5962000,35.2020000,28.8773000,33.3786000,-42.5450000,-12.8450000,-15.7340000,0.000000,0,0,0
15.580,6.8374000,-0.0999000,5.5986000,35.2478000,28.9841000,33.2565000,-42.5080000,-12.7790000,-15.7420000,0.000000,0,0,0
15.590,6.8266000,-0.0939000,5.6010000,35.3851000,28.9993000,33.1497000,-42.8150000,-12.7350000,-16.0930000,0.000000,0,0,0
15.600,6.8123000,-0.0903000,5.6058000,35.5530000,28.8620000,33.1345000,-42.7530000,-12.9830000,-16.3170000,0.000000,0,0,0
15.610,6.8015000,-0.0891000,5.6106000,35.7056000,28.6484000,33.2031000,-42.6990000,-12.9360000,-16.5230000,0.000000,0,0,0
15.620,6.7991000,-0.0927000,5.6130000,35.8124000,28.4348000,33.3405000,-42.4410000,-12.9200000,-16.5360000,0.000000,0,0,0
15.630,6.8099000,-0.0975000,5.6118000,35.8429000,28.2745000,33.5007000,-42.4780000,-13.0300000,-16.2540000,0.000000,0,0,0
15.640,6.8278000,-0.1035000,5.6106000,35.8276000,28.2135000,33.6075000,-42.3330000,-13.0210000,-16.0750000,0.000000,0,0,0
15.650,6.8446000,-0.1047000,5.6106000,35.7895000,28.2745000,33.6151000,-42.4500000,-12.8000000,-16.4580000,0.000000,0,0,0
15.660,6.8517000,-0.1035000,5.6094000,35.7590000,28.4042000,33.5693000,-42.2830000,-12.9270000,-16.4060000,0.000000,0,0,0
15.670,6.8505000,-0.1011000,5.6094000,35.7590000,28.5416000,33.5007000,-42.7200000,-12.8410000,-16.3630000,0.000000,0,0,0
15.680,6.8458000,-0.0951000,5.6106000,35.7590000,28.6179000,33.4549000,-42.5880000,-12.8740000,-16.3500000,0.000000,0,0,0
15.690,6.8422000,-0.0903000,5.6130000,35.7361000,28.5950000,33.4625000,-42.6280000,-12.6110000,-16.2620000,0.000000,0,0,0
15.700,6.8350000,-0.0927000,5.6130000,35.6827000,28.5339000,33.5159000,-42.8180000,-12.6890000,-15.5730000,0.000000,0,0,0
15.710,6.8290000,-0.0975000,5.6118000,35.6140000,28.5034000,33.5770000,-42.9430000,-12.8570000,-16.0100000,0.000000,0,0,0
15.720,6.8266000,-0.1023000,5.6130000,35.4996000,28.5339000,33.6304000,-42.6050000,-12.5970000,-16.5090000,0.000000,0,0,0
15.730,6.8266000,-0.1023000,5.6142000,35.4462000,28.5721000,33.6380000,-42.7080000,-12.6850000,-16.5670000,0.000000,0,0,0
15.740,6.8206000,-0.0999000,5.6166000,35.4156000,28.6255000,33.5922000,-42.5040000,-12.5970000,-15.4440000,0.000000,0,0,0
15.750,6.8111000,-0.0963000,5.6190000,35.4156000,28.6713000,33.5388000,-42.4770000,-12.8700000,-16.6080000,0.000000,0,0,0
15.760,6.8003000,-0.0939000,5.6202000,35.4462000,28.7094000,33.5007000,-42.6120000,-12.8120000,-16.1250000,0.000000,0,0,0
15.770,6.7967000,-0.0915000,5.6226000,35.4996000,28.7704000,33.4625000,-42.8590000,-12.8510000,-16.0500000,0.000000,0,0,0
15.780,6.8015000,-0.0927000,5.6226000,35.5682000,28.8620000,33.4167000,-42.6850000,-12.9500000,-15.9970000,0.000000,0,0,0
15.790,6.8099000,-0.0987000,5.6238000,35.5988000,28.9612000,33.3710000,-42.6060000,-12.8430000,-16.3390000,0.000000,0,0,0
15.800,6.8194000,-0.1071000,5.6250000,35.6140000,29.0527000,33.3099000,-42.8790000,-12.8350000,-16.3560000,0.000000,0,0,0
15.810,6.8278000,-0.1107000,5.6273000,35.5988000,29.1290000,33.2565000,-42.7620000,-12.8680000,-16.3990000,0.000000,0,0,0
15.820,6.8338000,-0.1107000,5.6273000,35.5453000,29.2130000,33.1955000,-42.9580000,-12.7200000,-16.3790000,0.000000,0,0,0
15.830,6.8326000,-0.1107000,5.6261000,35.4691000,29.2511000,33.1497000,-42.6180000,-12.8970000,-16.5280000,0.000000,0,0,0
15.840,6.8242000,-0.1107000,5.6250000,35.4309000,29.1824000,33.1879000,-42.3820000,-12.8890000,-15.6290000,0.000000,0,0,0
15.850,6.8123000,-0.1083000,5.6285000,35.4233000,29.0298000,33.2947000,-42.6910000,-13.2290000,-15.8720000,0.000000,0,0,0
15.860,6.7991000,-0.1047000,5.6321000,35.4691000,28.8467000,33.4320000,-42.5210000,-12.9570000,-15.9580000,0.000000,0,0,0
15.870,6.7895000,-0.1011000,5.6357000,35.5606000,28.7018000,33.5541000,-42.4940000,-12.8730000,-15.9510000,0.000000,0,0,0
15.880,6.7895000,-0.0963000,5.6393000,35.6674000,28.6179000,33.6151000,-42.5140000,-12.7700000,-16.5140000,0.000000,0,0,0
15.890,6.7955000,-0.0939000,5.6417000,35.7513000,28.5950000,33.5999000,-42.6990000,-12.9640000,-16.3570000,0.000000,0,0,0
15.900,6.8027000,-0.0939000,5.6441000,35.7742000,28.5873000,33.5388000,-42.6550000,-13.1280000,-16.5110000,0.000000,0,0,0
15.910,6.8027000,-0.0987000,5.6441000,35.7742000,28.4882000,33.5159000,-42.5870000,-12.7070000,-16.3330000,0.000000,0,0,0
15.920,6.8027000,-0.1047000,5.6429000,35.7895000,28.2974000,33.5388000,-42.5070000,-12.8070000,-15.8790000,0.000000,0,0,0
15.930,6.8039000,-0.1071000,5.6429000,35.8047000,28.1296000,33.5617000,-42.5570000,-12.9070000,-16.1570000,0.000000,0,0,0
15.940,6.8063000,-0.1119000,5.6417000,35.8505000,28.0457000,33.5312000,-42.5240000,-12.9030000,-15.5820000,0.000000,0,0,0
15.950,6.8087000,-0.1130000,5.6405000,35.9344000,28.0762000,33.4015000,-42.7770000,-12.8200000,-15.5520000,0.000000,0,0,0
15.960,6.8159000,-0.1107000,5.6381000,35.9802000,28.2288000,33.1573000,-42.6320000,-13.1910000,-15.4520000,0.000000,0,0,0
15.970,6.8194000,-0.1023000,5.6393000,35.9116000,28.4424000,32.8598000,-42.9010000,-13.0580000,-15.5520000,0.000000,0,0,0
15.980,6.8206000,-0.1011000,5.6417000,35.7437000,28.6102000,32.6004000,-42.5260000,-12.8410000,-16.4570000,0.000000,0,0,0
15.990,6.8147000,-0.1023000,5.6453000,35.5988000,28.6636000,32.4783000,-42.6830000,-12.7740000,-15.5070000,0.000000,0,0,0
16.000,6.8099000,-0.1035000,5.6465000,35.4767000,28.6102000,32.5470000,-42.6050000,-13.1140000,-16.4950000,0.000000,0,0,0
16.010,6.8063000,-0.1059000,5.6477000,35.4385000,28.6026000,32.6691000,-42.7740000,-13.2700000,-16.1910000,0.000000,0,0,0
16.020,6.8015000,-0.1023000,5.6489000,35.4614000,28.6865000,32.7759000,-43.0300000,-12.9440000,-15.8420000,0.000000,0,0,0
16.030,6.7967000,-0.0951000,5.6513000,35.5072000,28.8010000,32.8445000,-42.8620000,-13.0060000,-16.4550000,0.000000,0,0,0
16.040,6.7919000,-0.0855000,5.6525000,35.5453000,28.9078000,32.8827000,-42.5690000,-13.3870000,-15.8250000,0.000000,0,0,0
16.050,6.7871000,-0.0819000,5.6525000,35.5530000,28.9307000,32.9437000,-42.9120000,-12.8120000,-15.6730000,0.000000,0,0,0
16.060,6.7836000,-0.0831000,5.6537000,35.5759000,28.8010000,33.0887000,-42.6490000,-13.0790000,-15.5520000,0.000000,0,0,0
16.070,6.7859000,-0.0915000,5.6537000,35.6293000,28.6102000,33.2947000,-42.6850000,-12.7640000,-15.4290000,0.000000,0,0,0
16.080,6.7907000,-0.0999000,5.6537000,35.6827000,28.5187000,33.5083000,-42.8570000,-12.8920000,-15.4110000,0.000000,0,0,0
16.090,6.7931000,-0.1059000,5.6561000,35.7208000,28.5568000,33.6685000,-42.5820000,-12.7090000,-15.9250000,0.000000,0,0,0
16.100,6.7967000,-0.1071000,5.6573000,35.7361000,28.7094000,33.7524000,-42.8650000,-12.6780000,-15.7380000,0.000000,0,0,0
16.110,6.7955000,-0.1071000,5.6584000,35.7590000,28.9764000,33.7219000,-42.9430000,-13.1590000,-16.0770000,0.000000,0,0,0
16.120,6.7907000,-0.1035000,5.6608000,35.7666000,29.3045000,33.6075000,-42.6950000,-13.0250000,-15.5910000,0.000000,0,0,0
16.130,6.7859000,-0.0999000,5.6656000,35.7513000,29.6021000,33.4778000,-42.6830000,-13.2710000,-16.0290000,0.000000,0,0,0
16.140,6.7836000,-0.0975000,5.6680000,35.7437000,29.7546000,33.3557000,-42.8040000,-12.9180000,-15.6500000,0.000000,0,0,0
16.150,6.7871000,-0.0963000,5.6704000,35.7666000,29.7318000,33.2718000,-42.8300000,-12.7000000,-15.6630000,0.000000,0,0,0
16.160,6.7919000,-0.0939000,5.6704000,35.8124000,29.5792000,33.2108000,-42.8410000,-12.7040000,-15.7750000,0.000000,0,0,0
16.170,6.7907000,-0.0903000,5.6716000,35.8582000,29.3884000,33.1802000,-43.2270000,-13.0200000,-15.2230000,0.000000,0,0,0
16.180,6.7812000,-0.0855000,5.6752000,35.9116000,29.1901000,33.2260000,-42.6780000,-12.8490000,-15.1180000,0.000000,0,0,0
16.190,6.7692000,-0.0796000,5.6764000,35.9497000,28.9917000,33.3710000,-42.7890000,-13.3200000,-15.8540000,0.000000,0,0,0
16.200,6.7596000,-0.0712000,5.6788000,35.9650000,28.7628000,33.5770000,-42.8110000,-12.9750000,-15.2170000,0.000000,0,0,0
16.210,6.7608000,-0.0652000,5.6800000,35.9650000,28.4882000,33.7601000,-43.1010000,-12.9730000,-15.4290000,0.000000,0,0,0
16.220,6.7716000,-0.0640000,5.6812000,35.9573000,28.1219000,33.8593000,-42.8580000,-12.8790000,-15.8940000,0.000000,0,0,0
16.230,6.7800000,-0.0664000,5.6812000,35.9573000,27.6642000,33.8821000,-42.9430000,-12.9580000,-15.5350000,0.000000,0,0,0
16.240,6.7859000,-0.0736000,5.6788000,35.9573000,27.1835000,33.9127000,-42.6180000,-12.6600000,-15.5330000,0.000000,0,0,0
16.250,6.7871000,-0.0855000,5.6764000,35.9268000,26.7868000,33.9890000,-43.0090000,-12.7860000,-15.6100000,0.000000,0,0,0
16.260,6.7800000,-0.1011000,5.6728000,35.8963000,26.5656000,34.0958000,-42.6870000,-12.9510000,-15.7290000,0.000000,0,0,0
16.270,6.7728000,-0.1095000,5.6704000,35.9039000,26.7334000,34.0271000,-42.8880000,-12.7080000,-16.0150000,0.000000,0,0,0
16.280,6.7668000,-0.1130000,5.6704000,35.9344000,27.0767000,33.8669000,-42.4710000,-13.0150000,-16.2460000,0.000000,0,0,0
16.290,6.7608000,-0.1107000,5.6704000,36.0107000,27.4048000,33.6838000,-42.6730000,-13.0890000,-15.5410000,0.000000,0,0,0
16.300,6.7596000,-0.1059000,5.6704000,36.0489000,27.6108000,33.5693000,-42.9570000,-12.7620000,-15.5610000,0.000000,0,0,0
16.310,6.7668000,-0.1047000,5.6716000,36.0107000,27.6337000,33.5159000,-42.7120000,-12.8600000,-16.5480000,0.000000,0,0,0
16.320,6.7800000,-0.1059000,5.6716000,35.9192000,27.5879000,33.4702000,-42.7220000,-12.8350000,-15.7670000,0.000000,0,0,0
16.330,6.7943000,-0.1083000,5.6716000,35.7895000,27.5726000,33.4473000,-43.0860000,-13.0070000,-16.4570000,0.000000,0,0,0
16.340,6.8051000,-0.1119000,5.6716000,35.6750000,27.6260000,33.4473000,-42.7900000,-12.9980000,-16.2290000,0.000000,0,0,0
16.350,6.8075000,-0.1142000,5.6692000,35.6293000,27.8244000,33.4244000,-42.8080000,-13.2160000,-15.5870000,0.000000,0,0,0
16.360,6.8015000,-0.1095000,5.6692000,35.6369000,28.1601000,33.3633000,-42.9710000,-13.3090000,-16.2540000,0.000000,0,0,0
16.370,6.7883000,-0.0987000,5.6716000,35.6598000,28.5339000,33.2947000,-42.8770000,-12.9250000,-16.2240000,0.000000,0,0,0
16.380,6.7740000,-0.0855000,5.6740000,35.6750000,28.8239000,33.2336000,-42.4690000,-12.7830000,-15.6930000,0.000000,0,0,0
16.390,6.7620000,-0.0748000,5.6752000,35.6750000,28.9993000,33.1802000,-42.9450000,-13.0090000,-16.0930000,0.000000,0,0,0
16.400,6.7584000,-0.0688000,5.6764000,35.6369000,29.0222000,33.1726000,-42.8500000,-12.9000000,-15.8830000,0.000000,0,0,0
16.410,6.7620000,-0.0724000,5.6764000,35.5988000,28.9154000,33.2031000,-42.5650000,-12.9940000,-16.4290000,0.000000,0,0,0
16.420,6.7704000,-0.0819000,5.6788000,35.5835000,28.7552000,33.2336000,-42.6510000,-13.1750000,-16.4460000,0.000000,0,0,0
16.430,6.7788000,-0.0915000,5.6788000,35.5988000,28.6636000,33.2336000,-42.7910000,-12.9930000,-16.5900000,0.000000,0,0,0
16.440,6.7812000,-0.0975000,5.6800000,35.6293000,28.7018000,33.2260000,-42.9510000,-12.9140000,-16.4790000,0.000000,0,0,0
16.450,6.7752000,-0.0951000,5.6824000,35.6674000,28.8086000,33.2184000,-42.7670000,-12.9520000,-16.2090000,0.000000,0,0,0
16.460,6.7644000,-0.0891000,5.6836000,35.6979000,28.9383000,33.2489000,-43.3350000,-13.2070000,-16.3700000,0.000000,0,0,0
16.470,6.7584000,-0.0819000,5.6848000,35.7208000,29.0222000,33.3176000,-42.9400000,-13.1050000,-16.7540000,0.000000,0,0,0
16.480,6.7620000,-0.0807000,5.6848000,35.7285000,29.0222000,33.4015000,-42.9380000,-12.7870000,-16.3490000,0.000000,0,0,0
16.490,6.7728000,-0.0843000,5.6848000,35.7056000,28.9459000,33.4702000,-43.1120000,-12.7810000,-15.8550000,0.000000,0,0,0
16.500,6.7848000,-0.0915000,5.6848000,35.6598000,28.7933000,33.5236000,-42.7450000,-12.6930000,-16.0120000,0.000000,0,0,0
16.510,6.7919000,-0.1023000,5.6860000,35.6445000,28.6484000,33.5083000,-42.8640000,-12.5610000,-16.0920000,0.000000,0,0,0
16.520,6.7895000,-0.1107000,5.6884000,35.6522000,28.6179000,33.4244000,-43.1050000,-12.8960000,-15.9870000,0.000000,0,0,0
16.530,6.7728000,-0.1142000,5.6931000,35.6827000,28.6560000,33.3252000,-43.1520000,-12.5270000,-16.3010000,0.000000,0,0,0
16.540,6.7501000,-0.1119000,5.6979000,35.7285000,28.7094000,33.2565000,-42.7660000,-12.6860000,-15.8480000,0.000000,0,0,0
16.550,6.7261000,-0.1071000,5.7027000,35.7895000,28.7704000,33.2413000,-43.0340000,-12.9040000,-15.9660000,0.000000,0,0,0
16.560,6.7118000,-0.0999000,5.7051000,35.8429000,28.8315000,33.2794000,-42.7730000,-12.8300000,-15.9760000,0.000000,0,0,0
16.570,6.7142000,-0.0951000,5.7063000,35.9116000,28.8315000,33.3710000,-43.1550000,-13.1420000,-16.1220000,0.000000,0,0,0
16.580,6.7261000,-0.0951000,5.7051000,35.9802000,28.7018000,33.4930000,-42.7440000,-13.0750000,-16.0370000,0.000000,0,0,0
16.590,6.7441000,-0.0987000,5.7039000,36.0336000,28.4195000,33.6533000,-43.1170000,-12.7210000,-16.4640000,0.000000,0,0,0
16.600,6.7680000,-0.1011000,5.7003000,36.0718000,28.1219000,33.7753000,-42.8220000,-12.9200000,-16.7130000,0.000000,0,0,0
16.610,6.7883000,-0.1011000,5.6955000,36.1633000,27.9465000,33.8211000,-42.7130000,-13.0210000,-16.1490000,0.000000,0,0,0
16.620,6.7991000,-0.0987000,5.6919000,36.3007000,27.9694000,33.8058000,-43.1250000,-12.8020000,-16.0330000,0.000000,0,0,0
16.630,6.8027000,-0.0891000,5.6919000,36.3998000,28.1830000,33.6914000,-43.0630000,-12.4650000,-15.5860000,0.000000,0,0,0
16.640,6.8015000,-0.0736000,5.6931000,36.3617000,28.5187000,33.4625000,-43.1330000,-12.3920000,-16.2720000,0.000000,0,0,0
16.650,6.7907000,-0.0604000,5.6967000,36.1862000,28.8467000,33.2489000,-43.2370000,-12.5830000,-16.4940000,0.000000,0,0,0
16.660,6.7788000,-0.0544000,5.7003000,35.9802000,29.0375000,33.1573000,-42.9610000,-12.7310000,-16.2470000,0.000000,0,0,0
16.670,6.7668000,-0.0532000,5.7039000,35.7437000,29.1061000,33.1955000,-43.2860000,-13.1570000,-15.4300000,0.000000,0,0,0
16.680,6.7572000,-0.0568000,5.7087000,35.5225000,29.0909000,33.3481000,-43.0570000,-13.0790000,-15.9560000,0.000000,0,0,0
16.690,6.7513000,-0.0652000,5.7123000,35.3699000,29.0298000,33.5541000,-42.8680000,-12.9890000,-16.5730000,0.000000,0,0,0
16.700,6.7465000,-0.0760000,5.7159000,35.3241000,28.9917000,33.7448000,-42.6640000,-12.8570000,-16.3610000,0.000000,0,0,0
16.710,6.7393000,-0.0879000,5.7159000,35.3775000,28.9688000,33.8821000,-42.8810000,-12.6080000,-16.2960000,0.000000,0,0,0
16.720,6.7333000,-0.0951000,5.7171000,35.4843000,28.9154000,33.9813000,-42.8830000,-13.0690000,-16.3880000,0.000000,0,0,0
16.730,6.7285000,-0.0975000,5.7183000,35.5911000,28.7628000,34.0271000,-43.2940000,-13.0430000,-16.9670000,0.000000,0,0,0
16.740,6.7261000,-0.0999000,5.7195000,35.7132000,28.5416000,34.0500000,-42.6620000,-12.7730000,-16.7700000,0.000000,0,0,0
16.750,6.7261000,-0.1035000,5.7207000,35.8047000,28.3127000,34.0271000,-42.7980000,-13.1850000,-16.6650000,0.000000,0,0,0
16.760,6.7333000,-0.1107000,5.7207000,35.8658000,28.1143000,33.9890000,-42.5690000,-12.7970000,-16.1800000,0.000000,0,0,0
16.770,6.7441000,-0.1166000,5.7207000,35.9039000,28.0380000,33.9050000,-43.0290000,-12.6760000,-16.0960000,0.000000,0,0,0
16.780,6.7560000,-0.1178000,5.7207000,35.8887000,28.1067000,33.7524000,-43.0490000,-12.8400000,-16.4530000,0.000000,0,0,0
16.790,6.7668000,-0.1154000,5.7195000,35.8353000,28.2745000,33.5617000,-42.9410000,-12.8690000,-16.3540000,0.000000,0,0,0
16.800,6.7644000,-0.1095000,5.7183000,35.7819000,28.4576000,33.3328000,-42.8480000,-12.9550000,-16.2030000,0.000000,0,0,0
16.810,6.7537000,-0.1047000,5.7183000,35.7208000,28.5797000,33.1421000,-42.6360000,-13.0720000,-16.4390000,0.000000,0,0,0
16.820,6.7453000,-0.0939000,5.7183000,35.6674000,28.6102000,33.0429000,-42.9380000,-12.8300000,-16.5430000,0.000000,0,0,0
16.830,6.7453000,-0.0831000,5.7207000,35.6369000,28.6407000,32.9208000,-42.8780000,-13.1650000,-15.9060000,0.000000,0,0,0
16.840,6.7489000,-0.0807000,5.7219000,35.6140000,28.6789000,32.8903000,-42.5900000,-12.8030000,-16.2470000,0.000000,0,0,0
16.850,6.7501000,-0.0819000,5.7254000,35.6140000,28.7476000,32.9056000,-42.9620000,-13.1850000,-16.1780000,0.000000,0,0,0
16.860,6.7489000,-0.0831000,5.7278000,35.6293000,28.7933000,32.9514000,-42.9530000,-12.9160000,-15.9630000,0.000000,0,0,0
16.870,6.7429000,-0.0819000,5.7314000,35.6216000,28.7094000,33.0353000,-43.1120000,-12.9610000,-15.8110000,0.000000,0,0,0
16.880,6.7321000,-0.0796000,5.7338000,35.6216000,28.5034000,33.1268000,-42.8750000,-12.7940000,-16.1230000,0.000000,0,0,0
16.890,6.7261000,-0.0796000,5.7326000,35.6979000,28.3203000,33.1573000,-42.8580000,-13.1150000,-15.9440000,0.000000,0,0,0
16.900,6.7285000,-0.0819000,5.7290000,35.8658000,28.2516000,33.1039000,-43.0120000,-12.9110000,-16.0890000,0.000000,0,0,0
16.910,6.7381000,-0.0843000,5.7254000,36.0260000,28.3279000,32.9590000,-42.9550000,-12.7810000,-16.0530000,0.000000,0,0,0
16.920,6.7501000,-0.0879000,5.7254000,36.1481000,28.5568000,32.7911000,-42.8470000,-13.0410000,-16.6090000,0.000000,0,0,0
16.930,6.7632000,-0.0903000,5.7254000,36.1633000,28.9078000,32.6538000,-42.8750000,-12.8600000,-15.7680000,0.000000,0,0,0
16.940,6.7632000,-0.0915000,5.7278000,36.0413000,29.2664000,32.6233000,-43.1320000,-12.9880000,-16.2560000,0.000000,0,0,0
16.950,6.7513000,-0.0903000,5.7326000,35.8276000,29.4724000,32.7911000,-43.2060000,-12.6520000,-16.6410000,0.000000,0,0,0
16.960,6.7357000,-0.0891000,5.7374000,35.6216000,29.4113000,33.1192000,-42.9900000,-12.7090000,-16.2130000,0.000000,0,0,0
16.970,6.7214000,-0.0855000,5.7422000,35.5225000,29.2053000,33.4930000,-42.9640000,-12.9060000,-15.8020000,0.000000,0,0,0
16.980,6.7142000,-0.0760000,5.7422000,35.5072000,29.0375000,33.7601000,-43.2330000,-12.5510000,-15.4140000,0.000000,0,0,0
16.990,6.7118000,-0.0700000,5.7434000,35.5453000,28.9917000,33.8593000,-42.9110000,-12.8240000,-16.0190000,0.000000,0,0,0
17.000,6.7154000,-0.0688000,5.7458000,35.6369000,29.0604000,33.8211000,-42.9930000,-13.0860000,-16.1500000,0.000000,0,0,0
17.010,6.7178000,-0.0748000,5.7470000,35.7361000,29.2358000,33.7219000,-43.2220000,-13.0290000,-16.9990000,0.000000,0,0,0
17.020,6.7190000,-0.0867000,5.7494000,35.7895000,29.4113000,33.6914000,-43.2280000,-12.8980000,-16.0070000,0.000000,0,0,0
17.030,6.7202000,-0.0987000,5.7506000,35.8047000,29.4952000,33.7982000,-43.1050000,-12.8100000,-16.5990000,0.000000,0,0,0
17.040,6.7249000,-0.1071000,5.7542000,35.8047000,29.4800000,33.9737000,-42.9800000,-12.9290000,-15.9620000,0.000000,0,0,0
17.050,6.7309000,-0.1071000,5.7553000,35.7590000,29.4113000,34.1110000,-42.8110000,-12.8800000,-16.6250000,0.000000,0,0,0
17.060,6.7321000,-0.1047000,5.7553000,35.6827000,29.2587000,34.1339000,-42.7100000,-12.7300000,-16.8110000,0.000000,0,0,0
17.070,6.7273000,-0.1023000,5.7553000,35.5988000,29.0451000,34.0424000,-43.0990000,-13.0140000,-16.8210000,0.000000,0,0,0
17.080,6.7178000,-0.0999000,5.7565000,35.5530000,28.8162000,33.8974000,-42.7500000,-12.8710000,-16.9260000,0.000000,0,0,0
17.090,6.7082000,-0.0951000,5.7601000,35.5530000,28.6331000,33.7601000,-43.1040000,-12.8380000,-16.1650000,0.000000,0,0,0
17.100,6.6998000,-0.0927000,5.7637000,35.6140000,28.5416000,33.6609000,-43.0660000,-12.7990000,-16.4370000,0.000000,0,0,0
17.110,6.6950000,-0.0879000,5.7661000,35.7056000,28.5568000,33.5922000,-43.2540000,-12.8580000,-16.2730000,0.000000,0,0,0
17.120,6.6950000,-0.0843000,5.7673000,35.7819000,28.6331000,33.5541000,-42.8210000,-12.8980000,-16.3490000,0.000000,0,0,0
17.130,6.6998000,-0.0796000,5.7685000,35.8276000,28.7552000,33.5159000,-43.0290000,-13.1010000,-15.9900000,0.000000,0,0,0
17.140,6.7070000,-0.0736000,5.7673000,35.8505000,28.9383000,33.4549000,-42.7240000,-12.9010000,-16.1560000,0.000000,0,0,0
17.150,6.7154000,-0.0700000,5.7673000,35.8353000,29.1367000,33.3633000,-43.0510000,-12.6830000,-15.9450000,0.000000,0,0,0
17.160,6.7190000,-0.0724000,5.7673000,35.8047000,29.2969000,33.2870000,-42.6650000,-12.7130000,-16.4630000,0.000000,0,0,0
17.170,6.7166000,-0.0760000,5.7673000,35.7819000,29.4113000,33.2718000,-42.9300000,-12.6700000,-16.6840000,0.000000,0,0,0
17.180,6.7142000,-0.0784000,5.7697000,35.7513000,29.4876000,33.3176000,-42.7210000,-12.8700000,-16.0350000,0.000000,0,0,0
17.190,6.7130000,-0.0796000,5.7733000,35.7361000,29.5029000,33.4320000,-42.7040000,-12.9030000,-16.2770000,0.000000,0,0,0
17.200,6.7106000,-0.0784000,5.7769000,35.7361000,29.3655000,33.5922000,-42.9480000,-12.5730000,-15.9310000,0.000000,0,0,0
17.210,6.7082000,-0.0772000,5.7805000,35.7361000,29.1901000,33.7067000,-43.1600000,-12.9020000,-15.8890000,0.000000,0,0,0
17.220,6.7022000,-0.0760000,5.7829000,35.7285000,29.0985000,33.7067000,-42.7960000,-12.8370000,-16.0210000,0.000000,0,0,0
17.230,6.6926000,-0.0748000,5.7853000,35.7361000,29.1367000,33.6380000,-43.1090000,-12.9790000,-16.1300000,0.000000,0,0,0
17.240,6.6807000,-0.0748000,5.7912000,35.7513000,29.2740000,33.5693000,-43.2150000,-13.0870000,-16.0580000,0.000000,0,0,0
17.250,6.6687000,-0.0748000,5.7948000,35.7819000,29.4800000,33.5388000,-43.1840000,-12.9680000,-16.0250000,0.000000,0,0,0
17.260,6.6651000,-0.0796000,5.7960000,35.8047000,29.7089000,33.5617000,-42.9230000,-12.6980000,-15.4890000,0.000000,0,0,0
17.270,6.6687000,-0.0855000,5.7972000,35.8200000,29.9149000,33.6227000,-42.7770000,-12.9990000,-16.0740000,0.000000,0,0,0
17.280,6.6795000,-0.0939000,5.7972000,35.8047000,29.9911000,33.7067000,-42.8830000,-12.8610000,-15.6180000,0.000000,0,0,0
17.290,6.6914000,-0.1035000,5.7972000,35.7819000,29.9072000,33.7753000,-42.7120000,-12.7460000,-15.5420000,0.000000,0,0,0
17.300,6.7010000,-0.1095000,5.7984000,35.7590000,29.7318000,33.7982000,-42.9410000,-12.7740000,-15.3510000,0.000000,0,0,0
17.310,6.7034000,-0.1107000,5.8020000,35.7208000,29.5639000,33.7677000,-42.9210000,-12.8910000,-15.2890000,0.000000,0,0,0
17.320,6.6962000,-0.1095000,5.8056000,35.6827000,29.4571000,33.7067000,-42.7010000,-12.8790000,-15.4080000,0.000000,0,0,0
17.330,6.6843000,-0.1059000,5.8092000,35.6522000,29.3732000,33.6761000,-42.8600000,-12.6710000,-15.5110000,0.000000,0,0,0
17.340,6.6735000,-0.1011000,5.8128000,35.6750000,29.3503000,33.6914000,-42.7350000,-12.8190000,-15.3230000,0.000000,0,0,0
17.350,6.6651000,-0.0987000,5.8140000,35.7208000,29.4418000,33.6838000,-42.7130000,-12.7770000,-15.9570000,0.000000,0,0,0
17.360,6.6591000,-0.0951000,5.8164000,35.7895000,29.6097000,33.6838000,-42.8600000,-12.7650000,-15.2370000,0.000000,0,0,0
17.370,6.6532000,-0.0891000,5.8187000,35.8429000,29.7394000,33.6990000,-43.2190000,-12.6510000,-15.6920000,0.000000,0,0,0
17.380,6.6556000,-0.0796000,5.8223000,35.8429000,29.6097000,33.8211000,-43.0210000,-12.9980000,-15.5990000,0.000000,0,0,0
17.390,6.6639000,-0.0796000,5.8223000,35.8200000,29.3655000,33.8974000,-42.7560000,-12.9630000,-15.8720000,0.000000,0,0,0
17.400,6.6735000,-0.0843000,5.8235000,35.8047000,29.1367000,33.8745000,-42.8700000,-12.7540000,-14.7460000,0.000000,0,0,0
17.410,6.6783000,-0.0903000,5.8235000,35.7971000,28.9993000,33.7753000,-42.9080000,-12.7560000,-15.6590000,0.000000,0,0,0
17.420,6.6759000,-0.0975000,5.8259000,35.8200000,28.9688000,33.6456000,-42.8970000,-12.6500000,-14.9480000,0.000000,0,0,0
17.430,6.6663000,-0.1035000,5.8271000,35.8734000,29.0146000,33.5846000,-42.8410000,-12.8540000,-15.4230000,0.000000,0,0,0
17.440,6.6556000,-0.1071000,5.8319000,35.9421000,29.1061000,33.6227000,-42.8330000,-13.0470000,-15.2460000,0.000000,0,0,0
17.450,6.6496000,-0.1071000,5.8343000,36.0031000,29.2130000,33.7143000,-42.8690000,-12.6720000,-15.0110000,0.000000,0,0,0
17.460,6.6484000,-0.1035000,5.8367000,36.0565000,29.2664000,33.8287000,-42.6050000,-12.8760000,-14.9940000,0.000000,0,0,0
17.470,6.6496000,-0.0975000,5.8391000,36.1023000,29.2664000,33.9050000,-42.8500000,-12.9060000,-14.9490000,0.000000,0,0,0
17.480,6.6520000,-0.0915000,5.8403000,36.1557000,29.2053000,33.9127000,-42.6150000,-12.7710000,-15.0820000,0.000000,0,0,0
17.490,6.6532000,-0.0879000,5.8391000,36.1938000,29.0833000,33.8821000,-42.5650000,-13.1310000,-14.9920000,0.000000,0,0,0
17.500,6.6556000,-0.0867000,5.8415000,36.2167000,28.9841000,33.8211000,-43.0120000,-12.8600000,-15.1890000,0.000000,0,0,0
17.510,6.6603000,-0.0819000,5.8427000,36.2473000,28.9688000,33.6990000,-42.9260000,-12.8310000,-15.1740000,0.000000,0,0,0
17.520,6.6603000,-0.0807000,5.8451000,36.2701000,29.0375000,33.5617000,-42.7330000,-12.9250000,-14.9910000,0.000000,0,0,0
17.530,6.6603000,-0.0831000,5.8475000,36.2625000,29.1443000,33.4778000,-42.9870000,-12.9010000,-15.5010000,0.000000,0,0,0
17.540,6.6615000,-0.0843000,5.8499000,36.2396000,29.2664000,33.4473000,-42.6600000,-13.0820000,-15.9260000,0.000000,0,0,0
17.550,6.6615000,-0.0879000,5.8499000,36.1938000,29.3732000,33.4778000,-42.9870000,-13.0710000,-15.3380000,0.000000,0,0,0
17.560,6.6603000,-0.0879000,5.8510000,36.1328000,29.4189000,33.5617000,-42.7820000,-13.1180000,-14.9440000,0.000000,0,0,0
17.570,6.6579000,-0.0903000,5.8534000,36.0641000,29.3884000,33.6685000,-42.6490000,-13.1500000,-15.6080000,0.000000,0,0,0
17.580,6.6532000,-0.0927000,5.8570000,36.0031000,29.3121000,33.7601000,-42.9790000,-12.6470000,-16.2020000,0.000000,0,0,0
17.590,6.6448000,-0.0927000,5.8594000,35.9573000,29.2511000,33.8211000,-43.0950000,-12.6700000,-15.8690000,0.000000,0,0,0
17.600,6.6340000,-0.0915000,5.8630000,35.9192000,29.2130000,33.8287000,-43.0090000,-12.5400000,-15.1130000,0.000000,0,0,0
17.610,6.6245000,-0.0879000,5.8666000,35.8887000,29.2282000,33.7982000,-42.8430000,-13.0780000,-14.8390000,0.000000,0,0,0
17.620,6.6149000,-0.0843000,5.8702000,35.8734000,29.2511000,33.7524000,-42.8620000,-12.6510000,-15.0670000,0.000000,0,0,0
17.630,6.6113000,-0.0831000,5.8726000,35.8887000,29.2358000,33.7219000,-43.1030000,-12.9230000,-15.2030000,0.000000,0,0,0
17.640,6.6101000,-0.0843000,5.8750000,35.9268000,29.2053000,33.7143000,-42.7920000,-12.7390000,-15.1230000,0.000000,0,0,0
17.650,6.6125000,-0.0879000,5.8762000,35.9955000,29.1672000,33.7219000,-42.9720000,-12.9490000,-14.9350000,0.000000,0,0,0
17.660,6.6137000,-0.0903000,5.8750000,36.0641000,29.1672000,33.7219000,-42.9060000,-12.7240000,-14.6370000,0.000000,0,0,0
17.670,6.6161000,-0.0939000,5.8762000,36.0870000,29.2511000,33.7067000,-43.5380000,-13.1230000,-15.0590000,0.000000,0,0,0
17.680,6.6161000,-0.0975000,5.8774000,36.0641000,29.4266000,33.6533000,-42.7620000,-12.6870000,-14.8760000,0.000000,0,0,0
17.690,6.6197000,-0.0975000,5.8786000,35.9955000,29.6021000,33.5999000,-42.8910000,-12.6530000,-14.1780000,0.000000,0,0,0
17.700,6.6233000,-0.0975000,5.8786000,35.9344000,29.5715000,33.5770000,-42.7430000,-12.7040000,-14.7550000,0.000000,0,0,0
17.710,6.6268000,-0.0975000,5.8786000,35.9116000,29.3732000,33.6075000,-42.8480000,-12.7390000,-14.7830000,0.000000,0,0,0
17.720,6.6340000,-0.0975000,5.8798000,35.9116000,29.1290000,33.6380000,-42.9260000,-13.0250000,-14.8790000,0.000000,0,0,0
17.730,6.6388000,-0.0987000,5.8810000,35.9116000,28.8925000,33.6685000,-43.0590000,-12.9440000,-15.1620000,0.000000,0,0,0
17.740,6.6400000,-0.0999000,5.8822000,35.9116000,28.7247000,33.7067000,-43.1480000,-12.6860000,-14.4260000,0.000000,0,0,0
17.750,6.6340000,-0.1035000,5.8857000,35.9421000,28.6407000,33.7296000,-43.2140000,-12.7750000,-14.5260000,0.000000,0,0,0
17.760,6.6221000,-0.1023000,5.8893000,35.9955000,28.6636000,33.7372000,-42.8150000,-12.8190000,-14.4020000,0.000000,0,0,0
17.770,6.6089000,-0.0987000,5.8929000,36.0336000,28.7476000,33.7372000,-42.9780000,-12.8330000,-14.9130000,0.000000,0,0,0
17.780,6.6017000,-0.0903000,5.8953000,36.0489000,28.8086000,33.7372000,-43.0370000,-12.7910000,-14.6080000,0.000000,0,0,0
17.790,6.6029000,-0.0819000,5.8953000,36.0184000,28.8162000,33.6990000,-42.7560000,-12.8610000,-14.9530000,0.000000,0,0,0
17.800,6.6125000,-0.0772000,5.8929000,35.9421000,28.7781000,33.5922000,-43.1970000,-12.9020000,-15.0690000,0.000000,0,0,0
17.810,6.6245000,-0.0760000,5.8893000,35.8276000,28.7094000,33.4167000,-42.9330000,-12.8610000,-14.9220000,0.000000,0,0,0
17.820,6.6328000,-0.0796000,5.8869000,35.7132000,28.5950000,33.2336000,-43.1810000,-12.7630000,-14.7480000,0.000000,0,0,0
17.830,6.6352000,-0.0867000,5.8893000,35.6445000,28.5110000,33.0811000,-42.8360000,-13.0780000,-14.5250000,0.000000,0,0,0
17.840,6.6304000,-0.0939000,5.8929000,35.6598000,28.4882000,32.9590000,-42.8390000,-12.5930000,-14.7410000,0.000000,0,0,0
17.850,6.6197000,-0.0975000,5.8953000,35.7208000,28.5416000,32.8751000,-42.8670000,-12.8730000,-15.0340000,0.000000,0,0,0
17.860,6.6077000,-0.0963000,5.8989000,35.8200000,28.6636000,32.8217000,-43.1780000,-12.5300000,-14.4530000,0.000000,0,0,0
17.870,6.5993000,-0.0915000,5.9037000,35.8963000,28.8239000,32.8064000,-43.4250000,-12.9440000,-14.5070000,0.000000,0,0,0
17.880,6.6017000,-0.0879000,5.9049000,35.9116000,28.9841000,32.7911000,-43.2200000,-12.8750000,-14.7530000,0.000000,0,0,0
17.890,6.6077000,-0.0867000,5.9049000,35.8658000,29.1138000,32.7911000,-43.2150000,-12.7980000,-15.2610000,0.000000,0,0,0
17.900,6.6137000,-0.0831000,5.9061000,35.7590000,29.1748000,32.8522000,-42.9800000,-12.9340000,-14.9550000,0.000000,0,0,0
17.910,6.6161000,-0.0819000,5.9049000,35.6216000,29.1214000,32.9895000,-43.2280000,-12.7670000,-15.0620000,0.000000,0,0,0
17.920,6.6125000,-0.0831000,5.9037000,35.5530000,28.9688000,33.1879000,-43.1510000,-12.9550000,-15.3110000,0.000000,0,0,0
17.930,6.6017000,-0.0724000,5.9061000,35.5911000,28.7781000,33.5312000,-43.1020000,-12.6980000,-15.2270000,0.000000,0,0,0
17.940,6.5969000,-0.0580000,5.9097000,35.6522000,28.7704000,33.6990000,-42.8120000,-12.8890000,-14.6840000,0.000000,0,0,0
17.950,6.5922000,-0.0461000,5.9145000,35.6827000,28.8239000,33.7982000,-42.9530000,-12.8940000,-15.1960000,0.000000,0,0,0
17.960,6.5922000,-0.0401000,5.9145000,35.6369000,28.8544000,33.8364000,-42.8690000,-12.8730000,-14.9770000,0.000000,0,0,0
17.970,6.5981000,-0.0437000,5.9145000,35.5377000,28.8391000,33.8593000,-43.0880000,-12.9420000,-15.5210000,0.000000,0,0,0
17.980,6.6017000,-0.0592000,5.9145000,35.4309000,28.8162000,33.8516000,-42.9540000,-13.0240000,-15.3770000,0.000000,0,0,0
17.990,6.5993000,-0.0796000,5.9156000,35.3775000,28.8315000,33.8516000,-42.8240000,-13.0220000,-15.2290000,0.000000,0,0,0
18.000,6.5957000,-0.0963000,5.9168000,35.3928000,28.9001000,33.8440000,-43.0920000,-12.8180000,-15.2620000,0.000000,0,0,0
18.010,6.5898000,-0.1107000,5.9216000,35.4538000,29.0680000,33.7982000,-43.3410000,-13.1680000,-15.0860000,0.000000,0,0,0
18.020,6.5814000,-0.1190000,5.9264000,35.5377000,29.2664000,33.7372000,-43.5630000,-12.9020000,-15.3870000,0.000000,0,0,0
18.030,6.5730000,-0.1238000,5.9312000,35.6216000,29.4495000,33.6761000,-43.2760000,-12.9170000,-14.5190000,0.000000,0,0,0
18.040,6.5670000,-0.1238000,5.9336000,35.7132000,29.5944000,33.6227000,-43.2820000,-12.8490000,-14.7630000,0.000000,0,0,0
18.050,6.5646000,-0.1214000,5.9348000,35.8276000,29.6173000,33.6075000,-43.3390000,-12.9370000,-14.8870000,0.000000,0,0,0
18.060,6.5658000,-0.1166000,5.9360000,35.9421000,29.5334000,33.6456000,-42.9720000,-12.7550000,-15.3210000,0.000000,0,0,0
18.070,6.5730000,-0.1095000,5.9372000,36.0336000,29.4342000,33.7143000,-42.9100000,-12.9370000,-15.5960000,0.000000,0,0,0
18.080,6.5850000,-0.1011000,5.9384000,36.1099000,29.4266000,33.7448000,-43.1000000,-12.6820000,-15.2270000,0.000000,0,0,0
18.090,6.5945000,-0.0915000,5.9384000,36.1481000,29.5486000,33.7296000,-43.1570000,-12.9690000,-14.5650000,0.000000,0,0,0
18.100,6.5981000,-0.0831000,5.9408000,36.1252000,29.7165000,33.6914000,-43.1860000,-12.7900000,-14.7650000,0.000000,0,0,0
18.110,6.5933000,-0.0784000,5.9420000,36.0565000,29.8538000,33.6761000,-43.1450000,-13.1000000,-14.1990000,0.000000,0,0,0
18.120,6.5826000,-0.0796000,5.9456000,35.9879000,29.9835000,33.6761000,-43.1510000,-13.0650000,-15.0670000,0.000000,0,0,0
18.130,6.5718000,-0.0819000,5.9479000,35.9268000,30.0903000,33.6990000,-42.7860000,-12.8180000,-14.4380000,0.000000,0,0,0
18.140,6.5634000,-0.0879000,5.9503000,35.8887000,30.1437000,33.7219000,-43.1600000,-12.7700000,-14.7050000,0.000000,0,0,0
18.150,6.5587000,-0.0939000,5.9515000,35.8734000,30.1666000,33.7143000,-43.2600000,-12.9510000,-14.2210000,0.000000,0,0,0
18.160,6.5563000,-0.0951000,5.9563000,35.8658000,30.2048000,33.6533000,-43.1390000,-12.6340000,-14.6570000,0.000000,0,0,0
18.170,6.5551000,-0.0927000,5.9611000,35.8582000,30.2811000,33.5770000,-43.1640000,-12.9400000,-14.7200000,0.000000,0,0,0
18.180,6.5539000,-0.0903000,5.9659000,35.8810000,30.4337000,33.5083000,-42.9050000,-12.7880000,-14.8240000,0.000000,0,0,0
18.190,6.5539000,-0.0879000,5.9683000,35.9039000,30.6702000,33.4473000,-43.0950000,-12.8420000,-14.4210000,0.000000,0,0,0
18.200,6.5539000,-0.0843000,5.9707000,35.9039000,30.9219000,33.4091000,-43.0780000,-12.5520000,-14.8890000,0.000000,0,0,0
18.210,6.5515000,-0.0831000,5.9731000,35.8429000,31.1050000,33.3633000,-43.1320000,-12.5840000,-15.1610000,0.000000,0,0,0
18.220,6.5503000,-0.0867000,5.9779000,35.7361000,31.1890000,33.3099000,-43.1210000,-12.6960000,-15.4250000,0.000000,0,0,0
18.230,6.5515000,-0.0903000,5.9826000,35.6064000,31.1890000,33.2794000,-43.4010000,-13.0350000,-14.4700000,0.000000,0,0,0
18.240,6.5503000,-0.0987000,5.9898000,35.4919000,31.1356000,33.2184000,-43.0670000,-12.6550000,-14.6540000,0.000000,0,0,0
18.250,6.5467000,-0.1071000,5.9946000,35.4385000,31.0440000,33.1268000,-43.0860000,-12.8980000,-14.1940000,0.000000,0,0,0
18.260,6.5407000,-0.1142000,5.9994000,35.4462000,30.9677000,33.0124000,-42.8300000,-12.8490000,-14.8370000,0.000000,0,0,0
18.270,6.5299000,-0.1154000,6.0066000,35.5377000,30.9753000,32.8369000,-43.2400000,-12.9510000,-14.8090000,0.000000,0,0,0
18.280,6.5204000,-0.1130000,6.0090000,35.6445000,31.1432000,32.6462000,-43.0680000,-12.7140000,-14.2180000,0.000000,0,0,0
18.290,6.5120000,-0.1119000,6.0125000,35.7361000,31.3492000,32.4631000,-43.3200000,-12.7940000,-14.1590000,0.000000,0,0,0
18.300,6.5012000,-0.1083000,6.0185000,35.8047000,31.3950000,32.4020000,-43.0160000,-12.5830000,-14.5950000,0.000000,0,0,0
18.310,6.4964000,-0.1023000,6.0257000,35.8276000,31.1508000,32.4860000,-43.1500000,-12.7670000,-14.0540000,0.000000,0,0,0
18.320,6.4964000,-0.0939000,6.0293000,35.8047000,30.6702000,32.6385000,-43.0760000,-12.9810000,-13.8520000,0.000000,0,0,0
18.330,6.5000000,-0.0879000,6.0317000,35.7361000,30.1666000,32.7454000,-42.9660000,-12.8210000,-13.7640000,0.000000,0,0,0
18.340,6.5000000,-0.0796000,6.0329000,35.6750000,29.7699000,32.7835000,-42.9020000,-12.9070000,-13.9380000,0.000000,0,0,0
18.350,6.4917000,-0.0688000,6.0365000,35.6216000,29.4571000,32.8064000,-43.0900000,-12.9380000,-14.4930000,0.000000,0,0,0
18.360,6.4797000,-0.0568000,6.0377000,35.6216000,29.1443000,32.8751000,-43.0160000,-12.8980000,-14.0430000,0.000000,0,0,0
18.370,6.4689000,-0.0473000,6.0389000,35.7132000,28.7857000,33.0048000,-42.8230000,-12.8280000,-14.4240000,0.000000,0,0,0
18.380,6.4665000,-0.0425000,6.0389000,35.8734000,28.4882000,33.1421000,-43.0710000,-13.1200000,-14.1710000,0.000000,0,0,0
18.390,6.4725000,-0.0449000,6.0389000,36.0413000,28.3585000,33.2565000,-43.4840000,-12.9730000,-14.5120000,0.000000,0,0,0
18.400,6.4893000,-0.0544000,6.0389000,36.1481000,28.4348000,33.3176000,-43.2400000,-12.9740000,-14.2190000,0.000000,0,0,0
18.410,6.5096000,-0.0664000,6.0377000,36.1710000,28.6560000,33.3481000,-43.4660000,-12.6470000,-14.4460000,0.000000,0,0,0
18.420,6.5264000,-0.0736000,6.0365000,36.0947000,28.9230000,33.3633000,-43.0520000,-12.9570000,-14.3680000,0.000000,0,0,0
18.430,6.5347000,-0.0784000,6.0377000,35.9726000,29.2282000,33.3328000,-43.3900000,-12.7560000,-14.7250000,0.000000,0,0,0
18.440,6.5311000,-0.0784000,6.0401000,35.8276000,29.6249000,33.2260000,-43.3640000,-12.6520000,-14.4030000,0.000000,0,0,0
18.450,6.5180000,-0.0700000,6.0437000,35.6827000,30.1208000,32.9971000,-43.4430000,-12.6600000,-13.9990000,0.000000,0,0,0
18.460,6.4976000,-0.0568000,6.0484000,35.5988000,30.6702000,32.6157000,-43.4260000,-12.7140000,-13.8560000,0.000000,0,0,0
18.470,6.4845000,-0.0437000,6.0544000,35.5225000,31.3568000,32.0511000,-43.5350000,-12.5430000,-14.1310000,0.000000,0,0,0
18.480,6.4749000,-0.0353000,6.0616000,35.4309000,32.2113000,31.3492000,-43.1430000,-12.3360000,-14.5150000,0.000000,0,0,0
18.490,6.4737000,-0.0389000,6.0712000,35.3012000,33.6533000,30.2811000,-43.3340000,-12.5710000,-14.6160000,0.000000,0,0,0
18.500,6.4749000,-0.0556000,6.0771000,35.1944000,34.6146000,29.7012000,-43.6250000,-12.4030000,-14.1770000,0.000000,0,0,0
18.510,6.4737000,-0.0748000,6.0867000,35.0876000,35.2936000,29.3808000,-43.3840000,-12.4420000,-13.8530000,0.000000,0,0,0
18.520,6.4677000,-0.0951000,6.0963000,35.0647000,35.5759000,29.3961000,-43.3470000,-12.6130000,-13.9610000,0.000000,0,0,0
18.530,6.4546000,-0.1095000,6.1035000,35.1715000,35.4462000,29.6936000,-43.4710000,-12.4290000,-14.5650000,0.000000,0,0,0
18.540,6.4378000,-0.1083000,6.1118000,35.3775000,34.9503000,30.1437000,-43.3280000,-12.6720000,-13.9530000,0.000000,0,0,0
18.550,6.4235000,-0.0891000,6.1202000,35.5911000,34.1797000,30.6320000,-43.4610000,-12.3180000,-14.1600000,0.000000,0,0,0
18.560,6.4139000,-0.0652000,6.1286000,35.7208000,33.3481000,31.0135000,-43.5700000,-12.4420000,-14.3120000,0.000000,0,0,0
18.570,6.4067000,-0.0437000,6.1370000,35.7971000,32.6233000,31.2729000,-43.4990000,-12.6880000,-13.4520000,0.000000,0,0,0
18.580,6.4007000,-0.0257000,6.1441000,35.8505000,32.1198000,31.4865000,-43.4660000,-12.4740000,-14.0700000,0.000000,0,0,0
18.590,6.3936000,-0.0114000,6.1501000,35.8658000,31.8069000,31.7230000,-43.5660000,-12.7540000,-14.4210000,0.000000,0,0,0
18.600,6.3816000,-0.0042000,6.1585000,35.8887000,31.5704000,32.0740000,-43.4810000,-12.2870000,-13.7890000,0.000000,0,0,0
18.610,6.3684000,0.0030000,6.1669000,35.9497000,31.3339000,32.5241000,-43.8210000,-12.5280000,-14.1630000,0.000000,0,0,0
18.620,6.3601000,0.0102000,6.1705000,36.0336000,31.1127000,32.9742000,-43.7810000,-12.2220000,-13.9600000,0.000000,0,0,0
18.630,6.3625000,0.0197000,6.1740000,36.0718000,30.9525000,33.2642000,-43.5740000,-12.2720000,-14.2620000,0.000000,0,0,0
18.640,6.3744000,0.0257000,6.1764000,36.0260000,30.9372000,33.2642000,-43.5480000,-12.5490000,-14.1910000,0.000000,0,0,0
18.650,6.3804000,0.0209000,6.1788000,35.9497000,31.0211000,33.0658000,-43.8880000,-12.4020000,-14.4880000,0.000000,0,0,0
18.660,6.3792000,0.0078000,6.1812000,35.8658000,31.0669000,32.8140000,-43.8110000,-12.5040000,-14.9620000,0.000000,0,0,0
18.670,6.3732000,-0.0090000,6.1860000,35.8429000,30.9525000,32.7072000,-43.8150000,-12.4790000,-14.2160000,0.000000,0,0,0
18.680,6.3672000,-0.0245000,6.1896000,35.9039000,30.6854000,32.7835000,-43.7010000,-12.2200000,-14.0540000,0.000000,0,0,0
18.690,6.3672000,-0.0353000,6.1908000,36.0107000,30.3650000,32.9666000,-43.9030000,-12.5740000,-14.1970000,0.000000,0,0,0
18.700,6.3684000,-0.0413000,6.1956000,36.1633000,30.0980000,33.1802000,-43.6040000,-12.6270000,-13.8690000,0.000000,0,0,0
18.710,6.3708000,-0.0437000,6.1980000,36.3007000,29.9988000,33.3710000,-43.5830000,-12.4260000,-13.7750000,0.000000,0,0,0
18.720,6.3708000,-0.0401000,6.2028000,36.3998000,30.0522000,33.5236000,-43.6570000,-12.3580000,-14.0060000,0.000000,0,0,0
18.730,6.3696000,-0.0305000,6.2052000,36.4532000,30.1514000,33.6533000,-43.9690000,-12.7840000,-14.6950000,0.000000,0,0,0
18.740,6.3637000,-0.0185000,6.2075000,36.4151000,30.1895000,33.8058000,-43.7430000,-12.4280000,-14.1170000,0.000000,0,0,0
18.750,6.3565000,-0.0090000,6.2099000,36.3083000,30.0903000,34.0042000,-43.9260000,-12.7130000,-13.9040000,0.000000,0,0,0
18.760,6.3529000,0.0018000,6.2111000,36.1938000,29.8843000,34.2331000,-43.7420000,-12.8940000,-14.0960000,0.000000,0,0,0
18.770,6.3529000,0.0090000,6.2123000,36.0794000,29.6402000,34.4391000,-43.7800000,-12.6670000,-14.3750000,0.000000,0,0,0
18.780,6.3541000,0.0126000,6.2147000,36.0184000,29.3961000,34.5535000,-43.7350000,-12.9530000,-14.1740000,0.000000,0,0,0
18.790,6.3553000,0.0126000,6.2147000,36.0336000,29.1977000,34.5688000,-44.0770000,-12.7060000,-14.1880000,0.000000,0,0,0
18.800,6.3529000,0.0114000,6.2171000,36.1252000,29.0146000,34.5230000,-43.7850000,-12.4560000,-14.1260000,0.000000,0,0,0
18.810,6.3457000,0.0054000,6.2219000,36.2244000,28.8620000,34.4849000,-43.7690000,-12.6630000,-14.1050000,0.000000,0,0,0
18.820,6.3373000,-0.0042000,6.2255000,36.3083000,28.7323000,34.5078000,-43.5950000,-12.3300000,-14.5410000,0.000000,0,0,0
18.830,6.3302000,-0.0161000,6.2291000,36.3388000,28.5873000,34.6451000,-43.7590000,-12.5440000,-14.2600000,0.000000,0,0,0
18.840,6.3254000,-0.0257000,6.2291000,36.2930000,28.3966000,34.8434000,-43.9590000,-12.4140000,-14.4250000,0.000000,0,0,0
18.850,6.3278000,-0.0341000,6.2279000,36.2167000,28.2059000,35.0418000,-43.5950000,-12.5890000,-13.8110000,0.000000,0,0,0
18.860,6.3361000,-0.0353000,6.2267000,36.1633000,28.0609000,35.1562000,-43.6400000,-12.4970000,-14.3830000,0.000000,0,0,0
18.870,6.3433000,-0.0317000,6.2255000,36.1328000,28.0151000,35.1562000,-43.7180000,-12.4380000,-13.7860000,0.000000,0,0,0
18.880,6.3457000,-0.0257000,6.2255000,36.1328000,27.9999000,35.0571000,-43.4940000,-12.5580000,-14.6790000,0.000000,0,0,0
18.890,6.3445000,-0.0185000,6.2243000,36.1633000,27.9617000,34.9197000,-43.6940000,-12.5300000,-14.1340000,0.000000,0,0,0
18.900,6.3397000,-0.0138000,6.2231000,36.1862000,27.8244000,34.8206000,-43.6940000,-12.6090000,-14.2870000,0.000000,0,0,0
18.910,6.3361000,-0.0102000,6.2243000,36.2167000,27.5879000,34.8053000,-43.4580000,-12.5220000,-13.8660000,0.000000,0,0,0
18.920,6.3314000,-0.0102000,6.2279000,36.2778000,27.3056000,34.8740000,-43.6430000,-12.5790000,-14.0150000,0.000000,0,0,0
18.930,6.3266000,-0.0126000,6.2291000,36.3541000,27.0462000,34.9579000,-43.4310000,-12.2730000,-14.6260000,0.000000,0,0,0
18.940,6.3206000,-0.0161000,6.2291000,36.4380000,26.8707000,35.0113000,-43.2790000,-12.5000000,-14.4150000,0.000000,0,0,0
18.950,6.3182000,-0.0209000,6.2279000,36.5143000,26.7715000,34.9960000,-43.7310000,-12.8320000,-14.1160000,0.000000,0,0,0
18.960,6.3170000,-0.0233000,6.2279000,36.5601000,26.7410000,34.8969000,-43.4070000,-12.6220000,-13.5820000,0.000000,0,0,0
18.970,6.3206000,-0.0257000,6.2255000,36.5829000,26.7563000,34.7290000,-43.6600000,-12.6030000,-13.9290000,0.000000,0,0,0
18.980,6.3314000,-0.0281000,6.2219000,36.5524000,26.7868000,34.5230000,-43.2000000,-12.8590000,-14.6370000,0.000000,0,0,0
18.990,6.3433000,-0.0341000,6.2171000,36.4990000,26.8097000,34.3246000,-43.4570000,-12.7510000,-14.6610000,0.000000,0,0,0
19.000,6.3517000,-0.0449000,6.2147000,36.4304000,26.7868000,34.1949000,-43.5790000,-12.6590000,-14.4870000,0.000000,0,0,0
19.010,6.3577000,-0.0568000,6.2135000,36.3693000,26.7029000,34.1721000,-43.2890000,-12.8490000,-13.0490000,0.000000,0,0,0
19.020,6.3613000,-0.0664000,6.2123000,36.3464000,26.6190000,34.2331000,-43.3390000,-12.6900000,-13.9700000,0.000000,0,0,0
19.030,6.3661000,-0.0724000,6.2099000,36.3312000,26.6113000,34.3094000,-43.3760000,-12.6920000,-13.7300000,0.000000,0,0,0
19.040,6.3720000,-0.0712000,6.2075000,36.2778000,26.8250000,34.3399000,-43.6370000,-12.6160000,-13.9490000,0.000000,0,0,0
19.050,6.3768000,-0.0652000,6.2040000,36.2091000,27.0615000,34.2789000,-43.3310000,-12.9560000,-14.2190000,0.000000,0,0,0
19.060,6.3804000,-0.0616000,6.2016000,36.1328000,27.2446000,34.2178000,-43.6220000,-12.8180000,-14.4450000,0.000000,0,0,0
19.070,6.3816000,-0.0568000,6.2016000,36.0718000,27.3285000,34.2026000,-43.5950000,-12.6730000,-14.6310000,0.000000,0,0,0
19.080,6.3792000,-0.0532000,6.2040000,36.0336000,27.4124000,34.2178000,-43.4470000,-12.9940000,-14.1160000,0.000000,0,0,0
19.090,6.3756000,-0.0484000,6.2063000,36.0031000,27.5497000,34.2331000,-43.3550000,-12.5190000,-14.7630000,0.000000,0,0,0
19.100,6.3708000,-0.0413000,6.2075000,35.9879000,27.7405000,34.2484000,-43.4770000,-12.4630000,-14.4930000,0.000000,0,0,0
19.110,6.3601000,-0.0365000,6.2075000,36.0107000,27.9160000,34.2789000,-43.5270000,-13.0450000,-14.6340000,0.000000,0,0,0
19.120,6.3469000,-0.0365000,6.2075000,36.0794000,27.9922000,34.3628000,-43.4400000,-12.8490000,-14.2340000,0.000000,0,0,0
19.130,6.3397000,-0.0389000,6.2087000,36.1862000,27.9694000,34.4772000,-43.3170000,-12.8270000,-14.2310000,0.000000,0,0,0
19.140,6.3409000,-0.0425000,6.2075000,36.2625000,27.9007000,34.5840000,-43.3890000,-12.9130000,-14.3050000,0.000000,0,0,0
19.150,6.3493000,-0.0473000,6.2063000,36.2930000,27.8168000,34.6603000,-43.7960000,-12.7970000,-14.0140000,0.000000,0,0,0
19.160,6.3649000,-0.0556000,6.2052000,36.2625000,27.7557000,34.6680000,-43.8110000,-12.3740000,-13.8220000,0.000000,0,0,0
19.170,6.3792000,-0.0652000,6.2052000,36.2091000,27.6871000,34.6375000,-43.5260000,-12.6770000,-13.7980000,0.000000,0,0,0
19.180,6.3888000,-0.0700000,6.2040000,36.1328000,27.5955000,34.5764000,-43.5280000,-12.7940000,-13.5360000,0.000000,0,0,0
19.190,6.3900000,-0.0688000,6.2052000,35.9955000,27.5040000,34.5001000,-43.6630000,-12.7570000,-13.3570000,0.000000,0,0,0
19.200,6.3816000,-0.0640000,6.2075000,35.8429000,27.4734000,34.3857000,-43.2570000,-12.3930000,-13.8190000,0.000000,0,0,0
19.210,6.3661000,-0.0556000,6.2087000,35.7132000,27.5726000,34.2178000,-43.3830000,-12.5620000,-13.7880000,0.000000,0,0,0
19.220,6.3529000,-0.0449000,6.2087000,35.6293000,27.7252000,34.0347000,-43.4250000,-12.4670000,-13.1360000,0.000000,0,0,0
19.230,6.3433000,-0.0377000,6.2075000,35.5911000,27.8625000,33.8440000,-43.9520000,-12.5650000,-13.9250000,0.000000,0,0,0
19.240,6.3373000,-0.0353000,6.2087000,35.6140000,27.9694000,33.6990000,-43.6170000,-12.6830000,-14.1020000,0.000000,0,0,0
19.250,6.3326000,-0.0449000,6.2087000,35.6979000,27.9541000,33.6685000,-43.6700000,-12.4980000,-13.8070000,0.000000,0,0,0
19.260,6.3302000,-0.0604000,6.2075000,35.8429000,27.7252000,33.8211000,-43.6180000,-12.6480000,-14.0350000,0.000000,0,0,0
19.270,6.3361000,-0.0760000,6.2063000,35.9955000,27.3590000,34.0805000,-43.4920000,-12.8150000,-14.0700000,0.000000,0,0,0
19.280,6.3481000,-0.0843000,6.2040000,36.1023000,27.0309000,34.3018000,-43.2330000,-12.6350000,-14.0510000,0.000000,0,0,0
19.290,6.3577000,-0.0843000,6.2028000,36.1404000,26.7868000,34.4467000,-43.5150000,-12.6240000,-14.4950000,0.000000,0,0,0
19.300,6.3625000,-0.0784000,6.2016000,36.0947000,26.6800000,34.4772000,-43.6580000,-12.6300000,-13.6040000,0.000000,0,0,0
19.310,6.3672000,-0.0736000,6.2004000,36.0107000,26.7029000,34.4086000,-43.4040000,-13.0080000,-13.4890000,0.000000,0,0,0
19.320,6.3744000,-0.0676000,6.1980000,35.9116000,26.8097000,34.2636000,-43.3850000,-12.5780000,-14.0740000,0.000000,0,0,0
19.330,6.3840000,-0.0640000,6.1956000,35.8200000,26.9699000,34.0729000,-43.3770000,-13.0590000,-14.0350000,0.000000,0,0,0
19.340,6.3924000,-0.0628000,6.1932000,35.7666000,27.2141000,33.8440000,-43.3590000,-13.0350000,-14.0480000,0.000000,0,0,0
19.350,6.3948000,-0.0628000,6.1920000,35.7285000,27.4811000,33.6151000,-43.4570000,-12.9820000,-13.8590000,0.000000,0,0,0
19.360,6.3900000,-0.0592000,6.1908000,35.6979000,27.7328000,33.4091000,-43.2620000,-12.9580000,-13.5990000,0.000000,0,0,0
19.370,6.3744000,-0.0520000,6.1932000,35.6827000,27.9160000,33.2413000,-43.3890000,-13.1300000,-13.9420000,0.000000,0,0,0
19.380,6.3529000,-0.0377000,6.1968000,35.6827000,28.0075000,33.1650000,-43.5760000,-13.2230000,-14.1670000,0.000000,0,0,0
19.390,6.3338000,-0.0221000,6.1992000,35.7056000,27.9922000,33.1726000,-43.7060000,-12.8660000,-14.3160000,0.000000,0,0,0
19.400,6.3242000,-0.0090000,6.2004000,35.7590000,27.9007000,33.2260000,-43.4140000,-13.2550000,-14.7760000,0.000000,0,0,0
19.410,6.3314000,0.0006000,6.1980000,35.8124000,27.7939000,33.3176000,-43.2990000,-13.0460000,-14.3960000,0.000000,0,0,0
19.420,6.3529000,0.0006000,6.1968000,35.8582000,27.7634000,33.4244000,-43.2790000,-12.7380000,-14.0510000,0.000000,0,0,0
19.430,6.3780000,-0.0078000,6.1932000,35.8658000,27.8473000,33.5388000,-43.7680000,-12.8620000,-14.0940000,0.000000,0,0,0
19.440,6.3948000,-0.0245000,6.1896000,35.8582000,27.9922000,33.6761000,-43.6630000,-13.1940000,-14.2860000,0.000000,0,0,0
19.450,6.4019000,-0.0437000,6.1872000,35.8505000,28.1067000,33.8287000,-43.3100000,-13.1860000,-14.8070000,0.000000,0,0,0
19.460,6.3984000,-0.0604000,6.1872000,35.8276000,28.1525000,34.0042000,-43.1690000,-12.9150000,-15.1330000,0.000000,0,0,0
19.470,6.3876000,-0.0724000,6.1884000,35.7895000,28.1143000,34.1949000,-43.6590000,-12.9760000,-14.8440000,0.000000,0,0,0
19.480,6.3732000,-0.0796000,6.1920000,35.7208000,28.0380000,34.3781000,-43.7820000,-13.1930000,-14.4960000,0.000000,0,0,0
19.490,6.3601000,-0.0831000,6.1944000,35.6216000,27.9388000,34.5459000,-43.4640000,-12.7150000,-14.8900000,0.000000,0,0,0
19.500,6.3541000,-0.0867000,6.1980000,35.5301000,27.8473000,34.6222000,-43.1760000,-12.8210000,-14.8920000,0.000000,0,0,0
19.510,6.3541000,-0.0939000,6.2004000,35.4843000,27.8015000,34.5764000,-43.6160000,-12.8460000,-14.2210000,0.000000,0,0,0
19.520,6.3541000,-0.1035000,6.2016000,35.5072000,27.8244000,34.4162000,-43.2780000,-13.1610000,-14.7870000,0.000000,0,0,0
19.530,6.3541000,-0.1119000,6.2028000,35.5911000,27.9160000,34.1797000,-43.5190000,-13.0080000,-13.9810000,0.000000,0,0,0
19.540,6.3529000,-0.1142000,6.2028000,35.6903000,28.0304000,33.9355000,-43.7100000,-12.7810000,-14.2700000,0.000000,0,0,0
19.550,6.3541000,-0.1107000,6.2004000,35.7666000,28.0685000,33.7296000,-43.8930000,-12.6220000,-14.6390000,0.000000,0,0,0
19.560,6.3601000,-0.1011000,6.1980000,35.7819000,27.9617000,33.6304000,-43.4960000,-12.8990000,-14.2780000,0.000000,0,0,0
19.570,6.3780000,-0.0843000,6.1956000,35.7208000,27.7634000,33.5007000,-43.9780000,-12.4340000,-14.0090000,0.000000,0,0,0
19.580,6.3900000,-0.0736000,6.1956000,35.6522000,27.7481000,33.3786000,-43.5940000,-12.8100000,-13.9940000,0.000000,0,0,0
19.590,6.3960000,-0.0664000,6.1968000,35.6293000,27.8320000,33.2718000,-43.4930000,-12.6000000,-13.7550000,0.000000,0,0,0
19.600,6.3960000,-0.0604000,6.1968000,35.6522000,28.0075000,33.2031000,-43.7370000,-12.9750000,-13.7370000,0.000000,0,0,0
19.610,6.3912000,-0.0544000,6.1956000,35.6979000,28.2288000,33.2108000,-43.4130000,-12.9950000,-14.0330000,0.000000,0,0,0
19.620,6.3816000,-0.0425000,6.1956000,35.7437000,28.4271000,33.2947000,-43.3780000,-13.0460000,-14.1600000,0.000000,0,0,0
19.630,6.3708000,-0.0257000,6.1968000,35.7285000,28.4958000,33.4778000,-43.7320000,-13.0430000,-14.2930000,0.000000,0,0,0
19.640,6.3625000,-0.0138000,6.1980000,35.6522000,28.3813000,33.7524000,-43.5810000,-12.8900000,-14.0610000,0.000000,0,0,0
19.650,6.3577000,-0.0126000,6.1992000,35.5530000,28.1219000,34.0347000,-43.3470000,-13.1230000,-13.8820000,0.000000,0,0,0
19.660,6.3541000,-0.0209000,6.2016000,35.4919000,27.8473000,34.2865000,-43.7600000,-12.8260000,-14.3650000,0.000000,0,0,0
19.670,6.3553000,-0.0377000,6.2028000,35.4843000,27.6260000,34.4849000,-43.4550000,-12.9300000,-14.3200000,0.000000,0,0,0
19.680,6.3613000,-0.0568000,6.2016000,35.5530000,27.4658000,34.5917000,-43.4490000,-12.8080000,-14.3220000,0.000000,0,0,0
19.690,6.3672000,-0.0724000,6.2004000,35.6293000,27.3819000,34.5840000,-43.5550000,-13.1740000,-14.3360000,0.000000,0,0,0
19.700,6.3672000,-0.0843000,6.1992000,35.7056000,27.3819000,34.4391000,-43.4280000,-12.9880000,-13.7690000,0.000000,0,0,0
19.710,6.3613000,-0.0879000,6.1992000,35.7666000,27.4734000,34.1492000,-43.8130000,-12.8790000,-13.9250000,0.000000,0,0,0
19.720,6.3469000,-0.0843000,6.2016000,35.7971000,27.6489000,33.7830000,-43.5100000,-12.8190000,-13.8370000,0.000000,0,0,0
19.730,6.3326000,-0.0772000,6.2028000,35.8124000,27.8244000,33.4244000,-43.3460000,-13.0130000,-13.8410000,0.000000,0,0,0
19.740,6.3242000,-0.0688000,6.2040000,35.8276000,27.9465000,33.1421000,-43.6080000,-12.8240000,-14.2660000,0.000000,0,0,0
19.750,6.3242000,-0.0664000,6.2040000,35.8505000,27.9846000,32.9819000,-43.3950000,-13.3370000,-13.9000000,0.000000,0,0,0
19.760,6.3338000,-0.0688000,6.2040000,35.8963000,27.9388000,32.9590000,-43.4610000,-13.1370000,-13.3620000,0.000000,0,0,0
19.770,6.3517000,-0.0772000,6.2004000,35.9726000,27.8549000,33.0505000,-43.5360000,-12.7430000,-14.3560000,0.000000,0,0,0
19.780,6.3756000,-0.0891000,6.1980000,36.0413000,27.7634000,33.2108000,-43.5260000,-12.8860000,-14.2450000,0.000000,0,0,0
19.790,6.3960000,-0.0999000,6.1944000,36.0641000,27.7023000,33.4167000,-43.4590000,-12.6090000,-13.4900000,0.000000,0,0,0
19.800,6.4079000,-0.1071000,6.1920000,36.0260000,27.6871000,33.6151000,-43.7580000,-12.8090000,-13.8940000,0.000000,0,0,0
19.810,6.4091000,-0.1059000,6.1920000,35.9573000,27.7557000,33.7296000,-43.7890000,-13.0850000,-13.6100000,0.000000,0,0,0
19.820,6.3984000,-0.0951000,6.1920000,35.8734000,27.9083000,33.7524000,-43.5940000,-12.6790000,-13.1800000,0.000000,0,0,0
19.830,6.3804000,-0.0819000,6.1944000,35.7819000,28.0609000,33.7219000,-43.4130000,-12.9880000,-13.8740000,0.000000,0,0,0
19.840,6.3637000,-0.0676000,6.1956000,35.7056000,28.1067000,33.6761000,-43.6470000,-13.2590000,-13.7270000,0.000000,0,0,0
19.850,6.3553000,-0.0568000,6.1968000,35.6445000,28.0304000,33.6533000,-43.5410000,-13.2030000,-13.4050000,0.000000,0,0,0
19.860,6.3553000,-0.0544000,6.1992000,35.6064000,27.9083000,33.6533000,-43.5980000,-13.2530000,-13.4180000,0.000000,0,0,0
19.870,6.3589000,-0.0592000,6.2016000,35.5911000,27.8091000,33.6761000,-43.5610000,-13.0000000,-13.4460000,0.000000,0,0,0
19.880,6.3637000,-0.0652000,6.2040000,35.5606000,27.7557000,33.7601000,-43.7570000,-12.9670000,-13.3420000,0.000000,0,0,0
19.890,6.3637000,-0.0831000,6.2052000,35.5606000,27.7939000,33.8898000,-43.5520000,-13.1570000,-13.7360000,0.000000,0,0,0
19.900,6.3696000,-0.0891000,6.2040000,35.6674000,27.9312000,33.9813000,-43.3470000,-12.7700000,-13.8410000,0.000000,0,0,0
19.910,6.3768000,-0.0903000,6.2004000,35.7513000,28.1143000,34.0118000,-43.7150000,-13.1900000,-13.7800000,0.000000,0,0,0
19.920,6.3852000,-0.0879000,6.1980000,35.7819000,28.2974000,33.9661000,-43.4230000,-12.8330000,-13.7520000,0.000000,0,0,0
19.930,6.3948000,-0.0879000,6.1944000,35.7742000,28.4576000,33.8364000,-43.4550000,-12.7990000,-14.3880000,0.000000,0,0,0
19.940,6.4007000,-0.0879000,6.1908000,35.7056000,28.5797000,33.6685000,-43.4350000,-12.9950000,-14.3760000,0.000000,0,0,0
19.950,6.3972000,-0.0903000,6.1932000,35.5606000,28.6407000,33.5464000,-43.1410000,-12.8230000,-14.2780000,0.000000,0,0,0
19.960,6.3852000,-0.0915000,6.1968000,35.4080000,28.6331000,33.5312000,-43.1220000,-12.8310000,-13.9500000,0.000000,0,0,0
19.970,6.3672000,-0.0903000,6.2016000,35.3012000,28.5873000,33.6533000,-43.1410000,-12.8360000,-13.5330000,0.000000,0,0,0
19.980,6.3469000,-0.0891000,6.2063000,35.2554000,28.5187000,33.8593000,-43.4200000,-13.0160000,-13.9450000,0.000000,0,0,0
19.990,6.3314000,-0.0867000,6.2087000,35.3088000,28.4653000,34.0576000,-43.4050000,-13.0790000,-14.5560000,0.000000,0,0,0
20.000,6.3242000,-0.0819000,6.2099000,35.4614000,28.4653000,34.1568000,-43.3820000,-12.7470000,-14.4410000,0.000000,0,0,0
20.010,6.3254000,-0.0772000,6.2099000,35.6598000,28.4653000,34.1263000,-43.5560000,-12.9450000,-13.8590000,0.000000,0,0,0
20.020,6.3314000,-0.0724000,6.2111000,35.8658000,28.4348000,33.9966000,-43.1650000,-12.8900000,-14.2320000,0.000000,0,0,0
20.030,6.3409000,-0.0688000,6.2111000,36.0336000,28.4042000,33.7830000,-43.3350000,-12.8520000,-14.1280000,0.000000,0,0,0
20.040,6.3481000,-0.0688000,6.2111000,36.1557000,28.3890000,33.5693000,-43.2940000,-13.1630000,-13.9070000,0.000000,0,0,0
20.050,6.3493000,-0.0748000,6.2111000,36.2244000,28.3966000,33.3939000,-43.5580000,-13.0040000,-13.8350000,0.000000,0,0,0
20.060,6.3469000,-0.0843000,6.2123000,36.2701000,28.3661000,33.3176000,-43.5050000,-13.1380000,-14.2700000,0.000000,0,0,0
20.070,6.3505000,-0.0879000,6.2123000,36.2625000,28.2745000,33.3328000,-43.4520000,-13.0260000,-14.1620000,0.000000,0,0,0
20.080,6.3577000,-0.0855000,6.2111000,36.1938000,28.1830000,33.3557000,-43.7370000,-12.6360000,-13.8310000,0.000000,0,0,0
20.090,6.3661000,-0.0784000,6.2087000,36.0794000,28.0914000,33.3328000,-43.7040000,-12.8540000,-14.4100000,0.000000,0,0,0
20.100,6.3696000,-0.0736000,6.2075000,35.9421000,27.9617000,33.2642000,-43.5930000,-13.0160000,-13.9760000,0.000000,0,0,0
20.110,6.3684000,-0.0700000,6.2075000,35.7590000,27.7176000,33.2031000,-43.9260000,-12.7250000,-13.9570000,0.000000,0,0,0
20.120,6.3684000,-0.0700000,6.2099000,35.6979000,27.5879000,33.2260000,-43.5060000,-12.9800000,-14.1530000,0.000000,0,0,0
20.130,6.3661000,-0.0736000,6.2135000,35.6827000,27.5345000,33.2947000,-43.6260000,-12.8770000,-14.1690000,0.000000,0,0,0
20.140,6.3637000,-0.0796000,6.2135000,35.7285000,27.5650000,33.4091000,-43.4860000,-12.8080000,-13.8650000,0.000000,0,0,0
20.150,6.3637000,-0.0843000,6.2123000,35.7971000,27.6642000,33.5464000,-43.4410000,-12.9510000,-13.5780000,0.000000,0,0,0
20.160,6.3637000,-0.0867000,6.2123000,35.8429000,27.7481000,33.7143000,-43.1580000,-12.6870000,-13.4280000,0.000000,0,0,0
20.170,6.3613000,-0.0867000,6.2123000,35.8734000,27.8091000,33.8745000,-43.5890000,-12.9550000,-13.8930000,0.000000,0,0,0
20.180,6.3577000,-0.0831000,6.2123000,35.8658000,27.8320000,33.9890000,-43.5240000,-12.8970000,-13.8860000,0.000000,0,0,0
20.190,6.3529000,-0.0819000,6.2111000,35.8200000,27.8091000,34.0500000,-43.6370000,-13.0400000,-14.1710000,0.000000,0,0,0
20.200,6.3493000,-0.0807000,6.2123000,35.7742000,27.7328000,34.0881000,-43.3680000,-12.9130000,-13.7150000,0.000000,0,0,0
20.210,6.3493000,-0.0807000,6.2135000,35.7590000,27.6794000,34.1187000,-43.5670000,-12.9040000,-14.0070000,0.000000,0,0,0
20.220,6.3493000,-0.0855000,6.2147000,35.7513000,27.6947000,34.1492000,-43.5940000,-12.8600000,-13.7400000,0.000000,0,0,0
20.230,6.3529000,-0.0915000,6.2147000,35.7513000,27.7328000,34.1949000,-43.5330000,-12.6620000,-14.1460000,0.000000,0,0,0
20.240,6.3577000,-0.0975000,6.2135000,35.7666000,27.7710000,34.2484000,-43.6170000,-12.7760000,-13.7840000,0.000000,0,0,0
20.250,6.3601000,-0.1011000,6.2123000,35.7895000,27.7786000,34.2636000,-43.6300000,-12.7660000,-13.8430000,0.000000,0,0,0
20.260,6.3601000,-0.0999000,6.2111000,35.7895000,27.7405000,34.2407000,-43.1350000,-12.6570000,-13.7640000,0.000000,0,0,0
20.270,6.3601000,-0.0963000,6.2087000,35.7666000,27.6871000,34.1568000,-43.6450000,-12.7450000,-13.8460000,0.000000,0,0,0
20.280,6.3613000,-0.0891000,6.2075000,35.7285000,27.6794000,33.9890000,-43.6100000,-12.8900000,-14.7740000,0.000000,0,0,0
20.290,6.3625000,-0.0831000,6.2063000,35.6827000,27.7100000,33.7906000,-43.4260000,-12.6620000,-14.2020000,0.000000,0,0,0
20.300,6.3565000,-0.0819000,6.2075000,35.6522000,27.7481000,33.6380000,-43.7210000,-12.7930000,-14.4210000,0.000000,0,0,0
20.310,6.3505000,-0.0807000,6.2111000,35.6445000,27.7328000,33.5922000,-43.7840000,-12.6260000,-13.6310000,0.000000,0,0,0
20.320,6.3457000,-0.0819000,6.2123000,35.6522000,27.6566000,33.6380000,-43.5260000,-12.7050000,-13.7730000,0.000000,0,0,0
20.330,6.3445000,-0.0843000,6.2123000,35.6979000,27.5726000,33.7219000,-43.3040000,-12.9860000,-13.7740000,0.000000,0,0,0
20.340,6.3481000,-0.0891000,6.2099000,35.7437000,27.5650000,33.7601000,-43.2970000,-13.0870000,-14.2360000,0.000000,0,0,0
20.350,6.3529000,-0.0927000,6.2052000,35.7742000,27.6184000,33.7296000,-43.3890000,-12.9690000,-13.5070000,0.000000,0,0,0
20.360,6.3601000,-0.0975000,6.2028000,35.7666000,27.7100000,33.6456000,-43.5180000,-12.9490000,-13.9890000,0.000000,0,0,0
20.370,6.3672000,-0.1023000,6.2040000,35.7437000,27.8320000,33.5159000,-43.7840000,-12.9140000,-13.4830000,0.000000,0,0,0
20.380,6.3684000,-0.1083000,6.2052000,35.7132000,27.9312000,33.3786000,-43.4260000,-13.0290000,-14.0290000,0.000000,0,0,0
20.390,6.3649000,-0.1130000,6.2052000,35.7132000,27.9770000,33.3099000,-43.6390000,-12.9060000,-13.6910000,0.000000,0,0,0
20.400,6.3577000,-0.1166000,6.2075000,35.7437000,27.9694000,33.3481000,-43.6930000,-12.8870000,-13.7610000,0.000000,0,0,0
20.410,6.3517000,-0.1154000,6.2087000,35.8124000,27.9312000,33.4702000,-43.6780000,-13.0090000,-14.1110000,0.000000,0,0,0
20.420,6.3469000,-0.1119000,6.2099000,35.8963000,27.8931000,33.5999000,-43.0420000,-13.0100000,-13.1750000,0.000000,0,0,0
20.430,6.3481000,-0.1047000,6.2111000,35.9726000,27.9007000,33.6990000,-43.3200000,-12.7710000,-13.7260000,0.000000,0,0,0
20.440,6.3541000,-0.0987000,6.2087000,36.0107000,27.9083000,33.7372000,-43.3860000,-12.5500000,-13.4570000,0.000000,0,0,0
20.450,6.3613000,-0.0915000,6.2075000,35.9726000,27.8931000,33.7143000,-43.4330000,-12.9490000,-13.9510000,0.000000,0,0,0
20.460,6.3649000,-0.0867000,6.2075000,35.8658000,27.8702000,33.6380000,-43.4930000,-13.0390000,-14.2620000,0.000000,0,0,0
20.470,6.3637000,-0.0843000,6.2099000,35.7437000,27.8549000,33.5464000,-43.7730000,-13.1830000,-14.2000000,0.000000,0,0,0
20.480,6.3589000,-0.0831000,6.2135000,35.6750000,27.8473000,33.4854000,-43.4180000,-12.9840000,-13.8820000,0.000000,0,0,0
20.490,6.3517000,-0.0819000,6.2147000,35.6827000,27.8625000,33.4625000,-43.4820000,-13.3520000,-13.4520000,0.000000,0,0,0
20.500,6.3469000,-0.0796000,6.2159000,35.7590000,27.9160000,33.4702000,-43.5550000,-12.8640000,-12.9800000,0.000000,0,0,0
20.510,6.3433000,-0.0772000,6.2159000,35.8734000,27.9770000,33.4930000,-43.3980000,-12.6640000,-13.3000000,0.000000,0,0,0
20.520,6.3421000,-0.0748000,6.2159000,36.0031000,28.0380000,33.5236000,-43.0320000,-13.1080000,-13.3690000,0.000000,0,0,0
20.530,6.3445000,-0.0748000,6.2147000,36.1252000,28.0838000,33.5693000,-43.5800000,-13.1700000,-14.2260000,0.000000,0,0,0
20.540,6.3505000,-0.0748000,6.2147000,36.1862000,28.1219000,33.6304000,-43.5230000,-13.0480000,-13.7080000,0.000000,0,0,0
20.550,6.3577000,-0.0772000,6.2123000,36.1862000,28.1372000,33.7143000,-43.7020000,-13.0910000,-13.9910000,0.000000,0,0,0
20.560,6.3672000,-0.0819000,6.2087000,36.1481000,28.1143000,33.8287000,-43.3110000,-12.9130000,-13.7830000,0.000000,0,0,0
20.570,6.3780000,-0.0843000,6.2075000,36.0794000,28.0685000,33.9432000,-43.5960000,-12.8100000,-13.9790000,0.000000,0,0,0
20.580,6.3900000,-0.0879000,6.2063000,35.9955000,28.0228000,34.0195000,-43.4030000,-12.9850000,-13.7390000,0.000000,0,0,0
20.590,6.3948000,-0.0915000,6.2063000,35.9039000,27.9846000,34.0347000,-43.6290000,-13.2610000,-14.1000000,0.000000,0,0,0
20.600,6.3912000,-0.0963000,6.2052000,35.8505000,27.9694000,34.0118000,-43.7460000,-12.7740000,-13.7380000,0.000000,0,0,0
20.610,6.3804000,-0.1023000,6.2040000,35.8047000,27.9694000,33.9661000,-43.8980000,-13.0280000,-13.9320000,0.000000,0,0,0
20.620,6.3661000,-0.1023000,6.2063000,35.7895000,27.9388000,33.9050000,-43.4230000,-12.9180000,-14.0900000,0.000000,0,0,0
20.630,6.3517000,-0.0987000,6.2087000,35.7895000,27.9007000,33.8440000,-43.8210000,-13.1030000,-13.6270000,0.000000,0,0,0
20.640,6.3397000,-0.0915000,6.2111000,35.7819000,27.8702000,33.7524000,-43.7380000,-13.0690000,-13.6800000,0.000000,0,0,0
20.650,6.3290000,-0.0879000,6.2147000,35.7971000,27.7557000,33.6151000,-43.6750000,-12.9970000,-13.8670000,0.000000,0,0,0
20.660,6.3290000,-0.0891000,6.2171000,35.8429000,27.6566000,33.5617000,-43.5690000,-12.6540000,-14.3620000,0.000000,0,0,0
20.670,6.3314000,-0.0927000,6.2183000,35.9039000,27.5879000,33.5541000,-43.7890000,-13.0620000,-14.3460000,0.000000,0,0,0
20.680,6.3409000,-0.0975000,6.2147000,35.9497000,27.5726000,33.5770000,-43.6880000,-13.0400000,-13.3440000,0.000000,0,0,0
20.690,6.3517000,-0.1035000,6.2123000,35.9650000,27.5726000,33.6151000,-43.5410000,-13.3810000,-14.1380000,0.000000,0,0,0
20.700,6.3625000,-0.1059000,6.2099000,35.9497000,27.5955000,33.6533000,-43.5010000,-13.0680000,-14.4180000,0.000000,0,0,0
20.710,6.3684000,-0.1059000,6.2075000,35.9192000,27.6413000,33.6533000,-43.5990000,-12.7570000,-14.3240000,0.000000,0,0,0
20.720,6.3684000,-0.1035000,6.2063000,35.8734000,27.7176000,33.6304000,-43.5920000,-12.8430000,-13.9110000,0.000000,0,0,0
20.730,6.3637000,-0.0999000,6.2052000,35.8200000,27.7863000,33.5922000,-43.3390000,-13.1360000,-14.6430000,0.000000,0,0,0
20.740,6.3589000,-0.0975000,6.2040000,35.7590000,27.8015000,33.5922000,-43.2610000,-12.8570000,-14.5330000,0.000000,0,0,0
20.750,6.3577000,-0.0951000,6.2052000,35.7132000,27.7557000,33.6456000,-43.5270000,-12.8280000,-14.3620000,0.000000,0,0,0
20.760,6.3589000,-0.0987000,6.2075000,35.6827000,27.7252000,33.7219000,-43.3690000,-12.9790000,-14.3060000,0.000000,0,0,0
20.770,6.3637000,-0.1023000,6.2087000,35.6979000,27.7481000,33.8135000,-43.5070000,-13.1820000,-14.0180000,0.000000,0,0,0
20.780,6.3684000,-0.1035000,6.2099000,35.7361000,27.8168000,33.9127000,-43.4540000,-12.8900000,-14.7750000,0.000000,0,0,0
20.790,6.3684000,-0.1023000,6.2087000,35.7895000,27.8931000,33.9813000,-43.2440000,-12.7310000,-15.7160000,0.000000,0,0,0
20.800,6.3637000,-0.0999000,6.2063000,35.8276000,27.9465000,34.0042000,-43.0740000,-12.9410000,-14.8980000,0.000000,0,0,0
20.810,6.3589000,-0.0951000,6.2052000,35.8276000,27.9617000,33.9737000,-43.0200000,-12.9090000,-14.8200000,0.000000,0,0,0
20.820,6.3565000,-0.0867000,6.2052000,35.7971000,27.9465000,33.8821000,-43.5980000,-12.9650000,-14.4520000,0.000000,0,0,0
20.830,6.3553000,-0.0831000,6.2063000,35.7361000,27.9083000,33.7524000,-43.4800000,-12.7890000,-14.0570000,0.000000,0,0,0
20.840,6.3529000,-0.0831000,6.2075000,35.7132000,27.8625000,33.6380000,-43.4310000,-12.8890000,-14.3330000,0.000000,0,0,0
20.850,6.3493000,-0.0867000,6.2099000,35.7437000,27.8320000,33.5693000,-43.2920000,-13.1110000,-14.6600000,0.000000,0,0,0
20.860,6.3457000,-0.0927000,6.2111000,35.8124000,27.8244000,33.5541000,-43.4100000,-12.8180000,-14.3880000,0.000000,0,0,0
20.870,6.3445000,-0.0963000,6.2111000,35.9039000,27.8015000,33.5846000,-43.2010000,-12.8240000,-14.5230000,0.000000,0,0,0
20.880,6.3493000,-0.0987000,6.2099000,35.9879000,27.7786000,33.6227000,-43.0930000,-12.7220000,-14.4220000,0.000000,0,0,0
20.890,6.3589000,-0.1023000,6.2063000,36.0184000,27.7481000,33.6227000,-43.5330000,-12.7900000,-14.2030000,0.000000,0,0,0
20.900,6.3708000,-0.1095000,6.2028000,35.9955000,27.7100000,33.5922000,-43.5910000,-12.8640000,-13.7240000,0.000000,0,0,0
20.910,6.3840000,-0.1154000,6.2004000,35.9421000,27.7252000,33.5083000,-43.5570000,-12.9000000,-13.7020000,0.000000,0,0,0
20.920,6.3960000,-0.1202000,6.1992000,35.8658000,27.7939000,33.4015000,-43.5080000,-12.8520000,-13.6340000,0.000000,0,0,0
20.930,6.3984000,-0.1214000,6.2016000,35.7971000,27.8854000,33.3023000,-43.5520000,-12.8230000,-13.7610000,0.000000,0,0,0
20.940,6.3876000,-0.1166000,6.2040000,35.7666000,27.9770000,33.2489000,-43.4240000,-12.8820000,-14.0250000,0.000000,0,0,0
20.950,6.3672000,-0.1083000,6.2087000,35.7742000,28.0151000,33.2870000,-43.5840000,-12.8200000,-14.1140000,0.000000,0,0,0
20.960,6.3457000,-0.0987000,6.2111000,35.8124000,27.9846000,33.3862000,-43.6420000,-12.5700000,-14.2430000,0.000000,0,0,0
20.970,6.3302000,-0.0903000,6.2111000,35.8353000,27.8854000,33.4930000,-43.4680000,-12.6690000,-13.8450000,0.000000,0,0,0
20.980,6.3254000,-0.0843000,6.2111000,35.8429000,27.8015000,33.5770000,-43.2720000,-12.9680000,-14.4400000,0.000000,0,0,0
20.990,6.3326000,-0.0843000,6.2099000,35.8200000,27.7481000,33.6227000,-43.5140000,-13.0590000,-14.2340000,0.000000,0,0,0
21.000,6.3469000,-0.0915000,6.2075000,35.7819000,27.6947000,33.6456000,-43.4480000,-12.9140000,-14.1730000,0.000000,0,0,0
21.010,6.3637000,-0.0987000,6.2052000,35.7361000,27.6566000,33.6609000,-43.6800000,-12.9330000,-14.1440000,0.000000,0,0,0
21.020,6.3792000,-0.1071000,6.2028000,35.6979000,27.6489000,33.6533000,-43.3920000,-12.8950000,-14.0910000,0.000000,0,0,0
21.030,6.3864000,-0.1130000,6.2016000,35.6979000,27.6718000,33.6151000,-43.6390000,-12.9410000,-14.3760000,0.000000,0,0,0
21.040,6.3816000,-0.1142000,6.2040000,35.7437000,27.7634000,33.5464000,-43.6460000,-12.9540000,-13.9220000,0.000000,0,0,0
21.050,6.3649000,-0.1095000,6.2063000,35.8124000,27.8854000,33.4778000,-43.3190000,-12.6990000,-14.3750000,0.000000,0,0,0
21.060,6.3445000,-0.0963000,6.2099000,35.9039000,28.0075000,33.4320000,-43.1690000,-12.7340000,-14.1780000,0.000000,0,0,0
21.070,6.3314000,-0.0819000,6.2111000,35.9802000,28.0838000,33.4396000,-43.3170000,-12.7310000,-14.0580000,0.000000,0,0,0
21.080,6.3266000,-0.0724000,6.2099000,36.0260000,28.0762000,33.4930000,-43.5560000,-12.5410000,-13.4140000,0.000000,0,0,0
21.090,6.3338000,-0.0688000,6.2087000,36.0031000,27.9770000,33.5846000,-43.5080000,-12.7790000,-13.7170000,0.000000,0,0,0
21.100,6.3481000,-0.0712000,6.2063000,35.9421000,27.8015000,33.7143000,-43.2880000,-12.8040000,-13.4910000,0.000000,0,0,0
21.110,6.3649000,-0.0796000,6.2028000,35.8963000,27.6184000,33.8593000,-43.2310000,-12.8110000,-14.0390000,0.000000,0,0,0
21.120,6.3804000,-0.0867000,6.2004000,35.8810000,27.5345000,33.9584000,-43.1290000,-12.7800000,-14.0610000,0.000000,0,0,0
21.130,6.3864000,-0.0915000,6.2016000,35.8887000,27.6031000,33.9813000,-43.3710000,-13.0440000,-14.3400000,0.000000,0,0,0
21.140,6.3816000,-0.0963000,6.2028000,35.9192000,27.7557000,33.9737000,-43.4610000,-13.0210000,-14.3400000,0.000000,0,0,0
21.150,6.3720000,-0.0987000,6.2040000,35.9573000,27.8625000,34.0118000,-43.3020000,-12.7030000,-14.4320000,0.000000,0,0,0
21.160,6.3672000,-0.0987000,6.2052000,35.9726000,27.8854000,34.0805000,-43.4080000,-12.7870000,-14.0060000,0.000000,0,0,0
21.170,6.3684000,-0.0987000,6.2063000,35.9344000,27.8549000,34.1492000,-43.5970000,-12.8400000,-14.4420000,0.000000,0,0,0
21.180,6.3696000,-0.1023000,6.2087000,35.8658000,27.8244000,34.2102000,-43.0850000,-12.9240000,-14.0430000,0.000000,0,0,0
21.190,6.3720000,-0.1154000,6.2075000,35.7590000,27.8168000,34.2941000,-43.2630000,-12.7210000,-14.1780000,0.000000,0,0,0
21.200,6.3684000,-0.1238000,6.2075000,35.7208000,27.8549000,34.3018000,-43.4570000,-13.0810000,-14.1270000,0.000000,0,0,0
21.210,6.3613000,-0.1262000,6.2075000,35.7132000,27.9160000,34.2407000,-43.2370000,-12.9320000,-14.4830000,0.000000,0,0,0
21.220,6.3493000,-0.1226000,6.2099000,35.7285000,27.9770000,34.1415000,-43.2870000,-13.0680000,-14.3880000,0.000000,0,0,0
21.230,6.3373000,-0.1154000,6.2123000,35.7437000,27.9922000,34.0424000,-43.2390000,-12.7540000,-13.7070000,0.000000,0,0,0
21.240,6.3278000,-0.1095000,6.2123000,35.7437000,27.9312000,33.9737000,-43.4590000,-12.6940000,-13.6300000,0.000000,0,0,0
21.250,6.3266000,-0.1071000,6.2111000,35.7437000,27.8091000,33.9584000,-43.6300000,-12.8670000,-13.8790000,0.000000,0,0,0
21.260,6.3338000,-0.1107000,6.2111000,35.7513000,27.6718000,33.9813000,-43.3720000,-12.9460000,-14.8070000,0.000000,0,0,0
21.270,6.3493000,-0.1166000,6.2087000,35.7742000,27.6031000,34.0118000,-43.5530000,-12.9850000,-13.6880000,0.000000,0,0,0
21.280,6.3637000,-0.1214000,6.2075000,35.8124000,27.6337000,33.9966000,-43.7650000,-12.7790000,-14.5670000,0.000000,0,0,0
21.290,6.3708000,-0.1214000,6.2087000,35.8582000,27.7557000,33.9432000,-43.6820000,-12.9260000,-14.4000000,0.000000,0,0,0
21.300,6.3684000,-0.1142000,6.2087000,35.9039000,27.8931000,33.8745000,-43.3700000,-12.8210000,-14.2680000,0.000000,0,0,0
21.310,6.3577000,-0.1023000,6.2099000,35.9344000,27.9541000,33.8135000,-43.6100000,-12.7600000,-14.1770000,0.000000,0,0,0
21.320,6.3445000,-0.0915000,6.2099000,35.9650000,27.8778000,33.7677000,-43.2360000,-12.7430000,-14.4880000,0.000000,0,0,0
21.330,6.3373000,-0.0819000,6.2087000,35.9802000,27.6718000,33.7524000,-43.3830000,-12.7490000,-14.7090000,0.000000,0,0,0
21.340,6.3373000,-0.0843000,6.2075000,35.9650000,27.3895000,33.7296000,-43.3340000,-12.7910000,-14.3960000,0.000000,0,0,0
21.350,6.3457000,-0.0927000,6.2052000,35.9573000,27.0996000,33.6990000,-43.6000000,-12.9580000,-14.1440000,0.000000,0,0,0
21.360,6.3601000,-0.1059000,6.2028000,35.9497000,26.9089000,33.6380000,-43.4880000,-12.9330000,-14.4520000,0.000000,0,0,0
21.370,6.3732000,-0.1202000,6.2004000,35.9497000,26.8707000,33.5617000,-43.6110000,-13.0130000,-13.7380000,0.000000,0,0,0
21.380,6.3804000,-0.1286000,6.1992000,35.9573000,26.9928000,33.4778000,-43.4160000,-12.8810000,-13.8480000,0.000000,0,0,0
21.390,6.3756000,-0.1346000,6.2004000,35.9726000,27.1835000,33.4473000,-43.2820000,-13.1140000,-13.4030000,0.000000,0,0,0
21.400,6.3696000,-0.1358000,6.2016000,35.9879000,27.3209000,33.5388000,-43.6180000,-13.0490000,-14.1140000,0.000000,0,0,0
21.410,6.3696000,-0.1262000,6.2016000,35.9955000,27.3895000,33.7143000,-43.5190000,-13.0350000,-13.8170000,0.000000,0,0,0
21.420,6.3744000,-0.1154000,6.2004000,36.0107000,27.4429000,33.8364000,-43.5130000,-13.3690000,-14.1600000,0.000000,0,0,0
21.430,6.3828000,-0.1059000,6.1968000,36.0107000,27.4811000,33.8593000,-43.4080000,-12.9020000,-13.7590000,0.000000,0,0,0
21.440,6.3900000,-0.1035000,6.1932000,36.0184000,27.4887000,33.8135000,-43.4390000,-13.0340000,-13.3760000,0.000000,0,0,0
21.450,6.3948000,-0.1059000,6.1920000,36.0489000,27.5116000,33.7296000,-43.6880000,-12.9610000,-13.7870000,0.000000,0,0,0
21.460,6.3972000,-0.1119000,6.1920000,36.0870000,27.5879000,33.6456000,-43.7670000,-13.1130000,-14.0770000,0.000000,0,0,0
21.470,6.3912000,-0.1154000,6.1920000,36.1176000,27.6947000,33.5846000,-43.5500000,-12.8140000,-13.7700000,0.000000,0,0,0
21.480,6.3828000,-0.1154000,6.1932000,36.1252000,27.8168000,33.5846000,-43.5820000,-13.0130000,-14.1190000,0.000000,0,0,0
21.490,6.3732000,-0.1142000,6.1932000,36.0718000,27.9160000,33.6380000,-43.5710000,-12.9730000,-14.4010000,0.000000,0,0,0
21.500,6.3672000,-0.1107000,6.1920000,35.9879000,27.9617000,33.7372000,-43.7730000,-12.9590000,-14.2690000,0.000000,0,0,0
21.510,6.3649000,-0.1047000,6.1920000,35.8963000,27.9770000,33.8211000,-43.9850000,-13.1940000,-14.2430000,0.000000,0,0,0
21.520,6.3613000,-0.1011000,6.1944000,35.8200000,27.9770000,33.8898000,-43.3880000,-13.1560000,-13.5970000,0.000000,0,0,0
21.530,6.3565000,-0.0987000,6.1968000,35.7742000,27.9846000,33.9508000,-43.7030000,-12.9470000,-13.5120000,0.000000,0,0,0
21.540,6.3517000,-0.0999000,6.1992000,35.7666000,27.9770000,34.0271000,-43.4110000,-13.1560000,-13.7700000,0.000000,0,0,0
21.550,6.3505000,-0.1011000,6.2004000,35.7819000,27.9236000,34.1034000,-43.8510000,-13.2310000,-14.0330000,0.000000,0,0,0
21.560,6.3541000,-0.1035000,6.2016000,35.8047000,27.8091000,34.1415000,-43.5710000,-13.2520000,-13.9680000,0.000000,0,0,0
21.570,6.3613000,-0.1059000,6.2004000,35.8124000,27.6566000,34.1339000,-43.4390000,-13.0770000,-13.7920000,0.000000,0,0,0
21.580,6.3684000,-0.1142000,6.2004000,35.8200000,27.5269000,34.0424000,-43.4270000,-13.1650000,-13.6340000,0.000000,0,0,0
21.590,6.3732000,-0.1238000,6.1992000,35.8200000,27.4658000,33.8898000,-43.2250000,-13.0860000,-13.1990000,0.000000,0,0,0
21.600,6.3744000,-0.1334000,6.1992000,35.8353000,27.4582000,33.7448000,-43.3630000,-12.9920000,-13.1710000,0.000000,0,0,0
21.610,6.3756000,-0.1430000,6.1968000,35.8734000,27.5421000,33.6227000,-43.4100000,-13.3270000,-13.5090000,0.000000,0,0,0
21.620,6.3768000,-0.1465000,6.1956000,35.9192000,27.6794000,33.5312000,-43.4220000,-12.9520000,-13.6370000,0.000000,0,0,0
21.630,6.3792000,-0.1406000,6.1956000,35.9421000,27.8549000,33.4702000,-43.3110000,-13.2440000,-13.8340000,0.000000,0,0,0
21.640,6.3792000,-0.1334000,6.1968000,35.9497000,28.0380000,33.4396000,-43.2000000,-12.9170000,-13.7110000,0.000000,0,0,0
21.650,6.3756000,-0.1238000,6.1968000,35.9344000,28.1754000,33.4549000,-43.2100000,-12.9040000,-13.8760000,0.000000,0,0,0
21.660,6.3696000,-0.1130000,6.1968000,35.8963000,28.2288000,33.5617000,-43.3710000,-13.1450000,-13.9890000,0.000000,0,0,0
21.670,6.3661000,-0.1071000,6.1956000,35.8505000,28.1296000,33.7524000,-43.5390000,-13.0120000,-13.7280000,0.000000,0,0,0
21.680,6.3708000,-0.1035000,6.1932000,35.7895000,27.9541000,33.9508000,-43.3820000,-13.1420000,-13.8610000,0.000000,0,0,0
21.690,6.3768000,-0.1047000,6.1920000,35.7132000,27.7634000,34.0729000,-43.5480000,-13.2800000,-13.6850000,0.000000,0,0,0
21.700,6.3780000,-0.1107000,6.1920000,35.6445000,27.6184000,34.1110000,-43.4700000,-13.2090000,-13.3520000,0.000000,0,0,0
21.710,6.3744000,-0.1154000,6.1932000,35.6064000,27.5269000,34.0729000,-43.3890000,-13.0120000,-14.1310000,0.000000,0,0,0
21.720,6.3661000,-0.1190000,6.1944000,35.6140000,27.4582000,33.9966000,-43.3850000,-13.1730000,-14.3520000,0.000000,0,0,0
21.730,6.3577000,-0.1226000,6.1968000,35.6979000,27.3666000,33.8821000,-43.2480000,-12.9790000,-14.8150000,0.000000,0,0,0
21.740,6.3505000,-0.1226000,6.1980000,35.8353000,27.2751000,33.7372000,-43.1590000,-13.0400000,-14.1990000,0.000000,0,0,0
21.750,6.3481000,-0.1226000,6.1992000,36.0031000,27.1378000,33.5159000,-43.2040000,-13.2510000,-14.2880000,0.000000,0,0,0
21.760,6.3541000,-0.1238000,6.1980000,36.0641000,27.0615000,33.3786000,-43.3550000,-13.1790000,-13.9980000,0.000000,0,0,0
21.770,6.3661000,-0.1250000,6.1956000,36.0947000,27.0691000,33.2336000,-43.6460000,-13.1210000,-13.9740000,0.000000,0,0,0
21.780,6.3828000,-0.1262000,6.1908000,36.0870000,27.2064000,33.0582000,-43.1050000,-12.8500000,-14.3430000,0.000000,0,0,0
21.790,6.4031000,-0.1286000,6.1860000,36.1328000,27.4429000,32.8293000,-43.3500000,-13.0080000,-14.3630000,0.000000,0,0,0
21.800,6.4211000,-0.1274000,6.1800000,36.2091000,27.7634000,32.5699000,-43.0050000,-13.1310000,-14.4680000,0.000000,0,0,0
21.810,6.4271000,-0.1238000,6.1788000,36.2549000,28.0991000,32.3334000,-43.2080000,-12.9960000,-14.2780000,0.000000,0,0,0
21.820,6.4175000,-0.1178000,6.1788000,36.1862000,28.3127000,32.2266000,-43.2450000,-13.0980000,-14.7740000,0.000000,0,0,0
21.830,6.4043000,-0.1071000,6.1800000,36.0184000,28.3127000,32.2876000,-43.5690000,-12.9500000,-13.8300000,0.000000,0,0,0
21.840,6.3900000,-0.0915000,6.1824000,35.7437000,28.1525000,32.4860000,-43.4300000,-12.9250000,-13.7590000,0.000000,0,0,0
21.850,6.3708000,-0.0843000,6.1860000,35.4691000,27.9770000,32.7454000,-43.6640000,-13.2960000,-13.6250000,0.000000,0,0,0
21.860,6.3541000,-0.0807000,6.1896000,35.2859000,27.8702000,33.0276000,-43.5120000,-12.6760000,-14.1810000,0.000000,0,0,0
21.870,6.3457000,-0.0807000,6.1920000,35.2097000,27.8320000,33.3252000,-43.3420000,-12.6650000,-14.2010000,0.000000,0,0,0
21.880,6.3469000,-0.0843000,6.1956000,35.2249000,27.8320000,33.6380000,-43.4750000,-12.7680000,-14.3090000,0.000000,0,0,0
21.890,6.3505000,-0.0927000,6.1968000,35.2631000,27.8625000,33.9203000,-43.3210000,-12.5420000,-14.2190000,0.000000,0,0,0
21.900,6.3577000,-0.1035000,6.1956000,35.3241000,27.8854000,34.1339000,-43.3290000,-12.9100000,-14.6380000,0.000000,0,0,0
21.910,6.3613000,-0.1142000,6.1920000,35.3928000,27.8473000,34.2484000,-43.4240000,-12.5230000,-13.8720000,0.000000,0,0,0
21.920,6.3649000,-0.1214000,6.1908000,35.4309000,27.8015000,34.2560000,-43.3110000,-12.7760000,-14.4050000,0.000000,0,0,0
21.930,6.3696000,-0.1238000,6.1908000,35.4614000,27.7710000,34.1415000,-43.3940000,-12.8600000,-14.1470000,0.000000,0,0,0
21.940,6.3732000,-0.1274000,6.1908000,35.4919000,27.7863000,33.9584000,-43.6290000,-12.8500000,-14.2790000,0.000000,0,0,0
21.950,6.3780000,-0.1298000,6.1920000,35.5453000,27.8397000,33.7753000,-43.4990000,-12.8990000,-14.3140000,0.000000,0,0,0
21.960,6.3828000,-0.1286000,6.1944000,35.6064000,27.9694000,33.6227000,-43.5670000,-12.6440000,-14.0670000,0.000000,0,0,0
21.970,6.3852000,-0.1238000,6.1956000,35.6827000,28.1219000,33.5464000,-43.4940000,-12.9890000,-14.6810000,0.000000,0,0,0
21.980,6.3816000,-0.1178000,6.1944000,35.7513000,28.2288000,33.5617000,-43.4110000,-13.0630000,-13.7900000,0.000000,0,0,0
21.990,6.3732000,-0.1119000,6.1932000,35.8124000,28.2516000,33.6609000,-43.5820000,-12.9540000,-14.6910000,0.000000,0,0,0
22.000,6.3661000,-0.1035000,6.1920000,35.8582000,28.2211000,33.8135000,-43.7370000,-13.4910000,-14.6520000,0.000000,0,0,0
22.010,6.3613000,-0.0951000,6.1920000,35.8887000,28.1982000,33.9432000,-43.6770000,-13.3520000,-14.4990000,0.000000,0,0,0
22.020,6.3637000,-0.0891000,6.1920000,35.8734000,28.1754000,34.0118000,-43.6750000,-12.9260000,-13.9910000,0.000000,0,0,0
22.030,6.3732000,-0.0867000,6.1920000,35.8353000,28.1296000,33.9966000,-43.7280000,-12.9430000,-14.3320000,0.000000,0,0,0
22.040,6.3828000,-0.0891000,6.1920000,35.7742000,28.1067000,33.9203000,-43.3150000,-12.9090000,-14.3080000,0.000000,0,0,0
22.050,6.3900000,-0.0987000,6.1920000,35.7056000,28.0914000,33.8364000,-43.5400000,-12.9480000,-14.1680000,0.000000,0,0,0
22.060,6.3900000,-0.1107000,6.1920000,35.6674000,28.0685000,33.8211000,-43.3890000,-12.7670000,-14.2380000,0.000000,0,0,0
22.070,6.3840000,-0.1226000,6.1932000,35.6674000,28.0075000,33.8898000,-43.4480000,-13.2860000,-14.1490000,0.000000,0,0,0
22.080,6.3720000,-0.1298000,6.1944000,35.7132000,27.9617000,34.0042000,-43.4480000,-12.8760000,-14.5130000,0.000000,0,0,0
22.090,6.3589000,-0.1334000,6.1980000,35.7895000,27.9160000,34.0958000,-43.4790000,-12.9360000,-14.8890000,0.000000,0,0,0
22.100,6.3493000,-0.1298000,6.1992000,35.8582000,27.8549000,34.1263000,-43.7840000,-12.8260000,-14.4950000,0.000000,0,0,0
22.110,6.3469000,-0.1274000,6.1992000,35.8658000,27.7863000,34.0958000,-43.4530000,-13.1260000,-13.7950000,0.000000,0,0,0
22.120,6.3517000,-0.1298000,6.1980000,35.8200000,27.7252000,33.9966000,-43.3900000,-13.1140000,-14.6290000,0.000000,0,0,0
22.130,6.3649000,-0.1370000,6.1968000,35.7742000,27.7176000,33.8821000,-43.5730000,-12.9660000,-14.0830000,0.000000,0,0,0
22.140,6.3792000,-0.1430000,6.1956000,35.7513000,27.7863000,33.7677000,-43.5620000,-12.9420000,-14.0680000,0.000000,0,0,0
22.150,6.3876000,-0.1489000,6.1956000,35.7513000,27.8778000,33.6990000,-43.2200000,-13.1520000,-14.3700000,0.000000,0,0,0
22.160,6.3864000,-0.1489000,6.1944000,35.7819000,27.9617000,33.6914000,-43.2910000,-12.9130000,-13.3510000,0.000000,0,0,0
22.170,6.3816000,-0.1442000,6.1932000,35.8276000,28.0075000,33.7296000,-43.4810000,-12.7380000,-13.9870000,0.000000,0,0,0
22.180,6.3768000,-0.1346000,6.1932000,35.8658000,28.0304000,33.7601000,-43.5220000,-13.0300000,-14.3770000,0.000000,0,0,0
22.190,6.3732000,-0.1226000,6.1932000,35.8810000,28.0075000,33.7601000,-43.4470000,-13.2930000,-14.4490000,0.000000,0,0,0
22.200,6.3708000,-0.1130000,6.1932000,35.8429000,27.9694000,33.7143000,-43.2670000,-12.8390000,-14.7340000,0.000000,0,0,0
22.210,6.3696000,-0.1059000,6.1944000,35.7742000,27.9541000,33.6304000,-43.4290000,-12.7070000,-14.4350000,0.000000,0,0,0
22.220,6.3672000,-0.1047000,6.1956000,35.7208000,27.9694000,33.5388000,-43.5620000,-12.7890000,-13.9130000,0.000000,0,0,0
22.230,6.3661000,-0.1047000,6.1968000,35.7056000,28.0380000,33.4854000,-43.3650000,-12.8580000,-14.4300000,0.000000,0,0,0
22.240,6.3637000,-0.1083000,6.1980000,35.7132000,28.1219000,33.4930000,-43.5460000,-13.0470000,-14.6020000,0.000000,0,0,0
22.250,6.3637000,-0.1130000,6.1992000,35.7590000,28.1601000,33.5693000,-43.4780000,-12.8850000,-14.3170000,0.000000,0,0,0
22.260,6.3637000,-0.1190000,6.2004000,35.7895000,28.1219000,33.7067000,-43.1280000,-12.6850000,-14.6170000,0.000000,0,0,0
22.270,6.3661000,-0.1238000,6.1992000,35.7819000,28.0685000,33.8211000,-43.5060000,-12.8060000,-14.3930000,0.000000,0,0,0
22.280,6.3708000,-0.1274000,6.1980000,35.7437000,28.0762000,33.8440000,-43.5880000,-12.9470000,-14.3330000,0.000000,0,0,0
22.290,6.3744000,-0.1298000,6.1980000,35.6903000,28.1830000,33.7524000,-43.5970000,-13.0400000,-14.0330000,0.000000,0,0,0
22.300,6.3756000,-0.1322000,6.1992000,35.6445000,28.3432000,33.6075000,-43.2530000,-12.9690000,-14.4710000,0.000000,0,0,0
22.310,6.3756000,-0.1322000,6.1992000,35.6140000,28.5034000,33.4625000,-43.3200000,-12.8560000,-13.7820000,0.000000,0,0,0
22.320,6.3768000,-0.1322000,6.1992000,35.5530000,28.7170000,33.3405000,-43.3970000,-12.8620000,-13.3970000,0.000000,0,0,0
22.330,6.3708000,-0.1358000,6.2016000,35.4919000,28.7933000,33.3633000,-43.0550000,-13.0500000,-14.3440000,0.000000,0,0,0
22.340,6.3637000,-0.1370000,6.2040000,35.4233000,28.8010000,33.4930000,-43.2220000,-13.0750000,-14.7020000,0.000000,0,0,0
22.350,6.3565000,-0.1346000,6.2075000,35.3317000,28.6942000,33.6914000,-43.2180000,-12.9330000,-14.4050000,0.000000,0,0,0
22.360,6.3493000,-0.1346000,6.2111000,35.2325000,28.4805000,33.9127000,-43.5550000,-12.7270000,-14.0910000,0.000000,0,0,0
22.370,6.3469000,-0.1358000,6.2111000,35.1639000,28.2364000,34.0729000,-43.5700000,-13.1650000,-13.9000000,0.000000,0,0,0
22.380,6.3493000,-0.1370000,6.2099000,35.1562000,28.0533000,34.1034000,-43.2440000,-12.9960000,-14.4910000,0.000000,0,0,0
22.390,6.3553000,-0.1370000,6.2099000,35.2249000,28.0228000,33.9890000,-43.5070000,-13.0430000,-14.4540000,0.000000,0,0,0
22.400,6.3589000,-0.1370000,6.2099000,35.3394000,28.1372000,33.7830000,-42.9640000,-13.2760000,-14.4390000,0.000000,0,0,0
22.410,6.3541000,-0.1394000,6.2111000,35.4996000,28.2974000,33.6227000,-43.2100000,-13.0250000,-14.7640000,0.000000,0,0,0
22.420,6.3481000,-0.1394000,6.2147000,35.6674000,28.4348000,33.6151000,-43.2670000,-13.2640000,-14.2410000,0.000000,0,0,0
22.430,6.3421000,-0.1382000,6.2171000,35.8124000,28.4882000,33.7677000,-43.6090000,-12.9950000,-14.7130000,0.000000,0,0,0
22.440,6.3421000,-0.1334000,6.2171000,35.8963000,28.4424000,34.0118000,-43.4300000,-13.1320000,-14.2690000,0.000000,0,0,0
22.450,6.3481000,-0.1262000,6.2147000,35.9039000,28.3279000,34.2484000,-43.4830000,-13.0860000,-14.3090000,0.000000,0,0,0
22.460,6.3601000,-0.1214000,6.2123000,35.8658000,28.2593000,34.3781000,-43.5760000,-12.9260000,-14.3390000,0.000000,0,0,0
22.470,6.3732000,-0.1214000,6.2099000,35.8124000,28.2745000,34.3399000,-43.2750000,-13.2630000,-14.2400000,0.000000,0,0,0
22.480,6.3840000,-0.1250000,6.2075000,35.7819000,28.3356000,34.1949000,-43.1710000,-13.1680000,-14.0170000,0.000000,0,0,0
22.490,6.3912000,-0.1310000,6.2075000,35.7895000,28.3737000,34.0500000,-43.4460000,-13.3500000,-13.8260000,0.000000,0,0,0
22.500,6.3888000,-0.1394000,6.2087000,35.8124000,28.3890000,33.9737000,-43.0720000,-13.0320000,-14.4170000,0.000000,0,0,0
22.510,6.3756000,-0.1442000,6.2123000,35.8429000,28.4042000,33.9966000,-43.4290000,-13.2320000,-14.3370000,0.000000,0,0,0
22.520,6.3577000,-0.1453000,6.2159000,35.8658000,28.4271000,34.0958000,-43.5900000,-13.0850000,-13.8020000,0.000000,0,0,0
22.530,6.3421000,-0.1442000,6.2195000,35.8658000,28.4500000,34.2331000,-43.3220000,-13.4410000,-13.9890000,0.000000,0,0,0
22.540,6.3314000,-0.1406000,6.2219000,35.8505000,28.4729000,34.3399000,-43.1760000,-12.8270000,-14.0160000,0.000000,0,0,0
22.550,6.3290000,-0.1394000,6.2219000,35.8047000,28.4882000,34.3781000,-43.3310000,-12.9110000,-13.9370000,0.000000,0,0,0
22.560,6.3361000,-0.1418000,6.2207000,35.7437000,28.4119000,34.3399000,-43.2250000,-13.0640000,-13.8650000,0.000000,0,0,0
22.570,6.3481000,-0.1501000,6.2219000,35.6979000,28.2593000,34.2255000,-43.5880000,-13.1190000,-14.0050000,0.000000,0,0,0
22.580,6.3589000,-0.1597000,6.2219000,35.6674000,28.1067000,34.0195000,-43.1840000,-13.2160000,-13.9440000,0.000000,0,0,0
22.590,6.3637000,-0.1633000,6.2231000,35.6293000,28.0380000,33.7524000,-43.4110000,-13.0550000,-13.3350000,0.000000,0,0,0
22.600,6.3613000,-0.1609000,6.2243000,35.5682000,28.0533000,33.4625000,-43.4000000,-12.7570000,-13.9970000,0.000000,0,0,0
22.610,6.3505000,-0.1561000,6.2255000,35.4614000,28.1296000,33.2184000,-43.1610000,-12.8320000,-14.0870000,0.000000,0,0,0
22.620,6.3373000,-0.1525000,6.2267000,35.3317000,28.1982000,33.0811000,-43.2540000,-12.7960000,-13.9290000,0.000000,0,0,0
22.630,6.3290000,-0.1489000,6.2279000,35.2020000,28.2440000,33.0734000,-43.2450000,-12.8870000,-14.3650000,0.000000,0,0,0
22.640,6.3314000,-0.1453000,6.2279000,35.0800000,28.2669000,33.1421000,-43.3360000,-12.9800000,-13.9680000,0.000000,0,0,0
22.650,6.3397000,-0.1465000,6.2243000,35.0113000,28.2593000,33.2718000,-43.5250000,-12.9470000,-13.9660000,0.000000,0,0,0
22.660,6.3529000,-0.1525000,6.2207000,35.0189000,28.2059000,33.4091000,-43.3680000,-12.8320000,-14.2340000,0.000000,0,0,0
22.670,6.3649000,-0.1549000,6.2195000,35.1028000,28.1525000,33.5312000,-43.2680000,-12.8680000,-14.3290000,0.000000,0,0,0
22.680,6.3696000,-0.1561000,6.2195000,35.2859000,28.1601000,33.5846000,-43.3360000,-13.1170000,-13.9590000,0.000000,0,0,0
22.690,6.3625000,-0.1585000,6.2219000,35.5301000,28.1830000,33.6075000,-43.6230000,-13.2260000,-13.6870000,0.000000,0,0,0
22.700,6.3481000,-0.1573000,6.2255000,35.7895000,28.1830000,33.6380000,-43.4270000,-13.1210000,-13.9850000,0.000000,0,0,0
22.710,6.3326000,-0.1513000,6.2279000,36.0184000,28.1601000,33.6914000,-43.3740000,-13.1540000,-14.1120000,0.000000,0,0,0
22.720,6.3206000,-0.1442000,6.2303000,36.1328000,28.1067000,33.7448000,-43.1410000,-13.1660000,-13.4920000,0.000000,0,0,0
22.730,6.3146000,-0.1394000,6.2267000,36.1252000,28.0457000,33.7982000,-43.4600000,-13.0610000,-13.7700000,0.000000,0,0,0
22.740,6.3206000,-0.1394000,6.2279000,36.0336000,28.0151000,33.8440000,-43.4530000,-12.7890000,-13.7570000,0.000000,0,0,0
22.750,6.3326000,-0.1453000,6.2291000,35.9268000,27.9617000,33.8516000,-43.4000000,-13.0800000,-13.3220000,0.000000,0,0,0
22.760,6.3457000,-0.1513000,6.2279000,35.8582000,27.9312000,33.8364000,-43.2960000,-13.1180000,-14.3620000,0.000000,0,0,0
22.770,6.3565000,-0.1585000,6.2255000,35.8276000,27.9388000,33.7982000,-43.2850000,-13.1090000,-14.5270000,0.000000,0,0,0
22.780,6.3613000,-0.1621000,6.2243000,35.8658000,27.9922000,33.7372000,-43.3530000,-13.2350000,-13.4550000,0.000000,0,0,0
22.790,6.3625000,-0.1609000,6.2231000,35.9573000,28.0533000,33.6761000,-43.0680000,-12.7390000,-14.4390000,0.000000,0,0,0
22.800,6.3601000,-0.1585000,6.2231000,36.0413000,28.1067000,33.6227000,-43.3440000,-13.0960000,-14.2300000,0.000000,0,0,0
22.810,6.3601000,-0.1585000,6.2231000,36.0870000,28.1372000,33.5846000,-43.1960000,-12.8690000,-13.9560000,0.000000,0,0,0
22.820,6.3637000,-0.1561000,6.2231000,36.0641000,28.1448000,33.5770000,-43.4750000,-12.9120000,-13.9760000,0.000000,0,0,0
22.830,6.3684000,-0.1561000,6.2243000,36.0031000,28.1448000,33.5693000,-43.3480000,-12.9840000,-14.2230000,0.000000,0,0,0
22.840,6.3661000,-0.1573000,6.2267000,35.9268000,28.1677000,33.5693000,-43.2470000,-13.1200000,-13.5890000,0.000000,0,0,0
22.850,6.3577000,-0.1549000,6.2279000,35.8810000,28.2288000,33.5846000,-43.6040000,-13.1910000,-14.0910000,0.000000,0,0,0
22.860,6.3445000,-0.1513000,6.2291000,35.8505000,28.2669000,33.6380000,-43.2000000,-12.7360000,-13.4290000,0.000000,0,0,0
22.870,6.3218000,-0.1442000,6.2315000,35.9039000,28.2440000,33.7524000,-43.1040000,-13.0130000,-13.8060000,0.000000,0,0,0
22.880,6.3110000,-0.1430000,6.2327000,35.9573000,28.1906000,33.8364000,-43.5010000,-12.8930000,-13.7790000,0.000000,0,0,0
22.890,6.3074000,-0.1418000,6.2339000,35.9726000,28.1296000,33.8974000,-43.5900000,-12.9260000,-13.6620000,0.000000,0,0,0
22.900,6.3158000,-0.1418000,6.2339000,35.9268000,28.0609000,33.9127000,-43.1760000,-12.9270000,-14.5090000,0.000000,0,0,0
22.910,6.3290000,-0.1501000,6.2327000,35.8810000,27.9999000,33.9050000,-43.3690000,-13.1860000,-14.1530000,0.000000,0,0,0
22.920,6.3493000,-0.1585000,6.2303000,35.8429000,27.9922000,33.8211000,-43.5120000,-13.0490000,-13.8330000,0.000000,0,0,0
22.930,6.3625000,-0.1681000,6.2279000,35.8353000,28.0762000,33.6456000,-43.4690000,-13.3360000,-14.0060000,0.000000,0,0,0
22.940,6.3672000,-0.1753000,6.2267000,35.8810000,28.1982000,33.4625000,-43.1640000,-12.8940000,-14.2380000,0.000000,0,0,0
22.950,6.3637000,-0.1753000,6.2279000,35.9802000,28.2974000,33.3405000,-43.3770000,-13.1720000,-13.8220000,0.000000,0,0,0
22.960,6.3517000,-0.1669000,6.2303000,36.0794000,28.3661000,33.2870000,-43.1790000,-12.9380000,-13.0240000,0.000000,0,0,0
22.970,6.3373000,-0.1525000,6.2339000,36.1252000,28.3890000,33.3252000,-43.0470000,-12.9260000,-14.1010000,0.000000,0,0,0
22.980,6.3266000,-0.1406000,6.2386000,36.1252000,28.3508000,33.4320000,-43.2960000,-13.2770000,-14.1280000,0.000000,0,0,0
22.990,6.3218000,-0.1310000,6.2398000,36.1023000,28.2822000,33.5388000,-43.4810000,-13.1760000,-14.4230000,0.000000,0,0,0
23.000,6.3266000,-0.1298000,6.2398000,36.0565000,28.2364000,33.6075000,-43.2950000,-12.9680000,-13.9040000,0.000000,0,0,0
23.010,6.3397000,-0.1334000,6.2398000,36.0489000,28.2135000,33.6227000,-43.3450000,-13.0460000,-13.7820000,0.000000,0,0,0
23.020,6.3409000,-0.1406000,6.2375000,36.0565000,28.2288000,33.5999000,-43.2780000,-12.9870000,-14.1100000,0.000000,0,0,0
23.030,6.3457000,-0.1489000,6.2375000,36.0870000,28.2822000,33.5693000,-43.4210000,-13.0870000,-14.0660000,0.000000,0,0,0
23.040,6.3421000,-0.1549000,6.2386000,36.1328000,28.3508000,33.5159000,-43.3380000,-13.3050000,-13.8400000,0.000000,0,0,0
23.050,6.3302000,-0.1597000,6.2386000,36.1481000,28.3661000,33.5007000,-43.4310000,-13.1610000,-14.1350000,0.000000,0,0,0
23.060,6.3170000,-0.1609000,6.2386000,36.1481000,28.2822000,33.5464000,-43.3900000,-13.1840000,-13.9820000,0.000000,0,0,0
23.070,6.3110000,-0.1573000,6.2363000,36.1023000,28.1067000,33.6380000,-43.4710000,-12.8920000,-13.9820000,0.000000,0,0,0
23.080,6.3146000,-0.1513000,6.2363000,36.0184000,27.8702000,33.7219000,-43.2720000,-12.7440000,-13.5200000,0.000000,0,0,0
23.090,6.3254000,-0.1453000,6.2363000,35.9268000,27.6794000,33.7448000,-43.5700000,-13.1860000,-13.9420000,0.000000,0,0,0
23.100,6.3361000,-0.1418000,6.2363000,35.8429000,27.6031000,33.6609000,-43.2750000,-13.1410000,-13.6820000,0.000000,0,0,0
23.110,6.3445000,-0.1430000,6.2351000,35.8047000,27.6489000,33.5388000,-43.4340000,-13.0920000,-14.0730000,0.000000,0,0,0
23.120,6.3469000,-0.1501000,6.2351000,35.8276000,27.7634000,33.4320000,-43.3510000,-12.8860000,-13.6380000,0.000000,0,0,0
23.130,6.3445000,-0.1561000,6.2363000,35.9039000,27.9160000,33.4091000,-43.3630000,-13.1790000,-13.8770000,0.000000,0,0,0
23.140,6.3385000,-0.1573000,6.2398000,35.9573000,28.0685000,33.4778000,-43.4250000,-13.2500000,-13.8670000,0.000000,0,0,0
23.150,6.3314000,-0.1537000,6.2410000,35.9802000,28.1372000,33.6075000,-43.3300000,-13.0180000,-13.5030000,0.000000,0,0,0
23.160,6.3278000,-0.1442000,6.2398000,35.9497000,28.1143000,33.7448000,-43.2610000,-12.6520000,-14.1470000,0.000000,0,0,0
23.170,6.3314000,-0.1358000,6.2375000,35.8810000,28.0151000,33.8135000,-43.2840000,-12.9200000,-14.0980000,0.000000,0,0,0
23.180,6.3385000,-0.1346000,6.2363000,35.8124000,27.8931000,33.8135000,-43.1810000,-13.1190000,-14.5800000,0.000000,0,0,0
23.190,6.3457000,-0.1394000,6.2351000,35.7895000,27.8168000,33.7524000,-43.1640000,-12.9370000,-13.9180000,0.000000,0,0,0
23.200,6.3505000,-0.1465000,6.2339000,35.8124000,27.7786000,33.6914000,-43.0940000,-13.0740000,-14.1340000,0.000000,0,0,0
23.210,6.3493000,-0.1549000,6.2351000,35.8582000,27.7710000,33.6456000,-43.1280000,-13.1740000,-14.2290000,0.000000,0,0,0
23.220,6.3421000,-0.1573000,6.2386000,35.9116000,27.8015000,33.6304000,-43.1910000,-13.2440000,-13.5190000,0.000000,0,0,0
23.230,6.3290000,-0.1525000,6.2422000,35.9573000,27.8931000,33.5999000,-43.3840000,-13.0490000,-13.6900000,0.000000,0,0,0
23.240,6.3194000,-0.1418000,6.2434000,35.9879000,28.0151000,33.5388000,-43.1140000,-13.0010000,-13.7860000,0.000000,0,0,0
23.250,6.3122000,-0.1370000,6.2434000,35.9955000,28.0914000,33.4702000,-43.1520000,-13.3200000,-13.7770000,0.000000,0,0,0
23.260,6.3098000,-0.1346000,6.2422000,36.0107000,28.0533000,33.4473000,-43.0190000,-13.1710000,-13.0910000,0.000000,0,0,0
23.270,6.3134000,-0.1370000,6.2422000,36.0489000,27.9617000,33.4625000,-42.9070000,-13.4120000,-13.9780000,0.000000,0,0,0
23.280,6.3230000,-0.1406000,6.2410000,36.1099000,27.9007000,33.5159000,-43.0710000,-13.3100000,-13.9660000,0.000000,0,0,0
23.290,6.3338000,-0.1465000,6.2398000,36.1633000,27.8549000,33.5922000,-43.1150000,-13.0810000,-14.0220000,0.000000,0,0,0
23.300,6.3445000,-0.1525000,6.2386000,36.2015000,27.8091000,33.6990000,-42.9150000,-12.9020000,-14.1860000,0.000000,0,0,0
23.310,6.3553000,-0.1585000,6.2386000,36.1938000,27.7939000,33.8058000,-43.4580000,-12.9360000,-14.2750000,0.000000,0,0,0
23.320,6.3613000,-0.1633000,6.2375000,36.1557000,27.8397000,33.8745000,-43.4430000,-13.1230000,-13.8700000,0.000000,0,0,0
23.330,6.3601000,-0.1657000,6.2363000,36.0794000,27.9160000,33.9050000,-43.1710000,-13.0220000,-13.8400000,0.000000,0,0,0
23.340,6.3577000,-0.1669000,6.2375000,36.0184000,27.9846000,33.9050000,-42.7750000,-13.0560000,-13.8510000,0.000000,0,0,0
23.350,6.3553000,-0.1633000,6.2386000,35.9726000,28.0151000,33.8745000,-43.2240000,-13.0480000,-13.5000000,0.000000,0,0,0
23.360,6.3481000,-0.1621000,6.2398000,35.9268000,28.0151000,33.8287000,-42.8890000,-12.7910000,-13.1010000,0.000000,0,0,0
23.370,6.3373000,-0.1561000,6.2398000,35.8887000,27.9694000,33.7830000,-43.1160000,-13.0900000,-13.8130000,0.000000,0,0,0
23.380,6.3242000,-0.1501000,6.2398000,35.8429000,27.8854000,33.7753000,-42.9910000,-12.6410000,-13.4390000,0.000000,0,0,0
23.390,6.3170000,-0.1453000,6.2422000,35.7819000,27.7863000,33.8058000,-43.2860000,-12.8790000,-13.5980000,0.000000,0,0,0
23.400,6.3110000,-0.1442000,6.2446000,35.7285000,27.6947000,33.8516000,-43.1820000,-12.7380000,-13.6220000,0.000000,0,0,0
23.410,6.3074000,-0.1465000,6.2458000,35.7132000,27.5955000,33.9050000,-43.2060000,-12.8120000,-13.5430000,0.000000,0,0,0
23.420,6.3038000,-0.1489000,6.2458000,35.7666000,27.5040000,33.9432000,-43.1480000,-13.0060000,-13.7610000,0.000000,0,0,0
23.430,6.3050000,-0.1525000,6.2434000,35.9344000,27.4048000,33.9355000,-43.1870000,-12.8440000,-13.9430000,0.000000,0,0,0
23.440,6.3110000,-0.1537000,6.2422000,36.0565000,27.4353000,33.8974000,-43.1600000,-12.6810000,-14.2560000,0.000000,0,0,0
23.450,6.3206000,-0.1501000,6.2386000,36.1328000,27.5421000,33.8440000,-43.2180000,-12.7900000,-14.2490000,0.000000,0,0,0
23.460,6.3314000,-0.1442000,6.2363000,36.1404000,27.6871000,33.8058000,-43.0080000,-13.0310000,-13.8420000,0.000000,0,0,0
23.470,6.3445000,-0.1406000,6.2327000,36.0718000,27.8168000,33.7601000,-43.1670000,-13.0180000,-13.6900000,0.000000,0,0,0
23.480,6.3625000,-0.1394000,6.2303000,35.9497000,27.8931000,33.6990000,-43.1690000,-13.0340000,-13.8740000,0.000000,0,0,0
23.490,6.3768000,-0.1418000,6.2291000,35.8353000,27.9541000,33.5999000,-43.0300000,-12.9100000,-14.0300000,0.000000,0,0,0
23.500,6.3828000,-0.1465000,6.2291000,35.7666000,28.0304000,33.4625000,-43.1200000,-12.9930000,-13.8170000,0.000000,0,0,0
23.510,6.3792000,-0.1477000,6.2303000,35.7437000,28.0838000,33.3328000,-43.2080000,-12.9010000,-14.1800000,0.000000,0,0,0
23.520,6.3672000,-0.1442000,6.2315000,35.7513000,28.0685000,33.2642000,-43.2670000,-12.9670000,-14.2920000,0.000000,0,0,0
23.530,6.3493000,-0.1382000,6.2339000,35.7666000,27.9922000,33.2870000,-43.4360000,-13.1450000,-13.9970000,0.000000,0,0,0
23.540,6.3290000,-0.1358000,6.2386000,35.7742000,27.9007000,33.3862000,-43.3780000,-12.9870000,-13.9830000,0.000000,0,0,0
23.550,6.3122000,-0.1382000,6.2398000,35.7666000,27.8015000,33.5541000,-43.1350000,-12.8560000,-13.5130000,0.000000,0,0,0
23.560,6.3062000,-0.1465000,6.2398000,35.7513000,27.7328000,33.7219000,-43.1160000,-13.0040000,-13.6670000,0.000000,0,0,0
23.570,6.3086000,-0.1573000,6.2398000,35.7208000,27.7252000,33.8287000,-43.7700000,-13.1700000,-14.3090000,0.000000,0,0,0
23.580,6.3158000,-0.1693000,6.2386000,35.6827000,27.7557000,33.8821000,-43.1260000,-13.0340000,-14.1220000,0.000000,0,0,0
23.590,6.3206000,-0.1765000,6.2375000,35.6598000,27.7710000,33.8898000,-43.3940000,-13.1250000,-13.6260000,0.000000,0,0,0
23.600,6.3206000,-0.1812000,6.2386000,35.6750000,27.7557000,33.8745000,-43.0680000,-13.0130000,-13.6690000,0.000000,0,0,0
23.610,6.3158000,-0.1812000,6.2410000,35.7513000,27.7557000,33.8593000,-43.4720000,-13.0080000,-13.8940000,0.000000,0,0,0
23.620,6.3074000,-0.1788000,6.2446000,35.8734000,27.7710000,33.8364000,-43.2680000,-13.2150000,-14.0790000,0.000000,0,0,0
23.630,6.3050000,-0.1741000,6.2458000,35.9955000,27.7786000,33.8211000,-43.4000000,-13.2600000,-13.9860000,0.000000,0,0,0
23.640,6.3098000,-0.1717000,6.2446000,36.0565000,27.7863000,33.8211000,-43.4270000,-13.3080000,-13.7710000,0.000000,0,0,0
23.650,6.3266000,-0.1681000,6.2410000,36.0413000,27.8091000,33.8135000,-43.3830000,-13.0190000,-14.1150000,0.000000,0,0,0
23.660,6.3457000,-0.1669000,6.2375000,35.9421000,27.8625000,33.7830000,-43.1060000,-12.7480000,-14.0570000,0.000000,0,0,0
23.670,6.3613000,-0.1657000,6.2351000,35.8276000,27.9236000,33.7524000,-43.4130000,-12.9860000,-14.4610000,0.000000,0,0,0
23.680,6.3672000,-0.1597000,6.2339000,35.7590000,28.0151000,33.7143000,-43.2030000,-12.7520000,-13.7180000,0.000000,0,0,0
23.690,6.3601000,-0.1489000,6.2351000,35.7361000,28.1143000,33.6838000,-43.2190000,-13.1420000,-14.5330000,0.000000,0,0,0
23.700,6.3457000,-0.1358000,6.2386000,35.7590000,28.1525000,33.6990000,-43.3270000,-13.0280000,-14.1210000,0.000000,0,0,0
23.710,6.3290000,-0.1262000,6.2410000,35.8200000,28.0914000,33.7677000,-43.2430000,-12.8360000,-14.0820000,0.000000,0,0,0
23.720,6.3170000,-0.1214000,6.2422000,35.8734000,27.9770000,33.8516000,-43.2990000,-13.0860000,-14.3670000,0.000000,0,0,0
23.730,6.3110000,-0.1250000,6.2434000,35.9116000,27.8778000,33.9127000,-43.4890000,-13.2760000,-14.0360000,0.000000,0,0,0
23.740,6.3122000,-0.1334000,6.2434000,35.9421000,27.8091000,33.9432000,-43.1390000,-12.8100000,-14.4460000,0.000000,0,0,0
23.750,6.3194000,-0.1430000,6.2410000,35.9726000,27.7710000,33.9355000,-42.8990000,-12.6270000,-14.4010000,0.000000,0,0,0
23.760,6.3278000,-0.1537000,6.2386000,35.9955000,27.7634000,33.8821000,-42.9150000,-13.1320000,-14.0220000,0.000000,0,0,0
23.770,6.3338000,-0.1609000,6.2386000,36.0413000,27.7786000,33.7906000,-43.4640000,-12.6820000,-13.5630000,0.000000,0,0,0
23.780,6.3349000,-0.1633000,6.2386000,36.0947000,27.8244000,33.6685000,-43.2540000,-12.8830000,-13.9400000,0.000000,0,0,0
23.790,6.3349000,-0.1633000,6.2386000,36.1328000,27.8625000,33.5312000,-43.4130000,-13.0200000,-14.1270000,0.000000,0,0,0
23.800,6.3338000,-0.1609000,6.2386000,36.1481000,27.8778000,33.4015000,-43.2960000,-12.8590000,-14.3490000,0.000000,0,0,0
23.810,6.3349000,-0.1573000,6.2386000,36.1328000,27.8778000,33.3023000,-43.0570000,-13.0080000,-14.1350000,0.000000,0,0,0
23.820,6.3421000,-0.1585000,6.2375000,36.0718000,27.8778000,33.2413000,-42.9240000,-12.9900000,-13.7680000,0.000000,0,0,0
23.830,6.3553000,-0.1657000,6.2363000,35.9802000,27.8473000,33.2184000,-43.3930000,-12.8930000,-13.6480000,0.000000,0,0,0
23.840,6.3708000,-0.1729000,6.2339000,35.8734000,27.8244000,33.2031000,-43.2020000,-13.0100000,-13.9550000,0.000000,0,0,0
23.850,6.3804000,-0.1800000,6.2327000,35.7513000,27.8397000,33.2031000,-43.2790000,-12.8420000,-14.5160000,0.000000,0,0,0
23.860,6.3804000,-0.1824000,6.2339000,35.6369000,27.8854000,33.2108000,-43.0270000,-13.1000000,-14.2440000,0.000000,0,0,0
23.870,6.3696000,-0.1812000,6.2363000,35.5530000,27.9388000,33.2336000,-43.2490000,-13.3010000,-13.9960000,0.000000,0,0,0
23.880,6.3469000,-0.1741000,6.2375000,35.5225000,27.9617000,33.2870000,-43.4000000,-12.9050000,-14.4180000,0.000000,0,0,0
23.890,6.3218000,-0.1657000,6.2398000,35.5148000,27.9541000,33.3786000,-43.2820000,-13.1040000,-14.1810000,0.000000,0,0,0
23.900,6.3015000,-0.1561000,6.2434000,35.5453000,27.9083000,33.4854000,-43.3120000,-13.2860000,-14.3160000,0.000000,0,0,0
23.910,6.2919000,-0.1489000,6.2470000,35.5835000,27.8091000,33.5770000,-43.2240000,-13.1260000,-14.6450000,0.000000,0,0,0
23.920,6.2943000,-0.1430000,6.2482000,35.6369000,27.7176000,33.6380000,-43.4540000,-12.9170000,-14.7120000,0.000000,0,0,0
23.930,6.3062000,-0.1465000,6.2458000,35.6750000,27.6566000,33.6456000,-43.4560000,-13.2570000,-14.7090000,0.000000,0,0,0
23.940,6.3230000,-0.1549000,6.2446000,35.7132000,27.6489000,33.6227000,-43.1660000,-13.0960000,-14.2470000,0.000000,0,0,0
23.950,6.3373000,-0.1621000,6.2434000,35.7361000,27.7100000,33.5770000,-43.3530000,-13.2200000,-14.9060000,0.000000,0,0,0
23.960,6.3445000,-0.1669000,6.2422000,35.7590000,27.8473000,33.5236000,-43.4070000,-12.9280000,-14.3770000,0.000000,0,0,0
23.970,6.3433000,-0.1657000,6.2398000,35.7819000,27.9694000,33.4854000,-43.4410000,-13.1140000,-14.1340000,0.000000,0,0,0
23.980,6.3373000,-0.1597000,6.2386000,35.8047000,28.0075000,33.4702000,-43.4450000,-12.9670000,-13.7570000,0.000000,0,0,0
23.990,6.3290000,-0.1537000,6.2398000,35.8200000,27.9617000,33.4625000,-43.3000000,-13.1520000,-14.2520000,0.000000,0,0,0
24.000,6.3182000,-0.1453000,6.2410000,35.8429000,27.8015000,33.4625000,-43.1980000,-13.2500000,-14.3560000,0.000000,0,0,0
24.010,6.3218000,-0.1418000,6.2410000,35.8429000,27.7252000,33.4396000,-43.3000000,-13.1150000,-14.3140000,0.000000,0,0,0
24.020,6.3302000,-0.1430000,6.2410000,35.8353000,27.7023000,33.4167000,-43.1310000,-12.9320000,-14.0130000,0.000000,0,0,0
24.030,6.3373000,-0.1465000,6.2410000,35.8124000,27.7252000,33.4167000,-43.2730000,-13.3900000,-14.2220000,0.000000,0,0,0
24.040,6.3433000,-0.1501000,6.2410000,35.7895000,27.7863000,33.4396000,-43.4140000,-13.2950000,-14.9910000,0.000000,0,0,0
24.050,6.3469000,-0.1513000,6.2398000,35.7742000,27.8702000,33.4778000,-43.1350000,-13.4250000,-14.2470000,0.000000,0,0,0
24.060,6.3421000,-0.1501000,6.2398000,35.7895000,27.9617000,33.5236000,-43.2370000,-13.2750000,-13.8880000,0.000000,0,0,0
24.070,6.3361000,-0.1465000,6.2410000,35.8200000,28.0380000,33.5693000,-43.1400000,-13.2850000,-13.9340000,0.000000,0,0,0
24.080,6.3302000,-0.1430000,6.2422000,35.8582000,28.0914000,33.5922000,-43.1260000,-13.3230000,-14.2670000,0.000000,0,0,0
24.090,6.3266000,-0.1430000,6.2422000,35.8887000,28.0838000,33.5922000,-43.2080000,-13.3030000,-14.1990000,0.000000,0,0,0
24.100,6.3290000,-0.1465000,6.2422000,35.8963000,28.0533000,33.5846000,-43.1410000,-13.1430000,-13.9520000,0.000000,0,0,0
24.110,6.3326000,-0.1537000,6.2422000,35.8810000,28.0380000,33.5770000,-43.1220000,-13.1390000,-13.7620000,0.000000,0,0,0
24.120,6.3361000,-0.1609000,6.2422000,35.8810000,28.0533000,33.5846000,-43.2170000,-12.9460000,-14.0900000,0.000000,0,0,0
24.130,6.3397000,-0.1657000,6.2422000,35.8810000,28.0991000,33.5846000,-43.4040000,-13.0910000,-14.0470000,0.000000,0,0,0
24.140,6.3409000,-0.1669000,6.2434000,35.8887000,28.1143000,33.5999000,-43.2350000,-12.9770000,-13.5260000,0.000000,0,0,0
24.150,6.3361000,-0.1633000,6.2446000,35.8887000,28.0991000,33.6151000,-43.2840000,-12.9120000,-14.5340000,0.000000,0,0,0
24.160,6.3290000,-0.1597000,6.2446000,35.8658000,28.0685000,33.6304000,-43.3690000,-13.0760000,-14.1640000,0.000000,0,0,0
24.170,6.3218000,-0.1561000,6.2446000,35.8276000,28.0151000,33.6609000,-43.7050000,-13.0190000,-14.4420000,0.000000,0,0,0
24.180,6.3206000,-0.1537000,6.2446000,35.7819000,27.9541000,33.6990000,-43.3910000,-13.2350000,-14.0640000,0.000000,0,0,0
24.190,6.3242000,-0.1537000,6.2458000,35.7285000,27.9083000,33.7372000,-43.6230000,-13.1520000,-14.3750000,0.000000,0,0,0
24.200,6.3278000,-0.1561000,6.2446000,35.6903000,27.8778000,33.7524000,-43.5260000,-13.3290000,-14.1770000,0.000000,0,0,0
24.210,6.3349000,-0.1573000,6.2434000,35.6827000,27.8931000,33.7448000,-43.3460000,-13.3350000,-13.5170000,0.000000,0,0,0
24.220,6.3421000,-0.1585000,6.2434000,35.6903000,27.9541000,33.7067000,-43.2910000,-13.1210000,-13.2480000,0.000000,0,0,0
24.230,6.3409000,-0.1597000,6.2410000,35.7208000,28.0075000,33.6761000,-43.3430000,-13.2310000,-13.8810000,0.000000,0,0,0
24.240,6.3373000,-0.1585000,6.2422000,35.7513000,28.0304000,33.6609000,-43.3230000,-13.4200000,-13.3110000,0.000000,0,0,0
24.250,6.3302000,-0.1537000,6.2458000,35.7819000,28.0151000,33.6533000,-43.5840000,-13.4010000,-13.2420000,0.000000,0,0,0
24.260,6.3206000,-0.1477000,6.2434000,35.7819000,27.9617000,33.6456000,-43.2440000,-13.2530000,-13.7040000,0.000000,0,0,0
24.270,6.3146000,-0.1430000,6.2434000,35.7590000,27.8931000,33.6304000,-43.2750000,-13.2340000,-13.8790000,0.000000,0,0,0
24.280,6.3134000,-0.1430000,6.2458000,35.7208000,27.8549000,33.5770000,-43.2430000,-13.3610000,-13.7160000,0.000000,0,0,0
24.290,6.3194000,-0.1465000,6.2470000,35.6903000,27.8549000,33.5007000,-43.4320000,-13.1690000,-14.0160000,0.000000,0,0,0
24.300,6.3278000,-0.1573000,6.2458000,35.6750000,27.8549000,33.4473000,-43.2160000,-13.1530000,-13.7230000,0.000000,0,0,0
24.310,6.3361000,-0.1705000,6.2434000,35.6903000,27.8625000,33.4320000,-43.2100000,-13.0240000,-13.6800000,0.000000,0,0,0
24.320,6.3421000,-0.1812000,6.2434000,35.7056000,27.8854000,33.4702000,-43.0320000,-13.0740000,-12.8960000,0.000000,0,0,0
24.330,6.3421000,-0.1848000,6.2434000,35.7285000,27.9083000,33.5159000,-43.2610000,-13.1040000,-13.6860000,0.000000,0,0,0
24.340,6.3373000,-0.1812000,6.2422000,35.7361000,27.9236000,33.5464000,-43.4500000,-12.9500000,-13.2300000,0.000000,0,0,0
24.350,6.3278000,-0.1705000,6.2422000,35.7361000,27.9312000,33.5312000,-43.2520000,-13.1610000,-13.5560000,0.000000,0,0,0
24.360,6.3194000,-0.1573000,6.2446000,35.7285000,27.9541000,33.4778000,-43.3730000,-13.3980000,-13.3800000,0.000000,0,0,0
24.370,6.3122000,-0.1453000,6.2470000,35.7361000,27.9541000,33.4091000,-43.3540000,-13.3140000,-13.2700000,0.000000,0,0,0
24.380,6.3086000,-0.1406000,6.2470000,35.7742000,27.9160000,33.3939000,-43.0640000,-13.1510000,-13.2570000,0.000000,0,0,0
24.390,6.3110000,-0.1418000,6.2446000,35.8200000,27.8549000,33.4473000,-43.3110000,-13.1050000,-13.4650000,0.000000,0,0,0
24.400,6.3170000,-0.1453000,6.2422000,35.8429000,27.8015000,33.5388000,-43.4130000,-12.8840000,-13.2980000,0.000000,0,0,0
24.410,6.3254000,-0.1525000,6.2410000,35.8429000,27.7710000,33.6380000,-43.5070000,-13.0930000,-13.1270000,0.000000,0,0,0
24.420,6.3314000,-0.1585000,6.2410000,35.8047000,27.7710000,33.7143000,-43.3490000,-13.4890000,-13.7480000,0.000000,0,0,0
24.430,6.3314000,-0.1609000,6.2398000,35.7437000,27.8015000,33.7296000,-43.1910000,-13.3150000,-13.2990000,0.000000,0,0,0
24.440,6.3290000,-0.1573000,6.2422000,35.7056000,27.8320000,33.6609000,-43.1540000,-13.1200000,-13.4450000,0.000000,0,0,0
24.450,6.3242000,-0.1489000,6.2446000,35.7056000,27.8778000,33.5083000,-43.5240000,-12.8300000,-13.8740000,0.000000,0,0,0
24.460,6.3182000,-0.1442000,6.2458000,35.7513000,27.9160000,33.3176000,-43.1690000,-13.0410000,-13.9200000,0.000000,0,0,0
24.470,6.3110000,-0.1418000,6.2470000,35.8353000,27.9465000,33.1573000,-43.5270000,-13.1780000,-13.5020000,0.000000,0,0,0
24.480,6.3074000,-0.1442000,6.2482000,35.9268000,27.9617000,33.1268000,-43.2760000,-13.0630000,-13.7870000,0.000000,0,0,0
24.490,6.3098000,-0.1489000,6.2482000,36.0031000,27.9694000,33.2184000,-43.2450000,-13.2970000,-13.6020000,0.000000,0,0,0
24.500,6.3182000,-0.1537000,6.2470000,36.0565000,28.0075000,33.4167000,-43.2750000,-13.1690000,-14.0760000,0.000000,0,0,0
24.510,6.3302000,-0.1573000,6.2434000,36.0641000,28.0914000,33.6227000,-43.3640000,-13.2020000,-13.4260000,0.000000,0,0,0
24.520,6.3469000,-0.1549000,6.2398000,36.0260000,28.1982000,33.7524000,-43.4030000,-13.1040000,-13.8620000,0.000000,0,0,0
24.530,6.3613000,-0.1525000,6.2375000,35.9573000,28.3051000,33.7524000,-43.7010000,-13.0860000,-13.4460000,0.000000,0,0,0
24.540,6.3684000,-0.1501000,6.2363000,35.8582000,28.3737000,33.6761000,-43.4600000,-13.2190000,-14.2460000,0.000000,0,0,0
24.550,6.3649000,-0.1501000,6.2375000,35.7666000,28.3890000,33.5770000,-43.5390000,-12.9730000,-13.6430000,0.000000,0,0,0
24.560,6.3529000,-0.1513000,6.2410000,35.7056000,28.3432000,33.5388000,-43.5850000,-13.3500000,-13.1350000,0.000000,0,0,0
24.570,6.3361000,-0.1549000,6.2458000,35.6750000,28.2669000,33.6075000,-43.3180000,-13.3840000,-12.8940000,0.000000,0,0,0
24.580,6.3206000,-0.1573000,6.2494000,35.6750000,28.1372000,33.7753000,-43.3150000,-13.2530000,-13.6120000,0.000000,0,0,0
24.590,6.3050000,-0.1573000,6.2530000,35.6903000,27.9770000,33.9737000,-43.3880000,-13.1250000,-13.5760000,0.000000,0,0,0
24.600,6.2907000,-0.1561000,6.2554000,35.6979000,27.7557000,34.1415000,-43.3360000,-13.1600000,-13.2220000,0.000000,0,0,0
24.610,6.2907000,-0.1573000,6.2542000,35.7132000,27.6718000,34.1110000,-43.2370000,-13.5270000,-13.5300000,0.000000,0,0,0
24.620,6.2991000,-0.1633000,6.2530000,35.7285000,27.6337000,33.9661000,-43.3650000,-13.1870000,-13.9540000,0.000000,0,0,0
24.630,6.3098000,-0.1705000,6.2518000,35.7437000,27.6260000,33.7524000,-43.4840000,-13.2710000,-13.8710000,0.000000,0,0,0
24.640,6.3218000,-0.1765000,6.2506000,35.7819000,27.6871000,33.5007000,-43.1780000,-13.1870000,-13.5840000,0.000000,0,0,0
24.650,6.3278000,-0.1788000,6.2494000,35.8276000,27.8320000,33.2642000,-43.3970000,-13.2770000,-13.2540000,0.000000,0,0,0
24.660,6.3290000,-0.1765000,6.2482000,35.8810000,27.9922000,33.0963000,-43.5820000,-13.3920000,-13.8680000,0.000000,0,0,0
24.670,6.3254000,-0.1681000,6.2494000,35.9421000,28.1219000,33.0276000,-43.4700000,-13.2280000,-13.3900000,0.000000,0,0,0
24.680,6.3218000,-0.1561000,6.2494000,35.9802000,28.2059000,33.0582000,-43.1640000,-12.8570000,-13.7780000,0.000000,0,0,0
24.690,6.3194000,-0.1477000,6.2494000,36.0031000,28.1982000,33.1573000,-43.4510000,-13.3600000,-13.4410000,0.000000,0,0,0
24.700,6.3218000,-0.1430000,6.2482000,35.9879000,28.1143000,33.3176000,-42.9400000,-13.0190000,-13.1550000,0.000000,0,0,0
24.710,6.3290000,-0.1418000,6.2470000,35.9421000,28.0075000,33.5159000,-43.4260000,-13.0270000,-13.8390000,0.000000,0,0,0
24.720,6.3385000,-0.1465000,6.2482000,35.8734000,27.9007000,33.7219000,-43.1240000,-12.9670000,-13.2880000,0.000000,0,0,0
24.730,6.3433000,-0.1501000,6.2482000,35.8047000,27.8320000,33.8974000,-43.7350000,-13.0990000,-13.3220000,0.000000,0,0,0
24.740,6.3421000,-0.1525000,6.2482000,35.7666000,27.8091000,33.9966000,-43.4480000,-13.3340000,-13.0890000,0.000000,0,0,0
24.750,6.3302000,-0.1513000,6.2494000,35.7590000,27.8244000,33.9966000,-43.4600000,-13.2760000,-13.3180000,0.000000,0,0,0
24.760,6.3134000,-0.1489000,6.2506000,35.7742000,27.8702000,33.9355000,-43.1330000,-13.1260000,-13.1640000,0.000000,0,0,0
24.770,6.2991000,-0.1453000,6.2506000,35.8047000,27.8778000,33.8516000,-43.3450000,-13.1090000,-13.3330000,0.000000,0,0,0
24.780,6.2943000,-0.1442000,6.2506000,35.8429000,27.8168000,33.7524000,-43.4310000,-13.1100000,-13.3900000,0.000000,0,0,0
24.790,6.2991000,-0.1477000,6.2506000,35.8887000,27.7252000,33.6533000,-43.3750000,-13.5560000,-13.5700000,0.000000,0,0,0
24.800,6.3110000,-0.1573000,6.2494000,35.9421000,27.6566000,33.5617000,-43.2100000,-13.1460000,-13.4440000,0.000000,0,0,0
24.810,6.3254000,-0.1669000,6.2494000,35.9955000,27.6871000,33.4854000,-43.3150000,-13.1370000,-13.4510000,0.000000,0,0,0
24.820,6.3397000,-0.1741000,6.2482000,36.0413000,27.8015000,33.4320000,-43.4870000,-13.0940000,-12.5690000,0.000000,0,0,0
24.830,6.3505000,-0.1765000,6.2470000,36.0641000,27.9388000,33.3862000,-43.3440000,-13.3110000,-13.3280000,0.000000,0,0,0
24.840,6.3541000,-0.1729000,6.2458000,36.0413000,28.0380000,33.3633000,-43.5150000,-13.2020000,-13.0340000,0.000000,0,0,0
24.850,6.3481000,-0.1693000,6.2470000,35.9573000,28.0914000,33.3557000,-43.4050000,-13.2710000,-13.2960000,0.000000,0,0,0
24.860,6.3409000,-0.1657000,6.2494000,35.8429000,28.0914000,33.3786000,-43.4210000,-13.2870000,-13.5200000,0.000000,0,0,0
24.870,6.3373000,-0.1633000,6.2506000,35.7285000,28.0609000,33.3862000,-43.3350000,-13.0580000,-13.6600000,0.000000,0,0,0
24.880,6.3361000,-0.1633000,6.2494000,35.6216000,28.0151000,33.3710000,-43.4670000,-13.2540000,-14.0690000,0.000000,0,0,0
24.890,6.3349000,-0.1645000,6.2518000,35.5682000,27.9617000,33.3633000,-43.5550000,-12.7080000,-14.3260000,0.000000,0,0,0
24.900,6.3266000,-0.1645000,6.2530000,35.5835000,27.9083000,33.3633000,-43.2910000,-13.2780000,-13.1690000,0.000000,0,0,0
24.910,6.3134000,-0.1621000,6.2554000,35.6522000,27.8702000,33.3939000,-43.3690000,-13.2990000,-13.1010000,0.000000,0,0,0
24.920,6.2979000,-0.1573000,6.2566000,35.7590000,27.8091000,33.4549000,-43.4800000,-13.2820000,-13.8240000,0.000000,0,0,0
24.930,6.2859000,-0.1513000,6.2566000,35.8734000,27.7252000,33.5617000,-43.4800000,-13.3320000,-13.6370000,0.000000,0,0,0
24.940,6.2823000,-0.1465000,6.2566000,35.9573000,27.6184000,33.7067000,-43.2010000,-13.0510000,-13.4990000,0.000000,0,0,0
24.950,6.2919000,-0.1453000,6.2554000,35.9573000,27.5116000,33.8364000,-43.2280000,-13.1290000,-13.8360000,0.000000,0,0,0
24.960,6.3122000,-0.1465000,6.2518000,35.8734000,27.4734000,33.8745000,-43.4370000,-13.4760000,-14.1160000,0.000000,0,0,0
24.970,6.3338000,-0.1537000,6.2482000,35.7437000,27.5116000,33.8135000,-43.2380000,-13.1470000,-13.7490000,0.000000,0,0,0
24.980,6.3493000,-0.1621000,6.2470000,35.6293000,27.5803000,33.6990000,-43.3220000,-13.0720000,-13.5350000,0.000000,0,0,0
24.990,6.3517000,-0.1693000,6.2482000,35.5682000,27.6794000,33.5770000,-43.4520000,-13.0300000,-13.7570000,0.000000,0,0,0
25.000,6.3409000,-0.1717000,6.2506000,35.5911000,27.7863000,33.4854000,-43.3540000,-13.3420000,-14.1160000,0.000000,0,0,0
25.010,6.3218000,-0.1681000,6.2530000,35.6827000,27.8931000,33.4396000,-43.1790000,-13.1230000,-13.9990000,0.000000,0,0,0
25.020,6.3026000,-0.1585000,6.2554000,35.8353000,27.9617000,33.4854000,-43.0730000,-13.1950000,-13.3990000,0.000000,0,0,0
25.030,6.3038000,-0.1501000,6.2542000,35.9650000,27.9388000,33.5236000,-43.3380000,-13.2470000,-13.3520000,0.000000,0,0,0
25.040,6.3074000,-0.1453000,6.2530000,36.0260000,27.8778000,33.5159000,-43.4300000,-13.5340000,-13.3520000,0.000000,0,0,0
25.050,6.3158000,-0.1465000,6.2506000,36.0336000,27.8091000,33.5159000,-43.5060000,-13.4080000,-13.4040000,0.000000,0,0,0
25.060,6.3218000,-0.1501000,6.2494000,36.0107000,27.7710000,33.5464000,-43.6480000,-13.0830000,-13.7410000,0.000000,0,0,0
25.070,6.3278000,-0.1549000,6.2482000,35.9879000,27.7481000,33.6304000,-43.5190000,-13.4280000,-13.4140000,0.000000,0,0,0
25.080,6.3302000,-0.1537000,6.2482000,35.9726000,27.7405000,33.7143000,-43.5090000,-13.0800000,-13.5680000,0.000000,0,0,0
25.090,6.3302000,-0.1489000,6.2494000,35.9650000,27.7863000,33.7677000,-43.5360000,-13.1930000,-13.4810000,0.000000,0,0,0
25.100,6.3302000,-0.1442000,6.2494000,35.9650000,27.8397000,33.7830000,-43.2740000,-13.0600000,-14.1340000,0.000000,0,0,0
25.110,6.3290000,-0.1430000,6.2494000,35.9497000,27.8473000,33.7830000,-43.6980000,-13.4290000,-13.9200000,0.000000,0,0,0
25.120,6.3314000,-0.1477000,6.2470000,35.9344000,27.8549000,33.7830000,-43.8240000,-13.2520000,-13.5400000,0.000000,0,0,0
25.130,6.3361000,-0.1585000,6.2458000,35.9192000,27.8702000,33.8058000,-43.7500000,-13.5670000,-14.0010000,0.000000,0,0,0
25.140,6.3397000,-0.1705000,6.2458000,35.9116000,27.9083000,33.8440000,-43.4570000,-13.1490000,-13.6390000,0.000000,0,0,0
25.150,6.3409000,-0.1800000,6.2470000,35.8887000,27.9770000,33.8974000,-43.4700000,-13.2430000,-14.0390000,0.000000,0,0,0
25.160,6.3373000,-0.1860000,6.2482000,35.8582000,28.0609000,33.9508000,-43.3010000,-13.2660000,-13.6380000,0.000000,0,0,0
25.170,6.3302000,-0.1836000,6.2494000,35.8276000,28.1296000,33.9890000,-43.5580000,-13.3960000,-14.0280000,0.000000,0,0,0
25.180,6.3206000,-0.1765000,6.2530000,35.8047000,28.1448000,33.9966000,-43.4980000,-13.1980000,-14.3730000,0.000000,0,0,0
25.190,6.3122000,-0.1681000,6.2554000,35.7971000,28.1219000,33.9737000,-43.5640000,-13.5600000,-13.6730000,0.000000,0,0,0
25.200,6.3074000,-0.1621000,6.2554000,35.8124000,28.0685000,33.9279000,-43.4600000,-13.2110000,-13.8050000,0.000000,0,0,0
25.210,6.3086000,-0.1585000,6.2554000,35.8200000,27.9846000,33.8821000,-43.6040000,-13.2250000,-13.1050000,0.000000,0,0,0
25.220,6.3134000,-0.1597000,6.2554000,35.8429000,27.9312000,33.8135000,-43.5730000,-13.3170000,-13.7240000,0.000000,0,0,0
25.230,6.3218000,-0.1657000,6.2530000,35.8582000,27.9312000,33.6990000,-43.7690000,-13.3480000,-13.8110000,0.000000,0,0,0
25.240,6.3254000,-0.1693000,6.2518000,35.8734000,27.9465000,33.6380000,-43.5340000,-12.9900000,-13.7670000,0.000000,0,0,0
25.250,6.3254000,-0.1705000,6.2518000,35.8810000,27.9541000,33.5846000,-43.6650000,-13.3510000,-13.4160000,0.000000,0,0,0
25.260,6.3230000,-0.1681000,6.2530000,35.8887000,27.9617000,33.5464000,-43.4530000,-13.4480000,-13.2770000,0.000000,0,0,0
25.270,6.3182000,-0.1633000,6.2566000,35.8658000,27.9465000,33.5007000,-43.6780000,-13.3730000,-13.6480000,0.000000,0,0,0
25.280,6.3134000,-0.1585000,6.2578000,35.8505000,27.9312000,33.4549000,-43.4000000,-13.0860000,-13.4680000,0.000000,0,0,0
25.290,6.3098000,-0.1573000,6.2590000,35.8505000,27.9083000,33.4244000,-43.5030000,-13.1750000,-13.5060000,0.000000,0,0,0
25.300,6.3050000,-0.1549000,6.2578000,35.8963000,27.8931000,33.4320000,-43.3620000,-13.5710000,-13.0760000,0.000000,0,0,0
25.310,6.3050000,-0.1525000,6.2578000,35.9726000,27.8854000,33.4702000,-43.3750000,-13.1180000,-13.5960000,0.000000,0,0,0
25.320,6.3110000,-0.1525000,6.2566000,36.0489000,27.8778000,33.5236000,-43.5290000,-12.9990000,-12.9460000,0.000000,0,0,0
25.330,6.3182000,-0.1525000,6.2554000,36.0947000,27.8473000,33.5770000,-43.6160000,-13.0650000,-12.8980000,0.000000,0,0,0
25.340,6.3266000,-0.1537000,6.2518000,36.0718000,27.7939000,33.5922000,-43.3610000,-13.0890000,-13.3020000,0.000000,0,0,0
25.350,6.3314000,-0.1585000,6.2494000,36.0031000,27.7328000,33.5770000,-43.1350000,-13.0710000,-13.1610000,0.000000,0,0,0
25.360,6.3338000,-0.1633000,6.2494000,35.9192000,27.7023000,33.5464000,-43.5340000,-13.1200000,-13.8010000,0.000000,0,0,0
25.370,6.3314000,-0.1657000,6.2518000,35.8429000,27.7405000,33.5007000,-43.5250000,-13.1820000,-13.5230000,0.000000,0,0,0
25.380,6.3254000,-0.1681000,6.2542000,35.8124000,27.8168000,33.4778000,-43.4240000,-13.0230000,-13.8630000,0.000000,0,0,0
25.390,6.3158000,-0.1669000,6.2554000,35.8124000,27.8625000,33.4854000,-43.5880000,-13.1730000,-13.5780000,0.000000,0,0,0
25.400,6.3074000,-0.1633000,6.2566000,35.8582000,27.8778000,33.5083000,-43.2190000,-13.0040000,-13.4270000,0.000000,0,0,0
25.410,6.3003000,-0.1585000,6.2566000,35.9497000,27.8778000,33.5312000,-43.4540000,-13.1690000,-14.1820000,0.000000,0,0,0
25.420,6.2955000,-0.1537000,6.2590000,36.0413000,27.8931000,33.5388000,-43.6910000,-13.0480000,-13.9020000,0.000000,0,0,0
25.430,6.2967000,-0.1537000,6.2578000,36.1023000,27.9160000,33.5617000,-43.3610000,-12.9950000,-14.0770000,0.000000,0,0,0
25.440,6.3074000,-0.1561000,6.2554000,36.1252000,27.9388000,33.6075000,-43.3490000,-13.3000000,-14.4860000,0.000000,0,0,0
25.450,6.3242000,-0.1621000,6.2518000,36.1023000,27.9694000,33.6380000,-43.0460000,-12.8880000,-14.9060000,0.000000,0,0,0
25.460,6.3433000,-0.1657000,6.2482000,36.0413000,28.0304000,33.6380000,-43.2170000,-13.2110000,-13.6350000,0.000000,0,0,0
25.470,6.3577000,-0.1669000,6.2458000,35.9573000,28.1067000,33.6151000,-43.4670000,-13.1890000,-14.2480000,0.000000,0,0,0
25.480,6.3637000,-0.1681000,6.2434000,35.8810000,28.1525000,33.5999000,-43.2990000,-13.0990000,-14.3270000,0.000000,0,0,0
25.490,6.3601000,-0.1669000,6.2446000,35.8200000,28.1296000,33.5922000,-43.3240000,-13.4330000,-14.0640000,0.000000,0,0,0
25.500,6.3493000,-0.1633000,6.2482000,35.7895000,28.0457000,33.5922000,-43.3960000,-13.3480000,-13.5870000,0.000000,0,0,0
25.510,6.3302000,-0.1597000,6.2518000,35.7895000,27.9617000,33.5999000,-43.5300000,-13.6330000,-13.9110000,0.000000,0,0,0
25.520,6.3086000,-0.1549000,6.2566000,35.8200000,27.8854000,33.6151000,-43.3280000,-13.2070000,-14.1920000,0.000000,0,0,0
25.530,6.2907000,-0.1525000,6.2578000,35.8505000,27.7710000,33.6609000,-43.3510000,-13.5820000,-13.6210000,0.000000,0,0,0
25.540,6.2847000,-0.1513000,6.2590000,35.8810000,27.6642000,33.7067000,-43.5510000,-13.2290000,-13.7710000,0.000000,0,0,0
25.550,6.2895000,-0.1537000,6.2590000,35.8810000,27.6108000,33.7067000,-43.5210000,-13.0990000,-14.0790000,0.000000,0,0,0
25.560,6.2991000,-0.1597000,6.2590000,35.8658000,27.6108000,33.6533000,-43.5120000,-13.2560000,-13.0780000,0.000000,0,0,0
25.570,6.3098000,-0.1645000,6.2578000,35.8429000,27.6566000,33.5693000,-43.5980000,-13.3430000,-13.3930000,0.000000,0,0,0
25.580,6.3182000,-0.1681000,6.2566000,35.8505000,27.7176000,33.4625000,-43.6040000,-13.1390000,-13.8200000,0.000000,0,0,0
25.590,6.3230000,-0.1681000,6.2566000,35.8963000,27.7481000,33.3328000,-43.1810000,-13.4610000,-13.0240000,0.000000,0,0,0
25.600,6.3230000,-0.1645000,6.2566000,35.9573000,27.7634000,33.1955000,-43.4020000,-13.1960000,-12.9590000,0.000000,0,0,0
25.610,6.3206000,-0.1585000,6.2566000,36.0107000,27.7710000,33.0658000,-43.3920000,-13.3070000,-13.8660000,0.000000,0,0,0
25.620,6.3206000,-0.1537000,6.2554000,36.0336000,27.7634000,32.9742000,-43.4250000,-13.1390000,-13.7770000,0.000000,0,0,0
25.630,6.3290000,-0.1525000,6.2542000,36.0260000,27.7634000,32.9361000,-43.2500000,-12.7690000,-13.5460000,0.000000,0,0,0
25.640,6.3409000,-0.1561000,6.2530000,35.9650000,27.8091000,32.9590000,-43.2670000,-13.3400000,-13.9480000,0.000000,0,0,0
25.650,6.3541000,-0.1609000,6.2518000,35.8963000,27.9312000,33.0200000,-43.5740000,-13.1970000,-13.6760000,0.000000,0,0,0
25.660,6.3613000,-0.1645000,6.2506000,35.8047000,28.0991000,33.1192000,-43.3060000,-13.1720000,-14.3820000,0.000000,0,0,0
25.670,6.3613000,-0.1645000,6.2482000,35.7056000,28.2288000,33.2565000,-43.2930000,-13.1940000,-14.4900000,0.000000,0,0,0
25.680,6.3541000,-0.1609000,6.2482000,35.6064000,28.2974000,33.3939000,-43.4220000,-13.1560000,-14.1730000,0.000000,0,0,0
25.690,6.3421000,-0.1537000,6.2494000,35.5377000,28.3127000,33.4702000,-43.5780000,-13.2570000,-13.6140000,0.000000,0,0,0
25.700,6.3254000,-0.1453000,6.2530000,35.5148000,28.2669000,33.5007000,-43.2570000,-13.2290000,-14.4640000,0.000000,0,0,0
25.710,6.3062000,-0.1382000,6.2590000,35.5453000,28.1601000,33.5007000,-43.4510000,-13.2230000,-14.4930000,0.000000,0,0,0
25.720,6.2895000,-0.1346000,6.2638000,35.6140000,28.0304000,33.4854000,-43.4770000,-13.3850000,-13.7430000,0.000000,0,0,0
25.730,6.2775000,-0.1334000,6.2662000,35.7132000,27.9236000,33.4854000,-43.4540000,-12.9750000,-14.0110000,0.000000,0,0,0
25.740,6.2739000,-0.1394000,6.2662000,35.8047000,27.8320000,33.5312000,-43.3760000,-13.0250000,-14.1900000,0.000000,0,0,0
25.750,6.2775000,-0.1465000,6.2650000,35.8963000,27.7939000,33.5846000,-43.3760000,-13.0250000,-14.0950000,0.000000,0,0,0
25.760,6.2895000,-0.1501000,6.2626000,35.9497000,27.8244000,33.5999000,-43.3070000,-12.9560000,-13.8820000,0.000000,0,0,0
25.770,6.3038000,-0.1525000,6.2614000,35.9497000,27.8931000,33.5541000,-43.4840000,-12.9610000,-13.8360000,0.000000,0,0,0
25.780,6.3206000,-0.1573000,6.2590000,35.9192000,27.9694000,33.4702000,-43.6510000,-13.1650000,-13.7250000,0.000000,0,0,0
25.790,6.3373000,-0.1609000,6.2566000,35.8887000,28.0533000,33.3633000,-43.5050000,-13.2690000,-14.2900000,0.000000,0,0,0
25.800,6.3505000,-0.1633000,6.2554000,35.8582000,28.1448000,33.2565000,-43.4270000,-12.9690000,-14.1410000,0.000000,0,0,0
25.810,6.3565000,-0.1633000,6.2554000,35.8429000,28.2288000,33.1955000,-43.4620000,-13.2480000,-13.9210000,0.000000,0,0,0
25.820,6.3517000,-0.1621000,6.2554000,35.8429000,28.2745000,33.2108000,-43.2520000,-13.3470000,-13.6200000,0.000000,0,0,0
25.830,6.3397000,-0.1585000,6.2554000,35.8429000,28.2593000,33.3176000,-43.1960000,-13.1110000,-13.8990000,0.000000,0,0,0
25.840,6.3242000,-0.1501000,6.2578000,35.8505000,28.1906000,33.5007000,-43.4390000,-12.9080000,-13.5270000,0.000000,0,0,0
25.850,6.3086000,-0.1418000,6.2602000,35.8353000,28.1067000,33.6838000,-43.6570000,-13.0120000,-14.0830000,0.000000,0,0,0
25.860,6.2979000,-0.1358000,6.2614000,35.7513000,27.9312000,33.9050000,-43.3320000,-12.9240000,-13.7340000,0.000000,0,0,0
25.870,6.2991000,-0.1394000,6.2626000,35.6827000,27.8397000,33.9661000,-43.5420000,-13.1770000,-13.7090000,0.000000,0,0,0
25.880,6.3003000,-0.1465000,6.2650000,35.6369000,27.8320000,33.9432000,-43.4230000,-13.1010000,-13.5180000,0.000000,0,0,0
25.890,6.3003000,-0.1513000,6.2662000,35.6445000,27.8778000,33.8745000,-43.3860000,-13.0650000,-13.9150000,0.000000,0,0,0
25.900,6.2979000,-0.1585000,6.2650000,35.7132000,27.9007000,33.8058000,-43.2040000,-13.1560000,-13.8690000,0.000000,0,0,0
25.910,6.2955000,-0.1633000,6.2650000,35.8429000,27.8778000,33.7753000,-43.3180000,-13.0890000,-13.9520000,0.000000,0,0,0
25.920,6.2991000,-0.1633000,6.2638000,35.9802000,27.8397000,33.7448000,-43.6840000,-13.0180000,-13.9100000,0.000000,0,0,0
25.930,6.3062000,-0.1609000,6.2626000,36.0718000,27.8168000,33.6990000,-43.5510000,-12.7120000,-13.3680000,0.000000,0,0,0
25.940,6.3146000,-0.1585000,6.2602000,36.1176000,27.8015000,33.6380000,-43.3690000,-13.2920000,-13.9080000,0.000000,0,0,0
25.950,6.3266000,-0.1573000,6.2566000,36.1099000,27.7863000,33.5922000,-43.6020000,-13.1580000,-13.8110000,0.000000,0,0,0
25.960,6.3338000,-0.1549000,6.2554000,36.0794000,27.7557000,33.5846000,-43.6070000,-12.9760000,-13.8510000,0.000000,0,0,0
25.970,6.3361000,-0.1513000,6.2542000,36.0260000,27.7328000,33.6151000,-43.5280000,-13.2200000,-13.9770000,0.000000,0,0,0
25.980,6.3326000,-0.1465000,6.2554000,35.9955000,27.7252000,33.6685000,-43.5980000,-13.2550000,-13.9270000,0.000000,0,0,0
25.990,6.3230000,-0.1394000,6.2578000,35.9802000,27.7405000,33.7296000,-43.7250000,-13.0230000,-14.2320000,0.000000,0,0,0
26.000,6.3134000,-0.1346000,6.2590000,35.9573000,27.7252000,33.8135000,-43.7570000,-13.3580000,-13.7880000,0.000000,0,0,0
26.010,6.3074000,-0.1322000,6.2602000,35.9192000,27.7176000,33.8821000,-43.6500000,-13.1700000,-13.3250000,0.000000,0,0,0
26.020,6.3086000,-0.1334000,6.2602000,35.8658000,27.7634000,33.9050000,-43.5950000,-13.1730000,-14.1140000,0.000000,0,0,0
26.030,6.3122000,-0.1382000,6.2590000,35.8124000,27.8702000,33.8821000,-43.4630000,-13.1120000,-14.1990000,0.000000,0,0,0
26.040,6.3158000,-0.1477000,6.2590000,35.8047000,27.9999000,33.8516000,-43.7120000,-13.2050000,-13.6380000,0.000000,0,0,0
26.050,6.3218000,-0.1561000,6.2590000,35.8429000,28.0762000,33.8058000,-43.5900000,-12.8930000,-14.1610000,0.000000,0,0,0
26.060,6.3242000,-0.1621000,6.2578000,35.8887000,28.1219000,33.7524000,-43.6470000,-12.9300000,-13.7110000,0.000000,0,0,0
26.070,6.3230000,-0.1657000,6.2566000,35.9268000,28.1296000,33.7067000,-43.2310000,-13.2100000,-13.8820000,0.000000,0,0,0
26.080,6.3170000,-0.1669000,6.2566000,35.9268000,28.1067000,33.6685000,-43.2210000,-12.7820000,-13.3790000,0.000000,0,0,0
26.090,6.3134000,-0.1669000,6.2578000,35.8963000,28.0914000,33.6456000,-43.6580000,-12.4950000,-13.5570000,0.000000,0,0,0
26.100,6.3098000,-0.1681000,6.2578000,35.8124000,28.0609000,33.6609000,-43.6300000,-12.5750000,-13.2220000,0.000000,0,0,0
26.110,6.3122000,-0.1681000,6.2590000,35.7513000,27.9922000,33.6914000,-43.3310000,-12.8940000,-13.9260000,0.000000,0,0,0
26.120,6.3146000,-0.1693000,6.2602000,35.7132000,27.9160000,33.7143000,-43.5760000,-13.0030000,-13.3690000,0.000000,0,0,0
26.130,6.3170000,-0.1717000,6.2614000,35.7208000,27.8549000,33.7372000,-43.4960000,-13.2820000,-13.8090000,0.000000,0,0,0
26.140,6.3170000,-0.1717000,6.2614000,35.7590000,27.8320000,33.7219000,-43.3860000,-12.8910000,-14.2440000,0.000000,0,0,0
26.150,6.3146000,-0.1693000,6.2614000,35.8047000,27.8473000,33.6838000,-43.3320000,-12.8660000,-14.1810000,0.000000,0,0,0
26.160,6.3110000,-0.1621000,6.2638000,35.8429000,27.8854000,33.6227000,-43.5100000,-12.9070000,-14.2960000,0.000000,0,0,0
26.170,6.3074000,-0.1573000,6.2650000,35.8810000,27.9541000,33.5464000,-43.4400000,-13.1180000,-13.8510000,0.000000,0,0,0
26.180,6.3003000,-0.1501000,6.2638000,35.9039000,27.9770000,33.5236000,-43.2760000,-13.0180000,-13.4780000,0.000000,0,0,0
26.190,6.2991000,-0.1477000,6.2638000,35.8963000,27.9312000,33.5693000,-43.5790000,-13.2290000,-14.0650000,0.000000,0,0,0
26.200,6.3050000,-0.1453000,6.2626000,35.8887000,27.8549000,33.6609000,-43.2780000,-13.1130000,-14.2230000,0.000000,0,0,0
26.210,6.3170000,-0.1465000,6.2614000,35.8810000,27.7634000,33.7524000,-43.4810000,-12.9570000,-14.0370000,0.000000,0,0,0
26.220,6.3278000,-0.1501000,6.2602000,35.8734000,27.6794000,33.8058000,-43.5160000,-13.3090000,-14.1440000,0.000000,0,0,0
26.230,6.3338000,-0.1549000,6.2602000,35.8658000,27.6184000,33.8287000,-43.4510000,-13.4520000,-13.9300000,0.000000,0,0,0
26.240,6.3349000,-0.1609000,6.2590000,35.8582000,27.6031000,33.8135000,-43.6950000,-13.4830000,-13.6850000,0.000000,0,0,0
26.250,6.3302000,-0.1657000,6.2614000,35.8429000,27.6566000,33.7524000,-43.5000000,-12.9200000,-14.2630000,0.000000,0,0,0
26.260,6.3230000,-0.1693000,6.2626000,35.8276000,27.7786000,33.6609000,-43.2490000,-12.9910000,-13.4850000,0.000000,0,0,0
26.270,6.3134000,-0.1693000,6.2662000,35.8047000,27.9083000,33.5693000,-43.3340000,-13.1480000,-13.7350000,0.000000,0,0,0
26.280,6.3062000,-0.1657000,6.2674000,35.7895000,27.9999000,33.4930000,-43.7190000,-12.9450000,-14.2350000,0.000000,0,0,0
26.290,6.3050000,-0.1609000,6.2674000,35.7895000,28.0304000,33.4320000,-43.6710000,-13.1550000,-14.1090000,0.000000,0,0,0
26.300,6.3098000,-0.1573000,6.2662000,35.7971000,27.9999000,33.4015000,-43.5810000,-12.9360000,-14.1060000,0.000000,0,0,0
26.310,6.3158000,-0.1573000,6.2626000,35.8047000,27.9160000,33.3939000,-43.2150000,-13.2870000,-14.1020000,0.000000,0,0,0
26.320,6.3194000,-0.1573000,6.2614000,35.8200000,27.8168000,33.4320000,-43.4660000,-13.2230000,-14.3280000,0.000000,0,0,0
26.330,6.3194000,-0.1561000,6.2614000,35.8276000,27.7863000,33.5007000,-43.5370000,-13.1930000,-14.4780000,0.000000,0,0,0
26.340,6.3158000,-0.1549000,6.2638000,35.8429000,27.8320000,33.5922000,-43.3770000,-13.2770000,-14.6360000,0.000000,0,0,0
26.350,6.3098000,-0.1525000,6.2662000,35.8582000,27.9236000,33.6990000,-43.7790000,-13.5010000,-14.2680000,0.000000,0,0,0
26.360,6.3062000,-0.1477000,6.2662000,35.8810000,28.0228000,33.7830000,-43.5060000,-13.1410000,-13.9960000,0.000000,0,0,0
26.370,6.3074000,-0.1406000,6.2662000,35.9192000,28.0991000,33.8211000,-43.4970000,-13.3910000,-13.9550000,0.000000,0,0,0
26.380,6.3122000,-0.1382000,6.2638000,35.9421000,28.1525000,33.8058000,-43.3990000,-13.3500000,-13.9200000,0.000000,0,0,0
26.390,6.3206000,-0.1394000,6.2614000,35.9268000,28.1601000,33.7677000,-43.2890000,-13.2390000,-14.0540000,0.000000,0,0,0
26.400,6.3302000,-0.1430000,6.2602000,35.8734000,28.1448000,33.7448000,-43.3450000,-13.3330000,-13.7440000,0.000000,0,0,0
26.410,6.3361000,-0.1513000,6.2614000,35.8124000,28.1525000,33.7601000,-43.4160000,-13.3320000,-13.4670000,0.000000,0,0,0
26.420,6.3349000,-0.1585000,6.2650000,35.7742000,28.2440000,33.8135000,-43.7380000,-13.2310000,-14.3440000,0.000000,0,0,0
26.430,6.3158000,-0.1657000,6.2674000,35.7971000,28.3432000,33.8821000,-43.5060000,-13.3280000,-14.0890000,0.000000,0,0,0
26.440,6.3038000,-0.1633000,6.2662000,35.8810000,28.3966000,33.9661000,-43.5410000,-13.0400000,-13.6440000,0.000000,0,0,0
26.450,6.2895000,-0.1669000,6.2674000,35.9726000,28.4042000,33.9432000,-43.4310000,-13.2100000,-14.0880000,0.000000,0,0,0
26.460,6.2775000,-0.1621000,6.2698000,36.0718000,28.3508000,33.8821000,-43.2080000,-13.3020000,-14.1210000,0.000000,0,0,0
26.470,6.2775000,-0.1609000,6.2721000,36.1328000,28.2745000,33.7830000,-43.4500000,-13.1140000,-14.1810000,0.000000,0,0,0
26.480,6.2799000,-0.1633000,6.2721000,36.1328000,28.2059000,33.6685000,-43.4320000,-13.2400000,-13.7780000,0.000000,0,0,0
26.490,6.2991000,-0.1705000,6.2709000,36.0718000,28.1754000,33.5541000,-43.3570000,-13.0550000,-13.8200000,0.000000,0,0,0
26.500,6.3170000,-0.1765000,6.2674000,36.0336000,28.2059000,33.4930000,-43.4290000,-13.3300000,-14.0420000,0.000000,0,0,0
26.510,6.3349000,-0.1788000,6.2650000,36.0336000,28.2593000,33.4244000,-43.6140000,-13.3430000,-14.2560000,0.000000,0,0,0
26.520,6.3433000,-0.1729000,6.2626000,36.0336000,28.3127000,33.3099000,-43.3300000,-12.8340000,-14.0250000,0.000000,0,0,0
26.530,6.3397000,-0.1621000,6.2614000,36.0107000,28.3356000,33.1726000,-43.5540000,-13.0820000,-13.9200000,0.000000,0,0,0
26.540,6.3302000,-0.1477000,6.2638000,35.9650000,28.3127000,33.0353000,-43.6850000,-13.4580000,-13.5630000,0.000000,0,0,0
26.550,6.3182000,-0.1370000,6.2674000,35.8887000,28.2593000,32.8979000,-43.3550000,-12.9740000,-14.2030000,0.000000,0,0,0
26.560,6.3062000,-0.1334000,6.2709000,35.8047000,28.1830000,32.8445000,-43.5460000,-12.7930000,-13.7370000,0.000000,0,0,0
26.570,6.2943000,-0.1382000,6.2757000,35.7208000,28.0762000,32.9361000,-43.3470000,-12.8510000,-13.9720000,0.000000,0,0,0
26.580,6.2847000,-0.1477000,6.2793000,35.6750000,27.9236000,33.1650000,-43.5910000,-13.1690000,-14.1870000,0.000000,0,0,0
26.590,6.2799000,-0.1561000,6.2793000,35.6827000,27.7328000,33.4778000,-43.5020000,-13.1150000,-14.1440000,0.000000,0,0,0
26.600,6.2763000,-0.1633000,6.2793000,35.7437000,27.5497000,33.7830000,-43.5840000,-13.3560000,-13.9160000,0.000000,0,0,0
26.610,6.2763000,-0.1657000,6.2781000,35.8353000,27.4200000,33.9508000,-43.3150000,-13.1000000,-14.8780000,0.000000,0,0,0
26.620,6.2787000,-0.1681000,6.2781000,35.9268000,27.3666000,33.9584000,-43.7390000,-13.3530000,-14.3260000,0.000000,0,0,0
26.630,6.2847000,-0.1729000,6.2769000,36.0031000,27.4200000,33.8440000,-43.4540000,-12.9010000,-13.8010000,0.000000,0,0,0
26.640,6.2955000,-0.1765000,6.2757000,36.0260000,27.5574000,33.6761000,-43.7350000,-13.0900000,-13.9930000,0.000000,0,0,0
26.650,6.3074000,-0.1800000,6.2733000,36.0031000,27.7557000,33.5236000,-43.5530000,-13.0010000,-13.9980000,0.000000,0,0,0
26.660,6.3218000,-0.1812000,6.2721000,35.9344000,27.9617000,33.4244000,-43.5260000,-13.2020000,-13.8350000,0.000000,0,0,0
26.670,6.3326000,-0.1788000,6.2698000,35.8810000,28.1219000,33.3862000,-43.3280000,-13.2130000,-15.0680000,0.000000,0,0,0
26.680,6.3349000,-0.1645000,6.2674000,35.8582000,28.2059000,33.3939000,-43.6720000,-13.3580000,-14.3260000,0.000000,0,0,0
26.690,6.3278000,-0.1465000,6.2662000,35.8505000,28.2135000,33.4244000,-43.4630000,-13.1770000,-14.4390000,0.000000,0,0,0
26.700,6.3170000,-0.1298000,6.2674000,35.8658000,28.1754000,33.4625000,-43.6900000,-13.1670000,-14.7910000,0.000000,0,0,0
26.710,6.3074000,-0.1190000,6.2686000,35.8810000,28.0838000,33.5388000,-43.5830000,-13.3250000,-14.8380000,0.000000,0,0,0
26.720,6.3050000,-0.1166000,6.2698000,35.8734000,27.9770000,33.6761000,-43.3280000,-13.2560000,-14.5110000,0.000000,0,0,0
26.730,6.3098000,-0.1250000,6.2698000,35.8200000,27.8625000,33.8364000,-43.5580000,-13.1710000,-14.2000000,0.000000,0,0,0
26.740,6.3230000,-0.1382000,6.2686000,35.7513000,27.7863000,33.9737000,-43.4560000,-13.1690000,-13.8240000,0.000000,0,0,0
26.750,6.3349000,-0.1513000,6.2674000,35.6903000,27.7634000,34.0424000,-43.7470000,-13.1590000,-13.9720000,0.000000,0,0,0
26.760,6.3373000,-0.1609000,6.2662000,35.6674000,27.8015000,34.0042000,-43.3980000,-13.1680000,-14.5090000,0.000000,0,0,0
26.770,6.3290000,-0.1645000,6.2674000,35.6827000,27.8473000,33.8745000,-43.5290000,-13.4080000,-14.3980000,0.000000,0,0,0
26.780,6.3086000,-0.1645000,6.2709000,35.7361000,27.8397000,33.6990000,-43.5510000,-13.3360000,-14.1120000,0.000000,0,0,0
26.790,6.2847000,-0.1621000,6.2745000,35.7971000,27.7710000,33.5236000,-43.4920000,-12.8890000,-14.0320000,0.000000,0,0,0
26.800,6.2680000,-0.1585000,6.2781000,35.8658000,27.6794000,33.4167000,-43.4280000,-13.1190000,-14.1780000,0.000000,0,0,0
26.810,6.2620000,-0.1585000,6.2805000,35.9039000,27.5879000,33.3786000,-43.4920000,-13.3780000,-13.9330000,0.000000,0,0,0
26.820,6.2692000,-0.1597000,6.2793000,35.9116000,27.5345000,33.3939000,-43.5190000,-13.0170000,-13.2970000,0.000000,0,0,0
26.830,6.2859000,-0.1633000,6.2757000,35.8658000,27.5269000,33.4167000,-43.7550000,-13.2610000,-14.3510000,0.000000,0,0,0
26.840,6.3098000,-0.1681000,6.2721000,35.7971000,27.5574000,33.4167000,-43.5910000,-13.1250000,-14.0160000,0.000000,0,0,0
26.850,6.3290000,-0.1729000,6.2686000,35.7437000,27.6489000,33.3710000,-43.6290000,-12.9630000,-14.0430000,0.000000,0,0,0
26.860,6.3385000,-0.1753000,6.2674000,35.7361000,27.7710000,33.3099000,-43.4190000,-12.9950000,-13.7010000,0.000000,0,0,0
26.870,6.3385000,-0.1729000,6.2674000,35.7513000,27.9083000,33.2794000,-43.3780000,-13.1130000,-14.5330000,0.000000,0,0,0
26.880,6.3314000,-0.1681000,6.2674000,35.7895000,28.0228000,33.3099000,-43.4620000,-13.2610000,-14.2260000,0.000000,0,0,0
26.890,6.3170000,-0.1609000,6.2686000,35.8047000,28.0762000,33.4015000,-43.5640000,-13.0260000,-14.0930000,0.000000,0,0,0
26.900,6.3050000,-0.1501000,6.2698000,35.7971000,28.0762000,33.5617000,-43.5680000,-12.7840000,-14.2000000,0.000000,0,0,0
26.910,6.2967000,-0.1406000,6.2709000,35.7513000,27.9922000,33.7677000,-43.5630000,-13.3070000,-14.2790000,0.000000,0,0,0
26.920,6.2955000,-0.1334000,6.2709000,35.6674000,27.8549000,33.9737000,-43.4980000,-12.9590000,-14.5950000,0.000000,0,0,0
26.930,6.2979000,-0.1322000,6.2721000,35.5835000,27.7176000,34.1110000,-43.3150000,-12.9560000,-14.1820000,0.000000,0,0,0
26.940,6.3026000,-0.1370000,6.2721000,35.5453000,27.6031000,34.1644000,-43.5740000,-13.1510000,-14.5360000,0.000000,0,0,0
26.950,6.3050000,-0.1453000,6.2721000,35.5377000,27.5574000,34.1263000,-43.4840000,-13.7150000,-13.7410000,0.000000,0,0,0
26.960,6.3050000,-0.1537000,6.2733000,35.5911000,27.5803000,34.0347000,-43.5010000,-13.2730000,-13.8920000,0.000000,0,0,0
26.970,6.3026000,-0.1621000,6.2745000,35.6903000,27.6413000,33.9279000,-43.4310000,-13.3750000,-13.6720000,0.000000,0,0,0
26.980,6.2979000,-0.1669000,6.2745000,35.7895000,27.7176000,33.8211000,-43.3340000,-13.0100000,-13.8360000,0.000000,0,0,0
26.990,6.2943000,-0.1705000,6.2721000,35.8582000,27.7634000,33.7448000,-43.7530000,-13.2510000,-14.5010000,0.000000,0,0,0
27.000,6.2955000,-0.1717000,6.2698000,35.8963000,27.8015000,33.6914000,-43.5830000,-13.2690000,-14.0180000,0.000000,0,0,0
27.010,6.3050000,-0.1705000,6.2674000,35.8963000,27.8397000,33.6304000,-43.5160000,-13.2290000,-13.7400000,0.000000,0,0,0
27.020,6.3182000,-0.1681000,6.2662000,35.8810000,27.8931000,33.5464000,-43.2570000,-13.0990000,-13.9190000,0.000000,0,0,0
27.030,6.3266000,-0.1669000,6.2662000,35.8429000,27.9541000,33.4396000,-43.5160000,-13.2000000,-13.9190000,0.000000,0,0,0
27.040,6.3254000,-0.1681000,6.2662000,35.8047000,27.9770000,33.3710000,-43.1910000,-12.9740000,-14.0540000,0.000000,0,0,0
27.050,6.3170000,-0.1693000,6.2686000,35.7971000,27.9694000,33.3862000,-43.3710000,-13.0540000,-13.5930000,0.000000,0,0,0
27.060,6.3074000,-0.1657000,6.2709000,35.8124000,27.9388000,33.4854000,-43.3480000,-12.9610000,-13.9630000,0.000000,0,0,0
27.070,6.2919000,-0.1585000,6.2721000,35.8658000,27.9007000,33.7296000,-43.3900000,-13.0590000,-14.5130000,0.000000,0,0,0
27.080,6.2895000,-0.1537000,6.2721000,35.8734000,27.8549000,33.9050000,-43.7320000,-13.1230000,-14.1200000,0.000000,0,0,0
27.090,6.2943000,-0.1513000,6.2721000,35.8505000,27.8091000,34.0576000,-43.4940000,-13.2800000,-13.4220000,0.000000,0,0,0
27.100,6.3038000,-0.1537000,6.2709000,35.8200000,27.7939000,34.1187000,-43.7330000,-13.2240000,-13.8280000,0.000000,0,0,0
27.110,6.3122000,-0.1585000,6.2698000,35.8047000,27.8091000,34.1034000,-43.8030000,-13.3240000,-14.0360000,0.000000,0,0,0
27.120,6.3146000,-0.1669000,6.2698000,35.8124000,27.8397000,34.0729000,-43.6170000,-13.1730000,-13.4940000,0.000000,0,0,0
27.130,6.3098000,-0.1741000,6.2698000,35.8429000,27.8397000,34.0652000,-43.8140000,-13.2480000,-13.8530000,0.000000,0,0,0
27.140,6.3038000,-0.1753000,6.2709000,35.8887000,27.8244000,34.0729000,-43.5220000,-13.0350000,-13.7810000,0.000000,0,0,0
27.150,6.3003000,-0.1729000,6.2709000,35.8887000,27.8244000,34.0652000,-43.3850000,-13.4000000,-13.5660000,0.000000,0,0,0
27.160,6.3015000,-0.1705000,6.2721000,35.8734000,27.8244000,34.0500000,-43.7310000,-13.3950000,-13.9480000,0.000000,0,0,0
27.170,6.3050000,-0.1681000,6.2721000,35.8429000,27.7863000,34.0271000,-43.5420000,-13.0180000,-14.1190000,0.000000,0,0,0
27.180,6.3110000,-0.1693000,6.2686000,35.8200000,27.7328000,34.0042000,-43.4660000,-13.3380000,-14.5790000,0.000000,0,0,0
27.190,6.3146000,-0.1729000,6.2674000,35.8200000,27.7176000,33.9508000,-43.4480000,-13.2550000,-13.6520000,0.000000,0,0,0
27.200,6.3146000,-0.1753000,6.2686000,35.8505000,27.7405000,33.8898000,-43.2520000,-13.4180000,-13.8800000,0.000000,0,0,0
27.210,6.3122000,-0.1741000,6.2698000,35.9116000,27.7710000,33.8135000,-43.5270000,-13.3200000,-13.6450000,0.000000,0,0,0
27.220,6.3062000,-0.1717000,6.2709000,35.9650000,27.7786000,33.7524000,-43.5100000,-13.5180000,-13.9940000,0.000000,0,0,0
27.230,6.3026000,-0.1681000,6.2709000,35.9879000,27.7557000,33.7067000,-43.4280000,-12.9400000,-14.2830000,0.000000,0,0,0
27.240,6.3026000,-0.1633000,6.2709000,35.9497000,27.7405000,33.6456000,-43.4550000,-13.6140000,-13.8230000,0.000000,0,0,0
27.250,6.3086000,-0.1645000,6.2698000,35.8887000,27.7557000,33.5770000,-43.7200000,-13.3700000,-13.5520000,0.000000,0,0,0
27.260,6.3170000,-0.1681000,6.2686000,35.8124000,27.8091000,33.5007000,-43.3180000,-13.2110000,-13.7230000,0.000000,0,0,0
27.270,6.3254000,-0.1729000,6.2674000,35.7590000,27.8854000,33.4549000,-43.6770000,-13.5280000,-14.1840000,0.000000,0,0,0
27.280,6.3278000,-0.1753000,6.2662000,35.7437000,27.9541000,33.4396000,-43.5120000,-13.2390000,-13.6460000,0.000000,0,0,0
27.290,6.3242000,-0.1765000,6.2674000,35.7437000,27.9617000,33.4778000,-43.5770000,-13.2180000,-14.0290000,0.000000,0,0,0
27.300,6.3146000,-0.1765000,6.2686000,35.7590000,27.9312000,33.5541000,-43.5550000,-13.2910000,-13.9940000,0.000000,0,0,0
27.310,6.3050000,-0.1741000,6.2709000,35.7971000,27.9007000,33.6075000,-43.5890000,-13.4760000,-14.2440000,0.000000,0,0,0
27.320,6.3003000,-0.1681000,6.2721000,35.8276000,27.8931000,33.5999000,-43.1900000,-13.4270000,-13.5470000,0.000000,0,0,0
27.330,6.2991000,-0.1621000,6.2745000,35.8353000,27.9007000,33.5007000,-43.4980000,-13.5360000,-13.3780000,0.000000,0,0,0
27.340,6.2979000,-0.1597000,6.2745000,35.8276000,27.8931000,33.3710000,-43.4790000,-13.4870000,-14.8570000,0.000000,0,0,0
27.350,6.2955000,-0.1621000,6.2733000,35.7971000,27.8320000,33.2565000,-43.4920000,-13.6230000,-14.3120000,0.000000,0,0,0
27.360,6.2931000,-0.1633000,6.2733000,35.7666000,27.7328000,33.2031000,-43.6050000,-13.5420000,-14.2030000,0.000000,0,0,0
27.370,6.2883000,-0.1669000,6.2745000,35.7513000,27.6184000,33.2184000,-43.5630000,-13.5350000,-14.2780000,0.000000,0,0,0
27.380,6.2847000,-0.1693000,6.2757000,35.7437000,27.5421000,33.2565000,-43.3020000,-13.2800000,-13.6540000,0.000000,0,0,0
27.390,6.2847000,-0.1681000,6.2745000,35.7285000,27.5040000,33.2947000,-43.3790000,-13.4370000,-14.3380000,0.000000,0,0,0
27.400,6.2871000,-0.1657000,6.2733000,35.7208000,27.4887000,33.3252000,-43.2240000,-13.0440000,-14.1120000,0.000000,0,0,0
27.410,6.2943000,-0.1633000,6.2709000,35.7285000,27.5116000,33.3481000,-43.4960000,-13.0880000,-13.4580000,0.000000,0,0,0
27.420,6.3050000,-0.1633000,6.2686000,35.7666000,27.5574000,33.3710000,-43.5970000,-12.9590000,-13.9340000,0.000000,0,0,0
27.430,6.3146000,-0.1669000,6.2662000,35.8124000,27.5879000,33.4320000,-43.3530000,-13.0660000,-13.6420000,0.000000,0,0,0
27.440,6.3254000,-0.1705000,6.2626000,35.8582000,27.5955000,33.5159000,-43.7640000,-12.7740000,-14.2990000,0.000000,0,0,0
27.450,6.3361000,-0.1705000,6.2626000,35.9039000,27.6031000,33.5999000,-43.7270000,-12.6360000,-14.0140000,0.000000,0,0,0
27.460,6.3409000,-0.1693000,6.2614000,35.9192000,27.6413000,33.6380000,-43.4390000,-13.0510000,-13.8700000,0.000000,0,0,0
27.470,6.3361000,-0.1669000,6.2614000,35.9116000,27.7023000,33.6304000,-43.4120000,-13.3110000,-13.9530000,0.000000,0,0,0
27.480,6.3242000,-0.1645000,6.2626000,35.8963000,27.7786000,33.6151000,-43.6620000,-13.0240000,-14.5610000,0.000000,0,0,0
27.490,6.3122000,-0.1621000,6.2650000,35.8658000,27.8702000,33.5999000,-43.3100000,-13.1440000,-14.2630000,0.000000,0,0,0
27.500,6.3026000,-0.1621000,6.2674000,35.8582000,27.9541000,33.5922000,-43.6670000,-13.1360000,-14.3380000,0.000000,0,0,0
27.510,6.2955000,-0.1645000,6.2698000,35.8734000,27.9999000,33.5846000,-43.7010000,-13.3060000,-14.6490000,0.000000,0,0,0
27.520,6.2931000,-0.1669000,6.2721000,35.9116000,28.0304000,33.5770000,-43.4440000,-13.3510000,-14.3690000,0.000000,0,0,0
27.530,6.2919000,-0.1693000,6.2745000,35.9573000,28.0457000,33.5846000,-43.6430000,-13.2410000,-14.1920000,0.000000,0,0,0
27.540,6.2955000,-0.1693000,6.2757000,35.9879000,28.0304000,33.6380000,-43.3310000,-12.9490000,-14.7840000,0.000000,0,0,0
27.550,6.3003000,-0.1693000,6.2733000,35.9802000,27.9694000,33.7143000,-43.4700000,-12.9950000,-14.7990000,0.000000,0,0,0
27.560,6.3098000,-0.1729000,6.2709000,35.9726000,27.9007000,33.7906000,-43.4460000,-13.1940000,-14.1280000,0.000000,0,0,0
27.570,6.3230000,-0.1753000,6.2674000,35.9650000,27.8778000,33.8211000,-43.3380000,-13.1070000,-14.4470000,0.000000,0,0,0
27.580,6.3373000,-0.1788000,6.2650000,35.9573000,27.9160000,33.8058000,-43.4790000,-12.9620000,-13.8590000,0.000000,0,0,0
27.590,6.3493000,-0.1824000,6.2614000,35.9421000,28.0151000,33.7372000,-43.3540000,-13.5330000,-13.9820000,0.000000,0,0,0
27.600,6.3565000,-0.1824000,6.2602000,35.9116000,28.1525000,33.6380000,-43.5760000,-13.2180000,-13.9310000,0.000000,0,0,0
27.610,6.3565000,-0.1836000,6.2602000,35.8582000,28.2745000,33.5464000,-43.5410000,-13.3200000,-13.2960000,0.000000,0,0,0
27.620,6.3469000,-0.1824000,6.2626000,35.7971000,28.3127000,33.5083000,-43.5820000,-13.0730000,-14.5640000,0.000000,0,0,0
27.630,6.3314000,-0.1765000,6.2650000,35.7208000,28.2593000,33.5312000,-43.6360000,-13.2560000,-14.4490000,0.000000,0,0,0
27.640,6.3110000,-0.1693000,6.2674000,35.6140000,28.1296000,33.5770000,-43.7100000,-13.2450000,-14.6480000,0.000000,0,0,0
27.650,6.2895000,-0.1645000,6.2709000,35.5301000,27.9388000,33.6456000,-43.6770000,-13.0030000,-14.1210000,0.000000,0,0,0
27.660,6.2644000,-0.1645000,6.2745000,35.4843000,27.6031000,33.7448000,-43.6580000,-13.1190000,-14.2050000,0.000000,0,0,0
27.670,6.2632000,-0.1681000,6.2757000,35.5301000,27.4353000,33.7677000,-42.9470000,-13.5710000,-14.1230000,0.000000,0,0,0
27.680,6.2727000,-0.1717000,6.2757000,35.5911000,27.3895000,33.7143000,-43.0640000,-13.2920000,-14.2280000,0.000000,0,0,0
27.690,6.2871000,-0.1788000,6.2733000,35.6522000,27.4506000,33.5846000,-43.3630000,-13.1970000,-13.7910000,0.000000,0,0,0
27.700,6.3003000,-0.1824000,6.2698000,35.7056000,27.5726000,33.4167000,-43.4370000,-13.6750000,-13.9100000,0.000000,0,0,0
27.710,6.3098000,-0.1824000,6.2674000,35.7513000,27.7023000,33.2565000,-43.3950000,-13.4390000,-14.2130000,0.000000,0,0,0
27.720,6.3146000,-0.1800000,6.2674000,35.7819000,27.8091000,33.1573000,-43.3350000,-13.3640000,-13.7640000,0.000000,0,0,0
27.730,6.3122000,-0.1741000,6.2698000,35.8047000,27.8702000,33.1268000,-43.7580000,-13.3150000,-13.6230000,0.000000,0,0,0
27.740,6.3098000,-0.1645000,6.2721000,35.8276000,27.9312000,33.1421000,-43.3740000,-13.1440000,-14.1780000,0.000000,0,0,0
27.750,6.3062000,-0.1525000,6.2709000,35.8353000,27.9922000,33.1726000,-43.6160000,-13.4790000,-14.2550000,0.000000,0,0,0
27.760,6.3038000,-0.1453000,6.2709000,35.8276000,28.0457000,33.2413000,-43.3120000,-13.3400000,-13.8000000,0.000000,0,0,0
27.770,6.3062000,-0.1418000,6.2709000,35.7895000,28.0457000,33.3405000,-43.6510000,-12.9920000,-13.8790000,0.000000,0,0,0
27.780,6.3146000,-0.1418000,6.2686000,35.7437000,28.0075000,33.4549000,-43.5140000,-13.1690000,-14.0340000,0.000000,0,0,0
27.790,6.3218000,-0.1465000,6.2674000,35.7056000,27.9846000,33.5464000,-43.7200000,-13.2250000,-13.5930000,0.000000,0,0,0
27.800,6.3266000,-0.1513000,6.2662000,35.7056000,27.9694000,33.5922000,-43.6500000,-13.2410000,-14.8730000,0.000000,0,0,0
27.810,6.3242000,-0.1549000,6.2686000,35.7361000,27.9465000,33.5999000,-43.5760000,-13.2750000,-14.7270000,0.000000,0,0,0
27.820,6.3146000,-0.1585000,6.2698000,35.8200000,27.8778000,33.5770000,-43.5460000,-13.2430000,-13.7680000,0.000000,0,0,0
27.830,6.3050000,-0.1597000,6.2698000,35.8887000,27.8549000,33.5312000,-43.6850000,-13.0740000,-13.6510000,0.000000,0,0,0
27.840,6.2967000,-0.1597000,6.2709000,35.9268000,27.8549000,33.4625000,-43.4820000,-13.0160000,-13.8050000,0.000000,0,0,0
27.850,6.2919000,-0.1633000,6.2721000,35.9344000,27.8244000,33.4396000,-43.6830000,-13.3830000,-13.9360000,0.000000,0,0,0
27.860,6.2955000,-0.1705000,6.2709000,35.9116000,27.7710000,33.4702000,-43.0130000,-13.5360000,-13.3320000,0.000000,0,0,0
27.870,6.3050000,-0.1800000,6.2698000,35.8658000,27.7328000,33.5236000,-43.6340000,-13.2470000,-13.6800000,0.000000,0,0,0
27.880,6.3158000,-0.1896000,6.2686000,35.8276000,27.7328000,33.5770000,-43.3840000,-13.4190000,-13.7180000,0.000000,0,0,0
27.890,6.3254000,-0.1980000,6.2674000,35.7971000,27.7710000,33.6075000,-43.5160000,-13.4520000,-13.9210000,0.000000,0,0,0
27.900,6.3314000,-0.2016000,6.2662000,35.7819000,27.8702000,33.5693000,-43.4820000,-13.4110000,-14.3200000,0.000000,0,0,0
27.910,6.3302000,-0.1968000,6.2674000,35.7742000,28.0228000,33.4625000,-43.5010000,-13.4150000,-14.4730000,0.000000,0,0,0
27.920,6.3254000,-0.1872000,6.2686000,35.7666000,28.1601000,33.3252000,-43.6140000,-13.2910000,-13.9960000,0.000000,0,0,0
27.930,6.3194000,-0.1776000,6.2709000,35.7590000,28.2593000,33.2260000,-43.4520000,-13.3070000,-15.0760000,0.000000,0,0,0
27.940,6.3134000,-0.1705000,6.2721000,35.7285000,28.2593000,33.1955000,-43.2870000,-13.4160000,-14.4410000,0.000000,0,0,0
27.950,6.3086000,-0.1657000,6.2733000,35.6979000,28.1677000,33.2642000,-43.3490000,-13.1470000,-14.4600000,0.000000,0,0,0
27.960,6.3038000,-0.1621000,6.2745000,35.6903000,28.0304000,33.4167000,-43.3680000,-13.3110000,-14.9950000,0.000000,0,0,0
27.970,6.3015000,-0.1573000,6.2757000,35.7056000,27.9312000,33.5770000,-43.4280000,-13.2990000,-14.1030000,0.000000,0,0,0
27.980,6.2991000,-0.1525000,6.2745000,35.7285000,27.8625000,33.7296000,-43.3570000,-13.3350000,-14.0360000,0.000000,0,0,0
27.990,6.2967000,-0.1501000,6.2745000,35.7361000,27.8015000,33.8516000,-43.0580000,-13.2510000,-14.4440000,0.000000,0,0,0
28.000,6.2943000,-0.1513000,6.2733000,35.7437000,27.7405000,33.9203000,-43.3670000,-13.4530000,-14.4060000,0.000000,0,0,0
28.010,6.2943000,-0.1537000,6.2721000,35.7361000,27.6947000,33.9584000,-43.2270000,-13.4850000,-14.9130000,0.000000,0,0,0
28.020,6.2967000,-0.1609000,6.2721000,35.7361000,27.6794000,33.9584000,-43.2760000,-13.3480000,-14.6330000,0.000000,0,0,0
28.030,6.3026000,-0.1693000,6.2721000,35.7361000,27.6871000,33.9432000,-43.1650000,-13.4510000,-14.4940000,0.000000,0,0,0
28.040,6.3074000,-0.1765000,6.2733000,35.7437000,27.7405000,33.9279000,-43.4760000,-13.6700000,-13.9220000,0.000000,0,0,0
28.050,6.3134000,-0.1824000,6.2733000,35.7895000,27.8168000,33.9279000,-43.2000000,-13.1420000,-14.0820000,0.000000,0,0,0
28.060,6.3194000,-0.1884000,6.2709000,35.8353000,27.8397000,33.9432000,-43.2990000,-13.3920000,-14.2460000,0.000000,0,0,0
28.070,6.3254000,-0.1896000,6.2674000,35.8505000,27.8091000,33.9584000,-43.2470000,-13.3460000,-13.9740000,0.000000,0,0,0
28.080,6.3290000,-0.1872000,6.2674000,35.8276000,27.7710000,33.9355000,-42.9800000,-13.4960000,-13.6470000,0.000000,0,0,0
28.090,6.3278000,-0.1812000,6.2674000,35.7819000,27.7863000,33.8593000,-43.2680000,-13.2390000,-14.0160000,0.000000,0,0,0
28.100,6.3194000,-0.1753000,6.2686000,35.7132000,27.8320000,33.7524000,-43.0750000,-13.4110000,-14.1360000,0.000000,0,0,0
28.110,6.3098000,-0.1657000,6.2709000,35.6598000,27.8778000,33.6533000,-43.1940000,-13.2370000,-14.2460000,0.000000,0,0,0
28.120,6.3015000,-0.1537000,6.2709000,35.6750000,27.9770000,33.5693000,-43.0100000,-13.1020000,-13.5530000,0.000000,0,0,0
28.130,6.3003000,-0.1477000,6.2733000,35.7590000,28.1067000,33.4778000,-43.1970000,-13.1890000,-13.2800000,0.000000,0,0,0
28.140,6.2967000,-0.1430000,6.2745000,35.8353000,28.1830000,33.4473000,-43.5380000,-13.3660000,-14.4050000,0.000000,0,0,0
28.150,6.2943000,-0.1453000,6.2757000,35.9116000,28.1677000,33.5159000,-42.8650000,-13.3510000,-14.0940000,0.000000,0,0,0
28.160,6.2967000,-0.1513000,6.2757000,35.9497000,28.0762000,33.6456000,-43.0720000,-13.2220000,-14.2510000,0.000000,0,0,0
28.170,6.3038000,-0.1573000,6.2733000,35.9268000,27.9694000,33.7524000,-43.2020000,-13.4100000,-14.2580000,0.000000,0,0,0
28.180,6.3122000,-0.1669000,6.2709000,35.8582000,27.9083000,33.7830000,-43.5000000,-13.3000000,-13.8140000,0.000000,0,0,0
28.190,6.3170000,-0.1765000,6.2686000,35.7742000,27.9007000,33.7372000,-43.2190000,-13.2400000,-13.7860000,0.000000,0,0,0
28.200,6.3170000,-0.1848000,6.2674000,35.6903000,27.9312000,33.6838000,-43.5230000,-13.2500000,-14.0120000,0.000000,0,0,0
28.210,6.3146000,-0.1896000,6.2698000,35.6445000,27.9694000,33.6685000,-43.1470000,-13.2970000,-14.0540000,0.000000,0,0,0
28.220,6.3086000,-0.1920000,6.2721000,35.6369000,28.0304000,33.6914000,-43.0520000,-13.1150000,-13.9380000,0.000000,0,0,0
28.230,6.3015000,-0.1908000,6.2757000,35.6674000,28.1143000,33.7219000,-42.8190000,-13.3190000,-13.6640000,0.000000,0,0,0
28.240,6.2943000,-0.1884000,6.2793000,35.7208000,28.1677000,33.7677000,-43.0990000,-13.1770000,-13.6800000,0.000000,0,0,0
28.250,6.2883000,-0.1824000,6.2793000,35.7971000,28.1525000,33.8287000,-42.7930000,-13.3070000,-13.6920000,0.000000,0,0,0
28.260,6.2919000,-0.1788000,6.2769000,35.8200000,28.1219000,33.8135000,-43.3240000,-13.1950000,-13.8350000,0.000000,0,0,0
28.270,6.2991000,-0.1765000,6.2781000,35.8124000,28.1372000,33.7296000,-43.3240000,-13.3810000,-14.0780000,0.000000,0,0,0
28.280,6.2991000,-0.1741000,6.2817000,35.7971000,28.1982000,33.6304000,-43.1070000,-13.6750000,-13.3040000,0.000000,0,0,0
28.290,6.3110000,-0.1717000,6.2769000,35.7819000,28.2288000,33.5541000,-43.4200000,-13.6650000,-13.8370000,0.000000,0,0,0
28.300,6.3110000,-0.1693000,6.2757000,35.7437000,28.2211000,33.4396000,-43.3160000,-13.2360000,-13.6530000,0.000000,0,0,0
28.310,6.3074000,-0.1657000,6.2781000,35.7132000,28.2364000,33.3786000,-42.8800000,-13.2880000,-13.6940000,0.000000,0,0,0
28.320,6.3003000,-0.1645000,6.2805000,35.7056000,28.2516000,33.3633000,-43.1950000,-13.2160000,-13.8750000,0.000000,0,0,0
28.330,6.2919000,-0.1633000,6.2805000,35.7208000,28.2440000,33.4167000,-43.1140000,-13.1840000,-14.3030000,0.000000,0,0,0
28.340,6.2871000,-0.1633000,6.2793000,35.7513000,28.1906000,33.5083000,-43.4820000,-13.3090000,-13.2910000,0.000000,0,0,0
28.350,6.2859000,-0.1645000,6.2805000,35.7971000,28.0991000,33.5846000,-43.1630000,-13.4720000,-14.0610000,0.000000,0,0,0
28.360,6.2883000,-0.1669000,6.2829000,35.8429000,27.9999000,33.6227000,-43.4690000,-13.3960000,-13.8800000,0.000000,0,0,0
28.370,6.2919000,-0.1681000,6.2793000,35.8658000,27.9465000,33.6151000,-43.4840000,-13.2400000,-13.9870000,0.000000,0,0,0
28.380,6.2967000,-0.1753000,6.2769000,35.8047000,28.0151000,33.5617000,-43.1190000,-13.4270000,-13.4660000,0.000000,0,0,0
28.390,6.3003000,-0.1836000,6.2781000,35.7971000,28.0228000,33.5464000,-43.2310000,-12.9360000,-14.0960000,0.000000,0,0,0
28.400,6.3050000,-0.1896000,6.2805000,35.7819000,28.0228000,33.5541000,-43.1870000,-13.3950000,-14.9380000,0.000000,0,0,0
28.410,6.3062000,-0.1968000,6.2817000,35.7742000,28.0380000,33.5922000,-43.1580000,-13.5460000,-14.1900000,0.000000,0,0,0
28.420,6.3074000,-0.1980000,6.2805000,35.7819000,28.0991000,33.6533000,-43.3670000,-13.4820000,-13.8360000,0.000000,0,0,0
28.430,6.3050000,-0.1944000,6.2829000,35.7971000,28.1296000,33.7448000,-43.3590000,-13.2940000,-13.7050000,0.000000,0,0,0
28.440,6.3015000,-0.1884000,6.2841000,35.8200000,28.0914000,33.8516000,-43.2970000,-13.6280000,-13.5910000,0.000000,0,0,0
28.450,6.3003000,-0.1765000,6.2841000,35.8505000,28.0380000,33.9355000,-43.3890000,-13.5320000,-13.0800000,0.000000,0,0,0
28.460,6.3026000,-0.1681000,6.2817000,35.8582000,27.9999000,33.9737000,-43.1610000,-13.0570000,-13.8250000,0.000000,0,0,0
28.470,6.3050000,-0.1645000,6.2793000,35.8582000,27.9465000,33.9966000,-43.3100000,-13.3380000,-14.1280000,0.000000,0,0,0
28.480,6.3098000,-0.1669000,6.2793000,35.8276000,27.8702000,34.0500000,-43.4630000,-13.1400000,-13.4530000,0.000000,0,0,0
28.490,6.3146000,-0.1729000,6.2781000,35.7590000,27.7863000,34.1110000,-43.8160000,-13.3290000,-14.0140000,0.000000,0,0,0
28.500,6.3110000,-0.1812000,6.2793000,35.6674000,27.7100000,34.1797000,-43.5690000,-13.3240000,-14.1870000,0.000000,0,0,0
28.510,6.3050000,-0.1884000,6.2817000,35.5835000,27.6871000,34.2255000,-43.5460000,-13.3600000,-13.4070000,0.000000,0,0,0
28.520,6.2943000,-0.1908000,6.2877000,35.5377000,27.7100000,34.1797000,-43.5650000,-13.2200000,-14.0150000,0.000000,0,0,0
28.530,6.2835000,-0.1908000,6.2901000,35.5530000,27.7863000,34.0424000,-43.3830000,-13.0880000,-13.9210000,0.000000,0,0,0
28.540,6.2727000,-0.1872000,6.2901000,35.6140000,27.9007000,33.8135000,-43.6580000,-13.6010000,-13.5740000,0.000000,0,0,0
28.550,6.2668000,-0.1860000,6.2925000,35.7285000,28.0075000,33.5617000,-43.4260000,-13.6840000,-13.2920000,0.000000,0,0,0
28.560,6.2668000,-0.1848000,6.2949000,35.8658000,28.0762000,33.3939000,-43.1890000,-13.4390000,-12.9160000,0.000000,0,0,0
28.570,6.2739000,-0.1836000,6.2937000,35.9955000,28.1143000,33.3328000,-43.2180000,-13.3160000,-13.2690000,0.000000,0,0,0
28.580,6.2847000,-0.1788000,6.2889000,36.0718000,28.1219000,33.3710000,-43.4030000,-13.6840000,-13.4540000,0.000000,0,0,0
28.590,6.3003000,-0.1741000,6.2829000,36.0870000,28.0914000,33.4549000,-43.3600000,-13.5030000,-13.5950000,0.000000,0,0,0
28.600,6.3146000,-0.1705000,6.2781000,36.0641000,27.9999000,33.5388000,-43.1780000,-13.5300000,-13.4660000,0.000000,0,0,0
28.610,6.3290000,-0.1693000,6.2745000,36.0260000,27.8931000,33.5617000,-43.2170000,-13.4820000,-13.1060000,0.000000,0,0,0
28.620,6.3397000,-0.1693000,6.2721000,35.9726000,27.8549000,33.5007000,-43.6860000,-13.4280000,-13.6970000,0.000000,0,0,0
28.630,6.3421000,-0.1729000,6.2709000,35.8505000,27.9160000,33.3633000,-43.7210000,-13.3910000,-14.4130000,0.000000,0,0,0
28.640,6.3349000,-0.1800000,6.2721000,35.7513000,27.9694000,33.2718000,-43.6460000,-13.4750000,-13.4660000,0.000000,0,0,0
28.650,6.3206000,-0.1848000,6.2769000,35.6827000,28.0075000,33.2870000,-43.4720000,-13.5280000,-13.9910000,0.000000,0,0,0
28.660,6.3038000,-0.1896000,6.2805000,35.6598000,28.0075000,33.3862000,-43.5740000,-13.5100000,-13.8960000,0.000000,0,0,0
28.670,6.2847000,-0.1920000,6.2841000,35.6598000,27.9617000,33.5617000,-43.4120000,-13.3680000,-13.6380000,0.000000,0,0,0
28.680,6.2680000,-0.1884000,6.2877000,35.6750000,27.8778000,33.7524000,-43.9070000,-13.7290000,-13.5710000,0.000000,0,0,0
28.690,6.2572000,-0.1824000,6.2901000,35.7208000,27.7252000,33.9203000,-43.6060000,-13.3540000,-13.6110000,0.000000,0,0,0
28.700,6.2572000,-0.1776000,6.2901000,35.7666000,27.5726000,33.9737000,-43.5280000,-13.4130000,-13.8950000,0.000000,0,0,0
28.710,6.2668000,-0.1765000,6.2889000,35.7895000,27.4658000,33.8745000,-43.7720000,-13.1760000,-13.8920000,0.000000,0,0,0
28.720,6.2787000,-0.1788000,6.2865000,35.7971000,27.4506000,33.6685000,-43.2910000,-13.1310000,-13.8010000,0.000000,0,0,0
28.730,6.2931000,-0.1872000,6.2841000,35.7819000,27.5192000,33.4396000,-43.4930000,-13.3260000,-13.6730000,0.000000,0,0,0
28.740,6.3062000,-0.1956000,6.2817000,35.7666000,27.6337000,33.2642000,-43.3950000,-13.4010000,-13.3510000,0.000000,0,0,0
28.750,6.3146000,-0.2004000,6.2805000,35.7513000,27.7557000,33.1879000,-43.2560000,-13.5280000,-13.4580000,0.000000,0,0,0
28.760,6.3182000,-0.2004000,6.2805000,35.7361000,27.8702000,33.1955000,-43.3970000,-13.5540000,-13.8220000,0.000000,0,0,0
28.770,6.3158000,-0.1956000,6.2805000,35.7285000,27.9236000,33.2642000,-43.3260000,-13.6700000,-13.9790000,0.000000,0,0,0
28.780,6.3110000,-0.1896000,6.2793000,35.7285000,27.9083000,33.3633000,-43.6720000,-13.5510000,-14.2660000,0.000000,0,0,0
28.790,6.3050000,-0.1824000,6.2781000,35.7437000,27.8778000,33.4549000,-43.4600000,-13.5830000,-13.7370000,0.000000,0,0,0
28.800,6.2991000,-0.1765000,6.2805000,35.7513000,27.8625000,33.5159000,-43.6240000,-13.3160000,-13.4130000,0.000000,0,0,0
28.810,6.2919000,-0.1729000,6.2817000,35.7666000,27.8473000,33.5922000,-43.3670000,-13.4370000,-13.1770000,0.000000,0,0,0
28.820,6.2871000,-0.1717000,6.2817000,35.7742000,27.8473000,33.6914000,-43.5290000,-13.6660000,-13.5870000,0.000000,0,0,0
28.830,6.2859000,-0.1705000,6.2805000,35.7895000,27.8778000,33.7982000,-43.4700000,-13.3760000,-13.4760000,0.000000,0,0,0
28.840,6.2859000,-0.1705000,6.2817000,35.8047000,27.8931000,33.8898000,-43.4330000,-13.5830000,-13.8020000,0.000000,0,0,0
28.850,6.2859000,-0.1741000,6.2781000,35.8429000,27.8015000,33.9813000,-43.3600000,-13.4170000,-14.1290000,0.000000,0,0,0
28.860,6.2919000,-0.1765000,6.2757000,35.8276000,27.7481000,33.9737000,-43.6000000,-13.3340000,-13.8230000,0.000000,0,0,0
28.870,6.2979000,-0.1776000,6.2757000,35.7971000,27.7481000,33.8898000,-43.5070000,-13.4850000,-14.2510000,0.000000,0,0,0
28.880,6.3015000,-0.1812000,6.2793000,35.7666000,27.7557000,33.7677000,-43.5960000,-13.3290000,-13.8550000,0.000000,0,0,0
28.890,6.3026000,-0.1884000,6.2817000,35.7513000,27.7863000,33.6533000,-43.3810000,-13.3510000,-13.5620000,0.000000,0,0,0
28.900,6.3003000,-0.1968000,6.2829000,35.7513000,27.8702000,33.5541000,-43.4280000,-13.2470000,-14.2030000,0.000000,0,0,0
28.910,6.2991000,-0.2028000,6.2841000,35.7590000,27.9999000,33.4854000,-43.4500000,-13.1910000,-13.6400000,0.000000,0,0,0
28.920,6.2991000,-0.2064000,6.2829000,35.7819000,28.0762000,33.4854000,-43.6620000,-13.3320000,-13.8660000,0.000000,0,0,0
28.930,6.3003000,-0.2064000,6.2793000,35.7895000,28.0533000,33.5388000,-43.7750000,-13.3660000,-13.7750000,0.000000,0,0,0
28.940,6.3050000,-0.2028000,6.2757000,35.7819000,27.9922000,33.5922000,-43.4450000,-13.4150000,-13.5070000,0.000000,0,0,0
28.950,6.3074000,-0.1956000,6.2745000,35.7513000,27.9694000,33.5999000,-43.3230000,-13.4230000,-13.6580000,0.000000,0,0,0
28.960,6.3062000,-0.1884000,6.2757000,35.7056000,27.9770000,33.5617000,-43.2400000,-13.7430000,-13.9670000,0.000000,0,0,0
28.970,6.3026000,-0.1836000,6.2781000,35.6522000,27.9846000,33.5083000,-43.1380000,-13.3580000,-14.0830000,0.000000,0,0,0
28.980,6.2955000,-0.1776000,6.2817000,35.6216000,27.9312000,33.4778000,-43.3290000,-13.5500000,-14.8470000,0.000000,0,0,0
28.990,6.2859000,-0.1753000,6.2841000,35.6064000,27.8168000,33.4930000,-43.2440000,-13.3580000,-14.6460000,0.000000,0,0,0
29.000,6.2787000,-0.1753000,6.2865000,35.6369000,27.6642000,33.5388000,-43.4880000,-13.2720000,-14.5590000,0.000000,0,0,0
29.010,6.2787000,-0.1753000,6.2877000,35.6979000,27.5345000,33.5922000,-43.7170000,-13.4370000,-14.7010000,0.000000,0,0,0
29.020,6.2847000,-0.1788000,6.2853000,35.7742000,27.4811000,33.6227000,-43.2870000,-13.6670000,-13.8460000,0.000000,0,0,0
29.030,6.2931000,-0.1824000,6.2829000,35.8353000,27.4734000,33.6227000,-43.1230000,-13.5740000,-14.1410000,0.000000,0,0,0
29.040,6.3026000,-0.1872000,6.2805000,35.8505000,27.4963000,33.5922000,-43.4330000,-13.4900000,-14.1020000,0.000000,0,0,0
29.050,6.3098000,-0.1908000,6.2793000,35.8124000,27.5192000,33.5388000,-43.3710000,-13.1970000,-14.4400000,0.000000,0,0,0
29.060,6.3110000,-0.1956000,6.2781000,35.7132000,27.5421000,33.5007000,-43.1450000,-13.4590000,-13.9540000,0.000000,0,0,0
29.070,6.3086000,-0.1980000,6.2793000,35.5988000,27.5574000,33.4778000,-43.3060000,-13.4260000,-14.1530000,0.000000,0,0,0
29.080,6.3050000,-0.1992000,6.2793000,35.4996000,27.6031000,33.4320000,-43.5680000,-13.1510000,-14.2300000,0.000000,0,0,0
29.090,6.2991000,-0.1980000,6.2793000,35.4156000,27.7176000,33.3328000,-43.2840000,-13.3120000,-14.7150000,0.000000,0,0,0
29.100,6.2943000,-0.1920000,6.2805000,35.3851000,27.8549000,33.2489000,-43.2580000,-13.1770000,-14.4490000,0.000000,0,0,0
29.110,6.2931000,-0.1812000,6.2805000,35.3775000,28.0380000,33.1421000,-43.2630000,-13.0390000,-13.5140000,0.000000,0,0,0
29.120,6.2859000,-0.1788000,6.2805000,35.4538000,28.1143000,33.1116000,-43.2660000,-13.4570000,-13.8130000,0.000000,0,0,0
29.130,6.2895000,-0.1741000,6.2805000,35.5530000,28.0685000,33.1726000,-43.3860000,-13.3420000,-13.5750000,0.000000,0,0,0
29.140,6.2943000,-0.1729000,6.2781000,35.6598000,27.9922000,33.2718000,-43.1890000,-13.4960000,-13.7410000,0.000000,0,0,0
29.150,6.3038000,-0.1741000,6.2757000,35.7437000,27.9160000,33.4015000,-43.1110000,-13.2100000,-13.6210000,0.000000,0,0,0
29.160,6.3158000,-0.1741000,6.2757000,35.7666000,27.8702000,33.5236000,-43.4290000,-13.1840000,-14.0270000,0.000000,0,0,0
29.170,6.3218000,-0.1788000,6.2757000,35.7819000,27.8244000,33.6304000,-43.2430000,-13.2700000,-13.8820000,0.000000,0,0,0
29.180,6.3254000,-0.1848000,6.2757000,35.7895000,27.7939000,33.7296000,-43.4810000,-13.3940000,-13.4110000,0.000000,0,0,0
29.190,6.3194000,-0.1896000,6.2769000,35.8047000,27.7786000,33.8135000,-43.3320000,-13.1140000,-14.0190000,0.000000,0,0,0
29.200,6.3062000,-0.1932000,6.2793000,35.8429000,27.7405000,33.9127000,-43.5780000,-13.3470000,-13.9400000,0.000000,0,0,0
29.210,6.2919000,-0.1932000,6.2829000,35.9116000,27.6947000,34.0195000,-43.4400000,-13.2300000,-13.6220000,0.000000,0,0,0
29.220,6.2823000,-0.1932000,6.2841000,35.9497000,27.7023000,34.1110000,-43.2650000,-13.5290000,-14.1040000,0.000000,0,0,0
29.230,6.2799000,-0.1920000,6.2865000,35.9573000,27.7252000,34.1415000,-43.2650000,-13.4290000,-14.3180000,0.000000,0,0,0
29.240,6.2811000,-0.1956000,6.2853000,35.9344000,27.7328000,34.1415000,-43.3440000,-13.4720000,-13.6510000,0.000000,0,0,0
29.250,6.2871000,-0.2016000,6.2853000,35.9039000,27.7634000,34.0958000,-43.4730000,-13.2270000,-14.0350000,0.000000,0,0,0
29.260,6.2943000,-0.2052000,6.2841000,35.8887000,27.8473000,34.0042000,-43.3650000,-13.4350000,-13.7190000,0.000000,0,0,0
29.270,6.2991000,-0.2088000,6.2817000,35.8658000,27.9922000,33.8898000,-43.3920000,-13.4480000,-13.4680000,0.000000,0,0,0
29.280,6.3015000,-0.2076000,6.2781000,35.8505000,28.1296000,33.7982000,-43.0350000,-13.1910000,-13.5300000,0.000000,0,0,0
29.290,6.3015000,-0.2028000,6.2757000,35.8658000,28.1830000,33.7601000,-43.4940000,-13.3130000,-13.4130000,0.000000,0,0,0
29.300,6.3015000,-0.1920000,6.2793000,35.8810000,28.1754000,33.7372000,-43.3270000,-13.3680000,-13.4890000,0.000000,0,0,0
29.310,6.3015000,-0.1812000,6.2805000,35.8734000,28.1296000,33.7067000,-43.3120000,-13.2680000,-12.9310000,0.000000,0,0,0
29.320,6.3003000,-0.1753000,6.2793000,35.8429000,28.0762000,33.6685000,-43.7210000,-13.0950000,-13.1830000,0.000000,0,0,0
29.330,6.3026000,-0.1729000,6.2805000,35.8200000,28.0151000,33.6304000,-43.3490000,-13.2170000,-13.5070000,0.000000,0,0,0
29.340,6.3074000,-0.1741000,6.2817000,35.8124000,27.9617000,33.5922000,-43.6240000,-13.3570000,-14.1060000,0.000000,0,0,0
29.350,6.3086000,-0.1776000,6.2841000,35.8276000,27.9007000,33.5693000,-43.3260000,-13.6060000,-13.6150000,0.000000,0,0,0
29.360,6.3015000,-0.1836000,6.2829000,35.8658000,27.8473000,33.5922000,-43.4270000,-13.5270000,-13.6050000,0.000000,0,0,0
29.370,6.2919000,-0.1884000,6.2829000,35.8887000,27.7939000,33.6609000,-43.3010000,-13.3220000,-13.4520000,0.000000,0,0,0
29.380,6.2835000,-0.1884000,6.2853000,35.9039000,27.7405000,33.7448000,-43.1700000,-13.7650000,-13.0320000,0.000000,0,0,0
29.390,6.2811000,-0.1884000,6.2865000,35.8887000,27.7023000,33.7982000,-43.1620000,-13.5060000,-13.6510000,0.000000,0,0,0
29.400,6.2835000,-0.1920000,6.2829000,35.8505000,27.7176000,33.7982000,-43.1960000,-13.4380000,-12.6940000,0.000000,0,0,0
29.410,6.2907000,-0.1968000,6.2793000,35.7971000,27.7710000,33.7448000,-43.4450000,-13.5020000,-13.1980000,0.000000,0,0,0
29.420,6.2979000,-0.2004000,6.2793000,35.7666000,27.8473000,33.6685000,-43.6060000,-13.0520000,-13.7990000,0.000000,0,0,0
29.430,6.3038000,-0.2052000,6.2805000,35.7971000,27.9388000,33.6151000,-43.1150000,-13.5590000,-13.8980000,0.000000,0,0,0
29.440,6.3050000,-0.2028000,6.2793000,35.8658000,28.0533000,33.5922000,-43.4260000,-13.4750000,-13.9950000,0.000000,0,0,0
29.450,6.3038000,-0.1944000,6.2793000,35.9573000,28.1982000,33.6151000,-43.2430000,-13.6290000,-14.2680000,0.000000,0,0,0
29.460,6.3038000,-0.1896000,6.2805000,35.9650000,28.1830000,33.6533000,-43.3740000,-13.4590000,-13.9220000,0.000000,0,0,0
29.470,6.3062000,-0.1872000,6.2817000,35.9039000,28.0914000,33.6990000,-43.2500000,-13.0890000,-13.8090000,0.000000,0,0,0
29.480,6.3062000,-0.1896000,6.2817000,35.7895000,27.9922000,33.7448000,-43.2160000,-13.3720000,-14.2480000,0.000000,0,0,0
29.490,6.3026000,-0.1968000,6.2829000,35.6598000,27.8854000,33.7982000,-43.3860000,-13.5720000,-13.7840000,0.000000,0,0,0
29.500,6.2991000,-0.2064000,6.2829000,35.5835000,27.7557000,33.8745000,-43.2070000,-13.6140000,-13.6150000,0.000000,0,0,0
29.510,6.3003000,-0.2147000,6.2817000,35.5911000,27.6489000,33.9127000,-43.2120000,-13.6280000,-13.7490000,0.000000,0,0,0
29.520,6.3038000,-0.2219000,6.2805000,35.6598000,27.5879000,33.8974000,-43.2710000,-13.6510000,-14.0870000,0.000000,0,0,0
29.530,6.3050000,-0.2243000,6.2805000,35.7742000,27.5879000,33.8440000,-43.1000000,-13.2550000,-13.9070000,0.000000,0,0,0
29.540,6.3026000,-0.2231000,6.2817000,35.9268000,27.6260000,33.7982000,-43.1000000,-13.3350000,-13.8520000,0.000000,0,0,0
29.550,6.2967000,-0.2171000,6.2841000,36.0794000,27.7405000,33.7982000,-42.9160000,-13.0990000,-13.9940000,0.000000,0,0,0
29.560,6.2895000,-0.2076000,6.2853000,36.1557000,27.8778000,33.8440000,-42.9750000,-13.0430000,-14.0190000,0.000000,0,0,0
29.570,6.2871000,-0.1980000,6.2841000,36.1481000,27.9617000,33.9203000,-43.0520000,-13.2430000,-14.0430000,0.000000,0,0,0
29.580,6.2955000,-0.1872000,6.2817000,36.0565000,27.9694000,33.9890000,-43.0630000,-13.3540000,-14.3250000,0.000000,0,0,0
29.590,6.3098000,-0.1788000,6.2793000,35.9268000,27.9465000,34.0042000,-42.7640000,-13.2630000,-13.8900000,0.000000,0,0,0
29.600,6.3218000,-0.1741000,6.2769000,35.7971000,27.9617000,33.9508000,-43.2050000,-13.3320000,-14.0700000,0.000000,0,0,0
29.610,6.3230000,-0.1776000,6.2781000,35.6903000,28.0228000,33.8898000,-43.4820000,-13.5750000,-14.1590000,0.000000,0,0,0
29.620,6.3098000,-0.1836000,6.2817000,35.6445000,28.0609000,33.9050000,-43.0510000,-13.1420000,-13.6340000,0.000000,0,0,0
29.630,6.2895000,-0.1872000,6.2865000,35.6445000,28.0380000,34.0347000,-43.4700000,-13.1160000,-13.9550000,0.000000,0,0,0
29.640,6.2715000,-0.1860000,6.2877000,35.6750000,27.9846000,34.1949000,-43.3270000,-13.5270000,-13.8970000,0.000000,0,0,0
29.650,6.2608000,-0.1812000,6.2865000,35.6674000,27.9388000,34.3018000,-43.3300000,-13.1000000,-14.0300000,0.000000,0,0,0
29.660,6.2596000,-0.1753000,6.2865000,35.6293000,27.8702000,34.3094000,-43.3750000,-13.0290000,-13.8870000,0.000000,0,0,0
29.670,6.2644000,-0.1788000,6.2853000,35.5911000,27.7710000,34.2484000,-43.3820000,-13.1000000,-13.8900000,0.000000,0,0,0
29.680,6.2751000,-0.1884000,6.2829000,35.5911000,27.6947000,34.1415000,-43.3780000,-13.4210000,-13.5040000,0.000000,0,0,0
29.690,6.2883000,-0.2016000,6.2793000,35.6522000,27.6794000,34.0195000,-43.1480000,-13.2980000,-13.9850000,0.000000,0,0,0
29.700,6.3003000,-0.2159000,6.2769000,35.7742000,27.7252000,33.9050000,-43.4360000,-13.5280000,-14.0180000,0.000000,0,0,0
29.710,6.3050000,-0.2231000,6.2781000,35.9116000,27.8015000,33.8058000,-43.2180000,-13.3030000,-14.0810000,0.000000,0,0,0
29.720,6.3038000,-0.2255000,6.2805000,36.0107000,27.8931000,33.7143000,-43.3180000,-13.1510000,-14.0440000,0.000000,0,0,0
29.730,6.2979000,-0.2231000,6.2829000,36.0184000,27.9541000,33.6380000,-43.4600000,-13.0990000,-13.8370000,0.000000,0,0,0
29.740,6.2931000,-0.2195000,6.2853000,35.9421000,27.9617000,33.5770000,-43.3440000,-13.5080000,-13.4650000,0.000000,0,0,0
29.750,6.2931000,-0.2159000,6.2877000,35.8353000,27.9388000,33.5464000,-43.4030000,-13.2650000,-12.9120000,0.000000,0,0,0
29.760,6.2955000,-0.2171000,6.2877000,35.7208000,27.9236000,33.5388000,-43.0910000,-13.2310000,-12.9380000,0.000000,0,0,0
29.770,6.3003000,-0.2231000,6.2853000,35.6598000,27.9312000,33.5541000,-43.2970000,-13.3600000,-13.5300000,0.000000,0,0,0
29.780,6.3086000,-0.2279000,6.2817000,35.6445000,27.9465000,33.5922000,-43.3070000,-13.2760000,-12.5680000,0.000000,0,0,0
29.790,6.3158000,-0.2291000,6.2793000,35.6674000,27.9465000,33.6304000,-43.4310000,-13.4380000,-13.3740000,0.000000,0,0,0
29.800,6.3170000,-0.2255000,6.2769000,35.6903000,27.9541000,33.6685000,-43.4920000,-13.2820000,-13.4750000,0.000000,0,0,0
29.810,6.3134000,-0.2171000,6.2769000,35.6979000,27.9465000,33.6838000,-43.0900000,-13.3970000,-13.9080000,0.000000,0,0,0
29.820,6.3026000,-0.2040000,6.2793000,35.6979000,27.9236000,33.6609000,-43.4400000,-13.2150000,-14.0670000,0.000000,0,0,0
29.830,6.2895000,-0.1908000,6.2829000,35.6903000,27.8931000,33.5922000,-43.2870000,-13.5090000,-13.3710000,0.000000,0,0,0
29.840,6.2775000,-0.1824000,6.2853000,35.6979000,27.8244000,33.5159000,-43.3950000,-13.3780000,-13.1830000,0.000000,0,0,0
29.850,6.2715000,-0.1788000,6.2853000,35.7361000,27.7405000,33.4702000,-43.4710000,-13.3480000,-13.2940000,0.000000,0,0,0
29.860,6.2727000,-0.1812000,6.2841000,35.8047000,27.6718000,33.4473000,-43.2110000,-13.4030000,-13.2510000,0.000000,0,0,0
29.870,6.2787000,-0.1872000,6.2829000,35.8963000,27.6031000,33.4702000,-43.1100000,-13.3870000,-13.5000000,0.000000,0,0,0
29.880,6.2919000,-0.1908000,6.2793000,35.9726000,27.5345000,33.5236000,-43.5630000,-13.4980000,-13.3760000,0.000000,0,0,0
29.890,6.3038000,-0.1956000,6.2781000,35.9955000,27.5116000,33.5464000,-43.1660000,-13.2290000,-13.5930000,0.000000,0,0,0
29.900,6.3122000,-0.2016000,6.2769000,35.9650000,27.5269000,33.5236000,-43.3910000,-13.4330000,-13.3300000,0.000000,0,0,0
29.910,6.3182000,-0.2111000,6.2781000,35.9116000,27.5192000,33.4549000,-43.3850000,-13.2890000,-13.8970000,0.000000,0,0,0
29.920,6.3242000,-0.2219000,6.2793000,35.8658000,27.5192000,33.3481000,-43.4050000,-13.1590000,-13.7760000,0.000000,0,0,0
29.930,6.3266000,-0.2363000,6.2805000,35.8353000,27.5879000,33.1955000,-43.4470000,-13.5680000,-13.8410000,0.000000,0,0,0
29.940,6.3218000,-0.2518000,6.2817000,35.8353000,27.7481000,33.0582000,-43.6470000,-13.4890000,-14.0570000,0.000000,0,0,0
29.950,6.3098000,-0.2614000,6.2853000,35.8582000,27.9617000,32.9590000,-43.4230000,-13.3140000,-14.2240000,0.000000,0,0,0
29.960,6.2943000,-0.2614000,6.2853000,35.9268000,28.1448000,32.9437000,-43.7420000,-13.4400000,-13.7610000,0.000000,0,0,0
29.970,6.2823000,-0.2446000,6.2841000,36.0107000,28.2974000,33.0048000,-43.1530000,-13.6030000,-13.8670000,0.000000,0,0,0
29.980,6.2775000,-0.2159000,6.2829000,36.0870000,28.4119000,33.0887000,-43.0970000,-13.4250000,-13.3750000,0.000000,0,0,0
29.990,6.2811000,-0.1824000,6.2817000,36.1404000,28.4576000,33.1802000,-43.5090000,-13.5750000,-13.5840000,0.000000,0,0,0
30.000,6.2847000,-0.1573000,6.2793000,36.1099000,28.4119000,33.2413000,-43.3880000,-13.5160000,-13.7130000,0.000000,0,0,0
30.010,6.2847000,-0.1513000,6.2781000,35.9726000,28.2593000,33.3176000,-43.4970000,-13.0430000,-14.2930000,0.000000,0,0,0
30.020,6.2847000,-0.1657000,6.2781000,35.7513000,28.0228000,33.4625000,-43.4700000,-13.5410000,-14.1000000,0.000000,0,0,0
30.030,6.2883000,-0.1920000,6.2793000,35.5377000,27.7405000,33.6685000,-43.4230000,-13.4720000,-14.0730000,0.000000,0,0,0
30.040,6.2967000,-0.2207000,6.2817000,35.3928000,27.5040000,33.8745000,-43.2990000,-13.5700000,-13.8110000,0.000000,0,0,0
30.050,6.3062000,-0.2411000,6.2805000,35.3470000,27.4277000,33.9432000,-43.6430000,-13.7210000,-13.6290000,0.000000,0,0,0
30.060,6.3110000,-0.2482000,6.2793000,35.4767000,27.6794000,33.7372000,-43.4510000,-13.5800000,-13.9740000,0.000000,0,0,0
30.070,6.3098000,-0.2363000,6.2805000,35.6445000,27.9465000,33.5007000,-43.7860000,-13.5500000,-14.0080000,0.000000,0,0,0
30.080,6.3086000,-0.2195000,6.2829000,35.8200000,28.1677000,33.3023000,-43.4230000,-13.2190000,-14.0180000,0.000000,0,0,0
30.090,6.3015000,-0.2016000,6.2817000,35.9573000,28.2822000,33.1726000,-43.3970000,-13.5180000,-14.0430000,0.000000,0,0,0
30.100,6.2919000,-0.1836000,6.2841000,36.0107000,28.3051000,33.1345000,-43.5700000,-13.2750000,-13.3830000,0.000000,0,0,0
30.110,6.2835000,-0.1705000,6.2877000,36.0260000,28.2745000,33.1497000,-43.5620000,-13.4530000,-13.4710000,0.000000,0,0,0
30.120,6.2739000,-0.1609000,6.2901000,36.0031000,28.2059000,33.2489000,-43.6490000,-13.2890000,-13.2910000,0.000000,0,0,0
30.130,6.2680000,-0.1597000,6.2913000,35.9650000,28.0991000,33.4091000,-43.3380000,-13.3220000,-13.4450000,0.000000,0,0,0
30.140,6.2703000,-0.1645000,6.2913000,35.9268000,27.9694000,33.6151000,-43.7520000,-13.3480000,-12.9990000,0.000000,0,0,0
30.150,6.2835000,-0.1729000,6.2901000,35.8810000,27.8473000,33.8287000,-43.4260000,-13.1290000,-13.1760000,0.000000,0,0,0
30.160,6.3015000,-0.1860000,6.2877000,35.8505000,27.7481000,33.9890000,-43.6140000,-13.4040000,-13.0670000,0.000000,0,0,0
30.170,6.3182000,-0.2016000,6.2841000,35.8353000,27.6871000,34.0958000,-43.4600000,-13.2360000,-13.7360000,0.000000,0,0,0
30.180,6.3314000,-0.2147000,6.2817000,35.8429000,27.6871000,34.1492000,-43.7350000,-13.5700000,-14.0930000,0.000000,0,0,0
30.190,6.3373000,-0.2219000,6.2805000,35.8734000,27.7863000,34.1568000,-43.4120000,-13.3950000,-14.1260000,0.000000,0,0,0
30.200,6.3349000,-0.2231000,6.2829000,35.9039000,27.9465000,34.1263000,-43.3290000,-13.3480000,-13.4440000,0.000000,0,0,0
30.210,6.3194000,-0.2183000,6.2853000,35.9268000,28.0991000,34.0805000,-43.2290000,-13.3130000,-13.0450000,0.000000,0,0,0
30.220,6.2943000,-0.2123000,6.2889000,35.9344000,28.1754000,34.0576000,-43.4290000,-13.5060000,-13.7770000,0.000000,0,0,0
30.230,6.2715000,-0.2040000,6.2913000,35.9344000,28.1525000,34.0500000,-43.2910000,-13.1220000,-13.8830000,0.000000,0,0,0
30.240,6.2560000,-0.1980000,6.2925000,35.9039000,28.0533000,34.0347000,-43.3610000,-13.3530000,-14.0590000,0.000000,0,0,0
30.250,6.2512000,-0.1956000,6.2925000,35.8658000,27.9007000,34.0118000,-42.9180000,-13.3160000,-13.5450000,0.000000,0,0,0
30.260,6.2596000,-0.2016000,6.2925000,35.8124000,27.7634000,33.9966000,-43.1410000,-13.3030000,-13.1730000,0.000000,0,0,0
30.270,6.2799000,-0.2123000,6.2889000,35.7819000,27.7023000,33.9813000,-43.2350000,-13.3840000,-13.6590000,0.000000,0,0,0
30.280,6.3026000,-0.2207000,6.2865000,35.7819000,27.7481000,33.9584000,-43.4750000,-13.3870000,-13.7700000,0.000000,0,0,0
30.290,6.3194000,0.0179000,-0.0006000,35.0342000,27.3132000,33.1345000,-42.9900000,-13.5100000,-13.5420000,0.000000,0,0,0
30.300,6.3254000,-0.2243000,6.2829000,35.8047000,28.0457000,33.8135000,-43.5030000,-13.2290000,-13.5680000,0.000000,0,0,0
30.310,6.3194000,-0.2159000,6.2841000,35.8047000,28.1677000,33.7067000,-43.1420000,-13.4410000,-13.5250000,0.000000,0,0,0
30.320,6.3015000,-0.2052000,6.2865000,35.8047000,28.1830000,33.6227000,-43.4370000,-13.3490000,-13.5100000,0.000000,0,0,0
30.330,6.2835000,-0.1956000,6.2889000,35.8124000,28.0838000,33.5770000,-43.4260000,-13.5680000,-13.9630000,0.000000,0,0,0
30.340,6.2727000,-0.1896000,6.2901000,35.7971000,27.9083000,33.5617000,-43.3610000,-13.6340000,-13.0990000,0.000000,0,0,0
30.350,6.2715000,-0.1908000,6.2913000,35.7895000,27.7405000,33.5617000,-43.2370000,-13.2700000,-13.6870000,0.000000,0,0,0
30.360,6.2799000,-0.1992000,6.2925000,35.7971000,27.6489000,33.5846000,-43.3330000,-13.3380000,-13.2730000,0.000000,0,0,0
30.370,6.2883000,-0.2099000,6.2913000,35.8124000,27.6413000,33.6151000,-43.4540000,-13.5670000,-13.4740000,0.000000,0,0,0
30.380,6.2943000,-0.2195000,6.2889000,35.8200000,27.7023000,33.6380000,-43.3790000,-13.5710000,-13.1020000,0.000000,0,0,0
30.390,6.2955000,-0.2231000,6.2877000,35.8200000,27.7863000,33.6533000,-43.2530000,-13.0410000,-13.9400000,0.000000,0,0,0
30.400,6.2907000,-0.2207000,6.2865000,35.8200000,27.8549000,33.6456000,-43.4390000,-13.4510000,-14.0990000,0.000000,0,0,0
30.410,6.2883000,-0.2159000,6.2877000,35.8353000,27.9236000,33.5922000,-43.3930000,-13.0810000,-12.8650000,0.000000,0,0,0
30.420,6.2835000,-0.2099000,6.2901000,35.8734000,27.9846000,33.5083000,-43.4360000,-13.0670000,-13.3080000,0.000000,0,0,0
30.430,6.2823000,-0.2076000,6.2901000,35.9268000,28.0151000,33.4320000,-43.3640000,-13.1390000,-13.5850000,0.000000,0,0,0
30.440,6.2859000,-0.2064000,6.2901000,35.9802000,27.9922000,33.3939000,-43.5600000,-13.1990000,-13.2020000,0.000000,0,0,0
30.450,6.2943000,-0.2088000,6.2901000,36.0031000,27.9083000,33.4320000,-43.2280000,-13.1250000,-13.6500000,0.000000,0,0,0
30.460,6.3026000,-0.2147000,6.2889000,35.9802000,27.7863000,33.5312000,-43.4470000,-13.1280000,-13.3070000,0.000000,0,0,0
30.470,6.3062000,-0.2183000,6.2877000,35.9421000,27.6794000,33.6609000,-43.2130000,-13.4560000,-13.7050000,0.000000,0,0,0
30.480,6.3038000,-0.2183000,6.2889000,35.9039000,27.6413000,33.7524000,-43.1670000,-13.4810000,-13.2320000,0.000000,0,0,0
30.490,6.2943000,-0.2135000,6.2901000,35.8887000,27.6642000,33.7524000,-43.2470000,-13.1790000,-13.9380000,0.000000,0,0,0
30.500,6.2823000,-0.2064000,6.2913000,35.8810000,27.7100000,33.6609000,-43.3400000,-13.1590000,-13.6320000,0.000000,0,0,0
30.510,6.2715000,-0.1992000,6.2913000,35.8963000,27.7710000,33.5007000,-43.5400000,-13.3810000,-12.9500000,0.000000,0,0,0
30.520,6.2656000,-0.1992000,6.2913000,35.9497000,27.8473000,33.3405000,-43.2900000,-13.2370000,-13.4920000,0.000000,0,0,0
30.530,6.2692000,-0.2028000,6.2913000,36.0260000,27.9160000,33.2336000,-43.6270000,-13.0510000,-13.2690000,0.000000,0,0,0
30.540,6.2775000,-0.2099000,6.2913000,36.1328000,27.9846000,33.2031000,-43.6190000,-13.1570000,-13.5640000,0.000000,0,0,0
30.550,6.2919000,-0.2195000,6.2889000,36.2320000,28.0380000,33.2642000,-43.6470000,-12.9560000,-13.2900000,0.000000,0,0,0
30.560,6.3062000,-0.2267000,6.2853000,36.3007000,28.0991000,33.3710000,-43.6210000,-13.3750000,-13.1520000,0.000000,0,0,0
30.570,6.3194000,-0.2303000,6.2841000,36.3464000,28.1830000,33.4778000,-43.4210000,-13.4550000,-13.0320000,0.000000,0,0,0
30.580,6.3218000,-0.2303000,6.2841000,36.3693000,28.2974000,33.5693000,-43.5010000,-13.2330000,-13.1530000,0.000000,0,0,0
30.590,6.3182000,-0.2231000,6.2853000,36.3541000,28.4119000,33.6533000,-43.3440000,-12.9460000,-13.4950000,0.000000,0,0,0
30.600,6.3110000,-0.2123000,6.2877000,36.2930000,28.4729000,33.7067000,-43.7320000,-13.3730000,-13.5090000,0.000000,0,0,0
30.610,6.3026000,-0.2016000,6.2877000,36.1938000,28.4805000,33.7219000,-43.6300000,-13.4140000,-13.1650000,0.000000,0,0,0
30.620,6.2931000,-0.1920000,6.2901000,36.0641000,28.4424000,33.7143000,-43.5410000,-13.4830000,-13.1820000,0.000000,0,0,0
30.630,6.2823000,-0.1896000,6.2901000,35.9497000,28.3432000,33.7296000,-43.6530000,-13.2200000,-13.3580000,0.000000,0,0,0
30.640,6.2739000,-0.1896000,6.2925000,35.8734000,28.1982000,33.8211000,-43.7680000,-13.3440000,-13.5340000,0.000000,0,0,0
30.650,6.2692000,-0.1932000,6.2961000,35.8200000,28.0457000,33.9661000,-43.9990000,-13.1730000,-13.7150000,0.000000,0,0,0
30.660,6.2656000,-0.1992000,6.2985000,35.7971000,27.9160000,34.1492000,-43.7280000,-13.2160000,-12.9700000,0.000000,0,0,0
30.670,6.2668000,-0.2028000,6.2985000,35.8047000,27.8320000,34.3018000,-43.6910000,-13.2870000,-13.1140000,0.000000,0,0,0
30.680,6.2727000,-0.2052000,6.2973000,35.7971000,27.7863000,34.3781000,-43.5800000,-13.8600000,-13.4380000,0.000000,0,0,0
30.690,6.2895000,-0.2040000,6.2961000,35.7590000,27.8320000,34.2712000,-43.6030000,-13.3940000,-13.5310000,0.000000,0,0,0
30.700,6.3003000,-0.2040000,6.2949000,35.7437000,27.9236000,34.0729000,-43.4910000,-13.2590000,-13.4590000,0.000000,0,0,0
30.710,6.3050000,-0.2076000,6.2937000,35.7513000,28.0151000,33.8593000,-43.4240000,-13.2560000,-14.0290000,0.000000,0,0,0
30.720,6.3026000,-0.2111000,6.2949000,35.7971000,28.0457000,33.6990000,-43.5590000,-13.3570000,-14.0640000,0.000000,0,0,0
30.730,6.2943000,-0.2147000,6.2961000,35.8658000,28.0228000,33.6227000,-43.4750000,-13.1560000,-13.5620000,0.000000,0,0,0
30.740,6.2823000,-0.2147000,6.2985000,35.9268000,27.9770000,33.6380000,-43.4490000,-13.0080000,-13.7620000,0.000000,0,0,0
30.750,6.2715000,-0.2088000,6.3009000,35.9650000,27.9465000,33.7143000,-43.3470000,-13.2000000,-13.9770000,0.000000,0,0,0
30.760,6.2668000,-0.2028000,6.3009000,35.9497000,27.9312000,33.8058000,-43.3110000,-13.3440000,-13.4290000,0.000000,0,0,0
30.770,6.2703000,-0.1992000,6.3009000,35.9192000,27.9465000,33.8745000,-43.3770000,-13.3380000,-13.5060000,0.000000,0,0,0
30.780,6.2775000,-0.1956000,6.2985000,35.8963000,27.9846000,33.8669000,-43.6580000,-13.5850000,-13.8610000,0.000000,0,0,0
30.790,6.2847000,-0.1920000,6.2961000,35.8963000,28.0457000,33.7906000,-43.4170000,-13.1500000,-13.9910000,0.000000,0,0,0
30.800,6.2895000,-0.1884000,6.2937000,35.9421000,28.1067000,33.6533000,-43.6420000,-13.2670000,-12.6750000,0.000000,0,0,0
30.810,6.2883000,-0.1824000,6.2913000,36.0107000,28.1143000,33.5007000,-43.4290000,-13.2760000,-13.4580000,0.000000,0,0,0
30.820,6.2823000,-0.1776000,6.2913000,36.0641000,28.0609000,33.3862000,-43.5120000,-13.5250000,-14.0510000,0.000000,0,0,0
30.830,6.2727000,-0.1765000,6.2925000,36.1099000,27.9465000,33.3328000,-43.4710000,-13.2890000,-13.2570000,0.000000,0,0,0
30.840,6.2668000,-0.1800000,6.2949000,36.1328000,27.7939000,33.3710000,-43.5360000,-13.5050000,-13.4920000,0.000000,0,0,0
30.850,6.2680000,-0.1848000,6.2961000,36.1404000,27.6566000,33.4625000,-43.3960000,-13.1350000,-13.7420000,0.000000,0,0,0
30.860,6.2763000,-0.1968000,6.2949000,36.1176000,27.5574000,33.5464000,-43.7760000,-13.2580000,-13.5160000,0.000000,0,0,0
30.870,6.2859000,-0.2123000,6.2937000,36.0794000,27.5345000,33.5846000,-43.5780000,-13.1160000,-13.4790000,0.000000,0,0,0
30.880,6.2967000,-0.2279000,6.2913000,36.0413000,27.5650000,33.5617000,-43.6630000,-13.3600000,-13.9430000,0.000000,0,0,0
30.890,6.3074000,-0.2434000,6.2901000,36.0107000,27.6413000,33.5083000,-43.4530000,-13.5950000,-13.8630000,0.000000,0,0,0
30.900,6.3134000,-0.2566000,6.2877000,35.9726000,27.7252000,33.4473000,-43.6300000,-13.4340000,-13.6390000,0.000000,0,0,0
30.910,6.3134000,-0.2638000,6.2877000,35.9268000,27.7863000,33.4320000,-43.5090000,-13.8530000,-14.0840000,0.000000,0,0,0
30.920,6.3110000,-0.2638000,6.2877000,35.8734000,27.8473000,33.4473000,-43.5160000,-13.5140000,-13.7490000,0.000000,0,0,0
30.930,6.3038000,-0.2566000,6.2901000,35.7971000,27.9160000,33.4930000,-43.6640000,-13.6560000,-13.6950000,0.000000,0,0,0
30.940,6.2967000,-0.2446000,6.2925000,35.7056000,27.9999000,33.5388000,-43.3220000,-13.8950000,-13.8010000,0.000000,0,0,0
30.950,6.2907000,-0.2315000,6.2949000,35.5988000,28.0380000,33.6075000,-43.5240000,-13.4570000,-13.7550000,0.000000,0,0,0
30.960,6.2871000,-0.2207000,6.2961000,35.5072000,28.0151000,33.6990000,-43.5660000,-13.6430000,-13.5750000,0.000000,0,0,0
30.970,6.2859000,-0.2147000,6.2961000,35.4691000,27.9541000,33.7982000,-43.1440000,-13.7090000,-13.7570000,0.000000,0,0,0
30.980,6.2847000,-0.2099000,6.2949000,35.4843000,27.9007000,33.8745000,-43.6190000,-13.4520000,-13.2770000,0.000000,0,0,0
30.990,6.2823000,-0.2064000,6.2937000,35.5301000,27.8397000,33.9355000,-43.2190000,-13.5530000,-13.7940000,0.000000,0,0,0
31.000,6.2775000,-0.2016000,6.2949000,35.5911000,27.7786000,33.9661000,-43.4470000,-13.6030000,-13.1370000,0.000000,0,0,0
31.010,6.2715000,-0.1980000,6.2937000,35.6598000,27.7405000,33.9432000,-43.5750000,-13.3500000,-12.8790000,0.000000,0,0,0
31.020,6.2692000,-0.1980000,6.2937000,35.7056000,27.7328000,33.8821000,-43.4320000,-13.4220000,-13.2660000,0.000000,0,0,0
31.030,6.2739000,-0.1992000,6.2937000,35.7361000,27.7557000,33.7906000,-43.4890000,-13.5590000,-13.0900000,0.000000,0,0,0
31.040,6.2835000,-0.2004000,6.2925000,35.7208000,27.8015000,33.6914000,-43.6510000,-13.4410000,-12.8810000,0.000000,0,0,0
31.050,6.2943000,-0.2028000,6.2925000,35.6979000,27.8625000,33.5922000,-43.5980000,-13.3300000,-13.1240000,0.000000,0,0,0
31.060,6.3015000,-0.2052000,6.2925000,35.6827000,27.9160000,33.5236000,-43.5520000,-13.4920000,-13.1570000,0.000000,0,0,0
31.070,6.3015000,-0.2028000,6.2937000,35.6674000,27.9236000,33.4930000,-43.4260000,-13.6040000,-13.5640000,0.000000,0,0,0
31.080,6.2919000,-0.1980000,6.2949000,35.6750000,27.9312000,33.4702000,-43.6560000,-13.4960000,-13.7630000,0.000000,0,0,0
31.090,6.2787000,-0.1908000,6.2973000,35.7132000,27.9617000,33.4625000,-43.5470000,-13.3020000,-13.2460000,0.000000,0,0,0
31.100,6.2656000,-0.1872000,6.2973000,35.7590000,27.9617000,33.4854000,-43.4730000,-13.5780000,-13.0660000,0.000000,0,0,0
31.110,6.2596000,-0.1896000,6.2973000,35.7971000,27.9312000,33.5464000,-43.5030000,-13.4780000,-13.1470000,0.000000,0,0,0
31.120,6.2632000,-0.1992000,6.2961000,35.7971000,27.8854000,33.6304000,-43.6810000,-13.7020000,-13.6340000,0.000000,0,0,0
31.130,6.2751000,-0.2135000,6.2937000,35.7590000,27.8397000,33.7372000,-43.6540000,-13.5740000,-12.9350000,0.000000,0,0,0
31.140,6.2919000,-0.2279000,6.2925000,35.7132000,27.8168000,33.8364000,-43.5880000,-13.7670000,-12.9610000,0.000000,0,0,0
31.150,6.3062000,-0.2375000,6.2925000,35.6598000,27.8091000,33.8974000,-43.2440000,-13.4640000,-13.0810000,0.000000,0,0,0
31.160,6.3098000,-0.2434000,6.2913000,35.6445000,27.8168000,33.9050000,-43.7440000,-13.8070000,-13.5410000,0.000000,0,0,0
31.170,6.3026000,-0.2434000,6.2937000,35.6598000,27.8549000,33.8440000,-43.5770000,-13.3090000,-12.6900000,0.000000,0,0,0
31.180,6.2907000,-0.2363000,6.2949000,35.7056000,27.8931000,33.7448000,-43.7660000,-13.4060000,-12.9160000,0.000000,0,0,0
31.190,6.2787000,-0.2291000,6.2973000,35.7666000,27.9083000,33.6380000,-43.6510000,-13.3980000,-13.4740000,0.000000,0,0,0
31.200,6.2715000,-0.2219000,6.2997000,35.8429000,27.8931000,33.5846000,-43.6540000,-13.4650000,-12.9650000,0.000000,0,0,0
31.210,6.2692000,-0.2183000,6.3009000,35.8887000,27.8625000,33.5999000,-43.6400000,-13.4090000,-13.3980000,0.000000,0,0,0
31.220,6.2739000,-0.2159000,6.3009000,35.8887000,27.8168000,33.7067000,-43.5440000,-13.3480000,-13.8110000,0.000000,0,0,0
31.230,6.2823000,-0.2147000,6.2997000,35.8505000,27.7481000,33.8898000,-43.6730000,-13.3770000,-14.0810000,0.000000,0,0,0
31.240,6.2907000,-0.2111000,6.2997000,35.7895000,27.6794000,34.0652000,-43.7530000,-13.3280000,-13.4580000,0.000000,0,0,0
31.250,6.2955000,-0.2076000,6.2973000,35.7132000,27.6413000,34.1797000,-43.4590000,-13.7230000,-14.2110000,0.000000,0,0,0
31.260,6.2943000,-0.2052000,6.2949000,35.6522000,27.5955000,34.2026000,-43.5690000,-13.2940000,-13.8460000,0.000000,0,0,0
31.270,6.2931000,-0.2040000,6.2937000,35.6140000,27.5726000,34.1415000,-43.6080000,-13.5340000,-13.9740000,0.000000,0,0,0
31.280,6.2919000,-0.2052000,6.2937000,35.6216000,27.5879000,34.0118000,-43.4260000,-13.2710000,-13.6590000,0.000000,0,0,0
31.290,6.2907000,-0.2111000,6.2949000,35.6750000,27.6413000,33.8821000,-43.4880000,-13.2350000,-13.4500000,0.000000,0,0,0
31.300,6.2907000,-0.2183000,6.2949000,35.7437000,27.7328000,33.8058000,-43.5420000,-13.3170000,-13.3910000,0.000000,0,0,0
31.310,6.2931000,-0.2231000,6.2949000,35.8047000,27.8397000,33.7906000,-43.7110000,-13.6520000,-13.5040000,0.000000,0,0,0
31.320,6.2943000,-0.2255000,6.2949000,35.8505000,27.9236000,33.8593000,-43.5510000,-13.5560000,-13.3760000,0.000000,0,0,0
31.330,6.2931000,-0.2255000,6.2949000,35.8200000,27.9236000,33.8974000,-43.4930000,-13.5780000,-13.1250000,0.000000,0,0,0
31.340,6.2895000,-0.2255000,6.2949000,35.7590000,27.9083000,33.8516000,-43.6680000,-13.6950000,-13.1470000,0.000000,0,0,0
31.350,6.2823000,-0.2267000,6.2949000,35.6674000,27.8778000,33.7372000,-43.6240000,-13.5570000,-12.8850000,0.000000,0,0,0
31.360,6.2751000,-0.2279000,6.2973000,35.5911000,27.8244000,33.5922000,-43.6340000,-13.6760000,-13.2490000,0.000000,0,0,0
31.370,6.2727000,-0.2303000,6.2985000,35.5606000,27.7710000,33.4396000,-43.6310000,-13.3570000,-13.6820000,0.000000,0,0,0
31.380,6.2715000,-0.2351000,6.2985000,35.5759000,27.7328000,33.3176000,-43.7480000,-13.2720000,-13.2560000,0.000000,0,0,0
31.390,6.2739000,-0.2399000,6.2985000,35.6522000,27.7405000,33.2642000,-43.5480000,-13.3590000,-12.8200000,0.000000,0,0,0
31.400,6.2775000,-0.2422000,6.2997000,35.7742000,27.8091000,33.2718000,-43.6550000,-13.6680000,-13.0730000,0.000000,0,0,0
31.410,6.2823000,-0.2375000,6.2985000,35.9116000,27.9007000,33.3405000,-43.5230000,-13.5710000,-13.1890000,0.000000,0,0,0
31.420,6.2847000,-0.2291000,6.2973000,36.0184000,27.9846000,33.4396000,-43.7610000,-13.8820000,-13.7340000,0.000000,0,0,0
31.430,6.2871000,-0.2231000,6.2961000,36.0641000,28.0228000,33.5312000,-43.7230000,-13.6430000,-12.8520000,0.000000,0,0,0
31.440,6.2919000,-0.2195000,6.2949000,36.0489000,28.0228000,33.5846000,-43.7300000,-13.5420000,-13.3490000,0.000000,0,0,0
31.450,6.3015000,-0.2183000,6.2937000,35.9650000,28.0304000,33.5922000,-43.5320000,-13.1270000,-13.5350000,0.000000,0,0,0
31.460,6.3098000,-0.2195000,6.2937000,35.8429000,28.0457000,33.5541000,-43.5610000,-13.5150000,-13.0690000,0.000000,0,0,0
31.470,6.3098000,-0.2231000,6.2937000,35.6979000,28.0380000,33.5617000,-43.1720000,-13.4140000,-12.8950000,0.000000,0,0,0
31.480,6.3026000,-0.2291000,6.2949000,35.5911000,28.0075000,33.6380000,-43.4670000,-13.4790000,-13.8280000,0.000000,0,0,0
31.490,6.2907000,-0.2351000,6.2949000,35.5606000,27.9922000,33.7448000,-43.3140000,-13.7200000,-13.4620000,0.000000,0,0,0
31.500,6.2763000,-0.2363000,6.2973000,35.6216000,27.9922000,33.8440000,-43.5800000,-13.6560000,-12.9250000,0.000000,0,0,0
31.510,6.2620000,-0.2315000,6.2997000,35.7513000,27.9846000,33.9127000,-43.7340000,-13.3660000,-13.3090000,0.000000,0,0,0
31.520,6.2512000,-0.2255000,6.3009000,35.9116000,27.9770000,33.9355000,-43.4110000,-13.5590000,-12.9160000,0.000000,0,0,0
31.530,6.2500000,-0.2183000,6.3009000,36.0489000,27.9694000,33.9127000,-43.4930000,-13.5710000,-13.0850000,0.000000,0,0,0
31.540,6.2584000,-0.2135000,6.3009000,36.1252000,27.9922000,33.8440000,-43.5150000,-13.4260000,-13.6720000,0.000000,0,0,0
31.550,6.2703000,-0.2123000,6.2997000,36.1328000,28.0380000,33.7830000,-43.5910000,-13.5100000,-13.7040000,0.000000,0,0,0
31.560,6.2859000,-0.2135000,6.2985000,36.0947000,28.0991000,33.7601000,-43.5210000,-13.1440000,-13.5850000,0.000000,0,0,0
31.570,6.2991000,-0.2147000,6.2985000,36.0260000,28.1601000,33.7677000,-43.4210000,-13.3030000,-13.5050000,0.000000,0,0,0
31.580,6.3098000,-0.2135000,6.2973000,35.9573000,28.2440000,33.7830000,-43.2660000,-13.5150000,-13.1110000,0.000000,0,0,0
31.590,6.3146000,-0.2123000,6.2973000,35.8963000,28.3432000,33.7830000,-43.4850000,-13.4250000,-13.3680000,0.000000,0,0,0
31.600,6.3134000,-0.2111000,6.2973000,35.8658000,28.4042000,33.7753000,-43.2730000,-13.5080000,-13.6330000,0.000000,0,0,0
31.610,6.3050000,-0.2123000,6.2973000,35.8353000,28.3737000,33.8135000,-43.4720000,-13.2820000,-13.3940000,0.000000,0,0,0
31.620,6.2955000,-0.2171000,6.2985000,35.8047000,28.2822000,33.8821000,-43.4730000,-13.7070000,-13.1750000,0.000000,0,0,0
31.630,6.2883000,-0.2231000,6.3021000,35.7437000,28.2059000,33.9432000,-43.4350000,-13.4030000,-13.0790000,0.000000,0,0,0
31.640,6.2823000,-0.2279000,6.3044000,35.6827000,28.1677000,33.9737000,-43.4610000,-13.6680000,-13.0410000,0.000000,0,0,0
31.650,6.2775000,-0.2327000,6.3068000,35.6140000,28.1448000,33.9584000,-43.3780000,-13.5700000,-13.3660000,0.000000,0,0,0
31.660,6.2727000,-0.2363000,6.3080000,35.5759000,28.0991000,33.8898000,-43.7130000,-13.5530000,-13.3170000,0.000000,0,0,0
31.670,6.2692000,-0.2387000,6.3080000,35.5682000,28.0457000,33.7448000,-43.4020000,-13.4060000,-13.6250000,0.000000,0,0,0
31.680,6.2668000,-0.2434000,6.3080000,35.5911000,27.9999000,33.5236000,-43.6290000,-13.4900000,-12.9510000,0.000000,0,0,0
31.690,6.2644000,-0.2482000,6.3080000,35.6293000,27.9465000,33.2870000,-43.2120000,-13.6050000,-12.6150000,0.000000,0,0,0
31.700,6.2668000,-0.2506000,6.3068000,35.6598000,27.9007000,33.0505000,-43.3940000,-13.5920000,-12.8680000,0.000000,0,0,0
31.710,6.2703000,-0.2518000,6.3068000,35.6674000,27.8931000,32.8369000,-43.4300000,-13.4560000,-12.5130000,0.000000,0,0,0
31.720,6.2739000,-0.2494000,6.3044000,35.6522000,27.8931000,32.6920000,-43.5570000,-13.3520000,-13.2100000,0.000000,0,0,0
31.730,6.2811000,-0.2434000,6.3021000,35.6369000,27.8854000,32.6233000,-42.9120000,-13.3950000,-12.8740000,0.000000,0,0,0
31.740,6.2859000,-0.2351000,6.3021000,35.6445000,27.8854000,32.6157000,-43.7290000,-13.3460000,-13.3880000,0.000000,0,0,0
31.750,6.2859000,-0.2231000,6.3032000,35.6750000,27.9007000,32.6462000,-43.6220000,-13.4050000,-12.7000000,0.000000,0,0,0
31.760,6.2823000,-0.2111000,6.3032000,35.7132000,27.9160000,32.7301000,-43.4540000,-13.6760000,-12.4620000,0.000000,0,0,0
31.770,6.2811000,-0.2028000,6.3032000,35.7513000,27.9083000,32.8827000,-43.3150000,-13.3820000,-13.0350000,0.000000,0,0,0
31.780,6.2847000,-0.1968000,6.3032000,35.7437000,27.8854000,33.0658000,-43.3350000,-13.2370000,-13.9130000,0.000000,0,0,0
31.790,6.2907000,-0.1944000,6.3021000,35.7056000,27.8854000,33.2184000,-43.4390000,-13.5380000,-13.3800000,0.000000,0,0,0
31.800,6.2979000,-0.1968000,6.3009000,35.6522000,27.9465000,33.3405000,-43.4540000,-13.5810000,-13.4690000,0.000000,0,0,0
31.810,6.2979000,-0.2028000,6.3021000,35.6064000,28.0228000,33.4396000,-43.2670000,-13.3710000,-13.4480000,0.000000,0,0,0
31.820,6.2895000,-0.2099000,6.3032000,35.5988000,28.0533000,33.5617000,-43.6280000,-13.5970000,-13.2540000,0.000000,0,0,0
31.830,6.2763000,-0.2159000,6.3056000,35.6293000,27.9999000,33.7219000,-43.2210000,-13.5190000,-13.3720000,0.000000,0,0,0
31.840,6.2620000,-0.2171000,6.3068000,35.6598000,27.9236000,33.8745000,-43.3730000,-13.5480000,-13.6600000,0.000000,0,0,0
31.850,6.2512000,-0.2195000,6.3092000,35.6979000,27.8397000,34.0042000,-43.2740000,-13.1840000,-13.4680000,0.000000,0,0,0
31.860,6.2476000,-0.2231000,6.3116000,35.7361000,27.7634000,34.0881000,-43.4840000,-13.1000000,-14.1120000,0.000000,0,0,0
31.870,6.2524000,-0.2303000,6.3116000,35.7590000,27.7328000,34.1034000,-43.6350000,-13.2440000,-13.3110000,0.000000,0,0,0
31.880,6.2668000,-0.2411000,6.3080000,35.7666000,27.7328000,34.0347000,-43.7090000,-13.3180000,-13.1070000,0.000000,0,0,0
31.890,6.2871000,-0.2518000,6.3044000,35.7742000,27.7786000,33.9127000,-43.4290000,-13.5330000,-13.0140000,0.000000,0,0,0
31.900,6.3134000,-0.2614000,6.3009000,35.7895000,27.9312000,33.6533000,-43.7500000,-13.7060000,-13.2190000,0.000000,0,0,0
31.910,6.3170000,-0.2626000,6.2997000,35.8047000,28.0609000,33.5007000,-43.4230000,-13.3700000,-13.3310000,0.000000,0,0,0
31.920,6.3110000,-0.2566000,6.3009000,35.8124000,28.1525000,33.4396000,-43.5980000,-13.3080000,-13.3180000,0.000000,0,0,0
31.930,6.2979000,-0.2458000,6.3021000,35.7971000,28.1982000,33.4702000,-43.4140000,-13.4390000,-13.0470000,0.000000,0,0,0
31.940,6.2847000,-0.2327000,6.3044000,35.7513000,28.1906000,33.5464000,-43.5530000,-13.4270000,-13.0390000,0.000000,0,0,0
31.950,6.2727000,-0.2171000,6.3056000,35.6827000,28.1219000,33.6456000,-43.6180000,-13.3140000,-12.4430000,0.000000,0,0,0
31.960,6.2656000,-0.2076000,6.3080000,35.6064000,28.0380000,33.7219000,-43.6640000,-13.6770000,-13.0950000,0.000000,0,0,0
31.970,6.2644000,-0.2040000,6.3092000,35.5377000,27.9770000,33.7524000,-43.3850000,-13.4050000,-13.9360000,0.000000,0,0,0
31.980,6.2656000,-0.2076000,6.3092000,35.4996000,27.9236000,33.7601000,-43.2360000,-13.6640000,-13.3600000,0.000000,0,0,0
31.990,6.2680000,-0.2159000,6.3092000,35.4996000,27.8702000,33.7524000,-43.3720000,-13.3540000,-12.8720000,0.000000,0,0,0
32.000,6.2680000,-0.2279000,6.3080000,35.5301000,27.8168000,33.7372000,-43.2440000,-13.6350000,-13.0110000,0.000000,0,0,0
32.010,6.2668000,-0.2363000,6.3080000,35.5606000,27.8015000,33.7067000,-43.4120000,-13.4370000,-12.9430000,0.000000,0,0,0
32.020,6.2644000,-0.2422000,6.3092000,35.5682000,27.7786000,33.6533000,-43.5960000,-13.5220000,-13.5440000,0.000000,0,0,0
32.030,6.2608000,-0.2470000,6.3116000,35.5835000,27.7710000,33.5846000,-43.5620000,-13.5310000,-13.2050000,0.000000,0,0,0
32.040,6.2596000,-0.2482000,6.3128000,35.5988000,27.7939000,33.5007000,-43.3400000,-13.4880000,-13.4460000,0.000000,0,0,0
32.050,6.2608000,-0.2458000,6.3128000,35.6216000,27.8549000,33.4015000,-43.4230000,-13.4550000,-13.0090000,0.000000,0,0,0
32.060,6.2656000,-0.2422000,6.3128000,35.6445000,27.9236000,33.3099000,-43.4630000,-13.3370000,-13.3400000,0.000000,0,0,0
32.070,6.2715000,-0.2375000,6.3116000,35.6674000,27.9541000,33.2489000,-43.1740000,-13.5800000,-13.7990000,0.000000,0,0,0
32.080,6.2763000,-0.2327000,6.3080000,35.6827000,27.9465000,33.2413000,-43.4060000,-13.5600000,-14.0660000,0.000000,0,0,0
32.090,6.2799000,-0.2279000,6.3056000,35.6903000,27.9541000,33.2489000,-43.3810000,-13.3560000,-13.2870000,0.000000,0,0,0
32.100,6.2811000,-0.2231000,6.3056000,35.6903000,28.0304000,33.2413000,-43.3500000,-13.3610000,-12.9250000,0.000000,0,0,0
32.110,6.2799000,-0.2195000,6.3068000,35.6674000,28.1601000,33.2565000,-43.1280000,-13.3840000,-12.8500000,0.000000,0,0,0
32.120,6.2763000,-0.2159000,6.3080000,35.6140000,28.3127000,33.3099000,-43.3920000,-13.7410000,-13.4640000,0.000000,0,0,0
32.130,6.2739000,-0.2135000,6.3080000,35.5072000,28.4805000,33.3786000,-43.0920000,-13.4760000,-13.3170000,0.000000,0,0,0
32.140,6.2715000,-0.2135000,6.3092000,35.3851000,28.6102000,33.4396000,-43.4700000,-13.4730000,-12.8640000,0.000000,0,0,0
32.150,6.2763000,-0.2135000,6.3104000,35.2783000,28.6942000,33.4473000,-43.4030000,-13.1470000,-12.7070000,0.000000,0,0,0
32.160,6.2799000,-0.2195000,6.3116000,35.1944000,28.7094000,33.4702000,-43.5750000,-13.2990000,-13.3540000,0.000000,0,0,0
32.170,6.2847000,-0.2279000,6.3116000,35.2249000,28.6026000,33.6075000,-43.4660000,-13.2770000,-13.6880000,0.000000,0,0,0
32.180,6.2871000,-0.2339000,6.3140000,35.3165000,28.5110000,33.7143000,-43.6340000,-13.4370000,-13.5090000,0.000000,0,0,0
32.190,6.2763000,-0.2411000,6.3164000,35.4538000,28.4729000,33.7753000,-43.5850000,-13.3820000,-13.5690000,0.000000,0,0,0
32.200,6.2644000,-0.2482000,6.3188000,35.6140000,28.4729000,33.8364000,-43.7640000,-13.3170000,-13.2400000,0.000000,0,0,0
32.210,6.2536000,-0.2542000,6.3212000,35.7437000,28.5034000,33.9279000,-43.4610000,-13.4150000,-14.1310000,0.000000,0,0,0
32.220,6.2512000,-0.2554000,6.3236000,35.8353000,28.5492000,34.0347000,-43.6230000,-13.2610000,-13.3050000,0.000000,0,0,0
32.230,6.2572000,-0.2530000,6.3236000,35.8734000,28.6026000,34.0958000,-43.3190000,-13.2650000,-14.0430000,0.000000,0,0,0
32.240,6.2632000,-0.2482000,6.3224000,35.8429000,28.6560000,34.0958000,-43.5030000,-13.4150000,-12.9120000,0.000000,0,0,0
32.250,6.2727000,-0.2434000,6.3212000,35.7666000,28.6789000,34.0195000,-43.3270000,-12.9410000,-13.3910000,0.000000,0,0,0
32.260,6.2799000,-0.2411000,6.3200000,35.6903000,28.6331000,33.9203000,-43.4940000,-13.5920000,-13.2080000,0.000000,0,0,0
32.270,6.2823000,-0.2422000,6.3212000,35.6293000,28.5645000,33.8058000,-43.4280000,-13.0440000,-13.0350000,0.000000,0,0,0
32.280,6.2799000,-0.2411000,6.3236000,35.5988000,28.5416000,33.6761000,-43.4180000,-13.2920000,-13.0050000,0.000000,0,0,0
32.290,6.2739000,-0.2422000,6.3260000,35.6140000,28.5950000,33.5693000,-43.3870000,-13.5350000,-12.4660000,0.000000,0,0,0
32.300,6.2656000,-0.2422000,6.3284000,35.6445000,28.7094000,33.5159000,-43.8110000,-13.4290000,-12.7170000,0.000000,0,0,0
32.310,6.2596000,-0.2387000,6.3308000,35.6903000,28.8391000,33.5007000,-43.4570000,-13.2960000,-13.0970000,0.000000,0,0,0
32.320,6.2560000,-0.2339000,6.3320000,35.7285000,28.9841000,33.4930000,-43.6660000,-13.2400000,-12.5280000,0.000000,0,0,0
32.330,6.2536000,-0.2291000,6.3332000,35.7742000,29.1367000,33.4854000,-43.4900000,-13.3920000,-12.6660000,0.000000,0,0,0
32.340,6.2560000,-0.2219000,6.3344000,35.7895000,29.3350000,33.4396000,-43.5350000,-13.3670000,-12.9530000,0.000000,0,0,0
32.350,6.2572000,-0.2135000,6.3367000,35.7666000,29.5792000,33.3405000,-43.5360000,-13.3170000,-13.1920000,0.000000,0,0,0
32.360,6.2703000,-0.1980000,6.3379000,35.6979000,29.9988000,33.0582000,-43.8420000,-13.1640000,-13.2130000,0.000000,0,0,0
32.370,6.2751000,-0.2052000,6.3403000,35.5759000,30.6091000,32.5928000,-43.6590000,-13.5280000,-13.4400000,0.000000,0,0,0
32.380,6.2739000,-0.2147000,6.3403000,35.5530000,31.0974000,32.2342000,-43.5630000,-13.2160000,-13.7280000,0.000000,0,0,0
32.390,6.2739000,-0.2243000,6.3451000,35.6064000,31.4713000,31.9824000,-43.7370000,-13.4110000,-12.9710000,0.000000,0,0,0
32.400,6.2859000,-0.2375000,6.3451000,35.6140000,31.8756000,31.7459000,-43.6820000,-13.6580000,-13.1740000,0.000000,0,0,0
32.410,6.2787000,-0.2470000,6.3511000,35.4843000,32.2266000,31.5475000,-43.6360000,-13.5270000,-13.2520000,0.000000,0,0,0
32.420,6.2656000,-0.2518000,6.3583000,35.3394000,32.4783000,31.4255000,-43.9090000,-13.5270000,-13.3010000,0.000000,0,0,0
32.430,6.2500000,-0.2494000,6.3678000,35.2020000,32.8293000,31.2424000,-43.5800000,-13.3050000,-13.5730000,0.000000,0,0,0
32.440,6.2297000,-0.2411000,6.3774000,35.1257000,33.3557000,31.0135000,-43.7110000,-13.4430000,-13.2800000,0.000000,0,0,0
32.450,6.2129000,-0.2363000,6.3870000,35.1181000,34.0500000,30.7236000,-43.7820000,-13.4850000,-13.1160000,0.000000,0,0,0
32.460,6.1926000,-0.2399000,6.3978000,35.1868000,34.7977000,30.5481000,-43.5740000,-13.5210000,-12.4910000,0.000000,0,0,0
32.470,6.1818000,-0.2411000,6.4049000,35.3165000,35.4004000,30.5786000,-43.3470000,-13.4440000,-12.6310000,0.000000,0,0,0
32.480,6.1651000,-0.2411000,6.4145000,35.6522000,35.6979000,30.8151000,-43.6840000,-13.2510000,-12.6330000,0.000000,0,0,0
32.490,6.1699000,-0.2255000,6.4169000,35.8429000,35.9421000,31.1050000,-43.7470000,-13.3780000,-13.0860000,0.000000,0,0,0
32.500,6.1711000,-0.2171000,6.4265000,35.8734000,36.0260000,31.3416000,-43.5800000,-13.4200000,-12.8190000,0.000000,0,0,0
32.510,6.1639000,-0.2088000,6.4348000,35.8810000,35.8276000,31.5781000,-43.3030000,-13.1770000,-13.2360000,0.000000,0,0,0
32.520,6.1531000,-0.1956000,6.4456000,35.8810000,35.3699000,31.8222000,-43.6150000,-13.1810000,-13.0470000,0.000000,0,0,0
32.530,6.1411000,-0.1836000,6.4528000,35.8200000,34.6832000,32.1655000,-43.6250000,-13.1780000,-13.0820000,0.000000,0,0,0
32.540,6.1232000,-0.1812000,6.4612000,35.7208000,33.9279000,32.5546000,-43.6900000,-13.2500000,-13.3940000,0.000000,0,0,0
32.550,6.0897000,-0.1884000,6.4779000,35.8429000,32.9514000,33.1955000,-43.8620000,-13.4220000,-12.9940000,0.000000,0,0,0
32.560,6.0754000,-0.1908000,6.4875000,35.9879000,32.5699000,33.6075000,-43.7340000,-13.3080000,-13.1110000,0.000000,0,0,0
32.570,6.0706000,-0.1908000,6.4935000,36.0718000,32.3792000,33.9584000,-43.6450000,-13.1690000,-13.3170000,0.000000,0,0,0
32.580,6.0766000,-0.1836000,6.4982000,36.0641000,32.4020000,34.1949000,-43.8500000,-13.3810000,-12.4250000,0.000000,0,0,0
32.590,6.0945000,-0.1776000,6.5030000,35.9955000,32.6843000,34.2331000,-43.4320000,-13.5440000,-12.2190000,0.000000,0,0,0
32.600,6.1065000,-0.1765000,6.5090000,35.9955000,32.9895000,34.1263000,-43.7710000,-13.2730000,-12.2490000,0.000000,0,0,0
32.610,6.1136000,-0.1765000,6.5126000,35.9879000,33.3557000,33.9203000,-43.7410000,-13.0060000,-12.6650000,0.000000,0,0,0
32.620,6.1136000,-0.1848000,6.5198000,35.9802000,33.7296000,33.7067000,-43.8080000,-13.2460000,-13.6450000,0.000000,0,0,0
32.630,6.0993000,-0.1956000,6.5281000,36.0565000,33.9050000,33.6304000,-43.7730000,-13.0870000,-12.7100000,0.000000,0,0,0
32.640,6.0825000,-0.2040000,6.5377000,36.1404000,33.8745000,33.7219000,-43.7780000,-13.0640000,-12.6740000,0.000000,0,0,0
32.650,6.0682000,-0.2099000,6.5437000,36.1252000,33.6838000,33.9508000,-43.7330000,-13.3360000,-12.2960000,0.000000,0,0,0
32.660,6.0586000,-0.2123000,6.5509000,36.0184000,33.4473000,34.2484000,-43.9890000,-13.4290000,-12.3610000,0.000000,0,0,0
32.670,6.0562000,-0.2123000,6.5569000,35.9039000,33.3252000,34.4849000,-43.7900000,-13.2790000,-12.5500000,0.000000,0,0,0
32.680,6.0634000,-0.2064000,6.5628000,35.8582000,33.5236000,34.5230000,-44.1000000,-13.1140000,-12.5670000,0.000000,0,0,0
32.690,6.0730000,-0.2064000,6.5688000,35.8963000,34.0195000,34.3018000,-43.8920000,-13.1930000,-12.5450000,0.000000,0,0,0
32.700,6.0742000,-0.2052000,6.5760000,36.0184000,34.8053000,33.9127000,-43.9030000,-13.2340000,-12.3760000,0.000000,0,0,0
32.710,6.0706000,-0.2099000,6.5856000,36.1710000,35.8658000,33.4244000,-43.6800000,-13.0450000,-12.1980000,0.000000,0,0,0
32.720,6.0622000,-0.2099000,6.5987000,36.3235000,37.0102000,32.9895000,-44.1010000,-13.5250000,-12.3490000,0.000000,0,0,0
32.730,6.0443000,-0.2028000,6.6107000,36.4151000,38.1851000,32.6462000,-43.7450000,-12.9960000,-11.9650000,0.000000,0,0,0
32.740,6.0299000,-0.1968000,6.6203000,36.3846000,39.3600000,32.3715000,-43.9510000,-13.1100000,-12.1330000,0.000000,0,0,0
32.750,6.0120000,-0.1896000,6.6346000,36.3388000,40.3442000,32.2113000,-43.7350000,-13.0640000,-12.0440000,0.000000,0,0,0
32.760,5.9952000,-0.1800000,6.6478000,36.3083000,41.0690000,32.0892000,-44.1420000,-13.4150000,-11.9110000,0.000000,0,0,0
32.770,5.9629000,-0.1741000,6.6681000,36.3846000,41.4886000,31.9901000,-43.9860000,-13.2020000,-11.2660000,0.000000,0,0,0
32.780,5.9605000,-0.1669000,6.6825000,36.4990000,41.8243000,31.9214000,-44.1240000,-13.4540000,-11.6370000,0.000000,0,0,0
32.790,5.9617000,-0.1681000,6.6992000,36.6287000,42.0990000,31.7459000,-43.8930000,-13.2080000,-11.9150000,0.000000,0,0,0
32.800,5.9462000,-0.1753000,6.7160000,36.7889000,42.5339000,31.5323000,-44.1470000,-13.2550000,-11.4410000,0.000000,0,0,0
32.810,5.9354000,-0.1800000,6.7363000,36.9110000,43.3578000,31.2195000,-44.0400000,-13.0040000,-11.3850000,0.000000,0,0,0
32.820,5.9043000,-0.1908000,6.7578000,36.9415000,44.4641000,30.9296000,-44.3870000,-13.0490000,-11.0260000,0.000000,0,0,0
32.830,5.8816000,-0.1920000,6.7770000,36.7889000,45.5856000,30.8609000,-43.9200000,-12.8470000,-11.6300000,0.000000,0,0,0
32.840,5.8505000,-0.1920000,6.7985000,36.4761000,46.4020000,31.0135000,-44.3040000,-13.1040000,-11.0480000,0.000000,0,0,0
32.850,5.8074000,-0.1848000,6.8212000,36.1633000,46.8597000,31.3492000,-44.4100000,-13.0020000,-10.9620000,0.000000,0,0,0
32.860,5.7715000,-0.1681000,6.8428000,35.9421000,47.0963000,31.7764000,-44.2300000,-12.8410000,-10.7820000,0.000000,0,0,0
32.870,5.7428000,-0.1489000,6.8667000,35.8505000,47.3022000,32.1274000,-43.9590000,-13.1600000,-11.1740000,0.000000,0,0,0
32.880,5.7201000,-0.1346000,6.8930000,35.8658000,47.7142000,32.2952000,-44.2160000,-13.1590000,-11.3630000,0.000000,0,0,0
32.890,5.6925000,-0.1286000,6.9169000,35.9116000,48.4238000,32.3105000,-43.9350000,-13.0490000,-11.3600000,0.000000,0,0,0
32.900,5.6590000,-0.1358000,6.9421000,36.0107000,49.1562000,32.3334000,-44.2020000,-13.3250000,-10.4500000,0.000000,0,0,0
32.910,5.6327000,-0.1394000,6.9648000,36.1023000,49.7284000,32.3944000,-44.0990000,-12.9120000,-10.7840000,0.000000,0,0,0
32.920,5.6076000,-0.1442000,6.9863000,36.0336000,50.1175000,32.4783000,-44.2880000,-13.3110000,-10.3110000,0.000000,0,0,0
32.930,5.5753000,-0.1525000,7.0138000,35.8810000,50.2777000,32.6233000,-44.1070000,-12.9840000,-9.8570000,0.000000,0,0,0
32.940,5.5382000,-0.1585000,7.0414000,35.7208000,50.2777000,32.7759000,-44.4220000,-13.0920000,-10.4430000,0.000000,0,0,0
32.950,5.5107000,-0.1537000,7.0701000,35.5988000,50.2319000,32.9208000,-44.3440000,-13.1650000,-10.6770000,0.000000,0,0,0
32.960,5.4904000,-0.1477000,7.0964000,35.5072000,50.1022000,33.0276000,-44.3640000,-12.9910000,-10.3160000,0.000000,0,0,0
32.970,5.4676000,-0.1322000,7.1191000,35.3622000,49.8047000,33.1268000,-43.8930000,-13.2580000,-10.1750000,0.000000,0,0,0
32.980,5.4449000,-0.1250000,7.1430000,35.1868000,49.4080000,33.1726000,-44.0090000,-13.2020000,-9.7010000,0.000000,0,0,0
32.990,5.4150000,-0.1298000,7.1658000,35.0952000,49.0036000,33.1573000,-43.9560000,-13.0920000,-9.5740000,0.000000,0,0,0
33.000,5.3827000,-0.1370000,7.1909000,35.0647000,48.7442000,33.1116000,-44.1990000,-13.0190000,-9.7550000,0.000000,0,0,0
33.010,5.3504000,-0.1442000,7.2160000,35.0494000,48.6984000,33.0276000,-44.4660000,-13.0140000,-8.6140000,0.000000,0,0,0
33.020,5.3205000,-0.1513000,7.2387000,35.0266000,48.7900000,32.9590000,-44.3430000,-12.9860000,-9.2210000,0.000000,0,0,0
33.030,5.2858000,-0.1573000,7.2603000,34.9426000,48.9883000,32.9361000,-44.2420000,-12.8110000,-8.9760000,0.000000,0,0,0
33.040,5.2547000,-0.1549000,7.2806000,34.8129000,49.1714000,33.0124000,-44.3140000,-12.9270000,-9.1300000,0.000000,0,0,0
33.050,5.2296000,-0.1442000,7.3010000,34.6222000,49.2172000,33.1955000,-44.2300000,-12.7700000,-8.9460000,0.000000,0,0,0
33.060,5.2092000,-0.1358000,7.3225000,34.3781000,49.1104000,33.5007000,-44.3960000,-13.0220000,-9.3940000,0.000000,0,0,0
33.070,5.1949000,-0.1334000,7.3428000,34.1339000,49.0112000,33.8058000,-44.0660000,-12.9150000,-8.5530000,0.000000,0,0,0
33.080,5.1853000,-0.1370000,7.3656000,33.9279000,49.0952000,33.9737000,-44.1660000,-13.0950000,-8.9250000,0.000000,0,0,0
33.090,5.1769000,-0.1406000,7.3955000,33.7601000,49.4003000,33.9737000,-44.2210000,-12.9270000,-8.7270000,0.000000,0,0,0
33.100,5.1650000,-0.1501000,7.4266000,33.6685000,49.7894000,33.8821000,-43.9420000,-13.1790000,-8.2620000,0.000000,0,0,0
33.110,5.1446000,-0.1597000,7.4565000,33.7067000,50.0870000,33.7906000,-44.2410000,-13.1270000,-8.2290000,0.000000,0,0,0
33.120,5.1123000,-0.1681000,7.4816000,33.8821000,50.1709000,33.7448000,-44.1400000,-13.1330000,-7.9480000,0.000000,0,0,0
33.130,5.0729000,-0.1705000,7.5067000,34.1721000,50.0412000,33.7601000,-44.3040000,-13.3770000,-8.3440000,0.000000,0,0,0
33.140,5.0334000,-0.1729000,7.5282000,34.5688000,49.7055000,33.8364000,-44.3470000,-13.2700000,-7.6230000,0.000000,0,0,0
33.150,4.9975000,-0.1753000,7.5474000,35.0113000,49.1791000,33.9966000,-44.4490000,-13.1270000,-8.3560000,0.000000,0,0,0
33.160,4.9604000,-0.1765000,7.5653000,35.4385000,48.5840000,34.1873000,-44.3150000,-13.3010000,-7.8340000,0.000000,0,0,0
33.170,4.9209000,-0.1788000,7.5881000,35.7971000,48.1262000,34.3170000,-44.2340000,-13.2770000,-8.0220000,0.000000,0,0,0
33.180,4.8839000,-0.1848000,7.6132000,36.0641000,47.9889000,34.3094000,-44.5930000,-13.0690000,-8.2940000,0.000000,0,0,0
33.190,4.8492000,-0.1920000,7.6359000,36.2015000,48.1873000,34.1721000,-44.0410000,-13.2210000,-7.0140000,0.000000,0,0,0
33.200,4.8001000,-0.2004000,7.6646000,36.1862000,48.9807000,33.8821000,-44.5950000,-13.0000000,-7.8290000,0.000000,0,0,0
33.210,4.7762000,-0.1980000,7.6838000,36.1023000,49.5758000,33.7524000,-44.1060000,-13.2070000,-7.8820000,0.000000,0,0,0
33.220,4.7558000,-0.1800000,7.7053000,36.0031000,49.9802000,33.6990000,-44.0490000,-13.0920000,-8.4390000,0.000000,0,0,0
33.230,4.7319000,-0.1657000,7.7244000,35.8963000,50.0565000,33.7296000,-44.1790000,-13.1150000,-7.5560000,0.000000,0,0,0
33.240,4.7068000,-0.1585000,7.7436000,35.8658000,49.7513000,33.8593000,-44.4920000,-13.2700000,-7.4910000,0.000000,0,0,0
33.250,4.6745000,-0.1561000,7.7651000,35.8734000,49.2172000,34.0271000,-44.4710000,-13.1990000,-8.1390000,0.000000,0,0,0
33.260,4.6410000,-0.1585000,7.7902000,35.9116000,48.6603000,34.2255000,-44.5310000,-13.2890000,-7.1490000,0.000000,0,0,0
33.270,4.6135000,-0.1633000,7.8142000,35.9192000,48.2559000,34.3857000,-44.5380000,-13.5690000,-7.5570000,0.000000,0,0,0
33.280,4.5955000,-0.1681000,7.8369000,35.8429000,48.0423000,34.4849000,-44.3550000,-13.0670000,-7.1780000,0.000000,0,0,0
33.290,4.5788000,-0.1717000,7.8548000,35.7437000,47.9126000,34.5383000,-44.0330000,-13.1330000,-7.5190000,0.000000,0,0,0
33.300,4.5597000,-0.1705000,7.8728000,35.7437000,47.8287000,34.5383000,-44.2960000,-13.1020000,-6.9720000,0.000000,0,0,0
33.310,4.5274000,-0.1669000,7.8931000,35.8429000,47.8592000,34.4849000,-44.3060000,-12.8520000,-7.2420000,0.000000,0,0,0
33.320,4.4771000,-0.1693000,7.9123000,36.0260000,47.9202000,34.4620000,-44.2900000,-13.1750000,-6.4240000,0.000000,0,0,0
33.330,4.4281000,-0.1669000,7.9326000,36.2396000,47.9126000,34.5993000,-44.2540000,-12.8370000,-6.6020000,0.000000,0,0,0
33.340,4.3982000,-0.1693000,7.9517000,36.3846000,47.8516000,34.7900000,-44.3190000,-13.3860000,-6.3670000,0.000000,0,0,0
33.350,4.3694000,-0.1729000,7.9721000,36.4990000,47.7524000,34.9808000,-44.2160000,-12.8920000,-6.8040000,0.000000,0,0,0
33.360,4.3491000,-0.1776000,7.9924000,36.5753000,47.7371000,35.1105000,-44.2990000,-13.4360000,-6.0510000,0.000000,0,0,0
33.370,4.3383000,-0.1884000,8.0092000,36.6135000,47.7600000,35.1639000,-44.2470000,-12.8880000,-5.8150000,0.000000,0,0,0
33.380,4.3324000,-0.1968000,8.0271000,36.6440000,47.8210000,35.1257000,-43.8580000,-13.1870000,-6.3360000,0.000000,0,0,0
33.390,4.3240000,-0.1992000,8.0450000,36.6287000,48.0118000,34.9655000,-44.1410000,-13.0260000,-5.9610000,0.000000,0,0,0
33.400,4.3036000,-0.1968000,8.0654000,36.5906000,48.4009000,34.6756000,-44.1670000,-13.0020000,-5.9510000,0.000000,0,0,0
33.410,4.2702000,-0.1872000,8.0821000,36.4990000,48.8052000,34.3552000,-44.1930000,-13.0350000,-5.7180000,0.000000,0,0,0
33.420,4.2247000,-0.1765000,8.1001000,36.3312000,48.9426000,34.1797000,-44.0240000,-13.1180000,-5.9220000,0.000000,0,0,0
33.430,4.1661000,-0.1681000,8.1204000,36.1786000,48.7442000,34.1949000,-43.8100000,-13.0250000,-5.6060000,0.000000,0,0,0
33.440,4.1278000,-0.1645000,8.1407000,36.1023000,48.4924000,34.2941000,-44.1720000,-13.1140000,-5.5510000,0.000000,0,0,0
33.450,4.0931000,-0.1669000,8.1623000,36.1252000,48.3170000,34.3475000,-43.8570000,-12.9350000,-5.8630000,0.000000,0,0,0
33.460,4.0560000,-0.1717000,8.1838000,36.2625000,48.3017000,34.4391000,-43.7650000,-12.8580000,-5.8740000,0.000000,0,0,0
33.470,4.0285000,-0.1824000,8.2053000,36.4761000,48.5535000,34.4772000,-44.0110000,-13.0750000,-5.6520000,0.000000,0,0,0
33.480,3.9950000,-0.1980000,8.2269000,36.7508000,49.0723000,34.4849000,-44.3720000,-13.0060000,-5.7740000,0.000000,0,0,0
33.490,3.9627000,-0.2099000,8.2448000,37.0255000,49.7513000,34.5078000,-43.9750000,-12.9370000,-5.7930000,0.000000,0,0,0
33.500,3.9316000,-0.2147000,8.2616000,37.2238000,50.2167000,34.6375000,-43.9530000,-13.2470000,-5.8420000,0.000000,0,0,0
33.510,3.9005000,-0.2064000,8.2771000,37.2543000,50.0641000,34.9655000,-43.6260000,-12.8830000,-5.4980000,0.000000,0,0,0
33.520,3.8706000,-0.1932000,8.2903000,37.1170000,49.2706000,35.4767000,-44.0960000,-13.1180000,-5.0890000,0.000000,0,0,0
33.530,3.8515000,-0.1717000,8.3046000,36.8500000,48.0804000,36.0107000,-43.8680000,-13.4430000,-4.7720000,0.000000,0,0,0
33.540,3.8383000,-0.1513000,8.3190000,36.4838000,46.8979000,36.3464000,-43.8470000,-13.3710000,-5.6840000,0.000000,0,0,0
33.550,3.8180000,-0.1394000,8.3357000,36.1481000,46.0587000,36.3846000,-43.5740000,-13.0900000,-4.9930000,0.000000,0,0,0
33.560,3.8144000,-0.1286000,8.3525000,35.9726000,45.7840000,36.0794000,-43.5950000,-13.5860000,-4.9240000,0.000000,0,0,0
33.570,3.8072000,-0.1286000,8.3716000,35.8887000,46.2341000,35.3622000,-44.0140000,-13.4880000,-4.9240000,0.000000,0,0,0
33.580,3.7857000,-0.1382000,8.3920000,35.9879000,47.2641000,34.4620000,-44.0170000,-13.3980000,-4.1740000,0.000000,0,0,0
33.590,3.7534000,-0.1513000,8.4075000,36.1938000,48.6603000,33.6227000,-43.6160000,-13.2760000,-3.9980000,0.000000,0,0,0
33.600,3.7103000,-0.1657000,8.4231000,36.4380000,50.0183000,33.1268000,-43.8910000,-12.8470000,-4.5780000,0.000000,0,0,0
33.610,3.6553000,-0.1860000,8.4374000,36.6287000,51.0406000,33.0963000,-43.9140000,-13.3380000,-4.1640000,0.000000,0,0,0
33.620,3.6002000,-0.1992000,8.4566000,36.7584000,51.5213000,33.4702000,-44.0100000,-13.2620000,-3.6730000,0.000000,0,0,0
33.630,3.5620000,-0.1932000,8.4769000,36.8500000,51.5747000,34.0500000,-43.9210000,-13.1650000,-4.0190000,0.000000,0,0,0
33.640,3.5344000,-0.1872000,8.4937000,36.9415000,51.2848000,34.5383000,-44.0630000,-13.1430000,-3.6150000,0.000000,0,0,0
33.650,3.5141000,-0.1776000,8.5068000,36.9797000,50.8423000,34.6985000,-43.7110000,-13.1920000,-4.0690000,0.000000,0,0,0
33.660,3.4878000,-0.1753000,8.5236000,37.0407000,50.2625000,34.5078000,-43.4190000,-13.3300000,-4.1150000,0.000000,0,0,0
33.670,3.4495000,-0.1776000,8.5415000,37.2086000,49.5758000,34.0652000,-43.2280000,-13.0800000,-4.1620000,0.000000,0,0,0
33.680,3.4052000,-0.1812000,8.5606000,37.3306000,48.7823000,33.5159000,-43.4280000,-13.4100000,-4.2400000,0.000000,0,0,0
33.690,3.3478000,-0.1848000,8.5810000,37.2925000,47.8745000,33.0429000,-43.2850000,-13.2390000,-3.6660000,0.000000,0,0,0
33.700,3.2808000,-0.1932000,8.6013000,37.1246000,46.9131000,32.6920000,-43.4240000,-13.3490000,-2.8520000,0.000000,0,0,0
33.710,3.2126000,-0.2028000,8.6205000,36.9415000,45.9366000,32.5317000,-43.2550000,-13.2290000,-2.8870000,0.000000,0,0,0
33.720,3.1648000,-0.2052000,8.6360000,36.7203000,44.9753000,32.5317000,-43.5780000,-13.2880000,-2.9730000,0.000000,0,0,0
33.730,3.1432000,-0.2016000,8.6480000,36.5067000,44.0445000,32.5775000,-43.5050000,-13.2430000,-2.5850000,0.000000,0,0,0
33.740,3.1432000,-0.1944000,8.6611000,36.3541000,43.3502000,32.5241000,-43.4930000,-13.2160000,-3.1510000,0.000000,0,0,0
33.750,3.1504000,-0.1836000,8.6755000,36.3083000,43.1290000,32.2571000,-43.2100000,-13.2630000,-2.6240000,0.000000,0,0,0
33.760,3.1516000,-0.1729000,8.6898000,36.3770000,43.3960000,31.8222000,-43.4180000,-13.2790000,-3.0780000,0.000000,0,0,0
33.770,3.1421000,-0.1657000,8.7018000,36.5295000,43.9835000,31.3797000,-43.2820000,-13.1780000,-3.5200000,0.000000,0,0,0
33.780,3.1157000,-0.1633000,8.7114000,36.7737000,44.5786000,31.1508000,-43.3850000,-13.2740000,-3.3180000,0.000000,0,0,0
33.790,3.0775000,-0.1645000,8.7198000,37.0407000,44.8380000,31.2576000,-43.3250000,-13.2510000,-2.9650000,0.000000,0,0,0
33.800,3.0607000,-0.1585000,8.7269000,37.2620000,44.8227000,31.6315000,-43.3620000,-13.2210000,-2.5140000,0.000000,0,0,0
33.810,3.0643000,-0.1501000,8.7353000,37.3459000,44.6625000,31.9901000,-43.3400000,-13.1420000,-2.4600000,0.000000,0,0,0
33.820,3.0679000,-0.1418000,8.7509000,37.2696000,44.6625000,32.2495000,-43.1770000,-13.0290000,-2.7040000,0.000000,0,0,0
33.830,3.0619000,-0.1334000,8.7640000,37.0941000,45.1050000,32.1350000,-43.1880000,-12.9180000,-2.5580000,0.000000,0,0,0
33.840,3.0380000,-0.1226000,8.7784000,36.9110000,45.9671000,31.7993000,-43.0000000,-13.1750000,-2.2150000,0.000000,0,0,0
33.850,2.9985000,-0.1142000,8.7915000,36.7279000,47.0200000,31.4331000,-43.2330000,-13.0360000,-2.4250000,0.000000,0,0,0
33.860,2.9506000,-0.1107000,8.8047000,36.5829000,47.9050000,31.2271000,-43.4240000,-13.1050000,-2.2430000,0.000000,0,0,0
33.870,2.8884000,-0.1071000,8.8178000,36.4838000,48.3780000,31.3416000,-43.1520000,-13.1050000,-2.2400000,0.000000,0,0,0
33.880,2.8322000,-0.1047000,8.8298000,36.4532000,48.4238000,31.7154000,-43.2270000,-12.9200000,-1.4200000,0.000000,0,0,0
33.890,2.7903000,-0.1035000,8.8406000,36.5524000,48.0804000,32.2189000,-43.3670000,-12.8180000,-1.5550000,0.000000,0,0,0
33.900,2.7616000,-0.0987000,8.8501000,36.6440000,47.3709000,32.7988000,-43.5130000,-12.8630000,-1.4360000,0.000000,0,0,0
33.910,2.7401000,-0.0951000,8.8669000,36.6364000,46.5012000,33.3939000,-43.2710000,-13.0080000,-1.9780000,0.000000,0,0,0
33.920,2.7222000,-0.0927000,8.8860000,36.6058000,45.8450000,33.8211000,-43.5040000,-13.0690000,-1.1070000,0.000000,0,0,0
33.930,2.6970000,-0.0915000,8.9004000,36.6058000,45.7001000,33.9432000,-43.2730000,-12.6710000,-1.2120000,0.000000,0,0,0
33.940,2.6588000,-0.1035000,8.9112000,36.6135000,46.0739000,33.8364000,-43.0810000,-13.1910000,-1.1440000,0.000000,0,0,0
33.950,2.6145000,-0.1202000,8.9231000,36.6211000,46.6690000,33.7143000,-43.1090000,-13.4580000,-1.3250000,0.000000,0,0,0
33.960,2.5714000,-0.1346000,8.9375000,36.5982000,47.2183000,33.6990000,-43.0540000,-13.3010000,-0.6160000,0.000000,0,0,0
33.970,2.5355000,-0.1394000,8.9482000,36.4456000,47.6303000,33.8516000,-43.0700000,-13.2170000,-1.2100000,0.000000,0,0,0
33.980,2.5092000,-0.1298000,8.9566000,36.1404000,47.8058000,34.1034000,-43.3570000,-13.4400000,-0.4990000,0.000000,0,0,0
33.990,2.4937000,-0.0975000,8.9662000,35.6827000,47.7676000,34.3857000,-43.1160000,-13.5580000,-0.5200000,0.000000,0,0,0
34.000,2.4853000,-0.0532000,8.9805000,35.2631000,47.4396000,34.5993000,-43.0810000,-13.2560000,-0.6150000,0.000000,0,0,0
34.010,2.4733000,-0.0030000,8.9949000,35.0189000,46.9589000,34.6603000,-42.7140000,-12.8510000,-0.6000000,0.000000,0,0,0
34.020,2.4482000,0.0185000,9.0033000,34.9503000,46.5240000,34.5917000,-42.8560000,-13.1240000,-0.6580000,0.000000,0,0,0
34.030,2.4087000,0.0066000,9.0116000,35.0571000,46.2189000,34.4391000,-42.6000000,-13.0250000,-0.5590000,0.000000,0,0,0
34.040,2.3585000,-0.0365000,9.0260000,35.3394000,46.1884000,34.3018000,-42.4290000,-12.8520000,-1.3640000,0.000000,0,0,0
34.050,2.3142000,-0.0903000,9.0427000,35.6598000,46.5775000,34.2407000,-42.4860000,-12.9030000,-0.4970000,0.000000,0,0,0
34.060,2.2759000,-0.1430000,9.0595000,35.8963000,47.3022000,34.3323000,-42.4160000,-13.2220000,-0.3010000,0.000000,0,0,0
34.070,2.2472000,-0.1824000,9.0703000,36.0641000,48.0881000,34.6069000,-42.3760000,-13.0590000,-0.2780000,0.000000,0,0,0
34.080,2.2281000,-0.1944000,9.0798000,36.1786000,48.5382000,35.0342000,-42.5100000,-13.1790000,-0.1050000,0.000000,0,0,0
34.090,2.2185000,-0.1765000,9.0906000,36.2473000,48.4924000,35.4309000,-42.4040000,-13.0870000,0.0710000,0.000000,0,0,0
34.100,2.1994000,-0.1513000,9.1002000,36.3770000,48.1491000,35.6293000,-42.4110000,-12.9290000,0.3650000,0.000000,0,0,0
34.110,2.1659000,-0.1298000,9.1085000,36.5143000,47.7676000,35.4843000,-42.3000000,-12.8820000,0.5860000,0.000000,0,0,0
34.120,2.1156000,-0.1142000,9.1205000,36.5906000,47.3862000,35.1944000,-42.5570000,-12.7220000,-0.0380000,0.000000,0,0,0
34.130,2.0558000,-0.1166000,9.1337000,36.6440000,47.0810000,34.9197000,-42.4340000,-13.0740000,0.3910000,0.000000,0,0,0
34.140,2.0008000,-0.1322000,9.1468000,36.7584000,46.9589000,34.7137000,-42.2950000,-13.0840000,0.9950000,0.000000,0,0,0
34.150,1.9673000,-0.1489000,9.1588000,36.8500000,47.0505000,34.4620000,-41.9780000,-12.9690000,0.5780000,0.000000,0,0,0
34.160,1.9410000,-0.1633000,9.1684000,36.9034000,47.2031000,34.1721000,-42.3950000,-13.3000000,0.9990000,0.000000,0,0,0
34.170,1.9194000,-0.1693000,9.1791000,36.8958000,47.2412000,33.9355000,-42.2450000,-13.0420000,0.9250000,0.000000,0,0,0
34.180,1.8991000,-0.1669000,9.1887000,36.8347000,47.1039000,33.7677000,-42.1030000,-13.1380000,0.5620000,0.000000,0,0,0
34.190,1.8788000,-0.1549000,9.1983000,36.7737000,46.8063000,33.5770000,-42.3200000,-13.0320000,0.7410000,0.000000,0,0,0
34.200,1.8572000,-0.1334000,9.2078000,36.7355000,46.4249000,33.3405000,-42.0850000,-13.1060000,0.9130000,0.000000,0,0,0
34.210,1.8237000,-0.1071000,9.2174000,36.7126000,45.9671000,33.1497000,-41.9470000,-13.2910000,1.3560000,0.000000,0,0,0
34.220,1.7902000,-0.0855000,9.2246000,36.7355000,45.5322000,33.1268000,-42.3240000,-13.3660000,1.0600000,0.000000,0,0,0
34.230,1.7627000,-0.0772000,9.2342000,36.7584000,45.2042000,33.1802000,-41.9080000,-13.1220000,0.8720000,0.000000,0,0,0
34.240,1.7376000,-0.0819000,9.2425000,36.7966000,45.0592000,33.2260000,-41.7750000,-12.9510000,0.5960000,0.000000,0,0,0
34.250,1.7161000,-0.0915000,9.2497000,36.8958000,45.0821000,33.2260000,-41.6290000,-13.1640000,1.1740000,0.000000,0,0,0
34.260,1.6969000,-0.0963000,9.2581000,36.9949000,45.3491000,33.1497000,-41.8470000,-12.9870000,1.7380000,0.000000,0,0,0
34.270,1.6790000,-0.0975000,9.2665000,37.0483000,45.8450000,33.0048000,-41.6230000,-12.8990000,1.9180000,0.000000,0,0,0
34.280,1.6527000,-0.0987000,9.2748000,37.0407000,46.3181000,32.8979000,-41.7270000,-12.9170000,1.3160000,0.000000,0,0,0
34.290,1.6192000,-0.0999000,9.2796000,37.0102000,46.4554000,32.8674000,-41.8500000,-13.1710000,0.9470000,0.000000,0,0,0
34.300,1.5857000,-0.0951000,9.2844000,36.8805000,46.2723000,32.8293000,-41.6690000,-12.9670000,1.9490000,0.000000,0,0,0
34.310,1.5474000,-0.0927000,9.2928000,36.6440000,45.8832000,32.7682000,-41.7830000,-12.9450000,1.1580000,0.000000,0,0,0
34.320,1.5115000,-0.0867000,9.3011000,36.4380000,45.3339000,32.6920000,-41.6070000,-13.0770000,1.7960000,0.000000,0,0,0
34.330,1.4768000,-0.0772000,9.3095000,36.2701000,44.6854000,32.6309000,-41.6250000,-12.9950000,1.7300000,0.000000,0,0,0
34.340,1.4433000,-0.0604000,9.3167000,36.1481000,43.9529000,32.6309000,-41.1860000,-13.3520000,1.9020000,0.000000,0,0,0
34.350,1.4110000,-0.0413000,9.3251000,36.1252000,43.2816000,32.6462000,-41.6700000,-12.8460000,1.7030000,0.000000,0,0,0
34.360,1.3799000,-0.0269000,9.3346000,36.1481000,42.8085000,32.6309000,-41.5970000,-13.4050000,2.2290000,0.000000,0,0,0
34.370,1.3416000,-0.0317000,9.3430000,36.2015000,42.5797000,32.5851000,-41.6990000,-12.8970000,2.6060000,0.000000,0,0,0
34.380,1.3057000,-0.0508000,9.3526000,36.3693000,42.6178000,32.5851000,-41.4820000,-13.0820000,3.0780000,0.000000,0,0,0
34.390,1.2854000,-0.0748000,9.3574000,36.4761000,42.7856000,32.6691000,-41.5830000,-12.9960000,2.0510000,0.000000,0,0,0
34.400,1.2699000,-0.0903000,9.3610000,36.4151000,42.7704000,32.9132000,-41.5500000,-12.9480000,2.8030000,0.000000,0,0,0
34.410,1.2639000,-0.0927000,9.3646000,36.3007000,42.3584000,33.3023000,-41.7210000,-12.9830000,2.0870000,0.000000,0,0,0
34.420,1.2687000,-0.0796000,9.3681000,36.2244000,41.7175000,33.6609000,-41.6010000,-12.9500000,2.2390000,0.000000,0,0,0
34.430,1.2687000,-0.0604000,9.3717000,36.1710000,41.0919000,33.8440000,-41.4890000,-12.6780000,2.0910000,0.000000,0,0,0
34.440,1.2507000,-0.0508000,9.3765000,36.1633000,40.5350000,33.9279000,-41.3320000,-12.8380000,2.1370000,0.000000,0,0,0
34.450,1.1981000,-0.0664000,9.3873000,36.3312000,39.8865000,33.9890000,-41.5090000,-12.9650000,2.0770000,0.000000,0,0,0
34.460,1.1562000,-0.0879000,9.3980000,36.4227000,39.7873000,33.9203000,-41.3590000,-12.9710000,3.2140000,0.000000,0,0,0
34.470,1.1155000,-0.1178000,9.4088000,36.3693000,40.0772000,33.7830000,-41.3940000,-12.6470000,3.0060000,0.000000,0,0,0
34.480,1.0832000,-0.1394000,9.4172000,36.2015000,40.6647000,33.5922000,-41.4320000,-13.0240000,3.3760000,0.000000,0,0,0
34.490,1.0581000,-0.1418000,9.4220000,35.9116000,41.2750000,33.4625000,-40.9920000,-12.6830000,2.3870000,0.000000,0,0,0
34.500,1.0414000,-0.1250000,9.4232000,35.5682000,41.6107000,33.4549000,-41.5330000,-13.2770000,3.1730000,0.000000,0,0,0
34.510,1.0294000,-0.0867000,9.4256000,35.3012000,41.4505000,33.5541000,-41.0120000,-12.9040000,2.5830000,0.000000,0,0,0
34.520,1.0210000,-0.0437000,9.4280000,35.1410000,40.8783000,33.6685000,-41.1430000,-12.8920000,3.0170000,0.000000,0,0,0
34.530,1.0103000,-0.0126000,9.4303000,35.0800000,40.1154000,33.7372000,-41.0900000,-12.8390000,2.6260000,0.000000,0,0,0
34.540,0.9935000,-0.0066000,9.4327000,35.0952000,39.4669000,33.6533000,-40.9500000,-12.7840000,3.0150000,0.000000,0,0,0
34.550,0.9720000,-0.0185000,9.4387000,35.1562000,39.1846000,33.4396000,-41.1060000,-12.7770000,2.7960000,0.000000,0,0,0
34.560,0.9457000,-0.0401000,9.4459000,35.1105000,39.4058000,33.1421000,-41.4520000,-13.0080000,3.0670000,0.000000,0,0,0
34.570,0.9110000,-0.0700000,9.4579000,35.0723000,39.9780000,32.9056000,-41.0520000,-12.8880000,2.7820000,0.000000,0,0,0
34.580,0.8811000,-0.1035000,9.4615000,35.0266000,40.6799000,32.7759000,-40.9000000,-12.6770000,2.9710000,0.000000,0,0,0
34.590,0.8452000,-0.1262000,9.4626000,34.9121000,41.2064000,32.8751000,-40.9840000,-12.7610000,1.9810000,0.000000,0,0,0
34.600,0.8201000,-0.1346000,9.4662000,34.7977000,41.4429000,33.1879000,-40.8320000,-12.5220000,2.6990000,0.000000,0,0,0
34.610,0.8081000,-0.1190000,9.4686000,34.7290000,41.4047000,33.5083000,-41.1800000,-12.7350000,2.2330000,0.000000,0,0,0
34.620,0.7973000,-0.0891000,9.4674000,34.6527000,41.0385000,33.8135000,-41.0690000,-12.8600000,1.9090000,0.000000,0,0,0
34.630,0.7961000,-0.0568000,9.4674000,34.5993000,40.4510000,34.0195000,-41.0250000,-13.0540000,2.4090000,0.000000,0,0,0
34.640,0.7937000,-0.0257000,9.4722000,34.5459000,39.9399000,34.0271000,-41.1940000,-13.2740000,2.9830000,0.000000,0,0,0
34.650,0.7818000,0.0042000,9.4818000,34.4009000,39.6271000,33.8821000,-41.0120000,-13.0990000,3.2690000,0.000000,0,0,0
34.660,0.7674000,0.0161000,9.4878000,34.2712000,39.4440000,33.7143000,-40.8970000,-12.9750000,2.3590000,0.000000,0,0,0
34.670,0.7495000,0.0078000,9.4878000,34.1644000,39.3600000,33.4854000,-40.9140000,-12.6550000,2.8130000,0.000000,0,0,0
34.680,0.7196000,-0.0185000,9.4902000,34.1797000,39.2990000,33.2565000,-41.2030000,-12.5870000,3.4470000,0.000000,0,0,0
34.690,0.6873000,-0.0556000,9.4973000,34.3018000,39.2609000,33.0734000,-41.1720000,-12.7130000,3.1340000,0.000000,0,0,0
34.700,0.6586000,-0.0975000,9.5033000,34.4925000,39.1617000,32.9208000,-41.1040000,-13.1690000,3.4060000,0.000000,0,0,0
34.710,0.6370000,-0.1382000,9.5069000,34.6680000,39.0472000,32.8064000,-40.7040000,-12.9540000,3.2770000,0.000000,0,0,0
34.720,0.6251000,-0.1657000,9.5093000,34.7366000,38.9328000,32.7301000,-40.7460000,-12.8890000,3.6130000,0.000000,0,0,0
34.730,0.6155000,-0.1776000,9.5141000,34.6451000,38.7192000,32.7072000,-40.7850000,-12.9280000,3.8250000,0.000000,0,0,0
34.740,0.6035000,-0.1717000,9.5201000,34.4009000,38.3377000,32.7530000,-40.6570000,-12.8360000,3.5440000,0.000000,0,0,0
34.750,0.5892000,-0.1585000,9.5213000,34.0805000,37.8113000,32.8140000,-40.7180000,-12.6810000,3.9690000,0.000000,0,0,0
34.760,0.5664000,-0.1501000,9.5201000,33.9050000,37.1475000,32.8598000,-41.0840000,-12.7530000,3.1880000,0.000000,0,0,0
34.770,0.5473000,-0.1418000,9.5213000,33.9050000,36.5219000,32.8598000,-40.8290000,-12.7640000,3.2670000,0.000000,0,0,0
34.780,0.5318000,-0.1406000,9.5272000,33.9966000,36.0718000,32.7911000,-40.8790000,-12.9650000,4.1480000,0.000000,0,0,0
34.790,0.5126000,-0.1501000,9.5284000,34.0042000,35.8353000,32.6843000,-40.5760000,-12.7470000,3.2760000,0.000000,0,0,0
34.800,0.4863000,-0.1609000,9.5272000,33.8516000,35.6598000,32.6843000,-40.7240000,-12.7090000,3.9440000,0.000000,0,0,0
34.810,0.4899000,-0.1585000,9.5308000,33.5464000,35.5453000,32.7530000,-40.6260000,-12.7900000,3.8100000,0.000000,0,0,0
34.820,0.4947000,-0.1453000,9.5368000,33.0505000,35.4156000,32.7835000,-40.5940000,-12.6860000,3.8540000,0.000000,0,0,0
34.830,0.4863000,-0.1394000,9.5392000,32.3944000,35.0266000,33.0048000,-40.0390000,-12.6890000,4.0640000,0.000000,0,0,0
34.840,0.4827000,-0.1406000,9.5392000,31.7307000,34.3933000,33.3557000,-40.7330000,-12.8330000,4.1960000,0.000000,0,0,0
34.850,0.4779000,-0.1537000,9.5404000,31.2576000,33.9584000,33.6227000,-40.4040000,-12.8320000,4.0560000,0.000000,0,0,0
34.860,0.4683000,-0.1753000,9.5464000,31.0059000,34.0958000,33.6227000,-40.5660000,-12.7660000,3.9670000,0.000000,0,0,0
34.870,0.4516000,-0.1956000,9.5524000,30.8762000,34.7214000,33.4320000,-40.2770000,-12.8220000,3.7490000,0.000000,0,0,0
34.880,0.4145000,-0.2099000,9.5560000,30.7312000,35.4614000,33.2870000,-40.4030000,-12.7740000,4.1830000,0.000000,0,0,0
34.890,0.3882000,-0.2064000,9.5560000,30.5862000,36.0260000,33.3328000,-40.4900000,-12.8770000,3.8970000,0.000000,0,0,0
34.900,0.3738000,-0.1872000,9.5583000,30.4642000,36.1481000,33.5159000,-40.7430000,-12.8850000,3.8100000,0.000000,0,0,0
34.910,0.3679000,-0.1561000,9.5607000,30.3650000,35.8505000,33.7906000,-40.4480000,-12.6480000,3.8470000,0.000000,0,0,0
34.920,0.3643000,-0.1346000,9.5595000,30.3192000,35.3928000,33.9966000,-40.4000000,-12.7720000,4.2000000,0.000000,0,0,0
34.930,0.3559000,-0.1346000,9.5560000,30.4718000,34.9350000,34.0805000,-40.4000000,-12.8230000,4.2490000,0.000000,0,0,0
34.940,0.3403000,-0.1537000,9.5548000,30.8914000,34.5840000,34.0500000,-40.3760000,-12.9490000,4.5050000,0.000000,0,0,0
34.950,0.3212000,-0.1836000,9.5572000,31.5399000,34.4849000,33.9127000,-40.3780000,-12.8360000,4.0990000,0.000000,0,0,0
34.960,0.3080000,-0.2171000,9.5619000,32.3029000,34.7519000,33.6838000,-40.6650000,-13.2760000,4.6230000,0.000000,0,0,0
34.970,0.3009000,-0.2494000,9.5667000,33.0124000,35.3012000,33.3862000,-40.4100000,-12.8400000,4.8580000,0.000000,0,0,0
34.980,0.2913000,-0.2769000,9.5679000,33.5388000,35.8963000,33.1650000,-40.4410000,-13.0640000,4.3390000,0.000000,0,0,0
34.990,0.2805000,-0.2949000,9.5715000,33.8440000,36.3159000,33.1268000,-40.2870000,-13.0110000,4.2120000,0.000000,0,0,0
35.000,0.2686000,-0.3104000,9.5763000,33.9813000,36.5067000,33.2184000,-40.2640000,-12.9810000,3.8540000,0.000000,0,0,0
35.010,0.2626000,-0.3248000,9.5775000,34.1187000,36.5753000,33.3176000,-40.3360000,-12.6070000,3.9960000,0.000000,0,0,0
35.020,0.2339000,-0.3391000,9.5763000,34.4162000,36.4456000,33.3557000,-40.2490000,-12.7990000,4.1620000,0.000000,0,0,0
35.030,0.2064000,-0.3415000,9.5751000,34.8663000,35.9879000,33.4244000,-40.1770000,-12.9140000,3.8470000,0.000000,0,0,0
35.040,0.1920000,-0.3332000,9.5763000,35.3699000,35.2707000,33.4091000,-40.1900000,-13.0700000,4.7540000,0.000000,0,0,0
35.050,0.1765000,-0.3188000,9.5775000,35.8734000,34.5383000,33.2184000,-40.2540000,-13.1200000,4.5880000,0.000000,0,0,0
35.060,0.1621000,-0.2997000,9.5823000,36.2549000,34.0195000,32.8445000,-40.2050000,-13.2230000,3.8530000,0.000000,0,0,0
35.070,0.1430000,-0.2793000,9.5871000,36.3617000,33.8058000,32.3410000,-39.9780000,-13.1180000,4.5670000,0.000000,0,0,0
35.080,0.1178000,-0.2662000,9.5930000,36.1862000,33.7830000,31.9138000,-40.5300000,-13.3990000,4.3660000,0.000000,0,0,0
35.090,0.0927000,-0.2638000,9.5954000,35.8047000,33.9050000,31.6544000,-40.2200000,-12.8780000,4.9850000,0.000000,0,0,0
35.100,0.0401000,-0.2698000,9.5930000,35.1791000,34.0042000,31.7078000,-40.1040000,-13.1070000,4.8820000,0.000000,0,0,0
35.110,0.0389000,-0.2614000,9.5918000,34.9426000,33.8974000,32.0206000,-40.2850000,-13.2960000,4.4530000,0.000000,0,0,0
35.120,0.0473000,-0.2506000,9.5930000,34.8434000,33.7524000,32.2952000,-40.0490000,-13.1600000,4.2140000,0.000000,0,0,0
35.130,0.0580000,-0.2434000,9.5942000,34.8816000,33.4930000,32.5775000,-40.2110000,-13.2360000,5.2940000,0.000000,0,0,0
35.140,0.0772000,-0.2327000,9.5918000,34.8969000,33.1345000,32.8064000,-40.2160000,-13.1910000,4.6240000,0.000000,0,0,0
35.150,0.0772000,-0.2327000,9.5883000,34.8511000,32.6157000,33.0734000,-39.8220000,-13.1260000,5.2050000,0.000000,0,0,0
35.160,0.0760000,-0.2327000,9.5895000,34.8511000,32.0129000,33.3786000,-39.9920000,-13.2240000,4.6250000,0.000000,0,0,0
35.170,0.0772000,-0.2303000,9.5918000,34.8511000,31.5399000,33.6533000,-40.1380000,-13.0690000,4.3950000,0.000000,0,0,0
35.180,0.0784000,-0.2375000,9.5930000,34.7748000,31.2653000,33.8593000,-39.9150000,-13.3050000,4.4430000,0.000000,0,0,0
35.190,0.0807000,-0.2578000,9.5930000,34.7290000,31.1890000,33.9432000,-39.7590000,-12.9120000,4.8850000,0.000000,0,0,0
35.200,0.0831000,-0.2817000,9.5918000,34.8129000,31.2958000,33.8898000,-40.1090000,-12.9110000,4.9780000,0.000000,0,0,0
35.210,0.0867000,-0.2973000,9.5954000,34.9884000,31.6162000,33.6914000,-40.4240000,-12.5930000,4.8290000,0.000000,0,0,0
35.220,0.0903000,-0.3033000,9.6002000,35.1486000,32.0587000,33.4549000,-40.0410000,-13.0510000,4.6830000,0.000000,0,0,0
35.230,0.0903000,-0.3092000,9.6038000,35.2402000,32.5317000,33.2565000,-40.1920000,-12.9590000,4.6760000,0.000000,0,0,0
35.240,0.0819000,-0.3248000,9.6038000,35.2554000,32.9590000,33.1497000,-40.1560000,-12.9800000,4.8080000,0.000000,0,0,0
35.250,0.0628000,-0.3439000,9.6026000,35.2707000,33.2336000,33.1573000,-40.1110000,-13.0350000,4.6820000,0.000000,0,0,0
35.260,0.0317000,-0.3559000,9.6038000,35.3699000,33.3176000,33.2947000,-40.0260000,-12.8850000,4.5540000,0.000000,0,0,0
35.270,-0.0030000,-0.3511000,9.6062000,35.5682000,33.2413000,33.5236000,-40.0360000,-12.7660000,4.3530000,0.000000,0,0,0
35.280,-0.0305000,-0.3296000,9.6086000,35.7971000,33.1116000,33.7372000,-40.0090000,-12.6660000,4.8940000,0.000000,0,0,0
35.290,-0.0508000,-0.2997000,9.6110000,35.9421000,32.9590000,33.8440000,-40.0150000,-12.8520000,4.7660000,0.000000,0,0,0
35.300,-0.0604000,-0.2698000,9.6146000,35.9726000,32.7682000,33.8058000,-40.2450000,-12.9970000,4.3610000,0.000000,0,0,0
35.310,-0.0628000,-0.2458000,9.6182000,35.8658000,32.6309000,33.6227000,-40.0660000,-13.2200000,4.8390000,0.000000,0,0,0
35.320,-0.0700000,-0.2363000,9.6194000,35.6827000,32.6080000,33.3099000,-39.9380000,-13.0340000,4.3110000,0.000000,0,0,0
35.330,-0.0915000,-0.2399000,9.6182000,35.5301000,32.6004000,33.0048000,-40.1230000,-12.9250000,4.6890000,0.000000,0,0,0
35.340,-0.0951000,-0.2494000,9.6158000,35.4767000,32.6462000,32.7682000,-39.7700000,-12.8790000,5.4020000,0.000000,0,0,0
35.350,-0.1154000,-0.2698000,9.6110000,35.4919000,32.7225000,32.5699000,-39.8870000,-12.9400000,5.3130000,0.000000,0,0,0
35.360,-0.1394000,-0.2997000,9.6086000,35.5988000,32.6996000,32.5928000,-39.8860000,-13.3120000,5.6390000,0.000000,0,0,0
35.370,-0.1406000,-0.3164000,9.6110000,35.7590000,32.7301000,32.7454000,-39.8390000,-12.9280000,5.5280000,0.000000,0,0,0
35.380,-0.1166000,-0.3188000,9.6170000,35.7895000,32.9132000,32.8674000,-39.7770000,-13.1380000,4.9200000,0.000000,0,0,0
35.390,-0.0951000,-0.3164000,9.6206000,35.6979000,33.1039000,32.8979000,-39.7560000,-13.1750000,5.3280000,0.000000,0,0,0
35.400,-0.0879000,-0.3128000,9.6194000,35.6216000,33.1955000,32.8903000,-39.6890000,-12.9770000,5.2250000,0.000000,0,0,0
35.410,-0.0700000,-0.3033000,9.6134000,35.6216000,33.2642000,32.8064000,-39.8500000,-12.9160000,5.5200000,0.000000,0,0,0
35.420,-0.0568000,-0.2889000,9.6110000,35.7285000,33.2870000,32.5775000,-39.9270000,-13.0290000,5.0880000,0.000000,0,0,0
35.430,-0.0772000,-0.2841000,9.6074000,35.9650000,33.1192000,32.3639000,-39.8170000,-13.1060000,5.7870000,0.000000,0,0,0
35.440,-0.1059000,-0.2841000,9.6074000,36.2320000,32.6614000,32.3792000,-39.7560000,-13.2820000,5.9030000,0.000000,0,0,0
35.450,-0.1310000,-0.2829000,9.6110000,36.3541000,32.0740000,32.5241000,-39.9470000,-12.8200000,5.7830000,0.000000,0,0,0
35.460,-0.1549000,-0.2877000,9.6158000,36.3312000,31.5170000,32.7072000,-39.7790000,-12.6940000,5.9170000,0.000000,0,0,0
35.470,-0.1741000,-0.2949000,9.6194000,36.2320000,31.0364000,32.8674000,-39.9310000,-12.7380000,5.7940000,0.000000,0,0,0
35.480,-0.1884000,-0.2973000,9.6218000,36.1099000,30.6244000,33.0200000,-39.6620000,-12.9930000,5.2530000,0.000000,0,0,0
35.490,-0.2004000,-0.2949000,9.6277000,35.9650000,30.2734000,33.1650000,-39.6110000,-12.7490000,5.8280000,0.000000,0,0,0
35.500,-0.2111000,-0.2925000,9.6289000,35.8810000,29.9683000,33.3099000,-39.6290000,-13.0400000,5.4150000,0.000000,0,0,0
35.510,-0.2207000,-0.2889000,9.6289000,35.9344000,29.7623000,33.4244000,-39.3290000,-12.5370000,6.2310000,0.000000,0,0,0
35.520,-0.2255000,-0.2865000,9.6265000,36.1557000,29.7012000,33.4473000,-39.7320000,-13.0290000,4.7990000,0.000000,0,0,0
35.530,-0.2219000,-0.2805000,9.6265000,36.4914000,29.8996000,33.3252000,-39.6370000,-12.8830000,5.6690000,0.000000,0,0,0
35.540,-0.2099000,-0.2734000,9.6313000,36.7889000,30.3268000,33.0811000,-39.7730000,-13.0900000,5.6010000,0.000000,0,0,0
35.550,-0.1944000,-0.2710000,9.6325000,36.9339000,30.8609000,32.7759000,-39.4930000,-12.8240000,5.8560000,0.000000,0,0,0
35.560,-0.1741000,-0.2781000,9.6337000,36.9186000,31.3110000,32.4860000,-39.5790000,-12.8970000,5.4030000,0.000000,0,0,0
35.570,-0.1741000,-0.2961000,9.6301000,36.7889000,31.5170000,32.2800000,-39.5950000,-12.8180000,5.6650000,0.000000,0,0,0
35.580,-0.1932000,-0.3152000,9.6265000,36.5906000,31.2653000,32.3715000,-39.8970000,-12.6760000,6.0080000,0.000000,0,0,0
35.590,-0.2076000,-0.3200000,9.6253000,36.3693000,30.7007000,32.6996000,-39.9380000,-12.6670000,6.1780000,0.000000,0,0,0
35.600,-0.2231000,-0.3092000,9.6265000,36.1328000,30.1895000,33.0200000,-39.7520000,-12.7030000,5.3470000,0.000000,0,0,0
35.610,-0.2399000,-0.2913000,9.6277000,35.9497000,29.9072000,33.2108000,-39.5820000,-12.5750000,5.9370000,0.000000,0,0,0
35.620,-0.2554000,-0.2662000,9.6289000,35.8582000,29.7775000,33.3252000,-39.3550000,-12.9590000,5.9730000,0.000000,0,0,0
35.630,-0.2710000,-0.2375000,9.6289000,35.8582000,29.6631000,33.4015000,-39.7090000,-12.8470000,5.7480000,0.000000,0,0,0
35.640,-0.2841000,-0.2195000,9.6265000,35.9573000,29.4876000,33.4702000,-39.6640000,-12.9390000,5.5410000,0.000000,0,0,0
35.650,-0.2913000,-0.2171000,9.6253000,36.1710000,29.2664000,33.5388000,-39.5500000,-13.1260000,5.1700000,0.000000,0,0,0
35.660,-0.2889000,-0.2291000,9.6253000,36.4685000,29.0680000,33.5770000,-39.5180000,-12.7920000,5.9450000,0.000000,0,0,0
35.670,-0.2769000,-0.2422000,9.6289000,36.7508000,28.9917000,33.5770000,-39.4610000,-12.9150000,5.7680000,0.000000,0,0,0
35.680,-0.2578000,-0.2578000,9.6313000,36.8423000,29.1138000,33.5388000,-39.6610000,-12.5760000,6.1310000,0.000000,0,0,0
35.690,-0.2363000,-0.2769000,9.6325000,36.7203000,29.3121000,33.5007000,-39.7730000,-12.6590000,5.5030000,0.000000,0,0,0
35.700,-0.2159000,-0.2865000,9.6337000,36.4761000,29.5181000,33.4625000,-39.7250000,-12.9780000,4.9420000,0.000000,0,0,0
35.710,-0.2016000,-0.2877000,9.6349000,36.1710000,29.6860000,33.3939000,-39.4710000,-13.0470000,5.0380000,0.000000,0,0,0
35.720,-0.1980000,-0.2793000,9.6349000,35.8582000,29.8233000,33.2718000,-39.5040000,-12.7770000,5.1250000,0.000000,0,0,0
35.730,-0.2064000,-0.2662000,9.6349000,35.5606000,29.9454000,33.1421000,-39.5790000,-12.8240000,5.3100000,0.000000,0,0,0
35.740,-0.2267000,-0.2578000,9.6349000,35.3928000,30.0522000,33.0124000,-39.6160000,-12.8320000,6.0130000,0.000000,0,0,0
35.750,-0.2506000,-0.2422000,9.6361000,35.4462000,30.3726000,32.8140000,-39.7540000,-12.5330000,5.9190000,0.000000,0,0,0
35.760,-0.2614000,-0.2363000,9.6373000,35.5453000,30.6473000,32.6767000,-39.5000000,-12.8170000,6.1480000,0.000000,0,0,0
35.770,-0.2734000,-0.2387000,9.6349000,35.5988000,30.9067000,32.5546000,-39.7880000,-12.4660000,5.3760000,0.000000,0,0,0
35.780,-0.2829000,-0.2506000,9.6361000,35.6903000,31.1737000,32.4402000,-39.4600000,-12.6490000,5.9560000,0.000000,0,0,0
35.790,-0.2865000,-0.2590000,9.6385000,35.7971000,31.5552000,32.2723000,-39.5150000,-12.5720000,5.4590000,0.000000,0,0,0
35.800,-0.2853000,-0.2698000,9.6397000,35.8429000,31.9824000,32.0740000,-39.5540000,-12.8640000,5.7290000,0.000000,0,0,0
35.810,-0.2901000,-0.2865000,9.6373000,35.8963000,32.1121000,31.9672000,-39.2370000,-12.5670000,5.2180000,0.000000,0,0,0
35.820,-0.2973000,-0.2997000,9.6349000,35.9802000,31.7383000,32.0511000,-39.5640000,-12.2840000,4.8700000,0.000000,0,0,0
35.830,-0.3104000,-0.3068000,9.6373000,36.0794000,30.9677000,32.3029000,-39.2030000,-12.5690000,5.3400000,0.000000,0,0,0
35.840,-0.3296000,-0.3092000,9.6409000,36.1176000,30.1056000,32.6080000,-39.6410000,-12.7280000,5.8810000,0.000000,0,0,0
35.850,-0.3499000,-0.3068000,9.6421000,36.0718000,29.3579000,32.8827000,-39.1060000,-12.7880000,6.3730000,0.000000,0,0,0
35.860,-0.3738000,-0.2973000,9.6409000,35.9650000,28.7399000,33.1421000,-39.4730000,-12.9480000,6.2640000,0.000000,0,0,0
35.870,-0.4002000,-0.2817000,9.6385000,35.8582000,28.2288000,33.3633000,-38.9400000,-12.5200000,5.9630000,0.000000,0,0,0
35.880,-0.4157000,-0.2626000,9.6385000,35.9268000,27.9388000,33.4625000,-39.2890000,-13.0370000,6.1880000,0.000000,0,0,0
35.890,-0.4085000,-0.2399000,9.6409000,36.1176000,27.9770000,33.3862000,-39.2250000,-13.0590000,6.2600000,0.000000,0,0,0
35.900,-0.3822000,-0.2267000,9.6445000,36.2320000,28.2745000,33.1268000,-39.4300000,-12.9110000,6.0100000,0.000000,0,0,0
35.910,-0.3499000,-0.2375000,9.6445000,36.1786000,28.6865000,32.7530000,-39.2290000,-12.7890000,5.9880000,0.000000,0,0,0
35.920,-0.3236000,-0.2626000,9.6421000,36.0413000,29.0146000,32.4402000,-39.4840000,-12.6940000,5.9620000,0.000000,0,0,0
35.930,-0.3068000,-0.2805000,9.6433000,35.8276000,29.2587000,32.2342000,-39.2800000,-12.6240000,6.2930000,0.000000,0,0,0
35.940,-0.2973000,-0.2877000,9.6433000,35.4309000,29.6021000,32.1121000,-39.4940000,-12.5960000,6.7930000,0.000000,0,0,0
35.950,-0.2949000,-0.2853000,9.6421000,34.8816000,30.1208000,32.0511000,-39.3250000,-12.8510000,6.1730000,0.000000,0,0,0
35.960,-0.2961000,-0.2734000,9.6409000,34.2789000,30.7083000,32.0587000,-39.3900000,-12.9520000,5.4030000,0.000000,0,0,0
35.970,-0.3272000,-0.2542000,9.6409000,33.7601000,31.2805000,32.0816000,-39.1770000,-12.8520000,5.9680000,0.000000,0,0,0
35.980,-0.3738000,-0.2315000,9.6409000,33.4854000,31.7078000,32.2800000,-39.3020000,-12.9350000,6.0050000,0.000000,0,0,0
35.990,-0.3918000,-0.2183000,9.6385000,33.4625000,31.9443000,32.4860000,-39.3730000,-12.8480000,6.0250000,0.000000,0,0,0
36.000,-0.4037000,-0.2267000,9.6373000,33.6380000,31.9977000,32.6157000,-39.3680000,-12.9360000,6.1360000,0.000000,0,0,0
36.010,-0.4133000,-0.2363000,9.6409000,33.7982000,32.0053000,32.7148000,-39.3000000,-12.6460000,6.2390000,0.000000,0,0,0
36.020,-0.4121000,-0.2434000,9.6457000,33.7524000,32.2113000,32.6920000,-39.4440000,-12.7970000,6.5140000,0.000000,0,0,0
36.030,-0.3990000,-0.2602000,9.6493000,33.4473000,32.6233000,32.5699000,-39.3170000,-12.8780000,6.2460000,0.000000,0,0,0
36.040,-0.3858000,-0.2829000,9.6481000,33.0582000,32.9819000,32.4783000,-39.3630000,-12.9300000,5.8960000,0.000000,0,0,0
36.050,-0.3774000,-0.3045000,9.6421000,32.7682000,33.0429000,32.5241000,-39.5820000,-13.0430000,5.4870000,0.000000,0,0,0
36.060,-0.3774000,-0.3224000,9.6385000,32.8140000,32.7454000,32.7225000,-39.3040000,-12.7480000,5.9180000,0.000000,0,0,0
36.070,-0.3834000,-0.3284000,9.6385000,33.2489000,32.2342000,32.9666000,-39.5070000,-12.7950000,5.6870000,0.000000,0,0,0
36.080,-0.3930000,-0.3260000,9.6397000,33.9355000,31.6925000,33.1726000,-39.2500000,-12.4930000,6.3310000,0.000000,0,0,0
36.090,-0.4049000,-0.3224000,9.6421000,34.6451000,31.1966000,33.4015000,-39.4720000,-12.8170000,6.0590000,0.000000,0,0,0
36.100,-0.4181000,-0.3248000,9.6445000,35.2249000,30.8228000,33.6075000,-39.4940000,-13.0490000,6.3010000,0.000000,0,0,0
36.110,-0.4349000,-0.3344000,9.6481000,35.6979000,30.6702000,33.7219000,-39.2220000,-12.6740000,6.4710000,0.000000,0,0,0
36.120,-0.4564000,-0.3356000,9.6505000,36.0489000,30.6854000,33.7448000,-39.4140000,-12.8740000,5.5280000,0.000000,0,0,0
36.130,-0.4743000,-0.3284000,9.6517000,36.1862000,30.8075000,33.6838000,-39.3280000,-12.7520000,6.5240000,0.000000,0,0,0
36.140,-0.4899000,-0.3188000,9.6541000,36.1404000,30.9677000,33.5388000,-39.4070000,-12.9040000,6.6730000,0.000000,0,0,0
36.150,-0.5018000,-0.3152000,9.6541000,36.0031000,31.1584000,33.3099000,-39.6310000,-12.7900000,5.8470000,0.000000,0,0,0
36.160,-0.5150000,-0.3140000,9.6517000,35.8887000,31.2729000,33.0887000,-39.4930000,-12.7670000,6.1740000,0.000000,0,0,0
36.170,-0.5186000,-0.3164000,9.6469000,35.8963000,31.2881000,32.8903000,-39.3190000,-12.9000000,5.8830000,0.000000,0,0,0
36.180,-0.5174000,-0.3200000,9.6457000,36.1023000,31.1508000,32.7606000,-39.5320000,-12.5610000,6.6890000,0.000000,0,0,0
36.190,-0.5138000,-0.3200000,9.6481000,36.3998000,30.9525000,32.7454000,-39.3070000,-12.7090000,6.2570000,0.000000,0,0,0
36.200,-0.5090000,-0.3188000,9.6517000,36.5829000,30.8151000,32.8140000,-39.6060000,-12.7510000,6.3750000,0.000000,0,0,0
36.210,-0.5054000,-0.3212000,9.6541000,36.5982000,30.7312000,32.9514000,-39.3860000,-12.9820000,6.4660000,0.000000,0,0,0
36.220,-0.5066000,-0.3224000,9.6541000,36.4609000,30.6549000,33.1039000,-39.4140000,-12.6660000,6.0580000,0.000000,0,0,0
36.230,-0.5102000,-0.3200000,9.6529000,36.1862000,30.5328000,33.2260000,-39.4960000,-12.7050000,7.1180000,0.000000,0,0,0
36.240,-0.5162000,-0.3068000,9.6529000,35.8276000,30.1819000,33.4091000,-39.3240000,-12.9850000,6.5350000,0.000000,0,0,0
36.250,-0.5306000,-0.2853000,9.6541000,35.4843000,29.6631000,33.6456000,-39.7320000,-12.9190000,6.2700000,0.000000,0,0,0
36.260,-0.5437000,-0.2698000,9.6564000,35.2554000,29.2664000,33.8287000,-39.7760000,-12.5680000,6.3850000,0.000000,0,0,0
36.270,-0.5569000,-0.2650000,9.6564000,35.2249000,29.0527000,33.9279000,-39.4690000,-12.5770000,6.3750000,0.000000,0,0,0
36.280,-0.5700000,-0.2674000,9.6552000,35.3622000,28.9993000,33.9890000,-39.5040000,-12.6480000,6.3150000,0.000000,0,0,0
36.290,-0.5748000,-0.2769000,9.6552000,35.5453000,29.0680000,34.0652000,-39.3400000,-12.6270000,6.3240000,0.000000,0,0,0
36.300,-0.5724000,-0.2913000,9.6541000,35.6674000,29.2435000,34.1187000,-39.4510000,-12.6020000,6.3600000,0.000000,0,0,0
36.310,-0.5593000,-0.3140000,9.6505000,35.7513000,29.3961000,34.1568000,-39.2520000,-12.7840000,6.6190000,0.000000,0,0,0
36.320,-0.5365000,-0.3284000,9.6493000,35.8124000,29.4495000,34.1568000,-39.6630000,-12.4910000,6.1850000,0.000000,0,0,0
36.330,-0.5174000,-0.3344000,9.6517000,35.8124000,29.4876000,34.0500000,-39.8130000,-12.7140000,6.1800000,0.000000,0,0,0
36.340,-0.5090000,-0.3391000,9.6529000,35.7590000,29.6021000,33.8287000,-39.3260000,-12.5270000,5.6620000,0.000000,0,0,0
36.350,-0.5006000,-0.3439000,9.6517000,35.6903000,29.7318000,33.5846000,-39.4550000,-12.7860000,5.9660000,0.000000,0,0,0
36.360,-0.4995000,-0.3427000,9.6481000,35.6216000,29.7699000,33.3710000,-39.7520000,-12.7100000,5.7990000,0.000000,0,0,0
36.370,-0.5090000,-0.3451000,9.6445000,35.5682000,29.6326000,33.2870000,-39.6710000,-12.6360000,5.7450000,0.000000,0,0,0
36.380,-0.5246000,-0.3439000,9.6433000,35.6140000,29.3198000,33.3786000,-39.7360000,-12.7590000,5.4550000,0.000000,0,0,0
36.390,-0.5461000,-0.3391000,9.6445000,35.6903000,28.9917000,33.6075000,-39.6900000,-12.6200000,5.7770000,0.000000,0,0,0
36.400,-0.5641000,-0.3332000,9.6469000,35.7819000,28.7247000,33.8898000,-39.4490000,-12.8810000,6.0370000,0.000000,0,0,0
36.410,-0.5700000,-0.3236000,9.6505000,35.8734000,28.6331000,34.0805000,-39.6890000,-12.6330000,5.5870000,0.000000,0,0,0
36.420,-0.5676000,-0.3033000,9.6552000,35.9421000,28.8773000,34.0576000,-39.8270000,-12.6640000,5.4250000,0.000000,0,0,0
36.430,-0.5712000,-0.2937000,9.6552000,35.9497000,29.2206000,33.8821000,-39.4880000,-12.6820000,5.9830000,0.000000,0,0,0
36.440,-0.5736000,-0.2877000,9.6529000,35.9726000,29.5334000,33.6914000,-39.5180000,-12.4100000,6.2250000,0.000000,0,0,0
36.450,-0.5784000,-0.2889000,9.6505000,36.0794000,29.6097000,33.5922000,-39.8250000,-12.6180000,5.4240000,0.000000,0,0,0
36.460,-0.5880000,-0.2937000,9.6469000,36.2854000,29.4037000,33.6380000,-39.4910000,-12.6560000,5.9060000,0.000000,0,0,0
36.470,-0.5964000,-0.2985000,9.6481000,36.4990000,29.0985000,33.7753000,-39.6130000,-12.6710000,5.7220000,0.000000,0,0,0
36.480,-0.6011000,-0.3057000,9.6505000,36.6516000,28.8544000,33.9127000,-39.7260000,-12.7780000,5.5020000,0.000000,0,0,0
36.490,-0.5999000,-0.3152000,9.6529000,36.7279000,28.7247000,33.9813000,-39.4780000,-12.7440000,6.0200000,0.000000,0,0,0
36.500,-0.5952000,-0.3224000,9.6541000,36.7050000,28.6865000,33.9737000,-39.5010000,-12.6600000,5.8940000,0.000000,0,0,0
36.510,-0.5928000,-0.3224000,9.6541000,36.6211000,28.6942000,33.9127000,-39.5180000,-12.7910000,6.4370000,0.000000,0,0,0
36.520,-0.5892000,-0.3152000,9.6541000,36.4761000,28.7628000,33.7906000,-39.7120000,-12.8290000,5.6900000,0.000000,0,0,0
36.530,-0.5808000,-0.3080000,9.6517000,36.2778000,28.8544000,33.6227000,-39.7860000,-12.6940000,5.6130000,0.000000,0,0,0
36.540,-0.5808000,-0.3009000,9.6493000,36.0565000,28.8544000,33.4778000,-39.7070000,-12.8670000,5.5820000,0.000000,0,0,0
36.550,-0.5844000,-0.2937000,9.6493000,35.8963000,28.7704000,33.3862000,-39.2780000,-12.5440000,5.9370000,0.000000,0,0,0
36.560,-0.5892000,-0.2889000,9.6505000,35.8429000,28.6636000,33.3252000,-39.4600000,-12.4450000,5.7120000,0.000000,0,0,0
36.570,-0.5964000,-0.2877000,9.6529000,35.8505000,28.5263000,33.3176000,-39.3930000,-12.5370000,5.4920000,0.000000,0,0,0
36.580,-0.5999000,-0.2877000,9.6552000,35.8734000,28.3966000,33.3710000,-39.6080000,-12.7370000,5.7270000,0.000000,0,0,0
36.590,-0.5975000,-0.2889000,9.6552000,35.8810000,28.3279000,33.4167000,-39.3530000,-12.4820000,5.8880000,0.000000,0,0,0
36.600,-0.5975000,-0.2925000,9.6529000,35.8810000,28.2669000,33.4473000,-39.1350000,-12.5650000,5.8390000,0.000000,0,0,0
36.610,-0.5999000,-0.2997000,9.6517000,35.9192000,28.1906000,33.4549000,-39.6520000,-12.5880000,6.2150000,0.000000,0,0,0
36.620,-0.6047000,-0.3116000,9.6517000,36.0031000,28.2288000,33.3939000,-39.5760000,-12.4910000,6.2500000,0.000000,0,0,0
36.630,-0.6071000,-0.3188000,9.6541000,36.0947000,28.3966000,33.2794000,-39.5990000,-12.1610000,6.2240000,0.000000,0,0,0
36.640,-0.6047000,-0.3176000,9.6552000,36.0947000,28.5873000,33.1802000,-39.5100000,-12.3580000,6.6960000,0.000000,0,0,0
36.650,-0.5975000,-0.3140000,9.6552000,36.0260000,28.7476000,33.1192000,-39.4150000,-12.3640000,6.7390000,0.000000,0,0,0
36.660,-0.5856000,-0.3092000,9.6564000,35.9650000,28.8696000,33.0734000,-39.5170000,-12.2790000,5.9790000,0.000000,0,0,0
36.670,-0.5736000,-0.3045000,9.6564000,35.9192000,28.9841000,33.0353000,-39.3610000,-12.4830000,6.2960000,0.000000,0,0,0
36.680,-0.5700000,-0.3045000,9.6564000,35.9116000,29.0833000,33.0124000,-39.5460000,-12.4160000,6.0450000,0.000000,0,0,0
36.690,-0.5760000,-0.3080000,9.6588000,35.9650000,29.1519000,33.0276000,-39.3600000,-12.6620000,6.5730000,0.000000,0,0,0
36.700,-0.5904000,-0.3080000,9.6576000,36.0489000,29.1519000,33.1039000,-39.3450000,-12.4600000,6.5970000,0.000000,0,0,0
36.710,-0.6119000,-0.3045000,9.6564000,36.1252000,29.0527000,33.2413000,-39.5760000,-12.5040000,6.3760000,0.000000,0,0,0
36.720,-0.6346000,-0.2973000,9.6564000,36.1633000,28.8925000,33.4549000,-39.4650000,-12.4640000,6.2730000,0.000000,0,0,0
36.730,-0.6478000,-0.2865000,9.6576000,36.0947000,28.6789000,33.6761000,-39.5980000,-12.6350000,5.9700000,0.000000,0,0,0
36.740,-0.6526000,-0.2781000,9.6564000,35.9116000,28.4653000,33.8593000,-39.2790000,-12.3500000,6.5440000,0.000000,0,0,0
36.750,-0.6538000,-0.2781000,9.6541000,35.7132000,28.2059000,33.9966000,-39.3920000,-12.2550000,6.1190000,0.000000,0,0,0
36.760,-0.6502000,-0.2865000,9.6541000,35.6522000,28.0151000,34.0195000,-39.3110000,-12.7270000,5.7580000,0.000000,0,0,0
36.770,-0.6382000,-0.2961000,9.6529000,35.7208000,27.9999000,33.9203000,-39.5140000,-12.6430000,5.7040000,0.000000,0,0,0
36.780,-0.6251000,-0.3057000,9.6541000,35.8810000,28.1372000,33.6990000,-39.2250000,-12.5410000,5.5490000,0.000000,0,0,0
36.790,-0.6155000,-0.3104000,9.6541000,36.0413000,28.3279000,33.4778000,-39.3910000,-12.4710000,6.6070000,0.000000,0,0,0
36.800,-0.6107000,-0.3080000,9.6552000,36.1404000,28.4805000,33.3176000,-39.2930000,-12.4650000,5.9060000,0.000000,0,0,0
36.810,-0.6107000,-0.3045000,9.6552000,36.1862000,28.5568000,33.2565000,-39.5320000,-12.6680000,5.9120000,0.000000,0,0,0
36.820,-0.6143000,-0.3045000,9.6552000,36.2396000,28.5416000,33.2718000,-39.5210000,-12.9960000,5.8470000,0.000000,0,0,0
36.830,-0.6215000,-0.3045000,9.6576000,36.3235000,28.4119000,33.3710000,-39.5890000,-12.6190000,6.2470000,0.000000,0,0,0
36.840,-0.6298000,-0.3021000,9.6576000,36.3922000,28.1830000,33.5541000,-39.0610000,-12.3760000,5.6880000,0.000000,0,0,0
36.850,-0.6370000,-0.3033000,9.6552000,36.4151000,27.9236000,33.7753000,-39.2990000,-12.4490000,5.7800000,0.000000,0,0,0
36.860,-0.6430000,-0.3033000,9.6529000,36.4609000,27.7252000,33.9355000,-39.1950000,-12.9850000,5.4210000,0.000000,0,0,0
36.870,-0.6394000,-0.2949000,9.6517000,36.5219000,27.6642000,34.0042000,-39.1680000,-12.5690000,5.9690000,0.000000,0,0,0
36.880,-0.6275000,-0.2817000,9.6529000,36.4990000,27.7023000,33.9966000,-39.3510000,-12.2350000,5.9940000,0.000000,0,0,0
36.890,-0.6155000,-0.2698000,9.6564000,36.3922000,27.8473000,33.9127000,-39.5580000,-12.7680000,6.0680000,0.000000,0,0,0
36.900,-0.6083000,-0.2662000,9.6552000,36.2549000,28.0533000,33.7448000,-39.4110000,-12.9010000,5.3860000,0.000000,0,0,0
36.910,-0.6047000,-0.2745000,9.6552000,36.1557000,28.2745000,33.5312000,-39.2090000,-12.2150000,5.7080000,0.000000,0,0,0
36.920,-0.6095000,-0.2817000,9.6564000,36.0794000,28.5339000,33.3481000,-39.3150000,-12.3570000,5.9670000,0.000000,0,0,0
36.930,-0.6107000,-0.2889000,9.6600000,35.9879000,28.8162000,33.2031000,-39.1510000,-12.6960000,5.5360000,0.000000,0,0,0
36.940,-0.6143000,-0.2961000,9.6600000,35.8429000,29.0375000,33.1421000,-39.4610000,-12.2670000,6.4630000,0.000000,0,0,0
36.950,-0.6215000,-0.3021000,9.6552000,35.7132000,29.1367000,33.1650000,-39.7850000,-12.5130000,6.6210000,0.000000,0,0,0
36.960,-0.6286000,-0.3033000,9.6529000,35.6445000,29.1138000,33.2184000,-39.3920000,-12.5150000,6.1050000,0.000000,0,0,0
36.970,-0.6406000,-0.2973000,9.6505000,35.6445000,29.0146000,33.3099000,-39.6340000,-12.7640000,5.9590000,0.000000,0,0,0
36.980,-0.6562000,-0.2889000,9.6517000,35.6445000,28.8467000,33.4702000,-39.2820000,-12.6470000,6.2540000,0.000000,0,0,0
36.990,-0.6657000,-0.2841000,9.6517000,35.6293000,28.6636000,33.6685000,-39.4020000,-12.6970000,5.6940000,0.000000,0,0,0
37.000,-0.6705000,-0.2805000,9.6517000,35.6369000,28.4882000,33.8440000,-39.4860000,-12.7520000,5.3070000,0.000000,0,0,0
37.010,-0.6657000,-0.2805000,9.6529000,35.6293000,28.4042000,33.9584000,-39.6460000,-12.5030000,5.2880000,0.000000,0,0,0
37.020,-0.6502000,-0.2829000,9.6576000,35.5682000,28.4500000,33.9737000,-39.7220000,-12.9610000,5.9240000,0.000000,0,0,0
37.030,-0.6346000,-0.2865000,9.6612000,35.4614000,28.6102000,33.8821000,-39.3210000,-12.7880000,6.0900000,0.000000,0,0,0
37.040,-0.6239000,-0.2925000,9.6600000,35.3241000,28.8773000,33.7219000,-39.3240000,-12.7130000,5.4740000,0.000000,0,0,0
37.050,-0.6227000,-0.2985000,9.6588000,35.2020000,29.1901000,33.5236000,-39.3180000,-12.5690000,6.1440000,0.000000,0,0,0
37.060,-0.6310000,-0.3009000,9.6541000,35.1562000,29.3884000,33.4091000,-39.1690000,-12.3250000,5.8080000,0.000000,0,0,0
37.070,-0.6346000,-0.2985000,9.6493000,35.1868000,29.3350000,33.4396000,-38.9710000,-12.5010000,6.1200000,0.000000,0,0,0
37.080,-0.6430000,-0.2913000,9.6481000,35.2707000,29.0833000,33.5693000,-39.1520000,-12.5960000,6.2180000,0.000000,0,0,0
37.090,-0.6562000,-0.2817000,9.6541000,35.3928000,28.8773000,33.8135000,-39.3950000,-12.3660000,5.6340000,0.000000,0,0,0
37.100,-0.6586000,-0.2793000,9.6600000,35.4462000,28.9154000,33.9279000,-39.4920000,-12.6570000,5.8100000,0.000000,0,0,0
37.110,-0.6598000,-0.2805000,9.6660000,35.4691000,29.0451000,33.9813000,-39.5860000,-12.7310000,5.9350000,0.000000,0,0,0
37.120,-0.6562000,-0.2817000,9.6648000,35.4919000,29.2282000,33.9050000,-39.3560000,-12.5780000,6.5980000,0.000000,0,0,0
37.130,-0.6681000,-0.2961000,9.6612000,35.4919000,29.3045000,33.8287000,-39.2590000,-12.4450000,6.2880000,0.000000,0,0,0
37.140,-0.6765000,-0.3033000,9.6588000,35.4767000,29.2587000,33.8135000,-39.3360000,-12.4360000,6.4900000,0.000000,0,0,0
37.150,-0.6813000,-0.3092000,9.6612000,35.4614000,29.2053000,33.7830000,-39.3440000,-12.3500000,6.7630000,0.000000,0,0,0
37.160,-0.6789000,-0.3140000,9.6612000,35.4309000,29.2358000,33.7296000,-39.3680000,-12.2890000,6.4170000,0.000000,0,0,0
37.170,-0.6741000,-0.3152000,9.6600000,35.3394000,29.3808000,33.6304000,-39.2560000,-12.5720000,6.8480000,0.000000,0,0,0
37.180,-0.6729000,-0.3140000,9.6600000,35.2173000,29.5868000,33.5388000,-39.2210000,-12.6590000,5.9980000,0.000000,0,0,0
37.190,-0.6753000,-0.3104000,9.6588000,35.1028000,29.7775000,33.4778000,-39.0380000,-12.5040000,6.3420000,0.000000,0,0,0
37.200,-0.6801000,-0.3116000,9.6576000,35.0342000,29.8615000,33.4778000,-38.9860000,-12.4010000,6.2220000,0.000000,0,0,0
37.210,-0.6873000,-0.3188000,9.6552000,34.9731000,29.7470000,33.5770000,-39.3340000,-12.5130000,6.1240000,0.000000,0,0,0
37.220,-0.6956000,-0.3188000,9.6541000,34.9274000,29.5105000,33.7219000,-39.1220000,-12.8620000,5.7810000,0.000000,0,0,0
37.230,-0.7052000,-0.3128000,9.6552000,34.8740000,29.3045000,33.8593000,-39.2620000,-12.6850000,6.0860000,0.000000,0,0,0
37.240,-0.7184000,-0.3057000,9.6552000,34.8358000,29.1290000,33.9661000,-38.9650000,-12.5170000,5.5060000,0.000000,0,0,0
37.250,-0.7315000,-0.3033000,9.6517000,34.8816000,28.8391000,34.1034000,-39.1730000,-12.5600000,5.9470000,0.000000,0,0,0
37.260,-0.7399000,-0.3021000,9.6493000,35.0571000,28.4348000,34.2560000,-39.1630000,-12.4350000,5.5030000,0.000000,0,0,0
37.270,-0.7363000,-0.2985000,9.6505000,35.3546000,28.0762000,34.3018000,-39.3160000,-12.7180000,5.4750000,0.000000,0,0,0
37.280,-0.7232000,-0.2913000,9.6564000,35.6140000,27.9312000,34.1873000,-39.2960000,-12.9210000,6.1080000,0.000000,0,0,0
37.290,-0.7124000,-0.2925000,9.6612000,35.6445000,28.0762000,33.9432000,-39.1980000,-12.6210000,6.1430000,0.000000,0,0,0
37.300,-0.7052000,-0.3092000,9.6648000,35.4538000,28.3737000,33.6685000,-39.1610000,-12.7860000,5.4760000,0.000000,0,0,0
37.310,-0.7004000,-0.3344000,9.6636000,35.3012000,28.6407000,33.4702000,-39.1560000,-12.7240000,5.5270000,0.000000,0,0,0
37.320,-0.6897000,-0.3499000,9.6624000,35.2249000,28.8620000,33.3023000,-39.1450000,-12.9210000,5.9570000,0.000000,0,0,0
37.330,-0.6932000,-0.3571000,9.6624000,35.2249000,28.9917000,33.1955000,-39.0080000,-12.5380000,6.6590000,0.000000,0,0,0
37.340,-0.7004000,-0.3595000,9.6612000,35.2554000,29.0298000,33.1879000,-38.8390000,-12.7420000,6.2070000,0.000000,0,0,0
37.350,-0.7040000,-0.3499000,9.6624000,35.2478000,29.0146000,33.2489000,-39.3380000,-12.8840000,6.2770000,0.000000,0,0,0
37.360,-0.7100000,-0.3368000,9.6624000,35.2020000,28.9841000,33.3557000,-38.8760000,-12.7950000,6.4250000,0.000000,0,0,0
37.370,-0.7136000,-0.3224000,9.6624000,35.1486000,28.9612000,33.5083000,-39.1630000,-12.6940000,6.3430000,0.000000,0,0,0
37.380,-0.7172000,-0.3092000,9.6588000,35.1257000,28.8849000,33.6761000,-39.0660000,-12.7190000,5.8370000,0.000000,0,0,0
37.390,-0.7208000,-0.2985000,9.6564000,35.1791000,28.7323000,33.8135000,-39.1510000,-12.8910000,6.4190000,0.000000,0,0,0
37.400,-0.7184000,-0.2925000,9.6564000,35.2859000,28.5416000,33.9050000,-39.1410000,-12.9740000,6.4340000,0.000000,0,0,0
37.410,-0.7148000,-0.2949000,9.6564000,35.3851000,28.3737000,33.9279000,-39.0130000,-13.0390000,6.1330000,0.000000,0,0,0
37.420,-0.7172000,-0.3068000,9.6576000,35.4691000,28.2822000,33.8669000,-39.1510000,-12.7110000,6.1910000,0.000000,0,0,0
37.430,-0.7184000,-0.3188000,9.6612000,35.5225000,28.3890000,33.7143000,-39.3880000,-12.8040000,6.6020000,0.000000,0,0,0
37.440,-0.7208000,-0.3272000,9.6624000,35.4462000,28.7018000,33.5159000,-39.1220000,-12.9260000,6.8500000,0.000000,0,0,0
37.450,-0.7267000,-0.3403000,9.6600000,35.3088000,28.9688000,33.3786000,-39.2930000,-12.8670000,6.6610000,0.000000,0,0,0
37.460,-0.7291000,-0.3487000,9.6552000,35.2478000,29.0375000,33.3328000,-39.0270000,-12.7300000,6.2070000,0.000000,0,0,0
37.470,-0.7267000,-0.3523000,9.6541000,35.2707000,28.9154000,33.3328000,-39.2010000,-12.8900000,6.3460000,0.000000,0,0,0
37.480,-0.7220000,-0.3499000,9.6529000,35.3317000,28.7170000,33.3328000,-39.4770000,-12.6210000,5.7040000,0.000000,0,0,0
37.490,-0.7172000,-0.3499000,9.6564000,35.4156000,28.5492000,33.2947000,-39.2900000,-12.9220000,6.3030000,0.000000,0,0,0
37.500,-0.7148000,-0.3499000,9.6588000,35.4767000,28.4348000,33.2031000,-39.2350000,-12.6440000,6.3590000,0.000000,0,0,0
37.510,-0.7208000,-0.3523000,9.6576000,35.4996000,28.3813000,33.1116000,-39.3020000,-12.7250000,6.1470000,0.000000,0,0,0
37.520,-0.7291000,-0.3571000,9.6576000,35.5072000,28.3661000,33.0429000,-39.0400000,-12.5840000,6.1050000,0.000000,0,0,0
37.530,-0.7399000,-0.3571000,9.6588000,35.5072000,28.3890000,33.0048000,-39.0330000,-12.8150000,6.2710000,0.000000,0,0,0
37.540,-0.7507000,-0.3535000,9.6612000,35.4767000,28.5187000,32.9895000,-38.9700000,-12.5430000,5.8630000,0.000000,0,0,0
37.550,-0.7531000,-0.3427000,9.6588000,35.3394000,28.8086000,32.9437000,-39.0020000,-12.7770000,6.0130000,0.000000,0,0,0
37.560,-0.7507000,-0.3332000,9.6552000,35.1105000,29.0756000,32.9056000,-39.0950000,-12.4100000,6.1640000,0.000000,0,0,0
37.570,-0.7519000,-0.3236000,9.6552000,34.9350000,29.0985000,32.9361000,-39.1450000,-12.5530000,6.2880000,0.000000,0,0,0
37.580,-0.7543000,-0.3128000,9.6529000,34.8282000,28.8467000,33.0505000,-39.1040000,-12.4770000,6.3550000,0.000000,0,0,0
37.590,-0.7531000,-0.3092000,9.6505000,34.7824000,28.5339000,33.1497000,-38.9250000,-12.4330000,5.7440000,0.000000,0,0,0
37.600,-0.7507000,-0.3152000,9.6517000,34.7977000,28.3661000,33.1802000,-39.1090000,-12.5100000,6.0430000,0.000000,0,0,0
37.610,-0.7483000,-0.3296000,9.6600000,34.8434000,28.2822000,33.2031000,-39.1450000,-12.7970000,5.7580000,0.000000,0,0,0
37.620,-0.7471000,-0.3451000,9.6648000,34.8663000,28.1601000,33.2947000,-38.9760000,-12.3690000,6.5770000,0.000000,0,0,0
37.630,-0.7471000,-0.3643000,9.6624000,34.8434000,28.0228000,33.4396000,-39.2590000,-12.3880000,5.9420000,0.000000,0,0,0
37.640,-0.7459000,-0.3786000,9.6600000,34.8053000,27.9694000,33.5464000,-39.4770000,-12.5930000,6.2000000,0.000000,0,0,0
37.650,-0.7507000,-0.3810000,9.6624000,34.8511000,27.9617000,33.5846000,-39.2610000,-12.7490000,5.8190000,0.000000,0,0,0
37.660,-0.7602000,-0.3714000,9.6648000,34.9503000,27.9083000,33.6304000,-38.8860000,-12.4730000,5.5870000,0.000000,0,0,0
37.670,-0.7734000,-0.3571000,9.6612000,35.0113000,27.7481000,33.7219000,-39.4320000,-12.4600000,6.0610000,0.000000,0,0,0
37.680,-0.7830000,-0.3463000,9.6541000,34.9579000,27.5192000,33.8516000,-39.3610000,-12.7120000,6.1490000,0.000000,0,0,0
37.690,-0.7901000,-0.3463000,9.6505000,34.8282000,27.2675000,33.9508000,-39.1640000,-12.3190000,6.4690000,0.000000,0,0,0
37.700,-0.7878000,-0.3511000,9.6576000,34.8129000,27.1072000,33.9584000,-39.1980000,-12.8010000,6.3560000,0.000000,0,0,0
37.710,-0.7698000,-0.3523000,9.6636000,34.8816000,27.1835000,33.8287000,-38.9870000,-12.6610000,6.0330000,0.000000,0,0,0
37.720,-0.7423000,-0.3535000,9.6624000,34.8282000,27.4658000,33.6075000,-38.9980000,-12.6920000,5.9970000,0.000000,0,0,0
37.730,-0.7184000,-0.3619000,9.6600000,34.5764000,27.7710000,33.4167000,-39.2670000,-12.8120000,5.6070000,0.000000,0,0,0
37.740,-0.7016000,-0.3726000,9.6600000,34.3246000,27.9846000,33.3099000,-39.0070000,-12.4140000,5.9410000,0.000000,0,0,0
37.750,-0.6980000,-0.3834000,9.6624000,34.3018000,28.1067000,33.2489000,-39.0340000,-12.5420000,6.4150000,0.000000,0,0,0
37.760,-0.7160000,-0.3918000,9.6576000,34.5917000,28.2440000,33.2794000,-39.2080000,-12.6030000,6.3950000,0.000000,0,0,0
37.770,-0.7315000,-0.3978000,9.6541000,34.7977000,28.3051000,33.3786000,-39.0440000,-12.6320000,5.9380000,0.000000,0,0,0
37.780,-0.7483000,-0.3990000,9.6564000,34.9503000,28.2516000,33.5541000,-38.9890000,-12.8790000,6.3180000,0.000000,0,0,0
37.790,-0.7614000,-0.3942000,9.6612000,35.0266000,28.0762000,33.7753000,-39.0600000,-12.4830000,6.0190000,0.000000,0,0,0
37.800,-0.7686000,-0.3894000,9.6576000,35.0113000,27.8091000,33.9737000,-39.0050000,-12.6000000,5.2020000,0.000000,0,0,0
37.810,-0.7686000,-0.3870000,9.6529000,34.9426000,27.5421000,34.0805000,-39.1980000,-12.7000000,5.4560000,0.000000,0,0,0
37.820,-0.7650000,-0.3822000,9.6529000,34.8663000,27.3361000,34.0881000,-39.0860000,-12.8180000,6.5020000,0.000000,0,0,0
37.830,-0.7638000,-0.3774000,9.6588000,34.8053000,27.2141000,33.9966000,-39.1890000,-12.4970000,5.9760000,0.000000,0,0,0
37.840,-0.7614000,-0.3750000,9.6624000,34.7595000,27.1988000,33.8593000,-38.9760000,-12.4990000,6.4460000,0.000000,0,0,0
37.850,-0.7567000,-0.3798000,9.6600000,34.7214000,27.3132000,33.6990000,-39.2760000,-12.6700000,5.9920000,0.000000,0,0,0
37.860,-0.7555000,-0.3894000,9.6588000,34.6909000,27.4963000,33.5617000,-39.2430000,-12.7450000,5.8800000,0.000000,0,0,0
37.870,-0.7531000,-0.3978000,9.6600000,34.6909000,27.6260000,33.5083000,-39.0090000,-12.8620000,6.0660000,0.000000,0,0,0
37.880,-0.7495000,-0.4026000,9.6612000,34.7443000,27.6260000,33.5541000,-39.0580000,-12.4590000,6.1170000,0.000000,0,0,0
37.890,-0.7411000,-0.4121000,9.6600000,34.8587000,27.5497000,33.6456000,-39.0030000,-12.9140000,6.1080000,0.000000,0,0,0
37.900,-0.7291000,-0.4169000,9.6588000,35.0037000,27.5345000,33.6761000,-38.9140000,-12.6600000,6.1130000,0.000000,0,0,0
37.910,-0.7184000,-0.4133000,9.6612000,35.0876000,27.5879000,33.6075000,-38.9590000,-13.0360000,6.0220000,0.000000,0,0,0
37.920,-0.7160000,-0.4085000,9.6624000,35.0952000,27.6489000,33.4854000,-39.1620000,-13.0030000,6.2500000,0.000000,0,0,0
37.930,-0.7220000,-0.4049000,9.6588000,34.9960000,27.6794000,33.3633000,-38.9600000,-12.7200000,6.3480000,0.000000,0,0,0
37.940,-0.7351000,-0.4014000,9.6541000,34.8206000,27.6108000,33.2870000,-38.8990000,-12.6800000,6.1510000,0.000000,0,0,0
37.950,-0.7507000,-0.4002000,9.6529000,34.6603000,27.4734000,33.2718000,-38.9200000,-12.7160000,6.4730000,0.000000,0,0,0
37.960,-0.7650000,-0.4061000,9.6517000,34.6680000,27.2827000,33.3176000,-39.0010000,-12.8190000,6.2040000,0.000000,0,0,0
37.970,-0.7734000,-0.4121000,9.6529000,34.9121000,27.0844000,33.4015000,-39.3810000,-12.9060000,6.4880000,0.000000,0,0,0
37.980,-0.7734000,-0.4121000,9.6552000,35.2020000,27.0538000,33.4625000,-39.2450000,-13.0990000,6.5310000,0.000000,0,0,0
37.990,-0.7638000,-0.4121000,9.6576000,35.4156000,27.1988000,33.4930000,-39.2210000,-12.5870000,6.6180000,0.000000,0,0,0
38.000,-0.7459000,-0.4133000,9.6588000,35.4691000,27.4048000,33.5236000,-39.0680000,-12.5050000,6.5830000,0.000000,0,0,0
38.010,-0.7232000,-0.4145000,9.6588000,35.3775000,27.5955000,33.5007000,-39.1910000,-12.5780000,6.4350000,0.000000,0,0,0
38.020,-0.7064000,-0.4121000,9.6576000,35.1868000,27.7634000,33.4244000,-39.0070000,-12.7530000,6.3150000,0.000000,0,0,0
38.030,-0.6956000,-0.4121000,9.6588000,34.9731000,27.9160000,33.3099000,-39.1940000,-12.9050000,6.6710000,0.000000,0,0,0
38.040,-0.6944000,-0.4145000,9.6600000,34.8282000,27.9388000,33.2794000,-39.0890000,-12.7350000,5.8930000,0.000000,0,0,0
38.050,-0.7004000,-0.4193000,9.6600000,34.7900000,27.8397000,33.3328000,-39.4160000,-12.7180000,6.4660000,0.000000,0,0,0
38.060,-0.7112000,-0.4253000,9.6588000,34.7977000,27.7786000,33.4015000,-38.9840000,-12.7870000,6.5140000,0.000000,0,0,0
38.070,-0.7244000,-0.4301000,9.6576000,34.7519000,27.8397000,33.4702000,-38.8900000,-12.8080000,6.1780000,0.000000,0,0,0
38.080,-0.7387000,-0.4313000,9.6612000,34.6756000,27.9160000,33.5541000,-39.1090000,-12.6970000,6.4040000,0.000000,0,0,0
38.090,-0.7495000,-0.4337000,9.6612000,34.6375000,27.8931000,33.6838000,-38.9150000,-12.8910000,6.3860000,0.000000,0,0,0
38.100,-0.7543000,-0.4360000,9.6564000,34.6451000,27.8244000,33.7906000,-39.1180000,-12.9370000,6.3230000,0.000000,0,0,0
38.110,-0.7519000,-0.4313000,9.6552000,34.6527000,27.8091000,33.8135000,-39.3080000,-12.8830000,6.6550000,0.000000,0,0,0
38.120,-0.7507000,-0.4265000,9.6588000,34.6298000,27.7939000,33.8058000,-39.0150000,-12.5590000,6.7150000,0.000000,0,0,0
38.130,-0.7483000,-0.4265000,9.6576000,34.5764000,27.7176000,33.8287000,-39.1750000,-12.9720000,6.7840000,0.000000,0,0,0
38.140,-0.7471000,-0.4325000,9.6529000,34.5306000,27.5879000,33.8745000,-39.3330000,-12.9010000,6.1110000,0.000000,0,0,0
38.150,-0.7435000,-0.4360000,9.6517000,34.5459000,27.5574000,33.8516000,-39.5340000,-13.0740000,5.9340000,0.000000,0,0,0
38.160,-0.7447000,-0.4420000,9.6564000,34.6756000,27.6794000,33.7524000,-39.3680000,-12.8860000,6.2750000,0.000000,0,0,0
38.170,-0.7459000,-0.4456000,9.6600000,34.8816000,27.7786000,33.6838000,-39.3830000,-12.8430000,6.4310000,0.000000,0,0,0
38.180,-0.7423000,-0.4480000,9.6588000,35.0723000,27.7786000,33.6761000,-39.0410000,-12.8160000,5.9830000,0.000000,0,0,0
38.190,-0.7339000,-0.4492000,9.6576000,35.1944000,27.7405000,33.6456000,-39.1820000,-12.8570000,6.5270000,0.000000,0,0,0
38.200,-0.7232000,-0.4516000,9.6612000,35.2936000,27.6947000,33.5693000,-39.3330000,-13.0450000,7.0150000,0.000000,0,0,0
38.210,-0.7184000,-0.4576000,9.6648000,35.3775000,27.6184000,33.4854000,-39.5150000,-13.0910000,6.7700000,0.000000,0,0,0
38.220,-0.7160000,-0.4660000,9.6624000,35.4080000,27.5497000,33.4473000,-39.1330000,-13.0020000,6.8700000,0.000000,0,0,0
38.230,-0.7184000,-0.4743000,9.6588000,35.3394000,27.5269000,33.4625000,-39.2380000,-12.9780000,6.3010000,0.000000,0,0,0
38.240,-0.7279000,-0.4791000,9.6588000,35.2554000,27.5192000,33.5541000,-39.2780000,-12.7740000,6.8460000,0.000000,0,0,0
38.250,-0.7399000,-0.4755000,9.6588000,35.2249000,27.5726000,33.6609000,-39.3190000,-13.0160000,7.0160000,0.000000,0,0,0
38.260,-0.7531000,-0.4672000,9.6552000,35.2478000,27.6871000,33.7372000,-38.9880000,-12.8130000,6.0760000,0.000000,0,0,0
38.270,-0.7602000,-0.4480000,9.6552000,35.3546000,27.7634000,33.7830000,-39.1720000,-12.8250000,6.2610000,0.000000,0,0,0
38.280,-0.7626000,-0.4277000,9.6564000,35.5072000,27.7405000,33.7982000,-39.4010000,-12.7250000,5.6930000,0.000000,0,0,0
38.290,-0.7578000,-0.4193000,9.6576000,35.6903000,27.6031000,33.7982000,-39.2260000,-12.9510000,6.9960000,0.000000,0,0,0
38.300,-0.7471000,-0.4229000,9.6564000,35.8047000,27.3743000,33.7830000,-39.0240000,-12.5900000,6.5580000,0.000000,0,0,0
38.310,-0.7303000,-0.4337000,9.6552000,35.7590000,27.1072000,33.7906000,-39.1530000,-12.8200000,6.8570000,0.000000,0,0,0
38.320,-0.7160000,-0.4432000,9.6564000,35.5225000,26.9012000,33.7906000,-39.1580000,-12.9410000,6.3380000,0.000000,0,0,0
38.330,-0.7124000,-0.4588000,9.6600000,35.1944000,26.8021000,33.7982000,-38.9460000,-12.7270000,6.8520000,0.000000,0,0,0
38.340,-0.7064000,-0.4719000,9.6612000,34.9274000,26.8021000,33.7982000,-38.9320000,-12.6560000,6.3730000,0.000000,0,0,0
38.350,-0.6968000,-0.4839000,9.6588000,34.7137000,26.9165000,33.7296000,-39.0210000,-12.9250000,7.1530000,0.000000,0,0,0
38.360,-0.6897000,-0.4899000,9.6576000,34.5688000,27.0691000,33.5999000,-39.0850000,-12.9180000,6.4620000,0.000000,0,0,0
38.370,-0.6861000,-0.4923000,9.6588000,34.4925000,27.2217000,33.4702000,-39.0120000,-12.8230000,7.1460000,0.000000,0,0,0
38.380,-0.6885000,-0.4935000,9.6588000,34.4849000,27.3514000,33.4244000,-39.2950000,-12.7970000,6.5330000,0.000000,0,0,0
38.390,-0.6885000,-0.4839000,9.6600000,34.5078000,27.5040000,33.4320000,-39.3930000,-12.8740000,6.3890000,0.000000,0,0,0
38.400,-0.6944000,-0.4731000,9.6624000,34.5078000,27.7328000,33.4702000,-39.2280000,-12.7730000,7.2280000,0.000000,0,0,0
38.410,-0.7052000,-0.4660000,9.6636000,34.6146000,27.8931000,33.5770000,-38.9570000,-13.1490000,6.8410000,0.000000,0,0,0
38.420,-0.7172000,-0.4564000,9.6636000,35.0342000,28.0762000,33.7219000,-39.1690000,-13.1250000,7.2510000,0.000000,0,0,0
38.430,-0.7244000,-0.4552000,9.6612000,35.3088000,28.2440000,33.6990000,-39.0630000,-12.9750000,7.1490000,0.000000,0,0,0
38.440,-0.7315000,-0.4600000,9.6588000,35.4767000,28.3508000,33.6609000,-38.8950000,-13.1090000,6.7320000,0.000000,0,0,0
38.450,-0.7363000,-0.4660000,9.6588000,35.5072000,28.3051000,33.6609000,-39.2270000,-13.1320000,6.6210000,0.000000,0,0,0
38.460,-0.7375000,-0.4719000,9.6588000,35.4233000,28.1448000,33.7219000,-39.1110000,-12.7640000,6.4660000,0.000000,0,0,0
38.470,-0.7375000,-0.4767000,9.6600000,35.2478000,27.9922000,33.7982000,-39.0890000,-13.1590000,6.4220000,0.000000,0,0,0
38.480,-0.7399000,-0.4779000,9.6600000,35.0418000,27.8549000,33.8745000,-39.0340000,-12.7940000,5.9200000,0.000000,0,0,0
38.490,-0.7411000,-0.4791000,9.6612000,34.9350000,27.7405000,33.9432000,-39.3430000,-13.0550000,6.1280000,0.000000,0,0,0
38.500,-0.7363000,-0.4827000,9.6600000,34.9579000,27.7252000,33.9584000,-39.0210000,-13.0050000,5.8660000,0.000000,0,0,0
38.510,-0.7244000,-0.4875000,9.6564000,35.0723000,27.8091000,33.8669000,-38.9930000,-13.1280000,5.8920000,0.000000,0,0,0
38.520,-0.7124000,-0.4959000,9.6541000,35.2325000,27.9007000,33.7296000,-39.0990000,-12.8100000,5.8650000,0.000000,0,0,0
38.530,-0.7040000,-0.5054000,9.6517000,35.3622000,27.8931000,33.6304000,-39.1870000,-12.8540000,5.8830000,0.000000,0,0,0
38.540,-0.6968000,-0.5150000,9.6529000,35.4538000,27.8320000,33.5770000,-39.2110000,-13.2250000,5.7140000,0.000000,0,0,0
38.550,-0.6932000,-0.5174000,9.6541000,35.5225000,27.7634000,33.5617000,-39.2090000,-12.7250000,5.8270000,0.000000,0,0,0
38.560,-0.6932000,-0.5126000,9.6564000,35.5988000,27.7405000,33.5693000,-39.2760000,-13.0170000,6.3190000,0.000000,0,0,0
38.570,-0.7028000,-0.5066000,9.6588000,35.7132000,27.7863000,33.5770000,-39.3630000,-13.2270000,5.6030000,0.000000,0,0,0
38.580,-0.7136000,-0.4983000,9.6588000,35.8887000,27.9236000,33.5770000,-39.2070000,-12.7740000,5.6510000,0.000000,0,0,0
38.590,-0.7220000,-0.4875000,9.6600000,36.1176000,28.0533000,33.5846000,-39.3910000,-12.9670000,5.6300000,0.000000,0,0,0
38.600,-0.7279000,-0.4779000,9.6600000,36.2854000,28.0914000,33.6304000,-39.2350000,-12.8020000,5.4580000,0.000000,0,0,0
38.610,-0.7291000,-0.4731000,9.6588000,36.2854000,28.0609000,33.6914000,-39.3070000,-12.9610000,5.7880000,0.000000,0,0,0
38.620,-0.7279000,-0.4731000,9.6600000,36.1404000,28.0151000,33.6914000,-39.4910000,-12.7720000,6.1920000,0.000000,0,0,0
38.630,-0.7244000,-0.4731000,9.6600000,35.9497000,27.9465000,33.6609000,-39.1230000,-13.0920000,6.0950000,0.000000,0,0,0
38.640,-0.7232000,-0.4731000,9.6588000,35.7819000,27.8473000,33.6151000,-39.2800000,-12.7970000,6.6470000,0.000000,0,0,0
38.650,-0.7232000,-0.4779000,9.6552000,35.6522000,27.7710000,33.5770000,-39.3160000,-12.9120000,6.2280000,0.000000,0,0,0
38.660,-0.7267000,-0.4875000,9.6529000,35.6216000,27.7710000,33.5083000,-39.1120000,-12.7360000,6.2940000,0.000000,0,0,0
38.670,-0.7303000,-0.4983000,9.6552000,35.7208000,27.8091000,33.4625000,-39.0920000,-12.8750000,6.1850000,0.000000,0,0,0
38.680,-0.7303000,-0.5018000,9.6576000,35.8582000,27.8244000,33.4778000,-38.9720000,-12.7820000,6.0620000,0.000000,0,0,0
38.690,-0.7255000,-0.5042000,9.6564000,35.9116000,27.7786000,33.5541000,-39.1630000,-13.0460000,6.0820000,0.000000,0,0,0
38.700,-0.7184000,-0.5030000,9.6552000,35.8810000,27.7252000,33.6304000,-38.9690000,-13.4340000,5.7920000,0.000000,0,0,0
38.710,-0.7088000,-0.4983000,9.6576000,35.7895000,27.7252000,33.6456000,-39.0160000,-12.8560000,5.8100000,0.000000,0,0,0
38.720,-0.7040000,-0.4935000,9.6600000,35.6598000,27.7786000,33.6075000,-39.1670000,-13.1160000,5.4490000,0.000000,0,0,0
38.730,-0.7028000,-0.4899000,9.6588000,35.5148000,27.8931000,33.5541000,-39.3550000,-13.1460000,5.8330000,0.000000,0,0,0
38.740,-0.7052000,-0.4827000,9.6576000,35.3241000,28.0533000,33.4854000,-39.4320000,-12.9500000,5.3510000,0.000000,0,0,0
38.750,-0.7148000,-0.4791000,9.6576000,35.1486000,28.1525000,33.4549000,-39.0600000,-12.9440000,5.6820000,0.000000,0,0,0
38.760,-0.7232000,-0.4767000,9.6564000,35.1334000,28.0914000,33.4930000,-39.2190000,-12.7650000,6.1720000,0.000000,0,0,0
38.770,-0.7267000,-0.4767000,9.6541000,35.3394000,27.9236000,33.5693000,-39.1520000,-12.8990000,6.1050000,0.000000,0,0,0
38.780,-0.7267000,-0.4791000,9.6552000,35.6293000,27.8168000,33.5922000,-39.2790000,-12.8250000,5.8990000,0.000000,0,0,0
38.790,-0.7220000,-0.4863000,9.6588000,35.8887000,27.8397000,33.5464000,-39.0500000,-12.9240000,5.3760000,0.000000,0,0,0
38.800,-0.7208000,-0.4983000,9.6624000,36.0336000,27.9160000,33.4854000,-39.2000000,-12.9320000,5.6850000,0.000000,0,0,0
38.810,-0.7232000,-0.5102000,9.6624000,36.0107000,28.0228000,33.4625000,-39.2040000,-13.1310000,5.9870000,0.000000,0,0,0
38.820,-0.7255000,-0.5198000,9.6600000,35.8582000,28.1525000,33.4473000,-39.0970000,-13.3470000,5.9900000,0.000000,0,0,0
38.830,-0.7339000,-0.5210000,9.6588000,35.6674000,28.2822000,33.4244000,-39.2370000,-13.1290000,5.9780000,0.000000,0,0,0
38.840,-0.7447000,-0.5126000,9.6588000,35.5301000,28.3356000,33.4396000,-39.3320000,-12.8780000,5.9350000,0.000000,0,0,0
38.850,-0.7507000,-0.4971000,9.6576000,35.4843000,28.2822000,33.4778000,-39.3750000,-12.9280000,6.1700000,0.000000,0,0,0
38.860,-0.7507000,-0.4827000,9.6529000,35.4919000,28.1677000,33.5159000,-39.1980000,-12.6570000,6.2630000,0.000000,0,0,0
38.870,-0.7459000,-0.4755000,9.6529000,35.5453000,28.0228000,33.5388000,-39.0780000,-13.0330000,7.0020000,0.000000,0,0,0
38.880,-0.7375000,-0.4719000,9.6552000,35.6064000,27.8854000,33.5541000,-39.1010000,-12.8190000,6.3510000,0.000000,0,0,0
38.890,-0.7267000,-0.4791000,9.6576000,35.6293000,27.7939000,33.5693000,-39.0650000,-13.0120000,5.9580000,0.000000,0,0,0
38.900,-0.7184000,-0.4935000,9.6588000,35.5682000,27.8244000,33.5541000,-39.4770000,-12.4120000,6.3050000,0.000000,0,0,0
38.910,-0.7124000,-0.5066000,9.6600000,35.4156000,27.9541000,33.5312000,-39.1970000,-12.8730000,6.0690000,0.000000,0,0,0
38.920,-0.7112000,-0.5126000,9.6600000,35.2173000,28.0457000,33.5388000,-39.0630000,-13.0970000,6.4050000,0.000000,0,0,0
38.930,-0.7172000,-0.5078000,9.6600000,35.0342000,28.0304000,33.5922000,-38.9440000,-12.7980000,6.2690000,0.000000,0,0,0
38.940,-0.7244000,-0.4995000,9.6588000,34.8740000,27.9541000,33.6533000,-39.3630000,-13.0670000,6.2250000,0.000000,0,0,0
38.950,-0.7327000,-0.4923000,9.6576000,34.7977000,27.8778000,33.6685000,-39.2440000,-12.9040000,5.9890000,0.000000,0,0,0
38.960,-0.7399000,-0.4887000,9.6576000,34.8587000,27.7939000,33.6380000,-39.5670000,-12.9910000,6.2080000,0.000000,0,0,0
38.970,-0.7483000,-0.4899000,9.6576000,35.0571000,27.6947000,33.5846000,-39.0890000,-13.2310000,5.7050000,0.000000,0,0,0
38.980,-0.7543000,-0.4959000,9.6576000,35.3470000,27.6260000,33.5159000,-39.2310000,-13.3020000,6.0900000,0.000000,0,0,0
38.990,-0.7590000,-0.5054000,9.6576000,35.5911000,27.6108000,33.4549000,-39.5130000,-13.2610000,6.4790000,0.000000,0,0,0
39.000,-0.7555000,-0.5138000,9.6564000,35.7590000,27.6260000,33.4091000,-39.5390000,-12.9350000,5.5340000,0.000000,0,0,0
39.010,-0.7447000,-0.5198000,9.6576000,35.8353000,27.6489000,33.4091000,-38.9780000,-13.1980000,5.7140000,0.000000,0,0,0
39.020,-0.7315000,-0.5210000,9.6576000,35.8353000,27.6794000,33.4244000,-38.9160000,-13.0710000,5.5580000,0.000000,0,0,0
39.030,-0.7148000,-0.5222000,9.6564000,35.8200000,27.7710000,33.4320000,-39.1350000,-13.0260000,5.5540000,0.000000,0,0,0
39.040,-0.7004000,-0.5258000,9.6576000,35.8353000,27.9083000,33.4091000,-39.1920000,-13.0520000,5.5780000,0.000000,0,0,0
39.050,-0.6921000,-0.5282000,9.6600000,35.8963000,28.0228000,33.4015000,-39.0700000,-13.2770000,5.6940000,0.000000,0,0,0
39.060,-0.6921000,-0.5294000,9.6624000,35.9573000,28.1601000,33.4091000,-38.8760000,-13.0030000,6.2190000,0.000000,0,0,0
39.070,-0.6980000,-0.5282000,9.6612000,35.9573000,28.3356000,33.4320000,-39.2030000,-13.0430000,6.8040000,0.000000,0,0,0
39.080,-0.7076000,-0.5222000,9.6624000,35.8887000,28.4653000,33.4778000,-38.9370000,-13.0930000,6.6980000,0.000000,0,0,0
39.090,-0.7244000,-0.5042000,9.6588000,35.6598000,28.3737000,33.6685000,-39.4740000,-12.9850000,6.3220000,0.000000,0,0,0
39.100,-0.7303000,-0.4923000,9.6564000,35.4462000,28.1754000,33.7677000,-39.2520000,-12.8980000,6.1910000,0.000000,0,0,0
39.110,-0.7363000,-0.4851000,9.6529000,35.2707000,27.9236000,33.7753000,-39.1030000,-12.9430000,5.9970000,0.000000,0,0,0
39.120,-0.7423000,-0.4851000,9.6552000,35.1791000,27.6947000,33.7296000,-39.0360000,-12.9630000,5.4870000,0.000000,0,0,0
39.130,-0.7471000,-0.4911000,9.6552000,35.2097000,27.5116000,33.6685000,-39.0680000,-13.1750000,5.8420000,0.000000,0,0,0
39.140,-0.7507000,-0.5006000,9.6541000,35.2859000,27.4353000,33.6151000,-39.0420000,-12.8030000,5.9630000,0.000000,0,0,0
39.150,-0.7507000,-0.5138000,9.6541000,35.4080000,27.5116000,33.5617000,-38.8130000,-13.0260000,6.0510000,0.000000,0,0,0
39.160,-0.7459000,-0.5282000,9.6564000,35.5988000,27.6871000,33.4930000,-39.1320000,-12.9580000,5.7800000,0.000000,0,0,0
39.170,-0.7411000,-0.5389000,9.6564000,35.8582000,27.8854000,33.4091000,-38.5810000,-13.2390000,6.0040000,0.000000,0,0,0
39.180,-0.7351000,-0.5401000,9.6564000,36.1023000,28.0457000,33.3481000,-39.1790000,-13.1700000,5.7290000,0.000000,0,0,0
39.190,-0.7267000,-0.5329000,9.6576000,36.2701000,28.1448000,33.2870000,-39.2010000,-12.9400000,5.5110000,0.000000,0,0,0
39.200,-0.7184000,-0.5234000,9.6576000,36.3083000,28.1525000,33.2336000,-38.8600000,-13.0650000,5.2730000,0.000000,0,0,0
39.210,-0.7160000,-0.5174000,9.6564000,36.2473000,28.0838000,33.2031000,-39.0580000,-12.9760000,5.3490000,0.000000,0,0,0
39.220,-0.7184000,-0.5114000,9.6541000,36.1099000,28.0075000,33.2184000,-38.6670000,-13.1170000,5.8180000,0.000000,0,0,0
39.230,-0.7255000,-0.5066000,9.6564000,35.9192000,27.9541000,33.2794000,-38.9280000,-13.1840000,5.6930000,0.000000,0,0,0
39.240,-0.7339000,-0.5042000,9.6564000,35.7208000,27.9007000,33.4320000,-38.8490000,-13.2560000,5.6890000,0.000000,0,0,0
39.250,-0.7411000,-0.5054000,9.6564000,35.5835000,27.8244000,33.6533000,-38.9510000,-13.3510000,5.5760000,0.000000,0,0,0
39.260,-0.7411000,-0.5030000,9.6564000,35.5072000,27.7786000,33.8440000,-39.1320000,-13.3110000,5.4580000,0.000000,0,0,0
39.270,-0.7399000,-0.5006000,9.6576000,35.5225000,27.7939000,33.9203000,-39.1430000,-13.0110000,6.0680000,0.000000,0,0,0
39.280,-0.7363000,-0.5006000,9.6588000,35.6064000,27.8320000,33.8821000,-38.9450000,-12.8780000,5.5880000,0.000000,0,0,0
39.290,-0.7339000,-0.5006000,9.6588000,35.6750000,27.9007000,33.7524000,-38.9330000,-13.0160000,5.6990000,0.000000,0,0,0
39.300,-0.7339000,-0.5006000,9.6588000,35.6903000,27.9617000,33.5846000,-38.8580000,-12.8410000,5.8770000,0.000000,0,0,0
39.310,-0.7375000,-0.5042000,9.6588000,35.6827000,27.9770000,33.4396000,-39.0010000,-12.6820000,5.3690000,0.000000,0,0,0
39.320,-0.7423000,-0.5078000,9.6588000,35.7208000,27.9312000,33.3481000,-38.8900000,-13.1250000,5.7570000,0.000000,0,0,0
39.330,-0.7435000,-0.5114000,9.6588000,35.8429000,27.9160000,33.3099000,-39.3730000,-13.2350000,5.2410000,0.000000,0,0,0
39.340,-0.7375000,-0.5174000,9.6576000,36.0336000,27.9541000,33.2870000,-39.0400000,-13.1100000,6.0710000,0.000000,0,0,0
39.350,-0.7267000,-0.5234000,9.6564000,36.2549000,27.9999000,33.2565000,-39.2320000,-12.9940000,5.7010000,0.000000,0,0,0
39.360,-0.7172000,-0.5306000,9.6576000,36.4227000,28.0457000,33.2184000,-38.8660000,-13.1010000,6.5020000,0.000000,0,0,0
39.370,-0.7124000,-0.5377000,9.6576000,36.4990000,28.0914000,33.1650000,-39.1980000,-12.8070000,5.6530000,0.000000,0,0,0
39.380,-0.7112000,-0.5449000,9.6576000,36.4761000,28.1219000,33.1345000,-39.1510000,-13.0050000,5.8540000,0.000000,0,0,0
39.390,-0.7148000,-0.5425000,9.6576000,36.3388000,28.1143000,33.1421000,-38.8530000,-12.9950000,6.8770000,0.000000,0,0,0
39.400,-0.7232000,-0.5329000,9.6576000,36.0794000,28.0762000,33.2031000,-39.1950000,-13.1150000,6.0480000,0.000000,0,0,0
39.410,-0.7315000,-0.5210000,9.6564000,35.8124000,27.9922000,33.3099000,-39.1640000,-12.9380000,6.0330000,0.000000,0,0,0
39.420,-0.7399000,-0.5054000,9.6552000,35.6293000,27.9007000,33.4091000,-39.0790000,-12.8530000,5.9300000,0.000000,0,0,0
39.430,-0.7459000,-0.4887000,9.6552000,35.5377000,27.8397000,33.5007000,-39.4090000,-13.1070000,6.2590000,0.000000,0,0,0
39.440,-0.7483000,-0.4779000,9.6552000,35.5377000,27.7786000,33.5999000,-39.1940000,-13.0850000,5.5900000,0.000000,0,0,0
39.450,-0.7507000,-0.4743000,9.6552000,35.6140000,27.7252000,33.7067000,-39.1890000,-12.7990000,6.3690000,0.000000,0,0,0
39.460,-0.7483000,-0.4791000,9.6564000,35.7208000,27.7176000,33.7906000,-38.8770000,-13.0820000,6.3120000,0.000000,0,0,0
39.470,-0.7435000,-0.4887000,9.6552000,35.7742000,27.7481000,33.8440000,-39.0690000,-13.0310000,5.9330000,0.000000,0,0,0
39.480,-0.7387000,-0.5018000,9.6564000,35.7208000,27.7710000,33.8745000,-39.0840000,-13.2050000,5.8940000,0.000000,0,0,0
39.490,-0.7339000,-0.5114000,9.6576000,35.6064000,27.7863000,33.8669000,-39.1990000,-13.1340000,6.0020000,0.000000,0,0,0
39.500,-0.7303000,-0.5186000,9.6588000,35.4919000,27.8244000,33.7982000,-39.1280000,-13.0190000,5.8650000,0.000000,0,0,0
39.510,-0.7303000,-0.5210000,9.6588000,35.4538000,27.8854000,33.6990000,-38.8860000,-13.2430000,6.1940000,0.000000,0,0,0
39.520,-0.7339000,-0.5222000,9.6600000,35.5225000,27.9160000,33.6075000,-39.3390000,-13.1730000,5.9820000,0.000000,0,0,0
39.530,-0.7363000,-0.5234000,9.6588000,35.7208000,27.8854000,33.5617000,-39.2830000,-13.1230000,6.1720000,0.000000,0,0,0
39.540,-0.7387000,-0.5246000,9.6564000,36.0184000,27.7634000,33.5388000,-39.2220000,-13.3080000,6.2650000,0.000000,0,0,0
39.550,-0.7399000,-0.5198000,9.6564000,36.3007000,27.6566000,33.5312000,-39.0890000,-13.1880000,6.3660000,0.000000,0,0,0
39.560,-0.7399000,-0.5126000,9.6564000,36.4304000,27.6566000,33.5388000,-39.0200000,-13.1120000,6.2470000,0.000000,0,0,0
39.570,-0.7375000,-0.5126000,9.6576000,36.3846000,27.7252000,33.5770000,-39.2500000,-13.2840000,6.4220000,0.000000,0,0,0
39.580,-0.7351000,-0.5162000,9.6600000,36.3007000,27.7786000,33.6304000,-38.9570000,-13.2430000,6.9180000,0.000000,0,0,0
39.590,-0.7363000,-0.5174000,9.6612000,36.2244000,27.8168000,33.6761000,-39.0810000,-13.1370000,6.5010000,0.000000,0,0,0
39.600,-0.7387000,-0.5150000,9.6564000,36.1252000,27.8702000,33.6838000,-38.9080000,-13.1640000,7.0060000,0.000000,0,0,0
39.610,-0.7411000,-0.5078000,9.6564000,36.0260000,27.9617000,33.6456000,-39.1740000,-13.4380000,6.1750000,0.000000,0,0,0
39.620,-0.7435000,-0.4983000,9.6600000,35.9421000,28.0685000,33.5922000,-39.0670000,-13.2090000,5.8100000,0.000000,0,0,0
39.630,-0.7435000,-0.4899000,9.6612000,35.8963000,28.1143000,33.5617000,-39.2530000,-13.0940000,5.8240000,0.000000,0,0,0
39.640,-0.7411000,-0.4839000,9.6576000,35.8200000,28.1143000,33.5693000,-39.4070000,-13.0820000,6.9420000,0.000000,0,0,0
39.650,-0.7399000,-0.4839000,9.6564000,35.6903000,28.0685000,33.6304000,-39.2520000,-13.4740000,6.4130000,0.000000,0,0,0
39.660,-0.7363000,-0.4923000,9.6588000,35.5988000,27.9465000,33.7448000,-39.2120000,-13.0740000,5.7050000,0.000000,0,0,0
39.670,-0.7303000,-0.5018000,9.6612000,35.5988000,27.7863000,33.8745000,-39.2020000,-13.1570000,6.7150000,0.000000,0,0,0
39.680,-0.7244000,-0.5090000,9.6588000,35.6216000,27.7100000,33.9508000,-38.7650000,-13.1000000,6.3590000,0.000000,0,0,0
39.690,-0.7208000,-0.5126000,9.6588000,35.5911000,27.8091000,33.9279000,-38.7450000,-12.8720000,6.3460000,0.000000,0,0,0
39.700,-0.7232000,-0.5174000,9.6600000,35.5606000,27.9694000,33.8364000,-38.8900000,-12.8940000,5.9000000,0.000000,0,0,0
39.710,-0.7303000,-0.5234000,9.6600000,35.5911000,28.0685000,33.7372000,-39.1140000,-13.1060000,6.0430000,0.000000,0,0,0
39.720,-0.7423000,-0.5210000,9.6552000,35.6827000,28.1067000,33.5999000,-39.0460000,-13.0740000,6.8030000,0.000000,0,0,0
39.730,-0.7495000,-0.5174000,9.6529000,35.6979000,28.0914000,33.5236000,-39.2470000,-13.0440000,6.3930000,0.000000,0,0,0
39.740,-0.7578000,-0.5138000,9.6552000,35.7208000,27.9617000,33.5083000,-39.1390000,-13.0150000,6.2760000,0.000000,0,0,0
39.750,-0.7662000,-0.5102000,9.6552000,35.7666000,27.7405000,33.5617000,-39.2230000,-12.9260000,6.4880000,0.000000,0,0,0
39.760,-0.7662000,-0.5102000,9.6529000,35.8047000,27.5345000,33.6609000,-38.6530000,-13.1030000,5.5220000,0.000000,0,0,0
39.770,-0.7602000,-0.5126000,9.6529000,35.8276000,27.4048000,33.7524000,-38.9090000,-12.9560000,6.2780000,0.000000,0,0,0
39.780,-0.7495000,-0.5174000,9.6552000,35.9039000,27.3209000,33.8211000,-39.0480000,-13.2480000,6.2310000,0.000000,0,0,0
39.790,-0.7351000,-0.5234000,9.6588000,36.0184000,27.2598000,33.8440000,-39.0220000,-12.7960000,5.4910000,0.000000,0,0,0
39.800,-0.7208000,-0.5306000,9.6600000,36.1099000,27.3056000,33.7982000,-39.1850000,-12.9610000,6.1740000,0.000000,0,0,0
39.810,-0.7076000,-0.5353000,9.6612000,36.1252000,27.4963000,33.6761000,-39.2400000,-12.8140000,6.7020000,0.000000,0,0,0
39.820,-0.7004000,-0.5353000,9.6636000,36.0565000,27.7481000,33.5464000,-39.0630000,-12.8370000,6.2190000,0.000000,0,0,0
39.830,-0.7004000,-0.5318000,9.6648000,35.9573000,27.9617000,33.4702000,-39.4650000,-12.9540000,5.5400000,0.000000,0,0,0
39.840,-0.7040000,-0.5210000,9.6624000,35.8582000,28.1296000,33.4320000,-39.4630000,-12.7500000,6.0500000,0.000000,0,0,0
39.850,-0.7136000,-0.5054000,9.6576000,35.7895000,28.2288000,33.4320000,-39.1390000,-12.8850000,5.9940000,0.000000,0,0,0
39.860,-0.7279000,-0.4911000,9.6564000,35.7895000,28.2059000,33.4930000,-39.1750000,-12.9430000,5.9280000,0.000000,0,0,0
39.870,-0.7423000,-0.4827000,9.6564000,35.9039000,28.1067000,33.5770000,-39.1340000,-12.6570000,5.8390000,0.000000,0,0,0
39.880,-0.7519000,-0.4827000,9.6552000,36.0641000,27.9846000,33.6380000,-38.9670000,-12.9860000,6.0850000,0.000000,0,0,0
39.890,-0.7555000,-0.4899000,9.6541000,36.1862000,27.8931000,33.6456000,-39.0960000,-13.0510000,5.7670000,0.000000,0,0,0
39.900,-0.7555000,-0.4971000,9.6552000,36.2015000,27.8473000,33.6075000,-39.2150000,-12.8320000,5.7390000,0.000000,0,0,0
39.910,-0.7519000,-0.5030000,9.6576000,36.0870000,27.8015000,33.5693000,-39.1870000,-12.7390000,6.7180000,0.000000,0,0,0
39.920,-0.7471000,-0.5114000,9.6564000,35.9116000,27.7176000,33.5693000,-39.1700000,-12.7650000,6.2340000,0.000000,0,0,0
39.930,-0.7399000,-0.5162000,9.6552000,35.7742000,27.6337000,33.5770000,-39.2170000,-12.9710000,5.9440000,0.000000,0,0,0
39.940,-0.7351000,-0.5162000,9.6564000,35.7132000,27.6184000,33.5617000,-38.9630000,-12.7730000,6.5400000,0.000000,0,0,0
39.950,-0.7339000,-0.5126000,9.6600000,35.7590000,27.6566000,33.5617000,-38.8400000,-12.9870000,6.5400000,0.000000,0,0,0
39.960,-0.7303000,-0.5102000,9.6600000,35.8734000,27.7023000,33.5922000,-39.0780000,-12.9750000,5.8060000,0.000000,0,0,0
39.970,-0.7267000,-0.5126000,9.6600000,35.9650000,27.7710000,33.6151000,-38.8610000,-13.2670000,6.1220000,0.000000,0,0,0
39.980,-0.7244000,-0.5210000,9.6600000,35.9879000,27.8549000,33.6075000,-38.8610000,-12.7640000,7.2480000,0.000000,0,0,0
39.990,-0.7255000,-0.5282000,9.6588000,35.9421000,27.8854000,33.5999000,-38.9080000,-13.2790000,6.7970000,0.000000,0,0,0
40.000,-0.7267000,-0.5282000,9.6576000,35.8353000,27.8091000,33.6227000,-38.7090000,-12.8490000,6.4890000,0.000000,0,0,0
40.010,-0.7291000,-0.5222000,9.6564000,35.7285000,27.6794000,33.6533000,-39.0730000,-12.9200000,6.8880000,0.000000,0,0,0
40.020,-0.7339000,-0.5102000,9.6552000,35.6750000,27.5955000,33.6533000,-39.0460000,-12.8210000,7.0770000,0.000000,0,0,0
40.030,-0.7411000,-0.4971000,9.6564000,35.6903000,27.5650000,33.6304000,-39.0980000,-12.8800000,6.2370000,0.000000,0,0,0
40.040,-0.7555000,-0.4863000,9.6588000,35.7971000,27.5574000,33.6227000,-39.3250000,-13.2450000,6.5540000,0.000000,0,0,0
40.050,-0.7626000,-0.4887000,9.6600000,36.0107000,27.5574000,33.6380000,-39.1900000,-12.8060000,6.2740000,0.000000,0,0,0
40.060,-0.7614000,-0.4947000,9.6588000,36.1786000,27.6184000,33.5770000,-39.2350000,-12.7380000,6.0010000,0.000000,0,0,0
40.070,-0.7590000,-0.5030000,9.6588000,36.2244000,27.7176000,33.5312000,-38.9030000,-12.8070000,6.7000000,0.000000,0,0,0
40.080,-0.7495000,-0.5114000,9.6612000,36.1481000,27.8168000,33.5083000,-38.9730000,-12.9630000,7.0080000,0.000000,0,0,0
40.090,-0.7339000,-0.5150000,9.6624000,36.0031000,27.9160000,33.5007000,-39.1220000,-12.8900000,7.1790000,0.000000,0,0,0
40.100,-0.7148000,-0.5114000,9.6600000,35.7971000,28.0838000,33.4702000,-38.8710000,-12.8170000,6.7190000,0.000000,0,0,0
40.110,-0.6992000,-0.5066000,9.6564000,35.6064000,28.2593000,33.4244000,-39.0060000,-13.3560000,6.7500000,0.000000,0,0,0
40.120,-0.6980000,-0.5018000,9.6552000,35.5148000,28.3203000,33.4167000,-38.9070000,-13.0490000,7.0980000,0.000000,0,0,0
40.130,-0.7076000,-0.4983000,9.6564000,35.5606000,28.2593000,33.4702000,-38.8970000,-12.8000000,6.6710000,0.000000,0,0,0
40.140,-0.7220000,-0.4983000,9.6552000,35.6750000,28.1677000,33.5312000,-39.0740000,-12.8990000,5.7390000,0.000000,0,0,0
40.150,-0.7375000,-0.5018000,9.6541000,35.7971000,28.0685000,33.5617000,-38.9380000,-12.9440000,5.7900000,0.000000,0,0,0
40.160,-0.7531000,-0.5066000,9.6552000,35.8658000,27.9541000,33.5999000,-38.8750000,-13.1020000,5.9200000,0.000000,0,0,0
40.170,-0.7626000,-0.5102000,9.6576000,35.8353000,27.8397000,33.6456000,-39.1580000,-12.7550000,6.7180000,0.000000,0,0,0
40.180,-0.7638000,-0.5150000,9.6576000,35.6903000,27.7634000,33.6761000,-38.7320000,-12.7420000,6.6270000,0.000000,0,0,0
40.190,-0.7602000,-0.5198000,9.6564000,35.5759000,27.6642000,33.6990000,-39.2320000,-12.9000000,6.3050000,0.000000,0,0,0
40.200,-0.7543000,-0.5210000,9.6576000,35.6064000,27.5574000,33.7067000,-38.9350000,-13.0260000,6.4810000,0.000000,0,0,0
40.210,-0.7495000,-0.5210000,9.6588000,35.7819000,27.4963000,33.6685000,-39.3350000,-12.6510000,6.3550000,0.000000,0,0,0
40.220,-0.7471000,-0.5162000,9.6576000,36.0489000,27.5116000,33.5846000,-38.9850000,-12.8820000,6.5360000,0.000000,0,0,0
40.230,-0.7423000,-0.5114000,9.6576000,36.3388000,27.5955000,33.4473000,-38.9410000,-13.0970000,6.4450000,0.000000,0,0,0
40.240,-0.7375000,-0.5102000,9.6588000,36.5677000,27.7176000,33.3099000,-38.8450000,-13.0430000,6.3530000,0.000000,0,0,0
40.250,-0.7327000,-0.5114000,9.6600000,36.6821000,27.8168000,33.2184000,-39.0400000,-13.1240000,6.2080000,0.000000,0,0,0
40.260,-0.7279000,-0.5138000,9.6588000,36.6287000,27.8702000,33.1802000,-39.0730000,-12.9050000,6.0820000,0.000000,0,0,0
40.270,-0.7255000,-0.5174000,9.6588000,36.4380000,27.9236000,33.1726000,-38.8760000,-12.8440000,6.1020000,0.000000,0,0,0
40.280,-0.7244000,-0.5150000,9.6588000,36.2091000,27.9694000,33.2031000,-39.0960000,-12.9360000,6.0990000,0.000000,0,0,0
40.290,-0.7291000,-0.5090000,9.6588000,36.0336000,27.9617000,33.2794000,-38.8960000,-12.6840000,5.6260000,0.000000,0,0,0
40.300,-0.7327000,-0.4995000,9.6564000,35.9573000,27.9007000,33.4015000,-38.7160000,-13.1150000,6.2520000,0.000000,0,0,0
40.310,-0.7339000,-0.4887000,9.6541000,35.9726000,27.8244000,33.5159000,-39.3180000,-12.7920000,6.6250000,0.000000,0,0,0
40.320,-0.7351000,-0.4803000,9.6529000,36.0489000,27.7786000,33.5999000,-39.0770000,-12.9510000,5.5550000,0.000000,0,0,0
40.330,-0.7327000,-0.4767000,9.6541000,36.1252000,27.7634000,33.6380000,-38.9710000,-12.9830000,5.6710000,0.000000,0,0,0
40.340,-0.7327000,-0.4803000,9.6564000,36.1786000,27.7481000,33.6761000,-39.0380000,-13.0350000,5.7280000,0.000000,0,0,0
40.350,-0.7315000,-0.4887000,9.6564000,36.1938000,27.7023000,33.6990000,-39.0810000,-12.8990000,5.9030000,0.000000,0,0,0
40.360,-0.7315000,-0.4971000,9.6564000,36.1786000,27.6260000,33.7219000,-39.0760000,-12.7200000,5.9170000,0.000000,0,0,0
40.370,-0.7315000,-0.4995000,9.6588000,36.1328000,27.5269000,33.7601000,-39.1480000,-13.1460000,5.7980000,0.000000,0,0,0
40.380,-0.7327000,-0.4935000,9.6612000,36.0336000,27.5116000,33.7677000,-39.0250000,-13.5120000,6.4980000,0.000000,0,0,0
40.390,-0.7327000,-0.4899000,9.6600000,36.0336000,27.5803000,33.7219000,-39.0160000,-13.3670000,6.0560000,0.000000,0,0,0
40.400,-0.7327000,-0.4899000,9.6600000,36.1099000,27.6642000,33.6456000,-38.8960000,-12.9580000,5.4340000,0.000000,0,0,0
40.410,-0.7315000,-0.4923000,9.6612000,36.2244000,27.7481000,33.5617000,-39.1700000,-12.9080000,6.5080000,0.000000,0,0,0
40.420,-0.7279000,-0.4983000,9.6624000,36.3007000,27.8168000,33.4625000,-39.0710000,-13.1050000,6.5880000,0.000000,0,0,0
40.430,-0.7220000,-0.5030000,9.6612000,36.3007000,27.9160000,33.3405000,-38.7240000,-12.9720000,6.2500000,0.000000,0,0,0
40.440,-0.7160000,-0.5066000,9.6612000,36.2091000,28.0533000,33.2260000,-39.1720000,-12.8900000,6.3730000,0.000000,0,0,0
40.450,-0.7100000,-0.5090000,9.6600000,36.0641000,28.1830000,33.1345000,-39.4060000,-12.9310000,6.2710000,0.000000,0,0,0
40.460,-0.7100000,-0.5090000,9.6588000,35.9268000,28.2669000,33.0887000,-39.0040000,-13.1020000,6.1410000,0.000000,0,0,0
40.470,-0.7184000,-0.5066000,9.6564000,35.8582000,28.2745000,33.1192000,-39.2920000,-12.9680000,6.0710000,0.000000,0,0,0
40.480,-0.7339000,-0.4983000,9.6552000,35.8582000,28.2364000,33.2184000,-39.0180000,-13.0730000,6.5140000,0.000000,0,0,0
40.490,-0.7495000,-0.4935000,9.6552000,35.8963000,28.1754000,33.3710000,-38.9390000,-13.0450000,6.6920000,0.000000,0,0,0
40.500,-0.7626000,-0.4851000,9.6576000,35.9802000,28.0685000,33.5541000,-38.9120000,-12.7790000,5.8590000,0.000000,0,0,0
40.510,-0.7710000,-0.4755000,9.6564000,36.0641000,27.9388000,33.7524000,-39.2490000,-13.0100000,6.8620000,0.000000,0,0,0
40.520,-0.7734000,-0.4707000,9.6564000,36.0489000,27.8091000,33.9050000,-39.2210000,-12.7080000,7.2920000,0.000000,0,0,0
40.530,-0.7686000,-0.4743000,9.6576000,35.9497000,27.7176000,33.9661000,-39.0140000,-12.9180000,6.3090000,0.000000,0,0,0
40.540,-0.7543000,-0.4839000,9.6564000,35.8200000,27.6413000,33.9127000,-39.3890000,-12.9350000,6.3910000,0.000000,0,0,0
40.550,-0.7387000,-0.4911000,9.6552000,35.6903000,27.5497000,33.7677000,-39.2320000,-13.2390000,6.1010000,0.000000,0,0,0
40.560,-0.7291000,-0.4947000,9.6552000,35.6064000,27.4887000,33.5693000,-39.3490000,-12.9100000,6.1960000,0.000000,0,0,0
40.570,-0.7244000,-0.4959000,9.6564000,35.5835000,27.4887000,33.3862000,-39.0470000,-13.2960000,6.0250000,0.000000,0,0,0
40.580,-0.7255000,-0.4959000,9.6564000,35.6522000,27.5803000,33.2642000,-38.9250000,-12.8560000,5.7030000,0.000000,0,0,0
40.590,-0.7315000,-0.4983000,9.6552000,35.8047000,27.7328000,33.2260000,-38.7390000,-13.4400000,6.4430000,0.000000,0,0,0
40.600,-0.7363000,-0.5018000,9.6564000,36.0413000,27.8702000,33.2642000,-39.2080000,-13.1420000,6.9340000,0.000000,0,0,0
40.610,-0.7423000,-0.5042000,9.6541000,36.3235000,27.9312000,33.3786000,-39.1200000,-13.2260000,6.7360000,0.000000,0,0,0
40.620,-0.7447000,-0.5042000,9.6517000,36.5219000,27.9083000,33.5617000,-38.9870000,-13.1210000,6.8110000,0.000000,0,0,0
40.630,-0.7423000,-0.5006000,9.6517000,36.5677000,27.7786000,33.7601000,-39.1130000,-13.2540000,6.7550000,0.000000,0,0,0
40.640,-0.7315000,-0.4971000,9.6552000,36.4838000,27.6184000,33.9279000,-38.8670000,-12.9930000,6.4650000,0.000000,0,0,0
40.650,-0.7124000,-0.4959000,9.6600000,36.2854000,27.5803000,33.9432000,-39.0050000,-12.9230000,6.1910000,0.000000,0,0,0
40.660,-0.6992000,-0.4995000,9.6636000,36.0565000,27.7405000,33.7448000,-38.9800000,-12.8050000,5.7530000,0.000000,0,0,0
40.670,-0.7016000,-0.5054000,9.6600000,35.9192000,27.9236000,33.5159000,-39.0110000,-13.0650000,6.1250000,0.000000,0,0,0
40.680,-0.7028000,-0.5006000,9.6612000,35.8734000,28.0609000,33.3328000,-38.9510000,-12.9990000,6.2110000,0.000000,0,0,0
40.690,-0.7196000,-0.4899000,9.6648000,35.8658000,28.1525000,33.1955000,-39.1580000,-12.9400000,6.3540000,0.000000,0,0,0
40.700,-0.7184000,-0.4767000,9.6660000,35.8124000,28.3356000,33.1116000,-38.5930000,-12.9910000,6.4320000,0.000000,0,0,0
40.710,-0.7291000,-0.4743000,9.6684000,35.7056000,28.6560000,32.9590000,-39.2050000,-13.2740000,6.3870000,0.000000,0,0,0
40.720,-0.7543000,-0.4791000,9.6684000,35.6293000,28.9688000,32.9514000,-38.9040000,-13.2830000,6.1010000,0.000000,0,0,0
40.730,-0.7722000,-0.4839000,9.6660000,35.6064000,29.1595000,33.1192000,-38.9200000,-13.4140000,6.4930000,0.000000,0,0,0
40.740,-0.7842000,-0.4899000,9.6624000,35.6445000,29.2587000,33.3862000,-38.9910000,-13.1040000,6.3630000,0.000000,0,0,0
40.750,-0.7866000,-0.4947000,9.6588000,35.7819000,29.2740000,33.6838000,-39.0200000,-13.5070000,6.4110000,0.000000,0,0,0
40.760,-0.7818000,-0.4983000,9.6564000,36.0336000,29.2206000,33.9050000,-39.0420000,-13.2120000,6.3630000,0.000000,0,0,0
40.770,-0.7758000,-0.4995000,9.6552000,36.3235000,29.0909000,34.0347000,-38.9500000,-13.0340000,7.0790000,0.000000,0,0,0
40.780,-0.7674000,-0.4995000,9.6564000,36.5295000,28.9536000,34.0424000,-39.2850000,-13.0680000,6.4530000,0.000000,0,0,0
40.790,-0.7567000,-0.4995000,9.6576000,36.5829000,28.7933000,33.9737000,-38.9910000,-13.1540000,6.0080000,0.000000,0,0,0
40.800,-0.7435000,-0.4995000,9.6600000,36.5067000,28.6026000,33.8821000,-39.2830000,-13.1240000,5.9260000,0.000000,0,0,0
40.810,-0.7339000,-0.5006000,9.6624000,36.3541000,28.4348000,33.7906000,-39.1930000,-13.2560000,6.0840000,0.000000,0,0,0
40.820,-0.7291000,-0.4983000,9.6600000,36.1481000,28.3279000,33.7219000,-39.0570000,-13.4220000,5.9420000,0.000000,0,0,0
40.830,-0.7339000,-0.4995000,9.6588000,35.9726000,28.2822000,33.6761000,-38.8500000,-13.4600000,6.0060000,0.000000,0,0,0
40.840,-0.7435000,-0.5042000,9.6576000,35.8887000,28.2898000,33.6685000,-38.9140000,-13.4000000,6.1700000,0.000000,0,0,0
40.850,-0.7531000,-0.5042000,9.6564000,35.8810000,28.3051000,33.6914000,-39.0660000,-13.1350000,6.8260000,0.000000,0,0,0
40.860,-0.7626000,-0.4995000,9.6552000,35.8963000,28.2364000,33.7753000,-39.0860000,-13.4430000,6.1940000,0.000000,0,0,0
40.870,-0.7662000,-0.4851000,9.6552000,35.8505000,28.0914000,33.8898000,-38.9140000,-13.4370000,6.8900000,0.000000,0,0,0
40.880,-0.7662000,-0.4719000,9.6576000,35.7437000,27.9541000,33.9890000,-38.9810000,-13.2660000,6.0640000,0.000000,0,0,0
40.890,-0.7590000,-0.4588000,9.6600000,35.5835000,27.9083000,34.0195000,-39.1850000,-13.2340000,6.2350000,0.000000,0,0,0
40.900,-0.7507000,-0.4504000,9.6612000,35.3928000,27.9465000,33.9508000,-39.2290000,-13.2270000,5.7340000,0.000000,0,0,0
40.910,-0.7507000,-0.4516000,9.6612000,35.2554000,27.9846000,33.8211000,-38.9040000,-13.1090000,5.9750000,0.000000,0,0,0
40.920,-0.7626000,-0.4588000,9.6588000,35.2631000,27.9541000,33.6914000,-39.0510000,-13.0140000,6.2660000,0.000000,0,0,0
40.930,-0.7770000,-0.4672000,9.6564000,35.4309000,27.9007000,33.5922000,-39.2690000,-13.1820000,6.7130000,0.000000,0,0,0
40.940,-0.7878000,-0.4731000,9.6576000,35.7056000,27.8931000,33.5159000,-39.0880000,-12.8420000,6.2550000,0.000000,0,0,0
40.950,-0.7949000,-0.4779000,9.6600000,35.9344000,27.9312000,33.4778000,-39.2000000,-12.9970000,6.4260000,0.000000,0,0,0
40.960,-0.7961000,-0.4839000,9.6612000,36.0641000,27.9770000,33.5007000,-39.2030000,-12.8640000,6.3110000,0.000000,0,0,0
40.970,-0.7913000,-0.4899000,9.6612000,36.0413000,27.9846000,33.5999000,-38.9490000,-12.9390000,6.8990000,0.000000,0,0,0
40.980,-0.7782000,-0.4923000,9.6636000,35.8963000,27.9541000,33.7296000,-39.0950000,-13.0340000,6.2780000,0.000000,0,0,0
40.990,-0.7638000,-0.4947000,9.6636000,35.7361000,27.9007000,33.8516000,-39.4000000,-13.1700000,6.4290000,0.000000,0,0,0
41.000,-0.7507000,-0.4971000,9.6612000,35.6903000,27.8091000,33.9584000,-39.4880000,-12.9260000,6.2650000,0.000000,0,0,0
41.010,-0.7387000,-0.4983000,9.6612000,35.7819000,27.7176000,34.0118000,-39.0320000,-13.0220000,5.5200000,0.000000,0,0,0
41.020,-0.7339000,-0.5006000,9.6624000,35.9497000,27.6871000,34.0271000,-38.8940000,-12.9050000,5.7350000,0.000000,0,0,0
41.030,-0.7351000,-0.5054000,9.6624000,36.1328000,27.7100000,34.0042000,-38.9330000,-13.1760000,6.5430000,0.000000,0,0,0
41.040,-0.7387000,-0.5114000,9.6612000,36.2778000,27.7634000,33.9508000,-38.7260000,-12.6920000,6.2920000,0.000000,0,0,0
41.050,-0.7459000,-0.5090000,9.6612000,36.3846000,27.8702000,33.8211000,-38.7970000,-13.1610000,6.1860000,0.000000,0,0,0
41.060,-0.7531000,-0.4995000,9.6612000,36.4075000,27.9388000,33.7143000,-38.7560000,-13.0260000,6.0720000,0.000000,0,0,0
41.070,-0.7590000,-0.4851000,9.6624000,36.4227000,28.0304000,33.5999000,-38.8010000,-13.4460000,6.0290000,0.000000,0,0,0
41.080,-0.7698000,-0.4719000,9.6624000,36.4761000,28.1448000,33.4625000,-38.8640000,-13.1700000,6.1310000,0.000000,0,0,0
41.090,-0.7794000,-0.4648000,9.6612000,36.5677000,28.1982000,33.3557000,-38.8230000,-13.4030000,5.6020000,0.000000,0,0,0
41.100,-0.7842000,-0.4588000,9.6612000,36.6745000,28.1601000,33.3176000,-39.0090000,-13.1640000,6.0190000,0.000000,0,0,0
41.110,-0.7830000,-0.4576000,9.6636000,36.7584000,28.0304000,33.3176000,-39.2110000,-13.3680000,5.6360000,0.000000,0,0,0
41.120,-0.7782000,-0.4636000,9.6660000,36.7813000,27.8931000,33.3252000,-38.8670000,-12.9790000,5.8980000,0.000000,0,0,0
41.130,-0.7698000,-0.4743000,9.6660000,36.7508000,27.8168000,33.3099000,-38.9240000,-13.2590000,6.2990000,0.000000,0,0,0
41.140,-0.7602000,-0.4863000,9.6648000,36.6592000,27.8168000,33.2794000,-38.6910000,-13.3120000,5.4360000,0.000000,0,0,0
41.150,-0.7543000,-0.4947000,9.6648000,36.5448000,27.9312000,33.2336000,-39.0200000,-13.0610000,5.8500000,0.000000,0,0,0
41.160,-0.7471000,-0.4971000,9.6660000,36.4609000,28.1372000,33.1879000,-39.0320000,-13.1590000,6.1180000,0.000000,0,0,0
41.170,-0.7399000,-0.4887000,9.6648000,36.3998000,28.2364000,33.2489000,-38.9680000,-13.5420000,6.0810000,0.000000,0,0,0
41.180,-0.7423000,-0.4683000,9.6636000,36.3617000,28.0685000,33.4625000,-38.8680000,-13.1530000,5.5700000,0.000000,0,0,0
41.190,-0.7483000,-0.4432000,9.6588000,36.3693000,27.7405000,33.7524000,-38.9950000,-13.0930000,5.7870000,0.000000,0,0,0
41.200,-0.7567000,-0.4241000,9.6576000,36.4990000,27.2141000,34.0042000,-38.8670000,-13.2160000,5.6450000,0.000000,0,0,0
41.210,-0.7674000,-0.4169000,9.6564000,36.7508000,26.8402000,34.0500000,-39.1640000,-13.2770000,6.1600000,0.000000,0,0,0
41.220,-0.7925000,-0.4265000,9.6576000,37.1246000,26.7181000,33.9050000,-38.8270000,-13.1330000,5.8430000,0.000000,0,0,0
41.230,-0.8081000,-0.4456000,9.6541000,37.4985000,26.6495000,33.7372000,-38.9780000,-13.3060000,6.3410000,0.000000,0,0,0
41.240,-0.8153000,-0.4660000,9.6564000,37.7426000,26.6571000,33.6609000,-38.9680000,-13.1670000,6.1440000,0.000000,0,0,0
41.250,-0.8105000,-0.4827000,9.6576000,37.8494000,26.5884000,33.8058000,-38.9300000,-13.0140000,5.7180000,0.000000,0,0,0
41.260,-0.7901000,-0.4947000,9.6624000,37.9791000,26.3748000,34.1949000,-39.0150000,-13.1420000,5.8700000,0.000000,0,0,0
41.270,-0.7674000,-0.5018000,9.6636000,38.2996000,25.9628000,34.7061000,-38.8640000,-12.9250000,6.3950000,0.000000,0,0,0
41.280,-0.7363000,-0.4875000,9.6636000,38.5971000,25.5508000,35.1105000,-39.0180000,-13.3830000,5.7910000,0.000000,0,0,0
41.290,-0.7267000,-0.4767000,9.6660000,38.6658000,25.1846000,35.3775000,-39.1380000,-13.2090000,6.2960000,0.000000,0,0,0
41.300,-0.7435000,-0.4648000,9.6696000,38.4674000,25.0320000,35.5072000,-38.8430000,-12.9400000,6.6510000,0.000000,0,0,0
41.310,-0.7794000,-0.4588000,9.6696000,38.0707000,25.0397000,35.7513000,-39.2000000,-13.4060000,6.9810000,0.000000,0,0,0
41.320,-0.7985000,-0.4636000,9.6660000,37.5519000,25.0778000,36.2701000,-38.7680000,-12.9090000,7.3600000,0.000000,0,0,0
41.330,-0.7854000,-0.4719000,9.6660000,36.9873000,25.2533000,36.7508000,-38.9860000,-13.1770000,6.5810000,0.000000,0,0,0
41.340,-0.7854000,-0.4839000,9.6696000,36.6516000,25.5814000,37.0331000,-38.9410000,-13.0470000,6.5020000,0.000000,0,0,0
41.350,-0.7734000,-0.5078000,9.6780000,36.7584000,25.8331000,37.2849000,-39.1820000,-12.9500000,6.7990000,0.000000,0,0,0
41.360,-0.7112000,-0.5186000,9.6804000,37.3917000,25.9094000,37.3459000,-39.0800000,-13.3150000,6.7450000,0.000000,0,0,0
41.370,-0.6921000,-0.5054000,9.6780000,38.3987000,25.8408000,37.1094000,-38.8650000,-12.8920000,6.6060000,0.000000,0,0,0
41.380,-0.7112000,-0.4803000,9.6696000,39.3600000,25.6958000,36.9492000,-39.0330000,-12.8510000,5.8910000,0.000000,0,0,0
41.390,-0.7375000,-0.4360000,9.6660000,40.0085000,25.5814000,37.0255000,-39.0430000,-12.9330000,5.9970000,0.000000,0,0,0
41.400,-0.7567000,-0.3990000,9.6612000,40.2145000,25.6042000,37.1170000,-39.0020000,-13.0780000,6.1790000,0.000000,0,0,0
41.410,-0.7710000,-0.3786000,9.6588000,40.0314000,25.8179000,37.1704000,-39.0730000,-13.1930000,5.9340000,0.000000,0,0,0
41.420,-0.7890000,-0.3810000,9.6541000,39.6271000,26.0086000,37.3230000,-39.1730000,-13.4090000,6.3790000,0.000000,0,0,0
41.430,-0.7925000,-0.4061000,9.6469000,39.0778000,26.0620000,37.5061000,-39.0320000,-13.4470000,5.9730000,0.000000,0,0,0
41.440,-0.7746000,-0.4265000,9.6469000,38.4979000,25.9933000,37.5748000,-39.0500000,-13.2350000,6.5480000,0.000000,0,0,0
41.450,-0.7543000,-0.4408000,9.6541000,38.1241000,25.7874000,37.5366000,-38.9960000,-13.1660000,6.2260000,0.000000,0,0,0
41.460,-0.7232000,-0.4516000,9.6600000,38.1470000,25.4745000,37.2314000,-39.0160000,-13.1850000,6.6350000,0.000000,0,0,0
41.470,-0.6909000,-0.4492000,9.6708000,38.5513000,25.2686000,36.7050000,-39.0960000,-13.2230000,6.6620000,0.000000,0,0,0
41.480,-0.6729000,-0.4408000,9.6768000,39.1769000,25.3525000,36.0870000,-39.0290000,-13.2130000,6.4310000,0.000000,0,0,0
41.490,-0.6633000,-0.4061000,9.6684000,39.5432000,25.7797000,35.4691000,-39.1800000,-12.8980000,5.8830000,0.000000,0,0,0
41.500,-0.6777000,-0.3511000,9.6600000,39.1769000,26.5961000,34.9197000,-38.9910000,-13.0310000,5.9980000,0.000000,0,0,0
41.510,-0.7208000,-0.2913000,9.6636000,38.1317000,27.6718000,34.5993000,-38.7230000,-13.2090000,6.5150000,0.000000,0,0,0
41.520,-0.7626000,-0.2446000,9.6696000,36.7279000,28.7857000,34.6146000,-38.9380000,-13.3520000,6.6790000,0.000000,0,0,0
41.530,-0.7758000,-0.2171000,9.6780000,35.4156000,29.7928000,34.8587000,-38.8980000,-13.1450000,6.5670000,0.000000,0,0,0
41.540,-0.7567000,-0.2267000,9.6768000,34.6375000,30.5939000,35.1410000,-39.0690000,-13.3120000,7.0530000,0.000000,0,0,0
41.550,-0.7088000,-0.2769000,9.6696000,34.6298000,30.8228000,35.4309000,-39.1570000,-13.0530000,6.1750000,0.000000,0,0,0
41.560,-0.6526000,-0.3487000,9.6660000,35.2783000,30.1819000,35.7513000,-38.8590000,-13.2140000,6.3680000,0.000000,0,0,0
41.570,-0.6298000,-0.4253000,9.6636000,36.2091000,28.9841000,36.1252000,-39.1760000,-13.2680000,6.4670000,0.000000,0,0,0
41.580,-0.6346000,-0.4815000,9.6588000,36.9415000,27.9312000,36.4838000,-39.0020000,-13.2720000,6.2420000,0.000000,0,0,0
41.590,-0.6825000,-0.5078000,9.6433000,37.3230000,28.6865000,36.4914000,-38.9070000,-12.9900000,6.6680000,0.000000,0,0,0
41.600,-0.7016000,-0.5234000,9.6588000,37.4298000,31.2271000,36.0489000,-38.8090000,-13.0630000,6.6570000,0.000000,0,0,0
41.610,-0.6897000,-0.4935000,9.6899000,37.2162000,34.0271000,35.4385000,-39.2620000,-13.3470000,6.9400000,0.000000,0,0,0
41.620,-0.6574000,-0.4588000,9.6816000,36.4075000,35.6445000,35.0876000,-38.8250000,-13.0940000,6.7850000,0.000000,0,0,0
41.630,-0.5940000,-0.4241000,9.6804000,35.4004000,35.9650000,34.9579000,-38.8970000,-13.1240000,5.9400000,0.000000,0,0,0
41.640,-0.5437000,-0.3786000,9.7043000,35.0723000,35.4080000,34.6603000,-39.0280000,-13.2190000,6.6220000,0.000000,0,0,0
41.650,-0.6011000,-0.3691000,9.7198000,35.7208000,34.0424000,34.4543000,-38.8190000,-13.0170000,7.0950000,0.000000,0,0,0
41.660,-0.6980000,-0.3762000,9.7175000,37.1323000,32.5089000,34.8740000,-38.7190000,-13.1400000,6.5840000,0.000000,0,0,0
41.670,-0.7925000,-0.3822000,9.7031000,38.9633000,31.1737000,35.6598000,-38.8520000,-13.0360000,6.8540000,0.000000,0,0,0
41.680,-0.8380000,-0.3655000,9.6720000,40.6876000,30.6625000,36.3541000,-38.9950000,-13.1860000,6.7910000,0.000000,0,0,0
41.690,-0.8380000,-0.3236000,9.6469000,41.8396000,30.9525000,36.5295000,-38.8240000,-12.9000000,7.0430000,0.000000,0,0,0
41.700,-0.8404000,-0.2722000,9.6349000,42.4194000,31.5094000,36.2701000,-38.7110000,-12.7280000,6.8930000,0.000000,0,0,0
41.710,-0.8524000,-0.2207000,9.6265000,42.6712000,31.7841000,35.9573000,-38.6980000,-13.0900000,6.5980000,0.000000,0,0,0
41.720,-0.8823000,-0.1884000,9.6313000,42.6483000,31.4789000,35.8582000,-38.7670000,-13.3030000,6.1680000,0.000000,0,0,0
41.730,-0.9193000,-0.1669000,9.6552000,42.3965000,30.7541000,36.0565000,-38.7810000,-13.0150000,5.6890000,0.000000,0,0,0
41.740,-0.9122000,-0.1645000,9.7067000,41.7404000,29.5944000,36.6974000,-38.9160000,-13.0210000,6.6570000,0.000000,0,0,0
41.750,-0.8619000,-0.1884000,9.7462000,41.3284000,28.9612000,37.1323000,-38.5530000,-13.0510000,6.5560000,0.000000,0,0,0
41.760,-0.8129000,-0.2363000,9.7677000,41.0156000,28.5721000,37.3688000,-38.9150000,-13.1640000,6.6070000,0.000000,0,0,0
41.770,-0.7854000,-0.3009000,9.7545000,40.6265000,28.8391000,37.2772000,-39.0060000,-12.9520000,6.5660000,0.000000,0,0,0
41.780,-0.7937000,-0.3523000,9.7127000,39.8483000,29.8996000,36.9415000,-39.0230000,-13.3370000,6.4460000,0.000000,0,0,0
41.790,-0.8308000,-0.4360000,9.6505000,38.5971000,31.6086000,36.5753000,-38.8850000,-12.9680000,6.5130000,0.000000,0,0,0
41.800,-0.9110000,-0.5102000,9.5320000,36.6364000,33.1726000,37.1246000,-38.7340000,-13.2260000,6.7610000,0.000000,0,0,0
41.810,-0.9708000,-0.4289000,9.5057000,34.4009000,34.4772000,38.3759000,-38.7970000,-13.4410000,6.8330000,0.000000,0,0,0
41.820,-0.9588000,-0.3152000,9.5954000,33.3557000,35.7895000,39.4211000,-38.7030000,-13.4040000,7.0100000,0.000000,0,0,0
41.830,-0.8942000,-0.1896000,9.6445000,33.8898000,36.7203000,39.6423000,-38.9770000,-13.5070000,7.7530000,0.000000,0,0,0
41.840,-0.8512000,-0.0796000,9.6229000,35.4691000,37.1017000,39.1159000,-38.7650000,-13.4740000,7.2360000,0.000000,0,0,0
41.850,-0.8763000,0.0042000,9.5906000,37.5290000,37.0407000,38.3301000,-38.6000000,-13.6030000,6.9270000,0.000000,0,0,0
41.860,-0.9493000,0.0700000,9.5823000,39.9017000,36.6058000,37.4603000,-38.6670000,-13.5040000,7.0360000,0.000000,0,0,0
41.870,-1.0318000,0.1310000,9.5823000,42.3050000,35.6598000,36.4532000,-38.6570000,-13.2430000,7.1190000,0.000000,0,0,0
41.880,-1.0689000,0.1669000,9.5643000,44.2657000,33.8898000,35.3622000,-38.4640000,-13.5380000,7.4500000,0.000000,0,0,0
41.890,-1.0354000,0.1920000,9.5452000,45.4102000,31.0669000,34.2712000,-38.6260000,-13.2690000,7.3880000,0.000000,0,0,0
41.900,-0.9397000,0.2219000,9.5440000,45.5246000,27.0004000,33.0811000,-38.8270000,-13.3710000,6.8450000,0.000000,0,0,0
41.910,-0.8177000,0.2494000,9.5715000,44.7083000,22.0337000,31.8298000,-38.3140000,-13.5100000,6.8890000,0.000000,0,0,0
41.920,-0.7255000,0.2482000,9.5978000,42.9840000,16.5253000,30.7617000,-38.9170000,-13.2450000,6.7320000,0.000000,0,0,0
41.930,-0.6765000,0.2052000,9.6182000,40.6647000,11.2457000,29.8843000,-38.9640000,-13.4210000,6.8270000,0.000000,0,0,0
41.940,-0.6753000,0.1525000,9.6277000,38.2385000,6.9962000,29.0146000,-38.9310000,-13.1500000,6.8310000,0.000000,0,0,0
41.950,-0.6932000,0.1035000,9.6253000,36.0565000,4.3488000,27.9999000,-38.6370000,-13.2650000,6.8630000,0.000000,0,0,0
41.960,-0.7064000,0.0437000,9.5895000,34.0805000,3.4866000,26.8784000,-39.0010000,-13.2140000,6.6640000,0.000000,0,0,0
41.970,-0.6861000,-0.0006000,9.5512000,31.9366000,4.0131000,25.6958000,-38.8570000,-12.9680000,5.8090000,0.000000,0,0,0
41.980,-0.6454000,-0.0377000,9.5464000,29.7318000,5.4550000,24.4598000,-38.9100000,-12.9640000,6.3170000,0.000000,0,0,0
41.990,-0.5999000,-0.0807000,9.5727000,27.8854000,7.0038000,23.0789000,-39.0950000,-13.0350000,6.0870000,0.000000,0,0,0
42.000,-0.5329000,-0.1310000,9.6385000,26.7639000,8.6060000,21.6370000,-39.1980000,-13.1450000,5.6900000,0.000000,0,0,0
42.010,-0.4779000,-0.1776000,9.7031000,26.5121000,10.3378000,20.3323000,-39.2400000,-13.0070000,6.0140000,0.000000,0,0,0
42.020,-0.4600000,-0.2327000,9.7474000,27.1454000,12.0773000,19.2871000,-39.2200000,-12.8510000,5.7570000,0.000000,0,0,0
42.030,-0.4731000,-0.2961000,9.7521000,28.5110000,13.1989000,18.7683000,-39.1750000,-12.7490000,5.5300000,0.000000,0,0,0
42.040,-0.4839000,-0.3463000,9.7055000,30.0522000,12.9395000,18.9590000,-39.2420000,-12.8660000,5.7980000,0.000000,0,0,0
42.050,-0.4384000,-0.3726000,9.6373000,31.1508000,12.3520000,19.8212000,-39.6370000,-12.6590000,5.8910000,0.000000,0,0,0
42.060,-0.3451000,-0.3750000,9.5990000,31.6544000,12.3444000,21.0953000,-39.7100000,-12.6590000,5.8160000,0.000000,0,0,0
42.070,-0.2327000,-0.3607000,9.6337000,31.8451000,12.7335000,22.3465000,-39.5530000,-12.8270000,5.7820000,0.000000,0,0,0
42.080,-0.1657000,-0.3284000,9.6708000,31.9443000,13.7024000,23.3459000,-39.4550000,-12.7710000,5.8810000,0.000000,0,0,0
42.090,-0.1717000,-0.3152000,9.6852000,32.1045000,15.4037000,24.1089000,-39.4010000,-12.4000000,5.8430000,0.000000,0,0,0
42.100,-0.2028000,-0.3296000,9.7210000,32.5241000,18.0435000,25.0244000,-39.2260000,-12.8280000,5.9830000,0.000000,0,0,0
42.110,-0.2279000,-0.3140000,9.7330000,33.2108000,22.6898000,26.8250000,-39.3170000,-12.6610000,6.8630000,0.000000,0,0,0
42.120,-0.2279000,-0.2327000,9.7474000,33.7753000,29.2969000,30.3497000,-39.3240000,-12.8700000,6.0880000,0.000000,0,0,0
42.130,-0.2387000,-0.1011000,9.7414000,33.7067000,36.2244000,35.7971000,-39.1440000,-12.9980000,5.7950000,0.000000,0,0,0
42.140,-0.2781000,0.0090000,9.6864000,33.0124000,41.3895000,42.2363000,-39.2920000,-12.8800000,5.9600000,0.000000,0,0,0
42.150,-0.3332000,0.0484000,9.6648000,32.4478000,43.5867000,48.0499000,-38.9760000,-12.8650000,5.3900000,0.000000,0,0,0
42.160,-0.3523000,0.0293000,9.6792000,32.4402000,43.5562000,51.5518000,-39.2750000,-13.2880000,5.6740000,0.000000,0,0,0
42.170,-0.3260000,-0.0185000,9.6887000,32.5470000,42.3431000,51.9257000,-38.9300000,-13.0060000,5.7820000,0.000000,0,0,0
42.180,-0.3248000,-0.0951000,9.6816000,32.3563000,40.7104000,49.6140000,-39.1930000,-13.1630000,5.5310000,0.000000,0,0,0
42.190,-0.3774000,-0.2004000,9.6624000,31.6849000,39.0167000,46.0587000,-38.9890000,-13.1660000,5.8360000,0.000000,0,0,0
42.200,-0.4564000,-0.3092000,9.6421000,30.6702000,37.2849000,42.7551000,-38.9010000,-13.1210000,6.1410000,0.000000,0,0,0
42.210,-0.5318000,-0.3894000,9.6158000,29.7012000,35.4309000,40.4816000,-38.8230000,-12.9910000,6.2370000,0.000000,0,0,0
42.220,-0.5892000,-0.4253000,9.6050000,29.3655000,33.5159000,39.2532000,-39.0180000,-13.1950000,6.3910000,0.000000,0,0,0
42.230,-0.6334000,-0.4360000,9.6265000,30.1514000,31.8604000,38.8412000,-38.8650000,-13.2140000,6.2740000,0.000000,0,0,0
42.240,-0.6777000,-0.4492000,9.6600000,32.1045000,30.6168000,38.7878000,-38.6010000,-13.0210000,5.8150000,0.000000,0,0,0
42.250,-0.7100000,-0.4851000,9.6899000,34.7595000,29.6249000,38.5132000,-38.6220000,-13.2580000,6.1780000,0.000000,0,0,0
42.260,-0.7196000,-0.5401000,9.7019000,37.2238000,28.5873000,37.7731000,-38.7650000,-13.4450000,6.1140000,0.000000,0,0,0
42.270,-0.6873000,-0.5820000,9.6864000,38.7039000,27.3819000,36.6364000,-39.0530000,-13.1070000,6.8610000,0.000000,0,0,0
42.280,-0.6155000,-0.5844000,9.6588000,38.9938000,26.1002000,35.1715000,-38.7320000,-13.3900000,6.3900000,0.000000,0,0,0
42.290,-0.5389000,-0.5449000,9.6349000,38.6124000,24.9710000,33.4549000,-38.6780000,-13.3290000,6.5940000,0.000000,0,0,0
42.300,-0.4719000,-0.4827000,9.6229000,38.0936000,24.3607000,31.6162000,-38.5630000,-13.0110000,6.0110000,0.000000,0,0,0
42.310,-0.4265000,-0.4097000,9.6241000,37.7197000,24.5285000,29.9301000,-38.7020000,-13.1080000,5.7610000,0.000000,0,0,0
42.320,-0.4073000,-0.3391000,9.6313000,37.4603000,25.3754000,28.7933000,-38.6270000,-13.1910000,5.9960000,0.000000,0,0,0
42.330,-0.4193000,-0.2853000,9.6373000,37.2314000,26.7944000,28.4729000,-38.6370000,-12.9270000,6.0540000,0.000000,0,0,0
42.340,-0.4600000,-0.2554000,9.6194000,36.9873000,28.3508000,28.9993000,-38.7440000,-12.9200000,6.7020000,0.000000,0,0,0
42.350,-0.4911000,-0.2590000,9.5895000,36.3770000,29.6402000,30.2353000,-38.4300000,-12.9420000,6.7110000,0.000000,0,0,0
42.360,-0.5497000,-0.3140000,9.6206000,35.2554000,30.9448000,31.8375000,-38.4970000,-13.1470000,5.8990000,0.000000,0,0,0
42.370,-0.5999000,-0.3762000,9.6373000,33.5007000,30.9830000,33.2794000,-38.3700000,-13.2570000,5.8290000,0.000000,0,0,0
42.380,-0.6334000,-0.4169000,9.6194000,31.4026000,29.8538000,33.7982000,-38.3040000,-13.1900000,5.7930000,0.000000,0,0,0
42.390,-0.6705000,-0.4325000,9.6074000,29.8386000,28.6560000,32.9285000,-38.6890000,-13.1600000,5.5320000,0.000000,0,0,0
42.400,-0.7148000,-0.4145000,9.6253000,29.6555000,28.0228000,30.8838000,-38.6400000,-13.0890000,6.0220000,0.000000,0,0,0
42.410,-0.7854000,-0.3475000,9.6648000,31.9824000,27.6718000,27.7176000,-38.6190000,-12.9730000,6.1060000,0.000000,0,0,0
42.420,-0.8081000,-0.3092000,9.6828000,34.1187000,27.7481000,26.9699000,-38.3150000,-13.1720000,6.3400000,0.000000,0,0,0
42.430,-0.7854000,-0.3092000,9.6852000,35.5759000,28.3356000,27.5040000,-38.5260000,-13.0390000,6.1750000,0.000000,0,0,0
42.440,-0.7363000,-0.3691000,9.6780000,35.8505000,29.1824000,28.8086000,-38.6310000,-13.2380000,5.7110000,0.000000,0,0,0
42.450,-0.6873000,-0.4887000,9.6648000,35.0037000,30.1590000,30.1437000,-38.5960000,-12.9220000,5.1370000,0.000000,0,0,0
42.460,-0.6442000,-0.6251000,9.6529000,33.6151000,31.1890000,30.9677000,-38.5660000,-13.2240000,5.7730000,0.000000,0,0,0
42.470,-0.6143000,-0.7040000,9.6433000,32.5317000,32.1121000,30.9448000,-38.4450000,-12.7420000,5.6240000,0.000000,0,0,0
42.480,-0.5796000,-0.6861000,9.6433000,32.3105000,32.9895000,30.1132000,-38.3460000,-12.8870000,5.8070000,0.000000,0,0,0
42.490,-0.5509000,-0.5784000,9.6564000,33.0505000,33.7524000,29.1214000,-38.3930000,-12.9130000,5.4900000,0.000000,0,0,0
42.500,-0.5533000,-0.4372000,9.6636000,34.3170000,34.1415000,28.7857000,-38.4870000,-13.2370000,6.1800000,0.000000,0,0,0
42.510,-0.5748000,-0.3272000,9.6576000,35.4843000,34.0042000,29.4724000,-38.3740000,-13.0880000,5.7000000,0.000000,0,0,0
42.520,-0.6047000,-0.2985000,9.6433000,35.9116000,33.2718000,31.0059000,-38.6310000,-13.0940000,5.7800000,0.000000,0,0,0
42.530,-0.6382000,-0.3714000,9.6253000,35.1181000,31.9214000,32.8064000,-38.3520000,-13.0730000,5.9320000,0.000000,0,0,0
42.540,-0.6609000,-0.4995000,9.6122000,33.0887000,29.6478000,34.2865000,-38.3440000,-12.9850000,5.3030000,0.000000,0,0,0
42.550,-0.6968000,-0.5916000,9.6038000,30.2658000,26.5884000,34.8969000,-38.2860000,-13.1580000,5.8010000,0.000000,0,0,0
42.560,-0.7770000,-0.5581000,9.6182000,28.0914000,23.8953000,34.0881000,-38.4900000,-13.4130000,5.8150000,0.000000,0,0,0
42.570,-0.9038000,-0.4109000,9.6564000,28.1143000,23.3688000,31.9443000,-38.7170000,-13.3960000,5.6500000,0.000000,0,0,0
42.580,-1.0629000,-0.2470000,9.6971000,30.7541000,25.3754000,29.6173000,-38.5340000,-13.0690000,6.0890000,0.000000,0,0,0
42.590,-1.2029000,-0.1573000,9.7210000,34.9197000,28.8467000,28.6102000,-38.3960000,-12.6570000,6.5360000,0.000000,0,0,0
42.600,-1.2627000,-0.1944000,9.7198000,38.8489000,32.6920000,29.3655000,-38.3240000,-12.8580000,6.6110000,0.000000,0,0,0
42.610,-1.2172000,-0.3523000,9.7031000,41.2369000,35.9879000,30.9601000,-38.5520000,-12.8430000,6.3840000,0.000000,0,0,0
42.620,-1.0749000,-0.5641000,9.6840000,41.7938000,38.0020000,31.8604000,-38.3450000,-13.0660000,6.5030000,0.000000,0,0,0
42.630,-0.8775000,-0.7172000,9.6708000,41.0767000,38.2385000,31.0669000,-38.7990000,-13.1330000,6.3320000,0.000000,0,0,0
42.640,-0.6550000,-0.7160000,9.6696000,39.8254000,36.9186000,28.5721000,-38.5260000,-12.9240000,6.8440000,0.000000,0,0,0
42.650,-0.4384000,-0.5174000,9.6744000,38.4827000,34.9960000,25.1007000,-38.4240000,-12.8570000,6.5170000,0.000000,0,0,0
42.660,-0.2698000,-0.1705000,9.6648000,37.1475000,33.2794000,21.5759000,-38.6120000,-13.1970000,6.7380000,0.000000,0,0,0
42.670,-0.1944000,0.1980000,9.6421000,35.8200000,32.1655000,19.2337000,-38.1380000,-12.5270000,6.8200000,0.000000,0,0,0
42.680,-0.2255000,0.4564000,9.6241000,34.5764000,31.8604000,19.3710000,-38.4980000,-12.4710000,6.5370000,0.000000,0,0,0
42.690,-0.3451000,0.5401000,9.6206000,33.6075000,32.2342000,22.5143000,-38.5730000,-12.5740000,6.1170000,0.000000,0,0,0
42.700,-0.5054000,0.4157000,9.6313000,33.1650000,32.5012000,27.9846000,-38.3370000,-12.8630000,6.5640000,0.000000,0,0,0
42.710,-0.6765000,0.1083000,9.6481000,33.3176000,31.9214000,34.2865000,-38.6070000,-12.4870000,6.4330000,0.000000,0,0,0
42.720,-0.8069000,-0.2925000,9.6624000,33.9813000,30.7159000,39.6805000,-38.3450000,-13.0510000,6.7970000,0.000000,0,0,0
42.730,-0.8727000,-0.6586000,9.6588000,34.6603000,29.6249000,42.3126000,-38.5700000,-12.7590000,6.4450000,0.000000,0,0,0
42.740,-0.8727000,-0.8882000,9.6529000,34.4620000,29.1748000,41.5268000,-38.4040000,-13.0460000,6.7160000,0.000000,0,0,0
42.750,-0.8536000,-0.9588000,9.6636000,32.8369000,28.9230000,38.7497000,-38.5440000,-13.1000000,6.8000000,0.000000,0,0,0
42.760,-0.8332000,-0.8859000,9.6744000,30.0674000,28.5492000,36.1023000,-38.3540000,-12.8950000,6.2600000,0.000000,0,0,0
42.770,-0.8141000,-0.7483000,9.6732000,26.9623000,28.1830000,34.7595000,-38.4250000,-12.9660000,6.2220000,0.000000,0,0,0
42.780,-0.8057000,-0.6657000,9.6600000,24.6582000,27.5879000,34.8511000,-38.5320000,-13.2180000,6.8400000,0.000000,0,0,0
42.790,-0.8296000,-0.6765000,9.6385000,24.1241000,25.9705000,35.8887000,-38.5720000,-13.0420000,6.2210000,0.000000,0,0,0
42.800,-0.8571000,-0.7447000,9.6110000,25.4593000,23.5291000,37.0712000,-38.5070000,-12.9490000,5.8060000,0.000000,0,0,0
42.810,-0.8727000,-0.8201000,9.6074000,28.0914000,21.2860000,37.6892000,-38.5070000,-13.0130000,7.0020000,0.000000,0,0,0
42.820,-0.8799000,-0.8392000,9.6229000,31.3034000,19.6381000,37.4146000,-38.3770000,-13.1050000,6.7130000,0.000000,0,0,0
42.830,-0.8727000,-0.7866000,9.6421000,34.4238000,18.8370000,36.5372000,-38.7500000,-13.0200000,5.8460000,0.000000,0,0,0
42.840,-0.8571000,-0.6932000,9.6588000,36.9263000,19.1040000,35.6903000,-38.5680000,-13.0950000,6.3180000,0.000000,0,0,0
42.850,-0.8284000,-0.5952000,9.6660000,38.5742000,19.9814000,35.2859000,-38.8230000,-13.2350000,5.4210000,0.000000,0,0,0
42.860,-0.7614000,-0.5234000,9.6624000,39.5203000,20.8588000,35.0571000,-38.5810000,-13.2650000,6.0980000,0.000000,0,0,0
42.870,-0.6657000,-0.4875000,9.6588000,40.2298000,21.3242000,34.5459000,-38.5170000,-13.2320000,6.1170000,0.000000,0,0,0
42.880,-0.5772000,-0.4779000,9.6505000,41.2216000,21.1563000,33.5083000,-38.7540000,-13.1450000,6.3310000,0.000000,0,0,0
42.890,-0.5150000,-0.4624000,9.6385000,42.7170000,20.3934000,31.9901000,-38.9010000,-12.9470000,6.1100000,0.000000,0,0,0
42.900,-0.4863000,-0.4109000,9.6218000,44.3954000,19.3176000,30.2811000,-38.9540000,-12.9670000,6.2730000,0.000000,0,0,0
42.910,-0.4815000,-0.3284000,9.6218000,45.6161000,18.4174000,28.9001000,-38.8270000,-12.9380000,6.7890000,0.000000,0,0,0
42.920,-0.4911000,-0.2375000,9.6349000,46.0510000,18.1961000,28.0838000,-38.8850000,-12.9610000,6.2200000,0.000000,0,0,0
42.930,-0.4983000,-0.1489000,9.6397000,45.8298000,18.7302000,27.5879000,-38.7390000,-12.8500000,6.4720000,0.000000,0,0,0
42.940,-0.4923000,-0.0784000,9.6433000,45.1584000,20.0729000,27.1835000,-39.1240000,-12.7120000,6.9130000,0.000000,0,0,0
42.950,-0.4827000,-0.0401000,9.6529000,44.0598000,22.1939000,26.9241000,-39.0050000,-12.6790000,6.2110000,0.000000,0,0,0
42.960,-0.4779000,-0.0353000,9.6636000,42.4423000,24.6811000,26.8860000,-38.9510000,-12.6600000,6.2930000,0.000000,0,0,0
42.970,-0.4719000,-0.0652000,9.6696000,40.3748000,27.0309000,27.0386000,-39.1670000,-12.5530000,6.2850000,0.000000,0,0,0
42.980,-0.4791000,-0.1406000,9.6720000,38.3072000,28.9154000,27.3590000,-39.0790000,-12.6880000,6.1800000,0.000000,0,0,0
42.990,-0.5102000,-0.2506000,9.6684000,36.9034000,30.0064000,27.8549000,-38.8870000,-12.4440000,7.0680000,0.000000,0,0,0
43.000,-0.5629000,-0.3774000,9.6541000,36.6058000,30.0903000,28.4500000,-39.1690000,-12.7930000,6.2320000,0.000000,0,0,0
43.010,-0.6275000,-0.4863000,9.6433000,37.2086000,29.2053000,29.1672000,-39.2780000,-12.7290000,5.9900000,0.000000,0,0,0
43.020,-0.6849000,-0.5485000,9.6433000,38.1470000,27.7786000,29.9530000,-39.0050000,-12.6770000,5.9950000,0.000000,0,0,0
43.030,-0.7483000,-0.5676000,9.6529000,39.2685000,25.7568000,31.1966000,-38.8800000,-12.2150000,5.3890000,0.000000,0,0,0
43.040,-0.7794000,-0.5688000,9.6552000,39.7491000,24.7192000,32.1121000,-39.2740000,-12.8760000,6.4830000,0.000000,0,0,0
43.050,-0.7818000,-0.5700000,9.6588000,40.1077000,23.8419000,33.1116000,-39.1440000,-12.6380000,6.1090000,0.000000,0,0,0
43.060,-0.7555000,-0.5593000,9.6564000,40.4053000,22.9950000,33.8898000,-39.1010000,-12.8540000,5.7990000,0.000000,0,0,0
43.070,-0.7004000,-0.5246000,9.6493000,40.6265000,22.0795000,34.0881000,-39.2210000,-12.6660000,5.2840000,0.000000,0,0,0
43.080,-0.6334000,-0.4540000,9.6385000,40.7639000,21.1258000,33.6609000,-39.1450000,-12.5020000,5.9410000,0.000000,0,0,0
43.090,-0.5736000,-0.3380000,9.6337000,40.7715000,20.1950000,32.9056000,-39.0250000,-12.6260000,6.3390000,0.000000,0,0,0
43.100,-0.5282000,-0.1908000,9.6349000,40.6036000,19.5999000,32.2647000,-39.3530000,-12.8340000,5.9320000,0.000000,0,0,0
43.110,-0.4995000,-0.0341000,9.6397000,40.1764000,19.5389000,32.1198000,-38.8700000,-12.7160000,5.8130000,0.000000,0,0,0
43.120,-0.4863000,0.0927000,9.6469000,39.3906000,20.0043000,32.6614000,-39.3540000,-12.8130000,5.3650000,0.000000,0,0,0
43.130,-0.4863000,0.1537000,9.6529000,38.1622000,20.9732000,33.8440000,-39.0630000,-13.0180000,5.6190000,0.000000,0,0,0
43.140,-0.4887000,0.1358000,9.6576000,36.5906000,22.2855000,35.3241000,-39.1490000,-12.9460000,6.1180000,0.000000,0,0,0
43.150,-0.4851000,0.0461000,9.6588000,35.0189000,23.7198000,36.5906000,-39.1050000,-12.6140000,5.7280000,0.000000,0,0,0
43.160,-0.4815000,-0.0879000,9.6600000,33.7982000,25.0397000,37.2696000,-39.7200000,-12.6060000,5.8680000,0.000000,0,0,0
43.170,-0.4731000,-0.2351000,9.6576000,32.9971000,26.0544000,37.2620000,-39.4710000,-12.6580000,5.4650000,0.000000,0,0,0
43.180,-0.4564000,-0.3499000,9.6529000,32.3715000,26.7334000,36.6364000,-39.2540000,-12.8570000,5.9990000,0.000000,0,0,0
43.190,-0.4229000,-0.4085000,9.6469000,31.7001000,27.0996000,35.5530000,-38.9920000,-12.5290000,6.1130000,0.000000,0,0,0
43.200,-0.3846000,-0.4073000,9.6409000,30.9906000,27.2217000,34.3018000,-39.0120000,-12.7430000,6.0970000,0.000000,0,0,0
