time,px,py,pz,vx,vy,vz,roll,pitch,yaw,ba_x,ba_y,ba_z,bg_x,bg_y,bg_z
0,1.47209728851294e-08,-4.39165468435476e-08,-4.16211332776584e-05,1.76844810084731e-06,-5.27574775333051e-06,-0.00499999662861228,-0.000119922631711233,3.76561729353853e-05,-7.59313552407548e-05,0,0,0,0,0,0
0.0025,2.13526529790897e-08,-6.37005967973892e-08,-6.03711196163204e-05,8.83721804711968e-06,-6.57033751849667e-06,-0.00999999139457941,-0.000463713571662083,0.000225543946726248,-0.000342650251695886,0,0,0,0,0,0
0.005,5.22816598902409e-08,-8.17446803580424e-08,-9.16210919967853e-05,6.76635499985423e-06,-1.59180981427198e-05,-0.014999981969595,-0.000896363111678511,0.000751546758692712,-0.000528473756276071,0,0,0,0,0,0
0.0075,6.66089690071203e-08,-1.33224617115957e-07,-0.000135371024953201,1.2805136066163e-05,-2.24414434342179e-05,-0.0199999734759331,-0.00140682200435549,0.00130521634127945,-0.000479828246170655,0,0,0,0,0,0
0.01,1.06170283231677e-07,-1.97482407315874e-07,-0.00019162094395142,1.06535699160304e-05,-2.8636641218327e-05,-0.0249999687075615,-0.00144458829890937,0.00155762466602027,-0.000133508714498021,0,0,0,0,0,0
0.0125,1.30114742091791e-07,-2.76818013844604e-07,-0.000260370870819315,1.07244541140972e-05,-4.49292347184382e-05,-0.0299999415874481,-0.00102178228553385,0.00190844608005136,0.000356091157300398,0,0,0,0,0,0
0.015,1.57014483193052e-07,-4.09506839105234e-07,-0.000341620703693479,8.92058505996829e-06,-5.90062882110942e-05,-0.0349999219179153,-0.000838728621602058,0.00258673238568008,0.000763319549150765,0,0,0,0,0,0
0.0175,1.7706111066218e-07,-5.74618866266974e-07,-0.000435370486229658,9.75766397459665e-06,-5.85415400564671e-05,-0.0399999208748341,-0.742842733860016,-0.00113385228905827,-0.66990864276886,0,0,0,0,0,0
0.02,2.02501624357865e-07,-7.20391767572437e-07,-0.000541620247531682,3.0426566809183e-05,-1.9656235963339e-05,-0.0449997261166573,-0.742618680000305,-0.000944300321862102,-0.670227706432343,0,0,0,0,0,0
0.0225,-0.895760774612427,-0.415869772434235,-1.02521443367004,-1.60913799618356e-07,-8.15617653415757e-08,-4.99855123052839e-05,-0.742042779922485,-0.00083181110676378,-0.670727550983429,0,0,0,0,0,0
0.025,-0.895760834217072,-0.415869742631912,-1.02515840530396,5.58759858400784e-06,1.28032700941648e-05,-0.00221333978802238,-0.741806447505951,-0.000691271503455937,-0.671345710754395,0,0,0,0,0,0
0.0275,-0.895760834217072,-0.415869683027267,-1.02516663074493,2.66909900328803e-05,3.56358869464591e-05,-0.00386134451031658,-1.34867560863495,-0.0114217158406973,-0.967220962047577,0,0,0,0,0,0
0.03,-0.895760715007782,-0.4158695936203,-1.02517831325531,3.46663546031831e-05,9.33589818921621e-05,-0.0050342941889449,-1.34861409664154,-0.0116811664775014,-0.967826843261719,0,0,0,0,0,0
0.0325,-0.895760655403137,-0.415869265794754,-1.02519237995148,3.354733946009e-05,0.000122537205865832,-0.00576959018550939,-1.34912979602814,-0.011732810176909,-0.968508660793304,0,0,0,0,0,0
0.035,-0.895760595798492,-0.415868937969208,-1.02520763874054,3.75896992156925e-05,0.000128612578361398,-0.00614696177663041,-1.35008919239044,-0.0114514194428921,-0.968839526176453,0,0,0,0,0,0
0.0375,-0.895760536193848,-0.415868610143661,-0.535564823208968,3.14573332980871e-05,0.000140812889058098,-0.00636892976828091,-1.61392068862915,-0.0443439073860645,-0.566886305809021,0,0,0,0,0,0
0.04,-0.895760476589203,-0.41586822271347,-0.535581052303314,3.63186593583313e-05,0.000188972237385362,-0.00652479581811658,-1.61442279815674,-0.0433628968894482,-0.566644668579102,0,0,0,0,0,0
0.0425,-0.895760416984558,-0.415867686271667,-0.535597562789917,4.47525302584639e-05,0.000204684615285485,-0.00659683832295656,-1.61506736278534,-0.0431237518787384,-0.566708207130432,0,0,0,0,0,0
0.045,-0.895760297775269,-0.415867149829865,-0.535614132881165,5.27045780246428e-05,0.00022019024694613,-0.0066269093836311,-1.61590051651001,-0.0437113977968693,-0.567064106464386,0,0,0,0,0,0
0.0475,2.5941424369812,-1.21958160400391,-0.624875068664551,6.07026850047987e-05,0.00024910134379752,-0.00665773870423436,-1.80502605438232,-0.0613436289131641,-0.16618900001049,0,0,0,0,0,0
0.05,2.59414267539978,-1.21958088874817,-0.624891757965088,6.9236683946987e-05,0.000300173300956098,-0.00663706455210131,-1.80706191062927,-0.0619030930101871,-0.165983885526657,0,0,0,0,0,0
0.0525,2.59414291381836,-1.21958017349243,-0.624908328056335,6.53034620206557e-05,0.000335059413633427,-0.0066455902292444,-1.80904543399811,-0.0619540326297283,-0.166012272238731,0,0,0,0,0,0
0.055,2.59414315223694,-1.21957921981812,-0.624924957752228,6.68007292751571e-05,0.000368426848694799,-0.00665078196939149,-1.81048214435577,-0.061218187212944,-0.16647307574749,0,0,0,0,0,0
0.0575,2.59414339065552,-1.2195782661438,-0.62494158744812,7.48075716929853e-05,0.000403384529143059,-0.00667920639493099,-2.00619101524353,-0.0716893970966339,0.0852703899145126,0,0,0,0,0,0
0.06,2.5941436290741,-1.21957719326019,-0.624958336353302,8.95856004595134e-05,0.00047447882148361,-0.00672306218916162,-2.00646376609802,-0.0707249566912651,0.0850948095321655,0,0,0,0,0,0
0.0625,2.59414386749268,-1.21957588195801,-0.624975204467773,9.45366036970373e-05,0.000518067028490582,-0.0067009860637892,-2.00610160827637,-0.0703888237476349,0.0846541225910187,0,0,0,0,0,0
0.065,2.59414410591125,-1.21957457065582,-0.624991953372955,9.7074307545949e-05,0.000583587422965168,-0.00672328867069099,-2.00491690635681,-0.0702068507671356,0.0841571092605591,0,0,0,0,0,0
0.0675,2.59414458274841,-1.21957302093506,-0.625008761882782,9.77548038084403e-05,0.000654878095428485,-0.00672686451973737,-2.13294076919556,-0.0742720514535904,0.294349610805511,0,0,0,0,0,0
0.07,2.59414482116699,-1.21957123279572,-0.625025570392609,0.000101450671158576,0.000714041765748225,-0.00672206010304613,-2.13132309913635,-0.0742045566439629,0.293227046728134,0,0,0,0,0,0
0.0725,2.59414505958557,-1.21956944465637,-0.625042378902435,9.09369710659352e-05,0.000776030327455219,-0.00667453417396336,-2.13046216964722,-0.0738460719585419,0.29265633225441,0,0,0,0,0,0
0.075,2.59414505958557,-1.21956741809845,-0.625059008598328,0.000101690081801094,0.000833393027238684,-0.00664919097108105,-2.13057613372803,-0.0733711272478104,0.292714834213257,0,0,0,0,0,0
0.0775,2.59414553642273,-1.21956527233124,-0.625075578689575,7.81891696442245e-05,0.000889055672688349,-0.00655051257429623,-2.20788478851318,-0.0677667558193207,0.427826941013336,0,0,0,0,0,0
0.08,2.59414553642273,-1.21956300735474,-0.625091850757599,6.75882217705255e-05,0.000930312884414337,-0.00636714016020503,-2.20683264732361,-0.0682480484247208,0.4273501932621,0,0,0,0,0,0
0.0825,2.59414577484131,-1.21956062316895,-0.62510758638382,5.6876492476445e-05,0.000962573670274531,-0.00606888202278771,-2.20565247535706,-0.068725697696209,0.426574170589447,0,0,0,0,0,0
0.085,2.59414601325989,-1.21955823898315,-0.625122368335724,1.7396067294204e-06,0.000976266691306018,-0.00580308265119552,-2.20486521720886,-0.0693713948130608,0.426095873117447,0,0,0,0,0,0
0.0875,2.59414601325989,-1.21955573558807,-0.62513655424118,0.000162437412654981,0.00176393741276115,-0.0092901773750782,-2.20432257652283,-0.070141114294529,0.425442814826965,0,0,0,0,0,0
0.09,2.59414672851562,-1.21955037117004,-0.625164091587067,0.000240766850765795,0.00255143316462636,-0.012690007686615,-2.20381450653076,-0.0705498456954956,0.424131721258163,0,0,0,0,0,0
0.0925,2.59414744377136,-1.21954298019409,-0.625200033187866,0.000324395950883627,0.00337895890697837,-0.0159123316407204,-2.20342254638672,-0.0702251419425011,0.423283278942108,0,0,0,0,0,0
0.095,2.59414839744568,-1.21953356266022,-0.625243842601776,0.000393696420360357,0.00415487727150321,-0.0189768020063639,-2.20304441452026,-0.0694649964570999,0.423665791749954,0,0,0,0,0,0
0.0975,2.99998641014099,-0.852887272834778,-0.766755521297455,0.000453898595878854,0.00492908107116818,-0.02205840498209,-2.22733926773071,-0.0625656172633171,0.601411938667297,0,0,0,0,0,0
0.1,2.99998760223389,-0.852873980998993,-0.766814529895782,0.00050479726633057,0.00578389829024673,-0.0248286686837673,-2.22683238983154,-0.0622198358178139,0.60082072019577,0,0,0,0,0,0
0.1025,2.99998903274536,-0.852858424186707,-0.766880035400391,0.000531397003214806,0.0065919104963541,-0.0275077298283577,-2.22629261016846,-0.0623465217649937,0.599518418312073,0,0,0,0,0,0
0.105,2.99999022483826,-0.852840900421143,-0.766952157020569,0.000597195292357355,0.00741484574973583,-0.0299899689853191,-2.22583627700806,-0.06292924284935,0.598720192909241,0,0,0,0,0,0
0.1075,2.99999165534973,-0.852821290493011,-0.767030239105225,0.000619865604676306,0.00825086887925863,-0.0323656015098095,-2.22599840164185,-0.0542273297905922,0.471951454877853,0,0,0,0,0,0
0.11,2.99999332427979,-0.852799654006958,-0.767114102840424,0.000658477831166238,0.00908053759485483,-0.0345920063555241,-2.2252676486969,-0.0550628863275051,0.472716391086578,0,0,0,0,0,0
0.1125,2.99999499320984,-0.852775931358337,-0.767203330993652,9.85090279153291e-05,0.00139972067883297,-0.00573030878257225,-2.22431302070618,-0.055811919271946,0.473662525415421,0,0,0,0,0,0
0.115,2.99999475479126,-0.852782011032104,-0.767181634902954,5.75129916179569e-05,0.00101159404548041,-0.00359600058624669,-2.22395586967468,-0.0559205748140812,0.474685728549957,0,0,0,0,0,0
0.1175,2.99999475479126,-0.852779924869537,-0.7671879529953,4.89547673132706e-05,0.00101875906762414,-0.00299065766293112,-2.17372536659241,-0.051805067807436,0.385738909244537,0,0,0,0,0,0
0.12,2.99999499320984,-0.852777361869812,-0.76719468832016,5.46455770739307e-05,0.00104051225963772,-0.00275243354057949,-2.17333507537842,-0.0514159090816975,0.386173248291016,0,0,0,0,0,0
0.1225,2.99999523162842,-0.852774739265442,-0.767201244831085,5.99001732078191e-05,0.00109779110589883,-0.00257431284005633,-2.1725606918335,-0.0513265281915665,0.385851055383682,0,0,0,0,0,0
0.125,2.999995470047,-0.852771937847137,-0.767207443714142,5.79799371824921e-05,0.0011161005890246,-0.00241853184702958,-2.17202115058899,-0.0514344796538353,0.385203748941422,0,0,0,0,0,0
0.1275,2.99999570846558,-0.852769136428833,-0.76721328496933,6.03219886958652e-05,0.00117561795634683,-0.00231483017388684,-2.14396333694458,-0.0500573702156544,0.393576145172119,0,0,0,0,0,0
0.13,2.99999594688416,-0.852766096591949,-0.767218947410583,-0.000310600938973948,0.00202590832486749,-0.00394833460450172,-2.14322471618652,-0.0501949600875378,0.393267303705215,0,0,0,0,0,0
0.1325,2.99999475479126,-0.852760016918182,-0.767230808734894,-0.00053593231132254,0.00287782680243254,-0.00545914191752672,-2.14147305488586,-0.0504980236291885,0.392631202936172,0,0,0,0,0,0
0.135,2.99999332427979,-0.852751731872559,-0.767246305942535,-0.000754519831389189,0.00371340592391789,-0.00689138285815716,-2.13983416557312,-0.0505843348801136,0.391643226146698,0,0,0,0,0,0
0.1375,2.99999117851257,-0.852741360664368,-0.767265379428864,-0.000925396918319166,0.00454780599102378,-0.00821404997259378,-2.08977127075195,-0.0553576052188873,0.32261848449707,0,0,0,0,0,0
0.14,2.9999885559082,-0.852728962898254,-0.76728755235672,-0.00110361387487501,0.00540176499634981,-0.00948311202228069,-2.08988070487976,-0.0549820363521576,0.322808176279068,0,0,0,0,0,0
0.1425,2.99998569488525,-0.852714359760284,-0.76731288433075,-0.0012935793492943,0.00623722514137626,-0.0106672821566463,-2.0903582572937,-0.0541417226195335,0.323498427867889,0,0,0,0,0,0
0.145,2.99998235702515,-0.852697730064392,-0.767341017723083,-0.00146058038808405,0.00710064126178622,-0.0117948744446039,-2.09106588363647,-0.0533471554517746,0.323968172073364,0,0,0,0,0,0
0.1475,3.00020599365234,-0.852519929409027,-0.767454206943512,-0.00160673924256116,0.00803954154253006,-0.012910601682961,-2.04172539710999,-0.0582009702920914,0.172507971525192,0,0,0,0,0,0
0.15,3.0002019405365,-0.852498650550842,-0.76748788356781,-0.00177283049561083,0.00888649187982082,-0.0139531772583723,-2.0418119430542,-0.0571340546011925,0.172759115695953,0,0,0,0,0,0
0.1525,3.00019717216492,-0.85247540473938,-0.767524063587189,-0.00193114846479148,0.00971209816634655,-0.014913416467607,-2.04171371459961,-0.0558534972369671,0.172521665692329,0,0,0,0,0,0
0.155,3.00019216537476,-0.85245007276535,-0.767562508583069,-0.000317872278654733,0.00162966151122705,-0.00265074838685134,-2.04171395301819,-0.0552099235355854,0.172126233577728,0,0,0,0,0,0
0.1575,3.00019335746765,-0.852456092834473,-0.767553806304932,-0.000213651091167156,0.00113233282236002,-0.00164769152950342,-1.94367122650146,-0.0548355169594288,0.108503349125385,0,0,0,0,0,0
0.16,3.00019311904907,-0.852453887462616,-0.767556667327881,-0.000267428258666769,0.00188894011080265,-0.00237566814757884,-1.94345676898956,-0.0549910627305508,0.108157336711884,0,0,0,0,0,0
0.1625,3.00019240379333,-0.852448225021362,-0.767563462257385,-0.000356743636075407,0.00268821092322469,-0.00311741582117975,-1.94334805011749,-0.0550727881491184,0.107560753822327,0,0,0,0,0,0
0.165,3.00019121170044,-0.852440536022186,-0.767572164535522,-0.00047793670091778,0.00345361907966435,-0.00383608811534941,-1.94301724433899,-0.0553117282688618,0.107131354510784,0,0,0,0,0,0
0.1675,3.00018978118896,-0.852430939674377,-0.767582654953003,-0.000591204036027193,0.00427675573155284,-0.00450451485812664,-1.83230566978455,-0.0533104799687862,0.0821152776479721,0,0,0,0,0,0
0.17,3.00018835067749,-0.852419197559357,-0.767594754695892,-0.00071538268821314,0.00496211368590593,-0.0051174983382225,-1.83235108852386,-0.0539319291710854,0.0820123106241226,0,0,0,0,0,0
0.1725,3.00019359588623,-0.852400898933411,-0.767611145973206,-0.000772027298808098,0.00567715475335717,-0.0057069631293416,-1.83269214630127,-0.0547351203858852,0.081840917468071,0,0,0,0,0,0
0.175,3.0001916885376,-0.852385818958282,-0.767626166343689,-0.000865920505020767,0.00642794650048018,-0.00626459904015064,-1.83304524421692,-0.0551044531166553,0.0816779360175133,0,0,0,0,0,0
0.1775,3.00018930435181,-0.852368831634521,-0.767642498016357,-0.000950681627728045,0.00717819295823574,-0.00681235175579786,-1.70132076740265,-0.0529875457286835,0.107445225119591,0,0,0,0,0,0
0.18,3.00018692016602,-0.852349936962128,-0.7676602602005,-0.00100950500927866,0.00785128120332956,-0.00731578655540943,-1.70102524757385,-0.0531455464661121,0.109029397368431,0,0,0,0,0,0
0.1825,3.00018429756165,-0.85232949256897,-0.767679154872894,-0.00107449269853532,0.00854708626866341,-0.00778470933437347,-1.70061409473419,-0.0536463931202888,0.110820785164833,0,0,0,0,0,0
0.185,3.0001814365387,-0.852307260036469,-0.767699241638184,-0.000179067239722705,0.00143810035393787,-0.0014017261787106,-1.70056688785553,-0.0540553145110607,0.111769147217274,0,0,0,0,0,0
0.1875,3.00018215179443,-0.852312564849854,-0.767694771289825,-0.000122319086975534,0.000986220623544651,-0.000872803152107773,-1.57555341720581,-0.0495755225419998,0.19414384663105,0,0,0,0,0,0
0.19,3.00018191337585,-0.852310657501221,-0.76769632101059,-0.000126488373742045,0.000864835095057593,-0.000721050600941434,-1.57622599601746,-0.0500918328762054,0.194059669971466,0,0,0,0,0,0
0.1925,3.00018167495728,-0.852308690547943,-0.767697930335999,-0.00013006342183502,0.000861093057136469,-0.000650678433290641,-1.57712507247925,-0.0509326867759228,0.19398894906044,0,0,0,0,0,0
0.195,3.0001814365387,-0.852306544780731,-0.767699480056763,-0.000116586636585139,0.000854449302482638,-0.00062024894503001,-1.57773494720459,-0.0514391735196114,0.194005534052849,0,0,0,0,0,0
0.1975,3.00018119812012,-0.852304399013519,-0.767700970172882,-0.00011927934715513,0.000905608502103165,-0.000579794345612888,-1.48026037216187,-0.0460726767778397,0.121509052813053,0,0,0,0,0,0
0.2,3.00018095970154,-0.852302074432373,-0.767702341079712,-0.000102620589306008,0.000897879547854925,-0.000540457642508044,-1.48036026954651,-0.045402392745018,0.122008293867111,0,0,0,0,0,0
0.2025,3.00018072128296,-0.852299869060516,-0.767703652381897,-8.99764712376068e-05,0.000894754893022579,-0.00048462314341623,-1.4802223443985,-0.044938325881958,0.122461959719658,0,0,0,0,0,0
0.205,3.00018072128296,-0.85229766368866,-0.767704784870148,-6.91857456440482e-05,0.000891517566654814,-0.00046124615372458,-1.48037385940552,-0.0446988195180893,0.122502766549587,0,0,0,0,0,0
0.2075,3.00018048286438,-0.852295458316803,-0.767705917358398,-6.67021019203662e-05,0.000900424185738048,-0.000432238140748102,-1.41048419475555,-0.0385715737938881,0.133161574602127,0,0,0,0,0,0
0.21,3.0001802444458,-0.852293193340302,-0.76770693063736,-6.32038253931918e-05,0.000866842815151097,-0.000404073646527635,-1.41113376617432,-0.0380700193345547,0.132640779018402,0,0,0,0,0,0
0.2125,3.00018000602722,-0.85229104757309,-0.767707884311676,-4.8217279807377e-05,0.000829901855922726,-0.000398953658293839,-1.41108739376068,-0.0380089804530144,0.13216657936573,0,0,0,0,0,0
0.215,3.00017976760864,-0.852289021015167,-0.767708897590637,-3.27863108743903e-05,0.000813560371330581,-0.000362706963016631,-1.41020596027374,-0.0380927473306656,0.131978780031204,0,0,0,0,0,0
0.2175,3.00017952919006,-0.852286994457245,-0.767709791660309,-3.19923733386759e-05,0.000804202833297421,-0.00035327253334842,-1.30550456047058,-0.031312070786953,0.0873365327715874,0,0,0,0,0,0
0.22,3.00017929077148,-0.852284967899323,-0.767710626125336,-2.23206196894563e-05,0.000762951062375818,-0.000324007762076544,-1.30513107776642,-0.030679028481245,0.0879330262541771,0,0,0,0,0,0
0.2225,3.00019335746765,-0.852273046970367,-0.767717123031616,-3.08406561089214e-05,0.000768315745517612,-0.000306915200781077,-1.30512297153473,-0.0301929675042629,0.0883193090558052,0,0,0,0,0,0
0.225,3.00019335746765,-0.852271139621735,-0.767717838287354,-5.80981514004457e-05,0.000747349960616488,-0.000296423922512968,-1.30499505996704,-0.0299315098673105,0.0888709202408791,0,0,0,0,0,0
0.2275,3.00019311904907,-0.852269291877747,-0.767718613147736,-4.97650563102802e-05,0.000721773553783251,-0.000294325802303059,-1.19233775138855,-0.0303305517882109,0.0185566823929548,0,0,0,0,0,0
0.23,3.00019288063049,-0.852267563343048,-0.767719388008118,-4.76931401191348e-05,0.000652879309961837,-0.000277459338135859,-1.19182217121124,-0.0304421093314886,0.0188391618430614,0,0,0,0,0,0
0.2325,3.00019264221191,-0.852266013622284,-0.76772004365921,-8.54572153018564e-06,0.000653229477684286,-0.000248577673588019,-1.19106698036194,-0.0302554741501808,0.018688153475523,0,0,0,0,0,0
0.235,3.00019264221191,-0.852264404296875,-0.767720639705658,-1.5990305293718e-05,0.000653207268157144,-0.000250554104098868,-1.19073474407196,-0.0296485647559166,0.0182456839829683,0,0,0,0,0,0
0.2375,3.00019264221191,-0.852262794971466,-0.76772129535675,-2.03005218077893e-06,0.000648716231658374,-0.000237691025307889,-1.11343693733215,-0.0362988710403442,0.0246083494275808,0,0,0,0,0,0
0.24,3.00019264221191,-0.852261185646057,-0.767721891403198,-1.3452677234964e-05,0.000635297411265918,-0.000229437146029786,-1.11355376243591,-0.0359476245939732,0.0240211859345436,0,0,0,0,0,0
0.2425,3.00019264221191,-0.852259635925293,-0.767722427845001,-2.36478013922267e-05,0.000645790297255709,-0.000238855486979979,-1.11387062072754,-0.0364460945129395,0.023530000820756,0,0,0,0,0,0
0.245,3.00019264221191,-0.852257966995239,-0.767723023891449,-5.01515780513053e-05,0.000622688160684093,-0.000220176811114959,-1.11455404758453,-0.0379175208508968,0.023590324446559,0,0,0,0,0,0
0.2475,3.000248670578,-0.852216720581055,-0.767744421958923,-6.18331250734627e-05,0.000606889487244189,-0.000212155224289745,-1.0335019826889,-0.0415281131863594,0.0505866445600986,0,0,0,0,0,0
0.25,3.00024843215942,-0.852215230464935,-0.767744898796082,-5.38256260999682e-05,0.000590799524463534,-0.000211341510759774,-1.03351879119873,-0.0424116477370262,0.0511701107025146,0,0,0,0,0,0
0.2525,3.00024819374084,-0.852213799953461,-0.767745435237885,-8.55610836383982e-05,0.000576519505880842,-0.000207550070658705,-1.03327989578247,-0.0424102135002613,0.0511836148798466,0,0,0,0,0,0
0.255,3.00024795532227,-0.852212369441986,-0.767745971679688,-6.94177317533138e-05,0.000560136124957036,-0.00018004927226973,-1.03318631649017,-0.0423308983445168,0.0504637621343136,0,0,0,0,0,0
0.2575,3.00024771690369,-0.852210998535156,-0.767746388912201,-7.99189886211968e-05,0.000570714747266084,-0.00017771338355754,-0.958821415901184,-0.0352579466998577,0.101090781390667,0,0,0,0,0,0
0.26,3.00024747848511,-0.852209568023682,-0.767746806144714,-6.45855230766025e-05,0.000546013867077463,-0.000174142952043699,-0.958790063858032,-0.0353717505931854,0.10000142455101,0,0,0,0,0,0
0.2625,3.00024724006653,-0.852208256721497,-0.767747223377228,-9.08201318490577e-05,0.000537605436352731,-0.000148882603447851,-0.958426892757416,-0.035178117454052,0.0989440456032753,0,0,0,0,0,0
0.265,3.00024700164795,-0.852206885814667,-0.767747521400452,-6.2981110953865e-05,0.000532198312210643,-0.000132915933011576,-0.957489430904388,-0.0350541472434998,0.0978725776076317,0,0,0,0,0,0
0.2675,3.00024676322937,-0.852205574512482,-0.767747819423676,-6.0953986943855e-05,0.000526355674533559,-0.000129080187665032,-0.897492825984955,-0.0267385747283697,0.295656681060791,0,0,0,0,0,0
0.27,3.00024652481079,-0.852204263210297,-0.767748117446899,-3.62441680989936e-05,0.00051152395611753,-0.000119354851708137,-0.897252202033997,-0.0272530913352966,0.294987589120865,0,0,0,0,0,0
0.2725,3.00024390220642,-0.852204561233521,-0.767747700214386,-2.32047768804478e-05,0.000518253713380545,-0.00010880506306421,-0.897119402885437,-0.0277602970600128,0.295086443424225,0,0,0,0,0,0
0.275,3.00024390220642,-0.852203249931335,-0.767747938632965,-5.07260691105294e-05,0.000490943011482132,-0.000120330661939922,-0.896742582321167,-0.0280888937413692,0.295861452817917,0,0,0,0,0,0
0.2775,3.00024366378784,-0.85220205783844,-0.767748296260834,-5.75366533025823e-05,0.000495730417291708,-0.000107003334321981,-0.863673627376556,-0.0204388331621885,0.481051564216614,0,0,0,0,0,0
0.28,3.00024342536926,-0.8522008061409,-0.767748534679413,-5.63135332197306e-05,0.000483001228116387,-0.000135595369764167,-0.863411366939545,-0.0200505908578634,0.481851071119308,0,0,0,0,0,0
0.2825,3.00024318695068,-0.852199614048004,-0.767748951911926,-5.63379615677708e-05,0.000470560873307515,-0.000101546301177742,-0.863468527793884,-0.0194787289947271,0.482417821884155,0,0,0,0,0,0
0.285,3.0002429485321,-0.852198421955109,-0.767749130725861,-4.28363362626431e-05,0.000494951057140803,-0.000116317042629348,-0.863669812679291,-0.0191231984645128,0.48283913731575,0,0,0,0,0,0
0.2875,3.00024271011353,-0.852197170257568,-0.767749428749084,-2.96224795025444e-05,0.000496976237281351,-0.000122498211277455,-0.806094586849213,-0.0206870343536139,0.687192022800446,0,0,0,0,0,0
0.29,3.00024271011353,-0.852195918560028,-0.767749786376953,-3.17557719755867e-05,0.000508766636514871,-0.000121841483463721,-0.806208193302155,-0.0206650346517563,0.688109338283539,0,0,0,0,0,0
0.2925,3.00024271011353,-0.852194607257843,-0.767750084400177,-4.06577187293315e-05,0.000514557984579632,-0.000130306761067735,-0.805962145328522,-0.0202843565493822,0.689107894897461,0,0,0,0,0,0
0.295,3.00024247169495,-0.852193355560303,-0.767750382423401,-4.48695486936209e-05,0.000511119247228831,-0.000137075182735624,-0.805252194404602,-0.0198013726621866,0.690311670303345,0,0,0,0,0,0
0.2975,3.00024366378784,-0.852190613746643,-0.767750859260559,-6.39310674159788e-05,0.000535256112925708,-0.000136637216201052,-0.731392979621887,-0.00964731257408857,0.814021646976471,0,0,0,0,0,0
0.3,3.00024342536926,-0.852189242839813,-0.767751216888428,-2.24622340579237e-05,0.00049554134449188,-0.000162529324615012,-0.731656193733215,-0.00877027027308941,0.814588308334351,0,0,0,0,0,0
0.3025,3.00024342536926,-0.852188050746918,-0.767751634120941,-5.1430496380317e-06,0.000468656775333999,-0.000141096648788019,-0.732250094413757,-0.0081555312499404,0.814380884170532,0,0,0,0,0,0
0.305,3.00024342536926,-0.852186918258667,-0.76775199174881,4.59227007012867e-06,0.000486418891650615,-0.000138218191272964,-0.732624113559723,-0.0083585511893034,0.813486039638519,0,0,0,0,0,0
0.3075,3.00024342536926,-0.852185666561127,-0.767752349376678,1.01922440082872e-05,0.000486677957648429,-0.000127115549713405,-0.636858284473419,-0.00313442479819059,0.99012416601181,0,0,0,0,0,0
0.31,3.00024342536926,-0.852184414863586,-0.767752647399902,8.61399564216938e-07,0.000436664150786156,-0.000121316501219435,-0.635772824287415,-0.00354252709075809,0.989928662776947,0,0,0,0,0,0
0.3125,3.00024342536926,-0.852183401584625,-0.767752945423126,-0.000230995065066963,0.00099291792139411,3.613751323428e-05,-0.63482129573822,-0.00294823222793639,0.989669561386108,0,0,0,0,0,0
0.315,3.00024247169495,-0.852180242538452,-0.767752647399902,-0.00034378917189315,0.00143426982685924,0.000118399068014696,-0.633466124534607,-0.00148293224629015,0.988523602485657,0,0,0,0,0,0
0.3175,3.00024151802063,-0.852176129817963,-0.767752289772034,-0.000465994526166469,0.00183651060797274,0.000157817994477227,-0.536460161209106,0.0118987113237381,1.11155140399933,0,0,0,0,0,0
0.32,3.00024032592773,-0.852171003818512,-0.767751812934875,-0.000573776720557362,0.00218998640775681,0.000192521009012125,-0.533981502056122,0.0125514063984156,1.11049127578735,0,0,0,0,0,0
0.3225,3.0002236366272,-0.852175414562225,-0.767745018005371,-0.000704862351994962,0.00253746449016035,0.000243708360358141,-0.531632363796234,0.0129585331305861,1.11008274555206,0,0,0,0,0,0
0.325,3.00022172927856,-0.852168619632721,-0.767744362354279,-0.000830973905976862,0.00292320316657424,0.000254887796472758,-0.530073404312134,0.0137940077111125,1.1101393699646,0,0,0,0,0,0
0.3275,3.00021958351135,-0.852160811424255,-0.767743706703186,-0.000976140436250716,0.00325394445098937,0.000300827494356781,-0.485789746046066,0.0548960939049721,1.23861932754517,0,0,0,0,0,0
0.33,3.00021696090698,-0.852152228355408,-0.767742872238159,-0.00110133469570428,0.00356335891410708,0.000289082992821932,-0.485860764980316,0.0551486499607563,1.23848605155945,0,0,0,0,0,0
0.3325,3.00021409988403,-0.852142930030823,-0.767742156982422,-0.00117932434659451,0.00386717054061592,0.000299921492114663,-0.485675930976868,0.0553302243351936,1.2381032705307,0,0,0,0,0,0
0.335,3.0002110004425,-0.8521329164505,-0.76774138212204,-0.00128506461624056,0.00419707503169775,0.00036155030829832,-0.485202193260193,0.0555743500590324,1.23772597312927,0,0,0,0,0,0
0.3375,3.0002076625824,-0.852122008800507,-0.767740368843079,-0.000223777582514569,0.000734506677416511,6.84452609397222e-05,-0.417690306901932,0.0955398380756378,1.36692273616791,0,0,0,0,0,0
0.34,3.00020837783813,-0.852124512195587,-0.767740607261658,-0.000131282644405491,0.000456374265220344,4.3332419836164e-05,-0.416822403669357,0.0957922488451004,1.3655606508255,0,0,0,0,0,0
0.3425,3.00020813941956,-0.85212367773056,-0.767740488052368,-0.000113093027881972,0.000416845019000751,2.40792075355378e-05,-0.416251450777054,0.0954230576753616,1.36366558074951,0,0,0,0,0,0
0.345,3.00020790100098,-0.852122724056244,-0.767740428447723,-9.0979032309223e-05,0.000393586408893794,3.65250585304135e-05,-0.416317582130432,0.0945828408002853,1.36168766021729,0,0,0,0,0,0
0.3475,3.00021004676819,-0.852120041847229,-0.767741560935974,-0.000154796725837514,0.000642352621071041,7.66366720199585e-05,-0.363867610692978,0.128750920295715,1.55518662929535,0,0,0,0,0,0
0.35,3.00020956993103,-0.852118134498596,-0.767741322517395,-0.000194705819012597,0.000909190508536994,0.000107737185317092,-0.364626049995422,0.127955064177513,1.55655384063721,0,0,0,0,0,0
0.3525,3.00020909309387,-0.852115511894226,-0.767741024494171,-0.000206975237233564,0.00116683030501008,9.72372363321483e-05,-0.365016788244247,0.127530604600906,1.55843734741211,0,0,0,0,0,0
0.355,3.00020861625671,-0.852112293243408,-0.767740786075592,-0.000297056481940672,0.00145168858580291,5.59645995963365e-05,-0.364897668361664,0.127454504370689,1.55947923660278,0,0,0,0,0,0
0.3575,3.0002076625824,-0.852108299732208,-0.767740666866302,-0.000347069493727759,0.00169182126410306,9.28105146158487e-06,-0.337861120700836,0.13475701212883,1.66069579124451,0,0,0,0,0,0
0.36,3.00020694732666,-0.852103769779205,-0.767740666866302,-0.000395857525290921,0.00194439373444766,6.16611396253575e-06,-0.337643802165985,0.135203629732132,1.66060662269592,0,0,0,0,0,0
0.3625,3.00020599365234,-0.85209858417511,-0.767740666866302,-0.000466239638626575,0.0021805576980114,-2.54493788816035e-05,-0.337674558162689,0.135774239897728,1.66027402877808,0,0,0,0,0,0
0.365,3.00020480155945,-0.852092862129211,-0.767740786075592,-0.00054819363867864,0.00241524376906455,-2.16847474803217e-05,-0.337792783975601,0.136317610740662,1.6591477394104,0,0,0,0,0,0
0.3675,3.00020313262939,-0.852086544036865,-0.767740786075592,-0.000590982148423791,0.00266431248746812,-3.1705480068922e-05,-0.278014063835144,0.103613026440144,1.66788601875305,0,0,0,0,0,0
0.37,3.00020170211792,-0.852079570293427,-0.767740905284882,-0.000735694949980825,0.00283472938463092,1.04445389297325e-05,-0.278422921895981,0.103450380265713,1.66686046123505,0,0,0,0,0,0
0.3725,3.00019192695618,-0.852077305316925,-0.767737805843353,-0.000135072026751004,0.000523447641171515,6.32752107776469e-06,-0.278570890426636,0.103083230555058,1.66645681858063,0,0,0,0,0,0
0.375,3.00019240379333,-0.852078855037689,-0.767737805843353,-9.64720563219029e-05,0.000362986733583153,1.6089718105501e-05,-0.278541564941406,0.102425016462803,1.66703939437866,0,0,0,0,0,0
0.3775,3.00019216537476,-0.852078139781952,-0.767737746238708,-9.32442776762088e-05,0.000301580340098756,3.88248819867854e-06,-0.25169238448143,0.0905958861112595,1.59387493133545,0,0,0,0,0,0
0.38,3.00019216537476,-0.852077484130859,-0.767737746238708,-8.62449741591297e-05,0.000300447829345711,6.62848117573647e-07,-0.251930743455887,0.0904980674386024,1.59523320198059,0,0,0,0,0,0
0.3825,3.00019192695618,-0.852076709270477,-0.767737746238708,-8.85509313886109e-05,0.000278678356411389,2.9313690995704e-06,-0.252643674612045,0.0913203209638596,1.59546446800232,0,0,0,0,0,0
0.385,3.0001916885376,-0.85207599401474,-0.767737746238708,-8.64399136462458e-05,0.000261564585498569,7.66362948369833e-06,-0.253001034259796,0.0928843393921852,1.59423005580902,0,0,0,0,0,0
0.3875,3.00019145011902,-0.852075397968292,-0.767737746238708,-7.27325552565792e-05,0.000237850718925027,7.459604093868e-07,-0.275519669055939,0.0746816992759705,1.59655165672302,0,0,0,0,0,0
0.39,3.00019121170044,-0.852074801921844,-0.767737746238708,-7.99099676322503e-05,0.00025530402290109,-1.78089935162025e-05,-0.274572432041168,0.0753316953778267,1.59498620033264,0,0,0,0,0,0
0.3925,3.00019097328186,-0.852074146270752,-0.767737805843353,-6.79993190700774e-05,0.000234343584284599,-3.23628185603426e-06,-0.274707317352295,0.0753704532980919,1.59421324729919,0,0,0,0,0,0
0.395,3.00019073486328,-0.852073550224304,-0.767737805843353,-5.1808569087382e-05,0.000198670446760897,4.64481746915395e-06,-0.275816529989243,0.0747991129755974,1.59444224834442,0,0,0,0,0,0
0.3975,3.00020337104797,-0.852063477039337,-0.767742276191711,-6.33954841759987e-05,0.000227976473979652,-1.37353899845039e-05,-0.236696019768715,0.0845551192760468,1.58953166007996,0,0,0,0,0,0
0.4,3.00020313262939,-0.852062880992889,-0.767742335796356,-6.53965052134569e-05,0.000195501987994317,-1.45422927400223e-07,-0.235844358801842,0.084170937538147,1.59016346931458,0,0,0,0,0,0
0.4025,3.00020289421082,-0.852062463760376,-0.767742335796356,-5.23898176325668e-05,0.000164948274888602,2.327129164577e-06,-0.234396621584892,0.0836219117045403,1.59055113792419,0,0,0,0,0,0
0.405,3.00020265579224,-0.852062106132507,-0.767742335796356,-7.54917505654265e-05,0.000165524664926779,6.84833003008948e-06,-0.233544871211052,0.0826036259531975,1.59049093723297,0,0,0,0,0,0
0.4075,3.00020241737366,-0.852061688899994,-0.767742335796356,-3.73314336843653e-05,0.000173806885625116,3.32515658590726e-05,-0.200392946600914,0.0503752455115318,1.7004988193512,0,0,0,0,0,0
0.41,3.00020217895508,-0.852061212062836,-0.767742216587067,-3.51301413907676e-05,0.000156482887441944,2.94741186651706e-05,-0.200775876641273,0.0496597923338413,1.69998669624329,0,0,0,0,0,0
0.4125,3.0002019405365,-0.852060854434967,-0.767742156982422,-1.25128973879598e-05,0.000130680150831389,5.56095681304873e-05,-0.201277196407318,0.0497366525232792,1.69958198070526,0,0,0,0,0,0
0.415,3.0002019405365,-0.852060556411743,-0.767742037773132,-2.65890736530299e-05,0.000141078277403835,5.13357314103707e-05,-0.202020406723022,0.0504729971289635,1.69918608665466,0,0,0,0,0,0
0.4175,3.0002019405365,-0.852060198783875,-0.767741918563843,-3.14314677227686e-05,0.000118942222839887,3.23320913281035e-05,-0.237227573990822,0.0137545624747872,1.67441582679749,0,0,0,0,0,0
0.42,3.0002019405365,-0.852059960365295,-0.767741858959198,-5.63934993395816e-05,0.000157051403461233,3.57227456411153e-05,-0.237597361207008,0.0139787215739489,1.67349076271057,0,0,0,0,0,0
0.4225,3.00020170211792,-0.852059483528137,-0.767741799354553,-4.61423874849994e-05,0.000149284025305296,1.07335679446834e-05,-0.237347096204758,0.013170562684536,1.67232584953308,0,0,0,0,0,0
0.425,3.00020146369934,-0.852059125900269,-0.767741799354553,-5.78212105018908e-05,0.000169915414197653,1.33295638417419e-05,-0.236906558275223,0.0119944084435701,1.67173075675964,0,0,0,0,0,0
0.4275,3.00020122528076,-0.85205864906311,-0.767741739749908,-8.82771435388106e-05,0.000155895336932591,-9.70925436353664e-07,-0.289817243814468,0.0506074279546738,1.67486798763275,0,0,0,0,0,0
0.43,3.00020098686218,-0.852058291435242,-0.767741739749908,-8.92920936415718e-05,0.000149355003084571,9.6561091700346e-06,-0.289362668991089,0.0499293617904186,1.67478227615356,0,0,0,0,0,0
0.4325,3.0002007484436,-0.852057933807373,-0.767741680145264,-8.97478770543018e-05,0.000171113947469625,1.45050511935049e-05,-0.288929402828217,0.0497776418924332,1.67424774169922,0,0,0,0,0,0
0.435,3.00020051002502,-0.852057456970215,-0.767741620540619,-8.09151371054511e-05,0.000185530411198358,1.07253135174848e-05,-0.288585007190704,0.050150990486145,1.67375874519348,0,0,0,0,0,0
0.4375,3.00020027160645,-0.852056980133057,-0.767741560935974,-7.5627586144989e-05,0.000188022980888935,9.07418036061959e-06,-0.370504260063171,0.0778263881802559,1.56701171398163,0,0,0,0,0,0
0.44,3.00020003318787,-0.852056503295898,-0.767741501331329,-5.23595290757102e-05,0.000212178727071273,-7.1477515599729e-06,-0.370709866285324,0.0787858590483665,1.56724727153778,0,0,0,0,0,0
0.4425,3.00019979476929,-0.852055966854095,-0.767741501331329,-4.53417263048598e-05,0.00021482336987649,8.71999573848313e-06,-0.371754050254822,0.0791083499789238,1.56802928447723,0,0,0,0,0,0
0.445,3.00019955635071,-0.852055370807648,-0.767741441726685,-5.90896583378985e-05,0.000220513129633481,9.85907110296445e-06,-0.373471796512604,0.0788707733154297,1.56908738613129,0,0,0,0,0,0
0.4475,3.00019645690918,-0.852056503295898,-0.767740249633789,-3.13451928377617e-05,0.000222447662963532,3.01836062135408e-05,-0.447857260704041,0.041331771761179,1.51659452915192,0,0,0,0,0,0
0.45,3.00019645690918,-0.852055966854095,-0.7677401304245,-5.13822265089107e-05,0.00023705193416101,3.3128420398745e-05,-0.448426961898804,0.0419394746422768,1.51700901985168,0,0,0,0,0,0
0.4525,3.0001962184906,-0.852055370807648,-0.767740070819855,-5.76192360559804e-05,0.000280745474548586,2.95197397303001e-05,-0.448236405849457,0.0427062287926674,1.51738345623016,0,0,0,0,0,0
0.455,3.00019598007202,-0.852054595947266,-0.76774001121521,-5.24173794168905e-05,0.000297121699101077,1.45782035567178e-05,-0.44789046049118,0.042953509837389,1.5178462266922,0,0,0,0,0,0
0.4575,3.00019574165344,-0.852053821086884,-0.76774001121521,-6.73993254214771e-05,0.000291982482292036,2.34812108901417e-05,-0.488652855157852,0.0514794178307056,1.44148433208466,0,0,0,0,0,0
0.46,3.00019550323486,-0.852053105831146,-0.767739951610565,-4.51222253538349e-05,0.000306579698090692,-1.31635481717687e-05,-0.489112257957458,0.0508055873215199,1.44239056110382,0,0,0,0,0,0
0.4625,3.00019526481628,-0.852052330970764,-0.76774001121521,-4.64383184731525e-05,0.000313916511992154,-1.28338093995369e-05,-0.489723175764084,0.0495247431099415,1.44268298149109,0,0,0,0,0,0
0.465,3.00019502639771,-0.852051496505737,-0.767740070819855,-5.44008051491018e-05,0.000339619490391198,-1.1929541545804e-05,-0.490165710449219,0.0475481450557709,1.44251000881195,0,0,0,0,0,0
0.4675,3.00019478797913,-0.85205066204071,-0.7677401304245,-2.61524704544086e-05,0.000347967154065899,-3.73803796027859e-06,-0.540495872497559,0.0135938040912151,1.31032383441925,0,0,0,0,0,0
0.47,3.00019478797913,-0.852049767971039,-0.7677401304245,-3.37744426480655e-05,0.000375270514206546,-8.13924165598837e-06,-0.540039002895355,0.0130062345415354,1.31086874008179,0,0,0,0,0,0
0.4725,3.00019454956055,-0.852048754692078,-0.767740190029144,-3.4623999621197e-05,0.000386998231538498,4.65686977848745e-08,-0.538951218128204,0.0130401467904449,1.3103529214859,0,0,0,0,0,0
0.475,3.00019431114197,-0.852047801017761,-0.767740190029144,-1.95182624694576e-05,0.000401223231396929,8.77622280040007e-06,-0.538001418113708,0.0129620246589184,1.30903351306915,0,0,0,0,0,0
0.4775,3.00019431114197,-0.8520467877388,-0.7677401304245,-4.67308782969458e-05,0.000386798167757598,1.44684069181368e-05,-0.605078220367432,0.0462630093097687,1.1104519367218,0,0,0,0,0,0
0.48,3.00019407272339,-0.852045834064484,-0.767740070819855,-1.25973161832224e-05,0.000428839866682869,2.09270856775675e-05,-0.604653894901276,0.045697383582592,1.11009609699249,0,0,0,0,0,0
0.4825,3.00019407272339,-0.852044701576233,-0.76774001121521,-1.81992181499861e-05,0.000421642135306246,5.30857648732392e-05,-0.604147553443909,0.0448564700782299,1.11032426357269,0,0,0,0,0,0
0.485,3.00019407272339,-0.852043628692627,-0.767739832401276,-2.10022818746386e-05,0.000451543790565693,4.81057003771059e-05,-0.603590488433838,0.044218435883522,1.11057960987091,0,0,0,0,0,0
0.4875,3.00019407272339,-0.852042496204376,-0.767739713191986,-9.350250934288e-06,0.0004247592883984,5.38479262770277e-05,-0.698023080825806,0.0398109294474125,1.03973889350891,0,0,0,0,0,0
0.49,3.00019407272339,-0.85204142332077,-0.767739593982697,1.8683187741397e-05,0.000461733341191566,4.52633246702598e-05,-0.696067333221436,0.0411389693617821,1.03992283344269,0,0,0,0,0,0
0.4925,3.00019407272339,-0.852040231227875,-0.767739474773407,2.79536583324013e-05,0.000466741001719751,3.33702266054409e-05,-0.693613052368164,0.0422638989984989,1.04027152061462,0,0,0,0,0,0
0.495,3.00019407272339,-0.852039098739624,-0.767739415168762,2.01017785703395e-05,0.000481598953280705,3.10938292991962e-05,-0.691672742366791,0.0425141751766205,1.04039645195007,0,0,0,0,0,0
0.4975,3.00017690658569,-0.852050185203552,-0.767733752727509,4.14995083701797e-05,0.000474686617963016,3.13778655254282e-05,-0.759407579898834,0.00199725176207721,0.964556574821472,0,0,0,0,0,0
0.5,3.00017714500427,-0.852048993110657,-0.767733693122864,1.85229561019996e-05,0.000513928468753673,8.51701491250199e-06,-0.759152948856354,0.00185434008017182,0.965270757675171,0,0,0,0,0,0
0.5025,3.00017714500427,-0.852047681808472,-0.767733693122864,1.54809641803891e-05,0.000519435142947483,6.65107322039483e-06,-0.758806109428406,0.00174320815131068,0.96584939956665,0,0,0,0,0,0
0.505,3.00017714500427,-0.852046370506287,-0.767733693122864,1.59580196285129e-05,0.000526707081584064,-7.07091007183851e-06,-0.757947146892548,0.00174989667721093,0.966042518615723,0,0,0,0,0,0
0.5075,3.00017714500427,-0.852045059204102,-0.767733693122864,2.0294581401761e-05,0.000534785932011789,-3.44710979567906e-06,-0.774929821491241,-0.0268724337220192,0.797386169433594,0,0,0,0,0,0
0.51,3.00017714500427,-0.852043688297272,-0.767733693122864,1.51033769739087e-06,0.000540970961685362,-2.95251104114524e-05,-0.774089574813843,-0.0269931238144636,0.797710955142975,0,0,0,0,0,0
0.5125,3.00017714500427,-0.852042317390442,-0.767733812332153,6.01278224278328e-06,0.000574609348758174,-3.395985110958e-05,-0.7737837433815,-0.0271357875317335,0.797963261604309,0,0,0,0,0,0
0.515,3.00017714500427,-0.852040827274323,-0.767733871936798,1.94896844853644e-05,0.000573944446449196,-5.26632781519674e-05,-0.773867905139923,-0.0270654745399952,0.797827124595642,0,0,0,0,0,0
0.5175,3.00017714500427,-0.852039396762848,-0.767733991146088,1.08620747025429e-05,0.000572399583025957,-3.61619009976269e-05,-0.787112772464752,-0.0294846594333649,0.590658485889435,0,0,0,0,0,0
0.52,3.00017714500427,-0.852037966251373,-0.767734050750732,1.56439411806206e-06,0.000557755654166531,-3.27834757207921e-05,-0.787207722663879,-0.0295182000845671,0.590704202651978,0,0,0,0,0,0
0.5225,3.00017666816711,-0.852036476135254,-0.767734169960022,-1.24397511171992e-05,0.000530067773070186,-4.52333551947959e-05,-0.787284731864929,-0.0295678563416004,0.591587424278259,0,0,0,0,0,0
0.525,3.00017666816711,-0.852035224437714,-0.767734289169312,-1.4330453771809e-05,0.000507688103824969,-3.45495191686712e-05,-0.787454307079315,-0.0297403018921614,0.593279898166656,0,0,0,0,0,0
0.5275,3.00017666816711,-0.852033972740173,-0.767734348773956,1.05793078025568e-05,0.000520055079077142,-2.68767543252423e-05,-0.764831960201263,-0.0476909540593624,0.441995352506638,0,0,0,0,0,0
0.53,3.00017666816711,-0.852032661437988,-0.767734408378601,-1.72472480030739e-05,0.000507041721352793,-4.41794576929508e-05,-0.76476639509201,-0.0474572330713272,0.44292876124382,0,0,0,0,0,0
0.5325,3.00017666816711,-0.852031409740448,-0.767734527587891,-1.62906684419389e-05,0.00050823583206009,-5.43533968897038e-05,-0.765328764915466,-0.0469364710152149,0.443099498748779,0,0,0,0,0,0
0.535,3.00017666816711,-0.852030158042908,-0.76773464679718,-3.42055774930543e-05,0.00050290108452412,-7.30552730610182e-05,-0.767134010791779,-0.0464183911681175,0.442910820245743,0,0,0,0,0,0
0.5375,3.00017642974854,-0.852028906345367,-0.767734885215759,-4.06496605623262e-05,0.000492267224567363,-7.23145310442539e-05,-0.694875240325928,-0.0598019100725651,0.318632483482361,0,0,0,0,0,0
0.54,3.00017619132996,-0.852027714252472,-0.767735064029694,-5.48777991344701e-05,0.000431248743621796,-6.75177732275538e-05,-0.695303082466125,-0.0595421604812145,0.318823844194412,0,0,0,0,0,0
0.5425,3.00017595291138,-0.852026700973511,-0.767735183238983,-6.56687753307646e-05,0.000427978525142711,-3.45990382451065e-05,-0.694498717784882,-0.0596704073250294,0.319130420684814,0,0,0,0,0,0
0.545,3.0001757144928,-0.852025628089905,-0.767735242843628,-5.11516881946732e-05,0.000427511464377877,-3.22706919897934e-05,-0.693085372447968,-0.0603791512548923,0.3196781873703,0,0,0,0,0,0
0.5475,3.00017547607422,-0.852024555206299,-0.767735302448273,-4.3426521654499e-05,0.000414940097047434,-5.35770548931767e-05,-0.586655616760254,-0.0773635879158974,0.256194859743118,0,0,0,0,0,0
0.55,3.00017523765564,-0.852023541927338,-0.767735421657562,-7.12343376556407e-05,0.000361435056969113,-4.56524606002938e-05,-0.5858314037323,-0.0772485136985779,0.256953775882721,0,0,0,0,0,0
0.5525,3.00017499923706,-0.852022707462311,-0.767735540866852,-3.64865921114827e-05,0.000337121662317768,-5.60310649105934e-05,-0.585400104522705,-0.0769297853112221,0.257025569677353,0,0,0,0,0,0
0.555,3.00017476081848,-0.852021932601929,-0.767735719680786,-4.64387361567122e-05,0.000323035059368241,-7.26009532959846e-05,-0.584911704063416,-0.0776729807257652,0.256473481655121,0,0,0,0,0,0
0.5575,3.0001745223999,-0.852021157741547,-0.767735958099365,-3.76335195496391e-05,0.000324704329750008,-6.545349839507e-05,-0.479279190301895,-0.0978527516126633,0.250182747840881,0,0,0,0,0,0
0.56,3.00017428398132,-0.852020382881165,-0.767736077308655,-4.69814791713525e-05,0.000271317789394738,-6.626999890746e-05,-0.479152768850327,-0.099126473069191,0.250131219625473,0,0,0,0,0,0
0.5625,3.00017404556274,-0.852019786834717,-0.767736256122589,-5.852765172585e-05,0.000268309760925867,-6.47689377057574e-05,-0.479294538497925,-0.0999055057764053,0.249707773327827,0,0,0,0,0,0
0.565,3.00017380714417,-0.852019131183624,-0.767736434936523,-8.0729359632706e-05,0.000280321886283181,-8.19150889926865e-05,-0.479291081428528,-0.100374512374401,0.248747780919075,0,0,0,0,0,0
0.5675,3.00017356872559,-0.852018415927887,-0.767736673355103,-6.59290360754587e-05,0.000249290882811099,-8.03908695370753e-05,-0.422709971666336,-0.14451952278614,0.26983842253685,0,0,0,0,0,0
0.57,3.00017333030701,-0.852017819881439,-0.767736852169037,-9.55746972795035e-05,0.000237774424103665,-9.24723417407227e-05,-0.422518968582153,-0.145905449986458,0.270192116498947,0,0,0,0,0,0
0.5725,3.00017786026001,-0.852013111114502,-0.767738580703735,-9.03895197552629e-05,0.000222125687287189,-9.43114282563329e-05,-0.422888308763504,-0.147562071681023,0.270847886800766,0,0,0,0,0,0
0.575,3.00017786026001,-0.852012574672699,-0.767738819122314,-9.23501189430322e-05,0.000222303806849104,-0.000100839027882542,-0.423849403858185,-0.148959890007973,0.271167010068893,0,0,0,0,0,0
0.5775,3.00017762184143,-0.852012038230896,-0.767739057540894,-0.000101880363821546,0.000215203737911831,-0.000106068799372937,-0.390543788671494,-0.168682783842087,0.296987861394882,0,0,0,0,0,0
0.58,3.00017714500427,-0.852011501789093,-0.767739355564117,-0.000132568246349066,0.000209240968104873,-9.17967894125287e-05,-0.391981393098831,-0.168263778090477,0.296042650938034,0,0,0,0,0,0
0.5825,3.00017690658569,-0.852011024951935,-0.767739593982697,-0.000129603148779361,0.000192519371248545,-5.22510854572644e-05,-0.392604619264603,-0.16760578751564,0.295335948467255,0,0,0,0,0,0
0.585,3.00017666816711,-0.852010548114777,-0.767739653587341,-0.000151789241330728,0.000211529090702445,-3.10580001275732e-05,-0.392653912305832,-0.167376786470413,0.295097440481186,0,0,0,0,0,0
0.5875,3.00017642974854,-0.852010011672974,-0.767739713191986,-0.000144439525332932,0.000234377331561119,-3.94254426709535e-05,-0.31856444478035,-0.186967715620995,0.289748400449753,0,0,0,0,0,0
0.59,3.00017619132996,-0.852009356021881,-0.767739772796631,-0.000167788014377288,0.000220989409028496,-4.41109645552619e-05,-0.318173259496689,-0.186854183673859,0.289585620164871,0,0,0,0,0,0
0.5925,3.0001757144928,-0.852008819580078,-0.76773989200592,-0.000196408085454729,0.000213060503958392,-3.17149018546119e-05,-0.317925572395325,-0.186801955103874,0.28893980383873,0,0,0,0,0,0
0.595,3.00017523765564,-0.85200834274292,-0.767739951610565,-0.000205809995617566,0.000206580921362953,-3.10945751120588e-05,-0.317990750074387,-0.186528578400612,0.288506001234055,0,0,0,0,0,0
0.5975,3.00017476081848,-0.852007806301117,-0.76774001121521,-0.000207336138078902,0.000190164055282636,-1.49352135219681e-05,-0.268774718046188,-0.19861601293087,0.325325518846512,0,0,0,0,0,0
0.6,3.00017428398132,-0.852007329463959,-0.76774001121521,-0.000197542029713753,0.000172231272278063,3.18753472720006e-06,-0.268788635730743,-0.198266953229904,0.32550972700119,0,0,0,0,0,0
0.6025,3.00017380714417,-0.852006912231445,-0.76774001121521,-0.000206572615820793,0.000163725878854946,1.12692332452162e-06,-0.269201517105103,-0.198696568608284,0.325620800256729,0,0,0,0,0,0
0.605,3.00017333030701,-0.852006554603577,-0.76774001121521,-0.000181079730162743,0.000169136134320536,-1.90424634824329e-05,-0.269634872674942,-0.199462562799454,0.325872749090195,0,0,0,0,0,0
0.6075,3.00017285346985,-0.852006077766418,-0.767740070819855,-0.000186113128990055,0.000170512019660441,1.32792529480087e-06,-0.265388697385788,-0.167106240987778,0.389872938394547,0,0,0,0,0,0
0.61,3.00017237663269,-0.852005660533905,-0.767740070819855,-0.000169992790535332,0.000198766303259544,1.08018820801884e-05,-0.265384286642075,-0.166752070188522,0.390446931123734,0,0,0,0,0,0
0.6125,3.00017189979553,-0.852005124092102,-0.76774001121521,-0.000183003794158711,0.000180205932288029,-1.03647270542363e-05,-0.265148878097534,-0.165983155369759,0.39066618680954,0,0,0,0,0,0
0.615,3.00017142295837,-0.852004706859589,-0.767740070819855,-0.000178758453450435,0.000170268571727219,-2.35514168063006e-05,-0.264845818281174,-0.165712937712669,0.390407264232635,0,0,0,0,0,0
0.6175,3.00017094612122,-0.852004289627075,-0.7677401304245,-0.000159939605235128,0.000172227021224955,-2.40897779694208e-05,-0.240748316049576,-0.177015617489815,0.432794988155365,0,0,0,0,0,0
0.62,3.00017046928406,-0.852003872394562,-0.767740249633789,-0.000157371938988057,0.000144657214839341,-4.87012485619383e-05,-0.241096585988998,-0.177595034241676,0.43268957734108,0,0,0,0,0,0
0.6225,3.00016593933105,-0.852006256580353,-0.767738878726959,-0.00014117281534709,0.000134635847643949,-2.72774868790293e-05,-0.241404742002487,-0.177835077047348,0.432350158691406,0,0,0,0,0,0
0.625,3.00016570091248,-0.852005958557129,-0.767738938331604,-0.000168896240018911,0.00011592352688742,-3.95305039350104e-05,-0.241009786725044,-0.178050234913826,0.431797444820404,0,0,0,0,0,0
0.6275,3.00016522407532,-0.85200572013855,-0.767738997936249,-0.000145451855106213,0.000106750012945926,-4.508866611021e-05,-0.252675741910934,-0.219095721840858,0.526475846767426,0,0,0,0,0,0
0.63,3.00016498565674,-0.852005422115326,-0.767739117145538,-0.000172498340236653,0.000128497470919469,-2.80894938309571e-05,-0.252262145280838,-0.219206646084785,0.526153266429901,0,0,0,0,0,0
0.6325,3.00016450881958,-0.852005064487457,-0.767739176750183,-0.000151125077136322,0.000122813808979959,-3.93443380926205e-05,-0.251975297927856,-0.21907864511013,0.526616215705872,0,0,0,0,0,0
0.635,3.000164270401,-0.852004766464233,-0.767739236354828,-0.000169725807297248,0.000140948619646012,-7.15090574888278e-05,-0.251548290252686,-0.218525975942612,0.527588784694672,0,0,0,0,0,0
0.6375,3.00016379356384,-0.852004408836365,-0.767739415168762,-0.000171887601792246,0.0001465974200763,-5.90010385355368e-05,-0.238829895853996,-0.246587812900543,0.484279096126556,0,0,0,0,0,0
0.64,3.00016331672668,-0.852004051208496,-0.767739593982697,-0.000159184130661589,0.000152327633914847,-6.32986883861699e-05,-0.23872298002243,-0.246920943260193,0.484857112169266,0,0,0,0,0,0
0.6425,3.00016283988953,-0.852003633975983,-0.767739772796631,-0.000169568475162839,0.000160664523768509,-6.32490666322804e-05,-0.238591343164444,-0.247747004032135,0.485113233327866,0,0,0,0,0,0
0.645,3.00016236305237,-0.852003216743469,-0.767739951610565,-0.000163266059415188,0.000149838912954533,-5.78870925198661e-05,-0.238088518381119,-0.24836590886116,0.485765784978867,0,0,0,0,0,0
0.6475,3.00016069412231,-0.852003037929535,-0.767739236354828,-0.000150057414430194,0.000156658570631407,-6.01416286372114e-05,-0.205521881580353,-0.27446985244751,0.516432762145996,0,0,0,0,0,0
0.65,3.00016045570374,-0.852002620697021,-0.767739415168762,-0.000194571737665683,0.000526357966009527,-0.000360243866452947,-0.205080181360245,-0.27339506149292,0.515497982501984,0,0,0,0,0,0
0.6525,3.00015997886658,-0.852000832557678,-0.767740726470947,-0.000278696301393211,0.00083911808906123,-0.000548528973013163,-0.205222517251968,-0.271031677722931,0.512609839439392,0,0,0,0,0,0
0.655,3.00015926361084,-0.851998329162598,-0.767742335796356,-0.000361396232619882,0.00115190946962684,-0.000692182104103267,-0.205452859401703,-0.268589228391647,0.510013818740845,0,0,0,0,0,0
0.6575,3.00015807151794,-0.85199511051178,-0.767744243144989,-0.000479139038361609,0.00141849415376782,-0.000820733839645982,-0.22089196741581,-0.234123229980469,0.499638259410858,0,0,0,0,0,0
0.66,3.00015664100647,-0.851991236209869,-0.767746448516846,-0.000528598087839782,0.00170408643316478,-0.000956022064201534,-0.221344128251076,-0.233268111944199,0.498994141817093,0,0,0,0,0,0
0.6625,3.00015544891357,-0.851986646652222,-0.767749011516571,-0.000631073256954551,0.00195629266090691,-0.00107428850606084,-0.221780225634575,-0.233375698328018,0.49909719824791,0,0,0,0,0,0
0.665,3.00015377998352,-0.851981461048126,-0.76775187253952,-0.000727811944670975,0.00222269655205309,-0.00121359410695732,-0.222029447555542,-0.234061062335968,0.499682068824768,0,0,0,0,0,0
0.6675,3.00015187263489,-0.851975560188293,-0.767755031585693,-0.00083982793148607,0.00248950719833374,-0.00131725973915309,-0.143985480070114,-0.199443429708481,0.487360030412674,0,0,0,0,0,0
0.67,3.00014972686768,-0.851969003677368,-0.76775848865509,-0.00085758080240339,0.00245779100805521,-0.00137005269061774,-0.143844529986382,-0.198975011706352,0.487121134996414,0,0,0,0,0,0
0.6725,3.00017213821411,-0.851944386959076,-0.767770886421204,-0.000903803156688809,0.00252596312202513,-0.00149504432920367,-0.142449229955673,-0.19847446680069,0.48696106672287,0,0,0,0,0,0
0.675,3.00016975402832,-0.851938009262085,-0.767774760723114,-0.000163349259275166,0.000456355906525905,-0.000312761706153533,-0.140211388468742,-0.198032364249229,0.487086743116379,0,0,0,0,0,0
0.6775,3.00017023086548,-0.85193943977356,-0.767774105072021,-8.31211660080282e-05,0.000251872281493023,-0.000201893044996148,-0.0825986936688423,-0.194550111889839,0.447071254253387,0,0,0,0,0,0
0.68,3.00017023086548,-0.851939082145691,-0.76777446269989,-5.8517940729907e-05,0.000168774563599759,-0.000159824621304989,-0.0818973258137703,-0.195083260536194,0.448280036449432,0,0,0,0,0,0
0.6825,3.0001699924469,-0.851938724517822,-0.767774820327759,-4.68835631688583e-05,0.00012755069381136,-0.000152809830546937,-0.0822320207953453,-0.195536732673645,0.449680835008621,0,0,0,0,0,0
0.685,3.00016975402832,-0.851938486099243,-0.767775237560272,-5.16800099275378e-05,0.000105910070099631,-0.000141211820868682,-0.0829291120171547,-0.195146724581718,0.450857162475586,0,0,0,0,0,0
0.6875,3.00016951560974,-0.851938247680664,-0.767775595188141,-5.59055447626076e-05,9.76462402637035e-05,-0.000130885973652316,-0.0267959609627724,-0.180800005793571,0.456362575292587,0,0,0,0,0,0
0.69,3.00016927719116,-0.851938009262085,-0.767775893211365,-7.14064833088344e-05,7.89827188042869e-05,-0.000133188204461057,-0.0263583604246378,-0.181050658226013,0.457598775625229,0,0,0,0,0,0
0.6925,3.00016903877258,-0.851937830448151,-0.767776191234589,-6.6037520282712e-05,5.43239342292039e-05,-0.000120097090586697,-0.0251706298440695,-0.181151852011681,0.458735585212708,0,0,0,0,0,0
0.695,3.000168800354,-0.851937770843506,-0.767776489257812,-6.41824623063533e-05,5.38787059523115e-05,-0.000105822227681159,-0.0236854739487171,-0.18130561709404,0.459458619356155,0,0,0,0,0,0
0.6975,3.00016856193542,-0.851937651634216,-0.767776727676392,-7.2496982616414e-05,3.4737237543342e-05,-0.000107831257243345,-0.0398844331502914,-0.148471042513847,0.459774404764175,0,0,0,0,0,0
0.7,3.00016832351685,-0.851937592029572,-0.767777025699615,-4.39871097390736e-05,5.21022447041609e-05,-0.000116618459443204,-0.0388279594480991,-0.149058237671852,0.459715068340302,0,0,0,0,0,0
0.7025,3.00016808509827,-0.851937472820282,-0.767777323722839,-4.84624039790319e-05,6.55150983823584e-05,-9.89201807207805e-05,-0.0377735681831837,-0.149221912026405,0.459600061178207,0,0,0,0,0,0
0.705,3.00016784667969,-0.851937294006348,-0.767777562141418,-2.78420250173646e-05,6.26939936200517e-05,-8.54441589926148e-05,-0.0366778075695038,-0.149179190397263,0.459688425064087,0,0,0,0,0,0
0.7075,3.00016784667969,-0.851937115192413,-0.767777740955353,-1.83521453168366e-05,5.36203276406683e-05,-9.92019784677163e-05,-0.0519402660429478,-0.136324971914291,0.367544025182724,0,0,0,0,0,0
0.71,3.00016784667969,-0.851936995983124,-0.767777979373932,-6.63108513169226e-06,4.01482645352999e-05,-0.000100895243832495,-0.0515767708420753,-0.135734528303146,0.367544233798981,0,0,0,0,0,0
0.7125,3.00016784667969,-0.851936876773834,-0.767778217792511,2.81677744305227e-06,4.72336986601082e-05,-0.000102984769019031,-0.0511013716459274,-0.135455161333084,0.36704295873642,0,0,0,0,0,0
0.715,3.00016784667969,-0.851936757564545,-0.76777845621109,-6.09672143225905e-06,7.057129919722e-05,-0.000112632677717872,-0.0498507954180241,-0.135335236787796,0.365959048271179,0,0,0,0,0,0
0.7175,3.00016784667969,-0.85193657875061,-0.767778754234314,-9.1874899923026e-06,4.55611082700438e-05,-7.97816079768356e-05,-0.0672512874007225,-0.128231287002563,0.223867669701576,0,0,0,0,0,0
0.72,3.00016784667969,-0.851936459541321,-0.767778933048248,7.26938687170341e-07,4.58515936365717e-05,-8.88365733626221e-05,-0.0668016970157623,-0.128331243991852,0.223026797175407,0,0,0,0,0,0
0.7225,3.00015735626221,-0.851943254470825,-0.767775297164917,-1.91133003681898e-05,7.2661045123823e-05,-9.67913656495512e-05,-0.0668366402387619,-0.128788337111473,0.222050175070763,0,0,0,0,0,0
0.725,3.00015735626221,-0.851943016052246,-0.767775535583496,-2.80666920672422e-05,7.75643871901512e-05,-9.79921691681389e-05,-0.0661214962601662,-0.129269897937775,0.221271544694901,0,0,0,0,0,0
0.7275,3.00015735626221,-0.851942837238312,-0.767775774002075,-5.03291413760089e-05,6.98052679695443e-05,-9.96512601551935e-05,-0.0738127753138542,-0.103980973362923,0.0975343883037567,0,0,0,0,0,0
0.73,3.00015711784363,-0.851942718029022,-0.767776012420654,-4.86568455674704e-05,7.3835749702029e-05,-9.28016979878716e-05,-0.0735076367855072,-0.104365408420563,0.0973765924572945,0,0,0,0,0,0
0.7325,3.00015687942505,-0.851942479610443,-0.767776250839233,-3.08364743079533e-05,7.03215149088925e-05,-7.46044047869816e-05,-0.073536179959774,-0.105220526456833,0.0966931581497192,0,0,0,0,0,0
0.735,3.00015687942505,-0.851942360401154,-0.767776429653168,-0.000222252812818624,-1.48368962982204e-05,9.76208248175681e-05,-0.0725792348384857,-0.106564320623875,0.0962310954928398,0,0,0,0,0,0
0.7375,3.00015616416931,-0.851942479610443,-0.76777595281601,-0.000324731925502419,-5.31597288500052e-05,0.000218561035580933,-0.049315333366394,-0.101664453744888,-0.0445228442549706,0,0,0,0,0,0
0.74,3.000155210495,-0.851942658424377,-0.767775237560272,-0.000481704424601048,-8.37797197164036e-05,0.000310516683384776,-0.0461299084126949,-0.102060697972775,-0.043563224375248,0,0,0,0,0,0
0.7425,3.00015377998352,-0.851942896842957,-0.767774343490601,-0.000607308349572122,-0.000112305075163022,0.000385812832973897,-0.0434586815536022,-0.101890675723553,-0.0435041859745979,0,0,0,0,0,0
0.745,3.00015211105347,-0.85194319486618,-0.767773330211639,-0.000789761252235621,-0.000122911806101911,0.000487196753965691,-0.042032279074192,-0.10189500451088,-0.0446270480751991,0,0,0,0,0,0
0.7475,3.00014996528625,-0.851943552494049,-0.76777195930481,-0.00096826913068071,-9.35782591113821e-05,0.000557147548533976,0.00861384626477957,-0.0636445879936218,-0.196804121136665,0,0,0,0,0,0
0.75,3.00014734268188,-0.851943731307983,-0.76777046918869,-0.00112535478547215,-8.29917553346604e-05,0.000641296152025461,0.00878717284649611,-0.0646945387125015,-0.198172509670258,0,0,0,0,0,0
0.7525,3.00014424324036,-0.851943910121918,-0.767768800258636,-0.00129337317775935,-8.71151860337704e-05,0.000717653252650052,0.00896478351205587,-0.066071592271328,-0.198323637247086,0,0,0,0,0,0
0.755,3.00014090538025,-0.851944088935852,-0.767766892910004,-0.00142953172326088,-0.000102568294096272,0.000767590012401342,0.00927659124135971,-0.0671378672122955,-0.198114186525345,0,0,0,0,0,0
0.7575,3.00013732910156,-0.851944327354431,-0.767764925956726,-0.00155781884677708,-9.03591426322237e-05,0.000866573071107268,0.0689176023006439,-0.0529010966420174,-0.382956683635712,0,0,0,0,0,0
0.76,3.00013303756714,-0.85194456577301,-0.76776260137558,-0.000290644540728833,-1.56373312788407e-05,0.000184109614067741,0.070039726793766,-0.0526906996965408,-0.383425325155258,0,0,0,0,0,0
0.7625,3.00013375282288,-0.851944506168365,-0.767762959003448,-0.000203298642861,-8.7924419542853e-06,0.000125638180977325,0.0708133205771446,-0.052188578993082,-0.38352170586586,0,0,0,0,0,0
0.765,3.0001335144043,-0.85194456577301,-0.767762720584869,-0.00015623326163618,-4.77272742682878e-06,0.000110718985262949,0.0711412131786346,-0.0517529658973217,-0.383013874292374,0,0,0,0,0,0
0.7675,3.00013327598572,-0.85194456577301,-0.76776248216629,-0.00015760663555418,9.16601228258966e-06,0.000108319183009655,0.111641712486744,-0.0233922507613897,-0.511697471141815,0,0,0,0,0,0
0.77,3.00013303756714,-0.851944506168365,-0.767762184143066,-0.000119031613558244,-2.8413916155966e-06,9.64436742393438e-05,0.111775927245617,-0.0221992842853069,-0.511480033397675,0,0,0,0,0,0
0.7725,3.0001266002655,-0.85194855928421,-0.767759740352631,-0.000109565538878087,7.11136817699298e-06,0.000110579036117997,0.111235700547695,-0.0213766843080521,-0.512001097202301,0,0,0,0,0,0
0.775,3.00012636184692,-0.85194855928421,-0.767759442329407,-9.38472918759618e-05,2.92275688226344e-05,9.29427171768013e-05,0.110405281186104,-0.0211566183716059,-0.512785375118256,0,0,0,0,0,0
0.7775,3.00012636184692,-0.851948440074921,-0.767759203910828,-7.71223531167633e-05,3.24818170794976e-05,0.000111632019810661,0.179427906870842,-0.0108838640153408,-0.515500426292419,0,0,0,0,0,0
0.78,3.00012612342834,-0.851948380470276,-0.767758905887604,-6.82866010428317e-05,1.38961624445164e-05,0.000116521574260105,0.179506182670593,-0.0103849899023771,-0.516090393066406,0,0,0,0,0,0
0.7825,3.00012588500977,-0.851948380470276,-0.76775860786438,-6.25995547281655e-05,4.99920873085711e-06,0.000116871243375661,0.180146619677544,-0.0102546513080597,-0.516848683357239,0,0,0,0,0,0
0.785,3.00012564659119,-0.851948380470276,-0.767758309841156,-7.42842889168768e-05,-1.72035764972137e-05,9.39173375017085e-05,0.181087538599968,-0.0107342042028904,-0.517335116863251,0,0,0,0,0,0
0.7875,3.00012540817261,-0.851948440074921,-0.767758071422577,-7.8392295474676e-05,-1.54696881009212e-05,0.000112132904741317,0.250467211008072,0.00539374863728881,-0.44271844625473,0,0,0,0,0,0
0.79,3.00012516975403,-0.851948499679565,-0.767757773399353,-9.08752938985945e-05,-5.97564826582987e-05,9.3980194450774e-05,0.251311510801315,0.00524767767637968,-0.442680954933167,0,0,0,0,0,0
0.7925,3.00012493133545,-0.851948738098145,-0.767757534980774,-9.83280463540979e-05,-6.73857566436708e-05,7.84816184388442e-05,0.252391368150711,0.00499575166031718,-0.441770523786545,0,0,0,0,0,0
0.795,3.00012445449829,-0.851948916912079,-0.76775735616684,-8.83808342635208e-05,-0.000101042512550048,5.6667626145919e-05,0.253038048744202,0.00456896936520934,-0.440324425697327,0,0,0,0,0,0
0.7975,3.00012445449829,-0.851949214935303,-0.76775723695755,-6.46305347798846e-05,-9.19456915333132e-05,5.26759430732851e-05,0.269656002521515,-0.0186768248677254,-0.324944019317627,0,0,0,0,0,0
0.8,3.00012421607971,-0.851949453353882,-0.76775711774826,-9.83620995681321e-05,-7.32139670056152e-05,3.418058641314e-05,0.26984903216362,-0.0190172381699085,-0.325063735246658,0,0,0,0,0,0
0.8025,3.00012373924255,-0.851949632167816,-0.767757058143616,-8.26200083093705e-05,-8.08279586676522e-05,4.93638440315154e-05,0.270137995481491,-0.0195504389703274,-0.326006650924683,0,0,0,0,0,0
0.805,3.00012373924255,-0.85194981098175,-0.767756938934326,-9.57036539557183e-05,-8.11333111720227e-05,5.27646703763101e-05,0.270545542240143,-0.0200571548193693,-0.326907992362976,0,0,0,0,0,0
0.8075,3.0001232624054,-0.851949989795685,-0.767756819725037,-9.08985037253812e-05,-6.99761177656058e-05,6.43643384052794e-05,0.315708935260773,-0.0411012209951878,-0.181102067232132,0,0,0,0,0,0
0.81,3.0001232624054,-0.851950109004974,-0.767756640911102,-9.59714461693967e-05,-8.16638269643996e-05,5.54907985498771e-05,0.316681832075119,-0.0411450751125813,-0.180162042379379,0,0,0,0,0,0
0.8125,3.00012278556824,-0.851950347423553,-0.767756521701813,-9.11854426139353e-05,-0.000113012562031952,6.96795596762995e-05,0.317687958478928,-0.0412723533809185,-0.179363697767258,0,0,0,0,0,0
0.815,3.00012278556824,-0.851950645446777,-0.767756342887878,-9.20744065456412e-05,-0.000123092957009445,6.76151954890674e-05,0.318707019090652,-0.0408992618322372,-0.179509773850441,0,0,0,0,0,0
0.8175,3.00012254714966,-0.851951003074646,-0.767756164073944,-0.000103666760770128,-0.000133995958390515,7.42808045717359e-05,0.338236033916473,-0.0264969412237406,-0.0718784332275391,0,0,0,0,0,0
0.82,3.0001220703125,-0.85195130109787,-0.767755925655365,-0.000114506153051641,-0.000166429783065249,7.42524946954291e-05,0.33929654955864,-0.0250579155981541,-0.0726821795105934,0,0,0,0,0,0
0.8225,3.00012183189392,-0.851951718330383,-0.767755746841431,-0.000102042151134356,-0.000158566972945339,4.93660706662258e-05,0.340082317590714,-0.0240488965064287,-0.0727876648306847,0,0,0,0,0,0
0.825,3.00012159347534,-0.851952135562897,-0.767755687236786,-0.00010712440166784,-0.000170534548515225,5.1589880466673e-05,0.340844571590424,-0.0238216035068035,-0.0728174448013306,0,0,0,0,0,0
0.8275,3.00012135505676,-0.851952612400055,-0.767755568027496,-0.000109696559875271,-0.000183419273073056,3.04410024484595e-05,0.306920886039734,-0.0015831800410524,0.0558923743665218,0,0,0,0,0,0
0.83,3.00012111663818,-0.851953089237213,-0.767755508422852,-0.000112935567554592,-0.000148213263001209,1.40190744412499e-05,0.307004541158676,-0.00126365351025015,0.0556064546108246,0,0,0,0,0,0
0.8325,3.0001208782196,-0.851953387260437,-0.767755508422852,-0.000125308092088704,-0.000152035766536863,8.74298981534705e-06,0.307058721780777,-0.000581467524170876,0.0555327050387859,0,0,0,0,0,0
0.835,3.00012063980103,-0.85195380449295,-0.767755448818207,-0.000130183327968391,-0.00014831108957665,-6.81865667028176e-06,0.307449728250504,0.000662022037431598,0.0561547800898552,0,0,0,0,0,0
0.8375,3.00012040138245,-0.851954162120819,-0.767755448818207,-0.0001116375016503,-0.000157471244995413,3.04169433899931e-06,0.226488009095192,-0.0143719874322414,0.201111853122711,0,0,0,0,0,0
0.84,3.00012016296387,-0.851954579353333,-0.767755448818207,-0.000108118584286787,-0.000104200101393782,-1.13993608897696e-05,0.226044952869415,-0.0129619482904673,0.201928421854973,0,0,0,0,0,0
0.8425,3.00011992454529,-0.851954817771912,-0.767755508422852,-8.07501581229829e-05,-0.000102563648795196,8.11641217059486e-06,0.225310415029526,-0.0119883315637708,0.202016100287437,0,0,0,0,0,0
0.845,3.00011992454529,-0.851955056190491,-0.767755448818207,-0.000105846200363349,-8.0866569825628e-05,-8.3943687588495e-06,0.224458083510399,-0.011788496747613,0.20177398622036,0,0,0,0,0,0
0.8475,3.00013971328735,-0.851940393447876,-0.767763197422028,-9.12514660740271e-05,-9.31175090954639e-05,-1.38131972562405e-05,0.159181371331215,-0.0352487862110138,0.281531721353531,0,0,0,0,0,0
0.85,3.00013971328735,-0.851940631866455,-0.767763257026672,-0.000121317521011655,-9.00805859103881e-05,-4.5561816813072e-05,0.159476593136787,-0.0349065326154232,0.281479448080063,0,0,0,0,0,0
0.8525,3.0001392364502,-0.851940870285034,-0.767763435840607,-0.000113491631642688,-5.29363784505006e-05,-9.01477314037492e-05,0.160487323999405,-0.0340450815856457,0.281455010175705,0,0,0,0,0,0
0.855,3.00013899803162,-0.851940929889679,-0.767763733863831,-0.000120995662226086,-3.63575031348755e-05,-9.37215995875945e-05,0.161179855465889,-0.0329739116132259,0.281538665294647,0,0,0,0,0,0
0.8575,3.00013875961304,-0.851940989494324,-0.76776397228241,-9.80450415361658e-05,-3.4426793783667e-05,-6.53543053596367e-05,0.126703634858131,-0.0633788034319878,0.252738237380981,0,0,0,0,0,0
0.86,3.00013852119446,-0.851941049098969,-0.767764091491699,-0.000123435203288007,-2.31432201382752e-05,-7.89250307344553e-05,0.127380773425102,-0.0625257343053818,0.252170473337173,0,0,0,0,0,0
0.8625,3.00013828277588,-0.851941049098969,-0.767764329910278,-0.000128835803220106,-1.96718687649982e-05,-8.12186184470254e-05,0.127756997942924,-0.0620698183774948,0.251802086830139,0,0,0,0,0,0
0.865,3.0001380443573,-0.851941108703613,-0.767764508724213,-0.000149888605930408,-2.35049338700207e-05,-8.92926972275333e-05,0.127781838178635,-0.0620942190289497,0.252060234546661,0,0,0,0,0,0
0.8675,3.00013780593872,-0.851941168308258,-0.767764747142792,-0.000143555214608253,-8.3916948442903e-06,-8.16679716661243e-05,0.138599276542664,-0.102653741836548,0.35902726650238,0,0,0,0,0,0
0.87,3.00013756752014,-0.851941227912903,-0.767764925956726,-0.000146783675330617,-5.34291039765514e-06,-0.000108325655629013,0.138352796435356,-0.10279381275177,0.359603554010391,0,0,0,0,0,0
0.8725,3.00015020370483,-0.85193145275116,-0.767769515514374,-0.000149482599226758,-1.60151848831447e-05,-0.000117585477710236,0.138370916247368,-0.103242352604866,0.359508126974106,0,0,0,0,0,0
0.875,3.00014996528625,-0.851931512355804,-0.767769813537598,-0.000131882660355409,1.14530188954645e-05,-0.000119671848121717,0.139032080769539,-0.103740036487579,0.358652204275131,0,0,0,0,0,0
0.8775,3.00014972686768,-0.85193145275116,-0.767770171165466,-0.000123385406979302,1.99005331019679e-06,-0.000125996263316154,0.135920092463493,-0.13736417889595,0.570456624031067,0,0,0,0,0,0
0.88,3.0001494884491,-0.85193145275116,-0.76777046918869,-0.000154249392011995,1.93477836462763e-05,-0.000105447199991046,0.136197209358215,-0.137654632329941,0.570508897304535,0,0,0,0,0,0
0.8825,3.00014925003052,-0.851931393146515,-0.767770707607269,-0.000167381777256966,1.76857035758643e-05,-0.00012312295579137,0.136272266507149,-0.137375682592392,0.570813298225403,0,0,0,0,0,0
0.885,3.00014877319336,-0.85193133354187,-0.767771065235138,-0.000141422153867104,2.93313382427306e-05,-0.000112145022474488,0.136579483747482,-0.136673152446747,0.571108639240265,0,0,0,0,0,0
0.8875,3.00014853477478,-0.851931214332581,-0.767771303653717,-0.000153279476973494,4.06534990951699e-05,-0.000115697868042564,0.164077073335648,-0.119488999247551,0.707312226295471,0,0,0,0,0,0
0.89,3.0001482963562,-0.851931095123291,-0.767771601676941,-0.00013949428433497,2.76234621546447e-05,-0.000105339475959067,0.165141880512238,-0.118257015943527,0.707781136035919,0,0,0,0,0,0
0.8925,3.00014805793762,-0.851931035518646,-0.767771899700165,-0.000139879467441884,3.1844333032999e-05,-8.6336230314382e-05,0.166376397013664,-0.117127567529678,0.707360625267029,0,0,0,0,0,0
0.895,3.00014781951904,-0.851930975914001,-0.767772078514099,-0.000116188790394456,8.64803347450255e-06,-9.21556716142045e-05,0.167613193392754,-0.116543173789978,0.706388056278229,0,0,0,0,0,0
0.8975,3.00014209747314,-0.851934373378754,-0.767770051956177,-0.000134174042614177,2.88331029878464e-05,-7.30523170204833e-05,0.216338858008385,-0.0836153849959373,0.761718273162842,0,0,0,0,0,0
0.9,3.00014185905457,-0.851934254169464,-0.767770230770111,-0.000118282730188904,3.40006860160658e-05,-6.14807354673258e-05,0.217454865574837,-0.0831520110368729,0.761099755764008,0,0,0,0,0,0
0.9025,3.00014162063599,-0.851934194564819,-0.767770349979401,-0.000120121207729749,2.64954345355684e-05,-7.06299054055574e-05,0.218695357441902,-0.0826105773448944,0.761046946048737,0,0,0,0,0,0
0.905,3.00014138221741,-0.851934134960175,-0.767770528793335,-9.0947970467371e-05,2.97358810433015e-05,-9.05211544223079e-05,0.219799220561981,-0.0820449367165565,0.760953843593597,0,0,0,0,0,0
0.9075,3.00014138221741,-0.85193407535553,-0.767770826816559,-0.000113265113399151,4.96081250556029e-05,-0.0001034688073397,0.23236495256424,-0.0451558455824852,0.939985454082489,0,0,0,0,0,0
0.91,3.00014090538025,-0.85193395614624,-0.767771124839783,-8.78546369727303e-05,4.75289761394017e-05,-0.000105263752477943,0.232562854886055,-0.0445698834955692,0.939904391765594,0,0,0,0,0,0
0.9125,3.00014090538025,-0.851933836936951,-0.767771422863007,-6.44782972276491e-05,5.87090272380792e-05,-0.000107090023053316,0.233096167445183,-0.0442021191120148,0.940434753894806,0,0,0,0,0,0
0.915,3.00014066696167,-0.851933658123016,-0.76777172088623,-6.94467877913556e-05,7.05943929513504e-05,-0.000115835643156091,0.23400142788887,-0.0445395521819592,0.941145241260529,0,0,0,0,0,0
0.9175,3.00014042854309,-0.851933479309082,-0.767772018909454,-7.5510266558994e-05,7.33244764039001e-05,-0.000124958529205122,0.255606263875961,-0.00858184415847063,1.19530856609344,0,0,0,0,0,0
0.92,3.00014019012451,-0.851933240890503,-0.767772376537323,-7.55027026150745e-05,6.67869845743721e-05,-0.000110658826652761,0.257551044225693,-0.00850683357566595,1.19520533084869,0,0,0,0,0,0
0.9225,3.00013184547424,-0.851938605308533,-0.767769932746887,-6.07149122515693e-05,4.8694168071961e-05,-9.41731123020872e-05,0.260044485330582,-0.00813291594386101,1.19475543498993,0,0,0,0,0,0
0.925,3.00013160705566,-0.851938486099243,-0.767770171165466,-7.86345225452938e-05,5.14757601000092e-05,-0.00010335961771958,0.262450665235519,-0.00765968719497323,1.19440174102783,0,0,0,0,0,0
0.9275,3.00013136863708,-0.851938366889954,-0.76777046918869,-6.7183321482594e-05,3.05855802738691e-05,-8.50324828776728e-05,0.285233855247498,0.0344052985310555,1.28315412998199,0,0,0,0,0,0
0.93,3.00013113021851,-0.851938307285309,-0.767770648002625,-6.58856557460148e-05,1.71465685083631e-05,-5.89321568916562e-05,0.286916732788086,0.0347869582474232,1.28289198875427,0,0,0,0,0,0
0.9325,3.00013089179993,-0.851938307285309,-0.767770767211914,-7.50642909803267e-05,1.74439256044559e-05,-6.24643085950033e-05,0.287910580635071,0.034543115645647,1.28257811069489,0,0,0,0,0,0
0.935,3.00013065338135,-0.851938247680664,-0.767770946025848,-5.09641573452591e-05,2.43616557236179e-05,-8.16481356481691e-05,0.288749128580093,0.0341458804905415,1.28237330913544,0,0,0,0,0,0
0.9375,3.00013041496277,-0.851938128471375,-0.767771184444427,-6.43356614572475e-05,2.55479805954e-05,-9.62556104569845e-05,0.27782815694809,0.0775946080684662,1.37638366222382,0,0,0,0,0,0
0.94,3.00013017654419,-0.85193806886673,-0.767771422863007,-4.98252387605474e-05,4.12983903677058e-05,-9.8980253727999e-05,0.278872519731522,0.0783744305372238,1.37592995166779,0,0,0,0,0,0
0.9425,3.00012993812561,-0.85193794965744,-0.767771661281586,-3.58575464751484e-05,4.96577391058256e-05,-0.000109489401603715,0.279884040355682,0.0790017545223236,1.37533462047577,0,0,0,0,0,0
0.945,3.00012969970703,-0.851937830448151,-0.76777195930481,-6.21304292839982e-05,3.8279218034118e-05,-0.000118748139595593,0.280823856592178,0.0793641805648804,1.37495422363281,0,0,0,0,0,0
0.9475,3.00012946128845,-0.851937770843506,-0.767772257328033,-3.83569528181735e-05,4.03415474412927e-05,-0.000102604184246053,0.262866348028183,0.0640778839588165,1.41016256809235,0,0,0,0,0,0
0.95,3.00012922286987,-0.851937651634216,-0.767772495746613,-2.492292752632e-05,2.09088614384865e-05,-9.7224254876621e-05,0.264323085546494,0.064849965274334,1.4101197719574,0,0,0,0,0,0
0.9525,3.00012922286987,-0.851937651634216,-0.767772734165192,2.40687141514423e-06,1.44487521544353e-05,-7.60375059764167e-05,0.266532212495804,0.065479651093483,1.41007721424103,0,0,0,0,0,0
0.955,3.00012922286987,-0.851937592029572,-0.767772912979126,3.79945073608458e-06,1.48455852589589e-05,-8.88015102174938e-05,0.269406855106354,0.0657674223184586,1.41021108627319,0,0,0,0,0,0
0.9575,3.00012922286987,-0.851937532424927,-0.767773151397705,1.61319680827067e-05,3.11492442806915e-05,-8.18822555619633e-05,0.31457993388176,0.0438070371747017,1.31856143474579,0,0,0,0,0,0
0.96,3.00012922286987,-0.851937413215637,-0.767773330211639,-1.24201931160655e-05,4.59550252213216e-05,-7.62570794433036e-05,0.316140085458755,0.0439698770642281,1.31872999668121,0,0,0,0,0,0
0.9625,3.00012922286987,-0.851937294006348,-0.767773509025574,-1.82006894700131e-05,5.09264742723759e-05,-7.47350951939327e-05,0.316866338253021,0.0441197790205479,1.3183696269989,0,0,0,0,0,0
0.965,3.00012922286987,-0.851937174797058,-0.767773687839508,-2.09551356663828e-05,7.56361984571401e-05,-8.47586787803627e-05,0.317357271909714,0.0436648540198803,1.31756150722504,0,0,0,0,0,0
0.9675,3.00012922286987,-0.851936936378479,-0.767773866653442,-3.48487693473906e-06,5.91675751279289e-05,-8.16614888698225e-05,0.268414855003357,0.00285719241946936,1.36647999286652,0,0,0,0,0,0
0.97,3.00012922286987,-0.851936817169189,-0.767774045467377,-4.24462029494457e-05,0.000109821556302707,-4.3206823926673e-05,0.269069582223892,0.00241378229111433,1.36536586284637,0,0,0,0,0,0
0.9725,3.00012898445129,-0.851936459541321,-0.767774105072021,-3.65144092209504e-05,0.000105968634481144,-6.13985653283804e-05,0.270034790039062,0.00251016905531287,1.36494207382202,0,0,0,0,0,0
0.975,3.00012874603271,-0.851936161518097,-0.767774283885956,-3.88367737072541e-05,0.000115611278966515,-5.5721156524499e-05,0.270940244197845,0.00285354699008167,1.36505115032196,0,0,0,0,0,0
0.9775,3.00012850761414,-0.851935863494873,-0.76777446269989,-4.61773585723879e-05,0.000129857682967651,-6.88745047802776e-05,0.242735341191292,-0.0185328479856253,1.45468175411224,0,0,0,0,0,0
0.98,3.00012826919556,-0.851935505867004,-0.767774641513824,-7.16834957132947e-05,0.000116361168043713,-4.18961274138933e-05,0.243726253509521,-0.017236016690731,1.45379996299744,0,0,0,0,0,0
0.9825,3.00012803077698,-0.851935267448425,-0.767774760723114,-8.00112308023669e-05,0.000132883524241167,-1.04529197371875e-05,0.244499191641808,-0.0157380271703005,1.45267057418823,0,0,0,0,0,0
0.985,3.0001277923584,-0.851934909820557,-0.767774760723114,-8.85472491687292e-05,0.000149550503564783,-2.47794806816744e-05,0.245320677757263,-0.0148245859891176,1.45157086849213,0,0,0,0,0,0
0.9875,3.00012755393982,-0.851934552192688,-0.767774879932404,-8.51521174684421e-05,0.000171503398311599,-1.53321212113318e-05,0.238014698028564,-0.0283896345645189,1.45715796947479,0,0,0,0,0,0
0.99,3.00012731552124,-0.85193407535553,-0.767774879932404,-0.000124040276455289,0.000180663203108994,-2.68368374254382e-05,0.238719299435616,-0.0278782919049263,1.45599150657654,0,0,0,0,0,0
0.9925,3.00012683868408,-0.851933658123016,-0.767774999141693,-0.000116900230973271,0.000191217842257686,-3.25050230369504e-05,0.24013464152813,-0.0273477472364902,1.45560836791992,0,0,0,0,0,0
0.995,3.0001266002655,-0.851933181285858,-0.767775058746338,-0.000122576730119065,0.00019584636616654,-1.94788541433729e-05,0.242449954152107,-0.0275130420923233,1.45575559139252,0,0,0,0,0,0
0.9975,3.00012636184692,-0.8519327044487,-0.767775058746338,-0.00011101954103215,0.000210827683190615,-2.02869042390388e-05,0.208477199077606,-0.0422741919755936,1.42463803291321,0,0,0,0,0,0
1,3.00012612342834,-0.851932168006897,-0.767775118350983,-0.000113587427190395,0.000228369367282527,-4.96606090336416e-07,0.210220232605934,-0.0421392656862736,1.4248583316803,0,0,0,0,0,0
1.0025,3.00012588500977,-0.851931571960449,-0.767775118350983,-9.45417201841026e-05,0.000203071606210186,4.47805373688061e-06,0.211138814687729,-0.0409417822957039,1.42523813247681,0,0,0,0,0,0
1.005,3.00012588500977,-0.851931095123291,-0.767775118350983,-0.000112464857991942,0.000187819263075778,2.65611592411933e-05,0.211803510785103,-0.0392454043030739,1.42545008659363,0,0,0,0,0,0
1.0075,3.00012540817261,-0.851930618286133,-0.767774999141693,-0.000125834901494428,0.000195126146077124,3.74493383516587e-05,0.145406931638718,-0.032547652721405,1.41257894039154,0,0,0,0,0,0
1.01,3.00012516975403,-0.851930141448975,-0.767774939537048,-0.000127607778791169,0.000201912193311294,2.65583591775273e-05,0.146367147564888,-0.0310321319848299,1.41212737560272,0,0,0,0,0,0
1.0125,3.00012493133545,-0.851929605007172,-0.767774879932404,-0.000121691392637244,0.000199745137546918,2.01682678775295e-05,0.147598028182983,-0.029492637142539,1.41197097301483,0,0,0,0,0,0
1.015,3.00012469291687,-0.851929068565369,-0.767774879932404,-0.000116710216937662,0.00019642323472023,1.86936326888063e-05,0.148733615875244,-0.0284067839384079,1.41126036643982,0,0,0,0,0,0
1.0175,3.00012445449829,-0.85192859172821,-0.767774820327759,-0.000101566116988442,0.00018928805303298,-7.95756916417702e-06,0.0927746817469597,-0.0339220650494099,1.34420382976532,0,0,0,0,0,0
1.02,3.00012421607971,-0.851928114891052,-0.767774879932404,-9.43867914426873e-05,0.000217465576722222,-2.26768719983077e-06,0.0940000042319298,-0.0339321158826351,1.34353744983673,0,0,0,0,0,0
1.0225,3.00012469291687,-0.851926982402802,-0.767776012420654,-7.80044429120608e-05,0.000217949083889835,-2.12203673299882e-07,0.0952254086732864,-0.0337141938507557,1.34358024597168,0,0,0,0,0,0
1.025,3.00012445449829,-0.851926445960999,-0.767776012420654,-7.4623217488328e-05,0.000239525289205852,1.72764888908731e-05,0.0959721133112907,-0.0333070270717144,1.34380531311035,0,0,0,0,0,0
1.0275,3.00012421607971,-0.851925849914551,-0.76777595281601,-4.90069710345692e-05,0.000221554104578483,3.90003732516844e-05,0.0630206614732742,-0.071078322827816,1.3551059961319,0,0,0,0,0,0
1.03,3.00012397766113,-0.851925313472748,-0.76777583360672,-7.29504438939828e-05,0.000249909700769643,3.01099313376561e-05,0.0636813789606094,-0.0710260421037674,1.35571527481079,0,0,0,0,0,0
1.0325,3.00012373924255,-0.851924657821655,-0.767775774002075,-9.73591051742207e-05,0.000276712668077789,2.76342203800451e-05,0.0648736283183098,-0.0711203888058662,1.35649740695953,0,0,0,0,0,0
1.035,3.0001232624054,-0.851923942565918,-0.76777571439743,-0.000100337986104166,0.000260934666111018,7.39362190525663e-06,0.0661547482013702,-0.0705108940601349,1.35709798336029,0,0,0,0,0,0
1.0375,3.00012302398682,-0.85192334651947,-0.767775774002075,-9.53568699825372e-05,0.000280153935825334,-5.3511573027906e-06,0.0639810413122177,-0.0890042036771774,1.35376250743866,0,0,0,0,0,0
1.04,3.00012302398682,-0.851922571659088,-0.767775774002075,-9.97190379518373e-05,0.000277017471149973,-3.25473780967745e-05,0.064865916967392,-0.0877063572406769,1.35411942005157,0,0,0,0,0,0
1.0425,3.00012254714966,-0.851921916007996,-0.767775893211365,-0.000108709286002505,0.000284275396494579,-1.37202535118023e-05,0.066267117857933,-0.0865992903709412,1.35448181629181,0,0,0,0,0,0
1.045,3.00012230873108,-0.851921200752258,-0.767775893211365,-0.00011876671707395,0.000283579620771229,-1.41817939350633e-05,0.0682463869452477,-0.0856635048985481,1.35449171066284,0,0,0,0,0,0
1.0475,3.00014758110046,-0.851901531219482,-0.76778644323349,-0.000120313605293632,0.000303863547742367,-1.79811613634229e-05,0.109241142868996,-0.0932021215558052,1.35428404808044,0,0,0,0,0,0
1.05,3.00014734268188,-0.8519007563591,-0.767786502838135,-0.000129020626586916,0.000295292249322962,-9.58692005866073e-07,0.110673889517784,-0.0917476117610931,1.35438883304596,0,0,0,0,0,0
1.0525,3.00014710426331,-0.851899981498718,-0.767786502838135,-0.000144846857259199,0.0003010277127142,-2.75588147133676e-05,0.111721575260162,-0.0906446576118469,1.35475313663483,0,0,0,0,0,0
1.055,3.00014686584473,-0.851899206638336,-0.767786622047424,-0.000139684808339582,0.000304464131862174,-3.47971273137763e-05,0.112316727638245,-0.0903591066598892,1.3553603887558,0,0,0,0,0,0
1.0575,3.00014662742615,-0.851898431777954,-0.767786681652069,-0.00014090088230037,0.000283105048940713,-5.92112618399703e-05,0.0681987777352333,-0.092581070959568,1.31644308567047,0,0,0,0,0,0
1.06,3.00014638900757,-0.851897716522217,-0.767786860466003,-0.000130953740973382,0.000305370913211373,-5.2839453384453e-05,0.0695343986153603,-0.0929142981767654,1.31606101989746,0,0,0,0,0,0
1.0625,3.00014615058899,-0.851896941661835,-0.767786979675293,-0.000126068095986653,0.000310451569472589,-6.85317382969152e-05,0.07127445936203,-0.0935094878077507,1.31453251838684,0,0,0,0,0,0
1.065,3.00014591217041,-0.851896107196808,-0.767787158489227,-0.000103928953148847,0.000315775233530805,-5.2628793470124e-05,0.0732818096876144,-0.0939871296286583,1.31268966197968,0,0,0,0,0,0
1.0675,3.00014567375183,-0.851895332336426,-0.767787277698517,-9.69098880348415e-05,0.000309655679893512,-5.75044719705273e-05,0.0853906124830246,-0.0914586186408997,1.27107012271881,0,0,0,0,0,0
1.07,3.00014543533325,-0.851894617080688,-0.767787456512451,-8.25817338668477e-05,0.000294614846207558,-4.63752597287713e-05,0.0875660181045532,-0.0903240367770195,1.27055442333221,0,0,0,0,0,0
1.0725,3.00014185905457,-0.851896941661835,-0.767788052558899,-6.95303606335074e-05,0.000286456168396398,-3.53223658748902e-05,0.0894284769892693,-0.0887804180383682,1.2705682516098,0,0,0,0,0,0
1.075,3.00014162063599,-0.851896226406097,-0.767788112163544,-6.89748818016685e-05,0.000294264588806597,-3.17102533086559e-05,0.0909129604697227,-0.0873758271336555,1.27101933956146,0,0,0,0,0,0
1.0775,3.00014138221741,-0.851895451545715,-0.767788171768188,-6.42073730880803e-05,0.000291652155791185,-2.02253620171428e-05,0.102475248277187,-0.0865935534238815,1.18766820430756,0,0,0,0,0,0
1.08,3.00014114379883,-0.851894736289978,-0.767788171768188,-5.98840946672581e-05,0.000293779857656561,-1.90763458778011e-05,0.103976711630821,-0.0850117653608322,1.18731880187988,0,0,0,0,0,0
1.0825,3.00014090538025,-0.851894021034241,-0.767788231372833,-5.68274134531206e-05,0.00029490299376332,3.88510817446787e-06,0.10589125752449,-0.083590142428875,1.18600118160248,0,0,0,0,0,0
1.085,3.00014066696167,-0.851893246173859,-0.767788231372833,-7.73928873506929e-05,0.000280823328682043,1.2435714175859e-05,0.107532508671284,-0.0828535407781601,1.18425381183624,0,0,0,0,0,0
1.0875,3.00014042854309,-0.851892530918121,-0.767788171768188,-9.21949847404004e-05,0.00029526703905916,2.56807359580744e-05,0.120318025350571,-0.0695378854870796,1.08698678016663,0,0,0,0,0,0
1.09,3.00014019012451,-0.851891756057739,-0.767788052558899,-0.000103366085629763,0.000291756025738031,2.94894504179939e-05,0.121675871312618,-0.0696311593055725,1.08583152294159,0,0,0,0,0,0
1.0925,3.00013971328735,-0.851891040802002,-0.767787992954254,-0.000119366395675993,0.000292655223782704,2.67613777813337e-05,0.123567782342434,-0.0692920237779617,1.08499085903168,0,0,0,0,0,0
1.095,3.00013947486877,-0.851890325546265,-0.767787933349609,-9.84364578720203e-05,0.000283898910777695,4.02164471234751e-05,0.125129505991936,-0.0689816549420357,1.08459639549255,0,0,0,0,0,0
1.0975,3.0001528263092,-0.851879417896271,-0.767793476581573,-9.58203454501927e-05,0.000287050876067951,5.44620925211348e-05,0.146121770143509,-0.0580840557813644,1.06137692928314,0,0,0,0,0,0
1.1,3.00015258789062,-0.851878702640533,-0.767793357372284,-8.62208027885731e-05,0.000248378674763548,4.70033893066032e-05,0.146260634064674,-0.0579895339906216,1.06088387966156,0,0,0,0,0,0
1.1025,3.00015258789062,-0.851878106594086,-0.767793238162994,-7.38950675180072e-05,0.00025667791578216,3.68846749255524e-05,0.146142229437828,-0.0571108423173428,1.06027722358704,0,0,0,0,0,0
1.105,3.00015234947205,-0.851877450942993,-0.76779317855835,-8.81255505724645e-05,0.000258097795702129,4.39671910340408e-05,0.146682515740395,-0.0557450577616692,1.05956900119781,0,0,0,0,0,0
1.1075,3.00015211105347,-0.851876795291901,-0.76779305934906,-6.97356368420613e-05,0.000235434760667229,3.19852353848695e-05,0.138103559613228,-0.0779142901301384,1.07728826999664,0,0,0,0,0,0
1.11,3.00015187263489,-0.851876199245453,-0.767792999744415,-9.28703114166638e-05,0.000224338511981191,6.17860661830133e-05,0.140366345643997,-0.0769129917025566,1.07687819004059,0,0,0,0,0,0
1.1125,3.00015163421631,-0.85187566280365,-0.767792820930481,-8.18699566234598e-05,0.000230261209800217,3.98921267177214e-05,0.142332807183266,-0.0759659931063652,1.07725739479065,0,0,0,0,0,0
1.115,3.00015139579773,-0.851875126361847,-0.767792701721191,-7.7401101794954e-05,0.000234923832872876,3.87878477193413e-05,0.143515765666962,-0.0752249509096146,1.07751309871674,0,0,0,0,0,0
1.1175,3.00015115737915,-0.851874530315399,-0.767792642116547,-6.372537636901e-05,0.000224962372974226,7.04019289857307e-06,0.16638220846653,-0.107844769954681,1.05176651477814,0,0,0,0,0,0
1.12,3.00015091896057,-0.851873993873596,-0.767792701721191,-6.52237042041006e-05,0.000210730587868913,6.10357779541345e-06,0.167514503002167,-0.106380827724934,1.05014777183533,0,0,0,0,0,0
1.1225,3.00015068054199,-0.851873517036438,-0.767792701721191,-7.00151923445238e-05,0.000223236572159204,-1.11580189959957e-05,0.169254675507545,-0.104359470307827,1.04801309108734,0,0,0,0,0,0
1.125,3.00015044212341,-0.85187292098999,-0.767792761325836,-7.72530851303981e-05,0.000220716224201004,-1.50805062669025e-05,0.171554565429688,-0.101949766278267,1.04610157012939,0,0,0,0,0,0
1.1275,3.00015020370483,-0.851872384548187,-0.767792820930481,-7.61318872662628e-05,0.000237002343115621,-2.0456184153396e-05,0.248910799622536,-0.113447763025761,1.08953166007996,0,0,0,0,0,0
1.13,3.00014996528625,-0.85187178850174,-0.767792880535126,-0.000107539635068787,0.000238815452313496,-9.39414467331745e-06,0.250470727682114,-0.112021841108799,1.0892608165741,0,0,0,0,0,0
1.1325,3.0001494884491,-0.851871192455292,-0.767792940139771,-0.00011928460819715,0.000234203892926565,-2.18451619636646e-05,0.252160906791687,-0.11134510487318,1.0897730588913,0,0,0,0,0,0
1.135,3.00014925003052,-0.851870596408844,-0.767792999744415,-0.000113408893616315,0.000276648111924535,-1.52495065890996e-05,0.254312813282013,-0.1109614148736,1.09030914306641,0,0,0,0,0,0
1.1375,3.00014901161194,-0.851869881153107,-0.76779305934906,-0.000132330422084561,0.000287976030195851,-2.43354614383175e-06,0.305314689874649,-0.0894473940134048,1.12362003326416,0,0,0,0,0,0
1.14,3.00014877319336,-0.851869165897369,-0.76779305934906,-0.000127702689980365,0.000267203795435974,4.58035751737312e-06,0.306711047887802,-0.0899592190980911,1.12369811534882,0,0,0,0,0,0
1.1425,3.00014853477478,-0.851868510246277,-0.76779305934906,-0.000145152756820176,0.000268519779534389,1.18618794843287e-05,0.308184742927551,-0.0904229655861855,1.12271749973297,0,0,0,0,0,0
1.145,3.0001482963562,-0.851867854595184,-0.767792999744415,-0.000148500004300004,0.000268513038720919,-1.13888005684443e-06,0.310167342424393,-0.0903368294239044,1.12112307548523,0,0,0,0,0,0
1.1475,3.00014805793762,-0.851867198944092,-0.767792999744415,-0.000122107722824009,0.000258580658092584,-4.40645021853947e-06,0.377762198448181,-0.118883803486824,1.14682555198669,0,0,0,0,0,0
1.15,3.00014781951904,-0.851866602897644,-0.767792999744415,-0.000148015518811208,0.00023651429876088,-7.38977271717683e-06,0.378731995820999,-0.116996936500072,1.14692413806915,0,0,0,0,0,0
1.1525,3.00014758110046,-0.851866006851196,-0.767792999744415,-0.000124364673890961,0.000232725045693729,7.11088381885373e-07,0.379822105169296,-0.114746645092964,1.14727306365967,0,0,0,0,0,0
1.155,3.00014734268188,-0.851865410804749,-0.767792999744415,-0.00014140172115745,0.000232504106801817,1.32887169397357e-06,0.381113082170486,-0.113162852823734,1.14697980880737,0,0,0,0,0,0
1.1575,3.00014710426331,-0.851864814758301,-0.767792999744415,-0.000134384908216996,0.00022669972377933,8.08311202958934e-06,0.399442315101624,-0.144441306591034,1.0938264131546,0,0,0,0,0,0
1.16,3.00014686584473,-0.851864278316498,-0.767792940139771,-0.000166432563119766,0.000218013786321986,-1.10699533523141e-06,0.401830434799194,-0.144544094800949,1.09257423877716,0,0,0,0,0,0
1.1625,3.00014638900757,-0.851863741874695,-0.767792940139771,-0.000182008173850258,0.00021852590799363,-1.78382638534212e-05,0.404186189174652,-0.145119220018387,1.09123241901398,0,0,0,0,0,0
1.165,3.00014591217041,-0.851863205432892,-0.767792999744415,-0.000190694438451185,0.000222217559720407,-2.13886326870739e-05,0.405846327543259,-0.14538311958313,1.09025275707245,0,0,0,0,0,0
1.1675,3.00014543533325,-0.851862668991089,-0.76779305934906,-0.000182994355469382,0.000213410332271129,-3.98196368801021e-06,0.403987973928452,-0.175766929984093,1.12184011936188,0,0,0,0,0,0
1.17,3.00014495849609,-0.851862192153931,-0.76779305934906,-0.000191812417561818,0.000208932752892193,-8.7746582569944e-06,0.405026227235794,-0.174278482794762,1.12142360210419,0,0,0,0,0,0
1.1725,3.0001528263092,-0.851855218410492,-0.76779693365097,-0.000183950964128599,0.000198791938601062,-3.06728088617092e-06,0.406167685985565,-0.172459349036217,1.12058937549591,0,0,0,0,0,0
1.175,3.00015234947205,-0.851854681968689,-0.76779693365097,-0.000175326759202205,0.00021769479411929,-6.23635531838927e-06,0.407229393720627,-0.171442911028862,1.12024939060211,0,0,0,0,0,0
1.1775,3.00015187263489,-0.851854085922241,-0.76779693365097,-0.000182507206826813,0.000219908935849411,-3.86023219957735e-05,0.441569268703461,-0.151485547423363,1.10267269611359,0,0,0,0,0,0
1.18,3.00015139579773,-0.851853549480438,-0.76779705286026,-0.000160346678944888,0.00020714886789006,-4.67116969959991e-05,0.442696958780289,-0.150907605886459,1.10342419147491,0,0,0,0,0,0
1.1825,3.00015091896057,-0.85185307264328,-0.76779717206955,-0.000140916239471682,0.00019222872359346,-3.90428368663908e-05,0.443640440702438,-0.149896934628487,1.10432040691376,0,0,0,0,0,0
1.185,3.00015068054199,-0.851852595806122,-0.767797231674194,-0.00014974248971372,0.0001868172760131,-6.1651464145217e-05,0.444736033678055,-0.148865595459938,1.10548901557922,0,0,0,0,0,0
1.1875,3.00015044212341,-0.851852118968964,-0.767797410488129,-0.000126896121734816,0.000181029148730703,-7.70354973327103e-05,0.47206649184227,-0.177144721150398,1.17768108844757,0,0,0,0,0,0
1.19,3.00015020370483,-0.85185170173645,-0.767797648906708,-0.00015869418742282,0.000184942667199219,-9.67537565017194e-05,0.47403946518898,-0.176673948764801,1.17797529697418,0,0,0,0,0,0
1.1925,3.00014996528625,-0.851851224899292,-0.767797887325287,-0.000144532814256439,0.000167095403686973,-9.81541130040843e-05,0.475767463445663,-0.176672056317329,1.1778336763382,0,0,0,0,0,0
1.195,3.00014972686768,-0.851850807666779,-0.767798125743866,-0.000165908338443528,0.000171119874118807,-9.09961476616047e-05,0.47759997844696,-0.176995143294334,1.17778027057648,0,0,0,0,0,0
1.1975,3.00015425682068,-0.851845741271973,-0.767799854278564,-0.00016101029177662,0.000168381418916397,-9.63318307185546e-05,0.455738335847855,-0.199038863182068,1.2067197561264,0,0,0,0,0,0
1.2,3.00015377998352,-0.851845324039459,-0.767800092697144,-0.000177944585332732,0.000172003165255554,-8.13253479279425e-05,0.458900183439255,-0.198575481772423,1.20695436000824,0,0,0,0,0,0
1.2025,3.00015330314636,-0.851844906806946,-0.767800271511078,-0.000175093630133304,0.000182115177965545,-9.23754090407517e-05,0.462291210889816,-0.197501748800278,1.20719587802887,0,0,0,0,0,0
1.205,3.0001528263092,-0.851844489574432,-0.767800509929657,-0.000190170428170995,0.000169389707701802,-9.69521197704013e-05,0.465057224035263,-0.195921808481216,1.20732438564301,0,0,0,0,0,0
1.2075,3.00015234947205,-0.851844072341919,-0.767800748348236,-0.000172845217142843,0.000172616465526468,-9.01956348415245e-05,0.499523639678955,-0.229655995965004,1.20644164085388,0,0,0,0,0,0
1.21,3.00015187263489,-0.851843655109406,-0.767800986766815,-0.000180717180655419,0.000139812696406526,-5.78801641236204e-05,0.500191271305084,-0.22828534245491,1.20646989345551,0,0,0,0,0,0
1.2125,3.00015139579773,-0.851843357086182,-0.767801105976105,-0.000178527182450025,0.000133919684680297,-6.73226836237795e-05,0.501221776008606,-0.226702839136124,1.20630395412445,0,0,0,0,0,0
1.215,3.00015091896057,-0.851843059062958,-0.767801284790039,-0.000180762706085391,0.000143748926458153,-8.39393970729444e-05,0.503242254257202,-0.225301161408424,1.20589816570282,0,0,0,0,0,0
1.2175,3.00015044212341,-0.851842701435089,-0.767801523208618,-0.000173173368657136,0.000147610069812462,-5.90711200199598e-05,0.553079605102539,-0.251974254846573,1.25724148750305,0,0,0,0,0,0
1.22,3.00014996528625,-0.85184234380722,-0.767801642417908,-0.000194845978074983,0.000112580397563216,-3.76515129029522e-05,0.555719137191772,-0.25156170129776,1.25727581977844,0,0,0,0,0,0
1.2225,3.00017714500427,-0.851821482181549,-0.767812669277191,-0.000185219294507988,0.000101521356555168,-1.04777482192731e-05,0.559109926223755,-0.251570343971252,1.25727093219757,0,0,0,0,0,0
1.225,3.00017666816711,-0.85182124376297,-0.767812669277191,-0.000185210364077193,7.50861843919744e-05,-3.15163983666347e-05,0.563180506229401,-0.251217365264893,1.25667440891266,0,0,0,0,0,0
1.2275,3.00017619132996,-0.851821064949036,-0.767812788486481,-0.000193945884497996,7.83655202771055e-05,-3.26973231661232e-05,0.635770261287689,-0.24047714471817,1.32318592071533,0,0,0,0,0,0
1.23,3.0001757144928,-0.851820886135101,-0.767812848091125,-0.000184814174361575,6.77523676022878e-05,-5.49401508294847e-05,0.639033198356628,-0.239714622497559,1.32168972492218,0,0,0,0,0,0
1.2325,3.00017523765564,-0.851820766925812,-0.767812967300415,-0.000179077900776439,4.58731080131426e-05,-4.92712212922006e-05,0.641249358654022,-0.239201411604881,1.3205771446228,0,0,0,0,0,0
1.235,3.00017476081848,-0.851820647716522,-0.767813086509705,-0.000162825388004758,5.49190568140465e-05,-2.73771303996476e-05,0.642626225948334,-0.238495051860809,1.32011246681213,0,0,0,0,0,0
1.2375,3.00017428398132,-0.851820528507233,-0.767813146114349,-0.000171495942976145,4.64729541256122e-05,-1.51548689901086e-05,0.663880228996277,-0.195857524871826,1.25431275367737,0,0,0,0,0,0
1.24,3.00017380714417,-0.851820409297943,-0.767813146114349,-0.000158643359197677,4.94438296616482e-05,-2.51682012610042e-05,0.665994465351105,-0.194490939378738,1.25418901443481,0,0,0,0,0,0
1.2425,3.00017356872559,-0.851820290088654,-0.767813265323639,-0.000179558884200474,4.61539103131901e-05,9.10052620268797e-08,0.669085741043091,-0.193409889936447,1.25347435474396,0,0,0,0,0,0
1.245,3.00017309188843,-0.851820170879364,-0.767813205718994,-0.000315334415063262,7.61871197028086e-05,1.06767911347561e-05,0.671763062477112,-0.19236022233963,1.25237822532654,0,0,0,0,0,0
1.2475,3.00016593933105,-0.85182386636734,-0.767810881137848,-0.000419359857914969,8.61638618516736e-05,4.00620010623243e-05,0.677887380123138,-0.191588386893272,1.22434175014496,0,0,0,0,0,0
1.25,3.00016474723816,-0.851823687553406,-0.767810702323914,-0.000543438189197332,0.000122869576443918,2.20780893869232e-05,0.678775370121002,-0.190156102180481,1.22401344776154,0,0,0,0,0,0
1.2525,3.00016307830811,-0.851823329925537,-0.767810702323914,-0.000664223625790328,0.000127990599139594,-2.58750369539484e-05,0.680042862892151,-0.188260361552238,1.22419440746307,0,0,0,0,0,0
1.255,3.00016140937805,-0.851823031902313,-0.767810821533203,-0.000766101642511785,0.000170414845342748,-4.72850224468857e-05,0.682155549526215,-0.186073422431946,1.22415316104889,0,0,0,0,0,0
1.2575,3.00015926361084,-0.851822555065155,-0.767810940742493,-0.000856178696267307,0.00015756041102577,-4.97693399665877e-05,0.607781708240509,-0.192534103989601,1.17703449726105,0,0,0,0,0,0
1.26,3.00015711784363,-0.851822197437286,-0.767811059951782,-0.00097835180349648,0.000259018532233313,-3.4671484172577e-05,0.610032677650452,-0.190471515059471,1.1771342754364,0,0,0,0,0,0
1.2625,3.00015449523926,-0.851821422576904,-0.767811119556427,-0.00108637497760355,0.00030709701240994,-8.29095224617049e-05,0.611799836158752,-0.188488140702248,1.17732501029968,0,0,0,0,0,0
1.265,3.00015163421631,-0.851820588111877,-0.767811357975006,-0.00118599960114807,0.000395237933844328,-9.14270203793421e-05,0.613770723342896,-0.186617866158485,1.17697155475616,0,0,0,0,0,0
1.2675,3.00014853477478,-0.851819455623627,-0.767811596393585,-0.00123772444203496,0.000469459831947461,-0.000119012045615818,0.569524168968201,-0.224472776055336,1.13559126853943,0,0,0,0,0,0
1.27,3.00014543533325,-0.851818144321442,-0.767811894416809,-0.000242805071050395,9.68787733422201e-05,-2.67189558728303e-05,0.571730554103851,-0.224010646343231,1.13428556919098,0,0,0,0,0,0
1.2725,3.00012564659119,-0.851832926273346,-0.767804741859436,-0.000183488198672421,0.000103072779893409,-1.44754285429372e-05,0.57382869720459,-0.223040759563446,1.13298106193542,0,0,0,0,0,0
1.275,3.00012516975403,-0.851832687854767,-0.767804741859436,-0.000177654081695931,0.000104012971494047,-1.45872873529978e-05,0.575725138187408,-0.221173614263535,1.13212287425995,0,0,0,0,0,0
1.2775,3.00012469291687,-0.851832389831543,-0.767804801464081,-0.000200837587571711,0.00013774203575217,-3.43145087452454e-05,0.580418407917023,-0.203045085072517,1.16131782531738,0,0,0,0,0,0
1.28,3.00012421607971,-0.85183197259903,-0.76780492067337,-0.000206675054602113,0.000160193536441503,-2.62780176236849e-05,0.582804322242737,-0.200985133647919,1.16221940517426,0,0,0,0,0,0
1.2825,3.00012373924255,-0.851831555366516,-0.767804980278015,-0.000214062906054397,0.000146767705113679,-2.49301547478772e-05,0.585286736488342,-0.199005410075188,1.16288673877716,0,0,0,0,0,0
1.285,3.0001232624054,-0.851831197738647,-0.76780503988266,-0.000214354814225127,0.000153621258744232,-1.33210749127278e-05,0.587410867214203,-0.197635814547539,1.16258096694946,0,0,0,0,0,0
1.2875,3.00012278556824,-0.851830780506134,-0.76780503988266,-0.00021229358179336,0.000178510295354994,-8.63601177425948e-06,0.614618062973022,-0.189807206392288,1.11004185676575,0,0,0,0,0,0
1.29,3.00012230873108,-0.851830303668976,-0.767805099487305,-0.000212539307964059,0.000145254021576112,-8.38038876838289e-06,0.616751670837402,-0.188959822058678,1.1092791557312,0,0,0,0,0,0
1.2925,3.00012183189392,-0.851830005645752,-0.767805159091949,-0.00019393239460828,0.000140310023539368,8.81130866875171e-06,0.618872284889221,-0.187267020344734,1.10914850234985,0,0,0,0,0,0
1.295,3.00012135505676,-0.851829648017883,-0.767805099487305,-0.00016989481464049,0.000112749680284073,1.65856791941619e-05,0.620531380176544,-0.185017719864845,1.10959899425507,0,0,0,0,0,0
1.2975,3.00010204315186,-0.8518425822258,-0.767798185348511,-0.000149389874422923,0.000115061986434739,-5.40001383342315e-06,0.627592086791992,-0.184025913476944,1.00642061233521,0,0,0,0,0,0
1.3,3.00010180473328,-0.851842284202576,-0.767798185348511,-0.000160332136877672,0.000105607840931152,2.20449278729789e-06,0.629170358181,-0.182181045413017,1.00664269924164,0,0,0,0,0,0
1.3025,3.00010132789612,-0.851841986179352,-0.767798185348511,-0.000197231324913197,0.00010533599959074,1.32127165169859e-05,0.631064891815186,-0.180324912071228,1.00674867630005,0,0,0,0,0,0
1.305,3.00010085105896,-0.851841688156128,-0.767798125743866,-0.000183045250816831,0.000138702078451428,3.43646398007381e-05,0.633500277996063,-0.178562507033348,1.00696110725403,0,0,0,0,0,0
1.3075,3.0001003742218,-0.851841270923615,-0.767798006534576,-0.000190518059730158,0.000108443506973638,2.18611662285925e-05,0.634101808071136,-0.14730079472065,1.05202436447144,0,0,0,0,0,0
1.31,3.00009989738464,-0.851841032505035,-0.767798006534576,-0.000203109433249862,0.000132146489263432,3.30011637202378e-05,0.636419653892517,-0.145684167742729,1.05205118656158,0,0,0,0,0,0
1.3125,3.00009942054749,-0.851840674877167,-0.767797887325287,-0.00019922319658093,0.000138772293455416,1.99757245474812e-05,0.638920903205872,-0.144013181328773,1.05206489562988,0,0,0,0,0,0
1.315,3.00009894371033,-0.851840317249298,-0.767797887325287,-0.000169614931723954,0.000180302418455141,8.09724844570264e-06,0.641641795635223,-0.142346799373627,1.05240499973297,0,0,0,0,0,0
1.3175,3.00009846687317,-0.85183984041214,-0.767797827720642,-0.000160192373727453,0.000178534642015877,6.50277096316001e-07,0.629236817359924,-0.115769721567631,1.13248407840729,0,0,0,0,0,0
1.32,3.00009799003601,-0.851839423179626,-0.767797827720642,-0.000155683098263253,0.000181246307954266,-3.31167229086352e-05,0.631349086761475,-0.114616513252258,1.13278651237488,0,0,0,0,0,0
1.3225,3.00009775161743,-0.851839005947113,-0.767797946929932,-0.00015628050107313,0.000184216392252028,-3.81138729620727e-05,0.633785307407379,-0.113699495792389,1.13201987743378,0,0,0,0,0,0
1.325,3.00009751319885,-0.851838529109955,-0.767798006534576,-0.000151200043330114,0.000164482918227312,-3.61900169272407e-05,0.6368288397789,-0.112569138407707,1.13104701042175,0,0,0,0,0,0
1.3275,3.00009727478027,-0.851838171482086,-0.767798066139221,-0.000140288227872402,0.000158299386224988,-4.00469453684783e-05,0.612018704414368,-0.102290384471416,1.31033384799957,0,0,0,0,0,0
1.33,3.00009703636169,-0.851837754249573,-0.767798185348511,-0.000149416304664811,0.000211414759013499,-6.3634602122214e-05,0.61567085981369,-0.100579611957073,1.31024050712585,0,0,0,0,0,0
1.3325,3.00009679794312,-0.851837158203125,-0.767798364162445,-0.000163522509207146,0.000223711761681352,-7.427377084697e-05,0.619136691093445,-0.0992172360420227,1.30931162834167,0,0,0,0,0,0
1.335,3.00009632110596,-0.851836562156677,-0.767798602581024,-0.000161748418553245,0.000241376710879028,-8.26927915538329e-05,0.622128248214722,-0.0984518527984619,1.30763423442841,0,0,0,0,0,0
1.3375,3.0000958442688,-0.851835966110229,-0.767798781394958,-0.000180149415000305,0.000272206603555006,-9.69123688050056e-05,0.654901623725891,-0.0739466622471809,1.50488984584808,0,0,0,0,0,0
1.34,3.00009536743164,-0.851835250854492,-0.767799019813538,-0.000185705020897842,0.000265780455098809,-0.000100554290211978,0.656745195388794,-0.0726125612854958,1.50389897823334,0,0,0,0,0,0
1.3425,3.00009489059448,-0.8518345952034,-0.767799258232117,-0.000175160859565345,0.000263305945110622,-0.000104341674079707,0.65816056728363,-0.0710357949137688,1.50325703620911,0,0,0,0,0,0
1.345,3.00009441375732,-0.851833939552307,-0.767799556255341,-0.000171849987841547,0.000282043473891785,-9.96894313341624e-05,0.659522235393524,-0.0694649145007133,1.50254821777344,0,0,0,0,0,0
1.3475,3.00005865097046,-0.851859211921692,-0.767787575721741,-0.00017157664115075,0.000248595926677808,-0.000104614089650568,0.653453707695007,-0.026809599250555,1.50228106975555,0,0,0,0,0,0
1.35,3.0000581741333,-0.851858615875244,-0.767787873744965,-0.000144783957800799,0.000254814358834008,-8.51599308826861e-05,0.655277490615845,-0.0244254898279905,1.50128066539764,0,0,0,0,0,0
1.3525,3.00005793571472,-0.851857960224152,-0.767788052558899,-0.000151086996499076,0.000237362406346216,-9.99790041837817e-05,0.657044291496277,-0.0221738554537296,1.49974179267883,0,0,0,0,0,0
1.355,3.00005769729614,-0.851857364177704,-0.767788290977478,-0.00011808820394222,0.000252049093166682,-9.80724439344225e-05,0.659085750579834,-0.0207488145679235,1.49826300144196,0,0,0,0,0,0
1.3575,3.00005745887756,-0.851856708526611,-0.767788529396057,-0.00012995049992171,0.000227213115980601,-7.08039978752666e-05,0.704923748970032,0.0164400897920132,1.74510824680328,0,0,0,0,0,0
1.36,3.00005722045898,-0.851856172084808,-0.767788648605347,-9.52845892400114e-05,0.000242523189874502,-7.09322232088754e-05,0.707216322422028,0.0167808141559362,1.74517548084259,0,0,0,0,0,0
1.3625,3.00005722045898,-0.851855576038361,-0.767788827419281,-8.50822886061308e-05,0.000213948989171949,-7.7917149185588e-05,0.708834826946259,0.0170498415827751,1.74509978294373,0,0,0,0,0,0
1.365,3.00005698204041,-0.851855099201202,-0.76778906583786,-0.000149338535265997,0.000337767327437177,-0.000155254179844633,0.710856139659882,0.0176468472927809,1.74498772621155,0,0,0,0,0,0
1.3675,3.00005650520325,-0.851854085922241,-0.767789542675018,-0.000226016782107763,0.000455024855909869,-0.000197163404664025,0.692739129066467,0.0586304701864719,1.88372588157654,0,0,0,0,0,0
1.37,3.00005578994751,-0.851852774620056,-0.767790079116821,-0.000266187475062907,0.000573237950447947,-0.000255018065217882,0.696070432662964,0.0601470284163952,1.88412034511566,0,0,0,0,0,0
1.3725,3.00004911422729,-0.851854979991913,-0.767788708209991,-0.000377185642719269,0.000713286804966629,-0.000334833370288834,0.69884192943573,0.0616947859525681,1.88428425788879,0,0,0,0,0,0
1.375,3.0000479221344,-0.851853013038635,-0.767789661884308,-0.000423915422288701,0.000788992270827293,-0.000398803444113582,0.701262831687927,0.0629167556762695,1.88383150100708,0,0,0,0,0,0
1.3775,3.0000467300415,-0.851850926876068,-0.767790734767914,-0.000492284365464002,0.000881362473592162,-0.000433924898970872,0.693040370941162,0.105541110038757,1.93069040775299,0,0,0,0,0,0
1.38,3.00004529953003,-0.851848661899567,-0.767791867256165,-0.000524779257830232,0.000982105149887502,-0.000463242031401023,0.695164680480957,0.105422660708427,1.92915427684784,0,0,0,0,0,0
1.3825,3.00004410743713,-0.851846039295197,-0.76779305934906,-0.00057623180327937,0.0011071435874328,-0.000510466750711203,0.697529733181,0.10521724820137,1.92756545543671,0,0,0,0,0,0
1.385,3.00004267692566,-0.851843118667603,-0.767794370651245,-0.000599691993556917,0.00118502788245678,-0.000514586630742997,0.699985980987549,0.105418562889099,1.92617034912109,0,0,0,0,0,0
1.3875,3.00004124641418,-0.851840019226074,-0.767795622348785,-0.000654330244287848,0.00128468777984381,-0.000549004762433469,0.756646931171417,0.149438858032227,1.97278463840485,0,0,0,0,0,0
1.39,3.00003957748413,-0.851836681365967,-0.76779705286026,-0.000116053249355636,0.000243600962367992,-0.000117497715592581,0.759468793869019,0.150640428066254,1.9714652299881,0,0,0,0,0,0
1.3925,3.00003981590271,-0.851837396621704,-0.767796754837036,-6.2874779396504e-05,0.000138308423300654,-7.39600128765678e-05,0.762196123600006,0.151611268520355,1.96998965740204,0,0,0,0,0,0
1.395,3.00003981590271,-0.851837158203125,-0.76779693365097,-3.85604592714457e-05,0.000121712875987048,-4.73082995868254e-05,0.764428853988647,0.152328848838806,1.96874403953552,0,0,0,0,0,0
1.3975,3.00006175041199,-0.851819813251495,-0.767806529998779,-1.60706986207515e-05,0.000104649036074989,-2.33967184612993e-05,0.774992525577545,0.176963701844215,1.92394924163818,0,0,0,0,0,0
1.4,3.00006175041199,-0.851819574832916,-0.767806529998779,-2.25100450629308e-05,0.000107333621761232,-1.83260488824058e-05,0.777147233486176,0.178205847740173,1.92398965358734,0,0,0,0,0,0
1.4025,3.00006175041199,-0.851819276809692,-0.767806589603424,-1.13644127174872e-06,9.90069021322812e-05,-2.50661376750011e-05,0.779312312602997,0.179638132452965,1.9237859249115,0,0,0,0,0,0
1.405,3.00006175041199,-0.851819038391113,-0.767806708812714,1.93211398130004e-05,0.000120592634221668,-6.57963918559309e-06,0.781629264354706,0.181239515542984,1.92321932315826,0,0,0,0,0,0
1.4075,3.00006175041199,-0.851818680763245,-0.767806649208069,2.99912006576999e-05,0.000137823925479605,-2.54788552375975e-06,0.885665774345398,0.18418861925602,1.77858126163483,0,0,0,0,0,0
1.41,3.00006175041199,-0.851818323135376,-0.767806649208069,3.83478541380136e-05,8.63052325493722e-05,-4.29407666906265e-06,0.889177680015564,0.184602797031403,1.7781594991684,0,0,0,0,0,0
1.4125,3.00006198883057,-0.851818203926086,-0.767806649208069,3.9618050709918e-05,9.07347420249623e-05,-1.28664752640131e-05,0.892788469791412,0.184864163398743,1.77751743793488,0,0,0,0,0,0
1.415,3.00006222724915,-0.851817965507507,-0.767806708812714,2.99205588424074e-05,8.35865762455636e-05,1.66086072022164e-05,0.896021246910095,0.185934543609619,1.77696597576141,0,0,0,0,0,0
1.4175,3.00006222724915,-0.851817786693573,-0.767806649208069,4.06917092502277e-05,6.7981924472999e-05,-2.56233830126709e-05,0.909466147422791,0.163578197360039,1.66383945941925,0,0,0,0,0,0
1.42,3.00006246566772,-0.851817667484283,-0.767806768417358,4.90311918784041e-05,6.70546988280666e-05,-3.17681137634663e-05,0.912278711795807,0.165186181664467,1.663578748703,0,0,0,0,0,0
1.4225,3.00007772445679,-0.851805329322815,-0.767812550067902,2.22629878408043e-05,5.57036582904402e-05,-4.36598711530678e-05,0.91471129655838,0.166949316859245,1.66298198699951,0,0,0,0,0,0
1.425,3.00007772445679,-0.851805150508881,-0.767812669277191,5.08789868142e-05,2.90668982091909e-05,-4.56556145080463e-05,0.916848421096802,0.169147983193398,1.66194450855255,0,0,0,0,0,0
1.4275,3.00007796287537,-0.851805090904236,-0.767812788486481,4.53087765325119e-05,4.33655745883924e-05,-3.95903213735829e-05,0.954311490058899,0.173729479312897,1.46823263168335,0,0,0,0,0,0
1.43,3.00007820129395,-0.851804971694946,-0.767812848091125,5.46632765747262e-05,4.02675950097203e-05,-5.0318364742086e-05,0.95637983083725,0.176027864217758,1.46708273887634,0,0,0,0,0,0
1.4325,3.00007843971252,-0.851804852485657,-0.767812967300415,8.00502211968267e-05,3.07192507408978e-05,-6.80519778210378e-05,0.958555459976196,0.177868068218231,1.46585881710052,0,0,0,0,0,0
1.435,3.0000786781311,-0.851804792881012,-0.767813146114349,8.61610853739309e-05,3.50367285143251e-05,-6.10086331179245e-05,0.96098256111145,0.178653553128242,1.4646053314209,0,0,0,0,0,0
1.4375,3.00007891654968,-0.851804733276367,-0.767813324928284,6.41631680795757e-05,2.45659108631908e-05,-7.88747343254204e-05,0.94823145866394,0.219215989112854,1.31319153308868,0,0,0,0,0,0
1.44,3.00007915496826,-0.851804673671722,-0.767813563346863,4.77323052155446e-05,4.69188882804528e-05,-7.15608337611263e-05,0.950809597969055,0.219034641981125,1.31254076957703,0,0,0,0,0,0
1.4425,3.00007939338684,-0.851804554462433,-0.767813742160797,3.86851759583478e-05,4.58049597083669e-05,-6.77213067202189e-05,0.95356947183609,0.219311401247978,1.31264960765839,0,0,0,0,0,0
1.445,3.00007963180542,-0.851804435253143,-0.767813861370087,4.56335886062727e-05,3.34848086420095e-05,-8.31536368296615e-05,0.956663310527802,0.220144286751747,1.3129369020462,0,0,0,0,0,0
1.4475,3.000079870224,-0.851804375648499,-0.767814099788666,4.83967889048461e-05,6.00992316187872e-05,-6.8784532135699e-05,0.969262003898621,0.237888231873512,1.16249525547028,0,0,0,0,0,0
1.45,3.00008010864258,-0.851804196834564,-0.767814218997955,5.13880123829939e-05,6.79999960140024e-05,-6.72653125215969e-05,0.972100734710693,0.239471957087517,1.16244292259216,0,0,0,0,0,0
1.4525,3.00008034706116,-0.85180401802063,-0.76781439781189,4.82607824497581e-05,7.38014236621634e-05,-6.55003241309027e-05,0.974493086338043,0.240406736731529,1.16218996047974,0,0,0,0,0,0
1.455,3.00008058547974,-0.851803779602051,-0.767814576625824,3.74294320910338e-05,5.08278483324948e-05,-4.77617433825394e-05,0.977069020271301,0.240952670574188,1.16181528568268,0,0,0,0,0,0
1.4575,3.00008082389832,-0.851803719997406,-0.767814695835114,3.7907941819042e-05,5.50540902191718e-05,-4.97346351763886e-05,0.995994329452515,0.243143364787102,1.14282703399658,0,0,0,0,0,0
1.46,3.00008106231689,-0.851803600788116,-0.767814815044403,1.90264213746235e-05,3.53092633951141e-05,-2.98216216996917e-05,0.998884677886963,0.244065999984741,1.14219653606415,0,0,0,0,0,0
1.4625,3.00008106231689,-0.851803541183472,-0.767814874649048,7.10702079231851e-06,8.76876074471511e-05,-5.56948107259814e-05,1.00211524963379,0.245283573865891,1.14154469966888,0,0,0,0,0,0
1.465,3.00008106231689,-0.851803243160248,-0.767815053462982,7.20042316970648e-06,0.000113525551569182,-5.12983715452719e-05,1.00560665130615,0.246849894523621,1.14125895500183,0,0,0,0,0,0
1.4675,3.00008106231689,-0.851802945137024,-0.767815172672272,1.9295630409033e-05,0.00017070010653697,-4.63309188489802e-05,1.01755881309509,0.242268040776253,1.10976481437683,0,0,0,0,0,0
1.47,3.00008106231689,-0.851802408695221,-0.767815291881561,-6.89461649017176e-06,0.000184016593266279,-2.67817868007114e-05,1.02017402648926,0.243167012929916,1.10957133769989,0,0,0,0,0,0
1.4725,3.00011420249939,-0.851776599884033,-0.767827570438385,-3.19938371831086e-05,0.000246767129283398,-5.61311117053265e-06,1.02306425571442,0.2445078343153,1.10964250564575,0,0,0,0,0,0
1.475,3.00011396408081,-0.851775884628296,-0.76782751083374,-3.41386330546811e-05,0.000307010835967958,2.74805788649246e-05,1.02643883228302,0.246679082512856,1.10961699485779,0,0,0,0,0,0
1.4775,3.00011372566223,-0.851775050163269,-0.767827391624451,-8.79875587997958e-05,0.000357946933945641,3.3827280276455e-05,0.987217843532562,0.279159188270569,1.05295848846436,0,0,0,0,0,0
1.48,3.00011348724365,-0.851774036884308,-0.767827332019806,-7.57720918045379e-05,0.000456535693956539,2.24725954467431e-05,0.989420890808105,0.281386703252792,1.05240368843079,0,0,0,0,0,0
1.4825,3.00011324882507,-0.851772785186768,-0.767827332019806,-5.85798079555389e-05,0.000535067752934992,1.77662132045953e-05,0.990765988826752,0.28352877497673,1.05173432826996,0,0,0,0,0,0
1.485,3.00011301040649,-0.851771354675293,-0.767827272415161,-5.97059988649562e-05,0.000623359170276672,2.80670883512357e-05,0.992212295532227,0.286253720521927,1.05108368396759,0,0,0,0,0,0
1.4875,3.00011277198792,-0.851769685745239,-0.767827153205872,-3.33564894390292e-05,0.00064967101207003,2.83925310213817e-05,0.924091935157776,0.295179694890976,0.971867918968201,0,0,0,0,0,0
1.49,3.00011253356934,-0.851768016815186,-0.767827093601227,-1.8884711607825e-06,0.000759935996029526,2.6329018510296e-05,0.926836431026459,0.297216951847076,0.971766650676727,0,0,0,0,0,0
1.4925,3.00011253356934,-0.851765990257263,-0.767827033996582,2.22098133235704e-05,0.000858449493534863,6.05540080869105e-05,0.929427623748779,0.298518449068069,0.971374154090881,0,0,0,0,0,0
1.495,3.00011253356934,-0.851763725280762,-0.767826855182648,7.23658304195851e-05,0.000933305826038122,0.000100723962532356,0.931747436523438,0.299974143505096,0.970162212848663,0,0,0,0,0,0
1.4975,3.00011038780212,-0.851761758327484,-0.76782488822937,0.000131787135615014,0.00101603602524847,0.000137812763568945,0.893676817417145,0.27322843670845,0.800897479057312,0,0,0,0,0,0
1.5,3.00011086463928,-0.851759135723114,-0.767824470996857,0.000170858431374654,0.00109991151839495,0.000196728375158273,0.896420836448669,0.275855362415314,0.799955248832703,0,0,0,0,0,0
1.5025,3.00011134147644,-0.851756274700165,-0.767823934555054,0.000236850915825926,0.00114942702930421,0.000260524422628805,0.899294435977936,0.278230518102646,0.799571752548218,0,0,0,0,0,0
1.505,3.00011205673218,-0.851753354072571,-0.767823219299316,0.000310693518258631,0.00125483376905322,0.000288827082840726,0.901206254959106,0.280346274375916,0.799053430557251,0,0,0,0,0,0
1.5075,3.00011301040649,-0.851750075817108,-0.767822444438934,0.000350215617800131,0.00129253580234945,0.000308960356051102,0.874728798866272,0.294155091047287,0.663466155529022,0,0,0,0,0,0
1.51,3.00011396408081,-0.851746797561646,-0.767821669578552,0.000462540716398507,0.00138244230765849,0.000332007097313181,0.876842975616455,0.29643526673317,0.661664485931396,0,0,0,0,0,0
1.5125,3.00011515617371,-0.851743221282959,-0.767820775508881,0.000529909273609519,0.00145674974191934,0.000363876519259065,0.880455493927002,0.298367559909821,0.659924328327179,0,0,0,0,0,0
1.515,3.00011658668518,-0.851739466190338,-0.767819821834564,0.000595042307395488,0.00148555100895464,0.00036735026515089,0.884419500827789,0.299888700246811,0.658374190330505,0,0,0,0,0,0
1.5175,3.00011801719666,-0.851735770702362,-0.767818927764893,0.000679639866575599,0.00157451827544719,0.000375297968275845,0.905222833156586,0.284361392259598,0.444663822650909,0,0,0,0,0,0
1.52,3.00011992454529,-0.851731717586517,-0.767817974090576,0.000756483059376478,0.00157114234752953,0.000333095493260771,0.908450067043304,0.285990417003632,0.443535059690475,0,0,0,0,0,0
1.5225,3.00012874603271,-0.851720035076141,-0.767818331718445,0.000851895660161972,0.00161825481336564,0.000380240671802312,0.911765277385712,0.288007259368896,0.441908329725266,0,0,0,0,0,0
1.525,3.00013089179993,-0.851715922355652,-0.767817318439484,0.00093442015349865,0.00161702395416796,0.000393915164750069,0.914722323417664,0.289726406335831,0.439626336097717,0,0,0,0,0,0
1.5275,3.0001335144043,-0.851711869239807,-0.767816305160522,0.00103709334507585,0.00159242399968207,0.000400235643610358,0.906699419021606,0.259601533412933,0.357355356216431,0,0,0,0,0,0
1.53,3.00013613700867,-0.851707935333252,-0.767815291881561,0.00108994299080223,0.001596964080818,0.000426121958298609,0.909784436225891,0.261316120624542,0.355128765106201,0,0,0,0,0,0
1.5325,3.00013899803162,-0.851703941822052,-0.767814159393311,0.00117867265362293,0.00157401687465608,0.000373308663256466,0.912855088710785,0.263058364391327,0.353349089622498,0,0,0,0,0,0
1.535,3.00014209747314,-0.851700007915497,-0.767813324928284,0.00120485248044133,0.00155935157090425,0.000407580140745267,0.915396273136139,0.264855057001114,0.351889282464981,0,0,0,0,0,0
1.5375,3.00014519691467,-0.851696133613586,-0.767812252044678,0.00126175931654871,0.00155509158503264,0.000402367120841518,0.926241457462311,0.222903206944466,0.319939404726028,0,0,0,0,0,0
1.54,3.00014853477478,-0.851692259311676,-0.767811298370361,0.00129310472402722,0.00157460384070873,0.000378900760551915,0.928805947303772,0.225224241614342,0.318729728460312,0,0,0,0,0,0
1.5425,3.00015163421631,-0.851688325405121,-0.767810344696045,0.00133948132861406,0.00160272140055895,0.000392698042560369,0.931408762931824,0.227515682578087,0.318680644035339,0,0,0,0,0,0
1.545,3.00015497207642,-0.851684272289276,-0.767809331417084,0.0013918672921136,0.00163922109641135,0.000406144856242463,0.934083640575409,0.229900941252708,0.319686561822891,0,0,0,0,0,0
1.5475,3.00015497207642,-0.851680874824524,-0.767807483673096,0.00145653367508203,0.00171662727370858,0.000406910548917949,0.968260407447815,0.195229455828667,0.160890758037567,0,0,0,0,0,0
1.55,3.00015878677368,-0.851676464080811,-0.767806470394135,0.00150772067718208,0.00173169304616749,0.000409661879530177,0.969963610172272,0.196823716163635,0.160397008061409,0,0,0,0,0,0
1.5525,3.00016260147095,-0.851672112941742,-0.767805457115173,7.69471124189033e-05,9.00943976352637e-05,3.13944598170843e-05,0.971052587032318,0.198139354586601,0.159186914563179,0,0,0,0,0,0
1.555,3.00016093254089,-0.851673901081085,-0.767805874347687,0.000491002865601331,-0.00011274908320047,0.000189126236364245,0.972809851169586,0.199652522802353,0.157438963651657,0,0,0,0,0,0
1.5575,3.00016283988953,-0.851674437522888,-0.767805218696594,0.000801136600784957,-0.000199601534404792,0.000275668629910797,0.971416831016541,0.165375158190727,0.132778525352478,0,0,0,0,0,0
1.56,3.00016522407532,-0.851675093173981,-0.767804443836212,0.00101960089523345,-0.000275573926046491,0.00038296653656289,0.974876940250397,0.167120039463043,0.130708679556847,0,0,0,0,0,0
1.5625,3.00016808509827,-0.851675868034363,-0.767803370952606,0.0012364333961159,-0.000361831916961819,0.000487381970742717,0.978630661964417,0.16808944940567,0.129461765289307,0,0,0,0,0,0
1.565,3.00017142295837,-0.851676881313324,-0.767802000045776,0.00146329426206648,-0.000410524429753423,0.000582345295697451,0.982886433601379,0.168884485960007,0.128176063299179,0,0,0,0,0,0
1.5675,3.00017547607422,-0.85167795419693,-0.767800390720367,0.00168661819770932,-0.00051426503341645,0.000686378043610603,0.98534095287323,0.125111043453217,0.0178417898714542,0,0,0,0,0,0
1.57,3.00018000602722,-0.85167932510376,-0.767798542976379,0.00184645829722285,-0.000565326248761266,0.000748806749470532,0.989510834217072,0.127042874693871,0.0166442487388849,0,0,0,0,0,0
1.5725,3.00017976760864,-0.851683497428894,-0.767796397209167,0.00200790516100824,-0.000617294281255454,0.000813563063275069,0.993578255176544,0.128888547420502,0.0154741806909442,0,0,0,0,0,0
1.575,3.00018501281738,-0.851685106754303,-0.7677943110466,0.00213666912168264,-0.000673203961923718,0.000869299401529133,0.996617555618286,0.130725011229515,0.0141500281170011,0,0,0,0,0,0
1.5775,3.0001904964447,-0.851686835289001,-0.767792046070099,0.00231325323693454,-0.000695323047693819,0.000930127105675638,1.02779936790466,0.0880926549434662,-0.0295362453907728,0,0,0,0,0,0
1.58,3.00019645690918,-0.851688623428345,-0.767789602279663,0.00237014028243721,-0.000733564666006714,0.0009633555309847,1.0293185710907,0.0899423435330391,-0.0307574160397053,0,0,0,0,0,0
1.5825,3.00020241737366,-0.851690471172333,-0.767787158489227,0.00248746597208083,-0.000798523426055908,0.000988406129181385,1.03131127357483,0.0913111567497253,-0.0318865552544594,0,0,0,0,0,0
1.585,3.00020885467529,-0.8516925573349,-0.767784655094147,0.00254818540997803,-0.000829525932203978,0.000996092800050974,1.03353881835938,0.0924827083945274,-0.0326009318232536,0,0,0,0,0,0
1.5875,3.00021529197693,-0.851694643497467,-0.767782151699066,0.00261957873590291,-0.000896264391485602,0.00100108166225255,1.04176712036133,0.0529002100229263,-0.179767161607742,0,0,0,0,0,0
1.59,3.00022196769714,-0.851696968078613,-0.767779648303986,0.00264269043691456,-0.000929667905438691,0.00098694465123117,1.04434478282928,0.0547981560230255,-0.180831998586655,0,0,0,0,0,0
1.5925,3.00022864341736,-0.85169929265976,-0.76777720451355,0.00264622108079493,-0.000999936135485768,0.000960231060162187,1.04681026935577,0.0577723495662212,-0.182637572288513,0,0,0,0,0,0
1.595,3.00023531913757,-0.85170191526413,-0.767774879932404,0.00260146707296371,-0.00101811019703746,0.000922317733056843,1.04917931556702,0.0614434219896793,-0.184607148170471,0,0,0,0,0,0
1.5975,3.00024580955505,-0.851698338985443,-0.767776191234589,0.00255675008520484,-0.0010904676746577,0.000885410699993372,1.03684175014496,0.0535734109580517,-0.295085817575455,0,0,0,0,0,0
1.6,3.00025200843811,-0.851701200008392,-0.767773985862732,0.0024792761541903,-0.00109343219082803,0.000836384715512395,1.03953182697296,0.0564510151743889,-0.296530455350876,0,0,0,0,0,0
1.6025,3.00025820732117,-0.851703941822052,-0.76777195930481,0.00238178251311183,-0.00116590654943138,0.000792152073699981,1.04245603084564,0.0586684718728065,-0.298401534557343,0,0,0,0,0,0
1.605,3.00026392936707,-0.851706922054291,-0.767770051956177,0.00228271936066449,-0.00116291362792253,0.000774249201640487,1.04534614086151,0.0602186508476734,-0.30051052570343,0,0,0,0,0,0
1.6075,3.00026965141296,-0.851709842681885,-0.767768144607544,0.00218571885488927,-0.00116090301889926,0.000745934608858079,1.05829739570618,0.0562930405139923,-0.478119611740112,0,0,0,0,0,0
1.61,3.0002748966217,-0.851712763309479,-0.767766296863556,0.00204993854276836,-0.00117892073467374,0.000734384462703019,1.06107497215271,0.0577085018157959,-0.480745166540146,0,0,0,0,0,0
1.6125,3.00027990341187,-0.851715743541718,-0.767764508724213,0.00193769764155149,-0.00115942640695721,0.000718931318260729,1.06443357467651,0.0594798363745213,-0.483984380960464,0,0,0,0,0,0
1.615,3.00028443336487,-0.851718604564667,-0.767762720584869,0.00184231263119727,-0.00117358146235347,0.000687847496010363,1.06810569763184,0.0612903758883476,-0.486951291561127,0,0,0,0,0,0
1.6175,3.00028896331787,-0.851721584796906,-0.767761051654816,0.0017333998112008,-0.0011284314095974,0.000655161507893354,1.1264933347702,0.0813309550285339,-0.57825642824173,0,0,0,0,0,0
1.62,3.00029301643372,-0.851724326610565,-0.767759442329407,0.00163295562379062,-0.00114535889588296,0.000610032409895211,1.12953758239746,0.0828364863991737,-0.580551385879517,0,0,0,0,0,0
1.6225,3.00027680397034,-0.851741135120392,-0.767748355865479,0.00151042023207992,-0.00113130745012313,0.000609632057603449,1.13218140602112,0.0843556821346283,-0.58229786157608,0,0,0,0,0,0
1.625,3.00028038024902,-0.851743936538696,-0.767746865749359,0.00138698751106858,-0.0010996051132679,0.000572482822462916,1.13478696346283,0.0861841812729836,-0.583476006984711,0,0,0,0,0,0
1.6275,3.00028371810913,-0.851746618747711,-0.767745494842529,0.00126499542966485,-0.00107558013405651,0.000556893821340054,1.15972411632538,0.123191110789776,-0.604747354984283,0,0,0,0,0,0
1.63,3.00028681755066,-0.851749300956726,-0.767744123935699,0.00119670387357473,-0.00105775811243802,0.000505495583638549,1.16238284111023,0.125659763813019,-0.605440974235535,0,0,0,0,0,0
1.6325,3.00028967857361,-0.851751923561096,-0.767742931842804,0.001131760654971,-0.00103490718174726,0.000445361656602472,1.16562688350677,0.12773297727108,-0.606184065341949,0,0,0,0,0,0
1.635,3.00029253959656,-0.851754486560822,-0.767741918563843,0.00105860678013414,-0.000964116014074534,0.000352659728378057,1.16967713832855,0.129758223891258,-0.606852114200592,0,0,0,0,0,0
1.6375,3.00029516220093,-0.851756811141968,-0.767741143703461,0.000942793674767017,-0.000943308172281832,0.000298448110697791,1.14060640335083,0.174847587943077,-0.638427495956421,0,0,0,0,0,0
1.64,3.00029730796814,-0.851759135723114,-0.767740428447723,0.000884614768438041,-0.000829804164823145,0.000263270630966872,1.14415621757507,0.17711478471756,-0.63951176404953,0,0,0,0,0,0
1.6425,3.00029945373535,-0.851761043071747,-0.767739772796631,0.000832133344374597,-0.000770500570069999,0.000174992572283372,1.14643657207489,0.179384112358093,-0.640929281711578,0,0,0,0,0,0
1.645,3.00030136108398,-0.851762890815735,-0.767739474773407,0.000748684222344309,-0.000690695247612894,9.59985409281217e-05,1.14843940734863,0.181528702378273,-0.642005503177643,0,0,0,0,0,0
1.6475,3.00031304359436,-0.851745843887329,-0.767748773097992,0.000624581531155854,-0.000470340193714947,2.65215094259474e-05,1.16990423202515,0.218128219246864,-0.782237887382507,0,0,0,0,0,0
1.65,3.00031447410583,-0.851746797561646,-0.767748773097992,0.000595572055317461,-0.000377530639525503,-5.81456915824674e-05,1.17346024513245,0.219453766942024,-0.783454358577728,0,0,0,0,0,0
1.6525,3.00031590461731,-0.851747632026672,-0.767749071121216,0.0005090506747365,-0.000291790813207626,-7.04075646353886e-05,1.17706155776978,0.220755651593208,-0.784938275814056,0,0,0,0,0,0
1.655,3.00031709671021,-0.85174822807312,-0.76774924993515,0.000449511513579637,-0.000187786063179374,-9.88508982118219e-05,1.18042922019958,0.22251957654953,-0.786467671394348,0,0,0,0,0,0
1.6575,3.00031805038452,-0.851748585700989,-0.767749547958374,0.000321271305438131,-8.17375985207036e-05,-0.000111388137156609,1.18674492835999,0.265144824981689,-0.744361817836761,0,0,0,0,0,0
1.66,3.00031876564026,-0.851748645305634,-0.767749845981598,0.000262508634477854,3.29881368088536e-05,-0.000144614154123701,1.19030106067657,0.267140328884125,-0.746293962001801,0,0,0,0,0,0
1.6625,3.00031924247742,-0.851748406887054,-0.767750263214111,0.000200056339963339,9.93309076875448e-05,-0.000169580162037164,1.1934198141098,0.26888507604599,-0.748188376426697,0,0,0,0,0,0
1.665,3.00031971931458,-0.851748108863831,-0.76775074005127,0.000116156385047361,0.00020004749239888,-0.000208783327252604,1.1965240240097,0.270478188991547,-0.749752640724182,0,0,0,0,0,0
1.6675,3.00031995773315,-0.851747453212738,-0.767751276493073,4.13776142522693e-05,0.000319660874083638,-0.000249159522354603,1.19098854064941,0.308892577886581,-0.662326276302338,0,0,0,0,0,0
1.67,3.00031995773315,-0.851746499538422,-0.76775199174881,6.91077366354875e-06,0.000464521901449189,-0.000275706232059747,1.1953809261322,0.311468094587326,-0.66340696811676,0,0,0,0,0,0
1.6725,3.00034189224243,-0.851696312427521,-0.767773330211639,-8.51020231493749e-05,0.000870183226652443,-0.000393538386560977,1.2000732421875,0.314067363739014,-0.66467422246933,0,0,0,0,0,0
1.675,3.00034165382385,-0.851693630218506,-0.76777446269989,-0.000119596756121609,0.000970975961536169,-0.000433982524555176,1.20461845397949,0.316200226545334,-0.666362583637238,0,0,0,0,0,0
1.6775,3.00034117698669,-0.851691067218781,-0.767775595188141,-0.000163033648277633,0.00109493941999972,-0.000495870073791593,1.21093559265137,0.350235849618912,-0.667995631694794,0,0,0,0,0,0
1.68,3.00034070014954,-0.851688146591187,-0.767776906490326,-0.000145887330290861,0.00114524911623448,-0.000516341882757843,1.21410477161407,0.35230278968811,-0.669991910457611,0,0,0,0,0,0
1.6825,3.00034046173096,-0.851685225963593,-0.767778217792511,-0.000131624037749134,0.00122395507059991,-0.000565603957511485,1.21637463569641,0.354388833045959,-0.671388626098633,0,0,0,0,0,0
1.685,3.00034022331238,-0.851682066917419,-0.76777970790863,-0.00010550095612416,0.00132160412613302,-0.000597863167058676,1.21845233440399,0.356651365756989,-0.672357618808746,0,0,0,0,0,0
1.6875,3.0003399848938,-0.851678669452667,-0.767781257629395,-4.15781832998618e-05,0.00138933735433966,-0.000550537079107016,1.20966625213623,0.357964187860489,-0.669108986854553,0,0,0,0,0,0
1.69,3.0003399848938,-0.851675152778625,-0.76778256893158,1.36161979753524e-05,0.00146528822369874,-0.000533449579961598,1.21250319480896,0.360314548015594,-0.670337915420532,0,0,0,0,0,0
1.6925,3.0003399848938,-0.851671397686005,-0.767783880233765,8.25975075713359e-05,0.00150010839570314,-0.000475084700156003,1.2153400182724,0.362252056598663,-0.670964539051056,0,0,0,0,0,0
1.695,3.00034022331238,-0.851667642593384,-0.767785012722015,0.000115390896098688,0.00155763188377023,-0.000487880635773763,1.21775472164154,0.363274663686752,-0.670882284641266,0,0,0,0,0,0
1.6975,3.00032138824463,-0.851672112941742,-0.767786502838135,2.85305941361003e-05,0.00155590137001127,-0.000451057305326685,1.16682469844818,0.393482178449631,-0.694729387760162,0,0,0,0,0,0
1.7,3.00032114982605,-0.851668238639832,-0.767787575721741,1.36324565214504e-06,4.47002810719831e-05,-1.6800300242506e-05,1.1693480014801,0.393328607082367,-0.695631325244904,0,0,0,0,0,0
1.7025,3.00032114982605,-0.851670026779175,-0.767787098884583,7.65011885660869e-06,3.51285496768617e-05,1.00586658996684e-05,1.17230319976807,0.393887341022491,-0.697563707828522,0,0,0,0,0,0
1.705,3.00032114982605,-0.85166996717453,-0.767787039279938,3.50505724782124e-05,9.48608358157799e-05,-3.87809268431738e-06,1.17534339427948,0.395590960979462,-0.699833869934082,0,0,0,0,0,0
1.7075,3.00032138824463,-0.851669669151306,-0.767787039279938,7.06570426700637e-05,0.000165666308021173,2.01580751308938e-05,1.11847507953644,0.401498556137085,-0.757124602794647,0,0,0,0,0,0
1.71,3.00032162666321,-0.851669192314148,-0.767786979675293,5.50994554942008e-05,0.000252317695412785,3.45204098266549e-05,1.12147080898285,0.404213190078735,-0.758710443973541,0,0,0,0,0,0
1.7125,3.00032186508179,-0.851668417453766,-0.767786860466003,7.63952994020656e-05,0.000348478701198474,5.00259593536612e-05,1.12386655807495,0.406609743833542,-0.760185480117798,0,0,0,0,0,0
1.715,3.00032210350037,-0.851667404174805,-0.767786741256714,8.24676608317532e-05,0.000449953542556614,0.000106916202639695,1.12648093700409,0.408500403165817,-0.76196300983429,0,0,0,0,0,0
1.7175,3.00032234191895,-0.851666152477264,-0.767786383628845,7.94535153545439e-05,0.000589232600759715,0.000120988857815973,1.0770001411438,0.418402880430222,-0.721940577030182,0,0,0,0,0,0
1.72,3.00032258033752,-0.851664483547211,-0.767786026000977,0.0001036865869537,0.000719121948350221,0.000124941841932014,1.08008909225464,0.420248419046402,-0.723047912120819,0,0,0,0,0,0
1.7225,3.00032067298889,-0.851660192012787,-0.767793774604797,8.6465101048816e-05,0.000860585423652083,0.000106383311504032,1.08318066596985,0.42215096950531,-0.724007844924927,0,0,0,0,0,0
1.725,3.00032067298889,-0.851657867431641,-0.767793536186218,0.000113993344712071,0.000975912902504206,0.00012022828013869,1.08654141426086,0.423987239599228,-0.725562930107117,0,0,0,0,0,0
1.7275,3.00032114982605,-0.851655304431915,-0.76779317855835,0.000133777924929745,0.00110381806734949,0.000119212614663411,1.04810881614685,0.429126590490341,-0.60542219877243,0,0,0,0,0,0
1.73,3.00032138824463,-0.851652383804321,-0.767792880535126,0.000170568659086712,0.00131855253130198,0.000131097782286815,1.05217754840851,0.43098783493042,-0.607812643051147,0,0,0,0,0,0
1.7325,3.00032186508179,-0.851648807525635,-0.767792582511902,0.000189759026397951,0.00147968262899667,0.000163899414474145,1.05636513233185,0.433150857686996,-0.61003977060318,0,0,0,0,0,0
1.735,3.00032234191895,-0.851644933223724,-0.767792165279388,0.000185286800842732,0.00165924429893494,0.000205235221073963,1.06026792526245,0.435527086257935,-0.611948788166046,0,0,0,0,0,0
1.7375,3.0003228187561,-0.851640582084656,-0.767791569232941,0.000180096802068874,0.00182851392310113,0.000205565433134325,1.07266676425934,0.448494225740433,-0.541476190090179,0,0,0,0,0,0
1.74,3.00032329559326,-0.851635813713074,-0.767791032791138,0.000185935568879358,0.00199211901053786,0.000217774853808805,1.07615506649017,0.45008459687233,-0.542455494403839,0,0,0,0,0,0
1.7425,3.00032377243042,-0.851630628108978,-0.76779043674469,0.000161935458891094,0.00216503022238612,0.00018405650916975,1.07927191257477,0.451990067958832,-0.543114244937897,0,0,0,0,0,0
1.745,3.00032424926758,-0.851625025272369,-0.767790019512177,0.000169156133779325,0.0023226453922689,0.000181272975169122,1.08207333087921,0.453915536403656,-0.544007301330566,0,0,0,0,0,0
1.7475,3.000324010849,-0.851609587669373,-0.767795145511627,0.000160726878675632,0.00249751168303192,0.000177693538716994,1.09161233901978,0.461527943611145,-0.577569842338562,0,0,0,0,0,0
1.75,3.00032448768616,-0.851603150367737,-0.767794728279114,0.00018498431018088,0.00268677249550819,0.000137905051815324,1.09439384937286,0.463055193424225,-0.579750657081604,0,0,0,0,0,0
1.7525,3.00032496452332,-0.851596176624298,-0.76779443025589,0.000205797463422641,0.00281674996949732,0.000160309238708578,1.09700155258179,0.464854955673218,-0.582687675952911,0,0,0,0,0,0
1.755,3.00032544136047,-0.85158896446228,-0.767794013023376,0.000245219824137166,0.00298024504445493,0.000131651322590187,1.099973320961,0.466997593641281,-0.585834801197052,0,0,0,0,0,0
1.7575,3.00032615661621,-0.851581275463104,-0.767793715000153,0.000280478940112516,0.00316683202981949,0.000173878826899454,1.13503515720367,0.470079571008682,-0.580438733100891,0,0,0,0,0,0
1.76,3.00032687187195,-0.851573169231415,-0.767793238162994,0.000314660079311579,0.00328904576599598,0.000199490939849056,1.1390038728714,0.47213289141655,-0.583109319210052,0,0,0,0,0,0
1.7625,3.00032782554626,-0.851564764976501,-0.767792701721191,0.000360753358108923,0.0033919767010957,0.000203609612071887,1.14234709739685,0.473215043544769,-0.585346817970276,0,0,0,0,0,0
1.765,3.00032877922058,-0.851556181907654,-0.767792165279388,0.000416115712141618,0.00350227602757514,0.000246322277234867,1.14470183849335,0.473522186279297,-0.586656153202057,0,0,0,0,0,0
1.7675,3.00032997131348,-0.851547300815582,-0.767791509628296,0.000420658703660592,0.00362718268297613,0.000245232717134058,1.18071675300598,0.494981348514557,-0.581308841705322,0,0,0,0,0,0
1.77,3.00033116340637,-0.851538062095642,-0.767790913581848,0.000444449600763619,0.00374453840777278,0.000222125192522071,1.18236339092255,0.496127218008041,-0.582559049129486,0,0,0,0,0,0
1.7725,3.00032711029053,-0.851528704166412,-0.767787158489227,0.000429455714765936,0.00392239494249225,0.000228327320655808,1.18454468250275,0.497398436069489,-0.58418470621109,0,0,0,0,0,0
1.775,3.00032830238342,-0.85151869058609,-0.767786622047424,0.000435016379924491,0.00403386494144797,0.000226037300308235,1.18690943717957,0.498199135065079,-0.58642965555191,0,0,0,0,0,0
1.7775,3.00032949447632,-0.851508438587189,-0.767786085605621,0.000392201007343829,0.00416445964947343,0.000218000204768032,1.17826426029205,0.53352302312851,-0.501626551151276,0,0,0,0,0,0
1.78,3.00033044815063,-0.851497888565063,-0.767785549163818,0.00042393829789944,0.00427191564813256,0.0002419326629024,1.18009865283966,0.534126818180084,-0.503875732421875,0,0,0,0,0,0
1.7825,3.00033164024353,-0.851487040519714,-0.767784953117371,2.4422719607205e-05,0.000257873820070725,2.10118699301168e-05,1.18236613273621,0.535334229469299,-0.505293905735016,0,0,0,0,0,0
1.785,3.00033116340637,-0.851491451263428,-0.76778519153595,-2.43611359810238e-06,0.000180895266465042,-7.03968057613954e-06,1.18516767024994,0.537268996238708,-0.506247043609619,0,0,0,0,0,0
1.7875,3.00033116340637,-0.851491093635559,-0.76778519153595,4.72210383456363e-06,0.000145984897288573,-1.92229228049675e-05,1.14457035064697,0.568328261375427,-0.381354182958603,0,0,0,0,0,0
1.79,3.00033116340637,-0.851490795612335,-0.767785251140594,1.86192417803266e-05,0.000168458156078947,-2.4090754667223e-05,1.14756107330322,0.569933533668518,-0.382870346307755,0,0,0,0,0,0
1.7925,3.00033116340637,-0.851490318775177,-0.767785370349884,1.93704848294264e-05,0.000186445545893098,-3.70218363805095e-05,1.14989244937897,0.571656882762909,-0.384227842092514,0,0,0,0,0,0
1.795,3.00033116340637,-0.851489841938019,-0.767785429954529,4.78638339461166e-05,0.000178805526502837,-2.86880641221611e-05,1.1516820192337,0.573598504066467,-0.385105788707733,0,0,0,0,0,0
1.7975,3.00033044815063,-0.85148298740387,-0.767787277698517,2.27122545766179e-05,0.000212183920666575,-7.04062449585763e-06,1.15837752819061,0.602880835533142,-0.326313614845276,0,0,0,0,0,0
1.8,3.00033044815063,-0.851482450962067,-0.767787218093872,5.49692015064374e-05,0.000190254385073652,-9.93663083059531e-06,1.16030776500702,0.604810416698456,-0.32685461640358,0,0,0,0,0,0
1.8025,3.00033068656921,-0.851481974124908,-0.767787277698517,6.15563151327355e-05,0.000204486757744743,6.88447245953125e-06,1.16236555576324,0.606398224830627,-0.32832458615303,0,0,0,0,0,0
1.805,3.00033092498779,-0.851481437683105,-0.767787277698517,0.000116842085844837,0.000309703347738832,-2.82286237052176e-05,1.1648416519165,0.607531070709229,-0.330709427595139,0,0,0,0,0,0
1.8075,3.00033140182495,-0.851480543613434,-0.767787396907806,0.000163320859428495,0.000410123291658238,5.18931574333692e-06,1.1520311832428,0.636810958385468,-0.212142542004585,0,0,0,0,0,0
1.81,3.00033187866211,-0.851479351520538,-0.767787337303162,0.000221602749661542,0.000512841739691794,-2.54438928095624e-05,1.1559476852417,0.638678133487701,-0.21454231441021,0,0,0,0,0,0
1.8125,3.00033235549927,-0.851477980613708,-0.767787456512451,0.000304299144772813,0.000634452269878238,-4.46711565018632e-05,1.15974879264832,0.640846908092499,-0.216234549880028,0,0,0,0,0,0
1.815,3.00033330917358,-0.85147625207901,-0.767787575721741,0.000330964801833034,0.000760761613491923,-4.6115972509142e-05,1.16323935985565,0.64302933216095,-0.2172761708498,0,0,0,0,0,0
1.8175,3.00033402442932,-0.851474165916443,-0.76778769493103,0.00037469866219908,0.000881358864717185,-5.30253419128712e-05,1.16726005077362,0.667682468891144,-0.188353538513184,0,0,0,0,0,0
1.82,3.00033497810364,-0.851471841335297,-0.76778781414032,0.000502388633321971,0.000989965628832579,-5.23875714861788e-05,1.17076230049133,0.669801712036133,-0.190073817968369,0,0,0,0,0,0
1.8225,3.00033640861511,-0.851469218730927,-0.767787933349609,0.000565706635825336,0.00112474011257291,-5.74205878365319e-05,1.17431282997131,0.67128324508667,-0.191916689276695,0,0,0,0,0,0
1.825,3.00033783912659,-0.851466238498688,-0.767788112163544,0.000622372957877815,0.00125227530952543,-3.58246325049549e-05,1.17751979827881,0.672185838222504,-0.193584397435188,0,0,0,0,0,0
1.8275,3.00033950805664,-0.851462960243225,-0.767788171768188,0.000670402543619275,0.00137408787850291,-3.46921442542225e-05,1.18783140182495,0.697029590606689,-0.24202524125576,0,0,0,0,0,0
1.83,3.00034141540527,-0.851459383964539,-0.767788231372833,0.000749752391129732,0.00154580909293145,-7.19915333320387e-05,1.18998634815216,0.697982609272003,-0.242808178067207,0,0,0,0,0,0
1.8325,3.00034332275391,-0.851455330848694,-0.767788469791412,0.000740781775675714,0.00170124880969524,-0.000123706893646158,1.1927717924118,0.698917746543884,-0.243620812892914,0,0,0,0,0,0
1.835,3.00034523010254,-0.851450860500336,-0.767788827419281,0.000750263861846179,0.0018673709128052,-0.000179308495717123,1.19659125804901,0.699329495429993,-0.244388252496719,0,0,0,0,0,0
1.8375,3.00034713745117,-0.851446032524109,-0.767789304256439,0.000769854232203215,0.00200470234267414,-0.000252740224823356,1.16070342063904,0.722928762435913,-0.246831804513931,0,0,0,0,0,0
1.84,3.0003490447998,-0.851440846920013,-0.767790019512177,0.00074793299427256,0.00219026696868241,-0.000244849739829078,1.16372299194336,0.724278688430786,-0.246970489621162,0,0,0,0,0,0
1.8425,3.00035095214844,-0.851435124874115,-0.767790615558624,0.000762185256462544,0.00237053539603949,-0.000238908367464319,1.16621315479279,0.72656512260437,-0.247975707054138,0,0,0,0,0,0
1.845,3.00035285949707,-0.851428985595703,-0.767791211605072,0.000414352602092549,0.00242524570785463,-4.52695712738205e-05,1.16823863983154,0.728602826595306,-0.250344008207321,0,0,0,0,0,0
1.8475,3.00035357475281,-0.851422846317291,-0.767791092395782,0.000225558789679781,0.00253640185110271,6.92500252625905e-05,1.15109956264496,0.723485827445984,-0.390503019094467,0,0,0,0,0,0
1.85,3.00035405158997,-0.851416349411011,-0.767790794372559,4.25183097831905e-05,0.00263975607231259,0.000207119155675173,1.15381669998169,0.725206077098846,-0.394589751958847,0,0,0,0,0,0
1.8525,3.00035405158997,-0.851409614086151,-0.767790079116821,-0.000114717477117665,0.00274212588556111,0.00031947749084793,1.15739512443542,0.726249039173126,-0.397303342819214,0,0,0,0,0,0
1.855,3.00035357475281,-0.851402580738068,-0.767789125442505,-0.00031426950590685,0.00288087967783213,0.000406725564971566,1.1612366437912,0.726444780826569,-0.398942828178406,0,0,0,0,0,0
1.8575,3.00035262107849,-0.85139524936676,-0.767787992954254,-0.000485108175780624,0.00299675622954965,0.000543439527973533,1.13402163982391,0.712727010250092,-0.613015711307526,0,0,0,0,0,0
1.86,3.00035119056702,-0.851387560367584,-0.767786502838135,-0.000668151304125786,0.0031660096719861,0.000649527471978217,1.1372926235199,0.71409797668457,-0.614455461502075,0,0,0,0,0,0
1.8625,3.00034928321838,-0.851379454135895,-0.767784714698792,-0.000819868873804808,0.00333751854486763,0.000710802269168198,1.14063704013824,0.715738534927368,-0.616679012775421,0,0,0,0,0,0
1.865,3.00034713745117,-0.851370871067047,-0.767782866954803,-0.000961154699325562,0.00356114469468594,0.000813458173070103,1.14364469051361,0.717728435993195,-0.619147300720215,0,0,0,0,0,0
1.8675,3.0003445148468,-0.851361691951752,-0.767780721187592,-0.00105769641231745,0.00377850700169802,0.000879167520906776,1.12719464302063,0.692448198795319,-0.673811137676239,0,0,0,0,0,0
1.87,3.00034165382385,-0.851351976394653,-0.76777845621109,-0.00122267671395093,0.00400417158380151,0.000992216169834137,1.12878322601318,0.694007277488708,-0.675715506076813,0,0,0,0,0,0
1.8725,3.0003297328949,-0.851334929466248,-0.767763197422028,-0.0013561611995101,0.00426109042018652,0.00111859443131834,1.1305605173111,0.694758713245392,-0.677722990512848,0,0,0,0,0,0
1.875,3.00032615661621,-0.851323962211609,-0.767760276794434,-0.00146727787796408,0.00444844085723162,0.00119898677803576,1.13268876075745,0.695671021938324,-0.680279493331909,0,0,0,0,0,0
1.8775,3.00032234191895,-0.851312577724457,-0.767757177352905,-0.00153099291492254,0.00467250542715192,0.0012837506365031,1.13126420974731,0.667966604232788,-0.717225849628448,0,0,0,0,0,0
1.88,3.00031852722168,-0.851300597190857,-0.767753839492798,-0.00161014869809151,0.00489796232432127,0.00139467837288976,1.13423454761505,0.671011328697205,-0.720244348049164,0,0,0,0,0,0
1.8825,3.00031447410583,-0.851288080215454,-0.767750203609467,-0.00170033739414066,0.00514738541096449,0.00142628559842706,1.13749146461487,0.673357903957367,-0.722689509391785,0,0,0,0,0,0
1.885,3.00030994415283,-0.851274907588959,-0.767746567726135,-0.00173956551589072,0.00541127007454634,0.00146189937368035,1.14057576656342,0.674258589744568,-0.724639534950256,0,0,0,0,0,0
1.8875,3.00030565261841,-0.851261079311371,-0.767742872238159,-0.00180009589530528,0.00570889096707106,0.00149732129648328,1.171222448349,0.660936295986176,-0.765275537967682,0,0,0,0,0,0
1.89,3.00030112266541,-0.851246416568756,-0.767739117145538,-0.00186504039447755,0.00595683371648192,0.0015162123600021,1.17534637451172,0.662083208560944,-0.765252351760864,0,0,0,0,0,0
1.8925,3.00029635429382,-0.851231217384338,-0.767735302448273,-0.00189414503984153,0.00620157085359097,0.00154347193893045,1.17893671989441,0.663773834705353,-0.764994442462921,0,0,0,0,0,0
1.895,3.00029158592224,-0.851215422153473,-0.767731428146362,-0.00197332096286118,0.00649953214451671,0.00153544801287353,1.18142247200012,0.665686249732971,-0.765020072460175,0,0,0,0,0,0
1.8975,3.00026607513428,-0.851218938827515,-0.767720282077789,-0.00208279909566045,0.00669771479442716,0.00159981159958988,1.19290482997894,0.66517448425293,-0.907287120819092,0,0,0,0,0,0
1.9,3.00026059150696,-0.851201951503754,-0.7677161693573,-0.00212419684976339,0.00697407778352499,0.00160854961723089,1.19396030902863,0.666083872318268,-0.908057332038879,0,0,0,0,0,0
1.9025,3.00025534629822,-0.851184129714966,-0.7677121758461,-0.00217940658330917,0.00723717175424099,0.00165884639136493,1.19506824016571,0.666462361812592,-0.909173011779785,0,0,0,0,0,0
1.905,3.0002498626709,-0.85116571187973,-0.767708003520966,-0.00222436804324389,0.00754071632400155,0.00168006215244532,1.19664430618286,0.667250394821167,-0.910186409950256,0,0,0,0,0,0
1.9075,3.000244140625,-0.851146519184113,-0.767703771591187,-0.00224643968977034,0.00782957766205072,0.00169285328593105,1.19635927677155,0.652017831802368,-1.13900625705719,0,0,0,0,0,0
1.91,3.00023865699768,-0.851126551628113,-0.767699480056763,-0.00226192292757332,0.00810412224382162,0.00167736795265228,1.19924306869507,0.654289245605469,-1.14070558547974,0,0,0,0,0,0
1.9125,3.00023293495178,-0.851105928421021,-0.767695307731628,-0.00224088155664504,0.00837190356105566,0.00168936757836491,1.20249390602112,0.657066822052002,-1.14296448230743,0,0,0,0,0,0
1.915,3.00022745132446,-0.851084649562836,-0.767691075801849,-0.00224722898565233,0.00863449741154909,0.00171042594593018,1.2054545879364,0.65961891412735,-1.14493453502655,0,0,0,0,0,0
1.9175,3.00022196769714,-0.851062774658203,-0.767686724662781,-0.00223411526530981,0.00887688715010881,0.00170273461844772,1.24226462841034,0.636613190174103,-1.42933964729309,0,0,0,0,0,0
1.92,3.00021648406982,-0.851040303707123,-0.767682492733002,-0.00222943653352559,0.00914624612778425,0.00170130888000131,1.24327540397644,0.638205230236053,-1.43093121051788,0,0,0,0,0,0
1.9225,3.0002110004425,-0.851017117500305,-0.767678260803223,-0.00224682409316301,0.00938856601715088,0.00168237602338195,1.24408495426178,0.639604330062866,-1.4328864812851,0,0,0,0,0,0
1.925,3.00020551681519,-0.85099333524704,-0.767674088478088,-0.00224774284288287,0.00961918476969004,0.00166359217837453,1.24494576454163,0.641010701656342,-1.43536281585693,0,0,0,0,0,0
1.9275,3.00020003318787,-0.850969016551971,-0.767669916152954,-0.00223953602835536,0.00982945971190929,0.00161517062224448,1.25185644626617,0.606432974338531,-1.65059268474579,0,0,0,0,0,0
1.93,3.00019454956055,-0.850944221019745,-0.767665922641754,-0.00226217112503946,0.0100271515548229,0.00164567388128489,1.25352537631989,0.608088672161102,-1.65211975574493,0,0,0,0,0,0
1.9325,3.00018882751465,-0.850918889045715,-0.76766175031662,-0.00228329608216882,0.0102249458432198,0.00163762597367167,1.25545370578766,0.609462022781372,-1.65303814411163,0,0,0,0,0,0
1.935,3.00018310546875,-0.850893080234528,-0.767657697200775,-7.00757554019838e-05,0.00033493777549048,8.3106425494822e-05,1.25794208049774,0.610318958759308,-1.6541690826416,0,0,0,0,0,0
1.9375,3.00018572807312,-0.850904583930969,-0.767659425735474,-6.25188298392183e-05,0.000251638526149807,1.68908858518857e-05,1.27249467372894,0.634169161319733,-1.65206015110016,0,0,0,0,0,0
1.94,3.00018548965454,-0.850904047489166,-0.767659485340118,-2.43279598012295e-05,0.000226985820688905,-3.21623039985178e-06,1.27618730068207,0.63522881269455,-1.65360128879547,0,0,0,0,0,0
1.9425,3.00018548965454,-0.850903511047363,-0.767659485340118,-2.14682938071427e-05,0.000282640307587896,-3.47291275838597e-05,1.2793835401535,0.637042462825775,-1.65529310703278,0,0,0,0,0,0
1.945,3.00018548965454,-0.850902736186981,-0.767659604549408,-1.31229906658915e-05,0.000281725282076439,-4.94460279762341e-05,1.28192102909088,0.639076113700867,-1.65720498561859,0,0,0,0,0,0
1.9475,3.00019550323486,-0.850875437259674,-0.767680168151855,1.97464999018848e-07,0.000281914515653625,-7.13396511855535e-05,1.33588469028473,0.64961451292038,-1.53257930278778,0,0,0,0,0,0
1.95,3.00019550323486,-0.850874722003937,-0.76768034696579,6.69221408315934e-05,0.000485036638565361,-0.000151133572217077,1.33808827400208,0.651584625244141,-1.53526747226715,0,0,0,0,0,0
1.9525,3.00019574165344,-0.850873231887817,-0.767680883407593,-0.000231472542509437,0.0009064533514902,-0.000122814220958389,1.34116232395172,0.654291868209839,-1.53869366645813,0,0,0,0,0,0
1.955,3.00019478797913,-0.850870430469513,-0.767681181430817,-0.000397524359868839,0.0012726706918329,-0.000173879903741181,1.34472322463989,0.65765917301178,-1.54295527935028,0,0,0,0,0,0
1.9575,3.00019359588623,-0.850866794586182,-0.767681658267975,-0.000555421109311283,0.00164901500102133,-0.000204174561076798,1.39901840686798,0.666764795780182,-1.45877552032471,0,0,0,0,0,0
1.96,3.00019192695618,-0.850862205028534,-0.767682194709778,-0.000718546274583787,0.00197542365640402,-0.000226529882638715,1.40149080753326,0.669743478298187,-1.4616152048111,0,0,0,0,0,0
1.9625,3.00019001960754,-0.850856900215149,-0.767682790756226,-0.000800679728854448,0.00231005321256816,-0.000261971988948062,1.40361022949219,0.672174215316772,-1.46406733989716,0,0,0,0,0,0
1.965,3.00018787384033,-0.850850701332092,-0.767683446407318,-0.000877187587320805,0.00266200606711209,-0.000290284195216373,1.40532350540161,0.673755824565887,-1.46627342700958,0,0,0,0,0,0
1.9675,3.00018548965454,-0.850843608379364,-0.7676842212677,-0.000973439251538366,0.00297715957276523,-0.000369343790225685,1.39037048816681,0.696345567703247,-1.37282848358154,0,0,0,0,0,0
1.97,3.00018310546875,-0.850835800170898,-0.767685234546661,-0.0010352919343859,0.00330317998304963,-0.000443879398517311,1.392254114151,0.697641670703888,-1.37427508831024,0,0,0,0,0,0
1.9725,3.00017285346985,-0.850824773311615,-0.767684578895569,-0.00109437084756792,0.0036405420396477,-0.000501115748193115,1.39442408084869,0.699807465076447,-1.3756091594696,0,0,0,0,0,0
1.975,3.0001699924469,-0.850815236568451,-0.767685949802399,-0.00119265436660498,0.00395732559263706,-0.000521406356710941,1.39627110958099,0.701901137828827,-1.37720513343811,0,0,0,0,0,0
1.9775,3.00016689300537,-0.850804924964905,-0.767687261104584,-0.00125401001423597,0.00430760206654668,-0.000632188748568296,1.33811366558075,0.696334719657898,-1.33395648002625,0,0,0,0,0,0
1.98,3.00016355514526,-0.850793719291687,-0.767688989639282,-0.00132780137937516,0.00462867971509695,-0.000643569626845419,1.339723944664,0.696825444698334,-1.33513820171356,0,0,0,0,0,0
1.9825,3.00016021728516,-0.850781738758087,-0.767690598964691,-0.00138722255360335,0.00501316459849477,-0.000718468858394772,1.34230160713196,0.697565853595734,-1.3370988368988,0,0,0,0,0,0
1.985,3.00015664100647,-0.850768744945526,-0.767692506313324,-0.00139498885255307,0.00535096600651741,-0.000766555487643927,1.34534895420074,0.699202179908752,-1.33967924118042,0,0,0,0,0,0
1.9875,3.00015306472778,-0.850754916667938,-0.767694473266602,-0.00143454875797033,0.0056819305755198,-0.000850904441904277,1.26593852043152,0.702954530715942,-1.39153134822845,0,0,0,0,0,0
1.99,3.00014925003052,-0.850740313529968,-0.767696738243103,-0.00141523370984942,0.00606512278318405,-0.000920130463782698,1.26799201965332,0.704934537410736,-1.39269173145294,0,0,0,0,0,0
1.9925,3.00014591217041,-0.850724637508392,-0.767699122428894,-0.00144080887548625,0.00643289927393198,-0.000987923587672412,1.26990306377411,0.706883132457733,-1.39337658882141,0,0,0,0,0,0
1.995,3.00014209747314,-0.850708067417145,-0.767701685428619,-0.00144874840043485,0.0067807394079864,-0.00105380220338702,1.27192568778992,0.708961129188538,-1.39439415931702,0,0,0,0,0,0
1.9975,3.00012612342834,-0.850688815116882,-0.767701268196106,-0.00141791417263448,0.00715097459033132,-0.00112680671736598,1.22200345993042,0.690004587173462,-1.48515844345093,0,0,0,0,0,0
2,3.00012278556824,-0.850670456886292,-0.7677041888237,-0.00140515144448727,0.00751438876613975,-0.0011799979256466,1.22382748126984,0.690740406513214,-1.48689484596252,0,0,0,0,0,0
2.0025,3.00011920928955,-0.850651204586029,-0.767707169055939,-0.00140588718932122,0.00788406655192375,-0.00121318455785513,1.22654128074646,0.690832078456879,-1.48843002319336,0,0,0,0,0,0
2.005,3.00011563301086,-0.850631058216095,-0.767710208892822,-0.000115702594692163,0.000710275485210218,-0.000143396257569394,1.22999584674835,0.691045105457306,-1.48943829536438,0,0,0,0,0,0
2.0075,3.00011682510376,-0.850638210773468,-0.767709255218506,-6.09154149034894e-05,0.00047646382811161,-7.92943478794628e-05,1.19286930561066,0.693143427371979,-1.49552595615387,0,0,0,0,0,0
2.01,3.00011682510376,-0.850637316703796,-0.767709374427795,-3.16044352075551e-05,0.000854238169267774,-7.29476450942457e-05,1.19580268859863,0.694546043872833,-1.49729096889496,0,0,0,0,0,0
2.0125,3.00011682510376,-0.850634694099426,-0.76770955324173,-1.80393726623151e-06,0.00119198579341173,-0.000125665566883981,1.19877648353577,0.696362972259521,-1.4996497631073,0,0,0,0,0,0
2.015,3.00011682510376,-0.850631296634674,-0.767709910869598,3.0514409445459e-05,0.00154439022298902,-0.000142422824865207,1.20114326477051,0.698118984699249,-1.50212454795837,0,0,0,0,0,0
2.0175,3.00011682510376,-0.85062700510025,-0.767710268497467,5.40206419827882e-05,0.00189687544479966,-0.000160157593199983,1.1576817035675,0.702812850475311,-1.40413236618042,0,0,0,0,0,0
2.02,3.00011706352234,-0.850621819496155,-0.76771068572998,6.20881983195432e-05,0.00226600421592593,-0.000181058552698232,1.1595174074173,0.703693866729736,-1.40560233592987,0,0,0,0,0,0
2.0225,3.0001049041748,-0.850623726844788,-0.767713963985443,7.97992615844123e-05,0.00265854364261031,-0.000247380579821765,1.16110277175903,0.704449951648712,-1.40632891654968,0,0,0,0,0,0
2.025,3.00010514259338,-0.850616633892059,-0.76771467924118,0.000122906174510717,0.00301828375086188,-0.000253101432463154,1.16297221183777,0.705694973468781,-1.40719854831696,0,0,0,0,0,0
2.0275,3.00010561943054,-0.850608646869659,-0.767715334892273,0.000125774880871177,0.00338553916662931,-0.000256115046795458,1.0831823348999,0.721020996570587,-1.30657696723938,0,0,0,0,0,0
2.03,3.00010585784912,-0.850599706172943,-0.767715990543365,-5.78747349209152e-05,0.00346976728178561,6.60337609588169e-05,1.08609485626221,0.723195016384125,-1.30913996696472,0,0,0,0,0,0
2.0325,3.00010538101196,-0.850590944290161,-0.767715454101562,-0.000154271925566718,0.0037002966273576,0.000258622341789305,1.08857393264771,0.725680708885193,-1.31282901763916,0,0,0,0,0,0
2.035,3.0001049041748,-0.850581407546997,-0.767714560031891,-0.00025028275558725,0.00388488289900124,0.000465971446828917,1.09059655666351,0.727560222148895,-1.31665217876434,0,0,0,0,0,0
2.0375,3.00010418891907,-0.850571513175964,-0.767713129520416,-0.000301576568745077,0.00413732370361686,0.000648435554467142,1.00454711914062,0.720762372016907,-1.31113088130951,0,0,0,0,0,0
2.04,3.00010323524475,-0.85056084394455,-0.767711281776428,-0.000401967816287652,0.00443570595234632,0.000844711263198406,1.00611662864685,0.7211634516716,-1.3140150308609,0,0,0,0,0,0
2.0425,3.00010228157043,-0.850549399852753,-0.767708957195282,-0.000472528277896345,0.00474678445607424,0.00105003244243562,1.00781202316284,0.722199618816376,-1.31645905971527,0,0,0,0,0,0
2.045,3.00010108947754,-0.850537121295929,-0.767706096172333,-0.000808415003120899,0.0053267190232873,0.000890790310222656,1.0092476606369,0.723084986209869,-1.3182989358902,0,0,0,0,0,0
2.0475,3.00009846687317,-0.850523114204407,-0.76770406961441,-0.00105301022995263,0.00588578823953867,0.000807215052191168,0.965874373912811,0.723226726055145,-1.22127199172974,0,0,0,0,0,0
2.05,3.00009536743164,-0.850507736206055,-0.767702162265778,-0.00128741620574147,0.00642752787098289,0.000741456809919327,0.966639637947083,0.722983419895172,-1.22176480293274,0,0,0,0,0,0
2.0525,3.00009202957153,-0.850490987300873,-0.767700374126434,-0.0014935783110559,0.00691746966913342,0.000644378771539778,0.967952847480774,0.722739160060883,-1.2229677438736,0,0,0,0,0,0
2.055,3.00008821487427,-0.85047310590744,-0.767698884010315,-0.00170630309730768,0.00742378644645214,0.000563804002013057,0.969622850418091,0.722427904605865,-1.22489011287689,0,0,0,0,0,0
2.0575,3.00008368492126,-0.850453913211823,-0.767697632312775,-0.00194621656555682,0.00791655015200377,0.000503189687151462,0.979852139949799,0.733136057853699,-1.06976270675659,0,0,0,0,0,0
2.06,3.00007843971252,-0.850433528423309,-0.767696440219879,-0.00214135204441845,0.0083819767460227,0.000440862320829183,0.981840431690216,0.733186364173889,-1.07303762435913,0,0,0,0,0,0
2.0625,3.00007271766663,-0.850412011146545,-0.767695426940918,-0.00233048386871815,0.00890068430453539,0.00033101812005043,0.983442664146423,0.734047651290894,-1.07623469829559,0,0,0,0,0,0
2.065,3.00006651878357,-0.850389122962952,-0.767694711685181,-0.00253328657709062,0.00937766674906015,0.000255181948887184,0.985264420509338,0.735725820064545,-1.07836377620697,0,0,0,0,0,0
2.0675,3.00005984306335,-0.850365102291107,-0.767694175243378,-0.00270213349722326,0.00992646906524897,0.000175136490724981,1.0072637796402,0.740339159965515,-1.03528487682343,0,0,0,0,0,0
2.07,3.00005269050598,-0.850339591503143,-0.767693817615509,-0.00287919514812529,0.0104144960641861,0.000142789052915759,1.00966382026672,0.742360472679138,-1.03637027740479,0,0,0,0,0,0
2.0725,3.00004005432129,-0.850315749645233,-0.767692089080811,-0.00301626417785883,0.0109116323292255,5.90606578043662e-05,1.01182496547699,0.744314074516296,-1.03772854804993,0,0,0,0,0,0
2.075,3.00003242492676,-0.850287795066833,-0.767692029476166,-0.00314195803366601,0.011394863948226,-8.95539415068924e-06,1.0133650302887,0.746167838573456,-1.03944075107574,0,0,0,0,0,0
2.0775,3.00002455711365,-0.850258708000183,-0.767692148685455,-0.00325042731128633,0.0119015946984291,-6.00627972744405e-05,1.07635188102722,0.747407853603363,-0.983245015144348,0,0,0,0,0,0
2.08,3.00001621246338,-0.850228309631348,-0.767692387104034,-0.00335456780157983,0.0123632391914725,-8.04165902081877e-05,1.07763969898224,0.749148070812225,-0.985745906829834,0,0,0,0,0,0
2.0825,3.00000762939453,-0.850196838378906,-0.767692625522614,-0.000210110645216535,0.00081508786196241,-7.24458588814689e-06,1.07938265800476,0.75076562166214,-0.988662958145142,0,0,0,0,0,0
2.085,3.00001120567322,-0.85020923614502,-0.767692506313324,-0.000133944187333829,0.000593405979769431,-3.26389023145057e-05,1.08126080036163,0.752391636371613,-0.991454780101776,0,0,0,0,0,0
2.0875,3.00001096725464,-0.850208044052124,-0.767692625522614,-0.000100176831420074,0.000588569808803229,-4.94623363384117e-05,1.12995147705078,0.748809576034546,-1.04261696338654,0,0,0,0,0,0
2.09,3.00001072883606,-0.850206553936005,-0.767692744731903,-0.00011362162151021,0.000580584344985683,-8.60915110260401e-05,1.13066983222961,0.749514997005463,-1.0444164276123,0,0,0,0,0,0
2.0925,3.00001049041748,-0.850205063819885,-0.767692983150482,-8.70309460938462e-05,0.000606596969572205,-8.22782045364867e-05,1.13152050971985,0.750305652618408,-1.04606878757477,0,0,0,0,0,0
2.095,3.00001049041748,-0.850203514099121,-0.767693161964417,-8.72419422982515e-05,0.000602768199058814,-0.000100014251305298,1.13319611549377,0.751288771629333,-1.04785144329071,0,0,0,0,0,0
2.0975,3.0000102519989,-0.850202023983002,-0.767693400382996,-0.000102084695993586,0.000631105059274724,-8.89184637405591e-05,1.20063877105713,0.755977988243103,-1.03479361534119,0,0,0,0,0,0
2.1,3.00000977516174,-0.850200414657593,-0.767693638801575,-8.48553716973992e-05,0.000605869232799111,-7.42466436562345e-05,1.20263624191284,0.757681846618652,-1.03636729717255,0,0,0,0,0,0
2.1025,3.00000977516174,-0.850198924541473,-0.767693817615509,-6.70654004200149e-05,0.000588796618429827,-6.92691188386748e-05,1.20462262630463,0.759327709674835,-1.0379775762558,0,0,0,0,0,0
2.105,3.00000953674316,-0.850197494029999,-0.767693936824799,-5.95953349533589e-05,0.000564311772442271,-5.16243217847553e-05,1.20666432380676,0.760604739189148,-1.03970992565155,0,0,0,0,0,0
2.1075,3.00000929832458,-0.850196063518524,-0.767694056034088,-5.11778814138536e-05,0.000558962763166883,-4.59926928263889e-05,1.29073858261108,0.76287704706192,-0.942610919475555,0,0,0,0,0,0
2.11,3.00000905990601,-0.850194692611694,-0.767694175243378,-5.98644281149495e-05,0.000526344649180473,-4.52119884134422e-05,1.29188883304596,0.763472557067871,-0.945092856884003,0,0,0,0,0,0
2.1125,3.00000882148743,-0.850193440914154,-0.767694294452667,-9.25790828418874e-05,0.000499378457057685,-5.35629272016377e-05,1.29329538345337,0.764297544956207,-0.947459101676941,0,0,0,0,0,0
2.115,3.00000858306885,-0.850192248821259,-0.767694413661957,-7.56254916971396e-05,0.000493824277146176,-4.50119309885689e-05,1.29545927047729,0.765855848789215,-0.949247419834137,0,0,0,0,0,0
2.1175,3.00000834465027,-0.850190997123718,-0.767694532871246,-6.95543959719174e-05,0.000496436704269267,-4.92369389918498e-05,1.36883807182312,0.771303117275238,-0.896589636802673,0,0,0,0,0,0
2.12,3.00000810623169,-0.850189745426178,-0.767694652080536,-8.34715359343752e-05,0.000454790411414457,-5.30836434122959e-05,1.37130808830261,0.771947264671326,-0.897610545158386,0,0,0,0,0,0
2.1225,2.9999942779541,-0.850200533866882,-0.767704427242279,-6.06277317274362e-05,0.000470951956231147,-5.31315745320171e-05,1.37314736843109,0.771981954574585,-0.899379909038544,0,0,0,0,0,0
2.125,2.99999403953552,-0.850199341773987,-0.767704546451569,-0.000132475877762772,0.00080573302693665,-5.56516570213716e-05,1.37460839748383,0.771930694580078,-0.902116119861603,0,0,0,0,0,0
2.1275,2.99999356269836,-0.850196897983551,-0.767704725265503,-0.000168166268849745,0.00109241798054427,-8.69452851475216e-05,1.44315230846405,0.759098649024963,-0.851277530193329,0,0,0,0,0,0
2.13,2.99999308586121,-0.850193798542023,-0.767704963684082,-0.000222246875637211,0.00135653477627784,-0.000124337660963647,1.44492840766907,0.759008169174194,-0.855315744876862,0,0,0,0,0,0
2.1325,2.99999260902405,-0.850190103054047,-0.767705321311951,-0.000234087012358941,0.00164890440646559,-0.000119371405162383,1.44582879543304,0.759733557701111,-0.859049737453461,0,0,0,0,0,0
2.135,2.99999189376831,-0.850185573101044,-0.767705619335175,-0.000270585616817698,0.00194980134256184,-0.000161524993018247,1.44590294361115,0.761011838912964,-0.862036347389221,0,0,0,0,0,0
2.1375,2.99999117851257,-0.850180327892303,-0.767706036567688,-0.000344092550221831,0.00223816814832389,-0.000168919548741542,1.50196397304535,0.782946646213531,-0.923352062702179,0,0,0,0,0,0
2.14,2.99999022483826,-0.850174367427826,-0.767706513404846,-0.000399364274926484,0.00253245374187827,-0.000194716441910714,1.50320088863373,0.783816933631897,-0.924946904182434,0,0,0,0,0,0
2.1425,2.99998927116394,-0.850167691707611,-0.767706990242004,-0.000440713338321075,0.00281043327413499,-0.000215235937503166,1.50461518764496,0.784441292285919,-0.92711067199707,0,0,0,0,0,0
2.145,2.99998807907104,-0.850160300731659,-0.767707586288452,-0.000448400911409408,0.00310948491096497,-0.000226413001655601,1.50579142570496,0.78499448299408,-0.930099844932556,0,0,0,0,0,0
2.1475,2.99999952316284,-0.85010689496994,-0.76771467924118,-0.000476618006359786,0.00342469988390803,-0.000297536927973852,1.56399810314178,0.801436007022858,-0.9639493227005,0,0,0,0,0,0
2.15,2.99999833106995,-0.850097954273224,-0.767715513706207,-9.06873294719765e-05,0.000673750203896398,-7.00661044117483e-05,1.56409108638763,0.801776051521301,-0.967194616794586,0,0,0,0,0,0
2.1525,2.99999856948853,-0.850099742412567,-0.767715394496918,-4.07894655157747e-05,0.000435936401931628,-4.77981317779691e-05,1.56438708305359,0.8019939661026,-0.969383597373962,0,0,0,0,0,0
2.155,2.99999833106995,-0.850098967552185,-0.767715513706207,-4.56406142287491e-05,0.000388117401971524,-4.70429148424493e-05,1.56518745422363,0.801850378513336,-0.971119523048401,0,0,0,0,0,0
2.1575,2.99999809265137,-0.850098073482513,-0.767715632915497,-4.44510498706445e-05,0.000366220190604121,-2.66360222723214e-05,1.68048536777496,0.818445980548859,-0.855611145496368,0,0,0,0,0,0
2.16,2.99999785423279,-0.850097179412842,-0.767715692520142,-4.75745036965236e-05,0.000543478759936988,-4.86158314743079e-05,1.68210887908936,0.819079637527466,-0.858295261859894,0,0,0,0,0,0
2.1625,2.99999761581421,-0.850095629692078,-0.767715811729431,-0.000112703564809635,0.000743088778108358,-3.65971500286832e-05,1.68455302715302,0.820439755916595,-0.861287534236908,0,0,0,0,0,0
2.165,2.99999713897705,-0.850093483924866,-0.767715871334076,-0.000139531533932313,0.000929701025597751,-5.88606744713616e-05,1.68686437606812,0.821893632411957,-0.864228665828705,0,0,0,0,0,0
2.1675,2.99999690055847,-0.850090980529785,-0.76771605014801,-0.000185263357707299,0.00113399734254926,3.40948963639676e-06,1.75439763069153,0.843710780143738,-0.79899924993515,0,0,0,0,0,0
2.17,2.99999642372131,-0.850087881088257,-0.767715990543365,-0.000199867819901556,0.00127145159058273,2.92552522296319e-05,1.75493490695953,0.844677448272705,-0.800414264202118,0,0,0,0,0,0
2.1725,2.99997329711914,-0.85010153055191,-0.767703831195831,-0.000226029951591045,0.00141808541957289,3.51053131453227e-05,1.75544059276581,0.844915091991425,-0.80189049243927,0,0,0,0,0,0
2.175,2.9999725818634,-0.850097835063934,-0.767703771591187,-0.00024317046336364,0.00157208065502346,4.334028926678e-05,1.75631320476532,0.844773709774017,-0.803965628147125,0,0,0,0,0,0
2.1775,2.99997186660767,-0.850093722343445,-0.767703652381897,-0.00028486896189861,0.00171510083600879,3.86017200071365e-05,1.80283117294312,0.877766668796539,-0.701557159423828,0,0,0,0,0,0
2.18,2.99997115135193,-0.850089251995087,-0.767703592777252,-0.000247758231125772,0.00179554894566536,3.76671196136158e-05,1.80419528484344,0.879972159862518,-0.703746914863586,0,0,0,0,0,0
2.1825,2.99997043609619,-0.850084662437439,-0.767703533172607,-0.00020508049055934,0.00191135646309704,1.62821652338607e-05,1.80538630485535,0.882659494876862,-0.706066906452179,0,0,0,0,0,0
2.185,2.99996995925903,-0.850079774856567,-0.767703533172607,-0.000203885138034821,0.00200208509340882,3.21048137266189e-05,1.80646169185638,0.88442599773407,-0.708644211292267,0,0,0,0,0,0
2.1875,2.99996948242188,-0.850074648857117,-0.767703413963318,-0.000191133527550846,0.00211060512810946,4.66340388811659e-05,1.90820395946503,0.906811475753784,-0.627065718173981,0,0,0,0,0,0
2.19,2.99996900558472,-0.850069224834442,-0.767703294754028,-0.000171334366314113,0.00215092045255005,5.78444742131978e-05,1.91046822071075,0.90718138217926,-0.630136907100677,0,0,0,0,0,0
2.1925,2.99996852874756,-0.850063800811768,-0.767703115940094,-0.000196359265828505,0.00224851607345045,4.20110955019481e-05,1.91241610050201,0.907492697238922,-0.633402109146118,0,0,0,0,0,0
2.195,2.9999680519104,-0.850058078765869,-0.767702996730804,-0.000134128087665886,0.00231597619131207,0.000116892406367697,1.91346192359924,0.907853066921234,-0.636806845664978,0,0,0,0,0,0
2.1975,2.99993658065796,-0.850085735321045,-0.767691969871521,-0.000103572732768953,0.00243985396809876,0.000167848193086684,1.98646020889282,0.916767537593842,-0.531353056430817,0,0,0,0,0,0
2.2,2.99993634223938,-0.850079476833344,-0.767691433429718,-4.70890590804629e-05,0.00247200508601964,0.000213318184250966,1.98596358299255,0.917340755462646,-0.534664690494537,0,0,0,0,0,0
2.2025,2.99993634223938,-0.850073218345642,-0.767690896987915,1.73408957239653e-06,0.0002885134196908,3.2431585040787e-05,1.98516738414764,0.918766856193542,-0.537420511245728,0,0,0,0,0,0
2.205,2.99993634223938,-0.850075244903564,-0.767691016197205,8.96676772603378e-06,0.000157769581936913,4.53799734135685e-05,1.98532807826996,0.92086136341095,-0.539885222911835,0,0,0,0,0,0
2.2075,2.99993634223938,-0.850075006484985,-0.767690896987915,4.04547996289784e-05,0.000108815987821837,1.82218933802692e-05,2.08844590187073,0.898953557014465,-0.304355084896088,0,0,0,0,0,0
2.21,2.99993658065796,-0.850074768066406,-0.767690896987915,6.79373063664861e-05,3.80257045517521e-05,3.33921080926861e-05,2.089271068573,0.899589061737061,-0.307187557220459,0,0,0,0,0,0
2.2125,2.99993681907654,-0.850074768066406,-0.767690777778625,4.54087495764352e-05,2.69777864102636e-05,2.33118122450728e-05,2.08949875831604,0.899399518966675,-0.309477090835571,0,0,0,0,0,0
2.215,2.99993705749512,-0.850074708461761,-0.767690777778625,6.60653681422559e-05,1.01828324103176e-05,1.08510602337053e-05,2.08912897109985,0.899338901042938,-0.31120553612709,0,0,0,0,0,0
2.2175,2.9999372959137,-0.850074708461761,-0.767690718173981,5.55989683369757e-05,1.20121365486027e-05,1.20118077732646e-05,2.17408800125122,0.884916305541992,-0.105241864919662,0,0,0,0,0,0
2.22,2.99993753433228,-0.850074648857117,-0.767690658569336,3.82426932901806e-05,-3.55162711154965e-05,-9.79229698018224e-06,2.17327642440796,0.886468172073364,-0.107560694217682,0,0,0,0,0,0
2.2225,2.99994373321533,-0.850040912628174,-0.767702162265778,4.31796652264893e-05,-6.15180615568534e-05,1.72830937117396e-06,2.17300987243652,0.88798588514328,-0.109704948961735,0,0,0,0,0,0
2.225,2.99994397163391,-0.850041091442108,-0.767702162265778,3.58811634722155e-05,-3.85351734545701e-05,-1.9351772692585e-05,2.17314600944519,0.889091491699219,-0.111193634569645,0,0,0,0,0,0
2.2275,2.99994421005249,-0.850041151046753,-0.767702221870422,5.92680648866843e-05,-4.92893110455365e-05,-4.15572517798063e-05,2.2149350643158,0.852854251861572,0.0109999617561698,0,0,0,0,0,0
2.23,2.99994444847107,-0.850041270256042,-0.767702400684357,6.39759918741486e-05,-3.294494035047e-05,-5.34956335836185e-05,2.21503329277039,0.852551877498627,0.00905910599976778,0,0,0,0,0,0
2.2325,2.99994468688965,-0.850041329860687,-0.767702519893646,7.02105312854979e-05,-1.63905098081894e-05,-3.97307547916034e-05,2.21547913551331,0.851845681667328,0.00651654601097107,0,0,0,0,0,0
2.235,2.99994492530823,-0.850041329860687,-0.767702579498291,4.58315584689604e-05,2.22470857332923e-06,-6.42915448307536e-05,2.21634888648987,0.851111948490143,0.00367133668623865,0,0,0,0,0,0
2.2375,2.99994516372681,-0.850041329860687,-0.767702758312225,8.04416049504653e-05,2.37263393501053e-05,-9.96680901153013e-05,2.23290061950684,0.807217955589294,0.143592953681946,0,0,0,0,0,0
2.24,2.99994540214539,-0.850041270256042,-0.767703056335449,6.56671618344262e-05,1.05230537883472e-05,-0.000139188356115483,2.23433184623718,0.80815327167511,0.140418604016304,0,0,0,0,0,0
2.2425,2.99994564056396,-0.850041210651398,-0.767703473567963,7.67544261179864e-05,-3.5560686228564e-05,-0.00015033561794553,2.23627734184265,0.809242784976959,0.137550592422485,0,0,0,0,0,0
2.245,2.99994587898254,-0.850041329860687,-0.767703831195831,0.000115033551992383,-6.24476306256838e-05,-0.000177350826561451,2.23796153068542,0.810349106788635,0.135259687900543,0,0,0,0,0,0
2.2475,2.99994444847107,-0.850034058094025,-0.767694771289825,0.000131890788907185,-0.000134498055558652,-0.000236013700487092,2.19087147712708,0.793259799480438,0.0987856313586235,0,0,0,0,0,0
2.25,2.99994468688965,-0.850034475326538,-0.767695426940918,0.000175426219357178,-0.00013471397687681,-0.000231350248213857,2.19256329536438,0.794385135173798,0.0970619097352028,0,0,0,0,0,0
2.2525,2.99994516372681,-0.850034773349762,-0.767696022987366,0.000183432799531147,-0.000216158630792052,-0.000265677750576288,2.19413995742798,0.795777082443237,0.0956868752837181,0,0,0,0,0,0
2.255,2.99994564056396,-0.850035429000854,-0.767696738243103,0.000197728411876597,-0.000246846466325223,-0.000286961381789297,2.1949987411499,0.796842813491821,0.0937838107347488,0,0,0,0,0,0
2.2575,2.99994611740112,-0.850036084651947,-0.76769745349884,0.000264824600890279,-0.00034531278652139,-0.000312435207888484,2.14754414558411,0.772402048110962,0.0342189595103264,0,0,0,0,0,0
2.26,2.99994683265686,-0.850037097930908,-0.767698287963867,0.000282314169453457,-0.000369488436263055,-0.000323571730405092,2.14704728126526,0.771932244300842,0.0310788825154305,0,0,0,0,0,0
2.2625,2.9999475479126,-0.850038051605225,-0.767699062824249,5.48457836781994e-05,-8.50485567865068e-05,-7.59876850268397e-05,2.14675521850586,0.771727502346039,0.0284036919474602,0,0,0,0,0,0
2.265,2.9999475479126,-0.85003787279129,-0.76769894361496,3.7671297469608e-05,-6.84563053706694e-05,-4.66371918548007e-05,2.14716482162476,0.772291541099548,0.0263018123805523,0,0,0,0,0,0
2.2675,2.99994778633118,-0.85003799200058,-0.767699003219604,2.02837388565836e-05,-7.16586233896715e-05,-4.52668288303562e-05,2.04559969902039,0.762506008148193,-0.100945062935352,0,0,0,0,0,0
2.27,2.99994778633118,-0.850038230419159,-0.767699122428894,1.86121249232365e-05,-2.97478963866021e-05,-4.76474102469182e-05,2.04638457298279,0.763631939888,-0.104243859648705,0,0,0,0,0,0
2.2725,2.99992203712463,-0.850066244602203,-0.767689824104309,6.74793318466982e-06,-5.40827841177816e-06,-5.55857441213448e-05,2.0462474822998,0.76432329416275,-0.108236946165562,0,0,0,0,0,0
2.275,2.99992203712463,-0.850066184997559,-0.767689943313599,5.21933624392905e-07,-1.2447411295668e-05,-4.70165044931922e-05,2.04571509361267,0.764591217041016,-0.112286455929279,0,0,0,0,0,0
2.2775,2.99992203712463,-0.850066244602203,-0.767690062522888,2.85521513701347e-05,-8.25350201324808e-06,-4.97887370725259e-05,1.94886600971222,0.728395819664001,-0.252321273088455,0,0,0,0,0,0
2.28,2.99992203712463,-0.850066304206848,-0.767690181732178,9.93908940786962e-06,2.39883807216344e-05,-4.06843119541873e-05,1.94843590259552,0.728030323982239,-0.25501474738121,0,0,0,0,0,0
2.2825,2.99992203712463,-0.850066184997559,-0.767690300941467,7.13680889615816e-06,1.86713475452927e-05,-5.70895007208762e-05,1.94848549365997,0.727586627006531,-0.257492184638977,0,0,0,0,0,0
2.285,2.99992203712463,-0.850066184997559,-0.767690479755402,-1.00737470352626e-05,2.18197503836322e-05,-3.74209762628612e-05,1.94916415214539,0.727071166038513,-0.26029160618782,0,0,0,0,0,0
2.2875,2.99992203712463,-0.850066125392914,-0.767690539360046,-2.63838381564198e-05,2.46665289712451e-05,-5.59596498575148e-05,1.86629843711853,0.70172119140625,-0.291379392147064,0,0,0,0,0,0
2.29,2.99992203712463,-0.850066006183624,-0.767690718173981,-5.10124225712557e-05,5.91763680771212e-05,-4.67854659918221e-05,1.86627328395844,0.701783120632172,-0.293789803981781,0,0,0,0,0,0
2.2925,2.99992179870605,-0.85006582736969,-0.76769083738327,-5.83554203964268e-05,4.70716708274113e-05,-3.60513233559069e-05,1.86670923233032,0.702256143093109,-0.296138197183609,0,0,0,0,0,0
2.295,2.99992156028748,-0.8500657081604,-0.767690896987915,-6.40564206996157e-05,8.02371166724009e-05,-3.80827335599852e-05,1.86730372905731,0.702221095561981,-0.298617720603943,0,0,0,0,0,0
2.2975,2.99990963935852,-0.850067317485809,-0.767689406871796,-2.99365474347724e-05,7.872923015384e-05,-3.17194608214777e-05,1.81378829479218,0.659238040447235,-0.245603606104851,0,0,0,0,0,0
2.3,2.99990963935852,-0.850067138671875,-0.76768946647644,-3.58165832517173e-05,0.000120137870997233,-7.41153471601366e-06,1.81360673904419,0.658038735389709,-0.248316839337349,0,0,0,0,0,0
2.3025,2.99990940093994,-0.850066781044006,-0.767689406871796,-4.53807151643559e-05,0.000243558402871713,-4.47407328465488e-05,1.81330037117004,0.657167851924896,-0.251425921916962,0,0,0,0,0,0
2.305,2.99990916252136,-0.850066065788269,-0.76768958568573,-6.56072807032615e-05,0.000344545347616076,-6.76420240779407e-05,1.81269359588623,0.656558036804199,-0.255151271820068,0,0,0,0,0,0
2.3075,2.99990892410278,-0.850065052509308,-0.767689764499664,-7.26009675418027e-05,0.000486839591758326,-5.97444122831803e-05,1.83488619327545,0.618333876132965,-0.307267248630524,0,0,0,0,0,0
2.31,2.9999086856842,-0.850063621997833,-0.767689943313599,-7.61799601605162e-05,0.000563175533898175,-4.5700366172241e-05,1.83418071269989,0.618207693099976,-0.310610920190811,0,0,0,0,0,0
2.3125,2.99990844726562,-0.850062131881714,-0.767690062522888,-9.41839898587205e-05,0.000714696594513953,-3.55139309249353e-05,1.8330979347229,0.618310749530792,-0.313415735960007,0,0,0,0,0,0
2.315,2.99990820884705,-0.850060164928436,-0.767690122127533,-6.51846057735384e-05,0.000844607246108353,1.27396033349214e-05,1.83192443847656,0.618386328220367,-0.315762758255005,0,0,0,0,0,0
2.3175,2.99990797042847,-0.850057899951935,-0.767690002918243,-0.000108895037556067,0.00100956275127828,2.59670687228208e-05,1.90145528316498,0.627676486968994,-0.231387704610825,0,0,0,0,0,0
2.32,2.99990749359131,-0.850055158138275,-0.767689883708954,-9.9569937447086e-05,0.0011537600075826,4.58726353826933e-05,1.90043592453003,0.628323495388031,-0.234202817082405,0,0,0,0,0,0
2.3225,2.99989700317383,-0.850050926208496,-0.767698168754578,-0.000102576494100504,0.00129989546258003,6.28207417321391e-05,1.89912343025208,0.629277110099792,-0.237207129597664,0,0,0,0,0,0
2.325,2.99989676475525,-0.850047469139099,-0.767697989940643,-0.000124688580399379,0.00142366089858115,5.78497165406588e-05,1.89789426326752,0.630251526832581,-0.240321695804596,0,0,0,0,0,0
2.3275,2.99989652633667,-0.850043714046478,-0.767697811126709,-2.71332164786493e-05,0.000286637537725004,1.69983077763747e-05,1.96905899047852,0.648638248443604,-0.153399854898453,0,0,0,0,0,0
2.33,2.99989676475525,-0.850044429302216,-0.767697811126709,-1.26032809930621e-05,0.000362114573363215,2.81205375358695e-05,1.96791589260101,0.64826899766922,-0.156493574380875,0,0,0,0,0,0
2.3325,2.99989676475525,-0.850043416023254,-0.767697691917419,-1.92720999621088e-05,0.000449926505098119,1.56905844050925e-05,1.96649539470673,0.647447049617767,-0.160034507513046,0,0,0,0,0,0
2.335,2.99989676475525,-0.850042223930359,-0.767697691917419,-5.94928642385639e-05,0.000507658405695111,-2.77135186479427e-05,1.96466422080994,0.646475255489349,-0.163996294140816,0,0,0,0,0,0
2.3375,2.99989652633667,-0.850040853023529,-0.767697811126709,-7.90808480815031e-05,0.000634464609902352,-1.66628178703832e-05,1.99871575832367,0.646438181400299,-0.0755746066570282,0,0,0,0,0,0
2.34,2.99989628791809,-0.850039124488831,-0.767697811126709,-5.55183032702189e-05,0.000716496608220041,-2.34994695347268e-05,1.99669849872589,0.64588075876236,-0.0788694769144058,0,0,0,0,0,0
2.3425,2.99989604949951,-0.850037217140198,-0.767697870731354,-4.1994182538474e-05,0.000825431663542986,-1.98623947653687e-05,1.99530637264252,0.645694017410278,-0.0823422819375992,0,0,0,0,0,0
2.345,2.99989581108093,-0.850035011768341,-0.767697930335999,-3.62873361154925e-05,0.000905864639207721,-3.00833999062888e-05,1.99471664428711,0.645801186561584,-0.0857794210314751,0,0,0,0,0,0
2.3475,2.99989557266235,-0.85003262758255,-0.767698049545288,-2.87992425000994e-05,0.00102885894011706,-5.61520864721388e-05,1.99574220180511,0.647909939289093,-0.0605116672813892,0,0,0,0,0,0
2.35,2.99989557266235,-0.85002988576889,-0.767698228359222,-9.20342426979914e-06,0.00107337592635304,-4.74188127554953e-05,1.99489104747772,0.646648406982422,-0.0627254992723465,0,0,0,0,0,0
2.3525,2.99989557266235,-0.850027143955231,-0.767698347568512,1.06725638033822e-05,0.00118159968405962,-5.10535064677242e-05,1.99381721019745,0.645049154758453,-0.0656030252575874,0,0,0,0,0,0
2.355,2.99989557266235,-0.850024104118347,-0.767698466777802,4.70211889478378e-05,0.00127720413729548,-2.44471866608365e-05,1.99201023578644,0.64375114440918,-0.0691910684108734,0,0,0,0,0,0
2.3575,2.99989581108093,-0.850020825862885,-0.767698526382446,4.67786921944935e-05,0.00140077562537044,-1.50916412167135e-05,2.00648880004883,0.656448245048523,-0.112389072775841,0,0,0,0,0,0
2.36,2.99989604949951,-0.850017189979553,-0.767698526382446,8.5043691797182e-05,0.00149899069219828,1.87208788702264e-05,2.00468397140503,0.655933260917664,-0.115796402096748,0,0,0,0,0,0
2.3625,2.99989628791809,-0.850013315677643,-0.767698466777802,0.000124664162285626,0.00158675049897283,2.38278043980245e-05,2.00435543060303,0.655446648597717,-0.118569418787956,0,0,0,0,0,0
2.365,2.99989676475525,-0.850009202957153,-0.767698407173157,0.000135179507196881,0.00172470568213612,8.0791964137461e-05,2.0045759677887,0.654542803764343,-0.12073490768671,0,0,0,0,0,0
2.3675,2.99989700317383,-0.85000467300415,-0.767698109149933,0.000146089063491672,0.00187095475848764,9.68828317127191e-05,1.98079586029053,0.666471302509308,-0.0524343550205231,0,0,0,0,0,0
2.37,2.99989724159241,-0.849999785423279,-0.767697870731354,0.000157932416186668,0.00200829072855413,0.00014390135766007,1.98047184944153,0.666197538375854,-0.0555136352777481,0,0,0,0,0,0
2.3725,2.99990797042847,-0.849963128566742,-0.76771479845047,0.000176950808963738,0.00213119271211326,0.000157903923536651,1.97995293140411,0.666140496730804,-0.0587440244853497,0,0,0,0,0,0
2.375,2.99990844726562,-0.849957644939423,-0.767714381217957,0.000190910039236769,0.002253896323964,0.000209303398150951,1.97868597507477,0.665854573249817,-0.0619714595377445,0,0,0,0,0,0
2.3775,2.99990892410278,-0.849951863288879,-0.767713785171509,0.000199972841073759,0.00234843115322292,0.000254496844718233,2.00339961051941,0.680580675601959,0.0525936186313629,0,0,0,0,0,0
2.38,2.99990940093994,-0.849945843219757,-0.767713069915771,0.000194154141354375,0.00246234401129186,0.000297042628517374,2.00148415565491,0.679118752479553,0.0495781227946281,0,0,0,0,0,0
2.3825,2.9999098777771,-0.849939525127411,-0.767712235450745,0.000210931029869244,0.00255773542448878,0.000353917392203584,2.00001382827759,0.677774667739868,0.0469917468726635,0,0,0,0,0,0
2.385,2.99991035461426,-0.84993302822113,-0.767711281776428,0.000216811400605366,0.00265294499695301,0.00042186668724753,1.99878466129303,0.677186608314514,0.0444051250815392,0,0,0,0,0,0
2.3875,2.99991083145142,-0.849926292896271,-0.767710089683533,0.00025152153102681,0.00273718032985926,0.000478746194858104,1.9837886095047,0.651980400085449,0.0574558265507221,0,0,0,0,0,0
2.39,2.99991154670715,-0.849919378757477,-0.767708837985992,0.000256150349741802,0.00288033066317439,0.000510287762153894,1.98263514041901,0.652361631393433,0.0539703331887722,0,0,0,0,0,0
2.3925,2.99991226196289,-0.849911987781525,-0.767707526683807,0.000320048915455118,0.00301274261437356,0.000537260086275637,1.981968998909,0.653192222118378,0.0508909188210964,0,0,0,0,0,0
2.395,2.99991321563721,-0.849904239177704,-0.767706155776978,0.000362328893970698,0.00312877749092877,0.000555624254047871,1.98139548301697,0.654184222221375,0.0482765287160873,0,0,0,0,0,0
2.3975,2.99991846084595,-0.849861323833466,-0.767705142498016,0.000413333909818903,0.00331785366870463,0.000598392973188311,1.96209442615509,0.626612365245819,-0.0423904582858086,0,0,0,0,0,0
2.4,2.99991965293884,-0.849852800369263,-0.767703592777252,2.91335094699514e-05,0.000229900643242119,5.58903313528246e-05,1.96213662624359,0.626716613769531,-0.0447486937046051,0,0,0,0,0,0
2.4025,2.99991917610168,-0.84985613822937,-0.767704129219055,2.80087262739974e-05,0.000169583488030519,4.07419060423212e-05,1.96200239658356,0.626432240009308,-0.0471526458859444,0,0,0,0,0,0
2.405,2.99991917610168,-0.849855780601501,-0.767704010009766,2.56234162371339e-05,0.000146855518833655,3.42576466167939e-05,1.96151232719421,0.625767230987549,-0.049885269254446,0,0,0,0,0,0
2.4075,2.99991917610168,-0.849855482578278,-0.767703950405121,6.3794206653256e-05,0.000264437578152865,5.77382998017129e-05,1.93409609794617,0.603561758995056,-0.19247730076313,0,0,0,0,0,0
2.41,2.99991941452026,-0.849854648113251,-0.767703771591187,5.16273066750728e-05,0.00044112466275692,2.61788336501922e-05,1.93482446670532,0.602546036243439,-0.196213036775589,0,0,0,0,0,0
2.4125,2.99991965293884,-0.849853336811066,-0.767703711986542,9.06577042769641e-05,0.000607694499194622,5.43491842108779e-05,1.9352935552597,0.601706385612488,-0.19979265332222,0,0,0,0,0,0
2.415,2.99991989135742,-0.849851608276367,-0.767703592777252,0.000109464672277682,0.000771164603065699,6.54833347653039e-05,1.93474566936493,0.601328134536743,-0.20292404294014,0,0,0,0,0,0
2.4175,2.99992036819458,-0.849849462509155,-0.767703413963318,0.000150156178278849,0.000924250052776188,6.03036896791309e-05,1.89896619319916,0.567343771457672,-0.401844143867493,0,0,0,0,0,0
2.42,2.99992060661316,-0.849846959114075,-0.767703235149384,0.000163014585268684,0.00114731455687433,0.000106986044556834,1.89750921726227,0.566782414913177,-0.405772566795349,0,0,0,0,0,0
2.4225,2.99993419647217,-0.849799633026123,-0.767708897590637,0.000187306213774718,0.00133810541592538,0.000100466044386849,1.89636063575745,0.566057682037354,-0.409673750400543,0,0,0,0,0,0
2.425,2.99993467330933,-0.849796056747437,-0.767708659172058,0.000176410685526207,0.00150299293454736,0.000103654892882332,1.89539098739624,0.565075099468231,-0.413032025098801,0,0,0,0,0,0
2.4275,2.99993515014648,-0.849792063236237,-0.767708361148834,0.000213096718653105,0.00165875582024455,0.000103075537481345,1.8969703912735,0.520090341567993,-0.572907388210297,0,0,0,0,0,0
2.43,2.99993562698364,-0.849787771701813,-0.767708122730255,0.000174793472979218,0.00181736843660474,0.000129292049678043,1.89578151702881,0.518348693847656,-0.576635122299194,0,0,0,0,0,0
2.4325,2.9999361038208,-0.849783062934875,-0.767707765102386,0.000156512018293142,0.00197823089547455,0.000147086408105679,1.89385461807251,0.516807854175568,-0.580313861370087,0,0,0,0,0,0
2.435,2.99993634223938,-0.849777936935425,-0.767707407474518,0.000162922151503153,0.00213451823219657,0.000171343112015165,1.89140486717224,0.515586733818054,-0.583303153514862,0,0,0,0,0,0
2.4375,2.99993681907654,-0.849772393703461,-0.76770693063736,0.000148278020787984,0.00231496221385896,0.000217840701225214,1.92333495616913,0.478385448455811,-0.549744725227356,0,0,0,0,0,0
2.44,2.99993705749512,-0.849766373634338,-0.767706334590912,0.000120031174446922,0.00247461488470435,0.000255402352195233,1.92202544212341,0.477744311094284,-0.552449882030487,0,0,0,0,0,0
2.4425,2.9999372959137,-0.849759995937347,-0.767705678939819,8.82404419826344e-05,0.00261995894834399,0.00035444024251774,1.92115783691406,0.477379471063614,-0.555413424968719,0,0,0,0,0,0
2.445,2.9999372959137,-0.849753260612488,-0.767704665660858,0.000149832005263306,0.00279522524215281,0.000404522434109822,1.92022085189819,0.476823568344116,-0.558539927005768,0,0,0,0,0,0
2.4475,2.99994945526123,-0.849721491336823,-0.767721891403198,0.000154354114783928,0.00292555335909128,0.000476054381579161,1.90190124511719,0.490229427814484,-0.671556770801544,0,0,0,0,0,0
2.45,2.99994969367981,-0.849714040756226,-0.767720580101013,0.000132883345941082,0.00316007388755679,0.000531189842149615,1.90057098865509,0.489039480686188,-0.674656450748444,0,0,0,0,0,0
2.4525,2.99994993209839,-0.849705815315247,-0.767719209194183,0.000178156260517426,0.00330875325016677,0.000541309476830065,1.89886927604675,0.487624883651733,-0.678274273872375,0,0,0,0,0,0
2.455,2.99995040893555,-0.849697351455688,-0.767717838287354,0.000218274275539443,0.00349321332760155,0.000558448198717088,1.89663112163544,0.4865982234478,-0.681941747665405,0,0,0,0,0,0
2.4575,2.99995088577271,-0.849688351154327,-0.767716407775879,0.000207724689971656,0.00366075779311359,0.000608922622632235,1.86518251895905,0.528219223022461,-0.844796419143677,0,0,0,0,0,0
2.46,2.99995136260986,-0.849678993225098,-0.767714858055115,0.000303100649034604,0.00389024848118424,0.000686893821693957,1.86334669589996,0.528445184230804,-0.848127484321594,0,0,0,0,0,0
2.4625,2.99995231628418,-0.849668979644775,-0.767713069915771,0.000360978185199201,0.00407663360238075,0.000755930319428444,1.86197531223297,0.528163015842438,-0.851628005504608,0,0,0,0,0,0
2.465,2.9999532699585,-0.849658608436584,-0.767711043357849,0.000429998355684802,0.00427296897396445,0.000810928759165108,1.86092174053192,0.527243912220001,-0.855194866657257,0,0,0,0,0,0
2.4675,2.99995446205139,-0.849647641181946,-0.767708957195282,0.00047413696302101,0.00444647064432502,0.000867793976794928,1.83320832252502,0.568302273750305,-1.06446254253387,0,0,0,0,0,0
2.47,2.99995565414429,-0.849636316299438,-0.767706692218781,0.000522110727615654,0.00464609870687127,0.000900055572856218,1.83049440383911,0.566438734531403,-1.06738603115082,0,0,0,0,0,0
2.4725,2.99996829032898,-0.849582374095917,-0.767698884010315,0.000516552769113332,0.00495732901617885,0.000950902758631855,1.82760155200958,0.565041363239288,-1.06987333297729,0,0,0,0,0,0
2.475,2.99996948242188,-0.84956955909729,-0.767696440219879,0.000546671624761075,0.00518472911790013,0.00101314671337605,1.82496917247772,0.56447297334671,-1.07239019870758,0,0,0,0,0,0
2.4775,2.99997091293335,-0.84955632686615,-0.767693817615509,0.000519069260917604,0.00541023537516594,0.00102282175794244,1.7924976348877,0.610113024711609,-1.31619620323181,0,0,0,0,0,0
2.48,2.99997210502625,-0.849542558193207,-0.767691254615784,0.000574422942008823,0.00562421372160316,0.00100856553763151,1.79025280475616,0.609927952289581,-1.3197203874588,0,0,0,0,0,0
2.4825,2.99997353553772,-0.849528193473816,-0.767688751220703,0.000602858955971897,0.0058876252733171,0.00100915913935751,1.78760945796967,0.609386384487152,-1.32340514659882,0,0,0,0,0,0
2.485,2.99997496604919,-0.849513173103333,-0.767686247825623,0.000661707774270326,0.00609247293323278,0.000988516956567764,1.78464019298553,0.608174204826355,-1.32709991931915,0,0,0,0,0,0
2.4875,2.99997663497925,-0.849497675895691,-0.767683804035187,0.000744501710869372,0.00633332505822182,0.000994726549834013,1.82749950885773,0.617322862148285,-1.58748948574066,0,0,0,0,0,0
2.49,2.99997878074646,-0.849481582641602,-0.767681300640106,0.000804286159109324,0.00656716292724013,0.000982557656243443,1.82483851909637,0.617016494274139,-1.59096014499664,0,0,0,0,0,0
2.4925,2.99998092651367,-0.849464893341064,-0.76767885684967,0.000851312419399619,0.00675277505069971,0.0010062528308481,1.82246267795563,0.617638409137726,-1.59408462047577,0,0,0,0,0,0
2.495,2.99998307228088,-0.849447786808014,-0.76767635345459,0.000960310630034655,0.00696462811902165,0.000990583910606802,1.82043385505676,0.618544518947601,-1.59743309020996,0,0,0,0,0,0
2.4975,2.99998736381531,-0.849404215812683,-0.767671644687653,0.000981433433480561,0.00720887910574675,0.00104775268118829,1.86270999908447,0.660939455032349,-1.66812384128571,0,0,0,0,0,0
2.5,2.9999897480011,-0.849385857582092,-0.767668962478638,0.00107079755980521,0.00741668278351426,0.00108365609776229,1.86102545261383,0.661139369010925,-1.67281055450439,0,0,0,0,0,0
2.5025,2.99999260902405,-0.849367022514343,-0.767666220664978,0.00114396086428314,0.00763430306687951,0.00110105471685529,1.85905921459198,0.660442054271698,-1.67778587341309,0,0,0,0,0,0
2.505,2.999995470047,-0.849347710609436,-0.767663478851318,0.00121838168706745,0.00784029997885227,0.00111859873868525,1.85684025287628,0.659508764743805,-1.68249869346619,0,0,0,0,0,0
2.5075,2.99999856948853,-0.849327862262726,-0.767660677433014,0.00126050668768585,0.00808057188987732,0.00111994333565235,1.87192368507385,0.695079982280731,-1.64172518253326,0,0,0,0,0,0
2.51,3.00000190734863,-0.849307358264923,-0.767657876014709,0.00134044128935784,0.0083116265013814,0.00113412097562104,1.8712215423584,0.69442754983902,-1.64552295207977,0,0,0,0,0,0
2.5125,3.00000524520874,-0.849286258220673,-0.76765501499176,0.00140852760523558,0.00850219558924437,0.00116956187412143,1.87130808830261,0.692981421947479,-1.64872395992279,0,0,0,0,0,0
2.515,3.00000882148743,-0.849264740943909,-0.767652034759521,0.0014554385561496,0.00873319618403912,0.00118895957712084,1.8713436126709,0.691309571266174,-1.65158367156982,0,0,0,0,0,0
2.5175,3.00001263618469,-0.849242627620697,-0.767649054527283,0.00151789153460413,0.00892582070082426,0.00120518286712468,1.91047585010529,0.735463082790375,-1.54468703269958,0,0,0,0,0,0
2.52,3.00001645088196,-0.849220037460327,-0.767646014690399,0.00159784534480423,0.0091285016387701,0.00119659153278917,1.90818822383881,0.734604239463806,-1.54736137390137,0,0,0,0,0,0
2.5225,3.0000205039978,-0.849196970462799,-0.76764303445816,0.00168008718173951,0.00934710167348385,0.00121803127694875,1.90554320812225,0.733848631381989,-1.54982852935791,0,0,0,0,0,0
2.525,3.00002479553223,-0.849173307418823,-0.767639935016632,0.00174498953856528,0.00952282641083002,0.00124229991342872,1.90258717536926,0.733370900154114,-1.55294549465179,0,0,0,0,0,0
2.5275,3.00002908706665,-0.849149286746979,-0.767636835575104,0.00183186016511172,0.00972902588546276,0.00126518332399428,1.96634697914124,0.731041133403778,-1.4695965051651,0,0,0,0,0,0
2.53,3.00003385543823,-0.849124729633331,-0.767633616924286,0.00184562255162746,0.00990166980773211,0.00129593326710165,1.963019490242,0.730248272418976,-1.47412383556366,0,0,0,0,0,0
2.5325,3.00003838539124,-0.84909975528717,-0.767630338668823,0.00189602817408741,0.0100529147312045,0.00133025122340769,1.96023035049438,0.729254901409149,-1.47875714302063,0,0,0,0,0,0
2.535,3.00004315376282,-0.849074482917786,-0.767626941204071,0.00199051224626601,0.0102269761264324,0.00136173435021192,1.95728397369385,0.72851175069809,-1.4835923910141,0,0,0,0,0,0
2.5375,3.00004816055298,-0.849048733711243,-0.767623484134674,0.00206664856523275,0.0103518143296242,0.0013748473720625,1.96013557910919,0.715571582317352,-1.35808956623077,0,0,0,0,0,0
2.54,3.0000536441803,-0.849022686481476,-0.767620086669922,0.0021340895909816,0.0104900766164064,0.00139420107007027,1.9574408531189,0.713270127773285,-1.36295831203461,0,0,0,0,0,0
2.5425,3.00005912780762,-0.84899628162384,-0.76761656999588,0.00216762302443385,0.0106021100655198,0.00142626592423767,1.95467567443848,0.711354553699493,-1.36708831787109,0,0,0,0,0,0
2.545,3.00006461143494,-0.848969638347626,-0.767612934112549,0.00222601601853967,0.0107215791940689,0.00144812057260424,1.95156288146973,0.710611641407013,-1.37073183059692,0,0,0,0,0,0
2.5475,3.00004506111145,-0.848987460136414,-0.76763254404068,0.0022221168037504,0.0106146857142448,0.00134253455325961,1.91544222831726,0.684650421142578,-1.25110995769501,0,0,0,0,0,0
2.55,3.00005054473877,-0.848961055278778,-0.767629325389862,0.00225931056775153,0.0107550267130136,0.00133025599643588,1.91307437419891,0.685029089450836,-1.25466203689575,0,0,0,0,0,0
2.5525,3.00005626678467,-0.84893399477005,-0.767625987529755,0.00230745412409306,0.0109018618240952,0.00134372781030834,1.91083812713623,0.684808969497681,-1.25800049304962,0,0,0,0,0,0
2.555,3.00006198883057,-0.848906576633453,-0.767622590065002,0.00233161426149309,0.0110377361997962,0.00137094815727323,1.90828716754913,0.684165239334106,-1.26099669933319,0,0,0,0,0,0
2.5575,3.00006794929504,-0.848878860473633,-0.767619132995605,0.00236693304032087,0.0111728878691792,0.00137911038473248,1.91498398780823,0.65786737203598,-1.14637315273285,0,0,0,0,0,0
2.56,3.00007390975952,-0.848850727081299,-0.767615675926208,0.0023871383164078,0.0113115338608623,0.00140049180481583,1.91128134727478,0.655803918838501,-1.15000593662262,0,0,0,0,0,0
2.5625,3.00008010864258,-0.848822236061096,-0.767612159252167,0.00240432214923203,0.0114362416788936,0.00138125848025084,1.90781021118164,0.653185486793518,-1.15410649776459,0,0,0,0,0,0
2.565,3.00008606910706,-0.84879344701767,-0.76760870218277,0.00248502450995147,0.011556982062757,0.0014504655264318,1.90509724617004,0.650397598743439,-1.15811371803284,0,0,0,0,0,0
2.5675,3.00009226799011,-0.848764419555664,-0.767605006694794,0.0025381175801158,0.0117032276466489,0.00147626956459135,1.87303066253662,0.632441103458405,-1.20486176013947,0,0,0,0,0,0
2.57,3.00009870529175,-0.848734974861145,-0.767601251602173,0.00256350939162076,0.0118238525465131,0.00150890788063407,1.87056708335876,0.630807757377625,-1.20860946178436,0,0,0,0,0,0
2.5725,3.00010371208191,-0.848734498023987,-0.767607569694519,0.00259522185660899,0.0117995338514447,0.0015521221794188,1.8676210641861,0.629767000675201,-1.21201908588409,0,0,0,0,0,0
2.575,3.00011038780212,-0.848705053329468,-0.767603635787964,0.00262395828031003,0.011912408284843,0.00159783894196153,1.86449420452118,0.628568828105927,-1.21508538722992,0,0,0,0,0,0
2.5775,3.00011682510376,-0.848675131797791,-0.767599582672119,0.00271134660579264,0.0120539721101522,0.00163051416166127,1.86354923248291,0.588792502880096,-1.24782049655914,0,0,0,0,0,0
2.58,3.00012373924255,-0.848644852638245,-0.76759546995163,0.00271242880262434,0.0121740326285362,0.00164091878104955,1.86031448841095,0.586895406246185,-1.2499760389328,0,0,0,0,0,0
2.5825,3.00013065338135,-0.848614275455475,-0.76759135723114,0.00274604768492281,0.0122955748811364,0.0016576104098931,1.85687398910522,0.585730373859406,-1.25213205814362,0,0,0,0,0,0
2.585,3.00013756752014,-0.848583340644836,-0.767587184906006,0.00277259037829936,0.0124429427087307,0.00166906765662134,1.85268259048462,0.585053026676178,-1.25462687015533,0,0,0,0,0,0
2.5875,3.00014472007751,-0.848552048206329,-0.767583012580872,0.00281345867551863,0.0125416871160269,0.00173242145683616,1.85795998573303,0.538932144641876,-1.3223432302475,0,0,0,0,0,0
2.59,3.00015163421631,-0.848520576953888,-0.767578601837158,0.00282204290851951,0.012668521143496,0.00173160375561565,1.854243516922,0.537135660648346,-1.32603049278259,0,0,0,0,0,0
2.5925,3.0001585483551,-0.848488748073578,-0.76757425069809,0.00285233906470239,0.012780231423676,0.00173597747925669,1.85105168819427,0.535189688205719,-1.33076643943787,0,0,0,0,0,0
2.595,3.00016570091248,-0.848456680774689,-0.767569899559021,0.00292113912291825,0.0129345348104835,0.00179031910374761,1.84789657592773,0.533203661441803,-1.33592092990875,0,0,0,0,0,0
2.5975,3.00017309188843,-0.848424136638641,-0.767565310001373,0.0030163386836648,0.013066983781755,0.00177649443503469,1.8294335603714,0.485623627901077,-1.4118537902832,0,0,0,0,0,0
2.6,3.00018072128296,-0.84839129447937,-0.76756089925766,0.00307071371935308,0.0131997400894761,0.00178159773349762,1.82563555240631,0.483041495084763,-1.41631460189819,0,0,0,0,0,0
2.6025,3.00018835067749,-0.848358154296875,-0.767556428909302,0.00308578158728778,0.0133244413882494,0.00180893123615533,1.8220249414444,0.480181187391281,-1.41986465454102,0,0,0,0,0,0
2.605,3.0001962184906,-0.848324716091156,-0.767551839351654,0.00311877555213869,0.013490030542016,0.00184898439329118,1.81852805614471,0.477485239505768,-1.42258274555206,0,0,0,0,0,0
2.6075,3.00020408630371,-0.848290741443634,-0.767547190189362,0.00311871757730842,0.0136378398165107,0.00190883467439562,1.85215866565704,0.445068299770355,-1.39621245861053,0,0,0,0,0,0
2.61,3.00021195411682,-0.848256468772888,-0.767542362213135,0.00307880179025233,0.0137638198211789,0.00195470033213496,1.84876334667206,0.443825304508209,-1.39932501316071,0,0,0,0,0,0
2.6125,3.00021958351135,-0.848221898078918,-0.767537415027618,0.00306450645439327,0.0138919549062848,0.00199098628945649,1.84515380859375,0.442587584257126,-1.40347969532013,0,0,0,0,0,0
2.615,3.00022721290588,-0.848187029361725,-0.767532408237457,0.00302932225167751,0.0140244048088789,0.00204398902133107,1.84123647212982,0.440807968378067,-1.40805053710938,0,0,0,0,0,0
2.6175,3.00023484230042,-0.848151803016663,-0.767527222633362,0.00304895173758268,0.014194417744875,0.00206715380772948,1.86778080463409,0.398030281066895,-1.35351932048798,0,0,0,0,0,0
2.62,3.00024247169495,-0.848116099834442,-0.767522037029266,0.00301485182717443,0.014334000647068,0.00210527703166008,1.86465680599213,0.396109163761139,-1.35772979259491,0,0,0,0,0,0
2.6225,3.0002498626709,-0.848080098628998,-0.767516732215881,0.00297283008694649,0.0144908763468266,0.00212889700196683,1.86187219619751,0.393702894449234,-1.36182367801666,0,0,0,0,0,0
2.625,3.00025725364685,-0.84804368019104,-0.767511367797852,0.00294615351594985,0.0146260662004352,0.00219009420834482,1.8591628074646,0.390772074460983,-1.36572551727295,0,0,0,0,0,0
2.6275,3.00026440620422,-0.848006963729858,-0.767505824565887,0.00297063728794456,0.014799453318119,0.00227256072685122,1.89878106117249,0.349041432142258,-1.23187148571014,0,0,0,0,0,0
2.63,3.00027203559875,-0.847969770431519,-0.767500042915344,0.00292722415179014,0.0149344075471163,0.00230612163431942,1.89541554450989,0.346930354833603,-1.23578274250031,0,0,0,0,0,0
2.6325,3.00027918815613,-0.84793221950531,-0.767494261264801,0.00292509025894105,0.015084327198565,0.00235326192341745,1.89178740978241,0.344783186912537,-1.23955523967743,0,0,0,0,0,0
2.635,3.00028657913208,-0.847894310951233,-0.767488300800323,0.00295036216266453,0.0152519652619958,0.00234321737661958,1.88782954216003,0.342297226190567,-1.24316811561584,0,0,0,0,0,0
2.6375,3.00029397010803,-0.847855925559998,-0.767482459545135,0.00291425990872085,0.0153293078765273,0.00239520566537976,1.91570520401001,0.320277452468872,-1.12379860877991,0,0,0,0,0,0
2.64,3.00030136108398,-0.847817540168762,-0.767476379871368,0.00290336762554944,0.0154037345200777,0.0023973360657692,1.91214883327484,0.318029284477234,-1.12844014167786,0,0,0,0,0,0
2.6425,3.00030875205994,-0.847778916358948,-0.767470359802246,0.00287788198329508,0.0155229540541768,0.00240579270757735,1.9088876247406,0.315734535455704,-1.13313794136047,0,0,0,0,0,0
2.645,3.00031590461731,-0.847739934921265,-0.767464339733124,0.00282884249463677,0.0156637635082006,0.00241140392608941,1.90581142902374,0.313733637332916,-1.13745880126953,0,0,0,0,0,0
2.6475,3.00030136108398,-0.84758734703064,-0.767493009567261,0.00262710871174932,0.0163633674383163,0.00220911856740713,1.90736556053162,0.284123331308365,-1.10537469387054,0,0,0,0,0,0
2.65,3.00030755996704,-0.847545564174652,-0.767487764358521,0.00255405530333519,0.0164848007261753,0.00219446769915521,1.90437114238739,0.28150075674057,-1.10930120944977,0,0,0,0,0,0
2.6525,3.0003137588501,-0.847504198551178,-0.767482280731201,0.00251666735857725,0.0165732577443123,0.00214289175346494,1.90123009681702,0.278647482395172,-1.11312210559845,0,0,0,0,0,0
2.655,3.00032019615173,-0.84746265411377,-0.767476975917816,0.00246254494413733,0.0167478490620852,0.0021275591570884,1.8973947763443,0.275892436504364,-1.11678647994995,0,0,0,0,0,0
2.6575,3.00032639503479,-0.847420573234558,-0.767471671104431,0.00244169100187719,0.0168690644204617,0.00206421595066786,1.90270912647247,0.243353664875031,-1.18345737457275,0,0,0,0,0,0
2.66,3.00033235549927,-0.847378253936768,-0.767466604709625,0.00239492929540575,0.0169884022325277,0.00205388176254928,1.89849507808685,0.240978091955185,-1.18712329864502,0,0,0,0,0,0
2.6625,3.00033831596375,-0.847335636615753,-0.767461478710175,0.00233126059174538,0.0170954801142216,0.00199943408370018,1.89497900009155,0.238827899098396,-1.190873503685,0,0,0,0,0,0
2.665,3.00034403800964,-0.847292721271515,-0.767456531524658,0.00228927051648498,0.0172128733247519,0.0019227706361562,1.89158892631531,0.236930161714554,-1.19395589828491,0,0,0,0,0,0
2.6675,3.00034976005554,-0.847249567508698,-0.767451822757721,0.00224421755410731,0.0173040609806776,0.00183192838449031,1.86599254608154,0.213865265250206,-1.18587255477905,0,0,0,0,0,0
2.67,3.00035524368286,-0.847206175327301,-0.767447352409363,0.00215528160333633,0.0174742974340916,0.0017706846119836,1.86235821247101,0.212121337652206,-1.18965840339661,0,0,0,0,0,0
2.6725,3.0003604888916,-0.847162306308746,-0.767443001270294,0.0020962709095329,0.017613623291254,0.00168291677255183,1.85793483257294,0.210605040192604,-1.19371652603149,0,0,0,0,0,0
2.675,3.00036573410034,-0.847118079662323,-0.767438888549805,0.00205698562785983,0.0177261643111706,0.00168197986204177,1.85316371917725,0.208873808383942,-1.19756519794464,0,0,0,0,0,0
